"source_id","file_id","team","lineup","num_players","start_seconds","end_seconds","duration","pts_for","pts_against","plus_minus"
"2018-19","9885","Coppin State","Brooke Fields|Chance Graham|E'Mya Price|Jalynda Salley|Maraiyah Smith",5,0,199,199,6,14,-8
"2018-19","9885","Maryland","Brianna Fraser|Channise Lewis|Kaila Charles|Stephanie Jones|Taylor Mikesell",5,0,199,199,14,6,8
"2018-19","9885","Maryland","Blair Watson|Brianna Fraser|Kaila Charles|Shakira Austin|Taylor Mikesell",5,199,317,118,6,4,2
"2018-19","9885","Coppin State","Brooke Fields|Chance Graham|E'Mya Price|Jalynda Salley|Kaiya Coleman",5,199,398,199,4,8,-4
"2018-19","9885","Maryland","Blair Watson|Kaila Charles|Sara Vujacic|Shakira Austin|Taylor Mikesell",5,317,398,81,2,0,2
"2018-19","9885","Maryland","Blair Watson|Channise Lewis|Sara Vujacic|Shakira Austin|Stephanie Jones",5,398,600,202,9,3,6
"2018-19","9885","Coppin State","Brooke Fields|Chance Graham|E'Mya Price|Kaiya Coleman|Oluwadamilola Oloyed",5,398,740,342,3,14,-11
"2018-19","9885","Coppin State","Brooke Fields|Chance Graham|Kaiya Coleman|Oluwadamilola Oloyed|Tsahai Corbie",5,740,815,75,0,2,-2
"2018-19","9885","Maryland","Brianna Fraser|Channise Lewis|Kaila Charles|Sara Vujacic",4,600,815,215,7,0,7
"2018-19","9885","Maryland","Blair Watson|Channise Lewis|Sara Vujacic|Shakira Austin|Stephanie Jones",5,815,863,48,3,0,3
"2018-19","9885","Coppin State","Chance Graham|E'Mya Price|Kaiya Coleman|Oluwadamilola Oloyed|Tsahai Corbie",5,815,976,161,3,3,0
"2018-19","9885","Maryland","Blair Watson|Sara Vujacic|Sarah Myers|Shakira Austin|Stephanie Jones",5,863,976,113,0,3,-3
"2018-19","9885","Coppin State","Brooke Fields|Chance Graham|E'Mya Price|Kaiya Coleman|Oluwadamilola Oloyed|Tsahai Corbie",6,976,991,15,0,1,-1
"2018-19","9885","Maryland","Blair Watson|Olivia Owens|Sara Vujacic|Sarah Myers|Shakira Austin",5,976,1000,24,1,1,0
"2018-19","9885","Coppin State","Chance Graham|E'Mya Price|Kaiya Coleman|Maraiyah Smith|Oluwadamilola Oloyed|Tsahai Corbie",6,991,1096,105,4,4,0
"2018-19","9885","Coppin State","Chance Graham|Kaiya Coleman|Maraiyah Smith|Oluwadamilola Oloyed|Tsahai Corbie",5,1096,1113,17,0,0,0
"2018-19","9885","Coppin State","Brooke Fields|Chance Graham|Kaiya Coleman|Oluwadamilola Oloyed|Tsahai Corbie",5,1113,1123,10,0,2,-2
"2018-19","9885","Maryland","Blair Watson|Olivia Owens|Sara Vujacic|Sarah Myers|Shakira Austin",5,1000,1200,200,6,3,3
"2018-19","9885","Coppin State","Brooke Fields|Chance Graham|Kaiya Coleman|Oluwadamilola Oloyed|Tsahai Corbie",5,1123,1200,77,0,0,0
"2018-19","9885","Coppin State","Brooke Fields|Chance Graham|E'Mya Price|Jalynda Salley|Kaiya Coleman",5,1200,1242,42,2,2,0
"2018-19","9885","Maryland","Brianna Fraser|Channise Lewis|Kaila Charles|Stephanie Jones|Taylor Mikesell",5,1200,1404,204,10,5,5
"2018-19","9885","Coppin State","Brooke Fields|Chance Graham|E'Mya Price|Kaiya Coleman|Oluwadamilola Oloyed",5,1242,1483,241,3,10,-7
"2018-19","9885","Maryland","Blair Watson|Brianna Fraser|Channise Lewis|Kaila Charles|Stephanie Jones",5,1404,1487,83,2,0,2
"2018-19","9885","Maryland","Blair Watson|Brianna Fraser|Channise Lewis|Kaila Charles|Shakira Austin",5,1487,1506,19,0,1,-1
"2018-19","9885","Coppin State","Chance Graham|E'Mya Price|Kaiya Coleman|Oluwadamilola Oloyed",4,1483,1602,119,1,3,-2
"2018-19","9885","Maryland","Blair Watson|Channise Lewis|Kaila Charles|Sara Vujacic|Shakira Austin",5,1506,1602,96,3,0,3
"2018-19","9885","Maryland","Blair Watson|Channise Lewis|Sara Vujacic|Shakira Austin|Stephanie Jones",5,1602,1644,42,2,0,2
"2018-19","9885","Maryland","Blair Watson|Sara Vujacic|Sarah Myers|Shakira Austin|Stephanie Jones",5,1644,1727,83,0,2,-2
"2018-19","9885","Coppin State","Chance Graham|E'Mya Price|Jalynda Salley|Kaiya Coleman",4,1602,1744,142,3,5,-2
"2018-19","9885","Maryland","Brianna Fraser|Olivia Owens|Sarah Myers|Stephanie Jones|Taylor Mikesell",5,1727,1800,73,7,4,3
"2018-19","9885","Coppin State","Diamond Adams|Jalynda Salley|Kaiya Coleman|Oluwadamilola Oloyed",4,1744,1800,56,3,4,-1
"2018-19","9885","Maryland","Kaila Charles|Olivia Owens|Sarah Myers|Taylor Mikesell",4,1800,2009,209,7,0,7
"2018-19","9885","Maryland","Olivia Owens|Sara Vujacic|Sarah Myers|Shakira Austin|Taylor Mikesell",5,2009,2044,35,0,2,-2
"2018-19","9885","Maryland","Olivia Owens|Sara Vujacic|Sarah Myers|Shakira Austin",4,2044,2074,30,1,0,1
"2018-19","9885","Maryland","Brianna Fraser|Olivia Owens|Sara Vujacic|Sarah Myers|Shakira Austin",5,2074,2126,52,4,0,4
"2018-19","9885","Maryland","Olivia Owens|Sara Vujacic|Sarah Myers|Shakira Austin",4,2126,2189,63,3,0,3
"2018-19","9885","Coppin State","Chance Graham|E'Mya Price|Jalynda Salley|Kaiya Coleman|Maraiyah Smith",5,1800,2292,492,4,18,-14
"2018-19","9885","Coppin State","Chance Graham|E'Mya Price|Kaiya Coleman|Maraiyah Smith|Oluwadamilola Oloyed",5,2292,2387,95,0,3,-3
"2018-19","9885","Maryland","Sara Vujacic|Sarah Myers|Shakira Austin|Stephanie Jones",4,2189,2400,211,6,2,4
"2018-19","9885","Coppin State","E'Mya Price|Kaiya Coleman|Maraiyah Smith|Oluwadamilola Oloyed|Tsahai Corbie",5,2387,2400,13,0,0,0
"2018-19","9886","Maryland","Brianna Fraser|Channise Lewis|Kaila Charles|Stephanie Jones|Taylor Mikesell",5,0,178,178,5,8,-3
"2018-19","9886","Maryland","Blair Watson|Brianna Fraser|Channise Lewis|Kaila Charles|Stephanie Jones",5,178,266,88,2,0,2
"2018-19","9886","Dayton","Araion Bradshaw|Jayla Scaife|Jordan Wilmoth|Julia Chandler|Lauren Cannatelli",5,0,348,348,8,15,-7
"2018-19","9886","Maryland","Blair Watson|Channise Lewis|Kaila Charles|Stephanie Jones|Taylor Mikesell",5,266,358,92,8,0,8
"2018-19","9886","Dayton","Brittany Ward|Jayla Scaife|Jenna Giacone|Julia Chandler|Shakeela Fowler",5,348,362,14,0,0,0
"2018-19","9886","Dayton","Brittany Ward|Jayla Scaife|Jenna Giacone|Jordan Wilmoth|Shakeela Fowler",5,362,375,13,0,0,0
"2018-19","9886","Maryland","Blair Watson|Channise Lewis|Shakira Austin|Stephanie Jones|Taylor Mikesell",5,358,417,59,0,0,0
"2018-19","9886","Dayton","Brittany Ward|Jayla Scaife|Jordan Wilmoth|Lauren Cannatelli|Shakeela Fowler",5,375,458,83,0,2,-2
"2018-19","9886","Dayton","Araion Bradshaw|Brittany Ward|Jayla Scaife|Lauren Cannatelli",4,458,465,7,3,1,2
"2018-19","9886","Dayton","Araion Bradshaw|Brittany Ward|Jayla Scaife|Jordan Wilmoth|Julia Chandler|Lauren Cannatelli",6,465,484,19,0,3,-3
"2018-19","9886","Dayton","Araion Bradshaw|Brittany Ward|Jordan Wilmoth|Julia Chandler|Lauren Cannatelli|Tiaera Phillips",6,484,530,46,0,2,-2
"2018-19","9886","Maryland","Blair Watson|Kaila Charles|Shakira Austin|Stephanie Jones|Taylor Mikesell",5,417,530,113,8,3,5
"2018-19","9886","Maryland","Brianna Fraser|Kaila Charles|Sara Vujacic|Shakira Austin|Taylor Mikesell",5,530,600,70,5,0,5
"2018-19","9886","Dayton","Araion Bradshaw|Brittany Ward|Jenna Giacone|Jordan Wilmoth|Julia Chandler|Lauren Cannatelli",6,530,600,70,0,5,-5
"2018-19","9886","Dayton","Araion Bradshaw|Jayla Scaife|Jordan Wilmoth|Julia Chandler|Kyla Whitehead|Lauren Cannatelli",6,600,604,4,0,0,0
"2018-19","9886","Dayton","Araion Bradshaw|Jenna Giacone|Jordan Wilmoth|Julia Chandler|Kyla Whitehead|Lauren Cannatelli",6,604,611,7,0,2,-2
"2018-19","9886","Dayton","Araion Bradshaw|Jayla Scaife|Jordan Wilmoth|Julia Chandler|Kyla Whitehead|Lauren Cannatelli",6,611,667,56,0,0,0
"2018-19","9886","Maryland","Brianna Fraser|Channise Lewis|Kaila Charles|Shakira Austin|Taylor Mikesell",5,600,759,159,6,1,5
"2018-19","9886","Maryland","Blair Watson|Brianna Fraser|Channise Lewis|Shakira Austin",4,759,825,66,0,2,-2
"2018-19","9886","Dayton","Araion Bradshaw|Jayla Scaife|Julia Chandler|Kyla Whitehead|Lauren Cannatelli|Maddy Dennis",6,667,861,194,3,6,-3
"2018-19","9886","Maryland","Kaila Charles|Sarah Myers|Shakira Austin|Taylor Mikesell",4,825,1048,223,5,11,-6
"2018-19","9886","Maryland","Brianna Fraser|Kaila Charles|Sarah Myers|Taylor Mikesell",4,1048,1113,65,0,2,-2
"2018-19","9886","Maryland","Kaila Charles|Sarah Myers|Shakira Austin|Taylor Mikesell",4,1113,1200,87,4,0,4
"2018-19","9886","Dayton","Araion Bradshaw|Jayla Scaife|Julia Chandler|Kyla Whitehead|Lauren Cannatelli",5,861,1200,339,13,7,6
"2018-19","9886","Dayton","Araion Bradshaw|Jayla Scaife|Jordan Wilmoth|Julia Chandler|Lauren Cannatelli",5,1200,1289,89,6,4,2
"2018-19","9886","Maryland","Brianna Fraser|Channise Lewis|Kaila Charles|Stephanie Jones|Taylor Mikesell",5,1200,1344,144,4,11,-7
"2018-19","9886","Dayton","Araion Bradshaw|Brittany Ward|Jayla Scaife|Julia Chandler|Lauren Cannatelli",5,1289,1538,249,10,15,-5
"2018-19","9886","Maryland","Blair Watson|Channise Lewis|Kaila Charles|Stephanie Jones|Taylor Mikesell",5,1344,1601,257,19,8,11
"2018-19","9886","Maryland","Blair Watson|Channise Lewis|Kaila Charles|Shakira Austin|Taylor Mikesell",5,1601,1669,68,3,3,0
"2018-19","9886","Dayton","Jayla Scaife|Julia Chandler|Kyla Whitehead|Lauren Cannatelli|Shakeela Fowler",5,1538,1800,262,10,9,1
"2018-19","9886","Maryland","Brianna Fraser|Channise Lewis|Kaila Charles|Shakira Austin|Taylor Mikesell",5,1669,1800,131,2,4,-2
"2018-19","9886","Dayton","Jordan Wilmoth|Julia Chandler|Kyla Whitehead|Lauren Cannatelli|Tiaera Phillips",5,1800,1898,98,0,3,-3
"2018-19","9886","Dayton","Julia Chandler|Kyla Whitehead|Lauren Cannatelli|Maddy Dennis",4,1898,2116,218,9,6,3
"2018-19","9886","Dayton","Brittany Ward|Julia Chandler|Kyla Whitehead|Lauren Cannatelli",4,2116,2234,118,5,0,5
"2018-19","9886","Maryland","Blair Watson|Brianna Fraser|Channise Lewis|Shakira Austin|Taylor Mikesell",5,1800,2234,434,9,14,-5
"2018-19","9886","Dayton","Brittany Ward|Jayla Scaife|Julia Chandler|Kyla Whitehead|Lauren Cannatelli",5,2234,2246,12,0,2,-2
"2018-19","9886","Maryland","Channise Lewis|Kaila Charles|Sara Vujacic|Shakira Austin|Taylor Mikesell",5,2234,2332,98,2,4,-2
"2018-19","9886","Maryland","Blair Watson|Channise Lewis|Kaila Charles|Shakira Austin|Taylor Mikesell",5,2332,2400,68,0,0,0
"2018-19","9886","Dayton","Brittany Ward|Jayla Scaife|Kyla Whitehead|Lauren Cannatelli",4,2246,2400,154,4,0,4
"2018-19","9887","Maryland","Blair Watson|Channise Lewis|Kaila Charles|Stephanie Jones|Taylor Mikesell",5,0,91,91,2,3,-1
"2018-19","9887","George Washington","Chyna LATIMER|Kelsi MAHONEY|Mei-Lyn BAUTISTA|Neila LUMA|Sarah OVERCASH",5,0,220,220,6,6,0
"2018-19","9887","Maryland","Blair Watson|Brianna Fraser|Channise Lewis|Kaila Charles|Taylor Mikesell",5,91,300,209,9,5,4
"2018-19","9887","Maryland","Blair Watson|Brianna Fraser|Channise Lewis|Stephanie Jones|Taylor Mikesell",5,300,317,17,0,0,0
"2018-19","9887","George Washington","Kayla MOKWUAH|Kelsi MAHONEY|Lexus LEVY|Mei-Lyn BAUTISTA|Neila LUMA",5,220,343,123,2,5,-3
"2018-19","9887","Maryland","Blair Watson|Brianna Fraser|Channise Lewis|Kaila Charles|Stephanie Jones",5,317,382,65,2,0,2
"2018-19","9887","George Washington","Chyna LATIMER|Kayla MOKWUAH|Kelsi MAHONEY|Lexus LEVY|Mei-Lyn BAUTISTA",5,343,382,39,0,2,-2
"2018-19","9887","Maryland","Blair Watson|Brianna Fraser|Channise Lewis|Kaila Charles|Shakira Austin",5,382,477,95,2,0,2
"2018-19","9887","Maryland","Blair Watson|Kaila Charles|Shakira Austin|Stephanie Jones|Taylor Mikesell",5,477,535,58,3,0,3
"2018-19","9887","George Washington","Chyna LATIMER|Kayla MOKWUAH|Kelsi MAHONEY|Maddie LODER|Mei-Lyn BAUTISTA",5,382,535,153,0,5,-5
"2018-19","9887","Maryland","Kaila Charles|Sara Vujacic|Shakira Austin|Stephanie Jones|Taylor Mikesell",5,535,557,22,0,0,0
"2018-19","9887","George Washington","Chyna LATIMER|Lexus LEVY|Mei-Lyn BAUTISTA|Olivia GUMBS|Sarah OVERCASH",5,535,600,65,0,0,0
"2018-19","9887","Maryland","Brianna Fraser|Kaila Charles|Sara Vujacic|Shakira Austin|Taylor Mikesell",5,557,600,43,0,0,0
"2018-19","9887","Maryland","Brianna Fraser|Kaila Charles|Sara Vujacic|Shakira Austin|Taylor Mikesell",5,600,756,156,7,0,7
"2018-19","9887","George Washington","Chyna LATIMER|Kelsi MAHONEY|Lexus LEVY|Mei-Lyn BAUTISTA|Sarah OVERCASH",5,600,756,156,0,7,-7
"2018-19","9887","Maryland","Blair Watson|Channise Lewis|Kaila Charles|Shakira Austin|Stephanie Jones",5,756,815,59,0,2,-2
"2018-19","9887","Maryland","Blair Watson|Brianna Fraser|Channise Lewis|Kaila Charles|Shakira Austin",5,815,958,143,8,2,6
"2018-19","9887","George Washington","Kayla MOKWUAH|Kelsi MAHONEY|Maddie LODER|Mei-Lyn BAUTISTA|Neila LUMA",5,756,958,202,4,8,-4
"2018-19","9887","Maryland","Blair Watson|Brianna Fraser|Channise Lewis|Kaila Charles|Sara Vujacic",5,958,1100,142,2,2,0
"2018-19","9887","Maryland","Blair Watson|Channise Lewis|Kaila Charles|Sara Vujacic|Shakira Austin",5,1100,1152,52,0,0,0
"2018-19","9887","George Washington","Chyna LATIMER|Kelsi MAHONEY|Lexus LEVY|Maddie LODER|Sarah OVERCASH",5,958,1175,217,2,5,-3
"2018-19","9887","George Washington","Kayla MOKWUAH|Kelsi MAHONEY|Lexus LEVY|Maddie LODER|Sarah OVERCASH",5,1175,1200,25,1,2,-1
"2018-19","9887","Maryland","Channise Lewis|Kaila Charles|Sara Vujacic|Shakira Austin|Taylor Mikesell",5,1152,1200,48,5,1,4
"2018-19","9887","Maryland","Blair Watson|Channise Lewis|Kaila Charles|Stephanie Jones|Taylor Mikesell",5,1200,1293,93,0,0,0
"2018-19","9887","George Washington","Chyna LATIMER|Kelsi MAHONEY|Mei-Lyn BAUTISTA|Neila LUMA|Sarah OVERCASH",5,1200,1367,167,0,2,-2
"2018-19","9887","Maryland","Blair Watson|Brianna Fraser|Channise Lewis|Kaila Charles|Taylor Mikesell",5,1293,1449,156,4,0,4
"2018-19","9887","George Washington","Kelsi MAHONEY|Lexus LEVY|Mei-Lyn BAUTISTA|Neila LUMA|Sarah OVERCASH",5,1367,1449,82,0,2,-2
"2018-19","9887","Maryland","Brianna Fraser|Channise Lewis|Sara Vujacic|Shakira Austin|Taylor Mikesell",5,1449,1494,45,0,0,0
"2018-19","9887","George Washington","Kayla MOKWUAH|Kelsi MAHONEY|Lexus LEVY|Mei-Lyn BAUTISTA|Neila LUMA",5,1449,1494,45,0,0,0
"2018-19","9887","George Washington","Anna SAVINO|Kayla MOKWUAH|Lexus LEVY|Mei-Lyn BAUTISTA|Neila LUMA",5,1494,1540,46,0,4,-4
"2018-19","9887","Maryland","Channise Lewis|Sara Vujacic|Shakira Austin|Stephanie Jones|Taylor Mikesell",5,1494,1674,180,6,0,6
"2018-19","9887","George Washington","Anna SAVINO|Kayla MOKWUAH|Maddie LODER|Mei-Lyn BAUTISTA|Neila LUMA",5,1540,1674,134,0,2,-2
"2018-19","9887","George Washington","Anna SAVINO|Kayla MOKWUAH|Kelsi MAHONEY|Maddie LODER|Mei-Lyn BAUTISTA",5,1674,1800,126,3,4,-1
"2018-19","9887","Maryland","Sara Vujacic|Sarah Myers|Shakira Austin|Stephanie Jones|Taylor Mikesell",5,1674,1800,126,4,3,1
"2018-19","9887","George Washington","Anna SAVINO|Kayla MOKWUAH|Kelsi MAHONEY|Maddie LODER|Sarah OVERCASH",5,1800,1929,129,3,5,-2
"2018-19","9887","Maryland","Sara Vujacic|Sarah Myers|Shakira Austin|Stephanie Jones|Taylor Mikesell",5,1800,2006,206,5,3,2
"2018-19","9887","George Washington","Anna SAVINO|Kelsi MAHONEY|Maddie LODER|Neila LUMA|Sarah OVERCASH",5,1929,2006,77,0,0,0
"2018-19","9887","George Washington","Kayla MOKWUAH|Kelsi MAHONEY|Maddie LODER|Mei-Lyn BAUTISTA|Neila LUMA",5,2006,2104,98,0,4,-4
"2018-19","9887","Maryland","Brianna Fraser|Channise Lewis|Olivia Owens|Sara Vujacic|Sarah Myers",5,2006,2215,209,6,3,3
"2018-19","9887","George Washington","Anna SAVINO|Kelsi MAHONEY|Mei-Lyn BAUTISTA|Neila LUMA|Olivia GUMBS",5,2104,2215,111,3,2,1
"2018-19","9887","Maryland","Olivia Owens|Sara Vujacic|Sarah Myers|Shakira Austin|Taylor Mikesell",5,2215,2347,132,4,1,3
"2018-19","9887","George Washington","Anna SAVINO|Maddie LODER|Neila LUMA|Olivia GUMBS|Sarah OVERCASH",5,2215,2400,185,6,4,2
"2018-19","9887","Maryland","Kaila Charles|Olivia Owens|Sara Vujacic|Sarah Myers|Taylor Mikesell",5,2347,2400,53,0,5,-5
"2018-19","9888","Maryland","Blair Watson|Channise Lewis|Kaila Charles|Stephanie Jones|Taylor Mikesell",5,0,106,106,2,8,-6
"2018-19","9888","Maryland","Blair Watson|Brianna Fraser|Kaila Charles|Stephanie Jones|Taylor Mikesell",5,106,192,86,0,4,-4
"2018-19","9888","#10/11 South Carolina","Alexis JENNINGS|Doniyah CLINEY|M. HERBERT HARRIGAN|Te'a COOPER|Tyasha HARRIS",5,0,197,197,12,2,10
"2018-19","9888","Maryland","Blair Watson|Brianna Fraser|Kaila Charles|Shakira Austin|Taylor Mikesell",5,192,214,22,0,0,0
"2018-19","9888","Maryland","Blair Watson|Channise Lewis|Kaila Charles|Shakira Austin|Taylor Mikesell",5,214,305,91,4,4,0
"2018-19","9888","#10/11 South Carolina","Alexis JENNINGS|Doniyah CLINEY|LeLe GRISSETT|Te'a COOPER|Tyasha HARRIS",5,197,305,108,4,4,0
"2018-19","9888","#10/11 South Carolina","Doniyah CLINEY|LeLe GRISSETT|Te'a COOPER|Tyasha HARRIS|Victaria SAXTON",5,305,421,116,2,6,-4
"2018-19","9888","#10/11 South Carolina","Bianca JACKSON|LeLe GRISSETT|M. HERBERT HARRIGAN|Te'a COOPER|Tyasha HARRIS",5,421,498,77,0,5,-5
"2018-19","9888","Maryland","Blair Watson|Channise Lewis|Shakira Austin|Stephanie Jones|Taylor Mikesell",5,305,548,243,14,2,12
"2018-19","9888","#10/11 South Carolina","Alexis JENNINGS|Bianca JACKSON|Doniyah CLINEY|LeLe GRISSETT|Te'a COOPER",5,498,548,50,0,3,-3
"2018-19","9888","Maryland","Blair Watson|Channise Lewis|Kaila Charles|Stephanie Jones|Taylor Mikesell",5,548,554,6,0,0,0
"2018-19","9888","Maryland","Channise Lewis|Kaila Charles|Sara Vujacic|Stephanie Jones|Taylor Mikesell",5,554,592,38,2,1,1
"2018-19","9888","#10/11 South Carolina","Alexis JENNINGS|Bianca JACKSON|Doniyah CLINEY|Te'a COOPER|Victaria SAXTON",5,548,600,52,1,2,-1
"2018-19","9888","Maryland","Blair Watson|Channise Lewis|Kaila Charles|Sara Vujacic|Stephanie Jones",5,592,600,8,0,0,0
"2018-19","9888","#10/11 South Carolina","Alexis JENNINGS|Bianca JACKSON|Nelly PERRY|Te'a COOPER|Victaria SAXTON",5,600,632,32,0,2,-2
"2018-19","9888","#10/11 South Carolina","Alexis JENNINGS|Nelly PERRY|Te'a COOPER|Tyasha HARRIS|Victaria SAXTON",5,632,721,89,0,2,-2
"2018-19","9888","#10/11 South Carolina","Alexis JENNINGS|Destanni HENDERSON|Nelly PERRY|Te'a COOPER|Victaria SAXTON",5,721,908,187,4,8,-4
"2018-19","9888","Maryland","Blair Watson|Channise Lewis|Kaila Charles|Shakira Austin|Stephanie Jones",5,600,1061,461,20,7,13
"2018-19","9888","#10/11 South Carolina","Bianca JACKSON|Destanni HENDERSON|LeLe GRISSETT|M. HERBERT HARRIGAN|Tyasha HARRIS",5,908,1061,153,3,8,-5
"2018-19","9888","Maryland","Channise Lewis|Kaila Charles|Shakira Austin|Stephanie Jones|Taylor Mikesell",5,1061,1090,29,0,0,0
"2018-19","9888","#10/11 South Carolina","Alexis JENNINGS|Bianca JACKSON|LeLe GRISSETT|Te'a COOPER|Tyasha HARRIS",5,1061,1104,43,0,0,0
"2018-19","9888","#10/11 South Carolina","Alexis JENNINGS|Bianca JACKSON|LaDazhia WILLIAMS|Te'a COOPER|Tyasha HARRIS",5,1104,1138,34,0,3,-3
"2018-19","9888","#10/11 South Carolina","Alexis JENNINGS|Doniyah CLINEY|LaDazhia WILLIAMS|Te'a COOPER|Tyasha HARRIS",5,1138,1200,62,0,0,0
"2018-19","9888","Maryland","Blair Watson|Brianna Fraser|Channise Lewis|Kaila Charles|Shakira Austin",5,1090,1200,110,3,0,3
"2018-19","9888","#10/11 South Carolina","Alexis JENNINGS|Doniyah CLINEY|M. HERBERT HARRIGAN|Te'a COOPER|Tyasha HARRIS",5,1200,1241,41,1,3,-2
"2018-19","9888","Maryland","Blair Watson|Channise Lewis|Kaila Charles|Stephanie Jones|Taylor Mikesell",5,1200,1363,163,5,7,-2
"2018-19","9888","Maryland","Channise Lewis|Kaila Charles|Shakira Austin|Stephanie Jones|Taylor Mikesell",5,1363,1420,57,0,4,-4
"2018-19","9888","Maryland","Blair Watson|Kaila Charles|Shakira Austin|Stephanie Jones|Taylor Mikesell",5,1420,1491,71,2,3,-1
"2018-19","9888","Maryland","Blair Watson|Channise Lewis|Kaila Charles|Shakira Austin|Stephanie Jones",5,1491,1555,64,5,3,2
"2018-19","9888","Maryland","Blair Watson|Brianna Fraser|Channise Lewis|Kaila Charles|Shakira Austin",5,1555,1611,56,0,1,-1
"2018-19","9888","Maryland","Blair Watson|Brianna Fraser|Channise Lewis|Shakira Austin|Taylor Mikesell",5,1611,1687,76,2,0,2
"2018-19","9888","#10/11 South Carolina","Doniyah CLINEY|LeLe GRISSETT|M. HERBERT HARRIGAN|Te'a COOPER|Tyasha HARRIS",5,1241,1687,446,17,11,6
"2018-19","9888","#10/11 South Carolina","Doniyah CLINEY|LeLe GRISSETT|Te'a COOPER|Tyasha HARRIS|Victaria SAXTON",5,1687,1698,11,0,0,0
"2018-19","9888","Maryland","Blair Watson|Channise Lewis|Shakira Austin|Stephanie Jones|Taylor Mikesell",5,1687,1727,40,0,2,-2
"2018-19","9888","#10/11 South Carolina","Bianca JACKSON|LeLe GRISSETT|Te'a COOPER|Tyasha HARRIS|Victaria SAXTON",5,1698,1800,102,2,1,1
"2018-19","9888","#10/11 South Carolina","Bianca JACKSON|LeLe GRISSETT|Te'a COOPER|Tyasha HARRIS|Victaria SAXTON",5,1800,1857,57,0,4,-4
"2018-19","9888","Maryland","Blair Watson|Channise Lewis|Kaila Charles|Stephanie Jones|Taylor Mikesell",5,1727,1916,189,7,2,5
"2018-19","9888","#10/11 South Carolina","Bianca JACKSON|LeLe GRISSETT|M. HERBERT HARRIGAN|Te'a COOPER|Tyasha HARRIS",5,1857,1959,102,4,2,2
"2018-19","9888","#10/11 South Carolina","Bianca JACKSON|Doniyah CLINEY|LeLe GRISSETT|M. HERBERT HARRIGAN|Tyasha HARRIS",5,1959,2024,65,2,2,0
"2018-19","9888","#10/11 South Carolina","Bianca JACKSON|Destanni HENDERSON|Doniyah CLINEY|M. HERBERT HARRIGAN|Tyasha HARRIS",5,2024,2105,81,0,8,-8
"2018-19","9888","#10/11 South Carolina","Bianca JACKSON|Destanni HENDERSON|Doniyah CLINEY|M. HERBERT HARRIGAN|Te'a COOPER",5,2105,2195,90,2,5,-3
"2018-19","9888","#10/11 South Carolina","Bianca JACKSON|Doniyah CLINEY|LaDazhia WILLIAMS|Nelly PERRY|Victaria SAXTON",5,2195,2225,30,0,0,0
"2018-19","9888","Maryland","Blair Watson|Channise Lewis|Shakira Austin|Stephanie Jones|Taylor Mikesell",5,1916,2259,343,15,8,7
"2018-19","9888","Maryland","Channise Lewis|Kaila Charles|Shakira Austin|Stephanie Jones|Taylor Mikesell",5,2259,2347,88,2,4,-2
"2018-19","9888","#10/11 South Carolina","Bianca JACKSON|Destanni HENDERSON|LaDazhia WILLIAMS|Nelly PERRY|Victaria SAXTON",5,2225,2400,175,7,4,3
"2018-19","9888","Maryland","Kaila Charles|Olivia Owens|Sara Vujacic|Sarah Myers|Shakira Austin",5,2347,2400,53,2,1,1
"2018-19","9889","Maryland","Blair Watson|Channise Lewis|Kaila Charles|Stephanie Jones|Taylor Mikesell",5,0,93,93,2,4,-2
"2018-19","9889","Georgia","Caitlin HOSE|Caliya ROBINSON|Gabby CONNALLY|Stephanie PAUL|Taja COLE",5,0,168,168,4,4,0
"2018-19","9889","Georgia","Caitlin HOSE|Caliya ROBINSON|Gabby CONNALLY|Malury BATES|Taja COLE",5,168,202,34,0,3,-3
"2018-19","9889","Maryland","Blair Watson|Channise Lewis|Shakira Austin|Stephanie Jones|Taylor Mikesell",5,93,281,188,9,2,7
"2018-19","9889","Maryland","Brianna Fraser|Channise Lewis|Kaila Charles|Shakira Austin|Taylor Mikesell",5,281,369,88,2,4,-2
"2018-19","9889","Maryland","Channise Lewis|Kaila Charles|Shakira Austin|Stephanie Jones|Taylor Mikesell",5,369,600,231,13,8,5
"2018-19","9889","Georgia","Caliya ROBINSON|Gabby CONNALLY|Kaila HUBBARD|Malury BATES|Taja COLE",5,202,600,398,14,19,-5
"2018-19","9889","Maryland","Blair Watson|Kaila Charles|Shakira Austin|Stephanie Jones|Taylor Mikesell",5,600,624,24,2,1,1
"2018-19","9889","Georgia","Caliya ROBINSON|Donnetta JOHNSON|Gabby CONNALLY|Jenna STAITI|Taja COLE",5,600,794,194,1,7,-6
"2018-19","9889","Georgia","Caliya ROBINSON|Gabby CONNALLY|Jenna STAITI|Maya CALDWELL|Taja COLE",5,794,830,36,0,1,-1
"2018-19","9889","Maryland","Kaila Charles|Shakira Austin|Stephanie Jones|Taylor Mikesell",4,624,830,206,6,0,6
"2018-19","9889","Maryland","Brianna Fraser|Kaila Charles|Stephanie Jones|Taylor Mikesell",4,830,949,119,2,4,-2
"2018-19","9889","Maryland","Brianna Fraser|Kaila Charles|Shakira Austin|Taylor Mikesell",4,949,1015,66,0,0,0
"2018-19","9889","Maryland","Sara Vujacic|Shakira Austin|Stephanie Jones|Taylor Mikesell",4,1015,1099,84,0,2,-2
"2018-19","9889","Maryland","Kaila Charles|Sara Vujacic|Shakira Austin|Stephanie Jones",4,1099,1200,101,1,5,-4
"2018-19","9889","Georgia","Caliya ROBINSON|Gabby CONNALLY|Maya CALDWELL|Stephanie PAUL|Taja COLE",5,830,1200,370,11,3,8
"2018-19","9889","Maryland","Blair Watson|Kaila Charles|Shakira Austin|Stephanie Jones|Taylor Mikesell",5,1200,1362,162,0,6,-6
"2018-19","9889","Maryland","Blair Watson|Shakira Austin|Stephanie Jones|Taylor Mikesell",4,1362,1448,86,1,2,-1
"2018-19","9889","Georgia","Caitlin HOSE|Caliya ROBINSON|Gabby CONNALLY|Stephanie PAUL|Taja COLE",5,1200,1531,331,10,1,9
"2018-19","9889","Georgia","Caitlin HOSE|Caliya ROBINSON|Gabby CONNALLY|Malury BATES|Taja COLE",5,1531,1651,120,0,5,-5
"2018-19","9889","Maryland","Blair Watson|Kaila Charles|Shakira Austin|Taylor Mikesell",4,1448,1651,203,5,2,3
"2018-19","9889","Georgia","Caitlin HOSE|Caliya ROBINSON|Gabby CONNALLY|Jenna STAITI|Taja COLE",5,1651,1789,138,2,4,-2
"2018-19","9889","Maryland","Kaila Charles|Shakira Austin|Stephanie Jones|Taylor Mikesell",4,1651,1800,149,4,2,2
"2018-19","9889","Georgia","Caliya ROBINSON|Gabby CONNALLY|Jenna STAITI|Maya CALDWELL|Taja COLE",5,1789,1800,11,0,0,0
"2018-19","9889","Georgia","Caliya ROBINSON|Gabby CONNALLY|Jenna STAITI|Maya CALDWELL|Taja COLE",5,1800,1866,66,0,2,-2
"2018-19","9889","Georgia","Gabby CONNALLY|Malury BATES|Maya CALDWELL|Stephanie PAUL|Taja COLE",5,1866,2027,161,2,0,2
"2018-19","9889","Maryland","Channise Lewis|Kaila Charles|Shakira Austin|Stephanie Jones|Taylor Mikesell",5,1800,2060,260,2,2,0
"2018-19","9889","Georgia","Gabby CONNALLY|Kaila HUBBARD|Malury BATES|Stephanie PAUL|Taja COLE",5,2027,2089,62,0,0,0
"2018-19","9889","Maryland","Brianna Fraser|Channise Lewis|Kaila Charles|Shakira Austin|Taylor Mikesell",5,2060,2150,90,0,0,0
"2018-19","9889","Georgia","Caliya ROBINSON|Gabby CONNALLY|Kaila HUBBARD|Stephanie PAUL|Taja COLE",5,2089,2377,288,7,7,0
"2018-19","9889","Georgia","Caitlin HOSE|Caliya ROBINSON|Gabby CONNALLY|Stephanie PAUL|Taja COLE",5,2377,2391,14,0,2,-2
"2018-19","9889","Maryland","Brianna Fraser|Channise Lewis|Kaila Charles|Stephanie Jones|Taylor Mikesell",5,2150,2400,250,9,7,2
"2018-19","9889","Georgia","Caitlin HOSE|Caliya ROBINSON|Kaila HUBBARD|Stephanie PAUL|Taja COLE",5,2391,2400,9,0,0,0
"2018-19","9890","Maryland","Blair Watson|Channise Lewis|Kaila Charles|Stephanie Jones|Taylor Mikesell",5,0,192,192,7,2,5
"2018-19","9890","Maryland","Blair Watson|Channise Lewis|Shakira Austin|Stephanie Jones|Taylor Mikesell",5,192,320,128,2,5,-3
"2018-19","9890","Maryland","Blair Watson|Channise Lewis|Kaila Charles|Shakira Austin|Stephanie Jones",5,320,413,93,4,2,2
"2018-19","9890","Morgan State","Adreoria Coleman|Elizabeth Sherrill|Jahiyan Chavis|Kayla Horn|Naomi Bolasighn",5,0,413,413,9,13,-4
"2018-19","9890","Maryland","Channise Lewis|Kaila Charles|Shakira Austin|Stephanie Jones|Taylor Mikesell",5,413,466,53,0,0,0
"2018-19","9890","Maryland","Brianna Fraser|Channise Lewis|Kaila Charles|Shakira Austin|Taylor Mikesell",5,466,539,73,0,2,-2
"2018-19","9890","Morgan State","Adreoria Coleman|Ashia McCalla|Elizabeth Sherrill|Kayla Horn|Naomi Bolasighn",5,413,539,126,2,0,2
"2018-19","9890","Morgan State","Adreoria Coleman|Ashia McCalla|Elizabeth Sherrill|Jahiyan Chavis|Naomi Bolasighn",5,539,600,61,2,3,-1
"2018-19","9890","Maryland","Blair Watson|Brianna Fraser|Channise Lewis|Shakira Austin|Taylor Mikesell",5,539,600,61,3,2,1
"2018-19","9890","Maryland","Blair Watson|Brianna Fraser|Channise Lewis|Stephanie Jones|Taylor Mikesell",5,600,687,87,3,2,1
"2018-19","9890","Morgan State","Adreoria Coleman|Ashia McCalla|Elizabeth Sherrill|Jahiyan Chavis|Naomi Bolasighn",5,600,687,87,2,3,-1
"2018-19","9890","Maryland","Blair Watson|Brianna Fraser|Sarah Myers|Stephanie Jones|Taylor Mikesell",5,687,792,105,0,0,0
"2018-19","9890","Morgan State","Adreoria Coleman|Ashia McCalla|Elizabeth Sherrill|Jahiyan Chavis|Kayla Horn",5,687,792,105,0,0,0
"2018-19","9890","Maryland","Blair Watson|Sarah Myers|Shakira Austin|Stephanie Jones|Taylor Mikesell",5,792,929,137,0,2,-2
"2018-19","9890","Morgan State","Adreoria Coleman|Elizabeth Sherrill|Jahiyan Chavis|Kayla Horn|Naomi Bolasighn",5,792,929,137,2,0,2
"2018-19","9890","Maryland","Blair Watson|Channise Lewis|Kaila Charles|Shakira Austin|Stephanie Jones",5,929,1128,199,7,3,4
"2018-19","9890","Morgan State","Adreoria Coleman|Ashia McCalla|Elizabeth Sherrill|Kayla Horn|Naomi Bolasighn",5,929,1128,199,3,7,-4
"2018-19","9890","Maryland","Blair Watson|Brianna Fraser|Channise Lewis|Kaila Charles|Stephanie Jones",5,1128,1200,72,2,2,0
"2018-19","9890","Morgan State","Adreoria Coleman|Elizabeth Sherrill|Jahiyan Chavis|Kayla Horn|Naomi Bolasighn",5,1128,1265,137,3,3,0
"2018-19","9890","Maryland","Channise Lewis|Kaila Charles|Sarah Myers|Stephanie Jones|Taylor Mikesell",5,1200,1434,234,11,1,10
"2018-19","9890","Morgan State","Adreoria Coleman|Ashia McCalla|Elizabeth Sherrill|Jahiyan Chavis|Kayla Horn",5,1265,1434,169,0,10,-10
"2018-19","9890","Maryland","Channise Lewis|Kaila Charles|Sara Vujacic|Sarah Myers|Stephanie Jones|Taylor Mikesell",6,1434,1590,156,8,7,1
"2018-19","9890","Morgan State","Adreoria Coleman|Ashia McCalla|Elizabeth Sherrill|Jahiyan Chavis|Naomi Bolasighn",5,1434,1645,211,7,9,-2
"2018-19","9890","Maryland","Blair Watson|Sarah Myers|Shakira Austin|Stephanie Jones|Taylor Mikesell",5,1590,1793,203,3,5,-2
"2018-19","9890","Morgan State","Adreoria Coleman|Ashia McCalla|Jahiyan Chavis|Kayla Horn|Naomi Bolasighn",5,1645,1800,155,5,2,3
"2018-19","9890","Maryland","Brianna Fraser|Kaila Charles|Sarah Myers|Shakira Austin|Taylor Mikesell",5,1793,1800,7,0,0,0
"2018-19","9890","Maryland","Kaila Charles|Sarah Myers|Shakira Austin|Stephanie Jones|Taylor Mikesell",5,1800,1987,187,4,0,4
"2018-19","9890","Morgan State","Adreoria Coleman|Ashia McCalla|Elizabeth Sherrill|Jahiyan Chavis|Kayla Horn",5,1800,1987,187,0,4,-4
"2018-19","9890","Maryland","Brianna Fraser|Kaila Charles|Sarah Myers|Shakira Austin|Taylor Mikesell",5,1987,2080,93,5,2,3
"2018-19","9890","Morgan State","Adreoria Coleman|Elizabeth Sherrill|Jahiyan Chavis|Kayla Horn|Naomi Bolasighn",5,1987,2080,93,2,5,-3
"2018-19","9890","Maryland","Brianna Fraser|Channise Lewis|Kaila Charles|Sarah Myers|Shakira Austin",5,2080,2188,108,2,3,-1
"2018-19","9890","Morgan State","Adreoria Coleman|Ashia McCalla|Jahiyan Chavis|Kayla Horn|Naomi Bolasighn",5,2080,2246,166,5,3,2
"2018-19","9890","Morgan State","Adreoria Coleman|Ashia McCalla|Elizabeth Sherrill|Jahiyan Chavis|Kayla Horn",5,2246,2277,31,0,0,0
"2018-19","9890","Morgan State","Adreoria Coleman|Amara Whitney|Elizabeth Sherrill|Jahiyan Chavis|Naomi Bolasighn",5,2277,2400,123,2,6,-4
"2018-19","9890","Maryland","Brianna Fraser|Kaila Charles|Sara Vujacic|Sarah Myers|Shakira Austin",5,2188,2400,212,7,4,3
"2018-19","9891","Georgia Tech","Elizabeth Balogun|Elizabeth Dixon|Francesca Pan|Kierra Fletcher|Lorela Cubaj",5,0,42,42,0,2,-2
"2018-19","9891","Maryland","Blair Watson|Channise Lewis|Kaila Charles|Stephanie Jones|Taylor Mikesell",5,0,128,128,4,0,4
"2018-19","9891","Georgia Tech","Chanin Scott|Elizabeth Balogun|Elizabeth Dixon|Francesca Pan|Kierra Fletcher",5,42,325,283,2,10,-8
"2018-19","9891","Maryland","Blair Watson|Channise Lewis|Kaila Charles|Shakira Austin|Taylor Mikesell",5,128,343,215,8,2,6
"2018-19","9891","Maryland","Blair Watson|Brianna Fraser|Channise Lewis|Kaila Charles|Taylor Mikesell",5,343,600,257,6,4,2
"2018-19","9891","Georgia Tech","Daijah Jefferson|Elizabeth Balogun|Francesca Pan|Lorela Cubaj|Lotta-Maj Lahtinen",5,325,600,275,4,6,-2
"2018-19","9891","Georgia Tech","Chanin Scott|Elizabeth Balogun|Elizabeth Dixon|Kierra Fletcher|Lorela Cubaj",5,600,657,57,0,0,0
"2018-19","9891","Georgia Tech","Chanin Scott|Elizabeth Dixon|Kierra Fletcher|Lorela Cubaj|Lotta-Maj Lahtinen",5,657,694,37,0,3,-3
"2018-19","9891","Georgia Tech","Anne Francoise Diouf|Elizabeth Dixon|Francesca Pan|Kierra Fletcher|Lotta-Maj Lahtinen",5,694,767,73,2,4,-2
"2018-19","9891","Georgia Tech","Elizabeth Balogun|Elizabeth Dixon|Francesca Pan|Kierra Fletcher|Lotta-Maj Lahtinen",5,767,879,112,3,2,1
"2018-19","9891","Maryland","Blair Watson|Channise Lewis|Kaila Charles|Stephanie Jones|Taylor Mikesell",5,600,879,279,9,5,4
"2018-19","9891","Maryland","Blair Watson|Channise Lewis|Kaila Charles|Shakira Austin|Taylor Mikesell",5,879,1017,138,5,7,-2
"2018-19","9891","Georgia Tech","Anne Francoise Diouf|Elizabeth Balogun|Francesca Pan|Kierra Fletcher|Lotta-Maj Lahtinen",5,879,1050,171,7,5,2
"2018-19","9891","Georgia Tech","Elizabeth Balogun|Elizabeth Dixon|Francesca Pan|Kierra Fletcher|Lotta-Maj Lahtinen",5,1050,1088,38,0,2,-2
"2018-19","9891","Maryland","Channise Lewis|Kaila Charles|Shakira Austin|Stephanie Jones|Taylor Mikesell",5,1017,1137,120,4,0,4
"2018-19","9891","Georgia Tech","Daijah Jefferson|Elizabeth Balogun|Elizabeth Dixon|Francesca Pan|Kierra Fletcher",5,1088,1170,82,0,4,-4
"2018-19","9891","Maryland","Blair Watson|Channise Lewis|Shakira Austin|Stephanie Jones|Taylor Mikesell",5,1137,1170,33,2,0,2
"2018-19","9891","Maryland","Blair Watson|Brianna Fraser|Sara Vujacic|Shakira Austin|Taylor Mikesell",5,1170,1200,30,0,0,0
"2018-19","9891","Georgia Tech","D'asia Gregg|Elizabeth Balogun|Elizabeth Dixon|Francesca Pan|Kierra Fletcher",5,1170,1200,30,0,0,0
"2018-19","9891","Maryland","Blair Watson|Channise Lewis|Kaila Charles|Stephanie Jones|Taylor Mikesell",5,1200,1334,134,0,5,-5
"2018-19","9891","Georgia Tech","D'asia Gregg|Elizabeth Dixon|Francesca Pan|Kierra Fletcher|Lorela Cubaj",5,1200,1398,198,7,4,3
"2018-19","9891","Georgia Tech","D'asia Gregg|Francesca Pan|Kierra Fletcher|Lorela Cubaj",4,1398,1437,39,0,0,0
"2018-19","9891","Maryland","Blair Watson|Kaila Charles|Shakira Austin|Stephanie Jones|Taylor Mikesell",5,1334,1518,184,6,6,0
"2018-19","9891","Maryland","Channise Lewis|Kaila Charles|Shakira Austin|Stephanie Jones|Taylor Mikesell",5,1518,1612,94,3,6,-3
"2018-19","9891","Maryland","Blair Watson|Brianna Fraser|Channise Lewis|Stephanie Jones|Taylor Mikesell",5,1612,1723,111,0,7,-7
"2018-19","9891","Maryland","Channise Lewis|Kaila Charles|Shakira Austin|Stephanie Jones|Taylor Mikesell",5,1723,1800,77,0,2,-2
"2018-19","9891","Georgia Tech","D'asia Gregg|Francesca Pan|Kierra Fletcher|Lorela Cubaj|Lotta-Maj Lahtinen",5,1437,1800,363,19,5,14
"2018-19","9891","Georgia Tech","Elizabeth Balogun|Francesca Pan|Kierra Fletcher|Lorela Cubaj|Lotta-Maj Lahtinen",5,1800,2287,487,10,15,-5
"2018-19","9891","Georgia Tech","Elizabeth Balogun|Francesca Pan|Kierra Fletcher|Lotta-Maj Lahtinen",4,2287,2289,2,0,1,-1
"2018-19","9891","Maryland","Blair Watson|Channise Lewis|Kaila Charles|Stephanie Jones|Taylor Mikesell",5,1800,2400,600,20,10,10
"2018-19","9891","Georgia Tech","Elizabeth Balogun|Francesca Pan|Kierra Fletcher|Lorela Cubaj|Lotta-Maj Lahtinen",5,2289,2400,111,0,4,-4
"2018-19","9892","Umbc","Eryn Fisher|Janee'a Summers|O'lesheya Braxton|Paula Rubio|Te'yJah Oliver",5,0,96,96,0,8,-8
"2018-19","9892","Maryland","Blair Watson|Channise Lewis|Kaila Charles|Stephanie Jones|Taylor Mikesell",5,0,224,224,10,3,7
"2018-19","9892","Umbc","Eryn Fisher|Janee'a Summers|O'lesheya Braxton|Paula Rubio|Tyler Moore",5,96,248,152,3,5,-2
"2018-19","9892","Maryland","Blair Watson|Kaila Charles|Sara Vujacic|Stephanie Jones|Taylor Mikesell",5,224,320,96,7,2,5
"2018-19","9892","Maryland","Blair Watson|Kaila Charles|Sara Vujacic|Shakira Austin|Taylor Mikesell",5,320,399,79,5,3,2
"2018-19","9892","Umbc","Janee'a Summers|Lucrezia Costa|O'lesheya Braxton|Paula Rubio|Tyler Moore",5,248,399,151,5,9,-4
"2018-19","9892","Maryland","Blair Watson|Brianna Fraser|Channise Lewis|Sara Vujacic|Shakira Austin",5,399,468,69,2,3,-1
"2018-19","9892","Maryland","Brianna Fraser|Channise Lewis|Sarah Myers|Shakira Austin|Taylor Mikesell",5,468,502,34,1,3,-2
"2018-19","9892","Umbc","Dominika Skrocka|Janee'a Summers|Lucrezia Costa|O'lesheya Braxton|Paula Rubio",5,399,562,163,6,4,2
"2018-19","9892","Maryland","Channise Lewis|Sarah Myers|Shakira Austin|Stephanie Jones|Taylor Mikesell",5,502,600,98,4,0,4
"2018-19","9892","Umbc","Dominika Skrocka|Eryn Fisher|Kristen Teklits|O'lesheya Braxton|Paula Rubio",5,562,600,38,0,3,-3
"2018-19","9892","Maryland","Blair Watson|Channise Lewis|Kaila Charles|Stephanie Jones|Taylor Mikesell",5,600,707,107,3,4,-1
"2018-19","9892","Umbc","Dominika Skrocka|Eryn Fisher|Kristen Teklits|Paula Rubio|Te'yJah Oliver",5,600,784,184,4,5,-1
"2018-19","9892","Umbc","Dominika Skrocka|Eryn Fisher|Janee'a Summers|Paula Rubio|Te'yJah Oliver",5,784,795,11,0,0,0
"2018-19","9892","Maryland","Blair Watson|Channise Lewis|Kaila Charles|Shakira Austin|Stephanie Jones",5,707,862,155,5,0,5
"2018-19","9892","Umbc","Dominika Skrocka|Eryn Fisher|Janee'a Summers|O'lesheya Braxton|Paula Rubio",5,795,862,67,0,3,-3
"2018-19","9892","Umbc","Dominika Skrocka|Eryn Fisher|Janee'a Summers|O'lesheya Braxton|Te'yJah Oliver",5,862,891,29,0,2,-2
"2018-19","9892","Maryland","Channise Lewis|Sara Vujacic|Shakira Austin|Stephanie Jones|Taylor Mikesell",5,862,938,76,8,0,8
"2018-19","9892","Umbc","Dominika Skrocka|Janee'a Summers|Lucrezia Costa|O'lesheya Braxton|Te'yJah Oliver",5,891,938,47,0,6,-6
"2018-19","9892","Maryland","Brianna Fraser|Sara Vujacic|Sarah Myers|Shakira Austin|Taylor Mikesell",5,938,1064,126,5,6,-1
"2018-19","9892","Umbc","Dominika Skrocka|Janee'a Summers|Kayla Jackson|O'lesheya Braxton|Te'yJah Oliver",5,938,1198,260,12,13,-1
"2018-19","9892","Maryland","Brianna Fraser|Olivia Owens|Sara Vujacic|Sarah Myers|Taylor Mikesell",5,1064,1200,136,8,6,2
"2018-19","9892","Umbc","Kayla Jackson|Sariah Penese|Silvia Ferreiros|Tania Hill|Te'yJah Oliver",5,1198,1200,2,0,0,0
"2018-19","9892","Maryland","Blair Watson|Channise Lewis|Kaila Charles|Stephanie Jones|Taylor Mikesell",5,1200,1379,179,2,10,-8
"2018-19","9892","Umbc","Eryn Fisher|Janee'a Summers|O'lesheya Braxton|Paula Rubio|Te'yJah Oliver",5,1200,1379,179,10,2,8
"2018-19","9892","Umbc","Janee'a Summers|Lucrezia Costa|O'lesheya Braxton|Paula Rubio|Te'yJah Oliver",5,1379,1412,33,0,2,-2
"2018-19","9892","Umbc","Dominika Skrocka|Janee'a Summers|Lucrezia Costa|Paula Rubio|Te'yJah Oliver",5,1412,1602,190,3,11,-8
"2018-19","9892","Maryland","Brianna Fraser|Sara Vujacic|Sarah Myers|Shakira Austin|Taylor Mikesell",5,1379,1602,223,13,3,10
"2018-19","9892","Maryland","Brianna Fraser|Sara Vujacic|Sarah Myers|Stephanie Jones|Taylor Mikesell",5,1602,1705,103,4,0,4
"2018-19","9892","Maryland","Brianna Fraser|Sara Vujacic|Sarah Myers|Stephanie Jones|Taylor Mikesell",5,1705,1745,40,1,0,1
"2018-19","9892","Umbc","Dominika Skrocka|Janee'a Summers|Lucrezia Costa|Te'yJah Oliver|Tyler Moore",5,1602,1745,143,0,5,-5
"2018-19","9892","Umbc","Dominika Skrocka|Eryn Fisher|Janee'a Summers|Te'yJah Oliver|Tyler Moore",5,1745,1800,55,5,3,2
"2018-19","9892","Maryland","Brianna Fraser|Channise Lewis|Kaila Charles|Sara Vujacic|Sarah Myers",5,1745,1851,106,3,7,-4
"2018-19","9892","Maryland","Brianna Fraser|Kaila Charles|Sara Vujacic|Sarah Myers|Taylor Mikesell",5,1851,1898,47,1,0,1
"2018-19","9892","Umbc","Eryn Fisher|Janee'a Summers|Paula Rubio|Te'yJah Oliver|Tyler Moore",5,1800,1942,142,4,2,2
"2018-19","9892","Maryland","Kaila Charles|Sara Vujacic|Sarah Myers|Shakira Austin|Taylor Mikesell",5,1898,1972,74,1,2,-1
"2018-19","9892","Umbc","Eryn Fisher|Janee'a Summers|Tania Hill|Te'yJah Oliver|Tyler Moore",5,1942,1985,43,0,0,0
"2018-19","9892","Maryland","Brianna Fraser|Sara Vujacic|Sarah Myers|Shakira Austin|Taylor Mikesell",5,1972,2029,57,0,2,-2
"2018-19","9892","Maryland","Brianna Fraser|Channise Lewis|Sara Vujacic|Sarah Myers|Shakira Austin",5,2029,2124,95,0,0,0
"2018-19","9892","Umbc","Eryn Fisher|Lucrezia Costa|Tania Hill|Te'yJah Oliver|Tyler Moore",5,1985,2124,139,2,0,2
"2018-19","9892","Umbc","Dominika Skrocka|Eryn Fisher|Lucrezia Costa|O'lesheya Braxton|Tania Hill",5,2124,2234,110,3,2,1
"2018-19","9892","Maryland","Channise Lewis|Olivia Owens|Sara Vujacic|Sarah Myers|Shakira Austin",5,2124,2267,143,6,3,3
"2018-19","9892","Umbc","Dominika Skrocka|Lucrezia Costa|O'lesheya Braxton|Sariah Penese|Tania Hill",5,2234,2267,33,0,4,-4
"2018-19","9892","Umbc","Dominika Skrocka|Kayla Jackson|O'lesheya Braxton|Sariah Penese|Tania Hill",5,2267,2311,44,3,1,2
"2018-19","9892","Maryland","Olivia Owens|Sara Vujacic|Sarah Myers|Shakira Austin|Taylor Mikesell",5,2267,2400,133,3,4,-1
"2018-19","9892","Umbc","Dominika Skrocka|Kayla Jackson|Sariah Penese|Silvia Ferreiros|Tania Hill",5,2311,2400,89,1,2,-1
"2018-19","9893","James Madison","Devon Merritt|Kamiah Smalls|Kayla Cooper-William|Lexie Barrier|Logan Reynolds",5,0,222,222,5,9,-4
"2018-19","9893","Maryland","Blair Watson|Channise Lewis|Kaila Charles|Stephanie Jones|Taylor Mikesell",5,0,222,222,9,5,4
"2018-19","9893","James Madison","Jackie Benitez|Kamiah Smalls|Kayla Cooper-William|Lexie Barrier|Logan Reynolds",5,222,287,65,6,2,4
"2018-19","9893","Maryland","Brianna Fraser|Channise Lewis|Kaila Charles|Stephanie Jones|Taylor Mikesell",5,222,287,65,2,6,-4
"2018-19","9893","James Madison","Aneah Young|Jackie Benitez|Kamiah Smalls|Kayla Cooper-William|Madison Green",5,287,370,83,0,2,-2
"2018-19","9893","Maryland","Blair Watson|Brianna Fraser|Kaila Charles|Stephanie Jones|Taylor Mikesell",5,287,370,83,2,0,2
"2018-19","9893","James Madison","Aneah Young|Devon Merritt|Jackie Benitez|Kamiah Smalls|Madison Green",5,370,446,76,2,6,-4
"2018-19","9893","Maryland","Blair Watson|Brianna Fraser|Kaila Charles|Shakira Austin|Taylor Mikesell",5,370,446,76,6,2,4
"2018-19","9893","James Madison","Aneah Young|Devon Merritt|Jackie Benitez|Lexie Barrier|Madison Green",5,446,448,2,0,0,0
"2018-19","9893","Maryland","Blair Watson|Brianna Fraser|Kaila Charles|Stephanie Jones|Taylor Mikesell",5,446,466,20,0,2,-2
"2018-19","9893","James Madison","Aneah Young|Devon Merritt|Jackie Benitez|Kamiah Smalls|Madison Green",5,448,579,131,2,7,-5
"2018-19","9893","Maryland","Blair Watson|Kaila Charles|Shakira Austin|Stephanie Jones|Taylor Mikesell",5,466,579,113,7,0,7
"2018-19","9893","Maryland","Channise Lewis|Kaila Charles|Shakira Austin|Stephanie Jones|Taylor Mikesell",5,579,600,21,0,0,0
"2018-19","9893","James Madison","Devon Merritt|Kamiah Smalls|Lexie Barrier|Logan Reynolds|Tori Harris",5,579,600,21,0,0,0
"2018-19","9893","James Madison","Devon Merritt|Kamiah Smalls|Kayla Cooper-William|Lexie Barrier|Logan Reynolds",5,600,709,109,0,0,0
"2018-19","9893","Maryland","Blair Watson|Channise Lewis|Kaila Charles|Shakira Austin|Stephanie Jones",5,600,717,117,0,0,0
"2018-19","9893","James Madison","Devon Merritt|Jackie Benitez|Kamiah Smalls|Kayla Cooper-William|Lexie Barrier",5,709,723,14,0,2,-2
"2018-19","9893","James Madison","Devon Merritt|Jackie Benitez|Kayla Cooper-William|Lexie Barrier|Madison Green",5,723,775,52,0,0,0
"2018-19","9893","James Madison","Jackie Benitez|Kayla Cooper-William|Lexie Barrier|Madison Green",4,775,885,110,3,4,-1
"2018-19","9893","James Madison","Kamiah Smalls|Kayla Cooper-William|Lexie Barrier|Madison Green",4,885,961,76,4,5,-1
"2018-19","9893","Maryland","Blair Watson|Brianna Fraser|Kaila Charles|Shakira Austin|Stephanie Jones",5,717,997,280,11,7,4
"2018-19","9893","James Madison","Devon Merritt|Kamiah Smalls|Kayla Cooper-William|Madison Green",4,961,1073,112,0,3,-3
"2018-19","9893","James Madison","Devon Merritt|Jackie Benitez|Kamiah Smalls|Kayla Cooper-William|Lexie Barrier",5,1073,1127,54,0,4,-4
"2018-19","9893","Maryland","Blair Watson|Brianna Fraser|Kaila Charles|Shakira Austin",4,997,1180,183,9,0,9
"2018-19","9893","James Madison","Devon Merritt|Kamiah Smalls|Kayla Cooper-William|Lexie Barrier|Tori Harris",5,1127,1193,66,0,2,-2
"2018-19","9893","Maryland","Brianna Fraser|Kaila Charles|Sara Vujacic|Shakira Austin",4,1180,1200,20,0,0,0
"2018-19","9893","James Madison","Aneah Young|Devon Merritt|Lexie Barrier|Madison Green|Tori Harris",5,1193,1200,7,0,0,0
"2018-19","9893","James Madison","Devon Merritt|Kamiah Smalls|Kayla Cooper-William|Lexie Barrier|Madison Green",5,1200,1332,132,5,6,-1
"2018-19","9893","Maryland","Blair Watson|Brianna Fraser|Kaila Charles|Stephanie Jones|Taylor Mikesell",5,1200,1409,209,9,8,1
"2018-19","9893","Maryland","Brianna Fraser|Kaila Charles|Sara Vujacic|Stephanie Jones|Taylor Mikesell",5,1409,1428,19,0,0,0
"2018-19","9893","James Madison","Devon Merritt|Jackie Benitez|Kamiah Smalls|Lexie Barrier|Madison Green",5,1332,1444,112,5,5,0
"2018-19","9893","Maryland","Brianna Fraser|Kaila Charles|Sara Vujacic|Shakira Austin|Taylor Mikesell",5,1428,1484,56,2,2,0
"2018-19","9893","James Madison","Aneah Young|Devon Merritt|Kamiah Smalls|Madison Green|Tori Harris",5,1444,1526,82,0,2,-2
"2018-19","9893","Maryland","Brianna Fraser|Sara Vujacic|Sarah Myers|Shakira Austin|Taylor Mikesell",5,1484,1526,42,2,0,2
"2018-19","9893","James Madison","Devon Merritt|Eleanore Marciszewsk|Jaylin Carodine|Madison Green|Tori Harris",5,1526,1575,49,2,1,1
"2018-19","9893","Maryland","Brianna Fraser|Sara Vujacic|Sarah Myers|Shakira Austin|Stephanie Jones",5,1526,1575,49,1,2,-1
"2018-19","9893","James Madison","Devon Merritt|Jaylin Carodine|Lexie Barrier|Madison Green|Tori Harris",5,1575,1615,40,1,2,-1
"2018-19","9893","Maryland","Brianna Fraser|Sara Vujacic|Sarah Myers|Shakira Austin",4,1575,1659,84,2,1,1
"2018-19","9893","James Madison","Jaylin Carodine|Kayla Cooper-William|Lexie Barrier|Madison Green|Tori Harris",5,1615,1772,157,5,2,3
"2018-19","9893","Maryland","Kaila Charles|Sara Vujacic|Sarah Myers|Shakira Austin",4,1659,1800,141,2,5,-3
"2018-19","9893","James Madison","Devon Merritt|Jaylin Carodine|Kayla Cooper-William|Lexie Barrier|Madison Green|Tori Harris",6,1772,1800,28,0,0,0
"2018-19","9893","Maryland","Blair Watson|Brianna Fraser|Kaila Charles|Sara Vujacic|Taylor Mikesell",5,1800,1834,34,0,3,-3
"2018-19","9893","James Madison","Devon Merritt|Kamiah Smalls|Kayla Cooper-William|Lexie Barrier|Madison Green|Tori Harris",6,1800,2065,265,8,10,-2
"2018-19","9893","Maryland","Blair Watson|Brianna Fraser|Kaila Charles|Sara Vujacic|Shakira Austin|Taylor Mikesell",6,1834,2111,277,10,10,0
"2018-19","9893","James Madison","Eleanore Marciszewsk|Kamiah Smalls|Kayla Cooper-William|Lexie Barrier|Tori Harris",5,2065,2144,79,5,2,3
"2018-19","9893","James Madison","Eleanore Marciszewsk|Jackie Benitez|Kamiah Smalls|Kayla Cooper-William|Tori Harris",5,2144,2154,10,2,0,2
"2018-19","9893","Maryland","Brianna Fraser|Kaila Charles|Sara Vujacic|Shakira Austin|Taylor Mikesell",5,2111,2178,67,4,4,0
"2018-19","9893","Maryland","Brianna Fraser|Kaila Charles|Sarah Myers|Shakira Austin|Taylor Mikesell",5,2178,2184,6,0,0,0
"2018-19","9893","James Madison","Eleanore Marciszewsk|Jackie Benitez|Jaylin Carodine|Madison Green|Tori Harris",5,2154,2209,55,2,2,0
"2018-19","9893","Maryland","Brianna Fraser|Kaila Charles|Olivia Owens|Sarah Myers|Taylor Mikesell",5,2184,2246,62,2,2,0
"2018-19","9893","Maryland","Brianna Fraser|Olivia Owens|Sara Vujacic|Sarah Myers|Taylor Mikesell",5,2246,2300,54,2,2,0
"2018-19","9893","Maryland","Olivia Owens|Sara Vujacic|Sarah Myers|Shakira Austin|Taylor Mikesell",5,2300,2400,100,5,2,3
"2018-19","9893","James Madison","Aneah Young|Eleanore Marciszewsk|Jaylin Carodine|Madison Green|Tori Harris",5,2209,2400,191,6,9,-3
"2018-19","9894","Maryland","Blair Watson|Channise Lewis|Kaila Charles|Stephanie Jones|Taylor Mikesell",5,0,122,122,2,3,-1
"2018-19","9894","Maryland","Blair Watson|Brianna Fraser|Kaila Charles|Stephanie Jones|Taylor Mikesell",5,122,189,67,3,0,3
"2018-19","9894","Loyola","Bri Betz-White|Delaney Connolly|Hannah Niles|Stephanie Karcz|Taleah Dixon",5,0,248,248,3,6,-3
"2018-19","9894","Maryland","Blair Watson|Brianna Fraser|Kaila Charles|Shakira Austin|Taylor Mikesell",5,189,248,59,1,0,1
"2018-19","9894","Maryland","Blair Watson|Brianna Fraser|Kaila Charles|Stephanie Jones|Taylor Mikesell",5,248,318,70,0,2,-2
"2018-19","9894","Maryland","Brianna Fraser|Kaila Charles|Sara Vujacic|Stephanie Jones|Taylor Mikesell",5,318,446,128,3,3,0
"2018-19","9894","Maryland","Brianna Fraser|Channise Lewis|Sara Vujacic|Stephanie Jones|Taylor Mikesell",5,446,474,28,0,0,0
"2018-19","9894","Loyola","Alexis Gray|Bri Betz-White|Delaney Connolly|Stephanie Karcz|Taleah Dixon",5,248,555,307,5,8,-3
"2018-19","9894","Maryland","Channise Lewis|Sara Vujacic|Shakira Austin|Stephanie Jones|Taylor Mikesell",5,474,600,126,10,0,10
"2018-19","9894","Loyola","Alexis Gray|Bri Betz-White|Hannah Niles|Stephanie Karcz|Taleah Dixon",5,555,698,143,0,11,-11
"2018-19","9894","Maryland","Blair Watson|Sara Vujacic|Shakira Austin|Stephanie Jones|Taylor Mikesell",5,600,698,98,6,0,6
"2018-19","9894","Loyola","Alexis Gray|Bri Betz-White|Stephanie Karcz|Taleah Dixon",4,698,827,129,3,5,-2
"2018-19","9894","Maryland","Blair Watson|Sara Vujacic|Shakira Austin",3,698,876,178,5,8,-3
"2018-19","9894","Maryland","Blair Watson|Brianna Fraser|Sara Vujacic|Shakira Austin|Taylor Mikesell",5,876,956,80,5,0,5
"2018-19","9894","Loyola","Alexis Gray|Bri Betz-White|Hannah Niles|Stephanie Karcz",4,827,1044,217,8,9,-1
"2018-19","9894","Maryland","Blair Watson|Brianna Fraser|Sara Vujacic|Shakira Austin|Stephanie Jones|Taylor Mikesell",6,956,1163,207,10,6,4
"2018-19","9894","Maryland","Channise Lewis|Olivia Owens|Sara Vujacic|Sarah Myers|Shakira Austin|Stephanie Jones",6,1163,1200,37,0,3,-3
"2018-19","9894","Loyola","Alexis Gray|Bri Betz-White|Hannah Niles|Taleah Dixon",4,1044,1200,156,6,6,0
"2018-19","9894","Loyola","Bri Betz-White|Delaney Connolly|Hannah Niles|Stephanie Karcz|Taleah Dixon",5,1200,1419,219,5,9,-4
"2018-19","9894","Maryland","Blair Watson|Channise Lewis|Kaila Charles|Stephanie Jones|Taylor Mikesell",5,1200,1419,219,9,5,4
"2018-19","9894","Maryland","Blair Watson|Brianna Fraser|Channise Lewis|Shakira Austin|Taylor Mikesell",5,1419,1510,91,2,3,-1
"2018-19","9894","Loyola","Alexis Gray|Bri Betz-White|Delaney Connolly|Hannah Niles|Taleah Dixon",5,1419,1577,158,3,2,1
"2018-19","9894","Maryland","Blair Watson|Brianna Fraser|Sara Vujacic|Shakira Austin|Taylor Mikesell",5,1510,1700,190,4,2,2
"2018-19","9894","Maryland","Brianna Fraser|Kaila Charles|Sara Vujacic|Shakira Austin|Taylor Mikesell",5,1700,1701,1,0,0,0
"2018-19","9894","Loyola","Alexis Gray|Bri Betz-White|Delaney Connolly|Stephanie Karcz|Taleah Dixon",5,1577,1790,213,2,6,-4
"2018-19","9894","Maryland","Kaila Charles|Sara Vujacic|Sarah Myers|Shakira Austin|Taylor Mikesell",5,1701,1800,99,2,0,2
"2018-19","9894","Loyola","Alexis Gray|Bri Betz-White|Delaney Connolly|Molly Taylor|Taleah Dixon",5,1790,1860,70,2,2,0
"2018-19","9894","Maryland","Kaila Charles|Sara Vujacic|Shakira Austin|Stephanie Jones|Taylor Mikesell",5,1800,1929,129,6,2,4
"2018-19","9894","Maryland","Brianna Fraser|Sara Vujacic|Shakira Austin|Stephanie Jones|Taylor Mikesell",5,1929,2058,129,6,2,4
"2018-19","9894","Maryland","Brianna Fraser|Sara Vujacic|Shakira Austin|Taylor Mikesell",4,2058,2088,30,0,0,0
"2018-19","9894","Loyola","Alexis Gray|Delaney Connolly|Laryn Edwards|Molly Taylor|Taleah Dixon",5,1860,2112,252,2,10,-8
"2018-19","9894","Loyola","Alexis Gray|Bri Betz-White|Delaney Connolly|Laryn Edwards|Molly Taylor",5,2112,2273,161,6,6,0
"2018-19","9894","Maryland","Olivia Owens|Sara Vujacic|Shakira Austin|Taylor Mikesell",4,2088,2283,195,6,9,-3
"2018-19","9894","Loyola","Alexis Gray|Bri Betz-White|Laryn Edwards|Molly Taylor|Taleah Dixon",5,2273,2347,74,3,3,0
"2018-19","9894","Maryland","Olivia Owens|Sara Vujacic|Sarah Myers|Shakira Austin",4,2283,2400,117,3,0,3
"2018-19","9894","Loyola","Alex Barazotti|Alexis Gray|Laryn Edwards|Molly Taylor|Taleah Dixon",5,2347,2400,53,0,0,0
"2018-19","9895","Delaware","Abby Gonzales|Alison Lewis|Jasmine Dickey|Makeda Nicholas|Rebecca Lawrence",5,0,208,208,6,4,2
"2018-19","9895","Maryland","Blair Watson|Kaila Charles|Shakira Austin|Stephanie Jones|Taylor Mikesell",5,0,315,315,8,6,2
"2018-19","9895","Maryland","Blair Watson|Brianna Fraser|Kaila Charles|Shakira Austin|Taylor Mikesell",5,315,419,104,2,2,0
"2018-19","9895","Delaware","Abby Gonzales|Bailey Kargo|Jasmine Dickey|Makeda Nicholas|Rebecca Lawrence",5,208,419,211,2,6,-4
"2018-19","9895","Delaware","Bailey Kargo|Jasmine Dickey|Lizzie Oleary|Paris McBride|Rebecca Lawrence",5,419,468,49,0,4,-4
"2018-19","9895","Delaware","Alison Lewis|Bailey Kargo|Lizzie Oleary|Paris McBride|Rebecca Lawrence",5,468,516,48,0,2,-2
"2018-19","9895","Maryland","Blair Watson|Brianna Fraser|Kaila Charles|Stephanie Jones|Taylor Mikesell",5,419,522,103,6,0,6
"2018-19","9895","Delaware","Bailey Kargo|Jasmine Dickey|Lizzie Oleary|Paris McBride|Rebecca Lawrence",5,516,600,84,2,4,-2
"2018-19","9895","Maryland","Brianna Fraser|Kaila Charles|Sarah Myers|Stephanie Jones|Taylor Mikesell",5,522,600,78,4,2,2
"2018-19","9895","Maryland","Blair Watson|Kaila Charles|Shakira Austin|Stephanie Jones|Taylor Mikesell",5,600,646,46,0,0,0
"2018-19","9895","Delaware","Abby Gonzales|Gadson Lefft|Jasmine Dickey|Makeda Nicholas|Paris McBride|Rebecca Lawrence",6,600,697,97,0,0,0
"2018-19","9895","Delaware","Abby Gonzales|Jasmine Dickey|Lizzie Oleary|Makeda Nicholas|Paris McBride|Rebecca Lawrence",6,697,699,2,0,2,-2
"2018-19","9895","Delaware","Abby Gonzales|Jasmine Dickey|Makeda Nicholas|Paris McBride|Rebecca Lawrence",5,699,776,77,0,2,-2
"2018-19","9895","Maryland","Channise Lewis|Kaila Charles|Shakira Austin|Stephanie Jones|Taylor Mikesell",5,646,815,169,4,2,2
"2018-19","9895","Maryland","Blair Watson|Channise Lewis|Kaila Charles|Shakira Austin|Stephanie Jones",5,815,861,46,0,2,-2
"2018-19","9895","Maryland","Blair Watson|Channise Lewis|Shakira Austin|Stephanie Jones|Taylor Mikesell",5,861,873,12,0,1,-1
"2018-19","9895","Delaware","Abby Gonzales|Jasmine Dickey|Justina Mascaro|Makeda Nicholas|Paris McBride",5,776,904,128,5,3,2
"2018-19","9895","Maryland","Blair Watson|Brianna Fraser|Channise Lewis|Stephanie Jones|Taylor Mikesell",5,873,1050,177,3,6,-3
"2018-19","9895","Maryland","Blair Watson|Brianna Fraser|Kaila Charles|Stephanie Jones|Taylor Mikesell",5,1050,1056,6,0,0,0
"2018-19","9895","Delaware","Abby Gonzales|Bailey Kargo|Jasmine Dickey|Makeda Nicholas|Paris McBride",5,904,1058,154,6,0,6
"2018-19","9895","Delaware","Abby Gonzales|Bailey Kargo|Jasmine Dickey|Paris McBride|Rebecca Lawrence",5,1058,1101,43,0,5,-5
"2018-19","9895","Delaware","Abby Gonzales|Bailey Kargo|Paris McBride|Rebecca Lawrence",4,1101,1142,41,0,1,-1
"2018-19","9895","Delaware","Abby Gonzales|Bailey Kargo|Makeda Nicholas|Paris McBride",4,1142,1200,58,2,2,0
"2018-19","9895","Maryland","Blair Watson|Kaila Charles|Shakira Austin|Stephanie Jones|Taylor Mikesell",5,1056,1328,272,13,7,6
"2018-19","9895","Maryland","Channise Lewis|Kaila Charles|Shakira Austin|Stephanie Jones|Taylor Mikesell",5,1328,1394,66,1,0,1
"2018-19","9895","Delaware","Abby Gonzales|Alison Lewis|Jasmine Dickey|Makeda Nicholas|Rebecca Lawrence",5,1200,1394,194,5,6,-1
"2018-19","9895","Delaware","Abby Gonzales|Alison Lewis|Gadson Lefft|Jasmine Dickey|Makeda Nicholas",5,1394,1420,26,2,0,2
"2018-19","9895","Delaware","Abby Gonzales|Gadson Lefft|Jasmine Dickey|Makeda Nicholas|Paris McBride",5,1420,1457,37,0,3,-3
"2018-19","9895","Delaware","Abby Gonzales|Gadson Lefft|Jasmine Dickey|Paris McBride|Rebecca Lawrence",5,1457,1561,104,4,3,1
"2018-19","9895","Maryland","Brianna Fraser|Channise Lewis|Kaila Charles|Shakira Austin|Taylor Mikesell",5,1394,1597,203,8,6,2
"2018-19","9895","Delaware","Abby Gonzales|Alison Lewis|Jasmine Dickey|Makeda Nicholas|Rebecca Lawrence",5,1561,1651,90,2,4,-2
"2018-19","9895","Delaware","Abby Gonzales|Bailey Kargo|Jasmine Dickey|Makeda Nicholas|Rebecca Lawrence",5,1651,1683,32,0,1,-1
"2018-19","9895","Delaware","Abby Gonzales|Bailey Kargo|Justina Mascaro|Paris McBride|Rebecca Lawrence",5,1683,1722,39,2,2,0
"2018-19","9895","Delaware","Abby Gonzales|Bailey Kargo|Gadson Lefft|Justina Mascaro|Paris McBride",5,1722,1800,78,3,2,1
"2018-19","9895","Maryland","Brianna Fraser|Channise Lewis|Kaila Charles|Stephanie Jones|Taylor Mikesell",5,1597,1800,203,7,7,0
"2018-19","9895","Delaware","Abby Gonzales|Jasmine Dickey|Makeda Nicholas|Paris McBride|Rebecca Lawrence",5,1800,1939,139,2,8,-6
"2018-19","9895","Maryland","Blair Watson|Brianna Fraser|Stephanie Jones|Taylor Mikesell",4,1800,1972,172,8,2,6
"2018-19","9895","Delaware","Abby Gonzales|Gadson Lefft|Jasmine Dickey|Paris McBride|Rebecca Lawrence",5,1939,1972,33,0,0,0
"2018-19","9895","Delaware","Abby Gonzales|Gadson Lefft|Justina Mascaro|Paris McBride|Rebecca Lawrence",5,1972,1987,15,0,0,0
"2018-19","9895","Maryland","Blair Watson|Brianna Fraser|Taylor Mikesell",3,1972,2022,50,0,2,-2
"2018-19","9895","Delaware","Abby Gonzales|Bailey Kargo|Gadson Lefft|Paris McBride|Rebecca Lawrence",5,1987,2022,35,2,0,2
"2018-19","9895","Maryland","Blair Watson|Brianna Fraser|Kaila Charles|Taylor Mikesell",4,2022,2046,24,0,2,-2
"2018-19","9895","Delaware","Abby Gonzales|Bailey Kargo|Makeda Nicholas|Paris McBride|Rebecca Lawrence",5,2022,2095,73,4,3,1
"2018-19","9895","Delaware","Abby Gonzales|Bailey Kargo|Gadson Lefft|Makeda Nicholas|Paris McBride",5,2095,2137,42,1,0,1
"2018-19","9895","Maryland","Brianna Fraser|Kaila Charles|Sara Vujacic|Taylor Mikesell",4,2046,2248,202,7,3,4
"2018-19","9895","Delaware","Abby Gonzales|Bailey Kargo|Jasmine Dickey|Makeda Nicholas|Paris McBride",5,2137,2248,111,0,4,-4
"2018-19","9895","Delaware","Bailey Kargo|Jasmine Dickey|Makeda Nicholas|Paris McBride",4,2248,2261,13,0,2,-2
"2018-19","9895","Delaware","Bailey Kargo|Jasmine Dickey|Lizzie Oleary|Makeda Nicholas|Paris McBride",5,2261,2312,51,1,1,0
"2018-19","9895","Delaware","Bailey Kargo|Gadson Lefft|Jasmine Dickey|Lizzie Oleary|Paris McBride",5,2312,2400,88,2,3,-1
"2018-19","9895","Maryland","Brianna Fraser|Olivia Owens|Sara Vujacic|Sarah Myers|Taylor Mikesell",5,2248,2400,152,6,3,3
"2018-19","9910","Michigan State","Jenna Allen|Nia Clouden|Shay Colley|Taryn McCutcheon|Victoria Gaines",5,0,224,224,6,6,0
"2018-19","9910","Maryland","Blair Watson|Channise Lewis|Kaila Charles|Stephanie Jones|Taylor Mikesell",5,0,224,224,6,6,0
"2018-19","9910","Michigan State","Nia Clouden|Shay Colley|Sidney Cooks|Taryn McCutcheon|Victoria Gaines",5,224,295,71,2,5,-3
"2018-19","9910","Maryland","Blair Watson|Kaila Charles|Sara Vujacic|Shakira Austin|Taylor Mikesell",5,224,295,71,5,2,3
"2018-19","9910","Maryland","Channise Lewis|Kaila Charles|Sara Vujacic|Shakira Austin|Taylor Mikesell",5,295,318,23,0,0,0
"2018-19","9910","Maryland","Channise Lewis|Kaila Charles|Sara Vujacic|Stephanie Jones|Taylor Mikesell",5,318,352,34,0,0,0
"2018-19","9910","Michigan State","Mardrekia Cook|Nia Hollie|Shay Colley|Sidney Cooks|Taryn McCutcheon",5,295,353,58,0,1,-1
"2018-19","9910","Michigan State","Nia Clouden|Nia Hollie|Shay Colley|Sidney Cooks|Taryn McCutcheon",5,353,457,104,3,3,0
"2018-19","9910","Maryland","Brianna Fraser|Channise Lewis|Kaila Charles|Stephanie Jones|Taylor Mikesell",5,352,489,137,4,3,1
"2018-19","9910","Maryland","Brianna Fraser|Channise Lewis|Kaila Charles|Shakira Austin|Taylor Mikesell",5,489,600,111,4,4,0
"2018-19","9910","Maryland","Blair Watson|Shakira Austin|Stephanie Jones|Taylor Mikesell",4,600,652,52,3,2,1
"2018-19","9910","Michigan State","Jenna Allen|Nia Clouden|Shay Colley|Taryn McCutcheon|Victoria Gaines",5,457,673,216,6,7,-1
"2018-19","9910","Michigan State","Jenna Allen|Nia Clouden|Nia Hollie|Taryn McCutcheon|Victoria Gaines",5,673,714,41,0,0,0
"2018-19","9910","Maryland","Kaila Charles|Shakira Austin|Stephanie Jones|Taylor Mikesell",4,652,714,62,0,0,0
"2018-19","9910","Michigan State","Jenna Allen|Nia Clouden|Nia Hollie|Sidney Cooks|Taryn McCutcheon",5,714,819,105,0,4,-4
"2018-19","9910","Maryland","Brianna Fraser|Kaila Charles|Shakira Austin|Stephanie Jones|Taylor Mikesell",5,714,913,199,9,2,7
"2018-19","9910","Michigan State","Jenna Allen|Nia Clouden|Shay Colley|Taryn McCutcheon|Victoria Gaines",5,819,947,128,2,6,-4
"2018-19","9910","Michigan State","Jenna Allen|Nia Clouden|Nia Hollie|Shay Colley|Taryn McCutcheon",5,947,1019,72,6,2,4
"2018-19","9910","Maryland","Kaila Charles|Shakira Austin|Stephanie Jones|Taylor Mikesell",4,913,1019,106,3,6,-3
"2018-19","9910","Maryland","Sara Vujacic|Shakira Austin|Stephanie Jones|Taylor Mikesell",4,1019,1046,27,1,2,-1
"2018-19","9910","Maryland","Brianna Fraser|Sara Vujacic|Stephanie Jones|Taylor Mikesell",4,1046,1090,44,0,0,0
"2018-19","9910","Maryland","Brianna Fraser|Kaila Charles|Stephanie Jones|Taylor Mikesell",4,1090,1200,110,0,4,-4
"2018-19","9910","Michigan State","Jenna Allen|Nia Clouden|Shay Colley|Sidney Cooks|Taryn McCutcheon",5,1019,1200,181,6,1,5
"2018-19","9910","Michigan State","Jenna Allen|Nia Clouden|Shay Colley|Taryn McCutcheon|Victoria Gaines",5,1200,1361,161,2,7,-5
"2018-19","9910","Maryland","Blair Watson|Channise Lewis|Kaila Charles|Stephanie Jones|Taylor Mikesell",5,1200,1361,161,7,2,5
"2018-19","9910","Michigan State","Jenna Allen|Mardrekia Cook|Nia Clouden|Shay Colley|Victoria Gaines",5,1361,1396,35,0,2,-2
"2018-19","9910","Michigan State","Jenna Allen|Mardrekia Cook|Nia Clouden|Nia Hollie|Shay Colley",5,1396,1432,36,0,2,-2
"2018-19","9910","Michigan State","Jenna Allen|Mardrekia Cook|Nia Clouden|Nia Hollie|Taryn McCutcheon",5,1432,1561,129,4,4,0
"2018-19","9910","Maryland","Blair Watson|Brianna Fraser|Channise Lewis|Kaila Charles|Taylor Mikesell",5,1361,1561,200,8,4,4
"2018-19","9910","Michigan State","Jenna Allen|Nia Clouden|Shay Colley|Sidney Cooks|Taryn McCutcheon",5,1561,1620,59,0,2,-2
"2018-19","9910","Michigan State","Jenna Allen|Mardrekia Cook|Shay Colley|Sidney Cooks|Taryn McCutcheon",5,1620,1645,25,0,2,-2
"2018-19","9910","Maryland","Blair Watson|Channise Lewis|Kaila Charles|Stephanie Jones|Taylor Mikesell",5,1561,1664,103,6,2,4
"2018-19","9910","Michigan State","Jenna Allen|Mardrekia Cook|Shay Colley|Taryn McCutcheon|Victoria Gaines",5,1645,1736,91,4,4,0
"2018-19","9910","Maryland","Blair Watson|Channise Lewis|Kaila Charles|Shakira Austin|Taylor Mikesell",5,1664,1736,72,2,2,0
"2018-19","9910","Michigan State","Mardrekia Cook|Nia Hollie|Shay Colley|Taryn McCutcheon|Victoria Gaines",5,1736,1800,64,0,2,-2
"2018-19","9910","Maryland","Blair Watson|Channise Lewis|Kaila Charles|Stephanie Jones|Taylor Mikesell",5,1736,1934,198,5,3,2
"2018-19","9910","Michigan State","Mardrekia Cook|Nia Clouden|Shay Colley|Taryn McCutcheon|Victoria Gaines",5,1800,2008,208,3,5,-2
"2018-19","9910","Maryland","Blair Watson|Channise Lewis|Kaila Charles|Shakira Austin|Taylor Mikesell",5,1934,2008,74,2,0,2
"2018-19","9910","Michigan State","Mardrekia Cook|Nia Clouden|Shay Colley|Taryn McCutcheon",4,2008,2119,111,2,4,-2
"2018-19","9910","Maryland","Channise Lewis|Kaila Charles|Sara Vujacic|Shakira Austin|Taylor Mikesell",5,2008,2119,111,4,2,2
"2018-19","9910","Michigan State","Mardrekia Cook|Nia Hollie|Shay Colley|Taryn McCutcheon",4,2119,2242,123,2,2,0
"2018-19","9910","Maryland","Channise Lewis|Kaila Charles|Sara Vujacic|Shakira Austin|Stephanie Jones",5,2119,2242,123,2,2,0
"2018-19","9910","Maryland","Channise Lewis|Olivia Owens|Sara Vujacic|Sarah Myers|Shakira Austin",5,2242,2400,158,0,7,-7
"2018-19","9910","Michigan State","Claire Hendrickson|Kayla Belles|Nia Clouden|Sidney Cooks|Tory Ozment",5,2242,2400,158,7,0,7
"2018-19","9911","Maryland","Blair Watson|Channise Lewis|Kaila Charles|Stephanie Jones|Taylor Mikesell",5,0,151,151,4,5,-1
"2018-19","9911","Maryland","Blair Watson|Kaila Charles|Shakira Austin|Stephanie Jones|Taylor Mikesell",5,151,271,120,6,5,1
"2018-19","9911","Michigan","Amy Dilk|Deja Church|Hailey Brown|Hallie Thome|Nicole Munger",5,0,303,303,10,13,-3
"2018-19","9911","Michigan","Amy Dilk|Deja Church|Kayla Robbins|Naz Hillmon|Nicole Munger",5,303,360,57,2,2,0
"2018-19","9911","Maryland","Brianna Fraser|Kaila Charles|Sara Vujacic|Shakira Austin|Taylor Mikesell",5,271,360,89,5,2,3
"2018-19","9911","Michigan","Akienreh Johnson|Amy Dilk|Deja Church|Kayla Robbins|Naz Hillmon",5,360,422,62,2,2,0
"2018-19","9911","Maryland","Kaila Charles|Sara Vujacic|Shakira Austin|Stephanie Jones|Taylor Mikesell",5,360,456,96,3,2,1
"2018-19","9911","Michigan","Akienreh Johnson|Amy Dilk|Kayla Robbins|Naz Hillmon|Nicole Munger",5,422,488,66,0,1,-1
"2018-19","9911","Michigan","Akienreh Johnson|Amy Dilk|Hallie Thome|Naz Hillmon|Nicole Munger",5,488,522,34,2,0,2
"2018-19","9911","Maryland","Blair Watson|Kaila Charles|Shakira Austin|Stephanie Jones|Taylor Mikesell",5,456,522,66,0,2,-2
"2018-19","9911","Michigan","Akienreh Johnson|Amy Dilk|Hailey Brown|Hallie Thome|Nicole Munger",5,522,595,73,5,5,0
"2018-19","9911","Michigan","Akienreh Johnson|Deja Church|Hailey Brown|Kayla Robbins|Naz Hillmon",5,595,600,5,0,0,0
"2018-19","9911","Michigan","Deja Church|Hailey Brown|Hallie Thome|Naz Hillmon|Nicole Munger",5,600,665,65,0,4,-4
"2018-19","9911","Michigan","Hailey Brown|Hallie Thome|Naz Hillmon|Nicole Munger",4,665,702,37,2,4,-2
"2018-19","9911","Maryland","Blair Watson|Channise Lewis|Kaila Charles|Stephanie Jones|Taylor Mikesell",5,522,702,180,13,7,6
"2018-19","9911","Michigan","Akienreh Johnson|Hailey Brown|Hallie Thome|Naz Hillmon",4,702,817,115,5,0,5
"2018-19","9911","Maryland","Blair Watson|Channise Lewis|Kaila Charles|Shakira Austin|Taylor Mikesell",5,702,829,127,0,7,-7
"2018-19","9911","Michigan","Akienreh Johnson|Hailey Brown|Naz Hillmon|Nicole Munger",4,817,856,39,2,0,2
"2018-19","9911","Maryland","Blair Watson|Brianna Fraser|Kaila Charles|Shakira Austin|Taylor Mikesell",5,829,856,27,0,0,0
"2018-19","9911","Michigan","Akienreh Johnson|Hailey Brown|Hallie Thome|Naz Hillmon|Nicole Munger",5,856,954,98,2,3,-1
"2018-19","9911","Michigan","Deja Church|Hailey Brown|Naz Hillmon|Nicole Munger",4,954,1018,64,4,3,1
"2018-19","9911","Maryland","Blair Watson|Brianna Fraser|Kaila Charles|Stephanie Jones|Taylor Mikesell",5,856,1018,162,6,6,0
"2018-19","9911","Michigan","Akienreh Johnson|Deja Church|Hailey Brown|Naz Hillmon",4,1018,1090,72,3,0,3
"2018-19","9911","Michigan","Akienreh Johnson|Hailey Brown|Kayla Robbins|Naz Hillmon",4,1090,1150,60,0,0,0
"2018-19","9911","Maryland","Blair Watson|Kaila Charles|Shakira Austin|Stephanie Jones|Taylor Mikesell",5,1018,1150,132,0,3,-3
"2018-19","9911","Michigan","Akienreh Johnson|Deja Church|Hailey Brown|Naz Hillmon",4,1150,1192,42,1,0,1
"2018-19","9911","Maryland","Blair Watson|Kaila Charles|Sara Vujacic|Stephanie Jones|Taylor Mikesell",5,1150,1200,50,0,1,-1
"2018-19","9911","Michigan","Akienreh Johnson|Deja Church|Kayla Robbins|Naz Hillmon",4,1192,1200,8,0,0,0
"2018-19","9911","Michigan","Amy Dilk|Deja Church|Hailey Brown|Hallie Thome|Nicole Munger",5,1200,1291,91,6,8,-2
"2018-19","9911","Michigan","Amy Dilk|Deja Church|Hailey Brown|Naz Hillmon|Nicole Munger",5,1291,1380,89,2,3,-1
"2018-19","9911","Maryland","Blair Watson|Channise Lewis|Kaila Charles|Stephanie Jones|Taylor Mikesell",5,1200,1431,231,16,8,8
"2018-19","9911","Michigan","Akienreh Johnson|Amy Dilk|Deja Church|Hailey Brown|Naz Hillmon",5,1380,1490,110,0,5,-5
"2018-19","9911","Maryland","Blair Watson|Channise Lewis|Kaila Charles|Shakira Austin|Taylor Mikesell",5,1431,1590,159,4,4,0
"2018-19","9911","Michigan","Akienreh Johnson|Amy Dilk|Hailey Brown|Naz Hillmon|Nicole Munger",5,1490,1640,150,6,4,2
"2018-19","9911","Michigan","Akienreh Johnson|Amy Dilk|Hallie Thome|Naz Hillmon|Nicole Munger",5,1640,1706,66,2,4,-2
"2018-19","9911","Maryland","Blair Watson|Channise Lewis|Kaila Charles|Stephanie Jones|Taylor Mikesell",5,1590,1706,116,4,4,0
"2018-19","9911","Michigan","Akienreh Johnson|Deja Church|Hallie Thome|Naz Hillmon|Nicole Munger",5,1706,1748,42,0,2,-2
"2018-19","9911","Michigan","Akienreh Johnson|Amy Dilk|Deja Church|Hallie Thome|Naz Hillmon",5,1748,1755,7,0,0,0
"2018-19","9911","Michigan","Akienreh Johnson|Amy Dilk|Deja Church|Hallie Thome|Kayla Robbins",5,1755,1800,45,0,2,-2
"2018-19","9911","Michigan","Amy Dilk|Deja Church|Hailey Brown|Hallie Thome|Nicole Munger",5,1800,1856,56,3,0,3
"2018-19","9911","Michigan","Amy Dilk|Deja Church|Hailey Brown|Naz Hillmon|Nicole Munger",5,1856,1935,79,1,2,-1
"2018-19","9911","Michigan","Amy Dilk|Deja Church|Kayla Robbins|Naz Hillmon|Nicole Munger",5,1935,2173,238,5,0,5
"2018-19","9911","Maryland","Blair Watson|Channise Lewis|Shakira Austin|Stephanie Jones|Taylor Mikesell",5,1706,2173,467,6,9,-3
"2018-19","9911","Michigan","Akienreh Johnson|Amy Dilk|Hailey Brown|Naz Hillmon|Nicole Munger",5,2173,2233,60,0,2,-2
"2018-19","9911","Maryland","Blair Watson|Brianna Fraser|Channise Lewis|Shakira Austin",4,2173,2233,60,2,0,2
"2018-19","9911","Michigan","Amy Dilk|Hailey Brown|Hallie Thome|Naz Hillmon|Nicole Munger",5,2233,2247,14,2,0,2
"2018-19","9911","Michigan","Amy Dilk|Deja Church|Hallie Thome|Naz Hillmon|Nicole Munger",5,2247,2265,18,0,0,0
"2018-19","9911","Michigan","Amy Dilk|Hailey Brown|Hallie Thome|Naz Hillmon|Nicole Munger",5,2265,2379,114,5,2,3
"2018-19","9911","Maryland","Blair Watson|Channise Lewis|Shakira Austin|Stephanie Jones",4,2233,2379,146,2,7,-5
"2018-19","9911","Michigan","Amy Dilk|Deja Church|Hallie Thome|Naz Hillmon|Nicole Munger",5,2379,2390,11,0,2,-2
"2018-19","9911","Maryland","Blair Watson|Channise Lewis|Stephanie Jones|Taylor Mikesell",4,2379,2390,11,2,0,2
"2018-19","9911","Maryland","Blair Watson|Channise Lewis|Shakira Austin|Stephanie Jones",4,2390,2399,9,0,0,0
"2018-19","9911","Maryland","Blair Watson|Brianna Fraser|Shakira Austin|Stephanie Jones",4,2399,2400,1,0,0,0
"2018-19","9911","Michigan","Amy Dilk|Hailey Brown|Hallie Thome|Naz Hillmon|Nicole Munger",5,2390,2400,10,0,0,0
"2018-19","9912","Maryland","Blair Watson|Channise Lewis|Kaila Charles|Stephanie Jones|Taylor Mikesell",5,0,22,22,3,0,3
"2018-19","9912","Maryland","Blair Watson|Channise Lewis|Kaila Charles|Shakira Austin|Taylor Mikesell",5,22,103,81,4,4,0
"2018-19","9912","Iowa","Hannah Stewart|Kathleen Doyle|Makenzie Meyer|Megan Gustafson|Tania Davis",5,0,221,221,9,7,2
"2018-19","9912","Iowa","Amanda Ollinger|Kathleen Doyle|Makenzie Meyer|Megan Gustafson|Tania Davis",5,221,257,36,2,0,2
"2018-19","9912","Maryland","Blair Watson|Brianna Fraser|Channise Lewis|Kaila Charles|Taylor Mikesell",5,103,263,160,0,10,-10
"2018-19","9912","Iowa","Alexis Sevillian|Amanda Ollinger|Kathleen Doyle|Makenzie Meyer|Megan Gustafson",5,257,291,34,6,0,6
"2018-19","9912","Iowa","Alexis Sevillian|Hannah Stewart|Kathleen Doyle|Megan Gustafson|Tania Davis",5,291,357,66,2,2,0
"2018-19","9912","Iowa","Alexis Sevillian|Hannah Stewart|Makenzie Meyer|Megan Gustafson|Tania Davis",5,357,457,100,2,0,2
"2018-19","9912","Iowa","Alexis Sevillian|Amanda Ollinger|Makenzie Meyer|Megan Gustafson|Tania Davis",5,457,504,47,2,2,0
"2018-19","9912","Iowa","Amanda Ollinger|Kathleen Doyle|Makenzie Meyer|Megan Gustafson|Tania Davis",5,504,509,5,0,0,0
"2018-19","9912","Maryland","Blair Watson|Channise Lewis|Kaila Charles|Shakira Austin|Taylor Mikesell",5,263,542,279,6,9,-3
"2018-19","9912","Iowa","Hannah Stewart|Kathleen Doyle|Makenzie Meyer|Monika Czinano|Tania Davis",5,509,593,84,0,4,-4
"2018-19","9912","Maryland","Channise Lewis|Kaila Charles|Sara Vujacic|Shakira Austin|Taylor Mikesell",5,542,600,58,2,2,0
"2018-19","9912","Iowa","Alexis Sevillian|Hannah Stewart|Makenzie Meyer|Monika Czinano|Tania Davis",5,593,600,7,2,0,2
"2018-19","9912","Maryland","Blair Watson|Channise Lewis|Kaila Charles|Stephanie Jones|Taylor Mikesell",5,600,703,103,4,8,-4
"2018-19","9912","Iowa","Alexis Sevillian|Hannah Stewart|Makenzie Meyer|Megan Gustafson|Tania Davis",5,600,783,183,8,12,-4
"2018-19","9912","Maryland","Blair Watson|Channise Lewis|Kaila Charles|Shakira Austin|Taylor Mikesell",5,703,783,80,8,0,8
"2018-19","9912","Iowa","Alexis Sevillian|Amanda Ollinger|Hannah Stewart|Megan Gustafson|Tania Davis",5,783,832,49,4,2,2
"2018-19","9912","Iowa","Alexis Sevillian|Amanda Ollinger|Megan Gustafson|Tania Davis|Zion Sanders",5,832,855,23,1,0,1
"2018-19","9912","Maryland","Blair Watson|Kaila Charles|Sara Vujacic|Shakira Austin|Taylor Mikesell",5,783,855,72,2,5,-3
"2018-19","9912","Iowa","Alexis Sevillian|Amanda Ollinger|Hannah Stewart|Megan Gustafson|Tania Davis",5,855,917,62,2,2,0
"2018-19","9912","Iowa","Alexis Sevillian|Hannah Stewart|Makenzie Meyer|Megan Gustafson|Tania Davis",5,917,952,35,1,0,1
"2018-19","9912","Iowa","Alexis Sevillian|Amanda Ollinger|Makenzie Meyer|Megan Gustafson|Tania Davis",5,952,953,1,0,2,-2
"2018-19","9912","Iowa","Alexis Sevillian|Amanda Ollinger|Makenzie Meyer|Megan Gustafson|Zion Sanders",5,953,967,14,0,0,0
"2018-19","9912","Maryland","Blair Watson|Kaila Charles|Olivia Owens|Sara Vujacic|Taylor Mikesell",5,855,1127,272,11,11,0
"2018-19","9912","Iowa","Alexis Sevillian|Amanda Ollinger|Makenzie Meyer|Megan Gustafson|Tania Davis",5,967,1198,231,10,12,-2
"2018-19","9912","Maryland","Blair Watson|Channise Lewis|Kaila Charles|Sara Vujacic|Taylor Mikesell",5,1127,1198,71,5,2,3
"2018-19","9912","Maryland","Blair Watson|Brianna Fraser|Kaila Charles|Sara Vujacic|Taylor Mikesell",5,1198,1200,2,0,0,0
"2018-19","9912","Iowa","Alexis Sevillian|Amanda Ollinger|Megan Gustafson|Tania Davis|Zion Sanders",5,1198,1200,2,0,0,0
"2018-19","9912","Maryland","Blair Watson|Channise Lewis|Kaila Charles|Stephanie Jones|Taylor Mikesell",5,1200,1318,118,4,2,2
"2018-19","9912","Maryland","Blair Watson|Brianna Fraser|Channise Lewis|Kaila Charles|Taylor Mikesell",5,1318,1480,162,7,4,3
"2018-19","9912","Iowa","Hannah Stewart|Kathleen Doyle|Makenzie Meyer|Megan Gustafson|Tania Davis",5,1200,1548,348,10,13,-3
"2018-19","9912","Maryland","Blair Watson|Kaila Charles|Olivia Owens|Sara Vujacic|Taylor Mikesell",5,1480,1548,68,2,4,-2
"2018-19","9912","Iowa","Alexis Sevillian|Hannah Stewart|Kathleen Doyle|Makenzie Meyer|Megan Gustafson",5,1548,1649,101,2,0,2
"2018-19","9912","Maryland","Blair Watson|Kaila Charles|Sara Vujacic|Shakira Austin|Taylor Mikesell",5,1548,1661,113,0,2,-2
"2018-19","9912","Iowa","Hannah Stewart|Kathleen Doyle|Makenzie Meyer|Megan Gustafson|Tania Davis",5,1649,1688,39,2,0,2
"2018-19","9912","Iowa","Hannah Stewart|Kathleen Doyle|Makenzie Meyer|Monika Czinano|Tania Davis",5,1688,1747,59,2,2,0
"2018-19","9912","Maryland","Blair Watson|Brianna Fraser|Kaila Charles|Sara Vujacic|Taylor Mikesell",5,1661,1800,139,2,6,-4
"2018-19","9912","Iowa","Amanda Ollinger|Kathleen Doyle|Makenzie Meyer|Megan Gustafson|Tania Davis",5,1747,1800,53,2,0,2
"2018-19","9912","Iowa","Hannah Stewart|Kathleen Doyle|Makenzie Meyer|Megan Gustafson|Tania Davis",5,1800,2059,259,8,2,6
"2018-19","9912","Iowa","Amanda Ollinger|Kathleen Doyle|Makenzie Meyer|Megan Gustafson|Tania Davis",5,2059,2167,108,5,5,0
"2018-19","9912","Maryland","Blair Watson|Channise Lewis|Kaila Charles|Stephanie Jones|Taylor Mikesell",5,1800,2167,367,7,13,-6
"2018-19","9912","Iowa","Hannah Stewart|Kathleen Doyle|Makenzie Meyer|Megan Gustafson|Tania Davis",5,2167,2237,70,0,4,-4
"2018-19","9912","Iowa","Hannah Stewart|Kathleen Doyle|Makenzie Meyer|Monika Czinano|Tania Davis",5,2237,2273,36,4,1,3
"2018-19","9912","Maryland","Blair Watson|Brianna Fraser|Kaila Charles|Shakira Austin|Taylor Mikesell",5,2167,2365,198,9,8,1
"2018-19","9912","Maryland","Blair Watson|Brianna Fraser|Kaila Charles|Sarah Myers|Taylor Mikesell",5,2365,2400,35,0,0,0
"2018-19","9912","Iowa","Hannah Stewart|Kathleen Doyle|Makenzie Meyer|Megan Gustafson|Tania Davis",5,2273,2400,127,4,4,0
"2018-19","9913","Radford","Destinee Walker|Jen Falconer|Khiana Johnson|Lydia Rivers|Sydney Nunley",5,0,89,89,0,0,0
"2018-19","9913","Maryland","Blair Watson|Kaila Charles|Shakira Austin|Stephanie Jones|Taylor Mikesell",5,0,238,238,8,0,8
"2018-19","9913","Maryland","Blair Watson|Brianna Fraser|Channise Lewis|Kaila Charles|Shakira Austin",5,238,251,13,0,2,-2
"2018-19","9913","Radford","Destinee Walker|Jen Falconer|Khiana Johnson|Lydia Rivers|Savannah Felgemacher",5,89,301,212,2,14,-12
"2018-19","9913","Maryland","Blair Watson|Brianna Fraser|Channise Lewis|Kaila Charles|Taylor Mikesell",5,251,301,50,6,0,6
"2018-19","9913","Maryland","Blair Watson|Brianna Fraser|Channise Lewis|Stephanie Jones|Taylor Mikesell",5,301,325,24,0,0,0
"2018-19","9913","Maryland","Brianna Fraser|Channise Lewis|Sara Vujacic|Stephanie Jones|Taylor Mikesell",5,325,407,82,2,3,-1
"2018-19","9913","Maryland","Channise Lewis|Olivia Owens|Sara Vujacic|Stephanie Jones|Taylor Mikesell",5,407,600,193,2,4,-2
"2018-19","9913","Radford","Destinee Walker|Khiana Johnson|Lydia Rivers|Savannah Felgemacher|Tina Lindenfeld",5,301,600,299,7,4,3
"2018-19","9913","Radford","Destinee Walker|Jen Falconer|Khiana Johnson|Lydia Rivers|Sydney Nunley",5,600,728,128,3,2,1
"2018-19","9913","Maryland","Blair Watson|Channise Lewis|Kaila Charles|Shakira Austin",4,600,728,128,2,3,-1
"2018-19","9913","Maryland","Blair Watson|Channise Lewis|Shakira Austin|Stephanie Jones",4,728,837,109,2,5,-3
"2018-19","9913","Radford","Destinee Walker|Jen Falconer|Khiana Johnson|Savannah Felgemacher|Sydney Nunley",5,728,969,241,8,6,2
"2018-19","9913","Maryland","Channise Lewis|Kaila Charles|Shakira Austin|Stephanie Jones",4,837,969,132,4,3,1
"2018-19","9913","Radford","Destinee Walker|Jen Falconer|Khiana Johnson|Lydia Rivers|Sydney Nunley",5,969,982,13,0,1,-1
"2018-19","9913","Radford","Destinee Walker|Jen Falconer|Khiana Johnson|Lydia Rivers|Savannah Felgemacher",5,982,1021,39,0,2,-2
"2018-19","9913","Maryland","Blair Watson|Channise Lewis|Kaila Charles|Shakira Austin|Stephanie Jones",5,969,1137,168,7,0,7
"2018-19","9913","Maryland","Channise Lewis|Kaila Charles|Shakira Austin|Stephanie Jones",4,1137,1200,63,0,0,0
"2018-19","9913","Radford","Destinee Walker|Khiana Johnson|Lydia Rivers|Savannah Felgemacher|Tina Lindenfeld",5,1021,1200,179,0,4,-4
"2018-19","9913","Maryland","Blair Watson|Kaila Charles|Shakira Austin|Stephanie Jones|Taylor Mikesell",5,1200,1229,29,0,1,-1
"2018-19","9913","Maryland","Blair Watson|Brianna Fraser|Kaila Charles|Stephanie Jones|Taylor Mikesell",5,1229,1503,274,10,5,5
"2018-19","9913","Maryland","Blair Watson|Channise Lewis|Kaila Charles|Stephanie Jones|Taylor Mikesell",5,1503,1544,41,2,0,2
"2018-19","9913","Radford","Destinee Walker|Jen Falconer|Khiana Johnson|Lydia Rivers|Sydney Nunley",5,1200,1651,451,13,18,-5
"2018-19","9913","Radford","Destinee Walker|Khiana Johnson|Lydia Rivers|Savannah Felgemacher|Tina Lindenfeld",5,1651,1800,149,2,7,-5
"2018-19","9913","Radford","Khiana Johnson|Lydia Rivers|Savannah Felgemacher|Sydney Nunley|Tina Lindenfeld",5,1800,1809,9,0,0,0
"2018-19","9913","Radford","Khiana Johnson|Savannah Felgemacher|Sydney Nunley|Tina Lindenfeld",4,1809,1811,2,0,1,-1
"2018-19","9913","Maryland","Blair Watson|Channise Lewis|Kaila Charles|Shakira Austin|Taylor Mikesell",5,1544,1943,399,17,15,2
"2018-19","9913","Radford","Khiana Johnson|Lydia Rivers|Savannah Felgemacher|Tina Lindenfeld",4,1811,1995,184,6,3,3
"2018-19","9913","Maryland","Blair Watson|Brianna Fraser|Channise Lewis|Sara Vujacic",4,1943,2030,87,3,1,2
"2018-19","9913","Radford","Khiana Johnson|Lydia Rivers|Savannah Felgemacher|Tina Lindenfeld",4,1995,2089,94,5,5,0
"2018-19","9913","Radford","Destinee Walker|Khiana Johnson|Lydia Rivers|Savannah Felgemacher|Tina Lindenfeld",5,2089,2146,57,0,4,-4
"2018-19","9913","Maryland","Blair Watson|Channise Lewis|Sara Vujacic|Shakira Austin",4,2030,2185,155,6,5,1
"2018-19","9913","Maryland","Channise Lewis|Sarah Myers|Shakira Austin|Taylor Mikesell",4,2185,2231,46,0,4,-4
"2018-19","9913","Radford","Destinee Walker|Lydia Rivers|Savannah Felgemacher|Sydney Nunley|Tina Lindenfeld",5,2146,2242,96,5,0,5
"2018-19","9913","Maryland","Channise Lewis|Sara Vujacic|Sarah Myers|Shakira Austin",4,2231,2254,23,0,0,0
"2018-19","9913","Radford","Destinee Walker|Savannah Felgemacher|Sydney Nunley|Tina Lindenfeld",4,2242,2300,58,0,2,-2
"2018-19","9913","Maryland","Channise Lewis|Olivia Owens|Sara Vujacic|Sarah Myers|Shakira Austin",5,2254,2306,52,2,0,2
"2018-19","9913","Radford","Destinee Walker|Lydia Rivers|Savannah Felgemacher|Tina Lindenfeld",4,2300,2345,45,0,0,0
"2018-19","9913","Maryland","Channise Lewis|Kaila Charles|Olivia Owens|Sara Vujacic|Sarah Myers|Shakira Austin",6,2306,2392,86,0,0,0
"2018-19","9913","Maryland","Channise Lewis|Kaila Charles|Sara Vujacic|Sarah Myers|Shakira Austin|Taylor Mikesell",6,2392,2400,8,0,0,0
"2018-19","9913","Radford","Alexis Jackson|Amele Ngwafang|Bryonna McClean|Laney Corbin|Makaila Wilson|Savannah Felgemacher|Tina Lindenfeld",7,2345,2400,55,0,0,0
"2018-19","9914","Maryland","Blair Watson|Kaila Charles|Shakira Austin|Stephanie Jones|Taylor Mikesell",5,0,215,215,7,10,-3
"2018-19","9914","Maryland","Blair Watson|Brianna Fraser|Kaila Charles|Stephanie Jones|Taylor Mikesell",5,215,239,24,1,2,-1
"2018-19","9914","Ucla","Japreece Dean|Kennedy Burke|Lajahna Drummer|Lindsey Corsaro|Michaela Onyenwere",5,0,280,280,14,10,4
"2018-19","9914","Maryland","Blair Watson|Brianna Fraser|Channise Lewis|Kaila Charles|Taylor Mikesell",5,239,280,41,2,2,0
"2018-19","9914","Ucla","Japreece Dean|Kennedy Burke|Kiara Jefferson|Lajahna Drummer|Lauryn Miller",5,280,411,131,4,6,-2
"2018-19","9914","Maryland","Blair Watson|Channise Lewis|Kaila Charles|Stephanie Jones|Taylor Mikesell",5,280,414,134,6,4,2
"2018-19","9914","Ucla","Kennedy Burke|Kiara Jefferson|Lajahna Drummer|Lindsey Corsaro|Michaela Onyenwere",5,411,504,93,2,3,-1
"2018-19","9914","Maryland","Channise Lewis|Kaila Charles|Shakira Austin|Stephanie Jones|Taylor Mikesell",5,414,504,90,3,2,1
"2018-19","9914","Ucla","Japreece Dean|Kennedy Burke|Lajahna Drummer|Lindsey Corsaro|Michaela Onyenwere",5,504,537,33,2,1,1
"2018-19","9914","Maryland","Blair Watson|Channise Lewis|Kaila Charles|Shakira Austin|Taylor Mikesell",5,504,538,34,1,2,-1
"2018-19","9914","Maryland","Channise Lewis|Kaila Charles|Sara Vujacic|Shakira Austin|Taylor Mikesell",5,538,566,28,0,2,-2
"2018-19","9914","Ucla","Ahlana Smith|Japreece Dean|Lajahna Drummer|Lindsey Corsaro|Michaela Onyenwere",5,537,600,63,4,0,4
"2018-19","9914","Ucla","Ahlana Smith|Kennedy Burke|Lajahna Drummer|Lindsey Corsaro|Michaela Onyenwere",5,600,609,9,0,2,-2
"2018-19","9914","Maryland","Channise Lewis|Kaila Charles|Sara Vujacic|Stephanie Jones|Taylor Mikesell",5,566,674,108,4,2,2
"2018-19","9914","Ucla","Ahlana Smith|Kennedy Burke|Lindsey Corsaro|Michaela Onyenwere",4,609,731,122,2,2,0
"2018-19","9914","Maryland","Brianna Fraser|Channise Lewis|Sara Vujacic|Stephanie Jones|Taylor Mikesell",5,674,731,57,0,2,-2
"2018-19","9914","Ucla","Ahlana Smith|Kennedy Burke|Lajahna Drummer|Lindsey Corsaro|Michaela Onyenwere",5,731,802,71,5,4,1
"2018-19","9914","Maryland","Channise Lewis|Kaila Charles|Sara Vujacic|Stephanie Jones|Taylor Mikesell",5,731,802,71,4,5,-1
"2018-19","9914","Ucla","Ahlana Smith|Kennedy Burke|Lajahna Drummer|Lauryn Miller|Lindsey Corsaro",5,802,865,63,2,0,2
"2018-19","9914","Maryland","Channise Lewis|Kaila Charles|Sara Vujacic|Taylor Mikesell",4,802,865,63,0,2,-2
"2018-19","9914","Ucla","Ahlana Smith|Kiara Jefferson|Lajahna Drummer|Lauryn Miller|Lindsey Corsaro",5,865,905,40,3,2,1
"2018-19","9914","Ucla","Ahlana Smith|Kiara Jefferson|Lajahna Drummer|Lindsey Corsaro|Michaela Onyenwere",5,905,989,84,2,4,-2
"2018-19","9914","Maryland","Channise Lewis|Sara Vujacic|Stephanie Jones|Taylor Mikesell",4,865,1060,195,10,8,2
"2018-19","9914","Maryland","Channise Lewis|Sara Vujacic|Stephanie Jones|Taylor Mikesell",4,1060,1084,24,0,1,-1
"2018-19","9914","Ucla","Ahlana Smith|Kennedy Burke|Lajahna Drummer|Lauryn Miller|Lindsey Corsaro",5,989,1194,205,4,6,-2
"2018-19","9914","Maryland","Brianna Fraser|Channise Lewis|Sara Vujacic|Taylor Mikesell",4,1084,1194,110,2,0,2
"2018-19","9914","Maryland","Brianna Fraser|Channise Lewis|Kaila Charles|Taylor Mikesell",4,1194,1200,6,0,0,0
"2018-19","9914","Ucla","Ahlana Smith|Kennedy Burke|Kiara Jefferson|Lajahna Drummer|Lauryn Miller",5,1194,1200,6,0,0,0
"2018-19","9914","Maryland","Blair Watson|Kaila Charles|Shakira Austin|Stephanie Jones|Taylor Mikesell",5,1200,1292,92,9,4,5
"2018-19","9914","Ucla","Japreece Dean|Kennedy Burke|Lajahna Drummer|Lindsey Corsaro|Michaela Onyenwere",5,1200,1425,225,11,15,-4
"2018-19","9914","Maryland","Blair Watson|Channise Lewis|Kaila Charles|Shakira Austin|Taylor Mikesell",5,1292,1427,135,6,7,-1
"2018-19","9914","Ucla","Japreece Dean|Kiara Jefferson|Lauryn Miller|Lindsey Corsaro|Michaela Onyenwere",5,1425,1455,30,0,2,-2
"2018-19","9914","Ucla","Japreece Dean|Kennedy Burke|Kiara Jefferson|Lauryn Miller|Lindsey Corsaro",5,1455,1580,125,7,4,3
"2018-19","9914","Maryland","Channise Lewis|Kaila Charles|Sara Vujacic|Shakira Austin|Taylor Mikesell",5,1427,1580,153,6,7,-1
"2018-19","9914","Maryland","Blair Watson|Brianna Fraser|Kaila Charles|Shakira Austin|Taylor Mikesell",5,1580,1631,51,4,2,2
"2018-19","9914","Maryland","Brianna Fraser|Channise Lewis|Kaila Charles|Shakira Austin|Taylor Mikesell",5,1631,1800,169,6,2,4
"2018-19","9914","Maryland","Channise Lewis|Kaila Charles|Shakira Austin|Stephanie Jones|Taylor Mikesell",5,1800,2129,329,5,8,-3
"2018-19","9914","Ucla","Japreece Dean|Kennedy Burke|Lajahna Drummer|Lindsey Corsaro|Michaela Onyenwere",5,1580,2282,702,17,17,0
"2018-19","9914","Maryland","Brianna Fraser|Channise Lewis|Kaila Charles|Shakira Austin|Taylor Mikesell",5,2129,2282,153,2,5,-3
"2018-19","9914","Ucla","Ahlana Smith|Japreece Dean|Kennedy Burke|Lindsey Corsaro|Michaela Onyenwere",5,2282,2334,52,0,0,0
"2018-19","9914","Maryland","Channise Lewis|Kaila Charles|Shakira Austin|Stephanie Jones|Taylor Mikesell",5,2282,2376,94,1,4,-3
"2018-19","9914","Maryland","Channise Lewis|Kaila Charles|Shakira Austin|Stephanie Jones|Taylor Mikesell",5,2376,2400,24,1,2,-1
"2018-19","9914","Ucla","Japreece Dean|Kennedy Burke|Lajahna Drummer|Lindsey Corsaro|Michaela Onyenwere",5,2334,2400,66,6,2,4
"2018-19","10054","Penn State","Alisia Smith|Amari Carter|Karisma Ortiz|Siyeh Frazier|Teniya Page",5,0,197,197,3,7,-4
"2018-19","10054","Maryland","Blair Watson|Kaila Charles|Shakira Austin|Stephanie Jones|Taylor Mikesell",5,0,238,238,7,6,1
"2018-19","10054","Maryland","Channise Lewis|Kaila Charles|Shakira Austin|Stephanie Jones|Taylor Mikesell",5,238,302,64,4,0,4
"2018-19","10054","Penn State","Amari Carter|Kamaria McDaniel|Karisma Ortiz|Lauren Ebo|Teniya Page",5,197,302,105,3,4,-1
"2018-19","10054","Maryland","Channise Lewis|Kaila Charles|Taylor Mikesell",3,302,324,22,2,0,2
"2018-19","10054","Maryland","Brianna Fraser|Channise Lewis|Kaila Charles|Stephanie Jones|Taylor Mikesell",5,324,402,78,2,5,-3
"2018-19","10054","Maryland","Brianna Fraser|Channise Lewis|Kaila Charles|Shakira Austin|Taylor Mikesell",5,402,584,182,3,8,-5
"2018-19","10054","Penn State","Amari Carter|J. Travascio-Green|Kamaria McDaniel|Lauren Ebo|Teniya Page",5,302,584,282,13,7,6
"2018-19","10054","Penn State","Alisia Smith|Amari Carter|Karisma Ortiz|Siyeh Frazier|Teniya Page",5,584,591,7,0,0,0
"2018-19","10054","Penn State","Alisia Smith|Amari Carter|J. Travascio-Green|Siyeh Frazier|Teniya Page",5,591,600,9,2,0,2
"2018-19","10054","Maryland","Blair Watson|Brianna Fraser|Kaila Charles|Stephanie Jones|Taylor Mikesell",5,584,600,16,0,2,-2
"2018-19","10054","Penn State","Alisia Smith|J. Travascio-Green|Kamaria McDaniel|Karisma Ortiz|Teniya Page",5,600,657,57,6,2,4
"2018-19","10054","Maryland","Blair Watson|Brianna Fraser|Kaila Charles|Stephanie Jones|Taylor Mikesell",5,600,687,87,2,6,-4
"2018-19","10054","Penn State","Alisia Smith|Amari Carter|J. Travascio-Green|Kamaria McDaniel|Karisma Ortiz",5,657,687,30,0,0,0
"2018-19","10054","Maryland","Blair Watson|Brianna Fraser|Kaila Charles|Shakira Austin|Taylor Mikesell",5,687,708,21,0,0,0
"2018-19","10054","Penn State","Alisia Smith|Amari Carter|Kamaria McDaniel|Karisma Ortiz|Lauren Ebo",5,687,708,21,0,0,0
"2018-19","10054","Penn State","Alisia Smith|Amari Carter|Kamaria McDaniel|Lauren Ebo|Siyeh Frazier",5,708,726,18,0,0,0
"2018-19","10054","Penn State","Alisia Smith|Amari Carter|Kamaria McDaniel|Siyeh Frazier|Teniya Page",5,726,753,27,0,1,-1
"2018-19","10054","Maryland","Blair Watson|Channise Lewis|Kaila Charles|Shakira Austin|Taylor Mikesell",5,708,773,65,1,1,0
"2018-19","10054","Penn State","Amari Carter|Kamaria McDaniel|Lauren Ebo|Siyeh Frazier|Teniya Page",5,753,773,20,1,0,1
"2018-19","10054","Penn State","J. Travascio-Green|Kamaria McDaniel|Lauren Ebo|Siyeh Frazier|Teniya Page",5,773,799,26,0,2,-2
"2018-19","10054","Penn State","Alisia Smith|J. Travascio-Green|Kamaria McDaniel|Lauren Ebo|Teniya Page",5,799,946,147,3,7,-4
"2018-19","10054","Penn State","Alisia Smith|Amari Carter|Karisma Ortiz|Siyeh Frazier|Teniya Page",5,946,1069,123,4,5,-1
"2018-19","10054","Penn State","Alisia Smith|Amari Carter|J. Travascio-Green|Kamaria McDaniel|Teniya Page",5,1069,1200,131,6,4,2
"2018-19","10054","Maryland","Blair Watson|Channise Lewis|Shakira Austin|Stephanie Jones|Taylor Mikesell",5,773,1200,427,18,13,5
"2018-19","10054","Maryland","Blair Watson|Kaila Charles|Shakira Austin|Stephanie Jones|Taylor Mikesell",5,1200,1240,40,3,3,0
"2018-19","10054","Maryland","Blair Watson|Channise Lewis|Shakira Austin|Stephanie Jones|Taylor Mikesell",5,1240,1292,52,2,0,2
"2018-19","10054","Penn State","Alisia Smith|Amari Carter|Lauren Ebo|Siyeh Frazier|Teniya Page",5,1200,1292,92,3,5,-2
"2018-19","10054","Penn State","Amari Carter|J. Travascio-Green|Lauren Ebo|Siyeh Frazier|Teniya Page",5,1292,1311,19,0,0,0
"2018-19","10054","Penn State","Amari Carter|J. Travascio-Green|Kamaria McDaniel|Lauren Ebo|Teniya Page",5,1311,1408,97,3,2,1
"2018-19","10054","Maryland","Blair Watson|Brianna Fraser|Channise Lewis|Stephanie Jones|Taylor Mikesell",5,1292,1508,216,3,5,-2
"2018-19","10054","Penn State","Alisia Smith|Amari Carter|J. Travascio-Green|Kamaria McDaniel|Teniya Page",5,1408,1508,100,2,1,1
"2018-19","10054","Maryland","Brianna Fraser|Channise Lewis|Kaila Charles|Stephanie Jones|Taylor Mikesell",5,1508,1633,125,5,6,-1
"2018-19","10054","Penn State","Alisia Smith|Amari Carter|Kamaria McDaniel|Lauren Ebo|Teniya Page",5,1508,1633,125,6,5,1
"2018-19","10054","Penn State","Alisia Smith|Kamaria McDaniel|Karisma Ortiz|Lauren Ebo|Teniya Page",5,1633,1687,54,2,0,2
"2018-19","10054","Penn State","Alisia Smith|Karisma Ortiz|Lauren Ebo|Siyeh Frazier|Teniya Page",5,1687,1742,55,0,4,-4
"2018-19","10054","Penn State","Alisia Smith|Amari Carter|Kamaria McDaniel|Lauren Ebo|Teniya Page",5,1742,1800,58,0,0,0
"2018-19","10054","Maryland","Blair Watson|Brianna Fraser|Channise Lewis|Kaila Charles|Stephanie Jones",5,1633,1800,167,4,2,2
"2018-19","10054","Penn State","Alisia Smith|Amari Carter|Kamaria McDaniel|Lauren Ebo|Teniya Page",5,1800,1854,54,2,3,-1
"2018-19","10054","Penn State","Amari Carter|J. Travascio-Green|Kamaria McDaniel|Lauren Ebo|Teniya Page",5,1854,1892,38,2,2,0
"2018-19","10054","Penn State","Amari Carter|Bexley Wallace|J. Travascio-Green|Kamaria McDaniel|Teniya Page",5,1892,2003,111,0,4,-4
"2018-19","10054","Penn State","Alisia Smith|Amari Carter|Kamaria McDaniel|Lauren Ebo|Teniya Page",5,2003,2004,1,0,0,0
"2018-19","10054","Maryland","Blair Watson|Brianna Fraser|Channise Lewis|Kaila Charles|Stephanie Jones",5,1800,2012,212,9,4,5
"2018-19","10054","Penn State","Alisia Smith|Amari Carter|Lauren Ebo|Siyeh Frazier|Teniya Page",5,2004,2081,77,0,1,-1
"2018-19","10054","Maryland","Blair Watson|Brianna Fraser|Channise Lewis|Stephanie Jones|Taylor Mikesell",5,2012,2115,103,4,0,4
"2018-19","10054","Penn State","Alisia Smith|Amari Carter|Kamaria McDaniel|Lauren Ebo|Siyeh Frazier",5,2081,2115,34,0,3,-3
"2018-19","10054","Penn State","Alisia Smith|Amari Carter|Kamaria McDaniel|Lauren Ebo|Teniya Page",5,2115,2153,38,0,2,-2
"2018-19","10054","Penn State","Amari Carter|Kamaria McDaniel|Karisma Ortiz|Lauren Ebo|Teniya Page",5,2153,2222,69,0,0,0
"2018-19","10054","Penn State","Amari Carter|J. Travascio-Green|Kamaria McDaniel|Lauren Ebo|Teniya Page",5,2222,2277,55,0,3,-3
"2018-19","10054","Penn State","Alisia Smith|Amari Carter|Kamaria McDaniel|Lauren Ebo|Teniya Page",5,2277,2347,70,0,3,-3
"2018-19","10054","Penn State","Alisia Smith|Amari Carter|J. Travascio-Green|Kamaria McDaniel|Teniya Page",5,2347,2349,2,0,0,0
"2018-19","10054","Penn State","Alisia Smith|Amari Carter|Kamaria McDaniel|Siyeh Frazier|Teniya Page",5,2349,2360,11,0,0,0
"2018-19","10054","Penn State","Alisia Smith|Amari Carter|J. Travascio-Green|Kamaria McDaniel|Teniya Page",5,2360,2400,40,0,0,0
"2018-19","10054","Maryland","Blair Watson|Brianna Fraser|Channise Lewis|Kaila Charles|Stephanie Jones",5,2115,2400,285,8,0,8
"2018-19","10055","Maryland","Blair Watson|Kaila Charles|Shakira Austin|Stephanie Jones|Taylor Mikesell",5,0,134,134,3,6,-3
"2018-19","10055","Rutgers","Arella Guirantes|Charise Wilson|Ciani Cryor|Tekia Mack|Victoria Harris",5,0,188,188,8,6,2
"2018-19","10055","Rutgers","Arella Guirantes|Charise Wilson|Ciani Cryor|Stasha Carey|Tekia Mack",5,188,237,49,3,3,0
"2018-19","10055","Maryland","Blair Watson|Brianna Fraser|Kaila Charles|Stephanie Jones|Taylor Mikesell",5,134,255,121,6,8,-2
"2018-19","10055","Rutgers","Arella Guirantes|Caitlin Jenkins|Charise Wilson|Ciani Cryor|Stasha Carey",5,237,308,71,3,2,1
"2018-19","10055","Maryland","Blair Watson|Kaila Charles|Shakira Austin|Stephanie Jones|Taylor Mikesell",5,255,336,81,2,2,0
"2018-19","10055","Rutgers","Caitlin Jenkins|Charise Wilson|Ciani Cryor|Sierra Calhoun|Stasha Carey",5,308,432,124,7,5,2
"2018-19","10055","Maryland","Blair Watson|Channise Lewis|Shakira Austin|Stephanie Jones|Taylor Mikesell",5,336,432,96,5,5,0
"2018-19","10055","Rutgers","Arella Guirantes|Caitlin Jenkins|Ciani Cryor|Sierra Calhoun|Tekia Mack",5,432,551,119,5,5,0
"2018-19","10055","Maryland","Blair Watson|Brianna Fraser|Channise Lewis|Kaila Charles|Taylor Mikesell",5,432,551,119,5,5,0
"2018-19","10055","Maryland","Blair Watson|Channise Lewis|Kaila Charles|Stephanie Jones|Taylor Mikesell",5,551,600,49,3,2,1
"2018-19","10055","Rutgers","Arella Guirantes|Caitlin Jenkins|Charise Wilson|Sierra Calhoun|Tekia Mack",5,551,600,49,2,3,-1
"2018-19","10055","Rutgers","Arella Guirantes|Caitlin Jenkins|Charise Wilson|Sierra Calhoun|Stasha Carey",5,600,725,125,2,6,-4
"2018-19","10055","Maryland","Channise Lewis|Kaila Charles|Shakira Austin|Stephanie Jones|Taylor Mikesell",5,600,725,125,6,2,4
"2018-19","10055","Rutgers","Caitlin Jenkins|Charise Wilson|Noga Peleg Pelc|Sierra Calhoun|Stasha Carey",5,725,901,176,4,0,4
"2018-19","10055","Maryland","Channise Lewis|Shakira Austin|Stephanie Jones|Taylor Mikesell",4,725,901,176,0,4,-4
"2018-19","10055","Rutgers","Arella Guirantes|Caitlin Jenkins|Sierra Calhoun|Stasha Carey|Tekia Mack",5,901,1060,159,3,3,0
"2018-19","10055","Maryland","Channise Lewis|Kaila Charles|Shakira Austin|Taylor Mikesell",4,901,1088,187,4,3,1
"2018-19","10055","Rutgers","Arella Guirantes|Caitlin Jenkins|Sierra Calhoun|Stasha Carey",4,1060,1187,127,2,3,-1
"2018-19","10055","Maryland","Channise Lewis|Kaila Charles|Shakira Austin|Stephanie Jones|Taylor Mikesell",5,1088,1200,112,2,4,-2
"2018-19","10055","Rutgers","Caitlin Jenkins|Charise Wilson|Noga Peleg Pelc|Stasha Carey",4,1187,1200,13,2,0,2
"2018-19","10055","Maryland","Blair Watson|Kaila Charles|Shakira Austin|Stephanie Jones|Taylor Mikesell",5,1200,1264,64,0,0,0
"2018-19","10055","Rutgers","Arella Guirantes|Charise Wilson|Ciani Cryor|Stasha Carey|Victoria Harris",5,1200,1328,128,2,0,2
"2018-19","10055","Maryland","Blair Watson|Brianna Fraser|Kaila Charles|Stephanie Jones|Taylor Mikesell",5,1264,1385,121,0,2,-2
"2018-19","10055","Rutgers","Charise Wilson|Ciani Cryor|Sierra Calhoun|Stasha Carey|Victoria Harris",5,1328,1490,162,0,3,-3
"2018-19","10055","Rutgers","Caitlin Jenkins|Charise Wilson|Ciani Cryor|Noga Peleg Pelc|Stasha Carey",5,1490,1507,17,0,0,0
"2018-19","10055","Maryland","Blair Watson|Brianna Fraser|Kaila Charles|Shakira Austin|Taylor Mikesell",5,1385,1507,122,3,0,3
"2018-19","10055","Rutgers","Arella Guirantes|Caitlin Jenkins|Ciani Cryor|Noga Peleg Pelc|Stasha Carey",5,1507,1609,102,4,3,1
"2018-19","10055","Maryland","Brianna Fraser|Channise Lewis|Kaila Charles|Stephanie Jones|Taylor Mikesell",5,1507,1716,209,6,4,2
"2018-19","10055","Rutgers","Caitlin Jenkins|Charise Wilson|Ciani Cryor|Sierra Calhoun|Stasha Carey",5,1609,1778,169,0,5,-5
"2018-19","10055","Rutgers","Arella Guirantes|Caitlin Jenkins|Charise Wilson|Ciani Cryor|Stasha Carey",5,1778,1800,22,0,0,0
"2018-19","10055","Maryland","Blair Watson|Brianna Fraser|Kaila Charles|Stephanie Jones|Taylor Mikesell",5,1716,1853,137,4,2,2
"2018-19","10055","Rutgers","Arella Guirantes|Charise Wilson|Ciani Cryor|Stasha Carey|Victoria Harris",5,1800,1914,114,2,2,0
"2018-19","10055","Rutgers","Arella Guirantes|Caitlin Jenkins|Charise Wilson|Ciani Cryor|Stasha Carey",5,1914,1965,51,0,2,-2
"2018-19","10055","Maryland","Blair Watson|Brianna Fraser|Channise Lewis|Kaila Charles|Stephanie Jones|Taylor Mikesell",6,1853,2063,210,4,8,-4
"2018-19","10055","Rutgers","Arella Guirantes|Caitlin Jenkins|Ciani Cryor|Noga Peleg Pelc|Stasha Carey",5,1965,2137,172,11,6,5
"2018-19","10055","Rutgers","Arella Guirantes|Ciani Cryor|Noga Peleg Pelc|Stasha Carey|Victoria Harris",5,2137,2350,213,7,6,1
"2018-19","10055","Rutgers","Ciani Cryor|Noga Peleg Pelc|Stasha Carey|Victoria Harris",4,2350,2367,17,0,0,0
"2018-19","10055","Rutgers","Arella Guirantes|Ciani Cryor|Noga Peleg Pelc|Stasha Carey|Victoria Harris",5,2367,2368,1,2,0,2
"2018-19","10055","Maryland","Blair Watson|Brianna Fraser|Kaila Charles|Stephanie Jones|Taylor Mikesell",5,2063,2368,305,10,12,-2
"2018-19","10055","Maryland","Blair Watson|Channise Lewis|Kaila Charles|Stephanie Jones|Taylor Mikesell",5,2368,2387,19,0,2,-2
"2018-19","10055","Rutgers","Ciani Cryor|Noga Peleg Pelc|Stasha Carey|Tekia Mack|Victoria Harris",5,2368,2393,25,2,2,0
"2018-19","10055","Maryland","Blair Watson|Brianna Fraser|Channise Lewis|Kaila Charles|Taylor Mikesell",5,2387,2393,6,2,0,2
"2018-19","10055","Rutgers","Arella Guirantes|Ciani Cryor|Noga Peleg Pelc|Stasha Carey|Victoria Harris",5,2393,2397,4,2,0,2
"2018-19","10055","Maryland","Blair Watson|Brianna Fraser|Kaila Charles|Taylor Mikesell",4,2393,2400,7,0,2,-2
"2018-19","10055","Rutgers","Ciani Cryor|Noga Peleg Pelc|Stasha Carey|Tekia Mack|Victoria Harris",5,2397,2400,3,0,0,0
"2018-19","10056","Maryland","Blair Watson|Kaila Charles|Shakira Austin|Stephanie Jones|Taylor Mikesell",5,0,163,163,5,6,-1
"2018-19","10056","Maryland","Blair Watson|Brianna Fraser|Kaila Charles|Stephanie Jones|Taylor Mikesell",5,163,200,37,0,2,-2
"2018-19","10056","Maryland","Blair Watson|Channise Lewis|Kaila Charles|Stephanie Jones|Taylor Mikesell",5,200,211,11,0,2,-2
"2018-19","10056","Ohio State","Carly Santoro|Carmen Grande|Dorka Juhasz|Janai Crooms|Makayla Waterman",5,0,326,326,11,10,1
"2018-19","10056","Ohio State","Carly Santoro|Dorka Juhasz|Janai Crooms|Makayla Waterman|Najah Queenland",5,326,379,53,2,3,-1
"2018-19","10056","Ohio State","Aaliyah Patty|Adreana Miller|Dorka Juhasz|Janai Crooms|Najah Queenland",5,379,384,5,0,2,-2
"2018-19","10056","Ohio State","Aaliyah Patty|Adreana Miller|Carmen Grande|Dorka Juhasz|Najah Queenland",5,384,428,44,0,2,-2
"2018-19","10056","Maryland","Blair Watson|Channise Lewis|Kaila Charles|Shakira Austin|Taylor Mikesell",5,211,530,319,12,6,6
"2018-19","10056","Ohio State","Adreana Miller|Carmen Grande|Dorka Juhasz|Makayla Waterman|Najah Queenland",5,428,536,108,3,0,3
"2018-19","10056","Maryland","Channise Lewis|Kaila Charles|Sarah Myers|Shakira Austin|Taylor Mikesell",5,530,600,70,3,3,0
"2018-19","10056","Ohio State","Adreana Miller|Dorka Juhasz|Janai Crooms|Makayla Waterman|Najah Queenland",5,536,600,64,3,3,0
"2018-19","10056","Maryland","Brianna Fraser|Kaila Charles|Sarah Myers|Stephanie Jones|Taylor Mikesell",5,600,620,20,0,3,-3
"2018-19","10056","Ohio State","Carly Santoro|Carmen Grande|Dorka Juhasz|Janai Crooms|Makayla Waterman",5,600,641,41,3,0,3
"2018-19","10056","Ohio State","Aaliyah Patty|Carly Santoro|Carmen Grande|Dorka Juhasz|Janai Crooms",5,641,772,131,5,3,2
"2018-19","10056","Maryland","Brianna Fraser|Sarah Myers|Stephanie Jones|Taylor Mikesell",4,620,772,152,3,5,-2
"2018-19","10056","Ohio State","Carly Santoro|Carmen Grande|Dorka Juhasz|Janai Crooms|Jensen Caretti|Makayla Waterman",6,772,852,80,2,2,0
"2018-19","10056","Maryland","Brianna Fraser|Kaila Charles|Sarah Myers|Stephanie Jones",4,772,852,80,2,2,0
"2018-19","10056","Ohio State","Carly Santoro|Carmen Grande|Dorka Juhasz|Janai Crooms|Makayla Waterman|Najah Queenland",6,852,950,98,2,7,-5
"2018-19","10056","Maryland","Kaila Charles|Sarah Myers|Shakira Austin|Stephanie Jones|Taylor Mikesell",5,852,950,98,7,2,5
"2018-19","10056","Maryland","Blair Watson|Kaila Charles|Sarah Myers|Shakira Austin|Stephanie Jones|Taylor Mikesell",6,950,1001,51,2,2,0
"2018-19","10056","Ohio State","Aaliyah Patty|Adreana Miller|Carmen Grande|Makayla Waterman|Najah Queenland",5,950,1013,63,2,2,0
"2018-19","10056","Ohio State","Adreana Miller|Carmen Grande|Dorka Juhasz|Makayla Waterman|Najah Queenland",5,1013,1061,48,0,2,-2
"2018-19","10056","Maryland","Blair Watson|Brianna Fraser|Kaila Charles|Sarah Myers|Stephanie Jones|Taylor Mikesell",6,1001,1061,60,2,0,2
"2018-19","10056","Ohio State","Carmen Grande|Dorka Juhasz|Janai Crooms|Makayla Waterman|Najah Queenland",5,1061,1151,90,3,2,1
"2018-19","10056","Ohio State","Carly Santoro|Dorka Juhasz|Janai Crooms|Makayla Waterman|Najah Queenland",5,1151,1175,24,0,2,-2
"2018-19","10056","Maryland","Brianna Fraser|Channise Lewis|Kaila Charles|Sarah Myers|Stephanie Jones|Taylor Mikesell",6,1061,1175,114,4,3,1
"2018-19","10056","Ohio State","Carly Santoro|Dorka Juhasz|Janai Crooms|Jensen Caretti|Najah Queenland",5,1175,1190,15,0,3,-3
"2018-19","10056","Maryland","Blair Watson|Channise Lewis|Kaila Charles|Sarah Myers|Stephanie Jones|Taylor Mikesell",6,1175,1190,15,3,0,3
"2018-19","10056","Maryland","Channise Lewis|Kaila Charles|Sarah Myers|Stephanie Jones|Taylor Mikesell",5,1190,1200,10,0,0,0
"2018-19","10056","Maryland","Blair Watson|Channise Lewis|Kaila Charles|Stephanie Jones|Taylor Mikesell",5,1200,1395,195,4,11,-7
"2018-19","10056","Ohio State","Carly Santoro|Carmen Grande|Dorka Juhasz|Janai Crooms|Makayla Waterman",5,1190,1523,333,13,8,5
"2018-19","10056","Ohio State","Aaliyah Patty|Carly Santoro|Carmen Grande|Janai Crooms|Makayla Waterman",5,1523,1600,77,2,2,0
"2018-19","10056","Maryland","Blair Watson|Channise Lewis|Kaila Charles|Taylor Mikesell",4,1395,1600,205,6,4,2
"2018-19","10056","Maryland","Channise Lewis|Kaila Charles|Sarah Myers|Stephanie Jones|Taylor Mikesell",5,1600,1641,41,0,5,-5
"2018-19","10056","Ohio State","Aaliyah Patty|Adreana Miller|Carmen Grande|Dorka Juhasz|Najah Queenland",5,1600,1796,196,7,4,3
"2018-19","10056","Maryland","Brianna Fraser|Channise Lewis|Kaila Charles|Stephanie Jones|Taylor Mikesell",5,1641,1796,155,4,2,2
"2018-19","10056","Maryland","Brianna Fraser|Channise Lewis|Kaila Charles|Shakira Austin|Taylor Mikesell",5,1796,1800,4,0,0,0
"2018-19","10056","Ohio State","Aaliyah Patty|Adreana Miller|Carmen Grande|Dorka Juhasz|Makayla Waterman",5,1796,1800,4,0,0,0
"2018-19","10056","Ohio State","Carly Santoro|Carmen Grande|Dorka Juhasz|Janai Crooms|Makayla Waterman",5,1800,1972,172,2,4,-2
"2018-19","10056","Ohio State","Aaliyah Patty|Adreana Miller|Carmen Grande|Janai Crooms|Makayla Waterman",5,1972,2015,43,0,0,0
"2018-19","10056","Maryland","Brianna Fraser|Channise Lewis|Stephanie Jones",3,1800,2015,215,4,2,2
"2018-19","10056","Ohio State","Aaliyah Patty|Adreana Miller|Carmen Grande|Dorka Juhasz|Najah Queenland",5,2015,2035,20,0,0,0
"2018-19","10056","Ohio State","Adreana Miller|Carmen Grande|Dorka Juhasz|Makayla Waterman|Najah Queenland",5,2035,2064,29,0,0,0
"2018-19","10056","Maryland","Brianna Fraser|Channise Lewis|Stephanie Jones|Taylor Mikesell",4,2015,2064,49,0,0,0
"2018-19","10056","Ohio State","Carmen Grande|Dorka Juhasz|Janai Crooms|Makayla Waterman|Najah Queenland",5,2064,2170,106,6,6,0
"2018-19","10056","Maryland","Brianna Fraser|Channise Lewis|Stephanie Jones|Taylor Mikesell",4,2064,2183,119,6,6,0
"2018-19","10056","Ohio State","Carly Santoro|Carmen Grande|Dorka Juhasz|Janai Crooms|Makayla Waterman",5,2170,2323,153,3,5,-2
"2018-19","10056","Ohio State","Aaliyah Patty|Carly Santoro|Carmen Grande|Dorka Juhasz|Janai Crooms",5,2323,2371,48,0,3,-3
"2018-19","10056","Maryland","Blair Watson|Brianna Fraser|Stephanie Jones|Taylor Mikesell",4,2183,2400,217,8,3,5
"2018-19","10056","Ohio State","Adreana Miller|Carly Santoro|Carmen Grande|Dorka Juhasz|Janai Crooms",5,2371,2400,29,0,0,0
"2018-19","10057","Maryland","Blair Watson|Kaila Charles|Shakira Austin|Stephanie Jones|Taylor Mikesell",5,0,159,159,5,3,2
"2018-19","10057","Nebraska","Hannah Whitish|Kate Cain|Maddie Simon|Nicea Eliely|Taylor Kissinger",5,0,159,159,3,5,-2
"2018-19","10057","Maryland","Blair Watson|Channise Lewis|Shakira Austin|Stephanie Jones|Taylor Mikesell",5,159,257,98,4,5,-1
"2018-19","10057","Nebraska","Ashtyn Veerbeek|Hannah Whitish|Maddie Simon|Nicea Eliely|Taylor Kissinger",5,159,257,98,5,4,1
"2018-19","10057","Maryland","Channise Lewis|Kaila Charles|Shakira Austin|Stephanie Jones|Taylor Mikesell",5,257,293,36,2,2,0
"2018-19","10057","Maryland","Blair Watson|Channise Lewis|Kaila Charles|Stephanie Jones|Taylor Mikesell",5,293,464,171,11,7,4
"2018-19","10057","Nebraska","Ashtyn Veerbeek|Hannah Whitish|Kayla Mershon|Leigha Brown|Sam Haiby",5,257,464,207,9,13,-4
"2018-19","10057","Maryland","Blair Watson|Brianna Fraser|Channise Lewis|Kaila Charles|Taylor Mikesell",5,464,525,61,2,2,0
"2018-19","10057","Nebraska","Grace Mitchell|Kate Cain|Nicea Eliely|Sam Haiby|Taylor Kissinger",5,464,600,136,6,4,2
"2018-19","10057","Maryland","Blair Watson|Channise Lewis|Kaila Charles|Shakira Austin|Taylor Mikesell",5,525,600,75,2,4,-2
"2018-19","10057","Maryland","Blair Watson|Channise Lewis|Kaila Charles|Stephanie Jones|Taylor Mikesell",5,600,673,73,3,1,2
"2018-19","10057","Nebraska","Hannah Whitish|Kate Cain|Maddie Simon|Nicea Eliely|Taylor Kissinger",5,600,673,73,1,3,-2
"2018-19","10057","Maryland","Blair Watson|Channise Lewis|Kaila Charles|Stephanie Jones",4,673,741,68,0,0,0
"2018-19","10057","Nebraska","Hannah Whitish|Kate Cain|Kayla Mershon|Leigha Brown|Taylor Kissinger",5,673,761,88,0,0,0
"2018-19","10057","Nebraska","Hannah Whitish|Kate Cain|Kayla Mershon|Leigha Brown|Sam Haiby",5,761,835,74,0,1,-1
"2018-19","10057","Maryland","Blair Watson|Brianna Fraser|Channise Lewis|Kaila Charles",4,741,855,114,1,0,1
"2018-19","10057","Maryland","Blair Watson|Brianna Fraser|Channise Lewis|Taylor Mikesell",4,855,938,83,5,5,0
"2018-19","10057","Nebraska","Ashtyn Veerbeek|Kayla Mershon|Leigha Brown|Nicea Eliely|Sam Haiby",5,835,938,103,5,5,0
"2018-19","10057","Maryland","Blair Watson|Brianna Fraser|Channise Lewis|Stephanie Jones|Taylor Mikesell",5,938,1014,76,2,1,1
"2018-19","10057","Nebraska","Ashtyn Veerbeek|Hannah Whitish|Kate Cain|Nicea Eliely|Taylor Kissinger",5,938,1014,76,1,2,-1
"2018-19","10057","Nebraska","Hannah Whitish|Kate Cain|Maddie Simon|Nicea Eliely|Taylor Kissinger",5,1014,1080,66,3,1,2
"2018-19","10057","Nebraska","Hannah Whitish|Kate Cain|Leigha Brown|Maddie Simon|Nicea Eliely",5,1080,1136,56,0,5,-5
"2018-19","10057","Maryland","Blair Watson|Channise Lewis|Shakira Austin|Stephanie Jones|Taylor Mikesell",5,1014,1171,157,6,7,-1
"2018-19","10057","Nebraska","Hannah Whitish|Kate Cain|Leigha Brown|Maddie Simon|Sam Haiby",5,1136,1171,35,4,0,4
"2018-19","10057","Nebraska","Hannah Whitish|Kate Cain|Kayla Mershon|Leigha Brown|Sam Haiby",5,1171,1200,29,0,0,0
"2018-19","10057","Maryland","Blair Watson|Channise Lewis|Olivia Owens|Shakira Austin|Taylor Mikesell",5,1171,1200,29,0,0,0
"2018-19","10057","Maryland","Blair Watson|Kaila Charles|Shakira Austin|Stephanie Jones|Taylor Mikesell",5,1200,1341,141,0,2,-2
"2018-19","10057","Maryland","Blair Watson|Brianna Fraser|Kaila Charles|Stephanie Jones|Taylor Mikesell",5,1341,1418,77,2,2,0
"2018-19","10057","Nebraska","Hannah Whitish|Kate Cain|Maddie Simon|Nicea Eliely|Taylor Kissinger",5,1200,1418,218,4,2,2
"2018-19","10057","Maryland","Brianna Fraser|Channise Lewis|Kaila Charles|Stephanie Jones|Taylor Mikesell",5,1418,1436,18,0,2,-2
"2018-19","10057","Nebraska","Ashtyn Veerbeek|Hannah Whitish|Kayla Mershon|Nicea Eliely|Taylor Kissinger",5,1418,1481,63,2,4,-2
"2018-19","10057","Maryland","Blair Watson|Channise Lewis|Kaila Charles|Stephanie Jones|Taylor Mikesell",5,1436,1537,101,6,0,6
"2018-19","10057","Nebraska","Ashtyn Veerbeek|Hannah Whitish|Kayla Mershon|Leigha Brown|Sam Haiby",5,1481,1574,93,0,4,-4
"2018-19","10057","Nebraska","Hannah Whitish|Kate Cain|Kayla Mershon|Leigha Brown|Sam Haiby",5,1574,1647,73,2,2,0
"2018-19","10057","Nebraska","Hannah Whitish|Kate Cain|Leigha Brown|Maddie Simon|Nicea Eliely",5,1647,1800,153,4,6,-2
"2018-19","10057","Maryland","Blair Watson|Channise Lewis|Kaila Charles|Shakira Austin|Taylor Mikesell",5,1537,1800,263,10,6,4
"2018-19","10057","Maryland","Blair Watson|Kaila Charles|Shakira Austin|Stephanie Jones|Taylor Mikesell",5,1800,1806,6,0,0,0
"2018-19","10057","Nebraska","Hannah Whitish|Kate Cain|Maddie Simon|Nicea Eliely|Taylor Kissinger",5,1800,1806,6,0,0,0
"2018-19","10057","Maryland","Blair Watson|Kaila Charles|Stephanie Jones|Taylor Mikesell",4,1806,1912,106,2,5,-3
"2018-19","10057","Nebraska","Kate Cain|Maddie Simon|Nicea Eliely|Sam Haiby|Taylor Kissinger",5,1806,2019,213,9,7,2
"2018-19","10057","Nebraska","Ashtyn Veerbeek|Hannah Whitish|Kayla Mershon|Leigha Brown|Nicea Eliely",5,2019,2168,149,0,7,-7
"2018-19","10057","Nebraska","Ashtyn Veerbeek|Hannah Whitish|Kayla Mershon|Leigha Brown|Sam Haiby",5,2168,2247,79,2,3,-1
"2018-19","10057","Maryland","Blair Watson|Brianna Fraser|Kaila Charles|Taylor Mikesell",4,1912,2330,418,15,8,7
"2018-19","10057","Nebraska","Grace Mitchell|Hannah Whitish|Kayla Mershon|Leigha Brown|Sam Haiby",5,2247,2345,98,3,0,3
"2018-19","10057","Nebraska","Grace Mitchell|Kayla Mershon|Leigha Brown|Nicea Eliely|Sam Haiby",5,2345,2400,55,0,3,-3
"2018-19","10057","Maryland","Brianna Fraser|Olivia Owens|Sara Vujacic|Sarah Myers",4,2330,2400,70,3,1,2
"2018-19","10058","Maryland","Blair Watson|Kaila Charles|Shakira Austin|Stephanie Jones|Taylor Mikesell",5,0,206,206,8,2,6
"2018-19","10058","Michigan","Amy Dilk|Deja Church|Hailey Brown|Hallie Thome|Nicole Munger",5,0,283,283,6,10,-4
"2018-19","10058","Maryland","Blair Watson|Brianna Fraser|Channise Lewis|Kaila Charles|Stephanie Jones",5,206,283,77,2,4,-2
"2018-19","10058","Maryland","Blair Watson|Brianna Fraser|Kaila Charles|Sarah Myers|Shakira Austin",5,283,331,48,0,3,-3
"2018-19","10058","Michigan","Amy Dilk|Deja Church|Hailey Brown|Naz Hillmon|Nicole Munger",5,283,391,108,7,0,7
"2018-19","10058","Maryland","Blair Watson|Kaila Charles|Shakira Austin|Stephanie Jones|Taylor Mikesell",5,331,437,106,2,4,-2
"2018-19","10058","Maryland","Blair Watson|Channise Lewis|Shakira Austin|Stephanie Jones|Taylor Mikesell",5,437,492,55,2,2,0
"2018-19","10058","Maryland","Channise Lewis|Kaila Charles|Sara Vujacic|Stephanie Jones|Taylor Mikesell",5,492,600,108,0,6,-6
"2018-19","10058","Michigan","Amy Dilk|Hallie Thome|Kayla Robbins|Naz Hillmon|Nicole Munger",5,391,600,209,8,4,4
"2018-19","10058","Michigan","Akienreh Johnson|Hailey Brown|Hallie Thome|Kayla Robbins",4,600,645,45,0,0,0
"2018-19","10058","Maryland","Blair Watson|Channise Lewis|Kaila Charles|Stephanie Jones|Taylor Mikesell",5,600,645,45,0,0,0
"2018-19","10058","Michigan","Akienreh Johnson|Hallie Thome|Kayla Robbins|Nicole Munger",4,645,697,52,0,2,-2
"2018-19","10058","Michigan","Akienreh Johnson|Hallie Thome|Kayla Robbins|Naz Hillmon|Nicole Munger",5,697,856,159,4,9,-5
"2018-19","10058","Maryland","Channise Lewis|Kaila Charles|Sara Vujacic|Stephanie Jones|Taylor Mikesell",5,645,856,211,11,4,7
"2018-19","10058","Michigan","Amy Dilk|Hallie Thome|Kayla Robbins|Naz Hillmon|Nicole Munger",5,856,936,80,0,2,-2
"2018-19","10058","Michigan","Amy Dilk|Hailey Brown|Hallie Thome|Kayla Robbins|Naz Hillmon|Nicole Munger",6,936,997,61,0,0,0
"2018-19","10058","Michigan","Akienreh Johnson|Amy Dilk|Hailey Brown|Hallie Thome|Kayla Robbins|Nicole Munger",6,997,1058,61,4,3,1
"2018-19","10058","Maryland","Channise Lewis|Kaila Charles|Sara Vujacic|Taylor Mikesell",4,856,1058,202,5,4,1
"2018-19","10058","Maryland","Channise Lewis|Kaila Charles|Sara Vujacic|Stephanie Jones|Taylor Mikesell",5,1058,1168,110,5,5,0
"2018-19","10058","Maryland","Blair Watson|Channise Lewis|Kaila Charles|Sara Vujacic|Stephanie Jones|Taylor Mikesell",6,1168,1200,32,0,0,0
"2018-19","10058","Michigan","Akienreh Johnson|Amy Dilk|Hallie Thome|Kayla Robbins|Nicole Munger",5,1058,1200,142,5,5,0
"2018-19","10058","Michigan","Amy Dilk|Deja Church|Hailey Brown|Hallie Thome|Nicole Munger",5,1200,1483,283,13,8,5
"2018-19","10058","Maryland","Blair Watson|Kaila Charles|Shakira Austin|Stephanie Jones|Taylor Mikesell",5,1200,1483,283,8,13,-5
"2018-19","10058","Michigan","Amy Dilk|Deja Church|Hallie Thome|Naz Hillmon|Nicole Munger",5,1483,1629,146,5,5,0
"2018-19","10058","Michigan","Akienreh Johnson|Amy Dilk|Hallie Thome|Kayla Robbins|Naz Hillmon",5,1629,1706,77,0,3,-3
"2018-19","10058","Maryland","Blair Watson|Brianna Fraser|Channise Lewis|Shakira Austin|Taylor Mikesell",5,1483,1706,223,8,5,3
"2018-19","10058","Maryland","Blair Watson|Channise Lewis|Shakira Austin|Stephanie Jones|Taylor Mikesell",5,1706,1798,92,2,0,2
"2018-19","10058","Maryland","Blair Watson|Brianna Fraser|Kaila Charles|Stephanie Jones|Taylor Mikesell",5,1798,1800,2,0,0,0
"2018-19","10058","Michigan","Akienreh Johnson|Amy Dilk|Hailey Brown|Kayla Robbins|Naz Hillmon",5,1706,1800,94,0,2,-2
"2018-19","10058","Maryland","Blair Watson|Kaila Charles|Shakira Austin|Stephanie Jones|Taylor Mikesell",5,1800,1803,3,0,0,0
"2018-19","10058","Maryland","Blair Watson|Channise Lewis|Shakira Austin|Taylor Mikesell",4,1803,1812,9,0,0,0
"2018-19","10058","Maryland","Blair Watson|Channise Lewis|Shakira Austin|Stephanie Jones|Taylor Mikesell",5,1812,1961,149,10,6,4
"2018-19","10058","Michigan","Amy Dilk|Deja Church|Hailey Brown|Hallie Thome|Nicole Munger",5,1800,2002,202,6,13,-7
"2018-19","10058","Maryland","Blair Watson|Channise Lewis|Kaila Charles|Stephanie Jones|Taylor Mikesell",5,1961,2002,41,3,0,3
"2018-19","10058","Maryland","Blair Watson|Kaila Charles|Shakira Austin|Stephanie Jones|Taylor Mikesell",5,2002,2100,98,2,0,2
"2018-19","10058","Michigan","Amy Dilk|Deja Church|Hallie Thome|Naz Hillmon|Nicole Munger",5,2002,2126,124,2,2,0
"2018-19","10058","Michigan","Deja Church|Hailey Brown|Hallie Thome|Naz Hillmon|Nicole Munger",5,2126,2197,71,2,2,0
"2018-19","10058","Maryland","Channise Lewis|Kaila Charles|Shakira Austin|Stephanie Jones|Taylor Mikesell",5,2100,2252,152,4,4,0
"2018-19","10058","Michigan","Amy Dilk|Deja Church|Hallie Thome|Naz Hillmon|Nicole Munger",5,2197,2320,123,2,5,-3
"2018-19","10058","Michigan","Deja Church|Hailey Brown|Hallie Thome|Naz Hillmon|Nicole Munger",5,2320,2344,24,3,2,1
"2018-19","10058","Michigan","Amy Dilk|Deja Church|Hallie Thome|Naz Hillmon|Nicole Munger",5,2344,2346,2,0,2,-2
"2018-19","10058","Maryland","Blair Watson|Channise Lewis|Shakira Austin|Stephanie Jones|Taylor Mikesell",5,2252,2346,94,7,5,2
"2018-19","10058","Michigan","Amy Dilk|Deja Church|Kayla Robbins|Naz Hillmon|Nicole Munger",5,2346,2359,13,0,1,-1
"2018-19","10058","Michigan","Amy Dilk|Deja Church|Hallie Thome|Kayla Robbins|Nicole Munger",5,2359,2379,20,2,0,2
"2018-19","10058","Maryland","Blair Watson|Channise Lewis|Kaila Charles|Stephanie Jones|Taylor Mikesell",5,2346,2400,54,4,2,2
"2018-19","10058","Michigan","Amy Dilk|Deja Church|Kayla Robbins|Naz Hillmon|Nicole Munger",5,2379,2400,21,0,3,-3
"2018-19","10059","Maryland","Blair Watson|Kaila Charles|Shakira Austin|Stephanie Jones|Taylor Mikesell",5,0,208,208,4,13,-9
"2018-19","10059","Maryland","Blair Watson|Brianna Fraser|Kaila Charles|Stephanie Jones|Taylor Mikesell",5,208,321,113,0,2,-2
"2018-19","10059","Maryland","Brianna Fraser|Channise Lewis|Kaila Charles|Stephanie Jones|Taylor Mikesell",5,321,393,72,0,5,-5
"2018-19","10059","Michigan State","Jenna Allen|Nia Clouden|Shay Colley|Taryn McCutcheon|Victoria Gaines",5,0,393,393,20,4,16
"2018-19","10059","Maryland","Brianna Fraser|Channise Lewis|Kaila Charles|Shakira Austin|Taylor Mikesell",5,393,429,36,2,2,0
"2018-19","10059","Michigan State","Jenna Allen|Mardrekia Cook|Nia Clouden|Sidney Cooks|Taryn McCutcheon",5,393,429,36,2,2,0
"2018-19","10059","Michigan State","Mardrekia Cook|Nia Clouden|Sidney Cooks|Taryn McCutcheon|Victoria Gaines",5,429,500,71,0,5,-5
"2018-19","10059","Michigan State","Mardrekia Cook|Nia Hollie|Shay Colley|Sidney Cooks|Taryn McCutcheon",5,500,581,81,3,2,1
"2018-19","10059","Maryland","Blair Watson|Brianna Fraser|Channise Lewis|Shakira Austin|Taylor Mikesell",5,429,600,171,9,3,6
"2018-19","10059","Maryland","Blair Watson|Brianna Fraser|Channise Lewis|Shakira Austin|Stephanie Jones",5,600,651,51,0,2,-2
"2018-19","10059","Maryland","Brianna Fraser|Channise Lewis|Sara Vujacic|Shakira Austin|Stephanie Jones",5,651,660,9,0,0,0
"2018-19","10059","Michigan State","Jenna Allen|Nia Clouden|Nia Hollie|Shay Colley|Taryn McCutcheon",5,581,660,79,2,2,0
"2018-19","10059","Maryland","Brianna Fraser|Channise Lewis|Sara Vujacic|Stephanie Jones",4,660,739,79,2,0,2
"2018-19","10059","Maryland","Brianna Fraser|Channise Lewis|Sara Vujacic",3,739,764,25,0,0,0
"2018-19","10059","Michigan State","Jenna Allen|Mardrekia Cook|Nia Clouden|Nia Hollie|Taryn McCutcheon",5,660,764,104,0,2,-2
"2018-19","10059","Maryland","Brianna Fraser|Channise Lewis|Sara Vujacic|Stephanie Jones",4,764,869,105,3,0,3
"2018-19","10059","Maryland","Blair Watson|Brianna Fraser|Channise Lewis|Stephanie Jones",4,869,911,42,0,2,-2
"2018-19","10059","Michigan State","Jenna Allen|Mardrekia Cook|Nia Clouden|Nia Hollie|Sidney Cooks|Taryn McCutcheon",6,764,945,181,4,5,-1
"2018-19","10059","Maryland","Blair Watson|Brianna Fraser|Channise Lewis|Stephanie Jones",4,911,1015,104,4,2,2
"2018-19","10059","Michigan State","Jenna Allen|Nia Clouden|Nia Hollie|Sidney Cooks|Taryn McCutcheon",5,945,1200,255,6,12,-6
"2018-19","10059","Maryland","Blair Watson|Brianna Fraser|Channise Lewis|Sara Vujacic|Stephanie Jones",5,1015,1200,185,10,6,4
"2018-19","10059","Maryland","Blair Watson|Kaila Charles|Shakira Austin|Stephanie Jones|Taylor Mikesell",5,1200,1307,107,3,3,0
"2018-19","10059","Maryland","Blair Watson|Channise Lewis|Shakira Austin|Stephanie Jones|Taylor Mikesell",5,1307,1441,134,2,5,-3
"2018-19","10059","Michigan State","Jenna Allen|Nia Clouden|Shay Colley|Taryn McCutcheon|Victoria Gaines",5,1200,1441,241,8,5,3
"2018-19","10059","Michigan State","Jenna Allen|Mardrekia Cook|Shay Colley|Taryn McCutcheon|Victoria Gaines",5,1441,1546,105,8,2,6
"2018-19","10059","Michigan State","Mardrekia Cook|Shay Colley|Sidney Cooks|Taryn McCutcheon|Victoria Gaines",5,1546,1600,54,0,2,-2
"2018-19","10059","Maryland","Blair Watson|Brianna Fraser|Channise Lewis|Shakira Austin|Taylor Mikesell",5,1441,1651,210,4,10,-6
"2018-19","10059","Michigan State","Nia Clouden|Shay Colley|Sidney Cooks|Taryn McCutcheon|Victoria Gaines",5,1600,1800,200,6,4,2
"2018-19","10059","Maryland","Blair Watson|Brianna Fraser|Channise Lewis|Stephanie Jones|Taylor Mikesell",5,1651,1800,149,4,4,0
"2018-19","10060","Penn State","Alisia Smith|Amari Carter|Kamaria McDaniel|Karisma Ortiz|Siyeh Frazier",5,0,107,107,0,2,-2
"2018-19","10060","Penn State","Alisia Smith|Amari Carter|J. Travascio-Green|Kamaria McDaniel|Karisma Ortiz",5,107,189,82,1,3,-2
"2018-19","10060","Maryland","Blair Watson|Kaila Charles|Shakira Austin|Stephanie Jones|Taylor Mikesell",5,0,189,189,5,1,4
"2018-19","10060","Penn State","Alisia Smith|Amari Carter|J. Travascio-Green|Kamaria McDaniel|Siyeh Frazier",5,189,211,22,0,0,0
"2018-19","10060","Penn State","Amari Carter|J. Travascio-Green|Kamaria McDaniel|Lauren Ebo|Siyeh Frazier",5,211,228,17,0,2,-2
"2018-19","10060","Penn State","Alisia Smith|Amari Carter|J. Travascio-Green|Lauren Ebo|Siyeh Frazier",5,228,377,149,4,2,2
"2018-19","10060","Maryland","Channise Lewis|Kaila Charles|Shakira Austin|Stephanie Jones|Taylor Mikesell",5,189,377,188,4,4,0
"2018-19","10060","Penn State","Alisia Smith|Amari Carter|Kamaria McDaniel|Karisma Ortiz|Lauren Ebo",5,377,389,12,0,0,0
"2018-19","10060","Maryland","Blair Watson|Brianna Fraser|Channise Lewis|Kaila Charles|Sara Vujacic",5,377,437,60,2,0,2
"2018-19","10060","Penn State","Amari Carter|Kamaria McDaniel|Karisma Ortiz|Lauren Ebo|Teniya Page",5,389,493,104,2,2,0
"2018-19","10060","Penn State","Alisia Smith|Amari Carter|Kamaria McDaniel|Karisma Ortiz|Teniya Page",5,493,516,23,0,3,-3
"2018-19","10060","Maryland","Blair Watson|Brianna Fraser|Channise Lewis|Kaila Charles|Taylor Mikesell",5,437,516,79,3,2,1
"2018-19","10060","Penn State","Alisia Smith|Amari Carter|J. Travascio-Green|Kamaria McDaniel|Teniya Page",5,516,551,35,0,5,-5
"2018-19","10060","Maryland","Blair Watson|Channise Lewis|Kaila Charles|Shakira Austin|Taylor Mikesell",5,516,551,35,5,0,5
"2018-19","10060","Maryland","Blair Watson|Channise Lewis|Kaila Charles|Sara Vujacic|Shakira Austin",5,551,600,49,2,1,1
"2018-19","10060","Penn State","Alisia Smith|J. Travascio-Green|Kamaria McDaniel|Siyeh Frazier|Teniya Page",5,551,600,49,1,2,-1
"2018-19","10060","Penn State","Amari Carter|Lauren Ebo|Siyeh Frazier|Teniya Page",4,600,647,47,2,0,2
"2018-19","10060","Penn State","Alisia Smith|Amari Carter|Lauren Ebo|Siyeh Frazier|Teniya Page",5,647,787,140,5,3,2
"2018-19","10060","Maryland","Blair Watson|Channise Lewis|Shakira Austin|Stephanie Jones",4,600,806,206,3,9,-6
"2018-19","10060","Maryland","Channise Lewis|Kaila Charles|Shakira Austin|Stephanie Jones",4,806,835,29,0,2,-2
"2018-19","10060","Penn State","Alisia Smith|Amari Carter|Kamaria McDaniel|Lauren Ebo|Teniya Page",5,787,880,93,6,3,3
"2018-19","10060","Maryland","Channise Lewis|Sara Vujacic|Shakira Austin|Stephanie Jones",4,835,912,77,3,5,-2
"2018-19","10060","Penn State","Alisia Smith|Amari Carter|J. Travascio-Green|Kamaria McDaniel|Teniya Page",5,880,1002,122,8,2,6
"2018-19","10060","Maryland","Channise Lewis|Kaila Charles|Shakira Austin|Stephanie Jones",4,912,1019,107,2,5,-3
"2018-19","10060","Maryland","Brianna Fraser|Channise Lewis|Kaila Charles|Shakira Austin",4,1019,1200,181,6,6,0
"2018-19","10060","Penn State","Alisia Smith|Amari Carter|J. Travascio-Green|Siyeh Frazier|Teniya Page",5,1002,1200,198,6,6,0
"2018-19","10060","Penn State","Alisia Smith|Amari Carter|Kamaria McDaniel|Siyeh Frazier|Teniya Page",5,1200,1249,49,0,4,-4
"2018-19","10060","Penn State","Alisia Smith|Amari Carter|Lauren Ebo|Siyeh Frazier|Teniya Page",5,1249,1355,106,6,0,6
"2018-19","10060","Maryland","Blair Watson|Kaila Charles|Shakira Austin|Stephanie Jones|Taylor Mikesell",5,1200,1355,155,4,6,-2
"2018-19","10060","Maryland","Channise Lewis|Kaila Charles|Shakira Austin|Stephanie Jones|Taylor Mikesell",5,1355,1401,46,0,3,-3
"2018-19","10060","Penn State","Alisia Smith|Amari Carter|Kamaria McDaniel|Lauren Ebo|Teniya Page",5,1355,1501,146,6,5,1
"2018-19","10060","Maryland","Brianna Fraser|Channise Lewis|Kaila Charles|Stephanie Jones|Taylor Mikesell",5,1401,1523,122,5,4,1
"2018-19","10060","Penn State","Amari Carter|J. Travascio-Green|Kamaria McDaniel|Lauren Ebo|Teniya Page",5,1501,1550,49,1,2,-1
"2018-19","10060","Penn State","Alisia Smith|Amari Carter|Kamaria McDaniel|Lauren Ebo|Teniya Page",5,1550,1603,53,0,2,-2
"2018-19","10060","Penn State","Alisia Smith|Amari Carter|Lauren Ebo|Siyeh Frazier|Teniya Page",5,1603,1676,73,3,3,0
"2018-19","10060","Maryland","Blair Watson|Brianna Fraser|Kaila Charles|Stephanie Jones|Taylor Mikesell",5,1523,1760,237,11,3,8
"2018-19","10060","Penn State","Alisia Smith|Amari Carter|J. Travascio-Green|Siyeh Frazier|Teniya Page",5,1676,1800,124,0,6,-6
"2018-19","10060","Penn State","Amari Carter|Karisma Ortiz|Lauren Ebo|Siyeh Frazier|Teniya Page",5,1800,1815,15,3,2,1
"2018-19","10060","Penn State","Alisia Smith|Amari Carter|J. Travascio-Green|Karisma Ortiz|Lauren Ebo|Siyeh Frazier|Teniya Page",7,1815,1969,154,2,2,0
"2018-19","10060","Penn State","Alisia Smith|J. Travascio-Green|Karisma Ortiz|Lauren Ebo|Teniya Page",5,1969,2015,46,0,3,-3
"2018-19","10060","Penn State","Alisia Smith|J. Travascio-Green|Lauren Ebo|Teniya Page",4,2015,2036,21,0,0,0
"2018-19","10060","Penn State","Alisia Smith|Amari Carter|Lauren Ebo|Siyeh Frazier|Teniya Page",5,2036,2156,120,4,4,0
"2018-19","10060","Penn State","Alisia Smith|Amari Carter|Kamaria McDaniel|Lauren Ebo|Teniya Page",5,2156,2216,60,0,2,-2
"2018-19","10060","Penn State","Alisia Smith|Amari Carter|Lauren Ebo|Siyeh Frazier|Teniya Page",5,2216,2289,73,2,4,-2
"2018-19","10060","Penn State","Alisia Smith|Amari Carter|Kamaria McDaniel|Siyeh Frazier|Teniya Page",5,2289,2297,8,0,0,0
"2018-19","10060","Penn State","Alisia Smith|Amari Carter|Lauren Ebo|Siyeh Frazier|Teniya Page",5,2297,2312,15,2,0,2
"2018-19","10060","Penn State","Alisia Smith|Amari Carter|Kamaria McDaniel|Lauren Ebo|Teniya Page",5,2312,2345,33,0,3,-3
"2018-19","10060","Maryland","Blair Watson|Brianna Fraser|Kaila Charles|Shakira Austin|Taylor Mikesell",5,1760,2400,640,24,16,8
"2018-19","10060","Penn State","Alisia Smith|Amari Carter|J. Travascio-Green|Lauren Ebo|Teniya Page",5,2345,2400,55,3,2,1
"2018-19","10061","Maryland","Blair Watson|Kaila Charles|Shakira Austin|Stephanie Jones|Taylor Mikesell",5,0,147,147,8,3,5
"2018-19","10061","Maryland","Blair Watson|Brianna Fraser|Kaila Charles|Shakira Austin|Taylor Mikesell",5,147,197,50,0,0,0
"2018-19","10061","Ohio State","Aaliyah Patty|Carly Santoro|Carmen Grande|Janai Crooms|Makayla Waterman",5,0,197,197,3,8,-5
"2018-19","10061","Maryland","Blair Watson|Channise Lewis|Kaila Charles|Shakira Austin|Taylor Mikesell",5,197,251,54,0,3,-3
"2018-19","10061","Ohio State","Adreana Miller|Carly Santoro|Carmen Grande|Janai Crooms|Makayla Waterman",5,197,284,87,3,0,3
"2018-19","10061","Maryland","Blair Watson|Channise Lewis|Shakira Austin|Stephanie Jones|Taylor Mikesell",5,251,328,77,0,3,-3
"2018-19","10061","Ohio State","Aaliyah Patty|Adreana Miller|Carly Santoro|Carmen Grande|Janai Crooms",5,284,434,150,7,3,4
"2018-19","10061","Maryland","Blair Watson|Sara Vujacic|Shakira Austin|Stephanie Jones|Taylor Mikesell",5,328,467,139,3,5,-2
"2018-19","10061","Ohio State","Aaliyah Patty|Adreana Miller|Carmen Grande|Janai Crooms|Jensen Caretti",5,434,516,82,1,4,-3
"2018-19","10061","Maryland","Kaila Charles|Sara Vujacic|Shakira Austin|Stephanie Jones|Taylor Mikesell",5,467,574,107,4,2,2
"2018-19","10061","Ohio State","Aaliyah Patty|Adreana Miller|Carmen Grande|Janai Crooms|Najah Queenland",5,516,600,84,4,3,1
"2018-19","10061","Maryland","Brianna Fraser|Kaila Charles|Sara Vujacic|Stephanie Jones|Taylor Mikesell",5,574,600,26,3,2,1
"2018-19","10061","Maryland","Brianna Fraser|Sara Vujacic|Shakira Austin|Taylor Mikesell",4,600,611,11,0,0,0
"2018-19","10061","Maryland","Brianna Fraser|Sara Vujacic|Stephanie Jones|Taylor Mikesell",4,611,689,78,3,0,3
"2018-19","10061","Ohio State","Aaliyah Patty|Carly Santoro|Carmen Grande|Makayla Waterman",4,600,689,89,0,3,-3
"2018-19","10061","Ohio State","Aaliyah Patty|Carly Santoro|Carmen Grande|Janai Crooms|Makayla Waterman",5,689,791,102,0,2,-2
"2018-19","10061","Maryland","Brianna Fraser|Channise Lewis|Sara Vujacic|Stephanie Jones|Taylor Mikesell",5,689,814,125,2,2,0
"2018-19","10061","Ohio State","Aaliyah Patty|Adreana Miller|Carly Santoro|Carmen Grande|Janai Crooms",5,791,814,23,2,0,2
"2018-19","10061","Maryland","Brianna Fraser|Channise Lewis|Sara Vujacic|Sarah Myers|Stephanie Jones",5,814,856,42,0,0,0
"2018-19","10061","Maryland","Brianna Fraser|Channise Lewis|Sara Vujacic|Sarah Myers|Stephanie Jones|Taylor Mikesell",6,856,911,55,0,0,0
"2018-19","10061","Ohio State","Adreana Miller|Carly Santoro|Carmen Grande|Janai Crooms|Makayla Waterman",5,814,911,97,0,0,0
"2018-19","10061","Maryland","Brianna Fraser|Channise Lewis|Sara Vujacic|Sarah Myers|Shakira Austin|Stephanie Jones|Taylor Mikesell",7,911,996,85,0,2,-2
"2018-19","10061","Ohio State","Aaliyah Patty|Carly Santoro|Carmen Grande|Janai Crooms|Makayla Waterman",5,911,1012,101,2,2,0
"2018-19","10061","Ohio State","Adreana Miller|Carly Santoro|Carmen Grande|Janai Crooms|Makayla Waterman",5,1012,1104,92,4,5,-1
"2018-19","10061","Maryland","Brianna Fraser|Channise Lewis|Sara Vujacic|Shakira Austin|Stephanie Jones|Taylor Mikesell",6,996,1121,125,7,6,1
"2018-19","10061","Ohio State","Aaliyah Patty|Adreana Miller|Carly Santoro|Carmen Grande|Janai Crooms",5,1104,1137,33,2,2,0
"2018-19","10061","Ohio State","Aaliyah Patty|Carly Santoro|Carmen Grande|Janai Crooms|Najah Queenland",5,1137,1200,63,0,0,0
"2018-19","10061","Maryland","Brianna Fraser|Kaila Charles|Sara Vujacic|Shakira Austin|Stephanie Jones|Taylor Mikesell",6,1121,1200,79,2,0,2
"2018-19","10061","Ohio State","Aaliyah Patty|Carly Santoro|Carmen Grande|Janai Crooms|Makayla Waterman",5,1200,1236,36,0,2,-2
"2018-19","10061","Maryland","Blair Watson|Kaila Charles|Shakira Austin|Stephanie Jones|Taylor Mikesell",5,1200,1419,219,6,10,-4
"2018-19","10061","Maryland","Blair Watson|Brianna Fraser|Kaila Charles|Stephanie Jones|Taylor Mikesell",5,1419,1592,173,9,4,5
"2018-19","10061","Ohio State","Adreana Miller|Carly Santoro|Carmen Grande|Janai Crooms|Makayla Waterman",5,1236,1637,401,16,14,2
"2018-19","10061","Maryland","Blair Watson|Brianna Fraser|Sara Vujacic|Stephanie Jones|Taylor Mikesell",5,1592,1697,105,4,4,0
"2018-19","10061","Ohio State","Adreana Miller|Carmen Grande|Janai Crooms|Makayla Waterman|Najah Queenland",5,1637,1758,121,2,5,-3
"2018-19","10061","Ohio State","Adreana Miller|Carmen Grande|Jensen Caretti|Makayla Waterman|Najah Queenland",5,1758,1800,42,0,1,-1
"2018-19","10061","Maryland","Brianna Fraser|Channise Lewis|Sara Vujacic|Shakira Austin|Taylor Mikesell",5,1697,1800,103,3,0,3
"2018-19","10061","Ohio State","Aaliyah Patty|Carly Santoro|Carmen Grande|Janai Crooms|Makayla Waterman",5,1800,1921,121,0,5,-5
"2018-19","10061","Maryland","Channise Lewis|Sara Vujacic|Shakira Austin|Stephanie Jones|Taylor Mikesell",5,1800,1961,161,5,0,5
"2018-19","10061","Ohio State","Aaliyah Patty|Adreana Miller|Carly Santoro|Carmen Grande|Janai Crooms",5,1921,1961,40,0,0,0
"2018-19","10061","Ohio State","Aaliyah Patty|Adreana Miller|Carly Santoro|Carmen Grande|Jensen Caretti",5,1961,2046,85,3,2,1
"2018-19","10061","Maryland","Channise Lewis|Sara Vujacic|Stephanie Jones|Taylor Mikesell",4,1961,2090,129,4,3,1
"2018-19","10061","Maryland","Channise Lewis|Sara Vujacic|Stephanie Jones",3,2090,2144,54,0,0,0
"2018-19","10061","Ohio State","Adreana Miller|Carly Santoro|Carmen Grande|Jensen Caretti|Makayla Waterman",5,2046,2144,98,0,2,-2
"2018-19","10061","Ohio State","Adreana Miller|Carmen Grande|Jensen Caretti|Makayla Waterman|Najah Queenland",5,2144,2168,24,0,0,0
"2018-19","10061","Maryland","Channise Lewis|Sara Vujacic|Stephanie Jones|Taylor Mikesell",4,2144,2186,42,0,2,-2
"2018-19","10061","Maryland","Channise Lewis|Sara Vujacic|Shakira Austin|Stephanie Jones|Taylor Mikesell",5,2186,2271,85,4,0,4
"2018-19","10061","Ohio State","Aaliyah Patty|Adreana Miller|Carmen Grande|Jensen Caretti|Najah Queenland",5,2168,2271,103,2,4,-2
"2018-19","10061","Maryland","Channise Lewis|Olivia Owens|Sara Vujacic|Shakira Austin",4,2271,2324,53,0,4,-4
"2018-19","10061","Ohio State","Aaliyah Patty|Adreana Miller|Janai Crooms|Jensen Caretti|Najah Queenland",5,2271,2331,60,4,1,3
"2018-19","10061","Ohio State","Aaliyah Patty|Carly Santoro|Janai Crooms|Jensen Caretti|Najah Queenland",5,2331,2400,69,2,2,0
"2018-19","10061","Maryland","Channise Lewis|Olivia Owens|Sara Vujacic|Sarah Myers|Shakira Austin",5,2324,2400,76,3,2,1
"2018-19","10062","Maryland","Blair Watson|Kaila Charles|Shakira Austin|Stephanie Jones|Taylor Mikesell",5,0,213,213,4,8,-4
"2018-19","10062","Indiana","Ali Patberg|Bendu Yeaney|Brenna Wise|Jaelynn Penn|Kym Royster",5,0,213,213,8,4,4
"2018-19","10062","Indiana","Ali Patberg|Bendu Yeaney|Brenna Wise|Grace Berger|Kym Royster",5,213,230,17,0,0,0
"2018-19","10062","Maryland","Blair Watson|Brianna Fraser|Kaila Charles|Stephanie Jones|Taylor Mikesell",5,213,369,156,6,8,-2
"2018-19","10062","Indiana","Aleksa Gulbe|Ali Patberg|Bendu Yeaney|Brenna Wise|Grace Berger",5,230,369,139,8,6,2
"2018-19","10062","Maryland","Blair Watson|Brianna Fraser|Channise Lewis|Kaila Charles|Taylor Mikesell",5,369,527,158,6,4,2
"2018-19","10062","Indiana","Aleksa Gulbe|Bendu Yeaney|Brenna Wise|Grace Berger|Jaelynn Penn",5,369,527,158,4,6,-2
"2018-19","10062","Indiana","Ali Patberg|Brenna Wise|Jaelynn Penn|Keyanna Warthen|Kym Royster",5,527,600,73,0,4,-4
"2018-19","10062","Maryland","Brianna Fraser|Channise Lewis|Kaila Charles|Sara Vujacic|Taylor Mikesell",5,527,600,73,4,0,4
"2018-19","10062","Maryland","Channise Lewis|Kaila Charles|Sara Vujacic|Stephanie Jones|Taylor Mikesell",5,600,744,144,6,2,4
"2018-19","10062","Indiana","Ali Patberg|Bendu Yeaney|Brenna Wise|Jaelynn Penn|Kym Royster",5,600,744,144,2,6,-4
"2018-19","10062","Maryland","Brianna Fraser|Channise Lewis|Kaila Charles|Sara Vujacic|Taylor Mikesell",5,744,786,42,0,3,-3
"2018-19","10062","Maryland","Channise Lewis|Kaila Charles|Sara Vujacic|Taylor Mikesell",4,786,876,90,1,0,1
"2018-19","10062","Indiana","Aleksa Gulbe|Ali Patberg|Bendu Yeaney|Brenna Wise|Jaelynn Penn",5,744,876,132,3,1,2
"2018-19","10062","Indiana","Ali Patberg|Bendu Yeaney|Brenna Wise|Grace Berger|Kym Royster",5,876,902,26,0,0,0
"2018-19","10062","Maryland","Channise Lewis|Sara Vujacic|Stephanie Jones|Taylor Mikesell",4,876,988,112,2,0,2
"2018-19","10062","Indiana","Aleksa Gulbe|Ali Patberg|Grace Berger|Jaelynn Penn|Kym Royster",5,902,988,86,0,2,-2
"2018-19","10062","Indiana","Aleksa Gulbe|Bendu Yeaney|Grace Berger|Jaelynn Penn|Kym Royster",5,988,1009,21,0,0,0
"2018-19","10062","Indiana","Bendu Yeaney|Brenna Wise|Grace Berger|Jaelynn Penn|Kym Royster",5,1009,1082,73,0,4,-4
"2018-19","10062","Indiana","Ali Patberg|Bendu Yeaney|Brenna Wise|Jaelynn Penn|Kym Royster",5,1082,1106,24,0,2,-2
"2018-19","10062","Indiana","Aleksa Gulbe|Ali Patberg|Bendu Yeaney|Brenna Wise|Jaelynn Penn",5,1106,1200,94,0,5,-5
"2018-19","10062","Maryland","Channise Lewis|Kaila Charles|Stephanie Jones|Taylor Mikesell",4,988,1200,212,11,0,11
"2018-19","10062","Maryland","Blair Watson|Kaila Charles|Shakira Austin|Stephanie Jones|Taylor Mikesell",5,1200,1252,52,0,0,0
"2018-19","10062","Indiana","Ali Patberg|Bendu Yeaney|Brenna Wise|Jaelynn Penn|Kym Royster",5,1200,1341,141,2,0,2
"2018-19","10062","Maryland","Channise Lewis|Kaila Charles|Shakira Austin|Stephanie Jones|Taylor Mikesell",5,1252,1396,144,0,2,-2
"2018-19","10062","Indiana","Aleksa Gulbe|Ali Patberg|Bendu Yeaney|Brenna Wise|Jaelynn Penn",5,1341,1437,96,0,2,-2
"2018-19","10062","Maryland","Brianna Fraser|Channise Lewis|Kaila Charles|Stephanie Jones|Taylor Mikesell",5,1396,1563,167,6,2,4
"2018-19","10062","Indiana","Aleksa Gulbe|Ali Patberg|Bendu Yeaney|Jaelynn Penn|Kym Royster",5,1437,1563,126,2,4,-2
"2018-19","10062","Maryland","Brianna Fraser|Channise Lewis|Kaila Charles|Sara Vujacic|Shakira Austin",5,1563,1639,76,0,2,-2
"2018-19","10062","Indiana","Ali Patberg|Brenna Wise|Grace Berger|Jaelynn Penn|Kym Royster",5,1563,1675,112,2,2,0
"2018-19","10062","Maryland","Brianna Fraser|Channise Lewis|Kaila Charles|Sara Vujacic|Stephanie Jones",5,1639,1747,108,3,2,1
"2018-19","10062","Indiana","Aleksa Gulbe|Bendu Yeaney|Brenna Wise|Grace Berger|Jaelynn Penn",5,1675,1800,125,4,4,0
"2018-19","10062","Indiana","Aleksa Gulbe|Bendu Yeaney|Brenna Wise|Jaelynn Penn|Kym Royster",5,1800,1896,96,4,6,-2
"2018-19","10062","Indiana","Aleksa Gulbe|Bendu Yeaney|Brenna Wise|Jaelynn Penn|Keyanna Warthen|Kym Royster",6,1896,2008,112,3,6,-3
"2018-19","10062","Maryland","Brianna Fraser|Kaila Charles|Sara Vujacic|Stephanie Jones|Taylor Mikesell",5,1747,2065,318,18,11,7
"2018-19","10062","Indiana","Aleksa Gulbe|Bendu Yeaney|Jaelynn Penn|Keyanna Warthen|Kym Royster",5,2008,2195,187,7,8,-1
"2018-19","10062","Maryland","Brianna Fraser|Channise Lewis|Kaila Charles|Sara Vujacic|Taylor Mikesell",5,2065,2249,184,5,8,-3
"2018-19","10062","Maryland","Brianna Fraser|Kaila Charles|Sara Vujacic|Sarah Myers|Taylor Mikesell",5,2249,2284,35,2,0,2
"2018-19","10062","Indiana","Aleksa Gulbe|Grace Berger|Keyanna Warthen|Linsey Marchese",4,2195,2400,205,7,4,3
"2018-19","10062","Maryland","Brianna Fraser|Sara Vujacic|Sarah Myers|Taylor Mikesell",4,2284,2400,116,2,4,-2
"2018-19","10063","Maryland","Blair Watson|Kaila Charles|Shakira Austin|Stephanie Jones|Taylor Mikesell",5,0,600,600,19,18,1
"2018-19","10063","Wisconsin","Imani Lewis|Kelly Karlis|Kendra Van Leeuwen|Marsha Howard|Niya Beverley",5,0,600,600,18,19,-1
"2018-19","10063","Maryland","Brianna Fraser|Channise Lewis|Kaila Charles|Shakira Austin|Stephanie Jones",5,600,1200,600,16,9,7
"2018-19","10063","Wisconsin","Abby Laszewski|Imani Lewis|Kelly Karlis|Kendra Van Leeuwen|Marsha Howard",5,600,1200,600,9,16,-7
"2018-19","10063","Maryland","Blair Watson|Brianna Fraser|Kaila Charles|Shakira Austin|Stephanie Jones",5,1200,1800,600,17,14,3
"2018-19","10063","Wisconsin","Imani Lewis|Kelly Karlis|Kendra Van Leeuwen|Marsha Howard|Niya Beverley",5,1200,1800,600,14,17,-3
"2018-19","10063","Maryland","Blair Watson|Brianna Fraser|Channise Lewis|Kaila Charles|Shakira Austin",5,1800,2400,600,23,16,7
"2018-19","10063","Wisconsin","Imani Lewis|Kelly Karlis|Marsha Howard|Niya Beverley|Suzanne Gilreath",5,1800,2400,600,16,23,-7
"2018-19","10064","Maryland","Blair Watson|Kaila Charles|Shakira Austin|Stephanie Jones|Taylor Mikesell",5,0,167,167,6,8,-2
"2018-19","10064","Maryland","Blair Watson|Channise Lewis|Shakira Austin|Stephanie Jones|Taylor Mikesell",5,167,259,92,7,4,3
"2018-19","10064","Illinois","Alex Wittinger|Ali Andrews|Brandi Beasley|Cierra Rice|Courtney Joens",5,0,259,259,12,13,-1
"2018-19","10064","Maryland","Brianna Fraser|Channise Lewis|Kaila Charles|Sara Vujacic|Taylor Mikesell",5,259,354,95,2,0,2
"2018-19","10064","Illinois","Alex Wittinger|Ali Andrews|Brandi Beasley|Cierra Rice|J-Naya Ephraim",5,259,354,95,0,2,-2
"2018-19","10064","Illinois","Alex Wittinger|Cierra Rice|J-Naya Ephraim|Jaelyne Kirkpatrick|Sarah Shewan",5,354,372,18,0,1,-1
"2018-19","10064","Maryland","Blair Watson|Brianna Fraser|Sara Vujacic|Shakira Austin|Taylor Mikesell",5,354,420,66,3,0,3
"2018-19","10064","Illinois","Cierra Rice|J-Naya Ephraim|Jaelyne Kirkpatrick|Mackenzie Blazek|Sarah Shewan",5,372,420,48,0,2,-2
"2018-19","10064","Illinois","Brandi Beasley|J-Naya Ephraim|Jaelyne Kirkpatrick|Mackenzie Blazek|Sarah Shewan",5,420,490,70,0,2,-2
"2018-19","10064","Maryland","Blair Watson|Sara Vujacic|Shakira Austin|Stephanie Jones|Taylor Mikesell",5,420,501,81,2,2,0
"2018-19","10064","Illinois","Ali Andrews|Brandi Beasley|J-Naya Ephraim|Jaelyne Kirkpatrick|Mackenzie Blazek",5,490,570,80,2,3,-1
"2018-19","10064","Illinois","Ali Andrews|Brandi Beasley|Cierra Rice|Courtney Joens|Mackenzie Blazek",5,570,600,30,0,3,-3
"2018-19","10064","Maryland","Blair Watson|Brianna Fraser|Kaila Charles|Stephanie Jones|Taylor Mikesell",5,501,709,208,13,0,13
"2018-19","10064","Illinois","Alex Wittinger|Ali Andrews|Brandi Beasley|Cierra Rice|Courtney Joens",5,600,743,143,1,9,-8
"2018-19","10064","Maryland","Blair Watson|Brianna Fraser|Kaila Charles|Sara Vujacic|Taylor Mikesell",5,709,932,223,10,8,2
"2018-19","10064","Illinois","Alex Wittinger|Brandi Beasley|Cierra Rice|J-Naya Ephraim|Sarah Shewan",5,743,932,189,7,8,-1
"2018-19","10064","Illinois","Alex Wittinger|Ali Andrews|Brandi Beasley|J-Naya Ephraim|Lyric Robins",5,932,949,17,0,1,-1
"2018-19","10064","Maryland","Brianna Fraser|Channise Lewis|Kaila Charles|Stephanie Jones|Taylor Mikesell",5,932,1018,86,3,2,1
"2018-19","10064","Maryland","Blair Watson|Channise Lewis|Sara Vujacic|Shakira Austin|Stephanie Jones",5,1018,1113,95,0,4,-4
"2018-19","10064","Illinois","Alex Wittinger|Brandi Beasley|J-Naya Ephraim|Lyric Robins|Mackenzie Blazek",5,949,1151,202,9,4,5
"2018-19","10064","Illinois","Brandi Beasley|J-Naya Ephraim|Lyric Robins|Mackenzie Blazek|Sarah Shewan",5,1151,1155,4,0,0,0
"2018-19","10064","Illinois","Brandi Beasley|Cierra Rice|Lyric Robins|Mackenzie Blazek|Sarah Shewan",5,1155,1200,45,6,0,6
"2018-19","10064","Maryland","Channise Lewis|Sara Vujacic|Shakira Austin|Stephanie Jones|Taylor Mikesell",5,1113,1200,87,2,9,-7
"2018-19","10064","Illinois","Alex Wittinger|Brandi Beasley|Cierra Rice|Courtney Joens|Sarah Shewan",5,1200,1321,121,5,6,-1
"2018-19","10064","Maryland","Blair Watson|Kaila Charles|Shakira Austin|Stephanie Jones|Taylor Mikesell",5,1200,1423,223,9,9,0
"2018-19","10064","Illinois","Alex Wittinger|Brandi Beasley|Cierra Rice|J-Naya Ephraim|Sarah Shewan",5,1321,1423,102,4,3,1
"2018-19","10064","Maryland","Brianna Fraser|Channise Lewis|Kaila Charles|Sara Vujacic|Taylor Mikesell",5,1423,1502,79,2,1,1
"2018-19","10064","Maryland","Brianna Fraser|Channise Lewis|Sara Vujacic|Shakira Austin|Taylor Mikesell",5,1502,1638,136,2,0,2
"2018-19","10064","Illinois","Alex Wittinger|Cierra Rice|J-Naya Ephraim|Jaelyne Kirkpatrick|Sarah Shewan",5,1423,1638,215,1,4,-3
"2018-19","10064","Maryland","Blair Watson|Brianna Fraser|Channise Lewis|Shakira Austin|Taylor Mikesell",5,1638,1639,1,0,0,0
"2018-19","10064","Maryland","Blair Watson|Channise Lewis|Kaila Charles|Stephanie Jones|Taylor Mikesell",5,1639,1767,128,0,5,-5
"2018-19","10064","Maryland","Blair Watson|Channise Lewis|Kaila Charles|Shakira Austin|Stephanie Jones",5,1767,1799,32,0,2,-2
"2018-19","10064","Illinois","Alex Wittinger|Brandi Beasley|J-Naya Ephraim|Jaelyne Kirkpatrick|Mackenzie Blazek|Sarah Shewan",6,1638,1800,162,7,0,7
"2018-19","10064","Illinois","Alex Wittinger|Brandi Beasley|J-Naya Ephraim|Jaelyne Kirkpatrick|Mackenzie Blazek",5,1800,1871,71,0,3,-3
"2018-19","10064","Illinois","Brandi Beasley|J-Naya Ephraim|Jaelyne Kirkpatrick|Mackenzie Blazek|Sarah Shewan",5,1871,2011,140,4,8,-4
"2018-19","10064","Illinois","Alex Wittinger|Brandi Beasley|J-Naya Ephraim|Jaelyne Kirkpatrick|Mackenzie Blazek",5,2011,2178,167,4,2,2
"2018-19","10064","Illinois","Alex Wittinger|Brandi Beasley|J-Naya Ephraim|Jaelyne Kirkpatrick|Lyric Robins|Mackenzie Blazek",6,2178,2245,67,2,1,1
"2018-19","10064","Maryland","Blair Watson|Brianna Fraser|Channise Lewis|Kaila Charles|Shakira Austin",5,1799,2333,534,17,12,5
"2018-19","10064","Illinois","Alex Wittinger|Brandi Beasley|J-Naya Ephraim|Jaelyne Kirkpatrick|Lyric Robins|Mackenzie Blazek|Sarah Shewan",7,2245,2400,155,2,5,-3
"2018-19","10064","Maryland","Blair Watson|Brianna Fraser|Channise Lewis|Kaila Charles",4,2333,2400,67,2,0,2
"2018-19","10065","Maryland","Blair Watson|Kaila Charles|Shakira Austin|Stephanie Jones|Taylor Mikesell",5,0,97,97,2,1,1
"2018-19","10065","Maryland","Blair Watson|Brianna Fraser|Kaila Charles|Stephanie Jones|Taylor Mikesell",5,97,223,126,3,0,3
"2018-19","10065","Maryland","Brianna Fraser|Kaila Charles|Sara Vujacic|Stephanie Jones|Taylor Mikesell",5,223,254,31,0,1,-1
"2018-19","10065","Northwestern","Abi Scheid|Jordan Hamilton|Lindsey Pulliam|Pallas Kunaiyi-Akpan|Veronica Burton",5,0,308,308,3,10,-7
"2018-19","10065","Maryland","Blair Watson|Channise Lewis|Sara Vujacic|Stephanie Jones|Taylor Mikesell",5,254,308,54,5,1,4
"2018-19","10065","Northwestern","Abi Scheid|Jordan Hamilton|Lindsey Pulliam|Pallas Kunaiyi-Akpan|Sydney Wood",5,308,407,99,0,5,-5
"2018-19","10065","Maryland","Blair Watson|Channise Lewis|Shakira Austin|Stephanie Jones|Taylor Mikesell",5,308,600,292,12,5,7
"2018-19","10065","Northwestern","Abbie Wolf|Abi Scheid|Lindsey Pulliam|Sydney Wood|Veronica Burton",5,407,600,193,5,7,-2
"2018-19","10065","Maryland","Blair Watson|Brianna Fraser|Kaila Charles|Sara Vujacic",4,600,705,105,2,2,0
"2018-19","10065","Maryland","Blair Watson|Brianna Fraser|Sara Vujacic|Stephanie Jones",4,705,847,142,7,2,5
"2018-19","10065","Northwestern","Abi Scheid|Jordan Hamilton|Lindsey Pulliam|Pallas Kunaiyi-Akpan|Veronica Burton",5,600,904,304,6,11,-5
"2018-19","10065","Maryland","Blair Watson|Sara Vujacic|Shakira Austin|Stephanie Jones|Taylor Mikesell",5,847,904,57,2,2,0
"2018-19","10065","Northwestern","Abbie Wolf|Jordan Hamilton|Lindsey Pulliam|Pallas Kunaiyi-Akpan|Veronica Burton",5,904,1039,135,2,5,-3
"2018-19","10065","Maryland","Blair Watson|Brianna Fraser|Sara Vujacic|Shakira Austin|Taylor Mikesell",5,904,1039,135,5,2,3
"2018-19","10065","Maryland","Blair Watson|Sara Vujacic|Shakira Austin|Stephanie Jones|Taylor Mikesell",5,1039,1152,113,3,4,-1
"2018-19","10065","Maryland","Channise Lewis|Sara Vujacic|Shakira Austin|Stephanie Jones|Taylor Mikesell",5,1152,1200,48,0,0,0
"2018-19","10065","Northwestern","Abi Scheid|Lindsey Pulliam|Pallas Kunaiyi-Akpan|Sydney Wood|Veronica Burton",5,1039,1200,161,4,3,1
"2018-19","10065","Maryland","Blair Watson|Kaila Charles|Shakira Austin|Stephanie Jones|Taylor Mikesell",5,1200,1425,225,8,5,3
"2018-19","10065","Maryland","Blair Watson|Channise Lewis|Kaila Charles|Shakira Austin|Stephanie Jones",5,1425,1459,34,2,3,-1
"2018-19","10065","Northwestern","Abi Scheid|Jordan Hamilton|Lindsey Pulliam|Pallas Kunaiyi-Akpan|Veronica Burton",5,1200,1510,310,8,12,-4
"2018-19","10065","Maryland","Blair Watson|Brianna Fraser|Channise Lewis|Kaila Charles|Stephanie Jones",5,1459,1510,51,2,0,2
"2018-19","10065","Maryland","Blair Watson|Brianna Fraser|Channise Lewis|Sara Vujacic|Stephanie Jones",5,1510,1538,28,0,0,0
"2018-19","10065","Northwestern","Abi Scheid|Lindsey Pulliam|Pallas Kunaiyi-Akpan|Sydney Wood|Veronica Burton",5,1510,1629,119,5,2,3
"2018-19","10065","Maryland","Blair Watson|Channise Lewis|Sara Vujacic|Shakira Austin|Stephanie Jones",5,1538,1629,91,2,5,-3
"2018-19","10065","Northwestern","Abi Scheid|Jordan Hamilton|Lindsey Pulliam|Pallas Kunaiyi-Akpan|Sydney Wood",5,1629,1707,78,2,2,0
"2018-19","10065","Maryland","Blair Watson|Channise Lewis|Shakira Austin|Stephanie Jones|Taylor Mikesell",5,1629,1718,89,2,2,0
"2018-19","10065","Maryland","Channise Lewis|Sarah Myers|Shakira Austin|Stephanie Jones|Taylor Mikesell",5,1718,1800,82,0,3,-3
"2018-19","10065","Northwestern","Abbie Wolf|Abi Scheid|Jordan Hamilton|Lindsey Pulliam|Sydney Wood",5,1707,1800,93,3,0,3
"2018-19","10065","Northwestern","Abbie Wolf|Abi Scheid|Jordan Hamilton|Lindsey Pulliam|Veronica Burton",5,1800,1824,24,0,0,0
"2018-19","10065","Maryland","Blair Watson|Brianna Fraser|Kaila Charles|Shakira Austin|Taylor Mikesell",5,1800,1824,24,0,0,0
"2018-19","10065","Maryland","Blair Watson|Brianna Fraser|Kaila Charles|Sara Vujacic|Taylor Mikesell",5,1824,1947,123,2,4,-2
"2018-19","10065","Northwestern","Abbie Wolf|Abi Scheid|Lindsey Pulliam|Veronica Burton",4,1824,2120,296,10,9,1
"2018-19","10065","Northwestern","Abbie Wolf|Abi Scheid|Jordan Hamilton|Lindsey Pulliam",4,2120,2224,104,2,0,2
"2018-19","10065","Northwestern","Abbie Wolf|Abi Scheid|Lindsey Pulliam|Veronica Burton",4,2224,2269,45,2,2,0
"2018-19","10065","Northwestern","Abbie Wolf|Abi Scheid|Amber Jamison|Veronica Burton",4,2269,2288,19,0,0,0
"2018-19","10065","Maryland","Blair Watson|Brianna Fraser|Channise Lewis|Kaila Charles|Taylor Mikesell",5,1947,2288,341,9,10,-1
"2018-19","10065","Maryland","Blair Watson|Brianna Fraser|Channise Lewis|Kaila Charles|Olivia Owens|Sarah Myers",6,2288,2293,5,0,3,-3
"2018-19","10065","Maryland","Blair Watson|Brianna Fraser|Channise Lewis|Olivia Owens|Sarah Myers|Shakira Austin",6,2293,2313,20,0,0,0
"2018-19","10065","Maryland","Brianna Fraser|Channise Lewis|Olivia Owens|Sara Vujacic|Sarah Myers",5,2313,2400,87,4,2,2
"2018-19","10065","Northwestern","Abbie Wolf|Amber Jamison|Bryana Hopkins|Byrdy Galernik|Veronica Burton",5,2288,2400,112,5,4,1
"2018-19","10066","Maryland","Blair Watson|Kaila Charles|Shakira Austin|Stephanie Jones|Taylor Mikesell",5,0,187,187,7,2,5
"2018-19","10066","Rutgers","Charise Wilson|Ciani Cryor|Sierra Calhoun|Stasha Carey|Victoria Harris",5,0,331,331,2,7,-5
"2018-19","10066","Maryland","Blair Watson|Brianna Fraser|Kaila Charles|Stephanie Jones|Taylor Mikesell",5,187,336,149,0,0,0
"2018-19","10066","Maryland","Blair Watson|Channise Lewis|Kaila Charles|Stephanie Jones|Taylor Mikesell",5,336,399,63,3,0,3
"2018-19","10066","Rutgers","Charise Wilson|Ciani Cryor|Sierra Calhoun|Stasha Carey|Tekia Mack",5,331,399,68,0,3,-3
"2018-19","10066","Maryland","Blair Watson|Channise Lewis|Kaila Charles|Sara Vujacic|Stephanie Jones",5,399,465,66,2,0,2
"2018-19","10066","Maryland","Blair Watson|Kaila Charles|Sara Vujacic|Stephanie Jones|Taylor Mikesell",5,465,540,75,6,0,6
"2018-19","10066","Rutgers","Arella Guirantes|Charise Wilson|Stasha Carey|Tekia Mack|Zipporah Broughton",5,399,540,141,0,8,-8
"2018-19","10066","Rutgers","Arella Guirantes|Charise Wilson|Mael Gilles|Tekia Mack|Zipporah Broughton",5,540,600,60,2,0,2
"2018-19","10066","Maryland","Brianna Fraser|Channise Lewis|Kaila Charles|Sara Vujacic|Taylor Mikesell",5,540,600,60,0,2,-2
"2018-19","10066","Maryland","Brianna Fraser|Channise Lewis|Stephanie Jones|Taylor Mikesell",4,600,667,67,2,4,-2
"2018-19","10066","Rutgers","Charise Wilson|Mael Gilles|Stasha Carey|Tekia Mack|Zipporah Broughton",5,600,667,67,4,2,2
"2018-19","10066","Maryland","Brianna Fraser|Channise Lewis|Kaila Charles|Stephanie Jones",4,667,716,49,0,0,0
"2018-19","10066","Maryland","Brianna Fraser|Channise Lewis|Kaila Charles",3,716,778,62,0,2,-2
"2018-19","10066","Maryland","Brianna Fraser|Channise Lewis|Kaila Charles|Sara Vujacic",4,778,791,13,0,2,-2
"2018-19","10066","Maryland","Brianna Fraser|Channise Lewis|Sara Vujacic|Stephanie Jones|Taylor Mikesell",5,791,828,37,3,2,1
"2018-19","10066","Rutgers","Mael Gilles|Stasha Carey|Tekia Mack|Zipporah Broughton",4,667,965,298,11,11,0
"2018-19","10066","Rutgers","Charise Wilson|Mael Gilles|Noga Peleg Pelc|Stasha Carey|Tekia Mack|Zipporah Broughton",6,965,1062,97,0,1,-1
"2018-19","10066","Maryland","Brianna Fraser|Channise Lewis|Kaila Charles|Stephanie Jones|Taylor Mikesell",5,828,1130,302,9,7,2
"2018-19","10066","Rutgers","Charise Wilson|Jordan Wallace|Mael Gilles|Noga Peleg Pelc|Stasha Carey|Tekia Mack|Zipporah Broughton",7,1062,1130,68,2,0,2
"2018-19","10066","Rutgers","Arella Guirantes|Ciani Cryor|Jordan Wallace|Mael Gilles|Noga Peleg Pelc|Stasha Carey|Tekia Mack|Zipporah Broughton",8,1130,1200,70,0,2,-2
"2018-19","10066","Maryland","Brianna Fraser|Channise Lewis|Kaila Charles|Sara Vujacic|Stephanie Jones",5,1130,1200,70,2,0,2
"2018-19","10066","Rutgers","Arella Guirantes|Charise Wilson|Ciani Cryor|Stasha Carey|Tekia Mack|Victoria Harris",6,1200,1262,62,0,2,-2
"2018-19","10066","Maryland","Blair Watson|Kaila Charles|Shakira Austin|Stephanie Jones|Taylor Mikesell",5,1200,1391,191,4,3,1
"2018-19","10066","Rutgers","Arella Guirantes|Charise Wilson|Noga Peleg Pelc|Stasha Carey|Tekia Mack|Victoria Harris",6,1262,1412,150,3,2,1
"2018-19","10066","Rutgers","Arella Guirantes|Charise Wilson|Noga Peleg Pelc|Stasha Carey|Victoria Harris",5,1412,1512,100,2,5,-3
"2018-19","10066","Rutgers","Arella Guirantes|Charise Wilson|Stasha Carey|Victoria Harris|Zipporah Broughton",5,1512,1639,127,0,2,-2
"2018-19","10066","Rutgers","Arella Guirantes|Charise Wilson|Ciani Cryor|Stasha Carey|Victoria Harris",5,1639,1666,27,2,2,0
"2018-19","10066","Maryland","Blair Watson|Brianna Fraser|Channise Lewis|Kaila Charles|Stephanie Jones",5,1391,1723,332,13,6,7
"2018-19","10066","Rutgers","Arella Guirantes|Ciani Cryor|Stasha Carey|Victoria Harris|Zipporah Broughton",5,1666,1723,57,2,4,-2
"2018-19","10066","Rutgers","Arella Guirantes|Stasha Carey|Victoria Harris|Zipporah Broughton",4,1723,1800,77,4,2,2
"2018-19","10066","Maryland","Blair Watson|Brianna Fraser|Channise Lewis|Sara Vujacic|Shakira Austin",5,1723,1800,77,2,4,-2
"2018-19","10066","Rutgers","Charise Wilson|Sierra Calhoun|Stasha Carey|Victoria Harris|Zipporah Broughton",5,1800,1884,84,0,3,-3
"2018-19","10066","Rutgers","Charise Wilson|Mael Gilles|Sierra Calhoun|Stasha Carey|Zipporah Broughton",5,1884,1922,38,0,0,0
"2018-19","10066","Maryland","Blair Watson|Brianna Fraser|Sara Vujacic|Shakira Austin|Taylor Mikesell",5,1800,2024,224,3,2,1
"2018-19","10066","Rutgers","Arella Guirantes|Charise Wilson|Mael Gilles|Stasha Carey|Zipporah Broughton",5,1922,2024,102,2,0,2
"2018-19","10066","Maryland","Blair Watson|Brianna Fraser|Sara Vujacic|Taylor Mikesell",4,2024,2061,37,0,0,0
"2018-19","10066","Rutgers","Arella Guirantes|Charise Wilson|Noga Peleg Pelc|Stasha Carey|Zipporah Broughton",5,2024,2175,151,3,2,1
"2018-19","10066","Maryland","Blair Watson|Brianna Fraser|Channise Lewis|Sara Vujacic",4,2061,2275,214,4,7,-3
"2018-19","10066","Rutgers","Arella Guirantes|Charise Wilson|Stasha Carey|Zipporah Broughton",4,2175,2275,100,4,2,2
"2018-19","10066","Maryland","Channise Lewis|Sara Vujacic|Sarah Myers|Shakira Austin",4,2275,2289,14,0,1,-1
"2018-19","10066","Maryland","Channise Lewis|Sara Vujacic|Shakira Austin|Taylor Mikesell",4,2289,2319,30,0,2,-2
"2018-19","10066","Rutgers","Mael Gilles|Stasha Carey|Tekia Mack|Zipporah Broughton",4,2275,2319,44,3,0,3
"2018-19","10066","Rutgers","Mael Gilles|Noga Peleg Pelc|Stasha Carey|Tekia Mack",4,2319,2343,24,0,0,0
"2018-19","10066","Rutgers","Mael Gilles|Noga Peleg Pelc|Stasha Carey|Tekia Mack|Zipporah Broughton",5,2343,2400,57,2,2,0
"2018-19","10066","Maryland","Blair Watson|Channise Lewis|Sara Vujacic|Taylor Mikesell",4,2319,2400,81,2,2,0
"2018-19","10067","Nebraska","Hannah Whitish|Kate Cain|Kayla Mershon|Leigha Brown|Nicea Eliely",5,0,222,222,3,12,-9
"2018-19","10067","Maryland","Blair Watson|Kaila Charles|Shakira Austin|Stephanie Jones|Taylor Mikesell",5,0,227,227,12,4,8
"2018-19","10067","Nebraska","Kate Cain|Kayla Mershon|Nicea Eliely|Sam Haiby|Taylor Kissinger",5,222,293,71,1,0,1
"2018-19","10067","Maryland","Blair Watson|Brianna Fraser|Kaila Charles|Stephanie Jones|Taylor Mikesell",5,227,305,78,0,0,0
"2018-19","10067","Nebraska","Ashtyn Veerbeek|Maddie Simon|Nicea Eliely|Sam Haiby|Taylor Kissinger",5,293,341,48,0,2,-2
"2018-19","10067","Nebraska","Ashtyn Veerbeek|Hannah Whitish|Maddie Simon|Sam Haiby|Taylor Kissinger",5,341,375,34,0,1,-1
"2018-19","10067","Nebraska","Ashtyn Veerbeek|Hannah Whitish|Leigha Brown|Maddie Simon|Sam Haiby",5,375,424,49,3,2,1
"2018-19","10067","Maryland","Blair Watson|Brianna Fraser|Channise Lewis|Kaila Charles|Taylor Mikesell",5,305,458,153,5,5,0
"2018-19","10067","Maryland","Blair Watson|Channise Lewis|Kaila Charles|Stephanie Jones|Taylor Mikesell",5,458,482,24,0,0,0
"2018-19","10067","Nebraska","Ashtyn Veerbeek|Hannah Whitish|Leigha Brown|Maddie Simon|Nicea Eliely",5,424,544,120,5,5,0
"2018-19","10067","Maryland","Blair Watson|Channise Lewis|Shakira Austin|Stephanie Jones|Taylor Mikesell",5,482,600,118,5,6,-1
"2018-19","10067","Maryland","Blair Watson|Kaila Charles|Shakira Austin|Stephanie Jones|Taylor Mikesell",5,600,609,9,0,0,0
"2018-19","10067","Nebraska","Grace Mitchell|Hannah Whitish|Kate Cain|Leigha Brown|Nicea Eliely",5,544,837,293,9,7,2
"2018-19","10067","Maryland","Blair Watson|Brianna Fraser|Kaila Charles|Taylor Mikesell",4,609,837,228,7,6,1
"2018-19","10067","Nebraska","Ashtyn Veerbeek|Grace Mitchell|Hannah Whitish|Sam Haiby|Taylor Kissinger",5,837,923,86,5,0,5
"2018-19","10067","Maryland","Blair Watson|Sara Vujacic|Shakira Austin|Stephanie Jones",4,837,923,86,0,5,-5
"2018-19","10067","Nebraska","Ashtyn Veerbeek|Grace Mitchell|Hannah Whitish|Maddie Simon|Sam Haiby|Taylor Kissinger",6,923,1021,98,0,6,-6
"2018-19","10067","Nebraska","Grace Mitchell|Hannah Whitish|Kate Cain|Maddie Simon|Sam Haiby|Taylor Kissinger",6,1021,1039,18,0,0,0
"2018-19","10067","Nebraska","Grace Mitchell|Kate Cain|Maddie Simon|Nicea Eliely|Sam Haiby|Taylor Kissinger",6,1039,1081,42,2,2,0
"2018-19","10067","Maryland","Brianna Fraser|Kaila Charles|Stephanie Jones|Taylor Mikesell",4,923,1081,158,8,2,6
"2018-19","10067","Nebraska","Grace Mitchell|Hannah Whitish|Kate Cain|Kayla Mershon|Nicea Eliely|Taylor Kissinger",6,1081,1142,61,4,2,2
"2018-19","10067","Maryland","Blair Watson|Brianna Fraser|Kaila Charles|Shakira Austin|Taylor Mikesell",5,1081,1142,61,2,4,-2
"2018-19","10067","Maryland","Blair Watson|Brianna Fraser|Channise Lewis|Shakira Austin|Taylor Mikesell",5,1142,1200,58,2,2,0
"2018-19","10067","Nebraska","Grace Mitchell|Hannah Whitish|Kate Cain|Kayla Mershon|Leigha Brown|Nicea Eliely",6,1142,1200,58,2,2,0
"2018-19","10067","Maryland","Blair Watson|Kaila Charles|Shakira Austin|Stephanie Jones|Taylor Mikesell",5,1200,1235,35,0,0,0
"2018-19","10067","Nebraska","Hannah Whitish|Kate Cain|Kayla Mershon|Leigha Brown|Nicea Eliely",5,1200,1386,186,2,3,-1
"2018-19","10067","Maryland","Blair Watson|Brianna Fraser|Kaila Charles|Shakira Austin|Taylor Mikesell",5,1235,1386,151,3,2,1
"2018-19","10067","Nebraska","Hannah Whitish|Kate Cain|Kayla Mershon|Nicea Eliely|Taylor Kissinger",5,1386,1415,29,0,1,-1
"2018-19","10067","Nebraska","Ashtyn Veerbeek|Hannah Whitish|Kayla Mershon|Sam Haiby|Taylor Kissinger",5,1415,1447,32,2,4,-2
"2018-19","10067","Nebraska","Grace Mitchell|Hannah Whitish|Kayla Mershon|Sam Haiby|Taylor Kissinger",5,1447,1616,169,7,8,-1
"2018-19","10067","Maryland","Blair Watson|Brianna Fraser|Kaila Charles|Stephanie Jones|Taylor Mikesell",5,1386,1616,230,13,9,4
"2018-19","10067","Nebraska","Kate Cain|Leigha Brown|Maddie Simon|Nicea Eliely|Sam Haiby",5,1616,1635,19,0,3,-3
"2018-19","10067","Nebraska","Grace Mitchell|Kate Cain|Leigha Brown|Nicea Eliely|Sam Haiby",5,1635,1690,55,0,1,-1
"2018-19","10067","Maryland","Blair Watson|Brianna Fraser|Channise Lewis|Kaila Charles|Taylor Mikesell",5,1616,1800,184,12,0,12
"2018-19","10067","Nebraska","Grace Mitchell|Hannah Whitish|Kate Cain|Leigha Brown|Nicea Eliely",5,1690,1800,110,0,8,-8
"2018-19","10067","Nebraska","Ashtyn Veerbeek|Hannah Whitish|Kayla Mershon|Leigha Brown|Sam Haiby",5,1800,1927,127,2,4,-2
"2018-19","10067","Maryland","Blair Watson|Brianna Fraser|Channise Lewis|Kaila Charles|Stephanie Jones",5,1800,1927,127,4,2,2
"2018-19","10067","Nebraska","Ashtyn Veerbeek|Hannah Whitish|Maddie Simon|Sam Haiby|Taylor Kissinger",5,1927,2057,130,4,3,1
"2018-19","10067","Maryland","Blair Watson|Brianna Fraser|Channise Lewis|Stephanie Jones",4,1927,2057,130,3,4,-1
"2018-19","10067","Nebraska","Ashtyn Veerbeek|Hannah Whitish|Maddie Simon|Nicea Eliely|Taylor Kissinger",5,2057,2102,45,0,0,0
"2018-19","10067","Nebraska","Ashtyn Veerbeek|Hannah Whitish|Leigha Brown|Maddie Simon|Nicea Eliely",5,2102,2180,78,2,4,-2
"2018-19","10067","Maryland","Brianna Fraser|Channise Lewis|Kaila Charles|Stephanie Jones",4,2057,2180,123,4,2,2
"2018-19","10067","Maryland","Brianna Fraser|Channise Lewis|Kaila Charles|Sara Vujacic|Stephanie Jones",5,2180,2188,8,0,1,-1
"2018-19","10067","Maryland","Brianna Fraser|Channise Lewis|Kaila Charles|Sara Vujacic|Sarah Myers|Stephanie Jones",6,2188,2243,55,2,2,0
"2018-19","10067","Maryland","Brianna Fraser|Channise Lewis|Kaila Charles|Olivia Owens|Sara Vujacic|Sarah Myers",6,2243,2400,157,7,7,0
"2018-19","10067","Nebraska","Grace Mitchell|Kate Cain|Leigha Brown|Nicea Eliely|Sam Haiby",5,2180,2400,220,10,9,1
"2018-19","10068","Maryland","Blair Watson|Kaila Charles|Shakira Austin|Stephanie Jones|Taylor Mikesell",5,0,274,274,7,6,1
"2018-19","10068","Iowa","Hannah Stewart|Kathleen Doyle|Makenzie Meyer|Megan Gustafson|Tania Davis",5,0,274,274,6,7,-1
"2018-19","10068","Iowa","Amanda Ollinger|Kathleen Doyle|Makenzie Meyer|Megan Gustafson|Tania Davis",5,274,311,37,2,0,2
"2018-19","10068","Maryland","Blair Watson|Brianna Fraser|Channise Lewis|Kaila Charles|Taylor Mikesell",5,274,328,54,0,5,-5
"2018-19","10068","Iowa","Alexis Sevillian|Amanda Ollinger|Kathleen Doyle|Megan Gustafson|Tania Davis",5,311,391,80,3,2,1
"2018-19","10068","Iowa","Alexis Sevillian|Hannah Stewart|Kathleen Doyle|Monika Czinano|Tania Davis",5,391,398,7,0,0,0
"2018-19","10068","Maryland","Blair Watson|Brianna Fraser|Channise Lewis|Kaila Charles|Stephanie Jones",5,328,409,81,2,0,2
"2018-19","10068","Iowa","Alexis Sevillian|Hannah Stewart|Kathleen Doyle|Makenzie Meyer|Monika Czinano",5,398,460,62,0,0,0
"2018-19","10068","Maryland","Blair Watson|Brianna Fraser|Channise Lewis|Kaila Charles|Shakira Austin",5,409,498,89,2,2,0
"2018-19","10068","Iowa","Hannah Stewart|Kathleen Doyle|Makenzie Meyer|Megan Gustafson|Tania Davis",5,460,575,115,4,5,-1
"2018-19","10068","Iowa","Alexis Sevillian|Hannah Stewart|Makenzie Meyer|Megan Gustafson|Tania Davis",5,575,600,25,2,0,2
"2018-19","10068","Maryland","Brianna Fraser|Channise Lewis|Kaila Charles|Shakira Austin|Taylor Mikesell",5,498,600,102,3,4,-1
"2018-19","10068","Maryland","Blair Watson|Channise Lewis|Kaila Charles|Shakira Austin|Stephanie Jones",5,600,662,62,2,0,2
"2018-19","10068","Maryland","Blair Watson|Brianna Fraser|Channise Lewis|Kaila Charles|Stephanie Jones",5,662,703,41,0,0,0
"2018-19","10068","Maryland","Blair Watson|Channise Lewis|Kaila Charles|Stephanie Jones",4,703,747,44,0,0,0
"2018-19","10068","Maryland","Brianna Fraser|Channise Lewis|Kaila Charles|Stephanie Jones",4,747,755,8,0,2,-2
"2018-19","10068","Maryland","Channise Lewis|Kaila Charles|Shakira Austin|Stephanie Jones",4,755,843,88,2,6,-4
"2018-19","10068","Iowa","Hannah Stewart|Kathleen Doyle|Makenzie Meyer|Megan Gustafson|Tania Davis",5,600,843,243,8,4,4
"2018-19","10068","Iowa","Alexis Sevillian|Amanda Ollinger|Kathleen Doyle|Makenzie Meyer|Megan Gustafson",5,843,912,69,0,3,-3
"2018-19","10068","Maryland","Channise Lewis|Kaila Charles|Sara Vujacic|Shakira Austin|Stephanie Jones",5,843,978,135,6,0,6
"2018-19","10068","Iowa","Alexis Sevillian|Amanda Ollinger|Kathleen Doyle|Megan Gustafson|Tania Davis",5,912,978,66,0,3,-3
"2018-19","10068","Maryland","Channise Lewis|Sara Vujacic|Shakira Austin|Stephanie Jones",4,978,1028,50,3,0,3
"2018-19","10068","Iowa","Alexis Sevillian|Hannah Stewart|Kathleen Doyle|Monika Czinano|Tania Davis",5,978,1028,50,0,3,-3
"2018-19","10068","Iowa","Alexis Sevillian|Hannah Stewart|Makenzie Meyer|Megan Gustafson|Tania Davis",5,1028,1076,48,3,2,1
"2018-19","10068","Iowa","Hannah Stewart|Kathleen Doyle|Makenzie Meyer|Megan Gustafson|Tania Davis",5,1076,1092,16,0,1,-1
"2018-19","10068","Iowa","Amanda Ollinger|Kathleen Doyle|Makenzie Meyer|Megan Gustafson|Tania Davis",5,1092,1195,103,5,3,2
"2018-19","10068","Iowa","Amanda Ollinger|Kathleen Doyle|Makenzie Meyer|Monika Czinano|Tania Davis",5,1195,1200,5,0,0,0
"2018-19","10068","Maryland","Kaila Charles|Sara Vujacic|Shakira Austin|Stephanie Jones",4,1028,1200,172,6,8,-2
"2018-19","10068","Maryland","Blair Watson|Kaila Charles|Shakira Austin|Stephanie Jones|Taylor Mikesell",5,1200,1219,19,0,1,-1
"2018-19","10068","Iowa","Hannah Stewart|Kathleen Doyle|Makenzie Meyer|Megan Gustafson|Tania Davis",5,1200,1343,143,3,2,1
"2018-19","10068","Maryland","Blair Watson|Brianna Fraser|Kaila Charles|Stephanie Jones|Taylor Mikesell",5,1219,1422,203,2,6,-4
"2018-19","10068","Iowa","Amanda Ollinger|Kathleen Doyle|Makenzie Meyer|Megan Gustafson|Tania Davis",5,1343,1422,79,4,0,4
"2018-19","10068","Iowa","Alexis Sevillian|Amanda Ollinger|Kathleen Doyle|Megan Gustafson|Tania Davis",5,1422,1470,48,5,2,3
"2018-19","10068","Iowa","Alexis Sevillian|Hannah Stewart|Kathleen Doyle|Monika Czinano|Tania Davis",5,1470,1502,32,2,3,-1
"2018-19","10068","Maryland","Blair Watson|Brianna Fraser|Sara Vujacic|Stephanie Jones|Taylor Mikesell",5,1422,1623,201,11,13,-2
"2018-19","10068","Iowa","Alexis Sevillian|Hannah Stewart|Makenzie Meyer|Megan Gustafson|Tania Davis",5,1502,1623,121,6,6,0
"2018-19","10068","Maryland","Blair Watson|Kaila Charles|Shakira Austin|Stephanie Jones|Taylor Mikesell",5,1623,1674,51,2,0,2
"2018-19","10068","Iowa","Alexis Sevillian|Amanda Ollinger|Kathleen Doyle|Makenzie Meyer|Megan Gustafson",5,1623,1674,51,0,2,-2
"2018-19","10068","Iowa","Alexis Sevillian|Amanda Ollinger|Makenzie Meyer|Megan Gustafson|Tania Davis",5,1674,1745,71,5,0,5
"2018-19","10068","Iowa","Alexis Sevillian|Hannah Stewart|Makenzie Meyer|Megan Gustafson|Tania Davis",5,1745,1800,55,0,2,-2
"2018-19","10068","Maryland","Blair Watson|Kaila Charles|Sara Vujacic|Shakira Austin|Taylor Mikesell",5,1674,1800,126,2,5,-3
"2018-19","10068","Maryland","Blair Watson|Brianna Fraser|Stephanie Jones|Taylor Mikesell",4,1800,1827,27,3,0,3
"2018-19","10068","Maryland","Blair Watson|Shakira Austin|Stephanie Jones|Taylor Mikesell",4,1827,2111,284,10,10,0
"2018-19","10068","Maryland","Blair Watson|Brianna Fraser|Channise Lewis|Kaila Charles|Taylor Mikesell",5,2111,2149,38,0,0,0
"2018-19","10068","Iowa","Hannah Stewart|Kathleen Doyle|Makenzie Meyer|Megan Gustafson|Tania Davis",5,1800,2166,366,12,16,-4
"2018-19","10068","Iowa","Alexis Sevillian|Hannah Stewart|Makenzie Meyer|Megan Gustafson|Tania Davis",5,2166,2251,85,5,3,2
"2018-19","10068","Maryland","Blair Watson|Channise Lewis|Kaila Charles|Stephanie Jones|Taylor Mikesell",5,2149,2379,230,10,16,-6
"2018-19","10068","Iowa","Hannah Stewart|Kathleen Doyle|Makenzie Meyer|Megan Gustafson|Tania Davis",5,2251,2400,149,11,4,7
"2018-19","10068","Maryland","Blair Watson|Channise Lewis|Shakira Austin|Stephanie Jones|Taylor Mikesell",5,2379,2400,21,0,2,-2
"2018-19","10069","Maryland","Blair Watson|Kaila Charles|Shakira Austin|Stephanie Jones|Taylor Mikesell",5,0,322,322,7,14,-7
"2018-19","10069","Maryland","Blair Watson|Brianna Fraser|Channise Lewis|Shakira Austin|Taylor Mikesell",5,322,372,50,0,0,0
"2018-19","10069","Maryland","Blair Watson|Brianna Fraser|Channise Lewis|Stephanie Jones|Taylor Mikesell",5,372,377,5,0,1,-1
"2018-19","10069","Maryland","Brianna Fraser|Channise Lewis|Sara Vujacic|Stephanie Jones|Taylor Mikesell",5,377,415,38,3,2,1
"2018-19","10069","Minnesota","Destiny Pitts|Irene Garrido Perez|Jasmine Brunson|Kenisha Bell|Taiye Bello",5,0,523,523,20,15,5
"2018-19","10069","Maryland","Channise Lewis|Sara Vujacic|Shakira Austin|Stephanie Jones|Taylor Mikesell",5,415,600,185,5,3,2
"2018-19","10069","Maryland","Blair Watson|Channise Lewis|Kaila Charles|Stephanie Jones",4,600,741,141,5,7,-2
"2018-19","10069","Maryland","Blair Watson|Channise Lewis|Kaila Charles|Shakira Austin",4,741,759,18,2,0,2
"2018-19","10069","Maryland","Blair Watson|Channise Lewis|Kaila Charles|Sara Vujacic|Shakira Austin",5,759,790,31,0,2,-2
"2018-19","10069","Maryland","Blair Watson|Channise Lewis|Kaila Charles|Sara Vujacic|Stephanie Jones",5,790,836,46,0,1,-1
"2018-19","10069","Minnesota","Annalese Lamke|Destiny Pitts|Irene Garrido Perez|Jasmine Brunson|Kenisha Bell",5,523,966,443,12,13,-1
"2018-19","10069","Maryland","Channise Lewis|Kaila Charles|Sara Vujacic|Stephanie Jones|Taylor Mikesell",5,836,966,130,6,2,4
"2018-19","10069","Maryland","Channise Lewis|Sara Vujacic|Shakira Austin|Stephanie Jones|Taylor Mikesell",5,966,1093,127,3,13,-10
"2018-19","10069","Maryland","Channise Lewis|Sarah Myers|Shakira Austin|Stephanie Jones|Taylor Mikesell",5,1093,1200,107,5,0,5
"2018-19","10069","Minnesota","Annalese Lamke|Destiny Pitts|Irene Garrido Perez|Kenisha Bell",4,966,1200,234,13,8,5
"2018-19","10069","Maryland","Channise Lewis|Kaila Charles|Shakira Austin|Stephanie Jones|Taylor Mikesell",5,1200,1490,290,2,9,-7
"2018-19","10069","Maryland","Channise Lewis|Kaila Charles|Shakira Austin|Taylor Mikesell",4,1490,1623,133,6,3,3
"2018-19","10069","Maryland","Channise Lewis|Kaila Charles|Sara Vujacic|Shakira Austin|Taylor Mikesell",5,1623,1766,143,4,2,2
"2018-19","10069","Maryland","Channise Lewis|Kaila Charles|Shakira Austin|Stephanie Jones|Taylor Mikesell",5,1766,1800,34,0,0,0
"2018-19","10069","Minnesota","Destiny Pitts|Irene Garrido Perez|Jasmine Brunson|Kenisha Bell|Taiye Bello",5,1200,1970,770,16,17,-1
"2018-19","10069","Minnesota","Annalese Lamke|Destiny Pitts|Irene Garrido Perez|Jasmine Brunson|Kenisha Bell",5,1970,1971,1,0,1,-1
"2018-19","10069","Minnesota","Annalese Lamke|Irene Garrido Perez|Jasmine Brunson|Kenisha Bell|Palma Kaposi",5,1971,2088,117,4,6,-2
"2018-19","10069","Maryland","Blair Watson|Kaila Charles|Shakira Austin|Stephanie Jones|Taylor Mikesell",5,1800,2088,288,12,6,6
"2018-19","10069","Minnesota","Annalese Lamke|Destiny Pitts|Irene Garrido Perez|Jasmine Brunson|Kenisha Bell",5,2088,2106,18,0,0,0
"2018-19","10069","Minnesota","Annalese Lamke|Destiny Pitts|Irene Garrido Perez|Jasmine Brunson|Taiye Bello",5,2106,2197,91,2,2,0
"2018-19","10069","Minnesota","Destiny Pitts|Irene Garrido Perez|Jasmine Brunson|Kenisha Bell|Taiye Bello",5,2197,2350,153,2,2,0
"2018-19","10069","Maryland","Blair Watson|Kaila Charles|Shakira Austin|Taylor Mikesell",4,2088,2350,262,4,4,0
"2018-19","10069","Maryland","Kaila Charles|Shakira Austin|Stephanie Jones|Taylor Mikesell",4,2350,2351,1,3,0,3
"2018-19","10069","Minnesota","Annalese Lamke|Irene Garrido Perez|Jasmine Brunson|Kenisha Bell|Taiye Bello",5,2350,2374,24,0,3,-3
"2018-19","10069","Maryland","Blair Watson|Kaila Charles|Shakira Austin|Stephanie Jones",4,2351,2374,23,0,0,0
"2018-19","10069","Minnesota","Irene Garrido Perez|Jasmine Brunson|Kenisha Bell|Palma Kaposi|Taiye Bello",5,2374,2394,20,0,2,-2
"2018-19","10069","Maryland","Blair Watson|Kaila Charles|Stephanie Jones|Taylor Mikesell",4,2374,2394,20,2,0,2
"2018-19","10069","Maryland","Blair Watson|Kaila Charles|Shakira Austin|Stephanie Jones",4,2394,2400,6,2,0,2
"2018-19","10069","Minnesota","Annalese Lamke|Irene Garrido Perez|Jasmine Brunson|Kenisha Bell|Taiye Bello",5,2394,2400,6,0,2,-2
"2018-19","10070","Maryland","Blair Watson|Kaila Charles|Shakira Austin|Stephanie Jones|Taylor Mikesell",5,0,166,166,4,4,0
"2018-19","10070","Purdue","Ae'Rianna Harris|Dominique Oden|Karissa McLaughlin|Kayana Traylor|Tamara Farquhar",5,0,448,448,13,11,2
"2018-19","10070","Purdue","Ae'Rianna Harris|Dominique Oden|Kayana Traylor|Lyndsey Whilby|Nyagoa Gony",5,448,525,77,6,0,6
"2018-19","10070","Purdue","Ae'Rianna Harris|Karissa McLaughlin|Lyndsey Whilby|Nyagoa Gony|Tamara Farquhar",5,525,600,75,0,0,0
"2018-19","10070","Purdue","Ae'Rianna Harris|Dominique Oden|Karissa McLaughlin|Kayana Traylor|Tamara Farquhar",5,600,602,2,0,0,0
"2018-19","10070","Maryland","Blair Watson|Channise Lewis|Kaila Charles|Shakira Austin|Taylor Mikesell",5,166,630,464,9,15,-6
"2018-19","10070","Purdue","Dominique Oden|Fatou Diagne|Karissa McLaughlin|Kayana Traylor|Tamara Farquhar",5,602,630,28,0,2,-2
"2018-19","10070","Purdue","Ae'Rianna Harris|Dominique Oden|Karissa McLaughlin|Kayana Traylor|Tamara Farquhar",5,630,738,108,0,2,-2
"2018-19","10070","Purdue","Ae'Rianna Harris|Cassidy Hardin|Dominique Oden|Karissa McLaughlin|Tamara Farquhar",5,738,872,134,2,4,-2
"2018-19","10070","Maryland","Blair Watson|Channise Lewis|Kaila Charles|Sara Vujacic|Shakira Austin|Taylor Mikesell",6,630,913,283,6,4,2
"2018-19","10070","Purdue","Dominique Oden|Karissa McLaughlin|Lyndsey Whilby|Nyagoa Gony|Tamara Farquhar",5,872,939,67,2,0,2
"2018-19","10070","Maryland","Blair Watson|Channise Lewis|Kaila Charles|Shakira Austin|Taylor Mikesell",5,913,1200,287,4,6,-2
"2018-19","10070","Maryland","Blair Watson|Kaila Charles|Shakira Austin|Stephanie Jones|Taylor Mikesell",5,1200,1468,268,6,7,-1
"2018-19","10070","Maryland","Blair Watson|Channise Lewis|Kaila Charles|Stephanie Jones|Taylor Mikesell",5,1468,1497,29,0,3,-3
"2018-19","10070","Purdue","Ae'Rianna Harris|Dominique Oden|Karissa McLaughlin|Kayana Traylor|Tamara Farquhar",5,939,1577,638,18,15,3
"2018-19","10070","Maryland","Blair Watson|Channise Lewis|Kaila Charles|Shakira Austin|Taylor Mikesell",5,1497,1621,124,5,2,3
"2018-19","10070","Maryland","Blair Watson|Kaila Charles|Sara Vujacic|Shakira Austin|Taylor Mikesell",5,1621,1673,52,0,2,-2
"2018-19","10070","Purdue","Ae'Rianna Harris|Karissa McLaughlin|Kayana Traylor|Nyagoa Gony|Tamara Farquhar",5,1577,1698,121,2,2,0
"2018-19","10070","Purdue","Ae'Rianna Harris|Dominique Oden|Karissa McLaughlin|Kayana Traylor|Nyagoa Gony",5,1698,1719,21,0,0,0
"2018-19","10070","Purdue","Ae'Rianna Harris|Dominique Oden|Fatou Diagne|Karissa McLaughlin|Kayana Traylor",5,1719,1768,49,0,1,-1
"2018-19","10070","Maryland","Blair Watson|Sara Vujacic|Shakira Austin|Stephanie Jones|Taylor Mikesell",5,1673,1800,127,3,0,3
"2018-19","10070","Purdue","Ae'Rianna Harris|Dominique Oden|Karissa McLaughlin|Kayana Traylor|Tamara Farquhar",5,1768,2028,260,0,8,-8
"2018-19","10070","Maryland","Blair Watson|Channise Lewis|Kaila Charles|Stephanie Jones|Taylor Mikesell",5,1800,2056,256,10,0,10
"2018-19","10070","Purdue","Ae'Rianna Harris|Dominique Oden|Kayana Traylor|Lyndsey Whilby|Tamara Farquhar",5,2028,2086,58,0,2,-2
"2018-19","10070","Maryland","Blair Watson|Channise Lewis|Shakira Austin|Stephanie Jones|Taylor Mikesell",5,2056,2237,181,4,2,2
"2018-19","10070","Maryland","Blair Watson|Channise Lewis|Kaila Charles|Stephanie Jones|Taylor Mikesell",5,2237,2328,91,2,2,0
"2018-19","10070","Purdue","Ae'Rianna Harris|Dominique Oden|Karissa McLaughlin|Kayana Traylor|Tamara Farquhar",5,2086,2380,294,6,8,-2
"2018-19","10070","Maryland","Blair Watson|Channise Lewis|Shakira Austin|Stephanie Jones|Taylor Mikesell",5,2328,2381,53,2,5,-3
"2018-19","10070","Purdue","Abby Abel|Ae'Rianna Harris|Cassidy Hardin|Dominique Oden|Lyndsey Whilby",5,2380,2381,1,3,0,3
"2018-19","10070","Maryland","Blair Watson|Channise Lewis|Sara Vujacic|Stephanie Jones|Taylor Mikesell",5,2381,2382,1,1,0,1
"2018-19","10070","Maryland","Blair Watson|Channise Lewis|Shakira Austin|Stephanie Jones|Taylor Mikesell",5,2382,2394,12,2,3,-1
"2018-19","10070","Purdue","Ae'Rianna Harris|Dominique Oden|Karissa McLaughlin|Kayana Traylor|Tamara Farquhar",5,2381,2394,13,3,3,0
"2018-19","10070","Purdue","Ae'Rianna Harris|Cassidy Hardin|Dominique Oden|Karissa McLaughlin|Lyndsey Whilby",5,2394,2400,6,0,0,0
"2018-19","10070","Maryland","Blair Watson|Channise Lewis|Sara Vujacic|Shakira Austin|Stephanie Jones|Taylor Mikesell",6,2394,2400,6,0,0,0
"2018-19","10071","Illinois","Alex Wittinger|Ali Andrews|Brandi Beasley|Cierra Rice|Courtney Joens",5,0,188,188,5,6,-1
"2018-19","10071","Maryland","Blair Watson|Kaila Charles|Shakira Austin|Stephanie Jones|Taylor Mikesell",5,0,188,188,6,5,1
"2018-19","10071","Illinois","Ali Andrews|Brandi Beasley|Cierra Rice|Courtney Joens|Mackenzie Blazek",5,188,252,64,2,6,-4
"2018-19","10071","Illinois","Ali Andrews|Brandi Beasley|Cierra Rice|Courtney Joens|J-Naya Ephraim",5,252,290,38,0,0,0
"2018-19","10071","Maryland","Channise Lewis|Kaila Charles|Sara Vujacic|Stephanie Jones|Taylor Mikesell",5,188,290,102,6,2,4
"2018-19","10071","Illinois","Alex Wittinger|Brandi Beasley|Cierra Rice|Courtney Joens|J-Naya Ephraim",5,290,323,33,3,2,1
"2018-19","10071","Illinois","Alex Wittinger|Brandi Beasley|Cierra Rice|J-Naya Ephraim",4,323,390,67,2,4,-2
"2018-19","10071","Maryland","Channise Lewis|Sara Vujacic|Shakira Austin|Stephanie Jones|Taylor Mikesell",5,290,390,100,6,5,1
"2018-19","10071","Maryland","Blair Watson|Channise Lewis|Shakira Austin|Stephanie Jones|Taylor Mikesell",5,390,600,210,4,2,2
"2018-19","10071","Illinois","Alex Wittinger|Arieal Scott|Brandi Beasley|J-Naya Ephraim",4,390,600,210,2,4,-2
"2018-19","10071","Illinois","Ali Andrews|Arieal Scott|Brandi Beasley|Courtney Joens|Mackenzie Blazek",5,600,677,77,0,2,-2
"2018-19","10071","Maryland","Channise Lewis|Kaila Charles|Shakira Austin|Taylor Mikesell",4,600,677,77,2,0,2
"2018-19","10071","Maryland","Channise Lewis|Kaila Charles|Stephanie Jones|Taylor Mikesell",4,677,738,61,0,0,0
"2018-19","10071","Illinois","Alex Wittinger|Arieal Scott|Brandi Beasley|Courtney Joens|Mackenzie Blazek",5,677,890,213,7,2,5
"2018-19","10071","Maryland","Channise Lewis|Shakira Austin|Stephanie Jones|Taylor Mikesell",4,738,890,152,2,7,-5
"2018-19","10071","Maryland","Channise Lewis|Olivia Owens|Sara Vujacic|Shakira Austin|Taylor Mikesell",5,890,976,86,5,6,-1
"2018-19","10071","Illinois","Alex Wittinger|Arieal Scott|Courtney Joens|J-Naya Ephraim|Mackenzie Blazek",5,890,1029,139,6,5,1
"2018-19","10071","Maryland","Channise Lewis|Olivia Owens|Sara Vujacic|Stephanie Jones|Taylor Mikesell",5,976,1029,53,0,0,0
"2018-19","10071","Maryland","Channise Lewis|Olivia Owens|Sara Vujacic|Shakira Austin|Taylor Mikesell",5,1029,1188,159,6,5,1
"2018-19","10071","Maryland","Channise Lewis|Olivia Owens|Shakira Austin|Taylor Mikesell",4,1188,1200,12,0,1,-1
"2018-19","10071","Illinois","Alex Wittinger|Arieal Scott|Brandi Beasley|Courtney Joens|Mackenzie Blazek",5,1029,1200,171,6,6,0
"2018-19","10071","Maryland","Blair Watson|Kaila Charles|Shakira Austin|Stephanie Jones|Taylor Mikesell",5,1200,1323,123,2,2,0
"2018-19","10071","Illinois","Alex Wittinger|Ali Andrews|Brandi Beasley|Cierra Rice|Courtney Joens",5,1200,1465,265,6,5,1
"2018-19","10071","Maryland","Blair Watson|Channise Lewis|Kaila Charles|Stephanie Jones|Taylor Mikesell",5,1323,1465,142,3,4,-1
"2018-19","10071","Maryland","Channise Lewis|Kaila Charles|Sara Vujacic|Shakira Austin|Taylor Mikesell",5,1465,1530,65,0,0,0
"2018-19","10071","Maryland","Channise Lewis|Sara Vujacic|Shakira Austin|Stephanie Jones|Taylor Mikesell",5,1530,1568,38,1,3,-2
"2018-19","10071","Illinois","Alex Wittinger|Brandi Beasley|Cierra Rice|Courtney Joens|Mackenzie Blazek",5,1465,1687,222,3,6,-3
"2018-19","10071","Illinois","Ali Andrews|Brandi Beasley|Cierra Rice|Courtney Joens|Mackenzie Blazek",5,1687,1765,78,2,3,-1
"2018-19","10071","Maryland","Blair Watson|Channise Lewis|Shakira Austin|Stephanie Jones|Taylor Mikesell",5,1568,1800,232,11,2,9
"2018-19","10071","Illinois","Ali Andrews|Arieal Scott|Brandi Beasley|Cierra Rice|Mackenzie Blazek",5,1765,1800,35,0,3,-3
"2018-19","10071","Illinois","Alex Wittinger|Ali Andrews|Arieal Scott|Cierra Rice|Mackenzie Blazek",5,1800,1828,28,0,0,0
"2018-19","10071","Maryland","Blair Watson|Kaila Charles|Shakira Austin|Stephanie Jones|Taylor Mikesell",5,1800,1828,28,0,0,0
"2018-19","10071","Illinois","Alex Wittinger|Arieal Scott|J-Naya Ephraim|Mackenzie Blazek",4,1828,1925,97,0,0,0
"2018-19","10071","Maryland","Blair Watson|Kaila Charles|Shakira Austin|Taylor Mikesell",4,1828,1925,97,0,0,0
"2018-19","10071","Illinois","Alex Wittinger|Ali Andrews|Arieal Scott|J-Naya Ephraim|Mackenzie Blazek",5,1925,1970,45,0,2,-2
"2018-19","10071","Illinois","Alex Wittinger|Ali Andrews|Arieal Scott|Cierra Rice|Mackenzie Blazek",5,1970,2113,143,5,2,3
"2018-19","10071","Maryland","Blair Watson|Kaila Charles|Stephanie Jones|Taylor Mikesell",4,1925,2130,205,4,5,-1
"2018-19","10071","Illinois","Alex Wittinger|Ali Andrews|Arieal Scott|J-Naya Ephraim|Mackenzie Blazek",5,2113,2248,135,3,5,-2
"2018-19","10071","Maryland","Blair Watson|Shakira Austin|Stephanie Jones|Taylor Mikesell",4,2130,2259,129,5,5,0
"2018-19","10071","Maryland","Blair Watson|Kaila Charles|Stephanie Jones|Taylor Mikesell",4,2259,2400,141,8,8,0
"2018-19","10071","Illinois","Alex Wittinger|Ali Andrews|Arieal Scott|Cierra Rice|Mackenzie Blazek",5,2248,2400,152,10,8,2
