"source_id","file_id","team","player_name","player_number","stint_index","in_seconds","out_seconds","duration","pts_for","pts_against","plus_minus","starter"
"2018-19","9885","Coppin State","Maraiyah Smith",2,1,0,199,199,6,14,-8,1
"2018-19","9885","Coppin State","Brooke Fields",4,1,0,815,815,13,38,-25,1
"2018-19","9885","Coppin State","E'Mya Price",10,1,0,740,740,13,36,-23,1
"2018-19","9885","Coppin State","Chance Graham",23,1,0,1744,1744,29,68,-39,1
"2018-19","9885","Coppin State","Jalynda Salley",45,1,0,398,398,10,22,-12,1
"2018-19","9885","Maryland","Channise Lewis",3,1,0,199,199,14,6,8,1
"2018-19","9885","Maryland","Kaila Charles",5,1,0,398,398,22,10,12,1
"2018-19","9885","Maryland","Taylor Mikesell",11,1,0,398,398,22,10,12,1
"2018-19","9885","Maryland","Stephanie Jones",24,1,0,199,199,14,6,8,1
"2018-19","9885","Maryland","Brianna Fraser",34,1,0,317,317,20,10,10,1
"2018-19","9885","Coppin State","Kaiya Coleman",3,1,199,2400,2201,30,79,-49,0
"2018-19","9885","Maryland","Shakira Austin",1,1,199,600,401,17,7,10,0
"2018-19","9885","Maryland","Blair Watson",22,1,199,600,401,17,7,10,0
"2018-19","9885","Maryland","Sara Vujacic",32,1,317,1200,883,28,10,18,0
"2018-19","9885","Coppin State","Oluwadamilola Oloyed",12,1,398,1200,802,10,26,-16,0
"2018-19","9885","Maryland","Channise Lewis",3,2,398,863,465,19,3,16,0
"2018-19","9885","Maryland","Stephanie Jones",24,2,398,600,202,9,3,6,0
"2018-19","9885","Maryland","Kaila Charles",5,2,600,815,215,7,0,7,0
"2018-19","9885","Maryland","Brianna Fraser",34,2,600,815,215,7,0,7,0
"2018-19","9885","Coppin State","Tsahai Corbie",0,1,740,1200,460,7,12,-5,0
"2018-19","9885","Coppin State","E'Mya Price",10,2,815,1096,281,7,8,-1,0
"2018-19","9885","Maryland","Shakira Austin",1,2,815,1200,385,10,7,3,0
"2018-19","9885","Maryland","Blair Watson",22,2,815,1200,385,10,7,3,0
"2018-19","9885","Maryland","Stephanie Jones",24,3,815,976,161,3,3,0,0
"2018-19","9885","Maryland","Sarah Myers",21,1,863,1200,337,7,7,0,0
"2018-19","9885","Coppin State","Brooke Fields",4,2,976,991,15,0,1,-1,0
"2018-19","9885","Maryland","Olivia Owens",35,1,976,1200,224,7,4,3,0
"2018-19","9885","Coppin State","Maraiyah Smith",2,2,991,1113,122,4,4,0,0
"2018-19","9885","Coppin State","Brooke Fields",4,3,1113,1483,370,5,14,-9,0
"2018-19","9885","Coppin State","E'Mya Price",10,3,1200,1744,544,9,20,-11,0
"2018-19","9885","Coppin State","Jalynda Salley",45,2,1200,1242,42,2,2,0,0
"2018-19","9885","Maryland","Channise Lewis",3,3,1200,1644,444,17,6,11,0
"2018-19","9885","Maryland","Kaila Charles",5,3,1200,1602,402,15,6,9,0
"2018-19","9885","Maryland","Taylor Mikesell",11,2,1200,1404,204,10,5,5,0
"2018-19","9885","Maryland","Stephanie Jones",24,4,1200,1487,287,12,5,7,0
"2018-19","9885","Maryland","Brianna Fraser",34,3,1200,1506,306,12,6,6,0
"2018-19","9885","Coppin State","Oluwadamilola Oloyed",12,2,1242,1602,360,4,13,-9,0
"2018-19","9885","Maryland","Blair Watson",22,3,1404,1727,323,7,3,4,0
"2018-19","9885","Maryland","Shakira Austin",1,3,1487,1727,240,5,3,2,0
"2018-19","9885","Maryland","Sara Vujacic",32,2,1506,1727,221,5,2,3,0
"2018-19","9885","Coppin State","Jalynda Salley",45,3,1602,2292,690,10,27,-17,0
"2018-19","9885","Maryland","Stephanie Jones",24,5,1602,1800,198,9,6,3,0
"2018-19","9885","Maryland","Sarah Myers",21,2,1644,2400,756,28,10,18,0
"2018-19","9885","Maryland","Taylor Mikesell",11,3,1727,2044,317,14,6,8,0
"2018-19","9885","Maryland","Brianna Fraser",34,4,1727,1800,73,7,4,3,0
"2018-19","9885","Maryland","Olivia Owens",35,2,1727,2189,462,22,6,16,0
"2018-19","9885","Coppin State","Diamond Adams",1,1,1744,1800,56,3,4,-1,0
"2018-19","9885","Coppin State","Oluwadamilola Oloyed",12,3,1744,1800,56,3,4,-1,0
"2018-19","9885","Coppin State","Maraiyah Smith",2,3,1800,2400,600,4,21,-17,0
"2018-19","9885","Coppin State","E'Mya Price",10,4,1800,2400,600,4,21,-17,0
"2018-19","9885","Coppin State","Chance Graham",23,2,1800,2387,587,4,21,-17,0
"2018-19","9885","Maryland","Kaila Charles",5,4,1800,2009,209,7,0,7,0
"2018-19","9885","Maryland","Shakira Austin",1,4,2009,2400,391,14,4,10,0
"2018-19","9885","Maryland","Sara Vujacic",32,3,2009,2400,391,14,4,10,0
"2018-19","9885","Maryland","Brianna Fraser",34,5,2074,2126,52,4,0,4,0
"2018-19","9885","Maryland","Stephanie Jones",24,6,2189,2400,211,6,2,4,0
"2018-19","9885","Coppin State","Oluwadamilola Oloyed",12,4,2292,2400,108,0,3,-3,0
"2018-19","9885","Coppin State","Tsahai Corbie",0,2,2387,2400,13,0,0,0,0
"2018-19","9886","Dayton","Araion Bradshaw",1,1,0,348,348,8,15,-7,1
"2018-19","9886","Dayton","Jordan Wilmoth",2,1,0,348,348,8,15,-7,1
"2018-19","9886","Dayton","Julia Chandler",13,1,0,362,362,8,15,-7,1
"2018-19","9886","Dayton","Lauren Cannatelli",24,1,0,348,348,8,15,-7,1
"2018-19","9886","Dayton","Jayla Scaife",42,1,0,484,484,11,21,-10,1
"2018-19","9886","Maryland","Channise Lewis",3,1,0,417,417,15,8,7,1
"2018-19","9886","Maryland","Kaila Charles",5,1,0,358,358,15,8,7,1
"2018-19","9886","Maryland","Taylor Mikesell",11,1,0,178,178,5,8,-3,1
"2018-19","9886","Maryland","Stephanie Jones",24,1,0,530,530,23,11,12,1
"2018-19","9886","Maryland","Brianna Fraser",34,1,0,266,266,7,8,-1,1
"2018-19","9886","Maryland","Blair Watson",22,1,178,530,352,18,3,15,0
"2018-19","9886","Maryland","Taylor Mikesell",11,2,266,759,493,27,4,23,0
"2018-19","9886","Dayton","Brittany Ward",3,1,348,600,252,3,13,-10,0
"2018-19","9886","Dayton","Shakeela Fowler",4,1,348,458,110,0,2,-2,0
"2018-19","9886","Dayton","Jenna Giacone",12,1,348,375,27,0,0,0,0
"2018-19","9886","Maryland","Shakira Austin",1,1,358,1048,690,24,17,7,0
"2018-19","9886","Dayton","Jordan Wilmoth",2,2,362,458,96,0,2,-2,0
"2018-19","9886","Dayton","Lauren Cannatelli",24,2,375,2400,2025,63,67,-4,0
"2018-19","9886","Maryland","Kaila Charles",5,2,417,759,342,19,4,15,0
"2018-19","9886","Dayton","Araion Bradshaw",1,2,458,1538,1080,35,45,-10,0
"2018-19","9886","Dayton","Jordan Wilmoth",2,3,465,667,202,0,12,-12,0
"2018-19","9886","Dayton","Julia Chandler",13,2,465,2246,1781,56,64,-8,0
"2018-19","9886","Dayton","Tiaera Phillips",15,1,484,530,46,0,2,-2,0
"2018-19","9886","Dayton","Jenna Giacone",12,2,530,600,70,0,5,-5,0
"2018-19","9886","Maryland","Sara Vujacic",32,1,530,600,70,5,0,5,0
"2018-19","9886","Maryland","Brianna Fraser",34,2,530,825,295,11,3,8,0
"2018-19","9886","Dayton","Kyla Whitehead",5,1,600,1200,600,16,15,1,0
"2018-19","9886","Dayton","Jayla Scaife",42,2,600,604,4,0,0,0,0
"2018-19","9886","Maryland","Channise Lewis",3,2,600,825,225,6,3,3,0
"2018-19","9886","Dayton","Jenna Giacone",12,3,604,611,7,0,2,-2,0
"2018-19","9886","Dayton","Jayla Scaife",42,3,611,1800,1189,42,41,1,0
"2018-19","9886","Dayton","Maddy Dennis",23,1,667,861,194,3,6,-3,0
"2018-19","9886","Maryland","Blair Watson",22,2,759,825,66,0,2,-2,0
"2018-19","9886","Maryland","Kaila Charles",5,3,825,1800,975,37,39,-2,0
"2018-19","9886","Maryland","Taylor Mikesell",11,3,825,2400,1575,48,57,-9,0
"2018-19","9886","Maryland","Sarah Myers",21,1,825,1200,375,9,13,-4,0
"2018-19","9886","Maryland","Brianna Fraser",34,3,1048,1113,65,0,2,-2,0
"2018-19","9886","Maryland","Shakira Austin",1,2,1113,1200,87,4,0,4,0
"2018-19","9886","Dayton","Jordan Wilmoth",2,4,1200,1289,89,6,4,2,0
"2018-19","9886","Maryland","Channise Lewis",3,3,1200,2400,1200,39,44,-5,0
"2018-19","9886","Maryland","Stephanie Jones",24,2,1200,1601,401,23,19,4,0
"2018-19","9886","Maryland","Brianna Fraser",34,4,1200,1344,144,4,11,-7,0
"2018-19","9886","Dayton","Brittany Ward",3,2,1289,1538,249,10,15,-5,0
"2018-19","9886","Maryland","Blair Watson",22,3,1344,1669,325,22,11,11,0
"2018-19","9886","Dayton","Shakeela Fowler",4,2,1538,1800,262,10,9,1,0
"2018-19","9886","Dayton","Kyla Whitehead",5,2,1538,2400,862,28,20,8,0
"2018-19","9886","Maryland","Shakira Austin",1,3,1601,2400,799,16,25,-9,0
"2018-19","9886","Maryland","Brianna Fraser",34,5,1669,2234,565,11,18,-7,0
"2018-19","9886","Dayton","Jordan Wilmoth",2,5,1800,1898,98,0,3,-3,0
"2018-19","9886","Dayton","Tiaera Phillips",15,2,1800,1898,98,0,3,-3,0
"2018-19","9886","Maryland","Blair Watson",22,4,1800,2234,434,9,14,-5,0
"2018-19","9886","Dayton","Maddy Dennis",23,2,1898,2116,218,9,6,3,0
"2018-19","9886","Dayton","Brittany Ward",3,3,2116,2400,284,9,2,7,0
"2018-19","9886","Dayton","Jayla Scaife",42,4,2234,2400,166,4,2,2,0
"2018-19","9886","Maryland","Kaila Charles",5,4,2234,2400,166,2,4,-2,0
"2018-19","9886","Maryland","Sara Vujacic",32,2,2234,2332,98,2,4,-2,0
"2018-19","9886","Maryland","Blair Watson",22,5,2332,2400,68,0,0,0,0
"2018-19","9887","George Washington","Kelsi MAHONEY",1,1,0,535,535,8,18,-10,1
"2018-19","9887","George Washington","Chyna LATIMER",5,1,0,220,220,6,6,0,1
"2018-19","9887","George Washington","Sarah OVERCASH",20,1,0,220,220,6,6,0,1
"2018-19","9887","George Washington","Mei-Lyn BAUTISTA",21,1,0,958,958,12,33,-21,1
"2018-19","9887","George Washington","Neila LUMA",30,1,0,343,343,8,11,-3,1
"2018-19","9887","Maryland","Channise Lewis",3,1,0,477,477,15,8,7,1
"2018-19","9887","Maryland","Kaila Charles",5,1,0,300,300,11,8,3,1
"2018-19","9887","Maryland","Taylor Mikesell",11,1,0,317,317,11,8,3,1
"2018-19","9887","Maryland","Blair Watson",22,1,0,535,535,18,8,10,1
"2018-19","9887","Maryland","Stephanie Jones",24,1,0,91,91,2,3,-1,1
"2018-19","9887","Maryland","Brianna Fraser",34,1,91,477,386,13,5,8,0
"2018-19","9887","George Washington","Lexus LEVY",4,1,220,382,162,2,7,-5,0
"2018-19","9887","George Washington","Kayla MOKWUAH",24,1,220,535,315,2,12,-10,0
"2018-19","9887","Maryland","Stephanie Jones",24,2,300,382,82,2,0,2,0
"2018-19","9887","Maryland","Kaila Charles",5,2,317,1449,1132,33,7,26,0
"2018-19","9887","George Washington","Chyna LATIMER",5,2,343,756,413,0,14,-14,0
"2018-19","9887","George Washington","Maddie LODER",22,1,382,535,153,0,5,-5,0
"2018-19","9887","Maryland","Shakira Austin",1,1,382,600,218,5,0,5,0
"2018-19","9887","Maryland","Taylor Mikesell",11,2,477,756,279,10,0,10,0
"2018-19","9887","Maryland","Stephanie Jones",24,3,477,557,80,3,0,3,0
"2018-19","9887","George Washington","Lexus LEVY",4,2,535,600,65,0,0,0,0
"2018-19","9887","George Washington","Olivia GUMBS",12,1,535,600,65,0,0,0,0
"2018-19","9887","George Washington","Sarah OVERCASH",20,2,535,756,221,0,7,-7,0
"2018-19","9887","Maryland","Sara Vujacic",32,1,535,600,65,0,0,0,0
"2018-19","9887","Maryland","Brianna Fraser",34,2,557,600,43,0,0,0,0
"2018-19","9887","George Washington","Kelsi MAHONEY",1,2,600,1494,894,7,26,-19,0
"2018-19","9887","George Washington","Lexus LEVY",4,3,600,756,156,0,7,-7,0
"2018-19","9887","George Washington","Neila LUMA",30,2,600,600,0,0,0,0,0
"2018-19","9887","Maryland","Shakira Austin",1,2,600,958,358,15,4,11,0
"2018-19","9887","Maryland","Channise Lewis",3,2,600,600,0,0,0,0,0
"2018-19","9887","Maryland","Blair Watson",22,2,600,600,0,0,0,0,0
"2018-19","9887","Maryland","Stephanie Jones",24,4,600,600,0,0,0,0,0
"2018-19","9887","Maryland","Sara Vujacic",32,2,600,756,156,7,0,7,0
"2018-19","9887","Maryland","Brianna Fraser",34,3,600,756,156,7,0,7,0
"2018-19","9887","George Washington","Maddie LODER",22,2,756,1200,444,7,15,-8,0
"2018-19","9887","George Washington","Kayla MOKWUAH",24,2,756,958,202,4,8,-4,0
"2018-19","9887","George Washington","Neila LUMA",30,3,756,958,202,4,8,-4,0
"2018-19","9887","Maryland","Channise Lewis",3,3,756,1674,918,25,7,18,0
"2018-19","9887","Maryland","Blair Watson",22,3,756,1152,396,10,6,4,0
"2018-19","9887","Maryland","Stephanie Jones",24,5,756,815,59,0,2,-2,0
"2018-19","9887","Maryland","Brianna Fraser",34,4,815,1100,285,10,4,6,0
"2018-19","9887","George Washington","Lexus LEVY",4,4,958,1200,242,3,7,-4,0
"2018-19","9887","George Washington","Chyna LATIMER",5,3,958,1175,217,2,5,-3,0
"2018-19","9887","George Washington","Sarah OVERCASH",20,3,958,1449,491,3,11,-8,0
"2018-19","9887","Maryland","Sara Vujacic",32,3,958,1200,242,7,3,4,0
"2018-19","9887","Maryland","Shakira Austin",1,3,1100,1200,100,5,1,4,0
"2018-19","9887","Maryland","Taylor Mikesell",11,3,1152,2006,854,24,7,17,0
"2018-19","9887","George Washington","Kayla MOKWUAH",24,3,1175,1200,25,1,2,-1,0
"2018-19","9887","George Washington","Chyna LATIMER",5,4,1200,1367,167,0,2,-2,0
"2018-19","9887","George Washington","Mei-Lyn BAUTISTA",21,2,1200,1800,600,3,14,-11,0
"2018-19","9887","George Washington","Neila LUMA",30,4,1200,1674,474,0,10,-10,0
"2018-19","9887","Maryland","Blair Watson",22,4,1200,1449,249,4,0,4,0
"2018-19","9887","Maryland","Stephanie Jones",24,6,1200,1293,93,0,0,0,0
"2018-19","9887","Maryland","Brianna Fraser",34,5,1293,1494,201,4,0,4,0
"2018-19","9887","George Washington","Lexus LEVY",4,5,1367,1540,173,0,6,-6,0
"2018-19","9887","George Washington","Kayla MOKWUAH",24,4,1449,1800,351,3,10,-7,0
"2018-19","9887","Maryland","Shakira Austin",1,4,1449,1800,351,10,3,7,0
"2018-19","9887","Maryland","Sara Vujacic",32,4,1449,1800,351,10,3,7,0
"2018-19","9887","George Washington","Anna SAVINO",3,1,1494,1800,306,3,10,-7,0
"2018-19","9887","Maryland","Stephanie Jones",24,7,1494,2006,512,15,6,9,0
"2018-19","9887","George Washington","Maddie LODER",22,3,1540,1800,260,3,6,-3,0
"2018-19","9887","George Washington","Kelsi MAHONEY",1,3,1674,2215,541,9,15,-6,0
"2018-19","9887","Maryland","Sarah Myers",21,1,1674,1800,126,4,3,1,0
"2018-19","9887","George Washington","Anna SAVINO",3,2,1800,2006,206,3,5,-2,0
"2018-19","9887","George Washington","Chyna LATIMER",5,5,1800,1800,0,0,0,0,0
"2018-19","9887","George Washington","Sarah OVERCASH",20,4,1800,2006,206,3,5,-2,0
"2018-19","9887","George Washington","Maddie LODER",22,4,1800,2104,304,3,9,-6,0
"2018-19","9887","George Washington","Kayla MOKWUAH",24,5,1800,1929,129,3,5,-2,0
"2018-19","9887","George Washington","Neila LUMA",30,5,1800,1800,0,0,0,0,0
"2018-19","9887","Maryland","Shakira Austin",1,5,1800,2006,206,5,3,2,0
"2018-19","9887","Maryland","Channise Lewis",3,4,1800,1800,0,0,0,0,0
"2018-19","9887","Maryland","Kaila Charles",5,3,1800,1800,0,0,0,0,0
"2018-19","9887","Maryland","Sarah Myers",21,2,1800,2400,600,15,12,3,0
"2018-19","9887","Maryland","Blair Watson",22,5,1800,1800,0,0,0,0,0
"2018-19","9887","Maryland","Sara Vujacic",32,5,1800,2400,600,15,12,3,0
"2018-19","9887","George Washington","Neila LUMA",30,6,1929,2400,471,9,10,-1,0
"2018-19","9887","George Washington","Mei-Lyn BAUTISTA",21,3,2006,2215,209,3,6,-3,0
"2018-19","9887","George Washington","Kayla MOKWUAH",24,6,2006,2104,98,0,4,-4,0
"2018-19","9887","Maryland","Channise Lewis",3,5,2006,2215,209,6,3,3,0
"2018-19","9887","Maryland","Brianna Fraser",34,6,2006,2215,209,6,3,3,0
"2018-19","9887","Maryland","Olivia Owens",35,1,2006,2400,394,10,9,1,0
"2018-19","9887","George Washington","Anna SAVINO",3,3,2104,2400,296,9,6,3,0
"2018-19","9887","George Washington","Olivia GUMBS",12,2,2104,2400,296,9,6,3,0
"2018-19","9887","George Washington","Sarah OVERCASH",20,5,2215,2400,185,6,4,2,0
"2018-19","9887","George Washington","Maddie LODER",22,5,2215,2400,185,6,4,2,0
"2018-19","9887","Maryland","Shakira Austin",1,6,2215,2347,132,4,1,3,0
"2018-19","9887","Maryland","Taylor Mikesell",11,4,2215,2400,185,4,6,-2,0
"2018-19","9887","Maryland","Kaila Charles",5,4,2347,2400,53,0,5,-5,0
"2018-19","9888","#10/11 South Carolina","Te'a COOPER",2,1,0,908,908,23,34,-11,1
"2018-19","9888","#10/11 South Carolina","Doniyah CLINEY",4,1,0,421,421,18,12,6,1
"2018-19","9888","#10/11 South Carolina","M. HERBERT HARRIGAN",21,1,0,197,197,12,2,10,1
"2018-19","9888","#10/11 South Carolina","Alexis JENNINGS",35,1,0,305,305,16,6,10,1
"2018-19","9888","#10/11 South Carolina","Tyasha HARRIS",52,1,0,498,498,18,17,1,1
"2018-19","9888","Maryland","Channise Lewis",3,1,0,106,106,2,8,-6,1
"2018-19","9888","Maryland","Kaila Charles",5,1,0,305,305,6,16,-10,1
"2018-19","9888","Maryland","Taylor Mikesell",11,1,0,592,592,22,19,3,1
"2018-19","9888","Maryland","Blair Watson",22,1,0,554,554,20,18,2,1
"2018-19","9888","Maryland","Stephanie Jones",24,1,0,192,192,2,12,-10,1
"2018-19","9888","Maryland","Brianna Fraser",34,1,106,214,108,0,4,-4,0
"2018-19","9888","Maryland","Shakira Austin",1,1,192,548,356,18,6,12,0
"2018-19","9888","#10/11 South Carolina","LeLe GRISSETT",24,1,197,548,351,6,18,-12,0
"2018-19","9888","Maryland","Channise Lewis",3,2,214,1420,1206,48,25,23,0
"2018-19","9888","#10/11 South Carolina","Victaria SAXTON",5,1,305,421,116,2,6,-4,0
"2018-19","9888","Maryland","Stephanie Jones",24,2,305,1090,785,36,10,26,0
"2018-19","9888","#10/11 South Carolina","Bianca JACKSON",10,1,421,600,179,1,10,-9,0
"2018-19","9888","#10/11 South Carolina","M. HERBERT HARRIGAN",21,2,421,498,77,0,5,-5,0
"2018-19","9888","#10/11 South Carolina","Doniyah CLINEY",4,2,498,600,102,1,5,-4,0
"2018-19","9888","#10/11 South Carolina","Alexis JENNINGS",35,2,498,908,410,5,17,-12,0
"2018-19","9888","#10/11 South Carolina","Victaria SAXTON",5,2,548,600,52,1,2,-1,0
"2018-19","9888","Maryland","Kaila Charles",5,2,548,1611,1063,37,26,11,0
"2018-19","9888","Maryland","Sara Vujacic",32,1,554,600,46,2,1,1,0
"2018-19","9888","Maryland","Blair Watson",22,2,592,1061,469,20,7,13,0
"2018-19","9888","#10/11 South Carolina","Nelly PERRY",0,1,600,908,308,4,12,-8,0
"2018-19","9888","#10/11 South Carolina","Victaria SAXTON",5,3,600,908,308,4,12,-8,0
"2018-19","9888","#10/11 South Carolina","Bianca JACKSON",10,2,600,632,32,0,2,-2,0
"2018-19","9888","#10/11 South Carolina","M. HERBERT HARRIGAN",21,3,600,600,0,0,0,0,0
"2018-19","9888","#10/11 South Carolina","Tyasha HARRIS",52,2,600,600,0,0,0,0,0
"2018-19","9888","Maryland","Shakira Austin",1,2,600,1200,600,23,7,16,0
"2018-19","9888","Maryland","Taylor Mikesell",11,2,600,600,0,0,0,0,0
"2018-19","9888","#10/11 South Carolina","Tyasha HARRIS",52,3,632,721,89,0,2,-2,0
"2018-19","9888","#10/11 South Carolina","Destanni HENDERSON",3,1,721,1061,340,7,16,-9,0
"2018-19","9888","#10/11 South Carolina","Bianca JACKSON",10,3,908,1138,230,3,11,-8,0
"2018-19","9888","#10/11 South Carolina","M. HERBERT HARRIGAN",21,4,908,1061,153,3,8,-5,0
"2018-19","9888","#10/11 South Carolina","LeLe GRISSETT",24,2,908,1104,196,3,8,-5,0
"2018-19","9888","#10/11 South Carolina","Tyasha HARRIS",52,4,908,2105,1197,29,42,-13,0
"2018-19","9888","#10/11 South Carolina","Te'a COOPER",2,2,1061,1959,898,24,24,0,0
"2018-19","9888","#10/11 South Carolina","Alexis JENNINGS",35,3,1061,1241,180,1,6,-5,0
"2018-19","9888","Maryland","Taylor Mikesell",11,3,1061,1090,29,0,0,0,0
"2018-19","9888","Maryland","Blair Watson",22,3,1090,1363,273,8,7,1,0
"2018-19","9888","Maryland","Brianna Fraser",34,2,1090,1200,110,3,0,3,0
"2018-19","9888","#10/11 South Carolina","LaDazhia WILLIAMS",23,1,1104,1200,96,0,3,-3,0
"2018-19","9888","#10/11 South Carolina","Doniyah CLINEY",4,3,1138,1698,560,18,14,4,0
"2018-19","9888","#10/11 South Carolina","M. HERBERT HARRIGAN",21,5,1200,1687,487,18,14,4,0
"2018-19","9888","Maryland","Taylor Mikesell",11,4,1200,1491,291,7,14,-7,0
"2018-19","9888","Maryland","Stephanie Jones",24,3,1200,1555,355,12,17,-5,0
"2018-19","9888","#10/11 South Carolina","LeLe GRISSETT",24,3,1241,1800,559,19,12,7,0
"2018-19","9888","Maryland","Shakira Austin",1,3,1363,1727,364,9,13,-4,0
"2018-19","9888","Maryland","Blair Watson",22,4,1420,2259,839,31,19,12,0
"2018-19","9888","Maryland","Channise Lewis",3,3,1491,2347,856,31,20,11,0
"2018-19","9888","Maryland","Brianna Fraser",34,3,1555,1687,132,2,1,1,0
"2018-19","9888","Maryland","Taylor Mikesell",11,5,1611,2347,736,26,16,10,0
"2018-19","9888","#10/11 South Carolina","Victaria SAXTON",5,4,1687,1800,113,2,1,1,0
"2018-19","9888","Maryland","Stephanie Jones",24,4,1687,2347,660,24,16,8,0
"2018-19","9888","#10/11 South Carolina","Bianca JACKSON",10,4,1698,1800,102,2,1,1,0
"2018-19","9888","Maryland","Kaila Charles",5,3,1727,1916,189,7,2,5,0
"2018-19","9888","#10/11 South Carolina","Doniyah CLINEY",4,4,1800,1800,0,0,0,0,0
"2018-19","9888","#10/11 South Carolina","Victaria SAXTON",5,5,1800,1857,57,0,4,-4,0
"2018-19","9888","#10/11 South Carolina","Bianca JACKSON",10,5,1800,2400,600,15,25,-10,0
"2018-19","9888","#10/11 South Carolina","M. HERBERT HARRIGAN",21,6,1800,1800,0,0,0,0,0
"2018-19","9888","#10/11 South Carolina","LeLe GRISSETT",24,4,1800,2024,224,6,8,-2,0
"2018-19","9888","#10/11 South Carolina","Alexis JENNINGS",35,4,1800,1800,0,0,0,0,0
"2018-19","9888","#10/11 South Carolina","M. HERBERT HARRIGAN",21,7,1857,2195,338,8,17,-9,0
"2018-19","9888","Maryland","Shakira Austin",1,4,1916,2400,484,19,13,6,0
"2018-19","9888","#10/11 South Carolina","Doniyah CLINEY",4,5,1959,2225,266,4,15,-11,0
"2018-19","9888","#10/11 South Carolina","Destanni HENDERSON",3,2,2024,2195,171,2,13,-11,0
"2018-19","9888","#10/11 South Carolina","Te'a COOPER",2,3,2105,2195,90,2,5,-3,0
"2018-19","9888","#10/11 South Carolina","Nelly PERRY",0,2,2195,2400,205,7,4,3,0
"2018-19","9888","#10/11 South Carolina","Victaria SAXTON",5,6,2195,2400,205,7,4,3,0
"2018-19","9888","#10/11 South Carolina","LaDazhia WILLIAMS",23,2,2195,2400,205,7,4,3,0
"2018-19","9888","#10/11 South Carolina","Destanni HENDERSON",3,3,2225,2400,175,7,4,3,0
"2018-19","9888","Maryland","Kaila Charles",5,4,2259,2400,141,4,5,-1,0
"2018-19","9888","Maryland","Sarah Myers",21,1,2347,2400,53,2,1,1,0
"2018-19","9888","Maryland","Sara Vujacic",32,2,2347,2400,53,2,1,1,0
"2018-19","9888","Maryland","Olivia Owens",35,1,2347,2400,53,2,1,1,0
"2018-19","9889","Georgia","Taja COLE",0,1,0,2400,2400,51,58,-7,1
"2018-19","9889","Georgia","Gabby CONNALLY",2,1,0,2391,2391,51,58,-7,1
"2018-19","9889","Georgia","Stephanie PAUL",3,1,0,168,168,4,4,0,1
"2018-19","9889","Georgia","Caliya ROBINSON",4,1,0,1866,1866,42,49,-7,1
"2018-19","9889","Georgia","Caitlin HOSE",10,1,0,202,202,4,7,-3,1
"2018-19","9889","Maryland","Channise Lewis",3,1,0,600,600,26,18,8,1
"2018-19","9889","Maryland","Kaila Charles",5,1,0,93,93,2,4,-2,1
"2018-19","9889","Maryland","Taylor Mikesell",11,1,0,1099,1099,36,25,11,1
"2018-19","9889","Maryland","Blair Watson",22,1,0,281,281,11,6,5,1
"2018-19","9889","Maryland","Stephanie Jones",24,1,0,281,281,11,6,5,1
"2018-19","9889","Maryland","Shakira Austin",1,1,93,830,737,32,15,17,0
"2018-19","9889","Georgia","Malury BATES",22,1,168,600,432,14,22,-8,0
"2018-19","9889","Georgia","Kaila HUBBARD",12,1,202,600,398,14,19,-5,0
"2018-19","9889","Maryland","Kaila Charles",5,2,281,1015,734,25,17,8,0
"2018-19","9889","Maryland","Brianna Fraser",34,1,281,369,88,2,4,-2,0
"2018-19","9889","Maryland","Stephanie Jones",24,2,369,949,580,23,13,10,0
"2018-19","9889","Georgia","Donnetta JOHNSON",1,1,600,794,194,1,7,-6,0
"2018-19","9889","Georgia","Stephanie PAUL",3,2,600,600,0,0,0,0,0
"2018-19","9889","Georgia","Caitlin HOSE",10,2,600,600,0,0,0,0,0
"2018-19","9889","Georgia","Jenna STAITI",14,1,600,830,230,1,8,-7,0
"2018-19","9889","Maryland","Blair Watson",22,2,600,624,24,2,1,1,0
"2018-19","9889","Georgia","Maya CALDWELL",11,1,794,1200,406,11,4,7,0
"2018-19","9889","Georgia","Stephanie PAUL",3,3,830,1531,701,21,4,17,0
"2018-19","9889","Maryland","Brianna Fraser",34,2,830,1015,185,2,4,-2,0
"2018-19","9889","Maryland","Shakira Austin",1,2,949,1800,851,11,19,-8,0
"2018-19","9889","Maryland","Stephanie Jones",24,3,1015,1448,433,2,15,-13,0
"2018-19","9889","Maryland","Sara Vujacic",32,1,1015,1200,185,1,7,-6,0
"2018-19","9889","Maryland","Kaila Charles",5,3,1099,1362,263,1,11,-10,0
"2018-19","9889","Georgia","Caitlin HOSE",10,3,1200,1789,589,12,10,2,0
"2018-19","9889","Maryland","Taylor Mikesell",11,2,1200,2400,1200,21,21,0,0
"2018-19","9889","Maryland","Blair Watson",22,3,1200,1651,451,6,10,-4,0
"2018-19","9889","Maryland","Kaila Charles",5,4,1448,2400,952,20,13,7,0
"2018-19","9889","Georgia","Malury BATES",22,2,1531,1651,120,0,5,-5,0
"2018-19","9889","Georgia","Jenna STAITI",14,2,1651,1800,149,2,4,-2,0
"2018-19","9889","Maryland","Stephanie Jones",24,4,1651,2060,409,6,4,2,0
"2018-19","9889","Georgia","Maya CALDWELL",11,2,1789,1800,11,0,0,0,0
"2018-19","9889","Georgia","Stephanie PAUL",3,4,1800,1800,0,0,0,0,0
"2018-19","9889","Georgia","Caitlin HOSE",10,4,1800,1800,0,0,0,0,0
"2018-19","9889","Georgia","Maya CALDWELL",11,3,1800,2027,227,2,2,0,0
"2018-19","9889","Georgia","Jenna STAITI",14,3,1800,1866,66,0,2,-2,0
"2018-19","9889","Maryland","Shakira Austin",1,3,1800,2150,350,2,2,0,0
"2018-19","9889","Maryland","Channise Lewis",3,2,1800,2400,600,11,9,2,0
"2018-19","9889","Maryland","Blair Watson",22,4,1800,1800,0,0,0,0,0
"2018-19","9889","Georgia","Stephanie PAUL",3,5,1866,2400,534,9,9,0,0
"2018-19","9889","Georgia","Malury BATES",22,3,1866,2089,223,2,0,2,0
"2018-19","9889","Georgia","Kaila HUBBARD",12,2,2027,2377,350,7,7,0,0
"2018-19","9889","Maryland","Brianna Fraser",34,3,2060,2400,340,9,7,2,0
"2018-19","9889","Georgia","Caliya ROBINSON",4,2,2089,2400,311,7,9,-2,0
"2018-19","9889","Maryland","Stephanie Jones",24,5,2150,2400,250,9,7,2,0
"2018-19","9889","Georgia","Caitlin HOSE",10,5,2377,2400,23,0,2,-2,0
"2018-19","9889","Georgia","Kaila HUBBARD",12,3,2391,2400,9,0,0,0,0
"2018-19","9890","Maryland","Channise Lewis",3,1,0,687,687,19,15,4,1
"2018-19","9890","Maryland","Kaila Charles",5,1,0,192,192,7,2,5,1
"2018-19","9890","Maryland","Taylor Mikesell",11,1,0,320,320,9,7,2,1
"2018-19","9890","Maryland","Blair Watson",22,1,0,413,413,13,9,4,1
"2018-19","9890","Maryland","Stephanie Jones",24,1,0,466,466,13,9,4,1
"2018-19","9890","Morgan State","Jahiyan Chavis",2,1,0,413,413,9,13,-4,1
"2018-19","9890","Morgan State","Kayla Horn",11,1,0,539,539,11,13,-2,1
"2018-19","9890","Morgan State","Naomi Bolasighn",12,1,0,687,687,15,19,-4,1
"2018-19","9890","Morgan State","Adreoria Coleman",21,1,0,2400,2400,44,68,-24,1
"2018-19","9890","Morgan State","Elizabeth Sherrill",24,1,0,1645,1645,30,48,-18,1
"2018-19","9890","Maryland","Shakira Austin",1,1,192,600,408,9,11,-2,0
"2018-19","9890","Maryland","Kaila Charles",5,2,320,539,219,4,4,0,0
"2018-19","9890","Maryland","Taylor Mikesell",11,2,413,929,516,6,8,-2,0
"2018-19","9890","Morgan State","Ashia McCalla",4,1,413,600,187,4,3,1,0
"2018-19","9890","Maryland","Brianna Fraser",34,1,466,600,134,3,4,-1,0
"2018-19","9890","Maryland","Blair Watson",22,2,539,1200,661,15,11,4,0
"2018-19","9890","Morgan State","Jahiyan Chavis",2,2,539,929,390,6,6,0,0
"2018-19","9890","Maryland","Kaila Charles",5,3,600,600,0,0,0,0,0
"2018-19","9890","Maryland","Stephanie Jones",24,2,600,1793,1193,34,22,12,0
"2018-19","9890","Maryland","Brianna Fraser",34,2,600,792,192,3,2,1,0
"2018-19","9890","Morgan State","Ashia McCalla",4,2,600,792,192,2,3,-1,0
"2018-19","9890","Morgan State","Kayla Horn",11,2,600,600,0,0,0,0,0
"2018-19","9890","Maryland","Sarah Myers",21,1,687,929,242,0,2,-2,0
"2018-19","9890","Morgan State","Kayla Horn",11,3,687,1434,747,8,20,-12,0
"2018-19","9890","Maryland","Shakira Austin",1,2,792,1128,336,7,5,2,0
"2018-19","9890","Morgan State","Naomi Bolasighn",12,2,792,1265,473,8,10,-2,0
"2018-19","9890","Maryland","Channise Lewis",3,2,929,1590,661,28,13,15,0
"2018-19","9890","Maryland","Kaila Charles",5,4,929,1590,661,28,13,15,0
"2018-19","9890","Morgan State","Ashia McCalla",4,3,929,1128,199,3,7,-4,0
"2018-19","9890","Maryland","Brianna Fraser",34,3,1128,1200,72,2,2,0,0
"2018-19","9890","Morgan State","Jahiyan Chavis",2,3,1128,2400,1272,24,42,-18,0
"2018-19","9890","Maryland","Taylor Mikesell",11,3,1200,2080,880,31,15,16,0
"2018-19","9890","Maryland","Sarah Myers",21,2,1200,1800,600,22,13,9,0
"2018-19","9890","Morgan State","Ashia McCalla",4,4,1265,1800,535,12,21,-9,0
"2018-19","9890","Maryland","Sara Vujacic",32,1,1434,1590,156,8,7,1,0
"2018-19","9890","Morgan State","Naomi Bolasighn",12,3,1434,1800,366,12,11,1,0
"2018-19","9890","Maryland","Shakira Austin",1,3,1590,1800,210,3,5,-2,0
"2018-19","9890","Maryland","Blair Watson",22,3,1590,1793,203,3,5,-2,0
"2018-19","9890","Morgan State","Kayla Horn",11,4,1645,2277,632,12,14,-2,0
"2018-19","9890","Maryland","Kaila Charles",5,5,1793,2400,607,18,9,9,0
"2018-19","9890","Maryland","Brianna Fraser",34,4,1793,1800,7,0,0,0,0
"2018-19","9890","Maryland","Shakira Austin",1,4,1800,2400,600,18,9,9,0
"2018-19","9890","Maryland","Channise Lewis",3,3,1800,1800,0,0,0,0,0
"2018-19","9890","Maryland","Sarah Myers",21,3,1800,2400,600,18,9,9,0
"2018-19","9890","Maryland","Blair Watson",22,4,1800,1800,0,0,0,0,0
"2018-19","9890","Maryland","Stephanie Jones",24,3,1800,1987,187,4,0,4,0
"2018-19","9890","Morgan State","Ashia McCalla",4,5,1800,1987,187,0,4,-4,0
"2018-19","9890","Morgan State","Elizabeth Sherrill",24,2,1800,2080,280,2,9,-7,0
"2018-19","9890","Maryland","Brianna Fraser",34,5,1987,2400,413,14,9,5,0
"2018-19","9890","Morgan State","Naomi Bolasighn",12,4,1987,2246,259,7,8,-1,0
"2018-19","9890","Maryland","Channise Lewis",3,4,2080,2188,108,2,3,-1,0
"2018-19","9890","Morgan State","Ashia McCalla",4,6,2080,2277,197,5,3,2,0
"2018-19","9890","Maryland","Sara Vujacic",32,2,2188,2400,212,7,4,3,0
"2018-19","9890","Morgan State","Elizabeth Sherrill",24,3,2246,2400,154,2,6,-4,0
"2018-19","9890","Morgan State","Amara Whitney",10,1,2277,2400,123,2,6,-4,0
"2018-19","9890","Morgan State","Naomi Bolasighn",12,5,2277,2400,123,2,6,-4,0
"2018-19","9891","Georgia Tech","Elizabeth Balogun",5,1,0,657,657,6,18,-12,1
"2018-19","9891","Georgia Tech","Lorela Cubaj",13,1,0,42,42,0,2,-2,1
"2018-19","9891","Georgia Tech","Elizabeth Dixon",22,1,0,325,325,2,12,-10,1
"2018-19","9891","Georgia Tech","Francesca Pan",33,1,0,600,600,6,18,-12,1
"2018-19","9891","Georgia Tech","Kierra Fletcher",41,1,0,325,325,2,12,-10,1
"2018-19","9891","Maryland","Channise Lewis",3,1,0,1170,1170,38,18,20,1
"2018-19","9891","Maryland","Kaila Charles",5,1,0,1137,1137,36,18,18,1
"2018-19","9891","Maryland","Taylor Mikesell",11,1,0,2400,2400,67,54,13,1
"2018-19","9891","Maryland","Blair Watson",22,1,0,1017,1017,32,18,14,1
"2018-19","9891","Maryland","Stephanie Jones",24,1,0,128,128,4,0,4,1
"2018-19","9891","Georgia Tech","Chanin Scott",24,1,42,325,283,2,10,-8,0
"2018-19","9891","Maryland","Shakira Austin",1,1,128,343,215,8,2,6,0
"2018-19","9891","Georgia Tech","Daijah Jefferson",0,1,325,600,275,4,6,-2,0
"2018-19","9891","Georgia Tech","Lorela Cubaj",13,2,325,694,369,4,9,-5,0
"2018-19","9891","Georgia Tech","Lotta-Maj Lahtinen",31,1,325,600,275,4,6,-2,0
"2018-19","9891","Maryland","Brianna Fraser",34,1,343,600,257,6,4,2,0
"2018-19","9891","Georgia Tech","Elizabeth Dixon",22,2,600,879,279,5,9,-4,0
"2018-19","9891","Georgia Tech","Chanin Scott",24,2,600,694,94,0,3,-3,0
"2018-19","9891","Georgia Tech","Kierra Fletcher",41,2,600,2400,1800,48,49,-1,0
"2018-19","9891","Maryland","Stephanie Jones",24,2,600,879,279,9,5,4,0
"2018-19","9891","Georgia Tech","Lotta-Maj Lahtinen",31,2,657,1088,431,12,16,-4,0
"2018-19","9891","Georgia Tech","Anne Francoise Diouf",4,1,694,767,73,2,4,-2,0
"2018-19","9891","Georgia Tech","Francesca Pan",33,2,694,2400,1706,48,46,2,0
"2018-19","9891","Georgia Tech","Elizabeth Balogun",5,2,767,1200,433,10,13,-3,0
"2018-19","9891","Georgia Tech","Anne Francoise Diouf",4,2,879,1050,171,7,5,2,0
"2018-19","9891","Maryland","Shakira Austin",1,2,879,1200,321,11,7,4,0
"2018-19","9891","Maryland","Stephanie Jones",24,3,1017,1170,153,6,0,6,0
"2018-19","9891","Georgia Tech","Elizabeth Dixon",22,3,1050,1398,348,7,10,-3,0
"2018-19","9891","Georgia Tech","Daijah Jefferson",0,2,1088,1170,82,0,4,-4,0
"2018-19","9891","Maryland","Blair Watson",22,2,1137,1518,381,8,11,-3,0
"2018-19","9891","Georgia Tech","D'asia Gregg",23,1,1170,1800,630,26,9,17,0
"2018-19","9891","Maryland","Sara Vujacic",32,1,1170,1200,30,0,0,0,0
"2018-19","9891","Maryland","Brianna Fraser",34,2,1170,1200,30,0,0,0,0
"2018-19","9891","Georgia Tech","Lorela Cubaj",13,3,1200,2287,1087,36,24,12,0
"2018-19","9891","Maryland","Channise Lewis",3,2,1200,1334,134,0,5,-5,0
"2018-19","9891","Maryland","Kaila Charles",5,2,1200,1612,412,9,17,-8,0
"2018-19","9891","Maryland","Stephanie Jones",24,4,1200,2400,1200,29,36,-7,0
"2018-19","9891","Maryland","Shakira Austin",1,3,1334,1612,278,9,12,-3,0
"2018-19","9891","Georgia Tech","Lotta-Maj Lahtinen",31,3,1437,2400,963,29,25,4,0
"2018-19","9891","Maryland","Channise Lewis",3,3,1518,2400,882,23,25,-2,0
"2018-19","9891","Maryland","Blair Watson",22,3,1612,1723,111,0,7,-7,0
"2018-19","9891","Maryland","Brianna Fraser",34,3,1612,1723,111,0,7,-7,0
"2018-19","9891","Maryland","Shakira Austin",1,4,1723,1800,77,0,2,-2,0
"2018-19","9891","Maryland","Kaila Charles",5,3,1723,2400,677,20,12,8,0
"2018-19","9891","Georgia Tech","Elizabeth Balogun",5,3,1800,2400,600,10,20,-10,0
"2018-19","9891","Maryland","Blair Watson",22,4,1800,2400,600,20,10,10,0
"2018-19","9891","Georgia Tech","Lorela Cubaj",13,4,2289,2400,111,0,4,-4,0
"2018-19","9892","Maryland","Channise Lewis",3,1,0,224,224,10,3,7,1
"2018-19","9892","Maryland","Kaila Charles",5,1,0,399,399,22,8,14,1
"2018-19","9892","Maryland","Taylor Mikesell",11,1,0,399,399,22,8,14,1
"2018-19","9892","Maryland","Blair Watson",22,1,0,468,468,24,11,13,1
"2018-19","9892","Maryland","Stephanie Jones",24,1,0,320,320,17,5,12,1
"2018-19","9892","Umbc","Janee'a Summers",1,1,0,562,562,14,26,-12,1
"2018-19","9892","Umbc","O'lesheya Braxton",2,1,0,600,600,14,29,-15,1
"2018-19","9892","Umbc","Te'yJah Oliver",3,1,0,96,96,0,8,-8,1
"2018-19","9892","Umbc","Eryn Fisher",10,1,0,248,248,3,13,-10,1
"2018-19","9892","Umbc","Paula Rubio",12,1,0,862,862,18,37,-19,1
"2018-19","9892","Umbc","Tyler Moore",42,1,96,399,303,8,14,-6,0
"2018-19","9892","Maryland","Sara Vujacic",32,1,224,468,244,14,8,6,0
"2018-19","9892","Umbc","Lucrezia Costa",24,1,248,562,314,11,13,-2,0
"2018-19","9892","Maryland","Shakira Austin",1,1,320,600,280,12,9,3,0
"2018-19","9892","Maryland","Channise Lewis",3,2,399,938,539,23,10,13,0
"2018-19","9892","Maryland","Brianna Fraser",34,1,399,502,103,3,6,-3,0
"2018-19","9892","Umbc","Dominika Skrocka",35,1,399,1198,799,22,36,-14,0
"2018-19","9892","Maryland","Taylor Mikesell",11,2,468,707,239,8,7,1,0
"2018-19","9892","Maryland","Sarah Myers",21,1,468,600,132,5,3,2,0
"2018-19","9892","Maryland","Stephanie Jones",24,2,502,938,436,20,4,16,0
"2018-19","9892","Umbc","Eryn Fisher",10,2,562,891,329,4,13,-9,0
"2018-19","9892","Umbc","Kristen Teklits",23,1,562,784,222,4,8,-4,0
"2018-19","9892","Maryland","Kaila Charles",5,2,600,862,262,8,4,4,0
"2018-19","9892","Maryland","Blair Watson",22,2,600,862,262,8,4,4,0
"2018-19","9892","Umbc","Te'yJah Oliver",3,2,600,795,195,4,5,-1,0
"2018-19","9892","Maryland","Shakira Austin",1,2,707,1064,357,18,6,12,0
"2018-19","9892","Umbc","Janee'a Summers",1,2,784,1198,414,12,24,-12,0
"2018-19","9892","Umbc","O'lesheya Braxton",2,2,795,1198,403,12,24,-12,0
"2018-19","9892","Maryland","Taylor Mikesell",11,3,862,1745,883,41,25,16,0
"2018-19","9892","Maryland","Sara Vujacic",32,2,862,1200,338,21,12,9,0
"2018-19","9892","Umbc","Te'yJah Oliver",3,3,862,2124,1262,36,46,-10,0
"2018-19","9892","Umbc","Lucrezia Costa",24,2,891,938,47,0,6,-6,0
"2018-19","9892","Maryland","Sarah Myers",21,2,938,1200,262,13,12,1,0
"2018-19","9892","Maryland","Brianna Fraser",34,2,938,1200,262,13,12,1,0
"2018-19","9892","Umbc","Kayla Jackson",22,1,938,1200,262,12,13,-1,0
"2018-19","9892","Maryland","Olivia Owens",35,1,1064,1200,136,8,6,2,0
"2018-19","9892","Umbc","Tania Hill",0,1,1198,1200,2,0,0,0,0
"2018-19","9892","Umbc","Sariah Penese",11,1,1198,1200,2,0,0,0,0
"2018-19","9892","Umbc","Silvia Ferreiros",30,1,1198,1200,2,0,0,0,0
"2018-19","9892","Maryland","Channise Lewis",3,3,1200,1379,179,2,10,-8,0
"2018-19","9892","Maryland","Kaila Charles",5,3,1200,1379,179,2,10,-8,0
"2018-19","9892","Maryland","Blair Watson",22,3,1200,1379,179,2,10,-8,0
"2018-19","9892","Maryland","Stephanie Jones",24,3,1200,1379,179,2,10,-8,0
"2018-19","9892","Umbc","Janee'a Summers",1,3,1200,1985,785,22,25,-3,0
"2018-19","9892","Umbc","O'lesheya Braxton",2,3,1200,1412,212,10,4,6,0
"2018-19","9892","Umbc","Eryn Fisher",10,3,1200,1379,179,10,2,8,0
"2018-19","9892","Umbc","Paula Rubio",12,2,1200,1602,402,13,15,-2,0
"2018-19","9892","Maryland","Shakira Austin",1,3,1379,1602,223,13,3,10,0
"2018-19","9892","Maryland","Sarah Myers",21,3,1379,2400,1021,32,21,11,0
"2018-19","9892","Maryland","Sara Vujacic",32,3,1379,2400,1021,32,21,11,0
"2018-19","9892","Maryland","Brianna Fraser",34,3,1379,1898,519,22,10,12,0
"2018-19","9892","Umbc","Lucrezia Costa",24,3,1379,1745,366,3,18,-15,0
"2018-19","9892","Umbc","Dominika Skrocka",35,2,1412,1800,388,8,19,-11,0
"2018-19","9892","Maryland","Stephanie Jones",24,4,1602,1745,143,5,0,5,0
"2018-19","9892","Umbc","Tyler Moore",42,2,1602,2124,522,11,10,1,0
"2018-19","9892","Maryland","Channise Lewis",3,4,1745,1851,106,3,7,-4,0
"2018-19","9892","Maryland","Kaila Charles",5,4,1745,1972,227,5,9,-4,0
"2018-19","9892","Umbc","Eryn Fisher",10,4,1745,2234,489,14,7,7,0
"2018-19","9892","Umbc","Paula Rubio",12,3,1800,1942,142,4,2,2,0
"2018-19","9892","Maryland","Taylor Mikesell",11,4,1851,2029,178,2,4,-2,0
"2018-19","9892","Maryland","Shakira Austin",1,4,1898,2400,502,10,11,-1,0
"2018-19","9892","Umbc","Tania Hill",0,2,1942,2400,458,9,9,0,0
"2018-19","9892","Maryland","Brianna Fraser",34,4,1972,2124,152,0,2,-2,0
"2018-19","9892","Umbc","Lucrezia Costa",24,4,1985,2267,282,5,6,-1,0
"2018-19","9892","Maryland","Channise Lewis",3,5,2029,2267,238,6,3,3,0
"2018-19","9892","Maryland","Olivia Owens",35,2,2124,2400,276,9,7,2,0
"2018-19","9892","Umbc","O'lesheya Braxton",2,4,2124,2311,187,6,7,-1,0
"2018-19","9892","Umbc","Dominika Skrocka",35,3,2124,2400,276,7,9,-2,0
"2018-19","9892","Umbc","Sariah Penese",11,2,2234,2400,166,4,7,-3,0
"2018-19","9892","Maryland","Taylor Mikesell",11,5,2267,2400,133,3,4,-1,0
"2018-19","9892","Umbc","Kayla Jackson",22,2,2267,2400,133,4,3,1,0
"2018-19","9892","Umbc","Silvia Ferreiros",30,2,2311,2400,89,1,2,-1,0
"2018-19","9893","James Madison","Kamiah Smalls",3,1,0,446,446,13,19,-6,1
"2018-19","9893","James Madison","Logan Reynolds",13,1,0,287,287,11,11,0,1
"2018-19","9893","James Madison","Lexie Barrier",15,1,0,287,287,11,11,0,1
"2018-19","9893","James Madison","Kayla Cooper-William",31,1,0,370,370,11,13,-2,1
"2018-19","9893","James Madison","Devon Merritt",42,1,0,222,222,5,9,-4,1
"2018-19","9893","Maryland","Channise Lewis",3,1,0,287,287,11,11,0,1
"2018-19","9893","Maryland","Kaila Charles",5,1,0,1484,1484,57,32,25,1
"2018-19","9893","Maryland","Taylor Mikesell",11,1,0,600,600,26,15,11,1
"2018-19","9893","Maryland","Blair Watson",22,1,0,222,222,9,5,4,1
"2018-19","9893","Maryland","Stephanie Jones",24,1,0,370,370,13,11,2,1
"2018-19","9893","James Madison","Jackie Benitez",55,1,222,579,357,10,17,-7,0
"2018-19","9893","Maryland","Brianna Fraser",34,1,222,466,244,10,10,0,0
"2018-19","9893","James Madison","Madison Green",4,1,287,579,292,4,15,-11,0
"2018-19","9893","James Madison","Aneah Young",10,1,287,579,292,4,15,-11,0
"2018-19","9893","Maryland","Blair Watson",22,2,287,579,292,15,4,11,0
"2018-19","9893","James Madison","Devon Merritt",42,2,370,775,405,4,15,-11,0
"2018-19","9893","Maryland","Shakira Austin",1,1,370,446,76,6,2,4,0
"2018-19","9893","James Madison","Lexie Barrier",15,2,446,448,2,0,0,0,0
"2018-19","9893","Maryland","Stephanie Jones",24,2,446,997,551,18,9,9,0
"2018-19","9893","James Madison","Kamiah Smalls",3,2,448,723,275,2,9,-7,0
"2018-19","9893","Maryland","Shakira Austin",1,2,466,1200,734,27,7,20,0
"2018-19","9893","James Madison","Tori Harris",1,1,579,600,21,0,0,0,0
"2018-19","9893","James Madison","Logan Reynolds",13,2,579,709,130,0,0,0,0
"2018-19","9893","James Madison","Lexie Barrier",15,3,579,961,382,7,11,-4,0
"2018-19","9893","Maryland","Channise Lewis",3,2,579,717,138,0,0,0,0
"2018-19","9893","James Madison","Kayla Cooper-William",31,2,600,1193,593,7,20,-13,0
"2018-19","9893","Maryland","Blair Watson",22,3,600,1180,580,20,7,13,0
"2018-19","9893","James Madison","Jackie Benitez",55,2,709,885,176,3,6,-3,0
"2018-19","9893","Maryland","Brianna Fraser",34,2,717,1659,942,36,20,16,0
"2018-19","9893","James Madison","Madison Green",4,2,723,1073,350,7,12,-5,0
"2018-19","9893","James Madison","Kamiah Smalls",3,3,885,1193,308,4,14,-10,0
"2018-19","9893","James Madison","Devon Merritt",42,3,961,1615,654,13,25,-12,0
"2018-19","9893","James Madison","Lexie Barrier",15,4,1073,1444,371,10,17,-7,0
"2018-19","9893","James Madison","Jackie Benitez",55,3,1073,1127,54,0,4,-4,0
"2018-19","9893","James Madison","Tori Harris",1,2,1127,1200,73,0,2,-2,0
"2018-19","9893","Maryland","Sara Vujacic",32,1,1180,1200,20,0,0,0,0
"2018-19","9893","James Madison","Madison Green",4,3,1193,1800,607,18,18,0,0
"2018-19","9893","James Madison","Aneah Young",10,2,1193,1200,7,0,0,0,0
"2018-19","9893","James Madison","Kamiah Smalls",3,4,1200,1526,326,10,13,-3,0
"2018-19","9893","James Madison","Kayla Cooper-William",31,3,1200,1332,132,5,6,-1,0
"2018-19","9893","Maryland","Taylor Mikesell",11,2,1200,1526,326,13,10,3,0
"2018-19","9893","Maryland","Blair Watson",22,4,1200,1409,209,9,8,1,0
"2018-19","9893","Maryland","Stephanie Jones",24,3,1200,1428,228,9,8,1,0
"2018-19","9893","James Madison","Jackie Benitez",55,4,1332,1444,112,5,5,0,0
"2018-19","9893","Maryland","Sara Vujacic",32,2,1409,2178,769,23,27,-4,0
"2018-19","9893","Maryland","Shakira Austin",1,3,1428,1800,372,9,10,-1,0
"2018-19","9893","James Madison","Tori Harris",1,3,1444,2400,956,31,30,1,0
"2018-19","9893","James Madison","Aneah Young",10,3,1444,1526,82,0,2,-2,0
"2018-19","9893","Maryland","Sarah Myers",21,1,1484,1800,316,7,8,-1,0
"2018-19","9893","James Madison","Jaylin Carodine",2,1,1526,1800,274,8,5,3,0
"2018-19","9893","James Madison","Eleanore Marciszewsk",14,1,1526,1575,49,2,1,1,0
"2018-19","9893","Maryland","Stephanie Jones",24,4,1526,1575,49,1,2,-1,0
"2018-19","9893","James Madison","Lexie Barrier",15,5,1575,2144,569,19,16,3,0
"2018-19","9893","James Madison","Kayla Cooper-William",31,4,1615,2154,539,20,14,6,0
"2018-19","9893","Maryland","Kaila Charles",5,2,1659,2246,587,18,24,-6,0
"2018-19","9893","James Madison","Devon Merritt",42,4,1772,2065,293,8,10,-2,0
"2018-19","9893","James Madison","Kamiah Smalls",3,5,1800,2154,354,15,12,3,0
"2018-19","9893","James Madison","Madison Green",4,4,1800,2065,265,8,10,-2,0
"2018-19","9893","Maryland","Channise Lewis",3,3,1800,1800,0,0,0,0,0
"2018-19","9893","Maryland","Taylor Mikesell",11,3,1800,2400,600,23,23,0,0
"2018-19","9893","Maryland","Blair Watson",22,5,1800,2111,311,10,13,-3,0
"2018-19","9893","Maryland","Brianna Fraser",34,3,1800,2300,500,18,21,-3,0
"2018-19","9893","Maryland","Shakira Austin",1,4,1834,2184,350,14,14,0,0
"2018-19","9893","James Madison","Eleanore Marciszewsk",14,2,2065,2400,335,15,13,2,0
"2018-19","9893","James Madison","Jackie Benitez",55,5,2144,2209,65,4,2,2,0
"2018-19","9893","James Madison","Jaylin Carodine",2,2,2154,2400,246,8,11,-3,0
"2018-19","9893","James Madison","Madison Green",4,5,2154,2400,246,8,11,-3,0
"2018-19","9893","Maryland","Sarah Myers",21,2,2178,2400,222,9,6,3,0
"2018-19","9893","Maryland","Olivia Owens",35,1,2184,2400,216,9,6,3,0
"2018-19","9893","James Madison","Aneah Young",10,4,2209,2400,191,6,9,-3,0
"2018-19","9893","Maryland","Sara Vujacic",32,3,2246,2400,154,7,4,3,0
"2018-19","9893","Maryland","Shakira Austin",1,5,2300,2400,100,5,2,3,0
"2018-19","9894","Loyola","Taleah Dixon",4,1,0,827,827,11,30,-19,1
"2018-19","9894","Loyola","Stephanie Karcz",10,1,0,1044,1044,19,39,-20,1
"2018-19","9894","Loyola","Bri Betz-White",11,1,0,1860,1860,37,64,-27,1
"2018-19","9894","Loyola","Delaney Connolly",23,1,0,555,555,8,14,-6,1
"2018-19","9894","Loyola","Hannah Niles",32,1,0,248,248,3,6,-3,1
"2018-19","9894","Maryland","Channise Lewis",3,1,0,122,122,2,3,-1,1
"2018-19","9894","Maryland","Kaila Charles",5,1,0,446,446,9,8,1,1
"2018-19","9894","Maryland","Taylor Mikesell",11,1,0,698,698,25,8,17,1
"2018-19","9894","Maryland","Blair Watson",22,1,0,318,318,6,5,1,1
"2018-19","9894","Maryland","Stephanie Jones",24,1,0,189,189,5,3,2,1
"2018-19","9894","Maryland","Brianna Fraser",34,1,122,474,352,7,5,2,0
"2018-19","9894","Maryland","Shakira Austin",1,1,189,248,59,1,0,1,0
"2018-19","9894","Loyola","Alexis Gray",20,1,248,1200,952,22,39,-17,0
"2018-19","9894","Maryland","Stephanie Jones",24,2,248,698,450,19,5,14,0
"2018-19","9894","Maryland","Sara Vujacic",32,1,318,1200,882,39,20,19,0
"2018-19","9894","Maryland","Channise Lewis",3,2,446,600,154,10,0,10,0
"2018-19","9894","Maryland","Shakira Austin",1,2,474,1200,726,36,17,19,0
"2018-19","9894","Loyola","Hannah Niles",32,2,555,698,143,0,11,-11,0
"2018-19","9894","Maryland","Blair Watson",22,2,600,1163,563,26,14,12,0
"2018-19","9894","Loyola","Hannah Niles",32,3,827,1577,750,22,26,-4,0
"2018-19","9894","Maryland","Taylor Mikesell",11,2,876,1163,287,15,6,9,0
"2018-19","9894","Maryland","Brianna Fraser",34,2,876,1163,287,15,6,9,0
"2018-19","9894","Maryland","Stephanie Jones",24,3,956,1419,463,19,14,5,0
"2018-19","9894","Loyola","Taleah Dixon",4,2,1044,2112,1068,20,35,-15,0
"2018-19","9894","Maryland","Channise Lewis",3,3,1163,1510,347,11,11,0,0
"2018-19","9894","Maryland","Sarah Myers",21,1,1163,1200,37,0,3,-3,0
"2018-19","9894","Maryland","Olivia Owens",35,1,1163,1200,37,0,3,-3,0
"2018-19","9894","Loyola","Stephanie Karcz",10,2,1200,1419,219,5,9,-4,0
"2018-19","9894","Loyola","Delaney Connolly",23,2,1200,2273,1073,20,35,-15,0
"2018-19","9894","Maryland","Kaila Charles",5,2,1200,1419,219,9,5,4,0
"2018-19","9894","Maryland","Taylor Mikesell",11,3,1200,2283,1083,35,23,12,0
"2018-19","9894","Maryland","Blair Watson",22,3,1200,1700,500,15,10,5,0
"2018-19","9894","Loyola","Alexis Gray",20,2,1419,2400,981,18,29,-11,0
"2018-19","9894","Maryland","Shakira Austin",1,3,1419,2400,981,29,18,11,0
"2018-19","9894","Maryland","Brianna Fraser",34,3,1419,1701,282,6,5,1,0
"2018-19","9894","Maryland","Sara Vujacic",32,2,1510,2400,890,27,15,12,0
"2018-19","9894","Loyola","Stephanie Karcz",10,3,1577,1790,213,2,6,-4,0
"2018-19","9894","Maryland","Kaila Charles",5,3,1700,1929,229,8,2,6,0
"2018-19","9894","Maryland","Sarah Myers",21,2,1701,1800,99,2,0,2,0
"2018-19","9894","Loyola","Molly Taylor",12,1,1790,2400,610,13,21,-8,0
"2018-19","9894","Maryland","Stephanie Jones",24,4,1800,2058,258,12,4,8,0
"2018-19","9894","Loyola","Laryn Edwards",2,1,1860,2400,540,11,19,-8,0
"2018-19","9894","Maryland","Brianna Fraser",34,4,1929,2088,159,6,2,4,0
"2018-19","9894","Maryland","Olivia Owens",35,2,2088,2400,312,9,9,0,0
"2018-19","9894","Loyola","Bri Betz-White",11,2,2112,2347,235,9,9,0,0
"2018-19","9894","Loyola","Taleah Dixon",4,3,2273,2400,127,3,3,0,0
"2018-19","9894","Maryland","Sarah Myers",21,3,2283,2400,117,3,0,3,0
"2018-19","9894","Loyola","Alex Barazotti",22,1,2347,2400,53,0,0,0,0
"2018-19","9895","Delaware","Abby Gonzales",2,1,0,419,419,8,10,-2,1
"2018-19","9895","Delaware","Makeda Nicholas",5,1,0,419,419,8,10,-2,1
"2018-19","9895","Delaware","Jasmine Dickey",20,1,0,468,468,8,14,-6,1
"2018-19","9895","Delaware","Rebecca Lawrence",25,1,0,776,776,10,24,-14,1
"2018-19","9895","Delaware","Alison Lewis",35,1,0,208,208,6,4,2,1
"2018-19","9895","Maryland","Shakira Austin",1,1,0,419,419,10,8,2,1
"2018-19","9895","Maryland","Kaila Charles",5,1,0,861,861,24,14,10,1
"2018-19","9895","Maryland","Taylor Mikesell",11,1,0,815,815,24,12,12,1
"2018-19","9895","Maryland","Blair Watson",22,1,0,522,522,16,8,8,1
"2018-19","9895","Maryland","Stephanie Jones",24,1,0,315,315,8,6,2,1
"2018-19","9895","Delaware","Bailey Kargo",23,1,208,600,392,4,16,-12,0
"2018-19","9895","Maryland","Brianna Fraser",34,1,315,600,285,12,4,8,0
"2018-19","9895","Delaware","Paris McBride",4,1,419,1200,781,15,25,-10,0
"2018-19","9895","Delaware","Lizzie Oleary",12,1,419,600,181,2,10,-8,0
"2018-19","9895","Maryland","Stephanie Jones",24,2,419,1394,975,31,20,11,0
"2018-19","9895","Delaware","Alison Lewis",35,2,468,516,48,0,2,-2,0
"2018-19","9895","Delaware","Jasmine Dickey",20,2,516,1101,585,13,16,-3,0
"2018-19","9895","Maryland","Sarah Myers",21,1,522,600,78,4,2,2,0
"2018-19","9895","Delaware","Gadson Lefft",0,1,600,697,97,0,0,0,0
"2018-19","9895","Delaware","Abby Gonzales",2,2,600,2248,1648,40,51,-11,0
"2018-19","9895","Delaware","Makeda Nicholas",5,2,600,1058,458,11,7,4,0
"2018-19","9895","Maryland","Shakira Austin",1,2,600,873,273,4,5,-1,0
"2018-19","9895","Maryland","Blair Watson",22,2,600,646,46,0,0,0,0
"2018-19","9895","Maryland","Channise Lewis",3,1,646,1050,404,7,11,-4,0
"2018-19","9895","Delaware","Lizzie Oleary",12,2,697,699,2,0,2,-2,0
"2018-19","9895","Delaware","Justina Mascaro",24,1,776,904,128,5,3,2,0
"2018-19","9895","Maryland","Blair Watson",22,3,815,1328,513,16,16,0,0
"2018-19","9895","Maryland","Taylor Mikesell",11,2,861,2400,1539,53,39,14,0
"2018-19","9895","Maryland","Brianna Fraser",34,2,873,1056,183,3,6,-3,0
"2018-19","9895","Delaware","Bailey Kargo",23,2,904,1200,296,8,8,0,0
"2018-19","9895","Maryland","Kaila Charles",5,2,1050,1800,750,29,20,9,0
"2018-19","9895","Maryland","Shakira Austin",1,3,1056,1597,541,22,13,9,0
"2018-19","9895","Delaware","Rebecca Lawrence",25,2,1058,1142,84,0,6,-6,0
"2018-19","9895","Delaware","Makeda Nicholas",5,3,1142,1457,315,9,11,-2,0
"2018-19","9895","Delaware","Jasmine Dickey",20,3,1200,1683,483,13,17,-4,0
"2018-19","9895","Delaware","Rebecca Lawrence",25,3,1200,1394,194,5,6,-1,0
"2018-19","9895","Delaware","Alison Lewis",35,3,1200,1420,220,7,6,1,0
"2018-19","9895","Maryland","Channise Lewis",3,2,1328,1800,472,16,13,3,0
"2018-19","9895","Delaware","Gadson Lefft",0,2,1394,1561,167,6,6,0,0
"2018-19","9895","Maryland","Brianna Fraser",34,3,1394,2400,1006,36,25,11,0
"2018-19","9895","Delaware","Paris McBride",4,2,1420,1561,141,4,6,-2,0
"2018-19","9895","Delaware","Rebecca Lawrence",25,4,1457,1722,265,8,10,-2,0
"2018-19","9895","Delaware","Makeda Nicholas",5,4,1561,1683,122,2,5,-3,0
"2018-19","9895","Delaware","Alison Lewis",35,4,1561,1651,90,2,4,-2,0
"2018-19","9895","Maryland","Stephanie Jones",24,3,1597,1972,375,15,9,6,0
"2018-19","9895","Delaware","Bailey Kargo",23,3,1651,1800,149,5,5,0,0
"2018-19","9895","Delaware","Paris McBride",4,3,1683,2400,717,17,25,-8,0
"2018-19","9895","Delaware","Justina Mascaro",24,2,1683,1800,117,5,4,1,0
"2018-19","9895","Delaware","Gadson Lefft",0,3,1722,1800,78,3,2,1,0
"2018-19","9895","Delaware","Makeda Nicholas",5,5,1800,1939,139,2,8,-6,0
"2018-19","9895","Delaware","Jasmine Dickey",20,4,1800,1972,172,2,8,-6,0
"2018-19","9895","Delaware","Rebecca Lawrence",25,5,1800,2095,295,8,11,-3,0
"2018-19","9895","Maryland","Blair Watson",22,4,1800,2046,246,8,6,2,0
"2018-19","9895","Delaware","Gadson Lefft",0,4,1939,2022,83,2,0,2,0
"2018-19","9895","Delaware","Justina Mascaro",24,3,1972,1987,15,0,0,0,0
"2018-19","9895","Delaware","Bailey Kargo",23,4,1987,2400,413,10,13,-3,0
"2018-19","9895","Delaware","Makeda Nicholas",5,6,2022,2312,290,6,10,-4,0
"2018-19","9895","Maryland","Kaila Charles",5,3,2022,2248,226,7,5,2,0
"2018-19","9895","Maryland","Sara Vujacic",32,1,2046,2400,354,13,6,7,0
"2018-19","9895","Delaware","Gadson Lefft",0,5,2095,2137,42,1,0,1,0
"2018-19","9895","Delaware","Jasmine Dickey",20,5,2137,2400,263,3,10,-7,0
"2018-19","9895","Maryland","Sarah Myers",21,2,2248,2400,152,6,3,3,0
"2018-19","9895","Maryland","Olivia Owens",35,1,2248,2400,152,6,3,3,0
"2018-19","9895","Delaware","Lizzie Oleary",12,3,2261,2400,139,3,4,-1,0
"2018-19","9895","Delaware","Gadson Lefft",0,6,2312,2400,88,2,3,-1,0
"2018-19","9910","Maryland","Channise Lewis",3,1,0,224,224,6,6,0,1
"2018-19","9910","Maryland","Kaila Charles",5,1,0,600,600,19,15,4,1
"2018-19","9910","Maryland","Taylor Mikesell",11,1,0,2119,2119,69,46,23,1
"2018-19","9910","Maryland","Blair Watson",22,1,0,295,295,11,8,3,1
"2018-19","9910","Maryland","Stephanie Jones",24,1,0,224,224,6,6,0,1
"2018-19","9910","Michigan State","Shay Colley",0,1,0,673,673,17,22,-5,1
"2018-19","9910","Michigan State","Taryn McCutcheon",4,1,0,1361,1361,33,42,-9,1
"2018-19","9910","Michigan State","Victoria Gaines",15,1,0,295,295,8,11,-3,1
"2018-19","9910","Michigan State","Nia Clouden",24,1,0,295,295,8,11,-3,1
"2018-19","9910","Michigan State","Jenna Allen",33,1,0,224,224,6,6,0,1
"2018-19","9910","Maryland","Shakira Austin",1,1,224,318,94,5,2,3,0
"2018-19","9910","Maryland","Sara Vujacic",32,1,224,352,128,5,2,3,0
"2018-19","9910","Michigan State","Sidney Cooks",10,1,224,457,233,5,9,-4,0
"2018-19","9910","Maryland","Channise Lewis",3,2,295,600,305,8,7,1,0
"2018-19","9910","Michigan State","Mardrekia Cook",2,1,295,353,58,0,1,-1,0
"2018-19","9910","Michigan State","Nia Hollie",12,1,295,457,162,3,4,-1,0
"2018-19","9910","Maryland","Stephanie Jones",24,2,318,489,171,4,3,1,0
"2018-19","9910","Maryland","Brianna Fraser",34,1,352,600,248,8,7,1,0
"2018-19","9910","Michigan State","Nia Clouden",24,2,353,1620,1267,29,40,-11,0
"2018-19","9910","Michigan State","Victoria Gaines",15,2,457,714,257,6,7,-1,0
"2018-19","9910","Michigan State","Jenna Allen",33,2,457,1736,1279,30,43,-13,0
"2018-19","9910","Maryland","Shakira Austin",1,2,489,1046,557,20,16,4,0
"2018-19","9910","Maryland","Blair Watson",22,2,600,652,52,3,2,1,0
"2018-19","9910","Maryland","Stephanie Jones",24,3,600,1361,761,23,18,5,0
"2018-19","9910","Maryland","Kaila Charles",5,2,652,1019,367,12,8,4,0
"2018-19","9910","Michigan State","Nia Hollie",12,2,673,819,146,0,4,-4,0
"2018-19","9910","Maryland","Brianna Fraser",34,2,714,913,199,9,2,7,0
"2018-19","9910","Michigan State","Sidney Cooks",10,2,714,819,105,0,4,-4,0
"2018-19","9910","Michigan State","Shay Colley",0,2,819,1432,613,16,20,-4,0
"2018-19","9910","Michigan State","Victoria Gaines",15,3,819,947,128,2,6,-4,0
"2018-19","9910","Michigan State","Nia Hollie",12,3,947,1019,72,6,2,4,0
"2018-19","9910","Maryland","Sara Vujacic",32,2,1019,1090,71,1,2,-1,0
"2018-19","9910","Michigan State","Sidney Cooks",10,3,1019,1200,181,6,1,5,0
"2018-19","9910","Maryland","Brianna Fraser",34,3,1046,1200,154,0,4,-4,0
"2018-19","9910","Maryland","Kaila Charles",5,3,1090,2242,1152,36,21,15,0
"2018-19","9910","Maryland","Channise Lewis",3,3,1200,2400,1200,36,24,12,0
"2018-19","9910","Maryland","Blair Watson",22,3,1200,2008,808,30,13,17,0
"2018-19","9910","Michigan State","Victoria Gaines",15,4,1200,1396,196,2,9,-7,0
"2018-19","9910","Maryland","Brianna Fraser",34,4,1361,1561,200,8,4,4,0
"2018-19","9910","Michigan State","Mardrekia Cook",2,2,1361,1561,200,4,8,-4,0
"2018-19","9910","Michigan State","Nia Hollie",12,4,1396,1561,165,4,6,-2,0
"2018-19","9910","Michigan State","Taryn McCutcheon",4,2,1432,2242,810,15,25,-10,0
"2018-19","9910","Maryland","Stephanie Jones",24,4,1561,1664,103,6,2,4,0
"2018-19","9910","Michigan State","Shay Colley",0,3,1561,2242,681,11,21,-10,0
"2018-19","9910","Michigan State","Sidney Cooks",10,4,1561,1645,84,0,4,-4,0
"2018-19","9910","Michigan State","Mardrekia Cook",2,3,1620,2242,622,11,19,-8,0
"2018-19","9910","Michigan State","Victoria Gaines",15,5,1645,2008,363,7,11,-4,0
"2018-19","9910","Maryland","Shakira Austin",1,3,1664,1736,72,2,2,0,0
"2018-19","9910","Maryland","Stephanie Jones",24,5,1736,1934,198,5,3,2,0
"2018-19","9910","Michigan State","Nia Hollie",12,5,1736,1800,64,0,2,-2,0
"2018-19","9910","Michigan State","Nia Clouden",24,3,1800,2119,319,5,9,-4,0
"2018-19","9910","Maryland","Shakira Austin",1,4,1934,2400,466,8,11,-3,0
"2018-19","9910","Maryland","Sara Vujacic",32,3,2008,2400,392,6,11,-5,0
"2018-19","9910","Maryland","Stephanie Jones",24,6,2119,2242,123,2,2,0,0
"2018-19","9910","Michigan State","Nia Hollie",12,6,2119,2242,123,2,2,0,0
"2018-19","9910","Maryland","Sarah Myers",21,1,2242,2400,158,0,7,-7,0
"2018-19","9910","Maryland","Olivia Owens",35,1,2242,2400,158,0,7,-7,0
"2018-19","9910","Michigan State","Tory Ozment",1,1,2242,2400,158,7,0,7,0
"2018-19","9910","Michigan State","Claire Hendrickson",5,1,2242,2400,158,7,0,7,0
"2018-19","9910","Michigan State","Sidney Cooks",10,5,2242,2400,158,7,0,7,0
"2018-19","9910","Michigan State","Nia Clouden",24,4,2242,2400,158,7,0,7,0
"2018-19","9910","Michigan State","Kayla Belles",42,1,2242,2400,158,7,0,7,0
"2018-19","9911","Maryland","Channise Lewis",3,1,0,151,151,4,5,-1,1
"2018-19","9911","Maryland","Kaila Charles",5,1,0,1706,1706,61,56,5,1
"2018-19","9911","Maryland","Taylor Mikesell",11,1,0,2173,2173,67,65,2,1
"2018-19","9911","Maryland","Blair Watson",22,1,0,271,271,10,10,0,1
"2018-19","9911","Maryland","Stephanie Jones",24,1,0,271,271,10,10,0,1
"2018-19","9911","Michigan","Amy Dilk",1,1,0,595,595,21,23,-2,1
"2018-19","9911","Michigan","Nicole Munger",10,1,0,360,360,12,15,-3,1
"2018-19","9911","Michigan","Hailey Brown",15,1,0,303,303,10,13,-3,1
"2018-19","9911","Michigan","Deja Church",20,1,0,422,422,14,17,-3,1
"2018-19","9911","Michigan","Hallie Thome",30,1,0,303,303,10,13,-3,1
"2018-19","9911","Maryland","Shakira Austin",1,1,151,522,371,14,11,3,0
"2018-19","9911","Maryland","Sara Vujacic",32,1,271,456,185,8,4,4,0
"2018-19","9911","Maryland","Brianna Fraser",34,1,271,360,89,5,2,3,0
"2018-19","9911","Michigan","Naz Hillmon",0,1,303,522,219,6,5,1,0
"2018-19","9911","Michigan","Kayla Robbins",5,1,303,488,185,4,5,-1,0
"2018-19","9911","Maryland","Stephanie Jones",24,2,360,702,342,16,11,5,0
"2018-19","9911","Michigan","Akienreh Johnson",14,1,360,600,240,9,8,1,0
"2018-19","9911","Michigan","Nicole Munger",10,2,422,595,173,7,6,1,0
"2018-19","9911","Maryland","Blair Watson",22,2,456,2400,1944,55,58,-3,0
"2018-19","9911","Michigan","Hallie Thome",30,2,488,595,107,7,5,2,0
"2018-19","9911","Maryland","Channise Lewis",3,2,522,829,307,13,14,-1,0
"2018-19","9911","Michigan","Hailey Brown",15,2,522,1192,670,24,19,5,0
"2018-19","9911","Michigan","Naz Hillmon",0,2,595,1200,605,19,14,5,0
"2018-19","9911","Michigan","Kayla Robbins",5,2,595,600,5,0,0,0,0
"2018-19","9911","Michigan","Deja Church",20,2,595,665,70,0,4,-4,0
"2018-19","9911","Michigan","Nicole Munger",10,3,600,702,102,2,8,-6,0
"2018-19","9911","Michigan","Hallie Thome",30,3,600,817,217,7,8,-1,0
"2018-19","9911","Maryland","Shakira Austin",1,2,702,856,154,0,7,-7,0
"2018-19","9911","Michigan","Akienreh Johnson",14,2,702,954,252,9,3,6,0
"2018-19","9911","Michigan","Nicole Munger",10,4,817,1018,201,8,6,2,0
"2018-19","9911","Maryland","Brianna Fraser",34,2,829,1018,189,6,6,0,0
"2018-19","9911","Maryland","Stephanie Jones",24,3,856,1431,575,22,18,4,0
"2018-19","9911","Michigan","Hallie Thome",30,4,856,954,98,2,3,-1,0
"2018-19","9911","Michigan","Deja Church",20,3,954,1090,136,7,3,4,0
"2018-19","9911","Maryland","Shakira Austin",1,3,1018,1150,132,0,3,-3,0
"2018-19","9911","Michigan","Akienreh Johnson",14,3,1018,1200,182,4,0,4,0
"2018-19","9911","Michigan","Kayla Robbins",5,3,1090,1150,60,0,0,0,0
"2018-19","9911","Maryland","Sara Vujacic",32,2,1150,1200,50,0,1,-1,0
"2018-19","9911","Michigan","Deja Church",20,4,1150,1490,340,9,16,-7,0
"2018-19","9911","Michigan","Kayla Robbins",5,4,1192,1200,8,0,0,0,0
"2018-19","9911","Maryland","Channise Lewis",3,3,1200,2399,1199,36,32,4,0
"2018-19","9911","Michigan","Amy Dilk",1,2,1200,1706,506,16,24,-8,0
"2018-19","9911","Michigan","Nicole Munger",10,5,1200,1380,180,8,11,-3,0
"2018-19","9911","Michigan","Hailey Brown",15,3,1200,1640,440,14,20,-6,0
"2018-19","9911","Michigan","Hallie Thome",30,5,1200,1291,91,6,8,-2,0
"2018-19","9911","Michigan","Naz Hillmon",0,3,1291,1755,464,10,18,-8,0
"2018-19","9911","Michigan","Akienreh Johnson",14,4,1380,1800,420,8,17,-9,0
"2018-19","9911","Maryland","Shakira Austin",1,4,1431,1590,159,4,4,0,0
"2018-19","9911","Michigan","Nicole Munger",10,6,1490,1748,258,8,10,-2,0
"2018-19","9911","Maryland","Stephanie Jones",24,4,1590,2173,583,10,13,-3,0
"2018-19","9911","Michigan","Hallie Thome",30,6,1640,1856,216,5,8,-3,0
"2018-19","9911","Maryland","Shakira Austin",1,5,1706,2379,673,10,16,-6,0
"2018-19","9911","Michigan","Deja Church",20,5,1706,2173,467,9,6,3,0
"2018-19","9911","Michigan","Amy Dilk",1,3,1748,2400,652,16,10,6,0
"2018-19","9911","Michigan","Kayla Robbins",5,5,1755,1800,45,0,2,-2,0
"2018-19","9911","Michigan","Nicole Munger",10,7,1800,2400,600,16,8,8,0
"2018-19","9911","Michigan","Hailey Brown",15,4,1800,1935,135,4,2,2,0
"2018-19","9911","Michigan","Naz Hillmon",0,4,1856,2400,544,13,8,5,0
"2018-19","9911","Michigan","Kayla Robbins",5,6,1935,2173,238,5,0,5,0
"2018-19","9911","Maryland","Brianna Fraser",34,3,2173,2233,60,2,0,2,0
"2018-19","9911","Michigan","Akienreh Johnson",14,5,2173,2233,60,0,2,-2,0
"2018-19","9911","Michigan","Hailey Brown",15,5,2173,2247,74,2,2,0,0
"2018-19","9911","Maryland","Stephanie Jones",24,5,2233,2400,167,4,7,-3,0
"2018-19","9911","Michigan","Hallie Thome",30,7,2233,2400,167,7,4,3,0
"2018-19","9911","Michigan","Deja Church",20,6,2247,2265,18,0,0,0,0
"2018-19","9911","Michigan","Hailey Brown",15,6,2265,2379,114,5,2,3,0
"2018-19","9911","Maryland","Taylor Mikesell",11,2,2379,2390,11,2,0,2,0
"2018-19","9911","Michigan","Deja Church",20,7,2379,2390,11,0,2,-2,0
"2018-19","9911","Maryland","Shakira Austin",1,6,2390,2400,10,0,0,0,0
"2018-19","9911","Michigan","Hailey Brown",15,7,2390,2400,10,0,0,0,0
"2018-19","9911","Maryland","Brianna Fraser",34,4,2399,2400,1,0,0,0,0
"2018-19","9912","Iowa","Makenzie Meyer",3,1,0,291,291,17,7,10,1
"2018-19","9912","Iowa","Megan Gustafson",10,1,0,509,509,23,11,12,1
"2018-19","9912","Iowa","Tania Davis",11,1,0,257,257,11,7,4,1
"2018-19","9912","Iowa","Hannah Stewart",21,1,0,221,221,9,7,2,1
"2018-19","9912","Iowa","Kathleen Doyle",22,1,0,357,357,19,9,10,1
"2018-19","9912","Maryland","Channise Lewis",3,1,0,783,783,27,33,-6,1
"2018-19","9912","Maryland","Kaila Charles",5,1,0,2400,2400,76,90,-14,1
"2018-19","9912","Maryland","Taylor Mikesell",11,1,0,2400,2400,76,90,-14,1
"2018-19","9912","Maryland","Blair Watson",22,1,0,542,542,13,23,-10,1
"2018-19","9912","Maryland","Stephanie Jones",24,1,0,22,22,3,0,3,1
"2018-19","9912","Maryland","Shakira Austin",1,1,22,103,81,4,4,0,0
"2018-19","9912","Maryland","Brianna Fraser",34,1,103,263,160,0,10,-10,0
"2018-19","9912","Iowa","Amanda Ollinger",43,1,221,291,70,8,0,8,0
"2018-19","9912","Iowa","Alexis Sevillian",5,1,257,504,247,12,4,8,0
"2018-19","9912","Maryland","Shakira Austin",1,2,263,600,337,8,11,-3,0
"2018-19","9912","Iowa","Tania Davis",11,2,291,953,662,24,26,-2,0
"2018-19","9912","Iowa","Hannah Stewart",21,2,291,457,166,4,2,2,0
"2018-19","9912","Iowa","Makenzie Meyer",3,2,357,783,426,14,18,-4,0
"2018-19","9912","Iowa","Amanda Ollinger",43,2,457,509,52,2,2,0,0
"2018-19","9912","Iowa","Kathleen Doyle",22,2,504,593,89,0,4,-4,0
"2018-19","9912","Iowa","Hannah Stewart",21,3,509,832,323,14,18,-4,0
"2018-19","9912","Iowa","Monika Czinano",25,1,509,600,91,2,4,-2,0
"2018-19","9912","Maryland","Sara Vujacic",32,1,542,600,58,2,2,0,0
"2018-19","9912","Iowa","Alexis Sevillian",5,2,593,1200,607,28,30,-2,0
"2018-19","9912","Iowa","Megan Gustafson",10,2,600,1688,1088,40,43,-3,0
"2018-19","9912","Maryland","Blair Watson",22,2,600,2400,1800,61,65,-4,0
"2018-19","9912","Maryland","Stephanie Jones",24,2,600,703,103,4,8,-4,0
"2018-19","9912","Maryland","Shakira Austin",1,3,703,855,152,10,5,5,0
"2018-19","9912","Iowa","Amanda Ollinger",43,3,783,917,134,7,4,3,0
"2018-19","9912","Maryland","Sara Vujacic",32,2,783,1200,417,18,18,0,0
"2018-19","9912","Iowa","Zion Sanders",24,1,832,855,23,1,0,1,0
"2018-19","9912","Iowa","Hannah Stewart",21,4,855,952,97,3,2,1,0
"2018-19","9912","Maryland","Olivia Owens",35,1,855,1127,272,11,11,0,0
"2018-19","9912","Iowa","Makenzie Meyer",3,3,917,1198,281,11,14,-3,0
"2018-19","9912","Iowa","Amanda Ollinger",43,4,952,1200,248,10,14,-4,0
"2018-19","9912","Iowa","Zion Sanders",24,2,953,967,14,0,0,0,0
"2018-19","9912","Iowa","Tania Davis",11,3,967,1548,581,20,25,-5,0
"2018-19","9912","Maryland","Channise Lewis",3,2,1127,1198,71,5,2,3,0
"2018-19","9912","Iowa","Zion Sanders",24,3,1198,1200,2,0,0,0,0
"2018-19","9912","Maryland","Brianna Fraser",34,2,1198,1200,2,0,0,0,0
"2018-19","9912","Iowa","Makenzie Meyer",3,4,1200,2400,1200,39,31,8,0
"2018-19","9912","Iowa","Hannah Stewart",21,5,1200,1747,547,16,15,1,0
"2018-19","9912","Iowa","Kathleen Doyle",22,3,1200,2400,1200,39,31,8,0
"2018-19","9912","Maryland","Channise Lewis",3,3,1200,1480,280,11,6,5,0
"2018-19","9912","Maryland","Stephanie Jones",24,3,1200,1318,118,4,2,2,0
"2018-19","9912","Maryland","Brianna Fraser",34,3,1318,1480,162,7,4,3,0
"2018-19","9912","Maryland","Sara Vujacic",32,3,1480,1800,320,4,12,-8,0
"2018-19","9912","Maryland","Olivia Owens",35,2,1480,1548,68,2,4,-2,0
"2018-19","9912","Iowa","Alexis Sevillian",5,3,1548,1649,101,2,0,2,0
"2018-19","9912","Maryland","Shakira Austin",1,4,1548,1661,113,0,2,-2,0
"2018-19","9912","Iowa","Tania Davis",11,4,1649,2400,751,27,18,9,0
"2018-19","9912","Maryland","Brianna Fraser",34,4,1661,1800,139,2,6,-4,0
"2018-19","9912","Iowa","Monika Czinano",25,2,1688,1747,59,2,2,0,0
"2018-19","9912","Iowa","Megan Gustafson",10,3,1747,2237,490,15,11,4,0
"2018-19","9912","Iowa","Amanda Ollinger",43,5,1747,1800,53,2,0,2,0
"2018-19","9912","Iowa","Hannah Stewart",21,6,1800,2059,259,8,2,6,0
"2018-19","9912","Maryland","Channise Lewis",3,4,1800,2167,367,7,13,-6,0
"2018-19","9912","Maryland","Stephanie Jones",24,4,1800,2167,367,7,13,-6,0
"2018-19","9912","Iowa","Amanda Ollinger",43,6,2059,2167,108,5,5,0,0
"2018-19","9912","Iowa","Hannah Stewart",21,7,2167,2400,233,8,9,-1,0
"2018-19","9912","Maryland","Shakira Austin",1,5,2167,2365,198,9,8,1,0
"2018-19","9912","Maryland","Brianna Fraser",34,5,2167,2400,233,9,8,1,0
"2018-19","9912","Iowa","Monika Czinano",25,3,2237,2273,36,4,1,3,0
"2018-19","9912","Iowa","Megan Gustafson",10,4,2273,2400,127,4,4,0,0
"2018-19","9912","Maryland","Sarah Myers",21,1,2365,2400,35,0,0,0,0
"2018-19","9913","Maryland","Shakira Austin",1,1,0,251,251,8,2,6,1
"2018-19","9913","Maryland","Kaila Charles",5,1,0,301,301,14,2,12,1
"2018-19","9913","Maryland","Taylor Mikesell",11,1,0,238,238,8,0,8,1
"2018-19","9913","Maryland","Blair Watson",22,1,0,325,325,14,2,12,1
"2018-19","9913","Maryland","Stephanie Jones",24,1,0,238,238,8,0,8,1
"2018-19","9913","Radford","Khiana Johnson",4,1,0,2146,2146,46,71,-25,1
"2018-19","9913","Radford","Jen Falconer",5,1,0,301,301,2,14,-12,1
"2018-19","9913","Radford","Destinee Walker",10,1,0,1800,1800,35,58,-23,1
"2018-19","9913","Radford","Lydia Rivers",20,1,0,728,728,12,20,-8,1
"2018-19","9913","Radford","Sydney Nunley",50,1,0,89,89,0,0,0,1
"2018-19","9913","Radford","Savannah Felgemacher",45,1,89,600,511,9,18,-9,0
"2018-19","9913","Maryland","Channise Lewis",3,1,238,1200,962,25,20,5,0
"2018-19","9913","Maryland","Brianna Fraser",34,1,238,407,169,8,5,3,0
"2018-19","9913","Maryland","Taylor Mikesell",11,2,251,600,349,10,7,3,0
"2018-19","9913","Maryland","Stephanie Jones",24,2,301,600,299,4,7,-3,0
"2018-19","9913","Radford","Tina Lindenfeld",2,1,301,600,299,7,4,3,0
"2018-19","9913","Maryland","Sara Vujacic",32,1,325,600,275,4,7,-3,0
"2018-19","9913","Maryland","Olivia Owens",35,1,407,600,193,2,4,-2,0
"2018-19","9913","Maryland","Shakira Austin",1,2,600,1229,629,15,12,3,0
"2018-19","9913","Maryland","Kaila Charles",5,2,600,728,128,2,3,-1,0
"2018-19","9913","Maryland","Blair Watson",22,2,600,837,237,4,8,-4,0
"2018-19","9913","Radford","Jen Falconer",5,2,600,1021,421,11,11,0,0
"2018-19","9913","Radford","Sydney Nunley",50,2,600,982,382,11,9,2,0
"2018-19","9913","Maryland","Stephanie Jones",24,3,728,1544,816,25,14,11,0
"2018-19","9913","Radford","Savannah Felgemacher",45,2,728,969,241,8,6,2,0
"2018-19","9913","Maryland","Kaila Charles",5,3,837,1943,1106,40,24,16,0
"2018-19","9913","Maryland","Blair Watson",22,3,969,1137,168,7,0,7,0
"2018-19","9913","Radford","Lydia Rivers",20,2,969,1809,840,15,32,-17,0
"2018-19","9913","Radford","Savannah Felgemacher",45,3,982,1200,218,0,6,-6,0
"2018-19","9913","Radford","Tina Lindenfeld",2,2,1021,1200,179,0,4,-4,0
"2018-19","9913","Maryland","Taylor Mikesell",11,3,1200,1943,743,29,21,8,0
"2018-19","9913","Maryland","Blair Watson",22,4,1200,2185,985,38,27,11,0
"2018-19","9913","Radford","Jen Falconer",5,3,1200,1651,451,13,18,-5,0
"2018-19","9913","Radford","Sydney Nunley",50,3,1200,1651,451,13,18,-5,0
"2018-19","9913","Maryland","Brianna Fraser",34,2,1229,1503,274,10,5,5,0
"2018-19","9913","Maryland","Channise Lewis",3,2,1503,2400,897,30,25,5,0
"2018-19","9913","Maryland","Shakira Austin",1,3,1544,1943,399,17,15,2,0
"2018-19","9913","Radford","Tina Lindenfeld",2,3,1651,2400,749,18,22,-4,0
"2018-19","9913","Radford","Savannah Felgemacher",45,4,1651,2400,749,18,22,-4,0
"2018-19","9913","Radford","Sydney Nunley",50,4,1800,1811,11,0,1,-1,0
"2018-19","9913","Radford","Lydia Rivers",20,3,1811,2242,431,16,12,4,0
"2018-19","9913","Maryland","Sara Vujacic",32,2,1943,2185,242,9,6,3,0
"2018-19","9913","Maryland","Brianna Fraser",34,3,1943,2030,87,3,1,2,0
"2018-19","9913","Maryland","Shakira Austin",1,4,2030,2400,370,8,9,-1,0
"2018-19","9913","Radford","Destinee Walker",10,2,2089,2345,256,5,6,-1,0
"2018-19","9913","Radford","Sydney Nunley",50,5,2146,2300,154,5,2,3,0
"2018-19","9913","Maryland","Taylor Mikesell",11,4,2185,2231,46,0,4,-4,0
"2018-19","9913","Maryland","Sarah Myers",21,1,2185,2400,215,2,4,-2,0
"2018-19","9913","Maryland","Sara Vujacic",32,3,2231,2400,169,2,0,2,0
"2018-19","9913","Maryland","Olivia Owens",35,2,2254,2392,138,2,0,2,0
"2018-19","9913","Radford","Lydia Rivers",20,4,2300,2345,45,0,0,0,0
"2018-19","9913","Maryland","Kaila Charles",5,4,2306,2400,94,0,0,0,0
"2018-19","9913","Radford","Bryonna McClean",12,1,2345,2400,55,0,0,0,0
"2018-19","9913","Radford","Makaila Wilson",14,1,2345,2400,55,0,0,0,0
"2018-19","9913","Radford","Alexis Jackson",23,1,2345,2400,55,0,0,0,0
"2018-19","9913","Radford","Amele Ngwafang",35,1,2345,2400,55,0,0,0,0
"2018-19","9913","Radford","Laney Corbin",42,1,2345,2400,55,0,0,0,0
"2018-19","9913","Maryland","Taylor Mikesell",11,5,2392,2400,8,0,0,0,0
"2018-19","9914","Maryland","Shakira Austin",1,1,0,215,215,7,10,-3,1
"2018-19","9914","Maryland","Kaila Charles",5,1,0,674,674,24,26,-2,1
"2018-19","9914","Maryland","Taylor Mikesell",11,1,0,2400,2400,80,85,-5,1
"2018-19","9914","Maryland","Blair Watson",22,1,0,414,414,16,18,-2,1
"2018-19","9914","Maryland","Stephanie Jones",24,1,0,239,239,8,12,-4,1
"2018-19","9914","Ucla","Lindsey Corsaro",4,1,0,280,280,14,10,4,1
"2018-19","9914","Ucla","Lajahna Drummer",11,1,0,609,609,26,22,4,1
"2018-19","9914","Ucla","Michaela Onyenwere",21,1,0,280,280,14,10,4,1
"2018-19","9914","Ucla","Kennedy Burke",22,1,0,537,537,22,20,2,1
"2018-19","9914","Ucla","Japreece Dean",24,1,0,411,411,18,16,2,1
"2018-19","9914","Maryland","Brianna Fraser",34,1,215,280,65,3,4,-1,0
"2018-19","9914","Maryland","Channise Lewis",3,1,239,1200,961,32,32,0,0
"2018-19","9914","Maryland","Stephanie Jones",24,2,280,504,224,9,6,3,0
"2018-19","9914","Ucla","Kiara Jefferson",3,1,280,504,224,6,9,-3,0
"2018-19","9914","Ucla","Lauryn Miller",33,1,280,411,131,4,6,-2,0
"2018-19","9914","Ucla","Lindsey Corsaro",4,2,411,1194,783,26,24,2,0
"2018-19","9914","Ucla","Michaela Onyenwere",21,2,411,802,391,15,12,3,0
"2018-19","9914","Maryland","Shakira Austin",1,2,414,566,152,4,6,-2,0
"2018-19","9914","Maryland","Blair Watson",22,2,504,538,34,1,2,-1,0
"2018-19","9914","Ucla","Japreece Dean",24,2,504,600,96,6,1,5,0
"2018-19","9914","Ucla","Ahlana Smith",2,1,537,1200,663,22,20,2,0
"2018-19","9914","Maryland","Sara Vujacic",32,1,538,1194,656,20,22,-2,0
"2018-19","9914","Maryland","Stephanie Jones",24,3,566,802,236,8,9,-1,0
"2018-19","9914","Ucla","Kennedy Burke",22,2,600,865,265,9,8,1,0
"2018-19","9914","Maryland","Brianna Fraser",34,2,674,731,57,0,2,-2,0
"2018-19","9914","Maryland","Kaila Charles",5,2,731,865,134,4,7,-3,0
"2018-19","9914","Ucla","Lajahna Drummer",11,2,731,1425,694,27,31,-4,0
"2018-19","9914","Ucla","Lauryn Miller",33,2,802,905,103,5,2,3,0
"2018-19","9914","Maryland","Stephanie Jones",24,4,865,1084,219,10,9,1,0
"2018-19","9914","Ucla","Kiara Jefferson",3,2,865,989,124,5,6,-1,0
"2018-19","9914","Ucla","Michaela Onyenwere",21,3,905,989,84,2,4,-2,0
"2018-19","9914","Ucla","Kennedy Burke",22,3,989,1425,436,15,21,-6,0
"2018-19","9914","Ucla","Lauryn Miller",33,3,989,1200,211,4,6,-2,0
"2018-19","9914","Maryland","Brianna Fraser",34,3,1084,1200,116,2,0,2,0
"2018-19","9914","Maryland","Kaila Charles",5,3,1194,2400,1206,40,41,-1,0
"2018-19","9914","Ucla","Kiara Jefferson",3,3,1194,1200,6,0,0,0,0
"2018-19","9914","Maryland","Shakira Austin",1,3,1200,2400,1200,40,41,-1,0
"2018-19","9914","Maryland","Blair Watson",22,3,1200,1427,227,15,11,4,0
"2018-19","9914","Maryland","Stephanie Jones",24,5,1200,1292,92,9,4,5,0
"2018-19","9914","Ucla","Lindsey Corsaro",4,3,1200,2400,1200,41,40,1,0
"2018-19","9914","Ucla","Michaela Onyenwere",21,4,1200,1455,255,11,17,-6,0
"2018-19","9914","Ucla","Japreece Dean",24,3,1200,2400,1200,41,40,1,0
"2018-19","9914","Maryland","Channise Lewis",3,2,1292,1580,288,12,14,-2,0
"2018-19","9914","Ucla","Kiara Jefferson",3,4,1425,1580,155,7,6,1,0
"2018-19","9914","Ucla","Lauryn Miller",33,4,1425,1580,155,7,6,1,0
"2018-19","9914","Maryland","Sara Vujacic",32,2,1427,1580,153,6,7,-1,0
"2018-19","9914","Ucla","Kennedy Burke",22,4,1455,2400,945,30,23,7,0
"2018-19","9914","Maryland","Blair Watson",22,4,1580,1631,51,4,2,2,0
"2018-19","9914","Maryland","Brianna Fraser",34,4,1580,1800,220,10,4,6,0
"2018-19","9914","Ucla","Lajahna Drummer",11,3,1580,2282,702,17,17,0,0
"2018-19","9914","Ucla","Michaela Onyenwere",21,5,1580,2400,820,23,19,4,0
"2018-19","9914","Maryland","Channise Lewis",3,3,1631,2400,769,15,21,-6,0
"2018-19","9914","Maryland","Stephanie Jones",24,6,1800,2129,329,5,8,-3,0
"2018-19","9914","Maryland","Brianna Fraser",34,5,2129,2282,153,2,5,-3,0
"2018-19","9914","Maryland","Stephanie Jones",24,7,2282,2400,118,2,6,-4,0
"2018-19","9914","Ucla","Ahlana Smith",2,2,2282,2334,52,0,0,0,0
"2018-19","9914","Ucla","Lajahna Drummer",11,4,2334,2400,66,6,2,4,0
"2018-19","10054","Maryland","Shakira Austin",1,1,0,302,302,11,6,5,1
"2018-19","10054","Maryland","Kaila Charles",5,1,0,773,773,21,28,-7,1
"2018-19","10054","Maryland","Taylor Mikesell",11,1,0,1633,1633,52,55,-3,1
"2018-19","10054","Maryland","Blair Watson",22,1,0,238,238,7,6,1,1
"2018-19","10054","Maryland","Stephanie Jones",24,1,0,302,302,11,6,5,1
"2018-19","10054","Penn State","Alisia Smith",1,1,0,197,197,3,7,-4,1
"2018-19","10054","Penn State","Amari Carter",2,1,0,600,600,21,18,3,1
"2018-19","10054","Penn State","Karisma Ortiz",3,1,0,302,302,6,11,-5,1
"2018-19","10054","Penn State","Siyeh Frazier",4,1,0,197,197,3,7,-4,1
"2018-19","10054","Penn State","Teniya Page",11,1,0,657,657,27,20,7,1
"2018-19","10054","Penn State","Kamaria McDaniel",5,1,197,584,387,16,11,5,0
"2018-19","10054","Penn State","Lauren Ebo",33,1,197,584,387,16,11,5,0
"2018-19","10054","Maryland","Channise Lewis",3,1,238,584,346,11,13,-2,0
"2018-19","10054","Penn State","J. Travascio-Green",31,1,302,584,282,13,7,6,0
"2018-19","10054","Maryland","Stephanie Jones",24,2,324,402,78,2,5,-3,0
"2018-19","10054","Maryland","Brianna Fraser",34,1,324,600,276,5,15,-10,0
"2018-19","10054","Maryland","Shakira Austin",1,2,402,584,182,3,8,-5,0
"2018-19","10054","Maryland","Blair Watson",22,2,584,1508,924,29,30,-1,0
"2018-19","10054","Maryland","Stephanie Jones",24,3,584,687,103,2,8,-6,0
"2018-19","10054","Penn State","Alisia Smith",1,2,584,753,169,8,3,5,0
"2018-19","10054","Penn State","Karisma Ortiz",3,2,584,591,7,0,0,0,0
"2018-19","10054","Penn State","Siyeh Frazier",4,2,584,600,16,2,0,2,0
"2018-19","10054","Penn State","J. Travascio-Green",31,2,591,600,9,2,0,2,0
"2018-19","10054","Maryland","Shakira Austin",1,3,600,600,0,0,0,0,0
"2018-19","10054","Maryland","Brianna Fraser",34,2,600,708,108,2,6,-4,0
"2018-19","10054","Penn State","Karisma Ortiz",3,3,600,708,108,6,2,4,0
"2018-19","10054","Penn State","Kamaria McDaniel",5,2,600,946,346,10,12,-2,0
"2018-19","10054","Penn State","J. Travascio-Green",31,3,600,687,87,6,2,4,0
"2018-19","10054","Penn State","Amari Carter",2,2,657,773,116,1,1,0,0
"2018-19","10054","Maryland","Shakira Austin",1,4,687,1292,605,24,17,7,0
"2018-19","10054","Penn State","Lauren Ebo",33,2,687,726,39,0,0,0,0
"2018-19","10054","Maryland","Channise Lewis",3,2,708,1200,492,19,14,5,0
"2018-19","10054","Penn State","Siyeh Frazier",4,3,708,799,91,1,3,-2,0
"2018-19","10054","Penn State","Teniya Page",11,2,726,2081,1355,34,46,-12,0
"2018-19","10054","Penn State","Lauren Ebo",33,3,753,946,193,4,9,-5,0
"2018-19","10054","Maryland","Stephanie Jones",24,4,773,2400,1627,56,33,23,0
"2018-19","10054","Penn State","J. Travascio-Green",31,4,773,946,173,3,9,-6,0
"2018-19","10054","Penn State","Alisia Smith",1,3,799,1292,493,16,21,-5,0
"2018-19","10054","Penn State","Amari Carter",2,3,946,1633,687,24,22,2,0
"2018-19","10054","Penn State","Karisma Ortiz",3,4,946,1069,123,4,5,-1,0
"2018-19","10054","Penn State","Siyeh Frazier",4,4,946,1069,123,4,5,-1,0
"2018-19","10054","Penn State","Kamaria McDaniel",5,3,1069,1200,131,6,4,2,0
"2018-19","10054","Penn State","J. Travascio-Green",31,5,1069,1200,131,6,4,2,0
"2018-19","10054","Maryland","Kaila Charles",5,2,1200,1240,40,3,3,0,0
"2018-19","10054","Penn State","Karisma Ortiz",3,5,1200,1200,0,0,0,0,0
"2018-19","10054","Penn State","Siyeh Frazier",4,5,1200,1311,111,3,5,-2,0
"2018-19","10054","Penn State","Lauren Ebo",33,4,1200,1408,208,6,7,-1,0
"2018-19","10054","Maryland","Channise Lewis",3,3,1240,1800,560,14,13,1,0
"2018-19","10054","Maryland","Brianna Fraser",34,3,1292,1800,508,12,13,-1,0
"2018-19","10054","Penn State","J. Travascio-Green",31,6,1292,1508,216,5,3,2,0
"2018-19","10054","Penn State","Kamaria McDaniel",5,4,1311,1687,376,13,8,5,0
"2018-19","10054","Penn State","Alisia Smith",1,4,1408,1854,446,12,13,-1,0
"2018-19","10054","Maryland","Kaila Charles",5,3,1508,2012,504,18,12,6,0
"2018-19","10054","Penn State","Lauren Ebo",33,5,1508,1800,292,8,9,-1,0
"2018-19","10054","Maryland","Blair Watson",22,3,1633,2400,767,25,6,19,0
"2018-19","10054","Penn State","Karisma Ortiz",3,6,1633,1742,109,2,4,-2,0
"2018-19","10054","Penn State","Siyeh Frazier",4,6,1687,1742,55,0,4,-4,0
"2018-19","10054","Penn State","Amari Carter",2,4,1742,2400,658,4,21,-17,0
"2018-19","10054","Penn State","Kamaria McDaniel",5,5,1742,1800,58,0,0,0,0
"2018-19","10054","Maryland","Shakira Austin",1,5,1800,1800,0,0,0,0,0
"2018-19","10054","Maryland","Channise Lewis",3,4,1800,2400,600,21,4,17,0
"2018-19","10054","Maryland","Taylor Mikesell",11,2,1800,1800,0,0,0,0,0
"2018-19","10054","Maryland","Brianna Fraser",34,4,1800,2400,600,21,4,17,0
"2018-19","10054","Penn State","Karisma Ortiz",3,7,1800,1800,0,0,0,0,0
"2018-19","10054","Penn State","Siyeh Frazier",4,7,1800,1800,0,0,0,0,0
"2018-19","10054","Penn State","Kamaria McDaniel",5,6,1800,2004,204,4,9,-5,0
"2018-19","10054","Penn State","Lauren Ebo",33,6,1800,1892,92,4,5,-1,0
"2018-19","10054","Penn State","J. Travascio-Green",31,7,1854,2003,149,2,6,-4,0
"2018-19","10054","Penn State","Bexley Wallace",43,1,1892,2003,111,0,4,-4,0
"2018-19","10054","Penn State","Alisia Smith",1,5,2003,2153,150,0,6,-6,0
"2018-19","10054","Penn State","Lauren Ebo",33,7,2003,2347,344,0,12,-12,0
"2018-19","10054","Penn State","Siyeh Frazier",4,8,2004,2115,111,0,4,-4,0
"2018-19","10054","Maryland","Taylor Mikesell",11,3,2012,2115,103,4,0,4,0
"2018-19","10054","Penn State","Kamaria McDaniel",5,7,2081,2400,319,0,11,-11,0
"2018-19","10054","Maryland","Kaila Charles",5,4,2115,2400,285,8,0,8,0
"2018-19","10054","Penn State","Teniya Page",11,3,2115,2400,285,0,8,-8,0
"2018-19","10054","Penn State","Karisma Ortiz",3,8,2153,2222,69,0,0,0,0
"2018-19","10054","Penn State","J. Travascio-Green",31,8,2222,2277,55,0,3,-3,0
"2018-19","10054","Penn State","Alisia Smith",1,6,2277,2400,123,0,3,-3,0
"2018-19","10054","Penn State","J. Travascio-Green",31,9,2347,2349,2,0,0,0,0
"2018-19","10054","Penn State","Siyeh Frazier",4,9,2349,2360,11,0,0,0,0
"2018-19","10054","Penn State","J. Travascio-Green",31,10,2360,2400,40,0,0,0,0
"2018-19","10055","Maryland","Shakira Austin",1,1,0,134,134,3,6,-3,1
"2018-19","10055","Maryland","Kaila Charles",5,1,0,336,336,11,16,-5,1
"2018-19","10055","Maryland","Taylor Mikesell",11,1,0,2400,2400,65,73,-8,1
"2018-19","10055","Maryland","Blair Watson",22,1,0,600,600,24,28,-4,1
"2018-19","10055","Maryland","Stephanie Jones",24,1,0,432,432,16,21,-5,1
"2018-19","10055","Rutgers","Charise Wilson",3,1,0,432,432,21,16,5,1
"2018-19","10055","Rutgers","Ciani Cryor",5,1,0,551,551,26,21,5,1
"2018-19","10055","Rutgers","Arella Guirantes",24,1,0,308,308,14,11,3,1
"2018-19","10055","Rutgers","Tekia Mack",31,1,0,237,237,11,9,2,1
"2018-19","10055","Rutgers","Victoria Harris",40,1,0,188,188,8,6,2,1
"2018-19","10055","Maryland","Brianna Fraser",34,1,134,255,121,6,8,-2,0
"2018-19","10055","Rutgers","Stasha Carey",35,1,188,432,244,13,10,3,0
"2018-19","10055","Rutgers","Caitlin Jenkins",15,1,237,1200,963,30,27,3,0
"2018-19","10055","Maryland","Shakira Austin",1,2,255,432,177,7,7,0,0
"2018-19","10055","Rutgers","Sierra Calhoun",4,1,308,1187,879,25,25,0,0
"2018-19","10055","Maryland","Channise Lewis",3,1,336,1200,864,25,25,0,0
"2018-19","10055","Maryland","Kaila Charles",5,2,432,725,293,14,9,5,0
"2018-19","10055","Maryland","Brianna Fraser",34,2,432,551,119,5,5,0,0
"2018-19","10055","Rutgers","Arella Guirantes",24,2,432,725,293,9,14,-5,0
"2018-19","10055","Rutgers","Tekia Mack",31,2,432,600,168,7,8,-1,0
"2018-19","10055","Maryland","Stephanie Jones",24,2,551,901,350,9,8,1,0
"2018-19","10055","Rutgers","Charise Wilson",3,2,551,901,350,8,9,-1,0
"2018-19","10055","Maryland","Shakira Austin",1,3,600,1264,664,12,13,-1,0
"2018-19","10055","Rutgers","Stasha Carey",35,2,600,2400,1800,45,41,4,0
"2018-19","10055","Rutgers","Noga Peleg Pelc",2,1,725,901,176,4,0,4,0
"2018-19","10055","Maryland","Kaila Charles",5,3,901,2400,1499,35,39,-4,0
"2018-19","10055","Rutgers","Arella Guirantes",24,3,901,1187,286,5,6,-1,0
"2018-19","10055","Rutgers","Tekia Mack",31,3,901,1060,159,3,3,0,0
"2018-19","10055","Maryland","Stephanie Jones",24,3,1088,1385,297,2,6,-4,0
"2018-19","10055","Rutgers","Noga Peleg Pelc",2,2,1187,1200,13,2,0,2,0
"2018-19","10055","Rutgers","Charise Wilson",3,3,1187,1507,320,4,3,1,0
"2018-19","10055","Maryland","Blair Watson",22,2,1200,1507,307,3,2,1,0
"2018-19","10055","Rutgers","Ciani Cryor",5,2,1200,2400,1200,32,29,3,0
"2018-19","10055","Rutgers","Arella Guirantes",24,4,1200,1328,128,2,0,2,0
"2018-19","10055","Rutgers","Victoria Harris",40,2,1200,1490,290,2,3,-1,0
"2018-19","10055","Maryland","Brianna Fraser",34,3,1264,2368,1104,27,28,-1,0
"2018-19","10055","Rutgers","Sierra Calhoun",4,2,1328,1490,162,0,3,-3,0
"2018-19","10055","Maryland","Shakira Austin",1,4,1385,1507,122,3,0,3,0
"2018-19","10055","Rutgers","Noga Peleg Pelc",2,3,1490,1609,119,4,3,1,0
"2018-19","10055","Rutgers","Caitlin Jenkins",15,2,1490,1800,310,4,8,-4,0
"2018-19","10055","Maryland","Channise Lewis",3,2,1507,1716,209,6,4,2,0
"2018-19","10055","Maryland","Stephanie Jones",24,4,1507,2387,880,24,28,-4,0
"2018-19","10055","Rutgers","Arella Guirantes",24,5,1507,1609,102,4,3,1,0
"2018-19","10055","Rutgers","Charise Wilson",3,4,1609,1965,356,2,9,-7,0
"2018-19","10055","Rutgers","Sierra Calhoun",4,3,1609,1778,169,0,5,-5,0
"2018-19","10055","Maryland","Blair Watson",22,3,1716,2400,684,20,26,-6,0
"2018-19","10055","Rutgers","Arella Guirantes",24,6,1778,2350,572,20,16,4,0
"2018-19","10055","Rutgers","Victoria Harris",40,3,1800,1914,114,2,2,0,0
"2018-19","10055","Maryland","Channise Lewis",3,3,1853,2063,210,4,8,-4,0
"2018-19","10055","Rutgers","Caitlin Jenkins",15,3,1914,2137,223,11,8,3,0
"2018-19","10055","Rutgers","Noga Peleg Pelc",2,4,1965,2400,435,24,14,10,0
"2018-19","10055","Rutgers","Victoria Harris",40,4,2137,2400,263,13,8,5,0
"2018-19","10055","Rutgers","Arella Guirantes",24,7,2367,2368,1,2,0,2,0
"2018-19","10055","Maryland","Channise Lewis",3,4,2368,2393,25,2,2,0,0
"2018-19","10055","Rutgers","Tekia Mack",31,4,2368,2393,25,2,2,0,0
"2018-19","10055","Maryland","Brianna Fraser",34,4,2387,2400,13,2,2,0,0
"2018-19","10055","Rutgers","Arella Guirantes",24,8,2393,2397,4,2,0,2,0
"2018-19","10055","Rutgers","Tekia Mack",31,5,2397,2400,3,0,0,0,0
"2018-19","10056","Maryland","Shakira Austin",1,1,0,163,163,5,6,-1,1
"2018-19","10056","Maryland","Kaila Charles",5,1,0,620,620,20,22,-2,1
"2018-19","10056","Maryland","Taylor Mikesell",11,1,0,772,772,23,27,-4,1
"2018-19","10056","Maryland","Blair Watson",22,1,0,530,530,17,16,1,1
"2018-19","10056","Maryland","Stephanie Jones",24,1,0,211,211,5,10,-5,1
"2018-19","10056","Ohio State","Carmen Grande",1,1,0,326,326,11,10,1,1
"2018-19","10056","Ohio State","Janai Crooms",3,1,0,384,384,13,15,-2,1
"2018-19","10056","Ohio State","Carly Santoro",10,1,0,379,379,13,13,0,1
"2018-19","10056","Ohio State","Dorka Juhasz",14,1,0,950,950,31,32,-1,1
"2018-19","10056","Ohio State","Makayla Waterman",24,1,0,379,379,13,13,0,1
"2018-19","10056","Maryland","Brianna Fraser",34,1,163,200,37,0,2,-2,0
"2018-19","10056","Maryland","Channise Lewis",3,1,200,600,400,15,11,4,0
"2018-19","10056","Maryland","Shakira Austin",1,2,211,600,389,15,9,6,0
"2018-19","10056","Ohio State","Najah Queenland",23,1,326,600,274,8,10,-2,0
"2018-19","10056","Ohio State","Adreana Miller",15,1,379,600,221,6,7,-1,0
"2018-19","10056","Ohio State","Aaliyah Patty",32,1,379,428,49,0,4,-4,0
"2018-19","10056","Ohio State","Carmen Grande",1,2,384,536,152,3,2,1,0
"2018-19","10056","Ohio State","Makayla Waterman",24,2,428,641,213,9,3,6,0
"2018-19","10056","Maryland","Sarah Myers",21,1,530,1200,670,26,20,6,0
"2018-19","10056","Ohio State","Janai Crooms",3,2,536,950,414,15,15,0,0
"2018-19","10056","Maryland","Stephanie Jones",24,2,600,1395,795,27,28,-1,0
"2018-19","10056","Maryland","Brianna Fraser",34,2,600,852,252,5,10,-5,0
"2018-19","10056","Ohio State","Carmen Grande",1,3,600,1151,551,17,18,-1,0
"2018-19","10056","Ohio State","Carly Santoro",10,2,600,950,350,12,12,0,0
"2018-19","10056","Ohio State","Aaliyah Patty",32,2,641,772,131,5,3,2,0
"2018-19","10056","Maryland","Kaila Charles",5,2,772,1800,1028,34,31,3,0
"2018-19","10056","Ohio State","Makayla Waterman",24,3,772,1175,403,9,17,-8,0
"2018-19","10056","Ohio State","Jensen Caretti",33,1,772,852,80,2,2,0,0
"2018-19","10056","Maryland","Shakira Austin",1,3,852,1001,149,9,4,5,0
"2018-19","10056","Maryland","Taylor Mikesell",11,2,852,1800,948,32,29,3,0
"2018-19","10056","Ohio State","Najah Queenland",23,2,852,1190,338,7,18,-11,0
"2018-19","10056","Maryland","Blair Watson",22,2,950,1061,111,4,2,2,0
"2018-19","10056","Ohio State","Adreana Miller",15,2,950,1061,111,2,4,-2,0
"2018-19","10056","Ohio State","Aaliyah Patty",32,3,950,1013,63,2,2,0,0
"2018-19","10056","Maryland","Brianna Fraser",34,3,1001,1175,174,6,3,3,0
"2018-19","10056","Ohio State","Dorka Juhasz",14,2,1013,1523,510,16,17,-1,0
"2018-19","10056","Maryland","Channise Lewis",3,2,1061,2183,1122,31,33,-2,0
"2018-19","10056","Ohio State","Janai Crooms",3,3,1061,1600,539,18,17,1,0
"2018-19","10056","Ohio State","Carly Santoro",10,3,1151,1600,449,15,15,0,0
"2018-19","10056","Maryland","Blair Watson",22,3,1175,1190,15,3,0,3,0
"2018-19","10056","Ohio State","Jensen Caretti",33,2,1175,1190,15,0,3,-3,0
"2018-19","10056","Ohio State","Carmen Grande",1,4,1190,2400,1210,33,32,1,0
"2018-19","10056","Ohio State","Makayla Waterman",24,4,1190,1600,410,15,10,5,0
"2018-19","10056","Maryland","Blair Watson",22,4,1200,1600,400,10,15,-5,0
"2018-19","10056","Ohio State","Aaliyah Patty",32,4,1523,1800,277,9,6,3,0
"2018-19","10056","Maryland","Sarah Myers",21,2,1600,1641,41,0,5,-5,0
"2018-19","10056","Maryland","Stephanie Jones",24,3,1600,1796,196,4,7,-3,0
"2018-19","10056","Ohio State","Dorka Juhasz",14,3,1600,1972,372,9,8,1,0
"2018-19","10056","Ohio State","Adreana Miller",15,3,1600,1800,200,7,4,3,0
"2018-19","10056","Ohio State","Najah Queenland",23,3,1600,1796,196,7,4,3,0
"2018-19","10056","Maryland","Brianna Fraser",34,4,1641,2400,759,22,13,9,0
"2018-19","10056","Maryland","Shakira Austin",1,4,1796,1800,4,0,0,0,0
"2018-19","10056","Ohio State","Makayla Waterman",24,5,1796,2015,219,2,4,-2,0
"2018-19","10056","Maryland","Stephanie Jones",24,4,1800,2400,600,18,11,7,0
"2018-19","10056","Ohio State","Janai Crooms",3,4,1800,2015,215,2,4,-2,0
"2018-19","10056","Ohio State","Carly Santoro",10,4,1800,1972,172,2,4,-2,0
"2018-19","10056","Ohio State","Adreana Miller",15,4,1972,2064,92,0,0,0,0
"2018-19","10056","Ohio State","Aaliyah Patty",32,5,1972,2035,63,0,0,0,0
"2018-19","10056","Maryland","Taylor Mikesell",11,3,2015,2400,385,14,9,5,0
"2018-19","10056","Ohio State","Dorka Juhasz",14,4,2015,2400,385,9,14,-5,0
"2018-19","10056","Ohio State","Najah Queenland",23,4,2015,2170,155,6,6,0,0
"2018-19","10056","Ohio State","Makayla Waterman",24,6,2035,2323,288,9,11,-2,0
"2018-19","10056","Ohio State","Janai Crooms",3,5,2064,2400,336,9,14,-5,0
"2018-19","10056","Ohio State","Carly Santoro",10,5,2170,2400,230,3,8,-5,0
"2018-19","10056","Maryland","Blair Watson",22,5,2183,2400,217,8,3,5,0
"2018-19","10056","Ohio State","Aaliyah Patty",32,6,2323,2371,48,0,3,-3,0
"2018-19","10056","Ohio State","Adreana Miller",15,5,2371,2400,29,0,0,0,0
"2018-19","10057","Maryland","Shakira Austin",1,1,0,293,293,11,10,1,1
"2018-19","10057","Maryland","Kaila Charles",5,1,0,159,159,5,3,2,1
"2018-19","10057","Maryland","Taylor Mikesell",11,1,0,673,673,29,24,5,1
"2018-19","10057","Maryland","Blair Watson",22,1,0,257,257,9,8,1,1
"2018-19","10057","Maryland","Stephanie Jones",24,1,0,464,464,22,17,5,1
"2018-19","10057","Nebraska","Hannah Whitish",3,1,0,464,464,17,22,-5,1
"2018-19","10057","Nebraska","Nicea Eliely",5,1,0,257,257,8,9,-1,1
"2018-19","10057","Nebraska","Maddie Simon",24,1,0,257,257,8,9,-1,1
"2018-19","10057","Nebraska","Kate Cain",31,1,0,159,159,3,5,-2,1
"2018-19","10057","Nebraska","Taylor Kissinger",33,1,0,257,257,8,9,-1,1
"2018-19","10057","Maryland","Channise Lewis",3,1,159,1200,1041,38,34,4,0
"2018-19","10057","Nebraska","Ashtyn Veerbeek",13,1,159,464,305,14,17,-3,0
"2018-19","10057","Maryland","Kaila Charles",5,2,257,855,598,21,16,5,0
"2018-19","10057","Nebraska","Sam Haiby",4,1,257,600,343,15,17,-2,0
"2018-19","10057","Nebraska","Leigha Brown",32,1,257,464,207,9,13,-4,0
"2018-19","10057","Nebraska","Kayla Mershon",44,1,257,464,207,9,13,-4,0
"2018-19","10057","Maryland","Blair Watson",22,2,293,1418,1125,34,31,3,0
"2018-19","10057","Maryland","Brianna Fraser",34,1,464,525,61,2,2,0,0
"2018-19","10057","Nebraska","Nicea Eliely",5,2,464,673,209,7,7,0,0
"2018-19","10057","Nebraska","Grace Mitchell",14,1,464,600,136,6,4,2,0
"2018-19","10057","Nebraska","Kate Cain",31,2,464,835,371,7,8,-1,0
"2018-19","10057","Nebraska","Taylor Kissinger",33,2,464,761,297,7,7,0,0
"2018-19","10057","Maryland","Shakira Austin",1,2,525,600,75,2,4,-2,0
"2018-19","10057","Maryland","Stephanie Jones",24,2,600,741,141,3,1,2,0
"2018-19","10057","Nebraska","Hannah Whitish",3,2,600,835,235,1,4,-3,0
"2018-19","10057","Nebraska","Maddie Simon",24,2,600,673,73,1,3,-2,0
"2018-19","10057","Nebraska","Leigha Brown",32,2,673,938,265,5,6,-1,0
"2018-19","10057","Nebraska","Kayla Mershon",44,2,673,938,265,5,6,-1,0
"2018-19","10057","Maryland","Brianna Fraser",34,2,741,1014,273,8,6,2,0
"2018-19","10057","Nebraska","Sam Haiby",4,2,761,938,177,5,6,-1,0
"2018-19","10057","Nebraska","Nicea Eliely",5,3,835,1136,301,9,13,-4,0
"2018-19","10057","Nebraska","Ashtyn Veerbeek",13,2,835,1014,179,6,7,-1,0
"2018-19","10057","Maryland","Taylor Mikesell",11,2,855,2330,1475,48,38,10,0
"2018-19","10057","Maryland","Stephanie Jones",24,3,938,1171,233,8,8,0,0
"2018-19","10057","Nebraska","Hannah Whitish",3,3,938,1806,868,20,26,-6,0
"2018-19","10057","Nebraska","Kate Cain",31,3,938,1418,480,12,10,2,0
"2018-19","10057","Nebraska","Taylor Kissinger",33,3,938,1080,142,4,3,1,0
"2018-19","10057","Maryland","Shakira Austin",1,3,1014,1341,327,6,9,-3,0
"2018-19","10057","Nebraska","Maddie Simon",24,3,1014,1171,157,7,6,1,0
"2018-19","10057","Nebraska","Leigha Brown",32,3,1080,1200,120,4,5,-1,0
"2018-19","10057","Nebraska","Sam Haiby",4,3,1136,1200,64,4,0,4,0
"2018-19","10057","Maryland","Olivia Owens",35,1,1171,1200,29,0,0,0,0
"2018-19","10057","Nebraska","Kayla Mershon",44,3,1171,1200,29,0,0,0,0
"2018-19","10057","Maryland","Kaila Charles",5,3,1200,2330,1130,35,25,10,0
"2018-19","10057","Maryland","Stephanie Jones",24,4,1200,1537,337,8,6,2,0
"2018-19","10057","Nebraska","Nicea Eliely",5,4,1200,1481,281,6,6,0,0
"2018-19","10057","Nebraska","Maddie Simon",24,4,1200,1418,218,4,2,2,0
"2018-19","10057","Nebraska","Taylor Kissinger",33,4,1200,1481,281,6,6,0,0
"2018-19","10057","Maryland","Brianna Fraser",34,3,1341,1436,95,2,4,-2,0
"2018-19","10057","Maryland","Channise Lewis",3,2,1418,1800,382,16,8,8,0
"2018-19","10057","Nebraska","Ashtyn Veerbeek",13,3,1418,1574,156,2,8,-6,0
"2018-19","10057","Nebraska","Kayla Mershon",44,4,1418,1647,229,4,10,-6,0
"2018-19","10057","Maryland","Blair Watson",22,3,1436,2330,894,33,19,14,0
"2018-19","10057","Nebraska","Sam Haiby",4,4,1481,1647,166,2,6,-4,0
"2018-19","10057","Nebraska","Leigha Brown",32,4,1481,1800,319,6,12,-6,0
"2018-19","10057","Maryland","Shakira Austin",1,4,1537,1806,269,10,6,4,0
"2018-19","10057","Nebraska","Kate Cain",31,4,1574,2019,445,15,15,0,0
"2018-19","10057","Nebraska","Nicea Eliely",5,5,1647,2168,521,13,20,-7,0
"2018-19","10057","Nebraska","Maddie Simon",24,5,1647,2019,372,13,13,0,0
"2018-19","10057","Maryland","Stephanie Jones",24,5,1800,1912,112,2,5,-3,0
"2018-19","10057","Nebraska","Taylor Kissinger",33,5,1800,2019,219,9,7,2,0
"2018-19","10057","Nebraska","Sam Haiby",4,5,1806,2019,213,9,7,2,0
"2018-19","10057","Maryland","Brianna Fraser",34,4,1912,2400,488,18,9,9,0
"2018-19","10057","Nebraska","Hannah Whitish",3,4,2019,2345,326,5,10,-5,0
"2018-19","10057","Nebraska","Ashtyn Veerbeek",13,4,2019,2247,228,2,10,-8,0
"2018-19","10057","Nebraska","Leigha Brown",32,5,2019,2400,381,5,13,-8,0
"2018-19","10057","Nebraska","Kayla Mershon",44,5,2019,2400,381,5,13,-8,0
"2018-19","10057","Nebraska","Sam Haiby",4,6,2168,2400,232,5,6,-1,0
"2018-19","10057","Nebraska","Grace Mitchell",14,2,2247,2400,153,3,3,0,0
"2018-19","10057","Maryland","Sarah Myers",21,1,2330,2400,70,3,1,2,0
"2018-19","10057","Maryland","Sara Vujacic",32,1,2330,2400,70,3,1,2,0
"2018-19","10057","Maryland","Olivia Owens",35,2,2330,2400,70,3,1,2,0
"2018-19","10057","Nebraska","Nicea Eliely",5,6,2345,2400,55,0,3,-3,0
"2018-19","10058","Maryland","Shakira Austin",1,1,0,206,206,8,2,6,1
"2018-19","10058","Maryland","Kaila Charles",5,1,0,437,437,12,13,-1,1
"2018-19","10058","Maryland","Taylor Mikesell",11,1,0,206,206,8,2,6,1
"2018-19","10058","Maryland","Blair Watson",22,1,0,492,492,14,15,-1,1
"2018-19","10058","Maryland","Stephanie Jones",24,1,0,283,283,10,6,4,1
"2018-19","10058","Michigan","Amy Dilk",1,1,0,600,600,21,14,7,1
"2018-19","10058","Michigan","Nicole Munger",10,1,0,600,600,21,14,7,1
"2018-19","10058","Michigan","Hailey Brown",15,1,0,391,391,13,10,3,1
"2018-19","10058","Michigan","Deja Church",20,1,0,391,391,13,10,3,1
"2018-19","10058","Michigan","Hallie Thome",30,1,0,283,283,6,10,-4,1
"2018-19","10058","Maryland","Channise Lewis",3,1,206,283,77,2,4,-2,0
"2018-19","10058","Maryland","Brianna Fraser",34,1,206,331,125,2,7,-5,0
"2018-19","10058","Maryland","Shakira Austin",1,2,283,492,209,4,9,-5,0
"2018-19","10058","Maryland","Sarah Myers",21,1,283,331,48,0,3,-3,0
"2018-19","10058","Michigan","Naz Hillmon",0,1,283,600,317,15,4,11,0
"2018-19","10058","Maryland","Taylor Mikesell",11,2,331,2400,2069,73,60,13,0
"2018-19","10058","Maryland","Stephanie Jones",24,2,331,856,525,15,16,-1,0
"2018-19","10058","Michigan","Kayla Robbins",5,1,391,1200,809,21,25,-4,0
"2018-19","10058","Michigan","Hallie Thome",30,2,391,1706,1315,39,41,-2,0
"2018-19","10058","Maryland","Channise Lewis",3,2,437,1200,763,23,21,2,0
"2018-19","10058","Maryland","Kaila Charles",5,2,492,1483,991,29,32,-3,0
"2018-19","10058","Maryland","Sara Vujacic",32,1,492,600,108,0,6,-6,0
"2018-19","10058","Maryland","Blair Watson",22,2,600,645,45,0,0,0,0
"2018-19","10058","Michigan","Akienreh Johnson",14,1,600,856,256,4,11,-7,0
"2018-19","10058","Michigan","Hailey Brown",15,2,600,645,45,0,0,0,0
"2018-19","10058","Maryland","Sara Vujacic",32,2,645,1200,555,21,13,8,0
"2018-19","10058","Michigan","Nicole Munger",10,2,645,1629,984,31,34,-3,0
"2018-19","10058","Michigan","Naz Hillmon",0,2,697,997,300,4,11,-7,0
"2018-19","10058","Michigan","Amy Dilk",1,2,856,2126,1270,35,43,-8,0
"2018-19","10058","Michigan","Hailey Brown",15,3,936,1058,122,4,3,1,0
"2018-19","10058","Michigan","Akienreh Johnson",14,2,997,1200,203,9,8,1,0
"2018-19","10058","Maryland","Stephanie Jones",24,3,1058,1483,425,13,18,-5,0
"2018-19","10058","Maryland","Blair Watson",22,3,1168,2100,932,33,24,9,0
"2018-19","10058","Maryland","Shakira Austin",1,3,1200,1798,598,18,18,0,0
"2018-19","10058","Michigan","Hailey Brown",15,4,1200,1483,283,13,8,5,0
"2018-19","10058","Michigan","Deja Church",20,2,1200,1629,429,18,13,5,0
"2018-19","10058","Maryland","Channise Lewis",3,3,1483,1798,315,10,5,5,0
"2018-19","10058","Maryland","Brianna Fraser",34,2,1483,1706,223,8,5,3,0
"2018-19","10058","Michigan","Naz Hillmon",0,3,1483,1800,317,5,10,-5,0
"2018-19","10058","Michigan","Kayla Robbins",5,2,1629,1800,171,0,5,-5,0
"2018-19","10058","Michigan","Akienreh Johnson",14,3,1629,1800,171,0,5,-5,0
"2018-19","10058","Maryland","Stephanie Jones",24,4,1706,1803,97,2,0,2,0
"2018-19","10058","Michigan","Hailey Brown",15,5,1706,2002,296,6,15,-9,0
"2018-19","10058","Maryland","Kaila Charles",5,3,1798,1803,5,0,0,0,0
"2018-19","10058","Maryland","Brianna Fraser",34,3,1798,1800,2,0,0,0,0
"2018-19","10058","Maryland","Shakira Austin",1,4,1800,1961,161,10,6,4,0
"2018-19","10058","Michigan","Nicole Munger",10,3,1800,2400,600,17,30,-13,0
"2018-19","10058","Michigan","Deja Church",20,3,1800,2400,600,17,30,-13,0
"2018-19","10058","Michigan","Hallie Thome",30,3,1800,2346,546,15,26,-11,0
"2018-19","10058","Maryland","Channise Lewis",3,4,1803,2002,199,13,6,7,0
"2018-19","10058","Maryland","Stephanie Jones",24,5,1812,2400,588,30,17,13,0
"2018-19","10058","Maryland","Kaila Charles",5,4,1961,2252,291,9,4,5,0
"2018-19","10058","Maryland","Shakira Austin",1,5,2002,2346,344,13,9,4,0
"2018-19","10058","Michigan","Naz Hillmon",0,4,2002,2359,357,9,14,-5,0
"2018-19","10058","Maryland","Channise Lewis",3,5,2100,2400,300,15,11,4,0
"2018-19","10058","Michigan","Hailey Brown",15,6,2126,2197,71,2,2,0,0
"2018-19","10058","Michigan","Amy Dilk",1,3,2197,2320,123,2,5,-3,0
"2018-19","10058","Maryland","Blair Watson",22,4,2252,2400,148,11,7,4,0
"2018-19","10058","Michigan","Hailey Brown",15,7,2320,2344,24,3,2,1,0
"2018-19","10058","Michigan","Amy Dilk",1,4,2344,2400,56,2,6,-4,0
"2018-19","10058","Maryland","Kaila Charles",5,5,2346,2400,54,4,2,2,0
"2018-19","10058","Michigan","Kayla Robbins",5,3,2346,2400,54,2,4,-2,0
"2018-19","10058","Michigan","Hallie Thome",30,4,2359,2379,20,2,0,2,0
"2018-19","10058","Michigan","Naz Hillmon",0,5,2379,2400,21,0,3,-3,0
"2018-19","10059","Maryland","Shakira Austin",1,1,0,208,208,4,13,-9,1
"2018-19","10059","Maryland","Kaila Charles",5,1,0,429,429,6,22,-16,1
"2018-19","10059","Maryland","Taylor Mikesell",11,1,0,600,600,15,25,-10,1
"2018-19","10059","Maryland","Blair Watson",22,1,0,321,321,4,15,-11,1
"2018-19","10059","Maryland","Stephanie Jones",24,1,0,393,393,4,20,-16,1
"2018-19","10059","Michigan State","Shay Colley",0,1,0,393,393,20,4,16,1
"2018-19","10059","Michigan State","Taryn McCutcheon",4,1,0,1800,1800,59,47,12,1
"2018-19","10059","Michigan State","Victoria Gaines",15,1,0,393,393,20,4,16,1
"2018-19","10059","Michigan State","Nia Clouden",24,1,0,500,500,22,11,11,1
"2018-19","10059","Michigan State","Jenna Allen",33,1,0,429,429,22,6,16,1
"2018-19","10059","Maryland","Brianna Fraser",34,1,208,1200,992,30,24,6,0
"2018-19","10059","Maryland","Channise Lewis",3,1,321,1200,879,30,22,8,0
"2018-19","10059","Maryland","Shakira Austin",1,2,393,660,267,11,7,4,0
"2018-19","10059","Michigan State","Mardrekia Cook",2,1,393,581,188,5,9,-4,0
"2018-19","10059","Michigan State","Sidney Cooks",10,1,393,581,188,5,9,-4,0
"2018-19","10059","Maryland","Blair Watson",22,2,429,651,222,9,5,4,0
"2018-19","10059","Michigan State","Victoria Gaines",15,2,429,500,71,0,5,-5,0
"2018-19","10059","Michigan State","Shay Colley",0,2,500,660,160,5,4,1,0
"2018-19","10059","Michigan State","Nia Hollie",12,1,500,1200,700,15,23,-8,0
"2018-19","10059","Michigan State","Nia Clouden",24,2,581,1441,860,20,26,-6,0
"2018-19","10059","Michigan State","Jenna Allen",33,2,581,1546,965,28,28,0,0
"2018-19","10059","Maryland","Stephanie Jones",24,2,600,739,139,2,2,0,0
"2018-19","10059","Maryland","Sara Vujacic",32,1,651,869,218,5,0,5,0
"2018-19","10059","Michigan State","Mardrekia Cook",2,2,660,945,285,4,7,-3,0
"2018-19","10059","Maryland","Stephanie Jones",24,3,764,1441,677,22,18,4,0
"2018-19","10059","Michigan State","Sidney Cooks",10,2,764,1200,436,10,17,-7,0
"2018-19","10059","Maryland","Blair Watson",22,3,869,1800,931,27,32,-5,0
"2018-19","10059","Maryland","Sara Vujacic",32,2,1015,1200,185,10,6,4,0
"2018-19","10059","Maryland","Shakira Austin",1,3,1200,1651,451,9,18,-9,0
"2018-19","10059","Maryland","Kaila Charles",5,2,1200,1307,107,3,3,0,0
"2018-19","10059","Maryland","Taylor Mikesell",11,2,1200,1800,600,13,22,-9,0
"2018-19","10059","Michigan State","Shay Colley",0,3,1200,1800,600,22,13,9,0
"2018-19","10059","Michigan State","Victoria Gaines",15,3,1200,1800,600,22,13,9,0
"2018-19","10059","Maryland","Channise Lewis",3,2,1307,1800,493,10,19,-9,0
"2018-19","10059","Maryland","Brianna Fraser",34,2,1441,1800,359,8,14,-6,0
"2018-19","10059","Michigan State","Mardrekia Cook",2,3,1441,1600,159,8,4,4,0
"2018-19","10059","Michigan State","Sidney Cooks",10,3,1546,1800,254,6,6,0,0
"2018-19","10059","Michigan State","Nia Clouden",24,3,1600,1800,200,6,4,2,0
"2018-19","10059","Maryland","Stephanie Jones",24,4,1651,1800,149,4,4,0,0
"2018-19","10060","Maryland","Shakira Austin",1,1,0,377,377,9,5,4,1
"2018-19","10060","Maryland","Kaila Charles",5,1,0,600,600,21,8,13,1
"2018-19","10060","Maryland","Taylor Mikesell",11,1,0,377,377,9,5,4,1
"2018-19","10060","Maryland","Blair Watson",22,1,0,189,189,5,1,4,1
"2018-19","10060","Maryland","Stephanie Jones",24,1,0,377,377,9,5,4,1
"2018-19","10060","Penn State","Alisia Smith",1,1,0,211,211,1,5,-4,1
"2018-19","10060","Penn State","Amari Carter",2,1,0,551,551,7,19,-12,1
"2018-19","10060","Penn State","Karisma Ortiz",3,1,0,189,189,1,5,-4,1
"2018-19","10060","Penn State","Siyeh Frazier",4,1,0,107,107,0,2,-2,1
"2018-19","10060","Penn State","Kamaria McDaniel",5,1,0,228,228,1,7,-6,1
"2018-19","10060","Penn State","J. Travascio-Green",31,1,107,377,270,5,7,-2,0
"2018-19","10060","Maryland","Channise Lewis",3,1,189,1200,1011,30,34,-4,0
"2018-19","10060","Penn State","Siyeh Frazier",4,2,189,377,188,4,4,0,0
"2018-19","10060","Penn State","Lauren Ebo",33,1,211,493,282,6,6,0,0
"2018-19","10060","Penn State","Alisia Smith",1,2,228,389,161,4,2,2,0
"2018-19","10060","Maryland","Blair Watson",22,2,377,806,429,15,12,3,0
"2018-19","10060","Maryland","Sara Vujacic",32,1,377,437,60,2,0,2,0
"2018-19","10060","Maryland","Brianna Fraser",34,1,377,516,139,5,2,3,0
"2018-19","10060","Penn State","Karisma Ortiz",3,2,377,516,139,2,5,-3,0
"2018-19","10060","Penn State","Kamaria McDaniel",5,2,377,600,223,3,12,-9,0
"2018-19","10060","Penn State","Teniya Page",11,1,389,2400,2011,62,70,-8,0
"2018-19","10060","Maryland","Taylor Mikesell",11,2,437,551,114,8,2,6,0
"2018-19","10060","Penn State","Alisia Smith",1,3,493,600,107,1,10,-9,0
"2018-19","10060","Maryland","Shakira Austin",1,2,516,1401,885,25,37,-12,0
"2018-19","10060","Penn State","J. Travascio-Green",31,2,516,600,84,1,7,-6,0
"2018-19","10060","Maryland","Sara Vujacic",32,2,551,600,49,2,1,1,0
"2018-19","10060","Penn State","Siyeh Frazier",4,3,551,787,236,8,5,3,0
"2018-19","10060","Maryland","Stephanie Jones",24,2,600,1019,419,8,21,-13,0
"2018-19","10060","Penn State","Amari Carter",2,2,600,1969,1369,48,40,8,0
"2018-19","10060","Penn State","Lauren Ebo",33,2,600,880,280,13,6,7,0
"2018-19","10060","Penn State","Alisia Smith",1,4,647,1501,854,37,23,14,0
"2018-19","10060","Penn State","Kamaria McDaniel",5,3,787,1002,215,14,5,9,0
"2018-19","10060","Maryland","Kaila Charles",5,2,806,835,29,0,2,-2,0
"2018-19","10060","Maryland","Sara Vujacic",32,3,835,912,77,3,5,-2,0
"2018-19","10060","Penn State","J. Travascio-Green",31,3,880,1200,320,14,8,6,0
"2018-19","10060","Maryland","Kaila Charles",5,3,912,2400,1488,52,43,9,0
"2018-19","10060","Penn State","Siyeh Frazier",4,4,1002,1355,353,12,10,2,0
"2018-19","10060","Maryland","Brianna Fraser",34,2,1019,1200,181,6,6,0,0
"2018-19","10060","Maryland","Taylor Mikesell",11,3,1200,2400,1200,44,32,12,0
"2018-19","10060","Maryland","Blair Watson",22,3,1200,1355,155,4,6,-2,0
"2018-19","10060","Maryland","Stephanie Jones",24,3,1200,1760,560,20,16,4,0
"2018-19","10060","Penn State","Kamaria McDaniel",5,4,1200,1249,49,0,4,-4,0
"2018-19","10060","Penn State","Lauren Ebo",33,3,1249,1676,427,16,12,4,0
"2018-19","10060","Maryland","Channise Lewis",3,2,1355,1523,168,5,7,-2,0
"2018-19","10060","Penn State","Kamaria McDaniel",5,5,1355,1603,248,7,9,-2,0
"2018-19","10060","Maryland","Brianna Fraser",34,3,1401,2400,999,40,23,17,0
"2018-19","10060","Penn State","J. Travascio-Green",31,4,1501,1550,49,1,2,-1,0
"2018-19","10060","Maryland","Blair Watson",22,4,1523,2400,877,35,19,16,0
"2018-19","10060","Penn State","Alisia Smith",1,5,1550,1800,250,3,11,-8,0
"2018-19","10060","Penn State","Siyeh Frazier",4,5,1603,1969,366,8,13,-5,0
"2018-19","10060","Penn State","J. Travascio-Green",31,5,1676,1800,124,0,6,-6,0
"2018-19","10060","Maryland","Shakira Austin",1,3,1760,2400,640,24,16,8,0
"2018-19","10060","Penn State","Karisma Ortiz",3,3,1800,2015,215,5,7,-2,0
"2018-19","10060","Penn State","Lauren Ebo",33,4,1800,2289,489,11,17,-6,0
"2018-19","10060","Penn State","Alisia Smith",1,6,1815,2400,585,13,20,-7,0
"2018-19","10060","Penn State","J. Travascio-Green",31,6,1815,2036,221,2,5,-3,0
"2018-19","10060","Penn State","Amari Carter",2,3,2036,2400,364,11,15,-4,0
"2018-19","10060","Penn State","Siyeh Frazier",4,6,2036,2156,120,4,4,0,0
"2018-19","10060","Penn State","Kamaria McDaniel",5,6,2156,2216,60,0,2,-2,0
"2018-19","10060","Penn State","Siyeh Frazier",4,7,2216,2312,96,4,4,0,0
"2018-19","10060","Penn State","Kamaria McDaniel",5,7,2289,2297,8,0,0,0,0
"2018-19","10060","Penn State","Lauren Ebo",33,5,2297,2400,103,5,5,0,0
"2018-19","10060","Penn State","Kamaria McDaniel",5,8,2312,2345,33,0,3,-3,0
"2018-19","10060","Penn State","J. Travascio-Green",31,7,2345,2400,55,3,2,1,0
"2018-19","10061","Maryland","Shakira Austin",1,1,0,574,574,15,16,-1,1
"2018-19","10061","Maryland","Kaila Charles",5,1,0,251,251,8,6,2,1
"2018-19","10061","Maryland","Taylor Mikesell",11,1,0,814,814,23,20,3,1
"2018-19","10061","Maryland","Blair Watson",22,1,0,467,467,11,14,-3,1
"2018-19","10061","Maryland","Stephanie Jones",24,1,0,147,147,8,3,5,1
"2018-19","10061","Ohio State","Carmen Grande",1,1,0,2271,2271,51,67,-16,1
"2018-19","10061","Ohio State","Janai Crooms",3,1,0,600,600,18,18,0,1
"2018-19","10061","Ohio State","Carly Santoro",10,1,0,434,434,13,11,2,1
"2018-19","10061","Ohio State","Makayla Waterman",24,1,0,284,284,6,8,-2,1
"2018-19","10061","Ohio State","Aaliyah Patty",32,1,0,197,197,3,8,-5,1
"2018-19","10061","Maryland","Brianna Fraser",34,1,147,197,50,0,0,0,0
"2018-19","10061","Maryland","Channise Lewis",3,1,197,328,131,0,6,-6,0
"2018-19","10061","Ohio State","Adreana Miller",15,1,197,600,403,15,10,5,0
"2018-19","10061","Maryland","Stephanie Jones",24,2,251,600,349,10,12,-2,0
"2018-19","10061","Ohio State","Aaliyah Patty",32,2,284,814,530,14,15,-1,0
"2018-19","10061","Maryland","Sara Vujacic",32,1,328,1200,872,24,19,5,0
"2018-19","10061","Ohio State","Jensen Caretti",33,1,434,516,82,1,4,-3,0
"2018-19","10061","Maryland","Kaila Charles",5,2,467,600,133,7,4,3,0
"2018-19","10061","Ohio State","Najah Queenland",23,1,516,600,84,4,3,1,0
"2018-19","10061","Maryland","Brianna Fraser",34,2,574,1200,626,17,12,5,0
"2018-19","10061","Maryland","Shakira Austin",1,2,600,611,11,0,0,0,0
"2018-19","10061","Ohio State","Carly Santoro",10,2,600,1637,1037,26,30,-4,0
"2018-19","10061","Ohio State","Makayla Waterman",24,2,600,791,191,0,5,-5,0
"2018-19","10061","Maryland","Stephanie Jones",24,3,611,1697,1086,33,28,5,0
"2018-19","10061","Maryland","Channise Lewis",3,2,689,1121,432,9,10,-1,0
"2018-19","10061","Ohio State","Janai Crooms",3,2,689,1758,1069,28,32,-4,0
"2018-19","10061","Ohio State","Adreana Miller",15,2,791,911,120,2,0,2,0
"2018-19","10061","Maryland","Sarah Myers",21,1,814,996,182,0,2,-2,0
"2018-19","10061","Ohio State","Makayla Waterman",24,3,814,1104,290,6,7,-1,0
"2018-19","10061","Maryland","Taylor Mikesell",11,2,856,2090,1234,40,29,11,0
"2018-19","10061","Maryland","Shakira Austin",1,3,911,1419,508,15,18,-3,0
"2018-19","10061","Ohio State","Aaliyah Patty",32,3,911,1012,101,2,2,0,0
"2018-19","10061","Ohio State","Adreana Miller",15,3,1012,1137,125,6,7,-1,0
"2018-19","10061","Ohio State","Aaliyah Patty",32,4,1104,1236,132,2,4,-2,0
"2018-19","10061","Maryland","Kaila Charles",5,3,1121,1592,471,17,14,3,0
"2018-19","10061","Ohio State","Najah Queenland",23,2,1137,1200,63,0,0,0,0
"2018-19","10061","Maryland","Blair Watson",22,2,1200,1697,497,19,18,1,0
"2018-19","10061","Ohio State","Makayla Waterman",24,4,1200,1921,721,18,27,-9,0
"2018-19","10061","Ohio State","Adreana Miller",15,4,1236,1800,564,18,20,-2,0
"2018-19","10061","Maryland","Brianna Fraser",34,3,1419,1800,381,16,8,8,0
"2018-19","10061","Maryland","Sara Vujacic",32,2,1592,2400,808,23,15,8,0
"2018-19","10061","Ohio State","Najah Queenland",23,3,1637,1800,163,2,6,-4,0
"2018-19","10061","Maryland","Shakira Austin",1,4,1697,1961,264,8,0,8,0
"2018-19","10061","Maryland","Channise Lewis",3,3,1697,2400,703,19,11,8,0
"2018-19","10061","Ohio State","Jensen Caretti",33,2,1758,1800,42,0,1,-1,0
"2018-19","10061","Maryland","Stephanie Jones",24,4,1800,2271,471,13,5,8,0
"2018-19","10061","Ohio State","Janai Crooms",3,3,1800,1961,161,0,5,-5,0
"2018-19","10061","Ohio State","Carly Santoro",10,3,1800,2144,344,3,9,-6,0
"2018-19","10061","Ohio State","Aaliyah Patty",32,5,1800,2046,246,3,7,-4,0
"2018-19","10061","Ohio State","Adreana Miller",15,5,1921,2331,410,9,9,0,0
"2018-19","10061","Ohio State","Jensen Caretti",33,3,1961,2400,439,11,11,0,0
"2018-19","10061","Ohio State","Makayla Waterman",24,5,2046,2168,122,0,2,-2,0
"2018-19","10061","Maryland","Taylor Mikesell",11,3,2144,2271,127,4,2,2,0
"2018-19","10061","Ohio State","Najah Queenland",23,4,2144,2400,256,8,7,1,0
"2018-19","10061","Ohio State","Aaliyah Patty",32,6,2168,2400,232,8,7,1,0
"2018-19","10061","Maryland","Shakira Austin",1,5,2186,2400,214,7,6,1,0
"2018-19","10061","Maryland","Olivia Owens",35,1,2271,2400,129,3,6,-3,0
"2018-19","10061","Ohio State","Janai Crooms",3,4,2271,2400,129,6,3,3,0
"2018-19","10061","Maryland","Sarah Myers",21,2,2324,2400,76,3,2,1,0
"2018-19","10061","Ohio State","Carly Santoro",10,4,2331,2400,69,2,2,0,0
"2018-19","10062","Indiana","Bendu Yeaney",1,1,0,527,527,20,16,4,1
"2018-19","10062","Indiana","Kym Royster",11,1,0,230,230,8,4,4,1
"2018-19","10062","Indiana","Jaelynn Penn",13,1,0,213,213,8,4,4,1
"2018-19","10062","Indiana","Ali Patberg",14,1,0,369,369,16,10,6,1
"2018-19","10062","Indiana","Brenna Wise",50,1,0,902,902,25,27,-2,1
"2018-19","10062","Maryland","Shakira Austin",1,1,0,213,213,4,8,-4,1
"2018-19","10062","Maryland","Kaila Charles",5,1,0,876,876,27,25,2,1
"2018-19","10062","Maryland","Taylor Mikesell",11,1,0,1563,1563,46,29,17,1
"2018-19","10062","Maryland","Blair Watson",22,1,0,527,527,16,20,-4,1
"2018-19","10062","Maryland","Stephanie Jones",24,1,0,369,369,10,16,-6,1
"2018-19","10062","Indiana","Grace Berger",34,1,213,527,314,12,12,0,0
"2018-19","10062","Maryland","Brianna Fraser",34,1,213,600,387,16,12,4,0
"2018-19","10062","Indiana","Aleksa Gulbe",10,1,230,527,297,12,12,0,0
"2018-19","10062","Indiana","Jaelynn Penn",13,2,369,876,507,9,17,-8,0
"2018-19","10062","Maryland","Channise Lewis",3,1,369,1200,831,30,9,21,0
"2018-19","10062","Indiana","Keyanna Warthen",2,1,527,600,73,0,4,-4,0
"2018-19","10062","Indiana","Kym Royster",11,2,527,744,217,2,10,-8,0
"2018-19","10062","Indiana","Ali Patberg",14,2,527,988,461,5,13,-8,0
"2018-19","10062","Maryland","Sara Vujacic",32,1,527,988,461,13,5,8,0
"2018-19","10062","Indiana","Bendu Yeaney",1,2,600,902,302,5,7,-2,0
"2018-19","10062","Maryland","Stephanie Jones",24,2,600,744,144,6,2,4,0
"2018-19","10062","Indiana","Aleksa Gulbe",10,2,744,876,132,3,1,2,0
"2018-19","10062","Maryland","Brianna Fraser",34,2,744,786,42,0,3,-3,0
"2018-19","10062","Indiana","Kym Royster",11,3,876,1106,230,0,8,-8,0
"2018-19","10062","Indiana","Grace Berger",34,2,876,1082,206,0,6,-6,0
"2018-19","10062","Maryland","Stephanie Jones",24,3,876,1563,687,19,4,15,0
"2018-19","10062","Indiana","Aleksa Gulbe",10,3,902,1009,107,0,2,-2,0
"2018-19","10062","Indiana","Jaelynn Penn",13,3,902,2195,1293,24,45,-21,0
"2018-19","10062","Indiana","Bendu Yeaney",1,3,988,1563,575,4,17,-13,0
"2018-19","10062","Maryland","Kaila Charles",5,2,988,2284,1296,45,27,18,0
"2018-19","10062","Indiana","Brenna Wise",50,2,1009,1437,428,2,13,-11,0
"2018-19","10062","Indiana","Ali Patberg",14,3,1082,1675,593,6,15,-9,0
"2018-19","10062","Indiana","Aleksa Gulbe",10,4,1106,1200,94,0,5,-5,0
"2018-19","10062","Indiana","Kym Royster",11,4,1200,1341,141,2,0,2,0
"2018-19","10062","Maryland","Shakira Austin",1,2,1200,1396,196,0,2,-2,0
"2018-19","10062","Maryland","Blair Watson",22,2,1200,1252,52,0,0,0,0
"2018-19","10062","Maryland","Channise Lewis",3,2,1252,1747,495,9,8,1,0
"2018-19","10062","Indiana","Aleksa Gulbe",10,5,1341,1563,222,2,6,-4,0
"2018-19","10062","Maryland","Brianna Fraser",34,3,1396,2400,1004,36,29,7,0
"2018-19","10062","Indiana","Kym Royster",11,5,1437,1675,238,4,6,-2,0
"2018-19","10062","Indiana","Grace Berger",34,3,1563,1800,237,6,6,0,0
"2018-19","10062","Indiana","Brenna Wise",50,3,1563,2008,445,13,18,-5,0
"2018-19","10062","Maryland","Shakira Austin",1,3,1563,1639,76,0,2,-2,0
"2018-19","10062","Maryland","Sara Vujacic",32,2,1563,2400,837,30,27,3,0
"2018-19","10062","Maryland","Stephanie Jones",24,4,1639,2065,426,21,13,8,0
"2018-19","10062","Indiana","Bendu Yeaney",1,4,1675,2195,520,18,24,-6,0
"2018-19","10062","Indiana","Aleksa Gulbe",10,6,1675,2400,725,25,28,-3,0
"2018-19","10062","Maryland","Taylor Mikesell",11,2,1747,2400,653,27,23,4,0
"2018-19","10062","Indiana","Kym Royster",11,6,1800,2195,395,14,20,-6,0
"2018-19","10062","Indiana","Keyanna Warthen",2,2,1896,2400,504,17,18,-1,0
"2018-19","10062","Maryland","Channise Lewis",3,3,2065,2249,184,5,8,-3,0
"2018-19","10062","Indiana","Linsey Marchese",12,1,2195,2400,205,7,4,3,0
"2018-19","10062","Indiana","Grace Berger",34,4,2195,2400,205,7,4,3,0
"2018-19","10062","Maryland","Sarah Myers",21,1,2249,2400,151,4,4,0,0
"2018-19","10063","Maryland","Shakira Austin",1,1,0,2400,2400,75,57,18,1
"2018-19","10063","Maryland","Kaila Charles",5,1,0,2400,2400,75,57,18,1
"2018-19","10063","Maryland","Taylor Mikesell",11,1,0,600,600,19,18,1,1
"2018-19","10063","Maryland","Blair Watson",22,1,0,600,600,19,18,1,1
"2018-19","10063","Maryland","Stephanie Jones",24,1,0,1800,1800,52,41,11,1
"2018-19","10063","Wisconsin","Kelly Karlis",2,1,0,2400,2400,57,75,-18,1
"2018-19","10063","Wisconsin","Kendra Van Leeuwen",10,1,0,1800,1800,41,52,-11,1
"2018-19","10063","Wisconsin","Marsha Howard",11,1,0,2400,2400,57,75,-18,1
"2018-19","10063","Wisconsin","Niya Beverley",22,1,0,600,600,18,19,-1,1
"2018-19","10063","Wisconsin","Imani Lewis",34,1,0,2400,2400,57,75,-18,1
"2018-19","10063","Maryland","Channise Lewis",3,1,600,1200,600,16,9,7,0
"2018-19","10063","Maryland","Brianna Fraser",34,1,600,2400,1800,56,39,17,0
"2018-19","10063","Wisconsin","Abby Laszewski",14,1,600,1200,600,9,16,-7,0
"2018-19","10063","Maryland","Blair Watson",22,2,1200,2400,1200,40,30,10,0
"2018-19","10063","Wisconsin","Niya Beverley",22,2,1200,2400,1200,30,40,-10,0
"2018-19","10063","Maryland","Channise Lewis",3,2,1800,2400,600,23,16,7,0
"2018-19","10063","Wisconsin","Suzanne Gilreath",3,1,1800,2400,600,16,23,-7,0
"2018-19","10064","Illinois","Brandi Beasley",1,1,0,354,354,12,15,-3,1
"2018-19","10064","Illinois","Cierra Rice",5,1,0,420,420,12,18,-6,1
"2018-19","10064","Illinois","Courtney Joens",30,1,0,259,259,12,13,-1,1
"2018-19","10064","Illinois","Alex Wittinger",35,1,0,372,372,12,16,-4,1
"2018-19","10064","Illinois","Ali Andrews",50,1,0,354,354,12,15,-3,1
"2018-19","10064","Maryland","Shakira Austin",1,1,0,259,259,13,12,1,1
"2018-19","10064","Maryland","Kaila Charles",5,1,0,167,167,6,8,-2,1
"2018-19","10064","Maryland","Taylor Mikesell",11,1,0,1018,1018,46,24,22,1
"2018-19","10064","Maryland","Blair Watson",22,1,0,259,259,13,12,1,1
"2018-19","10064","Maryland","Stephanie Jones",24,1,0,259,259,13,12,1,1
"2018-19","10064","Maryland","Channise Lewis",3,1,167,354,187,9,4,5,0
"2018-19","10064","Illinois","J-Naya Ephraim",0,1,259,570,311,2,10,-8,0
"2018-19","10064","Maryland","Kaila Charles",5,2,259,354,95,2,0,2,0
"2018-19","10064","Maryland","Sara Vujacic",32,1,259,501,242,7,2,5,0
"2018-19","10064","Maryland","Brianna Fraser",34,1,259,420,161,5,0,5,0
"2018-19","10064","Illinois","Jaelyne Kirkpatrick",23,1,354,570,216,2,8,-6,0
"2018-19","10064","Illinois","Sarah Shewan",31,1,354,490,136,0,5,-5,0
"2018-19","10064","Maryland","Shakira Austin",1,2,354,501,147,5,2,3,0
"2018-19","10064","Maryland","Blair Watson",22,2,354,932,578,28,10,18,0
"2018-19","10064","Illinois","Mackenzie Blazek",4,1,372,600,228,2,10,-8,0
"2018-19","10064","Illinois","Brandi Beasley",1,2,420,1423,1003,34,39,-5,0
"2018-19","10064","Maryland","Stephanie Jones",24,2,420,709,289,15,2,13,0
"2018-19","10064","Illinois","Ali Andrews",50,2,490,743,253,3,15,-12,0
"2018-19","10064","Maryland","Kaila Charles",5,3,501,1018,517,26,10,16,0
"2018-19","10064","Maryland","Brianna Fraser",34,2,501,1018,517,26,10,16,0
"2018-19","10064","Illinois","Cierra Rice",5,2,570,932,362,8,20,-12,0
"2018-19","10064","Illinois","Courtney Joens",30,2,570,743,173,1,12,-11,0
"2018-19","10064","Illinois","Alex Wittinger",35,2,600,1151,551,17,22,-5,0
"2018-19","10064","Maryland","Sara Vujacic",32,2,709,932,223,10,8,2,0
"2018-19","10064","Illinois","J-Naya Ephraim",0,2,743,1155,412,16,13,3,0
"2018-19","10064","Illinois","Sarah Shewan",31,2,743,932,189,7,8,-1,0
"2018-19","10064","Illinois","Lyric Robins",2,1,932,1200,268,15,5,10,0
"2018-19","10064","Illinois","Ali Andrews",50,3,932,949,17,0,1,-1,0
"2018-19","10064","Maryland","Channise Lewis",3,2,932,1200,268,5,15,-10,0
"2018-19","10064","Maryland","Stephanie Jones",24,3,932,1423,491,14,24,-10,0
"2018-19","10064","Illinois","Mackenzie Blazek",4,2,949,1200,251,15,4,11,0
"2018-19","10064","Maryland","Shakira Austin",1,3,1018,1423,405,11,22,-11,0
"2018-19","10064","Maryland","Blair Watson",22,3,1018,1113,95,0,4,-4,0
"2018-19","10064","Maryland","Sara Vujacic",32,3,1018,1200,182,2,13,-11,0
"2018-19","10064","Maryland","Taylor Mikesell",11,2,1113,1767,654,15,24,-9,0
"2018-19","10064","Illinois","Sarah Shewan",31,3,1151,1800,649,23,13,10,0
"2018-19","10064","Illinois","Cierra Rice",5,3,1155,1638,483,16,13,3,0
"2018-19","10064","Illinois","Courtney Joens",30,3,1200,1321,121,5,6,-1,0
"2018-19","10064","Illinois","Alex Wittinger",35,3,1200,1871,671,17,16,1,0
"2018-19","10064","Maryland","Kaila Charles",5,4,1200,1502,302,11,10,1,0
"2018-19","10064","Maryland","Blair Watson",22,4,1200,1423,223,9,9,0,0
"2018-19","10064","Illinois","J-Naya Ephraim",0,3,1321,2400,1079,24,26,-2,0
"2018-19","10064","Illinois","Jaelyne Kirkpatrick",23,2,1423,2400,977,20,23,-3,0
"2018-19","10064","Maryland","Channise Lewis",3,3,1423,2400,977,23,20,3,0
"2018-19","10064","Maryland","Sara Vujacic",32,4,1423,1638,215,4,1,3,0
"2018-19","10064","Maryland","Brianna Fraser",34,3,1423,1639,216,4,1,3,0
"2018-19","10064","Maryland","Shakira Austin",1,4,1502,1639,137,2,0,2,0
"2018-19","10064","Illinois","Brandi Beasley",1,3,1638,2400,762,19,19,0,0
"2018-19","10064","Illinois","Mackenzie Blazek",4,3,1638,2400,762,19,19,0,0
"2018-19","10064","Maryland","Blair Watson",22,5,1638,2400,762,19,19,0,0
"2018-19","10064","Maryland","Kaila Charles",5,5,1639,2400,761,19,19,0,0
"2018-19","10064","Maryland","Stephanie Jones",24,4,1639,1799,160,0,7,-7,0
"2018-19","10064","Maryland","Shakira Austin",1,5,1767,2333,566,17,14,3,0
"2018-19","10064","Maryland","Brianna Fraser",34,4,1799,2400,601,19,12,7,0
"2018-19","10064","Illinois","Sarah Shewan",31,4,1871,2011,140,4,8,-4,0
"2018-19","10064","Illinois","Alex Wittinger",35,4,2011,2400,389,8,8,0,0
"2018-19","10064","Illinois","Lyric Robins",2,2,2178,2400,222,4,6,-2,0
"2018-19","10064","Illinois","Sarah Shewan",31,5,2245,2400,155,2,5,-3,0
"2018-19","10065","Maryland","Shakira Austin",1,1,0,97,97,2,1,1,1
"2018-19","10065","Maryland","Kaila Charles",5,1,0,254,254,5,2,3,1
"2018-19","10065","Maryland","Taylor Mikesell",11,1,0,600,600,22,8,14,1
"2018-19","10065","Maryland","Blair Watson",22,1,0,223,223,5,1,4,1
"2018-19","10065","Maryland","Stephanie Jones",24,1,0,600,600,22,8,14,1
"2018-19","10065","Northwestern","Lindsey Pulliam",10,1,0,2269,2269,52,68,-16,1
"2018-19","10065","Northwestern","Veronica Burton",12,1,0,308,308,3,10,-7,1
"2018-19","10065","Northwestern","Pallas Kunaiyi-Akpan",14,1,0,407,407,3,15,-12,1
"2018-19","10065","Northwestern","Jordan Hamilton",24,1,0,407,407,3,15,-12,1
"2018-19","10065","Northwestern","Abi Scheid",44,1,0,904,904,14,33,-19,1
"2018-19","10065","Maryland","Brianna Fraser",34,1,97,254,157,3,1,2,0
"2018-19","10065","Maryland","Sara Vujacic",32,1,223,308,85,5,2,3,0
"2018-19","10065","Maryland","Channise Lewis",3,1,254,600,346,17,6,11,0
"2018-19","10065","Maryland","Blair Watson",22,2,254,1152,898,36,18,18,0
"2018-19","10065","Maryland","Shakira Austin",1,2,308,600,292,12,5,7,0
"2018-19","10065","Northwestern","Sydney Wood",3,1,308,600,292,5,12,-7,0
"2018-19","10065","Northwestern","Veronica Burton",12,2,407,1629,1222,30,40,-10,0
"2018-19","10065","Northwestern","Abbie Wolf",21,1,407,600,193,5,7,-2,0
"2018-19","10065","Maryland","Kaila Charles",5,2,600,705,105,2,2,0,0
"2018-19","10065","Maryland","Sara Vujacic",32,2,600,1200,600,19,12,7,0
"2018-19","10065","Maryland","Brianna Fraser",34,2,600,847,247,9,4,5,0
"2018-19","10065","Northwestern","Pallas Kunaiyi-Akpan",14,2,600,1707,1107,27,35,-8,0
"2018-19","10065","Northwestern","Jordan Hamilton",24,2,600,1039,439,8,16,-8,0
"2018-19","10065","Maryland","Stephanie Jones",24,2,705,904,199,9,4,5,0
"2018-19","10065","Maryland","Shakira Austin",1,3,847,1459,612,20,16,4,0
"2018-19","10065","Maryland","Taylor Mikesell",11,2,847,1425,578,18,13,5,0
"2018-19","10065","Maryland","Brianna Fraser",34,3,904,1039,135,5,2,3,0
"2018-19","10065","Northwestern","Abbie Wolf",21,2,904,1039,135,2,5,-3,0
"2018-19","10065","Maryland","Stephanie Jones",24,3,1039,1800,761,19,22,-3,0
"2018-19","10065","Northwestern","Sydney Wood",3,2,1039,1200,161,4,3,1,0
"2018-19","10065","Northwestern","Abi Scheid",44,2,1039,2288,1249,36,30,6,0
"2018-19","10065","Maryland","Channise Lewis",3,2,1152,1200,48,0,0,0,0
"2018-19","10065","Maryland","Kaila Charles",5,3,1200,1510,310,12,8,4,0
"2018-19","10065","Maryland","Blair Watson",22,3,1200,1718,518,16,15,1,0
"2018-19","10065","Northwestern","Jordan Hamilton",24,3,1200,1510,310,8,12,-4,0
"2018-19","10065","Maryland","Channise Lewis",3,3,1425,1800,375,8,13,-5,0
"2018-19","10065","Maryland","Brianna Fraser",34,4,1459,1538,79,2,0,2,0
"2018-19","10065","Maryland","Sara Vujacic",32,3,1510,1629,119,2,5,-3,0
"2018-19","10065","Northwestern","Sydney Wood",3,3,1510,1800,290,10,4,6,0
"2018-19","10065","Maryland","Shakira Austin",1,4,1538,1824,286,4,10,-6,0
"2018-19","10065","Maryland","Taylor Mikesell",11,3,1629,2288,659,13,19,-6,0
"2018-19","10065","Northwestern","Jordan Hamilton",24,4,1629,1824,195,5,2,3,0
"2018-19","10065","Northwestern","Abbie Wolf",21,3,1707,2400,693,22,15,7,0
"2018-19","10065","Maryland","Sarah Myers",21,1,1718,1800,82,0,3,-3,0
"2018-19","10065","Maryland","Kaila Charles",5,4,1800,2293,493,11,17,-6,0
"2018-19","10065","Maryland","Blair Watson",22,4,1800,2313,513,11,17,-6,0
"2018-19","10065","Maryland","Brianna Fraser",34,5,1800,2400,600,15,19,-4,0
"2018-19","10065","Northwestern","Veronica Burton",12,3,1800,2120,320,10,9,1,0
"2018-19","10065","Maryland","Sara Vujacic",32,4,1824,1947,123,2,4,-2,0
"2018-19","10065","Maryland","Channise Lewis",3,4,1947,2400,453,13,15,-2,0
"2018-19","10065","Northwestern","Jordan Hamilton",24,5,2120,2224,104,2,0,2,0
"2018-19","10065","Northwestern","Veronica Burton",12,4,2224,2400,176,7,6,1,0
"2018-19","10065","Northwestern","Amber Jamison",32,1,2269,2400,131,5,4,1,0
"2018-19","10065","Maryland","Sarah Myers",21,2,2288,2400,112,4,5,-1,0
"2018-19","10065","Maryland","Olivia Owens",35,1,2288,2400,112,4,5,-1,0
"2018-19","10065","Northwestern","Bryana Hopkins",4,1,2288,2400,112,5,4,1,0
"2018-19","10065","Northwestern","Byrdy Galernik",22,1,2288,2400,112,5,4,1,0
"2018-19","10065","Maryland","Shakira Austin",1,5,2293,2313,20,0,0,0,0
"2018-19","10065","Maryland","Sara Vujacic",32,5,2313,2400,87,4,2,2,0
"2018-19","10066","Maryland","Shakira Austin",1,1,0,187,187,7,2,5,1
"2018-19","10066","Maryland","Kaila Charles",5,1,0,600,600,18,4,14,1
"2018-19","10066","Maryland","Taylor Mikesell",11,1,0,399,399,10,2,8,1
"2018-19","10066","Maryland","Blair Watson",22,1,0,540,540,18,2,16,1
"2018-19","10066","Maryland","Stephanie Jones",24,1,0,540,540,18,2,16,1
"2018-19","10066","Rutgers","Charise Wilson",3,1,0,667,667,8,20,-12,1
"2018-19","10066","Rutgers","Sierra Calhoun",4,1,0,399,399,2,10,-8,1
"2018-19","10066","Rutgers","Ciani Cryor",5,1,0,399,399,2,10,-8,1
"2018-19","10066","Rutgers","Stasha Carey",35,1,0,540,540,2,18,-16,1
"2018-19","10066","Rutgers","Victoria Harris",40,1,0,331,331,2,7,-5,1
"2018-19","10066","Maryland","Brianna Fraser",34,1,187,336,149,0,0,0,0
"2018-19","10066","Rutgers","Tekia Mack",31,1,331,1200,869,19,27,-8,0
"2018-19","10066","Maryland","Channise Lewis",3,1,336,465,129,5,0,5,0
"2018-19","10066","Maryland","Sara Vujacic",32,1,399,600,201,8,2,6,0
"2018-19","10066","Rutgers","Zipporah Broughton",1,1,399,1200,801,19,24,-5,0
"2018-19","10066","Rutgers","Arella Guirantes",24,1,399,600,201,2,8,-6,0
"2018-19","10066","Maryland","Taylor Mikesell",11,2,465,667,202,8,6,2,0
"2018-19","10066","Maryland","Channise Lewis",3,2,540,1200,660,16,19,-3,0
"2018-19","10066","Maryland","Brianna Fraser",34,2,540,1200,660,16,19,-3,0
"2018-19","10066","Rutgers","Mael Gilles",13,1,540,1200,660,19,16,3,0
"2018-19","10066","Maryland","Stephanie Jones",24,2,600,716,116,2,4,-2,0
"2018-19","10066","Rutgers","Stasha Carey",35,2,600,2400,1800,44,44,0,0
"2018-19","10066","Maryland","Kaila Charles",5,2,667,791,124,0,4,-4,0
"2018-19","10066","Maryland","Sara Vujacic",32,2,778,828,50,3,4,-1,0
"2018-19","10066","Maryland","Taylor Mikesell",11,3,791,1130,339,12,9,3,0
"2018-19","10066","Maryland","Stephanie Jones",24,3,791,1723,932,31,18,13,0
"2018-19","10066","Maryland","Kaila Charles",5,3,828,1723,895,28,16,12,0
"2018-19","10066","Rutgers","Noga Peleg Pelc",2,1,965,1200,235,2,3,-1,0
"2018-19","10066","Rutgers","Charise Wilson",3,2,965,1130,165,2,1,1,0
"2018-19","10066","Rutgers","Jordan Wallace",44,1,1062,1200,138,2,2,0,0
"2018-19","10066","Maryland","Sara Vujacic",32,3,1130,1200,70,2,0,2,0
"2018-19","10066","Rutgers","Ciani Cryor",5,2,1130,1262,132,0,4,-4,0
"2018-19","10066","Rutgers","Arella Guirantes",24,2,1130,1800,670,13,21,-8,0
"2018-19","10066","Maryland","Shakira Austin",1,2,1200,1391,191,4,3,1,0
"2018-19","10066","Maryland","Taylor Mikesell",11,4,1200,1391,191,4,3,1,0
"2018-19","10066","Maryland","Blair Watson",22,2,1200,2275,1075,26,22,4,0
"2018-19","10066","Rutgers","Charise Wilson",3,3,1200,1666,466,7,13,-6,0
"2018-19","10066","Rutgers","Tekia Mack",31,2,1200,1412,212,3,4,-1,0
"2018-19","10066","Rutgers","Victoria Harris",40,2,1200,1884,684,13,22,-9,0
"2018-19","10066","Rutgers","Noga Peleg Pelc",2,2,1262,1512,250,5,7,-2,0
"2018-19","10066","Maryland","Channise Lewis",3,3,1391,1800,409,15,10,5,0
"2018-19","10066","Maryland","Brianna Fraser",34,3,1391,2275,884,22,19,3,0
"2018-19","10066","Rutgers","Zipporah Broughton",1,2,1512,1639,127,0,2,-2,0
"2018-19","10066","Rutgers","Ciani Cryor",5,3,1639,1723,84,4,6,-2,0
"2018-19","10066","Rutgers","Zipporah Broughton",1,3,1666,2319,653,18,13,5,0
"2018-19","10066","Maryland","Shakira Austin",1,3,1723,2024,301,5,6,-1,0
"2018-19","10066","Maryland","Sara Vujacic",32,4,1723,2400,677,11,18,-7,0
"2018-19","10066","Maryland","Taylor Mikesell",11,5,1800,2061,261,3,2,1,0
"2018-19","10066","Rutgers","Charise Wilson",3,4,1800,2275,475,9,7,2,0
"2018-19","10066","Rutgers","Sierra Calhoun",4,2,1800,1922,122,0,3,-3,0
"2018-19","10066","Rutgers","Mael Gilles",13,2,1884,2024,140,2,0,2,0
"2018-19","10066","Rutgers","Arella Guirantes",24,3,1922,2275,353,9,4,5,0
"2018-19","10066","Rutgers","Noga Peleg Pelc",2,3,2024,2175,151,3,2,1,0
"2018-19","10066","Maryland","Channise Lewis",3,4,2061,2400,339,6,12,-6,0
"2018-19","10066","Maryland","Shakira Austin",1,4,2275,2319,44,0,3,-3,0
"2018-19","10066","Maryland","Sarah Myers",21,1,2275,2289,14,0,1,-1,0
"2018-19","10066","Rutgers","Mael Gilles",13,3,2275,2400,125,5,2,3,0
"2018-19","10066","Rutgers","Tekia Mack",31,3,2275,2400,125,5,2,3,0
"2018-19","10066","Maryland","Taylor Mikesell",11,6,2289,2400,111,2,4,-2,0
"2018-19","10066","Maryland","Blair Watson",22,3,2319,2400,81,2,2,0,0
"2018-19","10066","Rutgers","Noga Peleg Pelc",2,4,2319,2400,81,2,2,0,0
"2018-19","10066","Rutgers","Zipporah Broughton",1,4,2343,2400,57,2,2,0,0
"2018-19","10067","Maryland","Shakira Austin",1,1,0,227,227,12,4,8,1
"2018-19","10067","Maryland","Kaila Charles",5,1,0,482,482,17,9,8,1
"2018-19","10067","Maryland","Taylor Mikesell",11,1,0,837,837,29,21,8,1
"2018-19","10067","Maryland","Blair Watson",22,1,0,923,923,29,26,3,1
"2018-19","10067","Maryland","Stephanie Jones",24,1,0,305,305,12,4,8,1
"2018-19","10067","Nebraska","Hannah Whitish",3,1,0,222,222,3,12,-9,1
"2018-19","10067","Nebraska","Nicea Eliely",5,1,0,341,341,4,14,-10,1
"2018-19","10067","Nebraska","Kate Cain",31,1,0,293,293,4,12,-8,1
"2018-19","10067","Nebraska","Leigha Brown",32,1,0,222,222,3,12,-9,1
"2018-19","10067","Nebraska","Kayla Mershon",44,1,0,293,293,4,12,-8,1
"2018-19","10067","Nebraska","Sam Haiby",4,1,222,424,202,4,5,-1,0
"2018-19","10067","Nebraska","Taylor Kissinger",33,1,222,375,153,1,3,-2,0
"2018-19","10067","Maryland","Brianna Fraser",34,1,227,458,231,5,5,0,0
"2018-19","10067","Nebraska","Ashtyn Veerbeek",13,1,293,544,251,8,10,-2,0
"2018-19","10067","Nebraska","Maddie Simon",24,1,293,544,251,8,10,-2,0
"2018-19","10067","Maryland","Channise Lewis",3,1,305,600,295,10,11,-1,0
"2018-19","10067","Nebraska","Hannah Whitish",3,2,341,1039,698,22,21,1,0
"2018-19","10067","Nebraska","Leigha Brown",32,2,375,837,462,17,14,3,0
"2018-19","10067","Nebraska","Nicea Eliely",5,2,424,837,413,14,12,2,0
"2018-19","10067","Maryland","Stephanie Jones",24,2,458,609,151,5,6,-1,0
"2018-19","10067","Maryland","Shakira Austin",1,2,482,609,127,5,6,-1,0
"2018-19","10067","Nebraska","Grace Mitchell",14,1,544,1200,656,22,19,3,0
"2018-19","10067","Nebraska","Kate Cain",31,2,544,837,293,9,7,2,0
"2018-19","10067","Maryland","Kaila Charles",5,2,600,837,237,7,6,1,0
"2018-19","10067","Maryland","Brianna Fraser",34,2,609,837,228,7,6,1,0
"2018-19","10067","Maryland","Shakira Austin",1,3,837,923,86,0,5,-5,0
"2018-19","10067","Maryland","Stephanie Jones",24,3,837,1081,244,8,7,1,0
"2018-19","10067","Maryland","Sara Vujacic",32,1,837,923,86,0,5,-5,0
"2018-19","10067","Nebraska","Sam Haiby",4,2,837,1081,244,7,8,-1,0
"2018-19","10067","Nebraska","Ashtyn Veerbeek",13,2,837,1021,184,5,6,-1,0
"2018-19","10067","Nebraska","Taylor Kissinger",33,2,837,1142,305,11,10,1,0
"2018-19","10067","Maryland","Kaila Charles",5,3,923,1142,219,10,6,4,0
"2018-19","10067","Maryland","Taylor Mikesell",11,2,923,1800,877,40,19,21,0
"2018-19","10067","Maryland","Brianna Fraser",34,3,923,1200,277,12,8,4,0
"2018-19","10067","Nebraska","Maddie Simon",24,2,923,1081,158,2,8,-6,0
"2018-19","10067","Nebraska","Kate Cain",31,3,1021,1415,394,10,10,0,0
"2018-19","10067","Nebraska","Nicea Eliely",5,3,1039,1415,376,10,10,0,0
"2018-19","10067","Maryland","Shakira Austin",1,4,1081,1386,305,7,8,-1,0
"2018-19","10067","Maryland","Blair Watson",22,2,1081,2057,976,39,23,16,0
"2018-19","10067","Nebraska","Hannah Whitish",3,3,1081,1616,535,17,20,-3,0
"2018-19","10067","Nebraska","Kayla Mershon",44,2,1081,1616,535,17,20,-3,0
"2018-19","10067","Maryland","Channise Lewis",3,2,1142,1200,58,2,2,0,0
"2018-19","10067","Nebraska","Leigha Brown",32,3,1142,1386,244,4,5,-1,0
"2018-19","10067","Maryland","Kaila Charles",5,4,1200,1927,727,32,13,19,0
"2018-19","10067","Maryland","Stephanie Jones",24,4,1200,1235,35,0,0,0,0
"2018-19","10067","Maryland","Brianna Fraser",34,4,1235,2400,1165,48,29,19,0
"2018-19","10067","Maryland","Stephanie Jones",24,5,1386,1616,230,13,9,4,0
"2018-19","10067","Nebraska","Taylor Kissinger",33,3,1386,1616,230,9,13,-4,0
"2018-19","10067","Nebraska","Sam Haiby",4,3,1415,1690,275,9,16,-7,0
"2018-19","10067","Nebraska","Ashtyn Veerbeek",13,3,1415,1447,32,2,4,-2,0
"2018-19","10067","Nebraska","Grace Mitchell",14,2,1447,1616,169,7,8,-1,0
"2018-19","10067","Maryland","Channise Lewis",3,3,1616,2400,784,32,18,14,0
"2018-19","10067","Nebraska","Nicea Eliely",5,4,1616,1800,184,0,12,-12,0
"2018-19","10067","Nebraska","Maddie Simon",24,3,1616,1635,19,0,3,-3,0
"2018-19","10067","Nebraska","Kate Cain",31,4,1616,1800,184,0,12,-12,0
"2018-19","10067","Nebraska","Leigha Brown",32,4,1616,1927,311,2,16,-14,0
"2018-19","10067","Nebraska","Grace Mitchell",14,3,1635,1800,165,0,9,-9,0
"2018-19","10067","Nebraska","Hannah Whitish",3,4,1690,2180,490,8,19,-11,0
"2018-19","10067","Maryland","Stephanie Jones",24,6,1800,2243,443,13,11,2,0
"2018-19","10067","Nebraska","Sam Haiby",4,4,1800,2057,257,6,7,-1,0
"2018-19","10067","Nebraska","Ashtyn Veerbeek",13,4,1800,2180,380,8,11,-3,0
"2018-19","10067","Nebraska","Kayla Mershon",44,3,1800,1927,127,2,4,-2,0
"2018-19","10067","Nebraska","Maddie Simon",24,4,1927,2180,253,6,7,-1,0
"2018-19","10067","Nebraska","Taylor Kissinger",33,4,1927,2102,175,4,3,1,0
"2018-19","10067","Maryland","Kaila Charles",5,5,2057,2400,343,13,12,1,0
"2018-19","10067","Nebraska","Nicea Eliely",5,5,2057,2400,343,12,13,-1,0
"2018-19","10067","Nebraska","Leigha Brown",32,5,2102,2400,298,12,13,-1,0
"2018-19","10067","Maryland","Sara Vujacic",32,2,2180,2400,220,9,10,-1,0
"2018-19","10067","Nebraska","Sam Haiby",4,5,2180,2400,220,10,9,1,0
"2018-19","10067","Nebraska","Grace Mitchell",14,4,2180,2400,220,10,9,1,0
"2018-19","10067","Nebraska","Kate Cain",31,5,2180,2400,220,10,9,1,0
"2018-19","10067","Maryland","Sarah Myers",21,1,2188,2400,212,9,9,0,0
"2018-19","10067","Maryland","Olivia Owens",35,1,2243,2400,157,7,7,0,0
"2018-19","10068","Iowa","Makenzie Meyer",3,1,0,311,311,8,7,1,1
"2018-19","10068","Iowa","Megan Gustafson",10,1,0,391,391,11,9,2,1
"2018-19","10068","Iowa","Tania Davis",11,1,0,398,398,11,9,2,1
"2018-19","10068","Iowa","Hannah Stewart",21,1,0,274,274,6,7,-1,1
"2018-19","10068","Iowa","Kathleen Doyle",22,1,0,575,575,15,14,1,1
"2018-19","10068","Maryland","Shakira Austin",1,1,0,274,274,7,6,1,1
"2018-19","10068","Maryland","Kaila Charles",5,1,0,978,978,24,25,-1,1
"2018-19","10068","Maryland","Taylor Mikesell",11,1,0,328,328,7,11,-4,1
"2018-19","10068","Maryland","Blair Watson",22,1,0,498,498,11,13,-2,1
"2018-19","10068","Maryland","Stephanie Jones",24,1,0,274,274,7,6,1,1
"2018-19","10068","Iowa","Amanda Ollinger",43,1,274,391,117,5,2,3,0
"2018-19","10068","Maryland","Channise Lewis",3,1,274,1028,754,20,19,1,0
"2018-19","10068","Maryland","Brianna Fraser",34,1,274,600,326,7,11,-4,0
"2018-19","10068","Iowa","Alexis Sevillian",5,1,311,460,149,3,2,1,0
"2018-19","10068","Maryland","Stephanie Jones",24,2,328,409,81,2,0,2,0
"2018-19","10068","Iowa","Hannah Stewart",21,2,391,843,452,14,9,5,0
"2018-19","10068","Iowa","Monika Czinano",25,1,391,460,69,0,0,0,0
"2018-19","10068","Iowa","Makenzie Meyer",3,2,398,912,514,14,12,2,0
"2018-19","10068","Maryland","Shakira Austin",1,2,409,662,253,7,6,1,0
"2018-19","10068","Iowa","Megan Gustafson",10,2,460,978,518,14,15,-1,0
"2018-19","10068","Iowa","Tania Davis",11,2,460,843,383,14,9,5,0
"2018-19","10068","Maryland","Taylor Mikesell",11,2,498,600,102,3,4,-1,0
"2018-19","10068","Iowa","Alexis Sevillian",5,2,575,600,25,2,0,2,0
"2018-19","10068","Iowa","Kathleen Doyle",22,2,600,1028,428,8,13,-5,0
"2018-19","10068","Maryland","Blair Watson",22,2,600,747,147,2,0,2,0
"2018-19","10068","Maryland","Stephanie Jones",24,3,600,1674,1074,34,36,-2,0
"2018-19","10068","Maryland","Brianna Fraser",34,2,662,703,41,0,0,0,0
"2018-19","10068","Maryland","Brianna Fraser",34,3,747,755,8,0,2,-2,0
"2018-19","10068","Maryland","Shakira Austin",1,3,755,1219,464,17,15,2,0
"2018-19","10068","Iowa","Alexis Sevillian",5,3,843,1076,233,3,11,-8,0
"2018-19","10068","Iowa","Amanda Ollinger",43,2,843,978,135,0,6,-6,0
"2018-19","10068","Maryland","Sara Vujacic",32,1,843,1200,357,15,8,7,0
"2018-19","10068","Iowa","Tania Davis",11,3,912,1623,711,28,25,3,0
"2018-19","10068","Iowa","Hannah Stewart",21,3,978,1092,114,3,6,-3,0
"2018-19","10068","Iowa","Monika Czinano",25,2,978,1028,50,0,3,-3,0
"2018-19","10068","Iowa","Makenzie Meyer",3,3,1028,1422,394,15,8,7,0
"2018-19","10068","Iowa","Megan Gustafson",10,3,1028,1195,167,8,6,2,0
"2018-19","10068","Maryland","Kaila Charles",5,2,1028,1422,394,8,15,-7,0
"2018-19","10068","Iowa","Kathleen Doyle",22,3,1076,1502,426,19,11,8,0
"2018-19","10068","Iowa","Amanda Ollinger",43,3,1092,1200,108,5,3,2,0
"2018-19","10068","Iowa","Monika Czinano",25,3,1195,1200,5,0,0,0,0
"2018-19","10068","Iowa","Megan Gustafson",10,4,1200,1470,270,12,4,8,0
"2018-19","10068","Iowa","Hannah Stewart",21,4,1200,1343,143,3,2,1,0
"2018-19","10068","Maryland","Taylor Mikesell",11,3,1200,2400,1200,40,53,-13,0
"2018-19","10068","Maryland","Blair Watson",22,3,1200,2400,1200,40,53,-13,0
"2018-19","10068","Maryland","Brianna Fraser",34,4,1219,1623,404,13,19,-6,0
"2018-19","10068","Iowa","Amanda Ollinger",43,4,1343,1470,127,9,2,7,0
"2018-19","10068","Iowa","Alexis Sevillian",5,4,1422,1800,378,18,15,3,0
"2018-19","10068","Maryland","Sara Vujacic",32,2,1422,1623,201,11,13,-2,0
"2018-19","10068","Iowa","Hannah Stewart",21,5,1470,1623,153,8,9,-1,0
"2018-19","10068","Iowa","Monika Czinano",25,4,1470,1502,32,2,3,-1,0
"2018-19","10068","Iowa","Makenzie Meyer",3,4,1502,2400,898,39,33,6,0
"2018-19","10068","Iowa","Megan Gustafson",10,5,1502,2400,898,39,33,6,0
"2018-19","10068","Iowa","Kathleen Doyle",22,4,1623,1674,51,0,2,-2,0
"2018-19","10068","Iowa","Amanda Ollinger",43,5,1623,1745,122,5,2,3,0
"2018-19","10068","Maryland","Shakira Austin",1,4,1623,1800,177,4,5,-1,0
"2018-19","10068","Maryland","Kaila Charles",5,3,1623,1800,177,4,5,-1,0
"2018-19","10068","Iowa","Tania Davis",11,4,1674,2400,726,33,25,8,0
"2018-19","10068","Maryland","Sara Vujacic",32,3,1674,1800,126,2,5,-3,0
"2018-19","10068","Iowa","Hannah Stewart",21,6,1745,2400,655,28,25,3,0
"2018-19","10068","Iowa","Kathleen Doyle",22,5,1800,2166,366,12,16,-4,0
"2018-19","10068","Maryland","Stephanie Jones",24,4,1800,2111,311,13,10,3,0
"2018-19","10068","Maryland","Brianna Fraser",34,5,1800,1827,27,3,0,3,0
"2018-19","10068","Maryland","Shakira Austin",1,5,1827,2111,284,10,10,0,0
"2018-19","10068","Maryland","Channise Lewis",3,2,2111,2400,289,10,18,-8,0
"2018-19","10068","Maryland","Kaila Charles",5,4,2111,2379,268,10,16,-6,0
"2018-19","10068","Maryland","Brianna Fraser",34,6,2111,2149,38,0,0,0,0
"2018-19","10068","Maryland","Stephanie Jones",24,5,2149,2400,251,10,18,-8,0
"2018-19","10068","Iowa","Alexis Sevillian",5,5,2166,2251,85,5,3,2,0
"2018-19","10068","Iowa","Kathleen Doyle",22,6,2251,2400,149,11,4,7,0
"2018-19","10068","Maryland","Shakira Austin",1,6,2379,2400,21,0,2,-2,0
"2018-19","10069","Maryland","Shakira Austin",1,1,0,372,372,7,14,-7,1
"2018-19","10069","Maryland","Kaila Charles",5,1,0,322,322,7,14,-7,1
"2018-19","10069","Maryland","Taylor Mikesell",11,1,0,600,600,15,20,-5,1
"2018-19","10069","Maryland","Blair Watson",22,1,0,377,377,7,15,-8,1
"2018-19","10069","Maryland","Stephanie Jones",24,1,0,322,322,7,14,-7,1
"2018-19","10069","Minnesota","Destiny Pitts",3,1,0,1971,1971,61,54,7,1
"2018-19","10069","Minnesota","Taiye Bello",5,1,0,523,523,20,15,5,1
"2018-19","10069","Minnesota","Jasmine Brunson",21,1,0,966,966,32,28,4,1
"2018-19","10069","Minnesota","Kenisha Bell",23,1,0,2106,2106,65,60,5,1
"2018-19","10069","Minnesota","Irene Garrido Perez",31,1,0,2400,2400,69,71,-2,1
"2018-19","10069","Maryland","Channise Lewis",3,1,322,1800,1478,41,45,-4,0
"2018-19","10069","Maryland","Brianna Fraser",34,1,322,415,93,3,3,0,0
"2018-19","10069","Maryland","Stephanie Jones",24,2,372,741,369,13,13,0,0
"2018-19","10069","Maryland","Sara Vujacic",32,1,377,600,223,8,5,3,0
"2018-19","10069","Maryland","Shakira Austin",1,2,415,600,185,5,3,2,0
"2018-19","10069","Minnesota","Annalese Lamke",41,1,523,1200,677,25,21,4,0
"2018-19","10069","Maryland","Kaila Charles",5,2,600,966,366,13,12,1,0
"2018-19","10069","Maryland","Blair Watson",22,2,600,836,236,7,10,-3,0
"2018-19","10069","Maryland","Shakira Austin",1,3,741,790,49,2,2,0,0
"2018-19","10069","Maryland","Sara Vujacic",32,2,759,1093,334,9,18,-9,0
"2018-19","10069","Maryland","Stephanie Jones",24,3,790,1490,700,16,25,-9,0
"2018-19","10069","Maryland","Taylor Mikesell",11,2,836,2351,1515,45,39,6,0
"2018-19","10069","Maryland","Shakira Austin",1,4,966,2374,1408,39,37,2,0
"2018-19","10069","Maryland","Sarah Myers",21,1,1093,1200,107,5,0,5,0
"2018-19","10069","Maryland","Kaila Charles",5,3,1200,2400,1200,35,24,11,0
"2018-19","10069","Minnesota","Taiye Bello",5,2,1200,1970,770,16,17,-1,0
"2018-19","10069","Minnesota","Jasmine Brunson",21,2,1200,2400,1200,24,35,-11,0
"2018-19","10069","Maryland","Sara Vujacic",32,3,1623,1766,143,4,2,2,0
"2018-19","10069","Maryland","Stephanie Jones",24,4,1766,2088,322,12,6,6,0
"2018-19","10069","Maryland","Blair Watson",22,3,1800,2350,550,16,10,6,0
"2018-19","10069","Minnesota","Annalese Lamke",41,2,1970,2197,227,6,9,-3,0
"2018-19","10069","Minnesota","Palma Kaposi",25,1,1971,2088,117,4,6,-2,0
"2018-19","10069","Minnesota","Destiny Pitts",3,2,2088,2350,262,4,4,0,0
"2018-19","10069","Minnesota","Taiye Bello",5,3,2106,2400,294,4,11,-7,0
"2018-19","10069","Minnesota","Kenisha Bell",23,2,2197,2400,203,2,9,-7,0
"2018-19","10069","Maryland","Stephanie Jones",24,5,2350,2400,50,7,0,7,0
"2018-19","10069","Minnesota","Annalese Lamke",41,3,2350,2374,24,0,3,-3,0
"2018-19","10069","Maryland","Blair Watson",22,4,2351,2400,49,4,0,4,0
"2018-19","10069","Maryland","Taylor Mikesell",11,3,2374,2394,20,2,0,2,0
"2018-19","10069","Minnesota","Palma Kaposi",25,2,2374,2394,20,0,2,-2,0
"2018-19","10069","Maryland","Shakira Austin",1,5,2394,2400,6,2,0,2,0
"2018-19","10069","Minnesota","Annalese Lamke",41,4,2394,2400,6,0,2,-2,0
"2018-19","10070","Maryland","Shakira Austin",1,1,0,1468,1468,29,36,-7,1
"2018-19","10070","Maryland","Kaila Charles",5,1,0,1673,1673,34,43,-9,1
"2018-19","10070","Maryland","Taylor Mikesell",11,1,0,2400,2400,58,55,3,1
"2018-19","10070","Maryland","Blair Watson",22,1,0,2400,2400,58,55,3,1
"2018-19","10070","Maryland","Stephanie Jones",24,1,0,166,166,4,4,0,1
"2018-19","10070","Purdue","Karissa McLaughlin",1,1,0,448,448,13,11,2,1
"2018-19","10070","Purdue","Dominique Oden",11,1,0,525,525,19,11,8,1
"2018-19","10070","Purdue","Kayana Traylor",23,1,0,525,525,19,11,8,1
"2018-19","10070","Purdue","Tamara Farquhar",25,1,0,448,448,13,11,2,1
"2018-19","10070","Purdue","Ae'Rianna Harris",32,1,0,602,602,19,11,8,1
"2018-19","10070","Maryland","Channise Lewis",3,1,166,1200,1034,19,25,-6,0
"2018-19","10070","Purdue","Lyndsey Whilby",3,1,448,600,152,6,0,6,0
"2018-19","10070","Purdue","Nyagoa Gony",30,1,448,600,152,6,0,6,0
"2018-19","10070","Purdue","Karissa McLaughlin",1,2,525,2028,1503,24,34,-10,0
"2018-19","10070","Purdue","Tamara Farquhar",25,2,525,1698,1173,24,25,-1,0
"2018-19","10070","Purdue","Dominique Oden",11,2,600,1577,977,22,23,-1,0
"2018-19","10070","Purdue","Kayana Traylor",23,2,600,738,138,0,4,-4,0
"2018-19","10070","Purdue","Fatou Diagne",45,1,602,630,28,0,2,-2,0
"2018-19","10070","Maryland","Sara Vujacic",32,1,630,913,283,6,4,2,0
"2018-19","10070","Purdue","Ae'Rianna Harris",32,2,630,872,242,2,6,-4,0
"2018-19","10070","Purdue","Cassidy Hardin",5,1,738,872,134,2,4,-2,0
"2018-19","10070","Purdue","Lyndsey Whilby",3,2,872,939,67,2,0,2,0
"2018-19","10070","Purdue","Nyagoa Gony",30,2,872,939,67,2,0,2,0
"2018-19","10070","Purdue","Kayana Traylor",23,3,939,2380,1441,26,36,-10,0
"2018-19","10070","Purdue","Ae'Rianna Harris",32,3,939,2400,1461,32,39,-7,0
"2018-19","10070","Maryland","Stephanie Jones",24,2,1200,1497,297,6,10,-4,0
"2018-19","10070","Maryland","Channise Lewis",3,2,1468,1621,153,5,5,0,0
"2018-19","10070","Maryland","Shakira Austin",1,2,1497,1800,303,8,4,4,0
"2018-19","10070","Purdue","Nyagoa Gony",30,3,1577,1719,142,2,2,0,0
"2018-19","10070","Maryland","Sara Vujacic",32,2,1621,1800,179,3,2,1,0
"2018-19","10070","Maryland","Stephanie Jones",24,3,1673,2400,727,24,12,12,0
"2018-19","10070","Purdue","Dominique Oden",11,3,1698,2400,702,12,22,-10,0
"2018-19","10070","Purdue","Fatou Diagne",45,2,1719,1768,49,0,1,-1,0
"2018-19","10070","Purdue","Tamara Farquhar",25,3,1768,2380,612,6,18,-12,0
"2018-19","10070","Maryland","Channise Lewis",3,3,1800,2400,600,21,12,9,0
"2018-19","10070","Maryland","Kaila Charles",5,2,1800,2056,256,10,0,10,0
"2018-19","10070","Purdue","Lyndsey Whilby",3,3,2028,2086,58,0,2,-2,0
"2018-19","10070","Maryland","Shakira Austin",1,3,2056,2237,181,4,2,2,0
"2018-19","10070","Purdue","Karissa McLaughlin",1,3,2086,2380,294,6,8,-2,0
"2018-19","10070","Maryland","Kaila Charles",5,3,2237,2328,91,2,2,0,0
"2018-19","10070","Maryland","Shakira Austin",1,4,2328,2381,53,2,5,-3,0
"2018-19","10070","Purdue","Abby Abel",2,1,2380,2381,1,3,0,3,0
"2018-19","10070","Purdue","Lyndsey Whilby",3,4,2380,2381,1,3,0,3,0
"2018-19","10070","Purdue","Cassidy Hardin",5,2,2380,2381,1,3,0,3,0
"2018-19","10070","Maryland","Sara Vujacic",32,3,2381,2382,1,1,0,1,0
"2018-19","10070","Purdue","Karissa McLaughlin",1,4,2381,2400,19,3,3,0,0
"2018-19","10070","Purdue","Kayana Traylor",23,4,2381,2394,13,3,3,0,0
"2018-19","10070","Purdue","Tamara Farquhar",25,4,2381,2394,13,3,3,0,0
"2018-19","10070","Maryland","Shakira Austin",1,5,2382,2400,18,2,3,-1,0
"2018-19","10070","Maryland","Sara Vujacic",32,4,2394,2400,6,0,0,0,0
"2018-19","10070","Purdue","Lyndsey Whilby",3,5,2394,2400,6,0,0,0,0
"2018-19","10070","Purdue","Cassidy Hardin",5,3,2394,2400,6,0,0,0,0
"2018-19","10071","Illinois","Brandi Beasley",1,1,0,890,890,21,26,-5,1
"2018-19","10071","Illinois","Cierra Rice",5,1,0,390,390,12,18,-6,1
"2018-19","10071","Illinois","Courtney Joens",30,1,0,323,323,10,14,-4,1
"2018-19","10071","Illinois","Alex Wittinger",35,1,0,188,188,5,6,-1,1
"2018-19","10071","Illinois","Ali Andrews",50,1,0,290,290,7,12,-5,1
"2018-19","10071","Maryland","Shakira Austin",1,1,0,188,188,6,5,1,1
"2018-19","10071","Maryland","Kaila Charles",5,1,0,290,290,12,7,5,1
"2018-19","10071","Maryland","Taylor Mikesell",11,1,0,2400,2400,71,62,9,1
"2018-19","10071","Maryland","Blair Watson",22,1,0,188,188,6,5,1,1
"2018-19","10071","Maryland","Stephanie Jones",24,1,0,600,600,22,14,8,1
"2018-19","10071","Illinois","Mackenzie Blazek",4,1,188,252,64,2,6,-4,0
"2018-19","10071","Maryland","Channise Lewis",3,1,188,1200,1012,31,28,3,0
"2018-19","10071","Maryland","Sara Vujacic",32,1,188,390,202,12,7,5,0
"2018-19","10071","Illinois","J-Naya Ephraim",0,1,252,600,348,7,10,-3,0
"2018-19","10071","Illinois","Alex Wittinger",35,2,290,600,310,7,10,-3,0
"2018-19","10071","Maryland","Shakira Austin",1,2,290,677,387,12,7,5,0
"2018-19","10071","Illinois","Arieal Scott",3,1,390,1200,810,21,19,2,0
"2018-19","10071","Maryland","Blair Watson",22,2,390,600,210,4,2,2,0
"2018-19","10071","Illinois","Mackenzie Blazek",4,2,600,1200,600,19,15,4,0
"2018-19","10071","Illinois","Courtney Joens",30,2,600,1765,1165,30,29,1,0
"2018-19","10071","Illinois","Ali Andrews",50,2,600,677,77,0,2,-2,0
"2018-19","10071","Maryland","Kaila Charles",5,2,600,738,138,2,0,2,0
"2018-19","10071","Illinois","Alex Wittinger",35,3,677,1687,1010,28,24,4,0
"2018-19","10071","Maryland","Stephanie Jones",24,2,677,890,213,2,7,-5,0
"2018-19","10071","Maryland","Shakira Austin",1,3,738,976,238,7,13,-6,0
"2018-19","10071","Illinois","J-Naya Ephraim",0,2,890,1029,139,6,5,1,0
"2018-19","10071","Maryland","Sara Vujacic",32,2,890,1188,298,11,11,0,0
"2018-19","10071","Maryland","Olivia Owens",35,1,890,1200,310,11,12,-1,0
"2018-19","10071","Maryland","Stephanie Jones",24,3,976,1029,53,0,0,0,0
"2018-19","10071","Illinois","Brandi Beasley",1,2,1029,1800,771,17,23,-6,0
"2018-19","10071","Maryland","Shakira Austin",1,4,1029,1323,294,8,8,0,0
"2018-19","10071","Illinois","Cierra Rice",5,2,1200,1828,628,11,17,-6,0
"2018-19","10071","Illinois","Ali Andrews",50,3,1200,1465,265,6,5,1,0
"2018-19","10071","Maryland","Kaila Charles",5,3,1200,1530,330,5,6,-1,0
"2018-19","10071","Maryland","Blair Watson",22,3,1200,1465,265,5,6,-1,0
"2018-19","10071","Maryland","Stephanie Jones",24,4,1200,1465,265,5,6,-1,0
"2018-19","10071","Maryland","Channise Lewis",3,2,1323,1800,477,15,9,6,0
"2018-19","10071","Illinois","Mackenzie Blazek",4,3,1465,2400,935,23,29,-6,0
"2018-19","10071","Maryland","Shakira Austin",1,5,1465,1925,460,12,5,7,0
"2018-19","10071","Maryland","Sara Vujacic",32,3,1465,1568,103,1,3,-2,0
"2018-19","10071","Maryland","Stephanie Jones",24,5,1530,1828,298,12,5,7,0
"2018-19","10071","Maryland","Blair Watson",22,4,1568,2400,832,28,20,8,0
"2018-19","10071","Illinois","Ali Andrews",50,4,1687,1828,141,2,6,-4,0
"2018-19","10071","Illinois","Arieal Scott",3,2,1765,2400,635,18,20,-2,0
"2018-19","10071","Illinois","Alex Wittinger",35,4,1800,2400,600,18,17,1,0
"2018-19","10071","Maryland","Kaila Charles",5,4,1800,2130,330,4,5,-1,0
"2018-19","10071","Illinois","J-Naya Ephraim",0,3,1828,1970,142,0,2,-2,0
"2018-19","10071","Illinois","Ali Andrews",50,5,1925,2400,475,18,17,1,0
"2018-19","10071","Maryland","Stephanie Jones",24,6,1925,2400,475,17,18,-1,0
"2018-19","10071","Illinois","Cierra Rice",5,3,1970,2113,143,5,2,3,0
"2018-19","10071","Illinois","J-Naya Ephraim",0,4,2113,2248,135,3,5,-2,0
"2018-19","10071","Maryland","Shakira Austin",1,6,2130,2259,129,5,5,0,0
"2018-19","10071","Illinois","Cierra Rice",5,4,2248,2400,152,10,8,2,0
"2018-19","10071","Maryland","Kaila Charles",5,5,2259,2400,141,8,8,0,0
