"source_id","file_id","team","lineup","num_players","start_seconds","end_seconds","duration","pts_for","pts_against","plus_minus"
"2019-20","11441","Maryland","Ashley Owusu|Diamond Miller|Kaila Charles|Stephanie Jones|Taylor Mikesell",5,0,152,152,11,2,9
"2019-20","11441","Wagner","Emilija Krista Grava|Joellen How|Jordan Hobson|Khaleah Edwards|Morgan Lenahan",5,0,152,152,2,11,-9
"2019-20","11441","Maryland","Ashley Owusu|Diamond Miller|Kaila Charles|Shakira Austin|Taylor Mikesell",5,152,227,75,3,2,1
"2019-20","11441","Maryland","Ashley Owusu|Diamond Miller|Shakira Austin|Stephanie Jones|Taylor Mikesell",5,227,296,69,0,2,-2
"2019-20","11441","Wagner","Alex Cowan|Drayah Heyward|Emilija Krista Grava|Khaleah Edwards|Morgan Lenahan",5,152,296,144,4,3,1
"2019-20","11441","Maryland","Ashley Owusu|Faith Masonius|Sara Vujacic|Stephanie Jones|Taylor Mikesell",5,296,395,99,11,3,8
"2019-20","11441","Wagner","Alex Cowan|Drayah Heyward|Emilija Krista Grava|Joellen How|Khaleah Edwards",5,296,395,99,3,11,-8
"2019-20","11441","Wagner","Alex Cowan|Enas Nigatu|Joellen How|Khaleah Edwards|Raven Pitt",5,395,504,109,0,5,-5
"2019-20","11441","Maryland","Ashley Owusu|Faith Masonius|Kaila Charles|Sara Vujacic|Taylor Mikesell",5,395,581,186,8,0,8
"2019-20","11441","Wagner","Alex Cowan|Emilija Krista Grava|Jordan Hobson|Khaleah Edwards|Raven Pitt",5,504,581,77,0,3,-3
"2019-20","11441","Maryland","Ashley Owusu|Faith Masonius|Sara Vujacic|Stephanie Jones|Taylor Mikesell",5,581,600,19,0,1,-1
"2019-20","11441","Wagner","Alex Cowan|Drayah Heyward|Emilija Krista Grava|Khaleah Edwards|Raven Pitt",5,581,600,19,1,0,1
"2019-20","11441","Maryland","Ashley Owusu|Faith Masonius|Sara Vujacic|Shakira Austin|Stephanie Jones",5,600,657,57,3,0,3
"2019-20","11441","Wagner","Alex Cowan|Drayah Heyward|Emilija Krista Grava|Khaleah Edwards|Morgan Lenahan",5,600,669,69,2,3,-1
"2019-20","11441","Maryland","Ashley Owusu|Diamond Miller|Faith Masonius|Shakira Austin|Stephanie Jones",5,657,735,78,4,4,0
"2019-20","11441","Wagner","Alex Cowan|Drayah Heyward|Emilija Krista Grava|Enas Nigatu|Morgan Lenahan",5,669,735,66,2,4,-2
"2019-20","11441","Maryland","Ashley Owusu|Diamond Miller|Shakira Austin|Stephanie Jones|Taylor Mikesell",5,735,794,59,4,0,4
"2019-20","11441","Wagner","Amanda Pollard|Emilija Krista Grava|Joellen How|Katrice Jackson|Morgan Lenahan",5,735,809,74,0,5,-5
"2019-20","11441","Wagner","Amanda Pollard|Emilija Krista Grava|Katrice Jackson|Khaleah Edwards|Morgan Lenahan",5,809,867,58,0,6,-6
"2019-20","11441","Wagner","Alex Cowan|Emilija Krista Grava|Katrice Jackson|Khaleah Edwards|Morgan Lenahan",5,867,935,68,3,4,-1
"2019-20","11441","Maryland","Diamond Miller|Faith Masonius|Sara Vujacic|Shakira Austin|Taylor Mikesell",5,794,957,163,12,3,9
"2019-20","11441","Wagner","Alex Cowan|Drayah Heyward|Emilija Krista Grava|Jordan Hobson|Morgan Lenahan",5,935,1018,83,0,5,-5
"2019-20","11441","Maryland","Ashley Owusu|Diamond Miller|Faith Masonius|Sara Vujacic|Shakira Austin",5,957,1042,85,6,0,6
"2019-20","11441","Wagner","Alex Cowan|Drayah Heyward|Emilija Krista Grava|Khaleah Edwards|Morgan Lenahan",5,1018,1042,24,0,2,-2
"2019-20","11441","Wagner","Alex Cowan|Drayah Heyward|Emilija Krista Grava|Khaleah Edwards|Raven Pitt",5,1042,1131,89,0,4,-4
"2019-20","11441","Maryland","Ashley Owusu|Faith Masonius|Sara Vujacic|Shakira Austin|Stephanie Jones",5,1042,1200,158,6,0,6
"2019-20","11441","Wagner","Alex Cowan|Amanda Pollard|Emilija Krista Grava|Khaleah Edwards|Raven Pitt",5,1131,1200,69,0,2,-2
"2019-20","11441","Maryland","Ashley Owusu|Diamond Miller|Kaila Charles|Stephanie Jones|Taylor Mikesell",5,1200,1218,18,0,0,0
"2019-20","11441","Wagner","Emilija Krista Grava|Joellen How|Jordan Hobson|Khaleah Edwards|Morgan Lenahan",5,1200,1324,124,2,3,-1
"2019-20","11441","Wagner","Alex Cowan|Emilija Krista Grava|Jordan Hobson|Khaleah Edwards|Morgan Lenahan",5,1324,1355,31,2,0,2
"2019-20","11441","Maryland","Ashley Owusu|Kaila Charles|Sara Vujacic|Stephanie Jones|Taylor Mikesell",5,1218,1384,166,3,4,-1
"2019-20","11441","Wagner","Alex Cowan|Amanda Pollard|Emilija Krista Grava|Jordan Hobson|Khaleah Edwards",5,1355,1432,77,4,2,2
"2019-20","11441","Wagner","Alex Cowan|Amanda Pollard|Drayah Heyward|Emilija Krista Grava|Jordan Hobson",5,1432,1478,46,0,2,-2
"2019-20","11441","Maryland","Ashley Owusu|Faith Masonius|Kaila Charles|Sara Vujacic|Shakira Austin",5,1384,1619,235,10,8,2
"2019-20","11441","Maryland","Faith Masonius|Kaila Charles|Sara Vujacic|Shakira Austin|Taylor Mikesell",5,1619,1670,51,3,2,1
"2019-20","11441","Wagner","Amanda Pollard|Drayah Heyward|Emilija Krista Grava|Enas Nigatu|Morgan Lenahan",5,1478,1670,192,6,9,-3
"2019-20","11441","Maryland","Diamond Miller|Faith Masonius|Kaila Charles|Shakira Austin|Taylor Mikesell",5,1670,1679,9,0,1,-1
"2019-20","11441","Wagner","Alex Cowan|Amanda Pollard|Drayah Heyward|Enas Nigatu|Morgan Lenahan",5,1670,1711,41,3,2,1
"2019-20","11441","Maryland","Diamond Miller|Faith Masonius|Sara Vujacic|Shakira Austin|Taylor Mikesell",5,1679,1775,96,5,2,3
"2019-20","11441","Maryland","Diamond Miller|Faith Masonius|Sara Vujacic|Stephanie Jones|Taylor Mikesell",5,1775,1800,25,0,3,-3
"2019-20","11441","Maryland","Ashley Owusu|Diamond Miller|Faith Masonius|Sara Vujacic|Stephanie Jones",5,1800,1922,122,6,3,3
"2019-20","11441","Maryland","Ashley Owusu|Diamond Miller|Faith Masonius|Sara Vujacic|Shakira Austin",5,1922,1931,9,0,0,0
"2019-20","11441","Wagner","Alex Cowan|Amanda Pollard|Drayah Heyward|Emilija Krista Grava|Morgan Lenahan",5,1711,1931,220,6,9,-3
"2019-20","11441","Wagner","Alex Cowan|Amanda Pollard|Emilija Krista Grava|Khaleah Edwards|Morgan Lenahan",5,1931,2019,88,2,4,-2
"2019-20","11441","Maryland","Ashley Owusu|Diamond Miller|Faith Masonius|Kaila Charles|Shakira Austin",5,1931,2133,202,8,6,2
"2019-20","11441","Wagner","Alex Cowan|Amanda Pollard|Emilija Krista Grava|Khaleah Edwards|Raven Pitt",5,2019,2133,114,4,4,0
"2019-20","11441","Wagner","Alex Cowan|Amanda Pollard|Drayah Heyward|Emilija Krista Grava|Raven Pitt",5,2133,2153,20,0,1,-1
"2019-20","11441","Maryland","Diamond Miller|Faith Masonius|Kaila Charles|Shakira Austin|Taylor Mikesell",5,2133,2269,136,9,4,5
"2019-20","11441","Wagner","Alex Cowan|Amanda Pollard|Drayah Heyward|Emilija Krista Grava|Morgan Lenahan",5,2153,2283,130,4,9,-5
"2019-20","11441","Maryland","Diamond Miller|Faith Masonius|Sara Vujacic|Shakira Austin|Taylor Mikesell",5,2269,2299,30,3,0,3
"2019-20","11441","Maryland","Ashley Owusu|Faith Masonius|Sara Vujacic|Shakira Austin|Taylor Mikesell",5,2299,2400,101,4,6,-2
"2019-20","11441","Wagner","Alex Cowan|Amanda Pollard|Emilija Krista Grava|Katrice Jackson|Morgan Lenahan",5,2283,2400,117,6,6,0
"2019-20","11442","Maryland","Ashley Owusu|Diamond Miller|Kaila Charles|Stephanie Jones|Taylor Mikesell",5,0,120,120,2,4,-2
"2019-20","11442","Maryland","Ashley Owusu|Diamond Miller|Kaila Charles|Shakira Austin|Taylor Mikesell",5,120,158,38,2,2,0
"2019-20","11442","Maryland","Ashley Owusu|Blair Watson|Diamond Miller|Kaila Charles|Shakira Austin",5,158,303,145,4,4,0
"2019-20","11442","Maryland","Ashley Owusu|Blair Watson|Kaila Charles|Shakira Austin|Taylor Mikesell",5,303,327,24,0,0,0
"2019-20","11442","South Carolina","Aliyah Boston|Brea Beal|Mikiah Herbert Harrigan|Tyasha Harris|Zia Cooke",5,0,327,327,10,8,2
"2019-20","11442","South Carolina","Aliyah Boston|Destanni Henderson|Lele Grissett|Mikiah Herbert Harrigan|Tyasha Harris",5,327,403,76,4,3,1
"2019-20","11442","Maryland","Blair Watson|Diamond Miller|Faith Masonius|Kaila Charles|Taylor Mikesell",5,327,468,141,5,6,-1
"2019-20","11442","Maryland","Ashley Owusu|Blair Watson|Kaila Charles|Shakira Austin|Taylor Mikesell",5,468,495,27,0,0,0
"2019-20","11442","South Carolina","Destanni Henderson|Lele Grissett|Mikiah Herbert Harrigan|Tyasha Harris|Victaria Saxton",5,403,495,92,2,2,0
"2019-20","11442","Maryland","Ashley Owusu|Kaila Charles|Sara Vujacic|Shakira Austin|Taylor Mikesell",5,495,541,46,2,2,0
"2019-20","11442","Maryland","Ashley Owusu|Faith Masonius|Kaila Charles|Sara Vujacic|Taylor Mikesell",5,541,600,59,0,0,0
"2019-20","11442","South Carolina","Destanni Henderson|Laeticia Amihere|Lele Grissett|Tyasha Harris|Victaria Saxton",5,495,600,105,2,2,0
"2019-20","11442","South Carolina","Aliyah Boston|Destanni Henderson|Lele Grissett|Tyasha Harris|Victaria Saxton",5,600,654,54,0,0,0
"2019-20","11442","Maryland","Ashley Owusu|Diamond Miller|Kaila Charles|Stephanie Jones|Taylor Mikesell",5,600,739,139,0,2,-2
"2019-20","11442","Maryland","Ashley Owusu|Diamond Miller|Kaila Charles|Stephanie Jones|Taylor Mikesell",5,739,773,34,2,2,0
"2019-20","11442","South Carolina","Aliyah Boston|Destanni Henderson|Tyasha Harris|Victaria Saxton|Zia Cooke",5,654,773,119,4,2,2
"2019-20","11442","Maryland","Ashley Owusu|Diamond Miller|Faith Masonius|Stephanie Jones|Taylor Mikesell",5,773,848,75,2,0,2
"2019-20","11442","South Carolina","Aliyah Boston|Brea Beal|Destanni Henderson|Mikiah Herbert Harrigan|Zia Cooke",5,773,894,121,0,2,-2
"2019-20","11442","Maryland","Ashley Owusu|Blair Watson|Faith Masonius|Kaila Charles|Taylor Mikesell",5,848,986,138,0,4,-4
"2019-20","11442","Maryland","Ashley Owusu|Blair Watson|Diamond Miller|Faith Masonius|Kaila Charles",5,986,1083,97,2,4,-2
"2019-20","11442","South Carolina","Aliyah Boston|Brea Beal|Mikiah Herbert Harrigan|Tyasha Harris|Zia Cooke",5,894,1083,189,8,2,6
"2019-20","11442","South Carolina","Brea Beal|Laeticia Amihere|Mikiah Herbert Harrigan|Tyasha Harris|Zia Cooke",5,1083,1089,6,0,0,0
"2019-20","11442","Maryland","Ashley Owusu|Diamond Miller|Faith Masonius|Kaila Charles|Taylor Mikesell",5,1083,1139,56,3,2,1
"2019-20","11442","Maryland","Ashley Owusu|Diamond Miller|Faith Masonius|Sara Vujacic|Taylor Mikesell",5,1139,1200,61,0,2,-2
"2019-20","11442","South Carolina","Brea Beal|Destanni Henderson|Laeticia Amihere|Mikiah Herbert Harrigan|Tyasha Harris",5,1089,1200,111,4,3,1
"2019-20","11442","South Carolina","Aliyah Boston|Brea Beal|Mikiah Herbert Harrigan|Tyasha Harris|Zia Cooke",5,1200,1263,63,0,0,0
"2019-20","11442","Maryland","Ashley Owusu|Diamond Miller|Kaila Charles|Stephanie Jones|Taylor Mikesell",5,1200,1288,88,0,0,0
"2019-20","11442","Maryland","Ashley Owusu|Blair Watson|Kaila Charles|Stephanie Jones|Taylor Mikesell",5,1288,1315,27,0,4,-4
"2019-20","11442","Maryland","Ashley Owusu|Blair Watson|Kaila Charles|Shakira Austin|Stephanie Jones",5,1315,1435,120,6,2,4
"2019-20","11442","South Carolina","Aliyah Boston|Brea Beal|Destanni Henderson|Mikiah Herbert Harrigan|Tyasha Harris",5,1263,1435,172,6,6,0
"2019-20","11442","Maryland","Ashley Owusu|Blair Watson|Diamond Miller|Kaila Charles|Shakira Austin",5,1435,1499,64,1,2,-1
"2019-20","11442","South Carolina","Brea Beal|Destanni Henderson|Mikiah Herbert Harrigan|Tyasha Harris|Victaria Saxton",5,1435,1499,64,2,1,1
"2019-20","11442","Maryland","Blair Watson|Diamond Miller|Kaila Charles|Shakira Austin|Taylor Mikesell",5,1499,1502,3,2,0,2
"2019-20","11442","Maryland","Blair Watson|Diamond Miller|Shakira Austin|Stephanie Jones|Taylor Mikesell",5,1502,1542,40,0,2,-2
"2019-20","11442","Maryland","Ashley Owusu|Blair Watson|Diamond Miller|Shakira Austin|Stephanie Jones",5,1542,1703,161,5,0,5
"2019-20","11442","South Carolina","Aliyah Boston|Brea Beal|Destanni Henderson|Tyasha Harris|Victaria Saxton",5,1499,1703,204,2,7,-5
"2019-20","11442","Maryland","Ashley Owusu|Blair Watson|Diamond Miller|Faith Masonius|Shakira Austin",5,1703,1748,45,0,2,-2
"2019-20","11442","Maryland","Ashley Owusu|Diamond Miller|Faith Masonius|Shakira Austin|Taylor Mikesell",5,1748,1800,52,0,0,0
"2019-20","11442","South Carolina","Brea Beal|Destanni Henderson|Laeticia Amihere|Tyasha Harris|Victaria Saxton",5,1703,1800,97,2,0,2
"2019-20","11442","Maryland","Ashley Owusu|Diamond Miller|Faith Masonius|Kaila Charles|Shakira Austin",5,1800,1842,42,2,0,2
"2019-20","11442","Maryland","Ashley Owusu|Diamond Miller|Faith Masonius|Kaila Charles|Stephanie Jones",5,1842,2081,239,2,4,-2
"2019-20","11442","Maryland","Ashley Owusu|Diamond Miller|Kaila Charles|Shakira Austin|Stephanie Jones",5,2081,2123,42,0,0,0
"2019-20","11442","South Carolina","Aliyah Boston|Lele Grissett|Mikiah Herbert Harrigan|Tyasha Harris|Zia Cooke",5,1800,2175,375,4,6,-2
"2019-20","11442","Maryland","Ashley Owusu|Diamond Miller|Faith Masonius|Kaila Charles|Stephanie Jones",5,2123,2226,103,4,3,1
"2019-20","11442","Maryland","Ashley Owusu|Blair Watson|Diamond Miller|Kaila Charles|Stephanie Jones",5,2226,2334,108,2,8,-6
"2019-20","11442","Maryland","Ashley Owusu|Diamond Miller|Faith Masonius|Kaila Charles|Stephanie Jones",5,2334,2400,66,10,1,9
"2019-20","11442","South Carolina","Aliyah Boston|Brea Beal|Mikiah Herbert Harrigan|Tyasha Harris|Zia Cooke",5,2175,2400,225,12,14,-2
"2019-20","11443","Maryland","Ashley Owusu|Diamond Miller|Kaila Charles|Stephanie Jones|Taylor Mikesell",5,0,130,130,0,4,-4
"2019-20","11443","James Madison","Kamiah Smalls|Kayla Cooper-Williams|Kiki Jefferson|Lexie Barrier|Madison Green",5,0,197,197,7,1,6
"2019-20","11443","James Madison","Devon Merritt|Kamiah Smalls|Kayla Cooper-Williams|Lexie Barrier|Madison Green",5,197,274,77,2,0,2
"2019-20","11443","Maryland","Ashley Owusu|Blair Watson|Kaila Charles|Shakira Austin|Taylor Mikesell",5,130,321,191,1,5,-4
"2019-20","11443","James Madison","Devon Merritt|Kamiah Smalls|Kayla Cooper-Williams|Kiki Jefferson|Lexie Barrier",5,274,377,103,0,4,-4
"2019-20","11443","James Madison","Jaylin Carodine|Kayla Cooper-Williams|Kiki Jefferson|Lexie Barrier|Madison Green",5,377,439,62,3,2,1
"2019-20","11443","Maryland","Ashley Owusu|Blair Watson|Faith Masonius|Kaila Charles|Shakira Austin",5,321,439,118,6,3,3
"2019-20","11443","James Madison","Jaylin Carodine|Kayla Cooper-Williams|Lexie Barrier|Madison Green|Nikki Oppenheimer",5,439,473,34,2,0,2
"2019-20","11443","Maryland","Ashley Owusu|Blair Watson|Kaila Charles|Shakira Austin|Stephanie Jones",5,439,473,34,0,2,-2
"2019-20","11443","James Madison","Jaylin Carodine|Kamiah Smalls|Kayla Cooper-Williams|Madison Green|Nikki Oppenheimer",5,473,502,29,3,2,1
"2019-20","11443","James Madison","Devon Merritt|Jaylin Carodine|Kamiah Smalls|Madison Green|Nikki Oppenheimer",5,502,541,39,2,2,0
"2019-20","11443","James Madison","Devon Merritt|Jaylin Carodine|Kamiah Smalls|Kiki Jefferson|Madison Green",5,541,570,29,0,2,-2
"2019-20","11443","James Madison","Kamiah Smalls|Kayla Cooper-Williams|Kiki Jefferson|Madison Green|Rayne Tucker",5,570,646,76,2,0,2
"2019-20","11443","Maryland","Ashley Owusu|Blair Watson|Shakira Austin|Stephanie Jones|Taylor Mikesell",5,473,646,173,6,7,-1
"2019-20","11443","James Madison","Kamiah Smalls|Kayla Cooper-Williams|Lexie Barrier|Madison Green|Rayne Tucker",5,646,724,78,0,0,0
"2019-20","11443","Maryland","Blair Watson|Kaila Charles|Shakira Austin|Stephanie Jones|Taylor Mikesell",5,646,724,78,0,0,0
"2019-20","11443","Maryland","Blair Watson|Faith Masonius|Kaila Charles|Stephanie Jones|Taylor Mikesell",5,724,765,41,0,3,-3
"2019-20","11443","James Madison","Devon Merritt|Kamiah Smalls|Kayla Cooper-Williams|Lexie Barrier|Madison Green",5,724,782,58,3,0,3
"2019-20","11443","Maryland","Diamond Miller|Kaila Charles|Shakira Austin|Stephanie Jones|Taylor Mikesell",5,765,782,17,0,0,0
"2019-20","11443","James Madison","Devon Merritt|Kayla Cooper-Williams|Kiki Jefferson|Lexie Barrier|Madison Green",5,782,798,16,2,0,2
"2019-20","11443","Maryland","Ashley Owusu|Faith Masonius|Kaila Charles|Shakira Austin|Stephanie Jones",5,782,812,30,0,2,-2
"2019-20","11443","James Madison","Devon Merritt|Kamiah Smalls|Kayla Cooper-Williams|Lexie Barrier|Madison Green",5,798,820,22,0,0,0
"2019-20","11443","James Madison","Jaylin Carodine|Kamiah Smalls|Kayla Cooper-Williams|Lexie Barrier|Madison Green",5,820,860,40,2,2,0
"2019-20","11443","Maryland","Ashley Owusu|Blair Watson|Faith Masonius|Kaila Charles|Stephanie Jones",5,812,882,70,2,2,0
"2019-20","11443","James Madison","Jaylin Carodine|Kayla Cooper-Williams|Kiki Jefferson|Lexie Barrier|Madison Green",5,860,987,127,3,5,-2
"2019-20","11443","Maryland","Ashley Owusu|Blair Watson|Kaila Charles|Stephanie Jones|Taylor Mikesell",5,882,987,105,5,3,2
"2019-20","11443","James Madison","Breyenne Bellerand|Jaylin Carodine|Kayla Cooper-Williams|Lexie Barrier|Madison Green",5,987,1011,24,0,0,0
"2019-20","11443","James Madison","Breyenne Bellerand|Kayla Cooper-Williams|Lexie Barrier|Madison Green|Nikki Oppenheimer",5,1011,1150,139,3,7,-4
"2019-20","11443","James Madison","Kayla Cooper-Williams|Kiki Jefferson|Lexie Barrier|Madison Green|Nikki Oppenheimer",5,1150,1191,41,0,0,0
"2019-20","11443","Maryland","Blair Watson|Kaila Charles|Sara Vujacic|Stephanie Jones|Taylor Mikesell",5,987,1200,213,7,3,4
"2019-20","11443","Maryland","Ashley Owusu|Blair Watson|Kaila Charles|Shakira Austin|Stephanie Jones",5,1200,1300,100,3,2,1
"2019-20","11443","Maryland","Ashley Owusu|Blair Watson|Kaila Charles|Shakira Austin",4,1300,1337,37,0,0,0
"2019-20","11443","Maryland","Ashley Owusu|Blair Watson|Faith Masonius|Sara Vujacic|Shakira Austin",5,1337,1363,26,0,3,-3
"2019-20","11443","Maryland","Ashley Owusu|Blair Watson|Faith Masonius|Kaila Charles|Sara Vujacic",5,1363,1379,16,0,3,-3
"2019-20","11443","James Madison","Kamiah Smalls|Kayla Cooper-Williams|Kiki Jefferson|Lexie Barrier|Madison Green",5,1191,1415,224,10,5,5
"2019-20","11443","Maryland","Ashley Owusu|Blair Watson|Kaila Charles|Sara Vujacic|Stephanie Jones",5,1379,1446,67,2,4,-2
"2019-20","11443","James Madison","Devon Merritt|Kayla Cooper-Williams|Kiki Jefferson|Lexie Barrier|Madison Green",5,1415,1472,57,3,0,3
"2019-20","11443","James Madison","Devon Merritt|Jaylin Carodine|Kiki Jefferson|Lexie Barrier|Madison Green",5,1472,1526,54,0,3,-3
"2019-20","11443","James Madison","Jaylin Carodine|Kayla Cooper-Williams|Kiki Jefferson|Lexie Barrier|Nikki Oppenheimer",5,1526,1637,111,4,0,4
"2019-20","11443","Maryland","Blair Watson|Diamond Miller|Faith Masonius|Kaila Charles|Taylor Mikesell",5,1446,1649,203,3,5,-2
"2019-20","11443","Maryland","Ashley Owusu|Diamond Miller|Faith Masonius|Kaila Charles|Taylor Mikesell",5,1649,1657,8,0,1,-1
"2019-20","11443","James Madison","Jaylin Carodine|Kayla Cooper-Williams|Lexie Barrier|Madison Green|Nikki Oppenheimer",5,1637,1730,93,1,4,-3
"2019-20","11443","James Madison","Jaylin Carodine|Kayla Cooper-Williams|Kiki Jefferson|Madison Green|Nikki Oppenheimer",5,1730,1827,97,8,4,4
"2019-20","11443","James Madison","Jaylin Carodine|Kamiah Smalls|Kayla Cooper-Williams|Kiki Jefferson|Madison Green",5,1827,1833,6,0,0,0
"2019-20","11443","James Madison","Jaylin Carodine|Kayla Cooper-Williams|Kiki Jefferson|Madison Green|Nikki Oppenheimer",5,1833,1835,2,0,0,0
"2019-20","11443","Maryland","Ashley Owusu|Diamond Miller|Faith Masonius|Shakira Austin|Taylor Mikesell",5,1657,1835,178,8,8,0
"2019-20","11443","James Madison","Jaylin Carodine|Kamiah Smalls|Kayla Cooper-Williams|Madison Green|Nikki Oppenheimer",5,1835,1893,58,0,4,-4
"2019-20","11443","James Madison","Kayla Cooper-Williams|Kiki Jefferson|Lexie Barrier|Madison Green|Nikki Oppenheimer",5,1893,1915,22,0,1,-1
"2019-20","11443","James Madison","Devon Merritt|Kayla Cooper-Williams|Kiki Jefferson|Lexie Barrier|Madison Green",5,1915,1997,82,0,3,-3
"2019-20","11443","Maryland","Ashley Owusu|Blair Watson|Kaila Charles|Shakira Austin|Taylor Mikesell",5,1835,2047,212,9,2,7
"2019-20","11443","James Madison","Jaylin Carodine|Kamiah Smalls|Kayla Cooper-Williams|Kiki Jefferson|Lexie Barrier",5,1997,2145,148,4,3,1
"2019-20","11443","Maryland","Blair Watson|Diamond Miller|Kaila Charles|Shakira Austin|Taylor Mikesell",5,2047,2145,98,2,2,0
"2019-20","11443","James Madison","Kamiah Smalls|Kayla Cooper-Williams|Kiki Jefferson|Lexie Barrier|Madison Green",5,2145,2183,38,2,2,0
"2019-20","11443","Maryland","Blair Watson|Diamond Miller|Shakira Austin|Stephanie Jones|Taylor Mikesell",5,2145,2218,73,3,2,1
"2019-20","11443","James Madison","Devon Merritt|Jaylin Carodine|Kamiah Smalls|Lexie Barrier|Madison Green",5,2183,2245,62,0,5,-5
"2019-20","11443","James Madison","Kamiah Smalls|Kayla Cooper-Williams|Kiki Jefferson|Lexie Barrier|Madison Green",5,2245,2365,120,0,7,-7
"2019-20","11443","James Madison","Devon Merritt|Kamiah Smalls|Kayla Cooper-Williams|Kiki Jefferson|Lexie Barrier",5,2365,2367,2,0,0,0
"2019-20","11443","James Madison","Kamiah Smalls|Kayla Cooper-Williams|Kiki Jefferson|Lexie Barrier|Madison Green",5,2367,2386,19,0,0,0
"2019-20","11443","Maryland","Ashley Owusu|Blair Watson|Shakira Austin|Stephanie Jones|Taylor Mikesell",5,2218,2386,168,11,0,11
"2019-20","11443","James Madison","Jaylin Carodine|Kamiah Smalls|Kayla Cooper-Williams|Kiki Jefferson|Lexie Barrier",5,2386,2400,14,2,2,0
"2019-20","11443","Maryland","Ashley Owusu|Blair Watson|Kaila Charles|Stephanie Jones|Taylor Mikesell",5,2386,2400,14,2,2,0
"2019-20","11444","Maryland","Ashley Owusu|Blair Watson|Kaila Charles|Shakira Austin|Taylor Mikesell",5,0,169,169,7,4,3
"2019-20","11444","Delaware","Abby Gonzales|Agnes Paul|Jasmine Dickey|Samone DeFreese|Tee Johnson",5,0,169,169,4,7,-3
"2019-20","11444","Maryland","Ashley Owusu|Blair Watson|Diamond Miller|Kaila Charles|Shakira Austin",5,169,225,56,1,0,1
"2019-20","11444","Delaware","Abby Gonzales|Agnes Paul|Jasmine Dickey|Paris McBride|Samone DeFreese",5,169,244,75,0,4,-4
"2019-20","11444","Delaware","Agnes Paul|Jasmine Dickey|Paris McBride|Rebecca Lawrence|Tee Johnson",5,244,335,91,0,9,-9
"2019-20","11444","Maryland","Blair Watson|Diamond Miller|Shakira Austin|Stephanie Jones|Taylor Mikesell",5,225,401,176,14,5,9
"2019-20","11444","Maryland","Ashley Owusu|Diamond Miller|Kaila Charles|Shakira Austin|Taylor Mikesell",5,401,455,54,3,0,3
"2019-20","11444","Delaware","Abby Gonzales|Jasmine Dickey|Lizzie Oleary|Rebecca Lawrence|Tee Johnson",5,335,455,120,5,5,0
"2019-20","11444","Maryland","Ashley Owusu|Blair Watson|Faith Masonius|Shakira Austin|Taylor Mikesell",5,455,504,49,2,0,2
"2019-20","11444","Delaware","Abby Gonzales|Brynn Wade|Jasmine Dickey|Rebecca Lawrence|Tee Johnson",5,455,578,123,3,4,-1
"2019-20","11444","Maryland","Ashley Owusu|Blair Watson|Faith Masonius|Stephanie Jones|Taylor Mikesell",5,504,600,96,2,3,-1
"2019-20","11444","Delaware","Abby Gonzales|Brynn Wade|Rebecca Lawrence|Samone DeFreese|Tee Johnson",5,578,600,22,0,0,0
"2019-20","11444","Delaware","Abby Gonzales|Agnes Paul|Jasmine Dickey|Lolo Davenport|Samone DeFreese",5,600,700,100,2,5,-3
"2019-20","11444","Maryland","Ashley Owusu|Blair Watson|Kaila Charles|Shakira Austin|Taylor Mikesell",5,600,721,121,5,2,3
"2019-20","11444","Maryland","Ashley Owusu|Blair Watson|Faith Masonius|Shakira Austin|Taylor Mikesell",5,721,772,51,4,0,4
"2019-20","11444","Delaware","Abby Gonzales|Agnes Paul|Jasmine Dickey|Lizzie Oleary|Samone DeFreese",5,700,772,72,0,4,-4
"2019-20","11444","Delaware","Abby Gonzales|Agnes Paul|Jasmine Dickey|Lizzie Oleary|Tee Johnson",5,772,815,43,0,2,-2
"2019-20","11444","Maryland","Ashley Owusu|Blair Watson|Diamond Miller|Faith Masonius|Shakira Austin",5,772,846,74,5,3,2
"2019-20","11444","Delaware","Abby Gonzales|Agnes Paul|Jasmine Dickey|Paris McBride|Tee Johnson",5,815,882,67,3,5,-2
"2019-20","11444","Maryland","Ashley Owusu|Diamond Miller|Faith Masonius|Sara Vujacic|Shakira Austin",5,846,1002,156,6,2,4
"2019-20","11444","Delaware","Agnes Paul|Jasmine Dickey|Paris McBride|Rebecca Lawrence|Tee Johnson",5,882,1002,120,2,4,-2
"2019-20","11444","Delaware","Abby Gonzales|Agnes Paul|Jasmine Dickey|Rebecca Lawrence|Tee Johnson",5,1002,1130,128,3,3,0
"2019-20","11444","Maryland","Ashley Owusu|Diamond Miller|Sara Vujacic|Shakira Austin|Taylor Mikesell",5,1002,1200,198,8,5,3
"2019-20","11444","Delaware","Abby Gonzales|Agnes Paul|Brynn Wade|Jasmine Dickey|Tee Johnson",5,1130,1200,70,2,5,-3
"2019-20","11444","Delaware","Abby Gonzales|Agnes Paul|Jasmine Dickey|Samone DeFreese|Tee Johnson",5,1200,1334,134,2,7,-5
"2019-20","11444","Maryland","Ashley Owusu|Blair Watson|Kaila Charles|Shakira Austin|Taylor Mikesell",5,1200,1334,134,9,2,7
"2019-20","11444","Maryland","Ashley Owusu|Blair Watson|Diamond Miller|Kaila Charles|Shakira Austin",5,1334,1388,54,1,2,-1
"2019-20","11444","Maryland","Ashley Owusu|Blair Watson|Kaila Charles|Sara Vujacic|Shakira Austin",5,1388,1418,30,1,0,1
"2019-20","11444","Maryland","Ashley Owusu|Blair Watson|Kaila Charles|Sara Vujacic|Stephanie Jones",5,1418,1464,46,2,0,2
"2019-20","11444","Delaware","Abby Gonzales|Brynn Wade|Jasmine Dickey|Paris McBride|Tee Johnson",5,1334,1464,130,2,6,-4
"2019-20","11444","Maryland","Ashley Owusu|Kaila Charles|Sara Vujacic|Stephanie Jones|Taylor Mikesell",5,1464,1477,13,0,0,0
"2019-20","11444","Maryland","Ashley Owusu|Faith Masonius|Sara Vujacic|Stephanie Jones|Taylor Mikesell",5,1477,1527,50,0,3,-3
"2019-20","11444","Maryland","Ashley Owusu|Sara Vujacic|Shakira Austin|Stephanie Jones|Taylor Mikesell",5,1527,1599,72,2,3,-1
"2019-20","11444","Delaware","Jasmine Dickey|Lizzie Oleary|Paris McBride|Rebecca Lawrence|Tee Johnson",5,1464,1599,135,6,2,4
"2019-20","11444","Delaware","Agnes Paul|Jasmine Dickey|Paris McBride|Rebecca Lawrence|Tee Johnson",5,1599,1709,110,1,7,-6
"2019-20","11444","Maryland","Diamond Miller|Sara Vujacic|Shakira Austin|Stephanie Jones|Taylor Mikesell",5,1599,1808,209,12,3,9
"2019-20","11444","Maryland","Ashley Owusu|Diamond Miller|Kaila Charles|Sara Vujacic|Stephanie Jones",5,1808,2010,202,9,7,2
"2019-20","11444","Delaware","Agnes Paul|Jasmine Dickey|Lolo Davenport|Paris McBride|Tee Johnson",5,1709,2010,301,9,14,-5
"2019-20","11444","Maryland","Diamond Miller|Faith Masonius|Kaila Charles|Sara Vujacic|Stephanie Jones",5,2010,2054,44,0,0,0
"2019-20","11444","Delaware","Jasmine Dickey|Lizzie Oleary|Paris McBride|Rebecca Lawrence|Tee Johnson",5,2010,2092,82,2,0,2
"2019-20","11444","Maryland","Diamond Miller|Faith Masonius|Sara Vujacic|Stephanie Jones|Taylor Mikesell",5,2054,2117,63,0,2,-2
"2019-20","11444","Delaware","Lizzie Oleary|Paris McBride|Rebecca Lawrence|Samone DeFreese|Tee Johnson",5,2092,2117,25,0,0,0
"2019-20","11444","Maryland","Diamond Miller|Faith Masonius|Shakira Austin|Stephanie Jones|Taylor Mikesell",5,2117,2400,283,6,9,-3
"2019-20","11444","Delaware","Agnes Paul|Brynn Wade|Lolo Davenport|Paris McBride|Tee Johnson",5,2117,2400,283,9,6,3
"2019-20","11445","George Washington","Ariel Stephenson|Faith Blethen|Kayla Mokwuah|Neila Luma|Tori Hyduke",5,0,129,129,2,6,-4
"2019-20","11445","George Washington","Faith Blethen|Kayla Mokwuah|Mayowa Taiwo|Neila Luma|Tori Hyduke",5,129,201,72,0,5,-5
"2019-20","11445","Maryland","Ashley Owusu|Blair Watson|Kaila Charles|Shakira Austin|Taylor Mikesell",5,0,276,276,13,4,9
"2019-20","11445","Maryland","Ashley Owusu|Blair Watson|Diamond Miller|Kaila Charles|Shakira Austin",5,276,318,42,2,0,2
"2019-20","11445","George Washington","Ariel Stephenson|Faith Blethen|Kayla Mokwuah|Mayowa Taiwo|Tori Hyduke",5,201,318,117,2,4,-2
"2019-20","11445","Maryland","Ashley Owusu|Blair Watson|Diamond Miller|Faith Masonius|Stephanie Jones",5,318,345,27,0,0,0
"2019-20","11445","George Washington","Ariel Stephenson|Faith Blethen|Mayowa Taiwo|Olivia Gumbs|Tori Hyduke",5,318,345,27,0,0,0
"2019-20","11445","Maryland","Ashley Owusu|Diamond Miller|Sara Vujacic|Shakira Austin|Stephanie Jones",5,345,429,84,3,1,2
"2019-20","11445","George Washington","Faith Blethen|Mayowa Taiwo|Neila Luma|Olivia Gumbs|Tori Hyduke",5,345,429,84,1,3,-2
"2019-20","11445","Maryland","Diamond Miller|Kaila Charles|Sara Vujacic|Shakira Austin|Taylor Mikesell",5,429,501,72,5,0,5
"2019-20","11445","George Washington","Ariel Stephenson|Faith Blethen|Lexus Levy|Neila Luma|Olivia Gumbs",5,429,533,104,2,5,-3
"2019-20","11445","Maryland","Blair Watson|Kaila Charles|Sara Vujacic|Shakira Austin|Taylor Mikesell",5,501,547,46,0,2,-2
"2019-20","11445","Maryland","Ashley Owusu|Blair Watson|Kaila Charles|Sara Vujacic|Shakira Austin",5,547,604,57,0,0,0
"2019-20","11445","George Washington","Lexus Levy|Mayowa Taiwo|Neila Luma|Olivia Gumbs|Tori Hyduke",5,533,604,71,0,0,0
"2019-20","11445","George Washington","Kayla Mokwuah|Lexus Levy|Mayowa Taiwo|Neila Luma|Tori Hyduke",5,604,699,95,0,4,-4
"2019-20","11445","Maryland","Ashley Owusu|Blair Watson|Kaila Charles|Shakira Austin|Stephanie Jones",5,604,784,180,6,4,2
"2019-20","11445","Maryland","Ashley Owusu|Diamond Miller|Faith Masonius|Shakira Austin|Taylor Mikesell",5,784,796,12,0,0,0
"2019-20","11445","George Washington","Ariel Stephenson|Faith Blethen|Kayla Mokwuah|Neila Luma|Tori Hyduke",5,699,817,118,4,2,2
"2019-20","11445","Maryland","Ashley Owusu|Faith Masonius|Sara Vujacic|Shakira Austin|Taylor Mikesell",5,796,922,126,2,4,-2
"2019-20","11445","George Washington","Ariel Stephenson|Faith Blethen|Mayowa Taiwo|Olivia Gumbs|Tori Hyduke",5,817,922,105,4,2,2
"2019-20","11445","Maryland","Ashley Owusu|Faith Masonius|Kaila Charles|Sara Vujacic|Taylor Mikesell",5,922,983,61,2,3,-1
"2019-20","11445","George Washington","Faith Blethen|Mayowa Taiwo|Neila Luma|Olivia Gumbs|Tori Hyduke",5,922,990,68,3,2,1
"2019-20","11445","Maryland","Ashley Owusu|Faith Masonius|Sara Vujacic|Stephanie Jones|Taylor Mikesell",5,983,1084,101,6,3,3
"2019-20","11445","George Washington","Ariel Stephenson|Faith Blethen|Mayowa Taiwo|Olivia Gumbs|Tori Hyduke",5,990,1142,152,3,9,-6
"2019-20","11445","Maryland","Ashley Owusu|Faith Masonius|Shakira Austin|Stephanie Jones|Taylor Mikesell",5,1084,1179,95,5,0,5
"2019-20","11445","Maryland","Blair Watson|Faith Masonius|Shakira Austin|Stephanie Jones|Taylor Mikesell",5,1179,1200,21,2,3,-1
"2019-20","11445","George Washington","Essence Brown|Faith Blethen|Mayowa Taiwo|Olivia Gumbs|Tori Hyduke",5,1142,1200,58,3,4,-1
"2019-20","11445","George Washington","Ariel Stephenson|Faith Blethen|Kayla Mokwuah|Mayowa Taiwo|Tori Hyduke",5,1200,1359,159,6,4,2
"2019-20","11445","Maryland","Ashley Owusu|Blair Watson|Kaila Charles|Shakira Austin|Taylor Mikesell",5,1200,1359,159,6,6,0
"2019-20","11445","Maryland","Ashley Owusu|Blair Watson|Kaila Charles|Stephanie Jones|Taylor Mikesell",5,1359,1485,126,3,0,3
"2019-20","11445","George Washington","Essence Brown|Faith Blethen|Olivia Gumbs|Sarah Overcash|Tori Hyduke",5,1359,1485,126,0,5,-5
"2019-20","11445","Maryland","Blair Watson|Kaila Charles|Shakira Austin|Stephanie Jones|Taylor Mikesell",5,1485,1547,62,2,2,0
"2019-20","11445","George Washington","Ariel Stephenson|Essence Brown|Olivia Gumbs|Sarah Overcash|Tori Hyduke",5,1485,1547,62,2,2,0
"2019-20","11445","Maryland","Diamond Miller|Faith Masonius|Kaila Charles|Shakira Austin|Taylor Mikesell",5,1547,1663,116,5,3,2
"2019-20","11445","George Washington","Ariel Stephenson|Faith Blethen|Mayowa Taiwo|Olivia Gumbs|Tori Hyduke",5,1547,1663,116,3,5,-2
"2019-20","11445","George Washington","Ariel Stephenson|Essence Brown|Faith Blethen|Olivia Gumbs|Tori Hyduke",5,1663,1742,79,2,2,0
"2019-20","11445","Maryland","Ashley Owusu|Blair Watson|Faith Masonius|Sara Vujacic|Shakira Austin",5,1663,1758,95,2,2,0
"2019-20","11445","George Washington","Ariel Stephenson|Essence Brown|Faith Blethen|Lexus Levy|Olivia Gumbs",5,1742,1758,16,0,0,0
"2019-20","11445","George Washington","Essence Brown|Faith Blethen|Lexus Levy|Mayowa Taiwo|Olivia Gumbs",5,1758,1800,42,0,2,-2
"2019-20","11445","Maryland","Ashley Owusu|Blair Watson|Sara Vujacic|Shakira Austin|Stephanie Jones",5,1758,1993,235,12,7,5
"2019-20","11445","George Washington","Essence Brown|Faith Blethen|Kayla Mokwuah|Lexus Levy|Mayowa Taiwo",5,1800,1993,193,7,10,-3
"2019-20","11445","Maryland","Diamond Miller|Faith Masonius|Kaila Charles|Shakira Austin|Taylor Mikesell",5,1993,2191,198,5,5,0
"2019-20","11445","George Washington","Ariel Stephenson|Essence Brown|Faith Blethen|Olivia Gumbs|Tori Hyduke",5,1993,2191,198,5,5,0
"2019-20","11445","Maryland","Diamond Miller|Faith Masonius|Kaila Charles|Stephanie Jones|Taylor Mikesell",5,2191,2240,49,0,0,0
"2019-20","11445","George Washington","Ariel Stephenson|Essence Brown|Kayla Mokwuah|Mayowa Taiwo|Tori Hyduke",5,2191,2324,133,2,5,-3
"2019-20","11445","Maryland","Diamond Miller|Faith Masonius|Sara Vujacic|Stephanie Jones|Taylor Mikesell",5,2240,2400,160,7,5,2
"2019-20","11445","George Washington","Essence Brown|Faith Blethen|Kayla Mokwuah|Mayowa Taiwo|Tori Hyduke",5,2324,2400,76,3,2,1
"2019-20","11446","Quinnipiac","Jaden Ward|Paige Warfel|Sajada Bonner|Shaquana Edwards|Taylor Herd",5,0,87,87,3,7,-4
"2019-20","11446","Maryland","Ashley Owusu|Blair Watson|Kaila Charles|Shakira Austin|Taylor Mikesell",5,0,257,257,9,3,6
"2019-20","11446","Quinnipiac","Amani Free|Cat Almeida|Chiara Bacchini|Cur'Tiera Haywood|Mackenzie DeWees",5,87,287,200,0,6,-6
"2019-20","11446","Maryland","Ashley Owusu|Diamond Miller|Shakira Austin|Stephanie Jones|Taylor Mikesell",5,257,398,141,6,2,4
"2019-20","11446","Quinnipiac","Jaden Ward|Paige Warfel|Sajada Bonner|Shaquana Edwards|Taylor Herd",5,287,398,111,2,2,0
"2019-20","11446","Quinnipiac","Cur'Tiera Haywood|Jaden Ward|Paige Warfel|Sajada Bonner|Taylor Herd",5,398,405,7,0,0,0
"2019-20","11446","Maryland","Ashley Owusu|Blair Watson|Diamond Miller|Kaila Charles|Stephanie Jones",5,398,479,81,6,0,6
"2019-20","11446","Quinnipiac","Cur'Tiera Haywood|Paige Warfel|Sajada Bonner|Shaquana Edwards|Taylor Herd",5,405,479,74,0,6,-6
"2019-20","11446","Maryland","Diamond Miller|Kaila Charles|Sara Vujacic|Stephanie Jones|Taylor Mikesell",5,479,493,14,0,0,0
"2019-20","11446","Quinnipiac","Amani Free|Cur'Tiera Haywood|Mackenzie DeWees|Paige Warfel|Taylor Herd",5,479,513,34,0,0,0
"2019-20","11446","Quinnipiac","Amani Free|Cur'Tiera Haywood|Jaden Ward|Mackenzie DeWees|Taylor Herd",5,513,547,34,0,3,-3
"2019-20","11446","Maryland","Diamond Miller|Kaila Charles|Sara Vujacic|Shakira Austin|Taylor Mikesell",5,493,600,107,3,2,1
"2019-20","11446","Quinnipiac","Amani Free|Chiara Bacchini|Cur'Tiera Haywood|Jaden Ward|Mackenzie DeWees",5,547,600,53,2,0,2
"2019-20","11446","Maryland","Blair Watson|Diamond Miller|Kaila Charles|Shakira Austin|Taylor Mikesell",5,600,624,24,0,0,0
"2019-20","11446","Quinnipiac","Amani Free|Chiara Bacchini|Jaden Ward|Mackenzie DeWees|Paige Warfel",5,600,688,88,3,2,1
"2019-20","11446","Quinnipiac","Amani Free|Cur'Tiera Haywood|Paige Warfel|Shaquana Edwards|Taylor Herd",5,688,725,37,0,4,-4
"2019-20","11446","Maryland","Ashley Owusu|Blair Watson|Kaila Charles|Shakira Austin|Taylor Mikesell",5,624,846,222,9,8,1
"2019-20","11446","Quinnipiac","Cur'Tiera Haywood|Paige Warfel|Sajada Bonner|Shaquana Edwards|Taylor Herd",5,725,846,121,5,3,2
"2019-20","11446","Maryland","Blair Watson|Diamond Miller|Kaila Charles|Stephanie Jones|Taylor Mikesell",5,846,887,41,0,2,-2
"2019-20","11446","Maryland","Blair Watson|Diamond Miller|Faith Masonius|Stephanie Jones|Taylor Mikesell",5,887,940,53,2,2,0
"2019-20","11446","Quinnipiac","Cur'Tiera Haywood|Mackenzie DeWees|Paige Warfel|Sajada Bonner|Taylor Herd",5,846,994,148,4,4,0
"2019-20","11446","Maryland","Blair Watson|Diamond Miller|Faith Masonius|Shakira Austin|Taylor Mikesell",5,940,1041,101,4,0,4
"2019-20","11446","Quinnipiac","Amani Free|Jaden Ward|Paige Warfel|Shaquana Edwards|Taylor Herd",5,994,1058,64,0,3,-3
"2019-20","11446","Maryland","Ashley Owusu|Blair Watson|Diamond Miller|Faith Masonius|Shakira Austin",5,1041,1200,159,6,5,1
"2019-20","11446","Quinnipiac","Amani Free|Chiara Bacchini|Jaden Ward|Paige Warfel|Shaquana Edwards",5,1058,1200,142,5,5,0
"2019-20","11446","Quinnipiac","Jaden Ward|Paige Warfel|Sajada Bonner|Shaquana Edwards|Taylor Herd",5,1200,1330,130,0,4,-4
"2019-20","11446","Quinnipiac","Amani Free|Cat Almeida|Chiara Bacchini|Cur'Tiera Haywood|Mackenzie DeWees",5,1330,1356,26,0,5,-5
"2019-20","11446","Maryland","Ashley Owusu|Blair Watson|Kaila Charles|Shakira Austin|Taylor Mikesell",5,1200,1465,265,14,0,14
"2019-20","11446","Quinnipiac","Jaden Ward|Paige Warfel|Sajada Bonner|Shaquana Edwards|Taylor Herd",5,1356,1465,109,0,5,-5
"2019-20","11446","Maryland","Diamond Miller|Kaila Charles|Sara Vujacic|Stephanie Jones|Taylor Mikesell",5,1465,1500,35,2,0,2
"2019-20","11446","Quinnipiac","Cur'Tiera Haywood|Paige Warfel|Sajada Bonner|Shaquana Edwards|Taylor Herd",5,1465,1531,66,2,2,0
"2019-20","11446","Maryland","Diamond Miller|Faith Masonius|Sara Vujacic|Stephanie Jones|Taylor Mikesell",5,1500,1592,92,1,2,-1
"2019-20","11446","Quinnipiac","Amani Free|Cur'Tiera Haywood|Paige Warfel|Shaquana Edwards|Taylor Herd",5,1531,1592,61,0,1,-1
"2019-20","11446","Quinnipiac","Amani Free|Chiara Bacchini|Cur'Tiera Haywood|Paige Warfel|Shaquana Edwards",5,1592,1664,72,0,5,-5
"2019-20","11446","Quinnipiac","Amani Free|Chiara Bacchini|Cur'Tiera Haywood|Jaden Ward|Shaquana Edwards",5,1664,1707,43,0,5,-5
"2019-20","11446","Quinnipiac","Chiara Bacchini|Cur'Tiera Haywood|Jaden Ward|Mackenzie DeWees|Taylor Herd",5,1707,1763,56,2,4,-2
"2019-20","11446","Maryland","Ashley Owusu|Diamond Miller|Faith Masonius|Sara Vujacic|Stephanie Jones",5,1592,1800,208,16,2,14
"2019-20","11446","Maryland","Faith Masonius|Kaila Charles|Sara Vujacic|Shakira Austin|Taylor Mikesell",5,1800,1935,135,6,5,1
"2019-20","11446","Quinnipiac","Chiara Bacchini|Cur'Tiera Haywood|Mackenzie DeWees|Paige Warfel|Taylor Herd",5,1763,1935,172,5,8,-3
"2019-20","11446","Maryland","Faith Masonius|Kaila Charles|Sara Vujacic|Stephanie Jones|Taylor Mikesell",5,1935,2035,100,7,2,5
"2019-20","11446","Quinnipiac","Cur'Tiera Haywood|Mackenzie DeWees|Paige Warfel|Sajada Bonner|Taylor Herd",5,1935,2035,100,2,7,-5
"2019-20","11446","Quinnipiac","Amani Free|Cur'Tiera Haywood|Jaden Ward|Mackenzie DeWees|Taylor Herd",5,2035,2085,50,3,6,-3
"2019-20","11446","Quinnipiac","Amani Free|Jaden Ward|Mackenzie DeWees|Paige Warfel|Taylor Herd",5,2085,2105,20,0,0,0
"2019-20","11446","Maryland","Ashley Owusu|Diamond Miller|Faith Masonius|Sara Vujacic|Stephanie Jones",5,2035,2400,365,16,17,-1
"2019-20","11446","Quinnipiac","Amani Free|Cat Almeida|Jaden Ward|Mackenzie DeWees|Sajada Bonner",5,2105,2400,295,14,10,4
"2019-20","11447","Maryland","Ashley Owusu|Blair Watson|Kaila Charles|Shakira Austin|Taylor Mikesell",5,0,155,155,2,0,2
"2019-20","11447","Clemson","Amari Robinson|Destiny Thomas|Hannah Hank|Kendall Spray|Shania Meertens",5,0,155,155,0,2,-2
"2019-20","11447","Maryland","Blair Watson|Diamond Miller|Shakira Austin|Stephanie Jones|Taylor Mikesell",5,155,177,22,2,0,2
"2019-20","11447","Clemson","Amari Robinson|Destiny Thomas|Hannah Hank|Kobi Thornton|Shania Meertens",5,155,228,73,2,5,-3
"2019-20","11447","Maryland","Ashley Owusu|Blair Watson|Diamond Miller|Shakira Austin|Stephanie Jones",5,177,321,144,5,2,3
"2019-20","11447","Clemson","Amari Robinson|Kendall Spray|Kobi Thornton|Mikayla Hayes|Shania Meertens",5,228,321,93,0,2,-2
"2019-20","11447","Clemson","Chyna Cotton|Destiny Thomas|Kendall Spray|Kobi Thornton|Mikayla Hayes",5,321,361,40,0,2,-2
"2019-20","11447","Maryland","Ashley Owusu|Blair Watson|Kaila Charles|Stephanie Jones|Taylor Mikesell",5,321,366,45,2,0,2
"2019-20","11447","Maryland","Blair Watson|Kaila Charles|Sara Vujacic|Stephanie Jones|Taylor Mikesell",5,366,392,26,0,2,-2
"2019-20","11447","Clemson","Destiny Thomas|Kendall Spray|Kobi Thornton|Mikayla Hayes|Shania Meertens",5,361,392,31,2,0,2
"2019-20","11447","Clemson","Destiny Thomas|Kendall Spray|Mikayla Hayes|Shania Meertens|Tylar Bennett",5,392,408,16,0,0,0
"2019-20","11447","Maryland","Kaila Charles|Sara Vujacic|Shakira Austin|Stephanie Jones|Taylor Mikesell",5,392,458,66,0,0,0
"2019-20","11447","Clemson","Chyna Cotton|Kendall Spray|Mikayla Hayes|Shania Meertens|Tylar Bennett",5,408,458,50,0,0,0
"2019-20","11447","Maryland","Blair Watson|Sara Vujacic|Shakira Austin|Stephanie Jones|Taylor Mikesell",5,458,491,33,1,1,0
"2019-20","11447","Maryland","Blair Watson|Kaila Charles|Sara Vujacic|Stephanie Jones|Taylor Mikesell",5,491,507,16,0,0,0
"2019-20","11447","Clemson","Amari Robinson|Kendall Spray|Kobi Thornton|Mikayla Hayes|Shania Meertens",5,458,521,63,1,1,0
"2019-20","11447","Clemson","Amari Robinson|Kaylee Sticker|Kendall Spray|Kobi Thornton|Mikayla Hayes",5,521,600,79,0,0,0
"2019-20","11447","Maryland","Blair Watson|Faith Masonius|Kaila Charles|Sara Vujacic|Taylor Mikesell",5,507,600,93,0,0,0
"2019-20","11447","Clemson","Amari Robinson|Hannah Hank|Kendall Spray|Mikayla Hayes|Shania Meertens",5,600,678,78,0,4,-4
"2019-20","11447","Maryland","Ashley Owusu|Blair Watson|Kaila Charles|Shakira Austin|Taylor Mikesell",5,600,688,88,4,1,3
"2019-20","11447","Maryland","Ashley Owusu|Blair Watson|Shakira Austin|Stephanie Jones|Taylor Mikesell",5,688,723,35,0,0,0
"2019-20","11447","Clemson","Amari Robinson|Kendall Spray|Kobi Thornton|Mikayla Hayes|Shania Meertens",5,678,756,78,1,3,-2
"2019-20","11447","Clemson","Amari Robinson|Kendall Spray|Mikayla Hayes|Shania Meertens|Tylar Bennett",5,756,815,59,0,0,0
"2019-20","11447","Clemson","Amari Robinson|Destiny Thomas|Mikayla Hayes|Shania Meertens|Tylar Bennett",5,815,917,102,0,3,-3
"2019-20","11447","Clemson","Amari Robinson|Destiny Thomas|Kobi Thornton|Shania Meertens|Tylar Bennett",5,917,968,51,0,6,-6
"2019-20","11447","Maryland","Ashley Owusu|Blair Watson|Diamond Miller|Shakira Austin|Stephanie Jones",5,723,978,255,12,0,12
"2019-20","11447","Clemson","Amari Robinson|Destiny Thomas|Kendall Spray|Kobi Thornton|Tylar Bennett",5,968,978,10,0,0,0
"2019-20","11447","Maryland","Ashley Owusu|Diamond Miller|Kaila Charles|Shakira Austin|Taylor Mikesell",5,978,1102,124,4,9,-5
"2019-20","11447","Clemson","Amari Robinson|Destiny Thomas|Kendall Spray|Kobi Thornton|Mikayla Hayes",5,978,1102,124,9,4,5
"2019-20","11447","Maryland","Ashley Owusu|Blair Watson|Diamond Miller|Shakira Austin|Stephanie Jones",5,1102,1124,22,0,0,0
"2019-20","11447","Maryland","Ashley Owusu|Blair Watson|Diamond Miller|Faith Masonius|Shakira Austin",5,1124,1162,38,0,2,-2
"2019-20","11447","Clemson","Amari Robinson|Destiny Thomas|Kendall Spray|Mikayla Hayes|Shania Meertens",5,1102,1162,60,2,0,2
"2019-20","11447","Clemson","Amari Robinson|Chyna Cotton|Kendall Spray|Shania Meertens|Tylar Bennett",5,1162,1200,38,0,2,-2
"2019-20","11447","Maryland","Blair Watson|Diamond Miller|Faith Masonius|Shakira Austin|Taylor Mikesell",5,1162,1200,38,2,0,2
"2019-20","11447","Maryland","Ashley Owusu|Blair Watson|Kaila Charles|Shakira Austin|Taylor Mikesell",5,1200,1405,205,2,6,-4
"2019-20","11447","Clemson","Amari Robinson|Destiny Thomas|Kendall Spray|Mikayla Hayes|Shania Meertens",5,1200,1405,205,6,2,4
"2019-20","11447","Clemson","Destiny Thomas|Hannah Hank|Kendall Spray|Kobi Thornton|Shania Meertens",5,1405,1414,9,0,0,0
"2019-20","11447","Maryland","Blair Watson|Diamond Miller|Kaila Charles|Shakira Austin|Taylor Mikesell",5,1405,1433,28,1,0,1
"2019-20","11447","Clemson","Chyna Cotton|Hannah Hank|Kendall Spray|Kobi Thornton|Shania Meertens",5,1414,1531,117,0,3,-3
"2019-20","11447","Maryland","Blair Watson|Diamond Miller|Kaila Charles|Stephanie Jones|Taylor Mikesell",5,1433,1589,156,6,2,4
"2019-20","11447","Clemson","Amari Robinson|Chyna Cotton|Destiny Thomas|Kobi Thornton|Tylar Bennett",5,1531,1589,58,2,4,-2
"2019-20","11447","Maryland","Diamond Miller|Kaila Charles|Sara Vujacic|Stephanie Jones|Taylor Mikesell",5,1589,1607,18,0,2,-2
"2019-20","11447","Clemson","Amari Robinson|Destiny Thomas|Kobi Thornton|Shania Meertens|Tylar Bennett",5,1589,1607,18,2,0,2
"2019-20","11447","Maryland","Diamond Miller|Kaila Charles|Sara Vujacic|Shakira Austin|Taylor Mikesell",5,1607,1641,34,0,0,0
"2019-20","11447","Maryland","Diamond Miller|Sara Vujacic|Shakira Austin|Stephanie Jones|Taylor Mikesell",5,1641,1666,25,0,1,-1
"2019-20","11447","Clemson","Amari Robinson|Chyna Cotton|Kobi Thornton|Shania Meertens|Tylar Bennett",5,1607,1666,59,1,0,1
"2019-20","11447","Maryland","Ashley Owusu|Blair Watson|Diamond Miller|Shakira Austin|Stephanie Jones",5,1666,1673,7,0,2,-2
"2019-20","11447","Clemson","Amari Robinson|Chyna Cotton|Kendall Spray|Kobi Thornton|Tylar Bennett",5,1666,1724,58,2,0,2
"2019-20","11447","Maryland","Ashley Owusu|Diamond Miller|Shakira Austin|Stephanie Jones|Taylor Mikesell",5,1673,1751,78,2,2,0
"2019-20","11447","Clemson","Amari Robinson|Kendall Spray|Kobi Thornton|Mikayla Hayes|Shania Meertens",5,1724,1763,39,2,3,-1
"2019-20","11447","Maryland","Ashley Owusu|Diamond Miller|Kaila Charles|Shakira Austin|Taylor Mikesell",5,1751,1799,48,1,3,-2
"2019-20","11447","Clemson","Kaylee Sticker|Kendall Spray|Kobi Thornton|Mikayla Hayes|Shania Meertens",5,1763,1799,36,3,0,3
"2019-20","11447","Clemson","Chyna Cotton|Kendall Spray|Mikayla Hayes|Shania Meertens|Tylar Bennett",5,1799,1800,1,0,0,0
"2019-20","11447","Maryland","Diamond Miller|Kaila Charles|Sara Vujacic|Shakira Austin|Taylor Mikesell",5,1799,1800,1,0,0,0
"2019-20","11447","Clemson","Destiny Thomas|Kendall Spray|Mikayla Hayes|Shania Meertens|Tylar Bennett",5,1800,1908,108,2,3,-1
"2019-20","11447","Clemson","Amari Robinson|Destiny Thomas|Kendall Spray|Mikayla Hayes|Shania Meertens",5,1908,1927,19,0,0,0
"2019-20","11447","Clemson","Amari Robinson|Destiny Thomas|Kendall Spray|Kobi Thornton|Mikayla Hayes|Shania Meertens",6,1927,1934,7,0,3,-3
"2019-20","11447","Clemson","Destiny Thomas|Kendall Spray|Kobi Thornton|Mikayla Hayes|Shania Meertens",5,1934,1980,46,0,3,-3
"2019-20","11447","Clemson","Destiny Thomas|Kaylee Sticker|Kobi Thornton|Mikayla Hayes|Shania Meertens",5,1980,2024,44,0,0,0
"2019-20","11447","Maryland","Blair Watson|Diamond Miller|Kaila Charles|Shakira Austin|Taylor Mikesell",5,1800,2138,338,16,2,14
"2019-20","11447","Clemson","Destiny Thomas|Hannah Hank|Kaylee Sticker|Mikayla Hayes|Shania Meertens",5,2024,2138,114,0,7,-7
"2019-20","11447","Maryland","Ashley Owusu|Diamond Miller|Faith Masonius|Sara Vujacic|Stephanie Jones",5,2138,2218,80,0,3,-3
"2019-20","11447","Clemson","Destiny Thomas|Hannah Hank|Kendall Spray|Shania Meertens|Tylar Bennett",5,2138,2229,91,3,0,3
"2019-20","11447","Clemson","Chyna Cotton|Destiny Thomas|Hannah Hank|Shania Meertens|Tylar Bennett",5,2229,2244,15,0,0,0
"2019-20","11447","Clemson","Chyna Cotton|Destiny Thomas|Hannah Hank|Kaylee Sticker|Tylar Bennett",5,2244,2307,63,0,1,-1
"2019-20","11447","Clemson","Chyna Cotton|Hannah Hank|Kaylee Sticker|Kendall Spray|Tylar Bennett",5,2307,2400,93,4,0,4
"2019-20","11447","Maryland","Ashley Owusu|Faith Masonius|Kaila Charles|Sara Vujacic|Stephanie Jones",5,2218,2400,182,1,4,-3
"2019-20","11448","Belmont","Conley Chinn|Ellie Harmeyer|Maddie Cook|Maddie Wright|Maura Muensterman",5,0,154,154,0,2,-2
"2019-20","11448","Belmont","Conley Chinn|Ellie Harmeyer|Kiki Britzmann|Maddie Wright|Maura Muensterman",5,154,376,222,3,4,-1
"2019-20","11448","Maryland","Ashley Owusu|Blair Watson|Kaila Charles|Shakira Austin|Taylor Mikesell",5,0,376,376,6,3,3
"2019-20","11448","Belmont","Cam Browning|Conley Chinn|Ellie Harmeyer|Kiki Britzmann|Maddie Cook",5,376,395,19,0,0,0
"2019-20","11448","Maryland","Blair Watson|Diamond Miller|Kaila Charles|Stephanie Jones|Taylor Mikesell",5,376,396,20,0,0,0
"2019-20","11448","Belmont","Cam Browning|Ellie Harmeyer|Grace Smith|Kiki Britzmann|Maddie Cook",5,395,525,130,0,2,-2
"2019-20","11448","Belmont","Cam Browning|Ellie Harmeyer|Kiki Britzmann|Maddie Cook|Maura Muensterman",5,525,575,50,0,4,-4
"2019-20","11448","Maryland","Diamond Miller|Kaila Charles|Shakira Austin|Stephanie Jones|Taylor Mikesell",5,396,575,179,6,0,6
"2019-20","11448","Maryland","Kaila Charles|Sara Vujacic|Shakira Austin|Stephanie Jones|Taylor Mikesell",5,575,600,25,0,0,0
"2019-20","11448","Belmont","Cam Browning|Conley Chinn|Kiki Britzmann|Maddie Cook|Maura Muensterman",5,575,600,25,0,0,0
"2019-20","11448","Belmont","Conley Chinn|Maddie Cook|Maddie Wright|Maura Muensterman|Nikki Baird",5,600,695,95,3,3,0
"2019-20","11448","Belmont","Conley Chinn|Macie Culbertson|Maddie Wright|Maura Muensterman|Nikki Baird",5,695,767,72,0,0,0
"2019-20","11448","Maryland","Ashley Owusu|Blair Watson|Shakira Austin|Stephanie Jones|Taylor Mikesell",5,600,767,167,3,3,0
"2019-20","11448","Maryland","Ashley Owusu|Blair Watson|Kaila Charles|Stephanie Jones|Taylor Mikesell",5,767,844,77,7,4,3
"2019-20","11448","Maryland","Ashley Owusu|Blair Watson|Diamond Miller|Kaila Charles|Stephanie Jones",5,844,875,31,2,0,2
"2019-20","11448","Belmont","Ellie Harmeyer|Kiki Britzmann|Maddie Wright|Maura Muensterman|Nikki Baird",5,767,928,161,6,13,-7
"2019-20","11448","Belmont","Conley Chinn|Maddie Cook|Maddie Wright|Maura Muensterman|Nikki Baird",5,928,1015,87,3,2,1
"2019-20","11448","Belmont","Cam Browning|Conley Chinn|Grace Smith|Maddie Cook|Maura Muensterman",5,1015,1094,79,0,2,-2
"2019-20","11448","Maryland","Ashley Owusu|Blair Watson|Diamond Miller|Shakira Austin|Stephanie Jones",5,875,1094,219,8,5,3
"2019-20","11448","Belmont","Cam Browning|Conley Chinn|Grace Smith|Macie Culbertson|Maura Muensterman",5,1094,1169,75,2,3,-1
"2019-20","11448","Maryland","Ashley Owusu|Blair Watson|Diamond Miller|Faith Masonius|Stephanie Jones",5,1094,1200,106,5,2,3
"2019-20","11448","Belmont","Conley Chinn|Grace Smith|Kiki Britzmann|Maddie Wright|Maura Muensterman",5,1169,1200,31,0,2,-2
"2019-20","11448","Belmont","Conley Chinn|Kiki Britzmann|Maddie Cook|Maddie Wright|Maura Muensterman",5,1200,1381,181,3,8,-5
"2019-20","11448","Maryland","Ashley Owusu|Blair Watson|Kaila Charles|Shakira Austin|Taylor Mikesell",5,1200,1381,181,8,3,5
"2019-20","11448","Belmont","Cam Browning|Grace Smith|Kiki Britzmann|Maddie Cook|Nikki Baird",5,1381,1463,82,0,5,-5
"2019-20","11448","Belmont","Cam Browning|Grace Smith|Kiki Britzmann|Macie Culbertson|Nikki Baird",5,1463,1554,91,0,7,-7
"2019-20","11448","Maryland","Ashley Owusu|Blair Watson|Shakira Austin|Stephanie Jones|Taylor Mikesell",5,1381,1554,173,12,0,12
"2019-20","11448","Belmont","Grace Smith|Macie Culbertson|Maddie Wright|Maura Muensterman|Nikki Baird",5,1554,1666,112,0,3,-3
"2019-20","11448","Maryland","Ashley Owusu|Diamond Miller|Faith Masonius|Sara Vujacic|Shakira Austin",5,1554,1720,166,8,0,8
"2019-20","11448","Maryland","Diamond Miller|Faith Masonius|Sara Vujacic|Shakira Austin|Taylor Mikesell",5,1720,1800,80,0,0,0
"2019-20","11448","Belmont","Conley Chinn|Grace Smith|Maddie Wright|Maura Muensterman|Nikki Baird",5,1666,1800,134,0,5,-5
"2019-20","11448","Belmont","Cam Browning|Conley Chinn|Kiki Britzmann|Maddie Cook|Maura Muensterman",5,1800,1981,181,0,6,-6
"2019-20","11448","Belmont","Cam Browning|Kiki Britzmann|Macie Culbertson|Maddie Cook|Nikki Baird",5,1981,2103,122,0,8,-8
"2019-20","11448","Maryland","Diamond Miller|Faith Masonius|Kaila Charles|Sara Vujacic|Taylor Mikesell",5,1800,2103,303,14,0,14
"2019-20","11448","Belmont","Cam Browning|Grace Smith|Kiki Britzmann|Maddie Cook|Nikki Baird",5,2103,2200,97,4,4,0
"2019-20","11448","Maryland","Diamond Miller|Faith Masonius|Sara Vujacic|Stephanie Jones|Taylor Mikesell",5,2103,2400,297,11,6,5
"2019-20","11448","Belmont","Cam Browning|Grace Smith|Macie Culbertson|Maddie Cook|Nikki Baird",5,2200,2400,200,2,7,-5
"2019-20","11449","Maryland","Ashley Owusu|Blair Watson|Kaila Charles|Shakira Austin|Taylor Mikesell",5,0,107,107,6,2,4
"2019-20","11449","Maryland","Ashley Owusu|Blair Watson|Kaila Charles|Stephanie Jones|Taylor Mikesell",5,107,289,182,8,9,-1
"2019-20","11449","Maryland","Ashley Owusu|Blair Watson|Diamond Miller|Faith Masonius|Stephanie Jones",5,289,344,55,0,2,-2
"2019-20","11449","Maryland","Blair Watson|Diamond Miller|Kaila Charles|Stephanie Jones|Taylor Mikesell",5,344,399,55,0,0,0
"2019-20","11449","NC State","Aislinn Konig|Elissa Cunane|Jakia Brown-Turner|Kai Crutchfield|Kayla Jones",5,0,405,405,13,14,-1
"2019-20","11449","Maryland","Diamond Miller|Kaila Charles|Shakira Austin|Stephanie Jones|Taylor Mikesell",5,399,405,6,0,0,0
"2019-20","11449","NC State","Aislinn Konig|Erika Cassell|Jakia Brown-Turner|Kai Crutchfield|Kayla Jones",5,405,448,43,0,0,0
"2019-20","11449","Maryland","Blair Watson|Diamond Miller|Kaila Charles|Shakira Austin|Taylor Mikesell",5,405,482,77,2,0,2
"2019-20","11449","NC State","Aislinn Konig|Erika Cassell|Grace Hunter|Jakia Brown-Turner|Kayla Jones",5,448,600,152,2,4,-2
"2019-20","11449","NC State","Erika Cassell|Grace Hunter|Jada Boyd|Kai Crutchfield|Kaila Ealey",5,600,665,65,0,1,-1
"2019-20","11449","Maryland","Ashley Owusu|Blair Watson|Diamond Miller|Kaila Charles|Shakira Austin",5,482,737,255,3,5,-2
"2019-20","11449","NC State","Elissa Cunane|Grace Hunter|Jada Boyd|Kai Crutchfield|Kaila Ealey",5,665,821,156,5,6,-1
"2019-20","11449","Maryland","Blair Watson|Diamond Miller|Kaila Charles|Shakira Austin|Taylor Mikesell",5,737,821,84,6,2,4
"2019-20","11449","NC State","Aislinn Konig|Elissa Cunane|Jada Boyd|Jakia Brown-Turner|Kai Crutchfield",5,821,827,6,0,0,0
"2019-20","11449","Maryland","Blair Watson|Diamond Miller|Kaila Charles|Stephanie Jones|Taylor Mikesell",5,821,975,154,0,8,-8
"2019-20","11449","Maryland","Ashley Owusu|Blair Watson|Kaila Charles|Stephanie Jones|Taylor Mikesell",5,975,1070,95,3,0,3
"2019-20","11449","NC State","Aislinn Konig|Elissa Cunane|Jakia Brown-Turner|Kai Crutchfield|Kayla Jones",5,827,1135,308,8,3,5
"2019-20","11449","NC State","Aislinn Konig|Erika Cassell|Jakia Brown-Turner|Kai Crutchfield|Kayla Jones",5,1135,1160,25,0,2,-2
"2019-20","11449","NC State","Aislinn Konig|Erika Cassell|Grace Hunter|Kai Crutchfield|Kayla Jones",5,1160,1200,40,0,0,0
"2019-20","11449","Maryland","Ashley Owusu|Blair Watson|Faith Masonius|Kaila Charles|Taylor Mikesell",5,1070,1200,130,2,0,2
"2019-20","11449","Maryland","Ashley Owusu|Blair Watson|Kaila Charles|Shakira Austin|Taylor Mikesell",5,1200,1377,177,2,8,-6
"2019-20","11449","Maryland","Ashley Owusu|Blair Watson|Kaila Charles|Stephanie Jones|Taylor Mikesell",5,1377,1417,40,0,2,-2
"2019-20","11449","Maryland","Blair Watson|Faith Masonius|Kaila Charles|Stephanie Jones|Taylor Mikesell",5,1417,1700,283,5,5,0
"2019-20","11449","NC State","Aislinn Konig|Elissa Cunane|Jakia Brown-Turner|Kai Crutchfield|Kayla Jones",5,1200,1751,551,18,7,11
"2019-20","11449","Maryland","Ashley Owusu|Blair Watson|Kaila Charles|Stephanie Jones|Taylor Mikesell",5,1700,1751,51,0,3,-3
"2019-20","11449","NC State","Aislinn Konig|Elissa Cunane|Grace Hunter|Kai Crutchfield|Kayla Jones",5,1751,1800,49,0,2,-2
"2019-20","11449","NC State","Elissa Cunane|Grace Hunter|Jada Boyd|Kai Crutchfield|Kaila Ealey",5,1800,1870,70,0,4,-4
"2019-20","11449","NC State","Aislinn Konig|Elissa Cunane|Grace Hunter|Jada Boyd|Kaila Ealey",5,1870,1986,116,4,4,0
"2019-20","11449","NC State","Aislinn Konig|Elissa Cunane|Jada Boyd|Jakia Brown-Turner|Kai Crutchfield",5,1986,2006,20,0,0,0
"2019-20","11449","NC State","Aislinn Konig|Erika Cassell|Jakia Brown-Turner|Kai Crutchfield|Kayla Jones",5,2006,2142,136,5,4,1
"2019-20","11449","Maryland","Ashley Owusu|Diamond Miller|Kaila Charles|Shakira Austin|Taylor Mikesell",5,1751,2142,391,14,9,5
"2019-20","11449","Maryland","Ashley Owusu|Blair Watson|Kaila Charles|Shakira Austin|Taylor Mikesell",5,2142,2257,115,2,7,-5
"2019-20","11449","NC State","Aislinn Konig|Elissa Cunane|Jakia Brown-Turner|Kai Crutchfield|Kayla Jones",5,2142,2400,258,11,8,3
"2019-20","11449","Maryland","Ashley Owusu|Blair Watson|Kaila Charles|Stephanie Jones|Taylor Mikesell",5,2257,2400,143,6,4,2
"2019-20","11450","Maryland","Ashley Owusu|Blair Watson|Kaila Charles|Shakira Austin|Taylor Mikesell",5,0,309,309,13,5,8
"2019-20","11450","Loyola Maryland","Alexis Gray|Delaney Connolly|Hannah Niles|Laryn Edwards|Stephanie Karcz",5,0,309,309,5,13,-8
"2019-20","11450","Maryland","Ashley Owusu|Diamond Miller|Faith Masonius|Stephanie Jones|Taylor Mikesell",5,309,442,133,2,2,0
"2019-20","11450","Loyola Maryland","Alexis Gray|Delaney Connolly|Isabella Therien|Laryn Edwards|Stephanie Karcz",5,309,487,178,2,4,-2
"2019-20","11450","Maryland","Blair Watson|Diamond Miller|Faith Masonius|Shakira Austin|Taylor Mikesell",5,442,565,123,2,0,2
"2019-20","11450","Loyola Maryland","Alexis Gray|Ava Therien|Bri Rozzi|Isabella Therien|Stephanie Karcz",5,487,565,78,0,0,0
"2019-20","11450","Maryland","Blair Watson|Diamond Miller|Faith Masonius|Kaila Charles|Taylor Mikesell",5,565,600,35,3,3,0
"2019-20","11450","Maryland","Ashley Owusu|Blair Watson|Diamond Miller|Kaila Charles|Shakira Austin",5,600,715,115,4,2,2
"2019-20","11450","Loyola Maryland","Ava Therien|Bri Rozzi|Emily McAteer|Laryn Edwards|Stephanie Karcz",5,565,786,221,5,8,-3
"2019-20","11450","Maryland","Ashley Owusu|Blair Watson|Kaila Charles|Shakira Austin|Taylor Mikesell",5,715,786,71,1,0,1
"2019-20","11450","Loyola Maryland","Alexis Gray|Ava Therien|Bri Rozzi|Emily McAteer|Isabella Therien",5,786,844,58,0,5,-5
"2019-20","11450","Maryland","Blair Watson|Faith Masonius|Kaila Charles|Shakira Austin|Taylor Mikesell",5,786,893,107,5,0,5
"2019-20","11450","Loyola Maryland","Alexis Gray|Bri Rozzi|Delaney Connolly|Emily McAteer|Isabella Therien",5,844,893,49,0,0,0
"2019-20","11450","Loyola Maryland","Alexis Gray|Bri Rozzi|Delaney Connolly|Emily McAteer|Stephanie Karcz",5,893,1001,108,0,8,-8
"2019-20","11450","Loyola Maryland","Alexis Gray|Bri Rozzi|Delaney Connolly|Hannah Niles|Stephanie Karcz",5,1001,1138,137,3,8,-5
"2019-20","11450","Maryland","Faith Masonius|Sara Vujacic|Shakira Austin|Stephanie Jones|Taylor Mikesell",5,893,1200,307,20,5,15
"2019-20","11450","Maryland","Ashley Owusu|Blair Watson|Kaila Charles|Shakira Austin|Taylor Mikesell",5,1200,1356,156,8,2,6
"2019-20","11450","Maryland","Ashley Owusu|Diamond Miller|Kaila Charles|Shakira Austin|Taylor Mikesell",5,1356,1477,121,6,1,5
"2019-20","11450","Loyola Maryland","Alexis Gray|Delaney Connolly|Hannah Niles|Laryn Edwards|Stephanie Karcz",5,1138,1477,339,5,18,-13
"2019-20","11450","Loyola Maryland","Alexis Gray|Delaney Connolly|Isabella Therien|Laryn Edwards|Stephanie Karcz",5,1477,1526,49,2,4,-2
"2019-20","11450","Maryland","Diamond Miller|Kaila Charles|Sara Vujacic|Stephanie Jones|Taylor Mikesell",5,1477,1630,153,9,5,4
"2019-20","11450","Loyola Maryland","Alexis Gray|Ava Therien|Isabella Therien|Laryn Edwards|Stephanie Karcz",5,1526,1652,126,3,6,-3
"2019-20","11450","Maryland","Ashley Owusu|Faith Masonius|Sara Vujacic|Stephanie Jones|Taylor Mikesell",5,1630,1700,70,3,2,1
"2019-20","11450","Loyola Maryland","Alexis Gray|Ava Therien|Bri Rozzi|Isabella Therien|Stephanie Karcz",5,1652,1700,48,2,2,0
"2019-20","11450","Maryland","Ashley Owusu|Faith Masonius|Sara Vujacic|Shakira Austin|Stephanie Jones",5,1700,1800,100,4,4,0
"2019-20","11450","Maryland","Ashley Owusu|Diamond Miller|Faith Masonius|Shakira Austin|Stephanie Jones",5,1800,1882,82,5,3,2
"2019-20","11450","Loyola Maryland","Ava Therien|Bri Rozzi|Emily McAteer|Isabella Therien|Stephanie Karcz",5,1700,1933,233,9,9,0
"2019-20","11450","Maryland","Ashley Owusu|Diamond Miller|Faith Masonius|Kaila Charles|Stephanie Jones",5,1882,1943,61,0,2,-2
"2019-20","11450","Maryland","Ashley Owusu|Diamond Miller|Faith Masonius|Kaila Charles|Sara Vujacic",5,1943,2037,94,2,4,-2
"2019-20","11450","Maryland","Ashley Owusu|Diamond Miller|Faith Masonius|Sara Vujacic|Stephanie Jones",5,2037,2053,16,0,2,-2
"2019-20","11450","Maryland","Blair Watson|Kaila Charles|Shakira Austin|Stephanie Jones|Taylor Mikesell",5,2053,2126,73,0,2,-2
"2019-20","11450","Maryland","Faith Masonius|Kaila Charles|Shakira Austin|Stephanie Jones|Taylor Mikesell",5,2126,2280,154,13,0,13
"2019-20","11450","Maryland","Faith Masonius|Kaila Charles|Sara Vujacic|Shakira Austin|Stephanie Jones",5,2280,2400,120,5,1,4
"2019-20","11450","Loyola Maryland","Ava Therien|Bri Rozzi|Emily McAteer|Laryn Edwards|Stephanie Karcz",5,1933,2400,467,9,20,-11
"2019-20","11451","Georgia St.","Allison Johnson|Jada Lewis|Shaquanda Miller-McCray|Taylor Hosendove|Tehya Lyons",5,0,253,253,2,14,-12
"2019-20","11451","Maryland","Ashley Owusu|Blair Watson|Kaila Charles|Shakira Austin|Taylor Mikesell",5,0,253,253,14,2,12
"2019-20","11451","Georgia St.","Jada Lewis|Madison Ervin|Shaquanda Miller-McCray|Taylor Henderson|Taylor Hosendove",5,253,296,43,0,6,-6
"2019-20","11451","Maryland","Ashley Owusu|Blair Watson|Shakira Austin|Stephanie Jones|Taylor Mikesell",5,253,296,43,6,0,6
"2019-20","11451","Georgia St.","Kamryn Dziak|Madison Ervin|Shaquanda Miller-McCray|Taylor Henderson|Taylor Hosendove",5,296,308,12,0,0,0
"2019-20","11451","Maryland","Ashley Owusu|Blair Watson|Diamond Miller|Shakira Austin|Stephanie Jones",5,296,308,12,0,1,-1
"2019-20","11451","Maryland","Ashley Owusu|Blair Watson|Diamond Miller|Faith Masonius|Stephanie Jones",5,308,315,7,0,0,0
"2019-20","11451","Georgia St.","Allison Johnson|Kamryn Dziak|Madison Ervin|Taylor Henderson|Taylor Hosendove",5,308,394,86,1,5,-4
"2019-20","11451","Maryland","Ashley Owusu|Blair Watson|Diamond Miller|Faith Masonius|Kaila Charles",5,315,394,79,5,0,5
"2019-20","11451","Maryland","Ashley Owusu|Diamond Miller|Faith Masonius|Kaila Charles|Sara Vujacic",5,394,481,87,0,4,-4
"2019-20","11451","Georgia St.","Jada Lewis|Kamryn Dziak|Madison Ervin|Shaquanda Miller-McCray|Taylor Henderson",5,394,600,206,8,4,4
"2019-20","11451","Maryland","Faith Masonius|Kaila Charles|Sara Vujacic|Shakira Austin|Taylor Mikesell",5,481,600,119,4,4,0
"2019-20","11451","Maryland","Ashley Owusu|Blair Watson|Shakira Austin|Stephanie Jones|Taylor Mikesell",5,600,667,67,1,0,1
"2019-20","11451","Georgia St.","Allison Johnson|Jada Lewis|Madison Ervin|Shaquanda Miller-McCray|Taylor Henderson",5,600,763,163,2,8,-6
"2019-20","11451","Maryland","Blair Watson|Diamond Miller|Shakira Austin|Stephanie Jones|Taylor Mikesell",5,667,763,96,7,2,5
"2019-20","11451","Maryland","Ashley Owusu|Blair Watson|Kaila Charles|Stephanie Jones|Taylor Mikesell",5,763,824,61,5,2,3
"2019-20","11451","Maryland","Ashley Owusu|Blair Watson|Faith Masonius|Kaila Charles|Taylor Mikesell",5,824,898,74,5,0,5
"2019-20","11451","Maryland","Ashley Owusu|Blair Watson|Faith Masonius|Shakira Austin|Taylor Mikesell",5,898,924,26,0,2,-2
"2019-20","11451","Maryland","Ashley Owusu|Blair Watson|Shakira Austin|Stephanie Jones|Taylor Mikesell",5,924,962,38,2,0,2
"2019-20","11451","Georgia St.","Allison Johnson|Jada Lewis|Madison Ervin|Taylor Hosendove|Tehya Lyons",5,763,991,228,4,14,-10
"2019-20","11451","Maryland","Ashley Owusu|Blair Watson|Sara Vujacic|Shakira Austin|Stephanie Jones",5,962,1063,101,6,0,6
"2019-20","11451","Georgia St.","Allison Johnson|Jada Lewis|Madison Ervin|Shaquanda Miller-McCray|Taylor Henderson",5,991,1200,209,0,6,-6
"2019-20","11451","Maryland","Diamond Miller|Sara Vujacic|Shakira Austin|Stephanie Jones|Taylor Mikesell",5,1063,1200,137,2,0,2
"2019-20","11451","Maryland","Ashley Owusu|Blair Watson|Kaila Charles|Shakira Austin|Taylor Mikesell",5,1200,1297,97,5,6,-1
"2019-20","11451","Maryland","Blair Watson|Diamond Miller|Kaila Charles|Shakira Austin|Taylor Mikesell",5,1297,1343,46,2,0,2
"2019-20","11451","Maryland","Ashley Owusu|Diamond Miller|Kaila Charles|Shakira Austin|Taylor Mikesell",5,1343,1470,127,5,2,3
"2019-20","11451","Georgia St.","Allison Johnson|Jada Lewis|Shaquanda Miller-McCray|Taylor Henderson|Tehya Lyons",5,1200,1470,270,8,12,-4
"2019-20","11451","Georgia St.","Allison Johnson|Jada Lewis|Shaquanda Miller-McCray|Taylor Henderson|Taylor Hosendove",5,1470,1580,110,0,4,-4
"2019-20","11451","Maryland","Ashley Owusu|Diamond Miller|Kaila Charles|Stephanie Jones|Taylor Mikesell",5,1470,1580,110,4,0,4
"2019-20","11451","Maryland","Ashley Owusu|Diamond Miller|Faith Masonius|Sara Vujacic|Stephanie Jones",5,1580,1612,32,0,0,0
"2019-20","11451","Maryland","Ashley Owusu|Faith Masonius|Kaila Charles|Sara Vujacic|Stephanie Jones",5,1612,1690,78,4,2,2
"2019-20","11451","Georgia St.","Allison Johnson|Jada Lewis|Kamryn Dziak|Madison Ervin|Taylor Hosendove",5,1580,1690,110,2,4,-2
"2019-20","11451","Georgia St.","Allison Johnson|Kamryn Dziak|Kennedy Powell|Madison Ervin|Shaquanda Miller-McCray",5,1690,1727,37,2,1,1
"2019-20","11451","Maryland","Ashley Owusu|Faith Masonius|Kaila Charles|Sara Vujacic|Shakira Austin",5,1690,1800,110,7,2,5
"2019-20","11451","Georgia St.","Allison Johnson|Kamryn Dziak|Kennedy Powell|Shaquanda Miller-McCray|Tehya Lyons",5,1727,1924,197,2,9,-7
"2019-20","11451","Maryland","Blair Watson|Faith Masonius|Kaila Charles|Shakira Austin|Taylor Mikesell",5,1800,1943,143,3,2,1
"2019-20","11451","Georgia St.","Allison Johnson|Kamryn Dziak|Kennedy Powell|Rakeah Williams|Tehya Lyons",5,1924,1962,38,0,3,-3
"2019-20","11451","Maryland","Blair Watson|Faith Masonius|Kaila Charles|Shakira Austin|Stephanie Jones",5,1943,1962,19,3,0,3
"2019-20","11451","Georgia St.","Allison Johnson|Kamryn Dziak|Kennedy Powell|Moriah Taylor|Rakeah Williams",5,1962,2051,89,0,5,-5
"2019-20","11451","Maryland","Blair Watson|Diamond Miller|Faith Masonius|Shakira Austin|Stephanie Jones",5,1962,2051,89,5,0,5
"2019-20","11451","Georgia St.","Joelle Johnson|Kamryn Dziak|Kennedy Powell|Moriah Taylor|Rakeah Williams",5,2051,2139,88,3,6,-3
"2019-20","11451","Maryland","Ashley Owusu|Diamond Miller|Faith Masonius|Sara Vujacic|Stephanie Jones",5,2051,2171,120,6,5,1
"2019-20","11451","Georgia St.","Emma Drash|Joelle Johnson|Kennedy Powell|Moriah Taylor|Rakeah Williams",5,2139,2387,248,7,13,-6
"2019-20","11451","Maryland","Diamond Miller|Faith Masonius|Sara Vujacic|Shakira Austin|Stephanie Jones",5,2171,2387,216,13,5,8
"2019-20","11451","Georgia St.","Emma Drash|Joelle Johnson|Kamryn Dziak|Kennedy Powell|Moriah Taylor",5,2387,2400,13,0,0,0
"2019-20","11451","Maryland","Ashley Owusu|Diamond Miller|Faith Masonius|Sara Vujacic|Stephanie Jones",5,2387,2400,13,0,0,0
"2019-20","11716","Maryland","Ashley Owusu|Blair Watson|Kaila Charles|Shakira Austin|Taylor Mikesell",5,0,141,141,2,2,0
"2019-20","11716","Maryland","Ashley Owusu|Blair Watson|Kaila Charles|Stephanie Jones|Taylor Mikesell",5,141,201,60,2,2,0
"2019-20","11716","Maryland","Ashley Owusu|Diamond Miller|Kaila Charles|Stephanie Jones|Taylor Mikesell",5,201,262,61,1,0,1
"2019-20","11716","Maryland","Blair Watson|Diamond Miller|Kaila Charles|Stephanie Jones|Taylor Mikesell",5,262,322,60,0,2,-2
"2019-20","11716","Maryland","Ashley Owusu|Blair Watson|Diamond Miller|Faith Masonius|Kaila Charles",5,322,388,66,6,2,4
"2019-20","11716","Michigan","Akienreh Johnson|Amy Dilk|Hailey Brown|Kayla Robbins|Naz Hillmon",5,0,388,388,8,11,-3
"2019-20","11716","Maryland","Ashley Owusu|Diamond Miller|Faith Masonius|Kaila Charles|Taylor Mikesell",5,388,465,77,0,2,-2
"2019-20","11716","Michigan","Akienreh Johnson|Amy Dilk|Izabel Varej?o|Kayla Robbins|Naz Hillmon",5,388,465,77,2,0,2
"2019-20","11716","Maryland","Blair Watson|Diamond Miller|Kaila Charles|Shakira Austin|Taylor Mikesell",5,465,596,131,6,3,3
"2019-20","11716","Michigan","Amy Dilk|Izabel Varej?o|Kayla Robbins|Michelle Sidor|Naz Hillmon",5,465,596,131,3,6,-3
"2019-20","11716","Maryland","Blair Watson|Diamond Miller|Faith Masonius|Shakira Austin|Taylor Mikesell",5,596,613,17,0,1,-1
"2019-20","11716","Michigan","Amy Dilk|Hailey Brown|Kayla Robbins|Michelle Sidor|Naz Hillmon",5,596,613,17,1,0,1
"2019-20","11716","Maryland","Ashley Owusu|Blair Watson|Shakira Austin|Stephanie Jones|Taylor Mikesell",5,613,645,32,0,0,0
"2019-20","11716","Michigan","Akienreh Johnson|Amy Dilk|Hailey Brown|Michelle Sidor|Naz Hillmon",5,613,734,121,0,2,-2
"2019-20","11716","Michigan","Akienreh Johnson|Amy Dilk|Danielle Rauch|Hailey Brown|Naz Hillmon",5,734,773,39,0,2,-2
"2019-20","11716","Maryland","Blair Watson|Kaila Charles|Shakira Austin|Stephanie Jones|Taylor Mikesell",5,645,847,202,8,2,6
"2019-20","11716","Michigan","Akienreh Johnson|Amy Dilk|Danielle Rauch|Emily Kiser|Naz Hillmon",5,773,847,74,2,4,-2
"2019-20","11716","Maryland","Blair Watson|Faith Masonius|Kaila Charles|Shakira Austin|Taylor Mikesell",5,847,856,9,0,1,-1
"2019-20","11716","Maryland","Blair Watson|Faith Masonius|Kaila Charles|Stephanie Jones|Taylor Mikesell",5,856,977,121,1,2,-1
"2019-20","11716","Maryland","Blair Watson|Diamond Miller|Kaila Charles|Stephanie Jones|Taylor Mikesell",5,977,1032,55,0,1,-1
"2019-20","11716","Michigan","Akienreh Johnson|Amy Dilk|Izabel Varej?o|Kayla Robbins|Naz Hillmon",5,847,1151,304,8,3,5
"2019-20","11716","Maryland","Blair Watson|Diamond Miller|Faith Masonius|Stephanie Jones|Taylor Mikesell",5,1032,1200,168,4,4,0
"2019-20","11716","Michigan","Akienreh Johnson|Amy Dilk|Emily Kiser|Hailey Brown|Priscilla Smeenge",5,1151,1200,49,0,2,-2
"2019-20","11716","Maryland","Ashley Owusu|Blair Watson|Kaila Charles|Shakira Austin|Taylor Mikesell",5,1200,1321,121,0,4,-4
"2019-20","11716","Maryland","Ashley Owusu|Kaila Charles|Shakira Austin|Stephanie Jones|Taylor Mikesell",5,1321,1489,168,4,4,0
"2019-20","11716","Michigan","Akienreh Johnson|Amy Dilk|Hailey Brown|Kayla Robbins|Naz Hillmon",5,1200,1502,302,8,4,4
"2019-20","11716","Maryland","Blair Watson|Diamond Miller|Kaila Charles|Stephanie Jones|Taylor Mikesell",5,1489,1542,53,2,2,0
"2019-20","11716","Michigan","Akienreh Johnson|Amy Dilk|Hailey Brown|Izabel Varej?o|Kayla Robbins",5,1502,1605,103,2,4,-2
"2019-20","11716","Maryland","Blair Watson|Diamond Miller|Shakira Austin|Stephanie Jones|Taylor Mikesell",5,1542,1662,120,6,0,6
"2019-20","11716","Michigan","Akienreh Johnson|Amy Dilk|Hailey Brown|Kayla Robbins|Naz Hillmon",5,1605,1712,107,4,4,0
"2019-20","11716","Michigan","Amy Dilk|Hailey Brown|Kayla Robbins|Michelle Sidor|Naz Hillmon",5,1712,1760,48,0,0,0
"2019-20","11716","Maryland","Blair Watson|Diamond Miller|Faith Masonius|Shakira Austin|Taylor Mikesell",5,1662,1800,138,0,4,-4
"2019-20","11716","Michigan","Amy Dilk|Emily Kiser|Kayla Robbins|Michelle Sidor|Naz Hillmon",5,1760,1800,40,0,0,0
"2019-20","11716","Michigan","Danielle Rauch|Emily Kiser|Kayla Robbins|Michelle Sidor|Naz Hillmon",5,1800,1832,32,0,0,0
"2019-20","11716","Maryland","Ashley Owusu|Blair Watson|Kaila Charles|Shakira Austin|Stephanie Jones",5,1800,1915,115,4,2,2
"2019-20","11716","Michigan","Akienreh Johnson|Amy Dilk|Emily Kiser|Kayla Robbins|Naz Hillmon",5,1832,1915,83,2,4,-2
"2019-20","11716","Maryland","Blair Watson|Kaila Charles|Shakira Austin|Stephanie Jones|Taylor Mikesell",5,1915,1958,43,0,2,-2
"2019-20","11716","Michigan","Akienreh Johnson|Amy Dilk|Emily Kiser|Naz Hillmon|Priscilla Smeenge",5,1915,1980,65,2,1,1
"2019-20","11716","Michigan","Akienreh Johnson|Amy Dilk|Hailey Brown|Naz Hillmon|Priscilla Smeenge",5,1980,2013,33,0,2,-2
"2019-20","11716","Maryland","Blair Watson|Faith Masonius|Kaila Charles|Shakira Austin|Taylor Mikesell",5,1958,2135,177,10,4,6
"2019-20","11716","Michigan","Akienreh Johnson|Amy Dilk|Hailey Brown|Kayla Robbins|Naz Hillmon",5,2013,2216,203,8,12,-4
"2019-20","11716","Michigan","Akienreh Johnson|Amy Dilk|Izabel Varej?o|Kayla Robbins|Naz Hillmon",5,2216,2272,56,3,3,0
"2019-20","11716","Maryland","Ashley Owusu|Blair Watson|Kaila Charles|Stephanie Jones|Taylor Mikesell",5,2135,2400,265,14,9,5
"2019-20","11716","Michigan","Amy Dilk|Izabel Varej?o|Kayla Robbins|Michelle Sidor|Naz Hillmon",5,2272,2400,128,2,6,-4
"2019-20","11717","Maryland","Ashley Owusu|Blair Watson|Kaila Charles|Stephanie Jones|Taylor Mikesell",5,0,173,173,4,7,-3
"2019-20","11717","Maryland","Ashley Owusu|Blair Watson|Kaila Charles|Shakira Austin|Taylor Mikesell",5,173,262,89,0,0,0
"2019-20","11717","Maryland","Ashley Owusu|Diamond Miller|Kaila Charles|Shakira Austin|Taylor Mikesell",5,262,363,101,0,4,-4
"2019-20","11717","Northwestern","Abbie Wolf|Abi Scheid|Lindsey Pulliam|Sydney Wood|Veronica Burton",5,0,378,378,11,4,7
"2019-20","11717","Northwestern","Abi Scheid|Courtney Shaw|Jordan Hamilton|Lindsey Pulliam|Sydney Wood",5,378,487,109,5,0,5
"2019-20","11717","Maryland","Blair Watson|Faith Masonius|Kaila Charles|Shakira Austin|Taylor Mikesell",5,363,487,124,0,5,-5
"2019-20","11717","Northwestern","Abi Scheid|Courtney Shaw|Jordan Hamilton|Lindsey Pulliam|Veronica Burton",5,487,620,133,2,2,0
"2019-20","11717","Maryland","Ashley Owusu|Blair Watson|Shakira Austin|Stephanie Jones|Taylor Mikesell",5,487,620,133,2,2,0
"2019-20","11717","Northwestern","Abbie Wolf|Abi Scheid|Jordan Hamilton|Lindsey Pulliam|Veronica Burton",5,620,652,32,0,2,-2
"2019-20","11717","Maryland","Ashley Owusu|Blair Watson|Kaila Charles|Stephanie Jones|Taylor Mikesell",5,620,829,209,8,5,3
"2019-20","11717","Northwestern","Abbie Wolf|Abi Scheid|Lindsey Pulliam|Sydney Wood|Veronica Burton",5,652,829,177,5,7,-2
"2019-20","11717","Northwestern","Abbie Wolf|Jordan Hamilton|Lindsey Pulliam|Sydney Wood|Veronica Burton",5,829,906,77,1,0,1
"2019-20","11717","Maryland","Ashley Owusu|Blair Watson|Diamond Miller|Kaila Charles|Shakira Austin",5,829,945,116,3,3,0
"2019-20","11717","Maryland","Ashley Owusu|Diamond Miller|Kaila Charles|Shakira Austin|Taylor Mikesell",5,945,969,24,0,0,0
"2019-20","11717","Northwestern","Abbie Wolf|Abi Scheid|Jordan Hamilton|Sydney Wood|Veronica Burton",5,906,993,87,5,4,1
"2019-20","11717","Maryland","Blair Watson|Diamond Miller|Kaila Charles|Shakira Austin|Taylor Mikesell",5,969,993,24,2,3,-1
"2019-20","11717","Maryland","Blair Watson|Diamond Miller|Kaila Charles|Stephanie Jones|Taylor Mikesell",5,993,1176,183,2,4,-2
"2019-20","11717","Maryland","Ashley Owusu|Diamond Miller|Faith Masonius|Kaila Charles|Stephanie Jones",5,1176,1200,24,2,1,1
"2019-20","11717","Northwestern","Abbie Wolf|Abi Scheid|Jordan Hamilton|Lindsey Pulliam|Veronica Burton",5,993,1200,207,5,4,1
"2019-20","11717","Maryland","Blair Watson|Diamond Miller|Kaila Charles|Stephanie Jones|Taylor Mikesell",5,1200,1374,174,4,9,-5
"2019-20","11717","Maryland","Blair Watson|Shakira Austin|Stephanie Jones|Taylor Mikesell",4,1374,1565,191,5,8,-3
"2019-20","11717","Northwestern","Abbie Wolf|Abi Scheid|Lindsey Pulliam|Sydney Wood|Veronica Burton",5,1200,1596,396,19,9,10
"2019-20","11717","Maryland","Blair Watson|Kaila Charles|Stephanie Jones|Taylor Mikesell",4,1565,1596,31,0,2,-2
"2019-20","11717","Maryland","Blair Watson|Faith Masonius|Kaila Charles|Stephanie Jones|Taylor Mikesell",5,1596,1630,34,2,2,0
"2019-20","11717","Northwestern","Abi Scheid|Courtney Shaw|Lindsey Pulliam|Sydney Wood|Veronica Burton",5,1596,1654,58,2,2,0
"2019-20","11717","Maryland","Diamond Miller|Faith Masonius|Kaila Charles|Stephanie Jones|Taylor Mikesell",5,1630,1796,166,2,5,-3
"2019-20","11717","Northwestern","Abi Scheid|Courtney Shaw|Jordan Hamilton|Lindsey Pulliam|Veronica Burton",5,1654,1800,146,5,2,3
"2019-20","11717","Maryland","Faith Masonius|Kaila Charles|Shakira Austin|Stephanie Jones|Taylor Mikesell",5,1796,1800,4,0,0,0
"2019-20","11717","Maryland","Blair Watson|Faith Masonius|Kaila Charles|Stephanie Jones|Taylor Mikesell",5,1800,1834,34,0,0,0
"2019-20","11717","Northwestern","Abbie Wolf|Abi Scheid|Lindsey Pulliam|Sydney Wood|Veronica Burton",5,1800,1901,101,2,2,0
"2019-20","11717","Maryland","Ashley Owusu|Blair Watson|Faith Masonius|Kaila Charles|Stephanie Jones",5,1834,1901,67,2,2,0
"2019-20","11717","Maryland","Ashley Owusu|Blair Watson|Kaila Charles|Shakira Austin|Stephanie Jones",5,1901,1928,27,0,0,0
"2019-20","11717","Northwestern","Abbie Wolf|Abi Scheid|Jordan Hamilton|Lindsey Pulliam|Sydney Wood",5,1901,1950,49,1,5,-4
"2019-20","11717","Maryland","Ashley Owusu|Blair Watson|Diamond Miller|Shakira Austin|Stephanie Jones",5,1928,1970,42,5,3,2
"2019-20","11717","Maryland","Ashley Owusu|Blair Watson|Diamond Miller|Kaila Charles|Stephanie Jones",5,1970,1990,20,0,0,0
"2019-20","11717","Northwestern","Abbie Wolf|Jordan Hamilton|Lindsey Pulliam|Sydney Wood|Veronica Burton",5,1950,2150,200,11,7,4
"2019-20","11717","Maryland","Ashley Owusu|Blair Watson|Kaila Charles|Sara Vujacic|Taylor Mikesell",5,1990,2173,183,7,9,-2
"2019-20","11717","Northwestern","Abbie Wolf|Abi Scheid|Jordan Hamilton|Lindsey Pulliam|Veronica Burton",5,2150,2227,77,3,3,0
"2019-20","11717","Northwestern","Abbie Wolf|Abi Scheid|Lindsey Pulliam|Sydney Wood|Veronica Burton",5,2227,2230,3,0,2,-2
"2019-20","11717","Northwestern","Abbie Wolf|Jordan Hamilton|Lindsey Pulliam|Sydney Wood|Veronica Burton",5,2230,2295,65,2,0,2
"2019-20","11717","Northwestern","Abbie Wolf|Abi Scheid|Jordan Hamilton|Sydney Wood|Veronica Burton",5,2295,2318,23,0,0,0
"2019-20","11717","Northwestern","Abbie Wolf|Abi Scheid|Byrdy Galernik|Jordan Hamilton|Sydney Wood",5,2318,2331,13,0,0,0
"2019-20","11717","Northwestern","Abi Scheid|Byrdy Galernik|Courtney Shaw|Jordan Hamilton|Sydney Wood",5,2331,2400,69,2,3,-1
"2019-20","11717","Maryland","Ashley Owusu|Diamond Miller|Faith Masonius|Sara Vujacic|Taylor Mikesell",5,2173,2400,227,8,7,1
"2019-20","11718","Ohio St.","Aaliyah Patty|Braxtin Miller|Dorka Juhasz|Jacy Sheldon|Madison Greene",5,0,323,323,15,10,5
"2019-20","11718","Maryland","Ashley Owusu|Blair Watson|Kaila Charles|Shakira Austin|Taylor Mikesell",5,0,323,323,10,15,-5
"2019-20","11718","Ohio St.","Aaliyah Patty|Braxtin Miller|Jacy Sheldon|Madison Greene|Rebeka Mikulasikova",5,323,394,71,3,6,-3
"2019-20","11718","Ohio St.","Aaliyah Patty|Braxtin Miller|Dorka Juhasz|Janai Crooms|Rebeka Mikulasikova",5,394,416,22,0,0,0
"2019-20","11718","Maryland","Blair Watson|Diamond Miller|Kaila Charles|Stephanie Jones|Taylor Mikesell",5,323,526,203,12,7,5
"2019-20","11718","Ohio St.","Braxtin Miller|Dorka Juhasz|Janai Crooms|Kierstan Bell|Rebeka Mikulasikova",5,416,526,110,4,6,-2
"2019-20","11718","Maryland","Ashley Owusu|Blair Watson|Diamond Miller|Faith Masonius|Stephanie Jones",5,526,559,33,0,1,-1
"2019-20","11718","Maryland","Ashley Owusu|Diamond Miller|Faith Masonius|Stephanie Jones|Taylor Mikesell",5,559,599,40,2,2,0
"2019-20","11718","Maryland","Ashley Owusu|Diamond Miller|Faith Masonius|Shakira Austin|Taylor Mikesell",5,599,604,5,0,0,0
"2019-20","11718","Ohio St.","Braxtin Miller|Dorka Juhasz|Jacy Sheldon|Janai Crooms|Kierstan Bell",5,526,664,138,3,4,-1
"2019-20","11718","Maryland","Ashley Owusu|Diamond Miller|Kaila Charles|Shakira Austin|Taylor Mikesell",5,604,713,109,2,2,0
"2019-20","11718","Maryland","Ashley Owusu|Blair Watson|Shakira Austin|Stephanie Jones|Taylor Mikesell",5,713,781,68,2,3,-1
"2019-20","11718","Ohio St.","Aaliyah Patty|Braxtin Miller|Dorka Juhasz|Jacy Sheldon|Janai Crooms",5,664,781,117,5,2,3
"2019-20","11718","Ohio St.","Aaliyah Patty|Dorka Juhasz|Jacy Sheldon|Janai Crooms|Madison Greene",5,781,841,60,0,0,0
"2019-20","11718","Maryland","Ashley Owusu|Blair Watson|Faith Masonius|Stephanie Jones|Taylor Mikesell",5,781,845,64,0,0,0
"2019-20","11718","Ohio St.","Aaliyah Patty|Jacy Sheldon|Janai Crooms|Kaelynn Satterfield|Madison Greene",5,841,845,4,0,0,0
"2019-20","11718","Maryland","Blair Watson|Diamond Miller|Faith Masonius|Stephanie Jones|Taylor Mikesell",5,845,988,143,3,8,-5
"2019-20","11718","Ohio St.","Aaliyah Patty|Braxtin Miller|Jacy Sheldon|Janai Crooms|Kaelynn Satterfield",5,845,988,143,8,3,5
"2019-20","11718","Ohio St.","Aaliyah Patty|Braxtin Miller|Dorka Juhasz|Jacy Sheldon|Janai Crooms",5,988,1034,46,0,0,0
"2019-20","11718","Maryland","Ashley Owusu|Blair Watson|Shakira Austin|Stephanie Jones|Taylor Mikesell",5,988,1157,169,2,4,-2
"2019-20","11718","Ohio St.","Braxtin Miller|Dorka Juhasz|Jacy Sheldon|Janai Crooms|Rebeka Mikulasikova",5,1034,1157,123,4,2,2
"2019-20","11718","Maryland","Ashley Owusu|Blair Watson|Kaila Charles|Stephanie Jones|Taylor Mikesell",5,1157,1196,39,2,0,2
"2019-20","11718","Ohio St.","Braxtin Miller|Dorka Juhasz|Janai Crooms|Kierstan Bell|Rebeka Mikulasikova",5,1157,1200,43,0,2,-2
"2019-20","11718","Maryland","Ashley Owusu|Blair Watson|Faith Masonius|Shakira Austin|Taylor Mikesell",5,1196,1200,4,0,0,0
"2019-20","11718","Ohio St.","Aaliyah Patty|Braxtin Miller|Dorka Juhasz|Jacy Sheldon|Madison Greene",5,1200,1218,18,0,0,0
"2019-20","11718","Ohio St.","Braxtin Miller|Dorka Juhasz|Jacy Sheldon|Madison Greene|Rebeka Mikulasikova",5,1218,1340,122,3,2,1
"2019-20","11718","Maryland","Ashley Owusu|Blair Watson|Kaila Charles|Shakira Austin|Taylor Mikesell",5,1200,1401,201,7,5,2
"2019-20","11718","Ohio St.","Braxtin Miller|Dorka Juhasz|Jacy Sheldon|Janai Crooms|Rebeka Mikulasikova",5,1340,1401,61,2,5,-3
"2019-20","11718","Maryland","Ashley Owusu|Diamond Miller|Kaila Charles|Shakira Austin|Taylor Mikesell",5,1401,1513,112,3,2,1
"2019-20","11718","Ohio St.","Braxtin Miller|Dorka Juhasz|Janai Crooms|Kierstan Bell|Rebeka Mikulasikova",5,1401,1513,112,2,3,-1
"2019-20","11718","Maryland","Ashley Owusu|Blair Watson|Kaila Charles|Shakira Austin|Taylor Mikesell",5,1513,1552,39,2,0,2
"2019-20","11718","Ohio St.","Aaliyah Patty|Jacy Sheldon|Janai Crooms|Kierstan Bell|Rebeka Mikulasikova",5,1513,1552,39,0,2,-2
"2019-20","11718","Ohio St.","Aaliyah Patty|Braxtin Miller|Dorka Juhasz|Jacy Sheldon|Madison Greene",5,1552,1660,108,0,4,-4
"2019-20","11718","Maryland","Ashley Owusu|Blair Watson|Kaila Charles|Stephanie Jones|Taylor Mikesell",5,1552,1692,140,4,0,4
"2019-20","11718","Ohio St.","Aaliyah Patty|Dorka Juhasz|Jacy Sheldon|Janai Crooms|Madison Greene",5,1660,1692,32,0,0,0
"2019-20","11718","Maryland","Ashley Owusu|Kaila Charles|Shakira Austin|Stephanie Jones|Taylor Mikesell",5,1692,1800,108,2,2,0
"2019-20","11718","Ohio St.","Aaliyah Patty|Braxtin Miller|Dorka Juhasz|Jacy Sheldon|Janai Crooms",5,1692,1987,295,6,8,-2
"2019-20","11718","Ohio St.","Aaliyah Patty|Braxtin Miller|Jacy Sheldon|Janai Crooms|Rebeka Mikulasikova",5,1987,2002,15,0,0,0
"2019-20","11718","Maryland","Blair Watson|Kaila Charles|Shakira Austin|Stephanie Jones|Taylor Mikesell",5,1800,2078,278,9,4,5
"2019-20","11718","Ohio St.","Braxtin Miller|Dorka Juhasz|Jacy Sheldon|Janai Crooms|Rebeka Mikulasikova",5,2002,2078,76,0,3,-3
"2019-20","11718","Ohio St.","Braxtin Miller|Dorka Juhasz|Janai Crooms|Madison Greene|Rebeka Mikulasikova",5,2078,2102,24,0,2,-2
"2019-20","11718","Maryland","Diamond Miller|Kaila Charles|Shakira Austin|Stephanie Jones|Taylor Mikesell",5,2078,2246,168,6,0,6
"2019-20","11718","Maryland","Blair Watson|Kaila Charles|Shakira Austin|Stephanie Jones|Taylor Mikesell",5,2246,2272,26,0,2,-2
"2019-20","11718","Maryland","Blair Watson|Faith Masonius|Kaila Charles|Stephanie Jones|Taylor Mikesell",5,2272,2400,128,4,5,-1
"2019-20","11718","Ohio St.","Braxtin Miller|Dorka Juhasz|Janai Crooms|Kierstan Bell|Madison Greene",5,2102,2400,298,7,8,-1
"2019-20","11719","Maryland","Blair Watson|Kaila Charles|Shakira Austin|Stephanie Jones|Taylor Mikesell",5,0,151,151,4,5,-1
"2019-20","11719","Maryland","Ashley Owusu|Blair Watson|Kaila Charles|Shakira Austin|Taylor Mikesell",5,151,166,15,0,2,-2
"2019-20","11719","Iowa","Alexis Sevillian|Amanda Ollinger|Kathleen Doyle|Makenzie Meyer|Monika Czinano",5,0,270,270,10,6,4
"2019-20","11719","Maryland","Ashley Owusu|Blair Watson|Faith Masonius|Kaila Charles|Taylor Mikesell",5,166,270,104,2,3,-1
"2019-20","11719","Iowa","Amanda Ollinger|Gabbie Marshall|Kathleen Doyle|Makenzie Meyer|McKenna Warnock",5,270,350,80,5,4,1
"2019-20","11719","Maryland","Ashley Owusu|Blair Watson|Kaila Charles|Shakira Austin|Taylor Mikesell",5,270,350,80,4,5,-1
"2019-20","11719","Maryland","Ashley Owusu|Blair Watson|Kaila Charles|Stephanie Jones|Taylor Mikesell",5,350,379,29,0,0,0
"2019-20","11719","Iowa","Gabbie Marshall|Kathleen Doyle|Makenzie Meyer|McKenna Warnock|Monika Czinano",5,350,401,51,2,2,0
"2019-20","11719","Maryland","Ashley Owusu|Blair Watson|Kaila Charles|Shakira Austin|Taylor Mikesell",5,379,401,22,2,2,0
"2019-20","11719","Iowa","Amanda Ollinger|Gabbie Marshall|Kathleen Doyle|Makenzie Meyer|Monika Czinano",5,401,444,43,2,0,2
"2019-20","11719","Iowa","Alexis Sevillian|Amanda Ollinger|Kathleen Doyle|Monika Czinano|Tomi Taiwo",5,444,512,68,3,5,-2
"2019-20","11719","Maryland","Blair Watson|Diamond Miller|Kaila Charles|Shakira Austin|Taylor Mikesell",5,401,512,111,5,5,0
"2019-20","11719","Iowa","Alexis Sevillian|Amanda Ollinger|Kathleen Doyle|Makenzie Meyer|Monika Czinano",5,512,600,88,4,3,1
"2019-20","11719","Maryland","Ashley Owusu|Blair Watson|Diamond Miller|Kaila Charles|Shakira Austin",5,512,600,88,3,4,-1
"2019-20","11719","Iowa","Alexis Sevillian|Amanda Ollinger|Kathleen Doyle|Makenzie Meyer|McKenna Warnock",5,600,694,94,5,4,1
"2019-20","11719","Maryland","Ashley Owusu|Blair Watson|Kaila Charles|Shakira Austin|Taylor Mikesell",5,600,780,180,4,7,-3
"2019-20","11719","Iowa","Amanda Ollinger|Gabbie Marshall|Kathleen Doyle|Makenzie Meyer|McKenna Warnock",5,694,780,86,2,0,2
"2019-20","11719","Iowa","Alexis Sevillian|Amanda Ollinger|Gabbie Marshall|Makenzie Meyer|McKenna Warnock",5,780,790,10,0,0,0
"2019-20","11719","Iowa","Alexis Sevillian|Amanda Ollinger|Gabbie Marshall|Kate Martin|Makenzie Meyer",5,790,862,72,5,0,5
"2019-20","11719","Iowa","Alexis Sevillian|Amanda Ollinger|Kate Martin|Kathleen Doyle|Makenzie Meyer",5,862,871,9,0,0,0
"2019-20","11719","Maryland","Ashley Owusu|Blair Watson|Diamond Miller|Kaila Charles|Shakira Austin",5,780,939,159,3,5,-2
"2019-20","11719","Iowa","Alexis Sevillian|Amanda Ollinger|Kathleen Doyle|Makenzie Meyer|McKenna Warnock",5,871,1075,204,0,6,-6
"2019-20","11719","Maryland","Ashley Owusu|Diamond Miller|Kaila Charles|Sara Vujacic|Shakira Austin",5,939,1075,136,3,0,3
"2019-20","11719","Maryland","Ashley Owusu|Blair Watson|Faith Masonius|Sara Vujacic|Shakira Austin",5,1075,1150,75,0,0,0
"2019-20","11719","Iowa","Amanda Ollinger|Gabbie Marshall|Kathleen Doyle|Makenzie Meyer|McKenna Warnock",5,1075,1180,105,0,0,0
"2019-20","11719","Maryland","Ashley Owusu|Blair Watson|Diamond Miller|Faith Masonius|Sara Vujacic",5,1150,1180,30,0,0,0
"2019-20","11719","Iowa","Amanda Ollinger|Gabbie Marshall|Kathleen Doyle|McKenna Warnock|Tomi Taiwo",5,1180,1195,15,1,0,1
"2019-20","11719","Iowa","Alexis Sevillian|Amanda Ollinger|Kathleen Doyle|Makenzie Meyer|McKenna Warnock",5,1195,1200,5,0,0,0
"2019-20","11719","Maryland","Ashley Owusu|Blair Watson|Faith Masonius|Kaila Charles|Taylor Mikesell",5,1180,1200,20,0,1,-1
"2019-20","11719","Iowa","Alexis Sevillian|Amanda Ollinger|Kathleen Doyle|Makenzie Meyer|Monika Czinano",5,1200,1295,95,0,2,-2
"2019-20","11719","Iowa","Alexis Sevillian|Amanda Ollinger|Kathleen Doyle|Makenzie Meyer|McKenna Warnock",5,1295,1368,73,2,3,-1
"2019-20","11719","Maryland","Blair Watson|Kaila Charles|Shakira Austin|Stephanie Jones|Taylor Mikesell",5,1200,1441,241,12,2,10
"2019-20","11719","Iowa","Amanda Ollinger|Gabbie Marshall|Kathleen Doyle|Makenzie Meyer|McKenna Warnock",5,1368,1467,99,0,7,-7
"2019-20","11719","Iowa","Amanda Ollinger|Gabbie Marshall|Kathleen Doyle|Makenzie Meyer|Monika Czinano",5,1467,1535,68,0,0,0
"2019-20","11719","Maryland","Ashley Owusu|Blair Watson|Shakira Austin|Stephanie Jones|Taylor Mikesell",5,1441,1535,94,0,0,0
"2019-20","11719","Maryland","Blair Watson|Kaila Charles|Shakira Austin|Stephanie Jones|Taylor Mikesell",5,1535,1630,95,2,2,0
"2019-20","11719","Maryland","Blair Watson|Diamond Miller|Kaila Charles|Stephanie Jones|Taylor Mikesell",5,1630,1669,39,3,2,1
"2019-20","11719","Iowa","Alexis Sevillian|Amanda Ollinger|Kathleen Doyle|Makenzie Meyer|Monika Czinano",5,1535,1722,187,6,5,1
"2019-20","11719","Iowa","Alexis Sevillian|Amanda Ollinger|Kathleen Doyle|Monika Czinano|Tomi Taiwo",5,1722,1740,18,0,0,0
"2019-20","11719","Maryland","Blair Watson|Diamond Miller|Kaila Charles|Shakira Austin|Taylor Mikesell",5,1669,1749,80,0,2,-2
"2019-20","11719","Iowa","Alexis Sevillian|Amanda Ollinger|Kathleen Doyle|McKenna Warnock|Tomi Taiwo",5,1740,1749,9,2,0,2
"2019-20","11719","Iowa","Alexis Sevillian|Amanda Ollinger|Gabbie Marshall|Makenzie Meyer|McKenna Warnock",5,1749,1800,51,0,0,0
"2019-20","11719","Maryland","Blair Watson|Diamond Miller|Kaila Charles|Stephanie Jones|Taylor Mikesell",5,1749,1924,175,0,5,-5
"2019-20","11719","Iowa","Amanda Ollinger|Gabbie Marshall|Kathleen Doyle|Makenzie Meyer|McKenna Warnock",5,1800,1960,160,3,0,3
"2019-20","11719","Maryland","Blair Watson|Diamond Miller|Shakira Austin|Stephanie Jones|Taylor Mikesell",5,1924,1960,36,0,0,0
"2019-20","11719","Iowa","Alexis Sevillian|Amanda Ollinger|Kathleen Doyle|Makenzie Meyer|McKenna Warnock",5,1960,1995,35,0,2,-2
"2019-20","11719","Iowa","Alexis Sevillian|Kathleen Doyle|Makenzie Meyer|McKenna Warnock|Monika Czinano",5,1995,2031,36,0,0,0
"2019-20","11719","Maryland","Ashley Owusu|Blair Watson|Kaila Charles|Shakira Austin|Stephanie Jones",5,1960,2047,87,2,0,2
"2019-20","11719","Maryland","Blair Watson|Kaila Charles|Shakira Austin|Stephanie Jones|Taylor Mikesell",5,2047,2380,333,7,11,-4
"2019-20","11719","Maryland","Blair Watson|Faith Masonius|Shakira Austin|Stephanie Jones|Taylor Mikesell",5,2380,2389,9,2,0,2
"2019-20","11719","Iowa","Alexis Sevillian|Amanda Ollinger|Kathleen Doyle|Makenzie Meyer|McKenna Warnock",5,2031,2400,369,14,12,2
"2019-20","11719","Maryland","Blair Watson|Faith Masonius|Kaila Charles|Stephanie Jones|Taylor Mikesell",5,2389,2400,11,3,3,0
"2019-20","11720","Maryland","Blair Watson|Kaila Charles|Shakira Austin|Stephanie Jones|Taylor Mikesell",5,0,44,44,0,2,-2
"2019-20","11720","Maryland","Ashley Owusu|Blair Watson|Kaila Charles|Stephanie Jones|Taylor Mikesell",5,44,206,162,6,2,4
"2019-20","11720","Maryland","Ashley Owusu|Blair Watson|Diamond Miller|Kaila Charles|Stephanie Jones",5,206,255,49,0,0,0
"2019-20","11720","Michigan","Akienreh Johnson|Amy Dilk|Hailey Brown|Kayla Robbins|Naz Hillmon",5,0,348,348,4,10,-6
"2019-20","11720","Maryland","Ashley Owusu|Blair Watson|Diamond Miller|Faith Masonius|Stephanie Jones",5,255,348,93,4,0,4
"2019-20","11720","Maryland","Blair Watson|Diamond Miller|Faith Masonius|Shakira Austin|Taylor Mikesell",5,348,380,32,2,0,2
"2019-20","11720","Michigan","Akienreh Johnson|Amy Dilk|Izabel Varej?o|Kayla Robbins|Naz Hillmon",5,348,422,74,2,5,-3
"2019-20","11720","Maryland","Ashley Owusu|Diamond Miller|Faith Masonius|Shakira Austin|Taylor Mikesell",5,380,422,42,3,2,1
"2019-20","11720","Maryland","Ashley Owusu|Diamond Miller|Shakira Austin|Stephanie Jones|Taylor Mikesell",5,422,480,58,2,4,-2
"2019-20","11720","Michigan","Amy Dilk|Danielle Rauch|Izabel Varej?o|Maddie Nolan|Naz Hillmon",5,422,600,178,6,6,0
"2019-20","11720","Maryland","Ashley Owusu|Diamond Miller|Kaila Charles|Stephanie Jones|Taylor Mikesell",5,480,600,120,4,2,2
"2019-20","11720","Michigan","Akienreh Johnson|Amy Dilk|Hailey Brown|Kayla Robbins|Naz Hillmon",5,600,720,120,2,3,-1
"2019-20","11720","Maryland","Ashley Owusu|Blair Watson|Kaila Charles|Stephanie Jones|Taylor Mikesell",5,600,750,150,3,2,1
"2019-20","11720","Michigan","Akienreh Johnson|Amy Dilk|Emily Kiser|Hailey Brown|Kayla Robbins",5,720,787,67,0,1,-1
"2019-20","11720","Michigan","Akienreh Johnson|Danielle Rauch|Hailey Brown|Kayla Robbins|Naz Hillmon",5,787,835,48,0,2,-2
"2019-20","11720","Maryland","Ashley Owusu|Blair Watson|Diamond Miller|Kaila Charles|Stephanie Jones",5,750,835,85,3,0,3
"2019-20","11720","Michigan","Akienreh Johnson|Danielle Rauch|Hailey Brown|Michelle Sidor|Naz Hillmon",5,835,882,47,0,3,-3
"2019-20","11720","Maryland","Blair Watson|Diamond Miller|Faith Masonius|Kaila Charles|Taylor Mikesell",5,835,965,130,5,5,0
"2019-20","11720","Michigan","Akienreh Johnson|Amy Dilk|Hailey Brown|Michelle Sidor|Naz Hillmon",5,882,1021,139,5,7,-2
"2019-20","11720","Maryland","Ashley Owusu|Blair Watson|Faith Masonius|Stephanie Jones|Taylor Mikesell",5,965,1021,56,5,0,5
"2019-20","11720","Michigan","Akienreh Johnson|Amy Dilk|Izabel Varej?o|Naz Hillmon|Priscilla Smeenge",5,1021,1046,25,0,0,0
"2019-20","11720","Michigan","Amy Dilk|Izabel Varej?o|Kayla Robbins|Naz Hillmon|Priscilla Smeenge",5,1046,1200,154,2,0,2
"2019-20","11720","Maryland","Ashley Owusu|Diamond Miller|Faith Masonius|Stephanie Jones|Taylor Mikesell",5,1021,1200,179,0,2,-2
"2019-20","11720","Maryland","Blair Watson|Kaila Charles|Shakira Austin|Stephanie Jones|Taylor Mikesell",5,1200,1281,81,0,0,0
"2019-20","11720","Maryland","Ashley Owusu|Blair Watson|Kaila Charles|Stephanie Jones|Taylor Mikesell",5,1281,1426,145,5,4,1
"2019-20","11720","Maryland","Ashley Owusu|Diamond Miller|Kaila Charles|Stephanie Jones|Taylor Mikesell",5,1426,1529,103,3,2,1
"2019-20","11720","Michigan","Akienreh Johnson|Amy Dilk|Hailey Brown|Kayla Robbins|Naz Hillmon",5,1200,1615,415,10,10,0
"2019-20","11720","Michigan","Akienreh Johnson|Amy Dilk|Izabel Varej?o|Kayla Robbins|Naz Hillmon",5,1615,1668,53,3,3,0
"2019-20","11720","Michigan","Akienreh Johnson|Amy Dilk|Izabel Varej?o|Maddie Nolan|Naz Hillmon",5,1668,1799,131,2,5,-3
"2019-20","11720","Maryland","Ashley Owusu|Blair Watson|Diamond Miller|Faith Masonius|Stephanie Jones",5,1529,1800,271,10,9,1
"2019-20","11720","Maryland","Ashley Owusu|Blair Watson|Diamond Miller|Kaila Charles|Shakira Austin",5,1800,1824,24,0,0,0
"2019-20","11720","Michigan","Akienreh Johnson|Danielle Rauch|Emily Kiser|Izabel Varej?o|Maddie Nolan",5,1799,1933,134,4,3,1
"2019-20","11720","Maryland","Ashley Owusu|Blair Watson|Kaila Charles|Shakira Austin|Taylor Mikesell",5,1824,1958,134,6,4,2
"2019-20","11720","Michigan","Akienreh Johnson|Amy Dilk|Hailey Brown|Kayla Robbins|Naz Hillmon",5,1933,1992,59,1,7,-6
"2019-20","11720","Maryland","Ashley Owusu|Blair Watson|Kaila Charles|Shakira Austin|Stephanie Jones",5,1958,2030,72,4,1,3
"2019-20","11720","Maryland","Ashley Owusu|Diamond Miller|Faith Masonius|Shakira Austin|Stephanie Jones",5,2030,2076,46,0,3,-3
"2019-20","11720","Maryland","Ashley Owusu|Diamond Miller|Faith Masonius|Stephanie Jones|Taylor Mikesell",5,2076,2085,9,0,0,0
"2019-20","11720","Maryland","Ashley Owusu|Blair Watson|Faith Masonius|Stephanie Jones|Taylor Mikesell",5,2085,2108,23,0,2,-2
"2019-20","11720","Michigan","Akienreh Johnson|Amy Dilk|Hailey Brown|Michelle Sidor|Naz Hillmon",5,1992,2150,158,8,0,8
"2019-20","11720","Maryland","Ashley Owusu|Blair Watson|Kaila Charles|Stephanie Jones|Taylor Mikesell",5,2108,2224,116,3,3,0
"2019-20","11720","Maryland","Ashley Owusu|Kaila Charles|Sara Vujacic|Stephanie Jones|Taylor Mikesell",5,2224,2233,9,0,0,0
"2019-20","11720","Maryland","Ashley Owusu|Faith Masonius|Kaila Charles|Sara Vujacic|Taylor Mikesell",5,2233,2270,37,2,0,2
"2019-20","11720","Michigan","Amy Dilk|Hailey Brown|Kayla Robbins|Michelle Sidor|Naz Hillmon",5,2150,2270,120,0,7,-7
"2019-20","11720","Michigan","Amy Dilk|Izabel Varej?o|Kayla Robbins|Michelle Sidor|Naz Hillmon",5,2270,2303,33,0,0,0
"2019-20","11720","Michigan","Danielle Rauch|Izabel Varej?o|Kayla Robbins|Michelle Sidor|Naz Hillmon",5,2303,2400,97,0,5,-5
"2019-20","11720","Maryland","Ashley Owusu|Diamond Miller|Faith Masonius|Kaila Charles|Sara Vujacic",5,2270,2400,130,7,0,7
"2019-20","11721","Maryland","Blair Watson|Kaila Charles|Shakira Austin|Stephanie Jones|Taylor Mikesell",5,0,290,290,6,10,-4
"2019-20","11721","Nebraska","Ashtyn Veerbeek|Hannah Whitish|Kate Cain|Nicea Eliely|Sam Haiby",5,0,290,290,10,6,4
"2019-20","11721","Maryland","Ashley Owusu|Blair Watson|Diamond Miller|Kaila Charles|Shakira Austin",5,290,423,133,8,4,4
"2019-20","11721","Nebraska","Isabelle Bourne|Kate Cain|Leigha Brown|Nicea Eliely|Sam Haiby",5,290,423,133,4,8,-4
"2019-20","11721","Nebraska","Hannah Whitish|Isabelle Bourne|Kate Cain|Leigha Brown|Trinity Brady",5,423,456,33,0,2,-2
"2019-20","11721","Maryland","Ashley Owusu|Diamond Miller|Kaila Charles|Shakira Austin|Taylor Mikesell",5,423,504,81,5,0,5
"2019-20","11721","Nebraska","Ashtyn Veerbeek|Hannah Whitish|Kayla Mershon|Leigha Brown|Trinity Brady",5,456,550,94,0,8,-8
"2019-20","11721","Maryland","Ashley Owusu|Diamond Miller|Kaila Charles|Stephanie Jones|Taylor Mikesell",5,504,608,104,7,3,4
"2019-20","11721","Nebraska","Ashtyn Veerbeek|Kayla Mershon|Leigha Brown|Nicea Eliely|Sam Haiby",5,550,608,58,3,2,1
"2019-20","11721","Maryland","Ashley Owusu|Blair Watson|Shakira Austin|Stephanie Jones|Taylor Mikesell",5,608,643,35,0,0,0
"2019-20","11721","Maryland","Ashley Owusu|Blair Watson|Diamond Miller|Shakira Austin|Stephanie Jones",5,643,690,47,0,2,-2
"2019-20","11721","Nebraska","Ashtyn Veerbeek|Kate Cain|Leigha Brown|Nicea Eliely|Sam Haiby",5,608,690,82,2,0,2
"2019-20","11721","Nebraska","Ashtyn Veerbeek|Hannah Whitish|Kate Cain|Nicea Eliely|Sam Haiby",5,690,720,30,0,4,-4
"2019-20","11721","Maryland","Ashley Owusu|Blair Watson|Diamond Miller|Kaila Charles|Shakira Austin",5,690,804,114,6,6,0
"2019-20","11721","Nebraska","Hannah Whitish|Isabelle Bourne|Kate Cain|Nicea Eliely|Sam Haiby",5,720,804,84,6,2,4
"2019-20","11721","Maryland","Ashley Owusu|Blair Watson|Kaila Charles|Stephanie Jones|Taylor Mikesell",5,804,848,44,2,0,2
"2019-20","11721","Nebraska","Hannah Whitish|Isabelle Bourne|Kate Cain|Leigha Brown|Nicea Eliely",5,804,848,44,2,2,0
"2019-20","11721","Nebraska","Ashtyn Veerbeek|Hannah Whitish|Kate Cain|Leigha Brown|Nicea Eliely",5,848,921,73,2,2,0
"2019-20","11721","Nebraska","Ashtyn Veerbeek|Hannah Whitish|Kate Cain|Leigha Brown|Sam Haiby",5,921,932,11,0,0,0
"2019-20","11721","Maryland","Ashley Owusu|Diamond Miller|Kaila Charles|Stephanie Jones|Taylor Mikesell",5,848,983,135,5,4,1
"2019-20","11721","Nebraska","Ashtyn Veerbeek|Kate Cain|Leigha Brown|Sam Haiby|Trinity Brady",5,932,1034,102,3,5,-2
"2019-20","11721","Maryland","Ashley Owusu|Diamond Miller|Kaila Charles|Shakira Austin|Taylor Mikesell",5,983,1058,75,2,3,-1
"2019-20","11721","Maryland","Ashley Owusu|Diamond Miller|Kaila Charles|Stephanie Jones|Taylor Mikesell",5,1058,1200,142,2,2,0
"2019-20","11721","Nebraska","Ashtyn Veerbeek|Kate Cain|Kristian Hudson|Nicea Eliely|Sam Haiby",5,1034,1200,166,2,2,0
"2019-20","11721","Nebraska","Ashtyn Veerbeek|Hannah Whitish|Kate Cain|Nicea Eliely|Sam Haiby",5,1200,1307,107,3,6,-3
"2019-20","11721","Maryland","Blair Watson|Kaila Charles|Shakira Austin|Stephanie Jones|Taylor Mikesell",5,1200,1492,292,8,7,1
"2019-20","11721","Nebraska","Hannah Whitish|Isabelle Bourne|Kate Cain|Nicea Eliely|Sam Haiby",5,1307,1492,185,4,2,2
"2019-20","11721","Nebraska","Hannah Whitish|Isabelle Bourne|Kayla Mershon|Leigha Brown|Nicea Eliely",5,1492,1549,57,6,4,2
"2019-20","11721","Nebraska","Isabelle Bourne|Kayla Mershon|Leigha Brown|Nicea Eliely|Sam Haiby",5,1549,1581,32,0,0,0
"2019-20","11721","Maryland","Ashley Owusu|Blair Watson|Diamond Miller|Faith Masonius|Kaila Charles",5,1492,1617,125,4,6,-2
"2019-20","11721","Nebraska","Isabelle Bourne|Kate Cain|Leigha Brown|Nicea Eliely|Sam Haiby",5,1581,1617,36,0,0,0
"2019-20","11721","Maryland","Ashley Owusu|Diamond Miller|Faith Masonius|Kaila Charles|Stephanie Jones",5,1617,1680,63,2,1,1
"2019-20","11721","Maryland","Ashley Owusu|Diamond Miller|Kaila Charles|Shakira Austin|Stephanie Jones",5,1680,1812,132,4,7,-3
"2019-20","11721","Nebraska","Ashtyn Veerbeek|Kate Cain|Leigha Brown|Nicea Eliely|Sam Haiby",5,1617,1812,195,8,6,2
"2019-20","11721","Nebraska","Hannah Whitish|Isabelle Bourne|Kate Cain|Leigha Brown|Sam Haiby",5,1812,1936,124,0,4,-4
"2019-20","11721","Maryland","Ashley Owusu|Blair Watson|Kaila Charles|Shakira Austin|Stephanie Jones",5,1812,2111,299,11,5,6
"2019-20","11721","Nebraska","Hannah Whitish|Isabelle Bourne|Kate Cain|Leigha Brown|Nicea Eliely",5,1936,2111,175,5,7,-2
"2019-20","11721","Nebraska","Ashtyn Veerbeek|Hannah Whitish|Isabelle Bourne|Nicea Eliely|Sam Haiby",5,2111,2181,70,2,5,-3
"2019-20","11721","Nebraska","Ashtyn Veerbeek|Hannah Whitish|Isabelle Bourne|Leigha Brown|Nicea Eliely",5,2181,2213,32,3,0,3
"2019-20","11721","Maryland","Blair Watson|Diamond Miller|Kaila Charles|Stephanie Jones|Taylor Mikesell",5,2111,2318,207,9,9,0
"2019-20","11721","Nebraska","Hannah Whitish|Isabelle Bourne|Leigha Brown|Nicea Eliely|Sam Haiby",5,2213,2318,105,4,4,0
"2019-20","11721","Maryland","Diamond Miller|Faith Masonius|Sara Vujacic|Stephanie Jones|Taylor Mikesell",5,2318,2400,82,6,0,6
"2019-20","11721","Nebraska","Hannah Whitish|Kate Cain|Leigha Brown|Nicea Eliely|Sam Haiby",5,2318,2400,82,0,6,-6
"2019-20","11722","Indiana","Aleksa Gulbe|Ali Patberg|Brenna Wise|Grace Berger|Jaelynn Penn",5,0,133,133,0,8,-8
"2019-20","11722","Maryland","Blair Watson|Kaila Charles|Shakira Austin|Stephanie Jones|Taylor Mikesell",5,0,316,316,10,6,4
"2019-20","11722","Indiana","Aleksa Gulbe|Ali Patberg|Grace Berger|Jaelynn Penn|Mackenzie Holmes",5,133,316,183,6,2,4
"2019-20","11722","Maryland","Ashley Owusu|Blair Watson|Kaila Charles|Shakira Austin|Taylor Mikesell",5,316,377,61,2,2,0
"2019-20","11722","Indiana","Ali Patberg|Bendu Yeaney|Grace Berger|Jorie Allen|Mackenzie Holmes",5,316,377,61,2,2,0
"2019-20","11722","Maryland","Blair Watson|Diamond Miller|Kaila Charles|Stephanie Jones|Taylor Mikesell",5,377,431,54,2,1,1
"2019-20","11722","Indiana","Ali Patberg|Bendu Yeaney|Jaelynn Penn|Jorie Allen|Mackenzie Holmes",5,377,524,147,5,2,3
"2019-20","11722","Maryland","Diamond Miller|Kaila Charles|Shakira Austin|Stephanie Jones|Taylor Mikesell",5,431,561,130,0,4,-4
"2019-20","11722","Indiana","Aleksa Gulbe|Chanel Wilson|Grace Berger|Jaelynn Penn|Jorie Allen",5,524,561,37,0,0,0
"2019-20","11722","Maryland","Diamond Miller|Faith Masonius|Kaila Charles|Stephanie Jones|Taylor Mikesell",5,561,600,39,2,2,0
"2019-20","11722","Indiana","Aleksa Gulbe|Chanel Wilson|Grace Berger|Jorie Allen|Keyanna Warthen",5,561,600,39,2,2,0
"2019-20","11722","Maryland","Ashley Owusu|Blair Watson|Faith Masonius|Kaila Charles|Stephanie Jones",5,600,646,46,0,2,-2
"2019-20","11722","Indiana","Aleksa Gulbe|Ali Patberg|Brenna Wise|Grace Berger|Jaelynn Penn",5,600,646,46,3,0,3
"2019-20","11722","Indiana","Aleksa Gulbe|Brenna Wise|Chanel Wilson|Grace Berger|Jaelynn Penn",5,646,716,70,0,4,-4
"2019-20","11722","Indiana","Brenna Wise|Chanel Wilson|Grace Berger|Jaelynn Penn|Mackenzie Holmes",5,716,849,133,2,11,-9
"2019-20","11722","Maryland","Ashley Owusu|Blair Watson|Kaila Charles|Stephanie Jones|Taylor Mikesell",5,646,880,234,15,4,11
"2019-20","11722","Maryland","Ashley Owusu|Blair Watson|Kaila Charles|Shakira Austin|Taylor Mikesell",5,880,973,93,3,0,3
"2019-20","11722","Indiana","Aleksa Gulbe|Ali Patberg|Bendu Yeaney|Jaelynn Penn|Jorie Allen",5,849,973,124,1,3,-2
"2019-20","11722","Indiana","Aleksa Gulbe|Ali Patberg|Bendu Yeaney|Grace Berger|Mackenzie Holmes",5,973,1039,66,0,0,0
"2019-20","11722","Maryland","Blair Watson|Diamond Miller|Kaila Charles|Shakira Austin|Taylor Mikesell",5,973,1056,83,0,0,0
"2019-20","11722","Indiana","Aleksa Gulbe|Ali Patberg|Bendu Yeaney|Grace Berger|Jorie Allen",5,1039,1107,68,0,0,0
"2019-20","11722","Indiana","Aleksa Gulbe|Ali Patberg|Grace Berger|Jaelynn Penn|Jorie Allen",5,1107,1129,22,0,0,0
"2019-20","11722","Maryland","Blair Watson|Diamond Miller|Shakira Austin|Stephanie Jones|Taylor Mikesell",5,1056,1160,104,0,0,0
"2019-20","11722","Maryland","Ashley Owusu|Blair Watson|Kaila Charles|Stephanie Jones|Taylor Mikesell",5,1160,1200,40,0,0,0
"2019-20","11722","Indiana","Aleksa Gulbe|Ali Patberg|Jaelynn Penn|Jorie Allen|Keyanna Warthen",5,1129,1200,71,0,0,0
"2019-20","11722","Indiana","Aleksa Gulbe|Ali Patberg|Brenna Wise|Grace Berger|Jaelynn Penn",5,1200,1364,164,5,4,1
"2019-20","11722","Maryland","Blair Watson|Kaila Charles|Shakira Austin|Stephanie Jones|Taylor Mikesell",5,1200,1449,249,6,9,-3
"2019-20","11722","Indiana","Aleksa Gulbe|Ali Patberg|Grace Berger|Jaelynn Penn|Mackenzie Holmes",5,1364,1505,141,5,6,-1
"2019-20","11722","Maryland","Ashley Owusu|Blair Watson|Diamond Miller|Kaila Charles|Shakira Austin",5,1449,1684,235,10,3,7
"2019-20","11722","Indiana","Ali Patberg|Grace Berger|Jaelynn Penn|Jorie Allen|Mackenzie Holmes",5,1505,1684,179,2,6,-4
"2019-20","11722","Maryland","Ashley Owusu|Diamond Miller|Kaila Charles|Stephanie Jones|Taylor Mikesell",5,1684,1731,47,3,0,3
"2019-20","11722","Indiana","Aleksa Gulbe|Ali Patberg|Grace Berger|Jorie Allen|Keyanna Warthen",5,1684,1800,116,4,7,-3
"2019-20","11722","Maryland","Ashley Owusu|Diamond Miller|Faith Masonius|Stephanie Jones|Taylor Mikesell",5,1731,1869,138,6,8,-2
"2019-20","11722","Indiana","Aleksa Gulbe|Ali Patberg|Grace Berger|Jaelynn Penn|Mackenzie Holmes",5,1800,1995,195,4,6,-2
"2019-20","11722","Maryland","Blair Watson|Kaila Charles|Shakira Austin|Stephanie Jones|Taylor Mikesell",5,1869,2069,200,6,4,2
"2019-20","11722","Maryland","Kaila Charles|Sara Vujacic|Shakira Austin|Stephanie Jones|Taylor Mikesell",5,2069,2126,57,4,4,0
"2019-20","11722","Indiana","Aleksa Gulbe|Ali Patberg|Bendu Yeaney|Brenna Wise|Grace Berger",5,1995,2126,131,8,6,2
"2019-20","11722","Indiana","Ali Patberg|Bendu Yeaney|Brenna Wise|Grace Berger|Mackenzie Holmes",5,2126,2184,58,3,2,1
"2019-20","11722","Maryland","Blair Watson|Kaila Charles|Shakira Austin|Stephanie Jones|Taylor Mikesell",5,2126,2293,167,7,5,2
"2019-20","11722","Indiana","Aleksa Gulbe|Ali Patberg|Bendu Yeaney|Brenna Wise|Grace Berger",5,2184,2293,109,2,5,-3
"2019-20","11722","Maryland","Ashley Owusu|Diamond Miller|Faith Masonius|Sara Vujacic|Shakira Austin",5,2293,2400,107,0,8,-8
"2019-20","11722","Indiana","Aleksa Gulbe|Ali Patberg|Bendu Yeaney|Grace Berger|Jorie Allen",5,2293,2400,107,8,0,8
"2019-20","11723","Illinois","Ali Andrews|Brandi Beasley|J-Naya Ephraim|Mackenzie Blazek|Petra Holes?nsk?",5,0,65,65,0,6,-6
"2019-20","11723","Illinois","Ali Andrews|Brandi Beasley|Jeanae Terry|Mackenzie Blazek|Petra Holes?nsk?",5,65,255,190,2,4,-2
"2019-20","11723","Maryland","Blair Watson|Kaila Charles|Shakira Austin|Stephanie Jones|Taylor Mikesell",5,0,286,286,10,2,8
"2019-20","11723","Maryland","Blair Watson|Diamond Miller|Kaila Charles|Shakira Austin|Taylor Mikesell",5,286,318,32,0,0,0
"2019-20","11723","Illinois","Ali Andrews|Brandi Beasley|Courtney Joens|Jada Peebles|Jeanae Terry",5,255,410,155,5,3,2
"2019-20","11723","Maryland","Ashley Owusu|Blair Watson|Faith Masonius|Shakira Austin|Taylor Mikesell",5,318,410,92,3,5,-2
"2019-20","11723","Maryland","Ashley Owusu|Blair Watson|Faith Masonius|Stephanie Jones|Taylor Mikesell",5,410,434,24,0,2,-2
"2019-20","11723","Maryland","Ashley Owusu|Blair Watson|Kaila Charles|Stephanie Jones|Taylor Mikesell",5,434,503,69,5,0,5
"2019-20","11723","Illinois","Ali Andrews|Brandi Beasley|Jada Peebles|Jeanae Terry|Nancy Panagiotopoulou",5,410,564,154,4,9,-5
"2019-20","11723","Illinois","Ali Andrews|Brandi Beasley|J-Naya Ephraim|Jada Peebles|Nancy Panagiotopoulou",5,564,674,110,5,2,3
"2019-20","11723","Maryland","Ashley Owusu|Blair Watson|Kaila Charles|Shakira Austin|Taylor Mikesell",5,503,674,171,6,7,-1
"2019-20","11723","Maryland","Ashley Owusu|Blair Watson|Kaila Charles|Stephanie Jones|Taylor Mikesell",5,674,707,33,1,0,1
"2019-20","11723","Illinois","Ali Andrews|Courtney Joens|J-Naya Ephraim|Jada Peebles|Jeanae Terry",5,674,734,60,0,2,-2
"2019-20","11723","Maryland","Ashley Owusu|Blair Watson|Diamond Miller|Kaila Charles|Stephanie Jones",5,707,757,50,1,2,-1
"2019-20","11723","Illinois","Ali Andrews|Courtney Joens|Jada Peebles|Jeanae Terry|Petra Holes?nsk?",5,734,806,72,2,0,2
"2019-20","11723","Maryland","Ashley Owusu|Blair Watson|Diamond Miller|Kaila Charles|Shakira Austin",5,757,806,49,0,0,0
"2019-20","11723","Maryland","Ashley Owusu|Diamond Miller|Faith Masonius|Sara Vujacic|Shakira Austin",5,806,873,67,0,2,-2
"2019-20","11723","Illinois","Ali Andrews|Cierra Rice|Courtney Joens|Jeanae Terry|Petra Holes?nsk?",5,806,884,78,2,0,2
"2019-20","11723","Illinois","Ali Andrews|Brandi Beasley|Cierra Rice|Courtney Joens|Petra Holes?nsk?",5,884,1125,241,7,10,-3
"2019-20","11723","Maryland","Ashley Owusu|Faith Masonius|Kaila Charles|Sara Vujacic|Taylor Mikesell",5,873,1125,252,10,7,3
"2019-20","11723","Illinois","Brandi Beasley|Jada Peebles|Jeanae Terry|Nancy Panagiotopoulou|Petra Holes?nsk?",5,1125,1200,75,0,4,-4
"2019-20","11723","Maryland","Blair Watson|Faith Masonius|Kaila Charles|Sara Vujacic|Taylor Mikesell",5,1125,1200,75,4,0,4
"2019-20","11723","Maryland","Blair Watson|Kaila Charles|Shakira Austin|Stephanie Jones|Taylor Mikesell",5,1200,1231,31,0,2,-2
"2019-20","11723","Maryland","Diamond Miller|Kaila Charles|Shakira Austin|Stephanie Jones|Taylor Mikesell",5,1231,1317,86,4,3,1
"2019-20","11723","Illinois","Ali Andrews|Brandi Beasley|Jeanae Terry|Mackenzie Blazek|Petra Holes?nsk?",5,1200,1367,167,8,4,4
"2019-20","11723","Maryland","Ashley Owusu|Diamond Miller|Kaila Charles|Shakira Austin|Stephanie Jones",5,1317,1387,70,1,4,-3
"2019-20","11723","Illinois","Brandi Beasley|Courtney Joens|Jeanae Terry|Mackenzie Blazek|Petra Holes?nsk?",5,1367,1467,100,1,4,-3
"2019-20","11723","Maryland","Ashley Owusu|Blair Watson|Diamond Miller|Kaila Charles|Shakira Austin",5,1387,1467,80,3,0,3
"2019-20","11723","Illinois","Brandi Beasley|Courtney Joens|Jada Peebles|Jeanae Terry|Mackenzie Blazek",5,1467,1537,70,1,2,-1
"2019-20","11723","Illinois","Ali Andrews|Cierra Rice|Jada Peebles|Jeanae Terry|Mackenzie Blazek",5,1537,1580,43,0,3,-3
"2019-20","11723","Illinois","Ali Andrews|Brandi Beasley|Cierra Rice|Jada Peebles|Mackenzie Blazek",5,1580,1593,13,0,0,0
"2019-20","11723","Illinois","Ali Andrews|Brandi Beasley|Cierra Rice|Mackenzie Blazek|Petra Holes?nsk?",5,1593,1607,14,0,2,-2
"2019-20","11723","Illinois","Ali Andrews|Brandi Beasley|Jada Peebles|Jeanae Terry|Mackenzie Blazek",5,1607,1657,50,0,0,0
"2019-20","11723","Maryland","Blair Watson|Diamond Miller|Faith Masonius|Kaila Charles|Taylor Mikesell",5,1467,1694,227,7,4,3
"2019-20","11723","Maryland","Blair Watson|Diamond Miller|Kaila Charles|Stephanie Jones|Taylor Mikesell",5,1694,1764,70,2,5,-3
"2019-20","11723","Maryland","Ashley Owusu|Blair Watson|Kaila Charles|Sara Vujacic|Stephanie Jones",5,1764,1768,4,0,0,0
"2019-20","11723","Illinois","Ali Andrews|Brandi Beasley|Jada Peebles|Jeanae Terry|Nancy Panagiotopoulou",5,1657,1800,143,9,5,4
"2019-20","11723","Illinois","Ali Andrews|Brandi Beasley|Jada Peebles|Jeanae Terry|Mackenzie Blazek",5,1800,1948,148,3,3,0
"2019-20","11723","Maryland","Blair Watson|Kaila Charles|Sara Vujacic|Stephanie Jones|Taylor Mikesell",5,1768,1948,180,6,4,2
"2019-20","11723","Maryland","Blair Watson|Sara Vujacic|Shakira Austin|Stephanie Jones|Taylor Mikesell",5,1948,2013,65,4,0,4
"2019-20","11723","Illinois","Ali Andrews|Brandi Beasley|J-Naya Ephraim|Jeanae Terry|Petra Holes?nsk?",5,1948,2057,109,0,6,-6
"2019-20","11723","Maryland","Blair Watson|Faith Masonius|Sara Vujacic|Shakira Austin|Taylor Mikesell",5,2013,2094,81,2,1,1
"2019-20","11723","Illinois","Brandi Beasley|J-Naya Ephraim|Jeanae Terry|Mackenzie Blazek|Petra Holes?nsk?",5,2057,2115,58,1,0,1
"2019-20","11723","Maryland","Blair Watson|Kaila Charles|Sara Vujacic|Shakira Austin|Taylor Mikesell",5,2094,2145,51,0,0,0
"2019-20","11723","Illinois","Ali Andrews|Brandi Beasley|Courtney Joens|Jeanae Terry|Petra Holes?nsk?",5,2115,2195,80,2,3,-1
"2019-20","11723","Maryland","Blair Watson|Kaila Charles|Sara Vujacic|Stephanie Jones|Taylor Mikesell",5,2145,2268,123,8,6,2
"2019-20","11723","Maryland","Ashley Owusu|Diamond Miller|Faith Masonius|Kaila Charles|Sara Vujacic",5,2268,2319,51,2,2,0
"2019-20","11723","Illinois","Brandi Beasley|Courtney Joens|Jeanae Terry|Nancy Panagiotopoulou|Petra Holes?nsk?",5,2195,2400,205,8,7,1
"2019-20","11723","Maryland","Ashley Owusu|Diamond Miller|Faith Masonius|Sara Vujacic|Shakira Austin",5,2319,2400,81,0,2,-2
"2019-20","11724","Maryland","Blair Watson|Kaila Charles|Shakira Austin|Stephanie Jones|Taylor Mikesell",5,0,220,220,7,4,3
"2019-20","11724","Northwestern","Abbie Wolf|Abi Scheid|Lindsey Pulliam|Sydney Wood|Veronica Burton",5,0,255,255,4,7,-3
"2019-20","11724","Maryland","Ashley Owusu|Blair Watson|Kaila Charles|Stephanie Jones|Taylor Mikesell",5,220,353,133,6,3,3
"2019-20","11724","Maryland","Ashley Owusu|Blair Watson|Faith Masonius|Stephanie Jones|Taylor Mikesell",5,353,420,67,2,2,0
"2019-20","11724","Maryland","Blair Watson|Diamond Miller|Faith Masonius|Stephanie Jones|Taylor Mikesell",5,420,483,63,0,1,-1
"2019-20","11724","Northwestern","Abbie Wolf|Abi Scheid|Jordan Hamilton|Lindsey Pulliam|Veronica Burton",5,255,517,262,7,8,-1
"2019-20","11724","Maryland","Blair Watson|Diamond Miller|Faith Masonius|Shakira Austin|Taylor Mikesell",5,483,571,88,2,1,1
"2019-20","11724","Northwestern","Abbie Wolf|Jordan Hamilton|Lindsey Pulliam|Sydney Wood|Veronica Burton",5,517,600,83,0,2,-2
"2019-20","11724","Maryland","Blair Watson|Diamond Miller|Faith Masonius|Kaila Charles|Taylor Mikesell",5,571,750,179,0,5,-5
"2019-20","11724","Northwestern","Abbie Wolf|Abi Scheid|Lindsey Pulliam|Sydney Wood|Veronica Burton",5,600,750,150,5,0,5
"2019-20","11724","Maryland","Ashley Owusu|Diamond Miller|Kaila Charles|Stephanie Jones|Taylor Mikesell",5,750,795,45,0,2,-2
"2019-20","11724","Northwestern","Abi Scheid|Courtney Shaw|Lindsey Pulliam|Sydney Wood|Veronica Burton",5,750,865,115,4,2,2
"2019-20","11724","Maryland","Ashley Owusu|Blair Watson|Kaila Charles|Stephanie Jones|Taylor Mikesell",5,795,961,166,8,5,3
"2019-20","11724","Northwestern","Abi Scheid|Courtney Shaw|Jordan Hamilton|Lindsey Pulliam|Sydney Wood",5,865,961,96,3,6,-3
"2019-20","11724","Northwestern","Abbie Wolf|Abi Scheid|Jordan Hamilton|Lindsey Pulliam|Sydney Wood",5,961,962,1,0,0,0
"2019-20","11724","Maryland","Blair Watson|Diamond Miller|Kaila Charles|Stephanie Jones|Taylor Mikesell",5,961,1041,80,2,2,0
"2019-20","11724","Maryland","Blair Watson|Diamond Miller|Faith Masonius|Kaila Charles|Taylor Mikesell",5,1041,1070,29,0,0,0
"2019-20","11724","Maryland","Blair Watson|Diamond Miller|Faith Masonius|Stephanie Jones|Taylor Mikesell",5,1070,1112,42,0,3,-3
"2019-20","11724","Maryland","Diamond Miller|Faith Masonius|Sara Vujacic|Stephanie Jones|Taylor Mikesell",5,1112,1200,88,0,2,-2
"2019-20","11724","Northwestern","Abbie Wolf|Jordan Hamilton|Lindsey Pulliam|Sydney Wood|Veronica Burton",5,962,1200,238,7,2,5
"2019-20","11724","Maryland","Ashley Owusu|Blair Watson|Kaila Charles|Stephanie Jones|Taylor Mikesell",5,1200,1457,257,9,6,3
"2019-20","11724","Maryland","Ashley Owusu|Blair Watson|Diamond Miller|Faith Masonius|Kaila Charles",5,1457,1522,65,0,3,-3
"2019-20","11724","Northwestern","Abbie Wolf|Abi Scheid|Lindsey Pulliam|Sydney Wood|Veronica Burton",5,1200,1664,464,9,17,-8
"2019-20","11724","Northwestern","Abbie Wolf|Abi Scheid|Jordan Hamilton|Lindsey Pulliam|Veronica Burton",5,1664,1738,74,0,2,-2
"2019-20","11724","Maryland","Ashley Owusu|Blair Watson|Kaila Charles|Stephanie Jones|Taylor Mikesell",5,1522,1756,234,12,0,12
"2019-20","11724","Maryland","Blair Watson|Faith Masonius|Kaila Charles|Stephanie Jones|Taylor Mikesell",5,1756,1767,11,0,1,-1
"2019-20","11724","Northwestern","Abi Scheid|Courtney Shaw|Jordan Hamilton|Lindsey Pulliam|Veronica Burton",5,1738,1800,62,1,2,-1
"2019-20","11724","Northwestern","Abbie Wolf|Abi Scheid|Lindsey Pulliam|Sydney Wood|Veronica Burton",5,1800,1898,98,0,0,0
"2019-20","11724","Maryland","Ashley Owusu|Blair Watson|Kaila Charles|Stephanie Jones|Taylor Mikesell",5,1767,1915,148,0,3,-3
"2019-20","11724","Northwestern","Abbie Wolf|Abi Scheid|Jordan Hamilton|Lindsey Pulliam|Veronica Burton",5,1898,1984,86,6,0,6
"2019-20","11724","Northwestern","Abbie Wolf|Abi Scheid|Lindsey Pulliam|Sydney Wood|Veronica Burton",5,1984,2175,191,3,11,-8
"2019-20","11724","Maryland","Ashley Owusu|Blair Watson|Faith Masonius|Kaila Charles|Taylor Mikesell",5,1915,2277,362,12,11,1
"2019-20","11724","Northwestern","Abbie Wolf|Abi Scheid|Jordan Hamilton|Lindsey Pulliam|Veronica Burton",5,2175,2277,102,6,1,5
"2019-20","11724","Northwestern","Abi Scheid|Jordan Hamilton|Lindsey Pulliam|Sydney Wood|Veronica Burton",5,2277,2328,51,0,5,-5
"2019-20","11724","Maryland","Ashley Owusu|Blair Watson|Kaila Charles|Stephanie Jones|Taylor Mikesell",5,2277,2400,123,10,7,3
"2019-20","11724","Northwestern","Abi Scheid|Byrdy Galernik|Jordan Hamilton|Lindsey Pulliam|Veronica Burton",5,2328,2400,72,6,5,1
"2019-20","11725","Maryland","Blair Watson|Kaila Charles|Shakira Austin|Stephanie Jones|Taylor Mikesell",5,0,119,119,3,0,3
"2019-20","11725","Maryland","Ashley Owusu|Blair Watson|Kaila Charles|Stephanie Jones|Taylor Mikesell",5,119,241,122,5,5,0
"2019-20","11725","Maryland","Blair Watson|Diamond Miller|Kaila Charles|Stephanie Jones|Taylor Mikesell",5,241,263,22,2,1,1
"2019-20","11725","Ohio St.","Aaliyah Patty|Braxtin Miller|Dorka Juhasz|Jacy Sheldon|Madison Greene",5,0,340,340,6,12,-6
"2019-20","11725","Maryland","Blair Watson|Diamond Miller|Faith Masonius|Kaila Charles|Taylor Mikesell",5,263,340,77,2,0,2
"2019-20","11725","Ohio St.","Dorka Juhasz|Jacy Sheldon|Janai Crooms|Kierstan Bell|Rebeka Mikulasikova",5,340,471,131,0,6,-6
"2019-20","11725","Ohio St.","Braxtin Miller|Jacy Sheldon|Janai Crooms|Kierstan Bell|Rebeka Mikulasikova",5,471,501,30,0,0,0
"2019-20","11725","Ohio St.","Aaliyah Patty|Braxtin Miller|Jacy Sheldon|Janai Crooms|Kierstan Bell",5,501,600,99,2,5,-3
"2019-20","11725","Maryland","Blair Watson|Diamond Miller|Shakira Austin|Stephanie Jones|Taylor Mikesell",5,340,600,260,11,2,9
"2019-20","11725","Maryland","Ashley Owusu|Blair Watson|Diamond Miller|Shakira Austin|Stephanie Jones",5,600,635,35,2,0,2
"2019-20","11725","Maryland","Blair Watson|Diamond Miller|Shakira Austin|Stephanie Jones|Taylor Mikesell",5,635,706,71,2,3,-1
"2019-20","11725","Ohio St.","Aaliyah Patty|Braxtin Miller|Dorka Juhasz|Janai Crooms|Madison Greene",5,600,757,157,3,6,-3
"2019-20","11725","Maryland","Blair Watson|Diamond Miller|Kaila Charles|Stephanie Jones|Taylor Mikesell",5,706,800,94,2,3,-1
"2019-20","11725","Ohio St.","Braxtin Miller|Dorka Juhasz|Jacy Sheldon|Kaelynn Satterfield|Madison Greene",5,757,851,94,3,3,0
"2019-20","11725","Maryland","Blair Watson|Kaila Charles|Shakira Austin|Stephanie Jones|Taylor Mikesell",5,800,851,51,3,0,3
"2019-20","11725","Ohio St.","Braxtin Miller|Dorka Juhasz|Jacy Sheldon|Kaelynn Satterfield|Kierstan Bell",5,851,938,87,2,4,-2
"2019-20","11725","Ohio St.","Aaliyah Patty|Braxtin Miller|Jacy Sheldon|Kaelynn Satterfield|Kierstan Bell",5,938,947,9,0,0,0
"2019-20","11725","Ohio St.","Braxtin Miller|Jacy Sheldon|Kaelynn Satterfield|Kierstan Bell|Rebeka Mikulasikova",5,947,993,46,2,2,0
"2019-20","11725","Maryland","Blair Watson|Faith Masonius|Kaila Charles|Shakira Austin|Taylor Mikesell",5,851,993,142,6,4,2
"2019-20","11725","Ohio St.","Braxtin Miller|Dorka Juhasz|Jacy Sheldon|Kierstan Bell|Rebeka Mikulasikova",5,993,1048,55,3,0,3
"2019-20","11725","Maryland","Blair Watson|Kaila Charles|Shakira Austin|Stephanie Jones|Taylor Mikesell",5,993,1048,55,0,3,-3
"2019-20","11725","Ohio St.","Braxtin Miller|Dorka Juhasz|Janai Crooms|Kierstan Bell|Rebeka Mikulasikova",5,1048,1116,68,1,5,-4
"2019-20","11725","Maryland","Blair Watson|Faith Masonius|Kaila Charles|Shakira Austin|Taylor Mikesell",5,1048,1180,132,7,2,5
"2019-20","11725","Ohio St.","Braxtin Miller|Dorka Juhasz|Jacy Sheldon|Janai Crooms|Rebeka Mikulasikova",5,1116,1200,84,1,2,-1
"2019-20","11725","Maryland","Blair Watson|Faith Masonius|Kaila Charles|Sara Vujacic|Taylor Mikesell",5,1180,1200,20,0,0,0
"2019-20","11725","Maryland","Blair Watson|Kaila Charles|Shakira Austin|Stephanie Jones|Taylor Mikesell",5,1200,1279,79,2,2,0
"2019-20","11725","Ohio St.","Aaliyah Patty|Braxtin Miller|Dorka Juhasz|Jacy Sheldon|Madison Greene",5,1200,1416,216,12,6,6
"2019-20","11725","Maryland","Blair Watson|Diamond Miller|Kaila Charles|Stephanie Jones|Taylor Mikesell",5,1279,1416,137,4,10,-6
"2019-20","11725","Maryland","Blair Watson|Diamond Miller|Kaila Charles|Shakira Austin|Taylor Mikesell",5,1416,1452,36,0,0,0
"2019-20","11725","Ohio St.","Aixa Wone Aranaz|Braxtin Miller|Dorka Juhasz|Jacy Sheldon|Madison Greene",5,1416,1513,97,1,2,-1
"2019-20","11725","Maryland","Ashley Owusu|Diamond Miller|Kaila Charles|Shakira Austin|Taylor Mikesell",5,1452,1513,61,2,1,1
"2019-20","11725","Maryland","Ashley Owusu|Diamond Miller|Kaila Charles|Stephanie Jones|Taylor Mikesell",5,1513,1569,56,2,2,0
"2019-20","11725","Ohio St.","Braxtin Miller|Dorka Juhasz|Jacy Sheldon|Janai Crooms|Kierstan Bell",5,1513,1660,147,4,4,0
"2019-20","11725","Maryland","Ashley Owusu|Blair Watson|Diamond Miller|Kaila Charles|Stephanie Jones",5,1569,1660,91,2,2,0
"2019-20","11725","Ohio St.","Dorka Juhasz|Jacy Sheldon|Janai Crooms|Kierstan Bell|Madison Greene",5,1660,1684,24,0,0,0
"2019-20","11725","Maryland","Ashley Owusu|Blair Watson|Diamond Miller|Faith Masonius|Stephanie Jones",5,1660,1694,34,0,0,0
"2019-20","11725","Ohio St.","Aaliyah Patty|Jacy Sheldon|Janai Crooms|Kierstan Bell|Madison Greene",5,1684,1782,98,4,2,2
"2019-20","11725","Maryland","Ashley Owusu|Blair Watson|Diamond Miller|Faith Masonius|Kaila Charles",5,1694,1782,88,2,4,-2
"2019-20","11725","Maryland","Ashley Owusu|Blair Watson|Diamond Miller|Kaila Charles|Stephanie Jones",5,1782,1800,18,0,2,-2
"2019-20","11725","Ohio St.","Aaliyah Patty|Jacy Sheldon|Janai Crooms|Kaelynn Satterfield|Madison Greene",5,1782,1852,70,6,3,3
"2019-20","11725","Maryland","Blair Watson|Kaila Charles|Shakira Austin|Stephanie Jones|Taylor Mikesell",5,1800,1852,52,3,4,-1
"2019-20","11725","Ohio St.","Dorka Juhasz|Jacy Sheldon|Janai Crooms|Kierstan Bell|Madison Greene",5,1852,1950,98,2,2,0
"2019-20","11725","Ohio St.","Jacy Sheldon|Janai Crooms|Kaelynn Satterfield|Madison Greene|Rebeka Mikulasikova",5,1950,1979,29,2,5,-3
"2019-20","11725","Ohio St.","Braxtin Miller|Jacy Sheldon|Janai Crooms|Kaelynn Satterfield|Rebeka Mikulasikova",5,1979,2112,133,0,4,-4
"2019-20","11725","Ohio St.","Aaliyah Patty|Braxtin Miller|Dorka Juhasz|Jacy Sheldon|Madison Greene",5,2112,2217,105,2,4,-2
"2019-20","11725","Maryland","Blair Watson|Diamond Miller|Kaila Charles|Stephanie Jones|Taylor Mikesell",5,1852,2217,365,15,6,9
"2019-20","11725","Ohio St.","Aaliyah Patty|Braxtin Miller|Dorka Juhasz|Janai Crooms|Kaelynn Satterfield",5,2217,2274,57,4,2,2
"2019-20","11725","Maryland","Ashley Owusu|Blair Watson|Diamond Miller|Faith Masonius|Stephanie Jones",5,2217,2274,57,2,4,-2
"2019-20","11725","Ohio St.","Aixa Wone Aranaz|Braxtin Miller|Dorka Juhasz|Janai Crooms|Kaelynn Satterfield",5,2274,2400,126,5,6,-1
"2019-20","11725","Maryland","Ashley Owusu|Diamond Miller|Faith Masonius|Sara Vujacic|Stephanie Jones",5,2274,2400,126,6,5,1
"2019-20","11726","Maryland","Blair Watson|Kaila Charles|Shakira Austin|Stephanie Jones|Taylor Mikesell",5,0,114,114,5,2,3
"2019-20","11726","Michigan St.","Kayla Belles|Moira Joiner|Nia Clouden|Nia Hollie|Taryn McCutcheon",5,0,157,157,6,5,1
"2019-20","11726","Maryland","Ashley Owusu|Blair Watson|Kaila Charles|Shakira Austin|Taylor Mikesell",5,114,209,95,2,6,-4
"2019-20","11726","Maryland","Ashley Owusu|Blair Watson|Diamond Miller|Shakira Austin|Taylor Mikesell",5,209,230,21,1,0,1
"2019-20","11726","Maryland","Ashley Owusu|Diamond Miller|Kaila Charles|Shakira Austin|Taylor Mikesell",5,230,337,107,0,2,-2
"2019-20","11726","Michigan St.","Moira Joiner|Nia Clouden|Nia Hollie|Taiyier Parks|Taryn McCutcheon",5,157,444,287,6,8,-2
"2019-20","11726","Maryland","Ashley Owusu|Faith Masonius|Kaila Charles|Shakira Austin|Taylor Mikesell",5,337,493,156,7,2,5
"2019-20","11726","Michigan St.","Alyza Winston|Moira Joiner|Nia Hollie|Taiyier Parks|Taryn McCutcheon",5,444,534,90,0,4,-4
"2019-20","11726","Maryland","Ashley Owusu|Kaila Charles|Sara Vujacic|Shakira Austin|Taylor Mikesell",5,493,598,105,9,2,7
"2019-20","11726","Maryland","Faith Masonius|Kaila Charles|Sara Vujacic|Shakira Austin|Taylor Mikesell",5,598,600,2,0,0,0
"2019-20","11726","Maryland","Ashley Owusu|Blair Watson|Kaila Charles|Stephanie Jones|Taylor Mikesell",5,600,678,78,2,2,0
"2019-20","11726","Michigan St.","Moira Joiner|Nia Clouden|Nia Hollie|Taiyier Parks|Taryn McCutcheon",5,534,774,240,4,9,-5
"2019-20","11726","Michigan St.","Claire Hendrickson|Moira Joiner|Nia Clouden|Taiyier Parks|Taryn McCutcheon",5,774,803,29,0,2,-2
"2019-20","11726","Maryland","Ashley Owusu|Blair Watson|Shakira Austin|Stephanie Jones|Taylor Mikesell",5,678,868,190,4,2,2
"2019-20","11726","Maryland","Ashley Owusu|Diamond Miller|Kaila Charles|Shakira Austin|Taylor Mikesell",5,868,900,32,0,2,-2
"2019-20","11726","Michigan St.","Claire Hendrickson|Cydni Dodd|Moira Joiner|Nia Clouden|Taryn McCutcheon",5,803,900,97,4,2,2
"2019-20","11726","Maryland","Ashley Owusu|Blair Watson|Kaila Charles|Shakira Austin|Taylor Mikesell",5,900,981,81,0,0,0
"2019-20","11726","Maryland","Ashley Owusu|Blair Watson|Shakira Austin|Stephanie Jones|Taylor Mikesell",5,981,1040,59,3,0,3
"2019-20","11726","Maryland","Ashley Owusu|Blair Watson|Kaila Charles|Stephanie Jones|Taylor Mikesell",5,1040,1200,160,12,2,10
"2019-20","11726","Michigan St.","Claire Hendrickson|Cydni Dodd|Nia Clouden|Nia Hollie|Taryn McCutcheon",5,900,1200,300,2,15,-13
"2019-20","11726","Michigan St.","Claire Hendrickson|Kayla Belles|Nia Clouden|Nia Hollie|Taryn McCutcheon",5,1200,1285,85,0,4,-4
"2019-20","11726","Maryland","Blair Watson|Kaila Charles|Shakira Austin|Stephanie Jones|Taylor Mikesell",5,1200,1308,108,6,0,6
"2019-20","11726","Maryland","Ashley Owusu|Blair Watson|Kaila Charles|Stephanie Jones|Taylor Mikesell",5,1308,1451,143,11,4,7
"2019-20","11726","Michigan St.","Kayla Belles|Moira Joiner|Nia Clouden|Nia Hollie|Taryn McCutcheon",5,1285,1451,166,4,13,-9
"2019-20","11726","Maryland","Ashley Owusu|Diamond Miller|Kaila Charles|Stephanie Jones|Taylor Mikesell",5,1451,1543,92,6,3,3
"2019-20","11726","Michigan St.","Claire Hendrickson|Kayla Belles|Moira Joiner|Nia Clouden|Taryn McCutcheon",5,1451,1543,92,3,6,-3
"2019-20","11726","Michigan St.","Kayla Belles|Moira Joiner|Nia Clouden|Taiyier Parks|Taryn McCutcheon",5,1543,1562,19,0,0,0
"2019-20","11726","Maryland","Ashley Owusu|Diamond Miller|Faith Masonius|Stephanie Jones|Taylor Mikesell",5,1543,1573,30,0,2,-2
"2019-20","11726","Maryland","Ashley Owusu|Faith Masonius|Sara Vujacic|Stephanie Jones|Taylor Mikesell",5,1573,1643,70,2,2,0
"2019-20","11726","Michigan St.","Claire Hendrickson|Kayla Belles|Moira Joiner|Nia Clouden|Taiyier Parks",5,1562,1650,88,4,2,2
"2019-20","11726","Maryland","Ashley Owusu|Faith Masonius|Sara Vujacic|Shakira Austin|Taylor Mikesell",5,1643,1734,91,3,5,-2
"2019-20","11726","Michigan St.","Alyza Winston|Claire Hendrickson|Kayla Belles|Nia Clouden|Taiyier Parks",5,1650,1734,84,5,3,2
"2019-20","11726","Michigan St.","Alyza Winston|Claire Hendrickson|Kayla Belles|Moira Joiner|Taiyier Parks",5,1734,1744,10,0,0,0
"2019-20","11726","Maryland","Diamond Miller|Faith Masonius|Sara Vujacic|Shakira Austin|Taylor Mikesell",5,1734,1800,66,3,0,3
"2019-20","11726","Maryland","Ashley Owusu|Diamond Miller|Faith Masonius|Sara Vujacic|Stephanie Jones",5,1800,2015,215,9,9,0
"2019-20","11726","Michigan St.","Alyza Winston|Claire Hendrickson|Cydni Dodd|Kayla Belles|Moira Joiner",5,1744,2015,271,9,12,-3
"2019-20","11726","Michigan St.","Claire Hendrickson|Kayla Belles|Laurel Jacqmain|Nia Clouden|Nia Hollie",5,2015,2120,105,2,2,0
"2019-20","11726","Michigan St.","Claire Hendrickson|Laurel Jacqmain|Nia Clouden|Nia Hollie|Taiyier Parks",5,2120,2213,93,0,2,-2
"2019-20","11726","Michigan St.","Claire Hendrickson|Kayla Belles|Moira Joiner|Nia Clouden|Taiyier Parks",5,2213,2261,48,2,2,0
"2019-20","11726","Michigan St.","Claire Hendrickson|Cydni Dodd|Moira Joiner|Nia Clouden|Taiyier Parks",5,2261,2352,91,2,3,-1
"2019-20","11726","Maryland","Ashley Owusu|Diamond Miller|Faith Masonius|Sara Vujacic|Shakira Austin",5,2015,2400,385,9,6,3
"2019-20","11726","Michigan St.","Alyza Winston|Claire Hendrickson|Cydni Dodd|Laurel Jacqmain|Taiyier Parks",5,2352,2400,48,0,0,0
"2019-20","11727","Maryland","Blair Watson|Kaila Charles|Shakira Austin|Stephanie Jones|Taylor Mikesell",5,0,24,24,0,0,0
"2019-20","11727","Maryland","Ashley Owusu|Blair Watson|Kaila Charles|Shakira Austin|Taylor Mikesell",5,24,108,84,2,2,0
"2019-20","11727","Indiana","Aleksa Gulbe|Ali Patberg|Brenna Wise|Grace Berger|Jaelynn Penn",5,0,153,153,5,2,3
"2019-20","11727","Indiana","Ali Patberg|Brenna Wise|Grace Berger|Jaelynn Penn|Mackenzie Holmes",5,153,304,151,6,2,4
"2019-20","11727","Maryland","Blair Watson|Diamond Miller|Kaila Charles|Shakira Austin|Taylor Mikesell",5,108,304,196,2,9,-7
"2019-20","11727","Indiana","Aleksa Gulbe|Ali Patberg|Brenna Wise|Grace Berger|Jaelynn Penn",5,304,369,65,2,4,-2
"2019-20","11727","Indiana","Aleksa Gulbe|Ali Patberg|Brenna Wise|Grace Berger|Keyanna Warthen",5,369,463,94,5,5,0
"2019-20","11727","Indiana","Aleksa Gulbe|Ali Patberg|Brenna Wise|Jaelynn Penn|Keyanna Warthen",5,463,600,137,5,6,-1
"2019-20","11727","Maryland","Blair Watson|Diamond Miller|Faith Masonius|Kaila Charles|Taylor Mikesell",5,304,600,296,15,12,3
"2019-20","11727","Maryland","Blair Watson|Kaila Charles|Shakira Austin|Stephanie Jones|Taylor Mikesell",5,600,683,83,0,4,-4
"2019-20","11727","Indiana","Ali Patberg|Grace Berger|Jaelynn Penn|Jorie Allen|Mackenzie Holmes",5,600,778,178,10,6,4
"2019-20","11727","Maryland","Ashley Owusu|Diamond Miller|Kaila Charles|Shakira Austin|Stephanie Jones",5,683,778,95,6,6,0
"2019-20","11727","Indiana","Ali Patberg|Brenna Wise|Grace Berger|Jaelynn Penn|Mackenzie Holmes",5,778,849,71,3,3,0
"2019-20","11727","Maryland","Ashley Owusu|Blair Watson|Kaila Charles|Stephanie Jones|Taylor Mikesell",5,778,849,71,3,3,0
"2019-20","11727","Indiana","Aleksa Gulbe|Ali Patberg|Brenna Wise|Grace Berger|Keyanna Warthen",5,849,952,103,0,0,0
"2019-20","11727","Maryland","Ashley Owusu|Blair Watson|Faith Masonius|Kaila Charles|Taylor Mikesell",5,849,952,103,0,0,0
"2019-20","11727","Indiana","Aleksa Gulbe|Ali Patberg|Brenna Wise|Jaelynn Penn|Keyanna Warthen",5,952,1069,117,0,4,-4
"2019-20","11727","Maryland","Ashley Owusu|Blair Watson|Shakira Austin|Stephanie Jones|Taylor Mikesell",5,952,1069,117,4,0,4
"2019-20","11727","Maryland","Ashley Owusu|Kaila Charles|Shakira Austin|Stephanie Jones|Taylor Mikesell",5,1069,1144,75,0,0,0
"2019-20","11727","Maryland","Ashley Owusu|Blair Watson|Kaila Charles|Stephanie Jones|Taylor Mikesell",5,1144,1160,16,0,0,0
"2019-20","11727","Indiana","Ali Patberg|Brenna Wise|Grace Berger|Jaelynn Penn|Mackenzie Holmes",5,1069,1160,91,0,0,0
"2019-20","11727","Maryland","Ashley Owusu|Blair Watson|Diamond Miller|Kaila Charles|Taylor Mikesell",5,1160,1200,40,0,2,-2
"2019-20","11727","Maryland","Blair Watson|Kaila Charles|Shakira Austin|Stephanie Jones|Taylor Mikesell",5,1200,1310,110,4,1,3
"2019-20","11727","Indiana","Aleksa Gulbe|Ali Patberg|Brenna Wise|Grace Berger|Jaelynn Penn",5,1160,1361,201,3,6,-3
"2019-20","11727","Maryland","Ashley Owusu|Blair Watson|Kaila Charles|Stephanie Jones|Taylor Mikesell",5,1310,1463,153,10,2,8
"2019-20","11727","Indiana","Ali Patberg|Brenna Wise|Grace Berger|Jaelynn Penn|Mackenzie Holmes",5,1361,1587,226,4,14,-10
"2019-20","11727","Maryland","Ashley Owusu|Diamond Miller|Kaila Charles|Stephanie Jones|Taylor Mikesell",5,1463,1722,259,8,4,4
"2019-20","11727","Maryland","Blair Watson|Diamond Miller|Kaila Charles|Stephanie Jones|Taylor Mikesell",5,1722,1746,24,1,2,-1
"2019-20","11727","Indiana","Ali Patberg|Grace Berger|Jaelynn Penn|Jorie Allen|Mackenzie Holmes",5,1587,1766,179,6,3,3
"2019-20","11727","Indiana","Aleksa Gulbe|Ali Patberg|Grace Berger|Jaelynn Penn|Jorie Allen",5,1766,1800,34,0,3,-3
"2019-20","11727","Maryland","Blair Watson|Diamond Miller|Faith Masonius|Kaila Charles|Taylor Mikesell",5,1746,1800,54,3,2,1
"2019-20","11727","Maryland","Ashley Owusu|Blair Watson|Kaila Charles|Shakira Austin|Taylor Mikesell",5,1800,1898,98,2,5,-3
"2019-20","11727","Indiana","Aleksa Gulbe|Ali Patberg|Brenna Wise|Grace Berger|Jaelynn Penn",5,1800,1996,196,9,4,5
"2019-20","11727","Indiana","Ali Patberg|Brenna Wise|Grace Berger|Jaelynn Penn|Mackenzie Holmes",5,1996,2232,236,3,9,-6
"2019-20","11727","Indiana","Aleksa Gulbe|Ali Patberg|Brenna Wise|Grace Berger|Jaelynn Penn",5,2232,2296,64,6,2,4
"2019-20","11727","Indiana","Ali Patberg|Brenna Wise|Grace Berger|Jaelynn Penn|Mackenzie Holmes",5,2296,2348,52,0,4,-4
"2019-20","11727","Maryland","Ashley Owusu|Blair Watson|Kaila Charles|Stephanie Jones|Taylor Mikesell",5,1898,2348,450,17,13,4
"2019-20","11727","Indiana","Aleksa Gulbe|Ali Patberg|Brenna Wise|Grace Berger|Jaelynn Penn",5,2348,2400,52,2,2,0
"2019-20","11727","Maryland","Ashley Owusu|Blair Watson|Kaila Charles|Shakira Austin|Taylor Mikesell",5,2348,2400,52,2,2,0
"2019-20","11728","Maryland","Blair Watson|Kaila Charles|Shakira Austin|Stephanie Jones|Taylor Mikesell",5,0,207,207,7,0,7
"2019-20","11728","Maryland","Ashley Owusu|Blair Watson|Kaila Charles|Stephanie Jones|Taylor Mikesell",5,207,330,123,7,4,3
"2019-20","11728","Rutgers","Arella Guirantes|Jordan Wallace|Khadaizha Sanders|Tekia Mack|Zipporah Broughton",5,0,330,330,4,14,-10
"2019-20","11728","Maryland","Ashley Owusu|Diamond Miller|Kaila Charles|Stephanie Jones|Taylor Mikesell",5,330,461,131,8,4,4
"2019-20","11728","Rutgers","Arella Guirantes|Khadaizha Sanders|Mael Gilles|Maori Davenport|Tekia Mack",5,330,461,131,4,8,-4
"2019-20","11728","Maryland","Ashley Owusu|Diamond Miller|Faith Masonius|Kaila Charles|Taylor Mikesell",5,461,489,28,0,2,-2
"2019-20","11728","Rutgers","Arella Guirantes|Jordan Wallace|Khadaizha Sanders|Mael Gilles|Tekia Mack",5,461,489,28,2,1,1
"2019-20","11728","Rutgers","Jordan Wallace|Khadaizha Sanders|Mael Gilles|Tekia Mack|Zipporah Broughton",5,489,558,69,4,2,2
"2019-20","11728","Maryland","Ashley Owusu|Blair Watson|Diamond Miller|Faith Masonius|Kaila Charles",5,489,600,111,3,7,-4
"2019-20","11728","Rutgers","Khadaizha Sanders|Mael Gilles|Tekia Mack|Tyia Singleton|Zipporah Broughton",5,558,600,42,3,0,3
"2019-20","11728","Rutgers","Arella Guirantes|Mael Gilles|Tekia Mack|Tyia Singleton|Zipporah Broughton",5,600,691,91,0,3,-3
"2019-20","11728","Maryland","Ashley Owusu|Blair Watson|Shakira Austin|Stephanie Jones|Taylor Mikesell",5,600,747,147,3,0,3
"2019-20","11728","Rutgers","Arella Guirantes|Khadaizha Sanders|Mael Gilles|Tekia Mack|Zipporah Broughton",5,691,764,73,2,2,0
"2019-20","11728","Maryland","Ashley Owusu|Blair Watson|Kaila Charles|Shakira Austin|Taylor Mikesell",5,747,817,70,5,2,3
"2019-20","11728","Rutgers","Arella Guirantes|Jordan Wallace|Khadaizha Sanders|Tekia Mack|Zipporah Broughton",5,764,958,194,1,7,-6
"2019-20","11728","Maryland","Ashley Owusu|Blair Watson|Kaila Charles|Stephanie Jones|Taylor Mikesell",5,817,1022,205,7,5,2
"2019-20","11728","Rutgers","Arella Guirantes|Khadaizha Sanders|Mael Gilles|Maori Davenport|Tekia Mack",5,958,1022,64,4,5,-1
"2019-20","11728","Rutgers","Arella Guirantes|Jordan Wallace|Khadaizha Sanders|Mael Gilles|Tekia Mack",5,1022,1064,42,0,0,0
"2019-20","11728","Maryland","Ashley Owusu|Blair Watson|Diamond Miller|Kaila Charles|Stephanie Jones",5,1022,1200,178,4,2,2
"2019-20","11728","Rutgers","Jordan Wallace|Khadaizha Sanders|Mael Gilles|Tekia Mack|Zipporah Broughton",5,1064,1200,136,2,2,0
"2019-20","11728","Rutgers","Arella Guirantes|Jordan Wallace|Khadaizha Sanders|Mael Gilles|Tekia Mack",5,1200,1306,106,1,2,-1
"2019-20","11728","Maryland","Blair Watson|Kaila Charles|Shakira Austin|Stephanie Jones|Taylor Mikesell",5,1200,1359,159,6,3,3
"2019-20","11728","Rutgers","Arella Guirantes|Khadaizha Sanders|Mael Gilles|Maori Davenport|Tekia Mack",5,1306,1359,53,2,4,-2
"2019-20","11728","Rutgers","Arella Guirantes|Mael Gilles|Maori Davenport|Tekia Mack|Zipporah Broughton",5,1359,1380,21,0,0,0
"2019-20","11728","Rutgers","Arella Guirantes|Mael Gilles|Tekia Mack|Tyia Singleton|Zipporah Broughton",5,1380,1628,248,8,10,-2
"2019-20","11728","Maryland","Ashley Owusu|Blair Watson|Kaila Charles|Shakira Austin|Stephanie Jones",5,1359,1672,313,12,10,2
"2019-20","11728","Rutgers","Arella Guirantes|Khadaizha Sanders|Mael Gilles|Tekia Mack|Tyia Singleton",5,1628,1672,44,2,2,0
"2019-20","11728","Maryland","Ashley Owusu|Blair Watson|Diamond Miller|Kaila Charles|Shakira Austin",5,1672,1723,51,2,0,2
"2019-20","11728","Maryland","Ashley Owusu|Blair Watson|Diamond Miller|Faith Masonius|Shakira Austin",5,1723,1766,43,4,2,2
"2019-20","11728","Maryland","Diamond Miller|Faith Masonius|Sara Vujacic|Shakira Austin|Taylor Mikesell",5,1766,1800,34,0,2,-2
"2019-20","11728","Maryland","Ashley Owusu|Diamond Miller|Kaila Charles|Shakira Austin|Stephanie Jones",5,1800,1811,11,0,0,0
"2019-20","11728","Maryland","Ashley Owusu|Diamond Miller|Faith Masonius|Kaila Charles|Shakira Austin",5,1811,1975,164,2,2,0
"2019-20","11728","Rutgers","Arella Guirantes|Jordan Wallace|Khadaizha Sanders|Mael Gilles|Tekia Mack",5,1672,2040,368,7,10,-3
"2019-20","11728","Maryland","Ashley Owusu|Diamond Miller|Faith Masonius|Kaila Charles|Stephanie Jones",5,1975,2126,151,4,3,1
"2019-20","11728","Rutgers","Arella Guirantes|Khadaizha Sanders|Mael Gilles|Maori Davenport|Tekia Mack",5,2040,2126,86,2,2,0
"2019-20","11728","Maryland","Ashley Owusu|Diamond Miller|Faith Masonius|Kaila Charles|Shakira Austin",5,2126,2149,23,0,0,0
"2019-20","11728","Maryland","Ashley Owusu|Diamond Miller|Faith Masonius|Sara Vujacic|Shakira Austin",5,2149,2265,116,0,2,-2
"2019-20","11728","Rutgers","Arella Guirantes|Khadaizha Sanders|Maori Davenport|Tekia Mack|Zipporah Broughton",5,2126,2265,139,2,0,2
"2019-20","11728","Rutgers","Arella Guirantes|Khadaizha Sanders|Tekia Mack|Tyia Singleton|Zipporah Broughton",5,2265,2332,67,0,3,-3
"2019-20","11728","Maryland","Ashley Owusu|Diamond Miller|Faith Masonius|Sara Vujacic|Stephanie Jones",5,2265,2400,135,5,0,5
"2019-20","11728","Rutgers","Arella Guirantes|Khadaizha Sanders|Mael Gilles|Tekia Mack|Tyia Singleton",5,2332,2400,68,0,2,-2
"2019-20","11729","Maryland","Blair Watson|Kaila Charles|Shakira Austin|Stephanie Jones|Taylor Mikesell",5,0,106,106,4,2,2
"2019-20","11729","Iowa","Alexis Sevillian|Amanda Ollinger|Kathleen Doyle|Makenzie Meyer|Monika Czinano",5,0,205,205,4,6,-2
"2019-20","11729","Maryland","Ashley Owusu|Blair Watson|Kaila Charles|Shakira Austin|Taylor Mikesell",5,106,333,227,7,6,1
"2019-20","11729","Iowa","Alexis Sevillian|Kathleen Doyle|Makenzie Meyer|McKenna Warnock|Monika Czinano",5,205,333,128,4,5,-1
"2019-20","11729","Iowa","Gabbie Marshall|Kathleen Doyle|Makenzie Meyer|McKenna Warnock|Monika Czinano",5,333,424,91,0,7,-7
"2019-20","11729","Iowa","Amanda Ollinger|Gabbie Marshall|Kathleen Doyle|Makenzie Meyer|Monika Czinano",5,424,434,10,0,0,0
"2019-20","11729","Maryland","Ashley Owusu|Diamond Miller|Kaila Charles|Shakira Austin|Taylor Mikesell",5,333,489,156,7,3,4
"2019-20","11729","Iowa","Alexis Sevillian|Amanda Ollinger|Kathleen Doyle|Makenzie Meyer|Monika Czinano",5,434,489,55,3,0,3
"2019-20","11729","Iowa","Alexis Sevillian|Amanda Ollinger|Makenzie Meyer|Monika Czinano|Zion Sanders",5,489,516,27,0,0,0
"2019-20","11729","Iowa","Alexis Sevillian|Amanda Ollinger|Kathleen Doyle|Makenzie Meyer|McKenna Warnock",5,516,535,19,0,3,-3
"2019-20","11729","Maryland","Ashley Owusu|Blair Watson|Shakira Austin|Stephanie Jones|Taylor Mikesell",5,489,603,114,7,3,4
"2019-20","11729","Iowa","Alexis Sevillian|Amanda Ollinger|Kathleen Doyle|McKenna Warnock|Tomi Taiwo",5,535,603,68,3,4,-1
"2019-20","11729","Iowa","Alexis Sevillian|Amanda Ollinger|Kathleen Doyle|Monika Czinano|Tomi Taiwo",5,603,724,121,2,4,-2
"2019-20","11729","Maryland","Ashley Owusu|Blair Watson|Kaila Charles|Stephanie Jones|Taylor Mikesell",5,603,806,203,9,2,7
"2019-20","11729","Maryland","Ashley Owusu|Diamond Miller|Kaila Charles|Shakira Austin|Taylor Mikesell",5,806,882,76,0,2,-2
"2019-20","11729","Iowa","Alexis Sevillian|Amanda Ollinger|Kathleen Doyle|Makenzie Meyer|Monika Czinano",5,724,882,158,2,5,-3
"2019-20","11729","Iowa","Alexis Sevillian|Kathleen Doyle|Makenzie Meyer|McKenna Warnock|Monika Czinano",5,882,905,23,0,2,-2
"2019-20","11729","Maryland","Ashley Owusu|Blair Watson|Kaila Charles|Shakira Austin|Taylor Mikesell",5,882,968,86,3,2,1
"2019-20","11729","Iowa","Alexis Sevillian|Kathleen Doyle|McKenna Warnock|Monika Czinano|Tomi Taiwo",5,905,1049,144,2,5,-3
"2019-20","11729","Maryland","Ashley Owusu|Kaila Charles|Shakira Austin|Stephanie Jones|Taylor Mikesell",5,968,1064,96,5,0,5
"2019-20","11729","Iowa","Amanda Ollinger|Kathleen Doyle|Makenzie Meyer|McKenna Warnock|Tomi Taiwo",5,1049,1150,101,3,5,-2
"2019-20","11729","Maryland","Ashley Owusu|Diamond Miller|Shakira Austin|Stephanie Jones|Taylor Mikesell",5,1064,1200,136,6,3,3
"2019-20","11729","Iowa","Amanda Ollinger|Makenzie Meyer|McKenna Warnock|Tomi Taiwo|Zion Sanders",5,1150,1200,50,0,2,-2
"2019-20","11729","Maryland","Blair Watson|Kaila Charles|Shakira Austin|Stephanie Jones|Taylor Mikesell",5,1200,1322,122,6,0,6
"2019-20","11729","Iowa","Alexis Sevillian|Amanda Ollinger|Kathleen Doyle|Makenzie Meyer|Monika Czinano",5,1200,1322,122,0,6,-6
"2019-20","11729","Iowa","Alexis Sevillian|Kathleen Doyle|Makenzie Meyer|McKenna Warnock|Monika Czinano",5,1322,1353,31,0,0,0
"2019-20","11729","Iowa","Kate Martin|Kathleen Doyle|Makenzie Meyer|McKenna Warnock|Monika Czinano",5,1353,1379,26,0,1,-1
"2019-20","11729","Iowa","Amanda Ollinger|Kate Martin|Kathleen Doyle|Makenzie Meyer|McKenna Warnock",5,1379,1414,35,2,2,0
"2019-20","11729","Maryland","Ashley Owusu|Blair Watson|Shakira Austin|Stephanie Jones|Taylor Mikesell",5,1322,1529,207,9,2,7
"2019-20","11729","Iowa","Amanda Ollinger|Kate Martin|Kathleen Doyle|Makenzie Meyer|Monika Czinano",5,1414,1529,115,0,6,-6
"2019-20","11729","Maryland","Ashley Owusu|Blair Watson|Sara Vujacic|Shakira Austin|Stephanie Jones",5,1529,1540,11,1,2,-1
"2019-20","11729","Iowa","Alexis Sevillian|Amanda Ollinger|Kathleen Doyle|Monika Czinano|Tomi Taiwo",5,1529,1540,11,2,1,1
"2019-20","11729","Maryland","Ashley Owusu|Blair Watson|Kaila Charles|Sara Vujacic|Stephanie Jones",5,1540,1602,62,2,3,-1
"2019-20","11729","Iowa","Alexis Sevillian|Kathleen Doyle|McKenna Warnock|Monika Czinano|Tomi Taiwo",5,1540,1640,100,7,4,3
"2019-20","11729","Maryland","Ashley Owusu|Kaila Charles|Sara Vujacic|Stephanie Jones|Taylor Mikesell",5,1602,1694,92,4,6,-2
"2019-20","11729","Maryland","Ashley Owusu|Blair Watson|Kaila Charles|Sara Vujacic|Stephanie Jones",5,1694,1783,89,4,0,4
"2019-20","11729","Iowa","Amanda Ollinger|Gabbie Marshall|Kathleen Doyle|Makenzie Meyer|McKenna Warnock",5,1640,1783,143,2,6,-4
"2019-20","11729","Maryland","Ashley Owusu|Diamond Miller|Kaila Charles|Sara Vujacic|Stephanie Jones",5,1783,1809,26,0,2,-2
"2019-20","11729","Iowa","Amanda Ollinger|Gabbie Marshall|Kathleen Doyle|Makenzie Meyer|Monika Czinano",5,1783,1930,147,4,5,-1
"2019-20","11729","Iowa","Alexis Sevillian|Amanda Ollinger|Kate Martin|Kathleen Doyle|Monika Czinano",5,1930,1980,50,3,2,1
"2019-20","11729","Maryland","Ashley Owusu|Diamond Miller|Kaila Charles|Sara Vujacic|Shakira Austin",5,1809,2037,228,7,5,2
"2019-20","11729","Iowa","Alexis Sevillian|Kate Martin|Kathleen Doyle|McKenna Warnock|Monika Czinano",5,1980,2037,57,0,0,0
"2019-20","11729","Maryland","Ashley Owusu|Faith Masonius|Kaila Charles|Sara Vujacic|Shakira Austin",5,2037,2070,33,0,0,0
"2019-20","11729","Maryland","Ashley Owusu|Kaila Charles|Sara Vujacic|Shakira Austin|Stephanie Jones",5,2070,2117,47,2,2,0
"2019-20","11729","Iowa","Alexis Sevillian|Kate Martin|McKenna Warnock|Monika Czinano|Zion Sanders",5,2037,2117,80,2,2,0
"2019-20","11729","Maryland","Ashley Owusu|Diamond Miller|Kaila Charles|Shakira Austin|Stephanie Jones",5,2117,2217,100,2,2,0
"2019-20","11729","Iowa","Kate Martin|Kathleen Doyle|Makenzie Meyer|McKenna Warnock|Monika Czinano",5,2117,2217,100,2,2,0
"2019-20","11729","Iowa","Kate Martin|Logan Cook|Makenzie Meyer|McKenna Warnock|Zion Sanders",5,2217,2234,17,1,0,1
"2019-20","11729","Iowa","Kate Martin|Logan Cook|McKenna Warnock|Tomi Taiwo|Zion Sanders",5,2234,2240,6,0,0,0
"2019-20","11729","Iowa","Gabbie Marshall|Logan Cook|McKenna Warnock|Tomi Taiwo|Zion Sanders",5,2240,2257,17,2,1,1
"2019-20","11729","Maryland","Ashley Owusu|Diamond Miller|Faith Masonius|Sara Vujacic|Shakira Austin",5,2217,2400,183,8,12,-4
"2019-20","11729","Iowa","Gabbie Marshall|Logan Cook|McKenna Warnock|Megan Meyer|Zion Sanders",5,2257,2400,143,9,7,2
"2019-20","11730","Penn St.","Alisia Smith|Kamaria McDaniel|Lauren Ebo|Makenna Marisa|Siyeh Frazier",5,0,136,136,4,2,2
"2019-20","11730","Penn St.","Alisia Smith|Kamaria McDaniel|Lauren Ebo|Makenna Marisa|Shay Hagans",5,136,171,35,0,2,-2
"2019-20","11730","Maryland","Blair Watson|Kaila Charles|Shakira Austin|Stephanie Jones|Taylor Mikesell",5,0,171,171,4,4,0
"2019-20","11730","Maryland","Ashley Owusu|Blair Watson|Shakira Austin|Stephanie Jones|Taylor Mikesell",5,171,214,43,2,2,0
"2019-20","11730","Maryland","Ashley Owusu|Blair Watson|Kaila Charles|Shakira Austin|Taylor Mikesell",5,214,239,25,0,4,-4
"2019-20","11730","Penn St.","Alisia Smith|Kamaria McDaniel|Mya Bembry|Shay Hagans|Siyeh Frazier",5,171,293,122,6,4,2
"2019-20","11730","Maryland","Ashley Owusu|Blair Watson|Diamond Miller|Kaila Charles|Shakira Austin",5,239,293,54,2,0,2
"2019-20","11730","Penn St.","Kamaria McDaniel|Lauren Ebo|Makenna Marisa|Shay Hagans|Siyeh Frazier",5,293,336,43,0,2,-2
"2019-20","11730","Penn St.","Kamaria McDaniel|Lauren Ebo|Makenna Marisa|Mya Bembry|Siyeh Frazier",5,336,366,30,0,4,-4
"2019-20","11730","Maryland","Ashley Owusu|Diamond Miller|Kaila Charles|Shakira Austin|Stephanie Jones",5,293,373,80,6,0,6
"2019-20","11730","Penn St.","Alisia Smith|Kamaria McDaniel|Makenna Marisa|Mya Bembry|Siyeh Frazier",5,366,467,101,3,2,1
"2019-20","11730","Maryland","Ashley Owusu|Diamond Miller|Shakira Austin|Stephanie Jones|Taylor Mikesell",5,373,467,94,2,3,-1
"2019-20","11730","Penn St.","Alisia Smith|Kamaria McDaniel|Mya Bembry|Shay Hagans|Siyeh Frazier",5,467,472,5,0,0,0
"2019-20","11730","Penn St.","Kamaria McDaniel|Lauren Ebo|Makenna Marisa|Shay Hagans|Siyeh Frazier",5,472,561,89,4,7,-3
"2019-20","11730","Maryland","Ashley Owusu|Blair Watson|Shakira Austin|Stephanie Jones|Taylor Mikesell",5,467,561,94,7,4,3
"2019-20","11730","Penn St.","Anna Camden|Kamaria McDaniel|Lauren Ebo|Shay Hagans|Siyeh Frazier",5,561,598,37,5,2,3
"2019-20","11730","Penn St.","Kamaria McDaniel|Lauren Ebo|Mya Bembry|Shay Hagans|Siyeh Frazier",5,598,690,92,2,4,-2
"2019-20","11730","Maryland","Blair Watson|Kaila Charles|Shakira Austin|Stephanie Jones|Taylor Mikesell",5,561,690,129,6,7,-1
"2019-20","11730","Penn St.","Kamaria McDaniel|Lauren Ebo|Makenna Marisa|Shay Hagans|Siyeh Frazier",5,690,729,39,0,0,0
"2019-20","11730","Penn St.","Kamaria McDaniel|Makenna Marisa|Mya Bembry|Shay Hagans|Siyeh Frazier",5,729,770,41,0,2,-2
"2019-20","11730","Penn St.","Kamaria McDaniel|Lauren Ebo|Makenna Marisa|Shay Hagans|Siyeh Frazier",5,770,773,3,0,1,-1
"2019-20","11730","Penn St.","Anna Camden|Kamaria McDaniel|Lauren Ebo|Makenna Marisa|Shay Hagans",5,773,790,17,0,2,-2
"2019-20","11730","Penn St.","Anna Camden|Jayla James|Kamaria McDaniel|Makenna Marisa|Shay Hagans",5,790,903,113,6,0,6
"2019-20","11730","Maryland","Diamond Miller|Kaila Charles|Shakira Austin|Stephanie Jones|Taylor Mikesell",5,690,903,213,5,6,-1
"2019-20","11730","Maryland","Ashley Owusu|Diamond Miller|Shakira Austin|Stephanie Jones|Taylor Mikesell",5,903,1013,110,2,7,-5
"2019-20","11730","Maryland","Ashley Owusu|Blair Watson|Faith Masonius|Stephanie Jones|Taylor Mikesell",5,1013,1094,81,4,2,2
"2019-20","11730","Penn St.","Anna Camden|Kamaria McDaniel|Makenna Marisa|Shay Hagans|Siyeh Frazier",5,903,1197,294,15,12,3
"2019-20","11730","Maryland","Blair Watson|Diamond Miller|Faith Masonius|Stephanie Jones|Taylor Mikesell",5,1094,1197,103,6,6,0
"2019-20","11730","Penn St.","Kamaria McDaniel|Lauren Ebo|Makenna Marisa|Shay Hagans|Siyeh Frazier",5,1197,1200,3,0,0,0
"2019-20","11730","Maryland","Blair Watson|Faith Masonius|Shakira Austin|Stephanie Jones|Taylor Mikesell",5,1197,1200,3,0,0,0
"2019-20","11730","Penn St.","Alisia Smith|Kamaria McDaniel|Makenna Marisa|Shay Hagans|Siyeh Frazier",5,1200,1292,92,0,6,-6
"2019-20","11730","Maryland","Blair Watson|Kaila Charles|Shakira Austin|Stephanie Jones|Taylor Mikesell",5,1200,1311,111,6,0,6
"2019-20","11730","Penn St.","Alisia Smith|Anna Camden|Kamaria McDaniel|Shay Hagans|Siyeh Frazier",5,1292,1383,91,2,4,-2
"2019-20","11730","Penn St.","Anna Camden|Lauren Ebo|Makenna Marisa|Shay Hagans|Siyeh Frazier",5,1383,1441,58,1,5,-4
"2019-20","11730","Maryland","Ashley Owusu|Blair Watson|Shakira Austin|Stephanie Jones|Taylor Mikesell",5,1311,1503,192,9,3,6
"2019-20","11730","Penn St.","Alisia Smith|Anna Camden|Kamaria McDaniel|Shay Hagans|Siyeh Frazier",5,1441,1528,87,2,0,2
"2019-20","11730","Penn St.","Alisia Smith|Anna Camden|Kamaria McDaniel|Makenna Marisa|Shay Hagans",5,1528,1684,156,5,10,-5
"2019-20","11730","Maryland","Ashley Owusu|Blair Watson|Kaila Charles|Stephanie Jones|Taylor Mikesell",5,1503,1684,181,10,7,3
"2019-20","11730","Penn St.","Kamaria McDaniel|Lauren Ebo|Mya Bembry|Shay Hagans|Siyeh Frazier",5,1684,1719,35,0,0,0
"2019-20","11730","Penn St.","Jayla James|Kamaria McDaniel|Mya Bembry|Shay Hagans|Siyeh Frazier",5,1719,1733,14,0,1,-1
"2019-20","11730","Penn St.","Alisia Smith|Jayla James|Kamaria McDaniel|Shay Hagans|Siyeh Frazier",5,1733,1762,29,1,2,-1
"2019-20","11730","Maryland","Ashley Owusu|Blair Watson|Diamond Miller|Kaila Charles|Shakira Austin",5,1684,1800,116,7,1,6
"2019-20","11730","Penn St.","Alisia Smith|Jayla James|Kamaria McDaniel|Makenna Marisa|Siyeh Frazier",5,1762,1817,55,0,6,-6
"2019-20","11730","Penn St.","Kamaria McDaniel|Lauren Ebo|Makenna Marisa|Mya Bembry|Siyeh Frazier",5,1817,1961,144,2,8,-6
"2019-20","11730","Maryland","Ashley Owusu|Blair Watson|Diamond Miller|Shakira Austin|Stephanie Jones",5,1800,1961,161,10,2,8
"2019-20","11730","Penn St.","Anna Camden|Makenna Marisa|Mya Bembry|Shay Hagans|Siyeh Frazier",5,1961,2035,74,3,5,-2
"2019-20","11730","Maryland","Ashley Owusu|Blair Watson|Faith Masonius|Kaila Charles|Sara Vujacic",5,1961,2035,74,5,3,2
"2019-20","11730","Penn St.","Anna Camden|Kamaria McDaniel|Makenna Marisa|Mya Bembry|Shay Hagans",5,2035,2065,30,0,0,0
"2019-20","11730","Penn St.","Kamaria McDaniel|Makenna Marisa|Mya Bembry|Shay Hagans|Siyeh Frazier",5,2065,2216,151,6,6,0
"2019-20","11730","Penn St.","Alisia Smith|Kayleigh Semion|Makenna Marisa|Shay Hagans|Siyeh Frazier",5,2216,2252,36,0,1,-1
"2019-20","11730","Penn St.","Alisia Smith|Anna Camden|Kayleigh Semion|Shay Hagans|Siyeh Frazier",5,2252,2339,87,2,5,-3
"2019-20","11730","Penn St.","Alisia Smith|Anna Camden|Jayla James|Kayleigh Semion|Shay Hagans",5,2339,2377,38,0,0,0
"2019-20","11730","Penn St.","Anna Camden|Jayla James|Kayleigh Semion|Mya Bembry|Shay Hagans",5,2377,2400,23,0,1,-1
"2019-20","11730","Maryland","Ashley Owusu|Diamond Miller|Faith Masonius|Kaila Charles|Sara Vujacic",5,2035,2400,365,13,8,5
"2019-20","11731","Maryland","Blair Watson|Kaila Charles|Shakira Austin|Stephanie Jones|Taylor Mikesell",5,0,119,119,4,2,2
"2019-20","11731","Maryland","Ashley Owusu|Kaila Charles|Shakira Austin|Stephanie Jones|Taylor Mikesell",5,119,190,71,3,0,3
"2019-20","11731","Wisconsin","Abby Laszewski|Imani Lewis|Kendra Van Leeuwen|Niya Beverley|Sydney Hilliard",5,0,239,239,4,9,-5
"2019-20","11731","Wisconsin","Abby Laszewski|Imani Lewis|Kendra Van Leeuwen|Niya Beverley|Suzanne Gilreath",5,239,247,8,0,2,-2
"2019-20","11731","Maryland","Ashley Owusu|Diamond Miller|Kaila Charles|Stephanie Jones|Taylor Mikesell",5,190,248,58,4,2,2
"2019-20","11731","Maryland","Ashley Owusu|Diamond Miller|Shakira Austin|Stephanie Jones|Taylor Mikesell",5,248,290,42,0,0,0
"2019-20","11731","Wisconsin","Abby Laszewski|Imani Lewis|Julie Pospisilova|Niya Beverley|Suzanne Gilreath",5,247,290,43,0,0,0
"2019-20","11731","Wisconsin","Abby Laszewski|Courtney Fredrickson|Julie Pospisilova|Suzanne Gilreath|Sydney Hilliard",5,290,385,95,2,5,-3
"2019-20","11731","Wisconsin","Abby Laszewski|Courtney Fredrickson|Kendra Van Leeuwen|Suzanne Gilreath|Sydney Hilliard",5,385,433,48,0,4,-4
"2019-20","11731","Wisconsin","Courtney Fredrickson|Imani Lewis|Kendra Van Leeuwen|Suzanne Gilreath|Sydney Hilliard",5,433,501,68,2,4,-2
"2019-20","11731","Maryland","Ashley Owusu|Diamond Miller|Kaila Charles|Shakira Austin|Taylor Mikesell",5,290,501,211,13,4,9
"2019-20","11731","Maryland","Ashley Owusu|Diamond Miller|Shakira Austin|Stephanie Jones|Taylor Mikesell",5,501,543,42,1,0,1
"2019-20","11731","Wisconsin","Imani Lewis|Kendra Van Leeuwen|Niya Beverley|Sydney Hilliard|Tara Stauffacher",5,501,566,65,0,3,-3
"2019-20","11731","Maryland","Ashley Owusu|Kaila Charles|Sara Vujacic|Shakira Austin|Stephanie Jones",5,543,596,53,2,0,2
"2019-20","11731","Wisconsin","Imani Lewis|Kendra Van Leeuwen|Suzanne Gilreath|Sydney Hilliard|Tara Stauffacher",5,566,600,34,0,0,0
"2019-20","11731","Maryland","Ashley Owusu|Faith Masonius|Kaila Charles|Sara Vujacic|Stephanie Jones",5,596,600,4,0,0,0
"2019-20","11731","Wisconsin","Abby Laszewski|Imani Lewis|Kendra Van Leeuwen|Suzanne Gilreath|Tara Stauffacher",5,600,644,44,0,0,0
"2019-20","11731","Maryland","Ashley Owusu|Blair Watson|Faith Masonius|Kaila Charles|Stephanie Jones",5,600,654,54,0,0,0
"2019-20","11731","Wisconsin","Abby Laszewski|Imani Lewis|Julie Pospisilova|Kendra Van Leeuwen|Tara Stauffacher",5,644,654,10,0,0,0
"2019-20","11731","Wisconsin","Abby Laszewski|Julie Pospisilova|Kendra Van Leeuwen|Sydney Hilliard|Tara Stauffacher",5,654,729,75,0,2,-2
"2019-20","11731","Maryland","Blair Watson|Faith Masonius|Kaila Charles|Stephanie Jones|Taylor Mikesell",5,654,792,138,6,2,4
"2019-20","11731","Wisconsin","Courtney Fredrickson|Imani Lewis|Julie Pospisilova|Kendra Van Leeuwen|Sydney Hilliard",5,729,896,167,2,9,-7
"2019-20","11731","Wisconsin","Alex Luehring|Courtney Fredrickson|Julie Pospisilova|Kendra Van Leeuwen|Sydney Hilliard",5,896,906,10,0,1,-1
"2019-20","11731","Maryland","Blair Watson|Diamond Miller|Faith Masonius|Shakira Austin|Taylor Mikesell",5,792,957,165,8,2,6
"2019-20","11731","Wisconsin","Alex Luehring|Julie Pospisilova|Niya Beverley|Sara Stapleton|Suzanne Gilreath",5,906,1057,151,5,7,-2
"2019-20","11731","Maryland","Ashley Owusu|Blair Watson|Diamond Miller|Kaila Charles|Stephanie Jones",5,957,1057,100,6,3,3
"2019-20","11731","Wisconsin","Alex Luehring|Courtney Fredrickson|Kendra Van Leeuwen|Niya Beverley|Sara Stapleton",5,1057,1096,39,0,1,-1
"2019-20","11731","Maryland","Ashley Owusu|Blair Watson|Kaila Charles|Stephanie Jones|Taylor Mikesell",5,1057,1096,39,0,2,-2
"2019-20","11731","Wisconsin","Alex Luehring|Courtney Fredrickson|Niya Beverley|Sara Stapleton|Sydney Hilliard",5,1096,1200,104,2,0,2
"2019-20","11731","Maryland","Ashley Owusu|Faith Masonius|Sara Vujacic|Stephanie Jones|Taylor Mikesell",5,1096,1200,104,0,0,0
"2019-20","11731","Maryland","Blair Watson|Kaila Charles|Shakira Austin|Stephanie Jones|Taylor Mikesell",5,1200,1307,107,4,2,2
"2019-20","11731","Maryland","Ashley Owusu|Blair Watson|Kaila Charles|Stephanie Jones|Taylor Mikesell",5,1307,1407,100,5,2,3
"2019-20","11731","Wisconsin","Abby Laszewski|Imani Lewis|Kendra Van Leeuwen|Niya Beverley|Sydney Hilliard",5,1200,1446,246,6,9,-3
"2019-20","11731","Maryland","Ashley Owusu|Blair Watson|Faith Masonius|Kaila Charles|Taylor Mikesell",5,1407,1446,39,0,2,-2
"2019-20","11731","Wisconsin","Abby Laszewski|Imani Lewis|Julie Pospisilova|Kendra Van Leeuwen|Niya Beverley",5,1446,1579,133,8,5,3
"2019-20","11731","Maryland","Ashley Owusu|Blair Watson|Diamond Miller|Faith Masonius|Kaila Charles",5,1446,1579,133,5,8,-3
"2019-20","11731","Wisconsin","Julie Pospisilova|Sara Stapleton|Suzanne Gilreath|Sydney Hilliard|Tara Stauffacher",5,1579,1692,113,0,6,-6
"2019-20","11731","Maryland","Blair Watson|Diamond Miller|Faith Masonius|Stephanie Jones|Taylor Mikesell",5,1579,1692,113,6,0,6
"2019-20","11731","Maryland","Diamond Miller|Faith Masonius|Sara Vujacic|Stephanie Jones|Taylor Mikesell",5,1692,1756,64,3,3,0
"2019-20","11731","Wisconsin","Courtney Fredrickson|Sara Stapleton|Suzanne Gilreath|Sydney Hilliard|Tara Stauffacher",5,1692,1800,108,5,3,2
"2019-20","11731","Maryland","Ashley Owusu|Faith Masonius|Sara Vujacic|Stephanie Jones|Taylor Mikesell",5,1756,1800,44,0,2,-2
"2019-20","11731","Wisconsin","Abby Laszewski|Courtney Fredrickson|Julie Pospisilova|Kendra Van Leeuwen|Sydney Hilliard",5,1800,1904,104,2,2,0
"2019-20","11731","Maryland","Ashley Owusu|Diamond Miller|Faith Masonius|Sara Vujacic|Shakira Austin",5,1800,1904,104,2,2,0
"2019-20","11731","Wisconsin","Abby Laszewski|Imani Lewis|Kendra Van Leeuwen|Niya Beverley|Sydney Hilliard",5,1904,1966,62,3,0,3
"2019-20","11731","Wisconsin","Abby Laszewski|Kendra Van Leeuwen|Niya Beverley|Sydney Hilliard|Tara Stauffacher",5,1966,2044,78,2,2,0
"2019-20","11731","Maryland","Ashley Owusu|Diamond Miller|Faith Masonius|Kaila Charles|Sara Vujacic",5,1904,2044,140,2,5,-3
"2019-20","11731","Wisconsin","Abby Laszewski|Julie Pospisilova|Niya Beverley|Suzanne Gilreath|Tara Stauffacher",5,2044,2148,104,5,4,1
"2019-20","11731","Maryland","Ashley Owusu|Faith Masonius|Kaila Charles|Sara Vujacic|Shakira Austin",5,2044,2148,104,4,5,-1
"2019-20","11731","Wisconsin","Alex Luehring|Julie Pospisilova|Niya Beverley|Sara Stapleton|Suzanne Gilreath",5,2148,2183,35,0,3,-3
"2019-20","11731","Wisconsin","Alex Luehring|Diamond Bragg|Julie Pospisilova|Sara Stapleton|Suzanne Gilreath",5,2183,2265,82,3,0,3
"2019-20","11731","Maryland","Ashley Owusu|Blair Watson|Sara Vujacic|Shakira Austin|Stephanie Jones",5,2148,2265,117,3,3,0
"2019-20","11731","Wisconsin","Alex Luehring|Diamond Bragg|Julie Pospisilova|Kara Crowley|Sara Stapleton",5,2265,2361,96,2,4,-2
"2019-20","11731","Wisconsin","Alex Luehring|Diamond Bragg|Kara Crowley|Sara Stapleton|Sydney Mathiason",5,2361,2400,39,3,0,3
"2019-20","11731","Maryland","Blair Watson|Faith Masonius|Sara Vujacic|Shakira Austin|Taylor Mikesell",5,2265,2400,135,4,5,-1
"2019-20","11732","Maryland","Blair Watson|Kaila Charles|Sara Vujacic|Stephanie Jones|Taylor Mikesell",5,0,248,248,7,10,-3
"2019-20","11732","Maryland","Ashley Owusu|Blair Watson|Kaila Charles|Shakira Austin|Taylor Mikesell",5,248,262,14,0,0,0
"2019-20","11732","Maryland","Ashley Owusu|Diamond Miller|Kaila Charles|Shakira Austin|Taylor Mikesell",5,262,358,96,4,2,2
"2019-20","11732","Purdue","Ae'Rianna Harris|Dominique Oden|Fatou Diagne|Karissa McLaughlin|Kayana Traylor",5,0,358,358,12,11,1
"2019-20","11732","Purdue","Dominique Oden|Jenelle Grant|Karissa McLaughlin|Kayana Traylor|Nyagoa Gony",5,358,398,40,0,2,-2
"2019-20","11732","Maryland","Ashley Owusu|Blair Watson|Diamond Miller|Shakira Austin|Stephanie Jones",5,358,443,85,4,0,4
"2019-20","11732","Purdue","Dominique Oden|Jenelle Grant|Karissa McLaughlin|Lyndsey Whilby|Nyagoa Gony",5,398,443,45,0,2,-2
"2019-20","11732","Maryland","Blair Watson|Diamond Miller|Shakira Austin|Stephanie Jones|Taylor Mikesell",5,443,503,60,2,0,2
"2019-20","11732","Purdue","Dominique Oden|Fatou Diagne|Jenelle Grant|Karissa McLaughlin|Lyndsey Whilby",5,443,503,60,0,2,-2
"2019-20","11732","Maryland","Blair Watson|Kaila Charles|Shakira Austin|Stephanie Jones|Taylor Mikesell",5,503,659,156,2,0,2
"2019-20","11732","Purdue","Ae'Rianna Harris|Dominique Oden|Fatou Diagne|Kayana Traylor|Lyndsey Whilby",5,503,659,156,0,2,-2
"2019-20","11732","Purdue","Ae'Rianna Harris|Fatou Diagne|Karissa McLaughlin|Kayana Traylor|Roxane Makolo",5,659,762,103,2,2,0
"2019-20","11732","Purdue","Ae'Rianna Harris|Dominique Oden|Jenelle Grant|Karissa McLaughlin|Kayana Traylor",5,762,798,36,0,4,-4
"2019-20","11732","Maryland","Ashley Owusu|Diamond Miller|Kaila Charles|Stephanie Jones|Taylor Mikesell",5,659,849,190,6,5,1
"2019-20","11732","Maryland","Ashley Owusu|Blair Watson|Kaila Charles|Stephanie Jones|Taylor Mikesell",5,849,885,36,1,0,1
"2019-20","11732","Maryland","Ashley Owusu|Blair Watson|Shakira Austin|Stephanie Jones|Taylor Mikesell",5,885,967,82,3,3,0
"2019-20","11732","Purdue","Ae'Rianna Harris|Cassidy Hardin|Dominique Oden|Jenelle Grant|Karissa McLaughlin",5,798,967,169,6,4,2
"2019-20","11732","Maryland","Ashley Owusu|Blair Watson|Diamond Miller|Kaila Charles|Shakira Austin",5,967,1146,179,4,2,2
"2019-20","11732","Maryland","Ashley Owusu|Diamond Miller|Kaila Charles|Stephanie Jones|Taylor Mikesell",5,1146,1172,26,2,0,2
"2019-20","11732","Purdue","Ae'Rianna Harris|Cassidy Hardin|Dominique Oden|Fatou Diagne|Karissa McLaughlin",5,967,1180,213,2,6,-4
"2019-20","11732","Maryland","Ashley Owusu|Blair Watson|Kaila Charles|Stephanie Jones|Taylor Mikesell",5,1172,1200,28,0,0,0
"2019-20","11732","Purdue","Ae'Rianna Harris|Cassidy Hardin|Dominique Oden|Fatou Diagne|Kayana Traylor",5,1180,1200,20,0,0,0
"2019-20","11732","Maryland","Blair Watson|Kaila Charles|Shakira Austin|Stephanie Jones|Taylor Mikesell",5,1200,1400,200,6,2,4
"2019-20","11732","Purdue","Ae'Rianna Harris|Dominique Oden|Fatou Diagne|Karissa McLaughlin|Kayana Traylor",5,1200,1400,200,2,6,-4
"2019-20","11732","Purdue","Cassidy Hardin|Dominique Oden|Fatou Diagne|Karissa McLaughlin|Kayana Traylor",5,1400,1487,87,0,4,-4
"2019-20","11732","Purdue","Ae'Rianna Harris|Cassidy Hardin|Dominique Oden|Karissa McLaughlin|Kayana Traylor",5,1487,1522,35,1,2,-1
"2019-20","11732","Maryland","Ashley Owusu|Blair Watson|Shakira Austin|Stephanie Jones|Taylor Mikesell",5,1400,1651,251,11,5,6
"2019-20","11732","Purdue","Ae'Rianna Harris|Cassidy Hardin|Dominique Oden|Fatou Diagne|Karissa McLaughlin",5,1522,1651,129,4,5,-1
"2019-20","11732","Purdue","Ae'Rianna Harris|Cassidy Hardin|Dominique Oden|Jenelle Grant|Karissa McLaughlin",5,1651,1660,9,0,3,-3
"2019-20","11732","Maryland","Ashley Owusu|Diamond Miller|Faith Masonius|Kaila Charles|Taylor Mikesell",5,1651,1768,117,8,5,3
"2019-20","11732","Purdue","Ae'Rianna Harris|Dominique Oden|Jenelle Grant|Karissa McLaughlin|Kayana Traylor",5,1660,1800,140,7,8,-1
"2019-20","11732","Maryland","Diamond Miller|Faith Masonius|Kaila Charles|Sara Vujacic|Taylor Mikesell",5,1768,1956,188,8,5,3
"2019-20","11732","Purdue","Ae'Rianna Harris|Jenelle Grant|Karissa McLaughlin|Kayana Traylor|Lyndsey Whilby",5,1800,1956,156,3,5,-2
"2019-20","11732","Purdue","Dominique Oden|Fatou Diagne|Jenelle Grant|Karissa McLaughlin|Kayana Traylor",5,1956,1979,23,0,2,-2
"2019-20","11732","Purdue","Cassidy Hardin|Dominique Oden|Fatou Diagne|Jenelle Grant|Kayana Traylor",5,1979,2069,90,2,2,0
"2019-20","11732","Maryland","Ashley Owusu|Blair Watson|Sara Vujacic|Shakira Austin|Stephanie Jones",5,1956,2071,115,5,2,3
"2019-20","11732","Purdue","Ae'Rianna Harris|Cassidy Hardin|Dominique Oden|Fatou Diagne|Karissa McLaughlin",5,2069,2176,107,0,8,-8
"2019-20","11732","Maryland","Ashley Owusu|Blair Watson|Kaila Charles|Sara Vujacic|Stephanie Jones",5,2071,2197,126,7,2,5
"2019-20","11732","Purdue","Dominique Oden|Fatou Diagne|Jenelle Grant|Karissa McLaughlin|Roxane Makolo",5,2176,2310,134,4,6,-2
"2019-20","11732","Maryland","Ashley Owusu|Diamond Miller|Faith Masonius|Shakira Austin|Taylor Mikesell",5,2197,2400,203,8,2,6
"2019-20","11732","Purdue","Dominique Oden|Fatou Diagne|Karissa McLaughlin|Lyndsey Whilby|Roxane Makolo",5,2310,2400,90,0,2,-2
"2019-20","11733","Maryland","Ashley Owusu|Blair Watson|Kaila Charles|Stephanie Jones|Taylor Mikesell",5,0,173,173,4,6,-2
"2019-20","11733","Maryland","Ashley Owusu|Blair Watson|Shakira Austin|Stephanie Jones|Taylor Mikesell",5,173,257,84,5,3,2
"2019-20","11733","Minnesota","Gadiva Hubbard|Jasmine Brunson|Jasmine Powell|Sara Scalia|Taiye Bello",5,0,285,285,9,11,-2
"2019-20","11733","Maryland","Ashley Owusu|Kaila Charles|Shakira Austin|Stephanie Jones|Taylor Mikesell",5,257,285,28,2,0,2
"2019-20","11733","Minnesota","Gadiva Hubbard|Jasmine Brunson|Klarke Sconiers|Sara Scalia|Taiye Bello",5,285,328,43,0,3,-3
"2019-20","11733","Maryland","Diamond Miller|Kaila Charles|Shakira Austin|Stephanie Jones|Taylor Mikesell",5,285,366,81,6,0,6
"2019-20","11733","Minnesota","Gadiva Hubbard|Jasmine Powell|Klarke Sconiers|Sara Scalia|Taiye Bello",5,328,430,102,4,9,-5
"2019-20","11733","Minnesota","Gadiva Hubbard|Jasmine Brunson|Jasmine Powell|Sara Scalia|Taiye Bello",5,430,506,76,0,3,-3
"2019-20","11733","Maryland","Blair Watson|Diamond Miller|Kaila Charles|Stephanie Jones|Taylor Mikesell",5,366,600,234,13,4,9
"2019-20","11733","Maryland","Ashley Owusu|Blair Watson|Diamond Miller|Kaila Charles|Shakira Austin",5,600,628,28,0,0,0
"2019-20","11733","Maryland","Ashley Owusu|Blair Watson|Kaila Charles|Shakira Austin|Taylor Mikesell",5,628,648,20,0,0,0
"2019-20","11733","Minnesota","Jasmine Brunson|Jasmine Powell|Masha Adashchyk|Sara Scalia|Taiye Bello",5,506,673,167,0,4,-4
"2019-20","11733","Maryland","Ashley Owusu|Kaila Charles|Shakira Austin|Stephanie Jones|Taylor Mikesell",5,648,681,33,0,0,0
"2019-20","11733","Minnesota","Gadiva Hubbard|Jasmine Brunson|Jasmine Powell|Sara Scalia|Taiye Bello",5,673,872,199,0,2,-2
"2019-20","11733","Maryland","Ashley Owusu|Blair Watson|Kaila Charles|Stephanie Jones|Taylor Mikesell",5,681,903,222,2,0,2
"2019-20","11733","Minnesota","Gadiva Hubbard|Jasmine Brunson|Masha Adashchyk|Sara Scalia|Taiye Bello",5,872,972,100,1,4,-3
"2019-20","11733","Minnesota","Gadiva Hubbard|Jasmine Brunson|Jasmine Powell|Masha Adashchyk|Taiye Bello",5,972,1017,45,2,0,2
"2019-20","11733","Minnesota","Gadiva Hubbard|Jasmine Brunson|Jasmine Powell|Kehinde Bello|Masha Adashchyk",5,1017,1200,183,3,9,-6
"2019-20","11733","Maryland","Blair Watson|Faith Masonius|Kaila Charles|Stephanie Jones|Taylor Mikesell",5,903,1200,297,13,6,7
"2019-20","11733","Minnesota","Gadiva Hubbard|Jasmine Brunson|Jasmine Powell|Sara Scalia|Taiye Bello",5,1200,1343,143,2,13,-11
"2019-20","11733","Maryland","Ashley Owusu|Blair Watson|Kaila Charles|Stephanie Jones|Taylor Mikesell",5,1200,1343,143,13,2,11
"2019-20","11733","Maryland","Ashley Owusu|Diamond Miller|Kaila Charles|Stephanie Jones|Taylor Mikesell",5,1343,1435,92,9,7,2
"2019-20","11733","Maryland","Ashley Owusu|Diamond Miller|Kaila Charles|Shakira Austin|Taylor Mikesell",5,1435,1463,28,0,0,0
"2019-20","11733","Maryland","Diamond Miller|Kaila Charles|Sara Vujacic|Shakira Austin|Taylor Mikesell",5,1463,1494,31,2,2,0
"2019-20","11733","Minnesota","Gadiva Hubbard|Jasmine Brunson|Masha Adashchyk|Sara Scalia|Taiye Bello",5,1343,1577,234,9,15,-6
"2019-20","11733","Minnesota","Gadiva Hubbard|Jasmine Brunson|Jasmine Powell|Masha Adashchyk|Taiye Bello",5,1577,1641,64,3,5,-2
"2019-20","11733","Maryland","Faith Masonius|Kaila Charles|Sara Vujacic|Shakira Austin|Taylor Mikesell",5,1494,1641,147,9,3,6
"2019-20","11733","Minnesota","Gadiva Hubbard|Jasmine Brunson|Jasmine Powell|Klarke Sconiers|Masha Adashchyk",5,1641,1731,90,3,3,0
"2019-20","11733","Maryland","Diamond Miller|Faith Masonius|Sara Vujacic|Shakira Austin|Taylor Mikesell",5,1641,1731,90,3,3,0
"2019-20","11733","Maryland","Ashley Owusu|Diamond Miller|Faith Masonius|Sara Vujacic|Shakira Austin",5,1731,1800,69,2,3,-1
"2019-20","11733","Minnesota","Gadiva Hubbard|Jasmine Brunson|Klarke Sconiers|Masha Adashchyk|Sara Scalia",5,1731,1804,73,3,2,1
"2019-20","11733","Maryland","Ashley Owusu|Blair Watson|Diamond Miller|Faith Masonius|Shakira Austin",5,1800,1877,77,0,0,0
"2019-20","11733","Maryland","Ashley Owusu|Diamond Miller|Faith Masonius|Shakira Austin|Taylor Mikesell",5,1877,1893,16,2,0,2
"2019-20","11733","Minnesota","Jasmine Brunson|Kehinde Bello|Masha Adashchyk|Sara Scalia|Taiye Bello",5,1804,1997,193,0,6,-6
"2019-20","11733","Maryland","Ashley Owusu|Faith Masonius|Sara Vujacic|Shakira Austin|Taylor Mikesell",5,1893,1997,104,4,0,4
"2019-20","11733","Minnesota","Gadiva Hubbard|Jasmine Brunson|Kehinde Bello|Sara Scalia|Taiye Bello",5,1997,2122,125,0,6,-6
"2019-20","11733","Minnesota","Gadiva Hubbard|Jasmine Powell|Klarke Sconiers|Sara Scalia|Taiye Bello",5,2122,2236,114,3,0,3
"2019-20","11733","Maryland","Ashley Owusu|Diamond Miller|Faith Masonius|Sara Vujacic|Shakira Austin",5,1997,2378,381,10,3,7
"2019-20","11733","Minnesota","Barbora Tomancova|Gadiva Hubbard|Jasmine Powell|Klarke Sconiers|Sara Scalia",5,2236,2400,164,2,4,-2
"2019-20","11733","Maryland","Ashley Owusu|Faith Masonius|Kaila Charles|Sara Vujacic|Shakira Austin",5,2378,2400,22,0,2,-2
"2019-20","11734","Maryland","Ashley Owusu|Kaila Charles|Shakira Austin|Stephanie Jones|Taylor Mikesell",5,0,96,96,4,2,2
"2019-20","11734","Maryland","Ashley Owusu|Diamond Miller|Shakira Austin|Stephanie Jones|Taylor Mikesell",5,96,239,143,5,1,4
"2019-20","11734","Purdue","Ae'Rianna Harris|Dominique Oden|Fatou Diagne|Karissa McLaughlin|Kayana Traylor",5,0,239,239,3,9,-6
"2019-20","11734","Maryland","Ashley Owusu|Blair Watson|Diamond Miller|Kaila Charles|Stephanie Jones",5,239,351,112,3,5,-2
"2019-20","11734","Purdue","Ae'Rianna Harris|Cassidy Hardin|Dominique Oden|Karissa McLaughlin|Nyagoa Gony",5,239,351,112,5,3,2
"2019-20","11734","Maryland","Ashley Owusu|Blair Watson|Kaila Charles|Shakira Austin|Taylor Mikesell",5,351,464,113,6,8,-2
"2019-20","11734","Purdue","Ae'Rianna Harris|Cassidy Hardin|Dominique Oden|Fatou Diagne|Karissa McLaughlin",5,351,464,113,8,6,2
"2019-20","11734","Maryland","Ashley Owusu|Diamond Miller|Kaila Charles|Shakira Austin|Taylor Mikesell",5,464,478,14,0,0,0
"2019-20","11734","Purdue","Ae'Rianna Harris|Cassidy Hardin|Dominique Oden|Karissa McLaughlin|Nyagoa Gony",5,464,478,14,0,0,0
"2019-20","11734","Maryland","Ashley Owusu|Kaila Charles|Shakira Austin|Stephanie Jones|Taylor Mikesell",5,478,599,121,2,3,-1
"2019-20","11734","Maryland","Ashley Owusu|Blair Watson|Kaila Charles|Shakira Austin|Taylor Mikesell",5,599,600,1,0,0,0
"2019-20","11734","Purdue","Ae'Rianna Harris|Cassidy Hardin|Karissa McLaughlin|Lyndsey Whilby|Nyagoa Gony",5,478,600,122,3,2,1
"2019-20","11734","Maryland","Ashley Owusu|Kaila Charles|Shakira Austin|Stephanie Jones|Taylor Mikesell",5,600,645,45,0,0,0
"2019-20","11734","Maryland","Ashley Owusu|Blair Watson|Kaila Charles|Stephanie Jones|Taylor Mikesell",5,645,676,31,2,3,-1
"2019-20","11734","Purdue","Ae'Rianna Harris|Cassidy Hardin|Dominique Oden|Fatou Diagne|Karissa McLaughlin",5,600,788,188,5,4,1
"2019-20","11734","Maryland","Ashley Owusu|Blair Watson|Diamond Miller|Stephanie Jones|Taylor Mikesell",5,676,802,126,2,2,0
"2019-20","11734","Maryland","Ashley Owusu|Blair Watson|Diamond Miller|Shakira Austin|Taylor Mikesell",5,802,868,66,2,0,2
"2019-20","11734","Purdue","Ae'Rianna Harris|Dominique Oden|Fatou Diagne|Karissa McLaughlin|Kayana Traylor",5,788,913,125,0,2,-2
"2019-20","11734","Maryland","Blair Watson|Diamond Miller|Faith Masonius|Shakira Austin|Taylor Mikesell",5,868,1070,202,8,3,5
"2019-20","11734","Purdue","Ae'Rianna Harris|Dominique Oden|Karissa McLaughlin|Kayana Traylor|Nyagoa Gony",5,913,1070,157,3,8,-5
"2019-20","11734","Maryland","Ashley Owusu|Blair Watson|Faith Masonius|Stephanie Jones|Taylor Mikesell",5,1070,1200,130,3,2,1
"2019-20","11734","Purdue","Ae'Rianna Harris|Cassidy Hardin|Dominique Oden|Jenelle Grant|Karissa McLaughlin",5,1070,1200,130,2,3,-1
"2019-20","11734","Maryland","Ashley Owusu|Kaila Charles|Shakira Austin|Stephanie Jones|Taylor Mikesell",5,1200,1458,258,8,8,0
"2019-20","11734","Maryland","Ashley Owusu|Blair Watson|Shakira Austin|Stephanie Jones|Taylor Mikesell",5,1458,1476,18,1,0,1
"2019-20","11734","Purdue","Ae'Rianna Harris|Cassidy Hardin|Dominique Oden|Fatou Diagne|Karissa McLaughlin",5,1200,1476,276,9,9,0
"2019-20","11734","Purdue","Ae'Rianna Harris|Cassidy Hardin|Dominique Oden|Karissa McLaughlin|Nyagoa Gony",5,1476,1570,94,0,4,-4
"2019-20","11734","Maryland","Ashley Owusu|Blair Watson|Faith Masonius|Shakira Austin|Taylor Mikesell",5,1476,1616,140,4,4,0
"2019-20","11734","Purdue","Ae'Rianna Harris|Cassidy Hardin|Dominique Oden|Fatou Diagne|Karissa McLaughlin",5,1570,1697,127,4,2,2
"2019-20","11734","Maryland","Blair Watson|Kaila Charles|Shakira Austin|Stephanie Jones|Taylor Mikesell",5,1616,1716,100,2,1,1
"2019-20","11734","Maryland","Blair Watson|Diamond Miller|Shakira Austin|Stephanie Jones|Taylor Mikesell",5,1716,1800,84,3,2,1
"2019-20","11734","Purdue","Ae'Rianna Harris|Cassidy Hardin|Fatou Diagne|Karissa McLaughlin|Lyndsey Whilby",5,1697,1800,103,2,3,-1
"2019-20","11734","Maryland","Ashley Owusu|Blair Watson|Kaila Charles|Stephanie Jones|Taylor Mikesell",5,1800,1939,139,9,3,6
"2019-20","11734","Purdue","Ae'Rianna Harris|Dominique Oden|Fatou Diagne|Karissa McLaughlin|Lyndsey Whilby",5,1800,1939,139,3,9,-6
"2019-20","11734","Maryland","Ashley Owusu|Kaila Charles|Shakira Austin|Stephanie Jones|Taylor Mikesell",5,1939,2048,109,0,2,-2
"2019-20","11734","Purdue","Ae'Rianna Harris|Cassidy Hardin|Dominique Oden|Fatou Diagne|Lyndsey Whilby",5,1939,2048,109,2,0,2
"2019-20","11734","Purdue","Ae'Rianna Harris|Cassidy Hardin|Dominique Oden|Fatou Diagne|Karissa McLaughlin",5,2048,2134,86,4,5,-1
"2019-20","11734","Maryland","Ashley Owusu|Blair Watson|Kaila Charles|Stephanie Jones|Taylor Mikesell",5,2048,2192,144,5,6,-1
"2019-20","11734","Purdue","Ae'Rianna Harris|Cassidy Hardin|Dominique Oden|Karissa McLaughlin|Nyagoa Gony",5,2134,2211,77,2,0,2
"2019-20","11734","Maryland","Ashley Owusu|Blair Watson|Shakira Austin|Stephanie Jones|Taylor Mikesell",5,2192,2291,99,3,2,1
"2019-20","11734","Purdue","Ae'Rianna Harris|Cassidy Hardin|Dominique Oden|Fatou Diagne|Karissa McLaughlin",5,2211,2291,80,2,3,-1
"2019-20","11734","Purdue","Ae'Rianna Harris|Cassidy Hardin|Dominique Oden|Fatou Diagne|Lyndsey Whilby",5,2291,2381,90,4,2,2
"2019-20","11734","Maryland","Ashley Owusu|Diamond Miller|Faith Masonius|Sara Vujacic|Shakira Austin",5,2291,2400,109,2,5,-3
"2019-20","11734","Purdue","Cassidy Hardin|Fatou Diagne|Jenelle Grant|Kayana Traylor|Lyndsey Whilby",5,2381,2400,19,1,0,1
"2019-20","12071","Maryland","Blair Watson|Kaila Charles|Shakira Austin|Stephanie Jones|Taylor Mikesell",5,0,83,83,5,4,1
"2019-20","12071","Indiana","Aleksa Gulbe|Ali Patberg|Brenna Wise|Grace Berger|Jaelynn Penn",5,0,220,220,9,7,2
"2019-20","12071","Maryland","Diamond Miller|Kaila Charles|Shakira Austin|Stephanie Jones|Taylor Mikesell",5,83,374,291,7,9,-2
"2019-20","12071","Indiana","Ali Patberg|Brenna Wise|Grace Berger|Jaelynn Penn|Mackenzie Holmes",5,220,374,154,4,5,-1
"2019-20","12071","Maryland","Ashley Owusu|Diamond Miller|Kaila Charles|Shakira Austin|Taylor Mikesell",5,374,502,128,2,0,2
"2019-20","12071","Indiana","Aleksa Gulbe|Ali Patberg|Grace Berger|Grace Waggoner|Mackenzie Holmes",5,374,502,128,0,2,-2
"2019-20","12071","Indiana","Aleksa Gulbe|Brenna Wise|Chanel Wilson|Grace Berger|Jaelynn Penn",5,502,555,53,0,2,-2
"2019-20","12071","Maryland","Ashley Owusu|Blair Watson|Faith Masonius|Kaila Charles|Taylor Mikesell",5,502,600,98,2,0,2
"2019-20","12071","Indiana","Aleksa Gulbe|Ali Patberg|Brenna Wise|Grace Waggoner|Jaelynn Penn",5,555,600,45,0,0,0
"2019-20","12071","Maryland","Ashley Owusu|Blair Watson|Kaila Charles|Stephanie Jones|Taylor Mikesell",5,600,713,113,3,2,1
"2019-20","12071","Indiana","Aleksa Gulbe|Ali Patberg|Brenna Wise|Grace Berger|Jaelynn Penn",5,600,713,113,2,3,-1
"2019-20","12071","Maryland","Ashley Owusu|Blair Watson|Diamond Miller|Shakira Austin|Stephanie Jones",5,713,743,30,2,2,0
"2019-20","12071","Maryland","Ashley Owusu|Diamond Miller|Kaila Charles|Shakira Austin|Stephanie Jones",5,743,789,46,0,0,0
"2019-20","12071","Maryland","Diamond Miller|Kaila Charles|Shakira Austin|Stephanie Jones|Taylor Mikesell",5,789,876,87,4,4,0
"2019-20","12071","Indiana","Ali Patberg|Brenna Wise|Grace Berger|Jaelynn Penn|Mackenzie Holmes",5,713,876,163,6,6,0
"2019-20","12071","Indiana","Aleksa Gulbe|Ali Patberg|Grace Berger|Jaelynn Penn|Jorie Allen",5,876,897,21,0,1,-1
"2019-20","12071","Maryland","Ashley Owusu|Kaila Charles|Shakira Austin|Stephanie Jones|Taylor Mikesell",5,876,975,99,3,0,3
"2019-20","12071","Indiana","Ali Patberg|Grace Berger|Jaelynn Penn|Jorie Allen|Mackenzie Holmes",5,897,975,78,0,2,-2
"2019-20","12071","Maryland","Ashley Owusu|Diamond Miller|Kaila Charles|Stephanie Jones|Taylor Mikesell",5,975,1088,113,0,0,0
"2019-20","12071","Indiana","Aleksa Gulbe|Ali Patberg|Brenna Wise|Grace Berger|Jaelynn Penn",5,975,1088,113,0,0,0
"2019-20","12071","Maryland","Ashley Owusu|Faith Masonius|Kaila Charles|Shakira Austin|Taylor Mikesell",5,1088,1127,39,0,1,-1
"2019-20","12071","Maryland","Diamond Miller|Faith Masonius|Kaila Charles|Shakira Austin|Taylor Mikesell",5,1127,1200,73,0,2,-2
"2019-20","12071","Indiana","Ali Patberg|Brenna Wise|Grace Berger|Jaelynn Penn|Mackenzie Holmes",5,1088,1200,112,3,0,3
"2019-20","12071","Maryland","Blair Watson|Kaila Charles|Shakira Austin|Stephanie Jones|Taylor Mikesell",5,1200,1327,127,4,2,2
"2019-20","12071","Indiana","Aleksa Gulbe|Ali Patberg|Brenna Wise|Grace Berger|Jaelynn Penn",5,1200,1405,205,2,6,-4
"2019-20","12071","Maryland","Blair Watson|Diamond Miller|Shakira Austin|Stephanie Jones|Taylor Mikesell",5,1327,1453,126,4,0,4
"2019-20","12071","Indiana","Ali Patberg|Brenna Wise|Grace Berger|Jaelynn Penn|Mackenzie Holmes",5,1405,1490,85,0,4,-4
"2019-20","12071","Maryland","Blair Watson|Diamond Miller|Kaila Charles|Stephanie Jones|Taylor Mikesell",5,1453,1515,62,2,0,2
"2019-20","12071","Indiana","Aleksa Gulbe|Ali Patberg|Grace Berger|Jaelynn Penn|Mackenzie Holmes",5,1490,1605,115,0,6,-6
"2019-20","12071","Maryland","Ashley Owusu|Blair Watson|Diamond Miller|Kaila Charles|Stephanie Jones",5,1515,1629,114,7,0,7
"2019-20","12071","Maryland","Ashley Owusu|Blair Watson|Diamond Miller|Kaila Charles|Shakira Austin",5,1629,1652,23,2,2,0
"2019-20","12071","Maryland","Ashley Owusu|Diamond Miller|Kaila Charles|Shakira Austin|Taylor Mikesell",5,1652,1686,34,0,0,0
"2019-20","12071","Indiana","Aleksa Gulbe|Ali Patberg|Brenna Wise|Grace Berger|Grace Waggoner",5,1605,1686,81,2,3,-1
"2019-20","12071","Indiana","Ali Patberg|Brenna Wise|Grace Berger|Grace Waggoner|Mackenzie Holmes",5,1686,1774,88,4,3,1
"2019-20","12071","Maryland","Ashley Owusu|Faith Masonius|Kaila Charles|Shakira Austin|Taylor Mikesell",5,1686,1774,88,3,4,-1
"2019-20","12071","Maryland","Ashley Owusu|Diamond Miller|Faith Masonius|Kaila Charles|Taylor Mikesell",5,1774,1800,26,0,1,-1
"2019-20","12071","Indiana","Brenna Wise|Grace Berger|Grace Waggoner|Jaelynn Penn|Mackenzie Holmes",5,1774,1800,26,1,0,1
"2019-20","12071","Indiana","Aleksa Gulbe|Ali Patberg|Grace Berger|Jaelynn Penn|Mackenzie Holmes",5,1800,1879,79,2,2,0
"2019-20","12071","Indiana","Aleksa Gulbe|Ali Patberg|Chanel Wilson|Grace Berger|Mackenzie Holmes",5,1879,1917,38,3,0,3
"2019-20","12071","Maryland","Ashley Owusu|Blair Watson|Diamond Miller|Kaila Charles|Stephanie Jones",5,1800,1968,168,4,5,-1
"2019-20","12071","Maryland","Ashley Owusu|Blair Watson|Diamond Miller|Shakira Austin|Stephanie Jones",5,1968,2016,48,0,5,-5
"2019-20","12071","Maryland","Blair Watson|Diamond Miller|Shakira Austin|Stephanie Jones|Taylor Mikesell",5,2016,2082,66,0,0,0
"2019-20","12071","Maryland","Blair Watson|Diamond Miller|Kaila Charles|Stephanie Jones|Taylor Mikesell",5,2082,2113,31,0,0,0
"2019-20","12071","Maryland","Ashley Owusu|Blair Watson|Diamond Miller|Kaila Charles|Stephanie Jones",5,2113,2328,215,10,6,4
"2019-20","12071","Indiana","Aleksa Gulbe|Ali Patberg|Brenna Wise|Grace Berger|Mackenzie Holmes",5,1917,2364,447,11,14,-3
"2019-20","12071","Maryland","Ashley Owusu|Diamond Miller|Faith Masonius|Kaila Charles|Sara Vujacic",5,2328,2400,72,2,2,0
"2019-20","12071","Indiana","Aleksa Gulbe|Brenna Wise|Grace Berger|Grace Waggoner|Mackenzie Holmes",5,2364,2400,36,2,0,2
"2019-20","12072","Maryland","Blair Watson|Kaila Charles|Shakira Austin|Stephanie Jones|Taylor Mikesell",5,0,141,141,3,7,-4
"2019-20","12072","Ohio St.","Aaliyah Patty|Braxtin Miller|Dorka Juhasz|Jacy Sheldon|Madison Greene",5,0,141,141,7,3,4
"2019-20","12072","Maryland","Ashley Owusu|Blair Watson|Kaila Charles|Stephanie Jones|Taylor Mikesell",5,141,223,82,4,5,-1
"2019-20","12072","Maryland","Ashley Owusu|Blair Watson|Shakira Austin|Stephanie Jones|Taylor Mikesell",5,223,333,110,5,4,1
"2019-20","12072","Ohio St.","Braxtin Miller|Dorka Juhasz|Jacy Sheldon|Kierstan Bell|Madison Greene",5,141,333,192,9,9,0
"2019-20","12072","Maryland","Ashley Owusu|Blair Watson|Diamond Miller|Kaila Charles|Stephanie Jones",5,333,467,134,6,3,3
"2019-20","12072","Ohio St.","Dorka Juhasz|Jacy Sheldon|Janai Crooms|Kierstan Bell|Madison Greene",5,333,467,134,3,6,-3
"2019-20","12072","Maryland","Ashley Owusu|Blair Watson|Diamond Miller|Shakira Austin|Stephanie Jones",5,467,544,77,2,0,2
"2019-20","12072","Ohio St.","Braxtin Miller|Dorka Juhasz|Jacy Sheldon|Janai Crooms|Madison Greene",5,467,544,77,0,2,-2
"2019-20","12072","Maryland","Blair Watson|Diamond Miller|Shakira Austin|Stephanie Jones|Taylor Mikesell",5,544,600,56,0,3,-3
"2019-20","12072","Ohio St.","Aixa Wone Aranaz|Braxtin Miller|Jacy Sheldon|Janai Crooms|Madison Greene",5,544,600,56,3,0,3
"2019-20","12072","Maryland","Ashley Owusu|Diamond Miller|Kaila Charles|Shakira Austin|Taylor Mikesell",5,600,700,100,6,2,4
"2019-20","12072","Ohio St.","Aixa Wone Aranaz|Braxtin Miller|Janai Crooms|Kierstan Bell|Madison Greene",5,600,700,100,2,6,-4
"2019-20","12072","Maryland","Ashley Owusu|Blair Watson|Kaila Charles|Stephanie Jones|Taylor Mikesell",5,700,835,135,4,5,-1
"2019-20","12072","Ohio St.","Aaliyah Patty|Braxtin Miller|Dorka Juhasz|Jacy Sheldon|Kierstan Bell",5,700,835,135,5,4,1
"2019-20","12072","Maryland","Ashley Owusu|Blair Watson|Diamond Miller|Faith Masonius|Stephanie Jones",5,835,982,147,7,0,7
"2019-20","12072","Ohio St.","Aaliyah Patty|Braxtin Miller|Dorka Juhasz|Jacy Sheldon|Madison Greene",5,835,982,147,0,7,-7
"2019-20","12072","Maryland","Ashley Owusu|Blair Watson|Faith Masonius|Stephanie Jones|Taylor Mikesell",5,982,1200,218,7,6,1
"2019-20","12072","Ohio St.","Dorka Juhasz|Jacy Sheldon|Janai Crooms|Kierstan Bell|Madison Greene",5,982,1200,218,6,7,-1
"2019-20","12072","Maryland","Blair Watson|Kaila Charles|Shakira Austin|Stephanie Jones|Taylor Mikesell",5,1200,1361,161,2,0,2
"2019-20","12072","Ohio St.","Aaliyah Patty|Braxtin Miller|Dorka Juhasz|Jacy Sheldon|Madison Greene",5,1200,1472,272,4,9,-5
"2019-20","12072","Ohio St.","Braxtin Miller|Dorka Juhasz|Jacy Sheldon|Kierstan Bell|Madison Greene",5,1472,1583,111,3,3,0
"2019-20","12072","Ohio St.","Dorka Juhasz|Jacy Sheldon|Janai Crooms|Kierstan Bell|Madison Greene",5,1583,1617,34,0,0,0
"2019-20","12072","Maryland","Ashley Owusu|Blair Watson|Kaila Charles|Shakira Austin|Stephanie Jones",5,1361,1620,259,10,7,3
"2019-20","12072","Maryland","Ashley Owusu|Diamond Miller|Kaila Charles|Shakira Austin|Stephanie Jones",5,1620,1752,132,4,4,0
"2019-20","12072","Ohio St.","Aaliyah Patty|Jacy Sheldon|Janai Crooms|Kierstan Bell|Madison Greene",5,1617,1752,135,4,4,0
"2019-20","12072","Maryland","Ashley Owusu|Blair Watson|Diamond Miller|Shakira Austin|Stephanie Jones",5,1752,1925,173,3,2,1
"2019-20","12072","Maryland","Ashley Owusu|Blair Watson|Diamond Miller|Kaila Charles|Shakira Austin",5,1925,1977,52,0,3,-3
"2019-20","12072","Ohio St.","Aaliyah Patty|Dorka Juhasz|Jacy Sheldon|Janai Crooms|Madison Greene",5,1752,1977,225,5,3,2
"2019-20","12072","Ohio St.","Braxtin Miller|Dorka Juhasz|Jacy Sheldon|Kierstan Bell|Madison Greene",5,1977,2050,73,0,5,-5
"2019-20","12072","Maryland","Ashley Owusu|Blair Watson|Shakira Austin|Stephanie Jones|Taylor Mikesell",5,1977,2213,236,13,4,9
"2019-20","12072","Maryland","Ashley Owusu|Kaila Charles|Shakira Austin|Stephanie Jones|Taylor Mikesell",5,2213,2310,97,6,5,1
"2019-20","12072","Maryland","Ashley Owusu|Diamond Miller|Faith Masonius|Sara Vujacic|Taylor Mikesell",5,2310,2400,90,0,5,-5
"2019-20","12072","Ohio St.","Braxtin Miller|Dorka Juhasz|Janai Crooms|Kierstan Bell|Madison Greene",5,2050,2400,350,14,14,0
