"source_id","file_id","team","player_name","player_number","stint_index","in_seconds","out_seconds","duration","pts_for","pts_against","plus_minus","starter"
"2019-20","11441","Maryland","Kaila Charles",5,1,0,227,227,14,4,10,1
"2019-20","11441","Maryland","Taylor Mikesell",11,1,0,600,600,33,10,23,1
"2019-20","11441","Maryland","Diamond Miller",14,1,0,296,296,14,6,8,1
"2019-20","11441","Maryland","Ashley Owusu",15,1,0,794,794,44,14,30,1
"2019-20","11441","Maryland","Stephanie Jones",24,1,0,152,152,11,2,9,1
"2019-20","11441","Wagner","Morgan Lenahan",3,1,0,296,296,6,14,-8,1
"2019-20","11441","Wagner","Joellen How",5,1,0,152,152,2,11,-9,1
"2019-20","11441","Wagner","Jordan Hobson",14,1,0,152,152,2,11,-9,1
"2019-20","11441","Wagner","Khaleah Edwards",22,1,0,669,669,12,36,-24,1
"2019-20","11441","Wagner","Emilija Krista Grava",24,1,0,395,395,9,25,-16,1
"2019-20","11441","Maryland","Shakira Austin",1,1,152,296,144,3,4,-1,0
"2019-20","11441","Wagner","Alex Cowan",0,1,152,735,583,12,29,-17,0
"2019-20","11441","Wagner","Drayah Heyward",21,1,152,395,243,7,14,-7,0
"2019-20","11441","Maryland","Stephanie Jones",24,2,227,395,168,11,5,6,0
"2019-20","11441","Maryland","Faith Masonius",13,1,296,735,439,26,8,18,0
"2019-20","11441","Maryland","Sara Vujacic",32,1,296,657,361,22,4,18,0
"2019-20","11441","Wagner","Joellen How",5,2,296,504,208,3,16,-13,0
"2019-20","11441","Maryland","Kaila Charles",5,2,395,581,186,8,0,8,0
"2019-20","11441","Wagner","Raven Pitt",15,1,395,600,205,1,8,-7,0
"2019-20","11441","Wagner","Enas Nigatu",30,1,395,504,109,0,5,-5,0
"2019-20","11441","Wagner","Jordan Hobson",14,2,504,581,77,0,3,-3,0
"2019-20","11441","Wagner","Emilija Krista Grava",24,2,504,1670,1166,22,54,-32,0
"2019-20","11441","Maryland","Stephanie Jones",24,3,581,794,213,11,5,6,0
"2019-20","11441","Wagner","Drayah Heyward",21,2,581,735,154,5,7,-2,0
"2019-20","11441","Maryland","Shakira Austin",1,2,600,1200,600,35,7,28,0
"2019-20","11441","Wagner","Morgan Lenahan",3,2,600,1042,442,7,29,-22,0
"2019-20","11441","Maryland","Diamond Miller",14,2,657,1042,385,26,7,19,0
"2019-20","11441","Wagner","Enas Nigatu",30,2,669,735,66,2,4,-2,0
"2019-20","11441","Maryland","Taylor Mikesell",11,2,735,957,222,16,3,13,0
"2019-20","11441","Wagner","Amanda Pollard",4,1,735,867,132,0,11,-11,0
"2019-20","11441","Wagner","Joellen How",5,3,735,809,74,0,5,-5,0
"2019-20","11441","Wagner","Katrice Jackson",55,1,735,935,200,3,15,-12,0
"2019-20","11441","Maryland","Faith Masonius",13,2,794,1200,406,24,3,21,0
"2019-20","11441","Maryland","Sara Vujacic",32,2,794,1200,406,24,3,21,0
"2019-20","11441","Wagner","Khaleah Edwards",22,2,809,935,126,3,10,-7,0
"2019-20","11441","Wagner","Alex Cowan",0,2,867,1200,333,3,17,-14,0
"2019-20","11441","Wagner","Jordan Hobson",14,3,935,1018,83,0,5,-5,0
"2019-20","11441","Wagner","Drayah Heyward",21,3,935,1131,196,0,11,-11,0
"2019-20","11441","Maryland","Ashley Owusu",15,2,957,1619,662,25,12,13,0
"2019-20","11441","Wagner","Khaleah Edwards",22,3,1018,1432,414,8,13,-5,0
"2019-20","11441","Maryland","Stephanie Jones",24,4,1042,1384,342,9,4,5,0
"2019-20","11441","Wagner","Raven Pitt",15,2,1042,1200,158,0,6,-6,0
"2019-20","11441","Wagner","Amanda Pollard",4,2,1131,1200,69,0,2,-2,0
"2019-20","11441","Maryland","Kaila Charles",5,3,1200,1679,479,16,15,1,0
"2019-20","11441","Maryland","Taylor Mikesell",11,3,1200,1384,184,3,4,-1,0
"2019-20","11441","Maryland","Diamond Miller",14,3,1200,1218,18,0,0,0,0
"2019-20","11441","Wagner","Morgan Lenahan",3,3,1200,1355,155,4,3,1,0
"2019-20","11441","Wagner","Joellen How",5,4,1200,1324,124,2,3,-1,0
"2019-20","11441","Wagner","Jordan Hobson",14,4,1200,1478,278,8,7,1,0
"2019-20","11441","Maryland","Sara Vujacic",32,3,1218,1670,452,16,14,2,0
"2019-20","11441","Wagner","Alex Cowan",0,3,1324,1478,154,6,4,2,0
"2019-20","11441","Wagner","Amanda Pollard",4,3,1355,2400,1045,35,48,-13,0
"2019-20","11441","Maryland","Shakira Austin",1,3,1384,1775,391,18,13,5,0
"2019-20","11441","Maryland","Faith Masonius",13,3,1384,2400,1016,48,35,13,0
"2019-20","11441","Wagner","Drayah Heyward",21,4,1432,1931,499,15,22,-7,0
"2019-20","11441","Wagner","Morgan Lenahan",3,4,1478,2019,541,17,24,-7,0
"2019-20","11441","Wagner","Enas Nigatu",30,3,1478,1711,233,9,11,-2,0
"2019-20","11441","Maryland","Taylor Mikesell",11,4,1619,1800,181,8,8,0,0
"2019-20","11441","Maryland","Diamond Miller",14,4,1670,2299,629,31,19,12,0
"2019-20","11441","Wagner","Alex Cowan",0,4,1670,2400,730,25,35,-10,0
"2019-20","11441","Maryland","Sara Vujacic",32,4,1679,1931,252,11,8,3,0
"2019-20","11441","Wagner","Emilija Krista Grava",24,3,1711,2400,689,22,33,-11,0
"2019-20","11441","Maryland","Stephanie Jones",24,5,1775,1922,147,6,6,0,0
"2019-20","11441","Maryland","Ashley Owusu",15,3,1800,2133,333,14,9,5,0
"2019-20","11441","Maryland","Shakira Austin",1,4,1922,2400,478,24,16,8,0
"2019-20","11441","Maryland","Kaila Charles",5,4,1931,2269,338,17,10,7,0
"2019-20","11441","Wagner","Khaleah Edwards",22,4,1931,2133,202,6,8,-2,0
"2019-20","11441","Wagner","Raven Pitt",15,3,2019,2153,134,4,5,-1,0
"2019-20","11441","Maryland","Taylor Mikesell",11,5,2133,2400,267,16,10,6,0
"2019-20","11441","Wagner","Drayah Heyward",21,5,2133,2283,150,4,10,-6,0
"2019-20","11441","Wagner","Morgan Lenahan",3,5,2153,2400,247,10,15,-5,0
"2019-20","11441","Maryland","Sara Vujacic",32,5,2269,2400,131,7,6,1,0
"2019-20","11441","Wagner","Katrice Jackson",55,2,2283,2400,117,6,6,0,0
"2019-20","11441","Maryland","Ashley Owusu",15,4,2299,2400,101,4,6,-2,0
"2019-20","11442","Maryland","Kaila Charles",5,1,0,773,773,17,22,-5,1
"2019-20","11442","Maryland","Taylor Mikesell",11,1,0,158,158,4,6,-2,1
"2019-20","11442","Maryland","Diamond Miller",14,1,0,303,303,8,10,-2,1
"2019-20","11442","Maryland","Ashley Owusu",15,1,0,327,327,8,10,-2,1
"2019-20","11442","Maryland","Stephanie Jones",24,1,0,120,120,2,4,-2,1
"2019-20","11442","South Carolina","Zia Cooke",1,1,0,327,327,10,8,2,1
"2019-20","11442","South Carolina","Aliyah Boston",4,1,0,403,403,14,11,3,1
"2019-20","11442","South Carolina","Brea Beal",12,1,0,327,327,10,8,2,1
"2019-20","11442","South Carolina","Mikiah Herbert Harrigan",21,1,0,495,495,16,13,3,1
"2019-20","11442","South Carolina","Tyasha Harris",52,1,0,773,773,22,17,5,1
"2019-20","11442","Maryland","Shakira Austin",1,1,120,327,207,6,6,0,0
"2019-20","11442","Maryland","Blair Watson",22,1,158,495,337,9,10,-1,0
"2019-20","11442","Maryland","Taylor Mikesell",11,2,303,986,683,11,16,-5,0
"2019-20","11442","Maryland","Faith Masonius",13,1,327,468,141,5,6,-1,0
"2019-20","11442","Maryland","Diamond Miller",14,2,327,468,141,5,6,-1,0
"2019-20","11442","South Carolina","Destanni Henderson",3,1,327,894,567,12,11,1,0
"2019-20","11442","South Carolina","Lele Grissett",24,1,327,654,327,8,7,1,0
"2019-20","11442","South Carolina","Victaria Saxton",5,1,403,773,370,8,6,2,0
"2019-20","11442","Maryland","Shakira Austin",1,2,468,541,73,2,2,0,0
"2019-20","11442","Maryland","Ashley Owusu",15,2,468,1499,1031,18,26,-8,0
"2019-20","11442","Maryland","Sara Vujacic",32,1,495,600,105,2,2,0,0
"2019-20","11442","South Carolina","Laeticia Amihere",15,1,495,600,105,2,2,0,0
"2019-20","11442","Maryland","Faith Masonius",13,2,541,600,59,0,0,0,0
"2019-20","11442","Maryland","Diamond Miller",14,3,600,848,248,4,4,0,0
"2019-20","11442","Maryland","Stephanie Jones",24,2,600,848,248,4,4,0,0
"2019-20","11442","South Carolina","Aliyah Boston",4,2,600,1083,483,12,6,6,0
"2019-20","11442","South Carolina","Zia Cooke",1,2,654,1089,435,12,6,6,0
"2019-20","11442","Maryland","Faith Masonius",13,3,773,1200,427,7,12,-5,0
"2019-20","11442","South Carolina","Brea Beal",12,2,773,1800,1027,24,21,3,0
"2019-20","11442","South Carolina","Mikiah Herbert Harrigan",21,2,773,1499,726,20,14,6,0
"2019-20","11442","Maryland","Kaila Charles",5,2,848,1139,291,5,10,-5,0
"2019-20","11442","Maryland","Blair Watson",22,2,848,1083,235,2,8,-6,0
"2019-20","11442","South Carolina","Tyasha Harris",52,2,894,2400,1506,40,39,1,0
"2019-20","11442","Maryland","Diamond Miller",14,4,986,1288,302,5,8,-3,0
"2019-20","11442","Maryland","Taylor Mikesell",11,3,1083,1315,232,3,8,-5,0
"2019-20","11442","South Carolina","Laeticia Amihere",15,2,1083,1200,117,4,3,1,0
"2019-20","11442","South Carolina","Destanni Henderson",3,2,1089,1200,111,4,3,1,0
"2019-20","11442","Maryland","Sara Vujacic",32,2,1139,1200,61,0,2,-2,0
"2019-20","11442","Maryland","Kaila Charles",5,3,1200,1502,302,9,8,1,0
"2019-20","11442","Maryland","Stephanie Jones",24,3,1200,1435,235,6,6,0,0
"2019-20","11442","South Carolina","Zia Cooke",1,3,1200,1263,63,0,0,0,0
"2019-20","11442","South Carolina","Aliyah Boston",4,3,1200,1435,235,6,6,0,0
"2019-20","11442","South Carolina","Destanni Henderson",3,3,1263,1800,537,12,14,-2,0
"2019-20","11442","Maryland","Blair Watson",22,3,1288,1748,460,14,12,2,0
"2019-20","11442","Maryland","Shakira Austin",1,3,1315,1842,527,16,8,8,0
"2019-20","11442","Maryland","Diamond Miller",14,5,1435,2400,965,28,22,6,0
"2019-20","11442","South Carolina","Victaria Saxton",5,2,1435,1800,365,6,8,-2,0
"2019-20","11442","Maryland","Taylor Mikesell",11,4,1499,1542,43,2,2,0,0
"2019-20","11442","South Carolina","Aliyah Boston",4,4,1499,1703,204,2,7,-5,0
"2019-20","11442","Maryland","Stephanie Jones",24,4,1502,1703,201,5,2,3,0
"2019-20","11442","Maryland","Ashley Owusu",15,3,1542,2400,858,25,18,7,0
"2019-20","11442","Maryland","Faith Masonius",13,4,1703,2081,378,4,6,-2,0
"2019-20","11442","South Carolina","Laeticia Amihere",15,3,1703,1800,97,2,0,2,0
"2019-20","11442","Maryland","Taylor Mikesell",11,5,1748,1800,52,0,0,0,0
"2019-20","11442","Maryland","Kaila Charles",5,4,1800,2400,600,20,16,4,0
"2019-20","11442","South Carolina","Zia Cooke",1,4,1800,2400,600,16,20,-4,0
"2019-20","11442","South Carolina","Aliyah Boston",4,5,1800,2400,600,16,20,-4,0
"2019-20","11442","South Carolina","Mikiah Herbert Harrigan",21,3,1800,2400,600,16,20,-4,0
"2019-20","11442","South Carolina","Lele Grissett",24,2,1800,2175,375,4,6,-2,0
"2019-20","11442","Maryland","Stephanie Jones",24,5,1842,2400,558,18,16,2,0
"2019-20","11442","Maryland","Shakira Austin",1,4,2081,2123,42,0,0,0,0
"2019-20","11442","Maryland","Faith Masonius",13,5,2123,2226,103,4,3,1,0
"2019-20","11442","South Carolina","Brea Beal",12,3,2175,2400,225,12,14,-2,0
"2019-20","11442","Maryland","Blair Watson",22,4,2226,2334,108,2,8,-6,0
"2019-20","11442","Maryland","Faith Masonius",13,6,2334,2400,66,10,1,9,0
"2019-20","11443","James Madison","Kamiah Smalls",3,1,0,377,377,9,5,4,1
"2019-20","11443","James Madison","Madison Green",4,1,0,274,274,9,1,8,1
"2019-20","11443","James Madison","Lexie Barrier",15,1,0,473,473,14,7,7,1
"2019-20","11443","James Madison","Kiki Jefferson",30,1,0,197,197,7,1,6,1
"2019-20","11443","James Madison","Kayla Cooper-Williams",31,1,0,502,502,17,9,8,1
"2019-20","11443","Maryland","Kaila Charles",5,1,0,473,473,7,14,-7,1
"2019-20","11443","Maryland","Taylor Mikesell",11,1,0,321,321,1,9,-8,1
"2019-20","11443","Maryland","Diamond Miller",14,1,0,130,130,0,4,-4,1
"2019-20","11443","Maryland","Ashley Owusu",15,1,0,646,646,13,21,-8,1
"2019-20","11443","Maryland","Stephanie Jones",24,1,0,130,130,0,4,-4,1
"2019-20","11443","Maryland","Shakira Austin",1,1,130,724,594,13,17,-4,0
"2019-20","11443","Maryland","Blair Watson",22,1,130,765,635,13,20,-7,0
"2019-20","11443","James Madison","Devon Merritt",42,1,197,377,180,2,4,-2,0
"2019-20","11443","James Madison","Kiki Jefferson",30,2,274,439,165,3,6,-3,0
"2019-20","11443","Maryland","Faith Masonius",13,1,321,439,118,6,3,3,0
"2019-20","11443","James Madison","Jaylin Carodine",2,1,377,570,193,10,8,2,0
"2019-20","11443","James Madison","Madison Green",4,2,377,1526,1149,38,30,8,0
"2019-20","11443","James Madison","Nikki Oppenheimer",0,1,439,541,102,7,4,3,0
"2019-20","11443","Maryland","Stephanie Jones",24,2,439,1300,861,23,24,-1,0
"2019-20","11443","James Madison","Kamiah Smalls",3,2,473,782,309,10,6,4,0
"2019-20","11443","Maryland","Taylor Mikesell",11,2,473,782,309,6,10,-4,0
"2019-20","11443","James Madison","Devon Merritt",42,2,502,570,68,2,4,-2,0
"2019-20","11443","James Madison","Kiki Jefferson",30,3,541,646,105,2,2,0,0
"2019-20","11443","James Madison","Rayne Tucker",21,1,570,724,154,2,0,2,0
"2019-20","11443","James Madison","Kayla Cooper-Williams",31,2,570,1472,902,28,19,9,0
"2019-20","11443","James Madison","Lexie Barrier",15,2,646,1730,1084,31,26,5,0
"2019-20","11443","Maryland","Kaila Charles",5,2,646,1337,691,17,15,2,0
"2019-20","11443","James Madison","Devon Merritt",42,3,724,820,96,5,0,5,0
"2019-20","11443","Maryland","Faith Masonius",13,2,724,765,41,0,3,-3,0
"2019-20","11443","Maryland","Shakira Austin",1,2,765,812,47,0,2,-2,0
"2019-20","11443","Maryland","Diamond Miller",14,2,765,782,17,0,0,0,0
"2019-20","11443","James Madison","Kiki Jefferson",30,4,782,798,16,2,0,2,0
"2019-20","11443","Maryland","Faith Masonius",13,3,782,882,100,2,4,-2,0
"2019-20","11443","Maryland","Ashley Owusu",15,2,782,987,205,7,7,0,0
"2019-20","11443","James Madison","Kamiah Smalls",3,3,798,860,62,2,2,0,0
"2019-20","11443","Maryland","Blair Watson",22,2,812,1649,837,22,25,-3,0
"2019-20","11443","James Madison","Jaylin Carodine",2,2,820,1011,191,5,7,-2,0
"2019-20","11443","James Madison","Kiki Jefferson",30,5,860,987,127,3,5,-2,0
"2019-20","11443","Maryland","Taylor Mikesell",11,3,882,1200,318,12,6,6,0
"2019-20","11443","James Madison","Breyenne Bellerand",5,1,987,1150,163,3,7,-4,0
"2019-20","11443","Maryland","Sara Vujacic",32,1,987,1200,213,7,3,4,0
"2019-20","11443","James Madison","Nikki Oppenheimer",0,2,1011,1191,180,3,7,-4,0
"2019-20","11443","James Madison","Kiki Jefferson",30,6,1150,1637,487,17,8,9,0
"2019-20","11443","James Madison","Kamiah Smalls",3,4,1191,1415,224,10,5,5,0
"2019-20","11443","Maryland","Shakira Austin",1,3,1200,1363,163,3,5,-2,0
"2019-20","11443","Maryland","Ashley Owusu",15,3,1200,1446,246,5,12,-7,0
"2019-20","11443","Maryland","Faith Masonius",13,4,1337,1379,42,0,6,-6,0
"2019-20","11443","Maryland","Sara Vujacic",32,2,1337,1446,109,2,10,-8,0
"2019-20","11443","Maryland","Kaila Charles",5,3,1363,1657,294,5,13,-8,0
"2019-20","11443","Maryland","Stephanie Jones",24,3,1379,1446,67,2,4,-2,0
"2019-20","11443","James Madison","Devon Merritt",42,4,1415,1526,111,3,3,0,0
"2019-20","11443","Maryland","Taylor Mikesell",11,4,1446,2400,954,38,22,16,0
"2019-20","11443","Maryland","Faith Masonius",13,5,1446,1835,389,11,14,-3,0
"2019-20","11443","Maryland","Diamond Miller",14,3,1446,1835,389,11,14,-3,0
"2019-20","11443","James Madison","Jaylin Carodine",2,3,1472,1893,421,13,15,-2,0
"2019-20","11443","James Madison","Nikki Oppenheimer",0,3,1526,1827,301,13,8,5,0
"2019-20","11443","James Madison","Kayla Cooper-Williams",31,3,1526,2183,657,19,21,-2,0
"2019-20","11443","James Madison","Madison Green",4,3,1637,1997,360,9,16,-7,0
"2019-20","11443","Maryland","Ashley Owusu",15,4,1649,2047,398,17,11,6,0
"2019-20","11443","Maryland","Shakira Austin",1,4,1657,2386,729,33,14,19,0
"2019-20","11443","James Madison","Kiki Jefferson",30,7,1730,1835,105,8,4,4,0
"2019-20","11443","James Madison","Kamiah Smalls",3,5,1827,1833,6,0,0,0,0
"2019-20","11443","James Madison","Nikki Oppenheimer",0,4,1833,1915,82,0,5,-5,0
"2019-20","11443","James Madison","Kamiah Smalls",3,6,1835,1893,58,0,4,-4,0
"2019-20","11443","Maryland","Kaila Charles",5,4,1835,2145,310,11,4,7,0
"2019-20","11443","Maryland","Blair Watson",22,3,1835,2400,565,27,8,19,0
"2019-20","11443","James Madison","Lexie Barrier",15,3,1893,2400,507,8,23,-15,0
"2019-20","11443","James Madison","Kiki Jefferson",30,8,1893,2183,290,6,9,-3,0
"2019-20","11443","James Madison","Devon Merritt",42,5,1915,1997,82,0,3,-3,0
"2019-20","11443","James Madison","Jaylin Carodine",2,4,1997,2145,148,4,3,1,0
"2019-20","11443","James Madison","Kamiah Smalls",3,7,1997,2400,403,8,19,-11,0
"2019-20","11443","Maryland","Diamond Miller",14,4,2047,2218,171,5,4,1,0
"2019-20","11443","James Madison","Madison Green",4,4,2145,2365,220,2,14,-12,0
"2019-20","11443","Maryland","Stephanie Jones",24,4,2145,2400,255,16,4,12,0
"2019-20","11443","James Madison","Jaylin Carodine",2,5,2183,2245,62,0,5,-5,0
"2019-20","11443","James Madison","Devon Merritt",42,6,2183,2245,62,0,5,-5,0
"2019-20","11443","Maryland","Ashley Owusu",15,5,2218,2400,182,13,2,11,0
"2019-20","11443","James Madison","Kiki Jefferson",30,9,2245,2400,155,2,9,-7,0
"2019-20","11443","James Madison","Kayla Cooper-Williams",31,4,2245,2400,155,2,9,-7,0
"2019-20","11443","James Madison","Devon Merritt",42,7,2365,2367,2,0,0,0,0
"2019-20","11443","James Madison","Madison Green",4,5,2367,2386,19,0,0,0,0
"2019-20","11443","James Madison","Jaylin Carodine",2,6,2386,2400,14,2,2,0,0
"2019-20","11443","Maryland","Kaila Charles",5,5,2386,2400,14,2,2,0,0
"2019-20","11444","Delaware","Abby Gonzales",2,1,0,244,244,4,11,-7,1
"2019-20","11444","Delaware","Agnes Paul",5,1,0,335,335,4,20,-16,1
"2019-20","11444","Delaware","Tee Johnson",10,1,0,169,169,4,7,-3,1
"2019-20","11444","Delaware","Jasmine Dickey",20,1,0,578,578,12,29,-17,1
"2019-20","11444","Delaware","Samone DeFreese",22,1,0,244,244,4,11,-7,1
"2019-20","11444","Maryland","Shakira Austin",1,1,0,504,504,27,9,18,1
"2019-20","11444","Maryland","Kaila Charles",5,1,0,225,225,8,4,4,1
"2019-20","11444","Maryland","Taylor Mikesell",11,1,0,169,169,7,4,3,1
"2019-20","11444","Maryland","Ashley Owusu",15,1,0,225,225,8,4,4,1
"2019-20","11444","Maryland","Blair Watson",22,1,0,401,401,22,9,13,1
"2019-20","11444","Delaware","Paris McBride",4,1,169,335,166,0,13,-13,0
"2019-20","11444","Maryland","Diamond Miller",14,1,169,455,286,18,5,13,0
"2019-20","11444","Maryland","Taylor Mikesell",11,2,225,772,547,30,10,20,0
"2019-20","11444","Maryland","Stephanie Jones",24,1,225,401,176,14,5,9,0
"2019-20","11444","Delaware","Tee Johnson",10,2,244,600,356,8,18,-10,0
"2019-20","11444","Delaware","Rebecca Lawrence",25,1,244,600,356,8,18,-10,0
"2019-20","11444","Delaware","Abby Gonzales",2,2,335,882,547,13,25,-12,0
"2019-20","11444","Delaware","Lizzie Oleary",12,1,335,455,120,5,5,0,0
"2019-20","11444","Maryland","Kaila Charles",5,2,401,455,54,3,0,3,0
"2019-20","11444","Maryland","Ashley Owusu",15,2,401,1599,1198,50,25,25,0
"2019-20","11444","Delaware","Brynn Wade",3,1,455,600,145,3,4,-1,0
"2019-20","11444","Maryland","Faith Masonius",13,1,455,600,145,4,3,1,0
"2019-20","11444","Maryland","Blair Watson",22,2,455,846,391,18,8,10,0
"2019-20","11444","Maryland","Stephanie Jones",24,2,504,600,96,2,3,-1,0
"2019-20","11444","Delaware","Samone DeFreese",22,2,578,772,194,2,9,-7,0
"2019-20","11444","Delaware","Lolo Davenport",1,1,600,700,100,2,5,-3,0
"2019-20","11444","Delaware","Agnes Paul",5,2,600,1334,734,14,35,-21,0
"2019-20","11444","Delaware","Jasmine Dickey",20,2,600,2092,1492,34,64,-30,0
"2019-20","11444","Maryland","Shakira Austin",1,2,600,1418,818,39,16,23,0
"2019-20","11444","Maryland","Kaila Charles",5,3,600,721,121,5,2,3,0
"2019-20","11444","Delaware","Lizzie Oleary",12,2,700,815,115,0,6,-6,0
"2019-20","11444","Maryland","Faith Masonius",13,2,721,1002,281,15,5,10,0
"2019-20","11444","Delaware","Tee Johnson",10,3,772,2400,1628,41,61,-20,0
"2019-20","11444","Maryland","Diamond Miller",14,2,772,1200,428,19,10,9,0
"2019-20","11444","Delaware","Paris McBride",4,2,815,1002,187,5,9,-4,0
"2019-20","11444","Maryland","Sara Vujacic",32,1,846,1200,354,14,7,7,0
"2019-20","11444","Delaware","Rebecca Lawrence",25,2,882,1130,248,5,7,-2,0
"2019-20","11444","Delaware","Abby Gonzales",2,3,1002,1464,462,9,21,-12,0
"2019-20","11444","Maryland","Taylor Mikesell",11,3,1002,1334,332,17,7,10,0
"2019-20","11444","Delaware","Brynn Wade",3,2,1130,1200,70,2,5,-3,0
"2019-20","11444","Delaware","Samone DeFreese",22,3,1200,1334,134,2,7,-5,0
"2019-20","11444","Maryland","Kaila Charles",5,4,1200,1477,277,13,4,9,0
"2019-20","11444","Maryland","Blair Watson",22,3,1200,1464,264,13,4,9,0
"2019-20","11444","Delaware","Brynn Wade",3,3,1334,1464,130,2,6,-4,0
"2019-20","11444","Delaware","Paris McBride",4,3,1334,2400,1066,29,35,-6,0
"2019-20","11444","Maryland","Diamond Miller",14,3,1334,1388,54,1,2,-1,0
"2019-20","11444","Maryland","Sara Vujacic",32,2,1388,2117,729,26,18,8,0
"2019-20","11444","Maryland","Stephanie Jones",24,3,1418,2400,982,31,27,4,0
"2019-20","11444","Delaware","Lizzie Oleary",12,3,1464,1599,135,6,2,4,0
"2019-20","11444","Delaware","Rebecca Lawrence",25,3,1464,1709,245,7,9,-2,0
"2019-20","11444","Maryland","Taylor Mikesell",11,4,1464,1808,344,14,9,5,0
"2019-20","11444","Maryland","Faith Masonius",13,3,1477,1527,50,0,3,-3,0
"2019-20","11444","Maryland","Shakira Austin",1,3,1527,1808,281,14,6,8,0
"2019-20","11444","Delaware","Agnes Paul",5,3,1599,2010,411,10,21,-11,0
"2019-20","11444","Maryland","Diamond Miller",14,4,1599,2400,801,27,21,6,0
"2019-20","11444","Delaware","Lolo Davenport",1,2,1709,2010,301,9,14,-5,0
"2019-20","11444","Maryland","Kaila Charles",5,5,1808,2054,246,9,7,2,0
"2019-20","11444","Maryland","Ashley Owusu",15,3,1808,2010,202,9,7,2,0
"2019-20","11444","Delaware","Lizzie Oleary",12,4,2010,2117,107,2,0,2,0
"2019-20","11444","Delaware","Rebecca Lawrence",25,4,2010,2117,107,2,0,2,0
"2019-20","11444","Maryland","Faith Masonius",13,4,2010,2400,390,6,11,-5,0
"2019-20","11444","Maryland","Taylor Mikesell",11,5,2054,2400,346,6,11,-5,0
"2019-20","11444","Delaware","Samone DeFreese",22,4,2092,2117,25,0,0,0,0
"2019-20","11444","Delaware","Lolo Davenport",1,3,2117,2400,283,9,6,3,0
"2019-20","11444","Delaware","Brynn Wade",3,4,2117,2400,283,9,6,3,0
"2019-20","11444","Delaware","Agnes Paul",5,4,2117,2400,283,9,6,3,0
"2019-20","11444","Maryland","Shakira Austin",1,4,2117,2400,283,6,9,-3,0
"2019-20","11445","George Washington","Tori Hyduke",11,1,0,429,429,5,18,-13,1
"2019-20","11445","George Washington","Faith Blethen",23,1,0,533,533,7,23,-16,1
"2019-20","11445","George Washington","Kayla Mokwuah",24,1,0,318,318,4,15,-11,1
"2019-20","11445","George Washington","Ariel Stephenson",25,1,0,129,129,2,6,-4,1
"2019-20","11445","George Washington","Neila Luma",30,1,0,201,201,2,11,-9,1
"2019-20","11445","Maryland","Shakira Austin",1,1,0,318,318,15,4,11,1
"2019-20","11445","Maryland","Kaila Charles",5,1,0,318,318,15,4,11,1
"2019-20","11445","Maryland","Taylor Mikesell",11,1,0,276,276,13,4,9,1
"2019-20","11445","Maryland","Ashley Owusu",15,1,0,429,429,18,5,13,1
"2019-20","11445","Maryland","Blair Watson",22,1,0,345,345,15,4,11,1
"2019-20","11445","George Washington","Mayowa Taiwo",31,1,129,429,300,3,12,-9,0
"2019-20","11445","George Washington","Ariel Stephenson",25,2,201,345,144,2,4,-2,0
"2019-20","11445","Maryland","Diamond Miller",14,1,276,501,225,10,1,9,0
"2019-20","11445","George Washington","Olivia Gumbs",12,1,318,604,286,3,8,-5,0
"2019-20","11445","Maryland","Faith Masonius",13,1,318,345,27,0,0,0,0
"2019-20","11445","Maryland","Stephanie Jones",24,1,318,429,111,3,1,2,0
"2019-20","11445","George Washington","Neila Luma",30,2,345,817,472,7,14,-7,0
"2019-20","11445","Maryland","Shakira Austin",1,2,345,922,577,16,11,5,0
"2019-20","11445","Maryland","Sara Vujacic",32,1,345,604,259,8,3,5,0
"2019-20","11445","George Washington","Lexus Levy",4,1,429,699,270,2,9,-7,0
"2019-20","11445","George Washington","Ariel Stephenson",25,3,429,533,104,2,5,-3,0
"2019-20","11445","Maryland","Kaila Charles",5,2,429,784,355,11,6,5,0
"2019-20","11445","Maryland","Taylor Mikesell",11,2,429,547,118,5,2,3,0
"2019-20","11445","Maryland","Blair Watson",22,2,501,784,283,6,6,0,0
"2019-20","11445","George Washington","Tori Hyduke",11,2,533,1742,1209,30,41,-11,0
"2019-20","11445","George Washington","Mayowa Taiwo",31,2,533,699,166,0,4,-4,0
"2019-20","11445","Maryland","Ashley Owusu",15,2,547,1179,632,21,14,7,0
"2019-20","11445","George Washington","Kayla Mokwuah",24,2,604,817,213,4,6,-2,0
"2019-20","11445","Maryland","Stephanie Jones",24,2,604,784,180,6,4,2,0
"2019-20","11445","George Washington","Faith Blethen",23,2,699,1485,786,23,28,-5,0
"2019-20","11445","George Washington","Ariel Stephenson",25,4,699,922,223,8,4,4,0
"2019-20","11445","Maryland","Taylor Mikesell",11,3,784,1663,879,33,24,9,0
"2019-20","11445","Maryland","Faith Masonius",13,2,784,1200,416,17,13,4,0
"2019-20","11445","Maryland","Diamond Miller",14,2,784,796,12,0,0,0,0
"2019-20","11445","Maryland","Sara Vujacic",32,2,796,1084,288,10,10,0,0
"2019-20","11445","George Washington","Olivia Gumbs",12,2,817,1200,383,13,17,-4,0
"2019-20","11445","George Washington","Mayowa Taiwo",31,3,817,1359,542,19,21,-2,0
"2019-20","11445","George Washington","Neila Luma",30,3,922,990,68,3,2,1,0
"2019-20","11445","Maryland","Kaila Charles",5,3,922,983,61,2,3,-1,0
"2019-20","11445","Maryland","Stephanie Jones",24,3,983,1200,217,13,6,7,0
"2019-20","11445","George Washington","Ariel Stephenson",25,5,990,1142,152,3,9,-6,0
"2019-20","11445","Maryland","Shakira Austin",1,3,1084,1359,275,13,9,4,0
"2019-20","11445","George Washington","Essence Brown",32,1,1142,1200,58,3,4,-1,0
"2019-20","11445","Maryland","Blair Watson",22,3,1179,1547,368,13,11,2,0
"2019-20","11445","George Washington","Kayla Mokwuah",24,3,1200,1359,159,6,4,2,0
"2019-20","11445","George Washington","Ariel Stephenson",25,6,1200,1359,159,6,4,2,0
"2019-20","11445","Maryland","Kaila Charles",5,4,1200,1663,463,16,11,5,0
"2019-20","11445","Maryland","Ashley Owusu",15,3,1200,1485,285,9,6,3,0
"2019-20","11445","George Washington","Olivia Gumbs",12,3,1359,1800,441,7,16,-9,0
"2019-20","11445","George Washington","Sarah Overcash",20,1,1359,1547,188,2,7,-5,0
"2019-20","11445","George Washington","Essence Brown",32,2,1359,1547,188,2,7,-5,0
"2019-20","11445","Maryland","Stephanie Jones",24,4,1359,1547,188,5,2,3,0
"2019-20","11445","George Washington","Ariel Stephenson",25,7,1485,1758,273,7,9,-2,0
"2019-20","11445","Maryland","Shakira Austin",1,4,1485,2191,706,26,19,7,0
"2019-20","11445","George Washington","Faith Blethen",23,3,1547,2191,644,17,24,-7,0
"2019-20","11445","George Washington","Mayowa Taiwo",31,4,1547,1663,116,3,5,-2,0
"2019-20","11445","Maryland","Faith Masonius",13,3,1547,1758,211,7,5,2,0
"2019-20","11445","Maryland","Diamond Miller",14,3,1547,1663,116,5,3,2,0
"2019-20","11445","George Washington","Essence Brown",32,3,1663,2400,737,19,26,-7,0
"2019-20","11445","Maryland","Ashley Owusu",15,4,1663,1993,330,14,9,5,0
"2019-20","11445","Maryland","Blair Watson",22,4,1663,1993,330,14,9,5,0
"2019-20","11445","Maryland","Sara Vujacic",32,3,1663,1993,330,14,9,5,0
"2019-20","11445","George Washington","Lexus Levy",4,2,1742,1993,251,7,12,-5,0
"2019-20","11445","George Washington","Mayowa Taiwo",31,5,1758,1993,235,7,12,-5,0
"2019-20","11445","Maryland","Stephanie Jones",24,5,1758,1993,235,12,7,5,0
"2019-20","11445","George Washington","Kayla Mokwuah",24,4,1800,1993,193,7,10,-3,0
"2019-20","11445","George Washington","Tori Hyduke",11,3,1993,2400,407,10,12,-2,0
"2019-20","11445","George Washington","Olivia Gumbs",12,4,1993,2191,198,5,5,0,0
"2019-20","11445","George Washington","Ariel Stephenson",25,8,1993,2324,331,7,10,-3,0
"2019-20","11445","Maryland","Kaila Charles",5,5,1993,2240,247,5,5,0,0
"2019-20","11445","Maryland","Taylor Mikesell",11,4,1993,2400,407,12,10,2,0
"2019-20","11445","Maryland","Faith Masonius",13,4,1993,2400,407,12,10,2,0
"2019-20","11445","Maryland","Diamond Miller",14,4,1993,2400,407,12,10,2,0
"2019-20","11445","George Washington","Kayla Mokwuah",24,5,2191,2400,209,5,7,-2,0
"2019-20","11445","George Washington","Mayowa Taiwo",31,6,2191,2400,209,5,7,-2,0
"2019-20","11445","Maryland","Stephanie Jones",24,6,2191,2400,209,7,5,2,0
"2019-20","11445","Maryland","Sara Vujacic",32,4,2240,2400,160,7,5,2,0
"2019-20","11445","George Washington","Faith Blethen",23,4,2324,2400,76,3,2,1,0
"2019-20","11446","Maryland","Shakira Austin",1,1,0,398,398,15,5,10,1
"2019-20","11446","Maryland","Kaila Charles",5,1,0,257,257,9,3,6,1
"2019-20","11446","Maryland","Taylor Mikesell",11,1,0,398,398,15,5,10,1
"2019-20","11446","Maryland","Ashley Owusu",15,1,0,479,479,21,5,16,1
"2019-20","11446","Maryland","Blair Watson",22,1,0,257,257,9,3,6,1
"2019-20","11446","Quinnipiac","Taylor Herd",2,1,0,87,87,3,7,-4,1
"2019-20","11446","Quinnipiac","Shaquana Edwards",5,1,0,87,87,3,7,-4,1
"2019-20","11446","Quinnipiac","Jaden Ward",10,1,0,87,87,3,7,-4,1
"2019-20","11446","Quinnipiac","Paige Warfel",20,1,0,87,87,3,7,-4,1
"2019-20","11446","Quinnipiac","Sajada Bonner",23,1,0,87,87,3,7,-4,1
"2019-20","11446","Quinnipiac","Cat Almeida",11,1,87,287,200,0,6,-6,0
"2019-20","11446","Quinnipiac","Cur'Tiera Haywood",15,1,87,287,200,0,6,-6,0
"2019-20","11446","Quinnipiac","Mackenzie DeWees",22,1,87,287,200,0,6,-6,0
"2019-20","11446","Quinnipiac","Amani Free",24,1,87,287,200,0,6,-6,0
"2019-20","11446","Quinnipiac","Chiara Bacchini",33,1,87,287,200,0,6,-6,0
"2019-20","11446","Maryland","Diamond Miller",14,1,257,624,367,15,4,11,0
"2019-20","11446","Maryland","Stephanie Jones",24,1,257,493,236,12,2,10,0
"2019-20","11446","Quinnipiac","Taylor Herd",2,2,287,547,260,2,11,-9,0
"2019-20","11446","Quinnipiac","Shaquana Edwards",5,2,287,398,111,2,2,0,0
"2019-20","11446","Quinnipiac","Jaden Ward",10,2,287,405,118,2,2,0,0
"2019-20","11446","Quinnipiac","Paige Warfel",20,2,287,513,226,2,8,-6,0
"2019-20","11446","Quinnipiac","Sajada Bonner",23,2,287,479,192,2,8,-6,0
"2019-20","11446","Maryland","Kaila Charles",5,2,398,887,489,18,12,6,0
"2019-20","11446","Maryland","Blair Watson",22,2,398,479,81,6,0,6,0
"2019-20","11446","Quinnipiac","Cur'Tiera Haywood",15,2,398,600,202,2,9,-7,0
"2019-20","11446","Quinnipiac","Shaquana Edwards",5,3,405,479,74,0,6,-6,0
"2019-20","11446","Maryland","Taylor Mikesell",11,2,479,1041,562,18,14,4,0
"2019-20","11446","Maryland","Sara Vujacic",32,1,479,600,121,3,2,1,0
"2019-20","11446","Quinnipiac","Mackenzie DeWees",22,2,479,688,209,5,5,0,0
"2019-20","11446","Quinnipiac","Amani Free",24,2,479,725,246,5,9,-4,0
"2019-20","11446","Maryland","Shakira Austin",1,2,493,846,353,12,10,2,0
"2019-20","11446","Quinnipiac","Jaden Ward",10,3,513,688,175,5,5,0,0
"2019-20","11446","Quinnipiac","Chiara Bacchini",33,2,547,688,141,5,2,3,0
"2019-20","11446","Maryland","Blair Watson",22,3,600,1465,865,35,17,18,0
"2019-20","11446","Quinnipiac","Paige Warfel",20,3,600,1330,730,17,25,-8,0
"2019-20","11446","Maryland","Ashley Owusu",15,2,624,846,222,9,8,1,0
"2019-20","11446","Quinnipiac","Taylor Herd",2,3,688,1058,370,9,14,-5,0
"2019-20","11446","Quinnipiac","Shaquana Edwards",5,4,688,846,158,5,7,-2,0
"2019-20","11446","Quinnipiac","Cur'Tiera Haywood",15,3,688,994,306,9,11,-2,0
"2019-20","11446","Quinnipiac","Sajada Bonner",23,3,725,994,269,9,7,2,0
"2019-20","11446","Maryland","Diamond Miller",14,2,846,1200,354,12,9,3,0
"2019-20","11446","Maryland","Stephanie Jones",24,2,846,940,94,2,4,-2,0
"2019-20","11446","Quinnipiac","Mackenzie DeWees",22,3,846,994,148,4,4,0,0
"2019-20","11446","Maryland","Faith Masonius",13,1,887,1200,313,12,7,5,0
"2019-20","11446","Maryland","Shakira Austin",1,3,940,1465,525,24,5,19,0
"2019-20","11446","Quinnipiac","Shaquana Edwards",5,5,994,1330,336,5,12,-7,0
"2019-20","11446","Quinnipiac","Jaden Ward",10,4,994,1330,336,5,12,-7,0
"2019-20","11446","Quinnipiac","Amani Free",24,3,994,1200,206,5,8,-3,0
"2019-20","11446","Maryland","Ashley Owusu",15,3,1041,1465,424,20,5,15,0
"2019-20","11446","Quinnipiac","Chiara Bacchini",33,3,1058,1200,142,5,5,0,0
"2019-20","11446","Maryland","Kaila Charles",5,3,1200,1500,300,16,0,16,0
"2019-20","11446","Maryland","Taylor Mikesell",11,3,1200,1592,392,17,2,15,0
"2019-20","11446","Quinnipiac","Taylor Herd",2,4,1200,1330,130,0,4,-4,0
"2019-20","11446","Quinnipiac","Sajada Bonner",23,4,1200,1330,130,0,4,-4,0
"2019-20","11446","Quinnipiac","Cat Almeida",11,2,1330,1356,26,0,5,-5,0
"2019-20","11446","Quinnipiac","Cur'Tiera Haywood",15,4,1330,1356,26,0,5,-5,0
"2019-20","11446","Quinnipiac","Mackenzie DeWees",22,4,1330,1356,26,0,5,-5,0
"2019-20","11446","Quinnipiac","Amani Free",24,4,1330,1356,26,0,5,-5,0
"2019-20","11446","Quinnipiac","Chiara Bacchini",33,4,1330,1356,26,0,5,-5,0
"2019-20","11446","Quinnipiac","Taylor Herd",2,5,1356,1592,236,2,8,-6,0
"2019-20","11446","Quinnipiac","Shaquana Edwards",5,6,1356,1707,351,2,18,-16,0
"2019-20","11446","Quinnipiac","Jaden Ward",10,5,1356,1465,109,0,5,-5,0
"2019-20","11446","Quinnipiac","Paige Warfel",20,4,1356,1664,308,2,13,-11,0
"2019-20","11446","Quinnipiac","Sajada Bonner",23,5,1356,1531,175,2,7,-5,0
"2019-20","11446","Maryland","Diamond Miller",14,3,1465,1800,335,19,4,15,0
"2019-20","11446","Maryland","Stephanie Jones",24,3,1465,1800,335,19,4,15,0
"2019-20","11446","Maryland","Sara Vujacic",32,2,1465,2400,935,48,28,20,0
"2019-20","11446","Quinnipiac","Cur'Tiera Haywood",15,5,1465,2085,620,14,38,-24,0
"2019-20","11446","Maryland","Faith Masonius",13,2,1500,2400,900,46,28,18,0
"2019-20","11446","Quinnipiac","Amani Free",24,5,1531,1707,176,0,11,-11,0
"2019-20","11446","Maryland","Ashley Owusu",15,4,1592,1800,208,16,2,14,0
"2019-20","11446","Quinnipiac","Chiara Bacchini",33,5,1592,1935,343,7,22,-15,0
"2019-20","11446","Quinnipiac","Jaden Ward",10,6,1664,1763,99,2,9,-7,0
"2019-20","11446","Quinnipiac","Taylor Herd",2,6,1707,2105,398,12,25,-13,0
"2019-20","11446","Quinnipiac","Mackenzie DeWees",22,5,1707,2400,693,26,35,-9,0
"2019-20","11446","Quinnipiac","Paige Warfel",20,5,1763,2035,272,7,15,-8,0
"2019-20","11446","Maryland","Shakira Austin",1,4,1800,1935,135,6,5,1,0
"2019-20","11446","Maryland","Kaila Charles",5,4,1800,2035,235,13,7,6,0
"2019-20","11446","Maryland","Taylor Mikesell",11,4,1800,2035,235,13,7,6,0
"2019-20","11446","Maryland","Stephanie Jones",24,4,1935,2400,465,23,19,4,0
"2019-20","11446","Quinnipiac","Sajada Bonner",23,6,1935,2035,100,2,7,-5,0
"2019-20","11446","Maryland","Diamond Miller",14,4,2035,2400,365,16,17,-1,0
"2019-20","11446","Maryland","Ashley Owusu",15,5,2035,2400,365,16,17,-1,0
"2019-20","11446","Quinnipiac","Jaden Ward",10,7,2035,2400,365,17,16,1,0
"2019-20","11446","Quinnipiac","Amani Free",24,6,2035,2400,365,17,16,1,0
"2019-20","11446","Quinnipiac","Paige Warfel",20,6,2085,2105,20,0,0,0,0
"2019-20","11446","Quinnipiac","Cat Almeida",11,3,2105,2400,295,14,10,4,0
"2019-20","11446","Quinnipiac","Sajada Bonner",23,7,2105,2400,295,14,10,4,0
"2019-20","11447","Clemson","Destiny Thomas",1,1,0,228,228,2,7,-5,1
"2019-20","11447","Clemson","Kendall Spray",3,1,0,155,155,0,2,-2,1
"2019-20","11447","Clemson","Amari Robinson",5,1,0,321,321,2,9,-7,1
"2019-20","11447","Clemson","Hannah Hank",12,1,0,228,228,2,7,-5,1
"2019-20","11447","Clemson","Shania Meertens",31,1,0,321,321,2,9,-7,1
"2019-20","11447","Maryland","Shakira Austin",1,1,0,321,321,9,2,7,1
"2019-20","11447","Maryland","Kaila Charles",5,1,0,155,155,2,0,2,1
"2019-20","11447","Maryland","Taylor Mikesell",11,1,0,177,177,4,0,4,1
"2019-20","11447","Maryland","Ashley Owusu",15,1,0,155,155,2,0,2,1
"2019-20","11447","Maryland","Blair Watson",22,1,0,392,392,11,4,7,1
"2019-20","11447","Clemson","Kobi Thornton",44,1,155,392,237,4,9,-5,0
"2019-20","11447","Maryland","Diamond Miller",14,1,155,321,166,7,2,5,0
"2019-20","11447","Maryland","Stephanie Jones",24,1,155,507,352,10,5,5,0
"2019-20","11447","Maryland","Ashley Owusu",15,2,177,366,189,7,2,5,0
"2019-20","11447","Clemson","Kendall Spray",3,2,228,815,587,4,12,-8,0
"2019-20","11447","Clemson","Mikayla Hayes",24,1,228,600,372,3,5,-2,0
"2019-20","11447","Clemson","Destiny Thomas",1,2,321,408,87,2,2,0,0
"2019-20","11447","Clemson","Chyna Cotton",32,1,321,361,40,0,2,-2,0
"2019-20","11447","Maryland","Kaila Charles",5,2,321,458,137,2,2,0,0
"2019-20","11447","Maryland","Taylor Mikesell",11,2,321,723,402,7,4,3,0
"2019-20","11447","Clemson","Shania Meertens",31,2,361,521,160,3,1,2,0
"2019-20","11447","Maryland","Sara Vujacic",32,1,366,600,234,1,3,-2,0
"2019-20","11447","Clemson","Tylar Bennett",55,1,392,458,66,0,0,0,0
"2019-20","11447","Maryland","Shakira Austin",1,2,392,491,99,1,1,0,0
"2019-20","11447","Clemson","Chyna Cotton",32,2,408,458,50,0,0,0,0
"2019-20","11447","Clemson","Amari Robinson",5,2,458,1405,947,19,25,-6,0
"2019-20","11447","Clemson","Kobi Thornton",44,2,458,600,142,1,1,0,0
"2019-20","11447","Maryland","Blair Watson",22,2,458,978,520,17,2,15,0
"2019-20","11447","Maryland","Kaila Charles",5,3,491,688,197,4,1,3,0
"2019-20","11447","Maryland","Faith Masonius",13,1,507,600,93,0,0,0,0
"2019-20","11447","Clemson","Kaylee Sticker",2,1,521,600,79,0,0,0,0
"2019-20","11447","Clemson","Destiny Thomas",1,3,600,600,0,0,0,0,0
"2019-20","11447","Clemson","Hannah Hank",12,2,600,678,78,0,4,-4,0
"2019-20","11447","Clemson","Mikayla Hayes",24,2,600,917,317,1,10,-9,0
"2019-20","11447","Clemson","Shania Meertens",31,3,600,968,368,1,16,-15,0
"2019-20","11447","Maryland","Shakira Austin",1,3,600,1433,833,25,18,7,0
"2019-20","11447","Maryland","Ashley Owusu",15,3,600,1162,562,20,12,8,0
"2019-20","11447","Clemson","Kobi Thornton",44,3,678,756,78,1,3,-2,0
"2019-20","11447","Maryland","Stephanie Jones",24,2,688,978,290,12,0,12,0
"2019-20","11447","Maryland","Diamond Miller",14,2,723,1200,477,18,11,7,0
"2019-20","11447","Clemson","Tylar Bennett",55,2,756,978,222,0,9,-9,0
"2019-20","11447","Clemson","Destiny Thomas",1,4,815,1162,347,11,13,-2,0
"2019-20","11447","Clemson","Kobi Thornton",44,4,917,1102,185,9,10,-1,0
"2019-20","11447","Clemson","Kendall Spray",3,3,968,1531,563,17,11,6,0
"2019-20","11447","Clemson","Mikayla Hayes",24,3,978,1162,184,11,4,7,0
"2019-20","11447","Maryland","Kaila Charles",5,4,978,1102,124,4,9,-5,0
"2019-20","11447","Maryland","Taylor Mikesell",11,3,978,1102,124,4,9,-5,0
"2019-20","11447","Clemson","Shania Meertens",31,4,1102,1531,429,8,7,1,0
"2019-20","11447","Maryland","Blair Watson",22,3,1102,1589,487,11,10,1,0
"2019-20","11447","Maryland","Stephanie Jones",24,3,1102,1124,22,0,0,0,0
"2019-20","11447","Maryland","Faith Masonius",13,2,1124,1200,76,2,2,0,0
"2019-20","11447","Clemson","Chyna Cotton",32,3,1162,1200,38,0,2,-2,0
"2019-20","11447","Clemson","Tylar Bennett",55,3,1162,1200,38,0,2,-2,0
"2019-20","11447","Maryland","Taylor Mikesell",11,4,1162,1666,504,11,11,0,0
"2019-20","11447","Clemson","Destiny Thomas",1,5,1200,1414,214,6,2,4,0
"2019-20","11447","Clemson","Hannah Hank",12,3,1200,1200,0,0,0,0,0
"2019-20","11447","Clemson","Mikayla Hayes",24,4,1200,1405,205,6,2,4,0
"2019-20","11447","Maryland","Kaila Charles",5,5,1200,1641,441,9,10,-1,0
"2019-20","11447","Maryland","Ashley Owusu",15,4,1200,1405,205,2,6,-4,0
"2019-20","11447","Clemson","Hannah Hank",12,4,1405,1531,126,0,3,-3,0
"2019-20","11447","Clemson","Kobi Thornton",44,5,1405,1799,394,12,10,2,0
"2019-20","11447","Maryland","Diamond Miller",14,3,1405,1800,395,10,12,-2,0
"2019-20","11447","Clemson","Chyna Cotton",32,4,1414,1589,175,2,7,-5,0
"2019-20","11447","Maryland","Stephanie Jones",24,4,1433,1607,174,6,4,2,0
"2019-20","11447","Clemson","Destiny Thomas",1,6,1531,1607,76,4,4,0,0
"2019-20","11447","Clemson","Amari Robinson",5,3,1531,1763,232,9,7,2,0
"2019-20","11447","Clemson","Tylar Bennett",55,4,1531,1724,193,7,4,3,0
"2019-20","11447","Clemson","Shania Meertens",31,5,1589,1666,77,3,0,3,0
"2019-20","11447","Maryland","Sara Vujacic",32,2,1589,1666,77,0,3,-3,0
"2019-20","11447","Clemson","Chyna Cotton",32,5,1607,1724,117,3,0,3,0
"2019-20","11447","Maryland","Shakira Austin",1,4,1607,2138,531,19,10,9,0
"2019-20","11447","Maryland","Stephanie Jones",24,5,1641,1751,110,2,5,-3,0
"2019-20","11447","Clemson","Kendall Spray",3,4,1666,1980,314,9,12,-3,0
"2019-20","11447","Maryland","Ashley Owusu",15,5,1666,1799,133,3,7,-4,0
"2019-20","11447","Maryland","Blair Watson",22,4,1666,1673,7,0,2,-2,0
"2019-20","11447","Maryland","Taylor Mikesell",11,5,1673,2138,465,19,7,12,0
"2019-20","11447","Clemson","Mikayla Hayes",24,5,1724,1800,76,5,3,2,0
"2019-20","11447","Clemson","Shania Meertens",31,6,1724,2244,520,10,19,-9,0
"2019-20","11447","Maryland","Kaila Charles",5,6,1751,2138,387,17,5,12,0
"2019-20","11447","Clemson","Kaylee Sticker",2,2,1763,1799,36,3,0,3,0
"2019-20","11447","Clemson","Chyna Cotton",32,6,1799,1800,1,0,0,0,0
"2019-20","11447","Clemson","Tylar Bennett",55,5,1799,1800,1,0,0,0,0
"2019-20","11447","Maryland","Sara Vujacic",32,3,1799,1800,1,0,0,0,0
"2019-20","11447","Clemson","Destiny Thomas",1,7,1800,2307,507,5,17,-12,0
"2019-20","11447","Clemson","Amari Robinson",5,4,1800,1800,0,0,0,0,0
"2019-20","11447","Clemson","Hannah Hank",12,5,1800,1800,0,0,0,0,0
"2019-20","11447","Clemson","Mikayla Hayes",24,6,1800,2138,338,2,16,-14,0
"2019-20","11447","Clemson","Tylar Bennett",55,6,1800,1908,108,2,3,-1,0
"2019-20","11447","Maryland","Diamond Miller",14,4,1800,2218,418,16,5,11,0
"2019-20","11447","Maryland","Ashley Owusu",15,6,1800,1800,0,0,0,0,0
"2019-20","11447","Maryland","Blair Watson",22,5,1800,2138,338,16,2,14,0
"2019-20","11447","Clemson","Amari Robinson",5,5,1908,1934,26,0,3,-3,0
"2019-20","11447","Clemson","Kobi Thornton",44,6,1927,2024,97,0,6,-6,0
"2019-20","11447","Clemson","Kaylee Sticker",2,3,1980,2138,158,0,7,-7,0
"2019-20","11447","Clemson","Hannah Hank",12,6,2024,2400,376,7,8,-1,0
"2019-20","11447","Clemson","Kendall Spray",3,5,2138,2229,91,3,0,3,0
"2019-20","11447","Clemson","Tylar Bennett",55,7,2138,2400,262,7,1,6,0
"2019-20","11447","Maryland","Faith Masonius",13,3,2138,2400,262,1,7,-6,0
"2019-20","11447","Maryland","Ashley Owusu",15,7,2138,2400,262,1,7,-6,0
"2019-20","11447","Maryland","Stephanie Jones",24,6,2138,2400,262,1,7,-6,0
"2019-20","11447","Maryland","Sara Vujacic",32,4,2138,2400,262,1,7,-6,0
"2019-20","11447","Maryland","Kaila Charles",5,7,2218,2400,182,1,4,-3,0
"2019-20","11447","Clemson","Chyna Cotton",32,7,2229,2400,171,4,1,3,0
"2019-20","11447","Clemson","Kaylee Sticker",2,4,2244,2400,156,4,1,3,0
"2019-20","11447","Clemson","Kendall Spray",3,6,2307,2400,93,4,0,4,0
"2019-20","11448","Belmont","Conley Chinn",20,1,0,395,395,3,6,-3,1
"2019-20","11448","Belmont","Maddie Cook",22,1,0,154,154,0,2,-2,1
"2019-20","11448","Belmont","Ellie Harmeyer",30,1,0,575,575,3,12,-9,1
"2019-20","11448","Belmont","Maura Muensterman",31,1,0,376,376,3,6,-3,1
"2019-20","11448","Belmont","Maddie Wright",55,1,0,376,376,3,6,-3,1
"2019-20","11448","Maryland","Shakira Austin",1,1,0,376,376,6,3,3,1
"2019-20","11448","Maryland","Kaila Charles",5,1,0,600,600,12,3,9,1
"2019-20","11448","Maryland","Taylor Mikesell",11,1,0,844,844,22,10,12,1
"2019-20","11448","Maryland","Ashley Owusu",15,1,0,376,376,6,3,3,1
"2019-20","11448","Maryland","Blair Watson",22,1,0,396,396,6,3,3,1
"2019-20","11448","Belmont","Kiki Britzmann",24,1,154,600,446,3,10,-7,0
"2019-20","11448","Belmont","Maddie Cook",22,2,376,695,319,3,9,-6,0
"2019-20","11448","Belmont","Cam Browning",34,1,376,600,224,0,6,-6,0
"2019-20","11448","Maryland","Diamond Miller",14,1,376,575,199,6,0,6,0
"2019-20","11448","Maryland","Stephanie Jones",24,1,376,600,224,6,0,6,0
"2019-20","11448","Belmont","Grace Smith",25,1,395,525,130,0,2,-2,0
"2019-20","11448","Maryland","Shakira Austin",1,2,396,767,371,9,3,6,0
"2019-20","11448","Belmont","Maura Muensterman",31,2,525,1381,856,17,37,-20,0
"2019-20","11448","Belmont","Conley Chinn",20,2,575,767,192,3,3,0,0
"2019-20","11448","Maryland","Sara Vujacic",32,1,575,600,25,0,0,0,0
"2019-20","11448","Belmont","Nikki Baird",23,1,600,1015,415,12,18,-6,0
"2019-20","11448","Belmont","Ellie Harmeyer",30,2,600,600,0,0,0,0,0
"2019-20","11448","Belmont","Maddie Wright",55,2,600,1015,415,12,18,-6,0
"2019-20","11448","Maryland","Ashley Owusu",15,2,600,1720,1120,53,17,36,0
"2019-20","11448","Maryland","Blair Watson",22,2,600,1554,954,45,17,28,0
"2019-20","11448","Maryland","Stephanie Jones",24,2,600,1200,600,25,14,11,0
"2019-20","11448","Belmont","Macie Culbertson",4,1,695,767,72,0,0,0,0
"2019-20","11448","Belmont","Kiki Britzmann",24,2,767,928,161,6,13,-7,0
"2019-20","11448","Belmont","Ellie Harmeyer",30,3,767,928,161,6,13,-7,0
"2019-20","11448","Maryland","Kaila Charles",5,2,767,875,108,9,4,5,0
"2019-20","11448","Maryland","Diamond Miller",14,2,844,1200,356,15,7,8,0
"2019-20","11448","Maryland","Shakira Austin",1,3,875,1094,219,8,5,3,0
"2019-20","11448","Belmont","Conley Chinn",20,3,928,1381,453,8,17,-9,0
"2019-20","11448","Belmont","Maddie Cook",22,3,928,1094,166,3,4,-1,0
"2019-20","11448","Belmont","Grace Smith",25,2,1015,1200,185,2,7,-5,0
"2019-20","11448","Belmont","Cam Browning",34,2,1015,1169,154,2,5,-3,0
"2019-20","11448","Belmont","Macie Culbertson",4,2,1094,1169,75,2,3,-1,0
"2019-20","11448","Maryland","Faith Masonius",13,1,1094,1200,106,5,2,3,0
"2019-20","11448","Belmont","Kiki Britzmann",24,3,1169,1200,31,0,2,-2,0
"2019-20","11448","Belmont","Maddie Wright",55,3,1169,1381,212,3,10,-7,0
"2019-20","11448","Belmont","Maddie Cook",22,4,1200,1463,263,3,13,-10,0
"2019-20","11448","Belmont","Kiki Britzmann",24,4,1200,1554,354,3,20,-17,0
"2019-20","11448","Belmont","Ellie Harmeyer",30,4,1200,1200,0,0,0,0,0
"2019-20","11448","Maryland","Shakira Austin",1,4,1200,1800,600,28,3,25,0
"2019-20","11448","Maryland","Kaila Charles",5,3,1200,1381,181,8,3,5,0
"2019-20","11448","Maryland","Taylor Mikesell",11,2,1200,1554,354,20,3,17,0
"2019-20","11448","Belmont","Nikki Baird",23,2,1381,1800,419,0,20,-20,0
"2019-20","11448","Belmont","Grace Smith",25,3,1381,1800,419,0,20,-20,0
"2019-20","11448","Belmont","Cam Browning",34,3,1381,1554,173,0,12,-12,0
"2019-20","11448","Maryland","Stephanie Jones",24,3,1381,1554,173,12,0,12,0
"2019-20","11448","Belmont","Macie Culbertson",4,3,1463,1666,203,0,10,-10,0
"2019-20","11448","Belmont","Maura Muensterman",31,3,1554,1981,427,0,14,-14,0
"2019-20","11448","Belmont","Maddie Wright",55,4,1554,1800,246,0,8,-8,0
"2019-20","11448","Maryland","Faith Masonius",13,2,1554,1800,246,8,0,8,0
"2019-20","11448","Maryland","Diamond Miller",14,3,1554,1800,246,8,0,8,0
"2019-20","11448","Maryland","Sara Vujacic",32,2,1554,1800,246,8,0,8,0
"2019-20","11448","Belmont","Conley Chinn",20,4,1666,1981,315,0,11,-11,0
"2019-20","11448","Maryland","Taylor Mikesell",11,3,1720,2400,680,25,6,19,0
"2019-20","11448","Belmont","Maddie Cook",22,5,1800,2400,600,6,25,-19,0
"2019-20","11448","Belmont","Kiki Britzmann",24,5,1800,2200,400,4,18,-14,0
"2019-20","11448","Belmont","Ellie Harmeyer",30,5,1800,1800,0,0,0,0,0
"2019-20","11448","Belmont","Cam Browning",34,4,1800,2400,600,6,25,-19,0
"2019-20","11448","Maryland","Kaila Charles",5,4,1800,2103,303,14,0,14,0
"2019-20","11448","Maryland","Faith Masonius",13,3,1800,2400,600,25,6,19,0
"2019-20","11448","Maryland","Diamond Miller",14,4,1800,2400,600,25,6,19,0
"2019-20","11448","Maryland","Ashley Owusu",15,3,1800,1800,0,0,0,0,0
"2019-20","11448","Maryland","Blair Watson",22,3,1800,1800,0,0,0,0,0
"2019-20","11448","Maryland","Sara Vujacic",32,3,1800,2400,600,25,6,19,0
"2019-20","11448","Belmont","Macie Culbertson",4,4,1981,2103,122,0,8,-8,0
"2019-20","11448","Belmont","Nikki Baird",23,3,1981,2400,419,6,19,-13,0
"2019-20","11448","Belmont","Grace Smith",25,4,2103,2400,297,6,11,-5,0
"2019-20","11448","Maryland","Stephanie Jones",24,4,2103,2400,297,11,6,5,0
"2019-20","11448","Belmont","Macie Culbertson",4,5,2200,2400,200,2,7,-5,0
"2019-20","11449","Maryland","Shakira Austin",1,1,0,107,107,6,2,4,1
"2019-20","11449","Maryland","Kaila Charles",5,1,0,289,289,14,11,3,1
"2019-20","11449","Maryland","Taylor Mikesell",11,1,0,289,289,14,11,3,1
"2019-20","11449","Maryland","Ashley Owusu",15,1,0,344,344,14,13,1,1
"2019-20","11449","Maryland","Blair Watson",22,1,0,399,399,14,13,1,1
"2019-20","11449","NC State","Aislinn Konig",1,1,0,600,600,15,18,-3,1
"2019-20","11449","NC State","Kai Crutchfield",3,1,0,448,448,13,14,-1,1
"2019-20","11449","NC State","Jakia Brown-Turner",11,1,0,600,600,15,18,-3,1
"2019-20","11449","NC State","Kayla Jones",25,1,0,600,600,15,18,-3,1
"2019-20","11449","NC State","Elissa Cunane",33,1,0,405,405,13,14,-1,1
"2019-20","11449","Maryland","Stephanie Jones",24,1,107,405,298,8,11,-3,0
"2019-20","11449","Maryland","Faith Masonius",13,1,289,344,55,0,2,-2,0
"2019-20","11449","Maryland","Diamond Miller",14,1,289,975,686,11,17,-6,0
"2019-20","11449","Maryland","Kaila Charles",5,2,344,2400,2056,45,53,-8,0
"2019-20","11449","Maryland","Taylor Mikesell",11,2,344,482,138,2,0,2,0
"2019-20","11449","Maryland","Shakira Austin",1,2,399,821,422,11,7,4,0
"2019-20","11449","Maryland","Blair Watson",22,2,405,1751,1346,23,33,-10,0
"2019-20","11449","NC State","Erika Cassell",24,1,405,665,260,2,5,-3,0
"2019-20","11449","NC State","Grace Hunter",23,1,448,821,373,7,11,-4,0
"2019-20","11449","Maryland","Ashley Owusu",15,2,482,737,255,3,5,-2,0
"2019-20","11449","NC State","Kaila Ealey",2,1,600,821,221,5,7,-2,0
"2019-20","11449","NC State","Kai Crutchfield",3,2,600,1870,1270,31,25,6,0
"2019-20","11449","NC State","Jada Boyd",5,1,600,827,227,5,7,-2,0
"2019-20","11449","NC State","Elissa Cunane",33,2,665,1135,470,13,9,4,0
"2019-20","11449","Maryland","Taylor Mikesell",11,3,737,2400,1663,40,48,-8,0
"2019-20","11449","Maryland","Stephanie Jones",24,2,821,1070,249,3,8,-5,0
"2019-20","11449","NC State","Aislinn Konig",1,2,821,1800,979,26,14,12,0
"2019-20","11449","NC State","Jakia Brown-Turner",11,2,821,1160,339,8,5,3,0
"2019-20","11449","NC State","Kayla Jones",25,2,827,1800,973,26,14,12,0
"2019-20","11449","Maryland","Ashley Owusu",15,3,975,1417,442,7,10,-3,0
"2019-20","11449","Maryland","Faith Masonius",13,2,1070,1200,130,2,0,2,0
"2019-20","11449","NC State","Erika Cassell",24,2,1135,1200,65,0,2,-2,0
"2019-20","11449","NC State","Grace Hunter",23,2,1160,1200,40,0,0,0,0
"2019-20","11449","Maryland","Shakira Austin",1,3,1200,1377,177,2,8,-6,0
"2019-20","11449","NC State","Jakia Brown-Turner",11,3,1200,1751,551,18,7,11,0
"2019-20","11449","NC State","Elissa Cunane",33,3,1200,2006,806,22,17,5,0
"2019-20","11449","Maryland","Stephanie Jones",24,3,1377,1751,374,5,10,-5,0
"2019-20","11449","Maryland","Faith Masonius",13,3,1417,1700,283,5,5,0,0
"2019-20","11449","Maryland","Ashley Owusu",15,4,1700,2400,700,22,23,-1,0
"2019-20","11449","Maryland","Shakira Austin",1,4,1751,2257,506,16,16,0,0
"2019-20","11449","Maryland","Diamond Miller",14,2,1751,2142,391,14,9,5,0
"2019-20","11449","NC State","Grace Hunter",23,3,1751,1986,235,4,10,-6,0
"2019-20","11449","NC State","Kaila Ealey",2,2,1800,1986,186,4,8,-4,0
"2019-20","11449","NC State","Jada Boyd",5,2,1800,2006,206,4,8,-4,0
"2019-20","11449","NC State","Aislinn Konig",1,3,1870,2400,530,20,16,4,0
"2019-20","11449","NC State","Kai Crutchfield",3,3,1986,2400,414,16,12,4,0
"2019-20","11449","NC State","Jakia Brown-Turner",11,4,1986,2400,414,16,12,4,0
"2019-20","11449","NC State","Erika Cassell",24,3,2006,2142,136,5,4,1,0
"2019-20","11449","NC State","Kayla Jones",25,3,2006,2400,394,16,12,4,0
"2019-20","11449","Maryland","Blair Watson",22,3,2142,2400,258,8,11,-3,0
"2019-20","11449","NC State","Elissa Cunane",33,4,2142,2400,258,11,8,3,0
"2019-20","11449","Maryland","Stephanie Jones",24,4,2257,2400,143,6,4,2,0
"2019-20","11450","Loyola Maryland","Laryn Edwards",2,1,0,487,487,7,17,-10,1
"2019-20","11450","Loyola Maryland","Stephanie Karcz",10,1,0,786,786,12,25,-13,1
"2019-20","11450","Loyola Maryland","Alexis Gray",20,1,0,565,565,7,17,-10,1
"2019-20","11450","Loyola Maryland","Delaney Connolly",23,1,0,487,487,7,17,-10,1
"2019-20","11450","Loyola Maryland","Hannah Niles",32,1,0,309,309,5,13,-8,1
"2019-20","11450","Maryland","Shakira Austin",1,1,0,309,309,13,5,8,1
"2019-20","11450","Maryland","Kaila Charles",5,1,0,309,309,13,5,8,1
"2019-20","11450","Maryland","Taylor Mikesell",11,1,0,600,600,20,10,10,1
"2019-20","11450","Maryland","Ashley Owusu",15,1,0,442,442,15,7,8,1
"2019-20","11450","Maryland","Blair Watson",22,1,0,309,309,13,5,8,1
"2019-20","11450","Loyola Maryland","Isabella Therien",13,1,309,565,256,2,4,-2,0
"2019-20","11450","Maryland","Faith Masonius",13,1,309,600,291,7,5,2,0
"2019-20","11450","Maryland","Diamond Miller",14,1,309,715,406,11,7,4,0
"2019-20","11450","Maryland","Stephanie Jones",24,1,309,442,133,2,2,0,0
"2019-20","11450","Maryland","Shakira Austin",1,2,442,565,123,2,0,2,0
"2019-20","11450","Maryland","Blair Watson",22,2,442,893,451,15,5,10,0
"2019-20","11450","Loyola Maryland","Bri Rozzi",22,1,487,1138,651,8,29,-21,0
"2019-20","11450","Loyola Maryland","Ava Therien",35,1,487,844,357,5,13,-8,0
"2019-20","11450","Loyola Maryland","Laryn Edwards",2,2,565,786,221,5,8,-3,0
"2019-20","11450","Loyola Maryland","Emily McAteer",34,1,565,1001,436,5,21,-16,0
"2019-20","11450","Maryland","Kaila Charles",5,2,565,893,328,13,5,8,0
"2019-20","11450","Maryland","Shakira Austin",1,3,600,1477,877,44,10,34,0
"2019-20","11450","Maryland","Ashley Owusu",15,2,600,786,186,5,2,3,0
"2019-20","11450","Maryland","Taylor Mikesell",11,2,715,1700,985,52,15,37,0
"2019-20","11450","Loyola Maryland","Isabella Therien",13,2,786,893,107,0,5,-5,0
"2019-20","11450","Loyola Maryland","Alexis Gray",20,2,786,1700,914,15,51,-36,0
"2019-20","11450","Maryland","Faith Masonius",13,2,786,1200,414,25,5,20,0
"2019-20","11450","Loyola Maryland","Delaney Connolly",23,2,844,1526,682,10,38,-28,0
"2019-20","11450","Loyola Maryland","Stephanie Karcz",10,2,893,2400,1507,33,75,-42,0
"2019-20","11450","Maryland","Stephanie Jones",24,2,893,1200,307,20,5,15,0
"2019-20","11450","Maryland","Sara Vujacic",32,1,893,1200,307,20,5,15,0
"2019-20","11450","Loyola Maryland","Hannah Niles",32,2,1001,1477,476,8,26,-18,0
"2019-20","11450","Loyola Maryland","Laryn Edwards",2,3,1138,1652,514,10,28,-18,0
"2019-20","11450","Maryland","Kaila Charles",5,3,1200,1630,430,23,8,15,0
"2019-20","11450","Maryland","Ashley Owusu",15,3,1200,1477,277,14,3,11,0
"2019-20","11450","Maryland","Blair Watson",22,3,1200,1356,156,8,2,6,0
"2019-20","11450","Maryland","Diamond Miller",14,2,1356,1630,274,15,6,9,0
"2019-20","11450","Loyola Maryland","Isabella Therien",13,3,1477,1933,456,16,21,-5,0
"2019-20","11450","Maryland","Stephanie Jones",24,3,1477,1943,466,21,16,5,0
"2019-20","11450","Maryland","Sara Vujacic",32,2,1477,1800,323,16,11,5,0
"2019-20","11450","Loyola Maryland","Ava Therien",35,2,1526,2400,874,23,37,-14,0
"2019-20","11450","Maryland","Faith Masonius",13,3,1630,2053,423,14,17,-3,0
"2019-20","11450","Maryland","Ashley Owusu",15,4,1630,2053,423,14,17,-3,0
"2019-20","11450","Loyola Maryland","Bri Rozzi",22,2,1652,2400,748,20,31,-11,0
"2019-20","11450","Loyola Maryland","Emily McAteer",34,2,1700,2400,700,18,29,-11,0
"2019-20","11450","Maryland","Shakira Austin",1,4,1700,1882,182,9,7,2,0
"2019-20","11450","Maryland","Diamond Miller",14,3,1800,2053,253,7,11,-4,0
"2019-20","11450","Maryland","Kaila Charles",5,4,1882,2037,155,2,6,-4,0
"2019-20","11450","Loyola Maryland","Laryn Edwards",2,4,1933,2400,467,9,20,-11,0
"2019-20","11450","Maryland","Sara Vujacic",32,3,1943,2053,110,2,6,-4,0
"2019-20","11450","Maryland","Stephanie Jones",24,4,2037,2400,363,18,5,13,0
"2019-20","11450","Maryland","Shakira Austin",1,5,2053,2400,347,18,3,15,0
"2019-20","11450","Maryland","Kaila Charles",5,5,2053,2400,347,18,3,15,0
"2019-20","11450","Maryland","Taylor Mikesell",11,3,2053,2280,227,13,2,11,0
"2019-20","11450","Maryland","Blair Watson",22,4,2053,2126,73,0,2,-2,0
"2019-20","11450","Maryland","Faith Masonius",13,4,2126,2400,274,18,1,17,0
"2019-20","11450","Maryland","Sara Vujacic",32,4,2280,2400,120,5,1,4,0
"2019-20","11451","Georgia St.","Allison Johnson",0,1,0,253,253,2,14,-12,1
"2019-20","11451","Georgia St.","Taylor Hosendove",11,1,0,394,394,3,25,-22,1
"2019-20","11451","Georgia St.","Tehya Lyons",12,1,0,253,253,2,14,-12,1
"2019-20","11451","Georgia St.","Jada Lewis",13,1,0,296,296,2,20,-18,1
"2019-20","11451","Georgia St.","Shaquanda Miller-McCray",30,1,0,308,308,2,20,-18,1
"2019-20","11451","Maryland","Shakira Austin",1,1,0,308,308,20,3,17,1
"2019-20","11451","Maryland","Kaila Charles",5,1,0,253,253,14,2,12,1
"2019-20","11451","Maryland","Taylor Mikesell",11,1,0,296,296,20,2,18,1
"2019-20","11451","Maryland","Ashley Owusu",15,1,0,481,481,25,7,18,1
"2019-20","11451","Maryland","Blair Watson",22,1,0,394,394,25,3,22,1
"2019-20","11451","Georgia St.","Madison Ervin",15,1,253,1200,947,15,43,-28,0
"2019-20","11451","Georgia St.","Taylor Henderson",32,1,253,763,510,11,23,-12,0
"2019-20","11451","Maryland","Stephanie Jones",24,1,253,315,62,6,1,5,0
"2019-20","11451","Georgia St.","Kamryn Dziak",10,1,296,600,304,9,9,0,0
"2019-20","11451","Maryland","Diamond Miller",14,1,296,481,185,5,5,0,0
"2019-20","11451","Georgia St.","Allison Johnson",0,2,308,394,86,1,5,-4,0
"2019-20","11451","Maryland","Faith Masonius",13,1,308,600,292,9,8,1,0
"2019-20","11451","Maryland","Kaila Charles",5,2,315,600,285,9,8,1,0
"2019-20","11451","Georgia St.","Jada Lewis",13,2,394,1690,1296,24,52,-28,0
"2019-20","11451","Georgia St.","Shaquanda Miller-McCray",30,2,394,763,369,10,12,-2,0
"2019-20","11451","Maryland","Sara Vujacic",32,1,394,600,206,4,8,-4,0
"2019-20","11451","Maryland","Shakira Austin",1,2,481,763,282,12,6,6,0
"2019-20","11451","Maryland","Taylor Mikesell",11,2,481,962,481,24,10,14,0
"2019-20","11451","Georgia St.","Allison Johnson",0,3,600,2051,1451,20,66,-46,0
"2019-20","11451","Maryland","Ashley Owusu",15,2,600,667,67,1,0,1,0
"2019-20","11451","Maryland","Blair Watson",22,2,600,1063,463,26,6,20,0
"2019-20","11451","Maryland","Stephanie Jones",24,2,600,824,224,13,4,9,0
"2019-20","11451","Maryland","Diamond Miller",14,2,667,763,96,7,2,5,0
"2019-20","11451","Georgia St.","Taylor Hosendove",11,2,763,991,228,4,14,-10,0
"2019-20","11451","Georgia St.","Tehya Lyons",12,2,763,991,228,4,14,-10,0
"2019-20","11451","Maryland","Kaila Charles",5,3,763,898,135,10,2,8,0
"2019-20","11451","Maryland","Ashley Owusu",15,3,763,1063,300,18,4,14,0
"2019-20","11451","Maryland","Faith Masonius",13,2,824,924,100,5,2,3,0
"2019-20","11451","Maryland","Shakira Austin",1,3,898,1470,572,22,10,12,0
"2019-20","11451","Maryland","Stephanie Jones",24,3,924,1200,276,10,0,10,0
"2019-20","11451","Maryland","Sara Vujacic",32,2,962,1200,238,8,0,8,0
"2019-20","11451","Georgia St.","Shaquanda Miller-McCray",30,3,991,1580,589,8,22,-14,0
"2019-20","11451","Georgia St.","Taylor Henderson",32,2,991,1580,589,8,22,-14,0
"2019-20","11451","Maryland","Taylor Mikesell",11,3,1063,1580,517,18,8,10,0
"2019-20","11451","Maryland","Diamond Miller",14,3,1063,1200,137,2,0,2,0
"2019-20","11451","Georgia St.","Tehya Lyons",12,3,1200,1470,270,8,12,-4,0
"2019-20","11451","Maryland","Kaila Charles",5,4,1200,1580,380,16,8,8,0
"2019-20","11451","Maryland","Ashley Owusu",15,4,1200,1297,97,5,6,-1,0
"2019-20","11451","Maryland","Blair Watson",22,3,1200,1343,143,7,6,1,0
"2019-20","11451","Maryland","Diamond Miller",14,4,1297,1612,315,11,2,9,0
"2019-20","11451","Maryland","Ashley Owusu",15,5,1343,1800,457,20,6,14,0
"2019-20","11451","Georgia St.","Taylor Hosendove",11,3,1470,1690,220,2,8,-6,0
"2019-20","11451","Maryland","Stephanie Jones",24,4,1470,1690,220,8,2,6,0
"2019-20","11451","Georgia St.","Kamryn Dziak",10,2,1580,2139,559,9,28,-19,0
"2019-20","11451","Georgia St.","Madison Ervin",15,2,1580,1727,147,4,5,-1,0
"2019-20","11451","Maryland","Faith Masonius",13,3,1580,2400,820,41,16,25,0
"2019-20","11451","Maryland","Sara Vujacic",32,3,1580,1800,220,11,4,7,0
"2019-20","11451","Maryland","Kaila Charles",5,5,1612,1962,350,17,6,11,0
"2019-20","11451","Georgia St.","Kennedy Powell",2,1,1690,2400,710,14,37,-23,0
"2019-20","11451","Georgia St.","Shaquanda Miller-McCray",30,4,1690,1924,234,4,10,-6,0
"2019-20","11451","Maryland","Shakira Austin",1,4,1690,2051,361,18,4,14,0
"2019-20","11451","Georgia St.","Tehya Lyons",12,4,1727,1962,235,2,12,-10,0
"2019-20","11451","Maryland","Taylor Mikesell",11,4,1800,1943,143,3,2,1,0
"2019-20","11451","Maryland","Blair Watson",22,4,1800,2051,251,11,2,9,0
"2019-20","11451","Georgia St.","Rakeah Williams",33,1,1924,2387,463,10,27,-17,0
"2019-20","11451","Maryland","Stephanie Jones",24,5,1943,2400,457,27,10,17,0
"2019-20","11451","Georgia St.","Moriah Taylor",1,1,1962,2400,438,10,24,-14,0
"2019-20","11451","Maryland","Diamond Miller",14,5,1962,2400,438,24,10,14,0
"2019-20","11451","Georgia St.","Joelle Johnson",4,1,2051,2400,349,10,19,-9,0
"2019-20","11451","Maryland","Ashley Owusu",15,6,2051,2171,120,6,5,1,0
"2019-20","11451","Maryland","Sara Vujacic",32,4,2051,2400,349,19,10,9,0
"2019-20","11451","Georgia St.","Emma Drash",5,1,2139,2400,261,7,13,-6,0
"2019-20","11451","Maryland","Shakira Austin",1,5,2171,2387,216,13,5,8,0
"2019-20","11451","Georgia St.","Kamryn Dziak",10,3,2387,2400,13,0,0,0,0
"2019-20","11451","Maryland","Ashley Owusu",15,7,2387,2400,13,0,0,0,0
"2019-20","11716","Maryland","Shakira Austin",1,1,0,141,141,2,2,0,1
"2019-20","11716","Maryland","Kaila Charles",5,1,0,596,596,17,13,4,1
"2019-20","11716","Maryland","Taylor Mikesell",11,1,0,322,322,5,6,-1,1
"2019-20","11716","Maryland","Ashley Owusu",15,1,0,262,262,5,4,1,1
"2019-20","11716","Maryland","Blair Watson",22,1,0,201,201,4,4,0,1
"2019-20","11716","Michigan","Naz Hillmon",0,1,0,1151,1151,24,28,-4,1
"2019-20","11716","Michigan","Amy Dilk",1,1,0,1800,1800,38,42,-4,1
"2019-20","11716","Michigan","Kayla Robbins",5,1,0,613,613,14,17,-3,1
"2019-20","11716","Michigan","Akienreh Johnson",14,1,0,465,465,10,11,-1,1
"2019-20","11716","Michigan","Hailey Brown",15,1,0,388,388,8,11,-3,1
"2019-20","11716","Maryland","Stephanie Jones",24,1,141,322,181,3,4,-1,0
"2019-20","11716","Maryland","Diamond Miller",14,1,201,613,412,13,10,3,0
"2019-20","11716","Maryland","Blair Watson",22,2,262,388,126,6,4,2,0
"2019-20","11716","Maryland","Faith Masonius",13,1,322,465,143,6,4,2,0
"2019-20","11716","Maryland","Ashley Owusu",15,2,322,465,143,6,4,2,0
"2019-20","11716","Maryland","Taylor Mikesell",11,2,388,1800,1412,31,30,1,0
"2019-20","11716","Michigan","Izabel Varej?o",34,1,388,596,208,5,6,-1,0
"2019-20","11716","Maryland","Shakira Austin",1,2,465,856,391,14,7,7,0
"2019-20","11716","Maryland","Blair Watson",22,3,465,1321,856,19,18,1,0
"2019-20","11716","Michigan","Michelle Sidor",24,1,465,734,269,4,8,-4,0
"2019-20","11716","Maryland","Faith Masonius",13,2,596,613,17,0,1,-1,0
"2019-20","11716","Michigan","Hailey Brown",15,2,596,773,177,1,4,-3,0
"2019-20","11716","Maryland","Ashley Owusu",15,3,613,645,32,0,0,0,0
"2019-20","11716","Maryland","Stephanie Jones",24,2,613,847,234,8,2,6,0
"2019-20","11716","Michigan","Akienreh Johnson",14,2,613,1712,1099,24,25,-1,0
"2019-20","11716","Maryland","Kaila Charles",5,2,645,1032,387,9,6,3,0
"2019-20","11716","Michigan","Danielle Rauch",23,1,734,847,113,2,6,-4,0
"2019-20","11716","Michigan","Emily Kiser",33,1,773,847,74,2,4,-2,0
"2019-20","11716","Maryland","Faith Masonius",13,3,847,977,130,1,3,-2,0
"2019-20","11716","Michigan","Kayla Robbins",5,2,847,1151,304,8,3,5,0
"2019-20","11716","Michigan","Izabel Varej?o",34,2,847,1151,304,8,3,5,0
"2019-20","11716","Maryland","Stephanie Jones",24,3,856,1200,344,5,7,-2,0
"2019-20","11716","Maryland","Diamond Miller",14,2,977,1200,223,4,5,-1,0
"2019-20","11716","Maryland","Faith Masonius",13,4,1032,1200,168,4,4,0,0
"2019-20","11716","Michigan","Priscilla Smeenge",2,1,1151,1200,49,0,2,-2,0
"2019-20","11716","Michigan","Hailey Brown",15,3,1151,1760,609,14,14,0,0
"2019-20","11716","Michigan","Emily Kiser",33,2,1151,1200,49,0,2,-2,0
"2019-20","11716","Maryland","Shakira Austin",1,3,1200,1489,289,4,8,-4,0
"2019-20","11716","Maryland","Kaila Charles",5,3,1200,1542,342,6,10,-4,0
"2019-20","11716","Maryland","Ashley Owusu",15,4,1200,1489,289,4,8,-4,0
"2019-20","11716","Michigan","Naz Hillmon",0,2,1200,1502,302,8,4,4,0
"2019-20","11716","Michigan","Kayla Robbins",5,3,1200,1915,715,16,16,0,0
"2019-20","11716","Maryland","Stephanie Jones",24,4,1321,1662,341,12,6,6,0
"2019-20","11716","Maryland","Diamond Miller",14,3,1489,1800,311,8,6,2,0
"2019-20","11716","Maryland","Blair Watson",22,4,1489,2400,911,36,23,13,0
"2019-20","11716","Michigan","Izabel Varej?o",34,3,1502,1605,103,2,4,-2,0
"2019-20","11716","Maryland","Shakira Austin",1,4,1542,2135,593,20,12,8,0
"2019-20","11716","Michigan","Naz Hillmon",0,3,1605,2400,795,21,32,-11,0
"2019-20","11716","Maryland","Faith Masonius",13,5,1662,1800,138,0,4,-4,0
"2019-20","11716","Michigan","Michelle Sidor",24,2,1712,1832,120,0,0,0,0
"2019-20","11716","Michigan","Emily Kiser",33,3,1760,1980,220,4,5,-1,0
"2019-20","11716","Maryland","Kaila Charles",5,4,1800,2400,600,28,17,11,0
"2019-20","11716","Maryland","Ashley Owusu",15,5,1800,1915,115,4,2,2,0
"2019-20","11716","Maryland","Stephanie Jones",24,5,1800,1958,158,4,4,0,0
"2019-20","11716","Michigan","Danielle Rauch",23,2,1800,1832,32,0,0,0,0
"2019-20","11716","Michigan","Amy Dilk",1,2,1832,2400,568,17,28,-11,0
"2019-20","11716","Michigan","Akienreh Johnson",14,3,1832,2272,440,15,22,-7,0
"2019-20","11716","Maryland","Taylor Mikesell",11,3,1915,2400,485,24,15,9,0
"2019-20","11716","Michigan","Priscilla Smeenge",2,2,1915,2013,98,2,3,-1,0
"2019-20","11716","Maryland","Faith Masonius",13,6,1958,2135,177,10,4,6,0
"2019-20","11716","Michigan","Hailey Brown",15,4,1980,2216,236,8,14,-6,0
"2019-20","11716","Michigan","Kayla Robbins",5,4,2013,2400,387,13,21,-8,0
"2019-20","11716","Maryland","Ashley Owusu",15,6,2135,2400,265,14,9,5,0
"2019-20","11716","Maryland","Stephanie Jones",24,6,2135,2400,265,14,9,5,0
"2019-20","11716","Michigan","Izabel Varej?o",34,4,2216,2400,184,5,9,-4,0
"2019-20","11716","Michigan","Michelle Sidor",24,3,2272,2400,128,2,6,-4,0
"2019-20","11717","Maryland","Kaila Charles",5,1,0,487,487,4,16,-12,1
"2019-20","11717","Maryland","Taylor Mikesell",11,1,0,829,829,14,23,-9,1
"2019-20","11717","Maryland","Ashley Owusu",15,1,0,363,363,4,11,-7,1
"2019-20","11717","Maryland","Blair Watson",22,1,0,262,262,4,7,-3,1
"2019-20","11717","Maryland","Stephanie Jones",24,1,0,173,173,4,7,-3,1
"2019-20","11717","Northwestern","Sydney Wood",3,1,0,487,487,16,4,12,1
"2019-20","11717","Northwestern","Lindsey Pulliam",10,1,0,906,906,24,15,9,1
"2019-20","11717","Northwestern","Veronica Burton",12,1,0,378,378,11,4,7,1
"2019-20","11717","Northwestern","Abbie Wolf",21,1,0,378,378,11,4,7,1
"2019-20","11717","Northwestern","Abi Scheid",44,1,0,829,829,23,15,8,1
"2019-20","11717","Maryland","Shakira Austin",1,1,173,620,447,2,11,-9,0
"2019-20","11717","Maryland","Diamond Miller",14,1,262,363,101,0,4,-4,0
"2019-20","11717","Maryland","Faith Masonius",13,1,363,487,124,0,5,-5,0
"2019-20","11717","Maryland","Blair Watson",22,2,363,945,582,13,15,-2,0
"2019-20","11717","Northwestern","Courtney Shaw",15,1,378,620,242,7,2,5,0
"2019-20","11717","Northwestern","Jordan Hamilton",24,1,378,652,274,7,4,3,0
"2019-20","11717","Maryland","Ashley Owusu",15,2,487,969,482,13,10,3,0
"2019-20","11717","Maryland","Stephanie Jones",24,2,487,829,342,10,7,3,0
"2019-20","11717","Northwestern","Veronica Burton",12,2,487,1901,1414,46,34,12,0
"2019-20","11717","Maryland","Kaila Charles",5,2,620,1374,754,21,25,-4,0
"2019-20","11717","Northwestern","Abbie Wolf",21,2,620,1596,976,35,26,9,0
"2019-20","11717","Northwestern","Sydney Wood",3,2,652,993,341,11,11,0,0
"2019-20","11717","Maryland","Shakira Austin",1,2,829,993,164,5,6,-1,0
"2019-20","11717","Maryland","Diamond Miller",14,2,829,1200,371,9,11,-2,0
"2019-20","11717","Northwestern","Jordan Hamilton",24,2,829,1200,371,11,8,3,0
"2019-20","11717","Northwestern","Abi Scheid",44,2,906,1950,1044,39,28,11,0
"2019-20","11717","Maryland","Taylor Mikesell",11,2,945,1176,231,4,7,-3,0
"2019-20","11717","Maryland","Blair Watson",22,3,969,1176,207,4,7,-3,0
"2019-20","11717","Maryland","Stephanie Jones",24,3,993,1990,997,24,36,-12,0
"2019-20","11717","Northwestern","Lindsey Pulliam",10,2,993,2295,1302,50,36,14,0
"2019-20","11717","Maryland","Faith Masonius",13,2,1176,1200,24,2,1,1,0
"2019-20","11717","Maryland","Ashley Owusu",15,3,1176,1200,24,2,1,1,0
"2019-20","11717","Maryland","Taylor Mikesell",11,3,1200,1200,0,0,0,0,0
"2019-20","11717","Maryland","Taylor Mikesell",11,4,1200,1834,634,13,26,-13,0
"2019-20","11717","Maryland","Diamond Miller",14,3,1200,1374,174,4,9,-5,0
"2019-20","11717","Maryland","Blair Watson",22,4,1200,1630,430,11,21,-10,0
"2019-20","11717","Northwestern","Sydney Wood",3,3,1200,1654,454,21,11,10,0
"2019-20","11717","Maryland","Shakira Austin",1,3,1374,1565,191,5,8,-3,0
"2019-20","11717","Maryland","Kaila Charles",5,3,1565,1928,363,6,11,-5,0
"2019-20","11717","Maryland","Faith Masonius",13,3,1596,1901,305,6,9,-3,0
"2019-20","11717","Northwestern","Courtney Shaw",15,2,1596,1800,204,7,4,3,0
"2019-20","11717","Maryland","Diamond Miller",14,4,1630,1796,166,2,5,-3,0
"2019-20","11717","Northwestern","Jordan Hamilton",24,3,1654,1800,146,5,2,3,0
"2019-20","11717","Maryland","Shakira Austin",1,4,1796,1800,4,0,0,0,0
"2019-20","11717","Maryland","Blair Watson",22,5,1800,2173,373,14,14,0,0
"2019-20","11717","Northwestern","Sydney Wood",3,4,1800,2150,350,14,14,0,0
"2019-20","11717","Northwestern","Abbie Wolf",21,3,1800,2331,531,19,19,0,0
"2019-20","11717","Maryland","Ashley Owusu",15,4,1834,2400,566,22,21,1,0
"2019-20","11717","Maryland","Shakira Austin",1,5,1901,1970,69,5,3,2,0
"2019-20","11717","Northwestern","Jordan Hamilton",24,4,1901,2227,326,15,15,0,0
"2019-20","11717","Maryland","Diamond Miller",14,5,1928,1990,62,5,3,2,0
"2019-20","11717","Northwestern","Veronica Burton",12,3,1950,2318,368,16,12,4,0
"2019-20","11717","Maryland","Kaila Charles",5,4,1970,2173,203,7,9,-2,0
"2019-20","11717","Maryland","Taylor Mikesell",11,5,1990,2400,410,15,16,-1,0
"2019-20","11717","Maryland","Sara Vujacic",32,1,1990,2400,410,15,16,-1,0
"2019-20","11717","Northwestern","Abi Scheid",44,3,2150,2230,80,3,5,-2,0
"2019-20","11717","Maryland","Faith Masonius",13,4,2173,2400,227,8,7,1,0
"2019-20","11717","Maryland","Diamond Miller",14,6,2173,2400,227,8,7,1,0
"2019-20","11717","Northwestern","Sydney Wood",3,5,2227,2400,173,4,5,-1,0
"2019-20","11717","Northwestern","Jordan Hamilton",24,5,2230,2400,170,4,3,1,0
"2019-20","11717","Northwestern","Abi Scheid",44,4,2295,2400,105,2,3,-1,0
"2019-20","11717","Northwestern","Byrdy Galernik",22,1,2318,2400,82,2,3,-1,0
"2019-20","11717","Northwestern","Courtney Shaw",15,3,2331,2400,69,2,3,-1,0
"2019-20","11718","Maryland","Shakira Austin",1,1,0,323,323,10,15,-5,1
"2019-20","11718","Maryland","Kaila Charles",5,1,0,526,526,22,22,0,1
"2019-20","11718","Maryland","Taylor Mikesell",11,1,0,526,526,22,22,0,1
"2019-20","11718","Maryland","Ashley Owusu",15,1,0,323,323,10,15,-5,1
"2019-20","11718","Maryland","Blair Watson",22,1,0,559,559,22,23,-1,1
"2019-20","11718","Ohio St.","Madison Greene",0,1,0,394,394,18,16,2,1
"2019-20","11718","Ohio St.","Jacy Sheldon",4,1,0,394,394,18,16,2,1
"2019-20","11718","Ohio St.","Braxtin Miller",10,1,0,781,781,30,28,2,1
"2019-20","11718","Ohio St.","Dorka Juhasz",14,1,0,323,323,15,10,5,1
"2019-20","11718","Ohio St.","Aaliyah Patty",32,1,0,416,416,18,16,2,1
"2019-20","11718","Maryland","Diamond Miller",14,1,323,713,390,16,12,4,0
"2019-20","11718","Maryland","Stephanie Jones",24,1,323,599,276,14,10,4,0
"2019-20","11718","Ohio St.","Rebeka Mikulasikova",23,1,323,526,203,7,12,-5,0
"2019-20","11718","Ohio St.","Janai Crooms",3,1,394,1200,806,24,19,5,0
"2019-20","11718","Ohio St.","Dorka Juhasz",14,2,394,841,447,12,12,0,0
"2019-20","11718","Ohio St.","Kierstan Bell",24,1,416,664,248,7,10,-3,0
"2019-20","11718","Maryland","Faith Masonius",13,1,526,604,78,2,3,-1,0
"2019-20","11718","Maryland","Ashley Owusu",15,2,526,845,319,6,8,-2,0
"2019-20","11718","Ohio St.","Jacy Sheldon",4,2,526,1157,631,20,11,9,0
"2019-20","11718","Maryland","Taylor Mikesell",11,2,559,2400,1841,50,39,11,0
"2019-20","11718","Maryland","Shakira Austin",1,2,599,781,182,4,5,-1,0
"2019-20","11718","Maryland","Kaila Charles",5,2,604,713,109,2,2,0,0
"2019-20","11718","Ohio St.","Aaliyah Patty",32,2,664,1034,370,13,5,8,0
"2019-20","11718","Maryland","Blair Watson",22,2,713,1401,688,16,20,-4,0
"2019-20","11718","Maryland","Stephanie Jones",24,2,713,1196,483,9,15,-6,0
"2019-20","11718","Maryland","Faith Masonius",13,2,781,988,207,3,8,-5,0
"2019-20","11718","Ohio St.","Madison Greene",0,2,781,845,64,0,0,0,0
"2019-20","11718","Ohio St.","Kaelynn Satterfield",5,1,841,988,147,8,3,5,0
"2019-20","11718","Maryland","Diamond Miller",14,2,845,988,143,3,8,-5,0
"2019-20","11718","Ohio St.","Braxtin Miller",10,2,845,1513,668,19,17,2,0
"2019-20","11718","Maryland","Shakira Austin",1,3,988,1157,169,2,4,-2,0
"2019-20","11718","Maryland","Ashley Owusu",15,3,988,1800,812,22,13,9,0
"2019-20","11718","Ohio St.","Dorka Juhasz",14,3,988,1513,525,11,14,-3,0
"2019-20","11718","Ohio St.","Rebeka Mikulasikova",23,2,1034,1200,166,4,4,0,0
"2019-20","11718","Maryland","Kaila Charles",5,3,1157,1196,39,2,0,2,0
"2019-20","11718","Ohio St.","Kierstan Bell",24,2,1157,1200,43,0,2,-2,0
"2019-20","11718","Maryland","Shakira Austin",1,4,1196,1552,356,12,7,5,0
"2019-20","11718","Maryland","Faith Masonius",13,3,1196,1200,4,0,0,0,0
"2019-20","11718","Maryland","Kaila Charles",5,4,1200,2400,1200,37,20,17,0
"2019-20","11718","Ohio St.","Madison Greene",0,3,1200,1340,140,3,2,1,0
"2019-20","11718","Ohio St.","Jacy Sheldon",4,3,1200,1401,201,5,7,-2,0
"2019-20","11718","Ohio St.","Aaliyah Patty",32,3,1200,1218,18,0,0,0,0
"2019-20","11718","Ohio St.","Rebeka Mikulasikova",23,3,1218,1552,334,7,12,-5,0
"2019-20","11718","Ohio St.","Janai Crooms",3,2,1340,1552,212,4,10,-6,0
"2019-20","11718","Maryland","Diamond Miller",14,3,1401,1513,112,3,2,1,0
"2019-20","11718","Ohio St.","Kierstan Bell",24,3,1401,1552,151,2,5,-3,0
"2019-20","11718","Maryland","Blair Watson",22,3,1513,1692,179,6,0,6,0
"2019-20","11718","Ohio St.","Jacy Sheldon",4,4,1513,2078,565,6,17,-11,0
"2019-20","11718","Ohio St.","Aaliyah Patty",32,4,1513,2002,489,6,14,-8,0
"2019-20","11718","Maryland","Stephanie Jones",24,3,1552,2400,848,25,13,12,0
"2019-20","11718","Ohio St.","Madison Greene",0,4,1552,1692,140,0,4,-4,0
"2019-20","11718","Ohio St.","Braxtin Miller",10,3,1552,1660,108,0,4,-4,0
"2019-20","11718","Ohio St.","Dorka Juhasz",14,4,1552,1987,435,6,12,-6,0
"2019-20","11718","Ohio St.","Janai Crooms",3,3,1660,2400,740,13,21,-8,0
"2019-20","11718","Maryland","Shakira Austin",1,5,1692,2272,580,17,8,9,0
"2019-20","11718","Ohio St.","Braxtin Miller",10,4,1692,2400,708,13,21,-8,0
"2019-20","11718","Maryland","Blair Watson",22,4,1800,2078,278,9,4,5,0
"2019-20","11718","Ohio St.","Rebeka Mikulasikova",23,4,1987,2102,115,0,5,-5,0
"2019-20","11718","Ohio St.","Dorka Juhasz",14,5,2002,2400,398,7,13,-6,0
"2019-20","11718","Maryland","Diamond Miller",14,4,2078,2246,168,6,0,6,0
"2019-20","11718","Ohio St.","Madison Greene",0,5,2078,2400,322,7,10,-3,0
"2019-20","11718","Ohio St.","Kierstan Bell",24,4,2102,2400,298,7,8,-1,0
"2019-20","11718","Maryland","Blair Watson",22,5,2246,2400,154,4,7,-3,0
"2019-20","11718","Maryland","Faith Masonius",13,4,2272,2400,128,4,5,-1,0
"2019-20","11719","Iowa","Makenzie Meyer",3,1,0,444,444,19,12,7,1
"2019-20","11719","Iowa","Alexis Sevillian",5,1,0,270,270,10,6,4,1
"2019-20","11719","Iowa","Kathleen Doyle",22,1,0,780,780,33,24,9,1
"2019-20","11719","Iowa","Monika Czinano",25,1,0,270,270,10,6,4,1
"2019-20","11719","Iowa","Amanda Ollinger",43,1,0,350,350,15,10,5,1
"2019-20","11719","Maryland","Shakira Austin",1,1,0,166,166,4,7,-3,1
"2019-20","11719","Maryland","Kaila Charles",5,1,0,1075,1075,30,38,-8,1
"2019-20","11719","Maryland","Taylor Mikesell",11,1,0,512,512,17,22,-5,1
"2019-20","11719","Maryland","Blair Watson",22,1,0,939,939,27,38,-11,1
"2019-20","11719","Maryland","Stephanie Jones",24,1,0,151,151,4,5,-1,1
"2019-20","11719","Maryland","Ashley Owusu",15,1,151,401,250,8,12,-4,0
"2019-20","11719","Maryland","Faith Masonius",13,1,166,270,104,2,3,-1,0
"2019-20","11719","Iowa","McKenna Warnock",14,1,270,401,131,7,6,1,0
"2019-20","11719","Iowa","Gabbie Marshall",24,1,270,444,174,9,6,3,0
"2019-20","11719","Maryland","Shakira Austin",1,2,270,350,80,4,5,-1,0
"2019-20","11719","Iowa","Monika Czinano",25,2,350,600,250,11,10,1,0
"2019-20","11719","Maryland","Stephanie Jones",24,2,350,379,29,0,0,0,0
"2019-20","11719","Maryland","Shakira Austin",1,3,379,1150,771,20,23,-3,0
"2019-20","11719","Iowa","Amanda Ollinger",43,2,401,1995,1594,35,37,-2,0
"2019-20","11719","Maryland","Diamond Miller",14,1,401,600,199,8,9,-1,0
"2019-20","11719","Iowa","Tomi Taiwo",1,1,444,512,68,3,5,-2,0
"2019-20","11719","Iowa","Alexis Sevillian",5,2,444,694,250,12,12,0,0
"2019-20","11719","Iowa","Makenzie Meyer",3,2,512,1180,668,16,13,3,0
"2019-20","11719","Maryland","Ashley Owusu",15,2,512,1200,688,13,17,-4,0
"2019-20","11719","Iowa","McKenna Warnock",14,2,600,790,190,7,4,3,0
"2019-20","11719","Maryland","Taylor Mikesell",11,2,600,780,180,4,7,-3,0
"2019-20","11719","Iowa","Gabbie Marshall",24,2,694,862,168,7,0,7,0
"2019-20","11719","Iowa","Alexis Sevillian",5,3,780,1075,295,5,6,-1,0
"2019-20","11719","Maryland","Diamond Miller",14,2,780,1075,295,6,5,1,0
"2019-20","11719","Iowa","Kate Martin",20,1,790,871,81,5,0,5,0
"2019-20","11719","Iowa","Kathleen Doyle",22,2,862,1749,887,11,23,-12,0
"2019-20","11719","Iowa","McKenna Warnock",14,3,871,1200,329,1,6,-5,0
"2019-20","11719","Maryland","Sara Vujacic",32,1,939,1180,241,3,0,3,0
"2019-20","11719","Iowa","Gabbie Marshall",24,3,1075,1195,120,1,0,1,0
"2019-20","11719","Maryland","Faith Masonius",13,2,1075,1200,125,0,1,-1,0
"2019-20","11719","Maryland","Blair Watson",22,2,1075,2400,1325,31,28,3,0
"2019-20","11719","Maryland","Diamond Miller",14,3,1150,1180,30,0,0,0,0
"2019-20","11719","Iowa","Tomi Taiwo",1,2,1180,1195,15,1,0,1,0
"2019-20","11719","Maryland","Kaila Charles",5,2,1180,1441,261,12,3,9,0
"2019-20","11719","Maryland","Taylor Mikesell",11,3,1180,1960,780,17,14,3,0
"2019-20","11719","Iowa","Makenzie Meyer",3,3,1195,1722,527,8,17,-9,0
"2019-20","11719","Iowa","Alexis Sevillian",5,4,1195,1368,173,2,5,-3,0
"2019-20","11719","Iowa","Monika Czinano",25,3,1200,1295,95,0,2,-2,0
"2019-20","11719","Maryland","Shakira Austin",1,4,1200,1630,430,14,4,10,0
"2019-20","11719","Maryland","Stephanie Jones",24,3,1200,1669,469,17,6,11,0
"2019-20","11719","Iowa","McKenna Warnock",14,4,1295,1467,172,2,10,-8,0
"2019-20","11719","Iowa","Gabbie Marshall",24,4,1368,1535,167,0,7,-7,0
"2019-20","11719","Maryland","Ashley Owusu",15,3,1441,1535,94,0,0,0,0
"2019-20","11719","Iowa","Monika Czinano",25,4,1467,1740,273,6,5,1,0
"2019-20","11719","Iowa","Alexis Sevillian",5,5,1535,1800,265,8,5,3,0
"2019-20","11719","Maryland","Kaila Charles",5,3,1535,1924,389,5,11,-6,0
"2019-20","11719","Maryland","Diamond Miller",14,4,1630,1960,330,3,9,-6,0
"2019-20","11719","Maryland","Shakira Austin",1,5,1669,1749,80,0,2,-2,0
"2019-20","11719","Iowa","Tomi Taiwo",1,3,1722,1749,27,2,0,2,0
"2019-20","11719","Iowa","McKenna Warnock",14,5,1740,2400,660,19,14,5,0
"2019-20","11719","Iowa","Makenzie Meyer",3,4,1749,2400,651,17,14,3,0
"2019-20","11719","Iowa","Gabbie Marshall",24,5,1749,1960,211,3,0,3,0
"2019-20","11719","Maryland","Stephanie Jones",24,4,1749,2400,651,14,19,-5,0
"2019-20","11719","Iowa","Kathleen Doyle",22,3,1800,2400,600,17,14,3,0
"2019-20","11719","Maryland","Shakira Austin",1,6,1924,2389,465,11,11,0,0
"2019-20","11719","Iowa","Alexis Sevillian",5,6,1960,2400,440,14,14,0,0
"2019-20","11719","Maryland","Kaila Charles",5,4,1960,2380,420,9,11,-2,0
"2019-20","11719","Maryland","Ashley Owusu",15,4,1960,2047,87,2,0,2,0
"2019-20","11719","Iowa","Monika Czinano",25,5,1995,2031,36,0,0,0,0
"2019-20","11719","Iowa","Amanda Ollinger",43,3,2031,2400,369,14,12,2,0
"2019-20","11719","Maryland","Taylor Mikesell",11,4,2047,2400,353,12,14,-2,0
"2019-20","11719","Maryland","Faith Masonius",13,3,2380,2400,20,5,3,2,0
"2019-20","11719","Maryland","Kaila Charles",5,5,2389,2400,11,3,3,0,0
"2019-20","11720","Maryland","Shakira Austin",1,1,0,44,44,0,2,-2,1
"2019-20","11720","Maryland","Kaila Charles",5,1,0,255,255,6,4,2,1
"2019-20","11720","Maryland","Taylor Mikesell",11,1,0,206,206,6,4,2,1
"2019-20","11720","Maryland","Blair Watson",22,1,0,380,380,12,4,8,1
"2019-20","11720","Maryland","Stephanie Jones",24,1,0,348,348,10,4,6,1
"2019-20","11720","Michigan","Naz Hillmon",0,1,0,720,720,14,24,-10,1
"2019-20","11720","Michigan","Amy Dilk",1,1,0,787,787,14,25,-11,1
"2019-20","11720","Michigan","Kayla Robbins",5,1,0,422,422,6,15,-9,1
"2019-20","11720","Michigan","Akienreh Johnson",14,1,0,422,422,6,15,-9,1
"2019-20","11720","Michigan","Hailey Brown",15,1,0,348,348,4,10,-6,1
"2019-20","11720","Maryland","Ashley Owusu",15,1,44,348,304,10,2,8,0
"2019-20","11720","Maryland","Diamond Miller",14,1,206,600,394,15,8,7,0
"2019-20","11720","Maryland","Faith Masonius",13,1,255,422,167,9,2,7,0
"2019-20","11720","Maryland","Shakira Austin",1,2,348,480,132,7,6,1,0
"2019-20","11720","Maryland","Taylor Mikesell",11,2,348,750,402,14,10,4,0
"2019-20","11720","Michigan","Izabel Varej?o",34,1,348,600,252,8,11,-3,0
"2019-20","11720","Maryland","Ashley Owusu",15,2,380,835,455,15,10,5,0
"2019-20","11720","Maryland","Stephanie Jones",24,2,422,835,413,12,8,4,0
"2019-20","11720","Michigan","Maddie Nolan",3,1,422,600,178,6,6,0,0
"2019-20","11720","Michigan","Danielle Rauch",23,1,422,600,178,6,6,0,0
"2019-20","11720","Maryland","Kaila Charles",5,2,480,965,485,15,9,6,0
"2019-20","11720","Maryland","Blair Watson",22,2,600,1021,421,16,7,9,0
"2019-20","11720","Michigan","Kayla Robbins",5,2,600,835,235,2,6,-4,0
"2019-20","11720","Michigan","Akienreh Johnson",14,2,600,1046,446,7,16,-9,0
"2019-20","11720","Michigan","Hailey Brown",15,2,600,1021,421,7,16,-9,0
"2019-20","11720","Michigan","Emily Kiser",33,1,720,787,67,0,1,-1,0
"2019-20","11720","Maryland","Diamond Miller",14,2,750,965,215,8,5,3,0
"2019-20","11720","Michigan","Naz Hillmon",0,2,787,1799,1012,22,30,-8,0
"2019-20","11720","Michigan","Danielle Rauch",23,2,787,882,95,0,5,-5,0
"2019-20","11720","Maryland","Taylor Mikesell",11,3,835,1529,694,18,13,5,0
"2019-20","11720","Maryland","Faith Masonius",13,2,835,1200,365,10,7,3,0
"2019-20","11720","Michigan","Michelle Sidor",24,1,835,1021,186,5,10,-5,0
"2019-20","11720","Michigan","Amy Dilk",1,2,882,1799,917,22,25,-3,0
"2019-20","11720","Maryland","Ashley Owusu",15,3,965,1200,235,5,2,3,0
"2019-20","11720","Maryland","Stephanie Jones",24,3,965,1800,835,23,17,6,0
"2019-20","11720","Maryland","Diamond Miller",14,3,1021,1200,179,0,2,-2,0
"2019-20","11720","Michigan","Priscilla Smeenge",2,1,1021,1200,179,2,0,2,0
"2019-20","11720","Michigan","Izabel Varej?o",34,2,1021,1200,179,2,0,2,0
"2019-20","11720","Michigan","Kayla Robbins",5,3,1046,1668,622,15,13,2,0
"2019-20","11720","Maryland","Shakira Austin",1,3,1200,1281,81,0,0,0,0
"2019-20","11720","Maryland","Kaila Charles",5,3,1200,1529,329,8,6,2,0
"2019-20","11720","Maryland","Blair Watson",22,3,1200,1426,226,5,4,1,0
"2019-20","11720","Michigan","Akienreh Johnson",14,3,1200,2150,950,28,28,0,0
"2019-20","11720","Michigan","Hailey Brown",15,3,1200,1615,415,10,10,0,0
"2019-20","11720","Maryland","Ashley Owusu",15,4,1281,2400,1119,40,28,12,0
"2019-20","11720","Maryland","Diamond Miller",14,4,1426,1824,398,13,11,2,0
"2019-20","11720","Maryland","Faith Masonius",13,3,1529,1800,271,10,9,1,0
"2019-20","11720","Maryland","Blair Watson",22,4,1529,2030,501,20,14,6,0
"2019-20","11720","Michigan","Izabel Varej?o",34,3,1615,1933,318,9,11,-2,0
"2019-20","11720","Michigan","Maddie Nolan",3,2,1668,1933,265,6,8,-2,0
"2019-20","11720","Michigan","Danielle Rauch",23,3,1799,1933,134,4,3,1,0
"2019-20","11720","Michigan","Emily Kiser",33,2,1799,1933,134,4,3,1,0
"2019-20","11720","Maryland","Shakira Austin",1,4,1800,2076,276,10,8,2,0
"2019-20","11720","Maryland","Kaila Charles",5,4,1800,2030,230,10,5,5,0
"2019-20","11720","Maryland","Taylor Mikesell",11,4,1824,1958,134,6,4,2,0
"2019-20","11720","Michigan","Naz Hillmon",0,3,1933,2400,467,9,19,-10,0
"2019-20","11720","Michigan","Amy Dilk",1,3,1933,2303,370,9,14,-5,0
"2019-20","11720","Michigan","Kayla Robbins",5,4,1933,1992,59,1,7,-6,0
"2019-20","11720","Michigan","Hailey Brown",15,4,1933,2270,337,9,14,-5,0
"2019-20","11720","Maryland","Stephanie Jones",24,4,1958,2233,275,7,9,-2,0
"2019-20","11720","Michigan","Michelle Sidor",24,2,1992,2400,408,8,12,-4,0
"2019-20","11720","Maryland","Faith Masonius",13,4,2030,2108,78,0,5,-5,0
"2019-20","11720","Maryland","Diamond Miller",14,5,2030,2085,55,0,3,-3,0
"2019-20","11720","Maryland","Taylor Mikesell",11,5,2076,2270,194,5,5,0,0
"2019-20","11720","Maryland","Blair Watson",22,5,2085,2224,139,3,5,-2,0
"2019-20","11720","Maryland","Kaila Charles",5,5,2108,2400,292,12,3,9,0
"2019-20","11720","Michigan","Kayla Robbins",5,5,2150,2400,250,0,12,-12,0
"2019-20","11720","Maryland","Sara Vujacic",32,1,2224,2400,176,9,0,9,0
"2019-20","11720","Maryland","Faith Masonius",13,5,2233,2400,167,9,0,9,0
"2019-20","11720","Maryland","Diamond Miller",14,6,2270,2400,130,7,0,7,0
"2019-20","11720","Michigan","Izabel Varej?o",34,4,2270,2400,130,0,5,-5,0
"2019-20","11720","Michigan","Danielle Rauch",23,4,2303,2400,97,0,5,-5,0
"2019-20","11721","Maryland","Shakira Austin",1,1,0,504,504,19,14,5,1
"2019-20","11721","Maryland","Kaila Charles",5,1,0,608,608,26,17,9,1
"2019-20","11721","Maryland","Taylor Mikesell",11,1,0,290,290,6,10,-4,1
"2019-20","11721","Maryland","Blair Watson",22,1,0,423,423,14,14,0,1
"2019-20","11721","Maryland","Stephanie Jones",24,1,0,290,290,6,10,-4,1
"2019-20","11721","Nebraska","Hannah Whitish",3,1,0,290,290,10,6,4,1
"2019-20","11721","Nebraska","Sam Haiby",4,1,0,423,423,14,14,0,1
"2019-20","11721","Nebraska","Nicea Eliely",5,1,0,290,290,10,6,4,1
"2019-20","11721","Nebraska","Ashtyn Veerbeek",13,1,0,290,290,10,6,4,1
"2019-20","11721","Nebraska","Kate Cain",31,1,0,456,456,14,16,-2,1
"2019-20","11721","Maryland","Diamond Miller",14,1,290,608,318,20,7,13,0
"2019-20","11721","Maryland","Ashley Owusu",15,1,290,1200,910,37,24,13,0
"2019-20","11721","Nebraska","Nicea Eliely",5,2,290,423,133,4,8,-4,0
"2019-20","11721","Nebraska","Leigha Brown",32,1,290,690,400,9,20,-11,0
"2019-20","11721","Nebraska","Isabelle Bourne",34,1,290,456,166,4,10,-6,0
"2019-20","11721","Maryland","Taylor Mikesell",11,2,423,643,220,12,3,9,0
"2019-20","11721","Nebraska","Trinity Brady",2,1,423,550,127,0,10,-10,0
"2019-20","11721","Nebraska","Hannah Whitish",3,2,423,550,127,0,10,-10,0
"2019-20","11721","Nebraska","Ashtyn Veerbeek",13,2,456,720,264,5,14,-9,0
"2019-20","11721","Nebraska","Kayla Mershon",44,1,456,608,152,3,10,-7,0
"2019-20","11721","Maryland","Stephanie Jones",24,2,504,690,186,7,5,2,0
"2019-20","11721","Nebraska","Sam Haiby",4,2,550,804,254,11,8,3,0
"2019-20","11721","Nebraska","Nicea Eliely",5,3,550,921,371,15,12,3,0
"2019-20","11721","Maryland","Shakira Austin",1,2,608,804,196,6,8,-2,0
"2019-20","11721","Maryland","Blair Watson",22,2,608,848,240,8,8,0,0
"2019-20","11721","Nebraska","Kate Cain",31,2,608,1492,884,24,25,-1,0
"2019-20","11721","Maryland","Diamond Miller",14,2,643,804,161,6,8,-2,0
"2019-20","11721","Maryland","Kaila Charles",5,2,690,2318,1628,55,50,5,0
"2019-20","11721","Nebraska","Hannah Whitish",3,3,690,932,242,10,10,0,0
"2019-20","11721","Nebraska","Isabelle Bourne",34,2,720,848,128,8,4,4,0
"2019-20","11721","Maryland","Taylor Mikesell",11,3,804,1492,688,19,16,3,0
"2019-20","11721","Maryland","Stephanie Jones",24,3,804,983,179,7,4,3,0
"2019-20","11721","Nebraska","Leigha Brown",32,2,804,1034,230,7,9,-2,0
"2019-20","11721","Maryland","Diamond Miller",14,3,848,1200,352,9,9,0,0
"2019-20","11721","Nebraska","Ashtyn Veerbeek",13,3,848,1307,459,10,15,-5,0
"2019-20","11721","Nebraska","Sam Haiby",4,3,921,1492,571,12,15,-3,0
"2019-20","11721","Nebraska","Trinity Brady",2,2,932,1034,102,3,5,-2,0
"2019-20","11721","Maryland","Shakira Austin",1,3,983,1058,75,2,3,-1,0
"2019-20","11721","Nebraska","Nicea Eliely",5,4,1034,1812,778,23,20,3,0
"2019-20","11721","Nebraska","Kristian Hudson",11,1,1034,1200,166,2,2,0,0
"2019-20","11721","Maryland","Stephanie Jones",24,4,1058,1492,434,10,9,1,0
"2019-20","11721","Maryland","Shakira Austin",1,4,1200,1492,292,8,7,1,0
"2019-20","11721","Maryland","Blair Watson",22,3,1200,1617,417,12,13,-1,0
"2019-20","11721","Nebraska","Hannah Whitish",3,4,1200,1549,349,13,12,1,0
"2019-20","11721","Nebraska","Isabelle Bourne",34,3,1307,1617,310,10,6,4,0
"2019-20","11721","Maryland","Faith Masonius",13,1,1492,1680,188,6,7,-1,0
"2019-20","11721","Maryland","Diamond Miller",14,4,1492,1812,320,10,14,-4,0
"2019-20","11721","Maryland","Ashley Owusu",15,2,1492,2111,619,21,19,2,0
"2019-20","11721","Nebraska","Leigha Brown",32,3,1492,2111,619,19,21,-2,0
"2019-20","11721","Nebraska","Kayla Mershon",44,2,1492,1581,89,6,4,2,0
"2019-20","11721","Nebraska","Sam Haiby",4,4,1549,1936,387,8,10,-2,0
"2019-20","11721","Nebraska","Kate Cain",31,3,1581,2111,530,13,17,-4,0
"2019-20","11721","Maryland","Stephanie Jones",24,5,1617,2400,783,32,22,10,0
"2019-20","11721","Nebraska","Ashtyn Veerbeek",13,4,1617,1812,195,8,6,2,0
"2019-20","11721","Maryland","Shakira Austin",1,5,1680,2111,431,15,12,3,0
"2019-20","11721","Maryland","Blair Watson",22,4,1812,2318,506,20,14,6,0
"2019-20","11721","Nebraska","Hannah Whitish",3,5,1812,2400,588,14,26,-12,0
"2019-20","11721","Nebraska","Isabelle Bourne",34,4,1812,2318,506,14,20,-6,0
"2019-20","11721","Nebraska","Nicea Eliely",5,5,1936,2400,464,14,22,-8,0
"2019-20","11721","Maryland","Taylor Mikesell",11,4,2111,2400,289,15,9,6,0
"2019-20","11721","Maryland","Diamond Miller",14,5,2111,2400,289,15,9,6,0
"2019-20","11721","Nebraska","Sam Haiby",4,5,2111,2181,70,2,5,-3,0
"2019-20","11721","Nebraska","Ashtyn Veerbeek",13,5,2111,2213,102,5,5,0,0
"2019-20","11721","Nebraska","Leigha Brown",32,4,2181,2400,219,7,10,-3,0
"2019-20","11721","Nebraska","Sam Haiby",4,6,2213,2400,187,4,10,-6,0
"2019-20","11721","Maryland","Faith Masonius",13,2,2318,2400,82,6,0,6,0
"2019-20","11721","Maryland","Sara Vujacic",32,1,2318,2400,82,6,0,6,0
"2019-20","11721","Nebraska","Kate Cain",31,4,2318,2400,82,0,6,-6,0
"2019-20","11722","Indiana","Aleksa Gulbe",10,1,0,316,316,6,10,-4,1
"2019-20","11722","Indiana","Jaelynn Penn",13,1,0,316,316,6,10,-4,1
"2019-20","11722","Indiana","Ali Patberg",14,1,0,524,524,13,14,-1,1
"2019-20","11722","Indiana","Grace Berger",34,1,0,377,377,8,12,-4,1
"2019-20","11722","Indiana","Brenna Wise",50,1,0,133,133,0,8,-8,1
"2019-20","11722","Maryland","Shakira Austin",1,1,0,377,377,12,8,4,1
"2019-20","11722","Maryland","Kaila Charles",5,1,0,1056,1056,34,21,13,1
"2019-20","11722","Maryland","Taylor Mikesell",11,1,0,600,600,16,15,1,1
"2019-20","11722","Maryland","Blair Watson",22,1,0,431,431,14,9,5,1
"2019-20","11722","Maryland","Stephanie Jones",24,1,0,316,316,10,6,4,1
"2019-20","11722","Indiana","Mackenzie Holmes",54,1,133,524,391,13,6,7,0
"2019-20","11722","Indiana","Bendu Yeaney",1,1,316,524,208,7,4,3,0
"2019-20","11722","Indiana","Jorie Allen",33,1,316,600,284,9,6,3,0
"2019-20","11722","Maryland","Ashley Owusu",15,1,316,377,61,2,2,0,0
"2019-20","11722","Indiana","Jaelynn Penn",13,2,377,561,184,5,2,3,0
"2019-20","11722","Maryland","Diamond Miller",14,1,377,600,223,4,7,-3,0
"2019-20","11722","Maryland","Stephanie Jones",24,2,377,880,503,19,13,6,0
"2019-20","11722","Maryland","Shakira Austin",1,2,431,561,130,0,4,-4,0
"2019-20","11722","Indiana","Aleksa Gulbe",10,2,524,716,192,5,6,-1,0
"2019-20","11722","Indiana","Chanel Wilson",11,1,524,600,76,2,2,0,0
"2019-20","11722","Indiana","Grace Berger",34,2,524,849,325,7,17,-10,0
"2019-20","11722","Indiana","Keyanna Warthen",2,1,561,600,39,2,2,0,0
"2019-20","11722","Maryland","Faith Masonius",13,1,561,646,85,2,4,-2,0
"2019-20","11722","Indiana","Jaelynn Penn",13,3,600,973,373,6,18,-12,0
"2019-20","11722","Indiana","Ali Patberg",14,2,600,646,46,3,0,3,0
"2019-20","11722","Indiana","Brenna Wise",50,2,600,849,249,5,15,-10,0
"2019-20","11722","Maryland","Ashley Owusu",15,2,600,973,373,18,6,12,0
"2019-20","11722","Maryland","Blair Watson",22,2,600,1684,1084,34,18,16,0
"2019-20","11722","Indiana","Chanel Wilson",11,2,646,849,203,2,15,-13,0
"2019-20","11722","Maryland","Taylor Mikesell",11,2,646,1449,803,24,13,11,0
"2019-20","11722","Indiana","Mackenzie Holmes",54,2,716,849,133,2,11,-9,0
"2019-20","11722","Indiana","Bendu Yeaney",1,2,849,1107,258,1,3,-2,0
"2019-20","11722","Indiana","Aleksa Gulbe",10,3,849,1505,656,11,13,-2,0
"2019-20","11722","Indiana","Ali Patberg",14,3,849,2400,1551,42,45,-3,0
"2019-20","11722","Indiana","Jorie Allen",33,2,849,973,124,1,3,-2,0
"2019-20","11722","Maryland","Shakira Austin",1,3,880,1160,280,3,0,3,0
"2019-20","11722","Indiana","Grace Berger",34,3,973,1129,156,0,0,0,0
"2019-20","11722","Indiana","Mackenzie Holmes",54,3,973,1039,66,0,0,0,0
"2019-20","11722","Maryland","Diamond Miller",14,2,973,1160,187,0,0,0,0
"2019-20","11722","Indiana","Jorie Allen",33,3,1039,1200,161,0,0,0,0
"2019-20","11722","Maryland","Stephanie Jones",24,3,1056,1449,393,6,9,-3,0
"2019-20","11722","Indiana","Jaelynn Penn",13,4,1107,1684,577,12,16,-4,0
"2019-20","11722","Indiana","Keyanna Warthen",2,2,1129,1200,71,0,0,0,0
"2019-20","11722","Maryland","Kaila Charles",5,2,1160,1731,571,19,12,7,0
"2019-20","11722","Maryland","Ashley Owusu",15,3,1160,1200,40,0,0,0,0
"2019-20","11722","Indiana","Grace Berger",34,4,1200,2400,1200,41,42,-1,0
"2019-20","11722","Indiana","Brenna Wise",50,3,1200,1364,164,5,4,1,0
"2019-20","11722","Maryland","Shakira Austin",1,4,1200,1684,484,16,12,4,0
"2019-20","11722","Indiana","Mackenzie Holmes",54,4,1364,1684,320,7,12,-5,0
"2019-20","11722","Maryland","Diamond Miller",14,3,1449,1869,420,19,11,8,0
"2019-20","11722","Maryland","Ashley Owusu",15,4,1449,1869,420,19,11,8,0
"2019-20","11722","Indiana","Jorie Allen",33,4,1505,1800,295,6,13,-7,0
"2019-20","11722","Indiana","Keyanna Warthen",2,3,1684,1800,116,4,7,-3,0
"2019-20","11722","Indiana","Aleksa Gulbe",10,4,1684,2126,442,16,19,-3,0
"2019-20","11722","Maryland","Taylor Mikesell",11,3,1684,2293,609,26,21,5,0
"2019-20","11722","Maryland","Stephanie Jones",24,4,1684,2293,609,26,21,5,0
"2019-20","11722","Maryland","Faith Masonius",13,2,1731,1869,138,6,8,-2,0
"2019-20","11722","Indiana","Jaelynn Penn",13,5,1800,1995,195,4,6,-2,0
"2019-20","11722","Indiana","Mackenzie Holmes",54,5,1800,1995,195,4,6,-2,0
"2019-20","11722","Maryland","Shakira Austin",1,5,1869,2400,531,17,21,-4,0
"2019-20","11722","Maryland","Kaila Charles",5,3,1869,2293,424,17,13,4,0
"2019-20","11722","Maryland","Blair Watson",22,3,1869,2069,200,6,4,2,0
"2019-20","11722","Indiana","Bendu Yeaney",1,3,1995,2400,405,21,13,8,0
"2019-20","11722","Indiana","Brenna Wise",50,4,1995,2293,298,13,13,0,0
"2019-20","11722","Maryland","Sara Vujacic",32,1,2069,2126,57,4,4,0,0
"2019-20","11722","Indiana","Mackenzie Holmes",54,6,2126,2184,58,3,2,1,0
"2019-20","11722","Maryland","Blair Watson",22,4,2126,2293,167,7,5,2,0
"2019-20","11722","Indiana","Aleksa Gulbe",10,5,2184,2400,216,10,5,5,0
"2019-20","11722","Indiana","Jorie Allen",33,5,2293,2400,107,8,0,8,0
"2019-20","11722","Maryland","Faith Masonius",13,3,2293,2400,107,0,8,-8,0
"2019-20","11722","Maryland","Diamond Miller",14,4,2293,2400,107,0,8,-8,0
"2019-20","11722","Maryland","Ashley Owusu",15,5,2293,2400,107,0,8,-8,0
"2019-20","11722","Maryland","Sara Vujacic",32,2,2293,2400,107,0,8,-8,0
"2019-20","11723","Illinois","J-Naya Ephraim",0,1,0,65,65,0,6,-6,1
"2019-20","11723","Illinois","Brandi Beasley",1,1,0,674,674,16,24,-8,1
"2019-20","11723","Illinois","Petra Holes?nsk?",13,1,0,255,255,2,10,-8,1
"2019-20","11723","Illinois","Mackenzie Blazek",23,1,0,255,255,2,10,-8,1
"2019-20","11723","Illinois","Ali Andrews",50,1,0,1125,1125,27,36,-9,1
"2019-20","11723","Maryland","Shakira Austin",1,1,0,410,410,13,7,6,1
"2019-20","11723","Maryland","Kaila Charles",5,1,0,318,318,10,2,8,1
"2019-20","11723","Maryland","Taylor Mikesell",11,1,0,707,707,25,16,9,1
"2019-20","11723","Maryland","Blair Watson",22,1,0,806,806,26,18,8,1
"2019-20","11723","Maryland","Stephanie Jones",24,1,0,286,286,10,2,8,1
"2019-20","11723","Illinois","Jeanae Terry",10,1,65,564,499,11,16,-5,0
"2019-20","11723","Illinois","Jada Peebles",11,1,255,806,551,16,16,0,0
"2019-20","11723","Illinois","Courtney Joens",30,1,255,410,155,5,3,2,0
"2019-20","11723","Maryland","Diamond Miller",14,1,286,318,32,0,0,0,0
"2019-20","11723","Maryland","Faith Masonius",13,1,318,434,116,3,7,-4,0
"2019-20","11723","Maryland","Ashley Owusu",15,1,318,1125,807,26,25,1,0
"2019-20","11723","Illinois","Nancy Panagiotopoulou",21,1,410,674,264,9,11,-2,0
"2019-20","11723","Maryland","Stephanie Jones",24,2,410,503,93,5,2,3,0
"2019-20","11723","Maryland","Kaila Charles",5,2,434,806,372,13,9,4,0
"2019-20","11723","Maryland","Shakira Austin",1,2,503,674,171,6,7,-1,0
"2019-20","11723","Illinois","J-Naya Ephraim",0,2,564,734,170,5,4,1,0
"2019-20","11723","Illinois","Jeanae Terry",10,2,674,884,210,4,2,2,0
"2019-20","11723","Illinois","Courtney Joens",30,2,674,1125,451,11,12,-1,0
"2019-20","11723","Maryland","Stephanie Jones",24,3,674,757,83,2,2,0,0
"2019-20","11723","Maryland","Diamond Miller",14,2,707,873,166,1,4,-3,0
"2019-20","11723","Illinois","Petra Holes?nsk?",13,2,734,1467,733,20,22,-2,0
"2019-20","11723","Maryland","Shakira Austin",1,3,757,873,116,0,2,-2,0
"2019-20","11723","Illinois","Cierra Rice",5,1,806,1125,319,9,10,-1,0
"2019-20","11723","Maryland","Faith Masonius",13,2,806,1200,394,14,9,5,0
"2019-20","11723","Maryland","Sara Vujacic",32,1,806,1200,394,14,9,5,0
"2019-20","11723","Maryland","Kaila Charles",5,3,873,1948,1075,37,29,8,0
"2019-20","11723","Maryland","Taylor Mikesell",11,2,873,1317,444,18,12,6,0
"2019-20","11723","Illinois","Brandi Beasley",1,2,884,1537,653,17,24,-7,0
"2019-20","11723","Illinois","Jeanae Terry",10,3,1125,1580,455,10,17,-7,0
"2019-20","11723","Illinois","Jada Peebles",11,2,1125,1200,75,0,4,-4,0
"2019-20","11723","Illinois","Nancy Panagiotopoulou",21,2,1125,1200,75,0,4,-4,0
"2019-20","11723","Maryland","Blair Watson",22,2,1125,1231,106,4,2,2,0
"2019-20","11723","Illinois","Mackenzie Blazek",23,2,1200,1657,457,10,15,-5,0
"2019-20","11723","Illinois","Ali Andrews",50,2,1200,1367,167,8,4,4,0
"2019-20","11723","Maryland","Shakira Austin",1,4,1200,1467,267,8,9,-1,0
"2019-20","11723","Maryland","Stephanie Jones",24,4,1200,1387,187,5,9,-4,0
"2019-20","11723","Maryland","Diamond Miller",14,3,1231,1764,533,17,16,1,0
"2019-20","11723","Maryland","Ashley Owusu",15,2,1317,1467,150,4,4,0,0
"2019-20","11723","Illinois","Courtney Joens",30,3,1367,1537,170,2,6,-4,0
"2019-20","11723","Maryland","Blair Watson",22,3,1387,2268,881,32,20,12,0
"2019-20","11723","Illinois","Jada Peebles",11,3,1467,1593,126,1,5,-4,0
"2019-20","11723","Maryland","Taylor Mikesell",11,3,1467,1764,297,9,9,0,0
"2019-20","11723","Maryland","Faith Masonius",13,3,1467,1694,227,7,4,3,0
"2019-20","11723","Illinois","Cierra Rice",5,2,1537,1607,70,0,5,-5,0
"2019-20","11723","Illinois","Ali Andrews",50,3,1537,2057,520,12,19,-7,0
"2019-20","11723","Illinois","Brandi Beasley",1,3,1580,2400,820,23,26,-3,0
"2019-20","11723","Illinois","Petra Holes?nsk?",13,3,1593,1607,14,0,2,-2,0
"2019-20","11723","Illinois","Jeanae Terry",10,4,1607,2400,793,23,24,-1,0
"2019-20","11723","Illinois","Jada Peebles",11,4,1607,1948,341,12,8,4,0
"2019-20","11723","Illinois","Nancy Panagiotopoulou",21,3,1657,1800,143,9,5,4,0
"2019-20","11723","Maryland","Stephanie Jones",24,5,1694,2013,319,12,9,3,0
"2019-20","11723","Maryland","Ashley Owusu",15,3,1764,1768,4,0,0,0,0
"2019-20","11723","Maryland","Sara Vujacic",32,2,1764,2400,636,22,15,7,0
"2019-20","11723","Maryland","Taylor Mikesell",11,4,1768,2268,500,20,11,9,0
"2019-20","11723","Illinois","Mackenzie Blazek",23,3,1800,1948,148,3,3,0,0
"2019-20","11723","Illinois","J-Naya Ephraim",0,3,1948,2115,167,1,6,-5,0
"2019-20","11723","Illinois","Petra Holes?nsk?",13,4,1948,2400,452,11,16,-5,0
"2019-20","11723","Maryland","Shakira Austin",1,5,1948,2145,197,6,1,5,0
"2019-20","11723","Maryland","Faith Masonius",13,4,2013,2094,81,2,1,1,0
"2019-20","11723","Illinois","Mackenzie Blazek",23,4,2057,2115,58,1,0,1,0
"2019-20","11723","Maryland","Kaila Charles",5,4,2094,2319,225,10,8,2,0
"2019-20","11723","Illinois","Courtney Joens",30,4,2115,2400,285,10,10,0,0
"2019-20","11723","Illinois","Ali Andrews",50,4,2115,2195,80,2,3,-1,0
"2019-20","11723","Maryland","Stephanie Jones",24,6,2145,2268,123,8,6,2,0
"2019-20","11723","Illinois","Nancy Panagiotopoulou",21,4,2195,2400,205,8,7,1,0
"2019-20","11723","Maryland","Faith Masonius",13,5,2268,2400,132,2,4,-2,0
"2019-20","11723","Maryland","Diamond Miller",14,4,2268,2400,132,2,4,-2,0
"2019-20","11723","Maryland","Ashley Owusu",15,4,2268,2400,132,2,4,-2,0
"2019-20","11723","Maryland","Shakira Austin",1,6,2319,2400,81,0,2,-2,0
"2019-20","11724","Maryland","Shakira Austin",1,1,0,220,220,7,4,3,1
"2019-20","11724","Maryland","Kaila Charles",5,1,0,353,353,13,7,6,1
"2019-20","11724","Maryland","Taylor Mikesell",11,1,0,1457,1457,36,36,0,1
"2019-20","11724","Maryland","Blair Watson",22,1,0,750,750,17,16,1,1
"2019-20","11724","Maryland","Stephanie Jones",24,1,0,483,483,15,10,5,1
"2019-20","11724","Northwestern","Sydney Wood",3,1,0,255,255,4,7,-3,1
"2019-20","11724","Northwestern","Lindsey Pulliam",10,1,0,2400,2400,61,70,-9,1
"2019-20","11724","Northwestern","Veronica Burton",12,1,0,865,865,20,19,1,1
"2019-20","11724","Northwestern","Abbie Wolf",21,1,0,750,750,16,17,-1,1
"2019-20","11724","Northwestern","Abi Scheid",44,1,0,517,517,11,15,-4,1
"2019-20","11724","Maryland","Ashley Owusu",15,1,220,420,200,8,5,3,0
"2019-20","11724","Northwestern","Jordan Hamilton",24,1,255,600,345,7,10,-3,0
"2019-20","11724","Maryland","Faith Masonius",13,1,353,750,397,4,9,-5,0
"2019-20","11724","Maryland","Diamond Miller",14,1,420,795,375,2,9,-7,0
"2019-20","11724","Maryland","Shakira Austin",1,2,483,571,88,2,1,1,0
"2019-20","11724","Northwestern","Sydney Wood",3,2,517,1664,1147,28,29,-1,0
"2019-20","11724","Maryland","Kaila Charles",5,2,571,1070,499,10,14,-4,0
"2019-20","11724","Northwestern","Abi Scheid",44,2,600,962,362,12,8,4,0
"2019-20","11724","Maryland","Ashley Owusu",15,2,750,961,211,8,7,1,0
"2019-20","11724","Maryland","Stephanie Jones",24,2,750,1041,291,10,9,1,0
"2019-20","11724","Northwestern","Courtney Shaw",15,1,750,961,211,7,8,-1,0
"2019-20","11724","Maryland","Blair Watson",22,2,795,1112,317,10,10,0,0
"2019-20","11724","Northwestern","Jordan Hamilton",24,2,865,1200,335,10,8,2,0
"2019-20","11724","Maryland","Diamond Miller",14,2,961,1200,239,2,7,-5,0
"2019-20","11724","Northwestern","Abbie Wolf",21,2,961,1738,777,16,21,-5,0
"2019-20","11724","Northwestern","Veronica Burton",12,2,962,2400,1438,38,45,-7,0
"2019-20","11724","Maryland","Faith Masonius",13,2,1041,1200,159,0,5,-5,0
"2019-20","11724","Maryland","Stephanie Jones",24,3,1070,1457,387,9,11,-2,0
"2019-20","11724","Maryland","Sara Vujacic",32,1,1112,1200,88,0,2,-2,0
"2019-20","11724","Maryland","Kaila Charles",5,3,1200,2400,1200,43,31,12,0
"2019-20","11724","Maryland","Ashley Owusu",15,3,1200,1756,556,21,9,12,0
"2019-20","11724","Maryland","Blair Watson",22,3,1200,2400,1200,43,31,12,0
"2019-20","11724","Northwestern","Abi Scheid",44,3,1200,2400,1200,31,43,-12,0
"2019-20","11724","Maryland","Faith Masonius",13,3,1457,1522,65,0,3,-3,0
"2019-20","11724","Maryland","Diamond Miller",14,3,1457,1522,65,0,3,-3,0
"2019-20","11724","Maryland","Taylor Mikesell",11,2,1522,2400,878,34,22,12,0
"2019-20","11724","Maryland","Stephanie Jones",24,4,1522,1915,393,12,4,8,0
"2019-20","11724","Northwestern","Jordan Hamilton",24,3,1664,1800,136,1,4,-3,0
"2019-20","11724","Northwestern","Courtney Shaw",15,2,1738,1800,62,1,2,-1,0
"2019-20","11724","Maryland","Faith Masonius",13,4,1756,1767,11,0,1,-1,0
"2019-20","11724","Maryland","Ashley Owusu",15,4,1767,2400,633,22,21,1,0
"2019-20","11724","Northwestern","Sydney Wood",3,3,1800,1898,98,0,0,0,0
"2019-20","11724","Northwestern","Abbie Wolf",21,3,1800,2277,477,15,12,3,0
"2019-20","11724","Northwestern","Jordan Hamilton",24,4,1898,1984,86,6,0,6,0
"2019-20","11724","Maryland","Faith Masonius",13,5,1915,2277,362,12,11,1,0
"2019-20","11724","Northwestern","Sydney Wood",3,4,1984,2175,191,3,11,-8,0
"2019-20","11724","Northwestern","Jordan Hamilton",24,5,2175,2400,225,12,11,1,0
"2019-20","11724","Maryland","Stephanie Jones",24,5,2277,2400,123,10,7,3,0
"2019-20","11724","Northwestern","Sydney Wood",3,5,2277,2328,51,0,5,-5,0
"2019-20","11724","Northwestern","Byrdy Galernik",22,1,2328,2400,72,6,5,1,0
"2019-20","11725","Maryland","Shakira Austin",1,1,0,119,119,3,0,3,1
"2019-20","11725","Maryland","Kaila Charles",5,1,0,340,340,12,6,6,1
"2019-20","11725","Maryland","Taylor Mikesell",11,1,0,600,600,23,8,15,1
"2019-20","11725","Maryland","Blair Watson",22,1,0,1452,1452,51,35,16,1
"2019-20","11725","Maryland","Stephanie Jones",24,1,0,263,263,10,6,4,1
"2019-20","11725","Ohio St.","Madison Greene",0,1,0,340,340,6,12,-6,1
"2019-20","11725","Ohio St.","Jacy Sheldon",4,1,0,600,600,8,23,-15,1
"2019-20","11725","Ohio St.","Braxtin Miller",10,1,0,340,340,6,12,-6,1
"2019-20","11725","Ohio St.","Dorka Juhasz",14,1,0,471,471,6,18,-12,1
"2019-20","11725","Ohio St.","Aaliyah Patty",32,1,0,340,340,6,12,-6,1
"2019-20","11725","Maryland","Ashley Owusu",15,1,119,241,122,5,5,0,0
"2019-20","11725","Maryland","Diamond Miller",14,1,241,800,559,21,9,12,0
"2019-20","11725","Maryland","Faith Masonius",13,1,263,340,77,2,0,2,0
"2019-20","11725","Maryland","Shakira Austin",1,2,340,706,366,15,5,10,0
"2019-20","11725","Maryland","Stephanie Jones",24,2,340,851,511,20,8,12,0
"2019-20","11725","Ohio St.","Janai Crooms",3,1,340,757,417,5,17,-12,0
"2019-20","11725","Ohio St.","Rebeka Mikulasikova",23,1,340,501,161,0,6,-6,0
"2019-20","11725","Ohio St.","Kierstan Bell",24,1,340,600,260,2,11,-9,0
"2019-20","11725","Ohio St.","Braxtin Miller",10,2,471,1660,1189,34,39,-5,0
"2019-20","11725","Ohio St.","Aaliyah Patty",32,2,501,757,256,5,11,-6,0
"2019-20","11725","Maryland","Ashley Owusu",15,2,600,635,35,2,0,2,0
"2019-20","11725","Ohio St.","Madison Greene",0,2,600,851,251,6,9,-3,0
"2019-20","11725","Ohio St.","Dorka Juhasz",14,2,600,938,338,8,13,-5,0
"2019-20","11725","Maryland","Taylor Mikesell",11,2,635,1569,934,30,30,0,0
"2019-20","11725","Maryland","Kaila Charles",5,2,706,1660,954,30,29,1,0
"2019-20","11725","Ohio St.","Jacy Sheldon",4,2,757,1048,291,10,9,1,0
"2019-20","11725","Ohio St.","Kaelynn Satterfield",5,1,757,993,236,7,9,-2,0
"2019-20","11725","Maryland","Shakira Austin",1,3,800,1180,380,16,9,7,0
"2019-20","11725","Maryland","Faith Masonius",13,2,851,993,142,6,4,2,0
"2019-20","11725","Ohio St.","Kierstan Bell",24,2,851,1116,265,8,11,-3,0
"2019-20","11725","Ohio St.","Aaliyah Patty",32,3,938,947,9,0,0,0,0
"2019-20","11725","Ohio St.","Rebeka Mikulasikova",23,2,947,1200,253,7,9,-2,0
"2019-20","11725","Maryland","Stephanie Jones",24,3,993,1048,55,0,3,-3,0
"2019-20","11725","Ohio St.","Dorka Juhasz",14,3,993,1684,691,22,19,3,0
"2019-20","11725","Maryland","Faith Masonius",13,3,1048,1200,152,7,2,5,0
"2019-20","11725","Ohio St.","Janai Crooms",3,2,1048,1200,152,2,7,-5,0
"2019-20","11725","Ohio St.","Jacy Sheldon",4,3,1116,2217,1101,34,34,0,0
"2019-20","11725","Maryland","Sara Vujacic",32,1,1180,1200,20,0,0,0,0
"2019-20","11725","Maryland","Shakira Austin",1,4,1200,1279,79,2,2,0,0
"2019-20","11725","Maryland","Stephanie Jones",24,4,1200,1416,216,6,12,-6,0
"2019-20","11725","Ohio St.","Madison Greene",0,3,1200,1513,313,13,8,5,0
"2019-20","11725","Ohio St.","Aaliyah Patty",32,4,1200,1416,216,12,6,6,0
"2019-20","11725","Maryland","Diamond Miller",14,2,1279,1800,521,12,21,-9,0
"2019-20","11725","Maryland","Shakira Austin",1,5,1416,1513,97,2,1,1,0
"2019-20","11725","Ohio St.","Aixa Wone Aranaz",11,1,1416,1513,97,1,2,-1,0
"2019-20","11725","Maryland","Ashley Owusu",15,3,1452,1800,348,8,11,-3,0
"2019-20","11725","Maryland","Stephanie Jones",24,5,1513,1694,181,4,4,0,0
"2019-20","11725","Ohio St.","Janai Crooms",3,3,1513,2112,599,18,20,-2,0
"2019-20","11725","Ohio St.","Kierstan Bell",24,3,1513,1782,269,8,6,2,0
"2019-20","11725","Maryland","Blair Watson",22,2,1569,2274,705,24,22,2,0
"2019-20","11725","Maryland","Faith Masonius",13,4,1660,1782,122,2,4,-2,0
"2019-20","11725","Ohio St.","Madison Greene",0,4,1660,1979,319,14,12,2,0
"2019-20","11725","Ohio St.","Aaliyah Patty",32,5,1684,1852,168,10,5,5,0
"2019-20","11725","Maryland","Kaila Charles",5,3,1694,2217,523,20,16,4,0
"2019-20","11725","Maryland","Stephanie Jones",24,6,1782,2400,618,26,21,5,0
"2019-20","11725","Ohio St.","Kaelynn Satterfield",5,2,1782,1852,70,6,3,3,0
"2019-20","11725","Maryland","Shakira Austin",1,6,1800,1852,52,3,4,-1,0
"2019-20","11725","Maryland","Taylor Mikesell",11,3,1800,2217,417,18,10,8,0
"2019-20","11725","Maryland","Diamond Miller",14,3,1852,2400,548,23,15,8,0
"2019-20","11725","Ohio St.","Dorka Juhasz",14,4,1852,1950,98,2,2,0,0
"2019-20","11725","Ohio St.","Kierstan Bell",24,4,1852,1950,98,2,2,0,0
"2019-20","11725","Ohio St.","Kaelynn Satterfield",5,3,1950,2112,162,2,9,-7,0
"2019-20","11725","Ohio St.","Rebeka Mikulasikova",23,3,1950,2112,162,2,9,-7,0
"2019-20","11725","Ohio St.","Braxtin Miller",10,3,1979,2400,421,11,16,-5,0
"2019-20","11725","Ohio St.","Madison Greene",0,5,2112,2217,105,2,4,-2,0
"2019-20","11725","Ohio St.","Dorka Juhasz",14,5,2112,2400,288,11,12,-1,0
"2019-20","11725","Ohio St.","Aaliyah Patty",32,6,2112,2274,162,6,6,0,0
"2019-20","11725","Maryland","Faith Masonius",13,5,2217,2400,183,8,9,-1,0
"2019-20","11725","Maryland","Ashley Owusu",15,4,2217,2400,183,8,9,-1,0
"2019-20","11725","Ohio St.","Janai Crooms",3,4,2217,2400,183,9,8,1,0
"2019-20","11725","Ohio St.","Kaelynn Satterfield",5,4,2217,2400,183,9,8,1,0
"2019-20","11725","Maryland","Sara Vujacic",32,2,2274,2400,126,6,5,1,0
"2019-20","11725","Ohio St.","Aixa Wone Aranaz",11,2,2274,2400,126,5,6,-1,0
"2019-20","11726","Maryland","Shakira Austin",1,1,0,600,600,24,14,10,1
"2019-20","11726","Maryland","Kaila Charles",5,1,0,209,209,7,8,-1,1
"2019-20","11726","Maryland","Taylor Mikesell",11,1,0,1800,1800,76,38,38,1
"2019-20","11726","Maryland","Blair Watson",22,1,0,230,230,8,8,0,1
"2019-20","11726","Maryland","Stephanie Jones",24,1,0,114,114,5,2,3,1
"2019-20","11726","Michigan St.","Taryn McCutcheon",4,1,0,1562,1562,29,68,-39,1
"2019-20","11726","Michigan St.","Nia Hollie",12,1,0,774,774,16,26,-10,1
"2019-20","11726","Michigan St.","Moira Joiner",22,1,0,900,900,20,30,-10,1
"2019-20","11726","Michigan St.","Nia Clouden",24,1,0,444,444,12,13,-1,1
"2019-20","11726","Michigan St.","Kayla Belles",42,1,0,157,157,6,5,1,1
"2019-20","11726","Maryland","Ashley Owusu",15,1,114,598,484,19,12,7,0
"2019-20","11726","Michigan St.","Taiyier Parks",14,1,157,803,646,10,23,-13,0
"2019-20","11726","Maryland","Diamond Miller",14,1,209,337,128,1,2,-1,0
"2019-20","11726","Maryland","Kaila Charles",5,2,230,678,448,18,8,10,0
"2019-20","11726","Maryland","Faith Masonius",13,1,337,493,156,7,2,5,0
"2019-20","11726","Michigan St.","Alyza Winston",3,1,444,534,90,0,4,-4,0
"2019-20","11726","Maryland","Sara Vujacic",32,1,493,600,107,9,2,7,0
"2019-20","11726","Michigan St.","Nia Clouden",24,2,534,1734,1200,26,56,-30,0
"2019-20","11726","Maryland","Faith Masonius",13,2,598,600,2,0,0,0,0
"2019-20","11726","Maryland","Ashley Owusu",15,2,600,1200,600,21,8,13,0
"2019-20","11726","Maryland","Blair Watson",22,2,600,868,268,6,4,2,0
"2019-20","11726","Maryland","Stephanie Jones",24,2,600,868,268,6,4,2,0
"2019-20","11726","Maryland","Shakira Austin",1,2,678,1040,362,7,4,3,0
"2019-20","11726","Michigan St.","Claire Hendrickson",5,1,774,1285,511,6,23,-17,0
"2019-20","11726","Michigan St.","Cydni Dodd",50,1,803,1200,397,6,17,-11,0
"2019-20","11726","Maryland","Kaila Charles",5,3,868,981,113,0,2,-2,0
"2019-20","11726","Maryland","Diamond Miller",14,2,868,900,32,0,2,-2,0
"2019-20","11726","Maryland","Blair Watson",22,3,900,1451,551,32,6,26,0
"2019-20","11726","Michigan St.","Nia Hollie",12,2,900,1451,551,6,32,-26,0
"2019-20","11726","Maryland","Stephanie Jones",24,3,981,1643,662,40,13,27,0
"2019-20","11726","Maryland","Kaila Charles",5,4,1040,1543,503,35,9,26,0
"2019-20","11726","Maryland","Shakira Austin",1,3,1200,1308,108,6,0,6,0
"2019-20","11726","Michigan St.","Kayla Belles",42,2,1200,2120,920,27,42,-15,0
"2019-20","11726","Michigan St.","Moira Joiner",22,2,1285,1650,365,11,21,-10,0
"2019-20","11726","Maryland","Ashley Owusu",15,3,1308,1734,426,22,16,6,0
"2019-20","11726","Maryland","Diamond Miller",14,3,1451,1573,122,6,5,1,0
"2019-20","11726","Michigan St.","Claire Hendrickson",5,2,1451,1543,92,3,6,-3,0
"2019-20","11726","Maryland","Faith Masonius",13,3,1543,2400,857,26,24,2,0
"2019-20","11726","Michigan St.","Taiyier Parks",14,2,1543,1744,201,9,5,4,0
"2019-20","11726","Michigan St.","Claire Hendrickson",5,3,1562,2400,838,24,26,-2,0
"2019-20","11726","Maryland","Sara Vujacic",32,2,1573,2400,827,26,22,4,0
"2019-20","11726","Maryland","Shakira Austin",1,4,1643,1800,157,6,5,1,0
"2019-20","11726","Michigan St.","Alyza Winston",3,2,1650,2015,365,14,15,-1,0
"2019-20","11726","Maryland","Diamond Miller",14,4,1734,2400,666,21,15,6,0
"2019-20","11726","Michigan St.","Moira Joiner",22,3,1734,2015,281,9,12,-3,0
"2019-20","11726","Michigan St.","Cydni Dodd",50,2,1744,2015,271,9,12,-3,0
"2019-20","11726","Maryland","Ashley Owusu",15,4,1800,2400,600,18,15,3,0
"2019-20","11726","Maryland","Stephanie Jones",24,4,1800,2015,215,9,9,0,0
"2019-20","11726","Maryland","Shakira Austin",1,5,2015,2400,385,9,6,3,0
"2019-20","11726","Michigan St.","Nia Hollie",12,3,2015,2213,198,2,4,-2,0
"2019-20","11726","Michigan St.","Laurel Jacqmain",21,1,2015,2213,198,2,4,-2,0
"2019-20","11726","Michigan St.","Nia Clouden",24,3,2015,2352,337,6,9,-3,0
"2019-20","11726","Michigan St.","Taiyier Parks",14,3,2120,2400,280,4,7,-3,0
"2019-20","11726","Michigan St.","Moira Joiner",22,4,2213,2352,139,4,5,-1,0
"2019-20","11726","Michigan St.","Kayla Belles",42,3,2213,2261,48,2,2,0,0
"2019-20","11726","Michigan St.","Cydni Dodd",50,3,2261,2400,139,2,3,-1,0
"2019-20","11726","Michigan St.","Alyza Winston",3,3,2352,2400,48,0,0,0,0
"2019-20","11726","Michigan St.","Laurel Jacqmain",21,2,2352,2400,48,0,0,0,0
"2019-20","11727","Indiana","Aleksa Gulbe",10,1,0,153,153,5,2,3,1
"2019-20","11727","Indiana","Jaelynn Penn",13,1,0,369,369,13,8,5,1
"2019-20","11727","Indiana","Ali Patberg",14,1,0,2400,2400,69,79,-10,1
"2019-20","11727","Indiana","Grace Berger",34,1,0,463,463,18,13,5,1
"2019-20","11727","Indiana","Brenna Wise",50,1,0,600,600,23,19,4,1
"2019-20","11727","Maryland","Shakira Austin",1,1,0,304,304,4,11,-7,1
"2019-20","11727","Maryland","Kaila Charles",5,1,0,952,952,28,36,-8,1
"2019-20","11727","Maryland","Taylor Mikesell",11,1,0,683,683,19,27,-8,1
"2019-20","11727","Maryland","Blair Watson",22,1,0,683,683,19,27,-8,1
"2019-20","11727","Maryland","Stephanie Jones",24,1,0,24,24,0,0,0,1
"2019-20","11727","Maryland","Ashley Owusu",15,1,24,108,84,2,2,0,0
"2019-20","11727","Maryland","Diamond Miller",14,1,108,600,492,17,21,-4,0
"2019-20","11727","Indiana","Mackenzie Holmes",54,1,153,304,151,6,2,4,0
"2019-20","11727","Indiana","Aleksa Gulbe",10,2,304,600,296,12,15,-3,0
"2019-20","11727","Maryland","Faith Masonius",13,1,304,600,296,15,12,3,0
"2019-20","11727","Indiana","Keyanna Warthen",2,1,369,600,231,10,11,-1,0
"2019-20","11727","Indiana","Jaelynn Penn",13,2,463,849,386,18,15,3,0
"2019-20","11727","Indiana","Jorie Allen",33,1,600,778,178,10,6,4,0
"2019-20","11727","Indiana","Grace Berger",34,2,600,952,352,13,9,4,0
"2019-20","11727","Indiana","Mackenzie Holmes",54,2,600,849,249,13,9,4,0
"2019-20","11727","Maryland","Shakira Austin",1,2,600,778,178,6,10,-4,0
"2019-20","11727","Maryland","Stephanie Jones",24,2,600,849,249,9,13,-4,0
"2019-20","11727","Maryland","Diamond Miller",14,2,683,778,95,6,6,0,0
"2019-20","11727","Maryland","Ashley Owusu",15,2,683,1200,517,13,11,2,0
"2019-20","11727","Indiana","Brenna Wise",50,2,778,1587,809,10,27,-17,0
"2019-20","11727","Maryland","Taylor Mikesell",11,2,778,2400,1622,54,36,18,0
"2019-20","11727","Maryland","Blair Watson",22,2,778,1069,291,7,3,4,0
"2019-20","11727","Indiana","Keyanna Warthen",2,2,849,1069,220,0,4,-4,0
"2019-20","11727","Indiana","Aleksa Gulbe",10,3,849,1069,220,0,4,-4,0
"2019-20","11727","Maryland","Faith Masonius",13,2,849,952,103,0,0,0,0
"2019-20","11727","Indiana","Jaelynn Penn",13,3,952,2400,1448,33,51,-18,0
"2019-20","11727","Maryland","Shakira Austin",1,3,952,1144,192,4,0,4,0
"2019-20","11727","Maryland","Stephanie Jones",24,3,952,1160,208,4,0,4,0
"2019-20","11727","Indiana","Grace Berger",34,3,1069,2400,1331,33,47,-14,0
"2019-20","11727","Indiana","Mackenzie Holmes",54,3,1069,1160,91,0,0,0,0
"2019-20","11727","Maryland","Kaila Charles",5,2,1069,2400,1331,47,33,14,0
"2019-20","11727","Maryland","Blair Watson",22,3,1144,1463,319,14,5,9,0
"2019-20","11727","Indiana","Aleksa Gulbe",10,4,1160,1361,201,3,6,-3,0
"2019-20","11727","Maryland","Diamond Miller",14,3,1160,1200,40,0,2,-2,0
"2019-20","11727","Maryland","Shakira Austin",1,4,1200,1310,110,4,1,3,0
"2019-20","11727","Maryland","Stephanie Jones",24,4,1200,1746,546,23,9,14,0
"2019-20","11727","Maryland","Ashley Owusu",15,3,1310,1722,412,18,6,12,0
"2019-20","11727","Indiana","Mackenzie Holmes",54,4,1361,1766,405,10,17,-7,0
"2019-20","11727","Maryland","Diamond Miller",14,4,1463,1800,337,12,8,4,0
"2019-20","11727","Indiana","Jorie Allen",33,2,1587,1800,213,6,6,0,0
"2019-20","11727","Maryland","Blair Watson",22,4,1722,2400,678,25,24,1,0
"2019-20","11727","Maryland","Faith Masonius",13,3,1746,1800,54,3,2,1,0
"2019-20","11727","Indiana","Aleksa Gulbe",10,5,1766,1996,230,9,7,2,0
"2019-20","11727","Indiana","Brenna Wise",50,3,1800,2400,600,20,21,-1,0
"2019-20","11727","Maryland","Shakira Austin",1,5,1800,1898,98,2,5,-3,0
"2019-20","11727","Maryland","Ashley Owusu",15,4,1800,2400,600,21,20,1,0
"2019-20","11727","Maryland","Stephanie Jones",24,5,1898,2348,450,17,13,4,0
"2019-20","11727","Indiana","Mackenzie Holmes",54,5,1996,2232,236,3,9,-6,0
"2019-20","11727","Indiana","Aleksa Gulbe",10,6,2232,2296,64,6,2,4,0
"2019-20","11727","Indiana","Mackenzie Holmes",54,6,2296,2348,52,0,4,-4,0
"2019-20","11727","Indiana","Aleksa Gulbe",10,7,2348,2400,52,2,2,0,0
"2019-20","11727","Maryland","Shakira Austin",1,6,2348,2400,52,2,2,0,0
"2019-20","11728","Maryland","Shakira Austin",1,1,0,207,207,7,0,7,1
"2019-20","11728","Maryland","Kaila Charles",5,1,0,600,600,25,17,8,1
"2019-20","11728","Maryland","Taylor Mikesell",11,1,0,489,489,22,10,12,1
"2019-20","11728","Maryland","Blair Watson",22,1,0,330,330,14,4,10,1
"2019-20","11728","Maryland","Stephanie Jones",24,1,0,461,461,22,8,14,1
"2019-20","11728","Rutgers","Zipporah Broughton",1,1,0,330,330,4,14,-10,1
"2019-20","11728","Rutgers","Khadaizha Sanders",12,1,0,600,600,17,25,-8,1
"2019-20","11728","Rutgers","Arella Guirantes",24,1,0,489,489,10,23,-13,1
"2019-20","11728","Rutgers","Tekia Mack",31,1,0,2400,2400,50,79,-29,1
"2019-20","11728","Rutgers","Jordan Wallace",44,1,0,330,330,4,14,-10,1
"2019-20","11728","Maryland","Ashley Owusu",15,1,207,1200,993,37,26,11,0
"2019-20","11728","Maryland","Diamond Miller",14,1,330,600,270,11,13,-2,0
"2019-20","11728","Rutgers","Mael Gilles",13,1,330,764,434,15,16,-1,0
"2019-20","11728","Rutgers","Maori Davenport",15,1,330,461,131,4,8,-4,0
"2019-20","11728","Maryland","Faith Masonius",13,1,461,600,139,3,9,-6,0
"2019-20","11728","Rutgers","Jordan Wallace",44,2,461,558,97,6,3,3,0
"2019-20","11728","Maryland","Blair Watson",22,2,489,1766,1277,46,31,15,0
"2019-20","11728","Rutgers","Zipporah Broughton",1,2,489,958,469,10,14,-4,0
"2019-20","11728","Rutgers","Tyia Singleton",22,1,558,691,133,3,3,0,0
"2019-20","11728","Maryland","Shakira Austin",1,2,600,817,217,8,2,6,0
"2019-20","11728","Maryland","Taylor Mikesell",11,2,600,1022,422,15,7,8,0
"2019-20","11728","Maryland","Stephanie Jones",24,2,600,747,147,3,0,3,0
"2019-20","11728","Rutgers","Arella Guirantes",24,2,600,1064,464,7,17,-10,0
"2019-20","11728","Rutgers","Khadaizha Sanders",12,2,691,1359,668,12,22,-10,0
"2019-20","11728","Maryland","Kaila Charles",5,2,747,1723,976,36,22,14,0
"2019-20","11728","Rutgers","Jordan Wallace",44,3,764,958,194,1,7,-6,0
"2019-20","11728","Maryland","Stephanie Jones",24,3,817,1672,855,29,20,9,0
"2019-20","11728","Rutgers","Mael Gilles",13,2,958,2126,1168,28,37,-9,0
"2019-20","11728","Rutgers","Maori Davenport",15,2,958,1022,64,4,5,-1,0
"2019-20","11728","Maryland","Diamond Miller",14,2,1022,1200,178,4,2,2,0
"2019-20","11728","Rutgers","Jordan Wallace",44,4,1022,1306,284,3,4,-1,0
"2019-20","11728","Rutgers","Zipporah Broughton",1,3,1064,1200,136,2,2,0,0
"2019-20","11728","Maryland","Shakira Austin",1,3,1200,1975,775,26,19,7,0
"2019-20","11728","Maryland","Taylor Mikesell",11,3,1200,1359,159,6,3,3,0
"2019-20","11728","Rutgers","Arella Guirantes",24,3,1200,2400,1200,24,35,-11,0
"2019-20","11728","Rutgers","Maori Davenport",15,3,1306,1380,74,2,4,-2,0
"2019-20","11728","Maryland","Ashley Owusu",15,2,1359,1766,407,18,12,6,0
"2019-20","11728","Rutgers","Zipporah Broughton",1,4,1359,1628,269,8,10,-2,0
"2019-20","11728","Rutgers","Tyia Singleton",22,2,1380,1672,292,10,12,-2,0
"2019-20","11728","Rutgers","Khadaizha Sanders",12,3,1628,2400,772,13,19,-6,0
"2019-20","11728","Maryland","Diamond Miller",14,3,1672,2400,728,17,11,6,0
"2019-20","11728","Rutgers","Jordan Wallace",44,5,1672,2040,368,7,10,-3,0
"2019-20","11728","Maryland","Faith Masonius",13,2,1723,1800,77,4,4,0,0
"2019-20","11728","Maryland","Taylor Mikesell",11,4,1766,1800,34,0,2,-2,0
"2019-20","11728","Maryland","Sara Vujacic",32,1,1766,1800,34,0,2,-2,0
"2019-20","11728","Maryland","Kaila Charles",5,3,1800,2149,349,6,5,1,0
"2019-20","11728","Maryland","Ashley Owusu",15,3,1800,2400,600,11,7,4,0
"2019-20","11728","Maryland","Stephanie Jones",24,4,1800,1811,11,0,0,0,0
"2019-20","11728","Maryland","Faith Masonius",13,3,1811,2400,589,11,7,4,0
"2019-20","11728","Maryland","Stephanie Jones",24,5,1975,2126,151,4,3,1,0
"2019-20","11728","Rutgers","Maori Davenport",15,4,2040,2265,225,4,2,2,0
"2019-20","11728","Maryland","Shakira Austin",1,4,2126,2265,139,0,2,-2,0
"2019-20","11728","Rutgers","Zipporah Broughton",1,5,2126,2332,206,2,3,-1,0
"2019-20","11728","Maryland","Sara Vujacic",32,2,2149,2400,251,5,2,3,0
"2019-20","11728","Maryland","Stephanie Jones",24,6,2265,2400,135,5,0,5,0
"2019-20","11728","Rutgers","Tyia Singleton",22,3,2265,2400,135,0,5,-5,0
"2019-20","11728","Rutgers","Mael Gilles",13,3,2332,2400,68,0,2,-2,0
"2019-20","11729","Iowa","Makenzie Meyer",3,1,0,535,535,11,21,-10,1
"2019-20","11729","Iowa","Alexis Sevillian",5,1,0,333,333,8,11,-3,1
"2019-20","11729","Iowa","Kathleen Doyle",22,1,0,489,489,11,18,-7,1
"2019-20","11729","Iowa","Monika Czinano",25,1,0,516,516,11,18,-7,1
"2019-20","11729","Iowa","Amanda Ollinger",43,1,0,205,205,4,6,-2,1
"2019-20","11729","Maryland","Shakira Austin",1,1,0,603,603,25,14,11,1
"2019-20","11729","Maryland","Kaila Charles",5,1,0,489,489,18,11,7,1
"2019-20","11729","Maryland","Taylor Mikesell",11,1,0,1529,1529,63,25,38,1
"2019-20","11729","Maryland","Blair Watson",22,1,0,333,333,11,8,3,1
"2019-20","11729","Maryland","Stephanie Jones",24,1,0,106,106,4,2,2,1
"2019-20","11729","Maryland","Ashley Owusu",15,1,106,1200,1094,44,21,23,0
"2019-20","11729","Iowa","McKenna Warnock",14,1,205,424,219,4,12,-8,0
"2019-20","11729","Iowa","Gabbie Marshall",24,1,333,434,101,0,7,-7,0
"2019-20","11729","Maryland","Diamond Miller",14,1,333,489,156,7,3,4,0
"2019-20","11729","Iowa","Amanda Ollinger",43,2,424,882,458,10,16,-6,0
"2019-20","11729","Iowa","Alexis Sevillian",5,2,434,1049,615,12,23,-11,0
"2019-20","11729","Iowa","Zion Sanders",21,1,489,516,27,0,0,0,0
"2019-20","11729","Maryland","Blair Watson",22,2,489,806,317,16,5,11,0
"2019-20","11729","Maryland","Stephanie Jones",24,2,489,806,317,16,5,11,0
"2019-20","11729","Iowa","McKenna Warnock",14,2,516,603,87,3,7,-4,0
"2019-20","11729","Iowa","Kathleen Doyle",22,2,516,1150,634,12,28,-16,0
"2019-20","11729","Iowa","Tomi Taiwo",1,1,535,724,189,5,8,-3,0
"2019-20","11729","Iowa","Monika Czinano",25,2,603,1049,446,6,16,-10,0
"2019-20","11729","Maryland","Kaila Charles",5,2,603,1064,461,17,6,11,0
"2019-20","11729","Iowa","Makenzie Meyer",3,2,724,905,181,2,7,-5,0
"2019-20","11729","Maryland","Shakira Austin",1,2,806,1540,734,30,11,19,0
"2019-20","11729","Maryland","Diamond Miller",14,2,806,882,76,0,2,-2,0
"2019-20","11729","Iowa","McKenna Warnock",14,3,882,1200,318,5,14,-9,0
"2019-20","11729","Maryland","Blair Watson",22,3,882,968,86,3,2,1,0
"2019-20","11729","Iowa","Tomi Taiwo",1,2,905,1200,295,5,12,-7,0
"2019-20","11729","Maryland","Stephanie Jones",24,3,968,1809,841,37,18,19,0
"2019-20","11729","Iowa","Makenzie Meyer",3,3,1049,1529,480,5,22,-17,0
"2019-20","11729","Iowa","Amanda Ollinger",43,3,1049,1322,273,3,13,-10,0
"2019-20","11729","Maryland","Diamond Miller",14,3,1064,1200,136,6,3,3,0
"2019-20","11729","Iowa","Zion Sanders",21,2,1150,1200,50,0,2,-2,0
"2019-20","11729","Iowa","Alexis Sevillian",5,3,1200,1353,153,0,6,-6,0
"2019-20","11729","Iowa","Kathleen Doyle",22,3,1200,2037,837,20,33,-13,0
"2019-20","11729","Iowa","Monika Czinano",25,3,1200,1379,179,0,7,-7,0
"2019-20","11729","Maryland","Kaila Charles",5,3,1200,1322,122,6,0,6,0
"2019-20","11729","Maryland","Blair Watson",22,4,1200,1602,402,18,7,11,0
"2019-20","11729","Iowa","McKenna Warnock",14,4,1322,1414,92,2,3,-1,0
"2019-20","11729","Maryland","Ashley Owusu",15,2,1322,2400,1078,39,36,3,0
"2019-20","11729","Iowa","Kate Martin",20,1,1353,1529,176,2,9,-7,0
"2019-20","11729","Iowa","Amanda Ollinger",43,4,1379,1540,161,4,9,-5,0
"2019-20","11729","Iowa","Monika Czinano",25,4,1414,1640,226,9,11,-2,0
"2019-20","11729","Iowa","Tomi Taiwo",1,3,1529,1640,111,9,5,4,0
"2019-20","11729","Iowa","Alexis Sevillian",5,4,1529,1640,111,9,5,4,0
"2019-20","11729","Maryland","Sara Vujacic",32,1,1529,2117,588,20,20,0,0
"2019-20","11729","Iowa","McKenna Warnock",14,5,1540,1783,243,9,10,-1,0
"2019-20","11729","Maryland","Kaila Charles",5,4,1540,2217,677,21,20,1,0
"2019-20","11729","Maryland","Taylor Mikesell",11,2,1602,1694,92,4,6,-2,0
"2019-20","11729","Iowa","Makenzie Meyer",3,4,1640,1930,290,6,11,-5,0
"2019-20","11729","Iowa","Gabbie Marshall",24,2,1640,1930,290,6,11,-5,0
"2019-20","11729","Iowa","Amanda Ollinger",43,5,1640,1980,340,9,13,-4,0
"2019-20","11729","Maryland","Blair Watson",22,5,1694,1783,89,4,0,4,0
"2019-20","11729","Iowa","Monika Czinano",25,5,1783,2217,434,11,11,0,0
"2019-20","11729","Maryland","Diamond Miller",14,4,1783,2037,254,7,7,0,0
"2019-20","11729","Maryland","Shakira Austin",1,3,1809,2400,591,19,21,-2,0
"2019-20","11729","Iowa","Alexis Sevillian",5,5,1930,2117,187,5,4,1,0
"2019-20","11729","Iowa","Kate Martin",20,2,1930,2240,310,8,6,2,0
"2019-20","11729","Iowa","McKenna Warnock",14,6,1980,2400,420,16,12,4,0
"2019-20","11729","Iowa","Zion Sanders",21,3,2037,2117,80,2,2,0,0
"2019-20","11729","Maryland","Faith Masonius",13,1,2037,2070,33,0,0,0,0
"2019-20","11729","Maryland","Stephanie Jones",24,4,2070,2217,147,4,4,0,0
"2019-20","11729","Iowa","Makenzie Meyer",3,5,2117,2234,117,3,2,1,0
"2019-20","11729","Iowa","Kathleen Doyle",22,4,2117,2217,100,2,2,0,0
"2019-20","11729","Maryland","Diamond Miller",14,5,2117,2400,283,10,14,-4,0
"2019-20","11729","Iowa","Zion Sanders",21,4,2217,2400,183,12,8,4,0
"2019-20","11729","Iowa","Logan Cook",23,1,2217,2400,183,12,8,4,0
"2019-20","11729","Maryland","Faith Masonius",13,2,2217,2400,183,8,12,-4,0
"2019-20","11729","Maryland","Sara Vujacic",32,2,2217,2400,183,8,12,-4,0
"2019-20","11729","Iowa","Tomi Taiwo",1,4,2234,2257,23,2,1,1,0
"2019-20","11729","Iowa","Gabbie Marshall",24,3,2240,2400,160,11,8,3,0
"2019-20","11729","Iowa","Megan Meyer",11,1,2257,2400,143,9,7,2,0
"2019-20","11730","Maryland","Shakira Austin",1,1,0,1013,1013,36,37,-1,1
"2019-20","11730","Maryland","Kaila Charles",5,1,0,171,171,4,4,0,1
"2019-20","11730","Maryland","Taylor Mikesell",11,1,0,239,239,6,10,-4,1
"2019-20","11730","Maryland","Blair Watson",22,1,0,293,293,8,10,-2,1
"2019-20","11730","Maryland","Stephanie Jones",24,1,0,214,214,6,6,0,1
"2019-20","11730","Penn St.","Alisia Smith",1,1,0,293,293,10,8,2,1
"2019-20","11730","Penn St.","Siyeh Frazier",4,1,0,136,136,4,2,2,1
"2019-20","11730","Penn St.","Kamaria McDaniel",5,1,0,1383,1383,47,56,-9,1
"2019-20","11730","Penn St.","Makenna Marisa",20,1,0,171,171,4,4,0,1
"2019-20","11730","Penn St.","Lauren Ebo",33,1,0,171,171,4,4,0,1
"2019-20","11730","Penn St.","Shay Hagans",23,1,136,336,200,6,8,-2,0
"2019-20","11730","Maryland","Ashley Owusu",15,1,171,561,390,19,13,6,0
"2019-20","11730","Penn St.","Siyeh Frazier",4,2,171,773,602,20,28,-8,0
"2019-20","11730","Penn St.","Mya Bembry",10,1,171,293,122,6,4,2,0
"2019-20","11730","Maryland","Kaila Charles",5,2,214,373,159,8,4,4,0
"2019-20","11730","Maryland","Diamond Miller",14,1,239,467,228,10,3,7,0
"2019-20","11730","Maryland","Stephanie Jones",24,2,293,1684,1391,63,45,18,0
"2019-20","11730","Penn St.","Makenna Marisa",20,2,293,467,174,3,8,-5,0
"2019-20","11730","Penn St.","Lauren Ebo",33,2,293,366,73,0,6,-6,0
"2019-20","11730","Penn St.","Mya Bembry",10,2,336,472,136,3,6,-3,0
"2019-20","11730","Penn St.","Alisia Smith",1,2,366,472,106,3,2,1,0
"2019-20","11730","Maryland","Taylor Mikesell",11,2,373,1684,1311,57,45,12,0
"2019-20","11730","Maryland","Blair Watson",22,2,467,690,223,13,11,2,0
"2019-20","11730","Penn St.","Shay Hagans",23,2,467,1762,1295,43,58,-15,0
"2019-20","11730","Penn St.","Makenna Marisa",20,3,472,561,89,4,7,-3,0
"2019-20","11730","Penn St.","Lauren Ebo",33,3,472,729,257,11,13,-2,0
"2019-20","11730","Maryland","Kaila Charles",5,3,561,903,342,11,13,-2,0
"2019-20","11730","Penn St.","Anna Camden",11,1,561,598,37,5,2,3,0
"2019-20","11730","Penn St.","Mya Bembry",10,3,598,690,92,2,4,-2,0
"2019-20","11730","Maryland","Diamond Miller",14,2,690,1013,323,7,13,-6,0
"2019-20","11730","Penn St.","Makenna Marisa",20,4,690,1292,602,21,23,-2,0
"2019-20","11730","Penn St.","Mya Bembry",10,4,729,770,41,0,2,-2,0
"2019-20","11730","Penn St.","Lauren Ebo",33,4,770,790,20,0,3,-3,0
"2019-20","11730","Penn St.","Anna Camden",11,2,773,1197,424,21,14,7,0
"2019-20","11730","Penn St.","Jayla James",2,1,790,903,113,6,0,6,0
"2019-20","11730","Maryland","Ashley Owusu",15,2,903,1094,191,6,9,-3,0
"2019-20","11730","Penn St.","Siyeh Frazier",4,3,903,1528,625,20,27,-7,0
"2019-20","11730","Maryland","Faith Masonius",13,1,1013,1200,187,10,8,2,0
"2019-20","11730","Maryland","Blair Watson",22,3,1013,2035,1022,57,24,33,0
"2019-20","11730","Maryland","Diamond Miller",14,3,1094,1197,103,6,6,0,0
"2019-20","11730","Maryland","Shakira Austin",1,2,1197,1503,306,15,3,12,0
"2019-20","11730","Penn St.","Lauren Ebo",33,5,1197,1200,3,0,0,0,0
"2019-20","11730","Maryland","Kaila Charles",5,4,1200,1311,111,6,0,6,0
"2019-20","11730","Penn St.","Alisia Smith",1,3,1200,1383,183,2,10,-8,0
"2019-20","11730","Penn St.","Anna Camden",11,3,1292,1684,392,10,19,-9,0
"2019-20","11730","Maryland","Ashley Owusu",15,3,1311,2400,1089,54,24,30,0
"2019-20","11730","Penn St.","Makenna Marisa",20,5,1383,1441,58,1,5,-4,0
"2019-20","11730","Penn St.","Lauren Ebo",33,6,1383,1441,58,1,5,-4,0
"2019-20","11730","Penn St.","Alisia Smith",1,4,1441,1684,243,7,10,-3,0
"2019-20","11730","Penn St.","Kamaria McDaniel",5,2,1441,1961,520,10,27,-17,0
"2019-20","11730","Maryland","Kaila Charles",5,5,1503,1800,297,17,8,9,0
"2019-20","11730","Penn St.","Makenna Marisa",20,6,1528,1684,156,5,10,-5,0
"2019-20","11730","Maryland","Shakira Austin",1,3,1684,1961,277,17,3,14,0
"2019-20","11730","Maryland","Diamond Miller",14,4,1684,1961,277,17,3,14,0
"2019-20","11730","Penn St.","Siyeh Frazier",4,4,1684,2035,351,6,22,-16,0
"2019-20","11730","Penn St.","Mya Bembry",10,5,1684,1733,49,0,1,-1,0
"2019-20","11730","Penn St.","Lauren Ebo",33,7,1684,1719,35,0,0,0,0
"2019-20","11730","Penn St.","Jayla James",2,2,1719,1817,98,1,9,-8,0
"2019-20","11730","Penn St.","Alisia Smith",1,5,1733,1817,84,1,8,-7,0
"2019-20","11730","Penn St.","Makenna Marisa",20,7,1762,2252,490,11,26,-15,0
"2019-20","11730","Maryland","Stephanie Jones",24,3,1800,1961,161,10,2,8,0
"2019-20","11730","Penn St.","Mya Bembry",10,6,1817,2216,399,11,19,-8,0
"2019-20","11730","Penn St.","Lauren Ebo",33,8,1817,1961,144,2,8,-6,0
"2019-20","11730","Maryland","Kaila Charles",5,6,1961,2400,439,18,11,7,0
"2019-20","11730","Maryland","Faith Masonius",13,2,1961,2400,439,18,11,7,0
"2019-20","11730","Maryland","Sara Vujacic",32,1,1961,2400,439,18,11,7,0
"2019-20","11730","Penn St.","Anna Camden",11,4,1961,2065,104,3,5,-2,0
"2019-20","11730","Penn St.","Shay Hagans",23,3,1961,2400,439,11,18,-7,0
"2019-20","11730","Maryland","Diamond Miller",14,5,2035,2400,365,13,8,5,0
"2019-20","11730","Penn St.","Kamaria McDaniel",5,3,2035,2216,181,6,6,0,0
"2019-20","11730","Penn St.","Siyeh Frazier",4,5,2065,2339,274,8,12,-4,0
"2019-20","11730","Penn St.","Alisia Smith",1,6,2216,2377,161,2,6,-4,0
"2019-20","11730","Penn St.","Kayleigh Semion",12,1,2216,2400,184,2,7,-5,0
"2019-20","11730","Penn St.","Anna Camden",11,5,2252,2400,148,2,6,-4,0
"2019-20","11730","Penn St.","Jayla James",2,3,2339,2400,61,0,1,-1,0
"2019-20","11730","Penn St.","Mya Bembry",10,7,2377,2400,23,0,1,-1,0
"2019-20","11731","Maryland","Shakira Austin",1,1,0,190,190,7,2,5,1
"2019-20","11731","Maryland","Kaila Charles",5,1,0,248,248,11,4,7,1
"2019-20","11731","Maryland","Taylor Mikesell",11,1,0,543,543,25,8,17,1
"2019-20","11731","Maryland","Blair Watson",22,1,0,119,119,4,2,2,1
"2019-20","11731","Maryland","Stephanie Jones",24,1,0,290,290,11,4,7,1
"2019-20","11731","Wisconsin","Kendra Van Leeuwen",10,1,0,247,247,4,11,-7,1
"2019-20","11731","Wisconsin","Abby Laszewski",14,1,0,433,433,6,20,-14,1
"2019-20","11731","Wisconsin","Niya Beverley",22,1,0,290,290,4,11,-7,1
"2019-20","11731","Wisconsin","Sydney Hilliard",30,1,0,239,239,4,9,-5,1
"2019-20","11731","Wisconsin","Imani Lewis",34,1,0,290,290,4,11,-7,1
"2019-20","11731","Maryland","Ashley Owusu",15,1,119,654,535,23,6,17,0
"2019-20","11731","Maryland","Diamond Miller",14,1,190,543,353,18,6,12,0
"2019-20","11731","Wisconsin","Suzanne Gilreath",3,1,239,501,262,4,15,-11,0
"2019-20","11731","Wisconsin","Julie Pospisilova",5,1,247,385,138,2,5,-3,0
"2019-20","11731","Maryland","Shakira Austin",1,2,248,596,348,16,4,12,0
"2019-20","11731","Maryland","Kaila Charles",5,2,290,501,211,13,4,9,0
"2019-20","11731","Wisconsin","Sydney Hilliard",30,2,290,600,310,4,16,-12,0
"2019-20","11731","Wisconsin","Courtney Fredrickson",33,1,290,501,211,4,13,-9,0
"2019-20","11731","Wisconsin","Kendra Van Leeuwen",10,2,385,906,521,4,23,-19,0
"2019-20","11731","Wisconsin","Imani Lewis",34,2,433,600,167,2,7,-5,0
"2019-20","11731","Maryland","Stephanie Jones",24,2,501,792,291,9,2,7,0
"2019-20","11731","Wisconsin","Niya Beverley",22,2,501,566,65,0,3,-3,0
"2019-20","11731","Wisconsin","Tara Stauffacher",40,1,501,729,228,0,5,-5,0
"2019-20","11731","Maryland","Kaila Charles",5,3,543,792,249,8,2,6,0
"2019-20","11731","Maryland","Sara Vujacic",32,1,543,600,57,2,0,2,0
"2019-20","11731","Wisconsin","Suzanne Gilreath",3,2,566,644,78,0,0,0,0
"2019-20","11731","Maryland","Faith Masonius",13,1,596,957,361,14,4,10,0
"2019-20","11731","Maryland","Blair Watson",22,2,600,1096,496,20,9,11,0
"2019-20","11731","Wisconsin","Abby Laszewski",14,2,600,729,129,0,2,-2,0
"2019-20","11731","Wisconsin","Imani Lewis",34,3,600,654,54,0,0,0,0
"2019-20","11731","Wisconsin","Julie Pospisilova",5,2,644,1057,413,7,19,-12,0
"2019-20","11731","Maryland","Taylor Mikesell",11,2,654,957,303,14,4,10,0
"2019-20","11731","Wisconsin","Sydney Hilliard",30,3,654,906,252,2,12,-10,0
"2019-20","11731","Wisconsin","Courtney Fredrickson",33,2,729,906,177,2,10,-8,0
"2019-20","11731","Wisconsin","Imani Lewis",34,4,729,896,167,2,9,-7,0
"2019-20","11731","Maryland","Shakira Austin",1,3,792,957,165,8,2,6,0
"2019-20","11731","Maryland","Diamond Miller",14,2,792,1057,265,14,5,9,0
"2019-20","11731","Wisconsin","Alex Luehring",44,1,896,1200,304,7,9,-2,0
"2019-20","11731","Wisconsin","Suzanne Gilreath",3,3,906,1057,151,5,7,-2,0
"2019-20","11731","Wisconsin","Niya Beverley",22,3,906,1579,673,21,22,-1,0
"2019-20","11731","Wisconsin","Sara Stapleton",41,1,906,1200,294,7,8,-1,0
"2019-20","11731","Maryland","Kaila Charles",5,4,957,1096,139,6,5,1,0
"2019-20","11731","Maryland","Ashley Owusu",15,2,957,1200,243,6,5,1,0
"2019-20","11731","Maryland","Stephanie Jones",24,3,957,1407,450,15,9,6,0
"2019-20","11731","Maryland","Taylor Mikesell",11,3,1057,1446,389,9,8,1,0
"2019-20","11731","Wisconsin","Kendra Van Leeuwen",10,3,1057,1096,39,0,1,-1,0
"2019-20","11731","Wisconsin","Courtney Fredrickson",33,3,1057,1200,143,2,1,1,0
"2019-20","11731","Maryland","Faith Masonius",13,2,1096,1200,104,0,0,0,0
"2019-20","11731","Maryland","Sara Vujacic",32,2,1096,1200,104,0,0,0,0
"2019-20","11731","Wisconsin","Sydney Hilliard",30,4,1096,1446,350,8,9,-1,0
"2019-20","11731","Maryland","Shakira Austin",1,4,1200,1307,107,4,2,2,0
"2019-20","11731","Maryland","Kaila Charles",5,5,1200,1579,379,14,14,0,0
"2019-20","11731","Maryland","Blair Watson",22,3,1200,1692,492,20,14,6,0
"2019-20","11731","Wisconsin","Kendra Van Leeuwen",10,4,1200,1579,379,14,14,0,0
"2019-20","11731","Wisconsin","Abby Laszewski",14,3,1200,1579,379,14,14,0,0
"2019-20","11731","Wisconsin","Imani Lewis",34,5,1200,1579,379,14,14,0,0
"2019-20","11731","Maryland","Ashley Owusu",15,3,1307,1579,272,10,12,-2,0
"2019-20","11731","Maryland","Faith Masonius",13,3,1407,2148,741,22,27,-5,0
"2019-20","11731","Maryland","Diamond Miller",14,3,1446,1756,310,14,11,3,0
"2019-20","11731","Wisconsin","Julie Pospisilova",5,3,1446,1692,246,8,11,-3,0
"2019-20","11731","Maryland","Taylor Mikesell",11,4,1579,1800,221,9,5,4,0
"2019-20","11731","Maryland","Stephanie Jones",24,4,1579,1800,221,9,5,4,0
"2019-20","11731","Wisconsin","Suzanne Gilreath",3,4,1579,1800,221,5,9,-4,0
"2019-20","11731","Wisconsin","Sydney Hilliard",30,5,1579,2044,465,12,13,-1,0
"2019-20","11731","Wisconsin","Tara Stauffacher",40,2,1579,1800,221,5,9,-4,0
"2019-20","11731","Wisconsin","Sara Stapleton",41,2,1579,1800,221,5,9,-4,0
"2019-20","11731","Maryland","Sara Vujacic",32,3,1692,2400,708,18,25,-7,0
"2019-20","11731","Wisconsin","Courtney Fredrickson",33,4,1692,1904,212,7,5,2,0
"2019-20","11731","Maryland","Ashley Owusu",15,4,1756,2265,509,11,17,-6,0
"2019-20","11731","Maryland","Shakira Austin",1,5,1800,1904,104,2,2,0,0
"2019-20","11731","Maryland","Diamond Miller",14,4,1800,2044,244,4,7,-3,0
"2019-20","11731","Wisconsin","Julie Pospisilova",5,4,1800,1904,104,2,2,0,0
"2019-20","11731","Wisconsin","Kendra Van Leeuwen",10,5,1800,2044,244,7,4,3,0
"2019-20","11731","Wisconsin","Abby Laszewski",14,4,1800,2148,348,12,8,4,0
"2019-20","11731","Maryland","Kaila Charles",5,6,1904,2148,244,6,10,-4,0
"2019-20","11731","Wisconsin","Niya Beverley",22,4,1904,2183,279,10,9,1,0
"2019-20","11731","Wisconsin","Imani Lewis",34,6,1904,1966,62,3,0,3,0
"2019-20","11731","Wisconsin","Tara Stauffacher",40,3,1966,2148,182,7,6,1,0
"2019-20","11731","Maryland","Shakira Austin",1,6,2044,2400,356,11,13,-2,0
"2019-20","11731","Wisconsin","Suzanne Gilreath",3,5,2044,2265,221,8,7,1,0
"2019-20","11731","Wisconsin","Julie Pospisilova",5,5,2044,2361,317,10,11,-1,0
"2019-20","11731","Maryland","Blair Watson",22,4,2148,2400,252,7,8,-1,0
"2019-20","11731","Maryland","Stephanie Jones",24,5,2148,2265,117,3,3,0,0
"2019-20","11731","Wisconsin","Sara Stapleton",41,3,2148,2400,252,8,7,1,0
"2019-20","11731","Wisconsin","Alex Luehring",44,2,2148,2400,252,8,7,1,0
"2019-20","11731","Wisconsin","Diamond Bragg",20,1,2183,2400,217,8,4,4,0
"2019-20","11731","Maryland","Taylor Mikesell",11,5,2265,2400,135,4,5,-1,0
"2019-20","11731","Maryland","Faith Masonius",13,4,2265,2400,135,4,5,-1,0
"2019-20","11731","Wisconsin","Kara Crowley",15,1,2265,2400,135,5,4,1,0
"2019-20","11731","Wisconsin","Sydney Mathiason",13,1,2361,2400,39,3,0,3,0
"2019-20","11732","Maryland","Kaila Charles",5,1,0,358,358,11,12,-1,1
"2019-20","11732","Maryland","Taylor Mikesell",11,1,0,358,358,11,12,-1,1
"2019-20","11732","Maryland","Blair Watson",22,1,0,262,262,7,10,-3,1
"2019-20","11732","Maryland","Stephanie Jones",24,1,0,248,248,7,10,-3,1
"2019-20","11732","Maryland","Sara Vujacic",32,1,0,248,248,7,10,-3,1
"2019-20","11732","Purdue","Karissa McLaughlin",1,1,0,503,503,12,17,-5,1
"2019-20","11732","Purdue","Dominique Oden",11,1,0,659,659,12,19,-7,1
"2019-20","11732","Purdue","Kayana Traylor",23,1,0,398,398,12,13,-1,1
"2019-20","11732","Purdue","Ae'Rianna Harris",32,1,0,358,358,12,11,1,1
"2019-20","11732","Purdue","Fatou Diagne",45,1,0,358,358,12,11,1,1
"2019-20","11732","Maryland","Shakira Austin",1,1,248,659,411,12,2,10,0
"2019-20","11732","Maryland","Ashley Owusu",15,1,248,443,195,8,2,6,0
"2019-20","11732","Maryland","Diamond Miller",14,1,262,503,241,10,2,8,0
"2019-20","11732","Maryland","Blair Watson",22,2,358,659,301,8,0,8,0
"2019-20","11732","Maryland","Stephanie Jones",24,2,358,967,609,18,8,10,0
"2019-20","11732","Purdue","Jenelle Grant",22,1,358,503,145,0,6,-6,0
"2019-20","11732","Purdue","Nyagoa Gony",30,1,358,443,85,0,4,-4,0
"2019-20","11732","Purdue","Lyndsey Whilby",3,1,398,659,261,0,6,-6,0
"2019-20","11732","Maryland","Taylor Mikesell",11,2,443,967,524,14,8,6,0
"2019-20","11732","Purdue","Fatou Diagne",45,2,443,762,319,2,6,-4,0
"2019-20","11732","Maryland","Kaila Charles",5,2,503,885,382,9,5,4,0
"2019-20","11732","Purdue","Kayana Traylor",23,2,503,798,295,2,8,-6,0
"2019-20","11732","Purdue","Ae'Rianna Harris",32,2,503,1400,897,12,24,-12,0
"2019-20","11732","Maryland","Diamond Miller",14,2,659,849,190,6,5,1,0
"2019-20","11732","Maryland","Ashley Owusu",15,2,659,1200,541,16,10,6,0
"2019-20","11732","Purdue","Karissa McLaughlin",1,2,659,1180,521,10,16,-6,0
"2019-20","11732","Purdue","Roxane Makolo",12,1,659,762,103,2,2,0,0
"2019-20","11732","Purdue","Dominique Oden",11,2,762,1800,1038,22,42,-20,0
"2019-20","11732","Purdue","Jenelle Grant",22,2,762,967,205,6,8,-2,0
"2019-20","11732","Purdue","Cassidy Hardin",5,1,798,1200,402,8,10,-2,0
"2019-20","11732","Maryland","Blair Watson",22,3,849,1146,297,8,5,3,0
"2019-20","11732","Maryland","Shakira Austin",1,2,885,1146,261,7,5,2,0
"2019-20","11732","Maryland","Kaila Charles",5,3,967,1400,433,12,4,8,0
"2019-20","11732","Maryland","Diamond Miller",14,3,967,1172,205,6,2,4,0
"2019-20","11732","Purdue","Fatou Diagne",45,3,967,1487,520,4,16,-12,0
"2019-20","11732","Maryland","Taylor Mikesell",11,3,1146,1956,810,35,17,18,0
"2019-20","11732","Maryland","Stephanie Jones",24,3,1146,1651,505,19,7,12,0
"2019-20","11732","Maryland","Blair Watson",22,4,1172,1651,479,17,7,10,0
"2019-20","11732","Purdue","Kayana Traylor",23,3,1180,1522,342,3,12,-9,0
"2019-20","11732","Maryland","Shakira Austin",1,3,1200,1651,451,17,7,10,0
"2019-20","11732","Purdue","Karissa McLaughlin",1,3,1200,1979,779,17,35,-18,0
"2019-20","11732","Maryland","Ashley Owusu",15,3,1400,1768,368,19,10,9,0
"2019-20","11732","Purdue","Cassidy Hardin",5,2,1400,1660,260,5,14,-9,0
"2019-20","11732","Purdue","Ae'Rianna Harris",32,3,1487,1956,469,15,23,-8,0
"2019-20","11732","Purdue","Fatou Diagne",45,4,1522,1651,129,4,5,-1,0
"2019-20","11732","Maryland","Kaila Charles",5,4,1651,1956,305,16,10,6,0
"2019-20","11732","Maryland","Faith Masonius",13,1,1651,1956,305,16,10,6,0
"2019-20","11732","Maryland","Diamond Miller",14,4,1651,1956,305,16,10,6,0
"2019-20","11732","Purdue","Jenelle Grant",22,3,1651,2069,418,12,20,-8,0
"2019-20","11732","Purdue","Kayana Traylor",23,4,1660,2069,409,12,17,-5,0
"2019-20","11732","Maryland","Sara Vujacic",32,2,1768,2197,429,20,9,11,0
"2019-20","11732","Purdue","Lyndsey Whilby",3,2,1800,1956,156,3,5,-2,0
"2019-20","11732","Maryland","Shakira Austin",1,4,1956,2071,115,5,2,3,0
"2019-20","11732","Maryland","Ashley Owusu",15,4,1956,2400,444,20,6,14,0
"2019-20","11732","Maryland","Blair Watson",22,5,1956,2197,241,12,4,8,0
"2019-20","11732","Maryland","Stephanie Jones",24,4,1956,2197,241,12,4,8,0
"2019-20","11732","Purdue","Dominique Oden",11,3,1956,2400,444,6,20,-14,0
"2019-20","11732","Purdue","Fatou Diagne",45,5,1956,2400,444,6,20,-14,0
"2019-20","11732","Purdue","Cassidy Hardin",5,3,1979,2176,197,2,10,-8,0
"2019-20","11732","Purdue","Karissa McLaughlin",1,4,2069,2400,331,4,16,-12,0
"2019-20","11732","Purdue","Ae'Rianna Harris",32,4,2069,2176,107,0,8,-8,0
"2019-20","11732","Maryland","Kaila Charles",5,5,2071,2197,126,7,2,5,0
"2019-20","11732","Purdue","Roxane Makolo",12,2,2176,2400,224,4,8,-4,0
"2019-20","11732","Purdue","Jenelle Grant",22,4,2176,2310,134,4,6,-2,0
"2019-20","11732","Maryland","Shakira Austin",1,5,2197,2400,203,8,2,6,0
"2019-20","11732","Maryland","Taylor Mikesell",11,4,2197,2400,203,8,2,6,0
"2019-20","11732","Maryland","Faith Masonius",13,2,2197,2400,203,8,2,6,0
"2019-20","11732","Maryland","Diamond Miller",14,5,2197,2400,203,8,2,6,0
"2019-20","11732","Purdue","Lyndsey Whilby",3,3,2310,2400,90,0,2,-2,0
"2019-20","11733","Maryland","Kaila Charles",5,1,0,173,173,4,6,-2,1
"2019-20","11733","Maryland","Taylor Mikesell",11,1,0,600,600,30,13,17,1
"2019-20","11733","Maryland","Ashley Owusu",15,1,0,285,285,11,9,2,1
"2019-20","11733","Maryland","Blair Watson",22,1,0,257,257,9,9,0,1
"2019-20","11733","Maryland","Stephanie Jones",24,1,0,600,600,30,13,17,1
"2019-20","11733","Minnesota","Jasmine Powell",4,1,0,285,285,9,11,-2,1
"2019-20","11733","Minnesota","Taiye Bello",5,1,0,1017,1017,16,36,-20,1
"2019-20","11733","Minnesota","Sara Scalia",14,1,0,972,972,14,36,-22,1
"2019-20","11733","Minnesota","Jasmine Brunson",21,1,0,328,328,9,14,-5,1
"2019-20","11733","Minnesota","Gadiva Hubbard",34,1,0,506,506,13,26,-13,1
"2019-20","11733","Maryland","Shakira Austin",1,1,173,366,193,13,3,10,0
"2019-20","11733","Maryland","Kaila Charles",5,2,257,1641,1384,69,24,45,0
"2019-20","11733","Maryland","Diamond Miller",14,1,285,628,343,19,4,15,0
"2019-20","11733","Minnesota","Klarke Sconiers",25,1,285,430,145,4,12,-8,0
"2019-20","11733","Minnesota","Jasmine Powell",4,2,328,872,544,4,18,-14,0
"2019-20","11733","Maryland","Blair Watson",22,2,366,648,282,13,4,9,0
"2019-20","11733","Minnesota","Jasmine Brunson",21,2,430,2122,1692,26,72,-46,0
"2019-20","11733","Minnesota","Masha Adashchyk",23,1,506,673,167,0,4,-4,0
"2019-20","11733","Maryland","Shakira Austin",1,2,600,681,81,0,0,0,0
"2019-20","11733","Maryland","Ashley Owusu",15,2,600,903,303,2,0,2,0
"2019-20","11733","Maryland","Taylor Mikesell",11,2,628,1731,1103,51,23,28,0
"2019-20","11733","Maryland","Stephanie Jones",24,2,648,1435,787,37,15,22,0
"2019-20","11733","Minnesota","Gadiva Hubbard",34,2,673,1804,1131,26,53,-27,0
"2019-20","11733","Maryland","Blair Watson",22,3,681,1343,662,28,8,20,0
"2019-20","11733","Minnesota","Masha Adashchyk",23,2,872,1200,328,6,13,-7,0
"2019-20","11733","Maryland","Faith Masonius",13,1,903,1200,297,13,6,7,0
"2019-20","11733","Minnesota","Jasmine Powell",4,3,972,1343,371,7,22,-15,0
"2019-20","11733","Minnesota","Kehinde Bello",20,1,1017,1200,183,3,9,-6,0
"2019-20","11733","Maryland","Ashley Owusu",15,3,1200,1463,263,22,9,13,0
"2019-20","11733","Minnesota","Taiye Bello",5,2,1200,1641,441,14,33,-19,0
"2019-20","11733","Minnesota","Sara Scalia",14,2,1200,1577,377,11,28,-17,0
"2019-20","11733","Maryland","Diamond Miller",14,2,1343,1494,151,11,9,2,0
"2019-20","11733","Minnesota","Masha Adashchyk",23,3,1343,1997,654,18,31,-13,0
"2019-20","11733","Maryland","Shakira Austin",1,3,1435,2400,965,32,16,16,0
"2019-20","11733","Maryland","Sara Vujacic",32,1,1463,1800,337,16,11,5,0
"2019-20","11733","Maryland","Faith Masonius",13,2,1494,2400,906,30,14,16,0
"2019-20","11733","Minnesota","Jasmine Powell",4,4,1577,1731,154,6,8,-2,0
"2019-20","11733","Maryland","Diamond Miller",14,3,1641,1893,252,7,6,1,0
"2019-20","11733","Minnesota","Klarke Sconiers",25,2,1641,1804,163,6,5,1,0
"2019-20","11733","Maryland","Ashley Owusu",15,4,1731,2400,669,18,8,10,0
"2019-20","11733","Minnesota","Sara Scalia",14,3,1731,2400,669,8,18,-10,0
"2019-20","11733","Maryland","Blair Watson",22,4,1800,1877,77,0,0,0,0
"2019-20","11733","Minnesota","Taiye Bello",5,3,1804,2236,432,3,12,-9,0
"2019-20","11733","Minnesota","Kehinde Bello",20,2,1804,2122,318,0,12,-12,0
"2019-20","11733","Maryland","Taylor Mikesell",11,3,1877,1997,120,6,0,6,0
"2019-20","11733","Maryland","Sara Vujacic",32,2,1893,2400,507,14,5,9,0
"2019-20","11733","Maryland","Diamond Miller",14,4,1997,2378,381,10,3,7,0
"2019-20","11733","Minnesota","Gadiva Hubbard",34,3,1997,2400,403,5,10,-5,0
"2019-20","11733","Minnesota","Jasmine Powell",4,5,2122,2400,278,5,4,1,0
"2019-20","11733","Minnesota","Klarke Sconiers",25,3,2122,2400,278,5,4,1,0
"2019-20","11733","Minnesota","Barbora Tomancova",2,1,2236,2400,164,2,4,-2,0
"2019-20","11733","Maryland","Kaila Charles",5,3,2378,2400,22,0,2,-2,0
"2019-20","11734","Maryland","Shakira Austin",1,1,0,239,239,9,3,6,1
"2019-20","11734","Maryland","Kaila Charles",5,1,0,96,96,4,2,2,1
"2019-20","11734","Maryland","Taylor Mikesell",11,1,0,239,239,9,3,6,1
"2019-20","11734","Maryland","Ashley Owusu",15,1,0,868,868,26,24,2,1
"2019-20","11734","Maryland","Stephanie Jones",24,1,0,351,351,12,8,4,1
"2019-20","11734","Purdue","Karissa McLaughlin",1,1,0,1939,1939,47,64,-17,1
"2019-20","11734","Purdue","Dominique Oden",11,1,0,478,478,16,18,-2,1
"2019-20","11734","Purdue","Kayana Traylor",23,1,0,239,239,3,9,-6,1
"2019-20","11734","Purdue","Ae'Rianna Harris",32,1,0,2381,2381,61,74,-13,1
"2019-20","11734","Purdue","Fatou Diagne",45,1,0,239,239,3,9,-6,1
"2019-20","11734","Maryland","Diamond Miller",14,1,96,351,255,8,6,2,0
"2019-20","11734","Maryland","Kaila Charles",5,2,239,676,437,13,19,-6,0
"2019-20","11734","Maryland","Blair Watson",22,1,239,464,225,9,13,-4,0
"2019-20","11734","Purdue","Cassidy Hardin",5,1,239,788,549,21,15,6,0
"2019-20","11734","Purdue","Nyagoa Gony",30,1,239,351,112,5,3,2,0
"2019-20","11734","Maryland","Shakira Austin",1,2,351,645,294,8,11,-3,0
"2019-20","11734","Maryland","Taylor Mikesell",11,2,351,2291,1940,60,49,11,0
"2019-20","11734","Purdue","Fatou Diagne",45,2,351,464,113,8,6,2,0
"2019-20","11734","Maryland","Diamond Miller",14,2,464,478,14,0,0,0,0
"2019-20","11734","Purdue","Nyagoa Gony",30,2,464,600,136,3,2,1,0
"2019-20","11734","Maryland","Stephanie Jones",24,2,478,599,121,2,3,-1,0
"2019-20","11734","Purdue","Lyndsey Whilby",3,1,478,600,122,3,2,1,0
"2019-20","11734","Maryland","Blair Watson",22,2,599,600,1,0,0,0,0
"2019-20","11734","Maryland","Stephanie Jones",24,3,600,802,202,4,5,-1,0
"2019-20","11734","Purdue","Dominique Oden",11,2,600,1697,1097,23,32,-9,0
"2019-20","11734","Purdue","Fatou Diagne",45,3,600,913,313,5,6,-1,0
"2019-20","11734","Maryland","Blair Watson",22,3,645,1200,555,17,10,7,0
"2019-20","11734","Maryland","Diamond Miller",14,3,676,1070,394,12,5,7,0
"2019-20","11734","Purdue","Kayana Traylor",23,2,788,1070,282,3,10,-7,0
"2019-20","11734","Maryland","Shakira Austin",1,3,802,1070,268,10,3,7,0
"2019-20","11734","Maryland","Faith Masonius",13,1,868,1200,332,11,5,6,0
"2019-20","11734","Purdue","Nyagoa Gony",30,3,913,1070,157,3,8,-5,0
"2019-20","11734","Maryland","Ashley Owusu",15,2,1070,1616,546,16,14,2,0
"2019-20","11734","Maryland","Stephanie Jones",24,4,1070,1476,406,12,10,2,0
"2019-20","11734","Purdue","Cassidy Hardin",5,2,1070,1800,730,17,21,-4,0
"2019-20","11734","Purdue","Jenelle Grant",22,1,1070,1200,130,2,3,-1,0
"2019-20","11734","Maryland","Shakira Austin",1,4,1200,1800,600,18,15,3,0
"2019-20","11734","Maryland","Kaila Charles",5,3,1200,1458,258,8,8,0,0
"2019-20","11734","Purdue","Fatou Diagne",45,4,1200,1476,276,9,9,0,0
"2019-20","11734","Maryland","Blair Watson",22,4,1458,1939,481,19,10,9,0
"2019-20","11734","Maryland","Faith Masonius",13,2,1476,1616,140,4,4,0,0
"2019-20","11734","Purdue","Nyagoa Gony",30,4,1476,1570,94,0,4,-4,0
"2019-20","11734","Purdue","Fatou Diagne",45,5,1570,2134,564,15,19,-4,0
"2019-20","11734","Maryland","Kaila Charles",5,4,1616,1716,100,2,1,1,0
"2019-20","11734","Maryland","Stephanie Jones",24,5,1616,2291,675,22,16,6,0
"2019-20","11734","Purdue","Lyndsey Whilby",3,2,1697,2048,351,7,12,-5,0
"2019-20","11734","Maryland","Diamond Miller",14,4,1716,1800,84,3,2,1,0
"2019-20","11734","Maryland","Kaila Charles",5,5,1800,2192,392,14,11,3,0
"2019-20","11734","Maryland","Ashley Owusu",15,3,1800,2400,600,19,18,1,0
"2019-20","11734","Purdue","Dominique Oden",11,3,1800,2381,581,17,19,-2,0
"2019-20","11734","Maryland","Shakira Austin",1,5,1939,2048,109,0,2,-2,0
"2019-20","11734","Purdue","Cassidy Hardin",5,3,1939,2400,461,15,10,5,0
"2019-20","11734","Maryland","Blair Watson",22,5,2048,2291,243,8,8,0,0
"2019-20","11734","Purdue","Karissa McLaughlin",1,2,2048,2291,243,8,8,0,0
"2019-20","11734","Purdue","Nyagoa Gony",30,5,2134,2211,77,2,0,2,0
"2019-20","11734","Maryland","Shakira Austin",1,6,2192,2400,208,5,7,-2,0
"2019-20","11734","Purdue","Fatou Diagne",45,6,2211,2400,189,7,5,2,0
"2019-20","11734","Maryland","Faith Masonius",13,3,2291,2400,109,2,5,-3,0
"2019-20","11734","Maryland","Diamond Miller",14,5,2291,2400,109,2,5,-3,0
"2019-20","11734","Maryland","Sara Vujacic",32,1,2291,2400,109,2,5,-3,0
"2019-20","11734","Purdue","Lyndsey Whilby",3,3,2291,2400,109,5,2,3,0
"2019-20","11734","Purdue","Jenelle Grant",22,2,2381,2400,19,1,0,1,0
"2019-20","11734","Purdue","Kayana Traylor",23,3,2381,2400,19,1,0,1,0
"2019-20","12071","Indiana","Aleksa Gulbe",10,1,0,220,220,9,7,2,1
"2019-20","12071","Indiana","Jaelynn Penn",13,1,0,374,374,13,12,1,1
"2019-20","12071","Indiana","Ali Patberg",14,1,0,502,502,13,14,-1,1
"2019-20","12071","Indiana","Grace Berger",34,1,0,555,555,13,16,-3,1
"2019-20","12071","Indiana","Brenna Wise",50,1,0,374,374,13,12,1,1
"2019-20","12071","Maryland","Shakira Austin",1,1,0,502,502,14,13,1,1
"2019-20","12071","Maryland","Kaila Charles",5,1,0,713,713,19,15,4,1
"2019-20","12071","Maryland","Taylor Mikesell",11,1,0,713,713,19,15,4,1
"2019-20","12071","Maryland","Blair Watson",22,1,0,83,83,5,4,1,1
"2019-20","12071","Maryland","Stephanie Jones",24,1,0,374,374,12,13,-1,1
"2019-20","12071","Maryland","Diamond Miller",14,1,83,502,419,9,9,0,0
"2019-20","12071","Indiana","Mackenzie Holmes",54,1,220,502,282,4,7,-3,0
"2019-20","12071","Indiana","Grace Waggoner",3,1,374,502,128,0,2,-2,0
"2019-20","12071","Indiana","Aleksa Gulbe",10,2,374,713,339,2,7,-5,0
"2019-20","12071","Maryland","Ashley Owusu",15,1,374,789,415,9,4,5,0
"2019-20","12071","Indiana","Chanel Wilson",11,1,502,555,53,0,2,-2,0
"2019-20","12071","Indiana","Jaelynn Penn",13,2,502,1605,1103,13,30,-17,0
"2019-20","12071","Indiana","Brenna Wise",50,2,502,876,374,8,11,-3,0
"2019-20","12071","Maryland","Faith Masonius",13,1,502,600,98,2,0,2,0
"2019-20","12071","Maryland","Blair Watson",22,2,502,743,241,7,4,3,0
"2019-20","12071","Indiana","Grace Waggoner",3,2,555,600,45,0,0,0,0
"2019-20","12071","Indiana","Ali Patberg",14,2,555,1774,1219,19,34,-15,0
"2019-20","12071","Indiana","Grace Berger",34,2,600,2400,1800,38,50,-12,0
"2019-20","12071","Maryland","Stephanie Jones",24,2,600,1088,488,12,8,4,0
"2019-20","12071","Indiana","Mackenzie Holmes",54,2,713,876,163,6,6,0,0
"2019-20","12071","Maryland","Shakira Austin",1,2,713,975,262,9,6,3,0
"2019-20","12071","Maryland","Diamond Miller",14,2,713,876,163,6,6,0,0
"2019-20","12071","Maryland","Kaila Charles",5,2,743,1327,584,11,9,2,0
"2019-20","12071","Maryland","Taylor Mikesell",11,2,789,1515,726,17,9,8,0
"2019-20","12071","Indiana","Aleksa Gulbe",10,3,876,897,21,0,1,-1,0
"2019-20","12071","Indiana","Jorie Allen",33,1,876,975,99,0,3,-3,0
"2019-20","12071","Maryland","Ashley Owusu",15,2,876,1127,251,3,1,2,0
"2019-20","12071","Indiana","Mackenzie Holmes",54,3,897,975,78,0,2,-2,0
"2019-20","12071","Indiana","Aleksa Gulbe",10,4,975,1088,113,0,0,0,0
"2019-20","12071","Indiana","Brenna Wise",50,3,975,1490,515,5,10,-5,0
"2019-20","12071","Maryland","Diamond Miller",14,3,975,1088,113,0,0,0,0
"2019-20","12071","Indiana","Mackenzie Holmes",54,4,1088,1200,112,3,0,3,0
"2019-20","12071","Maryland","Shakira Austin",1,3,1088,1453,365,8,5,3,0
"2019-20","12071","Maryland","Faith Masonius",13,2,1088,1200,112,0,3,-3,0
"2019-20","12071","Maryland","Diamond Miller",14,4,1127,1200,73,0,2,-2,0
"2019-20","12071","Indiana","Aleksa Gulbe",10,5,1200,1405,205,2,6,-4,0
"2019-20","12071","Maryland","Blair Watson",22,3,1200,1652,452,19,4,15,0
"2019-20","12071","Maryland","Stephanie Jones",24,3,1200,1629,429,17,2,15,0
"2019-20","12071","Maryland","Diamond Miller",14,5,1327,1686,359,15,2,13,0
"2019-20","12071","Indiana","Mackenzie Holmes",54,5,1405,1605,200,0,10,-10,0
"2019-20","12071","Maryland","Kaila Charles",5,3,1453,1968,515,18,12,6,0
"2019-20","12071","Indiana","Aleksa Gulbe",10,6,1490,1686,196,2,9,-7,0
"2019-20","12071","Maryland","Ashley Owusu",15,3,1515,2016,501,16,17,-1,0
"2019-20","12071","Indiana","Grace Waggoner",3,3,1605,1774,169,6,6,0,0
"2019-20","12071","Indiana","Brenna Wise",50,4,1605,1800,195,7,6,1,0
"2019-20","12071","Maryland","Shakira Austin",1,4,1629,1774,145,5,6,-1,0
"2019-20","12071","Maryland","Taylor Mikesell",11,3,1652,1800,148,3,5,-2,0
"2019-20","12071","Indiana","Mackenzie Holmes",54,6,1686,2400,714,23,19,4,0
"2019-20","12071","Maryland","Faith Masonius",13,3,1686,1800,114,3,5,-2,0
"2019-20","12071","Indiana","Grace Waggoner",3,4,1774,1800,26,1,0,1,0
"2019-20","12071","Indiana","Jaelynn Penn",13,3,1774,1879,105,3,2,1,0
"2019-20","12071","Maryland","Diamond Miller",14,6,1774,2400,626,16,19,-3,0
"2019-20","12071","Indiana","Aleksa Gulbe",10,7,1800,2400,600,18,16,2,0
"2019-20","12071","Indiana","Ali Patberg",14,3,1800,2364,564,16,16,0,0
"2019-20","12071","Maryland","Blair Watson",22,4,1800,2328,528,14,16,-2,0
"2019-20","12071","Maryland","Stephanie Jones",24,4,1800,2328,528,14,16,-2,0
"2019-20","12071","Indiana","Chanel Wilson",11,2,1879,1917,38,3,0,3,0
"2019-20","12071","Indiana","Brenna Wise",50,5,1917,2400,483,13,14,-1,0
"2019-20","12071","Maryland","Shakira Austin",1,5,1968,2082,114,0,5,-5,0
"2019-20","12071","Maryland","Taylor Mikesell",11,4,2016,2113,97,0,0,0,0
"2019-20","12071","Maryland","Kaila Charles",5,4,2082,2400,318,12,8,4,0
"2019-20","12071","Maryland","Ashley Owusu",15,4,2113,2400,287,12,8,4,0
"2019-20","12071","Maryland","Faith Masonius",13,4,2328,2400,72,2,2,0,0
"2019-20","12071","Maryland","Sara Vujacic",32,1,2328,2400,72,2,2,0,0
"2019-20","12071","Indiana","Grace Waggoner",3,5,2364,2400,36,2,0,2,0
"2019-20","12072","Maryland","Shakira Austin",1,1,0,141,141,3,7,-4,1
"2019-20","12072","Maryland","Kaila Charles",5,1,0,223,223,7,12,-5,1
"2019-20","12072","Maryland","Taylor Mikesell",11,1,0,333,333,12,16,-4,1
"2019-20","12072","Maryland","Blair Watson",22,1,0,600,600,20,22,-2,1
"2019-20","12072","Maryland","Stephanie Jones",24,1,0,600,600,20,22,-2,1
"2019-20","12072","Ohio St.","Madison Greene",0,1,0,700,700,24,26,-2,1
"2019-20","12072","Ohio St.","Jacy Sheldon",4,1,0,600,600,22,20,2,1
"2019-20","12072","Ohio St.","Braxtin Miller",10,1,0,333,333,16,12,4,1
"2019-20","12072","Ohio St.","Dorka Juhasz",14,1,0,544,544,19,20,-1,1
"2019-20","12072","Ohio St.","Aaliyah Patty",32,1,0,141,141,7,3,4,1
"2019-20","12072","Maryland","Ashley Owusu",15,1,141,544,403,17,12,5,0
"2019-20","12072","Ohio St.","Kierstan Bell",24,1,141,467,326,12,15,-3,0
"2019-20","12072","Maryland","Shakira Austin",1,2,223,333,110,5,4,1,0
"2019-20","12072","Maryland","Kaila Charles",5,2,333,467,134,6,3,3,0
"2019-20","12072","Maryland","Diamond Miller",14,1,333,700,367,14,8,6,0
"2019-20","12072","Ohio St.","Janai Crooms",3,1,333,700,367,8,14,-6,0
"2019-20","12072","Maryland","Shakira Austin",1,3,467,700,233,8,5,3,0
"2019-20","12072","Ohio St.","Braxtin Miller",10,2,467,982,515,10,19,-9,0
"2019-20","12072","Maryland","Taylor Mikesell",11,2,544,835,291,10,10,0,0
"2019-20","12072","Ohio St.","Aixa Wone Aranaz",11,1,544,700,156,5,6,-1,0
"2019-20","12072","Maryland","Kaila Charles",5,3,600,835,235,10,7,3,0
"2019-20","12072","Maryland","Ashley Owusu",15,2,600,1200,600,24,13,11,0
"2019-20","12072","Ohio St.","Kierstan Bell",24,2,600,835,235,7,10,-3,0
"2019-20","12072","Maryland","Blair Watson",22,2,700,1620,920,30,18,12,0
"2019-20","12072","Maryland","Stephanie Jones",24,2,700,1925,1225,37,24,13,0
"2019-20","12072","Ohio St.","Jacy Sheldon",4,2,700,2050,1350,27,42,-15,0
"2019-20","12072","Ohio St.","Dorka Juhasz",14,2,700,1617,917,18,30,-12,0
"2019-20","12072","Ohio St.","Aaliyah Patty",32,2,700,982,282,5,11,-6,0
"2019-20","12072","Maryland","Faith Masonius",13,1,835,1200,365,14,6,8,0
"2019-20","12072","Maryland","Diamond Miller",14,2,835,982,147,7,0,7,0
"2019-20","12072","Ohio St.","Madison Greene",0,2,835,2400,1565,36,52,-16,0
"2019-20","12072","Maryland","Taylor Mikesell",11,3,982,1361,379,9,6,3,0
"2019-20","12072","Ohio St.","Janai Crooms",3,2,982,1200,218,6,7,-1,0
"2019-20","12072","Ohio St.","Kierstan Bell",24,3,982,1200,218,6,7,-1,0
"2019-20","12072","Maryland","Shakira Austin",1,4,1200,2310,1110,38,25,13,0
"2019-20","12072","Maryland","Kaila Charles",5,4,1200,1752,552,16,11,5,0
"2019-20","12072","Ohio St.","Braxtin Miller",10,3,1200,1583,383,7,12,-5,0
"2019-20","12072","Ohio St.","Aaliyah Patty",32,3,1200,1472,272,4,9,-5,0
"2019-20","12072","Maryland","Ashley Owusu",15,3,1361,2400,1039,36,30,6,0
"2019-20","12072","Ohio St.","Kierstan Bell",24,4,1472,1752,280,7,7,0,0
"2019-20","12072","Ohio St.","Janai Crooms",3,3,1583,1977,394,9,7,2,0
"2019-20","12072","Ohio St.","Aaliyah Patty",32,4,1617,1977,360,9,7,2,0
"2019-20","12072","Maryland","Diamond Miller",14,3,1620,1977,357,7,9,-2,0
"2019-20","12072","Maryland","Blair Watson",22,3,1752,2213,461,16,9,7,0
"2019-20","12072","Ohio St.","Dorka Juhasz",14,3,1752,2400,648,19,22,-3,0
"2019-20","12072","Maryland","Kaila Charles",5,5,1925,1977,52,0,3,-3,0
"2019-20","12072","Maryland","Taylor Mikesell",11,4,1977,2400,423,19,14,5,0
"2019-20","12072","Maryland","Stephanie Jones",24,3,1977,2310,333,19,9,10,0
"2019-20","12072","Ohio St.","Braxtin Miller",10,4,1977,2400,423,14,19,-5,0
"2019-20","12072","Ohio St.","Kierstan Bell",24,5,1977,2400,423,14,19,-5,0
"2019-20","12072","Ohio St.","Janai Crooms",3,4,2050,2400,350,14,14,0,0
"2019-20","12072","Maryland","Kaila Charles",5,6,2213,2310,97,6,5,1,0
"2019-20","12072","Maryland","Faith Masonius",13,2,2310,2400,90,0,5,-5,0
"2019-20","12072","Maryland","Diamond Miller",14,4,2310,2400,90,0,5,-5,0
"2019-20","12072","Maryland","Sara Vujacic",32,1,2310,2400,90,0,5,-5,0
