"source_id","file_id","team","lineup","num_players","start_seconds","end_seconds","duration","pts_for","pts_against","plus_minus"
"2015-16","9605","UMass-Lowell","Asia MITCHELL-OWENS|Kayla GIBBS|Lindsey DOUCETTE|Nicole HAYNER|Nicole RIDDICK",5,0,98,98,0,2,-2
"2015-16","9605","UMass-Lowell","Kayla GIBBS|Lindsey DOUCETTE|Nicole HAYNER|Nicole RIDDICK",4,98,241,143,5,10,-5
"2015-16","9605","Maryland","Brionna Jones|Chloe Pavlech|Kiah Gillespie|Kiara Leslie|S. Walker-Kimbrough",5,0,305,305,14,5,9
"2015-16","9605","UMass-Lowell","Lauren PARRA|Lindsey DOUCETTE|Melissa FRASE|Nicole HAYNER",4,241,366,125,0,5,-5
"2015-16","9605","Maryland","Brionna Jones|Chloe Pavlech|Kiara Leslie|Malina Howard|S. Walker-Kimbrough",5,305,366,61,3,0,3
"2015-16","9605","UMass-Lowell","Kayla GIBBS|Lauren PARRA|Nicole HAYNER|Nicole RIDDICK",4,366,501,135,0,9,-9
"2015-16","9605","Maryland","Brene Moseley|Brionna Jones|Kristen Confroy|Malina Howard|S. Walker-Kimbrough",5,366,501,135,9,0,9
"2015-16","9605","UMass-Lowell","Asia MITCHELL-OWENS|Katherine SMITH|Kayla GIBBS|Nicole HAYNER|Nicole RIDDICK",5,501,571,70,0,4,-4
"2015-16","9605","Maryland","Brene Moseley|Brianna Fraser|Kiah Gillespie|Kristen Confroy|Malina Howard",5,501,600,99,4,2,2
"2015-16","9605","UMass-Lowell","Asia MITCHELL-OWENS|Katherine SMITH|Kayla GIBBS|Melissa FRASE|Nicole HAYNER",5,571,600,29,2,0,2
"2015-16","9605","UMass-Lowell","Katherine SMITH|Kayla GIBBS|Lauren PARRA|Melissa FRASE|Nicole HAYNER",5,600,670,70,2,2,0
"2015-16","9605","UMass-Lowell","Katherine SMITH|Kayla GIBBS|Lauren PARRA|Melissa FRASE|Nazarae BUTLER|Nicole HAYNER",6,670,712,42,0,3,-3
"2015-16","9605","UMass-Lowell","Katherine SMITH|Lauren PARRA|Lindsey DOUCETTE|Melissa FRASE|Nazarae BUTLER|Nicole HAYNER",6,712,779,67,2,4,-2
"2015-16","9605","UMass-Lowell","Asia MITCHELL-OWENS|Katherine SMITH|Lauren PARRA|Lindsey DOUCETTE|Melissa FRASE|Nicole HAYNER",6,779,909,130,3,4,-1
"2015-16","9605","Maryland","Brionna Jones|Chloe Pavlech|Kiah Gillespie|Kiara Leslie|S. Walker-Kimbrough",5,600,909,309,13,7,6
"2015-16","9605","UMass-Lowell","Asia MITCHELL-OWENS|Kayla GIBBS|Lauren PARRA|Lindsey DOUCETTE|Melissa FRASE|Nicole HAYNER",6,909,989,80,2,4,-2
"2015-16","9605","UMass-Lowell","Kayla GIBBS|Lauren PARRA|Lindsey DOUCETTE|Melissa FRASE|Nazarae BUTLER|Nicole HAYNER",6,989,1100,111,0,6,-6
"2015-16","9605","Maryland","Brene Moseley|Brianna Fraser|Kristen Confroy|Malina Howard|S. Walker-Kimbrough",5,909,1100,191,10,2,8
"2015-16","9605","Maryland","Brene Moseley|Brianna Fraser|Kiah Gillespie|Kristen Confroy|Malina Howard",5,1100,1158,58,3,3,0
"2015-16","9605","Maryland","Brene Moseley|Brianna Fraser|Chloe Pavlech|Kristen Confroy|Malina Howard",5,1158,1200,42,2,0,2
"2015-16","9605","UMass-Lowell","Katherine SMITH|Lauren PARRA|Lindsey DOUCETTE|Melissa FRASE|Nazarae BUTLER|Nicole HAYNER",6,1100,1200,100,3,5,-2
"2015-16","9605","UMass-Lowell","Asia MITCHELL-OWENS|Kayla GIBBS|Lindsey DOUCETTE|Nicole HAYNER|Nicole RIDDICK",5,1200,1379,179,1,4,-3
"2015-16","9605","Maryland","Brionna Jones|Chloe Pavlech|Kiah Gillespie|Kiara Leslie|S. Walker-Kimbrough",5,1200,1379,179,4,1,3
"2015-16","9605","UMass-Lowell","Kayla GIBBS|Lindsey DOUCETTE|Nazarae BUTLER|Nicole HAYNER|Nicole RIDDICK",5,1379,1450,71,5,3,2
"2015-16","9605","Maryland","Brene Moseley|Brionna Jones|Kiah Gillespie|Kiara Leslie|S. Walker-Kimbrough",5,1379,1450,71,3,5,-2
"2015-16","9605","UMass-Lowell","Katherine SMITH|Lindsey DOUCETTE|Nazarae BUTLER|Nicole HAYNER|Nicole RIDDICK",5,1450,1471,21,0,0,0
"2015-16","9605","UMass-Lowell","Katherine SMITH|Lindsey DOUCETTE|Melissa FRASE|Nicole HAYNER|Nicole RIDDICK",5,1471,1586,115,0,6,-6
"2015-16","9605","Maryland","Brene Moseley|Brionna Jones|Kiara Leslie|Malina Howard|S. Walker-Kimbrough",5,1450,1586,136,6,0,6
"2015-16","9605","Maryland","Brene Moseley|Brionna Jones|Kristen Confroy|Malina Howard|S. Walker-Kimbrough",5,1586,1641,55,3,1,2
"2015-16","9605","UMass-Lowell","Katherine SMITH|Kayla GIBBS|Melissa FRASE|Nazarae BUTLER|Nicole HAYNER",5,1586,1712,126,3,5,-2
"2015-16","9605","Maryland","Brene Moseley|Brianna Fraser|Kristen Confroy|Malina Howard|S. Walker-Kimbrough",5,1641,1712,71,2,2,0
"2015-16","9605","Maryland","Brene Moseley|Brianna Fraser|Kiara Leslie|Kristen Confroy|Malina Howard",5,1712,1800,88,2,3,-1
"2015-16","9605","UMass-Lowell","Asia MITCHELL-OWENS|Katherine SMITH|Kayla GIBBS|Melissa FRASE|Nazarae BUTLER",5,1712,1800,88,3,2,1
"2015-16","9605","UMass-Lowell","Asia MITCHELL-OWENS|Katherine SMITH|Kayla GIBBS|Melissa FRASE|Nazarae BUTLER",5,1800,1820,20,0,0,0
"2015-16","9605","Maryland","Brene Moseley|Brianna Fraser|Kiah Gillespie|Kiara Leslie|Kristen Confroy",5,1800,1883,83,2,3,-1
"2015-16","9605","UMass-Lowell","Kayla GIBBS|Lindsey DOUCETTE|Melissa FRASE|Nazarae BUTLER|Nicole RIDDICK",5,1820,2037,217,7,11,-4
"2015-16","9605","Maryland","Aja Ellison|Brene Moseley|Kiah Gillespie|Kiara Leslie|Kristen Confroy",5,1883,2037,154,9,4,5
"2015-16","9605","Maryland","Aja Ellison|Brene Moseley|Brianna Fraser|Kiara Leslie|Kristen Confroy",5,2037,2060,23,3,0,3
"2015-16","9605","Maryland","Aja Ellison|Brene Moseley|Brianna Fraser|Kristen Confroy|Malina Howard",5,2060,2292,232,5,12,-7
"2015-16","9605","Maryland","Brene Moseley|Brianna Fraser|Chloe Pavlech|Kristen Confroy|Malina Howard",5,2292,2400,108,5,3,2
"2015-16","9605","UMass-Lowell","Katherine SMITH|Lauren PARRA|Melissa FRASE|Nazarae BUTLER|Nicole HAYNER",5,2037,2400,363,15,13,2
"2015-16","9606","High Point","Aariel ALLEN|Emma BOCKRATH|Haleigh HATFIELD|Kat HARRIS|Kaylah KEYS",5,0,93,93,2,8,-6
"2015-16","9606","High Point","Aariel ALLEN|Emma BOCKRATH|Kat HARRIS|Kaylah KEYS|Kennedy CURRIE",5,93,102,9,0,0,0
"2015-16","9606","Maryland","Brionna Jones|Chloe Pavlech|Kiah Gillespie|Kiara Leslie|S. Walker-Kimbrough",5,0,102,102,8,2,6
"2015-16","9606","Maryland","Brene Moseley|Brionna Jones|Chloe Pavlech|Kiah Gillespie|S. Walker-Kimbrough",5,102,214,112,7,2,5
"2015-16","9606","High Point","Aariel ALLEN|Emma BOCKRATH|Haleigh HATFIELD|Kat HARRIS|Kaylah KEYS",5,102,224,122,3,7,-4
"2015-16","9606","High Point","Emma BOCKRATH|Haleigh HATFIELD|Kat HARRIS|Kaylah KEYS|Taylor MCGLASHAN",5,224,305,81,6,3,3
"2015-16","9606","Maryland","A'Lexus Harrison|Brene Moseley|Brionna Jones|Kristen Confroy|S. Walker-Kimbrough",5,214,305,91,3,7,-4
"2015-16","9606","Maryland","Brene Moseley|Brionna Jones|Kiah Gillespie|Kristen Confroy|S. Walker-Kimbrough",5,305,316,11,0,0,0
"2015-16","9606","High Point","Haleigh HATFIELD|Kat HARRIS|Kaylah KEYS|Lindsey EDWARDS|Taylor MCGLASHAN",5,305,345,40,0,0,0
"2015-16","9606","High Point","Emma BOCKRATH|Haleigh HATFIELD|Kyrie' CHANDLER|Lindsey EDWARDS|Taylor MCGLASHAN",5,345,382,37,0,0,0
"2015-16","9606","Maryland","Brene Moseley|Kiah Gillespie|Kristen Confroy|Malina Howard|S. Walker-Kimbrough",5,316,382,66,0,0,0
"2015-16","9606","High Point","Emma BOCKRATH|Kennedy CURRIE|Kyrie' CHANDLER|Lindsey EDWARDS|Taylor MCGLASHAN",5,382,393,11,0,3,-3
"2015-16","9606","Maryland","Brene Moseley|Brianna Fraser|Kiah Gillespie|Kristen Confroy|S. Walker-Kimbrough",5,382,393,11,3,0,3
"2015-16","9606","High Point","Aariel ALLEN|Emma BOCKRATH|Kennedy CURRIE|Kyrie' CHANDLER|Lindsey EDWARDS",5,393,459,66,1,2,-1
"2015-16","9606","Maryland","Brene Moseley|Brianna Fraser|Kiah Gillespie|Kiara Leslie|Kristen Confroy",5,393,521,128,2,3,-1
"2015-16","9606","High Point","Aariel ALLEN|Emma BOCKRATH|Kaylah KEYS|Kennedy CURRIE|Kyrie' CHANDLER",5,459,554,95,2,2,0
"2015-16","9606","Maryland","Brene Moseley|Brianna Fraser|Kiah Gillespie|Kristen Confroy|S. Walker-Kimbrough",5,521,600,79,2,0,2
"2015-16","9606","High Point","Emma BOCKRATH|Haleigh HATFIELD|Kaylah KEYS|Kennedy CURRIE|Kyrie' CHANDLER",5,554,600,46,0,0,0
"2015-16","9606","High Point","Emma BOCKRATH|Haleigh HATFIELD|Kaylah KEYS|Kennedy CURRIE|Kyrie' CHANDLER",5,600,630,30,0,0,0
"2015-16","9606","Maryland","Brionna Jones|Chloe Pavlech|Kiah Gillespie|Kiara Leslie|S. Walker-Kimbrough",5,600,671,71,2,2,0
"2015-16","9606","High Point","Emma BOCKRATH|Haleigh HATFIELD|Kat HARRIS|Kaylah KEYS|Kennedy CURRIE",5,630,700,70,3,4,-1
"2015-16","9606","Maryland","Brianna Fraser|Chloe Pavlech|Kiah Gillespie|Kiara Leslie|S. Walker-Kimbrough",5,671,700,29,2,1,1
"2015-16","9606","High Point","Emma BOCKRATH|Haleigh HATFIELD|Kat HARRIS|Kaylah KEYS|Taylor MCGLASHAN",5,700,751,51,0,2,-2
"2015-16","9606","High Point","Haleigh HATFIELD|Kat HARRIS|Kaylah KEYS|Lindsey EDWARDS|Taylor MCGLASHAN",5,751,776,25,0,1,-1
"2015-16","9606","Maryland","Brianna Fraser|Chloe Pavlech|Kiah Gillespie|Kristen Confroy|S. Walker-Kimbrough",5,700,776,76,3,0,3
"2015-16","9606","High Point","Haleigh HATFIELD|Kaylah KEYS|Kyrie' CHANDLER|Lindsey EDWARDS|Taylor MCGLASHAN",5,776,875,99,3,0,3
"2015-16","9606","Maryland","A'Lexus Harrison|Brianna Fraser|Chloe Pavlech|Kristen Confroy|S. Walker-Kimbrough",5,776,875,99,0,3,-3
"2015-16","9606","High Point","Emma BOCKRATH|Haleigh HATFIELD|Kyrie' CHANDLER|Lindsey EDWARDS|Taylor MCGLASHAN",5,875,981,106,0,7,-7
"2015-16","9606","Maryland","A'Lexus Harrison|Brene Moseley|Kristen Confroy|Malina Howard|S. Walker-Kimbrough",5,875,981,106,7,0,7
"2015-16","9606","High Point","Haleigh HATFIELD|Kaylah KEYS|Kyrie' CHANDLER|Lindsey EDWARDS|Taylor MCGLASHAN",5,981,1127,146,0,7,-7
"2015-16","9606","Maryland","Brene Moseley|Kiah Gillespie|Kristen Confroy|Malina Howard|S. Walker-Kimbrough",5,981,1142,161,7,0,7
"2015-16","9606","Maryland","Brene Moseley|Brianna Fraser|Kiah Gillespie|Kristen Confroy|S. Walker-Kimbrough",5,1142,1200,58,2,0,2
"2015-16","9606","High Point","Emma BOCKRATH|Haleigh HATFIELD|Kaylah KEYS|Kennedy CURRIE|Lindsey EDWARDS",5,1127,1200,73,0,2,-2
"2015-16","9606","High Point","Aariel ALLEN|Emma BOCKRATH|Haleigh HATFIELD|Kat HARRIS|Kaylah KEYS",5,1200,1383,183,6,11,-5
"2015-16","9606","High Point","Aariel ALLEN|Emma BOCKRATH|Haleigh HATFIELD|Kaylah KEYS|Lindsey EDWARDS",5,1383,1469,86,4,6,-2
"2015-16","9606","Maryland","Brionna Jones|Chloe Pavlech|Kiah Gillespie|Kiara Leslie|S. Walker-Kimbrough",5,1200,1469,269,17,10,7
"2015-16","9606","High Point","Emma BOCKRATH|Haleigh HATFIELD|Kaylah KEYS|Lindsey EDWARDS|Taylor MCGLASHAN",5,1469,1487,18,0,0,0
"2015-16","9606","High Point","Emma BOCKRATH|Haleigh HATFIELD|Kyrie' CHANDLER|Lindsey EDWARDS|Taylor MCGLASHAN",5,1487,1511,24,0,2,-2
"2015-16","9606","Maryland","Brianna Fraser|Chloe Pavlech|Kiah Gillespie|Kiara Leslie|S. Walker-Kimbrough",5,1469,1539,70,4,0,4
"2015-16","9606","High Point","Emma BOCKRATH|Haleigh HATFIELD|Kat HARRIS|Kaylah KEYS|Taylor MCGLASHAN",5,1511,1585,74,0,7,-7
"2015-16","9606","High Point","Emma BOCKRATH|Kat HARRIS|Kaylah KEYS|Shea MORGAN|Taylor MCGLASHAN",5,1585,1627,42,2,4,-2
"2015-16","9606","Maryland","Brene Moseley|Brianna Fraser|Chloe Pavlech|Kiah Gillespie|Kiara Leslie",5,1539,1627,88,9,2,7
"2015-16","9606","High Point","Emma BOCKRATH|Kaylah KEYS|Kyrie' CHANDLER|Shea MORGAN|Taylor MCGLASHAN",5,1627,1629,2,0,0,0
"2015-16","9606","High Point","Kaylah KEYS|Kyrie' CHANDLER|Lindsey EDWARDS|Shea MORGAN|Taylor MCGLASHAN",5,1629,1650,21,0,0,0
"2015-16","9606","High Point","Aariel ALLEN|Kaylah KEYS|Kyrie' CHANDLER|Lindsey EDWARDS|Shea MORGAN",5,1650,1706,56,5,3,2
"2015-16","9606","Maryland","A'Lexus Harrison|Brene Moseley|Brianna Fraser|Kiara Leslie|Kristen Confroy",5,1627,1737,110,5,5,0
"2015-16","9606","Maryland","Brene Moseley|Brionna Jones|Kiara Leslie|Kristen Confroy|Malina Howard",5,1737,1764,27,0,0,0
"2015-16","9606","Maryland","Aja Ellison|Brene Moseley|Kiara Leslie|Kristen Confroy|Malina Howard",5,1764,1800,36,0,0,0
"2015-16","9606","High Point","Kaylah KEYS|Kennedy CURRIE|Kyrie' CHANDLER|Lindsey EDWARDS|Shea MORGAN",5,1706,1800,94,0,2,-2
"2015-16","9606","High Point","Haleigh HATFIELD|Kat HARRIS|Kaylah KEYS|Kennedy CURRIE|Lindsey EDWARDS",5,1800,1921,121,5,6,-1
"2015-16","9606","Maryland","Aja Ellison|Brene Moseley|Brionna Jones|Kiara Leslie|Kristen Confroy",5,1800,1921,121,6,5,1
"2015-16","9606","High Point","Emma BOCKRATH|Haleigh HATFIELD|Kat HARRIS|Kennedy CURRIE|Lindsey EDWARDS",5,1921,1936,15,0,2,-2
"2015-16","9606","High Point","Aariel ALLEN|Emma BOCKRATH|Kat HARRIS|Kennedy CURRIE|Lindsey EDWARDS",5,1936,1942,6,0,0,0
"2015-16","9606","Maryland","Aja Ellison|Brionna Jones|Chloe Pavlech|Kristen Confroy|S. Walker-Kimbrough",5,1921,1965,44,2,3,-1
"2015-16","9606","Maryland","Brianna Fraser|Brionna Jones|Chloe Pavlech|Kristen Confroy|S. Walker-Kimbrough",5,1965,2071,106,4,4,0
"2015-16","9606","High Point","Aariel ALLEN|Emma BOCKRATH|Kat HARRIS|Kaylah KEYS|Kennedy CURRIE",5,1942,2127,185,7,4,3
"2015-16","9606","Maryland","Brianna Fraser|Brionna Jones|Chloe Pavlech|Kiara Leslie|Kristen Confroy",5,2071,2127,56,0,0,0
"2015-16","9606","High Point","Aariel ALLEN|Emma BOCKRATH|Kaylah KEYS|Kennedy CURRIE|Kyrie' CHANDLER",5,2127,2167,40,0,2,-2
"2015-16","9606","Maryland","A'Lexus Harrison|Brionna Jones|Chloe Pavlech|Kiara Leslie|Kristen Confroy",5,2127,2167,40,2,0,2
"2015-16","9606","Maryland","A'Lexus Harrison|Brene Moseley|Brionna Jones|Chloe Pavlech|Kristen Confroy",5,2167,2272,105,4,0,4
"2015-16","9606","Maryland","A'Lexus Harrison|Aja Ellison|Brene Moseley|Brionna Jones|Kristen Confroy",5,2272,2320,48,2,0,2
"2015-16","9606","High Point","Aariel ALLEN|Emma BOCKRATH|Haleigh HATFIELD|Kat HARRIS|Kaylah KEYS",5,2167,2378,211,1,8,-7
"2015-16","9606","Maryland","A'Lexus Harrison|Aja Ellison|Brionna Jones|Kiara Leslie|Kristen Confroy",5,2320,2400,80,2,1,1
"2015-16","9606","High Point","Aariel ALLEN|Emma BOCKRATH|Haleigh HATFIELD|Kyrie' CHANDLER|Lindsey EDWARDS",5,2378,2400,22,0,0,0
"2015-16","9607","Detroit","Chea TAYLOR|Haleigh RISTOVSKI|Lola RISTOVSKI|Nicole URBANICK|Rosanna REYNOLDS",5,0,150,150,3,6,-3
"2015-16","9607","Detroit","Brianne COHEN|Haleigh RISTOVSKI|Lola RISTOVSKI|Nicole URBANICK|Rosanna REYNOLDS",5,150,245,95,0,2,-2
"2015-16","9607","Maryland","Brionna Jones|Chloe Pavlech|Kiah Gillespie|Kiara Leslie|S. Walker-Kimbrough",5,0,245,245,8,3,5
"2015-16","9607","Detroit","Brianne COHEN|Haleigh RISTOVSKI|Lizzy CONNORS|Nicole URBANICK|Rosanna REYNOLDS",5,245,289,44,0,0,0
"2015-16","9607","Maryland","Brionna Jones|Chloe Pavlech|Kiah Gillespie|Kristen Confroy|S. Walker-Kimbrough",5,245,289,44,0,0,0
"2015-16","9607","Maryland","Brene Moseley|Brionna Jones|Kiah Gillespie|Kristen Confroy|S. Walker-Kimbrough",5,289,305,16,0,0,0
"2015-16","9607","Detroit","Brianne COHEN|Haleigh RISTOVSKI|Lola RISTOVSKI|Nicole URBANICK|Rosanna REYNOLDS",5,289,361,72,0,0,0
"2015-16","9607","Maryland","Brene Moseley|Brianna Fraser|Kristen Confroy|Malina Howard|S. Walker-Kimbrough",5,305,431,126,4,2,2
"2015-16","9607","Detroit","Brittney JACKSON|Chea TAYLOR|Haleigh RISTOVSKI|Nicole URBANICK|Rosanna REYNOLDS",5,361,452,91,2,4,-2
"2015-16","9607","Detroit","Brianne COHEN|Brittney JACKSON|Haleigh RISTOVSKI|Lola RISTOVSKI|Rosanna REYNOLDS",5,452,570,118,3,8,-5
"2015-16","9607","Maryland","Brene Moseley|Brionna Jones|Kiah Gillespie|Kristen Confroy|S. Walker-Kimbrough",5,431,570,139,8,3,5
"2015-16","9607","Maryland","Brene Moseley|Brionna Jones|Chloe Pavlech|Kiah Gillespie|Kristen Confroy",5,570,600,30,2,0,2
"2015-16","9607","Detroit","Brianne COHEN|Brittney JACKSON|Chea TAYLOR|Lola RISTOVSKI|Nicole URBANICK",5,570,600,30,0,2,-2
"2015-16","9607","Detroit","Brittney JACKSON|Chea TAYLOR|Haleigh RISTOVSKI|Nicole URBANICK|Rosanna REYNOLDS",5,600,741,141,4,7,-3
"2015-16","9607","Maryland","Brene Moseley|Brionna Jones|Chloe Pavlech|Kiah Gillespie|S. Walker-Kimbrough",5,600,741,141,7,4,3
"2015-16","9607","Detroit","Brianne COHEN|Haleigh RISTOVSKI|Lola RISTOVSKI|Nicole URBANICK|Rosanna REYNOLDS",5,741,807,66,3,3,0
"2015-16","9607","Maryland","Brianna Fraser|Chloe Pavlech|Kristen Confroy|Malina Howard|S. Walker-Kimbrough",5,741,807,66,3,3,0
"2015-16","9607","Detroit","Brianne COHEN|Brittney JACKSON|Haleigh RISTOVSKI|Lola RISTOVSKI|Nicole URBANICK",5,807,883,76,0,0,0
"2015-16","9607","Maryland","Brene Moseley|Brianna Fraser|Chloe Pavlech|Malina Howard|S. Walker-Kimbrough",5,807,883,76,0,0,0
"2015-16","9607","Maryland","Brene Moseley|Brianna Fraser|Brionna Jones|Chloe Pavlech|S. Walker-Kimbrough",5,883,916,33,2,0,2
"2015-16","9607","Detroit","Brittney JACKSON|Chea TAYLOR|Haleigh RISTOVSKI|Lola RISTOVSKI|Rosanna REYNOLDS",5,883,970,87,0,5,-5
"2015-16","9607","Maryland","A'Lexus Harrison|Brene Moseley|Brionna Jones|Chloe Pavlech|S. Walker-Kimbrough",5,916,970,54,3,0,3
"2015-16","9607","Detroit","Chea TAYLOR|Haleigh RISTOVSKI|Lola RISTOVSKI|Nicole URBANICK|Rosanna REYNOLDS",5,970,1120,150,4,8,-4
"2015-16","9607","Maryland","A'Lexus Harrison|Brene Moseley|Brionna Jones|Kiara Leslie|S. Walker-Kimbrough",5,970,1120,150,8,4,4
"2015-16","9607","Maryland","A'Lexus Harrison|Brene Moseley|Brionna Jones|Kiah Gillespie|Kiara Leslie",5,1120,1200,80,2,0,2
"2015-16","9607","Detroit","Brianne COHEN|Brittney JACKSON|Haleigh RISTOVSKI|Lola RISTOVSKI|Nicole URBANICK",5,1120,1200,80,0,2,-2
"2015-16","9607","Maryland","Brionna Jones|Chloe Pavlech|Kiah Gillespie|Kiara Leslie|S. Walker-Kimbrough",5,1200,1211,11,0,0,0
"2015-16","9607","Maryland","Brianna Fraser|Chloe Pavlech|Kiah Gillespie|Kiara Leslie|S. Walker-Kimbrough",5,1211,1303,92,4,3,1
"2015-16","9607","Detroit","Chea TAYLOR|Haleigh RISTOVSKI|Lola RISTOVSKI|Nicole URBANICK|Rosanna REYNOLDS",5,1200,1355,155,3,4,-1
"2015-16","9607","Maryland","Brianna Fraser|Brionna Jones|Chloe Pavlech|Kiara Leslie|S. Walker-Kimbrough",5,1303,1355,52,0,0,0
"2015-16","9607","Maryland","Brianna Fraser|Brionna Jones|Chloe Pavlech|Kiara Leslie|Kristen Confroy",5,1355,1402,47,0,0,0
"2015-16","9607","Detroit","Brianne COHEN|Haleigh RISTOVSKI|Lola RISTOVSKI|Nicole URBANICK|Rosanna REYNOLDS",5,1355,1431,76,2,3,-1
"2015-16","9607","Detroit","Brianne COHEN|Brittney JACKSON|Haleigh RISTOVSKI|Lola RISTOVSKI|Nicole URBANICK",5,1431,1470,39,2,3,-1
"2015-16","9607","Detroit","Brianne COHEN|Brittney JACKSON|Haleigh RISTOVSKI|Nicole URBANICK|Rosanna REYNOLDS",5,1470,1523,53,0,2,-2
"2015-16","9607","Maryland","A'Lexus Harrison|Chloe Pavlech|Kiah Gillespie|Kiara Leslie|Kristen Confroy",5,1402,1523,121,8,4,4
"2015-16","9607","Detroit","Brittney JACKSON|Chea TAYLOR|Haleigh RISTOVSKI|Nicole URBANICK|Rosanna REYNOLDS",5,1523,1615,92,0,5,-5
"2015-16","9607","Detroit","Brittney JACKSON|Haleigh RISTOVSKI|Lola RISTOVSKI|Rosanna REYNOLDS|Taylor MALONE",5,1615,1756,141,4,7,-3
"2015-16","9607","Maryland","A'Lexus Harrison|Brene Moseley|Kiah Gillespie|Kiara Leslie|Kristen Confroy",5,1523,1756,233,12,4,8
"2015-16","9607","Maryland","Aja Ellison|Brene Moseley|Chloe Pavlech|Kiah Gillespie|Kristen Confroy",5,1756,1800,44,0,0,0
"2015-16","9607","Detroit","Chea TAYLOR|Haleigh RISTOVSKI|Lizzy CONNORS|Lola RISTOVSKI|Nicole URBANICK",5,1756,1800,44,0,0,0
"2015-16","9607","Detroit","Chea TAYLOR|Haleigh RISTOVSKI|Lizzy CONNORS|Nicole URBANICK|Rosanna REYNOLDS",5,1800,1954,154,5,6,-1
"2015-16","9607","Maryland","Aja Ellison|Brene Moseley|Chloe Pavlech|Kristen Confroy|Malina Howard",5,1800,1954,154,6,5,1
"2015-16","9607","Maryland","A'Lexus Harrison|Brene Moseley|Brianna Fraser|Kiara Leslie|Kristen Confroy",5,1954,2067,113,2,2,0
"2015-16","9607","Detroit","Brianne COHEN|Haleigh RISTOVSKI|Lola RISTOVSKI|Nicole URBANICK|Rosanna REYNOLDS",5,1954,2091,137,2,4,-2
"2015-16","9607","Detroit","Chea TAYLOR|Haleigh RISTOVSKI|Lola RISTOVSKI|Nicole URBANICK|Rosanna REYNOLDS",5,2091,2194,103,2,5,-3
"2015-16","9607","Maryland","A'Lexus Harrison|Brene Moseley|Brianna Fraser|Chloe Pavlech|Kiah Gillespie",5,2067,2194,127,7,2,5
"2015-16","9607","Detroit","Haleigh RISTOVSKI|Lola RISTOVSKI|Nicole URBANICK|Rosanna REYNOLDS|Taylor MALONE",5,2194,2293,99,2,8,-6
"2015-16","9607","Detroit","Brittney JACKSON|Haleigh RISTOVSKI|Lola RISTOVSKI|Nicole URBANICK|Taylor MALONE",5,2293,2337,44,0,3,-3
"2015-16","9607","Maryland","A'Lexus Harrison|Brene Moseley|Brianna Fraser|Kristen Confroy|Malina Howard",5,2194,2400,206,11,2,9
"2015-16","9607","Detroit","Brianne COHEN|Brittney JACKSON|Lola RISTOVSKI|Nicole URBANICK|Taylor MALONE",5,2337,2400,63,0,0,0
"2015-16","9608","Maryland","Brianna Fraser|Brionna Jones|Kiah Gillespie|Kiara Leslie|S. Walker-Kimbrough",5,0,138,138,6,0,6
"2015-16","9608","Old Dominion","Destinee YOUNG|Ije AJEMBA|Jennie SIMMS|Keyana BROWN|Makayla TIMMONS",5,0,227,227,2,12,-10
"2015-16","9608","Old Dominion","Ashley JACKSON|Destinee YOUNG|Ije AJEMBA|Jennie SIMMS|Rhaven KEMP",5,227,294,67,2,2,0
"2015-16","9608","Maryland","Brianna Fraser|Brionna Jones|Kiara Leslie|S. Walker-Kimbrough",4,138,294,156,8,4,4
"2015-16","9608","Maryland","Brene Moseley|Brionna Jones|Kiah Gillespie|Kiara Leslie|S. Walker-Kimbrough",5,294,331,37,0,0,0
"2015-16","9608","Old Dominion","Annika HOLOPAINEN|Ashley JACKSON|Destinee YOUNG|Jennie SIMMS|Rhaven KEMP",5,294,405,111,0,3,-3
"2015-16","9608","Maryland","Brene Moseley|Brionna Jones|Kiah Gillespie|Kiara Leslie|Kristen Confroy",5,331,405,74,3,0,3
"2015-16","9608","Old Dominion","Annika HOLOPAINEN|Ashley JACKSON|Destinee YOUNG|Gianna SMITH|Rhaven KEMP",5,405,461,56,0,1,-1
"2015-16","9608","Maryland","Brene Moseley|Brionna Jones|Kiah Gillespie|Kristen Confroy|S. Walker-Kimbrough",5,405,461,56,1,0,1
"2015-16","9608","Old Dominion","Annika HOLOPAINEN|Destinee YOUNG|Gianna SMITH|Jennie SIMMS|Rhaven KEMP",5,461,491,30,2,3,-1
"2015-16","9608","Maryland","Brene Moseley|Brianna Fraser|Kiah Gillespie|Kristen Confroy|S. Walker-Kimbrough",5,461,491,30,3,2,1
"2015-16","9608","Old Dominion","Annika HOLOPAINEN|Gianna SMITH|Ije AJEMBA|Jennie SIMMS|Rhaven KEMP",5,491,568,77,0,6,-6
"2015-16","9608","Maryland","Brene Moseley|Brianna Fraser|Kristen Confroy|S. Walker-Kimbrough|Tierney Pfirman",5,491,600,109,9,0,9
"2015-16","9608","Old Dominion","Annika HOLOPAINEN|Carolina BERNARDECO|Gianna SMITH|Ije AJEMBA|LaQuanda YOUNGER",5,568,600,32,0,3,-3
"2015-16","9608","Old Dominion","Annika HOLOPAINEN|Carolina BERNARDECO|Destinee YOUNG|Gianna SMITH|LaQuanda YOUNGER",5,600,692,92,0,3,-3
"2015-16","9608","Maryland","Brene Moseley|Brianna Fraser|Kiah Gillespie|Kiara Leslie|S. Walker-Kimbrough",5,600,692,92,3,0,3
"2015-16","9608","Maryland","Brene Moseley|Brionna Jones|Kiah Gillespie|Kiara Leslie|S. Walker-Kimbrough",5,692,771,79,2,0,2
"2015-16","9608","Maryland","Brene Moseley|Kiah Gillespie|Kiara Leslie|Malina Howard|S. Walker-Kimbrough",5,771,787,16,0,0,0
"2015-16","9608","Maryland","Chloe Pavlech|Kiah Gillespie|Kiara Leslie|Malina Howard|S. Walker-Kimbrough",5,787,788,1,0,2,-2
"2015-16","9608","Maryland","Chloe Pavlech|Kiah Gillespie|Kristen Confroy|S. Walker-Kimbrough|Tierney Pfirman",5,788,812,24,3,3,0
"2015-16","9608","Old Dominion","Annika HOLOPAINEN|Carolina BERNARDECO|Destinee YOUNG|Jennie SIMMS|Keyana BROWN",5,692,925,233,10,5,5
"2015-16","9608","Maryland","Chloe Pavlech|Kiah Gillespie|Kristen Confroy|Malina Howard|S. Walker-Kimbrough",5,812,925,113,0,5,-5
"2015-16","9608","Old Dominion","Annika HOLOPAINEN|Carolina BERNARDECO|Gianna SMITH|Ije AJEMBA|Jennie SIMMS",5,925,1025,100,5,8,-3
"2015-16","9608","Maryland","A'Lexus Harrison|Brene Moseley|Brionna Jones|Chloe Pavlech|S. Walker-Kimbrough",5,925,1031,106,8,6,2
"2015-16","9608","Old Dominion","Destinee YOUNG|Gianna SMITH|Ije AJEMBA|Jennie SIMMS|Makayla TIMMONS",5,1025,1083,58,1,0,1
"2015-16","9608","Maryland","A'Lexus Harrison|Brene Moseley|Brionna Jones|Chloe Pavlech|Kristen Confroy",5,1031,1083,52,0,0,0
"2015-16","9608","Maryland","Brene Moseley|Brianna Fraser|Brionna Jones|Chloe Pavlech|Kristen Confroy",5,1083,1200,117,2,2,0
"2015-16","9608","Old Dominion","Ashley JACKSON|Destinee YOUNG|Ije AJEMBA|Jennie SIMMS|Makayla TIMMONS",5,1083,1200,117,2,2,0
"2015-16","9608","Maryland","Brene Moseley|Brionna Jones|Chloe Pavlech|Kiah Gillespie|S. Walker-Kimbrough",5,1200,1376,176,11,4,7
"2015-16","9608","Old Dominion","Destinee YOUNG|Ije AJEMBA|Jennie SIMMS|LaQuanda YOUNGER|Makayla TIMMONS",5,1200,1404,204,4,11,-7
"2015-16","9608","Old Dominion","Destinee YOUNG|Gianna SMITH|Ije AJEMBA|Jennie SIMMS|LaQuanda YOUNGER|Rhaven KEMP",6,1404,1428,24,0,2,-2
"2015-16","9608","Old Dominion","Annika HOLOPAINEN|Destinee YOUNG|Gianna SMITH|Jennie SIMMS|LaQuanda YOUNGER|Rhaven KEMP",6,1428,1450,22,0,2,-2
"2015-16","9608","Maryland","Brene Moseley|Brianna Fraser|Chloe Pavlech|Kiah Gillespie|S. Walker-Kimbrough",5,1376,1450,74,4,0,4
"2015-16","9608","Old Dominion","Annika HOLOPAINEN|Gianna SMITH|Ije AJEMBA|Jennie SIMMS|LaQuanda YOUNGER|Rhaven KEMP",6,1450,1601,151,5,7,-2
"2015-16","9608","Maryland","Brene Moseley|Kiah Gillespie|Malina Howard|S. Walker-Kimbrough|Tierney Pfirman",5,1450,1641,191,9,8,1
"2015-16","9608","Maryland","Brene Moseley|Kiah Gillespie|Kristen Confroy|Malina Howard|Tierney Pfirman",5,1641,1673,32,0,2,-2
"2015-16","9608","Old Dominion","Annika HOLOPAINEN|Gianna SMITH|Ije AJEMBA|Jennie SIMMS|LaQuanda YOUNGER|Makayla TIMMONS",6,1601,1701,100,5,5,0
"2015-16","9608","Maryland","Chloe Pavlech|Kiah Gillespie|Kristen Confroy|Malina Howard|Tierney Pfirman",5,1673,1701,28,3,0,3
"2015-16","9608","Maryland","Brionna Jones|Chloe Pavlech|Kristen Confroy|Malina Howard|Tierney Pfirman",5,1701,1737,36,0,0,0
"2015-16","9608","Old Dominion","Annika HOLOPAINEN|Ije AJEMBA|Jennie SIMMS|Keyana BROWN|LaQuanda YOUNGER|Makayla TIMMONS",6,1701,1749,48,0,0,0
"2015-16","9608","Maryland","Brianna Fraser|Brionna Jones|Chloe Pavlech|Kristen Confroy|Malina Howard",5,1737,1800,63,2,2,0
"2015-16","9608","Old Dominion","Annika HOLOPAINEN|Ije AJEMBA|Keyana BROWN|LaQuanda YOUNGER|Makayla TIMMONS",5,1749,1800,51,2,2,0
"2015-16","9608","Old Dominion","Annika HOLOPAINEN|Destinee YOUNG|Keyana BROWN|LaQuanda YOUNGER|Makayla TIMMONS",5,1800,1855,55,0,2,-2
"2015-16","9608","Old Dominion","Annika HOLOPAINEN|Destinee YOUNG|Keyana BROWN|LaQuanda YOUNGER|Rhaven KEMP",5,1855,1939,84,0,2,-2
"2015-16","9608","Maryland","Brianna Fraser|Brionna Jones|Chloe Pavlech|Kristen Confroy|Malina Howard",5,1800,1939,139,4,0,4
"2015-16","9608","Old Dominion","Destinee YOUNG|Ije AJEMBA|Keyana BROWN|LaQuanda YOUNGER|Rhaven KEMP",5,1939,1951,12,0,0,0
"2015-16","9608","Old Dominion","Destinee YOUNG|Gianna SMITH|Ije AJEMBA|LaQuanda YOUNGER|Rhaven KEMP",5,1951,2014,63,0,0,0
"2015-16","9608","Maryland","Brianna Fraser|Chloe Pavlech|Kiah Gillespie|Kristen Confroy|Malina Howard",5,1939,2014,75,0,0,0
"2015-16","9608","Maryland","Brene Moseley|Brianna Fraser|Kiah Gillespie|Kristen Confroy|Malina Howard",5,2014,2049,35,2,2,0
"2015-16","9608","Old Dominion","Carolina BERNARDECO|Destinee YOUNG|Gianna SMITH|Ije AJEMBA|Jennie SIMMS",5,2014,2142,128,6,2,4
"2015-16","9608","Old Dominion","Ashley JACKSON|Carolina BERNARDECO|Destinee YOUNG|Ije AJEMBA|Jennie SIMMS",5,2142,2146,4,0,0,0
"2015-16","9608","Old Dominion","Annika HOLOPAINEN|Ashley JACKSON|Carolina BERNARDECO|Ije AJEMBA|Jennie SIMMS",5,2146,2213,67,0,6,-6
"2015-16","9608","Maryland","A'Lexus Harrison|Brene Moseley|Brianna Fraser|Kristen Confroy|Malina Howard",5,2049,2213,164,6,4,2
"2015-16","9608","Maryland","A'Lexus Harrison|Aja Ellison|Brene Moseley|Brianna Fraser|Kristen Confroy",5,2213,2296,83,2,1,1
"2015-16","9608","Old Dominion","Annika HOLOPAINEN|Carolina BERNARDECO|Gianna SMITH|Ije AJEMBA|Jennie SIMMS",5,2213,2308,95,1,5,-4
"2015-16","9608","Maryland","A'Lexus Harrison|Aja Ellison|Brianna Fraser|Kiara Leslie|Kristen Confroy",5,2296,2400,104,4,2,2
"2015-16","9608","Old Dominion","Annika HOLOPAINEN|Carolina BERNARDECO|Destinee YOUNG|Gianna SMITH|Jennie SIMMS",5,2308,2400,92,2,1,1
"2015-16","9609","South Dakota State","Clarissa OBER|Ellie THOMPSON|Kerri YOUNG|Macy MILLER|Madison GUEBERT",5,0,56,56,0,2,-2
"2015-16","9609","Maryland","Brionna Jones|Chloe Pavlech|Kiah Gillespie|Kiara Leslie|S. Walker-Kimbrough",5,0,202,202,7,3,4
"2015-16","9609","Maryland","Brionna Jones|Chloe Pavlech|Kiara Leslie|S. Walker-Kimbrough|Tierney Pfirman",5,202,251,49,2,1,1
"2015-16","9609","South Dakota State","Ellie THOMPSON|Gabrielle BOEVER|Kerri YOUNG|Macy MILLER|Madison GUEBERT",5,56,251,195,4,7,-3
"2015-16","9609","Maryland","Brene Moseley|Brionna Jones|Kiara Leslie|S. Walker-Kimbrough|Tierney Pfirman",5,251,382,131,4,0,4
"2015-16","9609","South Dakota State","Alexis ALEXANDER|Chloe CORNEMANN|Clarissa OBER|Gabrielle BOEVER|Macy MILLER",5,251,382,131,0,4,-4
"2015-16","9609","Maryland","Brene Moseley|Brionna Jones|Kiara Leslie|Kristen Confroy|S. Walker-Kimbrough",5,382,412,30,0,0,0
"2015-16","9609","Maryland","Brene Moseley|Brianna Fraser|Brionna Jones|Kristen Confroy|S. Walker-Kimbrough",5,412,477,65,0,0,0
"2015-16","9609","Maryland","Brene Moseley|Brionna Jones|Kristen Confroy|Malina Howard|S. Walker-Kimbrough",5,477,524,47,0,0,0
"2015-16","9609","South Dakota State","Alexis ALEXANDER|Chloe CORNEMANN|Clarissa OBER|Ellie THOMPSON|Kerri YOUNG",5,382,524,142,0,0,0
"2015-16","9609","Maryland","Brionna Jones|Chloe Pavlech|Kristen Confroy|Malina Howard|S. Walker-Kimbrough",5,524,600,76,4,0,4
"2015-16","9609","South Dakota State","Alexis ALEXANDER|Ellie THOMPSON|Gabrielle BOEVER|Kerri YOUNG|Madison GUEBERT",5,524,600,76,0,4,-4
"2015-16","9609","Maryland","Kiah Gillespie|Kiara Leslie|Kristen Confroy|Malina Howard|S. Walker-Kimbrough",5,600,671,71,0,0,0
"2015-16","9609","South Dakota State","Clarissa OBER|Ellie THOMPSON|Gabrielle BOEVER|Macy MILLER|Madison GUEBERT",5,600,671,71,0,0,0
"2015-16","9609","Maryland","Kiara Leslie|Kristen Confroy|Malina Howard",3,671,703,32,0,0,0
"2015-16","9609","Maryland","Kiara Leslie|Malina Howard|S. Walker-Kimbrough",3,703,739,36,0,2,-2
"2015-16","9609","Maryland","Brene Moseley|Kiara Leslie|Malina Howard|S. Walker-Kimbrough",4,739,831,92,2,4,-2
"2015-16","9609","South Dakota State","Clarissa OBER|Gabrielle BOEVER|Macy MILLER|Madison GUEBERT",4,671,831,160,6,2,4
"2015-16","9609","Maryland","Brene Moseley|Kristen Confroy|Malina Howard|S. Walker-Kimbrough|Tierney Pfirman",5,831,892,61,4,0,4
"2015-16","9609","South Dakota State","Chloe CORNEMANN|Jessica MIERAS|Macy MILLER|Madison GUEBERT",4,831,892,61,0,4,-4
"2015-16","9609","Maryland","Brene Moseley|Kiara Leslie|Kristen Confroy|Malina Howard|Tierney Pfirman",5,892,976,84,2,3,-1
"2015-16","9609","South Dakota State","Alexis ALEXANDER|Chloe CORNEMANN|Ellie THOMPSON|Gabrielle BOEVER|Jessica MIERAS",5,892,976,84,3,2,1
"2015-16","9609","South Dakota State","Alexis ALEXANDER|Chloe CORNEMANN|Clarissa OBER|Ellie THOMPSON|Gabrielle BOEVER|Macy MILLER",6,976,1088,112,2,4,-2
"2015-16","9609","South Dakota State","Clarissa OBER|Ellie THOMPSON|Gabrielle BOEVER|Kerri YOUNG|Macy MILLER|Madison GUEBERT",6,1088,1200,112,6,2,4
"2015-16","9609","Maryland","Brene Moseley|Kristen Confroy|Malina Howard|S. Walker-Kimbrough|Tierney Pfirman",5,976,1200,224,6,8,-2
"2015-16","9609","Maryland","Brionna Jones|Chloe Pavlech|Kiah Gillespie|Kiara Leslie|S. Walker-Kimbrough",5,1200,1428,228,4,10,-6
"2015-16","9609","South Dakota State","Clarissa OBER|Ellie THOMPSON|Kerri YOUNG|Macy MILLER|Madison GUEBERT",5,1200,1428,228,10,4,6
"2015-16","9609","Maryland","Brionna Jones|Chloe Pavlech|Kiah Gillespie|Kiara Leslie|Kristen Confroy",5,1428,1510,82,1,2,-1
"2015-16","9609","South Dakota State","Alexis ALEXANDER|Clarissa OBER|Gabrielle BOEVER|Macy MILLER|Madison GUEBERT",5,1428,1569,141,4,3,1
"2015-16","9609","Maryland","Brionna Jones|Chloe Pavlech|Kristen Confroy|Malina Howard|S. Walker-Kimbrough",5,1510,1665,155,6,5,1
"2015-16","9609","South Dakota State","Alexis ALEXANDER|Ellie THOMPSON|Gabrielle BOEVER|Kerri YOUNG|Madison GUEBERT",5,1569,1665,96,3,4,-1
"2015-16","9609","Maryland","Brene Moseley|Brionna Jones|Kristen Confroy|Malina Howard|S. Walker-Kimbrough",5,1665,1710,45,2,0,2
"2015-16","9609","South Dakota State","Alexis ALEXANDER|Clarissa OBER|Ellie THOMPSON|Kerri YOUNG|Madison GUEBERT",5,1665,1710,45,0,2,-2
"2015-16","9609","South Dakota State","Chloe CORNEMANN|Clarissa OBER|Ellie THOMPSON|Kerri YOUNG|Macy MILLER",5,1710,1800,90,1,0,1
"2015-16","9609","Maryland","Brene Moseley|Kristen Confroy|Malina Howard|S. Walker-Kimbrough|Tierney Pfirman",5,1710,1800,90,0,1,-1
"2015-16","9609","Maryland","Brene Moseley|Kristen Confroy|Malina Howard|S. Walker-Kimbrough|Tierney Pfirman",5,1800,1865,65,0,2,-2
"2015-16","9609","Maryland","Brene Moseley|Brionna Jones|Malina Howard|S. Walker-Kimbrough|Tierney Pfirman",5,1865,1948,83,2,2,0
"2015-16","9609","South Dakota State","Chloe CORNEMANN|Clarissa OBER|Ellie THOMPSON|Kerri YOUNG|Macy MILLER",5,1800,1948,148,4,2,2
"2015-16","9609","Maryland","Brene Moseley|Brionna Jones|Kiara Leslie|Kristen Confroy|S. Walker-Kimbrough",5,1948,2092,144,2,7,-5
"2015-16","9609","South Dakota State","Clarissa OBER|Gabrielle BOEVER|Kerri YOUNG|Macy MILLER|Madison GUEBERT",5,1948,2092,144,7,2,5
"2015-16","9609","South Dakota State","Alexis ALEXANDER|Ellie THOMPSON|Gabrielle BOEVER|Kerri YOUNG|Madison GUEBERT",5,2092,2194,102,0,4,-4
"2015-16","9609","South Dakota State","Alexis ALEXANDER|Clarissa OBER|Ellie THOMPSON|Macy MILLER|Madison GUEBERT",5,2194,2276,82,0,2,-2
"2015-16","9609","Maryland","Brionna Jones|Chloe Pavlech|Kristen Confroy|Malina Howard|S. Walker-Kimbrough",5,2092,2281,189,6,0,6
"2015-16","9609","South Dakota State","Clarissa OBER|Ellie THOMPSON|Kerri YOUNG|Macy MILLER|Madison GUEBERT",5,2276,2330,54,2,2,0
"2015-16","9609","Maryland","Chloe Pavlech|Kristen Confroy|Malina Howard|S. Walker-Kimbrough|Tierney Pfirman",5,2281,2348,67,2,5,-3
"2015-16","9609","South Dakota State","Clarissa OBER|Ellie THOMPSON|Gabrielle BOEVER|Macy MILLER|Madison GUEBERT",5,2330,2371,41,3,2,1
"2015-16","9609","South Dakota State","Clarissa OBER|Ellie THOMPSON|Kerri YOUNG|Macy MILLER|Madison GUEBERT",5,2371,2392,21,0,1,-1
"2015-16","9609","South Dakota State","Alexis ALEXANDER|Chloe CORNEMANN|Kerri YOUNG|Macy MILLER|Madison GUEBERT",5,2392,2400,8,0,3,-3
"2015-16","9609","Maryland","Brionna Jones|Chloe Pavlech|Kristen Confroy|Malina Howard|S. Walker-Kimbrough",5,2348,2400,52,6,0,6
"2015-16","9610","Pittsburgh","Aysia BUGG|Brenna WISE|Kalista WALTERS|Stasha CAREY|Yacine DIOP",5,0,270,270,5,8,-3
"2015-16","9610","Maryland","Brionna Jones|Chloe Pavlech|Kiah Gillespie|Kiara Leslie|S. Walker-Kimbrough",5,0,270,270,8,5,3
"2015-16","9610","Pittsburgh","Brenna WISE|Brittany GORDON|Kalista WALTERS|Stasha CAREY|Yacine DIOP",5,270,355,85,2,5,-3
"2015-16","9610","Maryland","Brionna Jones|Chloe Pavlech|Kiah Gillespie|Kristen Confroy|S. Walker-Kimbrough",5,270,355,85,5,2,3
"2015-16","9610","Pittsburgh","Brittany GORDON|Fred POTVIN|Kalista WALTERS|Stasha CAREY|Yacine DIOP",5,355,402,47,0,2,-2
"2015-16","9610","Pittsburgh","Aysia BUGG|Fred POTVIN|Kalista WALTERS|Stasha CAREY|Yacine DIOP",5,402,543,141,2,2,0
"2015-16","9610","Maryland","Brene Moseley|Brianna Fraser|Kristen Confroy|Malina Howard|S. Walker-Kimbrough",5,355,543,188,4,2,2
"2015-16","9610","Pittsburgh","Aysia BUGG|Fred POTVIN|Kalista WALTERS|Kauai BRADLEY|Stasha CAREY",5,543,595,52,2,2,0
"2015-16","9610","Maryland","Brionna Jones|Chloe Pavlech|Kiah Gillespie|Kristen Confroy|Tierney Pfirman",5,543,600,57,2,2,0
"2015-16","9610","Pittsburgh","Aysia BUGG|Brenna WISE|Fred POTVIN|Kalista WALTERS|Kauai BRADLEY",5,595,600,5,0,0,0
"2015-16","9610","Pittsburgh","Aysia BUGG|Brenna WISE|Fred POTVIN|Kalista WALTERS|Kauai BRADLEY",5,600,716,116,0,8,-8
"2015-16","9610","Maryland","Brionna Jones|Chloe Pavlech|Kiah Gillespie|S. Walker-Kimbrough|Tierney Pfirman",5,600,716,116,8,0,8
"2015-16","9610","Maryland","Brionna Jones|Chloe Pavlech|Kiah Gillespie|Kiara Leslie|S. Walker-Kimbrough",5,716,821,105,4,0,4
"2015-16","9610","Pittsburgh","Aysia BUGG|Brittany GORDON|Destinie GIBBS|Stasha CAREY|Yacine DIOP",5,716,874,158,2,4,-2
"2015-16","9610","Maryland","Brene Moseley|Brianna Fraser|Chloe Pavlech|Kiah Gillespie|Kiara Leslie",5,821,874,53,0,2,-2
"2015-16","9610","Maryland","Brene Moseley|Brianna Fraser|Chloe Pavlech|Kiah Gillespie|Kristen Confroy",5,874,877,3,0,0,0
"2015-16","9610","Pittsburgh","Aysia BUGG|Brittany GORDON|Kalista WALTERS|Stasha CAREY|Yacine DIOP",5,874,913,39,0,2,-2
"2015-16","9610","Maryland","Brene Moseley|Brianna Fraser|Kristen Confroy|Malina Howard|Tierney Pfirman",5,877,969,92,2,2,0
"2015-16","9610","Maryland","Brionna Jones|Chloe Pavlech|Kiah Gillespie|S. Walker-Kimbrough|Tierney Pfirman",5,969,1036,67,0,2,-2
"2015-16","9610","Maryland","Brionna Jones|Chloe Pavlech|Kiah Gillespie|Kiara Leslie|Tierney Pfirman",5,1036,1127,91,0,3,-3
"2015-16","9610","Maryland","Brene Moseley|Brionna Jones|Chloe Pavlech|Malina Howard|Tierney Pfirman",5,1127,1180,53,0,0,0
"2015-16","9610","Maryland","Brene Moseley|Chloe Pavlech|Malina Howard|S. Walker-Kimbrough|Tierney Pfirman",5,1180,1200,20,0,2,-2
"2015-16","9610","Maryland","Brionna Jones|Chloe Pavlech|Kiah Gillespie|Kiara Leslie|S. Walker-Kimbrough",5,1200,1394,194,6,4,2
"2015-16","9610","Pittsburgh","Aysia BUGG|Brenna WISE|Kalista WALTERS|Stasha CAREY|Yacine DIOP",5,913,1547,634,15,11,4
"2015-16","9610","Pittsburgh","Aysia BUGG|Kalista WALTERS|Kauai BRADLEY|Stasha CAREY|Yacine DIOP",5,1547,1579,32,1,2,-1
"2015-16","9610","Maryland","Brionna Jones|Chloe Pavlech|Kiah Gillespie|S. Walker-Kimbrough|Tierney Pfirman",5,1394,1579,185,7,3,4
"2015-16","9610","Pittsburgh","Aysia BUGG|Destinie GIBBS|Kalista WALTERS|Kauai BRADLEY|Stasha CAREY",5,1579,1672,93,1,3,-2
"2015-16","9610","Pittsburgh","Aysia BUGG|Brenna WISE|Kalista WALTERS|Kauai BRADLEY|Stasha CAREY",5,1672,1762,90,3,4,-1
"2015-16","9610","Pittsburgh","Aysia BUGG|Brenna WISE|Fred POTVIN|Kauai BRADLEY|Stasha CAREY",5,1762,1790,28,0,2,-2
"2015-16","9610","Maryland","Brene Moseley|Kiah Gillespie|Malina Howard|S. Walker-Kimbrough|Tierney Pfirman",5,1579,1800,221,9,4,5
"2015-16","9610","Pittsburgh","Aysia BUGG|Fred POTVIN|Kauai BRADLEY|Stasha CAREY|Yacine DIOP",5,1790,1800,10,0,0,0
"2015-16","9610","Pittsburgh","Aysia BUGG|Fred POTVIN|Kauai BRADLEY|Stasha CAREY|Yacine DIOP",5,1800,1885,85,3,0,3
"2015-16","9610","Maryland","Brene Moseley|Brionna Jones|Kiah Gillespie|S. Walker-Kimbrough|Tierney Pfirman",5,1800,1885,85,0,3,-3
"2015-16","9610","Maryland","Brene Moseley|Brianna Fraser|Brionna Jones|S. Walker-Kimbrough|Tierney Pfirman",5,1885,1938,53,0,3,-3
"2015-16","9610","Maryland","Brene Moseley|Brianna Fraser|Brionna Jones|Kristen Confroy|S. Walker-Kimbrough",5,1938,1955,17,0,3,-3
"2015-16","9610","Pittsburgh","Aysia BUGG|Brittany GORDON|Kauai BRADLEY|Stasha CAREY|Yacine DIOP",5,1885,2013,128,6,2,4
"2015-16","9610","Maryland","Brianna Fraser|Brionna Jones|Chloe Pavlech|Kristen Confroy|S. Walker-Kimbrough",5,1955,2013,58,2,0,2
"2015-16","9610","Maryland","Brionna Jones|Chloe Pavlech|Kristen Confroy|Malina Howard|S. Walker-Kimbrough",5,2013,2066,53,0,4,-4
"2015-16","9610","Pittsburgh","Aysia BUGG|Brittany GORDON|Kalista WALTERS|Stasha CAREY|Yacine DIOP",5,2013,2209,196,4,7,-3
"2015-16","9610","Maryland","Brionna Jones|Chloe Pavlech|Malina Howard|S. Walker-Kimbrough|Tierney Pfirman",5,2066,2305,239,9,2,7
"2015-16","9610","Maryland","Brionna Jones|Chloe Pavlech|Kiah Gillespie|Malina Howard|S. Walker-Kimbrough",5,2305,2400,95,4,1,3
"2015-16","9610","Pittsburgh","Aysia BUGG|Brenna WISE|Kalista WALTERS|Stasha CAREY|Yacine DIOP",5,2209,2400,191,3,6,-3
"2015-16","9611","Maryland","Brionna Jones|Chloe Pavlech|Kiah Gillespie|Kiara Leslie|S. Walker-Kimbrough",5,0,112,112,3,3,0
"2015-16","9611","Syracuse","Alexis Peterson|Briana Day|Brianna Butler|Brittney Sykes|Isabella Slim",5,0,167,167,5,7,-2
"2015-16","9611","Maryland","Brene Moseley|Brionna Jones|Kiah Gillespie|S. Walker-Kimbrough|Tierney Pfirman",5,112,194,82,4,2,2
"2015-16","9611","Syracuse","Alexis Peterson|Briana Day|Brianna Butler|Cornelia Fondren|Isabella Slim",5,167,220,53,2,3,-1
"2015-16","9611","Syracuse","Alexis Peterson|Briana Day|Brianna Butler|Brittney Sykes|Cornelia Fondren",5,220,282,62,2,0,2
"2015-16","9611","Syracuse","Alexis Peterson|Briana Day|Brianna Butler|Cornelia Fondren|Isabella Slim",5,282,301,19,0,0,0
"2015-16","9611","Maryland","Brene Moseley|Brionna Jones|Kiah Gillespie|Kristen Confroy|S. Walker-Kimbrough",5,194,301,107,3,4,-1
"2015-16","9611","Maryland","Brene Moseley|Kristen Confroy|Malina Howard|S. Walker-Kimbrough|Tierney Pfirman",5,301,345,44,0,0,0
"2015-16","9611","Syracuse","Alexis Peterson|Bria Day|Brianna Butler|Brittney Sykes|Cornelia Fondren",5,301,393,92,2,4,-2
"2015-16","9611","Syracuse","Abby Grant|Bria Day|Brianna Butler|Brittney Sykes|Cornelia Fondren",5,393,454,61,4,2,2
"2015-16","9611","Maryland","Brene Moseley|Kiara Leslie|Kristen Confroy|Malina Howard|S. Walker-Kimbrough",5,345,454,109,6,6,0
"2015-16","9611","Maryland","Brene Moseley|Brionna Jones|Kiara Leslie|Kristen Confroy|S. Walker-Kimbrough",5,454,476,22,2,0,2
"2015-16","9611","Syracuse","Abby Grant|Alexis Peterson|Bria Day|Brittney Sykes|Cornelia Fondren",5,454,505,51,0,5,-5
"2015-16","9611","Maryland","Brionna Jones|Chloe Pavlech|Kiara Leslie|Kristen Confroy|S. Walker-Kimbrough",5,476,600,124,7,0,7
"2015-16","9611","Syracuse","Alexis Peterson|Briana Day|Brianna Butler|Brittney Sykes|Cornelia Fondren",5,505,600,95,0,4,-4
"2015-16","9611","Maryland","Brionna Jones|Chloe Pavlech|Kiara Leslie|Kristen Confroy|S. Walker-Kimbrough",5,600,650,50,0,4,-4
"2015-16","9611","Maryland","Brionna Jones|Chloe Pavlech|Kiah Gillespie|Kristen Confroy|S. Walker-Kimbrough",5,650,665,15,0,0,0
"2015-16","9611","Syracuse","Alexis Peterson|Briana Day|Brianna Butler|Cornelia Fondren|Maggie Morrison",5,600,823,223,6,4,2
"2015-16","9611","Maryland","Brene Moseley|Brionna Jones|Chloe Pavlech|Kiah Gillespie|S. Walker-Kimbrough",5,665,823,158,4,2,2
"2015-16","9611","Syracuse","Alexis Peterson|Bria Day|Brianna Butler|Brittney Sykes|Taylor Ford",5,823,910,87,5,2,3
"2015-16","9611","Maryland","Brene Moseley|Brianna Fraser|Malina Howard|S. Walker-Kimbrough|Tierney Pfirman",5,823,910,87,2,5,-3
"2015-16","9611","Syracuse","Alexis Peterson|Bria Day|Brianna Butler|Brittney Sykes|Julia Chandler",5,910,970,60,0,2,-2
"2015-16","9611","Maryland","Brene Moseley|Brionna Jones|Malina Howard|S. Walker-Kimbrough|Tierney Pfirman",5,910,970,60,2,0,2
"2015-16","9611","Syracuse","Alexis Peterson|Briana Day|Brianna Butler|Brittney Sykes|Julia Chandler",5,970,1047,77,3,4,-1
"2015-16","9611","Maryland","Brene Moseley|Brionna Jones|Kristen Confroy|Malina Howard|Tierney Pfirman",5,970,1047,77,4,3,1
"2015-16","9611","Syracuse","Alexis Peterson|Briana Day|Brianna Butler|Brittney Sykes|Isabella Slim",5,1047,1139,92,2,4,-2
"2015-16","9611","Maryland","Brene Moseley|Brionna Jones|Kristen Confroy|Malina Howard|S. Walker-Kimbrough",5,1047,1200,153,6,2,4
"2015-16","9611","Syracuse","Alexis Peterson|Bria Day|Brianna Butler|Brittney Sykes|Isabella Slim",5,1139,1200,61,0,2,-2
"2015-16","9611","Syracuse","Alexis Peterson|Briana Day|Brianna Butler|Brittney Sykes|Isabella Slim",5,1200,1251,51,0,0,0
"2015-16","9611","Maryland","Brionna Jones|Chloe Pavlech|Kiah Gillespie|Kiara Leslie|S. Walker-Kimbrough",5,1200,1271,71,0,2,-2
"2015-16","9611","Maryland","Brene Moseley|Brionna Jones|Kiah Gillespie|Kiara Leslie|S. Walker-Kimbrough",5,1271,1327,56,4,2,2
"2015-16","9611","Maryland","Brene Moseley|Brionna Jones|Kiah Gillespie|Kristen Confroy|S. Walker-Kimbrough",5,1327,1410,83,2,2,0
"2015-16","9611","Maryland","Brene Moseley|Brionna Jones|Kristen Confroy|Malina Howard|S. Walker-Kimbrough",5,1410,1505,95,0,2,-2
"2015-16","9611","Syracuse","Alexis Peterson|Briana Day|Brianna Butler|Brittney Sykes|Cornelia Fondren",5,1251,1541,290,10,8,2
"2015-16","9611","Syracuse","Alexis Peterson|Bria Day|Brianna Butler|Brittney Sykes|Cornelia Fondren",5,1541,1616,75,2,2,0
"2015-16","9611","Maryland","A'Lexus Harrison|Brene Moseley|Kiara Leslie|Malina Howard|S. Walker-Kimbrough",5,1505,1616,111,4,4,0
"2015-16","9611","Syracuse","Abby Grant|Alexis Peterson|Bria Day|Brittney Sykes|Cornelia Fondren",5,1616,1656,40,0,0,0
"2015-16","9611","Syracuse","Abby Grant|Alexis Peterson|Briana Day|Brittney Sykes|Cornelia Fondren",5,1656,1681,25,2,0,2
"2015-16","9611","Syracuse","Abby Grant|Alexis Peterson|Briana Day|Brianna Butler|Cornelia Fondren",5,1681,1702,21,1,0,1
"2015-16","9611","Maryland","Brene Moseley|Brionna Jones|Kiara Leslie|Malina Howard|S. Walker-Kimbrough",5,1616,1702,86,0,3,-3
"2015-16","9611","Syracuse","Alexis Peterson|Briana Day|Brianna Butler|Brittney Sykes|Cornelia Fondren",5,1702,1739,37,0,3,-3
"2015-16","9611","Maryland","Brene Moseley|Brionna Jones|Malina Howard|S. Walker-Kimbrough|Tierney Pfirman",5,1702,1791,89,5,4,1
"2015-16","9611","Maryland","Brene Moseley|Kiah Gillespie|Malina Howard|S. Walker-Kimbrough|Tierney Pfirman",5,1791,1800,9,0,0,0
"2015-16","9611","Syracuse","Alexis Peterson|Bria Day|Brianna Butler|Brittney Sykes|Cornelia Fondren",5,1739,1800,61,4,2,2
"2015-16","9611","Syracuse","Alexis Peterson|Bria Day|Brianna Butler|Brittney Sykes|Cornelia Fondren",5,1800,1839,39,0,3,-3
"2015-16","9611","Maryland","Brene Moseley|Kiah Gillespie|Malina Howard|S. Walker-Kimbrough|Tierney Pfirman",5,1800,1839,39,3,0,3
"2015-16","9611","Maryland","Brene Moseley|Brionna Jones|Malina Howard|S. Walker-Kimbrough|Tierney Pfirman",5,1839,1888,49,2,0,2
"2015-16","9611","Syracuse","Alexis Peterson|Briana Day|Brianna Butler|Brittney Sykes|Cornelia Fondren",5,1839,1950,111,3,6,-3
"2015-16","9611","Syracuse","Abby Grant|Alexis Peterson|Briana Day|Brianna Butler|Cornelia Fondren",5,1950,2029,79,3,6,-3
"2015-16","9611","Maryland","Brionna Jones|Chloe Pavlech|Malina Howard|S. Walker-Kimbrough|Tierney Pfirman",5,1888,2029,141,10,6,4
"2015-16","9611","Maryland","Brionna Jones|Chloe Pavlech|Kiah Gillespie|S. Walker-Kimbrough|Tierney Pfirman",5,2029,2055,26,0,0,0
"2015-16","9611","Syracuse","Alexis Peterson|Briana Day|Brianna Butler|Brittney Sykes|Cornelia Fondren",5,2029,2087,58,0,0,0
"2015-16","9611","Syracuse","Abby Grant|Briana Day|Brianna Butler|Brittney Sykes|Cornelia Fondren",5,2087,2104,17,0,0,0
"2015-16","9611","Maryland","Brionna Jones|Chloe Pavlech|Kiah Gillespie|Kristen Confroy|S. Walker-Kimbrough",5,2055,2162,107,1,3,-2
"2015-16","9611","Syracuse","Briana Day|Brianna Butler|Brittney Sykes|Cornelia Fondren|Maggie Morrison",5,2104,2196,92,5,1,4
"2015-16","9611","Maryland","Brionna Jones|Chloe Pavlech|Malina Howard|S. Walker-Kimbrough|Tierney Pfirman",5,2162,2291,129,2,4,-2
"2015-16","9611","Syracuse","Alexis Peterson|Briana Day|Brianna Butler|Brittney Sykes|Cornelia Fondren",5,2196,2332,136,3,5,-2
"2015-16","9611","Maryland","Brene Moseley|Chloe Pavlech|Malina Howard|S. Walker-Kimbrough|Tierney Pfirman",5,2291,2332,41,3,1,2
"2015-16","9611","Maryland","Chloe Pavlech|Kristen Confroy|Malina Howard|S. Walker-Kimbrough|Tierney Pfirman",5,2332,2400,68,3,0,3
"2015-16","9611","Syracuse","Alexis Peterson|Briana Day|Brianna Butler|Cornelia Fondren|Maggie Morrison",5,2332,2400,68,0,3,-3
"2015-16","9612","Maryland","Brionna Jones|Chloe Pavlech|Malina Howard|S. Walker-Kimbrough|Tierney Pfirman",5,0,208,208,10,2,8
"2015-16","9612","Ccsu","Aleah EPPS|Camden MUSGRAVE|Emma STROYAN|Kayla MILLER|TeJahne MALONE",5,0,250,250,2,10,-8
"2015-16","9612","Maryland","Brionna Jones|Chloe Pavlech|Kiara Leslie|Malina Howard|S. Walker-Kimbrough",5,208,250,42,0,0,0
"2015-16","9612","Ccsu","Aleah EPPS|Caitland CONSIDINE|Emma STROYAN|Kayla MILLER|TeJahne MALONE",5,250,382,132,0,6,-6
"2015-16","9612","Maryland","Brene Moseley|Brionna Jones|Kiah Gillespie|Kiara Leslie|S. Walker-Kimbrough",5,250,382,132,6,0,6
"2015-16","9612","Ccsu","Caitland CONSIDINE|Chayla LEWIS|Emma STROYAN|Kiana PATTERSON|TeJahne MALONE",5,382,522,140,0,6,-6
"2015-16","9612","Maryland","Chloe Pavlech|Kiah Gillespie|Kiara Leslie|Malina Howard|S. Walker-Kimbrough",5,382,522,140,6,0,6
"2015-16","9612","Maryland","Chloe Pavlech|Kiah Gillespie|Kristen Confroy|Malina Howard|Tierney Pfirman",5,522,558,36,0,0,0
"2015-16","9612","Ccsu","Aleah EPPS|Chayla LEWIS|Emma STROYAN|Sydney HINES|TeJahne MALONE",5,522,600,78,0,0,0
"2015-16","9612","Maryland","Brene Moseley|Brionna Jones|Kiah Gillespie|Kristen Confroy|Tierney Pfirman",5,558,600,42,0,0,0
"2015-16","9612","Ccsu","Aleah EPPS|Emma STROYAN|Kayla MILLER|Sydney HINES|TeJahne MALONE",5,600,1200,600,0,0,0
"2015-16","9612","Ccsu","Aleah EPPS|Emma STROYAN|Giocelis REYNOSO|Kayla MILLER|Sydney HINES|TeJahne MALONE",6,1200,673,0,0,5,-5
"2015-16","9612","Ccsu","Aleah EPPS|Giocelis REYNOSO|Kayla MILLER|Sydney HINES|TeJahne MALONE",5,673,716,43,0,2,-2
"2015-16","9612","Maryland","Brene Moseley|Brionna Jones|Kiah Gillespie|Kristen Confroy|Tierney Pfirman",5,600,802,202,9,1,8
"2015-16","9612","Maryland","A'Lexus Harrison|Chloe Pavlech|Kiara Leslie|Malina Howard|S. Walker-Kimbrough",5,802,897,95,0,2,-2
"2015-16","9612","Ccsu","Aleah EPPS|Giocelis REYNOSO|Kiana PATTERSON|Nicole FERGUSON|TeJahne MALONE",5,716,1040,324,5,8,-3
"2015-16","9612","Maryland","Brianna Fraser|Chloe Pavlech|Kiara Leslie|Malina Howard|S. Walker-Kimbrough",5,897,1040,143,6,2,4
"2015-16","9612","Maryland","Brene Moseley|Brianna Fraser|Kiah Gillespie|Kristen Confroy|Tierney Pfirman",5,1040,1084,44,0,3,-3
"2015-16","9612","Maryland","Brianna Fraser|Chloe Pavlech|Kiah Gillespie|Kristen Confroy|Tierney Pfirman",5,1084,1112,28,0,0,0
"2015-16","9612","Maryland","Brionna Jones|Chloe Pavlech|Kiah Gillespie|Kristen Confroy|Tierney Pfirman",5,1112,1200,88,4,4,0
"2015-16","9612","Ccsu","Caitland CONSIDINE|Chayla LEWIS|Giocelis REYNOSO|Kiana PATTERSON|TeJahne MALONE",5,1040,1200,160,7,4,3
"2015-16","9612","Maryland","Brionna Jones|Chloe Pavlech|Malina Howard|S. Walker-Kimbrough|Tierney Pfirman",5,1200,1244,44,2,0,2
"2015-16","9612","Maryland","Chloe Pavlech|Kiah Gillespie|Malina Howard|S. Walker-Kimbrough|Tierney Pfirman",5,1244,1340,96,4,5,-1
"2015-16","9612","Maryland","Chloe Pavlech|Kiah Gillespie|Kiara Leslie|Kristen Confroy|Malina Howard",5,1340,1466,126,2,7,-5
"2015-16","9612","Ccsu","Aleah EPPS|Camden MUSGRAVE|Emma STROYAN|Kayla MILLER|TeJahne MALONE",5,1200,1470,270,12,8,4
"2015-16","9612","Maryland","Brene Moseley|Brionna Jones|Kiara Leslie|Kristen Confroy|S. Walker-Kimbrough",5,1466,1594,128,4,4,0
"2015-16","9612","Maryland","A'Lexus Harrison|Brene Moseley|Kiara Leslie|Kristen Confroy|S. Walker-Kimbrough",5,1594,1673,79,0,2,-2
"2015-16","9612","Ccsu","Aleah EPPS|Brianna JACOBS|Emma STROYAN|Kiana PATTERSON|TeJahne MALONE",5,1470,1687,217,6,4,2
"2015-16","9612","Ccsu","Aleah EPPS|Andi LYDON|Brianna JACOBS|Emma STROYAN|Kiana PATTERSON",5,1687,1736,49,0,8,-8
"2015-16","9612","Maryland","A'Lexus Harrison|Brene Moseley|Brianna Fraser|Kiara Leslie|S. Walker-Kimbrough",5,1673,1771,98,8,4,4
"2015-16","9612","Ccsu","Aleah EPPS|Andi LYDON|Brianna JACOBS|Camden MUSGRAVE|Kiana PATTERSON",5,1736,1800,64,4,2,2
"2015-16","9612","Maryland","A'Lexus Harrison|Aja Ellison|Brene Moseley|Kiara Leslie|S. Walker-Kimbrough",5,1771,1800,29,2,0,2
"2015-16","9612","Maryland","Brionna Jones|Chloe Pavlech|Malina Howard|S. Walker-Kimbrough|Tierney Pfirman",5,1800,1803,3,2,0,2
"2015-16","9612","Ccsu","Aleah EPPS|Camden MUSGRAVE|Emma STROYAN|Kayla MILLER|TeJahne MALONE",5,1800,1961,161,2,6,-4
"2015-16","9612","Maryland","Brene Moseley|Brionna Jones|Kiah Gillespie|Kristen Confroy|S. Walker-Kimbrough",5,1803,1961,158,4,2,2
"2015-16","9612","Ccsu","Aleah EPPS|Emma STROYAN|Kayla MILLER|Kiana PATTERSON|TeJahne MALONE",5,1961,2033,72,2,0,2
"2015-16","9612","Maryland","Brene Moseley|Kiah Gillespie|Kiara Leslie|Kristen Confroy|Malina Howard",5,1961,2033,72,0,2,-2
"2015-16","9612","Ccsu","Aleah EPPS|Chayla LEWIS|Emma STROYAN|Kiana PATTERSON|TeJahne MALONE",5,2033,2111,78,2,5,-3
"2015-16","9612","Maryland","A'Lexus Harrison|Brene Moseley|Kiara Leslie|Kristen Confroy|Malina Howard",5,2033,2111,78,5,2,3
"2015-16","9612","Ccsu","Aleah EPPS|Chayla LEWIS|Giocelis REYNOSO|Kiana PATTERSON|TeJahne MALONE",5,2111,2158,47,0,0,0
"2015-16","9612","Ccsu","Camden MUSGRAVE|Chayla LEWIS|Giocelis REYNOSO|Kiana PATTERSON|TeJahne MALONE",5,2158,2211,53,0,2,-2
"2015-16","9612","Ccsu","Andi LYDON|Brianna JACOBS|Camden MUSGRAVE|Chayla LEWIS|Kiana PATTERSON",5,2211,2276,65,0,2,-2
"2015-16","9612","Maryland","A'Lexus Harrison|Brene Moseley|Brianna Fraser|Kiara Leslie|Kristen Confroy",5,2111,2276,165,4,0,4
"2015-16","9612","Maryland","A'Lexus Harrison|Aja Ellison|Brene Moseley|Brianna Fraser|Chloe Pavlech|Kristen Confroy",6,2276,2289,13,2,0,2
"2015-16","9612","Maryland","A'Lexus Harrison|Aja Ellison|Brene Moseley|Brianna Fraser|Kristen Confroy",5,2289,2400,111,6,1,5
"2015-16","9612","Ccsu","Andi LYDON|Brianna JACOBS|Chayla LEWIS|Kiana PATTERSON|Sydney HINES",5,2276,2400,124,1,8,-7
"2015-16","9613","Maryland","Brionna Jones|Chloe Pavlech|Kiah Gillespie|Malina Howard|S. Walker-Kimbrough",5,0,271,271,10,5,5
"2015-16","9613","Maryland","Brionna Jones|Chloe Pavlech|Kiah Gillespie|Kiara Leslie|S. Walker-Kimbrough",5,271,293,22,0,0,0
"2015-16","9613","Loyola","Bri Betz-White|Colleen Marshall|Jeneh Perry|Lisa Mirarchi|Steph Smith",5,0,365,365,7,14,-7
"2015-16","9613","Maryland","Brene Moseley|Brianna Fraser|Brionna Jones|Kiara Leslie|S. Walker-Kimbrough",5,293,365,72,4,2,2
"2015-16","9613","Loyola","Bri Betz-White|Carly Monzo|Colleen Marshall|Diana Logan|Jeneh Perry",5,365,462,97,0,4,-4
"2015-16","9613","Maryland","Brene Moseley|Brianna Fraser|Brionna Jones|Kristen Confroy|S. Walker-Kimbrough",5,365,483,118,4,0,4
"2015-16","9613","Loyola","Bri Betz-White|Carly Monzo|Diana Logan|Jeneh Perry|Lisa Mirarchi",5,462,573,111,5,4,1
"2015-16","9613","Maryland","Brene Moseley|Kiah Gillespie|Kiara Leslie|Kristen Confroy|Malina Howard",5,483,600,117,4,5,-1
"2015-16","9613","Loyola","Carly Monzo|Colleen Marshall|Diana Logan|Lisa Mirarchi|Steph Smith",5,573,600,27,0,0,0
"2015-16","9613","Maryland","Brene Moseley|Brionna Jones|Kiah Gillespie|Kiara Leslie|S. Walker-Kimbrough",5,600,664,64,0,3,-3
"2015-16","9613","Loyola","Carly Monzo|Colleen Marshall|Diana Logan|Lisa Mirarchi|Steph Smith",5,600,769,169,6,4,2
"2015-16","9613","Maryland","Brionna Jones|Chloe Pavlech|Kiah Gillespie|Kiara Leslie|S. Walker-Kimbrough",5,664,769,105,4,3,1
"2015-16","9613","Loyola","Bri Betz-White|Carly Monzo|Colleen Marshall|Jeneh Perry|Lisa Mirarchi",5,769,853,84,4,6,-2
"2015-16","9613","Loyola","Bri Betz-White|Carly Monzo|Colleen Marshall|Diana Logan|Jeneh Perry",5,853,1070,217,2,11,-9
"2015-16","9613","Maryland","Brianna Fraser|Chloe Pavlech|Kiara Leslie|Malina Howard|S. Walker-Kimbrough",5,769,1070,301,17,6,11
"2015-16","9613","Loyola","Bri Betz-White|Colleen Marshall|Jeneh Perry|Madelene McDonald|Steph Smith",5,1070,1139,69,0,4,-4
"2015-16","9613","Loyola","Bri Betz-White|Colleen Marshall|Jeneh Perry|Lauren Daugherty|Madelene McDonald",5,1139,1200,61,0,3,-3
"2015-16","9613","Maryland","A'Lexus Harrison|Brene Moseley|Brionna Jones|Kiah Gillespie|Kristen Confroy",5,1070,1200,130,7,0,7
"2015-16","9613","Loyola","Bri Betz-White|Colleen Marshall|Jeneh Perry|Lisa Mirarchi|Steph Smith",5,1200,1298,98,0,2,-2
"2015-16","9613","Loyola","Colleen Marshall|Diana Logan|Jeneh Perry|Lisa Mirarchi|Steph Smith",5,1298,1367,69,0,0,0
"2015-16","9613","Maryland","Brionna Jones|Chloe Pavlech|Kiah Gillespie|Malina Howard|S. Walker-Kimbrough",5,1200,1367,167,2,0,2
"2015-16","9613","Maryland","Brionna Jones|Chloe Pavlech|Kiara Leslie|Malina Howard|S. Walker-Kimbrough",5,1367,1399,32,0,3,-3
"2015-16","9613","Loyola","Bri Betz-White|Colleen Marshall|Jeneh Perry|Lisa Mirarchi|Steph Smith",5,1367,1441,74,3,3,0
"2015-16","9613","Loyola","Bri Betz-White|Carly Monzo|Colleen Marshall|Jeneh Perry|Lisa Mirarchi",5,1441,1533,92,2,10,-8
"2015-16","9613","Maryland","Brene Moseley|Brionna Jones|Kiara Leslie|Malina Howard|S. Walker-Kimbrough",5,1399,1533,134,13,2,11
"2015-16","9613","Maryland","Brene Moseley|Brianna Fraser|Brionna Jones|Kiara Leslie|S. Walker-Kimbrough",5,1533,1652,119,6,8,-2
"2015-16","9613","Loyola","Carly Monzo|Colleen Marshall|Diana Logan|Jeneh Perry|Lisa Mirarchi",5,1533,1692,159,8,9,-1
"2015-16","9613","Maryland","Brene Moseley|Brianna Fraser|Brionna Jones|Kristen Confroy|S. Walker-Kimbrough",5,1652,1800,148,8,4,4
"2015-16","9613","Loyola","Carly Monzo|Colleen Marshall|Diana Logan|Lauren Daugherty|Lisa Mirarchi",5,1692,1800,108,4,5,-1
"2015-16","9613","Maryland","A'Lexus Harrison|Chloe Pavlech|Kiah Gillespie|Kristen Confroy|Malina Howard",5,1800,1947,147,5,3,2
"2015-16","9613","Loyola","Carly Monzo|Colleen Marshall|Diana Logan|Lauren Daugherty|Lisa Mirarchi",5,1800,2083,283,3,9,-6
"2015-16","9613","Maryland","A'Lexus Harrison|Brianna Fraser|Chloe Pavlech|Kristen Confroy|Malina Howard",5,1947,2083,136,4,0,4
"2015-16","9613","Maryland","Aja Ellison|Brianna Fraser|Chloe Pavlech|Kiah Gillespie|Kristen Confroy",5,2083,2143,60,2,0,2
"2015-16","9613","Loyola","Bri Betz-White|Jeneh Perry|Lisa Mirarchi|Maria Kilcullen|Steph Smith",5,2083,2223,140,0,2,-2
"2015-16","9613","Loyola","Alex Barazotti|Courtney Vannoy|Madelene McDonald|Maria Kilcullen|Steph Smith",5,2223,2264,41,3,2,1
"2015-16","9613","Maryland","Aja Ellison|Brene Moseley|Brianna Fraser|Kiah Gillespie|Kristen Confroy",5,2143,2264,121,2,3,-1
"2015-16","9613","Maryland","A'Lexus Harrison|Aja Ellison|Brene Moseley|Brianna Fraser|Kristen Confroy",5,2264,2400,136,5,0,5
"2015-16","9613","Loyola","Alex Barazotti|Courtney Vannoy|Madelene McDonald|Maria Kilcullen|Tori Schultz",5,2264,2400,136,0,5,-5
"2015-16","9614","Southern","Briana Green|Britney Washington|Cortnei Purnell|Rishonti Cowart|Skylar O'Bear",5,0,249,249,4,6,-2
"2015-16","9614","Maryland","Brionna Jones|Chloe Pavlech|Kiah Gillespie|Malina Howard|S. Walker-Kimbrough",5,0,249,249,6,4,2
"2015-16","9614","Southern","Ashley Williams|Briana Green|Kadesha Berry|Kenidi Robinson|Skylar O'Bear",5,249,302,53,0,5,-5
"2015-16","9614","Southern","Ashley Williams|Briana Green|Courtney Parsons|Kenidi Robinson|Skylar O'Bear",5,302,379,77,2,7,-5
"2015-16","9614","Southern","Ashley Williams|Courtney Parsons|Jadea Brundidge|Kenidi Robinson|Skylar O'Bear",5,379,445,66,2,5,-3
"2015-16","9614","Maryland","Brene Moseley|Brianna Fraser|Brionna Jones|Kristen Confroy|S. Walker-Kimbrough",5,249,445,196,17,4,13
"2015-16","9614","Maryland","Brene Moseley|Brianna Fraser|Brionna Jones|Kiah Gillespie|Kiara Leslie|Kristen Confroy|S. Walker-Kimbrough",7,445,459,14,0,3,-3
"2015-16","9614","Southern","Britney Washington|Cortnei Purnell|Jadea Brundidge|Rishonti Cowart|Skylar O'Bear",5,445,513,68,3,0,3
"2015-16","9614","Maryland","Brene Moseley|Brionna Jones|Kiara Leslie|Kristen Confroy|S. Walker-Kimbrough",5,459,513,54,0,0,0
"2015-16","9614","Southern","Ashley Williams|Briana Green|Kadesha Berry|Miaya Crowder|Skylar O'Bear",5,513,555,42,3,0,3
"2015-16","9614","Maryland","Brene Moseley|Brianna Fraser|Kristen Confroy|Malina Howard|S. Walker-Kimbrough",5,513,555,42,0,3,-3
"2015-16","9614","Southern","Ashley Williams|Briana Green|Britney Washington|Cortnei Purnell|Kadesha Berry|Miaya Crowder",6,555,574,19,0,0,0
"2015-16","9614","Southern","Ashley Williams|Britney Washington|Cortnei Purnell|Kadesha Berry|Miaya Crowder|Rishonti Cowart",6,574,581,7,0,2,-2
"2015-16","9614","Maryland","Brianna Fraser|Chloe Pavlech|Kristen Confroy|Malina Howard|S. Walker-Kimbrough",5,555,600,45,2,0,2
"2015-16","9614","Southern","Britney Washington|Cortnei Purnell|Kadesha Berry|Miaya Crowder|Rishonti Cowart",5,581,600,19,0,0,0
"2015-16","9614","Southern","Britney Washington|Cortnei Purnell|Kadesha Berry|Miaya Crowder|Rishonti Cowart",5,600,725,125,2,4,-2
"2015-16","9614","Maryland","Brianna Fraser|Chloe Pavlech|Kristen Confroy|Malina Howard|S. Walker-Kimbrough",5,600,725,125,4,2,2
"2015-16","9614","Southern","Ashley Williams|Courtney Parsons|Miaya Crowder|Sarai Blissett|Skylar O'Bear",5,725,774,49,0,0,0
"2015-16","9614","Southern","Ashley Williams|Courtney Parsons|Jadea Brundidge|Sarai Blissett|Skylar O'Bear",5,774,801,27,0,2,-2
"2015-16","9614","Southern","Ashley Williams|Britney Washington|Courtney Parsons|Jadea Brundidge|Kenidi Robinson",5,801,845,44,2,4,-2
"2015-16","9614","Southern","Ashley Williams|Britney Washington|Jadea Brundidge|Kadesha Berry|Kenidi Robinson",5,845,871,26,2,0,2
"2015-16","9614","Maryland","Brene Moseley|Brionna Jones|Kiah Gillespie|Kristen Confroy|S. Walker-Kimbrough",5,725,871,146,6,4,2
"2015-16","9614","Southern","Britney Washington|Cortnei Purnell|Jadea Brundidge|Kadesha Berry|Rishonti Cowart",5,871,935,64,2,4,-2
"2015-16","9614","Southern","Britney Washington|Cortnei Purnell|Miaya Crowder|Rishonti Cowart|Skylar O'Bear",5,935,1012,77,3,2,1
"2015-16","9614","Maryland","Brene Moseley|Brionna Jones|Kiah Gillespie|Kiara Leslie|S. Walker-Kimbrough",5,871,1012,141,6,5,1
"2015-16","9614","Southern","Briana Green|Britney Washington|Cortnei Purnell|Courtney Parsons|Rishonti Cowart",5,1012,1111,99,4,5,-1
"2015-16","9614","Maryland","Brene Moseley|Brionna Jones|Kiah Gillespie|Kiara Leslie|Kristen Confroy",5,1012,1111,99,5,4,1
"2015-16","9614","Southern","Ashley Williams|Jadea Brundidge|Kadesha Berry|Kenidi Robinson|Skylar O'Bear",5,1111,1177,66,0,4,-4
"2015-16","9614","Maryland","Brene Moseley|Brianna Fraser|Brionna Jones|Kristen Confroy|S. Walker-Kimbrough",5,1111,1200,89,4,0,4
"2015-16","9614","Southern","Ashley Williams|Britney Washington|Jadea Brundidge|Rishonti Cowart|Skylar O'Bear",5,1177,1200,23,0,0,0
"2015-16","9614","Southern","Briana Green|Britney Washington|Cortnei Purnell|Jadea Brundidge|Skylar O'Bear",5,1200,1371,171,4,9,-5
"2015-16","9614","Maryland","Brionna Jones|Chloe Pavlech|Kiah Gillespie|Malina Howard|S. Walker-Kimbrough",5,1200,1371,171,9,4,5
"2015-16","9614","Southern","Ashley Williams|Jadea Brundidge|Kadesha Berry|Miaya Crowder|Tashi-ana Thompson",5,1371,1445,74,2,0,2
"2015-16","9614","Maryland","Brene Moseley|Brianna Fraser|Kiah Gillespie|Malina Howard|S. Walker-Kimbrough",5,1371,1445,74,0,2,-2
"2015-16","9614","Southern","Ashley Williams|Kadesha Berry|Kenidi Robinson|Miaya Crowder|Tashi-ana Thompson",5,1445,1487,42,2,2,0
"2015-16","9614","Maryland","Brene Moseley|Brianna Fraser|Kristen Confroy|Malina Howard|S. Walker-Kimbrough",5,1445,1487,42,2,2,0
"2015-16","9614","Southern","Ashley Williams|Danayea Charles|Kenidi Robinson|Miaya Crowder|Tashi-ana Thompson",5,1487,1510,23,0,4,-4
"2015-16","9614","Southern","Ashley Williams|Briana Green|Britney Washington|Danayea Charles|Miaya Crowder",5,1510,1543,33,2,1,1
"2015-16","9614","Maryland","Brene Moseley|Brianna Fraser|Brionna Jones|Kristen Confroy|S. Walker-Kimbrough",5,1487,1570,83,7,2,5
"2015-16","9614","Southern","Briana Green|Britney Washington|Miaya Crowder|Rishonti Cowart|Skylar O'Bear",5,1543,1648,105,3,3,0
"2015-16","9614","Southern","Briana Green|Britney Washington|Kadesha Berry|Miaya Crowder|Rishonti Cowart",5,1648,1710,62,0,2,-2
"2015-16","9614","Maryland","Brene Moseley|Brianna Fraser|Brionna Jones|Kiara Leslie|Kristen Confroy",5,1570,1710,140,3,3,0
"2015-16","9614","Southern","Ashley Williams|Briana Green|Britney Washington|Jadea Brundidge|Kadesha Berry",5,1710,1758,48,2,3,-1
"2015-16","9614","Maryland","A'Lexus Harrison|Brianna Fraser|Chloe Pavlech|Kiara Leslie|Kristen Confroy",5,1710,1800,90,3,2,1
"2015-16","9614","Southern","Ashley Williams|Briana Green|Jadea Brundidge|Kadesha Berry|Skylar O'Bear",5,1758,1800,42,0,0,0
"2015-16","9614","Southern","Ashley Williams|Cortnei Purnell|Jadea Brundidge|Rishonti Cowart|Skylar O'Bear",5,1800,1818,18,1,0,1
"2015-16","9614","Maryland","A'Lexus Harrison|Chloe Pavlech|Kiah Gillespie|Kiara Leslie|Kristen Confroy",5,1800,1818,18,0,1,-1
"2015-16","9614","Southern","Ashley Williams|Cortnei Purnell|Miaya Crowder|Rishonti Cowart|Skylar O'Bear",5,1818,1990,172,3,5,-2
"2015-16","9614","Southern","Briana Green|Britney Washington|Courtney Parsons|Jadea Brundidge|Kenidi Robinson",5,1990,2018,28,2,1,1
"2015-16","9614","Maryland","A'Lexus Harrison|Chloe Pavlech|Kiah Gillespie|Kristen Confroy|Malina Howard",5,1818,2057,239,6,7,-1
"2015-16","9614","Southern","Ashley Williams|Briana Green|Britney Washington|Courtney Parsons|Jadea Brundidge",5,2018,2159,141,7,6,1
"2015-16","9614","Maryland","A'Lexus Harrison|Brene Moseley|Brianna Fraser|Kristen Confroy|Malina Howard",5,2057,2200,143,8,5,3
"2015-16","9614","Southern","Ashley Williams|Briana Green|Britney Washington|Miaya Crowder|Skylar O'Bear",5,2159,2245,86,0,5,-5
"2015-16","9614","Southern","Ashley Williams|Britney Washington|Cortnei Purnell|Jadea Brundidge|Kadesha Berry",5,2245,2322,77,0,0,0
"2015-16","9614","Southern","Cortnei Purnell|Jadea Brundidge|Kadesha Berry|Rishonti Cowart|Skylar O'Bear",5,2322,2337,15,0,3,-3
"2015-16","9614","Southern","Britney Washington|Kenidi Robinson|Rishonti Cowart|Sarai Blissett|Skylar O'Bear",5,2337,2357,20,2,0,2
"2015-16","9614","Maryland","A'Lexus Harrison|Aja Ellison|Brene Moseley|Brianna Fraser|Kristen Confroy",5,2200,2400,200,6,4,2
"2015-16","9614","Southern","Briana Green|Britney Washington|Rishonti Cowart|Sarai Blissett|Skylar O'Bear",5,2357,2400,43,2,0,2
"2015-16","9615","Umes","Alexus HICKS|Moengaroa SUBRITZKY|Shauntesha BRYANT|Taryana KELLY|TeAmber BURKE",5,0,227,227,0,8,-8
"2015-16","9615","Umes","Ciani BYROM|Moengaroa SUBRITZKY|Shauntesha BRYANT|Taryana KELLY|TeAmber BURKE",5,227,264,37,0,3,-3
"2015-16","9615","Maryland","Brionna Jones|Chloe Pavlech|Kristen Confroy|Malina Howard|S. Walker-Kimbrough",5,0,327,327,13,2,11
"2015-16","9615","Maryland","Brene Moseley|Brianna Fraser|Brionna Jones|Kristen Confroy|S. Walker-Kimbrough",5,327,372,45,2,0,2
"2015-16","9615","Maryland","Brianna Fraser|Brionna Jones|Chloe Pavlech|Kiara Leslie|S. Walker-Kimbrough",5,372,474,102,5,3,2
"2015-16","9615","Umes","Alexis UDOJI|Ciani BYROM|Moengaroa SUBRITZKY|Taryana KELLY|TeAmber BURKE",5,264,474,210,5,9,-4
"2015-16","9615","Maryland","Brene Moseley|Brianna Fraser|Kiah Gillespie|Kiara Leslie|S. Walker-Kimbrough",5,474,520,46,0,0,0
"2015-16","9615","Umes","Alexis UDOJI|Ciani BYROM|Moengaroa SUBRITZKY|Ra'Jean MARTIN|Taylor THOMPSON",5,474,520,46,0,0,0
"2015-16","9615","Maryland","Brene Moseley|Brianna Fraser|Kiah Gillespie|Kristen Confroy|S. Walker-Kimbrough",5,520,569,49,0,0,0
"2015-16","9615","Umes","Alexis UDOJI|Ciani BYROM|Keyera EATON|Ra'Jean MARTIN|Taylor THOMPSON",5,520,600,80,0,0,0
"2015-16","9615","Maryland","Brene Moseley|Brianna Fraser|Kiah Gillespie|Kiara Leslie|Kristen Confroy",5,569,600,31,0,0,0
"2015-16","9615","Maryland","Brionna Jones|Chloe Pavlech|Kiah Gillespie|Kristen Confroy|S. Walker-Kimbrough",5,600,635,35,2,0,2
"2015-16","9615","Maryland","Brionna Jones|Chloe Pavlech|Kiah Gillespie|Kiara Leslie|S. Walker-Kimbrough",5,635,825,190,8,3,5
"2015-16","9615","Umes","Alexis UDOJI|Ciani BYROM|Keyera EATON|Ra'Jean MARTIN|Taylor THOMPSON",5,600,825,225,3,10,-7
"2015-16","9615","Umes","Briana SYE|Keyera EATON|Moengaroa SUBRITZKY|Shauntesha BRYANT|Taryana KELLY",5,825,865,40,0,0,0
"2015-16","9615","Maryland","Brene Moseley|Brianna Fraser|Kristen Confroy|Malina Howard|S. Walker-Kimbrough",5,825,1115,290,15,5,10
"2015-16","9615","Umes","Briana SYE|Chalyse TAYLOR|Moengaroa SUBRITZKY|Shauntesha BRYANT|Taryana KELLY",5,865,1115,250,5,15,-10
"2015-16","9615","Umes","Alexis UDOJI|Alexus HICKS|Ciani BYROM|Moengaroa SUBRITZKY|Taylor THOMPSON",5,1115,1200,85,0,8,-8
"2015-16","9615","Maryland","Brene Moseley|Brionna Jones|Kiah Gillespie|Kristen Confroy|S. Walker-Kimbrough",5,1115,1200,85,8,0,8
"2015-16","9615","Umes","Alexus HICKS|Moengaroa SUBRITZKY|Shauntesha BRYANT|Taryana KELLY|TeAmber BURKE",5,1200,1239,39,0,4,-4
"2015-16","9615","Umes","Ciani BYROM|Moengaroa SUBRITZKY|Ra'Jean MARTIN|Shauntesha BRYANT|Taryana KELLY",5,1239,1377,138,5,6,-1
"2015-16","9615","Maryland","Brionna Jones|Chloe Pavlech|Kristen Confroy|Malina Howard|S. Walker-Kimbrough",5,1200,1513,313,12,11,1
"2015-16","9615","Umes","Alexis UDOJI|Ciani BYROM|Ra'Jean MARTIN|Taylor THOMPSON|TeAmber BURKE",5,1377,1513,136,6,2,4
"2015-16","9615","Maryland","Brene Moseley|Brianna Fraser|Kiah Gillespie|Kiara Leslie|S. Walker-Kimbrough",5,1513,1596,83,5,1,4
"2015-16","9615","Maryland","A'Lexus Harrison|Brene Moseley|Brianna Fraser|Kiara Leslie|S. Walker-Kimbrough",5,1596,1653,57,3,2,1
"2015-16","9615","Maryland","Brene Moseley|Brianna Fraser|Kiah Gillespie|Kiara Leslie|S. Walker-Kimbrough",5,1653,1758,105,4,2,2
"2015-16","9615","Umes","Alexis UDOJI|Alexus HICKS|Ciani BYROM|Keyera EATON|Moengaroa SUBRITZKY|Taylor THOMPSON|TeAmber BURKE",7,1513,1758,245,5,12,-7
"2015-16","9615","Umes","Alexis UDOJI|Alexus HICKS|Ciani BYROM|Moengaroa SUBRITZKY|Taylor THOMPSON|TeAmber BURKE",6,1758,1800,42,0,4,-4
"2015-16","9615","Maryland","Brene Moseley|Brianna Fraser|Kiah Gillespie|Kiara Leslie|Kristen Confroy",5,1758,1800,42,4,0,4
"2015-16","9615","Maryland","Brionna Jones|Chloe Pavlech|Kiara Leslie|Kristen Confroy|S. Walker-Kimbrough",5,1800,1816,16,3,0,3
"2015-16","9615","Umes","Alexus HICKS|Shauntesha BRYANT|Taryana KELLY|Taylor THOMPSON|TeAmber BURKE",5,1800,1816,16,0,3,-3
"2015-16","9615","Umes","Alexis UDOJI|Ciani BYROM|Taylor THOMPSON|TeAmber BURKE",4,1816,2003,187,0,10,-10
"2015-16","9615","Maryland","Brene Moseley|Brianna Fraser|Kiah Gillespie|Kiara Leslie",4,1816,2019,203,10,0,10
"2015-16","9615","Maryland","A'Lexus Harrison|Brene Moseley|Kiah Gillespie|Kiara Leslie",4,2019,2052,33,3,1,2
"2015-16","9615","Umes","Ciani BYROM|Ra'Jean MARTIN|Shauntesha BRYANT|Taryana KELLY",4,2003,2052,49,1,3,-2
"2015-16","9615","Maryland","A'Lexus Harrison|Chloe Pavlech|Kiah Gillespie|Kiara Leslie",4,2052,2144,92,5,0,5
"2015-16","9615","Umes","Briana SYE|Ra'Jean MARTIN|Shauntesha BRYANT|Taryana KELLY",4,2052,2144,92,0,5,-5
"2015-16","9615","Maryland","A'Lexus Harrison|Brianna Fraser|Chloe Pavlech|Kiah Gillespie|Kiara Leslie",5,2144,2253,109,2,0,2
"2015-16","9615","Umes","Briana SYE|Keyera EATON|Shauntesha BRYANT|Taylor THOMPSON",4,2144,2253,109,0,2,-2
"2015-16","9615","Umes","Briana SYE|Chalyse TAYLOR|Keyera EATON|Shauntesha BRYANT|Taylor THOMPSON",5,2253,2400,147,0,2,-2
"2015-16","9615","Maryland","A'Lexus Harrison|Brene Moseley|Brianna Fraser|Kiah Gillespie|Kiara Leslie",5,2253,2400,147,2,0,2
"2015-16","9616","Maryland","Brionna Jones|Chloe Pavlech|Kristen Confroy|Malina Howard|S. Walker-Kimbrough",5,0,213,213,6,4,2
"2015-16","9616","Maryland","Brionna Jones|Chloe Pavlech|Kiara Leslie|Kristen Confroy|Malina Howard",5,213,256,43,0,3,-3
"2015-16","9616","Maryland","Brene Moseley|Kiah Gillespie|Kiara Leslie|Kristen Confroy|Malina Howard",5,256,302,46,0,0,0
"2015-16","9616","Connecticut","BREANNA STEWART|KIA NURSE|MORGAN TUCK|MORIAH JEFFERSON|NAPHEESA COLLIER",5,0,302,302,7,6,1
"2015-16","9616","Maryland","Brene Moseley|Brionna Jones|Kiah Gillespie|Kiara Leslie|Kristen Confroy",5,302,381,79,0,3,-3
"2015-16","9616","Maryland","Brene Moseley|Brionna Jones|Chloe Pavlech|Kiah Gillespie|Kristen Confroy",5,381,430,49,2,2,0
"2015-16","9616","Connecticut","BREANNA STEWART|GABBY WILLIAMS|KIA NURSE|MORGAN TUCK|MORIAH JEFFERSON",5,302,483,181,9,4,5
"2015-16","9616","Maryland","Brene Moseley|Brionna Jones|Chloe Pavlech|Kiah Gillespie|Malina Howard",5,430,566,136,6,7,-1
"2015-16","9616","Connecticut","BREANNA STEWART|GABBY WILLIAMS|KATIE LOU SAMUELSON|MORGAN TUCK|MORIAH JEFFERSON",5,483,566,83,3,4,-1
"2015-16","9616","Maryland","Brene Moseley|Brionna Jones|Kiah Gillespie|Kristen Confroy|Malina Howard",5,566,583,17,0,2,-2
"2015-16","9616","Connecticut","BREANNA STEWART|GABBY WILLIAMS|KATIE LOU SAMUELSON|MORIAH JEFFERSON|NAPHEESA COLLIER",5,566,600,34,2,0,2
"2015-16","9616","Maryland","Brianna Fraser|Brionna Jones|Chloe Pavlech|Kiah Gillespie|Kristen Confroy",5,583,600,17,0,0,0
"2015-16","9616","Maryland","Brianna Fraser|Brionna Jones|Chloe Pavlech|Kristen Confroy|Malina Howard",5,600,641,41,0,0,0
"2015-16","9616","Connecticut","BREANNA STEWART|GABBY WILLIAMS|KATIE LOU SAMUELSON|MORIAH JEFFERSON|NAPHEESA COLLIER",5,600,692,92,0,4,-4
"2015-16","9616","Maryland","Brianna Fraser|Brionna Jones|Chloe Pavlech|Kristen Confroy|S. Walker-Kimbrough",5,641,891,250,7,2,5
"2015-16","9616","Connecticut","BREANNA STEWART|KIA NURSE|MORGAN TUCK|MORIAH JEFFERSON|NAPHEESA COLLIER",5,692,891,199,2,3,-1
"2015-16","9616","Maryland","Brene Moseley|Kiah Gillespie|Kristen Confroy|Malina Howard|S. Walker-Kimbrough",5,891,1001,110,8,4,4
"2015-16","9616","Maryland","Brionna Jones|Chloe Pavlech|Kiah Gillespie|Kristen Confroy|S. Walker-Kimbrough",5,1001,1199,198,3,9,-6
"2015-16","9616","Connecticut","BREANNA STEWART|KIA NURSE|MORGAN TUCK|MORIAH JEFFERSON|SANIYA CHONG",5,891,1200,309,13,11,2
"2015-16","9616","Maryland","Brionna Jones|Chloe Pavlech|Kiara Leslie|Kristen Confroy|Malina Howard",5,1199,1200,1,0,0,0
"2015-16","9616","Maryland","Brionna Jones|Chloe Pavlech|Kristen Confroy|Malina Howard|S. Walker-Kimbrough",5,1200,1312,112,0,4,-4
"2015-16","9616","Connecticut","BREANNA STEWART|GABBY WILLIAMS|KIA NURSE|MORGAN TUCK|MORIAH JEFFERSON",5,1200,1409,209,4,8,-4
"2015-16","9616","Maryland","Brene Moseley|Brionna Jones|Kristen Confroy|Malina Howard|S. Walker-Kimbrough",5,1312,1473,161,8,1,7
"2015-16","9616","Maryland","Brene Moseley|Brianna Fraser|Kiah Gillespie|Kristen Confroy|S. Walker-Kimbrough",5,1473,1525,52,3,0,3
"2015-16","9616","Connecticut","BREANNA STEWART|KATIE LOU SAMUELSON|KIA NURSE|MORGAN TUCK|MORIAH JEFFERSON",5,1409,1525,116,1,3,-2
"2015-16","9616","Maryland","Brene Moseley|Brianna Fraser|Brionna Jones|Kristen Confroy|S. Walker-Kimbrough",5,1525,1625,100,0,5,-5
"2015-16","9616","Connecticut","BREANNA STEWART|KATIE LOU SAMUELSON|KIA NURSE|MORIAH JEFFERSON|NAPHEESA COLLIER",5,1525,1625,100,5,0,5
"2015-16","9616","Maryland","Brene Moseley|Brianna Fraser|Kristen Confroy|Malina Howard|S. Walker-Kimbrough",5,1625,1654,29,0,2,-2
"2015-16","9616","Maryland","Brene Moseley|Kristen Confroy|Malina Howard|S. Walker-Kimbrough|Tierney Pfirman",5,1654,1767,113,2,6,-4
"2015-16","9616","Maryland","Brene Moseley|Brionna Jones|Kristen Confroy|S. Walker-Kimbrough|Tierney Pfirman",5,1767,1778,11,2,0,2
"2015-16","9616","Connecticut","BREANNA STEWART|KATIE LOU SAMUELSON|KIA NURSE|MORGAN TUCK|MORIAH JEFFERSON",5,1625,1800,175,10,4,6
"2015-16","9616","Maryland","Brene Moseley|Kristen Confroy|Malina Howard|S. Walker-Kimbrough|Tierney Pfirman",5,1778,1800,22,0,2,-2
"2015-16","9616","Maryland","Brene Moseley|Brianna Fraser|Brionna Jones|Kristen Confroy|S. Walker-Kimbrough",5,1800,1829,29,0,3,-3
"2015-16","9616","Maryland","Brianna Fraser|Brionna Jones|Chloe Pavlech|Kristen Confroy|S. Walker-Kimbrough",5,1829,1924,95,4,4,0
"2015-16","9616","Maryland","Brionna Jones|Chloe Pavlech|Kristen Confroy|S. Walker-Kimbrough|Tierney Pfirman",5,1924,2042,118,8,2,6
"2015-16","9616","Connecticut","BREANNA STEWART|KATIE LOU SAMUELSON|KIA NURSE|MORGAN TUCK|MORIAH JEFFERSON",5,1800,2042,242,9,12,-3
"2015-16","9616","Maryland","Chloe Pavlech|Kristen Confroy|Malina Howard|S. Walker-Kimbrough|Tierney Pfirman",5,2042,2080,38,0,2,-2
"2015-16","9616","Maryland","Brianna Fraser|Chloe Pavlech|Kristen Confroy|Malina Howard|S. Walker-Kimbrough",5,2080,2114,34,3,2,1
"2015-16","9616","Connecticut","GABBY WILLIAMS|KATIE LOU SAMUELSON|KIA NURSE|MORGAN TUCK|MORIAH JEFFERSON",5,2042,2114,72,4,3,1
"2015-16","9616","Maryland","Brene Moseley|Brionna Jones|Kristen Confroy|S. Walker-Kimbrough|Tierney Pfirman",5,2114,2133,19,0,0,0
"2015-16","9616","Maryland","Brionna Jones|Chloe Pavlech|Kristen Confroy|S. Walker-Kimbrough|Tierney Pfirman",5,2133,2289,156,6,4,2
"2015-16","9616","Connecticut","BREANNA STEWART|GABBY WILLIAMS|KIA NURSE|MORIAH JEFFERSON|SANIYA CHONG",5,2114,2302,188,6,6,0
"2015-16","9616","Maryland","Chloe Pavlech|Kristen Confroy|Malina Howard|S. Walker-Kimbrough|Tierney Pfirman",5,2289,2310,21,0,2,-2
"2015-16","9616","Maryland","Brionna Jones|Chloe Pavlech|Kristen Confroy|S. Walker-Kimbrough|Tierney Pfirman",5,2310,2375,65,3,5,-2
"2015-16","9616","Connecticut","BREANNA STEWART|KIA NURSE|MORGAN TUCK|MORIAH JEFFERSON|SANIYA CHONG",5,2302,2400,98,8,5,3
"2015-16","9616","Maryland","Brene Moseley|Brionna Jones|Kristen Confroy|S. Walker-Kimbrough|Tierney Pfirman",5,2375,2400,25,2,3,-1
"2015-16","9617","Illinois","Alex Wittinger|Chatrice White|Jaelyne Kirkpatrick|Kyley Simmons|Sarah Hartwell",5,0,161,161,3,8,-5
"2015-16","9617","Maryland","Brionna Jones|Chloe Pavlech|Kristen Confroy|Malina Howard|S. Walker-Kimbrough",5,0,224,224,8,5,3
"2015-16","9617","Maryland","Brene Moseley|Brionna Jones|Kristen Confroy|Malina Howard|S. Walker-Kimbrough",5,224,241,17,0,0,0
"2015-16","9617","Maryland","Brene Moseley|Brionna Jones|Kiara Leslie|Kristen Confroy|Malina Howard",5,241,261,20,0,0,0
"2015-16","9617","Illinois","Alex Wittinger|Chatrice White|Kennedy Cattenhead|Kyley Simmons|Sarah Hartwell",5,161,261,100,2,0,2
"2015-16","9617","Illinois","Alex Wittinger|Chatrice White|Jaelyne Kirkpatrick|Kennedy Cattenhead|Sarah Hartwell",5,261,359,98,4,2,2
"2015-16","9617","Maryland","Brene Moseley|Brionna Jones|Kiah Gillespie|Kiara Leslie|Kristen Confroy",5,261,418,157,2,4,-2
"2015-16","9617","Maryland","Brionna Jones|Chloe Pavlech|Kiara Leslie|Kristen Confroy|Malina Howard",5,418,446,28,0,3,-3
"2015-16","9617","Illinois","Alex Wittinger|Brooke Kissinger|Chatrice White|Kennedy Cattenhead|Kyley Simmons",5,359,446,87,3,0,3
"2015-16","9617","Maryland","Brionna Jones|Chloe Pavlech|Kiara Leslie|Malina Howard|Tierney Pfirman",5,446,502,56,0,0,0
"2015-16","9617","Illinois","Alex Wittinger|Brooke Kissinger|Chatrice White|Kyley Simmons|Sarah Hartwell",5,446,521,75,2,0,2
"2015-16","9617","Maryland","Brene Moseley|Brionna Jones|Kiara Leslie|Malina Howard|Tierney Pfirman",5,502,596,94,4,2,2
"2015-16","9617","Illinois","Alex Wittinger|Brooke Kissinger|Kennedy Cattenhead|Kyley Simmons|Sarah Hartwell",5,521,596,75,0,4,-4
"2015-16","9617","Illinois","Brooke Kissinger|Chatrice White|Jaelyne Kirkpatrick|Kennedy Cattenhead|Kyley Simmons",5,596,600,4,0,0,0
"2015-16","9617","Maryland","Brionna Jones|Chloe Pavlech|Kiara Leslie|Kristen Confroy|Malina Howard",5,596,600,4,0,0,0
"2015-16","9617","Maryland","Brene Moseley|Brionna Jones|Kiara Leslie|Malina Howard|Tierney Pfirman",5,600,638,38,0,0,0
"2015-16","9617","Illinois","Brooke Kissinger|Chatrice White|Jaelyne Kirkpatrick|Kennedy Cattenhead|Kyley Simmons",5,600,638,38,0,0,0
"2015-16","9617","Maryland","Brene Moseley|Brionna Jones|Kiara Leslie|Kristen Confroy|Malina Howard",5,638,675,37,4,0,4
"2015-16","9617","Maryland","Brene Moseley|Brianna Fraser|Kiara Leslie|Kristen Confroy|Malina Howard",5,675,841,166,10,9,1
"2015-16","9617","Illinois","Alex Wittinger|Chatrice White|Kennedy Cattenhead|Kyley Simmons|Sarah Hartwell",5,638,841,203,9,14,-5
"2015-16","9617","Maryland","Brene Moseley|Brionna Jones|Kiah Gillespie|Kristen Confroy|S. Walker-Kimbrough",5,841,979,138,2,4,-2
"2015-16","9617","Illinois","Alex Wittinger|Brooke Kissinger|Kennedy Cattenhead|Kyley Simmons|Sarah Hartwell",5,841,979,138,4,2,2
"2015-16","9617","Illinois","Alex Wittinger|Jaelyne Kirkpatrick|Kennedy Cattenhead|Kyley Simmons|Sarah Hartwell",5,979,1056,77,2,2,0
"2015-16","9617","Illinois","Alex Wittinger|Brooke Kissinger|Jaelyne Kirkpatrick|Kyley Simmons|Sarah Hartwell",5,1056,1099,43,0,2,-2
"2015-16","9617","Maryland","Brene Moseley|Brionna Jones|Kristen Confroy|S. Walker-Kimbrough|Tierney Pfirman",5,979,1157,178,6,3,3
"2015-16","9617","Illinois","Alex Wittinger|Brooke Kissinger|Kennedy Cattenhead|Kyley Simmons|Sarah Hartwell",5,1099,1157,58,1,2,-1
"2015-16","9617","Maryland","Brionna Jones|Chloe Pavlech|Kiara Leslie|Malina Howard|S. Walker-Kimbrough",5,1157,1186,29,0,0,0
"2015-16","9617","Illinois","Alex Wittinger|Ashley McConnell|Brooke Kissinger|Jaelyne Kirkpatrick|Kyley Simmons",5,1157,1186,29,0,0,0
"2015-16","9617","Maryland","Brionna Jones|Chloe Pavlech|Kiara Leslie|S. Walker-Kimbrough|Tierney Pfirman",5,1186,1192,6,2,0,2
"2015-16","9617","Illinois","Alex Wittinger|Ashley McConnell|Brooke Kissinger|Kennedy Cattenhead|Kyley Simmons",5,1186,1192,6,0,2,-2
"2015-16","9617","Illinois","Brooke Kissinger|Chatrice White|Kennedy Cattenhead|Kyley Simmons|Sarah Hartwell",5,1192,1200,8,2,1,1
"2015-16","9617","Maryland","Brionna Jones|Chloe Pavlech|Kiara Leslie|Kristen Confroy|Malina Howard",5,1192,1200,8,1,2,-1
"2015-16","9617","Illinois","Chatrice White|Jaelyne Kirkpatrick|Kennedy Cattenhead|Kyley Simmons|Sarah Hartwell",5,1200,1297,97,2,5,-3
"2015-16","9617","Maryland","Brene Moseley|Brionna Jones|Kristen Confroy|Malina Howard|S. Walker-Kimbrough",5,1200,1396,196,8,2,6
"2015-16","9617","Illinois","Brooke Kissinger|Chatrice White|Kennedy Cattenhead|Kyley Simmons|Sarah Hartwell",5,1297,1396,99,0,3,-3
"2015-16","9617","Maryland","Brene Moseley|Kiah Gillespie|Kristen Confroy|Malina Howard|S. Walker-Kimbrough",5,1396,1430,34,3,3,0
"2015-16","9617","Maryland","Brene Moseley|Kiah Gillespie|Kiara Leslie|Kristen Confroy|Malina Howard",5,1430,1724,294,8,8,0
"2015-16","9617","Illinois","Brooke Kissinger|Chatrice White|Jaelyne Kirkpatrick|Kyley Simmons|Sarah Hartwell",5,1396,1724,328,11,11,0
"2015-16","9617","Maryland","Brene Moseley|Brionna Jones|Kristen Confroy|Malina Howard|S. Walker-Kimbrough",5,1724,1797,73,3,0,3
"2015-16","9617","Illinois","Alex Wittinger|Chatrice White|Kennedy Cattenhead|Kyley Simmons|Sarah Hartwell",5,1724,1800,76,0,3,-3
"2015-16","9617","Maryland","Brene Moseley|Brionna Jones|Kiara Leslie|Kristen Confroy|Malina Howard",5,1797,1800,3,0,0,0
"2015-16","9617","Maryland","Brionna Jones|Chloe Pavlech|Kristen Confroy|Malina Howard|S. Walker-Kimbrough",5,1800,1821,21,0,0,0
"2015-16","9617","Illinois","Ashley McConnell|Brooke Kissinger|Chatrice White|Kennedy Cattenhead|Sarah Hartwell",5,1800,2002,202,5,11,-6
"2015-16","9617","Maryland","Brene Moseley|Brionna Jones|Kiara Leslie|Malina Howard|S. Walker-Kimbrough",5,1821,2022,201,11,8,3
"2015-16","9617","Illinois","Ashley McConnell|Brooke Kissinger|Eriel Davis|Jaelyne Kirkpatrick",4,2002,2046,44,5,0,5
"2015-16","9617","Maryland","Brene Moseley|Brianna Fraser|Kiara Leslie|S. Walker-Kimbrough|Tierney Pfirman",5,2022,2079,57,2,2,0
"2015-16","9617","Illinois","Ashley McConnell|Brooke Kissinger|Chatrice White|Eriel Davis|Jaelyne Kirkpatrick",5,2046,2079,33,0,2,-2
"2015-16","9617","Maryland","Brene Moseley|Brianna Fraser|Kiah Gillespie|Kiara Leslie|S. Walker-Kimbrough",5,2079,2101,22,1,0,1
"2015-16","9617","Illinois","Ashley McConnell|Chatrice White|Jaelyne Kirkpatrick|Kyley Simmons|Sarah Hartwell",5,2079,2101,22,0,1,-1
"2015-16","9617","Maryland","Brene Moseley|Brianna Fraser|Kiah Gillespie|Kiara Leslie|Tierney Pfirman",5,2101,2205,104,4,3,1
"2015-16","9617","Illinois","Chatrice White|Jaelyne Kirkpatrick|Kennedy Cattenhead|Kyley Simmons|Sarah Hartwell",5,2101,2205,104,3,4,-1
"2015-16","9617","Maryland","A'Lexus Harrison|Brene Moseley|Brianna Fraser|Kiah Gillespie|Kiara Leslie",5,2205,2300,95,0,2,-2
"2015-16","9617","Illinois","Alex Wittinger|Ashley McConnell|Brooke Kissinger|Kennedy Cattenhead|Sarah Hartwell",5,2205,2400,195,5,0,5
"2015-16","9617","Maryland","A'Lexus Harrison|Aja Ellison|Chloe Pavlech|Kiah Gillespie|Kiara Leslie",5,2300,2400,100,0,3,-3
"2015-16","9618","Ohio State","Alexa Hart|Ameryst Alston|Cait Craft|Kelsey Mitchell|Lisa Blair",5,0,161,161,0,4,-4
"2015-16","9618","Ohio State","Alexa Hart|Ameryst Alston|Cait Craft|Kelsey Mitchell|Shayla Cooper",5,161,277,116,3,0,3
"2015-16","9618","Maryland","Brionna Jones|Chloe Pavlech|Kristen Confroy|Malina Howard|S. Walker-Kimbrough",5,0,277,277,4,3,1
"2015-16","9618","Maryland","Brene Moseley|Brionna Jones|Kristen Confroy|Malina Howard|S. Walker-Kimbrough",5,277,478,201,10,7,3
"2015-16","9618","Ohio State","Alexa Hart|Ameryst Alston|Asia Doss|Kelsey Mitchell|Shayla Cooper",5,277,579,302,11,12,-1
"2015-16","9618","Maryland","Brene Moseley|Kiara Leslie|Malina Howard|S. Walker-Kimbrough|Tierney Pfirman",5,478,579,101,2,4,-2
"2015-16","9618","Maryland","Brene Moseley|Brianna Fraser|Kiara Leslie|Kristen Confroy|Tierney Pfirman",5,579,600,21,2,0,2
"2015-16","9618","Ohio State","Alexa Hart|Asia Doss|Cait Craft|Kelsey Mitchell|Shayla Cooper",5,579,600,21,0,2,-2
"2015-16","9618","Maryland","Brene Moseley|Brianna Fraser|Kiara Leslie|Kristen Confroy|Tierney Pfirman",5,600,728,128,5,6,-1
"2015-16","9618","Ohio State","Alexa Hart|Ameryst Alston|Cait Craft|Kelsey Mitchell|Shayla Cooper",5,600,766,166,6,8,-2
"2015-16","9618","Ohio State","Ameryst Alston|Asia Doss|Kelsey Mitchell|Lisa Blair|Shayla Cooper",5,766,804,38,0,2,-2
"2015-16","9618","Maryland","Brene Moseley|Brionna Jones|Kristen Confroy|Malina Howard|S. Walker-Kimbrough",5,728,845,117,5,2,3
"2015-16","9618","Ohio State","Alexa Hart|Ameryst Alston|Asia Doss|Kelsey Mitchell|Shayla Cooper",5,804,952,148,6,4,2
"2015-16","9618","Maryland","Brene Moseley|Brionna Jones|Kiara Leslie|Malina Howard|S. Walker-Kimbrough",5,845,952,107,4,4,0
"2015-16","9618","Maryland","Brene Moseley|Brianna Fraser|Kiara Leslie|Malina Howard|S. Walker-Kimbrough",5,952,985,33,0,2,-2
"2015-16","9618","Ohio State","Alexa Hart|Ameryst Alston|Cait Craft|Kelsey Mitchell|Shayla Cooper",5,952,1029,77,2,2,0
"2015-16","9618","Maryland","Brene Moseley|Brianna Fraser|Kiara Leslie|S. Walker-Kimbrough|Tierney Pfirman",5,985,1065,80,4,2,2
"2015-16","9618","Maryland","Brene Moseley|Brionna Jones|Kiara Leslie|S. Walker-Kimbrough|Tierney Pfirman",5,1065,1153,88,4,2,2
"2015-16","9618","Ohio State","Alexa Hart|Ameryst Alston|Cait Craft|Kelsey Mitchell|Makayla Waterman",5,1029,1156,127,7,6,1
"2015-16","9618","Maryland","Brene Moseley|Kiara Leslie|Malina Howard|S. Walker-Kimbrough|Tierney Pfirman",5,1153,1156,3,0,3,-3
"2015-16","9618","Ohio State","Ameryst Alston|Cait Craft|Lisa Blair|Makayla Waterman|Shayla Cooper",5,1156,1168,12,0,0,0
"2015-16","9618","Ohio State","Ameryst Alston|Cait Craft|Kelsey Mitchell|Makayla Waterman|Shayla Cooper",5,1168,1197,29,2,0,2
"2015-16","9618","Maryland","Brene Moseley|Brianna Fraser|Kiara Leslie|Malina Howard|S. Walker-Kimbrough",5,1156,1197,41,0,2,-2
"2015-16","9618","Maryland","Brianna Fraser|Chloe Pavlech|Kiara Leslie|Malina Howard|S. Walker-Kimbrough",5,1197,1200,3,0,0,0
"2015-16","9618","Ohio State","Alexa Hart|Ameryst Alston|Cait Craft|Kelsey Mitchell|Shayla Cooper",5,1197,1200,3,0,0,0
"2015-16","9618","Maryland","Brionna Jones|Chloe Pavlech|Kristen Confroy|Malina Howard|S. Walker-Kimbrough",5,1200,1225,25,2,2,0
"2015-16","9618","Maryland","Chloe Pavlech|Kristen Confroy|Malina Howard|S. Walker-Kimbrough|Tierney Pfirman",5,1225,1294,69,0,3,-3
"2015-16","9618","Ohio State","Alexa Hart|Ameryst Alston|Cait Craft|Kelsey Mitchell|Shayla Cooper",5,1200,1483,283,14,11,3
"2015-16","9618","Maryland","Brene Moseley|Kristen Confroy|Malina Howard|S. Walker-Kimbrough|Tierney Pfirman",5,1294,1483,189,9,9,0
"2015-16","9618","Ohio State","Ameryst Alston|Cait Craft|Kelsey Mitchell|Lisa Blair|Shayla Cooper",5,1483,1544,61,5,4,1
"2015-16","9618","Maryland","A'Lexus Harrison|Brene Moseley|Kristen Confroy|Malina Howard|S. Walker-Kimbrough",5,1483,1544,61,4,5,-1
"2015-16","9618","Ohio State","Ameryst Alston|Asia Doss|Kelsey Mitchell|Lisa Blair|Shayla Cooper",5,1544,1566,22,0,0,0
"2015-16","9618","Maryland","A'Lexus Harrison|Brene Moseley|Brionna Jones|Kristen Confroy|S. Walker-Kimbrough",5,1544,1627,83,0,2,-2
"2015-16","9618","Maryland","Brene Moseley|Brionna Jones|Kristen Confroy|Malina Howard|S. Walker-Kimbrough",5,1627,1666,39,0,3,-3
"2015-16","9618","Ohio State","Alexa Hart|Ameryst Alston|Asia Doss|Kelsey Mitchell|Shayla Cooper",5,1566,1678,112,5,0,5
"2015-16","9618","Maryland","Brene Moseley|Brionna Jones|Kiara Leslie|Malina Howard|S. Walker-Kimbrough",5,1666,1711,45,0,0,0
"2015-16","9618","Maryland","Brionna Jones|Chloe Pavlech|Kiara Leslie|Malina Howard|S. Walker-Kimbrough",5,1711,1800,89,2,0,2
"2015-16","9618","Ohio State","Alexa Hart|Ameryst Alston|Asia Doss|Kelsey Mitchell|Makayla Waterman",5,1678,1800,122,0,2,-2
"2015-16","9618","Ohio State","Alexa Hart|Ameryst Alston|Asia Doss|Kelsey Mitchell|Shayla Cooper",5,1800,1908,108,4,4,0
"2015-16","9618","Maryland","Brene Moseley|Brionna Jones|Kiara Leslie|Malina Howard|S. Walker-Kimbrough",5,1800,2348,548,12,17,-5
"2015-16","9618","Maryland","A'Lexus Harrison|Brene Moseley|Kiara Leslie|Malina Howard|S. Walker-Kimbrough",5,2348,2355,7,0,1,-1
"2015-16","9618","Maryland","Brene Moseley|Brionna Jones|Kristen Confroy|Malina Howard|S. Walker-Kimbrough",5,2355,2400,45,2,1,1
"2015-16","9618","Ohio State","Alexa Hart|Ameryst Alston|Asia Doss|Kelsey Mitchell|Makayla Waterman",5,1908,2400,492,15,10,5
"2015-16","9619","Nebraska","Allie Havers|Jessica Shepard|Kyndal Clark|Natalie Romeo|Rachel Theriot",5,0,257,257,2,6,-4
"2015-16","9619","Maryland","Brionna Jones|Chloe Pavlech|Kristen Confroy|Malina Howard|S. Walker-Kimbrough",5,0,257,257,6,2,4
"2015-16","9619","Nebraska","Anya Kalenta|Jasmine Cincore|Natalie Romeo|Rachel Blackburn|Rachel Theriot",5,257,344,87,2,4,-2
"2015-16","9619","Maryland","Brene Moseley|Kiah Gillespie|Kristen Confroy|Malina Howard|S. Walker-Kimbrough",5,257,344,87,4,2,2
"2015-16","9619","Maryland","Brene Moseley|Brionna Jones|Kiah Gillespie|Kristen Confroy|S. Walker-Kimbrough",5,344,457,113,4,4,0
"2015-16","9619","Maryland","Brene Moseley|Brionna Jones|Kiara Leslie|S. Walker-Kimbrough|Tierney Pfirman",5,457,600,143,6,2,4
"2015-16","9619","Nebraska","Jasmine Cincore|Jessica Shepard|Natalie Romeo|Rachel Blackburn|Rachel Theriot",5,344,600,256,6,10,-4
"2015-16","9619","Maryland","Brene Moseley|Brionna Jones|Kristen Confroy|Malina Howard|S. Walker-Kimbrough",5,600,695,95,2,0,2
"2015-16","9619","Nebraska","Allie Havers|Anya Kalenta|Maddie Simon|Natalie Romeo|Rachel Theriot",5,600,772,172,2,6,-4
"2015-16","9619","Maryland","Brene Moseley|Kristen Confroy|Malina Howard|S. Walker-Kimbrough|Tierney Pfirman",5,695,772,77,4,2,2
"2015-16","9619","Maryland","Brene Moseley|Kiara Leslie|Kristen Confroy|Malina Howard|Tierney Pfirman",5,772,877,105,4,0,4
"2015-16","9619","Nebraska","Jessica Shepard|Maddie Simon|Natalie Romeo|Rachel Blackburn|Rachel Theriot",5,772,901,129,0,6,-6
"2015-16","9619","Maryland","Brianna Fraser|Brionna Jones|Chloe Pavlech|Kiara Leslie|Kristen Confroy",5,877,901,24,2,0,2
"2015-16","9619","Nebraska","Allie Havers|Jessica Shepard|Kyndal Clark|Maddie Simon|Rachel Theriot",5,901,1050,149,7,7,0
"2015-16","9619","Maryland","Brianna Fraser|Brionna Jones|Chloe Pavlech|Kristen Confroy|S. Walker-Kimbrough",5,901,1050,149,7,7,0
"2015-16","9619","Nebraska","Anya Kalenta|Kyndal Clark|Maddie Simon|Natalie Romeo|Rachel Blackburn",5,1050,1176,126,2,7,-5
"2015-16","9619","Maryland","Chloe Pavlech|Kristen Confroy|Malina Howard|S. Walker-Kimbrough|Tierney Pfirman",5,1050,1176,126,7,2,5
"2015-16","9619","Nebraska","Allie Havers|Kyndal Clark|Natalie Romeo|Rachel Blackburn|Rachel Theriot",5,1176,1194,18,0,0,0
"2015-16","9619","Maryland","Brene Moseley|Brionna Jones|Kristen Confroy|Malina Howard|S. Walker-Kimbrough",5,1176,1194,18,0,0,0
"2015-16","9619","Maryland","Chloe Pavlech|Kiara Leslie|Kristen Confroy|Malina Howard|S. Walker-Kimbrough",5,1194,1200,6,0,0,0
"2015-16","9619","Nebraska","Allie Havers|Jessica Shepard|Kyndal Clark|Natalie Romeo|Rachel Theriot",5,1194,1438,244,6,12,-6
"2015-16","9619","Nebraska","Anya Kalenta|Jasmine Cincore|Maddie Simon|Rachel Blackburn|Rachel Theriot",5,1438,1498,60,2,0,2
"2015-16","9619","Maryland","Brionna Jones|Chloe Pavlech|Kristen Confroy|Malina Howard|S. Walker-Kimbrough",5,1200,1498,298,12,8,4
"2015-16","9619","Nebraska","Anya Kalenta|Jasmine Cincore|Maddie Simon|Natalie Romeo|Rachel Blackburn",5,1498,1630,132,6,9,-3
"2015-16","9619","Maryland","Brene Moseley|Brianna Fraser|Chloe Pavlech|S. Walker-Kimbrough|Tierney Pfirman",5,1498,1630,132,9,6,3
"2015-16","9619","Nebraska","Allie Havers|Anya Kalenta|Jasmine Cincore|Maddie Simon|Natalie Romeo",5,1630,1735,105,0,4,-4
"2015-16","9619","Maryland","Brene Moseley|Brianna Fraser|Kiah Gillespie|S. Walker-Kimbrough|Tierney Pfirman",5,1630,1735,105,4,0,4
"2015-16","9619","Nebraska","Allie Havers|Jessica Shepard|Kyndal Clark|Natalie Romeo|Rachel Theriot",5,1735,1751,16,0,0,0
"2015-16","9619","Maryland","Brene Moseley|Brianna Fraser|Kiah Gillespie|Kiara Leslie|Tierney Pfirman",5,1735,1800,65,2,1,1
"2015-16","9619","Nebraska","Allie Havers|Esther Ramacieri|Jessica Shepard|Kyndal Clark|Rachel Theriot",5,1751,1800,49,1,2,-1
"2015-16","9619","Nebraska","Allie Havers|Esther Ramacieri|Jessica Shepard|Kyndal Clark|Rachel Theriot",5,1800,1894,94,4,6,-2
"2015-16","9619","Nebraska","Allie Havers|Esther Ramacieri|Jessica Shepard|Maddie Simon|Rachel Theriot",5,1894,1915,21,0,0,0
"2015-16","9619","Maryland","Brene Moseley|Brianna Fraser|Kiah Gillespie|Kiara Leslie|Tierney Pfirman",5,1800,1944,144,7,4,3
"2015-16","9619","Nebraska","Allie Havers|Esther Ramacieri|Jasmine Cincore|Jessica Shepard|Maddie Simon",5,1915,1951,36,0,1,-1
"2015-16","9619","Maryland","A'Lexus Harrison|Brene Moseley|Kiah Gillespie|Kiara Leslie|Tierney Pfirman",5,1944,2016,72,2,2,0
"2015-16","9619","Maryland","A'Lexus Harrison|Brianna Fraser|Chloe Pavlech|Kiah Gillespie|Kiara Leslie",5,2016,2076,60,0,0,0
"2015-16","9619","Nebraska","Allie Havers|Darrien Washington|Esther Ramacieri|Jasmine Cincore|Maddie Simon",5,1951,2112,161,2,3,-1
"2015-16","9619","Nebraska","Allie Havers|Esther Ramacieri|Jasmine Cincore|Jessica Shepard|Maddie Simon",5,2112,2281,169,5,6,-1
"2015-16","9619","Maryland","A'Lexus Harrison|Aja Ellison|Brianna Fraser|Chloe Pavlech|Kiara Leslie",5,2076,2281,205,7,5,2
"2015-16","9619","Nebraska","Anya Kalenta|Darrien Washington|Emily Wood|Esther Ramacieri|Jasmine Cincore",5,2281,2318,37,0,0,0
"2015-16","9619","Maryland","A'Lexus Harrison|Aja Ellison|Chloe Pavlech|Kiah Gillespie|Kiara Leslie",5,2281,2400,119,0,3,-3
"2015-16","9619","Nebraska","Anya Kalenta|Darrien Washington|Emily Wood|Jasmine Cincore|Maddie Simon",5,2318,2400,82,3,0,3
"2015-16","9620","Iowa","Alexa Kastanek|Ally Disterhoft|Chase Coley|Kali Peschel|Whitney Jennings",5,0,130,130,0,2,-2
"2015-16","9620","Maryland","Brionna Jones|Chloe Pavlech|Kristen Confroy|Malina Howard|S. Walker-Kimbrough",5,0,229,229,7,1,6
"2015-16","9620","Iowa","Alexa Kastanek|Ally Disterhoft|Kali Peschel|Megan Gustafson|Whitney Jennings",5,130,229,99,1,5,-4
"2015-16","9620","Iowa","Alexa Kastanek|Ally Disterhoft|Megan Gustafson|Tania Davis|Whitney Jennings",5,229,246,17,0,0,0
"2015-16","9620","Maryland","Chloe Pavlech|Kiah Gillespie|Kristen Confroy|Malina Howard|S. Walker-Kimbrough",5,229,282,53,1,0,1
"2015-16","9620","Maryland","Brene Moseley|Kiah Gillespie|Kristen Confroy|Malina Howard|S. Walker-Kimbrough",5,282,301,19,0,2,-2
"2015-16","9620","Maryland","Brene Moseley|Brionna Jones|Kristen Confroy|Malina Howard|S. Walker-Kimbrough",5,301,424,123,5,5,0
"2015-16","9620","Iowa","Ally Disterhoft|Chase Coley|Megan Gustafson|Tania Davis|Whitney Jennings",5,246,424,178,7,6,1
"2015-16","9620","Iowa","Ally Disterhoft|Christina Buttenham|Kali Peschel|Megan Gustafson|Tania Davis",5,424,482,58,0,0,0
"2015-16","9620","Maryland","Brionna Jones|Chloe Pavlech|Kristen Confroy|S. Walker-Kimbrough|Tierney Pfirman",5,424,510,86,2,2,0
"2015-16","9620","Iowa","Alexa Kastanek|Christina Buttenham|Kali Peschel|Megan Gustafson|Whitney Jennings",5,482,566,84,4,5,-1
"2015-16","9620","Iowa","Ally Disterhoft|Christina Buttenham|Kali Peschel|Megan Gustafson|Whitney Jennings",5,566,600,34,2,0,2
"2015-16","9620","Maryland","Chloe Pavlech|Kristen Confroy|Malina Howard|S. Walker-Kimbrough|Tierney Pfirman",5,510,600,90,3,4,-1
"2015-16","9620","Iowa","Alexa Kastanek|Ally Disterhoft|Chase Coley|Kali Peschel|Whitney Jennings",5,600,672,72,2,2,0
"2015-16","9620","Maryland","Brene Moseley|Kiara Leslie|Kristen Confroy|Malina Howard|S. Walker-Kimbrough",5,600,798,198,4,4,0
"2015-16","9620","Iowa","Alexa Kastanek|Ally Disterhoft|Kali Peschel|Megan Gustafson|Whitney Jennings",5,672,798,126,2,2,0
"2015-16","9620","Iowa","Alexa Kastanek|Ally Disterhoft|Christina Buttenham|Megan Gustafson|Whitney Jennings",5,798,891,93,2,6,-4
"2015-16","9620","Iowa","Ally Disterhoft|Christina Buttenham|Megan Gustafson|Tania Davis|Whitney Jennings",5,891,923,32,0,0,0
"2015-16","9620","Iowa","Ally Disterhoft|Christina Buttenham|Claire Till|Tania Davis|Whitney Jennings",5,923,960,37,0,2,-2
"2015-16","9620","Iowa","Alexa Kastanek|Ally Disterhoft|Christina Buttenham|Claire Till|Whitney Jennings",5,960,1041,81,4,6,-2
"2015-16","9620","Iowa","Alexa Kastanek|Ally Disterhoft|Kali Peschel|Megan Gustafson|Whitney Jennings",5,1041,1130,89,6,4,2
"2015-16","9620","Iowa","Ally Disterhoft|Kali Peschel|Megan Gustafson|Tania Davis|Whitney Jennings",5,1130,1200,70,0,0,0
"2015-16","9620","Maryland","Brene Moseley|Brianna Fraser|Kristen Confroy|S. Walker-Kimbrough|Tierney Pfirman",5,798,1200,402,18,12,6
"2015-16","9620","Maryland","Brene Moseley|Brionna Jones|Kristen Confroy|Malina Howard|S. Walker-Kimbrough",5,1200,1248,48,2,5,-3
"2015-16","9620","Iowa","Alexa Kastanek|Ally Disterhoft|Chase Coley|Kali Peschel|Whitney Jennings",5,1200,1263,63,5,5,0
"2015-16","9620","Maryland","Brene Moseley|Brionna Jones|Kristen Confroy|S. Walker-Kimbrough|Tierney Pfirman",5,1248,1406,158,7,2,5
"2015-16","9620","Maryland","Brene Moseley|Brianna Fraser|Brionna Jones|Kristen Confroy|S. Walker-Kimbrough",5,1406,1428,22,0,2,-2
"2015-16","9620","Iowa","Alexa Kastanek|Ally Disterhoft|Kali Peschel|Megan Gustafson|Whitney Jennings",5,1263,1428,165,4,4,0
"2015-16","9620","Iowa","Ally Disterhoft|Christina Buttenham|Kali Peschel|Megan Gustafson|Whitney Jennings",5,1428,1472,44,0,3,-3
"2015-16","9620","Maryland","Brene Moseley|Brianna Fraser|Brionna Jones|Kristen Confroy|S. Walker-Kimbrough",5,1428,1491,63,5,0,5
"2015-16","9620","Maryland","Brene Moseley|Brianna Fraser|Kiara Leslie|Kristen Confroy|S. Walker-Kimbrough",5,1491,1508,17,0,0,0
"2015-16","9620","Maryland","Brene Moseley|Brionna Jones|Kiara Leslie|Kristen Confroy|S. Walker-Kimbrough",5,1508,1601,93,2,3,-1
"2015-16","9620","Iowa","Ally Disterhoft|Chase Coley|Christina Buttenham|Megan Gustafson|Whitney Jennings",5,1472,1601,129,3,4,-1
"2015-16","9620","Iowa","Ally Disterhoft|Chase Coley|Christina Buttenham|Megan Gustafson|Tania Davis",5,1601,1683,82,2,3,-1
"2015-16","9620","Maryland","Brene Moseley|Brionna Jones|Kristen Confroy|S. Walker-Kimbrough|Tierney Pfirman",5,1601,1727,126,4,4,0
"2015-16","9620","Maryland","Brionna Jones|Chloe Pavlech|Kristen Confroy|Malina Howard|S. Walker-Kimbrough",5,1727,1754,27,0,1,-1
"2015-16","9620","Iowa","Alexa Kastanek|Chase Coley|Kali Peschel|Megan Gustafson|Tania Davis|Whitney Jennings",6,1683,1754,71,3,1,2
"2015-16","9620","Maryland","Brianna Fraser|Chloe Pavlech|Kristen Confroy|S. Walker-Kimbrough|Tierney Pfirman",5,1754,1798,44,0,0,0
"2015-16","9620","Iowa","Chase Coley|Kali Peschel|Megan Gustafson|Tania Davis|Whitney Jennings",5,1754,1798,44,0,0,0
"2015-16","9620","Iowa","Ally Disterhoft|Chase Coley|Megan Gustafson|Tania Davis|Whitney Jennings",5,1798,1800,2,0,0,0
"2015-16","9620","Maryland","Brianna Fraser|Chloe Pavlech|Kiara Leslie|Malina Howard|S. Walker-Kimbrough",5,1798,1800,2,0,0,0
"2015-16","9620","Maryland","Brionna Jones|Chloe Pavlech|Kristen Confroy|Malina Howard|S. Walker-Kimbrough",5,1800,1886,86,5,0,5
"2015-16","9620","Iowa","Ally Disterhoft|Chase Coley|Megan Gustafson|Tania Davis|Whitney Jennings",5,1800,1886,86,0,5,-5
"2015-16","9620","Maryland","Brionna Jones|Chloe Pavlech|Kristen Confroy|S. Walker-Kimbrough|Tierney Pfirman",5,1886,1900,14,0,1,-1
"2015-16","9620","Iowa","Alexa Kastanek|Ally Disterhoft|Megan Gustafson|Tania Davis|Whitney Jennings",5,1886,2032,146,4,2,2
"2015-16","9620","Maryland","Brianna Fraser|Chloe Pavlech|Kristen Confroy|S. Walker-Kimbrough|Tierney Pfirman",5,1900,2070,170,4,4,0
"2015-16","9620","Iowa","Alexa Kastanek|Ally Disterhoft|Chase Coley|Tania Davis|Whitney Jennings",5,2032,2070,38,1,2,-1
"2015-16","9620","Maryland","Chloe Pavlech|Kiah Gillespie|Kristen Confroy|Malina Howard|S. Walker-Kimbrough",5,2070,2159,89,3,2,1
"2015-16","9620","Iowa","Alexa Kastanek|Ally Disterhoft|Chase Coley|Christina Buttenham|Whitney Jennings",5,2070,2159,89,2,3,-1
"2015-16","9620","Iowa","Alexa Kastanek|Ally Disterhoft|Christina Buttenham|Megan Gustafson|Whitney Jennings",5,2159,2205,46,0,0,0
"2015-16","9620","Maryland","Brionna Jones|Chloe Pavlech|Kristen Confroy|Malina Howard|S. Walker-Kimbrough",5,2159,2231,72,3,0,3
"2015-16","9620","Iowa","Alexa Kastanek|Christina Buttenham|Claire Till|Megan Gustafson|Tania Davis",5,2205,2268,63,0,3,-3
"2015-16","9620","Maryland","Brianna Fraser|Brionna Jones|Chloe Pavlech|Kristen Confroy|S. Walker-Kimbrough",5,2231,2291,60,1,0,1
"2015-16","9620","Maryland","Brene Moseley|Brianna Fraser|Brionna Jones|Chloe Pavlech|Kristen Confroy",5,2291,2338,47,0,2,-2
"2015-16","9620","Iowa","Christina Buttenham|Claire Till|Hannah Stewart|Tagyn Larson|Tania Davis",5,2268,2372,104,2,1,1
"2015-16","9620","Iowa","Hailey Schneden|Hannah Stewart|Nicole Smith|Tagyn Larson|Tania Davis",5,2372,2400,28,0,0,0
"2015-16","9620","Maryland","A'Lexus Harrison|Aja Ellison|Brene Moseley|Brianna Fraser|Chloe Pavlech",5,2338,2400,62,0,0,0
"2015-16","9621","Maryland","Brionna Jones|Chloe Pavlech|Kristen Confroy|Malina Howard|S. Walker-Kimbrough",5,0,337,337,16,9,7
"2015-16","9621","Michigan","Hallie Thome|Katelynn Flaherty|Kelsey Mitchell|Madison Ristovski|Siera Thompson",5,0,337,337,9,16,-7
"2015-16","9621","Maryland","Brene Moseley|Brianna Fraser|Kristen Confroy|S. Walker-Kimbrough|Tierney Pfirman",5,337,467,130,5,2,3
"2015-16","9621","Michigan","Jillian Dunston|Katelynn Flaherty|Kelsey Mitchell|Madison Ristovski|Siera Thompson",5,337,467,130,2,5,-3
"2015-16","9621","Michigan","Boogie Brozoski|Danielle Williams|Jillian Dunston|Katelynn Flaherty|Kelsey Mitchell",5,467,507,40,2,2,0
"2015-16","9621","Maryland","Brene Moseley|Brionna Jones|Kristen Confroy|S. Walker-Kimbrough|Tierney Pfirman",5,467,598,131,4,8,-4
"2015-16","9621","Michigan","Boogie Brozoski|Danielle Williams|Hallie Thome|Jillian Dunston|Katelynn Flaherty",5,507,598,91,6,2,4
"2015-16","9621","Michigan","Boogie Brozoski|Danielle Williams|Hallie Thome|Jillian Dunston|Nicole Munger",5,598,600,2,0,0,0
"2015-16","9621","Michigan","Boogie Brozoski|Danielle Williams|Hallie Thome|Jillian Dunston|Katelynn Flaherty|Kelsey Mitchell|Madison Ristovski|Nicole Munger|Siera Thompson",9,600,647,47,0,0,0
"2015-16","9621","Maryland","Brionna Jones|Chloe Pavlech|Kristen Confroy|Malina Howard|S. Walker-Kimbrough",5,598,694,96,2,0,2
"2015-16","9621","Michigan","Boogie Brozoski|Danielle Williams|Hallie Thome|Jillian Dunston|Katelynn Flaherty|Kelsey Mitchell|Madison Ristovski|Siera Thompson",8,647,694,47,0,2,-2
"2015-16","9621","Maryland","Brionna Jones|Chloe Pavlech|Kiara Leslie|Malina Howard|S. Walker-Kimbrough",5,694,710,16,0,0,0
"2015-16","9621","Michigan","Hallie Thome|Jillian Dunston|Katelynn Flaherty|Kelsey Mitchell|Madison Ristovski|Siera Thompson",6,694,710,16,0,0,0
"2015-16","9621","Maryland","Brianna Fraser|Chloe Pavlech|Kiara Leslie|Malina Howard|S. Walker-Kimbrough",5,710,745,35,0,2,-2
"2015-16","9621","Maryland","Brene Moseley|Brianna Fraser|Kiara Leslie|S. Walker-Kimbrough|Tierney Pfirman",5,745,785,40,2,2,0
"2015-16","9621","Maryland","Brene Moseley|Kiara Leslie|Malina Howard|S. Walker-Kimbrough|Tierney Pfirman",5,785,826,41,2,2,0
"2015-16","9621","Michigan","Hallie Thome|Katelynn Flaherty|Kelsey Mitchell|Madison Ristovski|Siera Thompson",5,710,870,160,6,6,0
"2015-16","9621","Maryland","Brene Moseley|Kiara Leslie|Kristen Confroy|Malina Howard|Tierney Pfirman",5,826,884,58,4,0,4
"2015-16","9621","Maryland","Brene Moseley|Kiah Gillespie|Kiara Leslie|Kristen Confroy|Malina Howard",5,884,953,69,2,2,0
"2015-16","9621","Michigan","Jillian Dunston|Katelynn Flaherty|Kelsey Mitchell|Madison Ristovski|Siera Thompson",5,870,953,83,2,4,-2
"2015-16","9621","Maryland","Brene Moseley|Kiah Gillespie|Kristen Confroy|Malina Howard|S. Walker-Kimbrough",5,953,1072,119,1,7,-6
"2015-16","9621","Maryland","Brene Moseley|Kiara Leslie|Malina Howard|S. Walker-Kimbrough|Tierney Pfirman",5,1072,1175,103,2,1,1
"2015-16","9621","Maryland","Brene Moseley|Brianna Fraser|Kristen Confroy|S. Walker-Kimbrough|Tierney Pfirman",5,1175,1194,19,2,0,2
"2015-16","9621","Michigan","Boogie Brozoski|Jillian Dunston|Katelynn Flaherty|Kelsey Mitchell|Siera Thompson",5,953,1200,247,8,5,3
"2015-16","9621","Maryland","Brianna Fraser|Chloe Pavlech|Kiara Leslie|Malina Howard|S. Walker-Kimbrough",5,1194,1200,6,0,0,0
"2015-16","9621","Maryland","Brionna Jones|Chloe Pavlech|Kristen Confroy|Malina Howard|S. Walker-Kimbrough",5,1200,1233,33,0,0,0
"2015-16","9621","Maryland","Brene Moseley|Brionna Jones|Kristen Confroy|Malina Howard|S. Walker-Kimbrough",5,1233,1304,71,0,5,-5
"2015-16","9621","Michigan","Hallie Thome|Katelynn Flaherty|Kelsey Mitchell|Madison Ristovski|Siera Thompson",5,1200,1374,174,8,4,4
"2015-16","9621","Maryland","Brene Moseley|Brionna Jones|Kristen Confroy|S. Walker-Kimbrough|Tierney Pfirman",5,1304,1423,119,4,7,-3
"2015-16","9621","Maryland","Brianna Fraser|Chloe Pavlech|Kristen Confroy|S. Walker-Kimbrough|Tierney Pfirman",5,1423,1475,52,4,5,-1
"2015-16","9621","Michigan","Hallie Thome|Jillian Dunston|Katelynn Flaherty|Madison Ristovski|Siera Thompson",5,1374,1512,138,9,4,5
"2015-16","9621","Michigan","Jillian Dunston|Katelynn Flaherty|Kelsey Mitchell|Madison Ristovski|Siera Thompson",5,1512,1549,37,0,1,-1
"2015-16","9621","Michigan","Danielle Williams|Jillian Dunston|Katelynn Flaherty|Kelsey Mitchell|Siera Thompson",5,1549,1601,52,0,2,-2
"2015-16","9621","Michigan","Boogie Brozoski|Danielle Williams|Jillian Dunston|Katelynn Flaherty|Kelsey Mitchell",5,1601,1644,43,0,0,0
"2015-16","9621","Maryland","Chloe Pavlech|Kristen Confroy|Malina Howard|S. Walker-Kimbrough|Tierney Pfirman",5,1475,1668,193,3,0,3
"2015-16","9621","Michigan","Boogie Brozoski|Danielle Williams|Hallie Thome|Jillian Dunston|Katelynn Flaherty",5,1644,1719,75,0,0,0
"2015-16","9621","Maryland","Chloe Pavlech|Kiara Leslie|Kristen Confroy|Malina Howard|S. Walker-Kimbrough",5,1668,1731,63,0,0,0
"2015-16","9621","Michigan","Boogie Brozoski|Danielle Williams|Hallie Thome|Jillian Dunston|Siera Thompson",5,1719,1731,12,0,0,0
"2015-16","9621","Maryland","Brene Moseley|Kiah Gillespie|Kristen Confroy|Malina Howard|S. Walker-Kimbrough",5,1731,1778,47,0,0,0
"2015-16","9621","Michigan","Boogie Brozoski|Danielle Williams|Jillian Dunston|Kelsey Mitchell|Siera Thompson",5,1731,1778,47,0,0,0
"2015-16","9621","Maryland","Chloe Pavlech|Kiah Gillespie|Kristen Confroy|Malina Howard|S. Walker-Kimbrough",5,1778,1785,7,0,0,0
"2015-16","9621","Michigan","Boogie Brozoski|Jillian Dunston|Katelynn Flaherty|Kelsey Mitchell|Siera Thompson",5,1778,1785,7,0,0,0
"2015-16","9621","Michigan","Boogie Brozoski|Danielle Williams|Katelynn Flaherty|Kelsey Mitchell|Siera Thompson",5,1785,1800,15,0,2,-2
"2015-16","9621","Maryland","Brene Moseley|Brionna Jones|Kristen Confroy|S. Walker-Kimbrough|Tierney Pfirman",5,1785,1800,15,2,0,2
"2015-16","9621","Michigan","Boogie Brozoski|Danielle Williams|Hallie Thome|Katelynn Flaherty|Kelsey Mitchell|Madison Ristovski|Siera Thompson",7,1800,1869,69,2,3,-1
"2015-16","9621","Michigan","Boogie Brozoski|Danielle Williams|Hallie Thome|Jillian Dunston|Katelynn Flaherty|Kelsey Mitchell|Madison Ristovski|Siera Thompson",8,1869,1916,47,0,3,-3
"2015-16","9621","Michigan","Danielle Williams|Hallie Thome|Jillian Dunston|Katelynn Flaherty|Kelsey Mitchell|Madison Ristovski|Siera Thompson",7,1916,1958,42,3,2,1
"2015-16","9621","Maryland","Brene Moseley|Brionna Jones|Chloe Pavlech|Kristen Confroy|Malina Howard|S. Walker-Kimbrough|Tierney Pfirman",7,1800,2021,221,8,5,3
"2015-16","9621","Maryland","Brene Moseley|Brionna Jones|Chloe Pavlech|Kristen Confroy|Malina Howard|S. Walker-Kimbrough",6,2021,2096,75,4,0,4
"2015-16","9621","Michigan","Danielle Williams|Hallie Thome|Jillian Dunston|Katelynn Flaherty|Madison Ristovski|Siera Thompson",6,1958,2096,138,0,4,-4
"2015-16","9621","Maryland","Brianna Fraser|Chloe Pavlech|Kristen Confroy|Malina Howard|S. Walker-Kimbrough",5,2096,2149,53,2,0,2
"2015-16","9621","Michigan","Danielle Williams|Jillian Dunston|Katelynn Flaherty|Kelsey Mitchell|Madison Ristovski|Siera Thompson",6,2096,2149,53,0,2,-2
"2015-16","9621","Maryland","Brionna Jones|Chloe Pavlech|Kristen Confroy|S. Walker-Kimbrough|Tierney Pfirman",5,2149,2160,11,0,0,0
"2015-16","9621","Michigan","Boogie Brozoski|Danielle Williams|Jillian Dunston|Katelynn Flaherty|Kelsey Mitchell|Siera Thompson",6,2149,2261,112,2,4,-2
"2015-16","9621","Maryland","Brene Moseley|Brionna Jones|Kristen Confroy|S. Walker-Kimbrough|Tierney Pfirman",5,2160,2355,195,4,5,-1
"2015-16","9621","Maryland","Chloe Pavlech|Kristen Confroy|Malina Howard|S. Walker-Kimbrough|Tierney Pfirman",5,2355,2389,34,0,3,-3
"2015-16","9621","Maryland","Brene Moseley|Brionna Jones|Kristen Confroy|S. Walker-Kimbrough|Tierney Pfirman",5,2389,2393,4,1,2,-1
"2015-16","9621","Michigan","Boogie Brozoski|Danielle Williams|Hallie Thome|Katelynn Flaherty|Nicole Munger|Siera Thompson",6,2261,2400,139,8,1,7
"2015-16","9621","Maryland","Brionna Jones|Chloe Pavlech|Kristen Confroy|Malina Howard|S. Walker-Kimbrough",5,2393,2400,7,0,0,0
"2015-16","9622","Maryland","Brionna Jones|Chloe Pavlech|Kristen Confroy|Malina Howard|S. Walker-Kimbrough",5,0,213,213,7,2,5
"2015-16","9622","Maryland","Brionna Jones|Chloe Pavlech|Kristen Confroy|Malina Howard|Tierney Pfirman",5,213,229,16,0,2,-2
"2015-16","9622","Northwestern","Ashley Deary|Christen Inman|Maggie Lyon|Nia Coffey|P. Kunaiyi-Akpanah",5,0,331,331,6,17,-11
"2015-16","9622","Maryland","Brene Moseley|Brionna Jones|Kristen Confroy|Malina Howard|Tierney Pfirman",5,229,331,102,10,2,8
"2015-16","9622","Northwestern","Ashley Deary|Christen Inman|Christen Johnson|Maggie Lyon|Nia Coffey",5,331,413,82,2,2,0
"2015-16","9622","Maryland","Brene Moseley|Brianna Fraser|Brionna Jones|Kristen Confroy|S. Walker-Kimbrough",5,331,413,82,2,2,0
"2015-16","9622","Maryland","Brene Moseley|Brianna Fraser|Brionna Jones|S. Walker-Kimbrough|Tierney Pfirman",5,413,495,82,5,2,3
"2015-16","9622","Maryland","Brene Moseley|Kristen Confroy|Malina Howard|S. Walker-Kimbrough|Tierney Pfirman",5,495,557,62,2,3,-1
"2015-16","9622","Maryland","Chloe Pavlech|Kiah Gillespie|Kiara Leslie|Kristen Confroy|Malina Howard",5,557,600,43,0,0,0
"2015-16","9622","Northwestern","Ashley Deary|Christen Inman|Maggie Lyon|Maya Jonas|Nia Coffey",5,413,600,187,5,7,-2
"2015-16","9622","Northwestern","Ashley Deary|Christen Inman|Maggie Lyon|Nia Coffey|P. Kunaiyi-Akpanah",5,600,666,66,0,2,-2
"2015-16","9622","Maryland","Brene Moseley|Brionna Jones|Kristen Confroy|S. Walker-Kimbrough|Tierney Pfirman",5,600,709,109,2,0,2
"2015-16","9622","Maryland","Brene Moseley|Brionna Jones|Kristen Confroy|Malina Howard|S. Walker-Kimbrough",5,709,840,131,6,2,4
"2015-16","9622","Maryland","Brene Moseley|Brionna Jones|Kiah Gillespie|Kristen Confroy|S. Walker-Kimbrough",5,840,977,137,0,6,-6
"2015-16","9622","Maryland","A'Lexus Harrison|Brene Moseley|Brionna Jones|Kiah Gillespie|Kristen Confroy|S. Walker-Kimbrough",6,977,987,10,0,2,-2
"2015-16","9622","Maryland","Brene Moseley|Brionna Jones|Kiah Gillespie|Kristen Confroy|S. Walker-Kimbrough",5,987,995,8,0,0,0
"2015-16","9622","Northwestern","Ashley Deary|Christen Inman|Lydia Rohde|Maggie Lyon|Nia Coffey",5,666,1131,465,17,10,7
"2015-16","9622","Maryland","Brene Moseley|Brionna Jones|Kiara Leslie|Kristen Confroy|Tierney Pfirman",5,995,1131,136,4,7,-3
"2015-16","9622","Maryland","Brene Moseley|Kristen Confroy|Malina Howard|S. Walker-Kimbrough|Tierney Pfirman",5,1131,1178,47,6,0,6
"2015-16","9622","Maryland","Chloe Pavlech|Kristen Confroy|Malina Howard|S. Walker-Kimbrough|Tierney Pfirman",5,1178,1200,22,0,0,0
"2015-16","9622","Northwestern","Ashley Deary|Lydia Rohde|Maggie Lyon|Maya Jonas|Nia Coffey",5,1131,1200,69,0,6,-6
"2015-16","9622","Maryland","Brionna Jones|Chloe Pavlech|Kristen Confroy|Malina Howard|S. Walker-Kimbrough",5,1200,1330,130,2,4,-2
"2015-16","9622","Northwestern","Ashley Deary|Christen Inman|Maggie Lyon|Maya Jonas|Nia Coffey",5,1200,1584,384,11,11,0
"2015-16","9622","Northwestern","Christen Inman|Jordan Hankins|Maggie Lyon|Maya Jonas|Nia Coffey",5,1584,1651,67,2,2,0
"2015-16","9622","Maryland","Brene Moseley|Brionna Jones|Kristen Confroy|Malina Howard|S. Walker-Kimbrough",5,1330,1651,321,11,9,2
"2015-16","9622","Northwestern","Christen Inman|Jordan Hankins|Maggie Lyon|Nia Coffey|P. Kunaiyi-Akpanah",5,1651,1746,95,5,8,-3
"2015-16","9622","Maryland","Brene Moseley|Brianna Fraser|Kristen Confroy|S. Walker-Kimbrough|Tierney Pfirman",5,1651,1800,149,8,10,-2
"2015-16","9622","Northwestern","Ashley Deary|Jordan Hankins|Maggie Lyon|Nia Coffey|P. Kunaiyi-Akpanah",5,1746,1800,54,5,0,5
"2015-16","9622","Northwestern","Ashley Deary|Christen Inman|Maggie Lyon|Nia Coffey|P. Kunaiyi-Akpanah",5,1800,1907,107,2,6,-4
"2015-16","9622","Maryland","Brene Moseley|Brionna Jones|Kristen Confroy|S. Walker-Kimbrough|Tierney Pfirman",5,1800,1907,107,6,2,4
"2015-16","9622","Northwestern","Ashley Deary|Christen Inman|Maggie Lyon|Maya Jonas|Nia Coffey",5,1907,2052,145,2,0,2
"2015-16","9622","Maryland","Brene Moseley|Brionna Jones|Kristen Confroy|S. Walker-Kimbrough|Tierney Pfirman",5,1907,2071,164,0,2,-2
"2015-16","9622","Northwestern","Ashley Deary|Christen Inman|Maggie Lyon|Nia Coffey|P. Kunaiyi-Akpanah",5,2052,2171,119,0,0,0
"2015-16","9622","Northwestern","Ashley Deary|Christen Inman|Lydia Rohde|Maggie Lyon|Nia Coffey",5,2171,2187,16,1,0,1
"2015-16","9622","Maryland","Brene Moseley|Brionna Jones|Kristen Confroy|Malina Howard|S. Walker-Kimbrough",5,2071,2187,116,0,1,-1
"2015-16","9622","Northwestern","Ashley Deary|Christen Inman|Maggie Lyon|Nia Coffey|P. Kunaiyi-Akpanah",5,2187,2277,90,0,4,-4
"2015-16","9622","Northwestern","Ashley Deary|Lydia Rohde|Maggie Lyon|Nia Coffey|P. Kunaiyi-Akpanah",5,2277,2296,19,2,2,0
"2015-16","9622","Maryland","Brene Moseley|Kristen Confroy|Malina Howard|S. Walker-Kimbrough|Tierney Pfirman",5,2187,2296,109,6,2,4
"2015-16","9622","Northwestern","Allie Tuttle|Amber Jamison|Ashley Deary|Lydia Rohde|P. Kunaiyi-Akpanah",5,2296,2325,29,0,1,-1
"2015-16","9622","Maryland","Brene Moseley|Brianna Fraser|Kristen Confroy|Malina Howard|S. Walker-Kimbrough",5,2296,2325,29,1,0,1
"2015-16","9622","Maryland","Aja Ellison|Brianna Fraser|Chloe Pavlech|Kiah Gillespie|Kiara Leslie",5,2325,2400,75,2,2,0
"2015-16","9622","Northwestern","Allie Tuttle|Amber Jamison|Lydia Rohde|Nof Kedem|P. Kunaiyi-Akpanah",5,2325,2400,75,2,2,0
"2015-16","9623","Maryland","Brionna Jones|Chloe Pavlech|Kristen Confroy|Malina Howard|S. Walker-Kimbrough",5,0,201,201,5,7,-2
"2015-16","9623","Wisconsin","Avyanna Young|Cayla McMorris|Dakota Whyte|Michala Johnson|Nicole Bauman",5,0,250,250,9,8,1
"2015-16","9623","Maryland","Brionna Jones|Kristen Confroy|S. Walker-Kimbrough|Tierney Pfirman",4,201,299,98,3,3,0
"2015-16","9623","Wisconsin","Avyanna Young|Dakota Whyte|Michala Johnson|Nicole Bauman|Tessa Cichy",5,250,299,49,1,0,1
"2015-16","9623","Maryland","Brianna Fraser|Kristen Confroy|S. Walker-Kimbrough|Tierney Pfirman",4,299,381,82,3,2,1
"2015-16","9623","Wisconsin","Avyanna Young|Dakota Whyte|Nicole Bauman|Rosanna Gambino|Tessa Cichy",5,299,381,82,2,3,-1
"2015-16","9623","Maryland","Kristen Confroy|Malina Howard|S. Walker-Kimbrough|Tierney Pfirman",4,381,496,115,0,6,-6
"2015-16","9623","Wisconsin","Dakota Whyte|Marsha Howard|Michala Johnson|Nicole Bauman|Tessa Cichy",5,381,496,115,6,0,6
"2015-16","9623","Maryland","Brionna Jones|Kristen Confroy|Malina Howard|S. Walker-Kimbrough",4,496,546,50,4,2,2
"2015-16","9623","Wisconsin","Dakota Whyte|Marsha Howard|Michala Johnson|Roichelle Marble|Tessa Cichy",5,496,546,50,2,4,-2
"2015-16","9623","Wisconsin","Avyanna Young|Dakota Whyte|Michala Johnson|Roichelle Marble|Tessa Cichy",5,546,600,54,0,0,0
"2015-16","9623","Wisconsin","Avyanna Young|Cayla McMorris|Dakota Whyte|Nicole Bauman|Roichelle Marble",5,600,729,129,2,5,-3
"2015-16","9623","Maryland","Brionna Jones|Chloe Pavlech|Kristen Confroy|Malina Howard|S. Walker-Kimbrough",5,546,773,227,10,2,8
"2015-16","9623","Wisconsin","Avyanna Young|Cayla McMorris|Michala Johnson|Nicole Bauman|Roichelle Marble",5,729,773,44,0,5,-5
"2015-16","9623","Wisconsin","Avyanna Young|Michala Johnson|Nicole Bauman|Roichelle Marble|Tessa Cichy",5,773,795,22,0,2,-2
"2015-16","9623","Maryland","Brionna Jones|Chloe Pavlech|Kiara Leslie|Malina Howard|S. Walker-Kimbrough",5,773,927,154,9,4,5
"2015-16","9623","Wisconsin","Avyanna Young|Dakota Whyte|Michala Johnson|Nicole Bauman|Tessa Cichy",5,795,927,132,4,7,-3
"2015-16","9623","Maryland","Brene Moseley|Brionna Jones|Kristen Confroy|Malina Howard|Tierney Pfirman",5,927,1049,122,7,4,3
"2015-16","9623","Wisconsin","Avyanna Young|Dakota Whyte|Nicole Bauman|Rosanna Gambino|Tessa Cichy",5,927,1052,125,4,7,-3
"2015-16","9623","Maryland","Brene Moseley|Brionna Jones|Kristen Confroy|S. Walker-Kimbrough|Tierney Pfirman",5,1049,1152,103,6,0,6
"2015-16","9623","Wisconsin","Avyanna Young|Cayla McMorris|Dakota Whyte|Nicole Bauman|Rosanna Gambino",5,1052,1152,100,0,6,-6
"2015-16","9623","Wisconsin","Cayla McMorris|Dakota Whyte|Marsha Howard|Michala Johnson|Nicole Bauman",5,1152,1200,48,0,2,-2
"2015-16","9623","Maryland","Brene Moseley|Brianna Fraser|Kristen Confroy|Malina Howard|S. Walker-Kimbrough",5,1152,1200,48,2,0,2
"2015-16","9623","Maryland","Brionna Jones|Chloe Pavlech|Kristen Confroy|Malina Howard|S. Walker-Kimbrough",5,1200,1336,136,7,7,0
"2015-16","9623","Wisconsin","Avyanna Young|Dakota Whyte|Michala Johnson|Nicole Bauman|Tessa Cichy",5,1200,1336,136,7,7,0
"2015-16","9623","Wisconsin","Avyanna Young|Dakota Whyte|Nicole Bauman|Rosanna Gambino|Tessa Cichy",5,1336,1363,27,0,0,0
"2015-16","9623","Maryland","Brene Moseley|Brionna Jones|Kristen Confroy|Malina Howard|S. Walker-Kimbrough",5,1336,1468,132,2,4,-2
"2015-16","9623","Maryland","Brene Moseley|Kiah Gillespie|Kristen Confroy|S. Walker-Kimbrough|Tierney Pfirman",5,1468,1528,60,4,0,4
"2015-16","9623","Wisconsin","Avyanna Young|Nicole Bauman|Roichelle Marble|Rosanna Gambino|Tessa Cichy",5,1363,1528,165,4,6,-2
"2015-16","9623","Wisconsin","Marsha Howard|Michala Johnson|Nicole Bauman|Roichelle Marble|Tessa Cichy",5,1528,1532,4,0,2,-2
"2015-16","9623","Maryland","Brene Moseley|Kiah Gillespie|Kiara Leslie|Kristen Confroy|Tierney Pfirman",5,1528,1612,84,9,4,5
"2015-16","9623","Wisconsin","Cayla McMorris|Marsha Howard|Michala Johnson|Nicole Bauman|Tessa Cichy",5,1532,1612,80,4,7,-3
"2015-16","9623","Wisconsin","Avyanna Young|Cayla McMorris|Dakota Whyte|Michala Johnson|Nicole Bauman",5,1612,1642,30,0,2,-2
"2015-16","9623","Maryland","Brene Moseley|Brionna Jones|Kiah Gillespie|Kiara Leslie|Tierney Pfirman",5,1612,1760,148,6,2,4
"2015-16","9623","Wisconsin","Avyanna Young|Dakota Whyte|Michala Johnson|Nicole Bauman|Tessa Cichy",5,1642,1800,158,6,4,2
"2015-16","9623","Maryland","Brianna Fraser|Chloe Pavlech|Kiah Gillespie|Kiara Leslie|Kristen Confroy|Tierney Pfirman",6,1760,1800,40,0,4,-4
"2015-16","9623","Wisconsin","Avyanna Young|Dakota Whyte|Michala Johnson|Nicole Bauman|Tessa Cichy",5,1800,1987,187,2,7,-5
"2015-16","9623","Maryland","Brianna Fraser|Chloe Pavlech|Kiah Gillespie|Kiara Leslie|Tierney Pfirman",5,1800,2011,211,9,2,7
"2015-16","9623","Maryland","Brene Moseley|Brianna Fraser|Chloe Pavlech|Kiah Gillespie|Kiara Leslie",5,2011,2115,104,2,2,0
"2015-16","9623","Maryland","A'Lexus Harrison|Brene Moseley|Chloe Pavlech|Kiah Gillespie|Kiara Leslie",5,2115,2155,40,0,4,-4
"2015-16","9623","Maryland","A'Lexus Harrison|Aja Ellison|Brene Moseley|Chloe Pavlech|Kiara Leslie",5,2155,2211,56,0,4,-4
"2015-16","9623","Maryland","A'Lexus Harrison|Aja Ellison|Brianna Fraser|Chloe Pavlech|Kiara Leslie",5,2211,2293,82,0,2,-2
"2015-16","9623","Wisconsin","Avyanna Young|Dakota Whyte|Marsha Howard|Nicole Bauman|Tessa Cichy",5,1987,2293,306,12,4,8
"2015-16","9623","Wisconsin","Cayla McMorris|Marsha Howard|Roichelle Marble|Rosanna Gambino|Tessa Cichy",5,2293,2400,107,0,2,-2
"2015-16","9623","Maryland","A'Lexus Harrison|Brianna Fraser|Chloe Pavlech|Kiah Gillespie|Kiara Leslie",5,2293,2400,107,2,0,2
"2015-16","9624","Maryland","Brionna Jones|Chloe Pavlech|Kristen Confroy|Malina Howard|S. Walker-Kimbrough",5,0,95,95,5,2,3
"2015-16","9624","Penn State","Brianna Banks|Kaliyah Mitchell|Lindsey Spann|Peyton Whitted|Teniya Page",5,0,95,95,2,5,-3
"2015-16","9624","Maryland","Chloe Pavlech|Kristen Confroy|Malina Howard|S. Walker-Kimbrough|Tierney Pfirman",5,95,204,109,0,2,-2
"2015-16","9624","Maryland","Brene Moseley|Kristen Confroy|Malina Howard|S. Walker-Kimbrough|Tierney Pfirman",5,204,251,47,2,0,2
"2015-16","9624","Penn State","Brianna Banks|Candice Agee|Lindsey Spann|Peyton Whitted|Teniya Page",5,95,324,229,6,6,0
"2015-16","9624","Penn State","Candice Agee|Kaliyah Mitchell|Lindsey Spann|Peyton Whitted|Teniya Page",5,324,359,35,2,4,-2
"2015-16","9624","Maryland","Brene Moseley|Kiah Gillespie|Kristen Confroy|S. Walker-Kimbrough|Tierney Pfirman",5,251,373,122,8,6,2
"2015-16","9624","Penn State","Brianna Banks|Kaliyah Mitchell|Lindsey Spann|Peyton Whitted|Teniya Page",5,359,373,14,0,0,0
"2015-16","9624","Maryland","Brene Moseley|Kristen Confroy|Malina Howard|S. Walker-Kimbrough|Tierney Pfirman",5,373,452,79,2,0,2
"2015-16","9624","Penn State","Brianna Banks|Candice Agee|Kaliyah Mitchell|Lindsey Spann|Teniya Page",5,373,492,119,0,4,-4
"2015-16","9624","Maryland","Brene Moseley|Brianna Fraser|Kristen Confroy|Malina Howard|S. Walker-Kimbrough",5,452,514,62,2,0,2
"2015-16","9624","Penn State","Brianna Banks|Candice Agee|Lindsey Spann|Peyton Whitted|Teniya Page",5,492,514,22,0,0,0
"2015-16","9624","Maryland","Brene Moseley|Brianna Fraser|Kiara Leslie|Kristen Confroy|Malina Howard",5,514,564,50,0,0,0
"2015-16","9624","Penn State","Ashanti Thomas|Brianna Banks|Lindsey Spann|Peyton Whitted|Teniya Page",5,514,564,50,0,0,0
"2015-16","9624","Maryland","Brene Moseley|Brianna Fraser|Brionna Jones|Kiara Leslie|Kristen Confroy",5,564,574,10,2,0,2
"2015-16","9624","Penn State","Ashanti Thomas|Kaliyah Mitchell|Lindsey Spann|Peyton Whitted|Teniya Page",5,564,600,36,2,2,0
"2015-16","9624","Maryland","Brianna Fraser|Chloe Pavlech|Kiara Leslie|Kristen Confroy|Malina Howard",5,574,600,26,0,2,-2
"2015-16","9624","Maryland","Brionna Jones|Chloe Pavlech|Kristen Confroy|Malina Howard|S. Walker-Kimbrough",5,600,602,2,0,0,0
"2015-16","9624","Penn State","Brianna Banks|Kaliyah Mitchell|Lindsey Spann|Peyton Whitted|Teniya Page",5,600,602,2,0,0,0
"2015-16","9624","Penn State","Ashanti Thomas|Kaliyah Mitchell|Lindsey Spann|Peyton Whitted|Teniya Page",5,602,625,23,0,0,0
"2015-16","9624","Maryland","Brene Moseley|Brionna Jones|Kristen Confroy|S. Walker-Kimbrough|Tierney Pfirman",5,602,764,162,0,4,-4
"2015-16","9624","Maryland","Brene Moseley|Brionna Jones|Kristen Confroy|Malina Howard|S. Walker-Kimbrough",5,764,820,56,0,5,-5
"2015-16","9624","Penn State","Brianna Banks|Candice Agee|Kaliyah Mitchell|Peyton Whitted|Teniya Page",5,625,820,195,9,0,9
"2015-16","9624","Penn State","Ashanti Thomas|Brianna Banks|Kaliyah Mitchell|Peyton Whitted|Teniya Page",5,820,840,20,0,2,-2
"2015-16","9624","Maryland","Brene Moseley|Brianna Fraser|Kristen Confroy|Malina Howard|S. Walker-Kimbrough",5,820,916,96,4,0,4
"2015-16","9624","Penn State","Brianna Banks|Candice Agee|Jaylen Williams|Kaliyah Mitchell|Teniya Page",5,840,916,76,0,2,-2
"2015-16","9624","Maryland","Brene Moseley|Brianna Fraser|Brionna Jones|Kristen Confroy|S. Walker-Kimbrough",5,916,982,66,4,0,4
"2015-16","9624","Penn State","Ashanti Thomas|Brianna Banks|Kaliyah Mitchell|Lindsey Spann|Teniya Page",5,916,1003,87,0,6,-6
"2015-16","9624","Maryland","Brene Moseley|Brianna Fraser|Brionna Jones|S. Walker-Kimbrough|Tierney Pfirman",5,982,1130,148,8,0,8
"2015-16","9624","Maryland","Brene Moseley|Brianna Fraser|Malina Howard|S. Walker-Kimbrough|Tierney Pfirman",5,1130,1152,22,0,3,-3
"2015-16","9624","Penn State","Brianna Banks|Candice Agee|Kaliyah Mitchell|Lindsey Spann|Teniya Page",5,1003,1152,149,3,6,-3
"2015-16","9624","Penn State","Candice Agee|Jaylen Williams|Kaliyah Mitchell|Lindsey Spann|Teniya Page",5,1152,1200,48,0,2,-2
"2015-16","9624","Maryland","Brene Moseley|Brianna Fraser|Brionna Jones|S. Walker-Kimbrough|Tierney Pfirman",5,1152,1200,48,2,0,2
"2015-16","9624","Penn State","Brianna Banks|Candice Agee|Kaliyah Mitchell|Lindsey Spann|Teniya Page",5,1200,1311,111,0,4,-4
"2015-16","9624","Maryland","Brionna Jones|Chloe Pavlech|Kristen Confroy|Malina Howard|S. Walker-Kimbrough",5,1200,1477,277,9,7,2
"2015-16","9624","Penn State","Brianna Banks|Kaliyah Mitchell|Lindsey Spann|Peyton Whitted|Teniya Page",5,1311,1530,219,9,7,2
"2015-16","9624","Penn State","Brianna Banks|Jaylen Williams|Kaliyah Mitchell|Lindsey Spann|Teniya Page",5,1530,1566,36,0,5,-5
"2015-16","9624","Maryland","Brene Moseley|Brionna Jones|Kristen Confroy|S. Walker-Kimbrough|Tierney Pfirman",5,1477,1639,162,12,2,10
"2015-16","9624","Penn State","Candice Agee|Jaylen Williams|Kaliyah Mitchell|Lindsey Spann|Teniya Page",5,1566,1639,73,0,5,-5
"2015-16","9624","Maryland","Brene Moseley|Brianna Fraser|Kiah Gillespie|Kristen Confroy|S. Walker-Kimbrough",5,1639,1668,29,2,0,2
"2015-16","9624","Maryland","Brene Moseley|Kiah Gillespie|Kristen Confroy|Malina Howard|S. Walker-Kimbrough",5,1668,1726,58,2,4,-2
"2015-16","9624","Penn State","Brianna Banks|Candice Agee|Lindsey Spann|Peyton Whitted|Teniya Page",5,1639,1726,87,4,4,0
"2015-16","9624","Penn State","Ashanti Thomas|Brianna Banks|Lindsey Spann|Peyton Whitted|Teniya Page",5,1726,1775,49,0,4,-4
"2015-16","9624","Penn State","Ashanti Thomas|Brianna Banks|Kaliyah Mitchell|Lindsey Spann|Teniya Page",5,1775,1800,25,2,0,2
"2015-16","9624","Maryland","Brene Moseley|Brianna Fraser|Kiah Gillespie|Kiara Leslie|Kristen Confroy",5,1726,1800,74,4,2,2
"2015-16","9624","Maryland","Brionna Jones|Kiah Gillespie|Kristen Confroy|Malina Howard|S. Walker-Kimbrough",5,1800,1802,2,0,0,0
"2015-16","9624","Penn State","Ashanti Thomas|Brianna Banks|Kaliyah Mitchell|Lindsey Spann|Teniya Page",5,1800,1885,85,0,2,-2
"2015-16","9624","Maryland","Brianna Fraser|Brionna Jones|Kiah Gillespie|Kiara Leslie|S. Walker-Kimbrough",5,1802,1916,114,4,0,4
"2015-16","9624","Penn State","Brianna Banks|Candice Agee|Kaliyah Mitchell|Lindsey Spann|Teniya Page",5,1885,2041,156,4,10,-6
"2015-16","9624","Penn State","Ashanti Thomas|Brianna Banks|Jaylen Williams|Leah Knizner|Lindsey Spann",5,2041,2169,128,1,1,0
"2015-16","9624","Maryland","Brianna Fraser|Kiah Gillespie|Kiara Leslie|Tierney Pfirman",4,1916,2232,316,11,9,2
"2015-16","9624","Penn State","Ashanti Thomas|Jaylen Williams|Kaliyah Mitchell|Leah Knizner|Lindsey Spann",5,2169,2232,63,4,2,2
"2015-16","9624","Maryland","A'Lexus Harrison|Brianna Fraser|Kiah Gillespie|Kiara Leslie",4,2232,2290,58,0,0,0
"2015-16","9624","Penn State","Ashanti Thomas|Brianna Banks|Kaliyah Mitchell|Leah Knizner|Lindsey Spann",5,2232,2290,58,0,0,0
"2015-16","9624","Penn State","Ashanti Thomas|Brianna Banks|Kaliyah Mitchell|Leah Knizner|Teniya Page",5,2290,2349,59,0,4,-4
"2015-16","9624","Penn State","Ashanti Thomas|Kaliyah Mitchell|Leah Knizner|Sarah McMurtry|Teniya Page",5,2349,2357,8,2,0,2
"2015-16","9624","Penn State","Jaylen Williams|Kaliyah Mitchell|Leah Knizner|Sarah McMurtry|Teniya Page",5,2357,2400,43,3,2,1
"2015-16","9624","Maryland","A'Lexus Harrison|Aja Ellison|Kiah Gillespie|Kiara Leslie",4,2290,2400,110,6,5,1
"2015-16","9625","Indiana","Alexis Gassion|Amanda Cahill|Jenn Anderson|Karlee McBride|Tyra Buss",5,0,179,179,5,5,0
"2015-16","9625","Indiana","Amanda Cahill|Jenn Anderson|Jess Walter|Karlee McBride|Tyra Buss",5,179,245,66,0,6,-6
"2015-16","9625","Maryland","Brionna Jones|Chloe Pavlech|Kristen Confroy|Malina Howard|S. Walker-Kimbrough",5,0,288,288,13,6,7
"2015-16","9625","Indiana","Amanda Cahill|Jess Walter|Karlee McBride|Kym Royster|Tyra Buss",5,245,314,69,1,2,-1
"2015-16","9625","Maryland","Brene Moseley|Brionna Jones|Chloe Pavlech|Malina Howard|S. Walker-Kimbrough",5,288,314,26,0,0,0
"2015-16","9625","Indiana","Amanda Cahill|Jenn Anderson|Jess Walter|Karlee McBride|Tyra Buss",5,314,394,80,0,2,-2
"2015-16","9625","Maryland","Brene Moseley|Brionna Jones|Chloe Pavlech|Kiara Leslie|Tierney Pfirman",5,314,394,80,2,0,2
"2015-16","9625","Indiana","Jess Walter|Karlee McBride|Kym Royster|Lyndsay Leikem|Tyra Buss",5,394,437,43,0,2,-2
"2015-16","9625","Maryland","Brene Moseley|Brionna Jones|Kiara Leslie|Kristen Confroy|Tierney Pfirman",5,394,437,43,2,0,2
"2015-16","9625","Indiana","Jenn Anderson|Jess Walter|Lyndsay Leikem|Tyra Buss|Tyshee Towner",5,437,472,35,0,0,0
"2015-16","9625","Maryland","Brene Moseley|Brianna Fraser|Kiara Leslie|Kristen Confroy|Tierney Pfirman",5,437,600,163,6,4,2
"2015-16","9625","Indiana","Amanda Cahill|Jenn Anderson|Jess Walter|Tyra Buss|Tyshee Towner",5,472,600,128,4,6,-2
"2015-16","9625","Maryland","Brene Moseley|Brionna Jones|Kristen Confroy|Malina Howard|S. Walker-Kimbrough",5,600,721,121,2,5,-3
"2015-16","9625","Indiana","Alexis Gassion|Amanda Cahill|Jenn Anderson|Tyra Buss|Tyshee Towner",5,600,786,186,7,4,3
"2015-16","9625","Maryland","Brionna Jones|Chloe Pavlech|Kristen Confroy|Malina Howard|S. Walker-Kimbrough",5,721,786,65,2,2,0
"2015-16","9625","Indiana","Alexis Gassion|Amanda Cahill|Karlee McBride|Kym Royster|Tyra Buss",5,786,861,75,2,5,-3
"2015-16","9625","Maryland","Brene Moseley|Brionna Jones|Chloe Pavlech|Kristen Confroy|Tierney Pfirman",5,786,861,75,5,2,3
"2015-16","9625","Indiana","Amanda Cahill|Jenn Anderson|Jess Walter|Karlee McBride|Tyshee Towner",5,861,917,56,0,0,0
"2015-16","9625","Maryland","Brene Moseley|Chloe Pavlech|Kristen Confroy|Malina Howard|Tierney Pfirman",5,861,917,56,0,0,0
"2015-16","9625","Indiana","Amanda Cahill|Jenn Anderson|Jess Walter|Karlee McBride|Tyra Buss",5,917,1011,94,4,3,1
"2015-16","9625","Maryland","Brene Moseley|Brionna Jones|Kristen Confroy|Malina Howard|S. Walker-Kimbrough",5,917,1011,94,3,4,-1
"2015-16","9625","Indiana","Jenn Anderson|Jess Walter|Karlee McBride|Lyndsay Leikem|Tyra Buss",5,1011,1056,45,1,0,1
"2015-16","9625","Indiana","Amanda Cahill|Jess Walter|Karlee McBride|Kym Royster|Tyra Buss",5,1056,1198,142,3,3,0
"2015-16","9625","Maryland","Brene Moseley|Brionna Jones|Chloe Pavlech|Kristen Confroy|Malina Howard",5,1011,1198,187,3,4,-1
"2015-16","9625","Maryland","Brene Moseley|Brionna Jones|Chloe Pavlech|Kristen Confroy|Tierney Pfirman",5,1198,1200,2,0,0,0
"2015-16","9625","Indiana","Amanda Cahill|Jess Walter|Karlee McBride|Kym Royster|Tyshee Towner",5,1198,1200,2,0,0,0
"2015-16","9625","Maryland","Brionna Jones|Chloe Pavlech|Malina Howard|S. Walker-Kimbrough|Tierney Pfirman",5,1200,1335,135,5,7,-2
"2015-16","9625","Indiana","Alexis Gassion|Amanda Cahill|Jenn Anderson|Karlee McBride|Tyra Buss",5,1200,1380,180,7,10,-3
"2015-16","9625","Indiana","Alexis Gassion|Jenn Anderson|Karlee McBride|Lyndsay Leikem|Tyra Buss",5,1380,1389,9,0,3,-3
"2015-16","9625","Maryland","Brionna Jones|Chloe Pavlech|S. Walker-Kimbrough|Tierney Pfirman",4,1335,1452,117,10,0,10
"2015-16","9625","Indiana","Alexis Gassion|Karlee McBride|Kym Royster|Lyndsay Leikem|Tyra Buss",5,1389,1470,81,0,4,-4
"2015-16","9625","Maryland","Brene Moseley|Brianna Fraser|S. Walker-Kimbrough|Tierney Pfirman",4,1452,1470,18,2,0,2
"2015-16","9625","Indiana","Alexis Gassion|Jess Walter|Kym Royster|Lyndsay Leikem|Tyra Buss",5,1470,1580,110,3,6,-3
"2015-16","9625","Indiana","Alexis Gassion|Amanda Cahill|Jess Walter|Kym Royster|Tyra Buss",5,1580,1582,2,0,0,0
"2015-16","9625","Maryland","Brene Moseley|Brianna Fraser|Kiah Gillespie|Kiara Leslie",4,1470,1590,120,8,3,5
"2015-16","9625","Indiana","Amanda Cahill|Jess Walter|Kym Royster|Tyra Buss|Tyshee Towner",5,1582,1641,59,0,4,-4
"2015-16","9625","Indiana","Amanda Cahill|Jess Walter|Lyndsay Leikem|Tyra Buss|Tyshee Towner",5,1641,1759,118,2,2,0
"2015-16","9625","Maryland","Brene Moseley|Brionna Jones|Kiah Gillespie|Kiara Leslie",4,1590,1759,169,4,2,2
"2015-16","9625","Maryland","Brene Moseley|Brionna Jones|Kiah Gillespie|Kiara Leslie|S. Walker-Kimbrough",5,1759,1800,41,3,0,3
"2015-16","9625","Indiana","Alexis Gassion|Karlee McBride|Kym Royster|Lyndsay Leikem|Tyra Buss",5,1759,1800,41,0,3,-3
"2015-16","9625","Indiana","Alexis Gassion|Amanda Cahill|Karlee McBride|Kym Royster|Tyra Buss",5,1800,1847,47,4,0,4
"2015-16","9625","Indiana","Alexis Gassion|Amanda Cahill|Jess Walter|Kym Royster|Tyra Buss",5,1847,1917,70,0,2,-2
"2015-16","9625","Maryland","Chloe Pavlech|Kiara Leslie|Malina Howard|S. Walker-Kimbrough|Tierney Pfirman",5,1800,1917,117,2,4,-2
"2015-16","9625","Indiana","Alexis Gassion|Jess Walter|Kym Royster|Lyndsay Leikem|Tyra Buss",5,1917,1929,12,0,0,0
"2015-16","9625","Maryland","Brianna Fraser|Chloe Pavlech|Kiara Leslie|S. Walker-Kimbrough|Tierney Pfirman",5,1917,1929,12,0,0,0
"2015-16","9625","Indiana","Jess Walter|Kym Royster|Lyndsay Leikem|Tyra Buss|Tyshee Towner",5,1929,2034,105,4,4,0
"2015-16","9625","Maryland","Brianna Fraser|Chloe Pavlech|Kiah Gillespie|S. Walker-Kimbrough|Tierney Pfirman",5,1929,2061,132,6,6,0
"2015-16","9625","Indiana","Alexis Gassion|Kym Royster|Lyndsay Leikem|Tyra Buss|Tyshee Towner",5,2034,2083,49,2,4,-2
"2015-16","9625","Indiana","Alexis Gassion|Amanda Cahill|Kym Royster|Tyra Buss|Tyshee Towner",5,2083,2102,19,2,0,2
"2015-16","9625","Indiana","Alexis Gassion|Amanda Cahill|Jess Walter|Kym Royster|Tyshee Towner",5,2102,2158,56,4,2,2
"2015-16","9625","Maryland","Brianna Fraser|Chloe Pavlech|Kiah Gillespie|Kiara Leslie|Tierney Pfirman",5,2061,2158,97,4,6,-2
"2015-16","9625","Indiana","Alexis Gassion|Jess Walter|Kym Royster|Lyndsay Leikem|Tyshee Towner",5,2158,2258,100,4,2,2
"2015-16","9625","Maryland","A'Lexus Harrison|Chloe Pavlech|Kiah Gillespie|Kiara Leslie|Tierney Pfirman",5,2158,2258,100,2,4,-2
"2015-16","9625","Indiana","Alexis Gassion|Danielle Williams|Jess Walter|Lyndsay Leikem|Tyshee Towner",5,2258,2297,39,2,0,2
"2015-16","9625","Maryland","A'Lexus Harrison|Brianna Fraser|Chloe Pavlech|Kiah Gillespie|Kiara Leslie",5,2258,2297,39,0,2,-2
"2015-16","9625","Maryland","A'Lexus Harrison|Aja Ellison|Chloe Pavlech|Kiah Gillespie|Kiara Leslie",5,2297,2400,103,2,2,0
"2015-16","9625","Indiana","Danielle Williams|Jess Walter|Laken Wairau|Lyndsay Leikem|Tyshee Towner",5,2297,2400,103,2,2,0
"2015-16","9626","Maryland","Brionna Jones|Chloe Pavlech|Kristen Confroy|Malina Howard|S. Walker-Kimbrough",5,0,197,197,6,4,2
"2015-16","9626","Maryland","Chloe Pavlech|Kristen Confroy|Malina Howard|S. Walker-Kimbrough|Tierney Pfirman",5,197,302,105,7,0,7
"2015-16","9626","Purdue","Andreona Keys|April Wilson|Ashley Morrissette|Bridget Perry|Torrie Thornton",5,0,302,302,4,13,-9
"2015-16","9626","Maryland","Brene Moseley|Kristen Confroy|Malina Howard|S. Walker-Kimbrough|Tierney Pfirman",5,302,424,122,2,7,-5
"2015-16","9626","Purdue","Andreona Keys|April Wilson|Ashley Morrissette|Bridget Perry|Dominique McBryde",5,302,477,175,7,2,5
"2015-16","9626","Maryland","Brene Moseley|Chloe Pavlech|Kiah Gillespie|Kristen Confroy|Malina Howard",5,424,531,107,0,3,-3
"2015-16","9626","Maryland","Brene Moseley|Brionna Jones|Chloe Pavlech|Kristen Confroy|Malina Howard",5,531,545,14,0,1,-1
"2015-16","9626","Purdue","Andreona Keys|April Wilson|Ashley Morrissette|Dominique McBryde|Nora Kiesler",5,477,545,68,4,0,4
"2015-16","9626","Purdue","Andreona Keys|April Wilson|Ashley Morrissette|Dominique McBryde|Torrie Thornton",5,545,600,55,0,2,-2
"2015-16","9626","Maryland","Brene Moseley|Brianna Fraser|Brionna Jones|Kristen Confroy|S. Walker-Kimbrough",5,545,600,55,2,0,2
"2015-16","9626","Maryland","Brianna Fraser|Brionna Jones|Chloe Pavlech|Kristen Confroy|S. Walker-Kimbrough",5,600,665,65,2,2,0
"2015-16","9626","Maryland","Brionna Jones|Chloe Pavlech|Kristen Confroy|Malina Howard|S. Walker-Kimbrough",5,665,775,110,6,5,1
"2015-16","9626","Purdue","Andreona Keys|April Wilson|Ashley Morrissette|Dominique McBryde|Torrie Thornton",5,600,775,175,7,8,-1
"2015-16","9626","Purdue","Andreona Keys|April Wilson|Ashley Morrissette|Bridget Perry|Dominique McBryde",5,775,799,24,0,0,0
"2015-16","9626","Maryland","Chloe Pavlech|Kristen Confroy|Malina Howard|S. Walker-Kimbrough|Tierney Pfirman",5,775,940,165,5,2,3
"2015-16","9626","Purdue","April Wilson|Ashley Morrissette|Bridget Perry|Dominique McBryde|Nora Kiesler",5,799,940,141,2,5,-3
"2015-16","9626","Maryland","Brionna Jones|Chloe Pavlech|Kristen Confroy|S. Walker-Kimbrough|Tierney Pfirman",5,940,1041,101,2,2,0
"2015-16","9626","Purdue","Andreona Keys|April Wilson|Ashley Morrissette|Dominique McBryde|Nora Kiesler",5,940,1200,260,4,11,-7
"2015-16","9626","Maryland","Brene Moseley|Brionna Jones|Kristen Confroy|Malina Howard|S. Walker-Kimbrough",5,1041,1200,159,9,2,7
"2015-16","9626","Maryland","Brionna Jones|Chloe Pavlech|Kristen Confroy|Malina Howard|S. Walker-Kimbrough",5,1200,1414,214,8,6,2
"2015-16","9626","Purdue","Andreona Keys|April Wilson|Ashley Morrissette|Bridget Perry|Torrie Thornton",5,1200,1414,214,6,8,-2
"2015-16","9626","Purdue","April Wilson|Ashley Morrissette|Bridget Perry|Tiara Murphy|Torrie Thornton",5,1414,1435,21,2,2,0
"2015-16","9626","Maryland","Chloe Pavlech|Kristen Confroy|Malina Howard|S. Walker-Kimbrough|Tierney Pfirman",5,1414,1570,156,6,9,-3
"2015-16","9626","Purdue","April Wilson|Ashley Morrissette|Dominique McBryde|Tiara Murphy|Torrie Thornton",5,1435,1570,135,7,4,3
"2015-16","9626","Maryland","Brene Moseley|Brionna Jones|Kristen Confroy|S. Walker-Kimbrough|Tierney Pfirman",5,1570,1672,102,6,2,4
"2015-16","9626","Maryland","Brene Moseley|Brionna Jones|Kristen Confroy|Malina Howard|S. Walker-Kimbrough",5,1672,1730,58,0,7,-7
"2015-16","9626","Purdue","Andreona Keys|Ashley Morrissette|Dominique McBryde|Nora Kiesler|Tiara Murphy",5,1570,1800,230,11,10,1
"2015-16","9626","Purdue","Andreona Keys|April Wilson|Ashley Morrissette|Bridget Perry|Nora Kiesler",5,1800,1933,133,4,4,0
"2015-16","9626","Purdue","Andreona Keys|April Wilson|Ashley Morrissette|Bridget Perry|Torrie Thornton",5,1933,1971,38,2,1,1
"2015-16","9626","Purdue","Andreona Keys|April Wilson|Ashley Morrissette|Dominique McBryde|Torrie Thornton",5,1971,2120,149,3,6,-3
"2015-16","9626","Purdue","Andreona Keys|April Wilson|Ashley Morrissette|Bridget Perry|Dominique McBryde",5,2120,2246,126,4,6,-2
"2015-16","9626","Purdue","April Wilson|Ashley Morrissette|Bridget Perry|Dominique McBryde|Tiara Murphy",5,2246,2400,154,0,5,-5
"2015-16","9626","Maryland","Brionna Jones|Chloe Pavlech|Kristen Confroy|Malina Howard|S. Walker-Kimbrough",5,1730,2400,670,26,15,11
"2015-16","9627","Michigan State","Aerial Powers|Akyah Taylor|Branndais Agee|Jasmine Hines|Tori Jankoska",5,0,133,133,0,2,-2
"2015-16","9627","Michigan State","Aerial Powers|Branndais Agee|Jasmine Hines|Jenna Allen|Tori Jankoska",5,133,429,296,10,13,-3
"2015-16","9627","Maryland","Brionna Jones|Chloe Pavlech|Kristen Confroy|Malina Howard|S. Walker-Kimbrough",5,0,429,429,15,10,5
"2015-16","9627","Michigan State","Branndais Agee|Jasmine Hines|Jenna Allen|Morgan Green|Tori Jankoska",5,429,489,60,0,4,-4
"2015-16","9627","Maryland","Brene Moseley|Kristen Confroy|Malina Howard|S. Walker-Kimbrough|Tierney Pfirman",5,429,489,60,4,0,4
"2015-16","9627","Michigan State","Aerial Powers|Jenna Allen|Kennedy Johnson|Morgan Green|Tori Jankoska",5,489,535,46,2,0,2
"2015-16","9627","Michigan State","Aerial Powers|Akyah Taylor|Kennedy Johnson|Morgan Green|Tori Jankoska",5,535,560,25,0,0,0
"2015-16","9627","Maryland","Brene Moseley|Brionna Jones|Kiara Leslie|S. Walker-Kimbrough|Tierney Pfirman",5,489,560,71,0,2,-2
"2015-16","9627","Maryland","Brene Moseley|Brionna Jones|Chloe Pavlech|Kiara Leslie|Malina Howard|S. Walker-Kimbrough|Tierney Pfirman",7,560,568,8,0,2,-2
"2015-16","9627","Maryland","Brionna Jones|Chloe Pavlech|Kiara Leslie|S. Walker-Kimbrough|Tierney Pfirman",5,568,578,10,3,0,3
"2015-16","9627","Maryland","Brionna Jones|Chloe Pavlech|Kristen Confroy|S. Walker-Kimbrough|Tierney Pfirman",5,578,600,22,0,0,0
"2015-16","9627","Michigan State","Aerial Powers|Akyah Taylor|Branndais Agee|Kennedy Johnson|Morgan Green",5,560,600,40,2,3,-1
"2015-16","9627","Michigan State","Aerial Powers|Akyah Taylor|Branndais Agee|Jasmine Hines|Morgan Green",5,600,670,70,3,2,1
"2015-16","9627","Michigan State","Aerial Powers|Akyah Taylor|Jasmine Hines|Morgan Green|Tori Jankoska",5,670,717,47,0,2,-2
"2015-16","9627","Michigan State","Aerial Powers|Jasmine Hines|Jenna Allen|Morgan Green|Tori Jankoska",5,717,789,72,0,4,-4
"2015-16","9627","Michigan State","Aerial Powers|Jenna Allen|Kennedy Johnson|Morgan Green|Tori Jankoska",5,789,897,108,2,2,0
"2015-16","9627","Maryland","Brionna Jones|Chloe Pavlech|Kristen Confroy|Malina Howard|S. Walker-Kimbrough",5,600,897,297,10,5,5
"2015-16","9627","Michigan State","Branndais Agee|Jenna Allen|Kennedy Johnson|Morgan Green|Tori Jankoska",5,897,915,18,0,0,0
"2015-16","9627","Maryland","Brene Moseley|Chloe Pavlech|Kristen Confroy|Malina Howard|Tierney Pfirman",5,897,952,55,0,0,0
"2015-16","9627","Michigan State","Branndais Agee|Jasmine Hines|Kennedy Johnson|Morgan Green|Tori Jankoska",5,915,1043,128,2,2,0
"2015-16","9627","Michigan State","Aerial Powers|Branndais Agee|Jasmine Hines|Kennedy Johnson|Morgan Green",5,1043,1058,15,0,2,-2
"2015-16","9627","Michigan State","Aerial Powers|Jasmine Hines|Kennedy Johnson|Morgan Green|Tori Jankoska",5,1058,1127,69,2,4,-2
"2015-16","9627","Maryland","Brene Moseley|Brionna Jones|Kristen Confroy|S. Walker-Kimbrough|Tierney Pfirman",5,952,1127,175,8,4,4
"2015-16","9627","Maryland","Brene Moseley|Brionna Jones|Kristen Confroy|Malina Howard|S. Walker-Kimbrough",5,1127,1150,23,0,3,-3
"2015-16","9627","Maryland","Brene Moseley|Brionna Jones|Kristen Confroy|S. Walker-Kimbrough|Tierney Pfirman",5,1150,1200,50,2,2,0
"2015-16","9627","Michigan State","Aerial Powers|Cara Miller|Jasmine Hines|Kennedy Johnson|Morgan Green",5,1127,1200,73,5,2,3
"2015-16","9627","Maryland","Brionna Jones|Chloe Pavlech|Kristen Confroy|Malina Howard|S. Walker-Kimbrough",5,1200,1447,247,5,10,-5
"2015-16","9627","Maryland","Brene Moseley|Kristen Confroy|Malina Howard|S. Walker-Kimbrough|Tierney Pfirman",5,1447,1511,64,2,0,2
"2015-16","9627","Michigan State","Aerial Powers|Branndais Agee|Jasmine Hines|Jenna Allen|Tori Jankoska",5,1200,1529,329,10,9,1
"2015-16","9627","Michigan State","Aerial Powers|Akyah Taylor|Branndais Agee|Jenna Allen|Morgan Green",5,1529,1607,78,0,5,-5
"2015-16","9627","Maryland","Brene Moseley|Brionna Jones|Kristen Confroy|S. Walker-Kimbrough|Tierney Pfirman",5,1511,1665,154,7,5,2
"2015-16","9627","Michigan State","Aerial Powers|Akyah Taylor|Branndais Agee|Jasmine Hines|Morgan Green",5,1607,1708,101,7,2,5
"2015-16","9627","Maryland","Brene Moseley|Brionna Jones|Kristen Confroy|Malina Howard|S. Walker-Kimbrough",5,1665,1708,43,2,2,0
"2015-16","9627","Maryland","Brene Moseley|Brionna Jones|Kiah Gillespie|Kristen Confroy|S. Walker-Kimbrough",5,1708,1800,92,3,3,0
"2015-16","9627","Michigan State","Aerial Powers|Akyah Taylor|Jasmine Hines|Morgan Green|Tori Jankoska",5,1708,1800,92,3,3,0
"2015-16","9627","Michigan State","Aerial Powers|Branndais Agee|Jasmine Hines|Morgan Green|Tori Jankoska",5,1800,1834,34,0,0,0
"2015-16","9627","Michigan State","Aerial Powers|Branndais Agee|Jenna Allen|Morgan Green|Tori Jankoska",5,1834,1907,73,2,4,-2
"2015-16","9627","Maryland","Brene Moseley|Brionna Jones|Kiah Gillespie|Kristen Confroy|S. Walker-Kimbrough",5,1800,1958,158,6,4,2
"2015-16","9627","Michigan State","Aerial Powers|Akyah Taylor|Jenna Allen|Morgan Green|Tori Jankoska",5,1907,1997,90,2,2,0
"2015-16","9627","Maryland","Brene Moseley|Brionna Jones|Chloe Pavlech|Kiah Gillespie|S. Walker-Kimbrough",5,1958,2055,97,2,3,-1
"2015-16","9627","Michigan State","Aerial Powers|Branndais Agee|Jasmine Hines|Morgan Green|Tori Jankoska",5,1997,2167,170,8,6,2
"2015-16","9627","Maryland","Brene Moseley|Brionna Jones|Chloe Pavlech|Kristen Confroy|Malina Howard",5,2055,2167,112,4,5,-1
"2015-16","9627","Maryland","Brene Moseley|Kiah Gillespie|Kristen Confroy|Malina Howard|S. Walker-Kimbrough",5,2167,2237,70,1,3,-2
"2015-16","9627","Michigan State","Aerial Powers|Branndais Agee|Jenna Allen|Morgan Green|Tori Jankoska",5,2167,2330,163,11,5,6
"2015-16","9627","Michigan State","Aerial Powers|Akyah Taylor|Kennedy Johnson|Morgan Green|Tori Jankoska",5,2330,2332,2,0,1,-1
"2015-16","9627","Maryland","Brene Moseley|Brionna Jones|Kristen Confroy|Malina Howard|S. Walker-Kimbrough",5,2237,2332,95,5,8,-3
"2015-16","9627","Michigan State","Aerial Powers|Branndais Agee|Jenna Allen|Morgan Green|Tori Jankoska",5,2332,2340,8,1,0,1
"2015-16","9627","Maryland","Brene Moseley|Brionna Jones|Chloe Pavlech|Malina Howard|S. Walker-Kimbrough",5,2332,2340,8,0,1,-1
"2015-16","9627","Michigan State","Aerial Powers|Akyah Taylor|Cara Miller|Kennedy Johnson|Tori Jankoska",5,2340,2341,1,0,2,-2
"2015-16","9627","Maryland","Brene Moseley|Chloe Pavlech|Malina Howard|S. Walker-Kimbrough|Tierney Pfirman",5,2340,2341,1,2,0,2
"2015-16","9627","Michigan State","Aerial Powers|Branndais Agee|Jenna Allen|Morgan Green|Tori Jankoska",5,2341,2354,13,2,0,2
"2015-16","9627","Maryland","Brene Moseley|Brionna Jones|Chloe Pavlech|Malina Howard|S. Walker-Kimbrough",5,2341,2354,13,0,2,-2
"2015-16","9627","Michigan State","Aerial Powers|Akyah Taylor|Cara Miller|Kennedy Johnson|Tori Jankoska",5,2354,2356,2,0,0,0
"2015-16","9627","Maryland","Brene Moseley|Chloe Pavlech|Malina Howard|S. Walker-Kimbrough|Tierney Pfirman",5,2354,2356,2,0,0,0
"2015-16","9627","Michigan State","Aerial Powers|Branndais Agee|Jenna Allen|Morgan Green|Tori Jankoska",5,2356,2363,7,2,0,2
"2015-16","9627","Maryland","Brene Moseley|Brionna Jones|Chloe Pavlech|Malina Howard|S. Walker-Kimbrough",5,2356,2363,7,0,2,-2
"2015-16","9627","Michigan State","Aerial Powers|Akyah Taylor|Cara Miller|Kennedy Johnson|Tori Jankoska",5,2363,2367,4,0,2,-2
"2015-16","9627","Maryland","Brene Moseley|Chloe Pavlech|Kristen Confroy|S. Walker-Kimbrough|Tierney Pfirman",5,2363,2367,4,2,0,2
"2015-16","9627","Michigan State","Aerial Powers|Branndais Agee|Jenna Allen|Morgan Green|Tori Jankoska",5,2367,2385,18,0,0,0
"2015-16","9627","Maryland","Brene Moseley|Brionna Jones|Chloe Pavlech|Malina Howard|S. Walker-Kimbrough",5,2367,2385,18,0,0,0
"2015-16","9627","Michigan State","Aerial Powers|Akyah Taylor|Cara Miller|Kennedy Johnson|Tori Jankoska",5,2385,2386,1,0,2,-2
"2015-16","9627","Maryland","Brene Moseley|Chloe Pavlech|Kristen Confroy|S. Walker-Kimbrough|Tierney Pfirman",5,2385,2386,1,2,0,2
"2015-16","9627","Maryland","Brene Moseley|Brionna Jones|Chloe Pavlech|Malina Howard|S. Walker-Kimbrough",5,2386,2400,14,0,0,0
"2015-16","9627","Michigan State","Aerial Powers|Branndais Agee|Jenna Allen|Morgan Green|Tori Jankoska",5,2386,2400,14,0,0,0
"2015-16","9628","Maryland","Brionna Jones|Chloe Pavlech|Kristen Confroy|Malina Howard|S. Walker-Kimbrough",5,0,88,88,0,5,-5
"2015-16","9628","Maryland","Brene Moseley|Brionna Jones|Kristen Confroy|Malina Howard|S. Walker-Kimbrough",5,88,148,60,0,2,-2
"2015-16","9628","Maryland","Brene Moseley|Brionna Jones|Kristen Confroy|S. Walker-Kimbrough|Tierney Pfirman",5,148,248,100,5,5,0
"2015-16","9628","Ohio State","Alexa Hart|Ameryst Alston|Asia Doss|Cait Craft|Kelsey Mitchell",5,0,315,315,15,7,8
"2015-16","9628","Maryland","Brene Moseley|Brionna Jones|Kiara Leslie|Kristen Confroy|Tierney Pfirman",5,248,455,207,9,12,-3
"2015-16","9628","Ohio State","Alexa Hart|Ameryst Alston|Cait Craft|Kelsey Mitchell|Shayla Cooper",5,315,455,140,9,7,2
"2015-16","9628","Ohio State","Ameryst Alston|Cait Craft|Kelsey Mitchell|Makayla Waterman|Shayla Cooper",5,455,600,145,0,5,-5
"2015-16","9628","Maryland","Chloe Pavlech|Kiah Gillespie|Kristen Confroy|Malina Howard|S. Walker-Kimbrough",5,455,600,145,5,0,5
"2015-16","9628","Maryland","Brionna Jones|Chloe Pavlech|Kristen Confroy|Malina Howard|S. Walker-Kimbrough",5,600,713,113,2,0,2
"2015-16","9628","Maryland","Brene Moseley|Brionna Jones|Malina Howard|S. Walker-Kimbrough|Tierney Pfirman",5,713,925,212,10,12,-2
"2015-16","9628","Ohio State","Alexa Hart|Ameryst Alston|Asia Doss|Kelsey Mitchell|Shayla Cooper",5,600,925,325,12,12,0
"2015-16","9628","Maryland","Brianna Fraser|Chloe Pavlech|Kiah Gillespie|Kristen Confroy|S. Walker-Kimbrough",5,925,1016,91,2,2,0
"2015-16","9628","Ohio State","Alexa Hart|Ameryst Alston|Asia Doss|Kelsey Mitchell|Makayla Waterman",5,925,1057,132,4,5,-1
"2015-16","9628","Maryland","Brionna Jones|Chloe Pavlech|Kristen Confroy|Malina Howard|S. Walker-Kimbrough",5,1016,1091,75,3,5,-2
"2015-16","9628","Ohio State","Alexa Hart|Ameryst Alston|Asia Doss|Kelsey Mitchell|Shayla Cooper",5,1057,1175,118,7,4,3
"2015-16","9628","Ohio State","Ameryst Alston|Asia Doss|Cait Craft|Lisa Blair|Shayla Cooper",5,1175,1200,25,0,0,0
"2015-16","9628","Maryland","Brene Moseley|Brionna Jones|Malina Howard|S. Walker-Kimbrough|Tierney Pfirman",5,1091,1200,109,4,4,0
"2015-16","9628","Ohio State","Alexa Hart|Ameryst Alston|Asia Doss|Cait Craft|Kelsey Mitchell",5,1200,1291,91,2,2,0
"2015-16","9628","Ohio State","Ameryst Alston|Asia Doss|Cait Craft|Kelsey Mitchell|Shayla Cooper",5,1291,1350,59,2,4,-2
"2015-16","9628","Maryland","Brionna Jones|Chloe Pavlech|Kristen Confroy|Malina Howard|S. Walker-Kimbrough",5,1200,1398,198,8,7,1
"2015-16","9628","Ohio State","Alexa Hart|Ameryst Alston|Asia Doss|Kelsey Mitchell|Shayla Cooper",5,1350,1416,66,3,3,0
"2015-16","9628","Maryland","Brionna Jones|Chloe Pavlech|Kristen Confroy|S. Walker-Kimbrough|Tierney Pfirman",5,1398,1534,136,3,10,-7
"2015-16","9628","Ohio State","Alexa Hart|Ameryst Alston|Asia Doss|Kelsey Mitchell|Makayla Waterman",5,1416,1534,118,10,2,8
"2015-16","9628","Ohio State","Alexa Hart|Asia Doss|Cait Craft|Kelsey Mitchell|Makayla Waterman",5,1534,1623,89,5,2,3
"2015-16","9628","Maryland","Brene Moseley|Brionna Jones|Kiara Leslie|Kristen Confroy|Tierney Pfirman",5,1534,1691,157,6,7,-1
"2015-16","9628","Ohio State","Alexa Hart|Ameryst Alston|Cait Craft|Kelsey Mitchell|Shayla Cooper",5,1623,1691,68,2,4,-2
"2015-16","9628","Maryland","Brene Moseley|Brionna Jones|Chloe Pavlech|Kristen Confroy|Tierney Pfirman",5,1691,1727,36,0,2,-2
"2015-16","9628","Maryland","Brene Moseley|Brionna Jones|Chloe Pavlech|Kristen Confroy|Malina Howard",5,1727,1798,71,4,2,2
"2015-16","9628","Ohio State","Alexa Hart|Ameryst Alston|Asia Doss|Cait Craft|Shayla Cooper",5,1691,1800,109,4,4,0
"2015-16","9628","Maryland","Brene Moseley|Brionna Jones|Kristen Confroy|Malina Howard|Tierney Pfirman",5,1798,1800,2,0,0,0
"2015-16","9628","Maryland","Brene Moseley|Brionna Jones|Kristen Confroy|Malina Howard|S. Walker-Kimbrough",5,1800,1932,132,2,4,-2
"2015-16","9628","Maryland","Brionna Jones|Chloe Pavlech|Kristen Confroy|S. Walker-Kimbrough|Tierney Pfirman",5,1932,2103,171,10,4,6
"2015-16","9628","Maryland","Brionna Jones|Chloe Pavlech|Kristen Confroy|Malina Howard|S. Walker-Kimbrough",5,2103,2115,12,0,2,-2
"2015-16","9628","Maryland","Chloe Pavlech|Kiara Leslie|Kristen Confroy|Malina Howard|S. Walker-Kimbrough",5,2115,2160,45,0,2,-2
"2015-16","9628","Ohio State","Alexa Hart|Ameryst Alston|Asia Doss|Kelsey Mitchell|Shayla Cooper",5,1800,2160,360,12,12,0
"2015-16","9628","Maryland","Brionna Jones|Chloe Pavlech|Kiara Leslie|Kristen Confroy|S. Walker-Kimbrough",5,2160,2244,84,5,4,1
"2015-16","9628","Ohio State","Alexa Hart|Ameryst Alston|Cait Craft|Kelsey Mitchell|Shayla Cooper",5,2160,2244,84,4,5,-1
"2015-16","9628","Ohio State","Alexa Hart|Ameryst Alston|Asia Doss|Cait Craft|Makayla Waterman",5,2244,2278,34,1,0,1
"2015-16","9628","Ohio State","Alexa Hart|Ameryst Alston|Asia Doss|Kelsey Mitchell|Makayla Waterman",5,2278,2400,122,2,8,-6
"2015-16","9628","Maryland","Brionna Jones|Chloe Pavlech|Kristen Confroy|S. Walker-Kimbrough|Tierney Pfirman",5,2244,2400,156,8,3,5
"2015-16","9629","Purdue","Andreona Keys|April Wilson|Bree Horrocks|Bridget Perry|Dominique McBryde",5,0,239,239,2,7,-5
"2015-16","9629","Maryland","Brionna Jones|Chloe Pavlech|Kristen Confroy|Malina Howard|S. Walker-Kimbrough",5,0,239,239,7,2,5
"2015-16","9629","Maryland","Brionna Jones|Chloe Pavlech|Kristen Confroy|S. Walker-Kimbrough|Tierney Pfirman",5,239,263,24,0,0,0
"2015-16","9629","Purdue","Andreona Keys|April Wilson|Ashley Morrissette|Dominique McBryde|Torrie Thornton",5,239,301,62,3,0,3
"2015-16","9629","Maryland","Chloe Pavlech|Kiah Gillespie|Kristen Confroy|S. Walker-Kimbrough|Tierney Pfirman",5,263,301,38,0,3,-3
"2015-16","9629","Purdue","April Wilson|Ashley Morrissette|Bridget Perry|Dominique McBryde|Torrie Thornton",5,301,370,69,0,2,-2
"2015-16","9629","Maryland","Brene Moseley|Brionna Jones|Kiah Gillespie|S. Walker-Kimbrough|Tierney Pfirman",5,301,370,69,2,0,2
"2015-16","9629","Purdue","April Wilson|Ashley Morrissette|Bridget Perry|Nora Kiesler|Torrie Thornton",5,370,420,50,0,4,-4
"2015-16","9629","Purdue","Andreona Keys|April Wilson|Ashley Morrissette|Bridget Perry|Nora Kiesler",5,420,493,73,6,0,6
"2015-16","9629","Maryland","Brene Moseley|Brionna Jones|Kristen Confroy|S. Walker-Kimbrough|Tierney Pfirman",5,370,493,123,4,6,-2
"2015-16","9629","Purdue","Andreona Keys|Ashley Morrissette|Dominique McBryde|Nora Kiesler|Tiara Murphy",5,493,600,107,0,3,-3
"2015-16","9629","Maryland","Brene Moseley|Kiah Gillespie|Kristen Confroy|Malina Howard|S. Walker-Kimbrough",5,493,600,107,3,0,3
"2015-16","9629","Purdue","Andreona Keys|April Wilson|Bree Horrocks|Bridget Perry|Dominique McBryde",5,600,615,15,0,0,0
"2015-16","9629","Maryland","Brionna Jones|Chloe Pavlech|Kristen Confroy|Malina Howard|S. Walker-Kimbrough",5,600,615,15,0,0,0
"2015-16","9629","Purdue","Andreona Keys|April Wilson|Ashley Morrissette|Bree Horrocks|Dominique McBryde",5,615,710,95,4,5,-1
"2015-16","9629","Purdue","Andreona Keys|April Wilson|Ashley Morrissette|Bree Horrocks|Nora Kiesler",5,710,757,47,5,0,5
"2015-16","9629","Maryland","Brene Moseley|Brionna Jones|Kristen Confroy|Malina Howard|S. Walker-Kimbrough",5,615,757,142,5,9,-4
"2015-16","9629","Maryland","Brianna Fraser|Brionna Jones|Chloe Pavlech|Kristen Confroy|S. Walker-Kimbrough",5,757,841,84,6,2,4
"2015-16","9629","Purdue","Andreona Keys|April Wilson|Ashley Morrissette|Bree Horrocks|Bridget Perry",5,757,905,148,2,8,-6
"2015-16","9629","Purdue","Andreona Keys|April Wilson|Ashley Morrissette|Bridget Perry|Torrie Thornton",5,905,912,7,0,1,-1
"2015-16","9629","Purdue","Andreona Keys|April Wilson|Ashley Morrissette|Bridget Perry|Tiara Murphy",5,912,996,84,3,2,1
"2015-16","9629","Maryland","Brianna Fraser|Brionna Jones|Chloe Pavlech|Kristen Confroy|Tierney Pfirman",5,841,996,155,5,3,2
"2015-16","9629","Maryland","Chloe Pavlech|Kiah Gillespie|Kristen Confroy|Malina Howard|S. Walker-Kimbrough",5,996,1054,58,0,2,-2
"2015-16","9629","Maryland","Brene Moseley|Brianna Fraser|Brionna Jones|Kristen Confroy|Malina Howard|S. Walker-Kimbrough",6,1054,1200,146,3,0,3
"2015-16","9629","Purdue","Andreona Keys|April Wilson|Ashley Morrissette|Nora Kiesler|Tiara Murphy",5,996,1200,204,2,3,-1
"2015-16","9629","Purdue","Andreona Keys|April Wilson|Bree Horrocks|Bridget Perry|Dominique McBryde",5,1200,1329,129,0,0,0
"2015-16","9629","Purdue","Andreona Keys|April Wilson|Ashley Morrissette|Bree Horrocks|Dominique McBryde",5,1329,1357,28,0,2,-2
"2015-16","9629","Purdue","Andreona Keys|April Wilson|Ashley Morrissette|Dominique McBryde|Nora Kiesler",5,1357,1434,77,4,2,2
"2015-16","9629","Maryland","Brionna Jones|Chloe Pavlech|Kristen Confroy|Malina Howard|S. Walker-Kimbrough",5,1200,1434,234,4,4,0
"2015-16","9629","Maryland","Brianna Fraser|Brionna Jones|Chloe Pavlech|Kristen Confroy|S. Walker-Kimbrough",5,1434,1456,22,0,0,0
"2015-16","9629","Purdue","Andreona Keys|April Wilson|Ashley Morrissette|Bridget Perry|Nora Kiesler",5,1434,1501,67,2,5,-3
"2015-16","9629","Purdue","Andreona Keys|April Wilson|Ashley Morrissette|Nora Kiesler|Torrie Thornton",5,1501,1595,94,3,2,1
"2015-16","9629","Maryland","Brene Moseley|Brianna Fraser|Kiah Gillespie|Kristen Confroy|S. Walker-Kimbrough|Tierney Pfirman",6,1456,1595,139,7,5,2
"2015-16","9629","Maryland","Brene Moseley|Brionna Jones|Kiah Gillespie|Kristen Confroy|S. Walker-Kimbrough|Tierney Pfirman",6,1595,1625,30,0,0,0
"2015-16","9629","Purdue","Andreona Keys|April Wilson|Ashley Morrissette|Tiara Murphy|Torrie Thornton",5,1595,1650,55,0,1,-1
"2015-16","9629","Maryland","Brene Moseley|Kiah Gillespie|Kristen Confroy|Malina Howard|S. Walker-Kimbrough|Tierney Pfirman",6,1625,1695,70,2,0,2
"2015-16","9629","Purdue","April Wilson|Ashley Morrissette|Bree Horrocks|Bridget Perry|Tiara Murphy",5,1650,1755,105,2,3,-1
"2015-16","9629","Purdue","Andreona Keys|April Wilson|Ashley Morrissette|Bree Horrocks|Bridget Perry",5,1755,1786,31,0,1,-1
"2015-16","9629","Maryland","Chloe Pavlech|Kiah Gillespie|Kristen Confroy|Malina Howard|S. Walker-Kimbrough|Tierney Pfirman",6,1695,1800,105,3,2,1
"2015-16","9629","Purdue","Andreona Keys|April Wilson|Ashley Morrissette|Bridget Perry|Nora Kiesler",5,1786,1800,14,0,0,0
"2015-16","9629","Maryland","Chloe Pavlech|Kristen Confroy|Malina Howard|S. Walker-Kimbrough|Tierney Pfirman",5,1800,1860,60,2,2,0
"2015-16","9629","Purdue","Andreona Keys|April Wilson|Ashley Morrissette|Bridget Perry|Nora Kiesler",5,1800,1897,97,4,5,-1
"2015-16","9629","Maryland","Brianna Fraser|Chloe Pavlech|Kristen Confroy|Malina Howard|S. Walker-Kimbrough",5,1860,1897,37,3,2,1
"2015-16","9629","Purdue","Andreona Keys|April Wilson|Ashley Morrissette|Dominique McBryde|Nora Kiesler",5,1897,1917,20,0,0,0
"2015-16","9629","Purdue","Andreona Keys|April Wilson|Ashley Morrissette|Dominique McBryde|Torrie Thornton",5,1917,1939,22,0,2,-2
"2015-16","9629","Maryland","Brianna Fraser|Brionna Jones|Chloe Pavlech|Kristen Confroy|S. Walker-Kimbrough",5,1897,1998,101,2,2,0
"2015-16","9629","Maryland","Brianna Fraser|Brionna Jones|Chloe Pavlech|S. Walker-Kimbrough|Tierney Pfirman",5,1998,2005,7,0,0,0
"2015-16","9629","Purdue","Andreona Keys|April Wilson|Ashley Morrissette|Dominique McBryde|Nora Kiesler",5,1939,2112,173,6,4,2
"2015-16","9629","Maryland","Brionna Jones|Chloe Pavlech|Kiah Gillespie|S. Walker-Kimbrough|Tierney Pfirman",5,2005,2112,107,4,4,0
"2015-16","9629","Purdue","April Wilson|Ashley Morrissette|Bridget Perry|Dominique McBryde|Nora Kiesler",5,2112,2128,16,0,0,0
"2015-16","9629","Maryland","Brianna Fraser|Chloe Pavlech|Kiah Gillespie|S. Walker-Kimbrough|Tierney Pfirman",5,2112,2128,16,0,0,0
"2015-16","9629","Maryland","Brianna Fraser|Chloe Pavlech|Kiah Gillespie|Kiara Leslie|S. Walker-Kimbrough",5,2128,2156,28,2,0,2
"2015-16","9629","Purdue","April Wilson|Ashley Morrissette|Bree Horrocks|Bridget Perry|Dominique McBryde",5,2128,2217,89,2,2,0
"2015-16","9629","Maryland","Brene Moseley|Brianna Fraser|Chloe Pavlech|Kiah Gillespie|Kiara Leslie",5,2156,2217,61,0,2,-2
"2015-16","9629","Purdue","Andreona Keys|Ashley Morrissette|Bree Horrocks|Dominique McBryde|Tiara Murphy",5,2217,2245,28,3,2,1
"2015-16","9629","Maryland","Brene Moseley|Brianna Fraser|Chloe Pavlech|Kiara Leslie|Malina Howard",5,2217,2278,61,2,6,-4
"2015-16","9629","Purdue","Andreona Keys|Ashley Morrissette|Dominique McBryde|Nora Kiesler|Tiara Murphy",5,2245,2324,79,6,3,3
"2015-16","9629","Maryland","A'Lexus Harrison|Brene Moseley|Brianna Fraser|Chloe Pavlech|Kiara Leslie",5,2278,2400,122,7,3,4
"2015-16","9629","Purdue","Andreona Keys|April Wilson|Ashley Morrissette|Dominique McBryde|Nora Kiesler",5,2324,2400,76,0,4,-4
"2015-16","9630","Northwestern","Ashley Deary|Christen Inman|Maggie Lyon|Nia Coffey|P. Kunaiyi-Akpanah",5,0,191,191,0,9,-9
"2015-16","9630","Maryland","Brionna Jones|Chloe Pavlech|Kristen Confroy|Malina Howard|S. Walker-Kimbrough",5,0,249,249,11,0,11
"2015-16","9630","Maryland","Brianna Fraser|Brionna Jones|Chloe Pavlech|Kristen Confroy|S. Walker-Kimbrough",5,249,371,122,5,3,2
"2015-16","9630","Northwestern","Christen Inman|Jordan Hankins|Maggie Lyon|Nia Coffey|P. Kunaiyi-Akpanah",5,191,371,180,3,7,-4
"2015-16","9630","Maryland","Brene Moseley|Brianna Fraser|Brionna Jones|Kiara Leslie|Tierney Pfirman",5,371,443,72,2,0,2
"2015-16","9630","Northwestern","Ashley Deary|Christen Inman|Jordan Hankins|Maggie Lyon|Nia Coffey",5,371,443,72,0,2,-2
"2015-16","9630","Maryland","Brene Moseley|Brionna Jones|Kiah Gillespie|Kiara Leslie|Tierney Pfirman",5,443,550,107,2,0,2
"2015-16","9630","Maryland","Brene Moseley|Kiah Gillespie|Kristen Confroy|Malina Howard|Tierney Pfirman",5,550,589,39,2,2,0
"2015-16","9630","Northwestern","Allie Tuttle|Ashley Deary|Christen Inman|Maggie Lyon|Nia Coffey",5,443,600,157,2,7,-5
"2015-16","9630","Maryland","Chloe Pavlech|Kiah Gillespie|Kristen Confroy|Malina Howard|Tierney Pfirman",5,589,600,11,3,0,3
"2015-16","9630","Maryland","Brionna Jones|Chloe Pavlech|Kristen Confroy|Malina Howard|S. Walker-Kimbrough",5,600,743,143,0,3,-3
"2015-16","9630","Maryland","Brianna Fraser|Brionna Jones|Chloe Pavlech|Kristen Confroy|Tierney Pfirman",5,743,825,82,0,3,-3
"2015-16","9630","Maryland","Brene Moseley|Brionna Jones|Kristen Confroy|S. Walker-Kimbrough|Tierney Pfirman",5,825,895,70,2,0,2
"2015-16","9630","Maryland","Brene Moseley|Brianna Fraser|Kiah Gillespie|Kristen Confroy|S. Walker-Kimbrough",5,895,924,29,0,1,-1
"2015-16","9630","Maryland","Brene Moseley|Brionna Jones|Kristen Confroy|S. Walker-Kimbrough|Tierney Pfirman",5,924,972,48,3,0,3
"2015-16","9630","Northwestern","Ashley Deary|Christen Inman|Maggie Lyon|Nia Coffey|P. Kunaiyi-Akpanah",5,600,1008,408,7,5,2
"2015-16","9630","Maryland","Brene Moseley|Brionna Jones|Kristen Confroy|Malina Howard|S. Walker-Kimbrough",5,972,1046,74,0,2,-2
"2015-16","9630","Maryland","Brene Moseley|Brianna Fraser|Kristen Confroy|Malina Howard|S. Walker-Kimbrough",5,1046,1093,47,3,2,1
"2015-16","9630","Maryland","Brene Moseley|Brianna Fraser|Kristen Confroy|S. Walker-Kimbrough|Tierney Pfirman",5,1093,1168,75,0,0,0
"2015-16","9630","Northwestern","Ashley Deary|Christen Inman|Lydia Rohde|Maggie Lyon|Nia Coffey",5,1008,1200,192,6,6,0
"2015-16","9630","Maryland","Brianna Fraser|Chloe Pavlech|Kristen Confroy|Malina Howard|S. Walker-Kimbrough",5,1168,1200,32,3,2,1
"2015-16","9630","Maryland","Brionna Jones|Chloe Pavlech|Kristen Confroy|Malina Howard|S. Walker-Kimbrough",5,1200,1284,84,7,4,3
"2015-16","9630","Maryland","Chloe Pavlech|Kristen Confroy|Malina Howard|S. Walker-Kimbrough|Tierney Pfirman",5,1284,1402,118,3,6,-3
"2015-16","9630","Maryland","Brene Moseley|Kristen Confroy|Malina Howard|S. Walker-Kimbrough|Tierney Pfirman",5,1402,1441,39,0,3,-3
"2015-16","9630","Maryland","Brene Moseley|Kiara Leslie|Malina Howard|S. Walker-Kimbrough|Tierney Pfirman",5,1441,1497,56,0,6,-6
"2015-16","9630","Maryland","Brene Moseley|Brionna Jones|Kristen Confroy|S. Walker-Kimbrough|Tierney Pfirman",5,1497,1665,168,7,4,3
"2015-16","9630","Northwestern","Ashley Deary|Christen Inman|Maggie Lyon|Nia Coffey|P. Kunaiyi-Akpanah",5,1200,1665,465,23,17,6
"2015-16","9630","Northwestern","Ashley Deary|Christen Inman|Lydia Rohde|Nia Coffey|P. Kunaiyi-Akpanah",5,1665,1682,17,0,1,-1
"2015-16","9630","Maryland","Brene Moseley|Kristen Confroy|Malina Howard|S. Walker-Kimbrough|Tierney Pfirman",5,1665,1726,61,1,2,-1
"2015-16","9630","Northwestern","Ashley Deary|Christen Inman|Lydia Rohde|Maggie Lyon|Nia Coffey",5,1682,1726,44,2,0,2
"2015-16","9630","Northwestern","Ashley Deary|Christen Inman|Lydia Rohde|Maggie Lyon|P. Kunaiyi-Akpanah",5,1726,1770,44,3,2,1
"2015-16","9630","Maryland","Brianna Fraser|Chloe Pavlech|Kristen Confroy|S. Walker-Kimbrough|Tierney Pfirman",5,1726,1788,62,2,3,-1
"2015-16","9630","Northwestern","Ashley Deary|Christen Inman|Lydia Rohde|Maggie Lyon|Nia Coffey",5,1770,1788,18,0,0,0
"2015-16","9630","Northwestern","Ashley Deary|Christen Inman|Lydia Rohde|Maggie Lyon|P. Kunaiyi-Akpanah",5,1788,1800,12,0,0,0
"2015-16","9630","Maryland","Brianna Fraser|Brionna Jones|Chloe Pavlech|Kristen Confroy|S. Walker-Kimbrough",5,1788,1800,12,0,0,0
"2015-16","9630","Maryland","Brianna Fraser|Brionna Jones|Chloe Pavlech|Kristen Confroy|S. Walker-Kimbrough",5,1800,1808,8,0,0,0
"2015-16","9630","Northwestern","Ashley Deary|Christen Inman|Maggie Lyon|Nia Coffey|P. Kunaiyi-Akpanah",5,1800,1810,10,0,0,0
"2015-16","9630","Maryland","Brene Moseley|Brianna Fraser|Brionna Jones|Kristen Confroy|S. Walker-Kimbrough",5,1808,1936,128,4,4,0
"2015-16","9630","Northwestern","Ashley Deary|Christen Inman|Lydia Rohde|Maggie Lyon|P. Kunaiyi-Akpanah",5,1810,1936,126,4,4,0
"2015-16","9630","Northwestern","Ashley Deary|Christen Inman|Maggie Lyon|Nia Coffey|P. Kunaiyi-Akpanah",5,1936,2026,90,6,5,1
"2015-16","9630","Maryland","Brene Moseley|Brionna Jones|Kristen Confroy|S. Walker-Kimbrough|Tierney Pfirman",5,1936,2197,261,11,12,-1
"2015-16","9630","Maryland","Brene Moseley|Brionna Jones|Malina Howard|S. Walker-Kimbrough|Tierney Pfirman",5,2197,2318,121,2,3,-1
"2015-16","9630","Northwestern","Ashley Deary|Christen Inman|Lydia Rohde|Maggie Lyon|P. Kunaiyi-Akpanah",5,2026,2318,292,9,8,1
"2015-16","9630","Maryland","Brene Moseley|Kristen Confroy|Malina Howard|S. Walker-Kimbrough|Tierney Pfirman",5,2318,2322,4,2,0,2
"2015-16","9630","Northwestern","Ashley Deary|Christen Inman|Christen Johnson|Lydia Rohde|Maggie Lyon",5,2318,2322,4,0,2,-2
"2015-16","9630","Northwestern","Ashley Deary|Christen Inman|Jordan Hankins|Lydia Rohde|Maggie Lyon",5,2322,2329,7,1,0,1
"2015-16","9630","Northwestern","Allie Tuttle|Ashley Deary|Christen Inman|Jordan Hankins|Maggie Lyon",5,2329,2340,11,0,2,-2
"2015-16","9630","Northwestern","Ashley Deary|Christen Inman|Jordan Hankins|Lydia Rohde|Maggie Lyon",5,2340,2366,26,4,1,3
"2015-16","9630","Northwestern","Ashley Deary|Christen Inman|Jordan Hankins|Maggie Lyon|P. Kunaiyi-Akpanah",5,2366,2370,4,0,1,-1
"2015-16","9630","Northwestern","Ashley Deary|Christen Inman|Jordan Hankins|Lydia Rohde|P. Kunaiyi-Akpanah",5,2370,2400,30,0,0,0
"2015-16","9630","Maryland","Brene Moseley|Chloe Pavlech|Kristen Confroy|Malina Howard|Tierney Pfirman",5,2322,2400,78,4,5,-1
"2015-16","9631","Maryland","Brionna Jones|Chloe Pavlech|Kristen Confroy|Malina Howard|S. Walker-Kimbrough",5,0,68,68,0,2,-2
"2015-16","9631","Michigan","Hallie Thome|Katelynn Flaherty|Kelsey Mitchell|Madison Ristovski|Siera Thompson",5,0,182,182,2,2,0
"2015-16","9631","Maryland","Brianna Fraser|Chloe Pavlech|Kristen Confroy|Malina Howard|S. Walker-Kimbrough",5,68,182,114,2,0,2
"2015-16","9631","Maryland","Brene Moseley|Brianna Fraser|Kristen Confroy|Malina Howard|S. Walker-Kimbrough",5,182,279,97,2,7,-5
"2015-16","9631","Maryland","Brene Moseley|Kiah Gillespie|Kristen Confroy|Malina Howard|Tierney Pfirman",5,279,314,35,0,0,0
"2015-16","9631","Michigan","Boogie Brozoski|Jillian Dunston|Katelynn Flaherty|Kelsey Mitchell|Siera Thompson",5,182,367,185,9,2,7
"2015-16","9631","Maryland","Chloe Pavlech|Kiah Gillespie|Kristen Confroy|Malina Howard|Tierney Pfirman",5,314,374,60,0,2,-2
"2015-16","9631","Michigan","Boogie Brozoski|Hallie Thome|Jillian Dunston|Katelynn Flaherty|Siera Thompson",5,367,413,46,0,2,-2
"2015-16","9631","Maryland","Chloe Pavlech|Kiah Gillespie|Kristen Confroy|S. Walker-Kimbrough|Tierney Pfirman",5,374,413,39,2,0,2
"2015-16","9631","Michigan","Boogie Brozoski|Hallie Thome|Jillian Dunston|Madison Ristovski|Siera Thompson",5,413,544,131,2,4,-2
"2015-16","9631","Maryland","Brionna Jones|Chloe Pavlech|Kristen Confroy|S. Walker-Kimbrough|Tierney Pfirman",5,413,544,131,4,2,2
"2015-16","9631","Maryland","Brianna Fraser|Chloe Pavlech|Kristen Confroy|Malina Howard|S. Walker-Kimbrough",5,544,600,56,0,2,-2
"2015-16","9631","Michigan","Hallie Thome|Jillian Dunston|Katelynn Flaherty|Madison Ristovski|Siera Thompson",5,544,600,56,2,0,2
"2015-16","9631","Maryland","Brene Moseley|Brionna Jones|Kristen Confroy|Malina Howard|S. Walker-Kimbrough",5,600,715,115,2,4,-2
"2015-16","9631","Michigan","Boogie Brozoski|Hallie Thome|Katelynn Flaherty|Madison Ristovski|Siera Thompson",5,600,774,174,6,4,2
"2015-16","9631","Michigan","Boogie Brozoski|Hallie Thome|Jillian Dunston|Katelynn Flaherty|Madison Ristovski",5,774,812,38,0,2,-2
"2015-16","9631","Michigan","Boogie Brozoski|Jillian Dunston|Katelynn Flaherty|Kelsey Mitchell|Madison Ristovski",5,812,863,51,0,2,-2
"2015-16","9631","Maryland","Brene Moseley|Brionna Jones|Kiara Leslie|Kristen Confroy|Malina Howard",5,715,863,148,6,2,4
"2015-16","9631","Michigan","Boogie Brozoski|Katelynn Flaherty|Kelsey Mitchell|Madison Ristovski|Siera Thompson",5,863,965,102,2,4,-2
"2015-16","9631","Maryland","Brene Moseley|Brianna Fraser|Kiara Leslie|Kristen Confroy|Tierney Pfirman",5,863,965,102,4,2,2
"2015-16","9631","Michigan","Katelynn Flaherty|Kelsey Mitchell|Madison Ristovski|Nicole Munger|Siera Thompson",5,965,1078,113,5,2,3
"2015-16","9631","Maryland","Brene Moseley|Brianna Fraser|Brionna Jones|Kiara Leslie|Kristen Confroy",5,965,1078,113,2,5,-3
"2015-16","9631","Michigan","Katelynn Flaherty|Kelsey Mitchell|Maria Backman|Nicole Munger|Siera Thompson",5,1078,1165,87,2,5,-3
"2015-16","9631","Maryland","Brene Moseley|Brionna Jones|Kiara Leslie|Kristen Confroy|Malina Howard",5,1078,1200,122,5,2,3
"2015-16","9631","Michigan","Jillian Dunston|Katelynn Flaherty|Kelsey Mitchell|Nicole Munger|Siera Thompson",5,1165,1200,35,0,0,0
"2015-16","9631","Michigan","Hallie Thome|Katelynn Flaherty|Kelsey Mitchell|Madison Ristovski|Siera Thompson",5,1200,1385,185,3,6,-3
"2015-16","9631","Michigan","Hallie Thome|Jillian Dunston|Katelynn Flaherty|Madison Ristovski|Siera Thompson",5,1385,1501,116,3,3,0
"2015-16","9631","Michigan","Boogie Brozoski|Hallie Thome|Jillian Dunston|Katelynn Flaherty|Siera Thompson",5,1501,1624,123,4,6,-2
"2015-16","9631","Maryland","Brionna Jones|Chloe Pavlech|Kristen Confroy|Malina Howard|S. Walker-Kimbrough",5,1200,1633,433,15,10,5
"2015-16","9631","Michigan","Boogie Brozoski|Jillian Dunston|Katelynn Flaherty|Kelsey Mitchell|Siera Thompson",5,1624,1672,48,0,3,-3
"2015-16","9631","Michigan","Boogie Brozoski|Katelynn Flaherty|Kelsey Mitchell|Madison Ristovski|Siera Thompson",5,1672,1734,62,0,2,-2
"2015-16","9631","Maryland","Brene Moseley|Brionna Jones|Kristen Confroy|S. Walker-Kimbrough|Tierney Pfirman",5,1633,1734,101,5,0,5
"2015-16","9631","Michigan","Boogie Brozoski|Hallie Thome|Katelynn Flaherty|Madison Ristovski|Siera Thompson",5,1734,1788,54,2,2,0
"2015-16","9631","Maryland","Brene Moseley|Kristen Confroy|Malina Howard|S. Walker-Kimbrough|Tierney Pfirman",5,1734,1800,66,2,2,0
"2015-16","9631","Michigan","Boogie Brozoski|Hallie Thome|Madison Ristovski|Nicole Munger|Siera Thompson",5,1788,1800,12,0,0,0
"2015-16","9631","Michigan","Boogie Brozoski|Hallie Thome|Madison Ristovski|Nicole Munger|Siera Thompson",5,1800,1899,99,2,3,-1
"2015-16","9631","Maryland","Brene Moseley|Kristen Confroy|Malina Howard|S. Walker-Kimbrough|Tierney Pfirman",5,1800,1899,99,3,2,1
"2015-16","9631","Michigan","Boogie Brozoski|Hallie Thome|Jillian Dunston|Madison Ristovski|Siera Thompson",5,1899,1971,72,0,2,-2
"2015-16","9631","Michigan","Boogie Brozoski|Jillian Dunston|Katelynn Flaherty|Kelsey Mitchell|Siera Thompson",5,1971,2007,36,0,0,0
"2015-16","9631","Michigan","Jillian Dunston|Katelynn Flaherty|Kelsey Mitchell|Nicole Munger|Siera Thompson",5,2007,2071,64,0,3,-3
"2015-16","9631","Maryland","Brene Moseley|Brionna Jones|Kristen Confroy|S. Walker-Kimbrough|Tierney Pfirman",5,1899,2071,172,5,0,5
"2015-16","9631","Maryland","Brene Moseley|Brionna Jones|Kiara Leslie|Kristen Confroy|Malina Howard",5,2071,2105,34,0,2,-2
"2015-16","9631","Michigan","Katelynn Flaherty|Kelsey Mitchell|Madison Ristovski|Nicole Munger|Siera Thompson",5,2071,2163,92,2,6,-4
"2015-16","9631","Michigan","Jillian Dunston|Katelynn Flaherty|Madison Ristovski|Nicole Munger|Siera Thompson",5,2163,2211,48,5,3,2
"2015-16","9631","Maryland","Brene Moseley|Brionna Jones|Kristen Confroy|Malina Howard|S. Walker-Kimbrough",5,2105,2211,106,9,5,4
"2015-16","9631","Michigan","Boogie Brozoski|Jillian Dunston|Katelynn Flaherty|Madison Ristovski|Siera Thompson",5,2211,2242,31,0,4,-4
"2015-16","9631","Maryland","Brene Moseley|Brionna Jones|Chloe Pavlech|Kiara Leslie|Kristen Confroy",5,2211,2333,122,6,2,4
"2015-16","9631","Michigan","Jillian Dunston|Katelynn Flaherty|Madison Ristovski|Nicole Munger|Siera Thompson",5,2242,2388,146,2,4,-2
"2015-16","9631","Maryland","Brene Moseley|Chloe Pavlech|Kiah Gillespie|Kiara Leslie|Kristen Confroy",5,2333,2400,67,2,3,-1
"2015-16","9631","Michigan","Danielle Williams|Jillian Dunston|Madison Ristovski|Maria Backman|Nicole Munger",5,2388,2400,12,3,0,3
"2015-16","9632","Rutgers","Briyona Canty|Kahleah Copper|Rachel Hollivay|Shrita Parker|Tyler Scaife",5,0,218,218,4,6,-2
"2015-16","9632","Maryland","Brionna Jones|Chloe Pavlech|Kristen Confroy|Malina Howard|S. Walker-Kimbrough",5,0,287,287,8,7,1
"2015-16","9632","Maryland","Brene Moseley|Brionna Jones|Kristen Confroy|S. Walker-Kimbrough|Tierney Pfirman",5,287,371,84,0,3,-3
"2015-16","9632","Maryland","Brene Moseley|Brionna Jones|Kristen Confroy|Malina Howard|S. Walker-Kimbrough|Tierney Pfirman",6,371,390,19,0,0,0
"2015-16","9632","Maryland","Brene Moseley|Brianna Fraser|Brionna Jones|Kristen Confroy|Malina Howard|Tierney Pfirman",6,390,497,107,4,0,4
"2015-16","9632","Rutgers","Kahleah Copper|Khadaizha Sanders|Rachel Hollivay|Shrita Parker|Tyler Scaife",5,218,497,279,6,6,0
"2015-16","9632","Rutgers","Aliyah Jeune|Kahleah Copper|Rachel Hollivay|Shrita Parker|Tyler Scaife",5,497,523,26,1,0,1
"2015-16","9632","Maryland","Brene Moseley|Brianna Fraser|Kristen Confroy|Malina Howard|S. Walker-Kimbrough|Tierney Pfirman",6,497,540,43,0,1,-1
"2015-16","9632","Rutgers","Aliyah Jeune|Ariel Butts|Kahleah Copper|Shrita Parker|Tyler Scaife",5,523,540,17,0,0,0
"2015-16","9632","Rutgers","Aliyah Jeune|Ariel Butts|Kahleah Copper|Khadaizha Sanders|Tyler Scaife",5,540,600,60,2,2,0
"2015-16","9632","Maryland","Brianna Fraser|Chloe Pavlech|Kiara Leslie|Kristen Confroy|Malina Howard|Tierney Pfirman",6,540,600,60,2,2,0
"2015-16","9632","Rutgers","Ariel Butts|Kahleah Copper|Khadaizha Sanders|Shrita Parker|Tyler Scaife",5,600,697,97,2,2,0
"2015-16","9632","Rutgers","Kahleah Copper|Khadaizha Sanders|Rachel Hollivay|Shrita Parker|Tyler Scaife",5,697,760,63,0,3,-3
"2015-16","9632","Maryland","Brene Moseley|Brionna Jones|Kristen Confroy|Malina Howard|S. Walker-Kimbrough",5,600,795,195,5,2,3
"2015-16","9632","Maryland","Brene Moseley|Kristen Confroy|Malina Howard|S. Walker-Kimbrough|Tierney Pfirman",5,795,921,126,3,2,1
"2015-16","9632","Rutgers","Aliyah Jeune|Kahleah Copper|Khadaizha Sanders|Rachel Hollivay|Shrita Parker",5,760,921,161,2,3,-1
"2015-16","9632","Rutgers","Aliyah Jeune|Kahleah Copper|Khadaizha Sanders|Rachel Hollivay|Tyler Scaife",5,921,999,78,0,4,-4
"2015-16","9632","Rutgers","Aliyah Jeune|Kahleah Copper|Rachel Hollivay|Shrita Parker|Tyler Scaife",5,999,1067,68,2,2,0
"2015-16","9632","Maryland","Brene Moseley|Brionna Jones|Kiah Gillespie|Kristen Confroy|S. Walker-Kimbrough",5,921,1123,202,8,4,4
"2015-16","9632","Rutgers","Ashli Jeune|Rachel Hollivay|Shrita Parker|Tyler Scaife|Victoria Harris",5,1067,1136,69,2,2,0
"2015-16","9632","Rutgers","Ashli Jeune|Desiree Keeling|Shrita Parker|Tyler Scaife|Victoria Harris",5,1136,1200,64,0,4,-4
"2015-16","9632","Maryland","Brene Moseley|Brionna Jones|Kiah Gillespie|Kristen Confroy|Tierney Pfirman",5,1123,1200,77,4,0,4
"2015-16","9632","Maryland","Brionna Jones|Chloe Pavlech|Kristen Confroy|Malina Howard|S. Walker-Kimbrough",5,1200,1526,326,11,9,2
"2015-16","9632","Rutgers","Briyona Canty|Kahleah Copper|Rachel Hollivay|Shrita Parker|Tyler Scaife",5,1200,1526,326,9,11,-2
"2015-16","9632","Rutgers","Ariel Butts|Kahleah Copper|Khadaizha Sanders|Shrita Parker|Tyler Scaife",5,1526,1560,34,0,0,0
"2015-16","9632","Maryland","Brene Moseley|Brionna Jones|Kiah Gillespie|Kristen Confroy|S. Walker-Kimbrough",5,1526,1635,109,2,2,0
"2015-16","9632","Rutgers","Ariel Butts|Briyona Canty|Kahleah Copper|Shrita Parker|Tyler Scaife",5,1560,1674,114,4,4,0
"2015-16","9632","Rutgers","Briyona Canty|Kahleah Copper|Shrita Parker|Tyler Scaife|Victoria Harris",5,1674,1762,88,4,4,0
"2015-16","9632","Rutgers","Aliyah Jeune|Briyona Canty|Rachel Hollivay|Shrita Parker|Tyler Scaife",5,1762,1800,38,0,3,-3
"2015-16","9632","Maryland","Brene Moseley|Kiah Gillespie|Kristen Confroy|Malina Howard|S. Walker-Kimbrough",5,1635,1800,165,9,6,3
"2015-16","9632","Rutgers","Aliyah Jeune|Briyona Canty|Rachel Hollivay|Shrita Parker|Tyler Scaife",5,1800,1916,116,2,2,0
"2015-16","9632","Maryland","Brene Moseley|Brionna Jones|Kiah Gillespie|Kristen Confroy|S. Walker-Kimbrough",5,1800,1986,186,4,3,1
"2015-16","9632","Rutgers","Kahleah Copper|Khadaizha Sanders|Rachel Hollivay|Shrita Parker|Tyler Scaife",5,1916,2023,107,3,5,-2
"2015-16","9632","Maryland","Brene Moseley|Brianna Fraser|Brionna Jones|S. Walker-Kimbrough|Tierney Pfirman",5,1986,2098,112,7,7,0
"2015-16","9632","Rutgers","Briyona Canty|Kahleah Copper|Rachel Hollivay|Shrita Parker|Tyler Scaife",5,2023,2098,75,5,4,1
"2015-16","9632","Rutgers","Aliyah Jeune|Briyona Canty|Kahleah Copper|Rachel Hollivay|Shrita Parker",5,2098,2144,46,0,0,0
"2015-16","9632","Rutgers","Ashli Jeune|Briyona Canty|Kahleah Copper|Rachel Hollivay|Shrita Parker",5,2144,2282,138,5,2,3
"2015-16","9632","Maryland","Brianna Fraser|Chloe Pavlech|Kiah Gillespie|Kiara Leslie|Tierney Pfirman",5,2098,2346,248,2,9,-7
"2015-16","9632","Maryland","A'Lexus Harrison|Aja Ellison|Brene Moseley|Chloe Pavlech|S. Walker-Kimbrough",5,2346,2386,40,4,2,2
"2015-16","9632","Rutgers","Briyona Canty|Kahleah Copper|Rachel Hollivay|Shrita Parker|Tyler Scaife",5,2282,2400,118,6,4,2
"2015-16","9632","Maryland","A'Lexus Harrison|Aja Ellison|Chloe Pavlech|Kristen Confroy|S. Walker-Kimbrough",5,2386,2400,14,0,0,0
"2015-16","9633","Wisconsin","Avyanna Young|Dakota Whyte|Michala Johnson|Nicole Bauman|Tessa Cichy",5,0,146,146,3,0,3
"2015-16","9633","Maryland","Brionna Jones|Chloe Pavlech|Kristen Confroy|Malina Howard|S. Walker-Kimbrough",5,0,146,146,0,3,-3
"2015-16","9633","Wisconsin","Avyanna Young|Cayla McMorris|Dakota Whyte|Nicole Bauman|Rosanna Gambino",5,146,309,163,9,7,2
"2015-16","9633","Wisconsin","Cayla McMorris|Michala Johnson|Nicole Bauman|Rosanna Gambino|Tessa Cichy",5,309,486,177,6,6,0
"2015-16","9633","Maryland","Brene Moseley|Brionna Jones|Kristen Confroy|S. Walker-Kimbrough|Tierney Pfirman",5,146,486,340,13,15,-2
"2015-16","9633","Maryland","Chloe Pavlech|Kiah Gillespie|Kristen Confroy|Malina Howard|S. Walker-Kimbrough",5,486,596,110,2,4,-2
"2015-16","9633","Maryland","Brene Moseley|Brionna Jones|Kristen Confroy|S. Walker-Kimbrough|Tierney Pfirman",5,596,600,4,0,0,0
"2015-16","9633","Wisconsin","Avyanna Young|Dakota Whyte|Michala Johnson|Nicole Bauman|Tessa Cichy",5,486,600,114,4,2,2
"2015-16","9633","Wisconsin","Avyanna Young|Cayla McMorris|Dakota Whyte|Michala Johnson|Tessa Cichy",5,600,715,115,0,5,-5
"2015-16","9633","Wisconsin","Avyanna Young|Cayla McMorris|Dakota Whyte|Michala Johnson|Nicole Bauman",5,715,813,98,0,3,-3
"2015-16","9633","Maryland","Brene Moseley|Brionna Jones|Kristen Confroy|S. Walker-Kimbrough|Tierney Pfirman",5,600,813,213,8,0,8
"2015-16","9633","Wisconsin","Avyanna Young|Dakota Whyte|Michala Johnson|Nicole Bauman|Tessa Cichy",5,813,850,37,2,2,0
"2015-16","9633","Maryland","Brene Moseley|Brianna Fraser|Kristen Confroy|Malina Howard|Tierney Pfirman",5,813,881,68,2,4,-2
"2015-16","9633","Maryland","Brene Moseley|Brianna Fraser|Kiara Leslie|Kristen Confroy|Malina Howard",5,881,906,25,0,0,0
"2015-16","9633","Wisconsin","Cayla McMorris|Dakota Whyte|Nicole Bauman|Rosanna Gambino|Tessa Cichy",5,850,978,128,4,2,2
"2015-16","9633","Maryland","Brene Moseley|Brionna Jones|Kiara Leslie|Kristen Confroy|Malina Howard",5,906,978,72,2,2,0
"2015-16","9633","Maryland","Brene Moseley|Brionna Jones|Kiara Leslie|Malina Howard|S. Walker-Kimbrough",5,978,1016,38,0,2,-2
"2015-16","9633","Wisconsin","Avyanna Young|Cayla McMorris|Michala Johnson|Nicole Bauman|Tessa Cichy",5,978,1051,73,4,3,1
"2015-16","9633","Maryland","Brene Moseley|Brionna Jones|Kiara Leslie|S. Walker-Kimbrough|Tierney Pfirman",5,1016,1051,35,3,2,1
"2015-16","9633","Wisconsin","Avyanna Young|Cayla McMorris|Dakota Whyte|Michala Johnson|Nicole Bauman",5,1051,1101,50,0,3,-3
"2015-16","9633","Maryland","Brene Moseley|Kiara Leslie|Malina Howard|S. Walker-Kimbrough|Tierney Pfirman",5,1051,1178,127,6,0,6
"2015-16","9633","Maryland","Brene Moseley|Kristen Confroy|Malina Howard|S. Walker-Kimbrough|Tierney Pfirman",5,1178,1200,22,0,0,0
"2015-16","9633","Maryland","Brionna Jones|Chloe Pavlech|Kristen Confroy|Malina Howard|S. Walker-Kimbrough",5,1200,1293,93,4,4,0
"2015-16","9633","Wisconsin","Avyanna Young|Dakota Whyte|Michala Johnson|Nicole Bauman|Tessa Cichy",5,1101,1383,282,12,12,0
"2015-16","9633","Wisconsin","Avyanna Young|Cayla McMorris|Dakota Whyte|Michala Johnson|Nicole Bauman",5,1383,1403,20,0,2,-2
"2015-16","9633","Maryland","Brene Moseley|Brionna Jones|Kristen Confroy|Malina Howard|S. Walker-Kimbrough",5,1293,1403,110,7,8,-1
"2015-16","9633","Wisconsin","Avyanna Young|Cayla McMorris|Dakota Whyte|Nicole Bauman|Rosanna Gambino",5,1403,1493,90,0,6,-6
"2015-16","9633","Maryland","Brene Moseley|Brionna Jones|Kristen Confroy|S. Walker-Kimbrough|Tierney Pfirman",5,1403,1493,90,6,0,6
"2015-16","9633","Maryland","Brene Moseley|Brianna Fraser|Kiah Gillespie|Kristen Confroy|Tierney Pfirman",5,1493,1562,69,2,0,2
"2015-16","9633","Wisconsin","Cayla McMorris|Dakota Whyte|Michala Johnson|Nicole Bauman|Tessa Cichy",5,1493,1598,105,0,2,-2
"2015-16","9633","Maryland","Brianna Fraser|Chloe Pavlech|Kiah Gillespie|Kristen Confroy|Tierney Pfirman",5,1562,1635,73,2,2,0
"2015-16","9633","Wisconsin","Avyanna Young|Cayla McMorris|Dakota Whyte|Michala Johnson|Tessa Cichy",5,1598,1650,52,2,2,0
"2015-16","9633","Maryland","Brianna Fraser|Brionna Jones|Chloe Pavlech|S. Walker-Kimbrough|Tierney Pfirman",5,1635,1650,15,0,0,0
"2015-16","9633","Wisconsin","Avyanna Young|Cayla McMorris|Michala Johnson|Nicole Bauman|Tessa Cichy",5,1650,1702,52,0,3,-3
"2015-16","9633","Maryland","Brionna Jones|Chloe Pavlech|Malina Howard|S. Walker-Kimbrough|Tierney Pfirman",5,1650,1702,52,3,0,3
"2015-16","9633","Maryland","Brene Moseley|Brionna Jones|Malina Howard|S. Walker-Kimbrough|Tierney Pfirman",5,1702,1776,74,3,5,-2
"2015-16","9633","Maryland","Brene Moseley|Brionna Jones|Kristen Confroy|Malina Howard|S. Walker-Kimbrough",5,1776,1800,24,0,0,0
"2015-16","9633","Maryland","Brene Moseley|Brionna Jones|Kristen Confroy|Malina Howard|S. Walker-Kimbrough",5,1800,1832,32,3,0,3
"2015-16","9633","Wisconsin","Avyanna Young|Dakota Whyte|Michala Johnson|Nicole Bauman|Tessa Cichy",5,1702,1865,163,5,8,-3
"2015-16","9633","Maryland","Brene Moseley|Brionna Jones|Kiah Gillespie|Kristen Confroy|S. Walker-Kimbrough",5,1832,1865,33,2,0,2
"2015-16","9633","Wisconsin","Cayla McMorris|Dakota Whyte|Michala Johnson|Nicole Bauman|Tessa Cichy",5,1865,1892,27,2,0,2
"2015-16","9633","Maryland","Brionna Jones|Chloe Pavlech|Kiah Gillespie|Kristen Confroy|S. Walker-Kimbrough",5,1865,1952,87,2,2,0
"2015-16","9633","Wisconsin","Avyanna Young|Cayla McMorris|Dakota Whyte|Michala Johnson|Nicole Bauman",5,1892,2058,166,0,6,-6
"2015-16","9633","Maryland","Brianna Fraser|Chloe Pavlech|Kiah Gillespie|Kristen Confroy|S. Walker-Kimbrough",5,1952,2058,106,4,0,4
"2015-16","9633","Wisconsin","Avyanna Young|Cayla McMorris|Dakota Whyte|Nicole Bauman|Tessa Cichy",5,2058,2104,46,2,2,0
"2015-16","9633","Maryland","Brianna Fraser|Chloe Pavlech|Kiah Gillespie|Kiara Leslie|Tierney Pfirman",5,2058,2104,46,2,2,0
"2015-16","9633","Wisconsin","Cayla McMorris|Dakota Whyte|Nicole Bauman|Rosanna Gambino|Tessa Cichy",5,2104,2181,77,5,0,5
"2015-16","9633","Maryland","A'Lexus Harrison|Brianna Fraser|Chloe Pavlech|Kiara Leslie|Tierney Pfirman",5,2104,2209,105,0,7,-7
"2015-16","9633","Maryland","A'Lexus Harrison|Chloe Pavlech|Kiara Leslie|Malina Howard|Tierney Pfirman",5,2209,2245,36,0,5,-5
"2015-16","9633","Maryland","Brionna Jones|Chloe Pavlech|Kristen Confroy|Malina Howard|S. Walker-Kimbrough",5,2245,2400,155,7,10,-3
"2015-16","9633","Wisconsin","Avyanna Young|Dakota Whyte|Michala Johnson|Nicole Bauman|Tessa Cichy",5,2181,2400,219,17,7,10
"2015-16","9634","Minnesota","Carlie Wagner|Karley Barnes|Mikayla Bailey|Rachel Banham|Shayne Mullaney",5,0,84,84,0,4,-4
"2015-16","9634","Maryland","Brene Moseley|Chloe Pavlech|Malina Howard|S. Walker-Kimbrough|Tierney Pfirman",5,0,128,128,6,2,4
"2015-16","9634","Minnesota","Carlie Wagner|Jessie Edwards|Joanna Hedstrom|Rachel Banham|Shayne Mullaney",5,84,200,116,5,8,-3
"2015-16","9634","Maryland","Brene Moseley|Brionna Jones|Chloe Pavlech|S. Walker-Kimbrough|Tierney Pfirman",5,128,200,72,6,3,3
"2015-16","9634","Minnesota","Allina Starr|Carlie Wagner|Jessie Edwards|Rachel Banham|Shayne Mullaney",5,200,271,71,2,0,2
"2015-16","9634","Maryland","Brene Moseley|Brionna Jones|Kristen Confroy|S. Walker-Kimbrough|Tierney Pfirman",5,200,271,71,0,2,-2
"2015-16","9634","Minnesota","Allina Starr|Carlie Wagner|Jessie Edwards|Mikayla Bailey|Rachel Banham",5,271,302,31,0,2,-2
"2015-16","9634","Minnesota","Allina Starr|Carlie Wagner|Karley Barnes|Mikayla Bailey|Rachel Banham",5,302,356,54,0,2,-2
"2015-16","9634","Maryland","Brene Moseley|Brionna Jones|Chloe Pavlech|S. Walker-Kimbrough|Tierney Pfirman",5,271,356,85,4,0,4
"2015-16","9634","Maryland","Brene Moseley|Brianna Fraser|Brionna Jones|Chloe Pavlech|S. Walker-Kimbrough",5,356,375,19,0,0,0
"2015-16","9634","Minnesota","Carlie Wagner|Joanna Hedstrom|Karley Barnes|Rachel Banham|Shayne Mullaney",5,356,399,43,0,0,0
"2015-16","9634","Maryland","Brene Moseley|Brianna Fraser|Brionna Jones|Kristen Confroy|S. Walker-Kimbrough",5,375,419,44,0,1,-1
"2015-16","9634","Maryland","Brene Moseley|Brianna Fraser|Kristen Confroy|Malina Howard|S. Walker-Kimbrough",5,419,442,23,0,1,-1
"2015-16","9634","Minnesota","Carlie Wagner|Jessie Edwards|Joanna Hedstrom|Rachel Banham|Shayne Mullaney",5,399,454,55,2,3,-1
"2015-16","9634","Minnesota","Carlie Wagner|Joanna Hedstrom|Karley Barnes|Rachel Banham|Shayne Mullaney",5,454,536,82,8,4,4
"2015-16","9634","Maryland","Brene Moseley|Brianna Fraser|Kristen Confroy|S. Walker-Kimbrough|Tierney Pfirman",5,442,536,94,7,8,-1
"2015-16","9634","Maryland","Brene Moseley|Kiah Gillespie|Kristen Confroy|S. Walker-Kimbrough|Tierney Pfirman",5,536,599,63,2,2,0
"2015-16","9634","Maryland","Chloe Pavlech|Kiah Gillespie|Kiara Leslie|Kristen Confroy|Tierney Pfirman",5,599,600,1,0,0,0
"2015-16","9634","Minnesota","Allina Starr|Carlie Wagner|Jessie Edwards|Mikayla Bailey|Shayne Mullaney",5,536,600,64,2,2,0
"2015-16","9634","Maryland","Brionna Jones|Chloe Pavlech|Kiah Gillespie|Kristen Confroy|S. Walker-Kimbrough",5,600,722,122,0,2,-2
"2015-16","9634","Minnesota","Allina Starr|Carlie Wagner|Jessie Edwards|Mikayla Bailey|Shayne Mullaney",5,600,791,191,4,5,-1
"2015-16","9634","Minnesota","Allina Starr|Carlie Wagner|Karley Barnes|Mikayla Bailey|Shayne Mullaney",5,791,815,24,0,2,-2
"2015-16","9634","Minnesota","Carlie Wagner|Jessie Edwards|Joanna Hedstrom|Mikayla Bailey|Shayne Mullaney",5,815,892,77,2,5,-3
"2015-16","9634","Maryland","Brene Moseley|Brionna Jones|Chloe Pavlech|Kristen Confroy|Tierney Pfirman",5,722,892,170,12,4,8
"2015-16","9634","Minnesota","Carlie Wagner|Joanna Hedstrom|Karley Barnes|Mikayla Bailey|Shayne Mullaney",5,892,916,24,0,0,0
"2015-16","9634","Maryland","Brianna Fraser|Chloe Pavlech|Kiah Gillespie|Kristen Confroy|S. Walker-Kimbrough",5,892,916,24,0,0,0
"2015-16","9634","Maryland","Brionna Jones|Chloe Pavlech|Kiah Gillespie|Kristen Confroy|S. Walker-Kimbrough",5,916,1049,133,8,7,1
"2015-16","9634","Minnesota","Carlie Wagner|Joanna Hedstrom|Karley Barnes|Rachel Banham|Shayne Mullaney",5,916,1134,218,9,15,-6
"2015-16","9634","Maryland","Brene Moseley|Brionna Jones|Chloe Pavlech|S. Walker-Kimbrough|Tierney Pfirman",5,1049,1188,139,7,2,5
"2015-16","9634","Maryland","Brianna Fraser|Brionna Jones|Chloe Pavlech|Kiara Leslie|Kristen Confroy",5,1188,1200,12,0,0,0
"2015-16","9634","Minnesota","Allina Starr|Carlie Wagner|Karley Barnes|Mikayla Bailey|Shayne Mullaney",5,1134,1200,66,0,0,0
"2015-16","9634","Minnesota","Carlie Wagner|Jessie Edwards|Joanna Hedstrom|Rachel Banham|Shayne Mullaney",5,1200,1387,187,7,6,1
"2015-16","9634","Minnesota","Carlie Wagner|Joanna Hedstrom|Karley Barnes|Rachel Banham|Shayne Mullaney",5,1387,1421,34,0,6,-6
"2015-16","9634","Minnesota","Allina Starr|Carlie Wagner|Karley Barnes|Mikayla Bailey|Rachel Banham",5,1421,1467,46,0,2,-2
"2015-16","9634","Maryland","Brionna Jones|Chloe Pavlech|Kristen Confroy|Malina Howard|S. Walker-Kimbrough",5,1200,1467,267,14,7,7
"2015-16","9634","Minnesota","Carlie Wagner|Jessie Edwards|Joanna Hedstrom|Mikayla Bailey|Rachel Banham",5,1467,1607,140,8,6,2
"2015-16","9634","Minnesota","Carlie Wagner|Jessie Edwards|Joanna Hedstrom|Rachel Banham|Shayne Mullaney",5,1607,1624,17,0,0,0
"2015-16","9634","Maryland","Brionna Jones|Chloe Pavlech|Kristen Confroy|S. Walker-Kimbrough|Tierney Pfirman",5,1467,1624,157,6,8,-2
"2015-16","9634","Minnesota","Carlie Wagner|Joanna Hedstrom|Karley Barnes|Rachel Banham|Shayne Mullaney",5,1624,1739,115,3,10,-7
"2015-16","9634","Maryland","Brene Moseley|Brionna Jones|Kristen Confroy|S. Walker-Kimbrough|Tierney Pfirman",5,1624,1739,115,10,3,7
"2015-16","9634","Maryland","Brene Moseley|Kiah Gillespie|Kristen Confroy|Malina Howard|S. Walker-Kimbrough",5,1739,1783,44,0,2,-2
"2015-16","9634","Maryland","Brene Moseley|Brianna Fraser|Kristen Confroy|Malina Howard|S. Walker-Kimbrough",5,1783,1800,17,0,0,0
"2015-16","9634","Minnesota","Carlie Wagner|Jessie Edwards|Joanna Hedstrom|Rachel Banham|Shayne Mullaney",5,1739,1800,61,2,0,2
"2015-16","9634","Minnesota","Carlie Wagner|Jessie Edwards|Joanna Hedstrom|Rachel Banham|Shayne Mullaney",5,1800,1877,77,2,5,-3
"2015-16","9634","Minnesota","Carlie Wagner|Joanna Hedstrom|Karley Barnes|Rachel Banham|Shayne Mullaney",5,1877,2013,136,5,7,-2
"2015-16","9634","Maryland","Brionna Jones|Chloe Pavlech|Kristen Confroy|Malina Howard|S. Walker-Kimbrough",5,1800,2013,213,12,7,5
"2015-16","9634","Minnesota","Carlie Wagner|Jessie Edwards|Joanna Hedstrom|Mikayla Bailey|Rachel Banham",5,2013,2105,92,0,4,-4
"2015-16","9634","Maryland","Brene Moseley|Chloe Pavlech|Malina Howard|S. Walker-Kimbrough|Tierney Pfirman",5,2013,2105,92,4,0,4
"2015-16","9634","Maryland","Brene Moseley|Kristen Confroy|Malina Howard|S. Walker-Kimbrough|Tierney Pfirman",5,2105,2156,51,2,3,-1
"2015-16","9634","Minnesota","Allina Starr|Carlie Wagner|Jessie Edwards|Rachel Banham|Shayne Mullaney",5,2105,2174,69,3,2,1
"2015-16","9634","Minnesota","Carlie Wagner|Jessie Edwards|Joanna Hedstrom|Rachel Banham|Shayne Mullaney",5,2174,2240,66,0,4,-4
"2015-16","9634","Maryland","Brene Moseley|Chloe Pavlech|Kristen Confroy|Malina Howard|Tierney Pfirman",5,2156,2287,131,6,2,4
"2015-16","9634","Maryland","Brianna Fraser|Kiah Gillespie|Kiara Leslie|Kristen Confroy|S. Walker-Kimbrough",5,2287,2302,15,0,2,-2
"2015-16","9634","Maryland","A'Lexus Harrison|Brianna Fraser|Kiah Gillespie|Kiara Leslie|Kristen Confroy",5,2302,2400,98,4,9,-5
"2015-16","9634","Minnesota","Carlie Wagner|Joanna Hedstrom|Karley Barnes|Mikayla Bailey|Shayne Mullaney",5,2240,2400,160,13,6,7
"2015-16","9635","Iowa","Ally Disterhoft|Chase Coley|Megan Gustafson|Tania Davis|Whitney Jennings",5,0,221,221,7,7,0
"2015-16","9635","Maryland","Brionna Jones|Chloe Pavlech|Kristen Confroy|Malina Howard|S. Walker-Kimbrough",5,0,221,221,7,7,0
"2015-16","9635","Maryland","Brene Moseley|Brionna Jones|Kristen Confroy|S. Walker-Kimbrough|Tierney Pfirman",5,221,288,67,5,3,2
"2015-16","9635","Maryland","Brene Moseley|Chloe Pavlech|Kristen Confroy|Malina Howard|Tierney Pfirman",5,288,303,15,0,0,0
"2015-16","9635","Maryland","Chloe Pavlech|Kristen Confroy|Malina Howard|S. Walker-Kimbrough|Tierney Pfirman",5,303,324,21,0,2,-2
"2015-16","9635","Iowa","Ally Disterhoft|Chase Coley|Kali Peschel|Megan Gustafson|Tania Davis|Whitney Jennings",6,221,502,281,14,9,5
"2015-16","9635","Maryland","Brionna Jones|Chloe Pavlech|Kristen Confroy|S. Walker-Kimbrough|Tierney Pfirman",5,324,502,178,4,9,-5
"2015-16","9635","Iowa","Ally Disterhoft|Chase Coley|Christina Buttenham|Kali Peschel|Megan Gustafson|Whitney Jennings",6,502,517,15,2,0,2
"2015-16","9635","Iowa","Ally Disterhoft|Christina Buttenham|Kali Peschel|Megan Gustafson|Whitney Jennings",5,517,534,17,0,0,0
"2015-16","9635","Maryland","Brianna Fraser|Brionna Jones|Chloe Pavlech|Kristen Confroy|S. Walker-Kimbrough",5,502,534,32,0,2,-2
"2015-16","9635","Maryland","Brianna Fraser|Brionna Jones|Chloe Pavlech|Kiara Leslie|S. Walker-Kimbrough",5,534,599,65,2,5,-3
"2015-16","9635","Maryland","Brionna Jones|Chloe Pavlech|Kiara Leslie|Malina Howard|S. Walker-Kimbrough",5,599,600,1,0,0,0
"2015-16","9635","Iowa","Ally Disterhoft|Christina Buttenham|Kali Peschel|Megan Gustafson|Tania Davis",5,534,600,66,5,2,3
"2015-16","9635","Iowa","Hannah Stewart|Kali Peschel|Tania Davis|Whitney Jennings",4,600,603,3,0,0,0
"2015-16","9635","Maryland","Brene Moseley|Brionna Jones|Kristen Confroy|Malina Howard|S. Walker-Kimbrough",5,600,658,58,0,0,0
"2015-16","9635","Iowa","Ally Disterhoft|Kali Peschel|Megan Gustafson|Tania Davis|Whitney Jennings",5,603,708,105,0,2,-2
"2015-16","9635","Maryland","Brene Moseley|Brionna Jones|Kristen Confroy|S. Walker-Kimbrough|Tierney Pfirman",5,658,837,179,8,0,8
"2015-16","9635","Iowa","Ally Disterhoft|Chase Coley|Megan Gustafson|Tania Davis|Whitney Jennings",5,708,967,259,2,12,-10
"2015-16","9635","Iowa","Ally Disterhoft|Kali Peschel|Megan Gustafson|Tania Davis|Whitney Jennings",5,967,1018,51,2,5,-3
"2015-16","9635","Maryland","Brene Moseley|Brionna Jones|Chloe Pavlech|S. Walker-Kimbrough|Tierney Pfirman",5,837,1048,211,11,4,7
"2015-16","9635","Iowa","Ally Disterhoft|Chase Coley|Kali Peschel|Tania Davis|Whitney Jennings",5,1018,1096,78,0,0,0
"2015-16","9635","Maryland","Brene Moseley|Chloe Pavlech|Kiah Gillespie|S. Walker-Kimbrough|Tierney Pfirman",5,1048,1096,48,0,0,0
"2015-16","9635","Maryland","Brene Moseley|Chloe Pavlech|Kiah Gillespie|Kiara Leslie|S. Walker-Kimbrough",5,1096,1200,104,2,0,2
"2015-16","9635","Iowa","Alexa Kastanek|Ally Disterhoft|Chase Coley|Kali Peschel|Whitney Jennings",5,1096,1200,104,0,2,-2
"2015-16","9635","Maryland","Brionna Jones|Chloe Pavlech|Kristen Confroy|Malina Howard|S. Walker-Kimbrough",5,1200,1273,73,2,3,-1
"2015-16","9635","Iowa","Ally Disterhoft|Chase Coley|Megan Gustafson|Tania Davis|Whitney Jennings",5,1200,1289,89,3,2,1
"2015-16","9635","Iowa","Ally Disterhoft|Kali Peschel|Megan Gustafson|Tania Davis|Whitney Jennings",5,1289,1377,88,2,4,-2
"2015-16","9635","Maryland","Brionna Jones|Chloe Pavlech|Kristen Confroy|S. Walker-Kimbrough|Tierney Pfirman",5,1273,1377,104,4,2,2
"2015-16","9635","Iowa","Ally Disterhoft|Chase Coley|Kali Peschel|Tania Davis|Whitney Jennings",5,1377,1444,67,0,1,-1
"2015-16","9635","Maryland","Brene Moseley|Brionna Jones|Kristen Confroy|S. Walker-Kimbrough|Tierney Pfirman",5,1377,1480,103,1,2,-1
"2015-16","9635","Iowa","Ally Disterhoft|Chase Coley|Christina Buttenham|Tania Davis|Whitney Jennings",5,1444,1505,61,4,2,2
"2015-16","9635","Maryland","Chloe Pavlech|Kristen Confroy|Malina Howard|S. Walker-Kimbrough|Tierney Pfirman",5,1480,1505,25,2,2,0
"2015-16","9635","Iowa","Ally Disterhoft|Christina Buttenham|Megan Gustafson|Tania Davis|Whitney Jennings",5,1505,1631,126,0,6,-6
"2015-16","9635","Iowa","Ally Disterhoft|Kali Peschel|Megan Gustafson|Tania Davis|Whitney Jennings",5,1631,1694,63,0,1,-1
"2015-16","9635","Maryland","Brionna Jones|Chloe Pavlech|Kristen Confroy|Malina Howard|S. Walker-Kimbrough",5,1505,1694,189,7,0,7
"2015-16","9635","Iowa","Alexa Kastanek|Ally Disterhoft|Kali Peschel|Megan Gustafson|Whitney Jennings",5,1694,1754,60,3,2,1
"2015-16","9635","Maryland","Chloe Pavlech|Kristen Confroy|Malina Howard|S. Walker-Kimbrough|Tierney Pfirman",5,1694,1754,60,2,3,-1
"2015-16","9635","Maryland","Brene Moseley|Brionna Jones|Chloe Pavlech|Kristen Confroy|Malina Howard",5,1754,1800,46,0,3,-3
"2015-16","9635","Iowa","Alexa Kastanek|Ally Disterhoft|Chase Coley|Megan Gustafson|Whitney Jennings",5,1754,1800,46,3,0,3
"2015-16","9635","Iowa","Alexa Kastanek|Ally Disterhoft|Megan Gustafson|Tania Davis|Whitney Jennings",5,1800,1950,150,3,2,1
"2015-16","9635","Iowa","Alexa Kastanek|Ally Disterhoft|Chase Coley|Tania Davis|Whitney Jennings",5,1950,2073,123,3,4,-1
"2015-16","9635","Iowa","Ally Disterhoft|Chase Coley|Kali Peschel|Tania Davis|Whitney Jennings",5,2073,2108,35,0,3,-3
"2015-16","9635","Maryland","Brionna Jones|Chloe Pavlech|Kristen Confroy|S. Walker-Kimbrough|Tierney Pfirman",5,1800,2108,308,9,6,3
"2015-16","9635","Iowa","Ally Disterhoft|Kali Peschel|Megan Gustafson|Tania Davis|Whitney Jennings",5,2108,2147,39,0,0,0
"2015-16","9635","Iowa","Ally Disterhoft|Chase Coley|Megan Gustafson|Tania Davis|Whitney Jennings",5,2147,2210,63,0,3,-3
"2015-16","9635","Iowa","Ally Disterhoft|Chase Coley|Kali Peschel|Tania Davis|Whitney Jennings",5,2210,2300,90,2,4,-2
"2015-16","9635","Maryland","Brionna Jones|Chloe Pavlech|Kristen Confroy|Malina Howard|S. Walker-Kimbrough",5,2108,2300,192,7,2,5
"2015-16","9635","Maryland","Brene Moseley|Chloe Pavlech|Kiah Gillespie|Kristen Confroy|Malina Howard",5,2300,2327,27,2,0,2
"2015-16","9635","Maryland","Brene Moseley|Kiah Gillespie|Kiara Leslie|Kristen Confroy|Malina Howard",5,2327,2400,73,0,0,0
"2015-16","9635","Iowa","Ally Disterhoft|Chase Coley|Hannah Stewart|Tania Davis|Whitney Jennings",5,2300,2400,100,0,2,-2
"2015-16","9636","Northwestern","Ashley Deary|Christen Inman|Lydia Rohde|Nia Coffey|P. Kunaiyi-Akpanah",5,0,210,210,5,7,-2
"2015-16","9636","Maryland","Brionna Jones|Chloe Pavlech|Kristen Confroy|Malina Howard|S. Walker-Kimbrough",5,0,210,210,7,5,2
"2015-16","9636","Maryland","Brionna Jones|Chloe Pavlech|Kristen Confroy|S. Walker-Kimbrough|Tierney Pfirman",5,210,222,12,0,0,0
"2015-16","9636","Maryland","Brene Moseley|Brionna Jones|Kristen Confroy|S. Walker-Kimbrough|Tierney Pfirman",5,222,280,58,2,3,-1
"2015-16","9636","Northwestern","Ashley Deary|Christen Inman|Jordan Hankins|Nia Coffey|P. Kunaiyi-Akpanah",5,210,302,92,3,4,-1
"2015-16","9636","Maryland","Brene Moseley|Brianna Fraser|Kristen Confroy|S. Walker-Kimbrough|Tierney Pfirman",5,280,347,67,5,0,5
"2015-16","9636","Northwestern","Allie Tuttle|Ashley Deary|Christen Inman|Jordan Hankins|Nia Coffey",5,302,392,90,0,8,-8
"2015-16","9636","Northwestern","Ashley Deary|Christen Inman|Jordan Hankins|Nia Coffey|P. Kunaiyi-Akpanah",5,392,556,164,6,5,1
"2015-16","9636","Maryland","Brene Moseley|Brionna Jones|Kristen Confroy|S. Walker-Kimbrough|Tierney Pfirman",5,347,556,209,10,6,4
"2015-16","9636","Northwestern","Ashley Deary|Christen Inman|Lydia Rohde|Nia Coffey|P. Kunaiyi-Akpanah",5,556,595,39,0,1,-1
"2015-16","9636","Maryland","Chloe Pavlech|Kiah Gillespie|Kristen Confroy|Malina Howard|S. Walker-Kimbrough",5,556,595,39,1,0,1
"2015-16","9636","Maryland","Chloe Pavlech|Kiah Gillespie|Kiara Leslie|Kristen Confroy|Malina Howard",5,595,600,5,0,0,0
"2015-16","9636","Northwestern","Ashley Deary|Jordan Hankins|Lydia Rohde|Nia Coffey|P. Kunaiyi-Akpanah",5,595,600,5,0,0,0
"2015-16","9636","Maryland","Brionna Jones|Chloe Pavlech|Kristen Confroy|Malina Howard|S. Walker-Kimbrough",5,600,648,48,0,0,0
"2015-16","9636","Northwestern","Ashley Deary|Jordan Hankins|Lydia Rohde|Nia Coffey",4,600,720,120,0,4,-4
"2015-16","9636","Maryland","Brionna Jones|Chloe Pavlech|Kristen Confroy|S. Walker-Kimbrough|Tierney Pfirman",5,648,840,192,6,6,0
"2015-16","9636","Northwestern","Allie Tuttle|Amber Jamison|Jordan Hankins|Lydia Rohde|Nia Coffey",5,720,911,191,8,2,6
"2015-16","9636","Maryland","Brene Moseley|Brionna Jones|Chloe Pavlech|Kiah Gillespie|S. Walker-Kimbrough",5,840,911,71,0,2,-2
"2015-16","9636","Maryland","Brene Moseley|Brionna Jones|Chloe Pavlech|Malina Howard|S. Walker-Kimbrough",5,911,961,50,0,2,-2
"2015-16","9636","Northwestern","Allie Tuttle|Amber Jamison|Ashley Deary|Jordan Hankins|Lydia Rohde|Nia Coffey",6,911,1104,193,6,6,0
"2015-16","9636","Northwestern","Amber Jamison|Ashley Deary|Jordan Hankins|Lydia Rohde|Nia Coffey|P. Kunaiyi-Akpanah",6,1104,1132,28,2,0,2
"2015-16","9636","Northwestern","Ashley Deary|Jordan Hankins|Lydia Rohde|Nia Coffey|P. Kunaiyi-Akpanah",5,1132,1178,46,0,0,0
"2015-16","9636","Maryland","Brene Moseley|Brionna Jones|Kristen Confroy|Malina Howard|S. Walker-Kimbrough",5,961,1178,217,6,6,0
"2015-16","9636","Maryland","Brene Moseley|Brionna Jones|Kristen Confroy|S. Walker-Kimbrough|Tierney Pfirman",5,1178,1200,22,0,0,0
"2015-16","9636","Northwestern","Amber Jamison|Jordan Hankins|Lydia Rohde|Nia Coffey|P. Kunaiyi-Akpanah",5,1178,1200,22,0,0,0
"2015-16","9636","Maryland","Brionna Jones|Chloe Pavlech|Kristen Confroy|Malina Howard|S. Walker-Kimbrough",5,1200,1344,144,6,2,4
"2015-16","9636","Northwestern","Ashley Deary|Christen Inman|Lydia Rohde|Nia Coffey|P. Kunaiyi-Akpanah",5,1200,1415,215,4,9,-5
"2015-16","9636","Northwestern","Allie Tuttle|Ashley Deary|Christen Inman|Lydia Rohde|Nia Coffey",5,1415,1496,81,2,4,-2
"2015-16","9636","Maryland","Brionna Jones|Chloe Pavlech|Kristen Confroy|S. Walker-Kimbrough|Tierney Pfirman",5,1344,1496,152,7,4,3
"2015-16","9636","Maryland","Brene Moseley|Brianna Fraser|Kristen Confroy|S. Walker-Kimbrough|Tierney Pfirman",5,1496,1661,165,5,5,0
"2015-16","9636","Maryland","Brene Moseley|Brionna Jones|Kristen Confroy|S. Walker-Kimbrough|Tierney Pfirman",5,1661,1744,83,4,3,1
"2015-16","9636","Northwestern","Allie Tuttle|Ashley Deary|Christen Inman|Jordan Hankins|Nia Coffey",5,1496,1800,304,10,9,1
"2015-16","9636","Maryland","Brionna Jones|Chloe Pavlech|Kristen Confroy|Malina Howard|S. Walker-Kimbrough",5,1744,1800,56,0,2,-2
"2015-16","9636","Maryland","Brionna Jones|Chloe Pavlech|Kristen Confroy|S. Walker-Kimbrough|Tierney Pfirman",5,1800,1874,74,0,0,0
"2015-16","9636","Northwestern","Allie Tuttle|Ashley Deary|Christen Inman|Jordan Hankins|Nia Coffey",5,1800,1937,137,2,4,-2
"2015-16","9636","Northwestern","Ashley Deary|Christen Inman|Jordan Hankins|Lydia Rohde|Nia Coffey",5,1937,1989,52,0,3,-3
"2015-16","9636","Maryland","Brene Moseley|Brionna Jones|Kristen Confroy|S. Walker-Kimbrough|Tierney Pfirman",5,1874,2040,166,12,2,10
"2015-16","9636","Northwestern","Allie Tuttle|Ashley Deary|Christen Inman|Jordan Hankins|Nia Coffey",5,1989,2052,63,3,5,-2
"2015-16","9636","Maryland","Brene Moseley|Brianna Fraser|Kristen Confroy|S. Walker-Kimbrough|Tierney Pfirman",5,2040,2087,47,2,5,-3
"2015-16","9636","Northwestern","Ashley Deary|Christen Inman|Jordan Hankins|Nia Coffey|P. Kunaiyi-Akpanah",5,2052,2191,139,4,4,0
"2015-16","9636","Maryland","Brene Moseley|Kristen Confroy|Malina Howard|S. Walker-Kimbrough|Tierney Pfirman",5,2087,2228,141,2,2,0
"2015-16","9636","Northwestern","Allie Tuttle|Ashley Deary|Christen Inman|Jordan Hankins|Nia Coffey",5,2191,2283,92,2,4,-2
"2015-16","9636","Maryland","Brene Moseley|Kiah Gillespie|Kristen Confroy|Malina Howard|S. Walker-Kimbrough",5,2228,2283,55,4,2,2
"2015-16","9636","Northwestern","Allie Tuttle|Amber Jamison|Ashley Deary|Jordan Hankins|Nia Coffey",5,2283,2318,35,3,2,1
"2015-16","9636","Maryland","Brene Moseley|Kiah Gillespie|Kiara Leslie|Kristen Confroy|Malina Howard",5,2283,2318,35,2,3,-1
"2015-16","9636","Maryland","A'Lexus Harrison|Brene Moseley|Kiah Gillespie|Kiara Leslie|Malina Howard",5,2318,2400,82,2,2,0
"2015-16","9636","Northwestern","Allie Tuttle|Amber Jamison|Christen Johnson|Jordan Hankins|Nof Kedem",5,2318,2400,82,2,2,0
"2015-16","9637","Maryland","Brionna Jones|Chloe Pavlech|Kristen Confroy|Malina Howard|S. Walker-Kimbrough",5,0,230,230,5,4,1
"2015-16","9637","Michigan State","Aerial Powers|Akyah Taylor|Branndais Agee|Jasmine Hines|Tori Jankoska",5,0,299,299,6,5,1
"2015-16","9637","Michigan State","Aerial Powers|Branndais Agee|Jasmine Hines|Jenna Allen|Tori Jankoska",5,299,399,100,4,2,2
"2015-16","9637","Maryland","Brene Moseley|Brionna Jones|Kristen Confroy|S. Walker-Kimbrough|Tierney Pfirman",5,230,399,169,2,6,-4
"2015-16","9637","Michigan State","Aerial Powers|Branndais Agee|Jasmine Hines|Kennedy Johnson|Tori Jankoska",5,399,466,67,2,3,-1
"2015-16","9637","Maryland","Brene Moseley|Brionna Jones|Chloe Pavlech|S. Walker-Kimbrough",4,399,476,77,3,2,1
"2015-16","9637","Michigan State","Aerial Powers|Jasmine Hines|Kennedy Johnson|Morgan Green|Tori Jankoska",5,466,508,42,0,1,-1
"2015-16","9637","Maryland","Brene Moseley|Brionna Jones|Chloe Pavlech|Kristen Confroy",4,476,508,32,1,0,1
"2015-16","9637","Maryland","Brene Moseley|Chloe Pavlech|Kristen Confroy|Tierney Pfirman",4,508,551,43,0,2,-2
"2015-16","9637","Michigan State","Aerial Powers|Jenna Allen|Kennedy Johnson|Morgan Green|Tori Jankoska",5,508,574,66,2,1,1
"2015-16","9637","Maryland","Chloe Pavlech|Kristen Confroy|S. Walker-Kimbrough|Tierney Pfirman",4,551,588,37,1,0,1
"2015-16","9637","Maryland","Brene Moseley|Brionna Jones|Kristen Confroy|S. Walker-Kimbrough|Tierney Pfirman",5,588,600,12,0,0,0
"2015-16","9637","Michigan State","Aerial Powers|Branndais Agee|Jenna Allen|Kennedy Johnson|Morgan Green",5,574,600,26,0,0,0
"2015-16","9637","Michigan State","Aerial Powers|Branndais Agee|Jenna Allen|Kennedy Johnson|Morgan Green",5,600,640,40,0,1,-1
"2015-16","9637","Michigan State","Branndais Agee|Jenna Allen|Kennedy Johnson|Morgan Green|Tori Jankoska",5,640,772,132,3,3,0
"2015-16","9637","Maryland","Brene Moseley|Brionna Jones|Kristen Confroy|S. Walker-Kimbrough|Tierney Pfirman",5,600,772,172,4,3,1
"2015-16","9637","Michigan State","Akyah Taylor|Branndais Agee|Jenna Allen|Morgan Green|Tori Jankoska",5,772,915,143,2,5,-3
"2015-16","9637","Maryland","Brionna Jones|Chloe Pavlech|Kristen Confroy|Malina Howard|S. Walker-Kimbrough",5,772,1011,239,5,4,1
"2015-16","9637","Maryland","Brene Moseley|Brionna Jones|Kristen Confroy|Malina Howard|S. Walker-Kimbrough",5,1011,1057,46,0,2,-2
"2015-16","9637","Maryland","Brionna Jones|Chloe Pavlech|Kristen Confroy|Malina Howard|S. Walker-Kimbrough",5,1057,1138,81,0,3,-3
"2015-16","9637","Michigan State","Akyah Taylor|Jenna Allen|Lexi Gussert|Morgan Green|Tori Jankoska",5,915,1198,283,7,3,4
"2015-16","9637","Maryland","Brionna Jones|Chloe Pavlech|Kristen Confroy|S. Walker-Kimbrough|Tierney Pfirman",5,1138,1198,60,3,0,3
"2015-16","9637","Maryland","Brene Moseley|Kiah Gillespie|Kristen Confroy|S. Walker-Kimbrough|Tierney Pfirman",5,1198,1200,2,0,0,0
"2015-16","9637","Michigan State","Jenna Allen|Kennedy Johnson|Lexi Gussert|Morgan Green|Tori Jankoska",5,1198,1200,2,0,0,0
"2015-16","9637","Michigan State","Aerial Powers|Akyah Taylor|Jasmine Hines|Morgan Green|Tori Jankoska",5,1200,1277,77,2,3,-1
"2015-16","9637","Michigan State","Aerial Powers|Akyah Taylor|Jenna Allen|Morgan Green|Tori Jankoska",5,1277,1444,167,2,3,-1
"2015-16","9637","Michigan State","Aerial Powers|Branndais Agee|Jenna Allen|Morgan Green|Tori Jankoska",5,1444,1490,46,0,4,-4
"2015-16","9637","Maryland","Brionna Jones|Chloe Pavlech|Kristen Confroy|Malina Howard|S. Walker-Kimbrough",5,1200,1490,290,10,4,6
"2015-16","9637","Michigan State","Branndais Agee|Jasmine Hines|Jenna Allen|Morgan Green|Tori Jankoska",5,1490,1512,22,0,2,-2
"2015-16","9637","Michigan State","Aerial Powers|Branndais Agee|Jasmine Hines|Morgan Green|Tori Jankoska",5,1512,1724,212,6,4,2
"2015-16","9637","Maryland","Brene Moseley|Chloe Pavlech|Malina Howard|S. Walker-Kimbrough|Tierney Pfirman",5,1490,1724,234,6,6,0
"2015-16","9637","Maryland","Brene Moseley|Brionna Jones|Kristen Confroy|S. Walker-Kimbrough|Tierney Pfirman",5,1724,1800,76,2,0,2
"2015-16","9637","Michigan State","Aerial Powers|Akyah Taylor|Jasmine Hines|Morgan Green|Tori Jankoska",5,1724,1800,76,0,2,-2
"2015-16","9637","Michigan State","Aerial Powers|Branndais Agee|Jasmine Hines|Morgan Green|Tori Jankoska",5,1800,1968,168,2,3,-1
"2015-16","9637","Michigan State","Branndais Agee|Jasmine Hines|Jenna Allen|Morgan Green|Tori Jankoska",5,1968,2039,71,0,6,-6
"2015-16","9637","Michigan State","Aerial Powers|Branndais Agee|Jasmine Hines|Morgan Green|Tori Jankoska",5,2039,2187,148,2,0,2
"2015-16","9637","Michigan State","Aerial Powers|Jasmine Hines|Lexi Gussert|Morgan Green|Tori Jankoska",5,2187,2233,46,0,2,-2
"2015-16","9637","Michigan State","Aerial Powers|Jasmine Hines|Jenna Allen|Lexi Gussert|Tori Jankoska",5,2233,2271,38,0,0,0
"2015-16","9637","Maryland","Brene Moseley|Brionna Jones|Kristen Confroy|S. Walker-Kimbrough|Tierney Pfirman",5,1800,2400,600,18,8,10
"2015-16","9637","Michigan State","Aerial Powers|Branndais Agee|Jasmine Hines|Kennedy Johnson|Tori Jankoska",5,2271,2400,129,4,7,-3
"2015-16","9638","Maryland","Brionna Jones|Chloe Pavlech|Kristen Confroy|Malina Howard|S. Walker-Kimbrough",5,0,63,63,2,3,-1
"2015-16","9638","Iona","Aaliyah Robinson|Joy Adams|Karynda DuPree|Marina Lizarazu|Philecia Gilmore",5,0,310,310,8,16,-8
"2015-16","9638","Maryland","Chloe Pavlech|Kristen Confroy|Malina Howard|S. Walker-Kimbrough|Tierney Pfirman",5,63,310,247,14,5,9
"2015-16","9638","Iona","Alexis Lewis|Joy Adams|Marina Lizarazu|Philecia Gilmore|Treyanna Clay",5,310,468,158,6,6,0
"2015-16","9638","Maryland","Brene Moseley|Brianna Fraser|Kristen Confroy|S. Walker-Kimbrough|Tierney Pfirman",5,310,468,158,6,6,0
"2015-16","9638","Iona","Aaliyah Robinson|Alexis Lewis|Karynda DuPree|Marina Lizarazu|Treyanna Clay",5,468,577,109,2,4,-2
"2015-16","9638","Maryland","Brene Moseley|Brianna Fraser|Kristen Confroy|Malina Howard|S. Walker-Kimbrough",5,468,577,109,4,2,2
"2015-16","9638","Maryland","Brene Moseley|Kiah Gillespie|Kristen Confroy|Malina Howard|S. Walker-Kimbrough",5,577,599,22,0,0,0
"2015-16","9638","Maryland","Chloe Pavlech|Kiah Gillespie|Kristen Confroy|Malina Howard|S. Walker-Kimbrough",5,599,600,1,0,0,0
"2015-16","9638","Maryland","Brionna Jones|Chloe Pavlech|Kristen Confroy|Malina Howard|S. Walker-Kimbrough",5,600,631,31,0,3,-3
"2015-16","9638","Iona","Aaliyah Robinson|Joy Adams|Karynda DuPree|Marina Lizarazu|Philecia Gilmore",5,577,719,142,3,4,-1
"2015-16","9638","Maryland","Brene Moseley|Brionna Jones|Chloe Pavlech|Kristen Confroy|Malina Howard",5,631,719,88,4,0,4
"2015-16","9638","Maryland","Brene Moseley|Brionna Jones|Chloe Pavlech|Kristen Confroy|Tierney Pfirman",5,719,767,48,3,0,3
"2015-16","9638","Maryland","Brene Moseley|Brionna Jones|Chloe Pavlech|S. Walker-Kimbrough|Tierney Pfirman",5,767,858,91,0,4,-4
"2015-16","9638","Iona","Joy Adams|Karynda DuPree|Marina Lizarazu|Philecia Gilmore|Treyanna Clay",5,719,978,259,4,8,-4
"2015-16","9638","Iona","Aaliyah Robinson|Joy Adams|Marina Lizarazu|Philecia Gilmore|Treyanna Clay",5,978,995,17,0,0,0
"2015-16","9638","Maryland","Brene Moseley|Brionna Jones|Kristen Confroy|Malina Howard|S. Walker-Kimbrough",5,858,1063,205,5,2,3
"2015-16","9638","Maryland","Brene Moseley|Brianna Fraser|Kristen Confroy|S. Walker-Kimbrough|Tierney Pfirman",5,1063,1090,27,0,0,0
"2015-16","9638","Maryland","Brianna Fraser|Chloe Pavlech|Kristen Confroy|S. Walker-Kimbrough|Tierney Pfirman",5,1090,1117,27,0,0,0
"2015-16","9638","Maryland","Brionna Jones|Chloe Pavlech|Kristen Confroy|S. Walker-Kimbrough|Tierney Pfirman",5,1117,1132,15,0,0,0
"2015-16","9638","Iona","Aaliyah Robinson|Karynda DuPree|Marina Lizarazu|Philecia Gilmore|Treyanna Clay",5,995,1164,169,4,2,2
"2015-16","9638","Maryland","Chloe Pavlech|Kristen Confroy|Malina Howard|S. Walker-Kimbrough|Tierney Pfirman",5,1132,1200,68,4,2,2
"2015-16","9638","Iona","Aaliyah Robinson|Alexis Lewis|Marina Lizarazu|Philecia Gilmore|Treyanna Clay",5,1164,1200,36,0,2,-2
"2015-16","9638","Iona","Aaliyah Robinson|Joy Adams|Karynda DuPree|Marina Lizarazu|Philecia Gilmore",5,1200,1223,23,0,2,-2
"2015-16","9638","Iona","Aaliyah Robinson|Joy Adams|Marina Lizarazu|Philecia Gilmore|Treyanna Clay",5,1223,1287,64,0,0,0
"2015-16","9638","Maryland","Brionna Jones|Chloe Pavlech|Kristen Confroy|Malina Howard|S. Walker-Kimbrough",5,1200,1465,265,9,13,-4
"2015-16","9638","Maryland","Chloe Pavlech|Kristen Confroy|Malina Howard|S. Walker-Kimbrough|Tierney Pfirman",5,1465,1509,44,0,2,-2
"2015-16","9638","Maryland","Brene Moseley|Kristen Confroy|Malina Howard|S. Walker-Kimbrough|Tierney Pfirman",5,1509,1611,102,4,0,4
"2015-16","9638","Iona","Alexis Lewis|Joy Adams|Marina Lizarazu|Philecia Gilmore|Treyanna Clay",5,1287,1671,384,17,14,3
"2015-16","9638","Maryland","Chloe Pavlech|Kristen Confroy|Malina Howard|S. Walker-Kimbrough|Tierney Pfirman",5,1611,1800,189,5,6,-1
"2015-16","9638","Iona","Aaliyah Robinson|Joy Adams|Marina Lizarazu|Philecia Gilmore|Treyanna Clay",5,1671,1800,129,4,2,2
"2015-16","9638","Iona","Alexis Lewis|Joy Adams|Marina Lizarazu|Philecia Gilmore|Treyanna Clay",5,1800,1954,154,5,2,3
"2015-16","9638","Iona","Joy Adams|Karynda DuPree|Marina Lizarazu|Philecia Gilmore|Treyanna Clay",5,1954,2125,171,3,8,-5
"2015-16","9638","Maryland","Brene Moseley|Brionna Jones|Kristen Confroy|Malina Howard|S. Walker-Kimbrough",5,1800,2125,325,10,8,2
"2015-16","9638","Iona","Aaliyah Robinson|Joy Adams|Karynda DuPree|Marina Lizarazu|Treyanna Clay",5,2125,2165,40,2,0,2
"2015-16","9638","Maryland","Brionna Jones|Chloe Pavlech|Kristen Confroy|Malina Howard|S. Walker-Kimbrough",5,2125,2339,214,4,2,2
"2015-16","9638","Iona","Alexis Lewis|Joy Adams|Marina Lizarazu|Philecia Gilmore|Treyanna Clay",5,2165,2362,197,0,4,-4
"2015-16","9638","Iona","Alexis Lewis|Iida Ahvenainen|Joy Adams|Philecia Gilmore|Treyanna Clay",5,2362,2385,23,0,0,0
"2015-16","9638","Maryland","Brene Moseley|Kristen Confroy|Malina Howard|S. Walker-Kimbrough|Tierney Pfirman",5,2339,2400,61,0,0,0
"2015-16","9638","Iona","Alexis Lewis|Iida Ahvenainen|Karynda DuPree|Philecia Gilmore|Treyanna Clay",5,2385,2400,15,0,0,0
"2015-16","9639","Maryland","Brionna Jones|Chloe Pavlech|Kristen Confroy|Malina Howard|S. Walker-Kimbrough",5,0,314,314,8,7,1
"2015-16","9639","Washington","Alexus Atchley|Chantel Osahor|Katie Collier|Kelsey Plum|Talia Walton",5,0,428,428,15,8,7
"2015-16","9639","Maryland","Brionna Jones|Kristen Confroy|S. Walker-Kimbrough|Tierney Pfirman",4,314,428,114,0,8,-8
"2015-16","9639","Maryland","Brionna Jones|Kristen Confroy|Malina Howard|S. Walker-Kimbrough",4,428,468,40,0,0,0
"2015-16","9639","Maryland","Brionna Jones|Chloe Pavlech|Malina Howard|S. Walker-Kimbrough",4,468,523,55,3,2,1
"2015-16","9639","Washington","Alexus Atchley|Chantel Osahor|Kelsey Plum|Mathilde Gilling|Talia Walton",5,428,555,127,4,3,1
"2015-16","9639","Washington","Alexus Atchley|Katie Collier|Kelsey Plum|Mathilde Gilling|Talia Walton",5,555,598,43,0,0,0
"2015-16","9639","Maryland","Chloe Pavlech|Malina Howard|S. Walker-Kimbrough|Tierney Pfirman",4,523,598,75,0,2,-2
"2015-16","9639","Maryland","Chloe Pavlech|Kiara Leslie|Malina Howard|S. Walker-Kimbrough|Tierney Pfirman",5,598,600,2,0,0,0
"2015-16","9639","Maryland","Brene Moseley|Brionna Jones|Chloe Pavlech|S. Walker-Kimbrough|Tierney Pfirman",5,600,624,24,0,0,0
"2015-16","9639","Maryland","Brene Moseley|Brionna Jones|Chloe Pavlech|Kristen Confroy|Tierney Pfirman",5,624,712,88,3,0,3
"2015-16","9639","Maryland","Brene Moseley|Kristen Confroy|Malina Howard|S. Walker-Kimbrough|Tierney Pfirman",5,712,872,160,5,3,2
"2015-16","9639","Maryland","Brene Moseley|Brionna Jones|Kristen Confroy|Malina Howard|S. Walker-Kimbrough",5,872,1056,184,8,7,1
"2015-16","9639","Washington","Alexus Atchley|Chantel Osahor|Katie Collier|Kelsey Plum|Talia Walton",5,598,1107,509,10,19,-9
"2015-16","9639","Maryland","Brene Moseley|Kristen Confroy|Malina Howard|S. Walker-Kimbrough|Tierney Pfirman",5,1056,1200,144,7,0,7
"2015-16","9639","Washington","Alexus Atchley|Katie Collier|Kelsey Plum|Mathilde Gilling|Talia Walton",5,1107,1200,93,0,4,-4
"2015-16","9639","Washington","Alexus Atchley|Chantel Osahor|Katie Collier|Kelsey Plum|Talia Walton",5,1200,1250,50,0,2,-2
"2015-16","9639","Washington","Alexus Atchley|Chantel Osahor|Kelsey Plum|Mathilde Gilling|Talia Walton",5,1250,1420,170,12,2,10
"2015-16","9639","Maryland","Brionna Jones|Chloe Pavlech|Kristen Confroy|Malina Howard|S. Walker-Kimbrough",5,1200,1420,220,4,12,-8
"2015-16","9639","Maryland","Chloe Pavlech|Kristen Confroy|Malina Howard|S. Walker-Kimbrough|Tierney Pfirman",5,1420,1455,35,0,0,0
"2015-16","9639","Washington","Alexus Atchley|Chantel Osahor|Katie Collier|Kelsey Plum|Talia Walton",5,1420,1508,88,2,0,2
"2015-16","9639","Maryland","Brene Moseley|Chloe Pavlech|Malina Howard|S. Walker-Kimbrough|Tierney Pfirman",5,1455,1508,53,0,2,-2
"2015-16","9639","Maryland","Brene Moseley|Kristen Confroy|Malina Howard|S. Walker-Kimbrough|Tierney Pfirman",5,1508,1610,102,2,2,0
"2015-16","9639","Maryland","Brene Moseley|Brionna Jones|Kristen Confroy|S. Walker-Kimbrough|Tierney Pfirman",5,1610,1695,85,2,2,0
"2015-16","9639","Maryland","Brene Moseley|Brionna Jones|Chloe Pavlech|Kristen Confroy|S. Walker-Kimbrough",5,1695,1716,21,0,0,0
"2015-16","9639","Washington","Alexus Atchley|Chantel Osahor|Kelsey Plum|Mathilde Gilling|Talia Walton",5,1508,1800,292,6,4,2
"2015-16","9639","Maryland","Brionna Jones|Chloe Pavlech|Kristen Confroy|Malina Howard|S. Walker-Kimbrough",5,1716,1800,84,0,2,-2
"2015-16","9639","Maryland","Brene Moseley|Kristen Confroy|Malina Howard|S. Walker-Kimbrough|Tierney Pfirman",5,1800,1976,176,7,3,4
"2015-16","9639","Washington","Alexus Atchley|Chantel Osahor|Kelsey Plum|Mathilde Gilling|Talia Walton",5,1800,2014,214,6,7,-1
"2015-16","9639","Washington","Alexus Atchley|Chantel Osahor|Katie Collier|Kelsey Plum|Talia Walton",5,2014,2023,9,2,0,2
"2015-16","9639","Maryland","Brene Moseley|Brionna Jones|Kristen Confroy|S. Walker-Kimbrough|Tierney Pfirman",5,1976,2023,47,0,5,-5
"2015-16","9639","Maryland","Brene Moseley|Kristen Confroy|Malina Howard|S. Walker-Kimbrough|Tierney Pfirman",5,2023,2107,84,0,3,-3
"2015-16","9639","Washington","Alexus Atchley|Chantel Osahor|Kelsey Plum|Mathilde Gilling|Talia Walton",5,2023,2246,223,3,6,-3
"2015-16","9639","Maryland","Brene Moseley|Brionna Jones|Kristen Confroy|Malina Howard|S. Walker-Kimbrough",5,2107,2345,238,8,5,3
"2015-16","9639","Maryland","Brene Moseley|Brionna Jones|Chloe Pavlech|Kiara Leslie|Kristen Confroy|S. Walker-Kimbrough|Tierney Pfirman",7,2345,2360,15,3,1,2
"2015-16","9639","Maryland","Chloe Pavlech|Kiara Leslie|Kristen Confroy|Malina Howard|S. Walker-Kimbrough",5,2360,2362,2,0,2,-2
"2015-16","9639","Maryland","Brene Moseley|Brionna Jones|Kiah Gillespie|Kristen Confroy|S. Walker-Kimbrough|Tierney Pfirman",6,2362,2400,38,5,6,-1
"2015-16","9639","Washington","Alexus Atchley|Chantel Osahor|Katie Collier|Kelsey Plum|Talia Walton",5,2246,2400,154,14,10,4
