"source_id","file_id","team","player_name","player_number","stint_index","in_seconds","out_seconds","duration","pts_for","pts_against","plus_minus","starter"
"2015-16","9605","Maryland","Kiah Gillespie",1,1,0,305,305,14,5,9,1
"2015-16","9605","Maryland","Kiara Leslie",2,1,0,366,366,17,5,12,1
"2015-16","9605","Maryland","Chloe Pavlech",15,1,0,366,366,17,5,12,1
"2015-16","9605","Maryland","S. Walker-Kimbrough",32,1,0,501,501,26,5,21,1
"2015-16","9605","Maryland","Brionna Jones",42,1,0,501,501,26,5,21,1
"2015-16","9605","UMass-Lowell","Kayla GIBBS",1,1,0,241,241,5,12,-7,1
"2015-16","9605","UMass-Lowell","Asia MITCHELL-OWENS",12,1,0,98,98,0,2,-2,1
"2015-16","9605","UMass-Lowell","Nicole RIDDICK",21,1,0,241,241,5,12,-7,1
"2015-16","9605","UMass-Lowell","Lindsey DOUCETTE",33,1,0,366,366,5,17,-12,1
"2015-16","9605","UMass-Lowell","Nicole HAYNER",34,1,0,1712,1712,28,76,-48,1
"2015-16","9605","UMass-Lowell","Melissa FRASE",24,1,241,366,125,0,5,-5,0
"2015-16","9605","UMass-Lowell","Lauren PARRA",32,1,241,501,260,0,14,-14,0
"2015-16","9605","Maryland","Malina Howard",5,1,305,600,295,16,2,14,0
"2015-16","9605","Maryland","Brene Moseley",3,1,366,600,234,13,2,11,0
"2015-16","9605","Maryland","Kristen Confroy",12,1,366,600,234,13,2,11,0
"2015-16","9605","UMass-Lowell","Kayla GIBBS",1,2,366,712,346,4,18,-14,0
"2015-16","9605","UMass-Lowell","Nicole RIDDICK",21,2,366,571,205,0,13,-13,0
"2015-16","9605","Maryland","Kiah Gillespie",1,2,501,909,408,17,9,8,0
"2015-16","9605","Maryland","Brianna Fraser",34,1,501,600,99,4,2,2,0
"2015-16","9605","UMass-Lowell","Asia MITCHELL-OWENS",12,2,501,600,99,2,4,-2,0
"2015-16","9605","UMass-Lowell","Katherine SMITH",50,1,501,600,99,2,4,-2,0
"2015-16","9605","UMass-Lowell","Melissa FRASE",24,2,571,600,29,2,0,2,0
"2015-16","9605","Maryland","Kiara Leslie",2,2,600,909,309,13,7,6,0
"2015-16","9605","Maryland","Chloe Pavlech",15,2,600,909,309,13,7,6,0
"2015-16","9605","Maryland","S. Walker-Kimbrough",32,2,600,1100,500,23,9,14,0
"2015-16","9605","Maryland","Brionna Jones",42,2,600,909,309,13,7,6,0
"2015-16","9605","UMass-Lowell","Nicole RIDDICK",21,3,600,600,0,0,0,0,0
"2015-16","9605","UMass-Lowell","Melissa FRASE",24,3,600,1200,600,12,28,-16,0
"2015-16","9605","UMass-Lowell","Lauren PARRA",32,2,600,1200,600,12,28,-16,0
"2015-16","9605","UMass-Lowell","Lindsey DOUCETTE",33,2,600,600,0,0,0,0,0
"2015-16","9605","UMass-Lowell","Katherine SMITH",50,2,600,909,309,7,13,-6,0
"2015-16","9605","UMass-Lowell","Nazarae BUTLER",22,1,670,779,109,2,7,-5,0
"2015-16","9605","UMass-Lowell","Lindsey DOUCETTE",33,3,712,1586,874,16,36,-20,0
"2015-16","9605","UMass-Lowell","Asia MITCHELL-OWENS",12,3,779,989,210,5,8,-3,0
"2015-16","9605","Maryland","Brene Moseley",3,2,909,1200,291,15,5,10,0
"2015-16","9605","Maryland","Malina Howard",5,2,909,1200,291,15,5,10,0
"2015-16","9605","Maryland","Kristen Confroy",12,2,909,1200,291,15,5,10,0
"2015-16","9605","Maryland","Brianna Fraser",34,2,909,1200,291,15,5,10,0
"2015-16","9605","UMass-Lowell","Kayla GIBBS",1,3,909,1100,191,2,10,-8,0
"2015-16","9605","UMass-Lowell","Nazarae BUTLER",22,2,989,1200,211,3,11,-8,0
"2015-16","9605","Maryland","Kiah Gillespie",1,3,1100,1158,58,3,3,0,0
"2015-16","9605","UMass-Lowell","Katherine SMITH",50,3,1100,1200,100,3,5,-2,0
"2015-16","9605","Maryland","Chloe Pavlech",15,3,1158,1379,221,6,1,5,0
"2015-16","9605","Maryland","Kiah Gillespie",1,4,1200,1450,250,7,6,1,0
"2015-16","9605","Maryland","Kiara Leslie",2,3,1200,1586,386,13,6,7,0
"2015-16","9605","Maryland","S. Walker-Kimbrough",32,3,1200,1712,512,18,9,9,0
"2015-16","9605","Maryland","Brionna Jones",42,3,1200,1641,441,16,7,9,0
"2015-16","9605","UMass-Lowell","Kayla GIBBS",1,4,1200,1450,250,6,7,-1,0
"2015-16","9605","UMass-Lowell","Asia MITCHELL-OWENS",12,4,1200,1379,179,1,4,-3,0
"2015-16","9605","UMass-Lowell","Nicole RIDDICK",21,4,1200,1586,386,6,13,-7,0
"2015-16","9605","Maryland","Brene Moseley",3,3,1379,1800,421,16,11,5,0
"2015-16","9605","UMass-Lowell","Nazarae BUTLER",22,3,1379,1471,92,5,3,2,0
"2015-16","9605","Maryland","Malina Howard",5,3,1450,1800,350,13,6,7,0
"2015-16","9605","UMass-Lowell","Katherine SMITH",50,4,1450,1800,350,6,13,-7,0
"2015-16","9605","UMass-Lowell","Melissa FRASE",24,4,1471,1800,329,6,13,-7,0
"2015-16","9605","Maryland","Kristen Confroy",12,3,1586,1800,214,7,6,1,0
"2015-16","9605","UMass-Lowell","Kayla GIBBS",1,5,1586,2037,451,13,18,-5,0
"2015-16","9605","UMass-Lowell","Nazarae BUTLER",22,4,1586,1800,214,6,7,-1,0
"2015-16","9605","Maryland","Brianna Fraser",34,3,1641,1800,159,4,5,-1,0
"2015-16","9605","Maryland","Kiara Leslie",2,4,1712,2060,348,16,10,6,0
"2015-16","9605","UMass-Lowell","Asia MITCHELL-OWENS",12,5,1712,1820,108,3,2,1,0
"2015-16","9605","Maryland","Kiah Gillespie",1,5,1800,2037,237,11,7,4,0
"2015-16","9605","Maryland","Brene Moseley",3,4,1800,2400,600,24,22,2,0
"2015-16","9605","Maryland","Kristen Confroy",12,4,1800,2400,600,24,22,2,0
"2015-16","9605","Maryland","Chloe Pavlech",15,4,1800,1800,0,0,0,0,0
"2015-16","9605","Maryland","S. Walker-Kimbrough",32,4,1800,1800,0,0,0,0,0
"2015-16","9605","Maryland","Brianna Fraser",34,4,1800,1883,83,2,3,-1,0
"2015-16","9605","Maryland","Brionna Jones",42,4,1800,1800,0,0,0,0,0
"2015-16","9605","UMass-Lowell","Nicole RIDDICK",21,5,1800,1800,0,0,0,0,0
"2015-16","9605","UMass-Lowell","Nazarae BUTLER",22,5,1800,2400,600,22,24,-2,0
"2015-16","9605","UMass-Lowell","Melissa FRASE",24,5,1800,2400,600,22,24,-2,0
"2015-16","9605","UMass-Lowell","Lindsey DOUCETTE",33,4,1800,1800,0,0,0,0,0
"2015-16","9605","UMass-Lowell","Nicole HAYNER",34,2,1800,1800,0,0,0,0,0
"2015-16","9605","UMass-Lowell","Katherine SMITH",50,5,1800,1820,20,0,0,0,0
"2015-16","9605","UMass-Lowell","Nicole RIDDICK",21,6,1820,2037,217,7,11,-4,0
"2015-16","9605","UMass-Lowell","Lindsey DOUCETTE",33,5,1820,2037,217,7,11,-4,0
"2015-16","9605","Maryland","Aja Ellison",0,1,1883,2292,409,17,16,1,0
"2015-16","9605","Maryland","Brianna Fraser",34,5,2037,2400,363,13,15,-2,0
"2015-16","9605","UMass-Lowell","Lauren PARRA",32,3,2037,2400,363,15,13,2,0
"2015-16","9605","UMass-Lowell","Nicole HAYNER",34,3,2037,2400,363,15,13,2,0
"2015-16","9605","UMass-Lowell","Katherine SMITH",50,6,2037,2400,363,15,13,2,0
"2015-16","9605","Maryland","Malina Howard",5,4,2060,2400,340,10,15,-5,0
"2015-16","9605","Maryland","Chloe Pavlech",15,5,2292,2400,108,5,3,2,0
"2015-16","9606","High Point","Haleigh HATFIELD",0,1,0,93,93,2,8,-6,1
"2015-16","9606","High Point","Kat HARRIS",1,1,0,345,345,11,18,-7,1
"2015-16","9606","High Point","Kaylah KEYS",3,1,0,345,345,11,18,-7,1
"2015-16","9606","High Point","Emma BOCKRATH",10,1,0,305,305,11,18,-7,1
"2015-16","9606","High Point","Aariel ALLEN",33,1,0,224,224,5,15,-10,1
"2015-16","9606","Maryland","Kiah Gillespie",1,1,0,214,214,15,4,11,1
"2015-16","9606","Maryland","Kiara Leslie",2,1,0,102,102,8,2,6,1
"2015-16","9606","Maryland","Chloe Pavlech",15,1,0,214,214,15,4,11,1
"2015-16","9606","Maryland","S. Walker-Kimbrough",32,1,0,393,393,21,11,10,1
"2015-16","9606","Maryland","Brionna Jones",42,1,0,316,316,18,11,7,1
"2015-16","9606","High Point","Kennedy CURRIE",24,1,93,102,9,0,0,0,0
"2015-16","9606","High Point","Haleigh HATFIELD",0,2,102,382,280,9,10,-1,0
"2015-16","9606","Maryland","Brene Moseley",3,1,102,600,498,17,12,5,0
"2015-16","9606","Maryland","Kristen Confroy",12,1,214,600,386,10,10,0,0
"2015-16","9606","Maryland","A'Lexus Harrison",33,1,214,305,91,3,7,-4,0
"2015-16","9606","High Point","Taylor MCGLASHAN",11,1,224,393,169,6,6,0,0
"2015-16","9606","High Point","Lindsey EDWARDS",21,1,305,459,154,1,5,-4,0
"2015-16","9606","Maryland","Kiah Gillespie",1,2,305,776,471,14,6,8,0
"2015-16","9606","Maryland","Malina Howard",5,1,316,382,66,0,0,0,0
"2015-16","9606","High Point","Emma BOCKRATH",10,2,345,751,406,6,13,-7,0
"2015-16","9606","High Point","Kyrie' CHANDLER",13,1,345,600,255,3,7,-4,0
"2015-16","9606","High Point","Kennedy CURRIE",24,2,382,600,218,3,7,-4,0
"2015-16","9606","Maryland","Brianna Fraser",34,1,382,600,218,7,3,4,0
"2015-16","9606","High Point","Aariel ALLEN",33,2,393,554,161,3,4,-1,0
"2015-16","9606","Maryland","Kiara Leslie",2,2,393,521,128,2,3,-1,0
"2015-16","9606","High Point","Kaylah KEYS",3,2,459,875,416,8,9,-1,0
"2015-16","9606","Maryland","S. Walker-Kimbrough",32,2,521,1539,1018,46,16,30,0
"2015-16","9606","High Point","Haleigh HATFIELD",0,3,554,1585,1031,16,49,-33,0
"2015-16","9606","High Point","Kat HARRIS",1,2,600,600,0,0,0,0,0
"2015-16","9606","High Point","Kyrie' CHANDLER",13,2,600,630,30,0,0,0,0
"2015-16","9606","High Point","Kennedy CURRIE",24,3,600,700,100,3,4,-1,0
"2015-16","9606","High Point","Aariel ALLEN",33,3,600,600,0,0,0,0,0
"2015-16","9606","Maryland","Kiara Leslie",2,3,600,700,100,4,3,1,0
"2015-16","9606","Maryland","Chloe Pavlech",15,2,600,875,275,7,6,1,0
"2015-16","9606","Maryland","Brionna Jones",42,2,600,671,71,2,2,0,0
"2015-16","9606","High Point","Kat HARRIS",1,3,630,776,146,3,7,-4,0
"2015-16","9606","Maryland","Brianna Fraser",34,2,671,875,204,5,4,1,0
"2015-16","9606","High Point","Taylor MCGLASHAN",11,2,700,1127,427,3,17,-14,0
"2015-16","9606","Maryland","Kristen Confroy",12,2,700,1200,500,19,3,16,0
"2015-16","9606","High Point","Lindsey EDWARDS",21,2,751,1200,449,3,17,-14,0
"2015-16","9606","High Point","Kyrie' CHANDLER",13,3,776,1127,351,3,14,-11,0
"2015-16","9606","Maryland","A'Lexus Harrison",33,2,776,981,205,7,3,4,0
"2015-16","9606","High Point","Emma BOCKRATH",10,3,875,981,106,0,7,-7,0
"2015-16","9606","Maryland","Brene Moseley",3,2,875,1200,325,16,0,16,0
"2015-16","9606","Maryland","Malina Howard",5,2,875,1142,267,14,0,14,0
"2015-16","9606","High Point","Kaylah KEYS",3,3,981,1487,506,10,26,-16,0
"2015-16","9606","Maryland","Kiah Gillespie",1,3,981,1627,646,39,12,27,0
"2015-16","9606","High Point","Emma BOCKRATH",10,4,1127,1629,502,12,32,-20,0
"2015-16","9606","High Point","Kennedy CURRIE",24,4,1127,1200,73,0,2,-2,0
"2015-16","9606","Maryland","Brianna Fraser",34,3,1142,1200,58,2,0,2,0
"2015-16","9606","High Point","Kat HARRIS",1,4,1200,1383,183,6,11,-5,0
"2015-16","9606","High Point","Aariel ALLEN",33,4,1200,1469,269,10,17,-7,0
"2015-16","9606","Maryland","Kiara Leslie",2,4,1200,1921,721,41,22,19,0
"2015-16","9606","Maryland","Chloe Pavlech",15,3,1200,1627,427,30,12,18,0
"2015-16","9606","Maryland","Brionna Jones",42,3,1200,1469,269,17,10,7,0
"2015-16","9606","High Point","Lindsey EDWARDS",21,3,1383,1511,128,4,8,-4,0
"2015-16","9606","High Point","Taylor MCGLASHAN",11,3,1469,1650,181,2,13,-11,0
"2015-16","9606","Maryland","Brianna Fraser",34,4,1469,1737,268,18,7,11,0
"2015-16","9606","High Point","Kyrie' CHANDLER",13,4,1487,1511,24,0,2,-2,0
"2015-16","9606","High Point","Kat HARRIS",1,5,1511,1627,116,2,11,-9,0
"2015-16","9606","High Point","Kaylah KEYS",3,4,1511,1921,410,12,22,-10,0
"2015-16","9606","Maryland","Brene Moseley",3,3,1539,1800,261,14,7,7,0
"2015-16","9606","High Point","Shea MORGAN",14,1,1585,1800,215,7,9,-2,0
"2015-16","9606","High Point","Kyrie' CHANDLER",13,5,1627,1800,173,5,5,0,0
"2015-16","9606","Maryland","Kristen Confroy",12,3,1627,1800,173,5,5,0,0
"2015-16","9606","Maryland","A'Lexus Harrison",33,3,1627,1737,110,5,5,0,0
"2015-16","9606","High Point","Lindsey EDWARDS",21,4,1629,1800,171,5,5,0,0
"2015-16","9606","High Point","Aariel ALLEN",33,5,1650,1706,56,5,3,2,0
"2015-16","9606","High Point","Kennedy CURRIE",24,5,1706,1800,94,0,2,-2,0
"2015-16","9606","Maryland","Malina Howard",5,3,1737,1800,63,0,0,0,0
"2015-16","9606","Maryland","Brionna Jones",42,4,1737,1764,27,0,0,0,0
"2015-16","9606","Maryland","Aja Ellison",0,1,1764,1800,36,0,0,0,0
"2015-16","9606","High Point","Haleigh HATFIELD",0,4,1800,1936,136,5,8,-3,0
"2015-16","9606","High Point","Kat HARRIS",1,6,1800,2127,327,12,12,0,0
"2015-16","9606","High Point","Emma BOCKRATH",10,5,1800,1800,0,0,0,0,0
"2015-16","9606","High Point","Lindsey EDWARDS",21,5,1800,1942,142,5,8,-3,0
"2015-16","9606","High Point","Kennedy CURRIE",24,6,1800,2167,367,12,14,-2,0
"2015-16","9606","High Point","Aariel ALLEN",33,6,1800,1800,0,0,0,0,0
"2015-16","9606","Maryland","Aja Ellison",0,2,1800,1965,165,8,8,0,0
"2015-16","9606","Maryland","Kiah Gillespie",1,4,1800,1800,0,0,0,0,0
"2015-16","9606","Maryland","Brene Moseley",3,4,1800,1921,121,6,5,1,0
"2015-16","9606","Maryland","Kristen Confroy",12,4,1800,2400,600,22,13,9,0
"2015-16","9606","Maryland","Chloe Pavlech",15,4,1800,1800,0,0,0,0,0
"2015-16","9606","Maryland","S. Walker-Kimbrough",32,3,1800,1800,0,0,0,0,0
"2015-16","9606","Maryland","Brionna Jones",42,5,1800,2400,600,22,13,9,0
"2015-16","9606","High Point","Emma BOCKRATH",10,6,1921,2400,479,8,16,-8,0
"2015-16","9606","Maryland","Chloe Pavlech",15,5,1921,2272,351,12,7,5,0
"2015-16","9606","Maryland","S. Walker-Kimbrough",32,4,1921,2071,150,6,7,-1,0
"2015-16","9606","High Point","Aariel ALLEN",33,7,1936,2400,464,8,14,-6,0
"2015-16","9606","High Point","Kaylah KEYS",3,5,1942,2378,436,8,14,-6,0
"2015-16","9606","Maryland","Brianna Fraser",34,5,1965,2127,162,4,4,0,0
"2015-16","9606","Maryland","Kiara Leslie",2,5,2071,2167,96,2,0,2,0
"2015-16","9606","High Point","Kyrie' CHANDLER",13,6,2127,2167,40,0,2,-2,0
"2015-16","9606","Maryland","A'Lexus Harrison",33,4,2127,2400,273,10,1,9,0
"2015-16","9606","High Point","Haleigh HATFIELD",0,5,2167,2400,233,1,8,-7,0
"2015-16","9606","High Point","Kat HARRIS",1,7,2167,2378,211,1,8,-7,0
"2015-16","9606","Maryland","Brene Moseley",3,5,2167,2320,153,6,0,6,0
"2015-16","9606","Maryland","Aja Ellison",0,3,2272,2400,128,4,1,3,0
"2015-16","9606","Maryland","Kiara Leslie",2,6,2320,2400,80,2,1,1,0
"2015-16","9606","High Point","Kyrie' CHANDLER",13,7,2378,2400,22,0,0,0,0
"2015-16","9606","High Point","Lindsey EDWARDS",21,6,2378,2400,22,0,0,0,0
"2015-16","9607","Detroit","Haleigh RISTOVSKI",2,1,0,570,570,8,20,-12,1
"2015-16","9607","Detroit","Lola RISTOVSKI",3,1,0,245,245,3,8,-5,1
"2015-16","9607","Detroit","Rosanna REYNOLDS",11,1,0,570,570,8,20,-12,1
"2015-16","9607","Detroit","Nicole URBANICK",20,1,0,452,452,5,12,-7,1
"2015-16","9607","Detroit","Chea TAYLOR",31,1,0,150,150,3,6,-3,1
"2015-16","9607","Maryland","Kiah Gillespie",1,1,0,305,305,8,3,5,1
"2015-16","9607","Maryland","Kiara Leslie",2,1,0,245,245,8,3,5,1
"2015-16","9607","Maryland","Chloe Pavlech",15,1,0,289,289,8,3,5,1
"2015-16","9607","Maryland","S. Walker-Kimbrough",32,1,0,570,570,20,8,12,1
"2015-16","9607","Maryland","Brionna Jones",42,1,0,305,305,8,3,5,1
"2015-16","9607","Detroit","Brianne COHEN",23,1,150,361,211,0,2,-2,0
"2015-16","9607","Detroit","Lizzy CONNORS",41,1,245,289,44,0,0,0,0
"2015-16","9607","Maryland","Kristen Confroy",12,1,245,600,355,14,5,9,0
"2015-16","9607","Detroit","Lola RISTOVSKI",3,2,289,361,72,0,0,0,0
"2015-16","9607","Maryland","Brene Moseley",3,1,289,600,311,14,5,9,0
"2015-16","9607","Maryland","Malina Howard",5,1,305,431,126,4,2,2,0
"2015-16","9607","Maryland","Brianna Fraser",34,1,305,431,126,4,2,2,0
"2015-16","9607","Detroit","Brittney JACKSON",10,1,361,600,239,5,14,-9,0
"2015-16","9607","Detroit","Chea TAYLOR",31,2,361,452,91,2,4,-2,0
"2015-16","9607","Maryland","Kiah Gillespie",1,2,431,741,310,17,7,10,0
"2015-16","9607","Maryland","Brionna Jones",42,2,431,741,310,17,7,10,0
"2015-16","9607","Detroit","Lola RISTOVSKI",3,3,452,600,148,3,10,-7,0
"2015-16","9607","Detroit","Brianne COHEN",23,2,452,600,148,3,10,-7,0
"2015-16","9607","Detroit","Nicole URBANICK",20,2,570,883,313,7,12,-5,0
"2015-16","9607","Detroit","Chea TAYLOR",31,3,570,741,171,4,9,-5,0
"2015-16","9607","Maryland","Chloe Pavlech",15,2,570,970,400,17,7,10,0
"2015-16","9607","Detroit","Haleigh RISTOVSKI",2,2,600,2337,1737,33,75,-42,0
"2015-16","9607","Detroit","Brittney JACKSON",10,2,600,741,141,4,7,-3,0
"2015-16","9607","Detroit","Rosanna REYNOLDS",11,2,600,807,207,7,10,-3,0
"2015-16","9607","Maryland","Kiara Leslie",2,2,600,600,0,0,0,0,0
"2015-16","9607","Maryland","Brene Moseley",3,2,600,741,141,7,4,3,0
"2015-16","9607","Maryland","S. Walker-Kimbrough",32,2,600,1120,520,23,11,12,0
"2015-16","9607","Detroit","Lola RISTOVSKI",3,4,741,1470,729,14,28,-14,0
"2015-16","9607","Detroit","Brianne COHEN",23,3,741,883,142,3,3,0,0
"2015-16","9607","Maryland","Malina Howard",5,2,741,883,142,3,3,0,0
"2015-16","9607","Maryland","Kristen Confroy",12,2,741,807,66,3,3,0,0
"2015-16","9607","Maryland","Brianna Fraser",34,2,741,916,175,5,3,2,0
"2015-16","9607","Detroit","Brittney JACKSON",10,3,807,970,163,0,5,-5,0
"2015-16","9607","Maryland","Brene Moseley",3,3,807,1200,393,15,4,11,0
"2015-16","9607","Detroit","Rosanna REYNOLDS",11,3,883,1120,237,4,13,-9,0
"2015-16","9607","Detroit","Chea TAYLOR",31,4,883,1120,237,4,13,-9,0
"2015-16","9607","Maryland","Brionna Jones",42,3,883,1211,328,15,4,11,0
"2015-16","9607","Maryland","A'Lexus Harrison",33,1,916,1200,284,13,4,9,0
"2015-16","9607","Detroit","Nicole URBANICK",20,3,970,1615,645,11,27,-16,0
"2015-16","9607","Maryland","Kiara Leslie",2,3,970,1756,786,34,15,19,0
"2015-16","9607","Detroit","Brittney JACKSON",10,4,1120,1200,80,0,2,-2,0
"2015-16","9607","Detroit","Brianne COHEN",23,4,1120,1200,80,0,2,-2,0
"2015-16","9607","Maryland","Kiah Gillespie",1,3,1120,1303,183,6,3,3,0
"2015-16","9607","Detroit","Rosanna REYNOLDS",11,4,1200,1431,231,5,7,-2,0
"2015-16","9607","Detroit","Chea TAYLOR",31,5,1200,1355,155,3,4,-1,0
"2015-16","9607","Maryland","Chloe Pavlech",15,3,1200,1523,323,12,7,5,0
"2015-16","9607","Maryland","S. Walker-Kimbrough",32,3,1200,1355,155,4,3,1,0
"2015-16","9607","Maryland","Brianna Fraser",34,3,1211,1402,191,4,3,1,0
"2015-16","9607","Maryland","Brionna Jones",42,4,1303,1402,99,0,0,0,0
"2015-16","9607","Detroit","Brianne COHEN",23,5,1355,1523,168,4,8,-4,0
"2015-16","9607","Maryland","Kristen Confroy",12,3,1355,1800,445,20,8,12,0
"2015-16","9607","Maryland","Kiah Gillespie",1,4,1402,1800,398,20,8,12,0
"2015-16","9607","Maryland","A'Lexus Harrison",33,2,1402,1756,354,20,8,12,0
"2015-16","9607","Detroit","Brittney JACKSON",10,5,1431,1756,325,6,17,-11,0
"2015-16","9607","Detroit","Rosanna REYNOLDS",11,5,1470,1756,286,4,14,-10,0
"2015-16","9607","Detroit","Chea TAYLOR",31,6,1523,1615,92,0,5,-5,0
"2015-16","9607","Maryland","Brene Moseley",3,4,1523,1800,277,12,4,8,0
"2015-16","9607","Detroit","Lola RISTOVSKI",3,5,1615,1800,185,4,7,-3,0
"2015-16","9607","Detroit","Taylor MALONE",25,1,1615,1756,141,4,7,-3,0
"2015-16","9607","Detroit","Nicole URBANICK",20,4,1756,2400,644,11,26,-15,0
"2015-16","9607","Detroit","Chea TAYLOR",31,7,1756,1954,198,5,6,-1,0
"2015-16","9607","Detroit","Lizzy CONNORS",41,2,1756,1800,44,0,0,0,0
"2015-16","9607","Maryland","Aja Ellison",0,1,1756,1800,44,0,0,0,0
"2015-16","9607","Maryland","Chloe Pavlech",15,4,1756,1954,198,6,5,1,0
"2015-16","9607","Detroit","Rosanna REYNOLDS",11,6,1800,2293,493,11,23,-12,0
"2015-16","9607","Detroit","Lizzy CONNORS",41,3,1800,1954,154,5,6,-1,0
"2015-16","9607","Maryland","Aja Ellison",0,2,1800,1954,154,6,5,1,0
"2015-16","9607","Maryland","Kiara Leslie",2,4,1800,1800,0,0,0,0,0
"2015-16","9607","Maryland","Brene Moseley",3,5,1800,2400,600,26,11,15,0
"2015-16","9607","Maryland","Malina Howard",5,3,1800,1954,154,6,5,1,0
"2015-16","9607","Maryland","Kristen Confroy",12,4,1800,2067,267,8,7,1,0
"2015-16","9607","Maryland","S. Walker-Kimbrough",32,4,1800,1800,0,0,0,0,0
"2015-16","9607","Maryland","Brionna Jones",42,5,1800,1800,0,0,0,0,0
"2015-16","9607","Detroit","Lola RISTOVSKI",3,6,1954,2400,446,6,20,-14,0
"2015-16","9607","Detroit","Brianne COHEN",23,6,1954,2091,137,2,4,-2,0
"2015-16","9607","Maryland","Kiara Leslie",2,5,1954,2067,113,2,2,0,0
"2015-16","9607","Maryland","A'Lexus Harrison",33,3,1954,2400,446,20,6,14,0
"2015-16","9607","Maryland","Brianna Fraser",34,4,1954,2400,446,20,6,14,0
"2015-16","9607","Maryland","Kiah Gillespie",1,5,2067,2194,127,7,2,5,0
"2015-16","9607","Maryland","Chloe Pavlech",15,5,2067,2194,127,7,2,5,0
"2015-16","9607","Detroit","Chea TAYLOR",31,8,2091,2194,103,2,5,-3,0
"2015-16","9607","Detroit","Taylor MALONE",25,2,2194,2400,206,2,11,-9,0
"2015-16","9607","Maryland","Malina Howard",5,4,2194,2400,206,11,2,9,0
"2015-16","9607","Maryland","Kristen Confroy",12,5,2194,2400,206,11,2,9,0
"2015-16","9607","Detroit","Brittney JACKSON",10,6,2293,2400,107,0,3,-3,0
"2015-16","9607","Detroit","Brianne COHEN",23,7,2337,2400,63,0,0,0,0
"2015-16","9608","Maryland","Kiah Gillespie",1,1,0,138,138,6,0,6,1
"2015-16","9608","Maryland","Kiara Leslie",2,1,0,405,405,17,4,13,1
"2015-16","9608","Maryland","S. Walker-Kimbrough",32,1,0,331,331,14,4,10,1
"2015-16","9608","Maryland","Brianna Fraser",34,1,0,294,294,14,4,10,1
"2015-16","9608","Maryland","Brionna Jones",42,1,0,461,461,18,4,14,1
"2015-16","9608","Old Dominion","Makayla TIMMONS",2,1,0,227,227,2,12,-10,1
"2015-16","9608","Old Dominion","Keyana BROWN",20,1,0,227,227,2,12,-10,1
"2015-16","9608","Old Dominion","Ije AJEMBA",23,1,0,294,294,4,14,-10,1
"2015-16","9608","Old Dominion","Jennie SIMMS",25,1,0,405,405,4,17,-13,1
"2015-16","9608","Old Dominion","Destinee YOUNG",40,1,0,491,491,6,21,-15,1
"2015-16","9608","Old Dominion","Rhaven KEMP",0,1,227,568,341,4,15,-11,0
"2015-16","9608","Old Dominion","Ashley JACKSON",30,1,227,461,234,2,6,-4,0
"2015-16","9608","Maryland","Kiah Gillespie",1,2,294,491,197,7,2,5,0
"2015-16","9608","Maryland","Brene Moseley",3,1,294,600,306,16,2,14,0
"2015-16","9608","Old Dominion","Annika HOLOPAINEN",14,1,294,600,306,2,16,-14,0
"2015-16","9608","Maryland","Kristen Confroy",12,1,331,600,269,16,2,14,0
"2015-16","9608","Maryland","S. Walker-Kimbrough",32,2,405,1031,626,29,18,11,0
"2015-16","9608","Old Dominion","Gianna SMITH",5,1,405,600,195,2,13,-11,0
"2015-16","9608","Maryland","Brianna Fraser",34,2,461,600,139,12,2,10,0
"2015-16","9608","Old Dominion","Jennie SIMMS",25,2,461,568,107,2,9,-7,0
"2015-16","9608","Maryland","Tierney Pfirman",22,1,491,600,109,9,0,9,0
"2015-16","9608","Old Dominion","Ije AJEMBA",23,2,491,600,109,0,9,-9,0
"2015-16","9608","Old Dominion","Carolina BERNARDECO",3,1,568,600,32,0,3,-3,0
"2015-16","9608","Old Dominion","LaQuanda YOUNGER",24,1,568,600,32,0,3,-3,0
"2015-16","9608","Maryland","Kiah Gillespie",1,3,600,925,325,8,10,-2,0
"2015-16","9608","Maryland","Kiara Leslie",2,2,600,788,188,5,2,3,0
"2015-16","9608","Maryland","Brene Moseley",3,2,600,787,187,5,0,5,0
"2015-16","9608","Maryland","Chloe Pavlech",15,1,600,600,0,0,0,0,0
"2015-16","9608","Maryland","Brianna Fraser",34,3,600,692,92,3,0,3,0
"2015-16","9608","Maryland","Brionna Jones",42,2,600,600,0,0,0,0,0
"2015-16","9608","Old Dominion","Makayla TIMMONS",2,2,600,600,0,0,0,0,0
"2015-16","9608","Old Dominion","Carolina BERNARDECO",3,2,600,1025,425,15,16,-1,0
"2015-16","9608","Old Dominion","Gianna SMITH",5,2,600,692,92,0,3,-3,0
"2015-16","9608","Old Dominion","Annika HOLOPAINEN",14,2,600,1025,425,15,16,-1,0
"2015-16","9608","Old Dominion","Keyana BROWN",20,2,600,600,0,0,0,0,0
"2015-16","9608","Old Dominion","LaQuanda YOUNGER",24,2,600,692,92,0,3,-3,0
"2015-16","9608","Old Dominion","Jennie SIMMS",25,3,600,600,0,0,0,0,0
"2015-16","9608","Old Dominion","Destinee YOUNG",40,2,600,925,325,10,8,2,0
"2015-16","9608","Maryland","Brionna Jones",42,3,692,771,79,2,0,2,0
"2015-16","9608","Old Dominion","Keyana BROWN",20,3,692,925,233,10,5,5,0
"2015-16","9608","Old Dominion","Jennie SIMMS",25,4,692,1749,1057,32,42,-10,0
"2015-16","9608","Maryland","Malina Howard",5,1,771,788,17,0,2,-2,0
"2015-16","9608","Maryland","Chloe Pavlech",15,2,787,1450,663,28,22,6,0
"2015-16","9608","Maryland","Kristen Confroy",12,2,788,925,137,3,8,-5,0
"2015-16","9608","Maryland","Tierney Pfirman",22,2,788,812,24,3,3,0,0
"2015-16","9608","Maryland","Malina Howard",5,2,812,925,113,0,5,-5,0
"2015-16","9608","Maryland","Brene Moseley",3,3,925,1200,275,10,8,2,0
"2015-16","9608","Maryland","A'Lexus Harrison",33,1,925,1083,158,8,6,2,0
"2015-16","9608","Maryland","Brionna Jones",42,4,925,1376,451,21,12,9,0
"2015-16","9608","Old Dominion","Gianna SMITH",5,3,925,1083,158,6,8,-2,0
"2015-16","9608","Old Dominion","Ije AJEMBA",23,3,925,1428,503,12,23,-11,0
"2015-16","9608","Old Dominion","Makayla TIMMONS",2,3,1025,1404,379,7,13,-6,0
"2015-16","9608","Old Dominion","Destinee YOUNG",40,3,1025,1450,425,7,17,-10,0
"2015-16","9608","Maryland","Kristen Confroy",12,3,1031,1200,169,2,2,0,0
"2015-16","9608","Maryland","Brianna Fraser",34,4,1083,1200,117,2,2,0,0
"2015-16","9608","Old Dominion","Ashley JACKSON",30,2,1083,1200,117,2,2,0,0
"2015-16","9608","Maryland","Kiah Gillespie",1,4,1200,1701,501,27,14,13,0
"2015-16","9608","Maryland","Kiara Leslie",2,3,1200,1200,0,0,0,0,0
"2015-16","9608","Maryland","Brene Moseley",3,4,1200,1673,473,24,14,10,0
"2015-16","9608","Maryland","S. Walker-Kimbrough",32,3,1200,1641,441,24,12,12,0
"2015-16","9608","Old Dominion","LaQuanda YOUNGER",24,3,1200,1800,600,16,29,-13,0
"2015-16","9608","Maryland","Brianna Fraser",34,5,1376,1450,74,4,0,4,0
"2015-16","9608","Old Dominion","Rhaven KEMP",0,2,1404,1601,197,5,11,-6,0
"2015-16","9608","Old Dominion","Gianna SMITH",5,4,1404,1701,297,10,16,-6,0
"2015-16","9608","Old Dominion","Annika HOLOPAINEN",14,3,1428,1800,372,12,16,-4,0
"2015-16","9608","Maryland","Malina Howard",5,3,1450,1800,350,14,12,2,0
"2015-16","9608","Maryland","Tierney Pfirman",22,3,1450,1737,287,12,10,2,0
"2015-16","9608","Old Dominion","Ije AJEMBA",23,4,1450,1800,350,12,14,-2,0
"2015-16","9608","Old Dominion","Makayla TIMMONS",2,4,1601,1855,254,7,9,-2,0
"2015-16","9608","Maryland","Kristen Confroy",12,4,1641,1800,159,5,4,1,0
"2015-16","9608","Maryland","Chloe Pavlech",15,3,1673,2014,341,9,2,7,0
"2015-16","9608","Maryland","Brionna Jones",42,5,1701,1939,238,6,2,4,0
"2015-16","9608","Old Dominion","Keyana BROWN",20,4,1701,1951,250,2,6,-4,0
"2015-16","9608","Maryland","Brianna Fraser",34,6,1737,1800,63,2,2,0,0
"2015-16","9608","Maryland","Kiah Gillespie",1,5,1800,1800,0,0,0,0,0
"2015-16","9608","Maryland","Kiara Leslie",2,4,1800,1800,0,0,0,0,0
"2015-16","9608","Maryland","Malina Howard",5,4,1800,2213,413,12,6,6,0
"2015-16","9608","Maryland","Kristen Confroy",12,5,1800,2400,600,18,9,9,0
"2015-16","9608","Maryland","S. Walker-Kimbrough",32,4,1800,1800,0,0,0,0,0
"2015-16","9608","Maryland","Brianna Fraser",34,7,1800,2400,600,18,9,9,0
"2015-16","9608","Old Dominion","Annika HOLOPAINEN",14,4,1800,1939,139,0,4,-4,0
"2015-16","9608","Old Dominion","LaQuanda YOUNGER",24,4,1800,2014,214,0,4,-4,0
"2015-16","9608","Old Dominion","Jennie SIMMS",25,5,1800,1800,0,0,0,0,0
"2015-16","9608","Old Dominion","Destinee YOUNG",40,4,1800,2146,346,6,6,0,0
"2015-16","9608","Old Dominion","Rhaven KEMP",0,3,1855,2014,159,0,2,-2,0
"2015-16","9608","Maryland","Kiah Gillespie",1,6,1939,2049,110,2,2,0,0
"2015-16","9608","Old Dominion","Ije AJEMBA",23,5,1939,2308,369,7,13,-6,0
"2015-16","9608","Old Dominion","Gianna SMITH",5,5,1951,2142,191,6,2,4,0
"2015-16","9608","Maryland","Brene Moseley",3,5,2014,2296,282,10,7,3,0
"2015-16","9608","Old Dominion","Carolina BERNARDECO",3,3,2014,2400,386,9,14,-5,0
"2015-16","9608","Old Dominion","Jennie SIMMS",25,6,2014,2400,386,9,14,-5,0
"2015-16","9608","Maryland","A'Lexus Harrison",33,2,2049,2400,351,12,7,5,0
"2015-16","9608","Old Dominion","Ashley JACKSON",30,3,2142,2213,71,0,6,-6,0
"2015-16","9608","Old Dominion","Annika HOLOPAINEN",14,5,2146,2400,254,3,12,-9,0
"2015-16","9608","Maryland","Aja Ellison",0,1,2213,2400,187,6,3,3,0
"2015-16","9608","Old Dominion","Gianna SMITH",5,6,2213,2400,187,3,6,-3,0
"2015-16","9608","Maryland","Kiara Leslie",2,5,2296,2400,104,4,2,2,0
"2015-16","9608","Old Dominion","Destinee YOUNG",40,5,2308,2400,92,2,1,1,0
"2015-16","9609","Maryland","Kiah Gillespie",1,1,0,202,202,7,3,4,1
"2015-16","9609","Maryland","Kiara Leslie",2,1,0,412,412,13,4,9,1
"2015-16","9609","Maryland","Chloe Pavlech",15,1,0,251,251,9,4,5,1
"2015-16","9609","Maryland","S. Walker-Kimbrough",32,1,0,600,600,17,4,13,1
"2015-16","9609","Maryland","Brionna Jones",42,1,0,600,600,17,4,13,1
"2015-16","9609","South Dakota State","Kerri YOUNG",10,1,0,251,251,4,9,-5,1
"2015-16","9609","South Dakota State","Madison GUEBERT",11,1,0,251,251,4,9,-5,1
"2015-16","9609","South Dakota State","Macy MILLER",12,1,0,382,382,4,13,-9,1
"2015-16","9609","South Dakota State","Clarissa OBER",21,1,0,56,56,0,2,-2,1
"2015-16","9609","South Dakota State","Ellie THOMPSON",45,1,0,251,251,4,9,-5,1
"2015-16","9609","South Dakota State","Gabrielle BOEVER",4,1,56,382,326,4,11,-7,0
"2015-16","9609","Maryland","Tierney Pfirman",22,1,202,382,180,6,1,5,0
"2015-16","9609","Maryland","Brene Moseley",3,1,251,524,273,4,0,4,0
"2015-16","9609","South Dakota State","Alexis ALEXANDER",1,1,251,600,349,0,8,-8,0
"2015-16","9609","South Dakota State","Clarissa OBER",21,2,251,524,273,0,4,-4,0
"2015-16","9609","South Dakota State","Chloe CORNEMANN",22,1,251,524,273,0,4,-4,0
"2015-16","9609","Maryland","Kristen Confroy",12,1,382,703,321,4,0,4,0
"2015-16","9609","South Dakota State","Kerri YOUNG",10,2,382,600,218,0,4,-4,0
"2015-16","9609","South Dakota State","Ellie THOMPSON",45,2,382,671,289,0,4,-4,0
"2015-16","9609","Maryland","Brianna Fraser",34,1,412,477,65,0,0,0,0
"2015-16","9609","Maryland","Malina Howard",5,1,477,1200,723,18,17,1,0
"2015-16","9609","Maryland","Chloe Pavlech",15,2,524,600,76,4,0,4,0
"2015-16","9609","South Dakota State","Gabrielle BOEVER",4,2,524,831,307,6,6,0,0
"2015-16","9609","South Dakota State","Madison GUEBERT",11,2,524,892,368,6,10,-4,0
"2015-16","9609","Maryland","Kiah Gillespie",1,2,600,671,71,0,0,0,0
"2015-16","9609","Maryland","Kiara Leslie",2,2,600,831,231,2,6,-4,0
"2015-16","9609","Maryland","S. Walker-Kimbrough",32,2,600,671,71,0,0,0,0
"2015-16","9609","South Dakota State","Macy MILLER",12,2,600,892,292,6,6,0,0
"2015-16","9609","South Dakota State","Clarissa OBER",21,3,600,831,231,6,2,4,0
"2015-16","9609","Maryland","S. Walker-Kimbrough",32,3,703,892,189,6,6,0,0
"2015-16","9609","Maryland","Brene Moseley",3,2,739,1200,461,14,15,-1,0
"2015-16","9609","Maryland","Kristen Confroy",12,2,831,1200,369,12,11,1,0
"2015-16","9609","Maryland","Tierney Pfirman",22,2,831,1200,369,12,11,1,0
"2015-16","9609","South Dakota State","Chloe CORNEMANN",22,2,831,1088,257,5,10,-5,0
"2015-16","9609","South Dakota State","Jessica MIERAS",43,1,831,976,145,3,6,-3,0
"2015-16","9609","Maryland","Kiara Leslie",2,3,892,976,84,2,3,-1,0
"2015-16","9609","South Dakota State","Alexis ALEXANDER",1,2,892,1088,196,5,6,-1,0
"2015-16","9609","South Dakota State","Gabrielle BOEVER",4,3,892,1200,308,11,8,3,0
"2015-16","9609","South Dakota State","Ellie THOMPSON",45,3,892,1428,536,21,12,9,0
"2015-16","9609","Maryland","S. Walker-Kimbrough",32,4,976,1428,452,10,18,-8,0
"2015-16","9609","South Dakota State","Macy MILLER",12,3,976,1569,593,22,13,9,0
"2015-16","9609","South Dakota State","Clarissa OBER",21,4,976,1569,593,22,13,9,0
"2015-16","9609","South Dakota State","Kerri YOUNG",10,3,1088,1428,340,16,6,10,0
"2015-16","9609","South Dakota State","Madison GUEBERT",11,3,1088,1710,622,23,15,8,0
"2015-16","9609","Maryland","Kiah Gillespie",1,3,1200,1510,310,5,12,-7,0
"2015-16","9609","Maryland","Kiara Leslie",2,4,1200,1510,310,5,12,-7,0
"2015-16","9609","Maryland","Chloe Pavlech",15,3,1200,1665,465,11,17,-6,0
"2015-16","9609","Maryland","Brionna Jones",42,2,1200,1710,510,13,17,-4,0
"2015-16","9609","Maryland","Kristen Confroy",12,3,1428,1800,372,9,8,1,0
"2015-16","9609","South Dakota State","Alexis ALEXANDER",1,3,1428,1710,282,7,9,-2,0
"2015-16","9609","South Dakota State","Gabrielle BOEVER",4,4,1428,1665,237,7,7,0,0
"2015-16","9609","Maryland","Malina Howard",5,2,1510,1800,290,8,6,2,0
"2015-16","9609","Maryland","S. Walker-Kimbrough",32,5,1510,2400,890,26,22,4,0
"2015-16","9609","South Dakota State","Kerri YOUNG",10,4,1569,2194,625,15,14,1,0
"2015-16","9609","South Dakota State","Ellie THOMPSON",45,4,1569,1948,379,8,8,0,0
"2015-16","9609","Maryland","Brene Moseley",3,3,1665,1800,135,2,1,1,0
"2015-16","9609","South Dakota State","Clarissa OBER",21,5,1665,2092,427,12,6,6,0
"2015-16","9609","Maryland","Tierney Pfirman",22,3,1710,1800,90,0,1,-1,0
"2015-16","9609","South Dakota State","Macy MILLER",12,4,1710,2092,382,12,4,8,0
"2015-16","9609","South Dakota State","Chloe CORNEMANN",22,3,1710,1800,90,1,0,1,0
"2015-16","9609","Maryland","Kiah Gillespie",1,4,1800,1800,0,0,0,0,0
"2015-16","9609","Maryland","Kiara Leslie",2,5,1800,1800,0,0,0,0,0
"2015-16","9609","Maryland","Brene Moseley",3,4,1800,2092,292,4,11,-7,0
"2015-16","9609","Maryland","Malina Howard",5,3,1800,1948,148,2,4,-2,0
"2015-16","9609","Maryland","Kristen Confroy",12,4,1800,1865,65,0,2,-2,0
"2015-16","9609","Maryland","Chloe Pavlech",15,4,1800,1800,0,0,0,0,0
"2015-16","9609","Maryland","Tierney Pfirman",22,4,1800,1948,148,2,4,-2,0
"2015-16","9609","Maryland","Brionna Jones",42,3,1800,1800,0,0,0,0,0
"2015-16","9609","South Dakota State","Madison GUEBERT",11,4,1800,1800,0,0,0,0,0
"2015-16","9609","South Dakota State","Chloe CORNEMANN",22,4,1800,1948,148,4,2,2,0
"2015-16","9609","Maryland","Brionna Jones",42,4,1865,2281,416,10,9,1,0
"2015-16","9609","Maryland","Kiara Leslie",2,6,1948,2092,144,2,7,-5,0
"2015-16","9609","Maryland","Kristen Confroy",12,5,1948,2400,452,16,12,4,0
"2015-16","9609","South Dakota State","Gabrielle BOEVER",4,5,1948,2194,246,7,6,1,0
"2015-16","9609","South Dakota State","Madison GUEBERT",11,5,1948,2400,452,12,16,-4,0
"2015-16","9609","Maryland","Malina Howard",5,4,2092,2400,308,14,5,9,0
"2015-16","9609","Maryland","Chloe Pavlech",15,5,2092,2400,308,14,5,9,0
"2015-16","9609","South Dakota State","Alexis ALEXANDER",1,4,2092,2276,184,0,6,-6,0
"2015-16","9609","South Dakota State","Ellie THOMPSON",45,5,2092,2392,300,5,11,-6,0
"2015-16","9609","South Dakota State","Macy MILLER",12,5,2194,2400,206,5,10,-5,0
"2015-16","9609","South Dakota State","Clarissa OBER",21,6,2194,2392,198,5,7,-2,0
"2015-16","9609","South Dakota State","Kerri YOUNG",10,5,2276,2330,54,2,2,0,0
"2015-16","9609","Maryland","Tierney Pfirman",22,5,2281,2348,67,2,5,-3,0
"2015-16","9609","South Dakota State","Gabrielle BOEVER",4,6,2330,2371,41,3,2,1,0
"2015-16","9609","Maryland","Brionna Jones",42,5,2348,2400,52,6,0,6,0
"2015-16","9609","South Dakota State","Kerri YOUNG",10,6,2371,2400,29,0,4,-4,0
"2015-16","9609","South Dakota State","Alexis ALEXANDER",1,5,2392,2400,8,0,3,-3,0
"2015-16","9609","South Dakota State","Chloe CORNEMANN",22,5,2392,2400,8,0,3,-3,0
"2015-16","9610","Maryland","Kiah Gillespie",1,1,0,355,355,13,7,6,1
"2015-16","9610","Maryland","Kiara Leslie",2,1,0,270,270,8,5,3,1
"2015-16","9610","Maryland","Chloe Pavlech",15,1,0,355,355,13,7,6,1
"2015-16","9610","Maryland","S. Walker-Kimbrough",32,1,0,543,543,17,9,8,1
"2015-16","9610","Maryland","Brionna Jones",42,1,0,355,355,13,7,6,1
"2015-16","9610","Pittsburgh","Aysia BUGG",2,1,0,270,270,5,8,-3,1
"2015-16","9610","Pittsburgh","Yacine DIOP",12,1,0,543,543,9,17,-8,1
"2015-16","9610","Pittsburgh","Kalista WALTERS",32,1,0,716,716,11,27,-16,1
"2015-16","9610","Pittsburgh","Stasha CAREY",35,1,0,595,595,11,19,-8,1
"2015-16","9610","Pittsburgh","Brenna WISE",50,1,0,355,355,7,13,-6,1
"2015-16","9610","Maryland","Kristen Confroy",12,1,270,600,330,11,6,5,0
"2015-16","9610","Pittsburgh","Brittany GORDON",25,1,270,402,132,2,7,-5,0
"2015-16","9610","Maryland","Brene Moseley",3,1,355,543,188,4,2,2,0
"2015-16","9610","Maryland","Malina Howard",5,1,355,543,188,4,2,2,0
"2015-16","9610","Maryland","Brianna Fraser",34,1,355,543,188,4,2,2,0
"2015-16","9610","Pittsburgh","Fred POTVIN",14,1,355,600,245,4,6,-2,0
"2015-16","9610","Pittsburgh","Aysia BUGG",2,2,402,2400,1998,42,55,-13,0
"2015-16","9610","Maryland","Kiah Gillespie",1,2,543,877,334,14,4,10,0
"2015-16","9610","Maryland","Chloe Pavlech",15,2,543,877,334,14,4,10,0
"2015-16","9610","Maryland","Tierney Pfirman",22,1,543,600,57,2,2,0,0
"2015-16","9610","Maryland","Brionna Jones",42,2,543,821,278,14,2,12,0
"2015-16","9610","Pittsburgh","Kauai BRADLEY",5,1,543,600,57,2,2,0,0
"2015-16","9610","Pittsburgh","Brenna WISE",50,2,595,716,121,0,8,-8,0
"2015-16","9610","Maryland","Kiara Leslie",2,2,600,600,0,0,0,0,0
"2015-16","9610","Maryland","Tierney Pfirman",22,2,600,716,116,8,0,8,0
"2015-16","9610","Maryland","S. Walker-Kimbrough",32,2,600,821,221,12,0,12,0
"2015-16","9610","Pittsburgh","Kauai BRADLEY",5,2,600,716,116,0,8,-8,0
"2015-16","9610","Pittsburgh","Yacine DIOP",12,2,600,600,0,0,0,0,0
"2015-16","9610","Pittsburgh","Fred POTVIN",14,2,600,716,116,0,8,-8,0
"2015-16","9610","Pittsburgh","Stasha CAREY",35,2,600,600,0,0,0,0,0
"2015-16","9610","Maryland","Kiara Leslie",2,3,716,874,158,4,2,2,0
"2015-16","9610","Pittsburgh","Yacine DIOP",12,3,716,1579,863,18,19,-1,0
"2015-16","9610","Pittsburgh","Destinie GIBBS",22,1,716,874,158,2,4,-2,0
"2015-16","9610","Pittsburgh","Brittany GORDON",25,2,716,913,197,2,6,-4,0
"2015-16","9610","Pittsburgh","Stasha CAREY",35,3,716,2400,1684,38,43,-5,0
"2015-16","9610","Maryland","Brene Moseley",3,2,821,969,148,2,4,-2,0
"2015-16","9610","Maryland","Brianna Fraser",34,2,821,969,148,2,4,-2,0
"2015-16","9610","Maryland","Kristen Confroy",12,2,874,969,95,2,2,0,0
"2015-16","9610","Pittsburgh","Kalista WALTERS",32,2,874,1762,888,20,22,-2,0
"2015-16","9610","Maryland","Malina Howard",5,2,877,969,92,2,2,0,0
"2015-16","9610","Maryland","Tierney Pfirman",22,3,877,1200,323,2,9,-7,0
"2015-16","9610","Pittsburgh","Brenna WISE",50,3,913,1547,634,15,11,4,0
"2015-16","9610","Maryland","Kiah Gillespie",1,3,969,1127,158,0,5,-5,0
"2015-16","9610","Maryland","Chloe Pavlech",15,3,969,1579,610,13,14,-1,0
"2015-16","9610","Maryland","S. Walker-Kimbrough",32,3,969,1036,67,0,2,-2,0
"2015-16","9610","Maryland","Brionna Jones",42,3,969,1180,211,0,5,-5,0
"2015-16","9610","Maryland","Kiara Leslie",2,4,1036,1127,91,0,3,-3,0
"2015-16","9610","Maryland","Brene Moseley",3,3,1127,1200,73,0,2,-2,0
"2015-16","9610","Maryland","Malina Howard",5,3,1127,1200,73,0,2,-2,0
"2015-16","9610","Maryland","S. Walker-Kimbrough",32,4,1180,2400,1220,37,29,8,0
"2015-16","9610","Maryland","Kiah Gillespie",1,4,1200,1885,685,22,14,8,0
"2015-16","9610","Maryland","Kiara Leslie",2,5,1200,1394,194,6,4,2,0
"2015-16","9610","Maryland","Brionna Jones",42,4,1200,1579,379,13,7,6,0
"2015-16","9610","Maryland","Tierney Pfirman",22,4,1394,1800,406,16,7,9,0
"2015-16","9610","Pittsburgh","Kauai BRADLEY",5,3,1547,1800,253,5,11,-6,0
"2015-16","9610","Maryland","Brene Moseley",3,4,1579,1800,221,9,4,5,0
"2015-16","9610","Maryland","Malina Howard",5,4,1579,1800,221,9,4,5,0
"2015-16","9610","Pittsburgh","Destinie GIBBS",22,2,1579,1672,93,1,3,-2,0
"2015-16","9610","Pittsburgh","Brenna WISE",50,4,1672,1790,118,3,6,-3,0
"2015-16","9610","Pittsburgh","Fred POTVIN",14,3,1762,1800,38,0,2,-2,0
"2015-16","9610","Pittsburgh","Yacine DIOP",12,4,1790,2400,610,16,15,1,0
"2015-16","9610","Maryland","Kiara Leslie",2,6,1800,1800,0,0,0,0,0
"2015-16","9610","Maryland","Brene Moseley",3,5,1800,1955,155,0,9,-9,0
"2015-16","9610","Maryland","Chloe Pavlech",15,4,1800,1800,0,0,0,0,0
"2015-16","9610","Maryland","Tierney Pfirman",22,5,1800,1938,138,0,6,-6,0
"2015-16","9610","Maryland","Brionna Jones",42,5,1800,2400,600,15,16,-1,0
"2015-16","9610","Pittsburgh","Kauai BRADLEY",5,4,1800,2013,213,9,2,7,0
"2015-16","9610","Pittsburgh","Fred POTVIN",14,4,1800,1885,85,3,0,3,0
"2015-16","9610","Pittsburgh","Kalista WALTERS",32,3,1800,1800,0,0,0,0,0
"2015-16","9610","Pittsburgh","Brenna WISE",50,5,1800,1800,0,0,0,0,0
"2015-16","9610","Maryland","Brianna Fraser",34,3,1885,2013,128,2,6,-4,0
"2015-16","9610","Pittsburgh","Brittany GORDON",25,3,1885,2209,324,10,9,1,0
"2015-16","9610","Maryland","Kristen Confroy",12,3,1938,2066,128,2,7,-5,0
"2015-16","9610","Maryland","Chloe Pavlech",15,5,1955,2400,445,15,7,8,0
"2015-16","9610","Maryland","Malina Howard",5,5,2013,2400,387,13,7,6,0
"2015-16","9610","Pittsburgh","Kalista WALTERS",32,4,2013,2400,387,7,13,-6,0
"2015-16","9610","Maryland","Tierney Pfirman",22,6,2066,2305,239,9,2,7,0
"2015-16","9610","Pittsburgh","Brenna WISE",50,6,2209,2400,191,3,6,-3,0
"2015-16","9610","Maryland","Kiah Gillespie",1,5,2305,2400,95,4,1,3,0
"2015-16","9611","Maryland","Kiah Gillespie",1,1,0,301,301,10,9,1,1
"2015-16","9611","Maryland","Kiara Leslie",2,1,0,112,112,3,3,0,1
"2015-16","9611","Maryland","Chloe Pavlech",15,1,0,112,112,3,3,0,1
"2015-16","9611","Maryland","S. Walker-Kimbrough",32,1,0,970,970,33,26,7,1
"2015-16","9611","Maryland","Brionna Jones",42,1,0,301,301,10,9,1,1
"2015-16","9611","Syracuse","Alexis Peterson",1,1,0,393,393,11,14,-3,1
"2015-16","9611","Syracuse","Isabella Slim",10,1,0,220,220,7,10,-3,1
"2015-16","9611","Syracuse","Brianna Butler",13,1,0,454,454,15,16,-1,1
"2015-16","9611","Syracuse","Brittney Sykes",20,1,0,167,167,5,7,-2,1
"2015-16","9611","Syracuse","Briana Day",50,1,0,301,301,9,10,-1,1
"2015-16","9611","Maryland","Brene Moseley",3,1,112,476,364,15,12,3,0
"2015-16","9611","Maryland","Tierney Pfirman",22,1,112,194,82,4,2,2,0
"2015-16","9611","Syracuse","Cornelia Fondren",11,1,167,600,433,10,18,-8,0
"2015-16","9611","Maryland","Kristen Confroy",12,1,194,600,406,18,10,8,0
"2015-16","9611","Syracuse","Brittney Sykes",20,2,220,282,62,2,0,2,0
"2015-16","9611","Syracuse","Isabella Slim",10,2,282,301,19,0,0,0,0
"2015-16","9611","Maryland","Malina Howard",5,1,301,454,153,6,6,0,0
"2015-16","9611","Maryland","Tierney Pfirman",22,2,301,345,44,0,0,0,0
"2015-16","9611","Syracuse","Brittney Sykes",20,3,301,600,299,6,15,-9,0
"2015-16","9611","Syracuse","Bria Day",55,1,301,505,204,6,11,-5,0
"2015-16","9611","Maryland","Kiara Leslie",2,2,345,650,305,15,10,5,0
"2015-16","9611","Syracuse","Abby Grant",34,1,393,505,112,4,7,-3,0
"2015-16","9611","Maryland","Brionna Jones",42,2,454,823,369,13,6,7,0
"2015-16","9611","Syracuse","Alexis Peterson",1,2,454,2087,1633,41,57,-16,0
"2015-16","9611","Maryland","Chloe Pavlech",15,2,476,823,347,11,6,5,0
"2015-16","9611","Syracuse","Brianna Butler",13,2,505,1616,1111,28,32,-4,0
"2015-16","9611","Syracuse","Briana Day",50,2,505,823,318,6,8,-2,0
"2015-16","9611","Maryland","Kiah Gillespie",1,2,600,600,0,0,0,0,0
"2015-16","9611","Maryland","Kristen Confroy",12,2,600,665,65,0,4,-4,0
"2015-16","9611","Syracuse","Maggie Morrison",4,1,600,823,223,6,4,2,0
"2015-16","9611","Syracuse","Isabella Slim",10,3,600,600,0,0,0,0,0
"2015-16","9611","Syracuse","Cornelia Fondren",11,2,600,823,223,6,4,2,0
"2015-16","9611","Maryland","Kiah Gillespie",1,3,650,823,173,4,2,2,0
"2015-16","9611","Maryland","Brene Moseley",3,2,665,1200,535,18,12,6,0
"2015-16","9611","Maryland","Malina Howard",5,2,823,1200,377,14,10,4,0
"2015-16","9611","Maryland","Tierney Pfirman",22,3,823,1047,224,8,8,0,0
"2015-16","9611","Maryland","Brianna Fraser",34,1,823,910,87,2,5,-3,0
"2015-16","9611","Syracuse","Brittney Sykes",20,4,823,1681,858,24,24,0,0
"2015-16","9611","Syracuse","Taylor Ford",22,1,823,910,87,5,2,3,0
"2015-16","9611","Syracuse","Bria Day",55,2,823,970,147,5,4,1,0
"2015-16","9611","Maryland","Brionna Jones",42,3,910,1505,595,18,13,5,0
"2015-16","9611","Syracuse","Julia Chandler",3,1,910,1047,137,3,6,-3,0
"2015-16","9611","Maryland","Kristen Confroy",12,3,970,1200,230,10,5,5,0
"2015-16","9611","Syracuse","Briana Day",50,3,970,1139,169,5,8,-3,0
"2015-16","9611","Maryland","S. Walker-Kimbrough",32,2,1047,2400,1353,45,35,10,0
"2015-16","9611","Syracuse","Isabella Slim",10,4,1047,1251,204,2,6,-4,0
"2015-16","9611","Syracuse","Bria Day",55,3,1139,1200,61,0,2,-2,0
"2015-16","9611","Maryland","Kiah Gillespie",1,4,1200,1410,210,6,6,0,0
"2015-16","9611","Maryland","Kiara Leslie",2,3,1200,1327,127,4,4,0,0
"2015-16","9611","Maryland","Chloe Pavlech",15,3,1200,1271,71,0,2,-2,0
"2015-16","9611","Syracuse","Briana Day",50,4,1200,1541,341,10,8,2,0
"2015-16","9611","Syracuse","Cornelia Fondren",11,3,1251,1800,549,19,15,4,0
"2015-16","9611","Maryland","Brene Moseley",3,3,1271,1800,529,15,17,-2,0
"2015-16","9611","Maryland","Kristen Confroy",12,4,1327,1505,178,2,4,-2,0
"2015-16","9611","Maryland","Malina Howard",5,3,1410,1800,390,9,13,-4,0
"2015-16","9611","Maryland","Kiara Leslie",2,4,1505,1702,197,4,7,-3,0
"2015-16","9611","Maryland","A'Lexus Harrison",33,1,1505,1616,111,4,4,0,0
"2015-16","9611","Syracuse","Bria Day",55,4,1541,1656,115,2,2,0,0
"2015-16","9611","Maryland","Brionna Jones",42,4,1616,1791,175,5,7,-2,0
"2015-16","9611","Syracuse","Abby Grant",34,2,1616,1702,86,3,0,3,0
"2015-16","9611","Syracuse","Briana Day",50,5,1656,1739,83,3,3,0,0
"2015-16","9611","Syracuse","Brianna Butler",13,3,1681,2400,719,19,29,-10,0
"2015-16","9611","Maryland","Tierney Pfirman",22,4,1702,1800,98,5,4,1,0
"2015-16","9611","Syracuse","Brittney Sykes",20,5,1702,1950,248,7,14,-7,0
"2015-16","9611","Syracuse","Bria Day",55,5,1739,1800,61,4,2,2,0
"2015-16","9611","Maryland","Kiah Gillespie",1,5,1791,1839,48,3,0,3,0
"2015-16","9611","Maryland","Kiara Leslie",2,5,1800,1800,0,0,0,0,0
"2015-16","9611","Maryland","Brene Moseley",3,4,1800,1888,88,5,0,5,0
"2015-16","9611","Maryland","Malina Howard",5,4,1800,2029,229,15,6,9,0
"2015-16","9611","Maryland","Chloe Pavlech",15,4,1800,1800,0,0,0,0,0
"2015-16","9611","Maryland","Tierney Pfirman",22,5,1800,2055,255,15,6,9,0
"2015-16","9611","Maryland","Brionna Jones",42,5,1800,1800,0,0,0,0,0
"2015-16","9611","Syracuse","Isabella Slim",10,5,1800,1800,0,0,0,0,0
"2015-16","9611","Syracuse","Cornelia Fondren",11,4,1800,2400,600,14,24,-10,0
"2015-16","9611","Syracuse","Briana Day",50,6,1800,1800,0,0,0,0,0
"2015-16","9611","Syracuse","Bria Day",55,6,1800,1839,39,0,3,-3,0
"2015-16","9611","Maryland","Brionna Jones",42,6,1839,2291,452,15,13,2,0
"2015-16","9611","Syracuse","Briana Day",50,7,1839,2400,561,14,21,-7,0
"2015-16","9611","Maryland","Chloe Pavlech",15,5,1888,2400,512,19,14,5,0
"2015-16","9611","Syracuse","Abby Grant",34,3,1950,2029,79,3,6,-3,0
"2015-16","9611","Maryland","Kiah Gillespie",1,6,2029,2162,133,1,3,-2,0
"2015-16","9611","Syracuse","Brittney Sykes",20,6,2029,2332,303,8,6,2,0
"2015-16","9611","Maryland","Kristen Confroy",12,5,2055,2162,107,1,3,-2,0
"2015-16","9611","Syracuse","Abby Grant",34,4,2087,2104,17,0,0,0,0
"2015-16","9611","Syracuse","Maggie Morrison",4,2,2104,2196,92,5,1,4,0
"2015-16","9611","Maryland","Malina Howard",5,5,2162,2400,238,8,5,3,0
"2015-16","9611","Maryland","Tierney Pfirman",22,6,2162,2400,238,8,5,3,0
"2015-16","9611","Syracuse","Alexis Peterson",1,3,2196,2400,204,3,8,-5,0
"2015-16","9611","Maryland","Brene Moseley",3,5,2291,2332,41,3,1,2,0
"2015-16","9611","Maryland","Kristen Confroy",12,6,2332,2400,68,3,0,3,0
"2015-16","9611","Syracuse","Maggie Morrison",4,3,2332,2400,68,0,3,-3,0
"2015-16","9612","Ccsu","Camden MUSGRAVE",3,1,0,250,250,2,10,-8,1
"2015-16","9612","Ccsu","Kayla MILLER",11,1,0,382,382,2,16,-14,1
"2015-16","9612","Ccsu","Aleah EPPS",24,1,0,382,382,2,16,-14,1
"2015-16","9612","Ccsu","Emma STROYAN",35,1,0,673,673,2,27,-25,1
"2015-16","9612","Ccsu","TeJahne MALONE",40,1,0,600,600,2,22,-20,1
"2015-16","9612","Maryland","Malina Howard",5,1,0,250,250,10,2,8,1
"2015-16","9612","Maryland","Chloe Pavlech",15,1,0,250,250,10,2,8,1
"2015-16","9612","Maryland","Tierney Pfirman",22,1,0,208,208,10,2,8,1
"2015-16","9612","Maryland","S. Walker-Kimbrough",32,1,0,522,522,22,2,20,1
"2015-16","9612","Maryland","Brionna Jones",42,1,0,382,382,16,2,14,1
"2015-16","9612","Maryland","Kiara Leslie",2,1,208,522,314,12,0,12,0
"2015-16","9612","Ccsu","Caitland CONSIDINE",22,1,250,522,272,0,12,-12,0
"2015-16","9612","Maryland","Kiah Gillespie",1,1,250,600,350,12,0,12,0
"2015-16","9612","Maryland","Brene Moseley",3,1,250,382,132,6,0,6,0
"2015-16","9612","Ccsu","Kiana PATTERSON",14,1,382,522,140,0,6,-6,0
"2015-16","9612","Ccsu","Chayla LEWIS",25,1,382,600,218,0,6,-6,0
"2015-16","9612","Maryland","Malina Howard",5,2,382,558,176,6,0,6,0
"2015-16","9612","Maryland","Chloe Pavlech",15,2,382,558,176,6,0,6,0
"2015-16","9612","Ccsu","Sydney HINES",5,1,522,716,194,0,7,-7,0
"2015-16","9612","Ccsu","Aleah EPPS",24,2,522,1040,518,5,15,-10,0
"2015-16","9612","Maryland","Kristen Confroy",12,1,522,600,78,0,0,0,0
"2015-16","9612","Maryland","Tierney Pfirman",22,2,522,802,280,9,1,8,0
"2015-16","9612","Maryland","Brene Moseley",3,2,558,600,42,0,0,0,0
"2015-16","9612","Maryland","Brionna Jones",42,2,558,802,244,9,1,8,0
"2015-16","9612","Ccsu","Kayla MILLER",11,2,600,716,116,0,7,-7,0
"2015-16","9612","Ccsu","TeJahne MALONE",40,2,600,1687,1087,30,31,-1,0
"2015-16","9612","Maryland","Kiah Gillespie",1,2,600,802,202,9,1,8,0
"2015-16","9612","Maryland","Brene Moseley",3,3,600,802,202,9,1,8,0
"2015-16","9612","Maryland","Malina Howard",5,3,600,600,0,0,0,0,0
"2015-16","9612","Maryland","Kristen Confroy",12,2,600,802,202,9,1,8,0
"2015-16","9612","Maryland","Chloe Pavlech",15,3,600,600,0,0,0,0,0
"2015-16","9612","Maryland","S. Walker-Kimbrough",32,2,600,600,0,0,0,0,0
"2015-16","9612","Ccsu","Kiana PATTERSON",14,2,716,1200,484,12,12,0,0
"2015-16","9612","Ccsu","Nicole FERGUSON",21,1,716,1040,324,5,8,-3,0
"2015-16","9612","Maryland","Kiara Leslie",2,2,802,1040,238,6,4,2,0
"2015-16","9612","Maryland","Malina Howard",5,4,802,1040,238,6,4,2,0
"2015-16","9612","Maryland","Chloe Pavlech",15,4,802,1040,238,6,4,2,0
"2015-16","9612","Maryland","S. Walker-Kimbrough",32,3,802,1040,238,6,4,2,0
"2015-16","9612","Maryland","A'Lexus Harrison",33,1,802,897,95,0,2,-2,0
"2015-16","9612","Maryland","Brianna Fraser",34,1,897,1112,215,6,5,1,0
"2015-16","9612","Ccsu","Caitland CONSIDINE",22,2,1040,1200,160,7,4,3,0
"2015-16","9612","Ccsu","Chayla LEWIS",25,2,1040,1200,160,7,4,3,0
"2015-16","9612","Maryland","Kiah Gillespie",1,3,1040,1200,160,4,7,-3,0
"2015-16","9612","Maryland","Brene Moseley",3,4,1040,1084,44,0,3,-3,0
"2015-16","9612","Maryland","Kristen Confroy",12,3,1040,1200,160,4,7,-3,0
"2015-16","9612","Maryland","Tierney Pfirman",22,3,1040,1340,300,10,12,-2,0
"2015-16","9612","Maryland","Chloe Pavlech",15,5,1084,1466,382,12,16,-4,0
"2015-16","9612","Maryland","Brionna Jones",42,3,1112,1244,132,6,4,2,0
"2015-16","9612","Ccsu","Camden MUSGRAVE",3,2,1200,1470,270,12,8,4,0
"2015-16","9612","Ccsu","Kayla MILLER",11,3,1200,1470,270,12,8,4,0
"2015-16","9612","Ccsu","Giocelis REYNOSO",15,1,1200,1200,0,12,19,-7,0
"2015-16","9612","Ccsu","Aleah EPPS",24,3,1200,2158,958,28,33,-5,0
"2015-16","9612","Ccsu","Emma STROYAN",35,2,1200,1736,536,18,20,-2,0
"2015-16","9612","Maryland","Malina Howard",5,5,1200,1466,266,8,12,-4,0
"2015-16","9612","Maryland","S. Walker-Kimbrough",32,4,1200,1340,140,6,5,1,0
"2015-16","9612","Maryland","Kiah Gillespie",1,4,1244,1466,222,6,12,-6,0
"2015-16","9612","Maryland","Kiara Leslie",2,3,1340,1800,460,16,17,-1,0
"2015-16","9612","Maryland","Kristen Confroy",12,4,1340,1673,333,6,13,-7,0
"2015-16","9612","Maryland","Brene Moseley",3,5,1466,1800,334,14,10,4,0
"2015-16","9612","Maryland","S. Walker-Kimbrough",32,5,1466,1961,495,20,12,8,0
"2015-16","9612","Maryland","Brionna Jones",42,4,1466,1594,128,4,4,0,0
"2015-16","9612","Ccsu","Kiana PATTERSON",14,3,1470,1800,330,10,14,-4,0
"2015-16","9612","Ccsu","Brianna JACOBS",23,1,1470,1800,330,10,14,-4,0
"2015-16","9612","Maryland","A'Lexus Harrison",33,2,1594,1800,206,10,6,4,0
"2015-16","9612","Maryland","Brianna Fraser",34,2,1673,1771,98,8,4,4,0
"2015-16","9612","Ccsu","Andi LYDON",10,1,1687,1800,113,4,10,-6,0
"2015-16","9612","Ccsu","Camden MUSGRAVE",3,3,1736,1961,225,6,8,-2,0
"2015-16","9612","Maryland","Aja Ellison",0,1,1771,1800,29,2,0,2,0
"2015-16","9612","Ccsu","Kayla MILLER",11,4,1800,2033,233,4,6,-2,0
"2015-16","9612","Ccsu","Emma STROYAN",35,3,1800,2111,311,6,11,-5,0
"2015-16","9612","Ccsu","TeJahne MALONE",40,3,1800,2211,411,6,13,-7,0
"2015-16","9612","Maryland","Kiah Gillespie",1,5,1800,1800,0,0,0,0,0
"2015-16","9612","Maryland","Malina Howard",5,6,1800,1803,3,2,0,2,0
"2015-16","9612","Maryland","Kristen Confroy",12,5,1800,1800,0,0,0,0,0
"2015-16","9612","Maryland","Chloe Pavlech",15,6,1800,1803,3,2,0,2,0
"2015-16","9612","Maryland","Tierney Pfirman",22,4,1800,1803,3,2,0,2,0
"2015-16","9612","Maryland","Brionna Jones",42,5,1800,1961,161,6,2,4,0
"2015-16","9612","Maryland","Kiah Gillespie",1,6,1803,2033,230,4,4,0,0
"2015-16","9612","Maryland","Brene Moseley",3,6,1803,2400,597,21,7,14,0
"2015-16","9612","Maryland","Kristen Confroy",12,6,1803,2400,597,21,7,14,0
"2015-16","9612","Ccsu","Kiana PATTERSON",14,4,1961,2400,439,5,17,-12,0
"2015-16","9612","Maryland","Kiara Leslie",2,4,1961,2276,315,9,4,5,0
"2015-16","9612","Maryland","Malina Howard",5,7,1961,2111,150,5,4,1,0
"2015-16","9612","Ccsu","Chayla LEWIS",25,3,2033,2400,367,3,17,-14,0
"2015-16","9612","Maryland","A'Lexus Harrison",33,3,2033,2400,367,17,3,14,0
"2015-16","9612","Ccsu","Giocelis REYNOSO",15,2,2111,2211,100,0,2,-2,0
"2015-16","9612","Maryland","Brianna Fraser",34,3,2111,2400,289,12,1,11,0
"2015-16","9612","Ccsu","Camden MUSGRAVE",3,4,2158,2276,118,0,4,-4,0
"2015-16","9612","Ccsu","Andi LYDON",10,2,2211,2400,189,1,10,-9,0
"2015-16","9612","Ccsu","Brianna JACOBS",23,2,2211,2400,189,1,10,-9,0
"2015-16","9612","Ccsu","Sydney HINES",5,2,2276,2400,124,1,8,-7,0
"2015-16","9612","Maryland","Aja Ellison",0,2,2276,2400,124,8,1,7,0
"2015-16","9612","Maryland","Chloe Pavlech",15,7,2276,2289,13,2,0,2,0
"2015-16","9613","Loyola","Colleen Marshall",5,1,0,462,462,7,18,-11,1
"2015-16","9613","Loyola","Bri Betz-White",11,1,0,573,573,12,22,-10,1
"2015-16","9613","Loyola","Lisa Mirarchi",23,1,0,365,365,7,14,-7,1
"2015-16","9613","Loyola","Steph Smith",32,1,0,365,365,7,14,-7,1
"2015-16","9613","Loyola","Jeneh Perry",42,1,0,573,573,12,22,-10,1
"2015-16","9613","Maryland","Kiah Gillespie",1,1,0,293,293,10,5,5,1
"2015-16","9613","Maryland","Malina Howard",5,1,0,271,271,10,5,5,1
"2015-16","9613","Maryland","Chloe Pavlech",15,1,0,293,293,10,5,5,1
"2015-16","9613","Maryland","S. Walker-Kimbrough",32,1,0,483,483,18,7,11,1
"2015-16","9613","Maryland","Brionna Jones",42,1,0,483,483,18,7,11,1
"2015-16","9613","Maryland","Kiara Leslie",2,1,271,365,94,4,2,2,0
"2015-16","9613","Maryland","Brene Moseley",3,1,293,600,307,12,7,5,0
"2015-16","9613","Maryland","Brianna Fraser",34,1,293,483,190,8,2,6,0
"2015-16","9613","Loyola","Diana Logan",20,1,365,600,235,5,8,-3,0
"2015-16","9613","Loyola","Carly Monzo",33,1,365,600,235,5,8,-3,0
"2015-16","9613","Maryland","Kristen Confroy",12,1,365,600,235,8,5,3,0
"2015-16","9613","Loyola","Lisa Mirarchi",23,2,462,853,391,15,14,1,0
"2015-16","9613","Maryland","Kiah Gillespie",1,2,483,769,286,8,11,-3,0
"2015-16","9613","Maryland","Kiara Leslie",2,2,483,600,117,4,5,-1,0
"2015-16","9613","Maryland","Malina Howard",5,2,483,600,117,4,5,-1,0
"2015-16","9613","Loyola","Colleen Marshall",5,2,573,2083,1510,32,66,-34,0
"2015-16","9613","Loyola","Steph Smith",32,2,573,769,196,6,4,2,0
"2015-16","9613","Loyola","Bri Betz-White",11,2,600,600,0,0,0,0,0
"2015-16","9613","Loyola","Diana Logan",20,2,600,769,169,6,4,2,0
"2015-16","9613","Loyola","Carly Monzo",33,2,600,1070,470,12,21,-9,0
"2015-16","9613","Loyola","Jeneh Perry",42,2,600,600,0,0,0,0,0
"2015-16","9613","Maryland","Kiara Leslie",2,3,600,1070,470,21,12,9,0
"2015-16","9613","Maryland","Brene Moseley",3,2,600,664,64,0,3,-3,0
"2015-16","9613","Maryland","Chloe Pavlech",15,2,600,600,0,0,0,0,0
"2015-16","9613","Maryland","S. Walker-Kimbrough",32,2,600,1070,470,21,12,9,0
"2015-16","9613","Maryland","Brionna Jones",42,2,600,769,169,4,6,-2,0
"2015-16","9613","Maryland","Chloe Pavlech",15,3,664,1070,406,21,9,12,0
"2015-16","9613","Loyola","Bri Betz-White",11,3,769,1298,529,6,26,-20,0
"2015-16","9613","Loyola","Jeneh Perry",42,3,769,1692,923,19,48,-29,0
"2015-16","9613","Maryland","Malina Howard",5,3,769,1070,301,17,6,11,0
"2015-16","9613","Maryland","Brianna Fraser",34,2,769,1070,301,17,6,11,0
"2015-16","9613","Loyola","Diana Logan",20,3,853,1070,217,2,11,-9,0
"2015-16","9613","Loyola","Madelene McDonald",14,1,1070,1200,130,0,7,-7,0
"2015-16","9613","Loyola","Steph Smith",32,3,1070,1139,69,0,4,-4,0
"2015-16","9613","Maryland","Kiah Gillespie",1,3,1070,1367,297,9,0,9,0
"2015-16","9613","Maryland","Brene Moseley",3,3,1070,1200,130,7,0,7,0
"2015-16","9613","Maryland","Kristen Confroy",12,2,1070,1200,130,7,0,7,0
"2015-16","9613","Maryland","A'Lexus Harrison",33,1,1070,1200,130,7,0,7,0
"2015-16","9613","Maryland","Brionna Jones",42,3,1070,1800,730,36,17,19,0
"2015-16","9613","Loyola","Lauren Daugherty",21,1,1139,1200,61,0,3,-3,0
"2015-16","9613","Loyola","Lisa Mirarchi",23,3,1200,2223,1023,20,40,-20,0
"2015-16","9613","Loyola","Steph Smith",32,4,1200,1441,241,3,5,-2,0
"2015-16","9613","Maryland","Malina Howard",5,4,1200,1533,333,15,5,10,0
"2015-16","9613","Maryland","Chloe Pavlech",15,4,1200,1399,199,2,3,-1,0
"2015-16","9613","Maryland","S. Walker-Kimbrough",32,3,1200,1800,600,29,17,12,0
"2015-16","9613","Loyola","Diana Logan",20,4,1298,1367,69,0,0,0,0
"2015-16","9613","Loyola","Bri Betz-White",11,4,1367,1533,166,5,13,-8,0
"2015-16","9613","Maryland","Kiara Leslie",2,4,1367,1652,285,19,13,6,0
"2015-16","9613","Maryland","Brene Moseley",3,4,1399,1800,401,27,14,13,0
"2015-16","9613","Loyola","Carly Monzo",33,3,1441,1800,359,14,24,-10,0
"2015-16","9613","Loyola","Diana Logan",20,5,1533,1800,267,12,14,-2,0
"2015-16","9613","Maryland","Brianna Fraser",34,3,1533,1800,267,14,12,2,0
"2015-16","9613","Maryland","Kristen Confroy",12,3,1652,1800,148,8,4,4,0
"2015-16","9613","Loyola","Lauren Daugherty",21,2,1692,1800,108,4,5,-1,0
"2015-16","9613","Loyola","Bri Betz-White",11,5,1800,1800,0,0,0,0,0
"2015-16","9613","Loyola","Diana Logan",20,6,1800,2083,283,3,9,-6,0
"2015-16","9613","Loyola","Lauren Daugherty",21,3,1800,2083,283,3,9,-6,0
"2015-16","9613","Loyola","Steph Smith",32,5,1800,1800,0,0,0,0,0
"2015-16","9613","Loyola","Carly Monzo",33,4,1800,2083,283,3,9,-6,0
"2015-16","9613","Loyola","Jeneh Perry",42,4,1800,1800,0,0,0,0,0
"2015-16","9613","Maryland","Kiah Gillespie",1,4,1800,1947,147,5,3,2,0
"2015-16","9613","Maryland","Malina Howard",5,5,1800,2083,283,9,3,6,0
"2015-16","9613","Maryland","Kristen Confroy",12,4,1800,2400,600,18,6,12,0
"2015-16","9613","Maryland","Chloe Pavlech",15,5,1800,2143,343,11,3,8,0
"2015-16","9613","Maryland","A'Lexus Harrison",33,2,1800,2083,283,9,3,6,0
"2015-16","9613","Maryland","Brianna Fraser",34,4,1947,2400,453,13,3,10,0
"2015-16","9613","Loyola","Bri Betz-White",11,6,2083,2223,140,0,2,-2,0
"2015-16","9613","Loyola","Maria Kilcullen",30,1,2083,2400,317,3,9,-6,0
"2015-16","9613","Loyola","Steph Smith",32,6,2083,2264,181,3,4,-1,0
"2015-16","9613","Loyola","Jeneh Perry",42,5,2083,2223,140,0,2,-2,0
"2015-16","9613","Maryland","Aja Ellison",0,1,2083,2400,317,9,3,6,0
"2015-16","9613","Maryland","Kiah Gillespie",1,5,2083,2264,181,4,3,1,0
"2015-16","9613","Maryland","Brene Moseley",3,5,2143,2400,257,7,3,4,0
"2015-16","9613","Loyola","Madelene McDonald",14,2,2223,2400,177,3,7,-4,0
"2015-16","9613","Loyola","Alex Barazotti",22,1,2223,2400,177,3,7,-4,0
"2015-16","9613","Loyola","Courtney Vannoy",25,1,2223,2400,177,3,7,-4,0
"2015-16","9613","Loyola","Tori Schultz",31,1,2264,2400,136,0,5,-5,0
"2015-16","9613","Maryland","A'Lexus Harrison",33,3,2264,2400,136,5,0,5,0
"2015-16","9614","Maryland","Kiah Gillespie",1,1,0,249,249,6,4,2,1
"2015-16","9614","Maryland","Malina Howard",5,1,0,249,249,6,4,2,1
"2015-16","9614","Maryland","Chloe Pavlech",15,1,0,249,249,6,4,2,1
"2015-16","9614","Maryland","S. Walker-Kimbrough",32,1,0,1012,1012,41,25,16,1
"2015-16","9614","Maryland","Brionna Jones",42,1,0,513,513,23,11,12,1
"2015-16","9614","Southern","Skylar O'Bear",4,1,0,555,555,14,23,-9,1
"2015-16","9614","Southern","Rishonti Cowart",11,1,0,249,249,4,6,-2,1
"2015-16","9614","Southern","Britney Washington",21,1,0,249,249,4,6,-2,1
"2015-16","9614","Southern","Briana Green",22,1,0,379,379,6,18,-12,1
"2015-16","9614","Southern","Cortnei Purnell",40,1,0,249,249,4,6,-2,1
"2015-16","9614","Maryland","Brene Moseley",3,1,249,555,306,17,10,7,0
"2015-16","9614","Maryland","Kristen Confroy",12,1,249,600,351,19,10,9,0
"2015-16","9614","Maryland","Brianna Fraser",34,1,249,459,210,17,7,10,0
"2015-16","9614","Southern","Ashley Williams",10,1,249,445,196,4,17,-13,0
"2015-16","9614","Southern","Kadesha Berry",23,1,249,302,53,0,5,-5,0
"2015-16","9614","Southern","Kenidi Robinson",33,1,249,445,196,4,17,-13,0
"2015-16","9614","Southern","Courtney Parsons",12,1,302,445,143,4,12,-8,0
"2015-16","9614","Southern","Jadea Brundidge",5,1,379,513,134,5,5,0,0
"2015-16","9614","Maryland","Kiah Gillespie",1,2,445,459,14,0,3,-3,0
"2015-16","9614","Maryland","Kiara Leslie",2,1,445,513,68,0,3,-3,0
"2015-16","9614","Southern","Rishonti Cowart",11,2,445,513,68,3,0,3,0
"2015-16","9614","Southern","Britney Washington",21,2,445,513,68,3,0,3,0
"2015-16","9614","Southern","Cortnei Purnell",40,2,445,513,68,3,0,3,0
"2015-16","9614","Maryland","Malina Howard",5,2,513,725,212,6,5,1,0
"2015-16","9614","Maryland","Brianna Fraser",34,2,513,600,87,2,3,-1,0
"2015-16","9614","Southern","Ashley Williams",10,2,513,581,68,3,2,1,0
"2015-16","9614","Southern","Miaya Crowder",15,1,513,600,87,3,2,1,0
"2015-16","9614","Southern","Briana Green",22,2,513,574,61,3,0,3,0
"2015-16","9614","Southern","Kadesha Berry",23,2,513,600,87,3,2,1,0
"2015-16","9614","Maryland","Chloe Pavlech",15,2,555,725,170,6,2,4,0
"2015-16","9614","Southern","Britney Washington",21,3,555,725,170,2,6,-4,0
"2015-16","9614","Southern","Cortnei Purnell",40,3,555,725,170,2,6,-4,0
"2015-16","9614","Southern","Rishonti Cowart",11,3,574,725,151,2,6,-4,0
"2015-16","9614","Maryland","Kiah Gillespie",1,3,600,600,0,0,0,0,0
"2015-16","9614","Maryland","Kristen Confroy",12,2,600,871,271,10,6,4,0
"2015-16","9614","Maryland","Brianna Fraser",34,3,600,725,125,4,2,2,0
"2015-16","9614","Maryland","Brionna Jones",42,2,600,600,0,0,0,0,0
"2015-16","9614","Southern","Skylar O'Bear",4,2,600,600,0,0,0,0,0
"2015-16","9614","Southern","Miaya Crowder",15,2,600,774,174,2,4,-2,0
"2015-16","9614","Southern","Briana Green",22,3,600,600,0,0,0,0,0
"2015-16","9614","Southern","Kadesha Berry",23,3,600,725,125,2,4,-2,0
"2015-16","9614","Maryland","Kiah Gillespie",1,4,725,1111,386,17,13,4,0
"2015-16","9614","Maryland","Brene Moseley",3,2,725,1200,475,21,13,8,0
"2015-16","9614","Maryland","Brionna Jones",42,3,725,1371,646,30,17,13,0
"2015-16","9614","Southern","Skylar O'Bear",4,3,725,801,76,0,2,-2,0
"2015-16","9614","Southern","Ashley Williams",10,3,725,871,146,4,6,-2,0
"2015-16","9614","Southern","Courtney Parsons",12,2,725,845,120,2,6,-4,0
"2015-16","9614","Southern","Sarai Blissett",24,1,725,801,76,0,2,-2,0
"2015-16","9614","Southern","Jadea Brundidge",5,2,774,935,161,6,10,-4,0
"2015-16","9614","Southern","Britney Washington",21,4,801,1111,310,13,15,-2,0
"2015-16","9614","Southern","Kenidi Robinson",33,2,801,871,70,4,4,0,0
"2015-16","9614","Southern","Kadesha Berry",23,4,845,935,90,4,4,0,0
"2015-16","9614","Maryland","Kiara Leslie",2,2,871,1111,240,11,9,2,0
"2015-16","9614","Southern","Rishonti Cowart",11,4,871,1111,240,9,11,-2,0
"2015-16","9614","Southern","Cortnei Purnell",40,4,871,1111,240,9,11,-2,0
"2015-16","9614","Southern","Skylar O'Bear",4,4,935,1012,77,3,2,1,0
"2015-16","9614","Southern","Miaya Crowder",15,3,935,1012,77,3,2,1,0
"2015-16","9614","Maryland","Kristen Confroy",12,3,1012,1200,188,9,4,5,0
"2015-16","9614","Southern","Courtney Parsons",12,3,1012,1111,99,4,5,-1,0
"2015-16","9614","Southern","Briana Green",22,4,1012,1111,99,4,5,-1,0
"2015-16","9614","Maryland","S. Walker-Kimbrough",32,2,1111,1570,459,22,10,12,0
"2015-16","9614","Maryland","Brianna Fraser",34,4,1111,1200,89,4,0,4,0
"2015-16","9614","Southern","Skylar O'Bear",4,5,1111,1371,260,4,13,-9,0
"2015-16","9614","Southern","Jadea Brundidge",5,3,1111,1445,334,6,13,-7,0
"2015-16","9614","Southern","Ashley Williams",10,4,1111,1200,89,0,4,-4,0
"2015-16","9614","Southern","Kadesha Berry",23,5,1111,1177,66,0,4,-4,0
"2015-16","9614","Southern","Kenidi Robinson",33,3,1111,1177,66,0,4,-4,0
"2015-16","9614","Southern","Rishonti Cowart",11,5,1177,1200,23,0,0,0,0
"2015-16","9614","Southern","Britney Washington",21,5,1177,1371,194,4,9,-5,0
"2015-16","9614","Maryland","Kiah Gillespie",1,5,1200,1445,245,9,6,3,0
"2015-16","9614","Maryland","Malina Howard",5,3,1200,1487,287,11,8,3,0
"2015-16","9614","Maryland","Chloe Pavlech",15,3,1200,1371,171,9,4,5,0
"2015-16","9614","Southern","Briana Green",22,5,1200,1371,171,4,9,-5,0
"2015-16","9614","Southern","Cortnei Purnell",40,5,1200,1371,171,4,9,-5,0
"2015-16","9614","Maryland","Brene Moseley",3,3,1371,1710,339,12,9,3,0
"2015-16","9614","Maryland","Brianna Fraser",34,5,1371,1800,429,15,11,4,0
"2015-16","9614","Southern","Tashi-ana Thompson",1,1,1371,1510,139,4,6,-2,0
"2015-16","9614","Southern","Ashley Williams",10,5,1371,1543,172,6,7,-1,0
"2015-16","9614","Southern","Miaya Crowder",15,4,1371,1710,339,9,12,-3,0
"2015-16","9614","Southern","Kadesha Berry",23,6,1371,1487,116,4,2,2,0
"2015-16","9614","Maryland","Kristen Confroy",12,4,1445,1800,355,15,9,6,0
"2015-16","9614","Southern","Kenidi Robinson",33,4,1445,1510,65,2,6,-4,0
"2015-16","9614","Maryland","Brionna Jones",42,4,1487,1710,223,10,5,5,0
"2015-16","9614","Southern","Danayea Charles",20,1,1487,1543,56,2,5,-3,0
"2015-16","9614","Southern","Britney Washington",21,6,1510,1758,248,7,9,-2,0
"2015-16","9614","Southern","Briana Green",22,6,1510,1800,290,7,9,-2,0
"2015-16","9614","Southern","Skylar O'Bear",4,6,1543,1648,105,3,3,0,0
"2015-16","9614","Southern","Rishonti Cowart",11,6,1543,1710,167,3,5,-2,0
"2015-16","9614","Maryland","Kiara Leslie",2,3,1570,1800,230,6,5,1,0
"2015-16","9614","Southern","Kadesha Berry",23,7,1648,1800,152,2,5,-3,0
"2015-16","9614","Maryland","Chloe Pavlech",15,4,1710,2057,347,9,10,-1,0
"2015-16","9614","Maryland","A'Lexus Harrison",33,1,1710,1800,90,3,2,1,0
"2015-16","9614","Southern","Jadea Brundidge",5,4,1710,1800,90,2,3,-1,0
"2015-16","9614","Southern","Ashley Williams",10,6,1710,1800,90,2,3,-1,0
"2015-16","9614","Southern","Skylar O'Bear",4,7,1758,1990,232,4,5,-1,0
"2015-16","9614","Maryland","Kiah Gillespie",1,6,1800,2057,257,6,8,-2,0
"2015-16","9614","Maryland","Kiara Leslie",2,4,1800,1818,18,0,1,-1,0
"2015-16","9614","Maryland","Malina Howard",5,4,1800,1800,0,0,0,0,0
"2015-16","9614","Maryland","Kristen Confroy",12,5,1800,2400,600,20,17,3,0
"2015-16","9614","Maryland","S. Walker-Kimbrough",32,3,1800,1800,0,0,0,0,0
"2015-16","9614","Maryland","A'Lexus Harrison",33,2,1800,2400,600,20,17,3,0
"2015-16","9614","Maryland","Brionna Jones",42,5,1800,1800,0,0,0,0,0
"2015-16","9614","Southern","Jadea Brundidge",5,5,1800,1818,18,1,0,1,0
"2015-16","9614","Southern","Ashley Williams",10,7,1800,1990,190,4,5,-1,0
"2015-16","9614","Southern","Rishonti Cowart",11,7,1800,1990,190,4,5,-1,0
"2015-16","9614","Southern","Britney Washington",21,7,1800,1800,0,0,0,0,0
"2015-16","9614","Southern","Cortnei Purnell",40,6,1800,1990,190,4,5,-1,0
"2015-16","9614","Maryland","Malina Howard",5,5,1818,2200,382,14,12,2,0
"2015-16","9614","Southern","Miaya Crowder",15,5,1818,1990,172,3,5,-2,0
"2015-16","9614","Southern","Jadea Brundidge",5,6,1990,2159,169,9,7,2,0
"2015-16","9614","Southern","Courtney Parsons",12,4,1990,2159,169,9,7,2,0
"2015-16","9614","Southern","Britney Washington",21,8,1990,2322,332,9,12,-3,0
"2015-16","9614","Southern","Briana Green",22,7,1990,2245,255,9,12,-3,0
"2015-16","9614","Southern","Kenidi Robinson",33,5,1990,2018,28,2,1,1,0
"2015-16","9614","Southern","Ashley Williams",10,8,2018,2322,304,7,11,-4,0
"2015-16","9614","Maryland","Brene Moseley",3,4,2057,2400,343,14,9,5,0
"2015-16","9614","Maryland","Brianna Fraser",34,6,2057,2400,343,14,9,5,0
"2015-16","9614","Southern","Skylar O'Bear",4,8,2159,2245,86,0,5,-5,0
"2015-16","9614","Southern","Miaya Crowder",15,6,2159,2245,86,0,5,-5,0
"2015-16","9614","Maryland","Aja Ellison",0,1,2200,2400,200,6,4,2,0
"2015-16","9614","Southern","Jadea Brundidge",5,7,2245,2337,92,0,3,-3,0
"2015-16","9614","Southern","Kadesha Berry",23,8,2245,2337,92,0,3,-3,0
"2015-16","9614","Southern","Cortnei Purnell",40,7,2245,2337,92,0,3,-3,0
"2015-16","9614","Southern","Skylar O'Bear",4,9,2322,2400,78,4,3,1,0
"2015-16","9614","Southern","Rishonti Cowart",11,8,2322,2400,78,4,3,1,0
"2015-16","9614","Southern","Britney Washington",21,9,2337,2400,63,4,0,4,0
"2015-16","9614","Southern","Sarai Blissett",24,2,2337,2400,63,4,0,4,0
"2015-16","9614","Southern","Kenidi Robinson",33,6,2337,2357,20,2,0,2,0
"2015-16","9614","Southern","Briana Green",22,8,2357,2400,43,2,0,2,0
"2015-16","9615","Maryland","Malina Howard",5,1,0,327,327,13,2,11,1
"2015-16","9615","Maryland","Kristen Confroy",12,1,0,372,372,15,2,13,1
"2015-16","9615","Maryland","Chloe Pavlech",15,1,0,327,327,13,2,11,1
"2015-16","9615","Maryland","S. Walker-Kimbrough",32,1,0,569,569,20,5,15,1
"2015-16","9615","Maryland","Brionna Jones",42,1,0,474,474,20,5,15,1
"2015-16","9615","Umes","TeAmber BURKE",1,1,0,474,474,5,20,-15,1
"2015-16","9615","Umes","Alexus HICKS",3,1,0,227,227,0,8,-8,1
"2015-16","9615","Umes","Taryana KELLY",23,1,0,474,474,5,20,-15,1
"2015-16","9615","Umes","Moengaroa SUBRITZKY",24,1,0,520,520,5,20,-15,1
"2015-16","9615","Umes","Shauntesha BRYANT",25,1,0,264,264,0,11,-11,1
"2015-16","9615","Umes","Ciani BYROM",2,1,227,600,373,5,12,-7,0
"2015-16","9615","Umes","Alexis UDOJI",20,1,264,600,336,5,9,-4,0
"2015-16","9615","Maryland","Brene Moseley",3,1,327,372,45,2,0,2,0
"2015-16","9615","Maryland","Brianna Fraser",34,1,327,600,273,7,3,4,0
"2015-16","9615","Maryland","Kiara Leslie",2,1,372,520,148,5,3,2,0
"2015-16","9615","Maryland","Chloe Pavlech",15,2,372,474,102,5,3,2,0
"2015-16","9615","Maryland","Kiah Gillespie",1,1,474,600,126,0,0,0,0
"2015-16","9615","Maryland","Brene Moseley",3,2,474,600,126,0,0,0,0
"2015-16","9615","Umes","Ra'Jean MARTIN",21,1,474,600,126,0,0,0,0
"2015-16","9615","Umes","Taylor THOMPSON",55,1,474,600,126,0,0,0,0
"2015-16","9615","Maryland","Kristen Confroy",12,2,520,635,115,2,0,2,0
"2015-16","9615","Umes","Keyera EATON",32,1,520,600,80,0,0,0,0
"2015-16","9615","Maryland","Kiara Leslie",2,2,569,600,31,0,0,0,0
"2015-16","9615","Maryland","Kiah Gillespie",1,2,600,825,225,10,3,7,0
"2015-16","9615","Maryland","Malina Howard",5,2,600,600,0,0,0,0,0
"2015-16","9615","Maryland","Chloe Pavlech",15,3,600,825,225,10,3,7,0
"2015-16","9615","Maryland","S. Walker-Kimbrough",32,2,600,1758,1158,57,24,33,0
"2015-16","9615","Maryland","Brionna Jones",42,2,600,825,225,10,3,7,0
"2015-16","9615","Umes","TeAmber BURKE",1,2,600,600,0,0,0,0,0
"2015-16","9615","Umes","Ciani BYROM",2,2,600,825,225,3,10,-7,0
"2015-16","9615","Umes","Alexus HICKS",3,2,600,600,0,0,0,0,0
"2015-16","9615","Umes","Alexis UDOJI",20,2,600,825,225,3,10,-7,0
"2015-16","9615","Umes","Ra'Jean MARTIN",21,2,600,825,225,3,10,-7,0
"2015-16","9615","Umes","Taryana KELLY",23,2,600,600,0,0,0,0,0
"2015-16","9615","Umes","Moengaroa SUBRITZKY",24,2,600,600,0,0,0,0,0
"2015-16","9615","Umes","Shauntesha BRYANT",25,2,600,600,0,0,0,0,0
"2015-16","9615","Umes","Keyera EATON",32,2,600,865,265,3,10,-7,0
"2015-16","9615","Umes","Taylor THOMPSON",55,2,600,825,225,3,10,-7,0
"2015-16","9615","Maryland","Kiara Leslie",2,3,635,825,190,8,3,5,0
"2015-16","9615","Maryland","Brene Moseley",3,3,825,1200,375,23,5,18,0
"2015-16","9615","Maryland","Malina Howard",5,3,825,1115,290,15,5,10,0
"2015-16","9615","Maryland","Kristen Confroy",12,3,825,1513,688,35,16,19,0
"2015-16","9615","Maryland","Brianna Fraser",34,2,825,1115,290,15,5,10,0
"2015-16","9615","Umes","Briana SYE",15,1,825,1115,290,5,15,-10,0
"2015-16","9615","Umes","Taryana KELLY",23,3,825,1115,290,5,15,-10,0
"2015-16","9615","Umes","Moengaroa SUBRITZKY",24,3,825,1377,552,10,33,-23,0
"2015-16","9615","Umes","Shauntesha BRYANT",25,3,825,1115,290,5,15,-10,0
"2015-16","9615","Umes","Chalyse TAYLOR",10,1,865,1115,250,5,15,-10,0
"2015-16","9615","Maryland","Kiah Gillespie",1,3,1115,1200,85,8,0,8,0
"2015-16","9615","Maryland","Brionna Jones",42,3,1115,1513,398,20,11,9,0
"2015-16","9615","Umes","Ciani BYROM",2,3,1115,1200,85,0,8,-8,0
"2015-16","9615","Umes","Alexus HICKS",3,3,1115,1239,124,0,12,-12,0
"2015-16","9615","Umes","Alexis UDOJI",20,3,1115,1200,85,0,8,-8,0
"2015-16","9615","Umes","Taylor THOMPSON",55,3,1115,1200,85,0,8,-8,0
"2015-16","9615","Maryland","Malina Howard",5,4,1200,1513,313,12,11,1,0
"2015-16","9615","Maryland","Chloe Pavlech",15,4,1200,1513,313,12,11,1,0
"2015-16","9615","Umes","TeAmber BURKE",1,3,1200,1239,39,0,4,-4,0
"2015-16","9615","Umes","Taryana KELLY",23,4,1200,1377,177,5,10,-5,0
"2015-16","9615","Umes","Shauntesha BRYANT",25,4,1200,1377,177,5,10,-5,0
"2015-16","9615","Umes","Ciani BYROM",2,4,1239,1800,561,16,24,-8,0
"2015-16","9615","Umes","Ra'Jean MARTIN",21,3,1239,1513,274,11,8,3,0
"2015-16","9615","Umes","TeAmber BURKE",1,4,1377,2003,626,11,31,-20,0
"2015-16","9615","Umes","Alexis UDOJI",20,4,1377,1800,423,11,18,-7,0
"2015-16","9615","Umes","Taylor THOMPSON",55,4,1377,2003,626,11,31,-20,0
"2015-16","9615","Maryland","Kiah Gillespie",1,4,1513,1596,83,5,1,4,0
"2015-16","9615","Maryland","Kiara Leslie",2,4,1513,2400,887,41,6,35,0
"2015-16","9615","Maryland","Brene Moseley",3,4,1513,1800,287,16,5,11,0
"2015-16","9615","Maryland","Brianna Fraser",34,3,1513,1800,287,16,5,11,0
"2015-16","9615","Umes","Alexus HICKS",3,4,1513,1816,303,5,19,-14,0
"2015-16","9615","Umes","Moengaroa SUBRITZKY",24,4,1513,1800,287,5,16,-11,0
"2015-16","9615","Umes","Keyera EATON",32,3,1513,1758,245,5,12,-7,0
"2015-16","9615","Maryland","A'Lexus Harrison",33,1,1596,1653,57,3,2,1,0
"2015-16","9615","Maryland","Kiah Gillespie",1,5,1653,1800,147,8,2,6,0
"2015-16","9615","Maryland","Kristen Confroy",12,4,1758,1816,58,7,0,7,0
"2015-16","9615","Maryland","Chloe Pavlech",15,5,1800,1816,16,3,0,3,0
"2015-16","9615","Maryland","S. Walker-Kimbrough",32,3,1800,1816,16,3,0,3,0
"2015-16","9615","Maryland","Brionna Jones",42,4,1800,1816,16,3,0,3,0
"2015-16","9615","Umes","Taryana KELLY",23,5,1800,1816,16,0,3,-3,0
"2015-16","9615","Umes","Shauntesha BRYANT",25,5,1800,1816,16,0,3,-3,0
"2015-16","9615","Maryland","Kiah Gillespie",1,6,1816,2400,584,22,1,21,0
"2015-16","9615","Maryland","Brene Moseley",3,5,1816,2052,236,13,1,12,0
"2015-16","9615","Maryland","Brianna Fraser",34,4,1816,2019,203,10,0,10,0
"2015-16","9615","Umes","Ciani BYROM",2,5,1816,2052,236,1,13,-12,0
"2015-16","9615","Umes","Alexis UDOJI",20,5,1816,2003,187,0,10,-10,0
"2015-16","9615","Umes","Ra'Jean MARTIN",21,4,2003,2144,141,1,8,-7,0
"2015-16","9615","Umes","Taryana KELLY",23,6,2003,2144,141,1,8,-7,0
"2015-16","9615","Umes","Shauntesha BRYANT",25,6,2003,2400,397,1,12,-11,0
"2015-16","9615","Maryland","A'Lexus Harrison",33,2,2019,2400,381,12,1,11,0
"2015-16","9615","Maryland","Chloe Pavlech",15,6,2052,2253,201,7,0,7,0
"2015-16","9615","Umes","Briana SYE",15,2,2052,2400,348,0,9,-9,0
"2015-16","9615","Maryland","Brianna Fraser",34,5,2144,2400,256,4,0,4,0
"2015-16","9615","Umes","Keyera EATON",32,4,2144,2400,256,0,4,-4,0
"2015-16","9615","Umes","Taylor THOMPSON",55,5,2144,2400,256,0,4,-4,0
"2015-16","9615","Maryland","Brene Moseley",3,6,2253,2400,147,2,0,2,0
"2015-16","9615","Umes","Chalyse TAYLOR",10,2,2253,2400,147,0,2,-2,0
"2015-16","9616","Connecticut","MORGAN TUCK",3,1,0,566,566,19,14,5,1
"2015-16","9616","Connecticut","MORIAH JEFFERSON",4,1,0,2400,2400,83,73,10,1
"2015-16","9616","Connecticut","KIA NURSE",11,1,0,483,483,16,10,6,1
"2015-16","9616","Connecticut","NAPHEESA COLLIER",24,1,0,302,302,7,6,1,1
"2015-16","9616","Connecticut","BREANNA STEWART",30,1,0,2042,2042,65,59,6,1
"2015-16","9616","Maryland","Malina Howard",5,1,0,302,302,6,7,-1,1
"2015-16","9616","Maryland","Kristen Confroy",12,1,0,430,430,8,12,-4,1
"2015-16","9616","Maryland","Chloe Pavlech",15,1,0,256,256,6,7,-1,1
"2015-16","9616","Maryland","S. Walker-Kimbrough",32,1,0,213,213,6,4,2,1
"2015-16","9616","Maryland","Brionna Jones",42,1,0,256,256,6,7,-1,1
"2015-16","9616","Maryland","Kiara Leslie",2,1,213,381,168,0,6,-6,0
"2015-16","9616","Maryland","Kiah Gillespie",1,1,256,600,344,8,14,-6,0
"2015-16","9616","Maryland","Brene Moseley",3,1,256,583,327,8,14,-6,0
"2015-16","9616","Connecticut","GABBY WILLIAMS",15,1,302,600,298,14,8,6,0
"2015-16","9616","Maryland","Brionna Jones",42,2,302,891,589,15,16,-1,0
"2015-16","9616","Maryland","Chloe Pavlech",15,2,381,566,185,8,9,-1,0
"2015-16","9616","Maryland","Malina Howard",5,2,430,583,153,6,9,-3,0
"2015-16","9616","Connecticut","KATIE LOU SAMUELSON",33,1,483,600,117,5,4,1,0
"2015-16","9616","Connecticut","NAPHEESA COLLIER",24,2,566,891,325,4,7,-3,0
"2015-16","9616","Maryland","Kristen Confroy",12,2,566,2400,1834,59,64,-5,0
"2015-16","9616","Maryland","Chloe Pavlech",15,3,583,891,308,7,2,5,0
"2015-16","9616","Maryland","Brianna Fraser",34,1,583,600,17,0,0,0,0
"2015-16","9616","Connecticut","MORGAN TUCK",3,2,600,600,0,0,0,0,0
"2015-16","9616","Connecticut","KIA NURSE",11,2,600,600,0,0,0,0,0
"2015-16","9616","Connecticut","GABBY WILLIAMS",15,2,600,692,92,0,4,-4,0
"2015-16","9616","Connecticut","KATIE LOU SAMUELSON",33,2,600,692,92,0,4,-4,0
"2015-16","9616","Maryland","Malina Howard",5,3,600,641,41,0,0,0,0
"2015-16","9616","Maryland","S. Walker-Kimbrough",32,2,600,600,0,0,0,0,0
"2015-16","9616","Maryland","Brianna Fraser",34,2,600,891,291,7,2,5,0
"2015-16","9616","Maryland","S. Walker-Kimbrough",32,3,641,1199,558,18,15,3,0
"2015-16","9616","Connecticut","MORGAN TUCK",3,3,692,1525,833,20,25,-5,0
"2015-16","9616","Connecticut","KIA NURSE",11,3,692,2400,1708,62,55,7,0
"2015-16","9616","Connecticut","SANIYA CHONG",12,1,891,1200,309,13,11,2,0
"2015-16","9616","Maryland","Kiah Gillespie",1,2,891,1199,308,11,13,-2,0
"2015-16","9616","Maryland","Brene Moseley",3,2,891,1001,110,8,4,4,0
"2015-16","9616","Maryland","Malina Howard",5,4,891,1001,110,8,4,4,0
"2015-16","9616","Maryland","Chloe Pavlech",15,4,1001,1312,311,3,13,-10,0
"2015-16","9616","Maryland","Brionna Jones",42,3,1001,1473,472,11,14,-3,0
"2015-16","9616","Maryland","Kiara Leslie",2,2,1199,1200,1,0,0,0,0
"2015-16","9616","Maryland","Malina Howard",5,5,1199,1473,274,8,5,3,0
"2015-16","9616","Connecticut","GABBY WILLIAMS",15,3,1200,1409,209,4,8,-4,0
"2015-16","9616","Connecticut","NAPHEESA COLLIER",24,3,1200,1200,0,0,0,0,0
"2015-16","9616","Maryland","S. Walker-Kimbrough",32,4,1200,2400,1200,41,47,-6,0
"2015-16","9616","Maryland","Brene Moseley",3,3,1312,1800,488,15,16,-1,0
"2015-16","9616","Connecticut","KATIE LOU SAMUELSON",33,3,1409,1800,391,16,7,9,0
"2015-16","9616","Maryland","Kiah Gillespie",1,3,1473,1525,52,3,0,3,0
"2015-16","9616","Maryland","Brianna Fraser",34,3,1473,1654,181,3,7,-4,0
"2015-16","9616","Connecticut","NAPHEESA COLLIER",24,4,1525,1625,100,5,0,5,0
"2015-16","9616","Maryland","Brionna Jones",42,4,1525,1625,100,0,5,-5,0
"2015-16","9616","Connecticut","MORGAN TUCK",3,4,1625,2114,489,23,19,4,0
"2015-16","9616","Maryland","Malina Howard",5,6,1625,1767,142,2,8,-6,0
"2015-16","9616","Maryland","Tierney Pfirman",22,1,1654,1800,146,4,8,-4,0
"2015-16","9616","Maryland","Brionna Jones",42,5,1767,1778,11,2,0,2,0
"2015-16","9616","Maryland","Malina Howard",5,7,1778,1800,22,0,2,-2,0
"2015-16","9616","Connecticut","NAPHEESA COLLIER",24,5,1800,1800,0,0,0,0,0
"2015-16","9616","Connecticut","KATIE LOU SAMUELSON",33,4,1800,2114,314,13,15,-2,0
"2015-16","9616","Maryland","Brene Moseley",3,4,1800,1829,29,0,3,-3,0
"2015-16","9616","Maryland","Chloe Pavlech",15,5,1800,1800,0,0,0,0,0
"2015-16","9616","Maryland","Brianna Fraser",34,4,1800,1924,124,4,7,-3,0
"2015-16","9616","Maryland","Brionna Jones",42,6,1800,2042,242,12,9,3,0
"2015-16","9616","Maryland","Chloe Pavlech",15,6,1829,2114,285,15,10,5,0
"2015-16","9616","Maryland","Tierney Pfirman",22,2,1924,2080,156,8,4,4,0
"2015-16","9616","Connecticut","GABBY WILLIAMS",15,4,2042,2302,260,10,9,1,0
"2015-16","9616","Maryland","Malina Howard",5,8,2042,2114,72,3,4,-1,0
"2015-16","9616","Maryland","Brianna Fraser",34,5,2080,2114,34,3,2,1,0
"2015-16","9616","Connecticut","SANIYA CHONG",12,2,2114,2400,286,14,11,3,0
"2015-16","9616","Connecticut","BREANNA STEWART",30,2,2114,2400,286,14,11,3,0
"2015-16","9616","Maryland","Brene Moseley",3,5,2114,2133,19,0,0,0,0
"2015-16","9616","Maryland","Tierney Pfirman",22,3,2114,2400,286,11,14,-3,0
"2015-16","9616","Maryland","Brionna Jones",42,7,2114,2289,175,6,4,2,0
"2015-16","9616","Maryland","Chloe Pavlech",15,7,2133,2375,242,9,11,-2,0
"2015-16","9616","Maryland","Malina Howard",5,9,2289,2310,21,0,2,-2,0
"2015-16","9616","Connecticut","MORGAN TUCK",3,5,2302,2400,98,8,5,3,0
"2015-16","9616","Maryland","Brionna Jones",42,8,2310,2400,90,5,8,-3,0
"2015-16","9616","Maryland","Brene Moseley",3,6,2375,2400,25,2,3,-1,0
"2015-16","9617","Illinois","Sarah Hartwell",0,1,0,359,359,9,10,-1,1
"2015-16","9617","Illinois","Kyley Simmons",15,1,0,261,261,5,8,-3,1
"2015-16","9617","Illinois","Jaelyne Kirkpatrick",23,1,0,161,161,3,8,-5,1
"2015-16","9617","Illinois","Chatrice White",32,1,0,521,521,14,10,4,1
"2015-16","9617","Illinois","Alex Wittinger",35,1,0,596,596,14,14,0,1
"2015-16","9617","Maryland","Malina Howard",5,1,0,261,261,8,5,3,1
"2015-16","9617","Maryland","Kristen Confroy",12,1,0,446,446,10,12,-2,1
"2015-16","9617","Maryland","Chloe Pavlech",15,1,0,224,224,8,5,3,1
"2015-16","9617","Maryland","S. Walker-Kimbrough",32,1,0,241,241,8,5,3,1
"2015-16","9617","Maryland","Brionna Jones",42,1,0,675,675,18,14,4,1
"2015-16","9617","Illinois","Kennedy Cattenhead",25,1,161,446,285,9,2,7,0
"2015-16","9617","Maryland","Brene Moseley",3,1,224,418,194,2,4,-2,0
"2015-16","9617","Maryland","Kiara Leslie",2,1,241,600,359,6,9,-3,0
"2015-16","9617","Illinois","Jaelyne Kirkpatrick",23,2,261,359,98,4,2,2,0
"2015-16","9617","Maryland","Kiah Gillespie",1,1,261,418,157,2,4,-2,0
"2015-16","9617","Illinois","Kyley Simmons",15,2,359,1800,1441,36,51,-15,0
"2015-16","9617","Illinois","Brooke Kissinger",21,1,359,600,241,5,4,1,0
"2015-16","9617","Maryland","Malina Howard",5,2,418,841,423,18,14,4,0
"2015-16","9617","Maryland","Chloe Pavlech",15,2,418,502,84,0,3,-3,0
"2015-16","9617","Illinois","Sarah Hartwell",0,2,446,596,150,2,4,-2,0
"2015-16","9617","Maryland","Tierney Pfirman",22,1,446,596,150,4,2,2,0
"2015-16","9617","Maryland","Brene Moseley",3,2,502,596,94,4,2,2,0
"2015-16","9617","Illinois","Kennedy Cattenhead",25,2,521,600,79,0,4,-4,0
"2015-16","9617","Illinois","Jaelyne Kirkpatrick",23,3,596,638,42,0,0,0,0
"2015-16","9617","Illinois","Chatrice White",32,2,596,841,245,9,14,-5,0
"2015-16","9617","Maryland","Kristen Confroy",12,2,596,600,4,0,0,0,0
"2015-16","9617","Maryland","Chloe Pavlech",15,3,596,600,4,0,0,0,0
"2015-16","9617","Illinois","Sarah Hartwell",0,3,600,600,0,0,0,0,0
"2015-16","9617","Illinois","Brooke Kissinger",21,2,600,638,38,0,0,0,0
"2015-16","9617","Illinois","Kennedy Cattenhead",25,3,600,1056,456,15,18,-3,0
"2015-16","9617","Illinois","Alex Wittinger",35,2,600,600,0,0,0,0,0
"2015-16","9617","Maryland","Kiara Leslie",2,2,600,841,241,14,9,5,0
"2015-16","9617","Maryland","Brene Moseley",3,3,600,1157,557,22,16,6,0
"2015-16","9617","Maryland","Tierney Pfirman",22,2,600,638,38,0,0,0,0
"2015-16","9617","Maryland","S. Walker-Kimbrough",32,2,600,600,0,0,0,0,0
"2015-16","9617","Illinois","Sarah Hartwell",0,4,638,1157,519,16,22,-6,0
"2015-16","9617","Illinois","Alex Wittinger",35,3,638,1192,554,16,24,-8,0
"2015-16","9617","Maryland","Kristen Confroy",12,3,638,1157,519,22,16,6,0
"2015-16","9617","Maryland","Brianna Fraser",34,1,675,841,166,10,9,1,0
"2015-16","9617","Illinois","Brooke Kissinger",21,3,841,979,138,4,2,2,0
"2015-16","9617","Maryland","Kiah Gillespie",1,2,841,979,138,2,4,-2,0
"2015-16","9617","Maryland","S. Walker-Kimbrough",32,3,841,1192,351,10,7,3,0
"2015-16","9617","Maryland","Brionna Jones",42,2,841,1396,555,19,11,8,0
"2015-16","9617","Illinois","Jaelyne Kirkpatrick",23,4,979,1099,120,2,4,-2,0
"2015-16","9617","Maryland","Tierney Pfirman",22,3,979,1157,178,6,3,3,0
"2015-16","9617","Illinois","Brooke Kissinger",21,4,1056,1200,144,3,7,-4,0
"2015-16","9617","Illinois","Kennedy Cattenhead",25,4,1099,1157,58,1,2,-1,0
"2015-16","9617","Illinois","Ashley McConnell",12,1,1157,1192,35,0,2,-2,0
"2015-16","9617","Illinois","Jaelyne Kirkpatrick",23,5,1157,1186,29,0,0,0,0
"2015-16","9617","Maryland","Kiara Leslie",2,3,1157,1200,43,3,2,1,0
"2015-16","9617","Maryland","Malina Howard",5,3,1157,1186,29,0,0,0,0
"2015-16","9617","Maryland","Chloe Pavlech",15,4,1157,1200,43,3,2,1,0
"2015-16","9617","Illinois","Kennedy Cattenhead",25,5,1186,1200,14,2,3,-1,0
"2015-16","9617","Maryland","Tierney Pfirman",22,4,1186,1192,6,2,0,2,0
"2015-16","9617","Illinois","Sarah Hartwell",0,5,1192,2002,810,20,34,-14,0
"2015-16","9617","Illinois","Chatrice White",32,3,1192,2002,810,20,34,-14,0
"2015-16","9617","Maryland","Malina Howard",5,4,1192,2022,830,34,23,11,0
"2015-16","9617","Maryland","Kristen Confroy",12,4,1192,1821,629,23,15,8,0
"2015-16","9617","Illinois","Jaelyne Kirkpatrick",23,6,1200,1297,97,2,5,-3,0
"2015-16","9617","Illinois","Kennedy Cattenhead",25,6,1200,1396,196,2,8,-6,0
"2015-16","9617","Illinois","Alex Wittinger",35,4,1200,1200,0,0,0,0,0
"2015-16","9617","Maryland","Brene Moseley",3,4,1200,1800,600,22,13,9,0
"2015-16","9617","Maryland","S. Walker-Kimbrough",32,4,1200,1430,230,11,5,6,0
"2015-16","9617","Illinois","Brooke Kissinger",21,5,1297,1724,427,11,14,-3,0
"2015-16","9617","Illinois","Jaelyne Kirkpatrick",23,7,1396,1724,328,11,11,0,0
"2015-16","9617","Maryland","Kiah Gillespie",1,3,1396,1724,328,11,11,0,0
"2015-16","9617","Maryland","Kiara Leslie",2,4,1430,1724,294,8,8,0,0
"2015-16","9617","Illinois","Kennedy Cattenhead",25,7,1724,1800,76,0,3,-3,0
"2015-16","9617","Illinois","Alex Wittinger",35,5,1724,1800,76,0,3,-3,0
"2015-16","9617","Maryland","S. Walker-Kimbrough",32,5,1724,1797,73,3,0,3,0
"2015-16","9617","Maryland","Brionna Jones",42,3,1724,2022,298,14,8,6,0
"2015-16","9617","Maryland","Kiara Leslie",2,5,1797,1800,3,0,0,0,0
"2015-16","9617","Illinois","Ashley McConnell",12,2,1800,2101,301,10,14,-4,0
"2015-16","9617","Illinois","Brooke Kissinger",21,6,1800,2079,279,10,13,-3,0
"2015-16","9617","Illinois","Jaelyne Kirkpatrick",23,8,1800,1800,0,0,0,0,0
"2015-16","9617","Illinois","Kennedy Cattenhead",25,8,1800,2002,202,5,11,-6,0
"2015-16","9617","Maryland","Chloe Pavlech",15,5,1800,1821,21,0,0,0,0
"2015-16","9617","Maryland","S. Walker-Kimbrough",32,6,1800,2101,301,14,10,4,0
"2015-16","9617","Maryland","Kiara Leslie",2,6,1821,2400,579,18,18,0,0
"2015-16","9617","Maryland","Brene Moseley",3,5,1821,2300,479,18,15,3,0
"2015-16","9617","Illinois","Eriel Davis",13,1,2002,2079,77,5,2,3,0
"2015-16","9617","Illinois","Jaelyne Kirkpatrick",23,9,2002,2205,203,8,7,1,0
"2015-16","9617","Maryland","Tierney Pfirman",22,5,2022,2079,57,2,2,0,0
"2015-16","9617","Maryland","Brianna Fraser",34,2,2022,2300,278,7,7,0,0
"2015-16","9617","Illinois","Chatrice White",32,4,2046,2205,159,3,7,-4,0
"2015-16","9617","Illinois","Sarah Hartwell",0,6,2079,2400,321,8,5,3,0
"2015-16","9617","Illinois","Kyley Simmons",15,3,2079,2205,126,3,5,-2,0
"2015-16","9617","Maryland","Kiah Gillespie",1,4,2079,2400,321,5,8,-3,0
"2015-16","9617","Illinois","Kennedy Cattenhead",25,9,2101,2400,299,8,4,4,0
"2015-16","9617","Maryland","Tierney Pfirman",22,6,2101,2205,104,4,3,1,0
"2015-16","9617","Illinois","Ashley McConnell",12,3,2205,2400,195,5,0,5,0
"2015-16","9617","Illinois","Brooke Kissinger",21,7,2205,2400,195,5,0,5,0
"2015-16","9617","Illinois","Alex Wittinger",35,6,2205,2400,195,5,0,5,0
"2015-16","9617","Maryland","A'Lexus Harrison",33,1,2205,2400,195,0,5,-5,0
"2015-16","9617","Maryland","Aja Ellison",0,1,2300,2400,100,0,3,-3,0
"2015-16","9617","Maryland","Chloe Pavlech",15,6,2300,2400,100,0,3,-3,0
"2015-16","9618","Maryland","Malina Howard",5,1,0,579,579,16,14,2,1
"2015-16","9618","Maryland","Kristen Confroy",12,1,0,478,478,14,10,4,1
"2015-16","9618","Maryland","Chloe Pavlech",15,1,0,277,277,4,3,1,1
"2015-16","9618","Maryland","S. Walker-Kimbrough",32,1,0,579,579,16,14,2,1
"2015-16","9618","Maryland","Brionna Jones",42,1,0,478,478,14,10,4,1
"2015-16","9618","Ohio State","Kelsey Mitchell",3,1,0,1156,1156,35,40,-5,1
"2015-16","9618","Ohio State","Cait Craft",13,1,0,277,277,3,4,-1,1
"2015-16","9618","Ohio State","Ameryst Alston",14,1,0,579,579,14,16,-2,1
"2015-16","9618","Ohio State","Lisa Blair",21,1,0,161,161,0,4,-4,1
"2015-16","9618","Ohio State","Alexa Hart",22,1,0,766,766,20,26,-6,1
"2015-16","9618","Ohio State","Shayla Cooper",32,1,161,600,439,14,14,0,0
"2015-16","9618","Maryland","Brene Moseley",3,1,277,600,323,14,11,3,0
"2015-16","9618","Ohio State","Asia Doss",20,1,277,600,323,11,14,-3,0
"2015-16","9618","Maryland","Kiara Leslie",2,1,478,600,122,4,4,0,0
"2015-16","9618","Maryland","Tierney Pfirman",22,1,478,600,122,4,4,0,0
"2015-16","9618","Maryland","Kristen Confroy",12,2,579,845,266,12,8,4,0
"2015-16","9618","Maryland","Brianna Fraser",34,1,579,600,21,2,0,2,0
"2015-16","9618","Ohio State","Cait Craft",13,2,579,766,187,6,10,-4,0
"2015-16","9618","Maryland","Kiara Leslie",2,2,600,728,128,5,6,-1,0
"2015-16","9618","Maryland","Brene Moseley",3,2,600,1197,597,22,23,-1,0
"2015-16","9618","Maryland","Malina Howard",5,2,600,600,0,0,0,0,0
"2015-16","9618","Maryland","Chloe Pavlech",15,2,600,600,0,0,0,0,0
"2015-16","9618","Maryland","Tierney Pfirman",22,2,600,728,128,5,6,-1,0
"2015-16","9618","Maryland","S. Walker-Kimbrough",32,2,600,600,0,0,0,0,0
"2015-16","9618","Maryland","Brianna Fraser",34,2,600,728,128,5,6,-1,0
"2015-16","9618","Maryland","Brionna Jones",42,2,600,600,0,0,0,0,0
"2015-16","9618","Ohio State","Ameryst Alston",14,2,600,2400,1800,66,53,13,0
"2015-16","9618","Ohio State","Lisa Blair",21,2,600,600,0,0,0,0,0
"2015-16","9618","Ohio State","Shayla Cooper",32,2,600,1029,429,14,16,-2,0
"2015-16","9618","Maryland","Malina Howard",5,3,728,985,257,9,8,1,0
"2015-16","9618","Maryland","S. Walker-Kimbrough",32,3,728,2400,1672,48,60,-12,0
"2015-16","9618","Maryland","Brionna Jones",42,3,728,952,224,9,6,3,0
"2015-16","9618","Ohio State","Asia Doss",20,2,766,952,186,6,6,0,0
"2015-16","9618","Ohio State","Lisa Blair",21,3,766,804,38,0,2,-2,0
"2015-16","9618","Ohio State","Alexa Hart",22,2,804,1156,352,15,12,3,0
"2015-16","9618","Maryland","Kiara Leslie",2,3,845,1200,355,12,15,-3,0
"2015-16","9618","Maryland","Brianna Fraser",34,3,952,1065,113,4,4,0,0
"2015-16","9618","Ohio State","Cait Craft",13,3,952,1544,592,30,23,7,0
"2015-16","9618","Maryland","Tierney Pfirman",22,3,985,1156,171,8,7,1,0
"2015-16","9618","Ohio State","Makayla Waterman",24,1,1029,1197,168,9,6,3,0
"2015-16","9618","Maryland","Brionna Jones",42,4,1065,1153,88,4,2,2,0
"2015-16","9618","Maryland","Malina Howard",5,4,1153,1544,391,15,24,-9,0
"2015-16","9618","Maryland","Brianna Fraser",34,4,1156,1200,44,0,2,-2,0
"2015-16","9618","Ohio State","Lisa Blair",21,4,1156,1168,12,0,0,0,0
"2015-16","9618","Ohio State","Shayla Cooper",32,3,1156,1200,44,2,0,2,0
"2015-16","9618","Ohio State","Kelsey Mitchell",3,2,1168,2400,1232,45,31,14,0
"2015-16","9618","Maryland","Chloe Pavlech",15,3,1197,1294,97,2,5,-3,0
"2015-16","9618","Ohio State","Alexa Hart",22,3,1197,1483,286,14,11,3,0
"2015-16","9618","Maryland","Kristen Confroy",12,3,1200,1666,466,15,24,-9,0
"2015-16","9618","Maryland","Brionna Jones",42,5,1200,1225,25,2,2,0,0
"2015-16","9618","Ohio State","Lisa Blair",21,5,1200,1200,0,0,0,0,0
"2015-16","9618","Ohio State","Shayla Cooper",32,4,1200,1678,478,24,15,9,0
"2015-16","9618","Maryland","Tierney Pfirman",22,4,1225,1483,258,9,12,-3,0
"2015-16","9618","Maryland","Brene Moseley",3,3,1294,1711,417,13,19,-6,0
"2015-16","9618","Maryland","A'Lexus Harrison",33,1,1483,1627,144,4,7,-3,0
"2015-16","9618","Ohio State","Lisa Blair",21,6,1483,1566,83,5,4,1,0
"2015-16","9618","Maryland","Brionna Jones",42,6,1544,2348,804,14,22,-8,0
"2015-16","9618","Ohio State","Asia Doss",20,3,1544,1800,256,5,2,3,0
"2015-16","9618","Ohio State","Alexa Hart",22,4,1566,2400,834,24,16,8,0
"2015-16","9618","Maryland","Malina Howard",5,5,1627,2400,773,16,22,-6,0
"2015-16","9618","Maryland","Kiara Leslie",2,4,1666,1800,134,2,0,2,0
"2015-16","9618","Ohio State","Makayla Waterman",24,2,1678,1800,122,0,2,-2,0
"2015-16","9618","Maryland","Chloe Pavlech",15,4,1711,1800,89,2,0,2,0
"2015-16","9618","Maryland","Kiara Leslie",2,5,1800,2355,555,12,18,-6,0
"2015-16","9618","Maryland","Brene Moseley",3,4,1800,2400,600,14,19,-5,0
"2015-16","9618","Maryland","Kristen Confroy",12,4,1800,1800,0,0,0,0,0
"2015-16","9618","Ohio State","Cait Craft",13,4,1800,1800,0,0,0,0,0
"2015-16","9618","Ohio State","Asia Doss",20,4,1800,2400,600,19,14,5,0
"2015-16","9618","Ohio State","Lisa Blair",21,7,1800,1800,0,0,0,0,0
"2015-16","9618","Ohio State","Shayla Cooper",32,5,1800,1908,108,4,4,0,0
"2015-16","9618","Ohio State","Makayla Waterman",24,3,1908,2400,492,15,10,5,0
"2015-16","9618","Maryland","A'Lexus Harrison",33,2,2348,2355,7,0,1,-1,0
"2015-16","9618","Maryland","Kristen Confroy",12,5,2355,2400,45,2,1,1,0
"2015-16","9618","Maryland","Brionna Jones",42,7,2355,2400,45,2,1,1,0
"2015-16","9618","Maryland","Tierney Pfirman",22,5,2400,2400,0,0,0,0,0
"2015-16","9619","Maryland","Malina Howard",5,1,0,344,344,10,4,6,1
"2015-16","9619","Maryland","Kristen Confroy",12,1,0,457,457,14,8,6,1
"2015-16","9619","Maryland","Chloe Pavlech",15,1,0,257,257,6,2,4,1
"2015-16","9619","Maryland","S. Walker-Kimbrough",32,1,0,772,772,26,12,14,1
"2015-16","9619","Maryland","Brionna Jones",42,1,0,257,257,6,2,4,1
"2015-16","9619","Nebraska","Kyndal Clark",4,1,0,257,257,2,6,-4,1
"2015-16","9619","Nebraska","Natalie Romeo",5,1,0,901,901,12,32,-20,1
"2015-16","9619","Nebraska","Allie Havers",22,1,0,257,257,2,6,-4,1
"2015-16","9619","Nebraska","Jessica Shepard",32,1,0,257,257,2,6,-4,1
"2015-16","9619","Nebraska","Rachel Theriot",33,1,0,1050,1050,19,39,-20,1
"2015-16","9619","Maryland","Kiah Gillespie",1,1,257,457,200,8,6,2,0
"2015-16","9619","Maryland","Brene Moseley",3,1,257,600,343,14,8,6,0
"2015-16","9619","Nebraska","Anya Kalenta",31,1,257,344,87,2,4,-2,0
"2015-16","9619","Nebraska","Jasmine Cincore",34,1,257,600,343,8,14,-6,0
"2015-16","9619","Nebraska","Rachel Blackburn",43,1,257,600,343,8,14,-6,0
"2015-16","9619","Maryland","Brionna Jones",42,2,344,695,351,12,6,6,0
"2015-16","9619","Nebraska","Jessica Shepard",32,2,344,600,256,6,10,-4,0
"2015-16","9619","Maryland","Kiara Leslie",2,1,457,600,143,6,2,4,0
"2015-16","9619","Maryland","Tierney Pfirman",22,1,457,600,143,6,2,4,0
"2015-16","9619","Maryland","Brene Moseley",3,2,600,877,277,10,2,8,0
"2015-16","9619","Maryland","Malina Howard",5,2,600,877,277,10,2,8,0
"2015-16","9619","Maryland","Kristen Confroy",12,2,600,1498,898,38,19,19,0
"2015-16","9619","Maryland","Chloe Pavlech",15,2,600,600,0,0,0,0,0
"2015-16","9619","Nebraska","Kyndal Clark",4,2,600,600,0,0,0,0,0
"2015-16","9619","Nebraska","Allie Havers",22,2,600,772,172,2,6,-4,0
"2015-16","9619","Nebraska","Maddie Simon",24,1,600,1176,576,11,26,-15,0
"2015-16","9619","Nebraska","Anya Kalenta",31,2,600,772,172,2,6,-4,0
"2015-16","9619","Maryland","Tierney Pfirman",22,2,695,877,182,8,2,6,0
"2015-16","9619","Maryland","Kiara Leslie",2,2,772,901,129,6,0,6,0
"2015-16","9619","Nebraska","Jessica Shepard",32,3,772,1050,278,7,13,-6,0
"2015-16","9619","Nebraska","Rachel Blackburn",43,2,772,901,129,0,6,-6,0
"2015-16","9619","Maryland","Chloe Pavlech",15,3,877,1176,299,16,9,7,0
"2015-16","9619","Maryland","Brianna Fraser",34,1,877,1050,173,9,7,2,0
"2015-16","9619","Maryland","Brionna Jones",42,3,877,1050,173,9,7,2,0
"2015-16","9619","Maryland","S. Walker-Kimbrough",32,2,901,1735,834,39,23,16,0
"2015-16","9619","Nebraska","Kyndal Clark",4,3,901,1438,537,15,26,-11,0
"2015-16","9619","Nebraska","Allie Havers",22,3,901,1050,149,7,7,0,0
"2015-16","9619","Maryland","Malina Howard",5,3,1050,1498,448,19,10,9,0
"2015-16","9619","Maryland","Tierney Pfirman",22,3,1050,1176,126,7,2,5,0
"2015-16","9619","Nebraska","Natalie Romeo",5,2,1050,1438,388,8,19,-11,0
"2015-16","9619","Nebraska","Anya Kalenta",31,3,1050,1176,126,2,7,-5,0
"2015-16","9619","Nebraska","Rachel Blackburn",43,3,1050,1194,144,2,7,-5,0
"2015-16","9619","Maryland","Brene Moseley",3,3,1176,1194,18,0,0,0,0
"2015-16","9619","Maryland","Brionna Jones",42,4,1176,1194,18,0,0,0,0
"2015-16","9619","Nebraska","Allie Havers",22,4,1176,1438,262,6,12,-6,0
"2015-16","9619","Nebraska","Rachel Theriot",33,2,1176,1498,322,8,12,-4,0
"2015-16","9619","Maryland","Kiara Leslie",2,3,1194,1200,6,0,0,0,0
"2015-16","9619","Maryland","Chloe Pavlech",15,4,1194,1630,436,21,14,7,0
"2015-16","9619","Nebraska","Jessica Shepard",32,4,1194,1438,244,6,12,-6,0
"2015-16","9619","Maryland","Brionna Jones",42,5,1200,1498,298,12,8,4,0
"2015-16","9619","Nebraska","Maddie Simon",24,2,1438,1735,297,8,13,-5,0
"2015-16","9619","Nebraska","Anya Kalenta",31,4,1438,1735,297,8,13,-5,0
"2015-16","9619","Nebraska","Jasmine Cincore",34,2,1438,1735,297,8,13,-5,0
"2015-16","9619","Nebraska","Rachel Blackburn",43,4,1438,1630,192,8,9,-1,0
"2015-16","9619","Maryland","Brene Moseley",3,4,1498,1800,302,15,7,8,0
"2015-16","9619","Maryland","Tierney Pfirman",22,4,1498,1800,302,15,7,8,0
"2015-16","9619","Maryland","Brianna Fraser",34,2,1498,1800,302,15,7,8,0
"2015-16","9619","Nebraska","Natalie Romeo",5,3,1498,1751,253,6,13,-7,0
"2015-16","9619","Maryland","Kiah Gillespie",1,2,1630,1800,170,6,1,5,0
"2015-16","9619","Nebraska","Allie Havers",22,5,1630,2281,651,12,22,-10,0
"2015-16","9619","Maryland","Kiara Leslie",2,4,1735,1800,65,2,1,1,0
"2015-16","9619","Nebraska","Kyndal Clark",4,4,1735,1894,159,5,8,-3,0
"2015-16","9619","Nebraska","Jessica Shepard",32,5,1735,1951,216,5,9,-4,0
"2015-16","9619","Nebraska","Rachel Theriot",33,3,1735,1915,180,5,8,-3,0
"2015-16","9619","Nebraska","Esther Ramacieri",11,1,1751,1800,49,1,2,-1,0
"2015-16","9619","Maryland","Kiah Gillespie",1,3,1800,2076,276,9,6,3,0
"2015-16","9619","Maryland","Kiara Leslie",2,5,1800,2400,600,16,14,2,0
"2015-16","9619","Maryland","Brene Moseley",3,5,1800,2016,216,9,6,3,0
"2015-16","9619","Maryland","Malina Howard",5,4,1800,1800,0,0,0,0,0
"2015-16","9619","Maryland","Kristen Confroy",12,3,1800,1800,0,0,0,0,0
"2015-16","9619","Maryland","Chloe Pavlech",15,5,1800,1800,0,0,0,0,0
"2015-16","9619","Maryland","Tierney Pfirman",22,5,1800,2016,216,9,6,3,0
"2015-16","9619","Maryland","S. Walker-Kimbrough",32,3,1800,1800,0,0,0,0,0
"2015-16","9619","Maryland","Brianna Fraser",34,3,1800,1944,144,7,4,3,0
"2015-16","9619","Maryland","Brionna Jones",42,6,1800,1800,0,0,0,0,0
"2015-16","9619","Nebraska","Natalie Romeo",5,4,1800,1800,0,0,0,0,0
"2015-16","9619","Nebraska","Esther Ramacieri",11,2,1800,2318,518,11,16,-5,0
"2015-16","9619","Nebraska","Maddie Simon",24,3,1894,2281,387,7,10,-3,0
"2015-16","9619","Nebraska","Jasmine Cincore",34,3,1915,2400,485,10,10,0,0
"2015-16","9619","Maryland","A'Lexus Harrison",33,1,1944,2400,456,9,10,-1,0
"2015-16","9619","Nebraska","Darrien Washington",50,1,1951,2112,161,2,3,-1,0
"2015-16","9619","Maryland","Chloe Pavlech",15,6,2016,2400,384,7,8,-1,0
"2015-16","9619","Maryland","Brianna Fraser",34,4,2016,2281,265,7,5,2,0
"2015-16","9619","Maryland","Aja Ellison",0,1,2076,2400,324,7,8,-1,0
"2015-16","9619","Nebraska","Jessica Shepard",32,6,2112,2281,169,5,6,-1,0
"2015-16","9619","Maryland","Kiah Gillespie",1,4,2281,2400,119,0,3,-3,0
"2015-16","9619","Nebraska","Emily Wood",12,1,2281,2400,119,3,0,3,0
"2015-16","9619","Nebraska","Anya Kalenta",31,5,2281,2400,119,3,0,3,0
"2015-16","9619","Nebraska","Darrien Washington",50,2,2281,2400,119,3,0,3,0
"2015-16","9619","Nebraska","Maddie Simon",24,4,2318,2400,82,3,0,3,0
"2015-16","9620","Iowa","Alexa Kastanek",1,1,0,246,246,1,7,-6,1
"2015-16","9620","Iowa","Ally Disterhoft",2,1,0,482,482,8,13,-5,1
"2015-16","9620","Iowa","Chase Coley",4,1,0,130,130,0,2,-2,1
"2015-16","9620","Iowa","Whitney Jennings",15,1,0,424,424,8,13,-5,1
"2015-16","9620","Iowa","Kali Peschel",25,1,0,229,229,1,7,-6,1
"2015-16","9620","Maryland","Malina Howard",5,1,0,424,424,13,8,5,1
"2015-16","9620","Maryland","Kristen Confroy",12,1,0,1798,1798,60,47,13,1
"2015-16","9620","Maryland","Chloe Pavlech",15,1,0,282,282,8,1,7,1
"2015-16","9620","Maryland","S. Walker-Kimbrough",32,1,0,2291,2291,76,54,22,1
"2015-16","9620","Maryland","Brionna Jones",42,1,0,229,229,7,1,6,1
"2015-16","9620","Iowa","Megan Gustafson",10,1,130,600,470,14,16,-2,0
"2015-16","9620","Iowa","Tania Davis",11,1,229,482,253,7,6,1,0
"2015-16","9620","Maryland","Kiah Gillespie",1,1,229,301,72,1,2,-1,0
"2015-16","9620","Iowa","Chase Coley",4,2,246,424,178,7,6,1,0
"2015-16","9620","Maryland","Brene Moseley",3,1,282,424,142,5,7,-2,0
"2015-16","9620","Maryland","Brionna Jones",42,2,301,510,209,7,7,0,0
"2015-16","9620","Iowa","Christina Buttenham",23,1,424,600,176,6,5,1,0
"2015-16","9620","Iowa","Kali Peschel",25,2,424,798,374,10,9,1,0
"2015-16","9620","Maryland","Chloe Pavlech",15,2,424,600,176,5,6,-1,0
"2015-16","9620","Maryland","Tierney Pfirman",22,1,424,600,176,5,6,-1,0
"2015-16","9620","Iowa","Alexa Kastanek",1,2,482,566,84,4,5,-1,0
"2015-16","9620","Iowa","Whitney Jennings",15,2,482,1601,1119,34,43,-9,0
"2015-16","9620","Maryland","Malina Howard",5,2,510,798,288,7,8,-1,0
"2015-16","9620","Iowa","Ally Disterhoft",2,2,566,1683,1117,32,41,-9,0
"2015-16","9620","Iowa","Alexa Kastanek",1,3,600,891,291,6,10,-4,0
"2015-16","9620","Iowa","Chase Coley",4,3,600,672,72,2,2,0,0
"2015-16","9620","Maryland","Kiara Leslie",2,1,600,798,198,4,4,0,0
"2015-16","9620","Maryland","Brene Moseley",3,2,600,1727,1127,42,32,10,0
"2015-16","9620","Maryland","Brionna Jones",42,3,600,600,0,0,0,0,0
"2015-16","9620","Iowa","Megan Gustafson",10,2,672,923,251,4,8,-4,0
"2015-16","9620","Iowa","Christina Buttenham",23,2,798,1041,243,6,14,-8,0
"2015-16","9620","Maryland","Tierney Pfirman",22,2,798,1200,402,18,12,6,0
"2015-16","9620","Maryland","Brianna Fraser",34,1,798,1200,402,18,12,6,0
"2015-16","9620","Iowa","Tania Davis",11,2,891,960,69,0,2,-2,0
"2015-16","9620","Iowa","Claire Till",3,1,923,1041,118,4,8,-4,0
"2015-16","9620","Iowa","Alexa Kastanek",1,4,960,1130,170,10,10,0,0
"2015-16","9620","Iowa","Megan Gustafson",10,3,1041,1200,159,6,4,2,0
"2015-16","9620","Iowa","Kali Peschel",25,3,1041,1472,431,15,16,-1,0
"2015-16","9620","Iowa","Tania Davis",11,3,1130,1200,70,0,0,0,0
"2015-16","9620","Iowa","Alexa Kastanek",1,5,1200,1428,228,9,9,0,0
"2015-16","9620","Iowa","Chase Coley",4,4,1200,1263,63,5,5,0,0
"2015-16","9620","Maryland","Malina Howard",5,3,1200,1248,48,2,5,-3,0
"2015-16","9620","Maryland","Brionna Jones",42,4,1200,1491,291,14,9,5,0
"2015-16","9620","Maryland","Tierney Pfirman",22,3,1248,1406,158,7,2,5,0
"2015-16","9620","Iowa","Megan Gustafson",10,4,1263,1800,537,12,15,-3,0
"2015-16","9620","Maryland","Brianna Fraser",34,2,1406,1508,102,5,2,3,0
"2015-16","9620","Iowa","Christina Buttenham",23,3,1428,1683,255,5,10,-5,0
"2015-16","9620","Iowa","Chase Coley",4,5,1472,1886,414,8,13,-5,0
"2015-16","9620","Maryland","Kiara Leslie",2,2,1491,1601,110,2,3,-1,0
"2015-16","9620","Maryland","Brionna Jones",42,5,1508,1754,246,6,8,-2,0
"2015-16","9620","Iowa","Tania Davis",11,4,1601,1800,199,5,4,1,0
"2015-16","9620","Maryland","Tierney Pfirman",22,4,1601,1727,126,4,4,0,0
"2015-16","9620","Iowa","Alexa Kastanek",1,6,1683,1754,71,3,1,2,0
"2015-16","9620","Iowa","Whitney Jennings",15,3,1683,2205,522,10,13,-3,0
"2015-16","9620","Iowa","Kali Peschel",25,4,1683,1798,115,3,1,2,0
"2015-16","9620","Maryland","Malina Howard",5,4,1727,1754,27,0,1,-1,0
"2015-16","9620","Maryland","Chloe Pavlech",15,3,1727,2400,673,16,10,6,0
"2015-16","9620","Maryland","Tierney Pfirman",22,5,1754,1798,44,0,0,0,0
"2015-16","9620","Maryland","Brianna Fraser",34,3,1754,1800,46,0,0,0,0
"2015-16","9620","Iowa","Ally Disterhoft",2,3,1798,2205,407,7,12,-5,0
"2015-16","9620","Maryland","Kiara Leslie",2,3,1798,1800,2,0,0,0,0
"2015-16","9620","Maryland","Malina Howard",5,5,1798,1886,88,5,0,5,0
"2015-16","9620","Iowa","Alexa Kastanek",1,7,1800,1800,0,0,0,0,0
"2015-16","9620","Iowa","Megan Gustafson",10,5,1800,2032,232,4,7,-3,0
"2015-16","9620","Iowa","Tania Davis",11,5,1800,2070,270,5,9,-4,0
"2015-16","9620","Iowa","Kali Peschel",25,5,1800,1800,0,0,0,0,0
"2015-16","9620","Maryland","Kristen Confroy",12,2,1800,2338,538,16,9,7,0
"2015-16","9620","Maryland","Brionna Jones",42,6,1800,1900,100,5,1,4,0
"2015-16","9620","Iowa","Alexa Kastanek",1,8,1886,2268,382,7,10,-3,0
"2015-16","9620","Maryland","Tierney Pfirman",22,6,1886,2070,184,4,5,-1,0
"2015-16","9620","Maryland","Brianna Fraser",34,4,1900,2070,170,4,4,0,0
"2015-16","9620","Iowa","Chase Coley",4,6,2032,2159,127,3,5,-2,0
"2015-16","9620","Iowa","Christina Buttenham",23,4,2070,2372,302,4,7,-3,0
"2015-16","9620","Maryland","Kiah Gillespie",1,2,2070,2159,89,3,2,1,0
"2015-16","9620","Maryland","Malina Howard",5,6,2070,2231,161,6,2,4,0
"2015-16","9620","Iowa","Megan Gustafson",10,6,2159,2268,109,0,3,-3,0
"2015-16","9620","Maryland","Brionna Jones",42,7,2159,2338,179,4,2,2,0
"2015-16","9620","Iowa","Claire Till",3,2,2205,2372,167,2,4,-2,0
"2015-16","9620","Iowa","Tania Davis",11,6,2205,2400,195,2,4,-2,0
"2015-16","9620","Maryland","Brianna Fraser",34,5,2231,2400,169,1,2,-1,0
"2015-16","9620","Iowa","Hannah Stewart",21,1,2268,2400,132,2,1,1,0
"2015-16","9620","Iowa","Tagyn Larson",24,1,2268,2400,132,2,1,1,0
"2015-16","9620","Maryland","Brene Moseley",3,3,2291,2400,109,0,2,-2,0
"2015-16","9620","Maryland","Aja Ellison",0,1,2338,2400,62,0,0,0,0
"2015-16","9620","Maryland","A'Lexus Harrison",33,1,2338,2400,62,0,0,0,0
"2015-16","9620","Iowa","Hailey Schneden",40,1,2372,2400,28,0,0,0,0
"2015-16","9620","Iowa","Nicole Smith",45,1,2372,2400,28,0,0,0,0
"2015-16","9621","Maryland","Malina Howard",5,1,0,337,337,16,9,7,1
"2015-16","9621","Maryland","Kristen Confroy",12,1,0,694,694,27,19,8,1
"2015-16","9621","Maryland","Chloe Pavlech",15,1,0,337,337,16,9,7,1
"2015-16","9621","Maryland","S. Walker-Kimbrough",32,1,0,826,826,31,25,6,1
"2015-16","9621","Maryland","Brionna Jones",42,1,0,337,337,16,9,7,1
"2015-16","9621","Michigan","Madison Ristovski",1,1,0,467,467,11,21,-10,1
"2015-16","9621","Michigan","Siera Thompson",2,1,0,467,467,11,21,-10,1
"2015-16","9621","Michigan","Katelynn Flaherty",3,1,0,598,598,19,25,-6,1
"2015-16","9621","Michigan","Hallie Thome",30,1,0,337,337,9,16,-7,1
"2015-16","9621","Michigan","Kelsey Mitchell",32,1,0,507,507,13,23,-10,1
"2015-16","9621","Maryland","Brene Moseley",3,1,337,598,261,9,10,-1,0
"2015-16","9621","Maryland","Tierney Pfirman",22,1,337,598,261,9,10,-1,0
"2015-16","9621","Maryland","Brianna Fraser",34,1,337,467,130,5,2,3,0
"2015-16","9621","Michigan","Jillian Dunston",11,1,337,600,263,10,9,1,0
"2015-16","9621","Maryland","Brionna Jones",42,2,467,710,243,6,8,-2,0
"2015-16","9621","Michigan","Danielle Williams",20,1,467,600,133,8,4,4,0
"2015-16","9621","Michigan","Boogie Brozoski",34,1,467,600,133,8,4,4,0
"2015-16","9621","Michigan","Hallie Thome",30,2,507,870,363,12,10,2,0
"2015-16","9621","Maryland","Malina Howard",5,2,598,745,147,2,2,0,0
"2015-16","9621","Maryland","Chloe Pavlech",15,2,598,745,147,2,2,0,0
"2015-16","9621","Michigan","Nicole Munger",10,1,598,600,2,0,0,0,0
"2015-16","9621","Michigan","Madison Ristovski",1,2,600,953,353,8,12,-4,0
"2015-16","9621","Michigan","Siera Thompson",2,2,600,1601,1001,33,28,5,0
"2015-16","9621","Michigan","Katelynn Flaherty",3,2,600,1719,1119,33,28,5,0
"2015-16","9621","Michigan","Nicole Munger",10,2,600,647,47,0,0,0,0
"2015-16","9621","Michigan","Jillian Dunston",11,2,600,710,110,0,2,-2,0
"2015-16","9621","Michigan","Danielle Williams",20,2,600,694,94,0,2,-2,0
"2015-16","9621","Michigan","Kelsey Mitchell",32,2,600,1374,774,24,21,3,0
"2015-16","9621","Michigan","Boogie Brozoski",34,2,600,694,94,0,2,-2,0
"2015-16","9621","Maryland","Kiara Leslie",2,1,694,953,259,10,8,2,0
"2015-16","9621","Maryland","Brianna Fraser",34,2,710,785,75,2,4,-2,0
"2015-16","9621","Maryland","Brene Moseley",3,2,745,1194,449,15,14,1,0
"2015-16","9621","Maryland","Tierney Pfirman",22,2,745,884,139,8,4,4,0
"2015-16","9621","Maryland","Malina Howard",5,3,785,1175,390,11,12,-1,0
"2015-16","9621","Maryland","Kristen Confroy",12,2,826,1072,246,7,9,-2,0
"2015-16","9621","Michigan","Jillian Dunston",11,3,870,1200,330,10,9,1,0
"2015-16","9621","Maryland","Kiah Gillespie",1,1,884,1072,188,3,9,-6,0
"2015-16","9621","Maryland","S. Walker-Kimbrough",32,2,953,2400,1447,37,40,-3,0
"2015-16","9621","Michigan","Boogie Brozoski",34,3,953,1200,247,8,5,3,0
"2015-16","9621","Maryland","Kiara Leslie",2,2,1072,1175,103,2,1,1,0
"2015-16","9621","Maryland","Tierney Pfirman",22,3,1072,1194,122,4,1,3,0
"2015-16","9621","Maryland","Kristen Confroy",12,3,1175,1194,19,2,0,2,0
"2015-16","9621","Maryland","Brianna Fraser",34,3,1175,1200,25,2,0,2,0
"2015-16","9621","Maryland","Kiara Leslie",2,3,1194,1200,6,0,0,0,0
"2015-16","9621","Maryland","Malina Howard",5,4,1194,1304,110,0,5,-5,0
"2015-16","9621","Maryland","Chloe Pavlech",15,3,1194,1233,39,0,0,0,0
"2015-16","9621","Maryland","Kristen Confroy",12,4,1200,2400,1200,32,32,0,0
"2015-16","9621","Maryland","Brionna Jones",42,3,1200,1423,223,4,12,-8,0
"2015-16","9621","Michigan","Madison Ristovski",1,3,1200,1549,349,17,9,8,0
"2015-16","9621","Michigan","Hallie Thome",30,3,1200,1512,312,17,8,9,0
"2015-16","9621","Maryland","Brene Moseley",3,3,1233,1423,190,4,12,-8,0
"2015-16","9621","Maryland","Tierney Pfirman",22,4,1304,1668,364,11,12,-1,0
"2015-16","9621","Michigan","Jillian Dunston",11,4,1374,1785,411,9,7,2,0
"2015-16","9621","Maryland","Chloe Pavlech",15,4,1423,1731,308,7,5,2,0
"2015-16","9621","Maryland","Brianna Fraser",34,4,1423,1475,52,4,5,-1,0
"2015-16","9621","Maryland","Malina Howard",5,5,1475,1785,310,3,0,3,0
"2015-16","9621","Michigan","Kelsey Mitchell",32,3,1512,1644,132,0,3,-3,0
"2015-16","9621","Michigan","Danielle Williams",20,3,1549,1778,229,0,2,-2,0
"2015-16","9621","Michigan","Boogie Brozoski",34,4,1601,1800,199,0,2,-2,0
"2015-16","9621","Michigan","Hallie Thome",30,4,1644,1731,87,0,0,0,0
"2015-16","9621","Maryland","Kiara Leslie",2,4,1668,1731,63,0,0,0,0
"2015-16","9621","Michigan","Siera Thompson",2,3,1719,2400,681,15,21,-6,0
"2015-16","9621","Maryland","Kiah Gillespie",1,2,1731,1785,54,0,0,0,0
"2015-16","9621","Maryland","Brene Moseley",3,4,1731,1778,47,0,0,0,0
"2015-16","9621","Michigan","Kelsey Mitchell",32,4,1731,1958,227,5,10,-5,0
"2015-16","9621","Maryland","Chloe Pavlech",15,5,1778,1785,7,0,0,0,0
"2015-16","9621","Michigan","Katelynn Flaherty",3,3,1778,2400,622,15,21,-6,0
"2015-16","9621","Maryland","Brene Moseley",3,5,1785,1800,15,2,0,2,0
"2015-16","9621","Maryland","Tierney Pfirman",22,5,1785,1800,15,2,0,2,0
"2015-16","9621","Maryland","Brionna Jones",42,4,1785,2096,311,14,5,9,0
"2015-16","9621","Michigan","Danielle Williams",20,4,1785,1800,15,0,2,-2,0
"2015-16","9621","Maryland","Brene Moseley",3,6,1800,2096,296,12,5,7,0
"2015-16","9621","Maryland","Malina Howard",5,6,1800,2149,349,14,5,9,0
"2015-16","9621","Maryland","Chloe Pavlech",15,6,1800,2160,360,14,5,9,0
"2015-16","9621","Maryland","Tierney Pfirman",22,6,1800,2021,221,8,5,3,0
"2015-16","9621","Michigan","Madison Ristovski",1,4,1800,2149,349,5,14,-9,0
"2015-16","9621","Michigan","Danielle Williams",20,5,1800,2400,600,15,19,-4,0
"2015-16","9621","Michigan","Hallie Thome",30,5,1800,2096,296,5,12,-7,0
"2015-16","9621","Michigan","Boogie Brozoski",34,5,1800,1916,116,2,6,-4,0
"2015-16","9621","Michigan","Jillian Dunston",11,5,1869,2261,392,5,15,-10,0
"2015-16","9621","Maryland","Brianna Fraser",34,5,2096,2149,53,2,0,2,0
"2015-16","9621","Michigan","Kelsey Mitchell",32,5,2096,2261,165,2,6,-4,0
"2015-16","9621","Maryland","Tierney Pfirman",22,7,2149,2393,244,5,10,-5,0
"2015-16","9621","Maryland","Brionna Jones",42,5,2149,2355,206,4,5,-1,0
"2015-16","9621","Michigan","Boogie Brozoski",34,6,2149,2400,251,10,5,5,0
"2015-16","9621","Maryland","Brene Moseley",3,7,2160,2355,195,4,5,-1,0
"2015-16","9621","Michigan","Nicole Munger",10,3,2261,2400,139,8,1,7,0
"2015-16","9621","Michigan","Hallie Thome",30,6,2261,2400,139,8,1,7,0
"2015-16","9621","Maryland","Malina Howard",5,7,2355,2389,34,0,3,-3,0
"2015-16","9621","Maryland","Chloe Pavlech",15,7,2355,2389,34,0,3,-3,0
"2015-16","9621","Maryland","Brene Moseley",3,8,2389,2393,4,1,2,-1,0
"2015-16","9621","Maryland","Brionna Jones",42,6,2389,2400,11,1,2,-1,0
"2015-16","9621","Maryland","Malina Howard",5,8,2393,2400,7,0,0,0,0
"2015-16","9621","Maryland","Chloe Pavlech",15,8,2393,2400,7,0,0,0,0
"2015-16","9622","Maryland","Malina Howard",5,1,0,331,331,17,6,11,1
"2015-16","9622","Maryland","Kristen Confroy",12,1,0,413,413,19,8,11,1
"2015-16","9622","Maryland","Chloe Pavlech",15,1,0,229,229,7,4,3,1
"2015-16","9622","Maryland","S. Walker-Kimbrough",32,1,0,213,213,7,2,5,1
"2015-16","9622","Maryland","Brionna Jones",42,1,0,495,495,24,10,14,1
"2015-16","9622","Northwestern","Ashley Deary",3,1,0,1584,1584,41,55,-14,1
"2015-16","9622","Northwestern","Nia Coffey",10,1,0,2296,2296,60,77,-17,1
"2015-16","9622","Northwestern","P. Kunaiyi-Akpanah",14,1,0,331,331,6,17,-11,1
"2015-16","9622","Northwestern","Christen Inman",24,1,0,1131,1131,30,38,-8,1
"2015-16","9622","Northwestern","Maggie Lyon",25,1,0,2296,2296,60,77,-17,1
"2015-16","9622","Maryland","Tierney Pfirman",22,1,213,331,118,10,4,6,0
"2015-16","9622","Maryland","Brene Moseley",3,1,229,557,328,19,9,10,0
"2015-16","9622","Maryland","S. Walker-Kimbrough",32,2,331,557,226,9,7,2,0
"2015-16","9622","Maryland","Brianna Fraser",34,1,331,495,164,7,4,3,0
"2015-16","9622","Northwestern","Christen Johnson",32,1,331,413,82,2,2,0,0
"2015-16","9622","Maryland","Tierney Pfirman",22,2,413,557,144,7,5,2,0
"2015-16","9622","Northwestern","Maya Jonas",35,1,413,600,187,5,7,-2,0
"2015-16","9622","Maryland","Malina Howard",5,2,495,600,105,2,3,-1,0
"2015-16","9622","Maryland","Kristen Confroy",12,2,495,2325,1830,54,50,4,0
"2015-16","9622","Maryland","Kiah Gillespie",1,1,557,600,43,0,0,0,0
"2015-16","9622","Maryland","Kiara Leslie",2,1,557,600,43,0,0,0,0
"2015-16","9622","Maryland","Chloe Pavlech",15,2,557,600,43,0,0,0,0
"2015-16","9622","Maryland","Brene Moseley",3,2,600,1178,578,18,17,1,0
"2015-16","9622","Maryland","Tierney Pfirman",22,3,600,709,109,2,0,2,0
"2015-16","9622","Maryland","S. Walker-Kimbrough",32,3,600,995,395,8,10,-2,0
"2015-16","9622","Maryland","Brionna Jones",42,2,600,1131,531,12,17,-5,0
"2015-16","9622","Northwestern","P. Kunaiyi-Akpanah",14,2,600,666,66,0,2,-2,0
"2015-16","9622","Northwestern","Lydia Rohde",12,1,666,1200,534,17,16,1,0
"2015-16","9622","Maryland","Malina Howard",5,3,709,840,131,6,2,4,0
"2015-16","9622","Maryland","Kiah Gillespie",1,2,840,995,155,0,8,-8,0
"2015-16","9622","Maryland","A'Lexus Harrison",33,1,977,987,10,0,2,-2,0
"2015-16","9622","Maryland","Kiara Leslie",2,2,995,1131,136,4,7,-3,0
"2015-16","9622","Maryland","Tierney Pfirman",22,4,995,1200,205,10,7,3,0
"2015-16","9622","Maryland","Malina Howard",5,4,1131,1651,520,19,13,6,0
"2015-16","9622","Maryland","S. Walker-Kimbrough",32,4,1131,2325,1194,40,30,10,0
"2015-16","9622","Northwestern","Maya Jonas",35,2,1131,1200,69,0,6,-6,0
"2015-16","9622","Maryland","Chloe Pavlech",15,3,1178,1330,152,2,4,-2,0
"2015-16","9622","Maryland","Brionna Jones",42,3,1200,1651,451,13,13,0,0
"2015-16","9622","Northwestern","P. Kunaiyi-Akpanah",14,3,1200,1200,0,0,0,0,0
"2015-16","9622","Northwestern","Christen Inman",24,2,1200,1746,546,18,21,-3,0
"2015-16","9622","Northwestern","Maya Jonas",35,3,1200,1651,451,13,13,0,0
"2015-16","9622","Maryland","Brene Moseley",3,3,1330,2325,995,32,26,6,0
"2015-16","9622","Northwestern","Jordan Hankins",5,1,1584,1800,216,12,10,2,0
"2015-16","9622","Maryland","Tierney Pfirman",22,5,1651,2071,420,14,14,0,0
"2015-16","9622","Maryland","Brianna Fraser",34,2,1651,1800,149,8,10,-2,0
"2015-16","9622","Northwestern","P. Kunaiyi-Akpanah",14,4,1651,1907,256,12,14,-2,0
"2015-16","9622","Northwestern","Ashley Deary",3,2,1746,2325,579,12,13,-1,0
"2015-16","9622","Maryland","Brionna Jones",42,4,1800,2187,387,6,5,1,0
"2015-16","9622","Northwestern","Christen Inman",24,3,1800,2277,477,5,10,-5,0
"2015-16","9622","Northwestern","Maya Jonas",35,4,1907,2052,145,2,0,2,0
"2015-16","9622","Northwestern","P. Kunaiyi-Akpanah",14,5,2052,2171,119,0,0,0,0
"2015-16","9622","Maryland","Malina Howard",5,5,2071,2325,254,7,3,4,0
"2015-16","9622","Northwestern","Lydia Rohde",12,2,2171,2187,16,1,0,1,0
"2015-16","9622","Maryland","Tierney Pfirman",22,6,2187,2296,109,6,2,4,0
"2015-16","9622","Northwestern","P. Kunaiyi-Akpanah",14,6,2187,2400,213,4,9,-5,0
"2015-16","9622","Northwestern","Lydia Rohde",12,3,2277,2400,123,4,5,-1,0
"2015-16","9622","Maryland","Brianna Fraser",34,3,2296,2400,104,3,2,1,0
"2015-16","9622","Northwestern","Allie Tuttle",30,1,2296,2400,104,2,3,-1,0
"2015-16","9622","Northwestern","Amber Jamison",34,1,2296,2400,104,2,3,-1,0
"2015-16","9622","Maryland","Aja Ellison",0,1,2325,2400,75,2,2,0,0
"2015-16","9622","Maryland","Kiah Gillespie",1,3,2325,2400,75,2,2,0,0
"2015-16","9622","Maryland","Kiara Leslie",2,3,2325,2400,75,2,2,0,0
"2015-16","9622","Maryland","Chloe Pavlech",15,4,2325,2400,75,2,2,0,0
"2015-16","9622","Northwestern","Nof Kedem",13,1,2325,2400,75,2,2,0,0
"2015-16","9623","Maryland","Malina Howard",5,1,0,201,201,5,7,-2,1
"2015-16","9623","Maryland","Kristen Confroy",12,1,0,773,773,25,22,3,1
"2015-16","9623","Maryland","Chloe Pavlech",15,1,0,201,201,5,7,-2,1
"2015-16","9623","Maryland","S. Walker-Kimbrough",32,1,0,927,927,34,26,8,1
"2015-16","9623","Maryland","Brionna Jones",42,1,0,299,299,8,10,-2,1
"2015-16","9623","Wisconsin","Dakota Whyte",1,1,0,729,729,22,20,2,1
"2015-16","9623","Wisconsin","Nicole Bauman",4,1,0,496,496,18,11,7,1
"2015-16","9623","Wisconsin","Cayla McMorris",23,1,0,250,250,9,8,1,1
"2015-16","9623","Wisconsin","Michala Johnson",25,1,0,299,299,10,8,2,1
"2015-16","9623","Wisconsin","Avyanna Young",40,1,0,381,381,12,11,1,1
"2015-16","9623","Maryland","Tierney Pfirman",22,1,201,496,295,6,11,-5,0
"2015-16","9623","Wisconsin","Tessa Cichy",22,1,250,600,350,11,7,4,0
"2015-16","9623","Maryland","Brianna Fraser",34,1,299,381,82,3,2,1,0
"2015-16","9623","Wisconsin","Rosanna Gambino",41,1,299,381,82,2,3,-1,0
"2015-16","9623","Maryland","Malina Howard",5,2,381,1049,668,30,18,12,0
"2015-16","9623","Wisconsin","Marsha Howard",11,1,381,546,165,8,4,4,0
"2015-16","9623","Wisconsin","Michala Johnson",25,2,381,600,219,8,4,4,0
"2015-16","9623","Maryland","Brionna Jones",42,2,496,1152,656,36,12,24,0
"2015-16","9623","Wisconsin","Roichelle Marble",5,1,496,600,104,2,4,-2,0
"2015-16","9623","Maryland","Chloe Pavlech",15,2,546,927,381,19,6,13,0
"2015-16","9623","Wisconsin","Avyanna Young",40,2,546,1152,606,10,32,-22,0
"2015-16","9623","Wisconsin","Nicole Bauman",4,2,600,2293,1693,45,73,-28,0
"2015-16","9623","Wisconsin","Roichelle Marble",5,2,600,795,195,2,12,-10,0
"2015-16","9623","Wisconsin","Cayla McMorris",23,2,600,773,173,2,10,-8,0
"2015-16","9623","Wisconsin","Michala Johnson",25,3,729,927,198,4,14,-10,0
"2015-16","9623","Maryland","Kiara Leslie",2,1,773,927,154,9,4,5,0
"2015-16","9623","Wisconsin","Tessa Cichy",22,2,773,1052,279,8,16,-8,0
"2015-16","9623","Wisconsin","Dakota Whyte",1,2,795,1363,568,15,29,-14,0
"2015-16","9623","Maryland","Brene Moseley",3,1,927,1200,273,15,4,11,0
"2015-16","9623","Maryland","Kristen Confroy",12,2,927,1612,685,37,19,18,0
"2015-16","9623","Maryland","Tierney Pfirman",22,2,927,1152,225,13,4,9,0
"2015-16","9623","Wisconsin","Rosanna Gambino",41,2,927,1152,225,4,13,-9,0
"2015-16","9623","Maryland","S. Walker-Kimbrough",32,2,1049,1528,479,21,11,10,0
"2015-16","9623","Wisconsin","Cayla McMorris",23,3,1052,1200,148,0,8,-8,0
"2015-16","9623","Maryland","Malina Howard",5,3,1152,1468,316,11,11,0,0
"2015-16","9623","Maryland","Brianna Fraser",34,2,1152,1200,48,2,0,2,0
"2015-16","9623","Wisconsin","Marsha Howard",11,2,1152,1200,48,0,2,-2,0
"2015-16","9623","Wisconsin","Michala Johnson",25,4,1152,1336,184,7,9,-2,0
"2015-16","9623","Maryland","Chloe Pavlech",15,3,1200,1336,136,7,7,0,0
"2015-16","9623","Maryland","Brionna Jones",42,3,1200,1468,268,9,11,-2,0
"2015-16","9623","Wisconsin","Tessa Cichy",22,3,1200,1612,412,15,22,-7,0
"2015-16","9623","Wisconsin","Avyanna Young",40,3,1200,1528,328,11,13,-2,0
"2015-16","9623","Maryland","Brene Moseley",3,2,1336,1760,424,21,10,11,0
"2015-16","9623","Wisconsin","Rosanna Gambino",41,3,1336,1528,192,4,6,-2,0
"2015-16","9623","Wisconsin","Roichelle Marble",5,3,1363,1532,169,4,8,-4,0
"2015-16","9623","Maryland","Kiah Gillespie",1,1,1468,1800,332,19,10,9,0
"2015-16","9623","Maryland","Tierney Pfirman",22,3,1468,1800,332,19,10,9,0
"2015-16","9623","Maryland","Kiara Leslie",2,2,1528,1800,272,15,10,5,0
"2015-16","9623","Wisconsin","Marsha Howard",11,3,1528,1612,84,4,9,-5,0
"2015-16","9623","Wisconsin","Michala Johnson",25,5,1528,1987,459,12,22,-10,0
"2015-16","9623","Wisconsin","Cayla McMorris",23,4,1532,1642,110,4,9,-5,0
"2015-16","9623","Maryland","Brionna Jones",42,4,1612,1760,148,6,2,4,0
"2015-16","9623","Wisconsin","Dakota Whyte",1,3,1612,2293,681,20,17,3,0
"2015-16","9623","Wisconsin","Avyanna Young",40,4,1612,2293,681,20,17,3,0
"2015-16","9623","Wisconsin","Tessa Cichy",22,4,1642,1800,158,6,4,2,0
"2015-16","9623","Maryland","Kristen Confroy",12,3,1760,1800,40,0,4,-4,0
"2015-16","9623","Maryland","Chloe Pavlech",15,4,1760,2400,640,13,18,-5,0
"2015-16","9623","Maryland","Brianna Fraser",34,3,1760,1800,40,0,4,-4,0
"2015-16","9623","Maryland","Kiah Gillespie",1,2,1800,2155,355,11,8,3,0
"2015-16","9623","Maryland","Kiara Leslie",2,3,1800,2400,600,13,14,-1,0
"2015-16","9623","Maryland","Malina Howard",5,4,1800,1800,0,0,0,0,0
"2015-16","9623","Maryland","Tierney Pfirman",22,4,1800,2011,211,9,2,7,0
"2015-16","9623","Maryland","S. Walker-Kimbrough",32,3,1800,1800,0,0,0,0,0
"2015-16","9623","Maryland","Brianna Fraser",34,4,1800,2115,315,11,4,7,0
"2015-16","9623","Maryland","Brionna Jones",42,5,1800,1800,0,0,0,0,0
"2015-16","9623","Wisconsin","Tessa Cichy",22,5,1800,2400,600,14,13,1,0
"2015-16","9623","Wisconsin","Cayla McMorris",23,5,1800,1800,0,0,0,0,0
"2015-16","9623","Wisconsin","Marsha Howard",11,4,1987,2400,413,12,6,6,0
"2015-16","9623","Maryland","Brene Moseley",3,3,2011,2211,200,2,10,-8,0
"2015-16","9623","Maryland","A'Lexus Harrison",33,1,2115,2400,285,2,10,-8,0
"2015-16","9623","Maryland","Aja Ellison",0,1,2155,2293,138,0,6,-6,0
"2015-16","9623","Maryland","Brianna Fraser",34,5,2211,2400,189,2,2,0,0
"2015-16","9623","Maryland","Kiah Gillespie",1,3,2293,2400,107,2,0,2,0
"2015-16","9623","Wisconsin","Roichelle Marble",5,4,2293,2400,107,0,2,-2,0
"2015-16","9623","Wisconsin","Cayla McMorris",23,6,2293,2400,107,0,2,-2,0
"2015-16","9623","Wisconsin","Rosanna Gambino",41,4,2293,2400,107,0,2,-2,0
"2015-16","9624","Maryland","Malina Howard",5,1,0,251,251,7,4,3,1
"2015-16","9624","Maryland","Kristen Confroy",12,1,0,982,982,29,21,8,1
"2015-16","9624","Maryland","Chloe Pavlech",15,1,0,204,204,5,4,1,1
"2015-16","9624","Maryland","S. Walker-Kimbrough",32,1,0,514,514,19,10,9,1
"2015-16","9624","Maryland","Brionna Jones",42,1,0,95,95,5,2,3,1
"2015-16","9624","Penn State","Brianna Banks",3,1,0,324,324,8,11,-3,1
"2015-16","9624","Penn State","Teniya Page",11,1,0,2041,2041,43,80,-37,1
"2015-16","9624","Penn State","Lindsey Spann",12,1,0,625,625,12,21,-9,1
"2015-16","9624","Penn State","Kaliyah Mitchell",15,1,0,95,95,2,5,-3,1
"2015-16","9624","Penn State","Peyton Whitted",25,1,0,373,373,10,15,-5,1
"2015-16","9624","Maryland","Tierney Pfirman",22,1,95,452,357,12,8,4,0
"2015-16","9624","Penn State","Candice Agee",1,1,95,359,264,8,10,-2,0
"2015-16","9624","Maryland","Brene Moseley",3,1,204,574,370,16,6,10,0
"2015-16","9624","Maryland","Kiah Gillespie",1,1,251,373,122,8,6,2,0
"2015-16","9624","Penn State","Kaliyah Mitchell",15,2,324,492,168,2,8,-6,0
"2015-16","9624","Penn State","Brianna Banks",3,2,359,564,205,0,4,-4,0
"2015-16","9624","Maryland","Malina Howard",5,2,373,564,191,4,0,4,0
"2015-16","9624","Penn State","Candice Agee",1,2,373,514,141,0,4,-4,0
"2015-16","9624","Maryland","Brianna Fraser",34,1,452,600,148,4,2,2,0
"2015-16","9624","Penn State","Peyton Whitted",25,2,492,840,348,11,4,7,0
"2015-16","9624","Maryland","Kiara Leslie",2,1,514,600,86,2,2,0,0
"2015-16","9624","Penn State","Ashanti Thomas",24,1,514,600,86,2,2,0,0
"2015-16","9624","Maryland","Brionna Jones",42,2,564,574,10,2,0,2,0
"2015-16","9624","Penn State","Kaliyah Mitchell",15,3,564,1639,1075,23,41,-18,0
"2015-16","9624","Maryland","Malina Howard",5,3,574,602,28,0,2,-2,0
"2015-16","9624","Maryland","Chloe Pavlech",15,2,574,602,28,0,2,-2,0
"2015-16","9624","Maryland","S. Walker-Kimbrough",32,2,600,1726,1126,43,25,18,0
"2015-16","9624","Maryland","Brionna Jones",42,3,600,820,220,0,9,-9,0
"2015-16","9624","Penn State","Brianna Banks",3,3,600,602,2,0,0,0,0
"2015-16","9624","Maryland","Brene Moseley",3,2,602,1200,598,18,12,6,0
"2015-16","9624","Maryland","Tierney Pfirman",22,2,602,764,162,0,4,-4,0
"2015-16","9624","Penn State","Ashanti Thomas",24,2,602,625,23,0,0,0,0
"2015-16","9624","Penn State","Candice Agee",1,3,625,820,195,9,0,9,0
"2015-16","9624","Penn State","Brianna Banks",3,4,625,1152,527,12,16,-4,0
"2015-16","9624","Maryland","Malina Howard",5,4,764,916,152,4,5,-1,0
"2015-16","9624","Maryland","Brianna Fraser",34,2,820,1200,380,18,3,15,0
"2015-16","9624","Penn State","Ashanti Thomas",24,3,820,840,20,0,2,-2,0
"2015-16","9624","Penn State","Candice Agee",1,4,840,916,76,0,2,-2,0
"2015-16","9624","Penn State","Jaylen Williams",23,1,840,916,76,0,2,-2,0
"2015-16","9624","Maryland","Brionna Jones",42,4,916,1130,214,12,0,12,0
"2015-16","9624","Penn State","Lindsey Spann",12,2,916,2290,1374,27,58,-31,0
"2015-16","9624","Penn State","Ashanti Thomas",24,4,916,1003,87,0,6,-6,0
"2015-16","9624","Maryland","Tierney Pfirman",22,3,982,1200,218,10,3,7,0
"2015-16","9624","Penn State","Candice Agee",1,5,1003,1200,197,3,8,-5,0
"2015-16","9624","Maryland","Malina Howard",5,5,1130,1152,22,0,3,-3,0
"2015-16","9624","Maryland","Brionna Jones",42,5,1152,1639,487,23,9,14,0
"2015-16","9624","Penn State","Jaylen Williams",23,2,1152,1200,48,0,2,-2,0
"2015-16","9624","Maryland","Malina Howard",5,6,1200,1477,277,9,7,2,0
"2015-16","9624","Maryland","Kristen Confroy",12,2,1200,1802,602,29,15,14,0
"2015-16","9624","Maryland","Chloe Pavlech",15,3,1200,1477,277,9,7,2,0
"2015-16","9624","Penn State","Candice Agee",1,6,1200,1311,111,0,4,-4,0
"2015-16","9624","Penn State","Brianna Banks",3,5,1200,1566,366,9,16,-7,0
"2015-16","9624","Penn State","Peyton Whitted",25,3,1200,1200,0,0,0,0,0
"2015-16","9624","Penn State","Peyton Whitted",25,4,1311,1530,219,9,7,2,0
"2015-16","9624","Maryland","Brene Moseley",3,3,1477,1800,323,20,8,12,0
"2015-16","9624","Maryland","Tierney Pfirman",22,4,1477,1639,162,12,2,10,0
"2015-16","9624","Penn State","Jaylen Williams",23,3,1530,1639,109,0,10,-10,0
"2015-16","9624","Penn State","Candice Agee",1,7,1566,1726,160,4,9,-5,0
"2015-16","9624","Maryland","Kiah Gillespie",1,2,1639,2400,761,29,20,9,0
"2015-16","9624","Maryland","Brianna Fraser",34,3,1639,1668,29,2,0,2,0
"2015-16","9624","Penn State","Brianna Banks",3,6,1639,2169,530,11,21,-10,0
"2015-16","9624","Penn State","Peyton Whitted",25,5,1639,1775,136,4,8,-4,0
"2015-16","9624","Maryland","Malina Howard",5,7,1668,1726,58,2,4,-2,0
"2015-16","9624","Maryland","Kiara Leslie",2,2,1726,1800,74,4,2,2,0
"2015-16","9624","Maryland","Brianna Fraser",34,4,1726,1800,74,4,2,2,0
"2015-16","9624","Penn State","Ashanti Thomas",24,5,1726,1800,74,2,4,-2,0
"2015-16","9624","Penn State","Kaliyah Mitchell",15,4,1775,2041,266,6,12,-6,0
"2015-16","9624","Maryland","Malina Howard",5,8,1800,1802,2,0,0,0,0
"2015-16","9624","Maryland","S. Walker-Kimbrough",32,3,1800,1916,116,4,0,4,0
"2015-16","9624","Maryland","Brionna Jones",42,6,1800,1916,116,4,0,4,0
"2015-16","9624","Penn State","Ashanti Thomas",24,6,1800,1885,85,0,2,-2,0
"2015-16","9624","Penn State","Peyton Whitted",25,6,1800,1800,0,0,0,0,0
"2015-16","9624","Maryland","Kiara Leslie",2,3,1802,2400,598,21,14,7,0
"2015-16","9624","Maryland","Brianna Fraser",34,5,1802,2290,488,15,9,6,0
"2015-16","9624","Penn State","Candice Agee",1,8,1885,2041,156,4,10,-6,0
"2015-16","9624","Maryland","Tierney Pfirman",22,5,1916,2232,316,11,9,2,0
"2015-16","9624","Penn State","Leah Knizner",22,1,2041,2400,359,10,9,1,0
"2015-16","9624","Penn State","Jaylen Williams",23,4,2041,2232,191,5,3,2,0
"2015-16","9624","Penn State","Ashanti Thomas",24,7,2041,2357,316,7,7,0,0
"2015-16","9624","Penn State","Kaliyah Mitchell",15,5,2169,2400,231,9,8,1,0
"2015-16","9624","Maryland","A'Lexus Harrison",33,1,2232,2400,168,6,5,1,0
"2015-16","9624","Penn State","Brianna Banks",3,7,2232,2349,117,0,4,-4,0
"2015-16","9624","Maryland","Aja Ellison",0,1,2290,2400,110,6,5,1,0
"2015-16","9624","Penn State","Teniya Page",11,2,2290,2400,110,5,6,-1,0
"2015-16","9624","Penn State","Sarah McMurtry",34,1,2349,2400,51,5,2,3,0
"2015-16","9624","Penn State","Jaylen Williams",23,5,2357,2400,43,3,2,1,0
"2015-16","9625","Indiana","Tyra Buss",3,1,0,861,861,19,32,-13,1
"2015-16","9625","Indiana","Karlee McBride",21,1,0,437,437,6,17,-11,1
"2015-16","9625","Indiana","Alexis Gassion",23,1,0,179,179,5,5,0,1
"2015-16","9625","Indiana","Amanda Cahill",33,1,0,394,394,6,15,-9,1
"2015-16","9625","Indiana","Jenn Anderson",43,1,0,245,245,5,11,-6,1
"2015-16","9625","Maryland","Malina Howard",5,1,0,314,314,13,6,7,1
"2015-16","9625","Maryland","Kristen Confroy",12,1,0,288,288,13,6,7,1
"2015-16","9625","Maryland","Chloe Pavlech",15,1,0,394,394,15,6,9,1
"2015-16","9625","Maryland","S. Walker-Kimbrough",32,1,0,314,314,13,6,7,1
"2015-16","9625","Maryland","Brionna Jones",42,1,0,437,437,17,6,11,1
"2015-16","9625","Indiana","Jess Walter",2,1,179,600,421,5,18,-13,0
"2015-16","9625","Indiana","Kym Royster",11,1,245,314,69,1,2,-1,0
"2015-16","9625","Maryland","Brene Moseley",3,1,288,600,312,10,4,6,0
"2015-16","9625","Indiana","Jenn Anderson",43,2,314,394,80,0,2,-2,0
"2015-16","9625","Maryland","Kiara Leslie",2,1,314,600,286,10,4,6,0
"2015-16","9625","Maryland","Tierney Pfirman",22,1,314,600,286,10,4,6,0
"2015-16","9625","Indiana","Kym Royster",11,2,394,437,43,0,2,-2,0
"2015-16","9625","Indiana","Lyndsay Leikem",40,1,394,472,78,0,2,-2,0
"2015-16","9625","Maryland","Kristen Confroy",12,2,394,1200,806,23,21,2,0
"2015-16","9625","Indiana","Tyshee Towner",24,1,437,600,163,4,6,-2,0
"2015-16","9625","Indiana","Jenn Anderson",43,3,437,786,349,11,10,1,0
"2015-16","9625","Maryland","Brianna Fraser",34,1,437,600,163,6,4,2,0
"2015-16","9625","Indiana","Amanda Cahill",33,2,472,1011,539,17,18,-1,0
"2015-16","9625","Indiana","Karlee McBride",21,2,600,600,0,0,0,0,0
"2015-16","9625","Indiana","Alexis Gassion",23,2,600,861,261,9,9,0,0
"2015-16","9625","Indiana","Tyshee Towner",24,2,600,786,186,7,4,3,0
"2015-16","9625","Maryland","Brene Moseley",3,2,600,721,121,2,5,-3,0
"2015-16","9625","Maryland","Malina Howard",5,2,600,786,186,4,7,-3,0
"2015-16","9625","Maryland","Chloe Pavlech",15,2,600,600,0,0,0,0,0
"2015-16","9625","Maryland","S. Walker-Kimbrough",32,2,600,786,186,4,7,-3,0
"2015-16","9625","Maryland","Brionna Jones",42,2,600,861,261,9,9,0,0
"2015-16","9625","Maryland","Chloe Pavlech",15,3,721,917,196,7,4,3,0
"2015-16","9625","Indiana","Kym Royster",11,3,786,861,75,2,5,-3,0
"2015-16","9625","Indiana","Karlee McBride",21,3,786,1470,684,17,28,-11,0
"2015-16","9625","Maryland","Brene Moseley",3,3,786,1200,414,11,10,1,0
"2015-16","9625","Maryland","Tierney Pfirman",22,2,786,917,131,5,2,3,0
"2015-16","9625","Indiana","Jess Walter",2,2,861,1200,339,8,6,2,0
"2015-16","9625","Indiana","Tyshee Towner",24,3,861,917,56,0,0,0,0
"2015-16","9625","Indiana","Jenn Anderson",43,4,861,1056,195,5,3,2,0
"2015-16","9625","Maryland","Malina Howard",5,3,861,1198,337,6,8,-2,0
"2015-16","9625","Indiana","Tyra Buss",3,2,917,1198,281,8,6,2,0
"2015-16","9625","Maryland","S. Walker-Kimbrough",32,3,917,1011,94,3,4,-1,0
"2015-16","9625","Maryland","Brionna Jones",42,3,917,1452,535,21,15,6,0
"2015-16","9625","Indiana","Lyndsay Leikem",40,2,1011,1056,45,1,0,1,0
"2015-16","9625","Maryland","Chloe Pavlech",15,4,1011,1452,441,18,11,7,0
"2015-16","9625","Indiana","Kym Royster",11,4,1056,1200,144,3,3,0,0
"2015-16","9625","Indiana","Amanda Cahill",33,3,1056,1380,324,10,13,-3,0
"2015-16","9625","Indiana","Tyshee Towner",24,4,1198,1200,2,0,0,0,0
"2015-16","9625","Maryland","Tierney Pfirman",22,3,1198,1470,272,17,7,10,0
"2015-16","9625","Indiana","Tyra Buss",3,3,1200,2102,902,24,42,-18,0
"2015-16","9625","Indiana","Alexis Gassion",23,3,1200,1582,382,10,23,-13,0
"2015-16","9625","Indiana","Jenn Anderson",43,5,1200,1389,189,7,13,-6,0
"2015-16","9625","Maryland","Malina Howard",5,4,1200,1335,135,5,7,-2,0
"2015-16","9625","Maryland","S. Walker-Kimbrough",32,4,1200,1470,270,17,7,10,0
"2015-16","9625","Indiana","Lyndsay Leikem",40,3,1380,1580,200,3,13,-10,0
"2015-16","9625","Indiana","Kym Royster",11,5,1389,1641,252,3,14,-11,0
"2015-16","9625","Maryland","Brene Moseley",3,4,1452,1800,348,17,5,12,0
"2015-16","9625","Maryland","Brianna Fraser",34,2,1452,1590,138,10,3,7,0
"2015-16","9625","Indiana","Jess Walter",2,3,1470,1759,289,5,12,-7,0
"2015-16","9625","Maryland","Kiah Gillespie",1,1,1470,1800,330,15,5,10,0
"2015-16","9625","Maryland","Kiara Leslie",2,2,1470,1800,330,15,5,10,0
"2015-16","9625","Indiana","Amanda Cahill",33,4,1580,1759,179,2,6,-4,0
"2015-16","9625","Indiana","Tyshee Towner",24,5,1582,1759,177,2,6,-4,0
"2015-16","9625","Maryland","Brionna Jones",42,4,1590,1800,210,7,2,5,0
"2015-16","9625","Indiana","Lyndsay Leikem",40,4,1641,1800,159,2,5,-3,0
"2015-16","9625","Indiana","Kym Royster",11,6,1759,1800,41,0,3,-3,0
"2015-16","9625","Indiana","Karlee McBride",21,4,1759,1847,88,4,3,1,0
"2015-16","9625","Indiana","Alexis Gassion",23,4,1759,1929,170,4,5,-1,0
"2015-16","9625","Maryland","S. Walker-Kimbrough",32,5,1759,2061,302,11,10,1,0
"2015-16","9625","Indiana","Kym Royster",11,7,1800,2258,458,20,14,6,0
"2015-16","9625","Indiana","Amanda Cahill",33,5,1800,1917,117,4,2,2,0
"2015-16","9625","Indiana","Jenn Anderson",43,6,1800,1800,0,0,0,0,0
"2015-16","9625","Maryland","Kiara Leslie",2,3,1800,1929,129,2,4,-2,0
"2015-16","9625","Maryland","Malina Howard",5,5,1800,1917,117,2,4,-2,0
"2015-16","9625","Maryland","Kristen Confroy",12,3,1800,1800,0,0,0,0,0
"2015-16","9625","Maryland","Chloe Pavlech",15,5,1800,2400,600,16,24,-8,0
"2015-16","9625","Maryland","Tierney Pfirman",22,4,1800,2258,458,14,20,-6,0
"2015-16","9625","Indiana","Jess Walter",2,4,1847,2034,187,4,6,-2,0
"2015-16","9625","Indiana","Lyndsay Leikem",40,5,1917,2083,166,6,8,-2,0
"2015-16","9625","Maryland","Brianna Fraser",34,3,1917,2158,241,10,12,-2,0
"2015-16","9625","Indiana","Tyshee Towner",24,6,1929,2400,471,20,14,6,0
"2015-16","9625","Maryland","Kiah Gillespie",1,2,1929,2400,471,14,20,-6,0
"2015-16","9625","Indiana","Alexis Gassion",23,5,2034,2297,263,14,8,6,0
"2015-16","9625","Maryland","Kiara Leslie",2,4,2061,2400,339,8,14,-6,0
"2015-16","9625","Indiana","Amanda Cahill",33,6,2083,2158,75,6,2,4,0
"2015-16","9625","Indiana","Jess Walter",2,5,2102,2400,298,12,6,6,0
"2015-16","9625","Indiana","Lyndsay Leikem",40,6,2158,2400,242,8,4,4,0
"2015-16","9625","Maryland","A'Lexus Harrison",33,1,2158,2400,242,4,8,-4,0
"2015-16","9625","Indiana","Danielle Williams",44,1,2258,2400,142,4,2,2,0
"2015-16","9625","Maryland","Brianna Fraser",34,4,2258,2297,39,0,2,-2,0
"2015-16","9625","Indiana","Laken Wairau",32,1,2297,2400,103,2,2,0,0
"2015-16","9625","Maryland","Aja Ellison",0,1,2297,2400,103,2,2,0,0
"2015-16","9626","Maryland","Malina Howard",5,1,0,545,545,15,15,0,1
"2015-16","9626","Maryland","Kristen Confroy",12,1,0,2400,2400,87,67,20,1
"2015-16","9626","Maryland","Chloe Pavlech",15,1,0,302,302,13,4,9,1
"2015-16","9626","Maryland","S. Walker-Kimbrough",32,1,0,424,424,15,11,4,1
"2015-16","9626","Maryland","Brionna Jones",42,1,0,197,197,6,4,2,1
"2015-16","9626","Purdue","Ashley Morrissette",1,1,0,2400,2400,67,87,-20,1
"2015-16","9626","Purdue","Torrie Thornton",4,1,0,302,302,4,13,-9,1
"2015-16","9626","Purdue","Bridget Perry",13,1,0,477,477,11,15,-4,1
"2015-16","9626","Purdue","Andreona Keys",24,1,0,799,799,22,25,-3,1
"2015-16","9626","Purdue","April Wilson",25,1,0,1570,1570,43,55,-12,1
"2015-16","9626","Maryland","Tierney Pfirman",22,1,197,424,227,9,7,2,0
"2015-16","9626","Maryland","Brene Moseley",3,1,302,600,298,4,11,-7,0
"2015-16","9626","Purdue","Dominique McBryde",20,1,302,600,298,11,4,7,0
"2015-16","9626","Maryland","Kiah Gillespie",1,1,424,531,107,0,3,-3,0
"2015-16","9626","Maryland","Chloe Pavlech",15,2,424,545,121,0,4,-4,0
"2015-16","9626","Purdue","Nora Kiesler",12,1,477,545,68,4,0,4,0
"2015-16","9626","Maryland","Brionna Jones",42,2,531,775,244,10,8,2,0
"2015-16","9626","Maryland","S. Walker-Kimbrough",32,2,545,2400,1855,72,52,20,0
"2015-16","9626","Maryland","Brianna Fraser",34,1,545,600,55,2,0,2,0
"2015-16","9626","Purdue","Torrie Thornton",4,2,545,775,230,7,10,-3,0
"2015-16","9626","Maryland","Malina Howard",5,2,600,600,0,0,0,0,0
"2015-16","9626","Maryland","Chloe Pavlech",15,3,600,1041,441,15,11,4,0
"2015-16","9626","Maryland","Brianna Fraser",34,2,600,665,65,2,2,0,0
"2015-16","9626","Purdue","Bridget Perry",13,2,600,600,0,0,0,0,0
"2015-16","9626","Purdue","Dominique McBryde",20,2,600,1200,600,13,24,-11,0
"2015-16","9626","Maryland","Malina Howard",5,3,665,940,275,11,7,4,0
"2015-16","9626","Maryland","Tierney Pfirman",22,2,775,1041,266,7,4,3,0
"2015-16","9626","Purdue","Bridget Perry",13,3,775,940,165,2,5,-3,0
"2015-16","9626","Purdue","Nora Kiesler",12,2,799,1200,401,6,16,-10,0
"2015-16","9626","Maryland","Brionna Jones",42,3,940,1414,474,19,10,9,0
"2015-16","9626","Purdue","Andreona Keys",24,2,940,1414,474,10,19,-9,0
"2015-16","9626","Maryland","Brene Moseley",3,2,1041,1200,159,9,2,7,0
"2015-16","9626","Maryland","Malina Howard",5,4,1041,1570,529,23,17,6,0
"2015-16","9626","Maryland","Chloe Pavlech",15,4,1200,1570,370,14,15,-1,0
"2015-16","9626","Purdue","Torrie Thornton",4,3,1200,1570,370,15,14,1,0
"2015-16","9626","Purdue","Bridget Perry",13,4,1200,1435,235,8,10,-2,0
"2015-16","9626","Maryland","Tierney Pfirman",22,3,1414,1672,258,12,11,1,0
"2015-16","9626","Purdue","Tiara Murphy",3,1,1414,1800,386,20,16,4,0
"2015-16","9626","Purdue","Dominique McBryde",20,3,1435,1800,365,18,14,4,0
"2015-16","9626","Maryland","Brene Moseley",3,3,1570,1730,160,6,9,-3,0
"2015-16","9626","Maryland","Brionna Jones",42,4,1570,2400,830,32,24,8,0
"2015-16","9626","Purdue","Nora Kiesler",12,3,1570,1800,230,11,10,1,0
"2015-16","9626","Purdue","Andreona Keys",24,3,1570,2246,676,24,27,-3,0
"2015-16","9626","Maryland","Malina Howard",5,5,1672,2400,728,26,22,4,0
"2015-16","9626","Maryland","Chloe Pavlech",15,5,1730,2400,670,26,15,11,0
"2015-16","9626","Purdue","Torrie Thornton",4,4,1800,1800,0,0,0,0,0
"2015-16","9626","Purdue","Nora Kiesler",12,4,1800,1933,133,4,4,0,0
"2015-16","9626","Purdue","Bridget Perry",13,5,1800,1971,171,6,5,1,0
"2015-16","9626","Purdue","April Wilson",25,2,1800,2400,600,13,22,-9,0
"2015-16","9626","Purdue","Torrie Thornton",4,5,1933,2120,187,5,7,-2,0
"2015-16","9626","Purdue","Dominique McBryde",20,4,1971,2400,429,7,17,-10,0
"2015-16","9626","Purdue","Bridget Perry",13,6,2120,2400,280,4,11,-7,0
"2015-16","9626","Purdue","Tiara Murphy",3,2,2246,2400,154,0,5,-5,0
"2015-16","9627","Maryland","Malina Howard",5,1,0,489,489,19,10,9,1
"2015-16","9627","Maryland","Kristen Confroy",12,1,0,489,489,19,10,9,1
"2015-16","9627","Maryland","Chloe Pavlech",15,1,0,429,429,15,10,5,1
"2015-16","9627","Maryland","S. Walker-Kimbrough",32,1,0,897,897,32,19,13,1
"2015-16","9627","Maryland","Brionna Jones",42,1,0,429,429,15,10,5,1
"2015-16","9627","Michigan State","Tori Jankoska",1,1,0,560,560,12,19,-7,1
"2015-16","9627","Michigan State","Jasmine Hines",4,1,0,489,489,10,19,-9,1
"2015-16","9627","Michigan State","Branndais Agee",10,1,0,489,489,10,19,-9,1
"2015-16","9627","Michigan State","Aerial Powers",23,1,0,429,429,10,15,-5,1
"2015-16","9627","Michigan State","Akyah Taylor",45,1,0,133,133,0,2,-2,1
"2015-16","9627","Michigan State","Jenna Allen",33,1,133,535,402,12,17,-5,0
"2015-16","9627","Maryland","Brene Moseley",3,1,429,568,139,4,4,0,0
"2015-16","9627","Maryland","Tierney Pfirman",22,1,429,600,171,7,4,3,0
"2015-16","9627","Michigan State","Morgan Green",13,1,429,600,171,4,7,-3,0
"2015-16","9627","Maryland","Kiara Leslie",2,1,489,578,89,3,4,-1,0
"2015-16","9627","Maryland","Brionna Jones",42,2,489,897,408,13,9,4,0
"2015-16","9627","Michigan State","Aerial Powers",23,2,489,897,408,9,13,-4,0
"2015-16","9627","Michigan State","Kennedy Johnson",55,1,489,600,111,4,3,1,0
"2015-16","9627","Michigan State","Akyah Taylor",45,2,535,717,182,5,7,-2,0
"2015-16","9627","Maryland","Malina Howard",5,2,560,568,8,0,2,-2,0
"2015-16","9627","Maryland","Chloe Pavlech",15,2,560,952,392,13,7,6,0
"2015-16","9627","Michigan State","Branndais Agee",10,2,560,670,110,5,5,0,0
"2015-16","9627","Maryland","Kristen Confroy",12,2,578,1958,1380,45,38,7,0
"2015-16","9627","Maryland","Malina Howard",5,3,600,952,352,10,5,5,0
"2015-16","9627","Michigan State","Tori Jankoska",1,2,600,600,0,0,0,0,0
"2015-16","9627","Michigan State","Jasmine Hines",4,2,600,789,189,3,8,-5,0
"2015-16","9627","Michigan State","Morgan Green",13,2,600,1200,600,14,20,-6,0
"2015-16","9627","Michigan State","Tori Jankoska",1,3,670,1043,373,4,10,-6,0
"2015-16","9627","Michigan State","Jenna Allen",33,2,717,915,198,2,6,-4,0
"2015-16","9627","Michigan State","Kennedy Johnson",55,2,789,1200,411,11,12,-1,0
"2015-16","9627","Maryland","Brene Moseley",3,2,897,1200,303,10,9,1,0
"2015-16","9627","Maryland","Tierney Pfirman",22,2,897,1127,230,8,4,4,0
"2015-16","9627","Michigan State","Branndais Agee",10,3,897,1058,161,2,4,-2,0
"2015-16","9627","Michigan State","Jasmine Hines",4,3,915,1529,614,19,19,0,0
"2015-16","9627","Maryland","S. Walker-Kimbrough",32,2,952,2055,1103,37,36,1,0
"2015-16","9627","Maryland","Brionna Jones",42,3,952,1447,495,15,19,-4,0
"2015-16","9627","Michigan State","Aerial Powers",23,3,1043,2400,1357,55,51,4,0
"2015-16","9627","Michigan State","Tori Jankoska",1,4,1058,1127,69,2,4,-2,0
"2015-16","9627","Maryland","Malina Howard",5,4,1127,1150,23,0,3,-3,0
"2015-16","9627","Michigan State","Cara Miller",2,1,1127,1200,73,5,2,3,0
"2015-16","9627","Maryland","Tierney Pfirman",22,3,1150,1200,50,2,2,0,0
"2015-16","9627","Maryland","Malina Howard",5,5,1200,1511,311,7,10,-3,0
"2015-16","9627","Maryland","Chloe Pavlech",15,3,1200,1447,247,5,10,-5,0
"2015-16","9627","Michigan State","Tori Jankoska",1,5,1200,1529,329,10,9,1,0
"2015-16","9627","Michigan State","Branndais Agee",10,4,1200,1708,508,17,16,1,0
"2015-16","9627","Michigan State","Jenna Allen",33,3,1200,1607,407,10,14,-4,0
"2015-16","9627","Michigan State","Akyah Taylor",45,3,1200,1200,0,0,0,0,0
"2015-16","9627","Maryland","Brene Moseley",3,3,1447,1800,353,14,10,4,0
"2015-16","9627","Maryland","Tierney Pfirman",22,4,1447,1665,218,9,5,4,0
"2015-16","9627","Maryland","Brionna Jones",42,4,1511,2167,656,24,22,2,0
"2015-16","9627","Michigan State","Morgan Green",13,3,1529,1800,271,10,10,0,0
"2015-16","9627","Michigan State","Akyah Taylor",45,4,1529,1800,271,10,10,0,0
"2015-16","9627","Michigan State","Jasmine Hines",4,4,1607,1834,227,10,5,5,0
"2015-16","9627","Maryland","Malina Howard",5,6,1665,1708,43,2,2,0,0
"2015-16","9627","Maryland","Kiah Gillespie",1,1,1708,1800,92,3,3,0,0
"2015-16","9627","Michigan State","Tori Jankoska",1,6,1708,2400,692,31,27,4,0
"2015-16","9627","Maryland","Kiah Gillespie",1,2,1800,2055,255,8,7,1,0
"2015-16","9627","Maryland","Brene Moseley",3,4,1800,2400,600,24,28,-4,0
"2015-16","9627","Maryland","Malina Howard",5,7,1800,1800,0,0,0,0,0
"2015-16","9627","Maryland","Chloe Pavlech",15,4,1800,1800,0,0,0,0,0
"2015-16","9627","Michigan State","Branndais Agee",10,5,1800,1907,107,2,4,-2,0
"2015-16","9627","Michigan State","Morgan Green",13,4,1800,2340,540,24,18,6,0
"2015-16","9627","Michigan State","Jenna Allen",33,4,1834,1997,163,4,6,-2,0
"2015-16","9627","Michigan State","Akyah Taylor",45,5,1907,1997,90,2,2,0,0
"2015-16","9627","Maryland","Chloe Pavlech",15,5,1958,2167,209,6,8,-2,0
"2015-16","9627","Michigan State","Jasmine Hines",4,5,1997,2167,170,8,6,2,0
"2015-16","9627","Michigan State","Branndais Agee",10,6,1997,2330,333,19,11,8,0
"2015-16","9627","Maryland","Malina Howard",5,8,2055,2363,308,12,21,-9,0
"2015-16","9627","Maryland","Kristen Confroy",12,3,2055,2332,277,10,16,-6,0
"2015-16","9627","Maryland","Kiah Gillespie",1,3,2167,2237,70,1,3,-2,0
"2015-16","9627","Maryland","S. Walker-Kimbrough",32,3,2167,2400,233,12,16,-4,0
"2015-16","9627","Michigan State","Jenna Allen",33,5,2167,2330,163,11,5,6,0
"2015-16","9627","Maryland","Brionna Jones",42,5,2237,2340,103,5,9,-4,0
"2015-16","9627","Michigan State","Akyah Taylor",45,6,2330,2332,2,0,1,-1,0
"2015-16","9627","Michigan State","Kennedy Johnson",55,3,2330,2332,2,0,1,-1,0
"2015-16","9627","Maryland","Chloe Pavlech",15,6,2332,2400,68,6,5,1,0
"2015-16","9627","Michigan State","Branndais Agee",10,7,2332,2340,8,1,0,1,0
"2015-16","9627","Michigan State","Jenna Allen",33,6,2332,2340,8,1,0,1,0
"2015-16","9627","Maryland","Tierney Pfirman",22,5,2340,2341,1,2,0,2,0
"2015-16","9627","Michigan State","Cara Miller",2,2,2340,2341,1,0,2,-2,0
"2015-16","9627","Michigan State","Akyah Taylor",45,7,2340,2341,1,0,2,-2,0
"2015-16","9627","Michigan State","Kennedy Johnson",55,4,2340,2341,1,0,2,-2,0
"2015-16","9627","Maryland","Brionna Jones",42,6,2341,2354,13,0,2,-2,0
"2015-16","9627","Michigan State","Branndais Agee",10,8,2341,2354,13,2,0,2,0
"2015-16","9627","Michigan State","Morgan Green",13,5,2341,2354,13,2,0,2,0
"2015-16","9627","Michigan State","Jenna Allen",33,7,2341,2354,13,2,0,2,0
"2015-16","9627","Maryland","Tierney Pfirman",22,6,2354,2356,2,0,0,0,0
"2015-16","9627","Michigan State","Cara Miller",2,3,2354,2356,2,0,0,0,0
"2015-16","9627","Michigan State","Akyah Taylor",45,8,2354,2356,2,0,0,0,0
"2015-16","9627","Michigan State","Kennedy Johnson",55,5,2354,2356,2,0,0,0,0
"2015-16","9627","Maryland","Brionna Jones",42,7,2356,2363,7,0,2,-2,0
"2015-16","9627","Michigan State","Branndais Agee",10,9,2356,2363,7,2,0,2,0
"2015-16","9627","Michigan State","Morgan Green",13,6,2356,2363,7,2,0,2,0
"2015-16","9627","Michigan State","Jenna Allen",33,8,2356,2363,7,2,0,2,0
"2015-16","9627","Maryland","Kristen Confroy",12,4,2363,2367,4,2,0,2,0
"2015-16","9627","Maryland","Tierney Pfirman",22,7,2363,2367,4,2,0,2,0
"2015-16","9627","Michigan State","Cara Miller",2,4,2363,2367,4,0,2,-2,0
"2015-16","9627","Michigan State","Akyah Taylor",45,9,2363,2367,4,0,2,-2,0
"2015-16","9627","Michigan State","Kennedy Johnson",55,6,2363,2367,4,0,2,-2,0
"2015-16","9627","Maryland","Malina Howard",5,9,2367,2385,18,0,0,0,0
"2015-16","9627","Maryland","Brionna Jones",42,8,2367,2385,18,0,0,0,0
"2015-16","9627","Michigan State","Branndais Agee",10,10,2367,2385,18,0,0,0,0
"2015-16","9627","Michigan State","Morgan Green",13,7,2367,2385,18,0,0,0,0
"2015-16","9627","Michigan State","Jenna Allen",33,9,2367,2385,18,0,0,0,0
"2015-16","9627","Maryland","Kristen Confroy",12,5,2385,2386,1,2,0,2,0
"2015-16","9627","Maryland","Tierney Pfirman",22,8,2385,2386,1,2,0,2,0
"2015-16","9627","Michigan State","Cara Miller",2,5,2385,2386,1,0,2,-2,0
"2015-16","9627","Michigan State","Akyah Taylor",45,10,2385,2386,1,0,2,-2,0
"2015-16","9627","Michigan State","Kennedy Johnson",55,7,2385,2386,1,0,2,-2,0
"2015-16","9627","Maryland","Malina Howard",5,10,2386,2400,14,0,0,0,0
"2015-16","9627","Maryland","Brionna Jones",42,9,2386,2400,14,0,0,0,0
"2015-16","9627","Michigan State","Branndais Agee",10,11,2386,2400,14,0,0,0,0
"2015-16","9627","Michigan State","Morgan Green",13,8,2386,2400,14,0,0,0,0
"2015-16","9627","Michigan State","Jenna Allen",33,10,2386,2400,14,0,0,0,0
"2015-16","9628","Maryland","Malina Howard",5,1,0,148,148,0,7,-7,1
"2015-16","9628","Maryland","Kristen Confroy",12,1,0,713,713,21,24,-3,1
"2015-16","9628","Maryland","Chloe Pavlech",15,1,0,88,88,0,5,-5,1
"2015-16","9628","Maryland","S. Walker-Kimbrough",32,1,0,248,248,5,12,-7,1
"2015-16","9628","Maryland","Brionna Jones",42,1,0,455,455,14,24,-10,1
"2015-16","9628","Ohio State","Kelsey Mitchell",3,1,0,1175,1175,47,40,7,1
"2015-16","9628","Ohio State","Cait Craft",13,1,0,600,600,24,19,5,1
"2015-16","9628","Ohio State","Ameryst Alston",14,1,0,1534,1534,64,51,13,1
"2015-16","9628","Ohio State","Asia Doss",20,1,0,315,315,15,7,8,1
"2015-16","9628","Ohio State","Alexa Hart",22,1,0,455,455,24,14,10,1
"2015-16","9628","Maryland","Brene Moseley",3,1,88,455,367,14,19,-5,0
"2015-16","9628","Maryland","Tierney Pfirman",22,1,148,455,307,14,17,-3,0
"2015-16","9628","Maryland","Kiara Leslie",2,1,248,455,207,9,12,-3,0
"2015-16","9628","Ohio State","Shayla Cooper",32,1,315,600,285,9,12,-3,0
"2015-16","9628","Maryland","Kiah Gillespie",1,1,455,600,145,5,0,5,0
"2015-16","9628","Maryland","Malina Howard",5,2,455,925,470,17,12,5,0
"2015-16","9628","Maryland","Chloe Pavlech",15,2,455,713,258,7,0,7,0
"2015-16","9628","Maryland","S. Walker-Kimbrough",32,2,455,1534,1079,37,40,-3,0
"2015-16","9628","Ohio State","Makayla Waterman",24,1,455,600,145,0,5,-5,0
"2015-16","9628","Maryland","Brionna Jones",42,2,600,925,325,12,12,0,0
"2015-16","9628","Ohio State","Asia Doss",20,2,600,1623,1023,45,34,11,0
"2015-16","9628","Ohio State","Alexa Hart",22,2,600,1175,575,23,21,2,0
"2015-16","9628","Ohio State","Shayla Cooper",32,2,600,925,325,12,12,0,0
"2015-16","9628","Maryland","Brene Moseley",3,2,713,925,212,10,12,-2,0
"2015-16","9628","Maryland","Tierney Pfirman",22,2,713,925,212,10,12,-2,0
"2015-16","9628","Maryland","Kiah Gillespie",1,2,925,1016,91,2,2,0,0
"2015-16","9628","Maryland","Kristen Confroy",12,2,925,1091,166,5,7,-2,0
"2015-16","9628","Maryland","Chloe Pavlech",15,3,925,1091,166,5,7,-2,0
"2015-16","9628","Maryland","Brianna Fraser",34,1,925,1016,91,2,2,0,0
"2015-16","9628","Ohio State","Makayla Waterman",24,2,925,1057,132,4,5,-1,0
"2015-16","9628","Maryland","Malina Howard",5,3,1016,1398,382,15,16,-1,0
"2015-16","9628","Maryland","Brionna Jones",42,3,1016,2115,1099,40,47,-7,0
"2015-16","9628","Ohio State","Shayla Cooper",32,3,1057,1200,143,7,4,3,0
"2015-16","9628","Maryland","Brene Moseley",3,3,1091,1200,109,4,4,0,0
"2015-16","9628","Maryland","Tierney Pfirman",22,3,1091,1200,109,4,4,0,0
"2015-16","9628","Ohio State","Cait Craft",13,2,1175,1350,175,4,6,-2,0
"2015-16","9628","Ohio State","Lisa Blair",21,1,1175,1200,25,0,0,0,0
"2015-16","9628","Maryland","Kristen Confroy",12,3,1200,2400,1200,46,47,-1,0
"2015-16","9628","Maryland","Chloe Pavlech",15,4,1200,1534,334,11,17,-6,0
"2015-16","9628","Ohio State","Kelsey Mitchell",3,2,1200,1691,491,24,17,7,0
"2015-16","9628","Ohio State","Alexa Hart",22,3,1200,1291,91,2,2,0,0
"2015-16","9628","Ohio State","Shayla Cooper",32,4,1291,1416,125,5,7,-2,0
"2015-16","9628","Ohio State","Alexa Hart",22,4,1350,2400,1050,43,40,3,0
"2015-16","9628","Maryland","Tierney Pfirman",22,4,1398,1727,329,9,19,-10,0
"2015-16","9628","Ohio State","Makayla Waterman",24,3,1416,1623,207,15,4,11,0
"2015-16","9628","Maryland","Kiara Leslie",2,2,1534,1691,157,6,7,-1,0
"2015-16","9628","Maryland","Brene Moseley",3,4,1534,1800,266,10,11,-1,0
"2015-16","9628","Ohio State","Cait Craft",13,3,1534,1800,266,11,10,1,0
"2015-16","9628","Ohio State","Ameryst Alston",14,2,1623,2400,777,25,33,-8,0
"2015-16","9628","Ohio State","Shayla Cooper",32,5,1623,1800,177,6,8,-2,0
"2015-16","9628","Maryland","Chloe Pavlech",15,5,1691,1798,107,4,4,0,0
"2015-16","9628","Ohio State","Asia Doss",20,3,1691,2160,469,16,16,0,0
"2015-16","9628","Maryland","Malina Howard",5,4,1727,1932,205,6,6,0,0
"2015-16","9628","Maryland","Tierney Pfirman",22,5,1798,1800,2,0,0,0,0
"2015-16","9628","Maryland","Brene Moseley",3,5,1800,1932,132,2,4,-2,0
"2015-16","9628","Maryland","Chloe Pavlech",15,6,1800,1800,0,0,0,0,0
"2015-16","9628","Maryland","S. Walker-Kimbrough",32,3,1800,2400,600,25,19,6,0
"2015-16","9628","Ohio State","Kelsey Mitchell",3,3,1800,2244,444,16,17,-1,0
"2015-16","9628","Ohio State","Shayla Cooper",32,6,1800,2244,444,16,17,-1,0
"2015-16","9628","Maryland","Chloe Pavlech",15,7,1932,2400,468,23,15,8,0
"2015-16","9628","Maryland","Tierney Pfirman",22,6,1932,2103,171,10,4,6,0
"2015-16","9628","Maryland","Malina Howard",5,5,2103,2160,57,0,4,-4,0
"2015-16","9628","Maryland","Kiara Leslie",2,3,2115,2244,129,5,6,-1,0
"2015-16","9628","Maryland","Brionna Jones",42,4,2160,2400,240,13,7,6,0
"2015-16","9628","Ohio State","Cait Craft",13,4,2160,2278,118,5,5,0,0
"2015-16","9628","Maryland","Tierney Pfirman",22,7,2244,2400,156,8,3,5,0
"2015-16","9628","Ohio State","Asia Doss",20,4,2244,2400,156,3,8,-5,0
"2015-16","9628","Ohio State","Makayla Waterman",24,4,2244,2400,156,3,8,-5,0
"2015-16","9628","Ohio State","Kelsey Mitchell",3,4,2278,2400,122,2,8,-6,0
"2015-16","9629","Maryland","Malina Howard",5,1,0,239,239,7,2,5,1
"2015-16","9629","Maryland","Kristen Confroy",12,1,0,301,301,7,5,2,1
"2015-16","9629","Maryland","Chloe Pavlech",15,1,0,301,301,7,5,2,1
"2015-16","9629","Maryland","S. Walker-Kimbrough",32,1,0,841,841,27,22,5,1
"2015-16","9629","Maryland","Brionna Jones",42,1,0,263,263,7,2,5,1
"2015-16","9629","Purdue","Bridget Perry",13,1,0,239,239,2,7,-5,1
"2015-16","9629","Purdue","Dominique McBryde",20,1,0,370,370,5,9,-4,1
"2015-16","9629","Purdue","Bree Horrocks",22,1,0,239,239,2,7,-5,1
"2015-16","9629","Purdue","Andreona Keys",24,1,0,301,301,5,7,-2,1
"2015-16","9629","Purdue","April Wilson",25,1,0,493,493,11,13,-2,1
"2015-16","9629","Maryland","Tierney Pfirman",22,1,239,493,254,6,9,-3,0
"2015-16","9629","Purdue","Ashley Morrissette",1,1,239,600,361,9,9,0,0
"2015-16","9629","Purdue","Torrie Thornton",4,1,239,420,181,3,6,-3,0
"2015-16","9629","Maryland","Kiah Gillespie",1,1,263,370,107,2,3,-1,0
"2015-16","9629","Maryland","Brene Moseley",3,1,301,600,299,9,6,3,0
"2015-16","9629","Maryland","Brionna Jones",42,2,301,493,192,6,6,0,0
"2015-16","9629","Purdue","Bridget Perry",13,2,301,493,192,6,6,0,0
"2015-16","9629","Maryland","Kristen Confroy",12,2,370,1998,1628,49,39,10,0
"2015-16","9629","Purdue","Nora Kiesler",12,1,370,600,230,6,7,-1,0
"2015-16","9629","Purdue","Andreona Keys",24,2,420,1650,1230,31,34,-3,0
"2015-16","9629","Maryland","Kiah Gillespie",1,2,493,600,107,3,0,3,0
"2015-16","9629","Maryland","Malina Howard",5,2,493,757,264,8,9,-1,0
"2015-16","9629","Purdue","Tiara Murphy",3,1,493,600,107,0,3,-3,0
"2015-16","9629","Purdue","Dominique McBryde",20,2,493,710,217,4,8,-4,0
"2015-16","9629","Maryland","Chloe Pavlech",15,2,600,615,15,0,0,0,0
"2015-16","9629","Maryland","Brionna Jones",42,3,600,996,396,16,14,2,0
"2015-16","9629","Purdue","Bridget Perry",13,3,600,615,15,0,0,0,0
"2015-16","9629","Purdue","Bree Horrocks",22,2,600,905,305,11,13,-2,0
"2015-16","9629","Purdue","April Wilson",25,2,600,2217,1617,39,48,-9,0
"2015-16","9629","Maryland","Brene Moseley",3,2,615,757,142,5,9,-4,0
"2015-16","9629","Purdue","Ashley Morrissette",1,2,615,1200,585,16,19,-3,0
"2015-16","9629","Purdue","Nora Kiesler",12,2,710,757,47,5,0,5,0
"2015-16","9629","Maryland","Chloe Pavlech",15,3,757,1054,297,11,7,4,0
"2015-16","9629","Maryland","Brianna Fraser",34,1,757,996,239,11,5,6,0
"2015-16","9629","Purdue","Bridget Perry",13,4,757,996,239,5,11,-6,0
"2015-16","9629","Maryland","Tierney Pfirman",22,2,841,996,155,5,3,2,0
"2015-16","9629","Purdue","Torrie Thornton",4,2,905,912,7,0,1,-1,0
"2015-16","9629","Purdue","Tiara Murphy",3,2,912,1200,288,5,5,0,0
"2015-16","9629","Maryland","Kiah Gillespie",1,3,996,1054,58,0,2,-2,0
"2015-16","9629","Maryland","Malina Howard",5,3,996,1434,438,7,6,1,0
"2015-16","9629","Maryland","S. Walker-Kimbrough",32,2,996,2156,1160,32,23,9,0
"2015-16","9629","Purdue","Nora Kiesler",12,3,996,1200,204,2,3,-1,0
"2015-16","9629","Maryland","Brene Moseley",3,3,1054,1200,146,3,0,3,0
"2015-16","9629","Maryland","Brianna Fraser",34,2,1054,1200,146,3,0,3,0
"2015-16","9629","Maryland","Brionna Jones",42,4,1054,1456,402,7,4,3,0
"2015-16","9629","Maryland","Chloe Pavlech",15,4,1200,1456,256,4,4,0,0
"2015-16","9629","Purdue","Bridget Perry",13,5,1200,1329,129,0,0,0,0
"2015-16","9629","Purdue","Dominique McBryde",20,3,1200,1434,234,4,4,0,0
"2015-16","9629","Purdue","Bree Horrocks",22,3,1200,1357,157,0,2,-2,0
"2015-16","9629","Purdue","Ashley Morrissette",1,3,1329,1800,471,11,16,-5,0
"2015-16","9629","Purdue","Nora Kiesler",12,4,1357,1595,238,9,9,0,0
"2015-16","9629","Maryland","Brianna Fraser",34,3,1434,1595,161,7,5,2,0
"2015-16","9629","Purdue","Bridget Perry",13,6,1434,1501,67,2,5,-3,0
"2015-16","9629","Maryland","Kiah Gillespie",1,4,1456,1800,344,12,7,5,0
"2015-16","9629","Maryland","Brene Moseley",3,4,1456,1695,239,9,5,4,0
"2015-16","9629","Maryland","Tierney Pfirman",22,3,1456,1800,344,12,7,5,0
"2015-16","9629","Purdue","Torrie Thornton",4,3,1501,1650,149,3,3,0,0
"2015-16","9629","Maryland","Brionna Jones",42,5,1595,1625,30,0,0,0,0
"2015-16","9629","Purdue","Tiara Murphy",3,3,1595,1755,160,2,4,-2,0
"2015-16","9629","Maryland","Malina Howard",5,4,1625,1897,272,10,6,4,0
"2015-16","9629","Purdue","Bridget Perry",13,7,1650,1897,247,6,9,-3,0
"2015-16","9629","Purdue","Bree Horrocks",22,4,1650,1786,136,2,4,-2,0
"2015-16","9629","Maryland","Chloe Pavlech",15,5,1695,2400,705,25,23,2,0
"2015-16","9629","Purdue","Andreona Keys",24,3,1755,2112,357,10,12,-2,0
"2015-16","9629","Purdue","Nora Kiesler",12,5,1786,1800,14,0,0,0,0
"2015-16","9629","Maryland","Tierney Pfirman",22,4,1800,1860,60,2,2,0,0
"2015-16","9629","Maryland","Brionna Jones",42,6,1800,1800,0,0,0,0,0
"2015-16","9629","Purdue","Ashley Morrissette",1,4,1800,2400,600,21,22,-1,0
"2015-16","9629","Purdue","Nora Kiesler",12,6,1800,1917,117,4,5,-1,0
"2015-16","9629","Purdue","Dominique McBryde",20,4,1800,1800,0,0,0,0,0
"2015-16","9629","Purdue","Bree Horrocks",22,5,1800,1800,0,0,0,0,0
"2015-16","9629","Maryland","Brianna Fraser",34,4,1860,2005,145,5,4,1,0
"2015-16","9629","Maryland","Brionna Jones",42,7,1897,2112,215,6,6,0,0
"2015-16","9629","Purdue","Dominique McBryde",20,5,1897,2400,503,17,17,0,0
"2015-16","9629","Purdue","Torrie Thornton",4,4,1917,1939,22,0,2,-2,0
"2015-16","9629","Purdue","Nora Kiesler",12,7,1939,2128,189,6,4,2,0
"2015-16","9629","Maryland","Tierney Pfirman",22,5,1998,2128,130,4,4,0,0
"2015-16","9629","Maryland","Kiah Gillespie",1,5,2005,2217,212,6,6,0,0
"2015-16","9629","Maryland","Brianna Fraser",34,5,2112,2400,288,11,11,0,0
"2015-16","9629","Purdue","Bridget Perry",13,8,2112,2217,105,2,2,0,0
"2015-16","9629","Maryland","Kiara Leslie",2,1,2128,2400,272,11,11,0,0
"2015-16","9629","Purdue","Bree Horrocks",22,6,2128,2245,117,5,4,1,0
"2015-16","9629","Maryland","Brene Moseley",3,5,2156,2400,244,9,11,-2,0
"2015-16","9629","Maryland","Malina Howard",5,5,2217,2278,61,2,6,-4,0
"2015-16","9629","Purdue","Tiara Murphy",3,4,2217,2324,107,9,5,4,0
"2015-16","9629","Purdue","Andreona Keys",24,4,2217,2400,183,9,9,0,0
"2015-16","9629","Purdue","Nora Kiesler",12,8,2245,2400,155,6,7,-1,0
"2015-16","9629","Maryland","A'Lexus Harrison",33,1,2278,2400,122,7,3,4,0
"2015-16","9629","Purdue","April Wilson",25,3,2324,2400,76,0,4,-4,0
"2015-16","9630","Maryland","Malina Howard",5,1,0,249,249,11,0,11,1
"2015-16","9630","Maryland","Kristen Confroy",12,1,0,371,371,16,3,13,1
"2015-16","9630","Maryland","Chloe Pavlech",15,1,0,371,371,16,3,13,1
"2015-16","9630","Maryland","S. Walker-Kimbrough",32,1,0,371,371,16,3,13,1
"2015-16","9630","Maryland","Brionna Jones",42,1,0,550,550,20,3,17,1
"2015-16","9630","Northwestern","Ashley Deary",3,1,0,191,191,0,9,-9,1
"2015-16","9630","Northwestern","Nia Coffey",10,1,0,1726,1726,43,54,-11,1
"2015-16","9630","Northwestern","P. Kunaiyi-Akpanah",14,1,0,371,371,3,16,-13,1
"2015-16","9630","Northwestern","Christen Inman",24,1,0,2400,2400,70,79,-9,1
"2015-16","9630","Northwestern","Maggie Lyon",25,1,0,1665,1665,41,53,-12,1
"2015-16","9630","Northwestern","Jordan Hankins",5,1,191,443,252,3,9,-6,0
"2015-16","9630","Maryland","Brianna Fraser",34,1,249,443,194,7,3,4,0
"2015-16","9630","Maryland","Kiara Leslie",2,1,371,550,179,4,0,4,0
"2015-16","9630","Maryland","Brene Moseley",3,1,371,589,218,6,2,4,0
"2015-16","9630","Maryland","Tierney Pfirman",22,1,371,600,229,9,2,7,0
"2015-16","9630","Northwestern","Ashley Deary",3,2,371,2400,2029,67,63,4,0
"2015-16","9630","Maryland","Kiah Gillespie",1,1,443,600,157,7,2,5,0
"2015-16","9630","Northwestern","Allie Tuttle",30,1,443,600,157,2,7,-5,0
"2015-16","9630","Maryland","Malina Howard",5,2,550,743,193,5,5,0,0
"2015-16","9630","Maryland","Kristen Confroy",12,2,550,1441,891,26,28,-2,0
"2015-16","9630","Maryland","Chloe Pavlech",15,2,589,825,236,3,6,-3,0
"2015-16","9630","Maryland","S. Walker-Kimbrough",32,2,600,743,143,0,3,-3,0
"2015-16","9630","Maryland","Brionna Jones",42,2,600,895,295,2,6,-4,0
"2015-16","9630","Northwestern","P. Kunaiyi-Akpanah",14,2,600,1008,408,7,5,2,0
"2015-16","9630","Maryland","Tierney Pfirman",22,2,743,895,152,2,3,-1,0
"2015-16","9630","Maryland","Brianna Fraser",34,2,743,825,82,0,3,-3,0
"2015-16","9630","Maryland","Brene Moseley",3,2,825,1168,343,8,5,3,0
"2015-16","9630","Maryland","S. Walker-Kimbrough",32,3,825,2322,1497,50,54,-4,0
"2015-16","9630","Maryland","Kiah Gillespie",1,2,895,924,29,0,1,-1,0
"2015-16","9630","Maryland","Brianna Fraser",34,3,895,924,29,0,1,-1,0
"2015-16","9630","Maryland","Tierney Pfirman",22,3,924,972,48,3,0,3,0
"2015-16","9630","Maryland","Brionna Jones",42,3,924,1046,122,3,2,1,0
"2015-16","9630","Maryland","Malina Howard",5,3,972,1093,121,3,4,-1,0
"2015-16","9630","Northwestern","Lydia Rohde",12,1,1008,1200,192,6,6,0,0
"2015-16","9630","Maryland","Brianna Fraser",34,4,1046,1200,154,6,4,2,0
"2015-16","9630","Maryland","Tierney Pfirman",22,4,1093,1168,75,0,0,0,0
"2015-16","9630","Maryland","Malina Howard",5,4,1168,1497,329,13,21,-8,0
"2015-16","9630","Maryland","Chloe Pavlech",15,3,1168,1402,234,13,12,1,0
"2015-16","9630","Maryland","Brionna Jones",42,4,1200,1284,84,7,4,3,0
"2015-16","9630","Northwestern","P. Kunaiyi-Akpanah",14,3,1200,1682,482,23,18,5,0
"2015-16","9630","Maryland","Tierney Pfirman",22,5,1284,1788,504,13,24,-11,0
"2015-16","9630","Maryland","Brene Moseley",3,3,1402,1726,324,8,15,-7,0
"2015-16","9630","Maryland","Kiara Leslie",2,2,1441,1497,56,0,6,-6,0
"2015-16","9630","Maryland","Kristen Confroy",12,3,1497,2197,700,25,25,0,0
"2015-16","9630","Maryland","Brionna Jones",42,5,1497,1665,168,7,4,3,0
"2015-16","9630","Maryland","Malina Howard",5,5,1665,1726,61,1,2,-1,0
"2015-16","9630","Northwestern","Lydia Rohde",12,2,1665,1800,135,5,3,2,0
"2015-16","9630","Northwestern","Maggie Lyon",25,2,1682,2370,688,29,25,4,0
"2015-16","9630","Maryland","Chloe Pavlech",15,4,1726,1808,82,2,3,-1,0
"2015-16","9630","Maryland","Brianna Fraser",34,5,1726,1800,74,2,3,-1,0
"2015-16","9630","Northwestern","P. Kunaiyi-Akpanah",14,4,1726,1770,44,3,2,1,0
"2015-16","9630","Northwestern","Nia Coffey",10,2,1770,1788,18,0,0,0,0
"2015-16","9630","Maryland","Brionna Jones",42,6,1788,2318,530,17,19,-2,0
"2015-16","9630","Northwestern","P. Kunaiyi-Akpanah",14,5,1788,2318,530,19,17,2,0
"2015-16","9630","Maryland","Malina Howard",5,6,1800,1800,0,0,0,0,0
"2015-16","9630","Maryland","Brianna Fraser",34,6,1800,1936,136,4,4,0,0
"2015-16","9630","Northwestern","Nia Coffey",10,3,1800,1810,10,0,0,0,0
"2015-16","9630","Maryland","Brene Moseley",3,4,1808,2400,592,23,24,-1,0
"2015-16","9630","Northwestern","Lydia Rohde",12,3,1810,1936,126,4,4,0,0
"2015-16","9630","Maryland","Tierney Pfirman",22,6,1936,2400,464,19,20,-1,0
"2015-16","9630","Northwestern","Nia Coffey",10,4,1936,2026,90,6,5,1,0
"2015-16","9630","Northwestern","Lydia Rohde",12,4,2026,2329,303,10,10,0,0
"2015-16","9630","Maryland","Malina Howard",5,7,2197,2400,203,8,8,0,0
"2015-16","9630","Maryland","Kristen Confroy",12,4,2318,2400,82,6,5,1,0
"2015-16","9630","Northwestern","Christen Johnson",32,1,2318,2322,4,0,2,-2,0
"2015-16","9630","Maryland","Chloe Pavlech",15,5,2322,2400,78,4,5,-1,0
"2015-16","9630","Northwestern","Jordan Hankins",5,2,2322,2400,78,5,4,1,0
"2015-16","9630","Northwestern","Allie Tuttle",30,2,2329,2340,11,0,2,-2,0
"2015-16","9630","Northwestern","Lydia Rohde",12,5,2340,2366,26,4,1,3,0
"2015-16","9630","Northwestern","P. Kunaiyi-Akpanah",14,6,2366,2400,34,0,1,-1,0
"2015-16","9630","Northwestern","Lydia Rohde",12,6,2370,2400,30,0,0,0,0
"2015-16","9631","Maryland","Malina Howard",5,1,0,374,374,4,11,-7,1
"2015-16","9631","Maryland","Kristen Confroy",12,1,0,2400,2400,76,56,20,1
"2015-16","9631","Maryland","Chloe Pavlech",15,1,0,182,182,2,2,0,1
"2015-16","9631","Maryland","S. Walker-Kimbrough",32,1,0,279,279,4,9,-5,1
"2015-16","9631","Maryland","Brionna Jones",42,1,0,68,68,0,2,-2,1
"2015-16","9631","Michigan","Madison Ristovski",1,1,0,182,182,2,2,0,1
"2015-16","9631","Michigan","Siera Thompson",2,1,0,774,774,21,14,7,1
"2015-16","9631","Michigan","Katelynn Flaherty",3,1,0,413,413,11,6,5,1
"2015-16","9631","Michigan","Hallie Thome",30,1,0,182,182,2,2,0,1
"2015-16","9631","Michigan","Kelsey Mitchell",32,1,0,367,367,11,4,7,1
"2015-16","9631","Maryland","Brianna Fraser",34,1,68,279,211,4,7,-3,0
"2015-16","9631","Maryland","Brene Moseley",3,1,182,314,132,2,7,-5,0
"2015-16","9631","Michigan","Jillian Dunston",11,1,182,600,418,13,8,5,0
"2015-16","9631","Michigan","Boogie Brozoski",34,1,182,544,362,11,8,3,0
"2015-16","9631","Maryland","Kiah Gillespie",1,1,279,413,134,2,2,0,0
"2015-16","9631","Maryland","Tierney Pfirman",22,1,279,544,265,6,4,2,0
"2015-16","9631","Maryland","Chloe Pavlech",15,2,314,600,286,6,6,0,0
"2015-16","9631","Michigan","Hallie Thome",30,2,367,812,445,10,12,-2,0
"2015-16","9631","Maryland","S. Walker-Kimbrough",32,2,374,715,341,8,8,0,0
"2015-16","9631","Maryland","Brionna Jones",42,2,413,544,131,4,2,2,0
"2015-16","9631","Michigan","Madison Ristovski",1,2,413,1078,665,17,18,-1,0
"2015-16","9631","Maryland","Malina Howard",5,2,544,863,319,8,8,0,0
"2015-16","9631","Maryland","Brianna Fraser",34,2,544,600,56,0,2,-2,0
"2015-16","9631","Michigan","Katelynn Flaherty",3,2,544,1788,1244,29,41,-12,0
"2015-16","9631","Maryland","Brene Moseley",3,2,600,1200,600,19,15,4,0
"2015-16","9631","Maryland","Brionna Jones",42,3,600,863,263,8,6,2,0
"2015-16","9631","Michigan","Kelsey Mitchell",32,2,600,600,0,0,0,0,0
"2015-16","9631","Michigan","Boogie Brozoski",34,2,600,965,365,8,12,-4,0
"2015-16","9631","Maryland","Kiara Leslie",2,1,715,1200,485,17,11,6,0
"2015-16","9631","Michigan","Jillian Dunston",11,2,774,863,89,0,4,-4,0
"2015-16","9631","Michigan","Kelsey Mitchell",32,3,812,1385,573,12,19,-7,0
"2015-16","9631","Maryland","Tierney Pfirman",22,2,863,965,102,4,2,2,0
"2015-16","9631","Maryland","Brianna Fraser",34,3,863,1078,215,6,7,-1,0
"2015-16","9631","Michigan","Siera Thompson",2,2,863,2388,1525,32,58,-26,0
"2015-16","9631","Maryland","Brionna Jones",42,4,965,1734,769,27,17,10,0
"2015-16","9631","Michigan","Nicole Munger",10,1,965,1200,235,7,7,0,0
"2015-16","9631","Maryland","Malina Howard",5,3,1078,1633,555,20,12,8,0
"2015-16","9631","Michigan","Maria Backman",23,1,1078,1165,87,2,5,-3,0
"2015-16","9631","Michigan","Jillian Dunston",11,3,1165,1200,35,0,0,0,0
"2015-16","9631","Maryland","Chloe Pavlech",15,3,1200,1633,433,15,10,5,0
"2015-16","9631","Maryland","S. Walker-Kimbrough",32,3,1200,2071,871,30,14,16,0
"2015-16","9631","Michigan","Madison Ristovski",1,3,1200,1501,301,6,9,-3,0
"2015-16","9631","Michigan","Hallie Thome",30,3,1200,1624,424,10,15,-5,0
"2015-16","9631","Michigan","Jillian Dunston",11,4,1385,1672,287,7,12,-5,0
"2015-16","9631","Michigan","Boogie Brozoski",34,3,1501,1800,299,6,13,-7,0
"2015-16","9631","Michigan","Kelsey Mitchell",32,4,1624,1734,110,0,5,-5,0
"2015-16","9631","Maryland","Brene Moseley",3,3,1633,1800,167,7,2,5,0
"2015-16","9631","Maryland","Tierney Pfirman",22,3,1633,1800,167,7,2,5,0
"2015-16","9631","Michigan","Madison Ristovski",1,4,1672,1971,299,4,9,-5,0
"2015-16","9631","Maryland","Malina Howard",5,4,1734,1899,165,5,4,1,0
"2015-16","9631","Michigan","Hallie Thome",30,4,1734,1971,237,4,7,-3,0
"2015-16","9631","Michigan","Nicole Munger",10,2,1788,1800,12,0,0,0,0
"2015-16","9631","Maryland","Brene Moseley",3,4,1800,2400,600,25,14,11,0
"2015-16","9631","Maryland","Chloe Pavlech",15,4,1800,1800,0,0,0,0,0
"2015-16","9631","Maryland","Tierney Pfirman",22,4,1800,2071,271,8,2,6,0
"2015-16","9631","Maryland","Brionna Jones",42,5,1800,1800,0,0,0,0,0
"2015-16","9631","Michigan","Katelynn Flaherty",3,3,1800,1800,0,0,0,0,0
"2015-16","9631","Michigan","Nicole Munger",10,3,1800,1899,99,2,3,-1,0
"2015-16","9631","Michigan","Kelsey Mitchell",32,5,1800,1800,0,0,0,0,0
"2015-16","9631","Michigan","Boogie Brozoski",34,4,1800,2007,207,2,5,-3,0
"2015-16","9631","Maryland","Brionna Jones",42,6,1899,2333,434,20,9,11,0
"2015-16","9631","Michigan","Jillian Dunston",11,5,1899,2071,172,0,5,-5,0
"2015-16","9631","Michigan","Katelynn Flaherty",3,4,1971,2388,417,9,20,-11,0
"2015-16","9631","Michigan","Kelsey Mitchell",32,6,1971,2163,192,2,9,-7,0
"2015-16","9631","Michigan","Nicole Munger",10,4,2007,2211,204,7,12,-5,0
"2015-16","9631","Maryland","Kiara Leslie",2,2,2071,2105,34,0,2,-2,0
"2015-16","9631","Maryland","Malina Howard",5,5,2071,2211,140,9,7,2,0
"2015-16","9631","Michigan","Madison Ristovski",1,5,2071,2400,329,12,17,-5,0
"2015-16","9631","Maryland","S. Walker-Kimbrough",32,4,2105,2211,106,9,5,4,0
"2015-16","9631","Michigan","Jillian Dunston",11,6,2163,2400,237,10,11,-1,0
"2015-16","9631","Maryland","Kiara Leslie",2,3,2211,2400,189,8,5,3,0
"2015-16","9631","Maryland","Chloe Pavlech",15,5,2211,2400,189,8,5,3,0
"2015-16","9631","Michigan","Boogie Brozoski",34,5,2211,2242,31,0,4,-4,0
"2015-16","9631","Michigan","Nicole Munger",10,5,2242,2400,158,5,4,1,0
"2015-16","9631","Maryland","Kiah Gillespie",1,2,2333,2400,67,2,3,-1,0
"2015-16","9631","Michigan","Danielle Williams",20,1,2388,2400,12,3,0,3,0
"2015-16","9631","Michigan","Maria Backman",23,2,2388,2400,12,3,0,3,0
"2015-16","9632","Maryland","Malina Howard",5,1,0,287,287,8,7,1,1
"2015-16","9632","Maryland","Kristen Confroy",12,1,0,1986,1986,60,41,19,1
"2015-16","9632","Maryland","Chloe Pavlech",15,1,0,287,287,8,7,1,1
"2015-16","9632","Maryland","S. Walker-Kimbrough",32,1,0,390,390,8,10,-2,1
"2015-16","9632","Maryland","Brionna Jones",42,1,0,497,497,12,10,2,1
"2015-16","9632","Rutgers","Rachel Hollivay",1,1,0,523,523,11,12,-1,1
"2015-16","9632","Rutgers","Kahleah Copper",2,1,0,1067,1067,19,28,-9,1
"2015-16","9632","Rutgers","Tyler Scaife",3,1,0,760,760,15,19,-4,1
"2015-16","9632","Rutgers","Briyona Canty",4,1,0,218,218,4,6,-2,1
"2015-16","9632","Rutgers","Shrita Parker",5,1,0,540,540,11,12,-1,1
"2015-16","9632","Rutgers","Khadaizha Sanders",12,1,218,497,279,6,6,0,0
"2015-16","9632","Maryland","Brene Moseley",3,1,287,540,253,4,4,0,0
"2015-16","9632","Maryland","Tierney Pfirman",22,1,287,600,313,6,6,0,0
"2015-16","9632","Maryland","Malina Howard",5,2,371,921,550,14,7,7,0
"2015-16","9632","Maryland","Brianna Fraser",34,1,390,600,210,6,3,3,0
"2015-16","9632","Maryland","S. Walker-Kimbrough",32,2,497,540,43,0,1,-1,0
"2015-16","9632","Rutgers","Aliyah Jeune",11,1,497,600,103,3,2,1,0
"2015-16","9632","Rutgers","Ariel Butts",43,1,523,600,77,2,2,0,0
"2015-16","9632","Maryland","Kiara Leslie",2,1,540,600,60,2,2,0,0
"2015-16","9632","Maryland","Chloe Pavlech",15,2,540,600,60,2,2,0,0
"2015-16","9632","Rutgers","Khadaizha Sanders",12,2,540,600,60,2,2,0,0
"2015-16","9632","Maryland","Brene Moseley",3,2,600,1200,600,20,8,12,0
"2015-16","9632","Maryland","S. Walker-Kimbrough",32,3,600,1123,523,16,8,8,0
"2015-16","9632","Maryland","Brionna Jones",42,2,600,795,195,5,2,3,0
"2015-16","9632","Rutgers","Rachel Hollivay",1,2,600,600,0,0,0,0,0
"2015-16","9632","Rutgers","Briyona Canty",4,2,600,600,0,0,0,0,0
"2015-16","9632","Rutgers","Shrita Parker",5,2,600,921,321,4,8,-4,0
"2015-16","9632","Rutgers","Khadaizha Sanders",12,3,600,999,399,4,12,-8,0
"2015-16","9632","Rutgers","Ariel Butts",43,2,600,697,97,2,2,0,0
"2015-16","9632","Rutgers","Rachel Hollivay",1,3,697,1136,439,6,14,-8,0
"2015-16","9632","Rutgers","Aliyah Jeune",11,2,760,1067,307,4,9,-5,0
"2015-16","9632","Maryland","Tierney Pfirman",22,2,795,921,126,3,2,1,0
"2015-16","9632","Maryland","Kiah Gillespie",1,1,921,1200,279,12,4,8,0
"2015-16","9632","Maryland","Brionna Jones",42,3,921,1635,714,25,15,10,0
"2015-16","9632","Rutgers","Tyler Scaife",3,2,921,2098,1177,31,45,-14,0
"2015-16","9632","Rutgers","Shrita Parker",5,3,999,2400,1401,42,47,-5,0
"2015-16","9632","Rutgers","Ashli Jeune",21,1,1067,1200,133,2,6,-4,0
"2015-16","9632","Rutgers","Victoria Harris",40,1,1067,1200,133,2,6,-4,0
"2015-16","9632","Maryland","Tierney Pfirman",22,3,1123,1200,77,4,0,4,0
"2015-16","9632","Rutgers","Desiree Keeling",32,1,1136,1200,64,0,4,-4,0
"2015-16","9632","Maryland","Malina Howard",5,3,1200,1526,326,11,9,2,0
"2015-16","9632","Maryland","Chloe Pavlech",15,3,1200,1526,326,11,9,2,0
"2015-16","9632","Maryland","S. Walker-Kimbrough",32,4,1200,2098,898,33,27,6,0
"2015-16","9632","Rutgers","Rachel Hollivay",1,4,1200,1526,326,9,11,-2,0
"2015-16","9632","Rutgers","Kahleah Copper",2,2,1200,1762,562,17,19,-2,0
"2015-16","9632","Rutgers","Briyona Canty",4,3,1200,1526,326,9,11,-2,0
"2015-16","9632","Maryland","Kiah Gillespie",1,2,1526,1800,274,11,8,3,0
"2015-16","9632","Maryland","Brene Moseley",3,3,1526,1800,274,11,8,3,0
"2015-16","9632","Rutgers","Khadaizha Sanders",12,4,1526,1560,34,0,0,0,0
"2015-16","9632","Rutgers","Ariel Butts",43,3,1526,1674,148,4,4,0,0
"2015-16","9632","Rutgers","Briyona Canty",4,4,1560,1916,356,10,13,-3,0
"2015-16","9632","Maryland","Malina Howard",5,4,1635,1800,165,9,6,3,0
"2015-16","9632","Rutgers","Victoria Harris",40,2,1674,1762,88,4,4,0,0
"2015-16","9632","Rutgers","Rachel Hollivay",1,5,1762,2400,638,21,20,1,0
"2015-16","9632","Rutgers","Aliyah Jeune",11,3,1762,1800,38,0,3,-3,0
"2015-16","9632","Maryland","Kiah Gillespie",1,3,1800,1986,186,4,3,1,0
"2015-16","9632","Maryland","Brene Moseley",3,4,1800,2098,298,11,10,1,0
"2015-16","9632","Maryland","Chloe Pavlech",15,4,1800,1800,0,0,0,0,0
"2015-16","9632","Maryland","Brionna Jones",42,4,1800,2098,298,11,10,1,0
"2015-16","9632","Rutgers","Kahleah Copper",2,3,1800,1800,0,0,0,0,0
"2015-16","9632","Rutgers","Aliyah Jeune",11,4,1800,1916,116,2,2,0,0
"2015-16","9632","Rutgers","Kahleah Copper",2,4,1916,2400,484,19,15,4,0
"2015-16","9632","Rutgers","Khadaizha Sanders",12,5,1916,2023,107,3,5,-2,0
"2015-16","9632","Maryland","Tierney Pfirman",22,4,1986,2346,360,9,16,-7,0
"2015-16","9632","Maryland","Brianna Fraser",34,2,1986,2346,360,9,16,-7,0
"2015-16","9632","Rutgers","Briyona Canty",4,5,2023,2400,377,16,10,6,0
"2015-16","9632","Maryland","Kiah Gillespie",1,4,2098,2346,248,2,9,-7,0
"2015-16","9632","Maryland","Kiara Leslie",2,2,2098,2346,248,2,9,-7,0
"2015-16","9632","Maryland","Chloe Pavlech",15,5,2098,2400,302,6,11,-5,0
"2015-16","9632","Rutgers","Aliyah Jeune",11,5,2098,2144,46,0,0,0,0
"2015-16","9632","Rutgers","Ashli Jeune",21,2,2144,2282,138,5,2,3,0
"2015-16","9632","Rutgers","Tyler Scaife",3,3,2282,2400,118,6,4,2,0
"2015-16","9632","Maryland","Aja Ellison",0,1,2346,2400,54,4,2,2,0
"2015-16","9632","Maryland","Brene Moseley",3,5,2346,2386,40,4,2,2,0
"2015-16","9632","Maryland","S. Walker-Kimbrough",32,5,2346,2400,54,4,2,2,0
"2015-16","9632","Maryland","A'Lexus Harrison",33,1,2346,2400,54,4,2,2,0
"2015-16","9632","Maryland","Kristen Confroy",12,2,2386,2400,14,0,0,0,0
"2015-16","9633","Maryland","Malina Howard",5,1,0,146,146,0,3,-3,1
"2015-16","9633","Maryland","Kristen Confroy",12,1,0,978,978,27,28,-1,1
"2015-16","9633","Maryland","Chloe Pavlech",15,1,0,146,146,0,3,-3,1
"2015-16","9633","Maryland","S. Walker-Kimbrough",32,1,0,813,813,23,22,1,1
"2015-16","9633","Maryland","Brionna Jones",42,1,0,486,486,13,18,-5,1
"2015-16","9633","Wisconsin","Dakota Whyte",1,1,0,309,309,12,7,5,1
"2015-16","9633","Wisconsin","Nicole Bauman",4,1,0,600,600,22,15,7,1
"2015-16","9633","Wisconsin","Tessa Cichy",22,1,0,146,146,3,0,3,1
"2015-16","9633","Wisconsin","Michala Johnson",25,1,0,146,146,3,0,3,1
"2015-16","9633","Wisconsin","Avyanna Young",40,1,0,309,309,12,7,5,1
"2015-16","9633","Maryland","Brene Moseley",3,1,146,486,340,13,15,-2,0
"2015-16","9633","Maryland","Tierney Pfirman",22,1,146,486,340,13,15,-2,0
"2015-16","9633","Wisconsin","Cayla McMorris",23,1,146,486,340,15,13,2,0
"2015-16","9633","Wisconsin","Rosanna Gambino",41,1,146,486,340,15,13,2,0
"2015-16","9633","Wisconsin","Tessa Cichy",22,2,309,715,406,10,13,-3,0
"2015-16","9633","Wisconsin","Michala Johnson",25,2,309,850,541,12,18,-6,0
"2015-16","9633","Maryland","Kiah Gillespie",1,1,486,596,110,2,4,-2,0
"2015-16","9633","Maryland","Malina Howard",5,2,486,596,110,2,4,-2,0
"2015-16","9633","Maryland","Chloe Pavlech",15,2,486,596,110,2,4,-2,0
"2015-16","9633","Wisconsin","Dakota Whyte",1,2,486,978,492,10,14,-4,0
"2015-16","9633","Wisconsin","Avyanna Young",40,2,486,850,364,6,12,-6,0
"2015-16","9633","Maryland","Brene Moseley",3,2,596,600,4,0,0,0,0
"2015-16","9633","Maryland","Tierney Pfirman",22,2,596,600,4,0,0,0,0
"2015-16","9633","Maryland","Brionna Jones",42,2,596,813,217,8,0,8,0
"2015-16","9633","Maryland","Brene Moseley",3,3,600,1200,600,21,10,11,0
"2015-16","9633","Maryland","Malina Howard",5,3,600,600,0,0,0,0,0
"2015-16","9633","Maryland","Chloe Pavlech",15,3,600,600,0,0,0,0,0
"2015-16","9633","Maryland","Tierney Pfirman",22,3,600,881,281,10,4,6,0
"2015-16","9633","Wisconsin","Cayla McMorris",23,2,600,813,213,0,8,-8,0
"2015-16","9633","Wisconsin","Nicole Bauman",4,2,715,1598,883,22,35,-13,0
"2015-16","9633","Maryland","Malina Howard",5,4,813,1016,203,4,8,-4,0
"2015-16","9633","Maryland","Brianna Fraser",34,1,813,906,93,2,4,-2,0
"2015-16","9633","Wisconsin","Tessa Cichy",22,3,813,1051,238,10,7,3,0
"2015-16","9633","Wisconsin","Cayla McMorris",23,3,850,1101,251,8,8,0,0
"2015-16","9633","Wisconsin","Rosanna Gambino",41,2,850,978,128,4,2,2,0
"2015-16","9633","Maryland","Kiara Leslie",2,1,881,1178,297,11,6,5,0
"2015-16","9633","Maryland","Brionna Jones",42,3,906,1051,145,5,6,-1,0
"2015-16","9633","Maryland","S. Walker-Kimbrough",32,2,978,1493,515,26,16,10,0
"2015-16","9633","Wisconsin","Michala Johnson",25,3,978,1403,425,16,20,-4,0
"2015-16","9633","Wisconsin","Avyanna Young",40,3,978,1493,515,16,26,-10,0
"2015-16","9633","Maryland","Tierney Pfirman",22,4,1016,1200,184,9,2,7,0
"2015-16","9633","Maryland","Malina Howard",5,5,1051,1403,352,17,12,5,0
"2015-16","9633","Wisconsin","Dakota Whyte",1,3,1051,1650,599,14,27,-13,0
"2015-16","9633","Wisconsin","Tessa Cichy",22,4,1101,1383,282,12,12,0,0
"2015-16","9633","Maryland","Kristen Confroy",12,2,1178,1635,457,21,14,7,0
"2015-16","9633","Maryland","Chloe Pavlech",15,4,1200,1293,93,4,4,0,0
"2015-16","9633","Maryland","Brionna Jones",42,4,1200,1493,293,17,12,5,0
"2015-16","9633","Maryland","Brene Moseley",3,4,1293,1562,269,15,8,7,0
"2015-16","9633","Wisconsin","Cayla McMorris",23,4,1383,1702,319,2,15,-13,0
"2015-16","9633","Maryland","Tierney Pfirman",22,5,1403,1776,373,16,7,9,0
"2015-16","9633","Wisconsin","Rosanna Gambino",41,3,1403,1493,90,0,6,-6,0
"2015-16","9633","Maryland","Kiah Gillespie",1,2,1493,1635,142,4,2,2,0
"2015-16","9633","Maryland","Brianna Fraser",34,2,1493,1650,157,4,2,2,0
"2015-16","9633","Wisconsin","Tessa Cichy",22,5,1493,1892,399,9,15,-6,0
"2015-16","9633","Wisconsin","Michala Johnson",25,4,1493,2058,565,9,21,-12,0
"2015-16","9633","Maryland","Chloe Pavlech",15,5,1562,1702,140,5,2,3,0
"2015-16","9633","Wisconsin","Avyanna Young",40,4,1598,1865,267,7,13,-6,0
"2015-16","9633","Maryland","S. Walker-Kimbrough",32,3,1635,2058,423,17,7,10,0
"2015-16","9633","Maryland","Brionna Jones",42,5,1635,1952,317,13,7,6,0
"2015-16","9633","Maryland","Malina Howard",5,6,1650,1832,182,9,5,4,0
"2015-16","9633","Wisconsin","Nicole Bauman",4,3,1650,2400,750,31,26,5,0
"2015-16","9633","Maryland","Brene Moseley",3,5,1702,1800,98,3,5,-2,0
"2015-16","9633","Wisconsin","Dakota Whyte",1,4,1702,2400,698,31,23,8,0
"2015-16","9633","Maryland","Kristen Confroy",12,3,1776,2058,282,11,2,9,0
"2015-16","9633","Maryland","Brene Moseley",3,6,1800,1865,65,5,0,5,0
"2015-16","9633","Maryland","Chloe Pavlech",15,6,1800,1800,0,0,0,0,0
"2015-16","9633","Maryland","Kiah Gillespie",1,3,1832,2104,272,10,4,6,0
"2015-16","9633","Maryland","Chloe Pavlech",15,7,1865,2400,535,15,26,-11,0
"2015-16","9633","Wisconsin","Cayla McMorris",23,5,1865,2181,316,9,8,1,0
"2015-16","9633","Wisconsin","Avyanna Young",40,5,1892,2104,212,2,8,-6,0
"2015-16","9633","Maryland","Brianna Fraser",34,3,1952,2209,257,6,9,-3,0
"2015-16","9633","Maryland","Kiara Leslie",2,2,2058,2245,187,2,14,-12,0
"2015-16","9633","Maryland","Tierney Pfirman",22,6,2058,2245,187,2,14,-12,0
"2015-16","9633","Wisconsin","Tessa Cichy",22,6,2058,2400,342,24,9,15,0
"2015-16","9633","Maryland","A'Lexus Harrison",33,1,2104,2245,141,0,12,-12,0
"2015-16","9633","Wisconsin","Rosanna Gambino",41,4,2104,2181,77,5,0,5,0
"2015-16","9633","Wisconsin","Michala Johnson",25,5,2181,2400,219,17,7,10,0
"2015-16","9633","Wisconsin","Avyanna Young",40,6,2181,2400,219,17,7,10,0
"2015-16","9633","Maryland","Malina Howard",5,7,2209,2400,191,7,15,-8,0
"2015-16","9633","Maryland","Kristen Confroy",12,4,2245,2400,155,7,10,-3,0
"2015-16","9633","Maryland","S. Walker-Kimbrough",32,4,2245,2400,155,7,10,-3,0
"2015-16","9633","Maryland","Brionna Jones",42,6,2245,2400,155,7,10,-3,0
"2015-16","9634","Maryland","Brene Moseley",3,1,0,599,599,25,19,6,1
"2015-16","9634","Maryland","Malina Howard",5,1,0,128,128,6,2,4,1
"2015-16","9634","Maryland","Chloe Pavlech",15,1,0,200,200,12,5,7,1
"2015-16","9634","Maryland","Tierney Pfirman",22,1,0,356,356,16,7,9,1
"2015-16","9634","Maryland","S. Walker-Kimbrough",32,1,0,599,599,25,19,6,1
"2015-16","9634","Minnesota","Rachel Banham",1,1,0,536,536,17,23,-6,1
"2015-16","9634","Minnesota","Shayne Mullaney",3,1,0,271,271,7,12,-5,1
"2015-16","9634","Minnesota","Mikayla Bailey",24,1,0,84,84,0,4,-4,1
"2015-16","9634","Minnesota","Karley Barnes",32,1,0,84,84,0,4,-4,1
"2015-16","9634","Minnesota","Carlie Wagner",33,1,0,2400,2400,77,110,-33,1
"2015-16","9634","Minnesota","Jessie Edwards",10,1,84,302,218,7,10,-3,0
"2015-16","9634","Minnesota","Joanna Hedstrom",22,1,84,200,116,5,8,-3,0
"2015-16","9634","Maryland","Brionna Jones",42,1,128,419,291,10,6,4,0
"2015-16","9634","Maryland","Kristen Confroy",12,1,200,271,71,0,2,-2,0
"2015-16","9634","Minnesota","Allina Starr",15,1,200,356,156,2,4,-2,0
"2015-16","9634","Maryland","Chloe Pavlech",15,2,271,375,104,4,0,4,0
"2015-16","9634","Minnesota","Mikayla Bailey",24,2,271,356,85,0,4,-4,0
"2015-16","9634","Minnesota","Karley Barnes",32,2,302,399,97,0,2,-2,0
"2015-16","9634","Maryland","Brianna Fraser",34,1,356,536,180,7,10,-3,0
"2015-16","9634","Minnesota","Shayne Mullaney",3,2,356,1421,1065,34,48,-14,0
"2015-16","9634","Minnesota","Joanna Hedstrom",22,2,356,536,180,10,7,3,0
"2015-16","9634","Maryland","Kristen Confroy",12,2,375,600,225,9,12,-3,0
"2015-16","9634","Minnesota","Jessie Edwards",10,2,399,454,55,2,3,-1,0
"2015-16","9634","Maryland","Malina Howard",5,2,419,442,23,0,1,-1,0
"2015-16","9634","Maryland","Tierney Pfirman",22,2,442,600,158,9,10,-1,0
"2015-16","9634","Minnesota","Karley Barnes",32,3,454,536,82,8,4,4,0
"2015-16","9634","Maryland","Kiah Gillespie",1,1,536,600,64,2,2,0,0
"2015-16","9634","Minnesota","Jessie Edwards",10,3,536,600,64,2,2,0,0
"2015-16","9634","Minnesota","Allina Starr",15,2,536,600,64,2,2,0,0
"2015-16","9634","Minnesota","Mikayla Bailey",24,3,536,916,380,8,14,-6,0
"2015-16","9634","Maryland","Kiara Leslie",2,1,599,600,1,0,0,0,0
"2015-16","9634","Maryland","Chloe Pavlech",15,3,599,1624,1025,47,30,17,0
"2015-16","9634","Maryland","Kiah Gillespie",1,2,600,722,122,0,2,-2,0
"2015-16","9634","Maryland","Brene Moseley",3,2,600,600,0,0,0,0,0
"2015-16","9634","Maryland","Malina Howard",5,3,600,600,0,0,0,0,0
"2015-16","9634","Maryland","Kristen Confroy",12,3,600,1049,449,20,13,7,0
"2015-16","9634","Maryland","S. Walker-Kimbrough",32,2,600,722,122,0,2,-2,0
"2015-16","9634","Maryland","Brionna Jones",42,2,600,892,292,12,6,6,0
"2015-16","9634","Minnesota","Rachel Banham",1,2,600,600,0,0,0,0,0
"2015-16","9634","Minnesota","Jessie Edwards",10,4,600,791,191,4,5,-1,0
"2015-16","9634","Minnesota","Allina Starr",15,3,600,815,215,4,7,-3,0
"2015-16","9634","Minnesota","Karley Barnes",32,4,600,600,0,0,0,0,0
"2015-16","9634","Maryland","Brene Moseley",3,3,722,892,170,12,4,8,0
"2015-16","9634","Maryland","Tierney Pfirman",22,3,722,892,170,12,4,8,0
"2015-16","9634","Minnesota","Karley Barnes",32,5,791,815,24,0,2,-2,0
"2015-16","9634","Minnesota","Jessie Edwards",10,5,815,892,77,2,5,-3,0
"2015-16","9634","Minnesota","Joanna Hedstrom",22,3,815,1134,319,11,20,-9,0
"2015-16","9634","Maryland","Kiah Gillespie",1,3,892,1049,157,8,7,1,0
"2015-16","9634","Maryland","S. Walker-Kimbrough",32,3,892,1188,296,15,9,6,0
"2015-16","9634","Maryland","Brianna Fraser",34,2,892,916,24,0,0,0,0
"2015-16","9634","Minnesota","Karley Barnes",32,6,892,1200,308,9,15,-6,0
"2015-16","9634","Maryland","Brionna Jones",42,3,916,1200,284,15,9,6,0
"2015-16","9634","Minnesota","Rachel Banham",1,3,916,1134,218,9,15,-6,0
"2015-16","9634","Maryland","Brene Moseley",3,4,1049,1188,139,7,2,5,0
"2015-16","9634","Maryland","Tierney Pfirman",22,4,1049,1188,139,7,2,5,0
"2015-16","9634","Minnesota","Allina Starr",15,4,1134,1200,66,0,0,0,0
"2015-16","9634","Minnesota","Mikayla Bailey",24,4,1134,1200,66,0,0,0,0
"2015-16","9634","Maryland","Kiara Leslie",2,2,1188,1200,12,0,0,0,0
"2015-16","9634","Maryland","Kristen Confroy",12,4,1188,1200,12,0,0,0,0
"2015-16","9634","Maryland","Brianna Fraser",34,3,1188,1200,12,0,0,0,0
"2015-16","9634","Maryland","Brene Moseley",3,5,1200,1200,0,0,0,0,0
"2015-16","9634","Maryland","Malina Howard",5,4,1200,1467,267,14,7,7,0
"2015-16","9634","Maryland","Kristen Confroy",12,5,1200,1800,600,30,20,10,0
"2015-16","9634","Maryland","Tierney Pfirman",22,5,1200,1200,0,0,0,0,0
"2015-16","9634","Maryland","S. Walker-Kimbrough",32,4,1200,2156,956,48,30,18,0
"2015-16","9634","Maryland","Brionna Jones",42,4,1200,1739,539,30,18,12,0
"2015-16","9634","Minnesota","Rachel Banham",1,4,1200,2240,1040,30,52,-22,0
"2015-16","9634","Minnesota","Jessie Edwards",10,6,1200,1387,187,7,6,1,0
"2015-16","9634","Minnesota","Joanna Hedstrom",22,4,1200,1421,221,7,12,-5,0
"2015-16","9634","Minnesota","Karley Barnes",32,7,1387,1467,80,0,8,-8,0
"2015-16","9634","Minnesota","Allina Starr",15,5,1421,1467,46,0,2,-2,0
"2015-16","9634","Minnesota","Mikayla Bailey",24,5,1421,1607,186,8,8,0,0
"2015-16","9634","Maryland","Tierney Pfirman",22,6,1467,1739,272,16,11,5,0
"2015-16","9634","Minnesota","Jessie Edwards",10,7,1467,1624,157,8,6,2,0
"2015-16","9634","Minnesota","Joanna Hedstrom",22,5,1467,1800,333,13,16,-3,0
"2015-16","9634","Minnesota","Shayne Mullaney",3,3,1607,2013,406,12,22,-10,0
"2015-16","9634","Maryland","Brene Moseley",3,6,1624,1800,176,10,5,5,0
"2015-16","9634","Minnesota","Karley Barnes",32,8,1624,1739,115,3,10,-7,0
"2015-16","9634","Maryland","Kiah Gillespie",1,4,1739,1783,44,0,2,-2,0
"2015-16","9634","Maryland","Malina Howard",5,5,1739,2287,548,24,14,10,0
"2015-16","9634","Minnesota","Jessie Edwards",10,8,1739,1800,61,2,0,2,0
"2015-16","9634","Maryland","Brianna Fraser",34,4,1783,1800,17,0,0,0,0
"2015-16","9634","Maryland","Kristen Confroy",12,6,1800,2013,213,12,7,5,0
"2015-16","9634","Maryland","Chloe Pavlech",15,4,1800,2105,305,16,7,9,0
"2015-16","9634","Maryland","Tierney Pfirman",22,7,1800,1800,0,0,0,0,0
"2015-16","9634","Maryland","Brionna Jones",42,5,1800,2013,213,12,7,5,0
"2015-16","9634","Minnesota","Jessie Edwards",10,9,1800,1877,77,2,5,-3,0
"2015-16","9634","Minnesota","Joanna Hedstrom",22,6,1800,2105,305,7,16,-9,0
"2015-16","9634","Minnesota","Mikayla Bailey",24,6,1800,1800,0,0,0,0,0
"2015-16","9634","Minnesota","Karley Barnes",32,9,1800,1800,0,0,0,0,0
"2015-16","9634","Minnesota","Karley Barnes",32,10,1877,2013,136,5,7,-2,0
"2015-16","9634","Maryland","Brene Moseley",3,7,2013,2287,274,12,5,7,0
"2015-16","9634","Maryland","Tierney Pfirman",22,8,2013,2287,274,12,5,7,0
"2015-16","9634","Minnesota","Jessie Edwards",10,10,2013,2240,227,3,10,-7,0
"2015-16","9634","Minnesota","Mikayla Bailey",24,7,2013,2105,92,0,4,-4,0
"2015-16","9634","Maryland","Kristen Confroy",12,7,2105,2400,295,12,16,-4,0
"2015-16","9634","Minnesota","Shayne Mullaney",3,4,2105,2400,295,16,12,4,0
"2015-16","9634","Minnesota","Allina Starr",15,6,2105,2174,69,3,2,1,0
"2015-16","9634","Maryland","Chloe Pavlech",15,5,2156,2287,131,6,2,4,0
"2015-16","9634","Minnesota","Joanna Hedstrom",22,7,2174,2400,226,13,10,3,0
"2015-16","9634","Minnesota","Mikayla Bailey",24,8,2240,2400,160,13,6,7,0
"2015-16","9634","Minnesota","Karley Barnes",32,11,2240,2400,160,13,6,7,0
"2015-16","9634","Maryland","Kiah Gillespie",1,5,2287,2400,113,4,11,-7,0
"2015-16","9634","Maryland","Kiara Leslie",2,3,2287,2400,113,4,11,-7,0
"2015-16","9634","Maryland","S. Walker-Kimbrough",32,5,2287,2302,15,0,2,-2,0
"2015-16","9634","Maryland","Brianna Fraser",34,5,2287,2400,113,4,11,-7,0
"2015-16","9634","Maryland","A'Lexus Harrison",33,1,2302,2400,98,4,9,-5,0
"2015-16","9635","Iowa","Ally Disterhoft",2,1,0,600,600,28,18,10,1
"2015-16","9635","Iowa","Chase Coley",4,1,0,517,517,23,16,7,1
"2015-16","9635","Iowa","Megan Gustafson",10,1,0,600,600,28,18,10,1
"2015-16","9635","Iowa","Tania Davis",11,1,0,502,502,21,16,5,1
"2015-16","9635","Iowa","Whitney Jennings",15,1,0,534,534,23,16,7,1
"2015-16","9635","Maryland","Malina Howard",5,1,0,221,221,7,7,0,1
"2015-16","9635","Maryland","Kristen Confroy",12,1,0,534,534,16,23,-7,1
"2015-16","9635","Maryland","Chloe Pavlech",15,1,0,221,221,7,7,0,1
"2015-16","9635","Maryland","S. Walker-Kimbrough",32,1,0,288,288,12,10,2,1
"2015-16","9635","Maryland","Brionna Jones",42,1,0,288,288,12,10,2,1
"2015-16","9635","Iowa","Kali Peschel",25,1,221,600,379,21,11,10,0
"2015-16","9635","Maryland","Brene Moseley",3,1,221,303,82,5,3,2,0
"2015-16","9635","Maryland","Tierney Pfirman",22,1,221,502,281,9,14,-5,0
"2015-16","9635","Maryland","Malina Howard",5,2,288,324,36,0,2,-2,0
"2015-16","9635","Maryland","Chloe Pavlech",15,2,288,600,312,6,18,-12,0
"2015-16","9635","Maryland","S. Walker-Kimbrough",32,2,303,1754,1451,45,34,11,0
"2015-16","9635","Maryland","Brionna Jones",42,2,324,1048,724,25,20,5,0
"2015-16","9635","Iowa","Christina Buttenham",23,1,502,600,98,7,2,5,0
"2015-16","9635","Maryland","Brianna Fraser",34,1,502,599,97,2,7,-5,0
"2015-16","9635","Iowa","Tania Davis",11,2,534,1096,562,9,21,-12,0
"2015-16","9635","Maryland","Kiara Leslie",2,1,534,600,66,2,5,-3,0
"2015-16","9635","Maryland","Malina Howard",5,3,599,658,59,0,0,0,0
"2015-16","9635","Iowa","Chase Coley",4,2,600,600,0,0,0,0,0
"2015-16","9635","Iowa","Whitney Jennings",15,2,600,2400,1800,27,57,-30,0
"2015-16","9635","Iowa","Hannah Stewart",21,1,600,603,3,0,0,0,0
"2015-16","9635","Iowa","Kali Peschel",25,2,600,708,108,0,2,-2,0
"2015-16","9635","Maryland","Brene Moseley",3,2,600,1200,600,21,4,17,0
"2015-16","9635","Maryland","Kristen Confroy",12,2,600,837,237,8,0,8,0
"2015-16","9635","Iowa","Ally Disterhoft",2,2,603,2400,1797,27,57,-30,0
"2015-16","9635","Iowa","Megan Gustafson",10,2,603,1018,415,4,19,-15,0
"2015-16","9635","Maryland","Tierney Pfirman",22,2,658,1096,438,19,4,15,0
"2015-16","9635","Iowa","Chase Coley",4,3,708,967,259,2,12,-10,0
"2015-16","9635","Maryland","Chloe Pavlech",15,3,837,1377,540,19,9,10,0
"2015-16","9635","Iowa","Kali Peschel",25,3,967,1200,233,2,7,-5,0
"2015-16","9635","Iowa","Chase Coley",4,4,1018,1289,271,3,4,-1,0
"2015-16","9635","Maryland","Kiah Gillespie",1,1,1048,1200,152,2,0,2,0
"2015-16","9635","Iowa","Alexa Kastanek",1,1,1096,1200,104,0,2,-2,0
"2015-16","9635","Maryland","Kiara Leslie",2,2,1096,1200,104,2,0,2,0
"2015-16","9635","Iowa","Megan Gustafson",10,3,1200,1377,177,5,6,-1,0
"2015-16","9635","Iowa","Tania Davis",11,3,1200,1694,494,9,16,-7,0
"2015-16","9635","Maryland","Malina Howard",5,4,1200,1273,73,2,3,-1,0
"2015-16","9635","Maryland","Kristen Confroy",12,3,1200,2400,1200,36,23,13,0
"2015-16","9635","Maryland","Brionna Jones",42,3,1200,1480,280,7,7,0,0
"2015-16","9635","Maryland","Tierney Pfirman",22,3,1273,1505,232,7,6,1,0
"2015-16","9635","Iowa","Kali Peschel",25,4,1289,1444,155,2,5,-3,0
"2015-16","9635","Iowa","Chase Coley",4,5,1377,1505,128,4,3,1,0
"2015-16","9635","Maryland","Brene Moseley",3,3,1377,1480,103,1,2,-1,0
"2015-16","9635","Iowa","Christina Buttenham",23,2,1444,1631,187,4,8,-4,0
"2015-16","9635","Maryland","Malina Howard",5,5,1480,1800,320,11,8,3,0
"2015-16","9635","Maryland","Chloe Pavlech",15,4,1480,2327,847,29,16,13,0
"2015-16","9635","Iowa","Megan Gustafson",10,4,1505,1950,445,9,11,-2,0
"2015-16","9635","Maryland","Brionna Jones",42,4,1505,1694,189,7,0,7,0
"2015-16","9635","Iowa","Kali Peschel",25,5,1631,1754,123,3,3,0,0
"2015-16","9635","Iowa","Alexa Kastanek",1,2,1694,1800,106,6,2,4,0
"2015-16","9635","Maryland","Tierney Pfirman",22,4,1694,1754,60,2,3,-1,0
"2015-16","9635","Iowa","Chase Coley",4,6,1754,1800,46,3,0,3,0
"2015-16","9635","Maryland","Brene Moseley",3,4,1754,1800,46,0,3,-3,0
"2015-16","9635","Maryland","Brionna Jones",42,5,1754,2300,546,16,11,5,0
"2015-16","9635","Iowa","Alexa Kastanek",1,3,1800,2073,273,6,6,0,0
"2015-16","9635","Iowa","Tania Davis",11,4,1800,2400,600,8,18,-10,0
"2015-16","9635","Maryland","Tierney Pfirman",22,5,1800,2108,308,9,6,3,0
"2015-16","9635","Maryland","S. Walker-Kimbrough",32,3,1800,2300,500,16,8,8,0
"2015-16","9635","Iowa","Chase Coley",4,7,1950,2108,158,3,7,-4,0
"2015-16","9635","Iowa","Kali Peschel",25,6,2073,2147,74,0,3,-3,0
"2015-16","9635","Iowa","Megan Gustafson",10,5,2108,2210,102,0,3,-3,0
"2015-16","9635","Maryland","Malina Howard",5,6,2108,2400,292,9,2,7,0
"2015-16","9635","Iowa","Chase Coley",4,8,2147,2400,253,2,9,-7,0
"2015-16","9635","Iowa","Kali Peschel",25,7,2210,2300,90,2,4,-2,0
"2015-16","9635","Iowa","Hannah Stewart",21,2,2300,2400,100,0,2,-2,0
"2015-16","9635","Maryland","Kiah Gillespie",1,2,2300,2400,100,2,0,2,0
"2015-16","9635","Maryland","Brene Moseley",3,5,2300,2400,100,2,0,2,0
"2015-16","9635","Maryland","Kiara Leslie",2,3,2327,2400,73,0,0,0,0
"2015-16","9636","Maryland","Malina Howard",5,1,0,210,210,7,5,2,1
"2015-16","9636","Maryland","Kristen Confroy",12,1,0,840,840,31,20,11,1
"2015-16","9636","Maryland","Chloe Pavlech",15,1,0,222,222,7,5,2,1
"2015-16","9636","Maryland","S. Walker-Kimbrough",32,1,0,595,595,25,14,11,1
"2015-16","9636","Maryland","Brionna Jones",42,1,0,280,280,9,8,1,1
"2015-16","9636","Northwestern","Ashley Deary",3,1,0,720,720,14,29,-15,1
"2015-16","9636","Northwestern","Nia Coffey",10,1,0,2318,2318,60,81,-21,1
"2015-16","9636","Northwestern","Lydia Rohde",12,1,0,210,210,5,7,-2,1
"2015-16","9636","Northwestern","P. Kunaiyi-Akpanah",14,1,0,302,302,8,11,-3,1
"2015-16","9636","Northwestern","Christen Inman",24,1,0,595,595,14,25,-11,1
"2015-16","9636","Maryland","Tierney Pfirman",22,1,210,556,346,17,9,8,0
"2015-16","9636","Northwestern","Jordan Hankins",5,1,210,556,346,9,17,-8,0
"2015-16","9636","Maryland","Brene Moseley",3,1,222,556,334,17,9,8,0
"2015-16","9636","Maryland","Brianna Fraser",34,1,280,347,67,5,0,5,0
"2015-16","9636","Northwestern","Allie Tuttle",30,1,302,392,90,0,8,-8,0
"2015-16","9636","Maryland","Brionna Jones",42,2,347,556,209,10,6,4,0
"2015-16","9636","Northwestern","P. Kunaiyi-Akpanah",14,2,392,600,208,6,6,0,0
"2015-16","9636","Maryland","Kiah Gillespie",1,1,556,600,44,1,0,1,0
"2015-16","9636","Maryland","Malina Howard",5,2,556,648,92,1,0,1,0
"2015-16","9636","Maryland","Chloe Pavlech",15,2,556,961,405,7,10,-3,0
"2015-16","9636","Northwestern","Lydia Rohde",12,2,556,1496,940,22,26,-4,0
"2015-16","9636","Maryland","Kiara Leslie",2,1,595,600,5,0,0,0,0
"2015-16","9636","Northwestern","Jordan Hankins",5,2,595,1200,605,16,12,4,0
"2015-16","9636","Maryland","S. Walker-Kimbrough",32,2,600,2283,1683,54,43,11,0
"2015-16","9636","Maryland","Brionna Jones",42,3,600,1496,896,25,22,3,0
"2015-16","9636","Northwestern","Christen Inman",24,2,600,600,0,0,0,0,0
"2015-16","9636","Maryland","Tierney Pfirman",22,2,648,840,192,6,6,0,0
"2015-16","9636","Northwestern","Allie Tuttle",30,2,720,1104,384,14,8,6,0
"2015-16","9636","Northwestern","Amber Jamison",34,1,720,1132,412,16,8,8,0
"2015-16","9636","Maryland","Kiah Gillespie",1,2,840,911,71,0,2,-2,0
"2015-16","9636","Maryland","Brene Moseley",3,2,840,1200,360,6,10,-4,0
"2015-16","9636","Maryland","Malina Howard",5,3,911,1178,267,6,8,-2,0
"2015-16","9636","Northwestern","Ashley Deary",3,2,911,1178,267,8,6,2,0
"2015-16","9636","Maryland","Kristen Confroy",12,2,961,2318,1357,50,36,14,0
"2015-16","9636","Northwestern","P. Kunaiyi-Akpanah",14,3,1104,1415,311,6,9,-3,0
"2015-16","9636","Maryland","Tierney Pfirman",22,3,1178,1200,22,0,0,0,0
"2015-16","9636","Northwestern","Amber Jamison",34,2,1178,1200,22,0,0,0,0
"2015-16","9636","Maryland","Malina Howard",5,4,1200,1344,144,6,2,4,0
"2015-16","9636","Maryland","Chloe Pavlech",15,3,1200,1496,296,13,6,7,0
"2015-16","9636","Northwestern","Ashley Deary",3,3,1200,2318,1118,30,44,-14,0
"2015-16","9636","Northwestern","Christen Inman",24,3,1200,2283,1083,27,42,-15,0
"2015-16","9636","Maryland","Tierney Pfirman",22,4,1344,1744,400,16,12,4,0
"2015-16","9636","Northwestern","Allie Tuttle",30,3,1415,1800,385,12,13,-1,0
"2015-16","9636","Maryland","Brene Moseley",3,3,1496,1744,248,9,8,1,0
"2015-16","9636","Maryland","Brianna Fraser",34,2,1496,1661,165,5,5,0,0
"2015-16","9636","Northwestern","Jordan Hankins",5,3,1496,1800,304,10,9,1,0
"2015-16","9636","Maryland","Brionna Jones",42,4,1661,2040,379,16,7,9,0
"2015-16","9636","Maryland","Malina Howard",5,5,1744,1800,56,0,2,-2,0
"2015-16","9636","Maryland","Chloe Pavlech",15,4,1744,1874,130,0,2,-2,0
"2015-16","9636","Maryland","Tierney Pfirman",22,5,1800,2228,428,16,9,7,0
"2015-16","9636","Northwestern","Jordan Hankins",5,4,1800,2400,600,16,24,-8,0
"2015-16","9636","Northwestern","Lydia Rohde",12,3,1800,1800,0,0,0,0,0
"2015-16","9636","Northwestern","P. Kunaiyi-Akpanah",14,4,1800,1800,0,0,0,0,0
"2015-16","9636","Northwestern","Allie Tuttle",30,4,1800,1937,137,2,4,-2,0
"2015-16","9636","Maryland","Brene Moseley",3,4,1874,2400,526,24,16,8,0
"2015-16","9636","Northwestern","Lydia Rohde",12,4,1937,1989,52,0,3,-3,0
"2015-16","9636","Northwestern","Allie Tuttle",30,5,1989,2052,63,3,5,-2,0
"2015-16","9636","Maryland","Brianna Fraser",34,3,2040,2087,47,2,5,-3,0
"2015-16","9636","Northwestern","P. Kunaiyi-Akpanah",14,5,2052,2191,139,4,4,0,0
"2015-16","9636","Maryland","Malina Howard",5,6,2087,2400,313,10,9,1,0
"2015-16","9636","Northwestern","Allie Tuttle",30,6,2191,2400,209,7,8,-1,0
"2015-16","9636","Maryland","Kiah Gillespie",1,3,2228,2400,172,8,7,1,0
"2015-16","9636","Maryland","Kiara Leslie",2,2,2283,2400,117,4,5,-1,0
"2015-16","9636","Northwestern","Amber Jamison",34,3,2283,2400,117,5,4,1,0
"2015-16","9636","Maryland","A'Lexus Harrison",33,1,2318,2400,82,2,2,0,0
"2015-16","9636","Northwestern","Nof Kedem",13,1,2318,2400,82,2,2,0,0
"2015-16","9636","Northwestern","Christen Johnson",32,1,2318,2400,82,2,2,0,0
"2015-16","9637","Maryland","Malina Howard",5,1,0,230,230,5,4,1,1
"2015-16","9637","Maryland","Kristen Confroy",12,1,0,399,399,7,10,-3,1
"2015-16","9637","Maryland","Chloe Pavlech",15,1,0,230,230,5,4,1,1
"2015-16","9637","Maryland","S. Walker-Kimbrough",32,1,0,476,476,10,12,-2,1
"2015-16","9637","Maryland","Brionna Jones",42,1,0,508,508,11,12,-1,1
"2015-16","9637","Michigan State","Tori Jankoska",1,1,0,574,574,14,12,2,1
"2015-16","9637","Michigan State","Jasmine Hines",4,1,0,508,508,12,11,1,1
"2015-16","9637","Michigan State","Branndais Agee",10,1,0,466,466,12,10,2,1
"2015-16","9637","Michigan State","Aerial Powers",23,1,0,640,640,14,13,1,1
"2015-16","9637","Michigan State","Akyah Taylor",45,1,0,299,299,6,5,1,1
"2015-16","9637","Maryland","Brene Moseley",3,1,230,551,321,6,10,-4,0
"2015-16","9637","Maryland","Tierney Pfirman",22,1,230,399,169,2,6,-4,0
"2015-16","9637","Michigan State","Jenna Allen",33,1,299,399,100,4,2,2,0
"2015-16","9637","Maryland","Chloe Pavlech",15,2,399,588,189,5,4,1,0
"2015-16","9637","Michigan State","Kennedy Johnson",55,1,399,600,201,4,5,-1,0
"2015-16","9637","Michigan State","Morgan Green",13,1,466,600,134,2,2,0,0
"2015-16","9637","Maryland","Kristen Confroy",12,2,476,1490,1014,24,18,6,0
"2015-16","9637","Maryland","Tierney Pfirman",22,2,508,600,92,1,2,-1,0
"2015-16","9637","Michigan State","Jenna Allen",33,2,508,600,92,2,1,1,0
"2015-16","9637","Maryland","S. Walker-Kimbrough",32,2,551,2400,1849,49,30,19,0
"2015-16","9637","Michigan State","Branndais Agee",10,2,574,915,341,5,9,-4,0
"2015-16","9637","Maryland","Brene Moseley",3,2,588,600,12,0,0,0,0
"2015-16","9637","Maryland","Brionna Jones",42,2,588,1198,610,12,12,0,0
"2015-16","9637","Maryland","Brene Moseley",3,3,600,772,172,4,3,1,0
"2015-16","9637","Maryland","Malina Howard",5,2,600,600,0,0,0,0,0
"2015-16","9637","Maryland","Chloe Pavlech",15,3,600,600,0,0,0,0,0
"2015-16","9637","Maryland","Tierney Pfirman",22,3,600,772,172,4,3,1,0
"2015-16","9637","Michigan State","Tori Jankoska",1,2,600,600,0,0,0,0,0
"2015-16","9637","Michigan State","Jasmine Hines",4,2,600,600,0,0,0,0,0
"2015-16","9637","Michigan State","Morgan Green",13,2,600,1200,600,12,12,0,0
"2015-16","9637","Michigan State","Jenna Allen",33,3,600,1200,600,12,12,0,0
"2015-16","9637","Michigan State","Akyah Taylor",45,2,600,600,0,0,0,0,0
"2015-16","9637","Michigan State","Kennedy Johnson",55,2,600,772,172,3,4,-1,0
"2015-16","9637","Michigan State","Tori Jankoska",1,3,640,2400,1760,30,47,-17,0
"2015-16","9637","Maryland","Malina Howard",5,3,772,1138,366,5,9,-4,0
"2015-16","9637","Maryland","Chloe Pavlech",15,4,772,1011,239,5,4,1,0
"2015-16","9637","Michigan State","Akyah Taylor",45,3,772,1198,426,9,8,1,0
"2015-16","9637","Michigan State","Lexi Gussert",24,1,915,1200,285,7,3,4,0
"2015-16","9637","Maryland","Brene Moseley",3,4,1011,1057,46,0,2,-2,0
"2015-16","9637","Maryland","Chloe Pavlech",15,5,1057,1198,141,3,3,0,0
"2015-16","9637","Maryland","Tierney Pfirman",22,4,1138,1200,62,3,0,3,0
"2015-16","9637","Maryland","Kiah Gillespie",1,1,1198,1200,2,0,0,0,0
"2015-16","9637","Maryland","Brene Moseley",3,5,1198,1200,2,0,0,0,0
"2015-16","9637","Michigan State","Kennedy Johnson",55,3,1198,1200,2,0,0,0,0
"2015-16","9637","Maryland","Malina Howard",5,4,1200,1724,524,16,10,6,0
"2015-16","9637","Maryland","Chloe Pavlech",15,6,1200,1724,524,16,10,6,0
"2015-16","9637","Maryland","Brionna Jones",42,3,1200,1490,290,10,4,6,0
"2015-16","9637","Michigan State","Jasmine Hines",4,3,1200,1277,77,2,3,-1,0
"2015-16","9637","Michigan State","Branndais Agee",10,3,1200,1200,0,0,0,0,0
"2015-16","9637","Michigan State","Morgan Green",13,3,1200,1800,600,10,18,-8,0
"2015-16","9637","Michigan State","Aerial Powers",23,2,1200,1490,290,4,10,-6,0
"2015-16","9637","Michigan State","Akyah Taylor",45,4,1200,1444,244,4,6,-2,0
"2015-16","9637","Michigan State","Jenna Allen",33,4,1277,1512,235,2,9,-7,0
"2015-16","9637","Michigan State","Branndais Agee",10,4,1444,1724,280,6,10,-4,0
"2015-16","9637","Maryland","Brene Moseley",3,6,1490,1800,310,8,6,2,0
"2015-16","9637","Maryland","Tierney Pfirman",22,5,1490,1800,310,8,6,2,0
"2015-16","9637","Michigan State","Jasmine Hines",4,4,1490,2400,910,14,26,-12,0
"2015-16","9637","Michigan State","Aerial Powers",23,3,1512,1968,456,8,9,-1,0
"2015-16","9637","Maryland","Kristen Confroy",12,3,1724,2400,676,20,8,12,0
"2015-16","9637","Maryland","Brionna Jones",42,4,1724,2400,676,20,8,12,0
"2015-16","9637","Michigan State","Akyah Taylor",45,5,1724,1800,76,0,2,-2,0
"2015-16","9637","Maryland","Brene Moseley",3,7,1800,2400,600,18,8,10,0
"2015-16","9637","Maryland","Malina Howard",5,5,1800,1800,0,0,0,0,0
"2015-16","9637","Maryland","Chloe Pavlech",15,7,1800,1800,0,0,0,0,0
"2015-16","9637","Maryland","Tierney Pfirman",22,6,1800,2400,600,18,8,10,0
"2015-16","9637","Michigan State","Branndais Agee",10,5,1800,2187,387,4,9,-5,0
"2015-16","9637","Michigan State","Morgan Green",13,4,1800,2233,433,4,11,-7,0
"2015-16","9637","Michigan State","Jenna Allen",33,5,1968,2039,71,0,6,-6,0
"2015-16","9637","Michigan State","Aerial Powers",23,4,2039,2400,361,6,9,-3,0
"2015-16","9637","Michigan State","Lexi Gussert",24,2,2187,2271,84,0,2,-2,0
"2015-16","9637","Michigan State","Jenna Allen",33,6,2233,2271,38,0,0,0,0
"2015-16","9637","Michigan State","Branndais Agee",10,6,2271,2400,129,4,7,-3,0
"2015-16","9637","Michigan State","Kennedy Johnson",55,4,2271,2400,129,4,7,-3,0
"2015-16","9638","Iona","Marina Lizarazu",1,1,0,2362,2362,58,74,-16,1
"2015-16","9638","Iona","Karynda DuPree",10,1,0,310,310,8,16,-8,1
"2015-16","9638","Iona","Philecia Gilmore",11,1,0,468,468,14,22,-8,1
"2015-16","9638","Iona","Aaliyah Robinson",21,1,0,310,310,8,16,-8,1
"2015-16","9638","Iona","Joy Adams",24,1,0,468,468,14,22,-8,1
"2015-16","9638","Maryland","Malina Howard",5,1,0,310,310,16,8,8,1
"2015-16","9638","Maryland","Kristen Confroy",12,1,0,767,767,33,19,14,1
"2015-16","9638","Maryland","Chloe Pavlech",15,1,0,310,310,16,8,8,1
"2015-16","9638","Maryland","S. Walker-Kimbrough",32,1,0,631,631,26,19,7,1
"2015-16","9638","Maryland","Brionna Jones",42,1,0,63,63,2,3,-1,1
"2015-16","9638","Maryland","Tierney Pfirman",22,1,63,468,405,20,11,9,0
"2015-16","9638","Iona","Alexis Lewis",20,1,310,577,267,8,10,-2,0
"2015-16","9638","Iona","Treyanna Clay",22,1,310,577,267,8,10,-2,0
"2015-16","9638","Maryland","Brene Moseley",3,1,310,599,289,10,8,2,0
"2015-16","9638","Maryland","Brianna Fraser",34,1,310,577,267,10,8,2,0
"2015-16","9638","Iona","Karynda DuPree",10,2,468,978,510,9,16,-7,0
"2015-16","9638","Iona","Aaliyah Robinson",21,2,468,719,251,5,8,-3,0
"2015-16","9638","Maryland","Malina Howard",5,2,468,719,251,8,5,3,0
"2015-16","9638","Iona","Philecia Gilmore",11,2,577,2125,1548,40,44,-4,0
"2015-16","9638","Iona","Joy Adams",24,2,577,995,418,7,12,-5,0
"2015-16","9638","Maryland","Kiah Gillespie",1,1,577,600,23,0,0,0,0
"2015-16","9638","Maryland","Chloe Pavlech",15,2,599,858,259,7,7,0,0
"2015-16","9638","Maryland","Brionna Jones",42,2,600,1063,463,12,9,3,0
"2015-16","9638","Maryland","Brene Moseley",3,2,631,1090,459,12,6,6,0
"2015-16","9638","Iona","Treyanna Clay",22,2,719,1200,481,8,12,-4,0
"2015-16","9638","Maryland","Tierney Pfirman",22,2,719,858,139,3,4,-1,0
"2015-16","9638","Maryland","S. Walker-Kimbrough",32,2,767,2400,1633,41,39,2,0
"2015-16","9638","Maryland","Malina Howard",5,3,858,1063,205,5,2,3,0
"2015-16","9638","Maryland","Kristen Confroy",12,2,858,2400,1542,41,35,6,0
"2015-16","9638","Iona","Aaliyah Robinson",21,3,978,1287,309,4,6,-2,0
"2015-16","9638","Iona","Karynda DuPree",10,3,995,1164,169,4,2,2,0
"2015-16","9638","Maryland","Tierney Pfirman",22,3,1063,1200,137,4,2,2,0
"2015-16","9638","Maryland","Brianna Fraser",34,2,1063,1117,54,0,0,0,0
"2015-16","9638","Maryland","Chloe Pavlech",15,3,1090,1509,419,13,17,-4,0
"2015-16","9638","Maryland","Brionna Jones",42,3,1117,1132,15,0,0,0,0
"2015-16","9638","Maryland","Malina Howard",5,4,1132,2400,1268,36,33,3,0
"2015-16","9638","Iona","Alexis Lewis",20,2,1164,1200,36,0,2,-2,0
"2015-16","9638","Iona","Karynda DuPree",10,4,1200,1223,23,0,2,-2,0
"2015-16","9638","Iona","Joy Adams",24,3,1200,2385,1185,31,32,-1,0
"2015-16","9638","Maryland","Brionna Jones",42,4,1200,1465,265,9,13,-4,0
"2015-16","9638","Iona","Treyanna Clay",22,3,1223,1800,577,21,16,5,0
"2015-16","9638","Iona","Alexis Lewis",20,3,1287,1671,384,17,14,3,0
"2015-16","9638","Maryland","Tierney Pfirman",22,4,1465,1800,335,9,8,1,0
"2015-16","9638","Maryland","Brene Moseley",3,3,1509,1611,102,4,0,4,0
"2015-16","9638","Maryland","Chloe Pavlech",15,4,1611,1800,189,5,6,-1,0
"2015-16","9638","Iona","Aaliyah Robinson",21,4,1671,1800,129,4,2,2,0
"2015-16","9638","Iona","Karynda DuPree",10,5,1800,1800,0,0,0,0,0
"2015-16","9638","Iona","Alexis Lewis",20,4,1800,1954,154,5,2,3,0
"2015-16","9638","Iona","Treyanna Clay",22,4,1800,2400,600,10,14,-4,0
"2015-16","9638","Maryland","Brene Moseley",3,4,1800,2125,325,10,8,2,0
"2015-16","9638","Maryland","Brionna Jones",42,5,1800,2339,539,14,10,4,0
"2015-16","9638","Iona","Karynda DuPree",10,6,1954,2165,211,5,8,-3,0
"2015-16","9638","Iona","Aaliyah Robinson",21,5,2125,2165,40,2,0,2,0
"2015-16","9638","Maryland","Chloe Pavlech",15,5,2125,2339,214,4,2,2,0
"2015-16","9638","Iona","Philecia Gilmore",11,3,2165,2400,235,0,4,-4,0
"2015-16","9638","Iona","Alexis Lewis",20,5,2165,2400,235,0,4,-4,0
"2015-16","9638","Maryland","Brene Moseley",3,5,2339,2400,61,0,0,0,0
"2015-16","9638","Maryland","Tierney Pfirman",22,5,2339,2400,61,0,0,0,0
"2015-16","9638","Iona","Iida Ahvenainen",55,1,2362,2400,38,0,0,0,0
"2015-16","9638","Iona","Karynda DuPree",10,7,2385,2400,15,0,0,0,0
"2015-16","9639","Maryland","Malina Howard",5,1,0,314,314,8,7,1,1
"2015-16","9639","Maryland","Kristen Confroy",12,1,0,468,468,8,15,-7,1
"2015-16","9639","Maryland","Chloe Pavlech",15,1,0,314,314,8,7,1,1
"2015-16","9639","Maryland","S. Walker-Kimbrough",32,1,0,624,624,11,19,-8,1
"2015-16","9639","Maryland","Brionna Jones",42,1,0,523,523,11,17,-6,1
"2015-16","9639","Washington","Chantel Osahor",0,1,0,555,555,19,11,8,1
"2015-16","9639","Washington","Talia Walton",3,1,0,2400,2400,74,65,9,1
"2015-16","9639","Washington","Kelsey Plum",10,1,0,2400,2400,74,65,9,1
"2015-16","9639","Washington","Katie Collier",13,1,0,428,428,15,8,7,1
"2015-16","9639","Washington","Alexus Atchley",22,1,0,2400,2400,74,65,9,1
"2015-16","9639","Maryland","Tierney Pfirman",22,1,314,428,114,0,8,-8,0
"2015-16","9639","Maryland","Malina Howard",5,2,428,600,172,3,4,-1,0
"2015-16","9639","Washington","Mathilde Gilling",11,1,428,598,170,4,3,1,0
"2015-16","9639","Maryland","Chloe Pavlech",15,2,468,712,244,6,4,2,0
"2015-16","9639","Maryland","Tierney Pfirman",22,2,523,600,77,0,2,-2,0
"2015-16","9639","Washington","Katie Collier",13,2,555,1250,695,10,25,-15,0
"2015-16","9639","Maryland","Kiara Leslie",2,1,598,600,2,0,0,0,0
"2015-16","9639","Washington","Chantel Osahor",0,2,598,1107,509,10,19,-9,0
"2015-16","9639","Maryland","Brene Moseley",3,1,600,1200,600,23,10,13,0
"2015-16","9639","Maryland","Kristen Confroy",12,2,600,600,0,0,0,0,0
"2015-16","9639","Maryland","Tierney Pfirman",22,3,600,872,272,8,3,5,0
"2015-16","9639","Maryland","Brionna Jones",42,2,600,712,112,3,0,3,0
"2015-16","9639","Maryland","Kristen Confroy",12,3,624,1455,831,27,22,5,0
"2015-16","9639","Maryland","Malina Howard",5,3,712,1610,898,26,26,0,0
"2015-16","9639","Maryland","S. Walker-Kimbrough",32,2,712,2400,1688,51,55,-4,0
"2015-16","9639","Maryland","Brionna Jones",42,3,872,1056,184,8,7,1,0
"2015-16","9639","Maryland","Tierney Pfirman",22,4,1056,1200,144,7,0,7,0
"2015-16","9639","Washington","Mathilde Gilling",11,2,1107,1200,93,0,4,-4,0
"2015-16","9639","Maryland","Chloe Pavlech",15,3,1200,1508,308,4,14,-10,0
"2015-16","9639","Maryland","Brionna Jones",42,4,1200,1420,220,4,12,-8,0
"2015-16","9639","Washington","Chantel Osahor",0,3,1200,2400,1200,45,31,14,0
"2015-16","9639","Washington","Mathilde Gilling",11,3,1250,1420,170,12,2,10,0
"2015-16","9639","Maryland","Tierney Pfirman",22,5,1420,1695,275,4,6,-2,0
"2015-16","9639","Washington","Katie Collier",13,3,1420,1508,88,2,0,2,0
"2015-16","9639","Maryland","Brene Moseley",3,2,1455,1716,261,4,6,-2,0
"2015-16","9639","Maryland","Kristen Confroy",12,4,1508,2400,892,27,31,-4,0
"2015-16","9639","Washington","Mathilde Gilling",11,4,1508,1800,292,6,4,2,0
"2015-16","9639","Maryland","Brionna Jones",42,5,1610,1800,190,2,4,-2,0
"2015-16","9639","Maryland","Chloe Pavlech",15,4,1695,1800,105,0,2,-2,0
"2015-16","9639","Maryland","Malina Howard",5,4,1716,1976,260,7,5,2,0
"2015-16","9639","Maryland","Brene Moseley",3,3,1800,2360,560,18,17,1,0
"2015-16","9639","Maryland","Tierney Pfirman",22,6,1800,2107,307,7,11,-4,0
"2015-16","9639","Washington","Mathilde Gilling",11,5,1800,2014,214,6,7,-1,0
"2015-16","9639","Washington","Katie Collier",13,4,1800,1800,0,0,0,0,0
"2015-16","9639","Maryland","Brionna Jones",42,6,1976,2023,47,0,5,-5,0
"2015-16","9639","Washington","Katie Collier",13,5,2014,2023,9,2,0,2,0
"2015-16","9639","Maryland","Malina Howard",5,5,2023,2345,322,8,8,0,0
"2015-16","9639","Washington","Mathilde Gilling",11,6,2023,2246,223,3,6,-3,0
"2015-16","9639","Maryland","Brionna Jones",42,7,2107,2360,253,11,6,5,0
"2015-16","9639","Washington","Katie Collier",13,6,2246,2400,154,14,10,4,0
"2015-16","9639","Maryland","Kiara Leslie",2,2,2345,2362,17,3,3,0,0
"2015-16","9639","Maryland","Chloe Pavlech",15,5,2345,2362,17,3,3,0,0
"2015-16","9639","Maryland","Tierney Pfirman",22,7,2345,2360,15,3,1,2,0
"2015-16","9639","Maryland","Malina Howard",5,6,2360,2362,2,0,2,-2,0
"2015-16","9639","Maryland","Kiah Gillespie",1,1,2362,2400,38,5,6,-1,0
"2015-16","9639","Maryland","Brene Moseley",3,4,2362,2400,38,5,6,-1,0
"2015-16","9639","Maryland","Tierney Pfirman",22,8,2362,2400,38,5,6,-1,0
"2015-16","9639","Maryland","Brionna Jones",42,8,2362,2400,38,5,6,-1,0
