source_id,file_id,period,time_remaining,assister_number,assister_name,assister_assist_count,scorer_number,scorer_name,shot_type,points,home_score,visiting_score,narrative
2016,9665,1,587,05,Destiny Slocum,1,32,S. Walker-Kimbrough,JUMPER,2,2.0,0.0,32 S. Walker-Kimbrough JUMPER GOOD (2 Pt); 05 Destiny Slocum Assist (1 Asst)
2016,9665,1,358,15,Kiah Gillespie,1,32,S. Walker-Kimbrough,3PTR,3,13.0,3.0,32 S. Walker-Kimbrough 3PTR GOOD (8 Pt); 15 Kiah Gillespie Assist (1 Asst)
2016,9665,1,276,15,Kiah Gillespie,2,14,Jenna Staiti,JUMPER,2,19.0,5.0,14 Jenna Staiti JUMPER GOOD (2 Pt); 15 Kiah Gillespie Assist (2 Asst)
2016,9665,1,167,05,Destiny Slocum,2,03,Kaila Charles,JUMPER,2,21.0,5.0,03 Kaila Charles JUMPER GOOD (4 Pt); 05 Destiny Slocum Assist (2 Asst)
2016,9665,1,82,05,Destiny Slocum,3,42,Brionna Jones,LAYUP,2,27.0,5.0,42 Brionna Jones LAYUP GOOD (2 Pt); 05 Destiny Slocum Assist (3 Asst)
2016,9665,1,52,32,S. Walker-Kimbrough,1,05,Destiny Slocum,3PTR,3,32.0,5.0,05 Destiny Slocum 3PTR GOOD (7 Pt); 32 S. Walker-Kimbrough Assist (1 Asst)
2016,9665,2,444,05,Destiny Slocum,4,34,Brianna Fraser,LAYUP,2,42.0,10.0,34 Brianna Fraser LAYUP GOOD (4 Pt); 05 Destiny Slocum Assist (4 Asst)
2016,9665,2,282,32,S. Walker-Kimbrough,2,42,Brionna Jones,JUMPER,2,44.0,12.0,42 Brionna Jones JUMPER GOOD (4 Pt); 32 S. Walker-Kimbrough Assist (2 Asst)
2016,9665,2,247,32,S. Walker-Kimbrough,3,01,Ieshia Small,JUMPER,2,46.0,12.0,01 Ieshia Small JUMPER GOOD (4 Pt); 32 S. Walker-Kimbrough Assist (3 Asst)
2016,9665,2,193,01,Ieshia Small,1,24,Stephanie Jones,LAYUP,2,48.0,12.0,24 Stephanie Jones LAYUP GOOD (2 Pt); 01 Ieshia Small Assist (1 Asst)
2016,9665,2,118,22,Blair Watson,1,01,Ieshia Small,LAYUP,2,51.0,12.0,01 Ieshia Small LAYUP GOOD (6 Pt); 22 Blair Watson Assist (1 Asst)
2016,9665,2,73,01,Ieshia Small,2,34,Brianna Fraser,LAYUP,2,53.0,12.0,34 Brianna Fraser LAYUP GOOD (6 Pt); 01 Ieshia Small Assist (2 Asst)
2016,9665,2,40,22,Blair Watson,2,24,Stephanie Jones,LAYUP,2,55.0,14.0,24 Stephanie Jones LAYUP GOOD (5 Pt); 22 Blair Watson Assist (2 Asst)
2016,9665,2,18,22,Blair Watson,3,34,Brianna Fraser,LAYUP,2,57.0,14.0,34 Brianna Fraser LAYUP GOOD (8 Pt); 22 Blair Watson Assist (3 Asst)
2016,9665,3,567,12,Kristen Confroy,1,32,S. Walker-Kimbrough,JUMPER,2,59.0,19.0,32 S. Walker-Kimbrough JUMPER GOOD (14 Pt); 12 Kristen Confroy Assist (1 Asst)
2016,9665,3,499,12,Kristen Confroy,2,05,Destiny Slocum,3PTR,3,62.0,19.0,05 Destiny Slocum 3PTR GOOD (10 Pt); 12 Kristen Confroy Assist (2 Asst)
2016,9665,3,473,05,Destiny Slocum,5,12,Kristen Confroy,3PTR,3,65.0,19.0,12 Kristen Confroy 3PTR GOOD (6 Pt); 05 Destiny Slocum Assist (5 Asst)
2016,9665,3,404,03,Kaila Charles,1,05,Destiny Slocum,3PTR,3,68.0,22.0,05 Destiny Slocum 3PTR GOOD (13 Pt); 03 Kaila Charles Assist (1 Asst)
2016,9665,3,295,15,Kiah Gillespie,3,03,Kaila Charles,JUMPER,2,70.0,27.0,03 Kaila Charles JUMPER GOOD (10 Pt); 15 Kiah Gillespie Assist (3 Asst)
2016,9665,3,268,05,Destiny Slocum,6,15,Kiah Gillespie,LAYUP,2,72.0,27.0,15 Kiah Gillespie LAYUP GOOD (4 Pt); 05 Destiny Slocum Assist (6 Asst)
2016,9665,3,245,15,Kiah Gillespie,4,01,Ieshia Small,JUMPER,2,74.0,27.0,01 Ieshia Small JUMPER GOOD (8 Pt); 15 Kiah Gillespie Assist (4 Asst)
2016,9665,4,512,01,Ieshia Small,3,15,Kiah Gillespie,3PTR,3,85.0,32.0,15 Kiah Gillespie 3PTR GOOD (7 Pt); 01 Ieshia Small Assist (3 Asst)
2016,9665,4,490,01,Ieshia Small,4,21,Sarah Myers,LAYUP,2,87.0,32.0,21 Sarah Myers LAYUP GOOD (2 Pt); 01 Ieshia Small Assist (4 Asst)
2016,9665,4,348,15,Kiah Gillespie,5,24,Stephanie Jones,LAYUP,2,93.0,32.0,24 Stephanie Jones LAYUP GOOD (7 Pt); 15 Kiah Gillespie Assist (5 Asst)
2016,9665,4,228,03,Kaila Charles,2,14,Jenna Staiti,JUMPER,2,95.0,34.0,14 Jenna Staiti JUMPER GOOD (4 Pt); 03 Kaila Charles Assist (2 Asst)
2016,9665,4,71,01,Kayla GIBBS,1,34,Brianna Fraser,JUMPER,2,99.0,39.0,34 Brianna Fraser JUMPER GOOD (14 Pt); 01 Kayla GIBBS Assist (1 Asst)
2016,9666,1,555,05,Destiny Slocum,1,32,S. Walker-Kimbrough,3PTR,3,3.0,0.0,32 S. Walker-Kimbrough 3PTR GOOD (3 Pt); 05 Destiny Slocum Assist (1 Asst)
2016,9666,1,538,42,Brionna Jones,1,03,Kaila Charles,LAYUP,2,5.0,0.0,03 Kaila Charles LAYUP GOOD (2 Pt); 42 Brionna Jones Assist (1 Asst)
2016,9666,1,464,32,S. Walker-Kimbrough,1,42,Brionna Jones,LAYUP,2,10.0,3.0,42 Brionna Jones LAYUP GOOD (2 Pt); 32 S. Walker-Kimbrough Assist (1 Asst)
2016,9666,1,448,12,Kristen Confroy,1,32,S. Walker-Kimbrough,LAYUP,2,12.0,3.0,32 S. Walker-Kimbrough LAYUP GOOD (5 Pt); 12 Kristen Confroy Assist (1 Asst)
2016,9666,1,287,32,S. Walker-Kimbrough,2,42,Brionna Jones,LAYUP,2,18.0,11.0,42 Brionna Jones LAYUP GOOD (6 Pt); 32 S. Walker-Kimbrough Assist (2 Asst)
2016,9666,1,224,05,Destiny Slocum,2,34,Brianna Fraser,JUMPER,2,20.0,12.0,34 Brianna Fraser JUMPER GOOD (2 Pt); 05 Destiny Slocum Assist (2 Asst)
2016,9666,1,151,21,Sarah Myers,1,32,S. Walker-Kimbrough,3PTR,3,23.0,13.0,32 S. Walker-Kimbrough 3PTR GOOD (10 Pt); 21 Sarah Myers Assist (1 Asst)
2016,9666,2,526,21,Sarah Myers,2,42,Brionna Jones,JUMPER,2,36.0,19.0,42 Brionna Jones JUMPER GOOD (10 Pt); 21 Sarah Myers Assist (2 Asst)
2016,9666,2,484,21,Sarah Myers,3,42,Brionna Jones,JUMPER,2,39.0,19.0,42 Brionna Jones JUMPER GOOD (13 Pt); 21 Sarah Myers Assist (3 Asst)
2016,9666,3,581,05,Destiny Slocum,3,42,Brionna Jones,LAYUP,2,56.0,31.0,42 Brionna Jones LAYUP GOOD (15 Pt); 05 Destiny Slocum Assist (3 Asst)
2016,9666,3,408,32,S. Walker-Kimbrough,3,05,Destiny Slocum,3PTR,3,63.0,38.0,05 Destiny Slocum 3PTR GOOD (10 Pt); 32 S. Walker-Kimbrough Assist (3 Asst)
2016,9666,3,279,05,Destiny Slocum,4,01,Ieshia Small,LAYUP,2,68.0,42.0,01 Ieshia Small LAYUP GOOD (2 Pt); 05 Destiny Slocum Assist (4 Asst)
2016,9666,3,130,03,Kaila Charles,1,42,Brionna Jones,LAYUP,2,72.0,50.0,42 Brionna Jones LAYUP GOOD (17 Pt); 03 Kaila Charles Assist (1 Asst)
2016,9666,3,98,21,Sarah Myers,4,03,Kaila Charles,LAYUP,2,74.0,50.0,03 Kaila Charles LAYUP GOOD (12 Pt); 21 Sarah Myers Assist (4 Asst)
2016,9666,3,75,21,Sarah Myers,5,24,Stephanie Jones,LAYUP,2,76.0,50.0,24 Stephanie Jones LAYUP GOOD (2 Pt); 21 Sarah Myers Assist (5 Asst)
2016,9666,3,2,21,Sarah Myers,6,03,Kaila Charles,JUMPER,2,80.0,50.0,03 Kaila Charles JUMPER GOOD (14 Pt); 21 Sarah Myers Assist (6 Asst)
2016,9666,4,536,21,Sarah Myers,7,34,Brianna Fraser,LAYUP,2,82.0,50.0,34 Brianna Fraser LAYUP GOOD (4 Pt); 21 Sarah Myers Assist (7 Asst)
2016,9666,4,479,12,Kristen Confroy,2,14,Jenna Staiti,LAYUP,2,84.0,52.0,14 Jenna Staiti LAYUP GOOD (2 Pt); 12 Kristen Confroy Assist (2 Asst)
2016,9666,4,429,34,Brianna Fraser,1,14,Jenna Staiti,LAYUP,2,86.0,54.0,14 Jenna Staiti LAYUP GOOD (4 Pt); 34 Brianna Fraser Assist (1 Asst)
2016,9666,4,374,01,Ieshia Small,1,21,Sarah Myers,LAYUP,2,90.0,54.0,21 Sarah Myers LAYUP GOOD (6 Pt); 01 Ieshia Small Assist (1 Asst)
2016,9666,4,334,21,Sarah Myers,8,15,Kiah Gillespie,LAYUP,2,92.0,56.0,15 Kiah Gillespie LAYUP GOOD (8 Pt); 21 Sarah Myers Assist (8 Asst)
2016,9666,4,273,21,Sarah Myers,9,15,Kiah Gillespie,LAYUP,2,94.0,59.0,15 Kiah Gillespie LAYUP GOOD (10 Pt); 21 Sarah Myers Assist (9 Asst)
2016,9666,4,155,01,Ieshia Small,2,24,Stephanie Jones,JUMPER,2,100.0,61.0,24 Stephanie Jones JUMPER GOOD (6 Pt); 01 Ieshia Small Assist (2 Asst)
2016,9666,4,64,22,Blair Watson,1,14,Jenna Staiti,LAYUP,2,102.0,61.0,14 Jenna Staiti LAYUP GOOD (8 Pt); 22 Blair Watson Assist (1 Asst)
2016,9666,4,42,24,Stephanie Jones,1,14,Jenna Staiti,LAYUP,2,106.0,61.0,14 Jenna Staiti LAYUP GOOD (10 Pt); 24 Stephanie Jones Assist (1 Asst)
2016,9668,1,459,05,Destiny Slocum,1,03,Kaila Charles,LAYUP,2,3.0,2.0,03 Kaila Charles LAYUP GOOD (2 Pt); 05 Destiny Slocum Assist (1 Asst)
2016,9668,1,379,32,S. Walker-Kimbrough,1,05,Destiny Slocum,3PTR,3,6.0,4.0,05 Destiny Slocum 3PTR GOOD (4 Pt); 32 S. Walker-Kimbrough Assist (1 Asst)
2016,9668,1,264,01,Ieshia Small,1,42,Brionna Jones,LAYUP,2,8.0,7.0,42 Brionna Jones LAYUP GOOD (2 Pt); 01 Ieshia Small Assist (1 Asst)
2016,9668,1,105,03,Kaila Charles,1,32,S. Walker-Kimbrough,LAYUP,2,14.0,10.0,32 S. Walker-Kimbrough LAYUP GOOD (2 Pt); 03 Kaila Charles Assist (1 Asst)
2016,9668,1,83,32,S. Walker-Kimbrough,2,03,Kaila Charles,LAYUP,2,16.0,10.0,03 Kaila Charles LAYUP GOOD (4 Pt); 32 S. Walker-Kimbrough Assist (2 Asst)
2016,9668,2,521,32,S. Walker-Kimbrough,3,24,Stephanie Jones,JUMPER,2,20.0,13.0,24 Stephanie Jones JUMPER GOOD (2 Pt); 32 S. Walker-Kimbrough Assist (3 Asst)
2016,9668,2,424,05,Destiny Slocum,2,42,Brionna Jones,LAYUP,2,22.0,15.0,42 Brionna Jones LAYUP GOOD (6 Pt); 05 Destiny Slocum Assist (2 Asst)
2016,9668,2,365,01,Ieshia Small,2,32,S. Walker-Kimbrough,LAYUP,2,26.0,15.0,32 S. Walker-Kimbrough LAYUP GOOD (4 Pt); 01 Ieshia Small Assist (2 Asst)
2016,9668,2,296,34,Brianna Fraser,1,42,Brionna Jones,LAYUP,2,30.0,18.0,42 Brionna Jones LAYUP GOOD (10 Pt); 34 Brianna Fraser Assist (1 Asst)
2016,9668,2,217,34,Brianna Fraser,2,42,Brionna Jones,LAYUP,2,34.0,18.0,42 Brionna Jones LAYUP GOOD (12 Pt); 34 Brianna Fraser Assist (2 Asst)
2016,9668,2,83,12,Kristen Confroy,1,14,Jenna Staiti,LAYUP,2,36.0,18.0,14 Jenna Staiti LAYUP GOOD (2 Pt); 12 Kristen Confroy Assist (1 Asst)
2016,9668,3,571,12,Kristen Confroy,2,42,Brionna Jones,LAYUP,2,39.0,20.0,42 Brionna Jones LAYUP GOOD (14 Pt); 12 Kristen Confroy Assist (2 Asst)
2016,9668,3,488,32,S. Walker-Kimbrough,4,42,Brionna Jones,LAYUP,2,43.0,20.0,42 Brionna Jones LAYUP GOOD (16 Pt); 32 S. Walker-Kimbrough Assist (4 Asst)
2016,9668,3,466,12,Kristen Confroy,3,03,Kaila Charles,LAYUP,2,45.0,20.0,03 Kaila Charles LAYUP GOOD (10 Pt); 12 Kristen Confroy Assist (3 Asst)
2016,9668,3,447,03,Kaila Charles,2,42,Brionna Jones,LAYUP,2,47.0,20.0,42 Brionna Jones LAYUP GOOD (18 Pt); 03 Kaila Charles Assist (2 Asst)
2016,9668,3,400,05,Destiny Slocum,3,32,S. Walker-Kimbrough,LAYUP,2,51.0,22.0,32 S. Walker-Kimbrough LAYUP GOOD (8 Pt); 05 Destiny Slocum Assist (3 Asst)
2016,9668,3,299,32,S. Walker-Kimbrough,5,14,Jenna Staiti,LAYUP,2,55.0,25.0,14 Jenna Staiti LAYUP GOOD (4 Pt); 32 S. Walker-Kimbrough Assist (5 Asst)
2016,9668,3,281,32,S. Walker-Kimbrough,6,05,Destiny Slocum,LAYUP,2,57.0,25.0,05 Destiny Slocum LAYUP GOOD (8 Pt); 32 S. Walker-Kimbrough Assist (6 Asst)
2016,9668,3,151,01,Ieshia Small,3,24,Stephanie Jones,LAYUP,2,63.0,25.0,24 Stephanie Jones LAYUP GOOD (4 Pt); 01 Ieshia Small Assist (3 Asst)
2016,9668,3,108,01,Ieshia Small,4,22,Blair Watson,3PTR,3,67.0,27.0,22 Blair Watson 3PTR GOOD (3 Pt); 01 Ieshia Small Assist (4 Asst)
2016,9668,4,546,14,Jenna Staiti,1,34,Brianna Fraser,LAYUP,2,75.0,29.0,34 Brianna Fraser LAYUP GOOD (2 Pt); 14 Jenna Staiti Assist (1 Asst)
2016,9668,4,516,01,Ieshia Small,5,21,Sarah Myers,3PTR,3,78.0,29.0,21 Sarah Myers 3PTR GOOD (3 Pt); 01 Ieshia Small Assist (5 Asst)
2016,9668,4,425,14,Jenna Staiti,2,34,Brianna Fraser,LAYUP,2,86.0,29.0,34 Brianna Fraser LAYUP GOOD (6 Pt); 14 Jenna Staiti Assist (2 Asst)
2016,9668,4,392,14,Jenna Staiti,3,34,Brianna Fraser,JUMPER,2,88.0,32.0,34 Brianna Fraser JUMPER GOOD (8 Pt); 14 Jenna Staiti Assist (3 Asst)
2016,9668,4,261,21,Sarah Myers,1,22,Blair Watson,JUMPER,2,93.0,37.0,22 Blair Watson JUMPER GOOD (9 Pt); 21 Sarah Myers Assist (1 Asst)
2016,9668,4,193,22,Blair Watson,1,14,Jenna Staiti,LAYUP,2,97.0,37.0,14 Jenna Staiti LAYUP GOOD (8 Pt); 22 Blair Watson Assist (1 Asst)
2016,9668,4,130,24,Stephanie Jones,1,21,Sarah Myers,3PTR,3,100.0,39.0,21 Sarah Myers 3PTR GOOD (6 Pt); 24 Stephanie Jones Assist (1 Asst)
2016,9668,4,104,24,Stephanie Jones,2,15,Kiah Gillespie,LAYUP,2,102.0,39.0,15 Kiah Gillespie LAYUP GOOD (6 Pt); 24 Stephanie Jones Assist (2 Asst)
2016,9668,4,58,15,Kiah Gillespie,1,14,Jenna Staiti,LAYUP,2,104.0,42.0,14 Jenna Staiti LAYUP GOOD (10 Pt); 15 Kiah Gillespie Assist (1 Asst)
2016,9669,1,586,32,S. Walker-Kimbrough,1,42,Brionna Jones,LAYUP,2,0.0,2.0,42 Brionna Jones LAYUP GOOD (2 Pt); 32 S. Walker-Kimbrough Assist (1 Asst)
2016,9669,1,561,42,Brionna Jones,1,03,Kaila Charles,LAYUP,2,0.0,4.0,03 Kaila Charles LAYUP GOOD (2 Pt); 42 Brionna Jones Assist (1 Asst)
2016,9669,1,526,12,Kristen Confroy,1,42,Brionna Jones,LAYUP,2,0.0,6.0,42 Brionna Jones LAYUP GOOD (4 Pt); 12 Kristen Confroy Assist (1 Asst)
2016,9669,1,478,05,Destiny Slocum,1,03,Kaila Charles,LAYUP,2,0.0,8.0,03 Kaila Charles LAYUP GOOD (4 Pt); 05 Destiny Slocum Assist (1 Asst)
2016,9669,1,374,05,Destiny Slocum,2,34,Brianna Fraser,LAYUP,2,2.0,13.0,34 Brianna Fraser LAYUP GOOD (2 Pt); 05 Destiny Slocum Assist (2 Asst)
2016,9669,1,332,01,Ieshia Small,1,05,Destiny Slocum,3PTR,3,2.0,16.0,05 Destiny Slocum 3PTR GOOD (3 Pt); 01 Ieshia Small Assist (1 Asst)
2016,9669,1,142,12,Kristen Confroy,2,05,Destiny Slocum,3PTR,3,13.0,24.0,05 Destiny Slocum 3PTR GOOD (6 Pt); 12 Kristen Confroy Assist (2 Asst)
2016,9669,1,92,05,Destiny Slocum,3,32,S. Walker-Kimbrough,3PTR,3,15.0,27.0,32 S. Walker-Kimbrough 3PTR GOOD (5 Pt); 05 Destiny Slocum Assist (3 Asst)
2016,9669,2,374,22,Blair Watson,1,05,Destiny Slocum,LAYUP,2,20.0,33.0,05 Destiny Slocum LAYUP GOOD (8 Pt); 22 Blair Watson Assist (1 Asst)
2016,9669,2,314,22,Blair Watson,2,14,Jenna Staiti,LAYUP,2,22.0,36.0,14 Jenna Staiti LAYUP GOOD (2 Pt); 22 Blair Watson Assist (2 Asst)
2016,9669,2,283,05,Destiny Slocum,4,14,Jenna Staiti,LAYUP,2,22.0,38.0,14 Jenna Staiti LAYUP GOOD (4 Pt); 05 Destiny Slocum Assist (4 Asst)
2016,9669,2,252,22,Blair Watson,3,05,Destiny Slocum,LAYUP,2,22.0,40.0,05 Destiny Slocum LAYUP GOOD (11 Pt); 22 Blair Watson Assist (3 Asst)
2016,9669,2,220,01,Ieshia Small,2,32,S. Walker-Kimbrough,3PTR,3,22.0,43.0,32 S. Walker-Kimbrough 3PTR GOOD (8 Pt); 01 Ieshia Small Assist (2 Asst)
2016,9669,2,187,05,Destiny Slocum,5,15,Kiah Gillespie,LAYUP,2,25.0,45.0,15 Kiah Gillespie LAYUP GOOD (4 Pt); 05 Destiny Slocum Assist (5 Asst)
2016,9669,2,131,12,Kristen Confroy,3,05,Destiny Slocum,3PTR,3,27.0,48.0,05 Destiny Slocum 3PTR GOOD (14 Pt); 12 Kristen Confroy Assist (3 Asst)
2016,9669,2,86,01,Ieshia Small,3,05,Destiny Slocum,3PTR,3,30.0,51.0,05 Destiny Slocum 3PTR GOOD (17 Pt); 01 Ieshia Small Assist (3 Asst)
2016,9669,3,587,05,Destiny Slocum,6,42,Brionna Jones,LAYUP,2,32.0,60.0,42 Brionna Jones LAYUP GOOD (9 Pt); 05 Destiny Slocum Assist (6 Asst)
2016,9669,3,530,05,Destiny Slocum,7,32,S. Walker-Kimbrough,3PTR,3,36.0,63.0,32 S. Walker-Kimbrough 3PTR GOOD (11 Pt); 05 Destiny Slocum Assist (7 Asst)
2016,9669,3,205,32,S. Walker-Kimbrough,2,05,Destiny Slocum,3PTR,3,44.0,70.0,05 Destiny Slocum 3PTR GOOD (25 Pt); 32 S. Walker-Kimbrough Assist (2 Asst)
2016,9669,3,167,01,Ieshia Small,4,32,S. Walker-Kimbrough,3PTR,3,44.0,73.0,32 S. Walker-Kimbrough 3PTR GOOD (16 Pt); 01 Ieshia Small Assist (4 Asst)
2016,9669,3,81,32,S. Walker-Kimbrough,3,24,Stephanie Jones,LAYUP,2,46.0,75.0,24 Stephanie Jones LAYUP GOOD (4 Pt); 32 S. Walker-Kimbrough Assist (3 Asst)
2016,9669,3,35,32,S. Walker-Kimbrough,4,01,Ieshia Small,3PTR,3,49.0,78.0,01 Ieshia Small 3PTR GOOD (5 Pt); 32 S. Walker-Kimbrough Assist (4 Asst)
2016,9669,4,563,01,Ieshia Small,5,42,Brionna Jones,LAYUP,2,49.0,80.0,42 Brionna Jones LAYUP GOOD (11 Pt); 01 Ieshia Small Assist (5 Asst)
2016,9669,4,494,15,Kiah Gillespie,1,42,Brionna Jones,LAYUP,2,51.0,82.0,42 Brionna Jones LAYUP GOOD (13 Pt); 15 Kiah Gillespie Assist (1 Asst)
2016,9669,4,289,01,Ieshia Small,6,21,Sarah Myers,3PTR,3,57.0,90.0,21 Sarah Myers 3PTR GOOD (3 Pt); 01 Ieshia Small Assist (6 Asst)
2016,9669,4,196,24,Stephanie Jones,1,03,Kaila Charles,JUMPER,2,59.0,92.0,03 Kaila Charles JUMPER GOOD (9 Pt); 24 Stephanie Jones Assist (1 Asst)
2016,9670,1,254,32,S. Walker-Kimbrough,1,34,Brianna Fraser,JUMPER,2,2.0,12.0,34 Brianna Fraser JUMPER GOOD (2 Pt); 32 S. Walker-Kimbrough Assist (1 Asst)
2016,9670,1,162,12,Kristen Confroy,1,32,S. Walker-Kimbrough,LAYUP,2,2.0,18.0,32 S. Walker-Kimbrough LAYUP GOOD (8 Pt); 12 Kristen Confroy Assist (1 Asst)
2016,9670,1,33,21,Sarah Myers,1,32,S. Walker-Kimbrough,LAYUP,2,4.0,22.0,32 S. Walker-Kimbrough LAYUP GOOD (10 Pt); 21 Sarah Myers Assist (1 Asst)
2016,9670,2,583,05,Destiny Slocum,1,42,Brionna Jones,LAYUP,2,4.0,26.0,42 Brionna Jones LAYUP GOOD (6 Pt); 05 Destiny Slocum Assist (1 Asst)
2016,9670,2,564,42,Brionna Jones,1,32,S. Walker-Kimbrough,LAYUP,2,4.0,28.0,32 S. Walker-Kimbrough LAYUP GOOD (12 Pt); 42 Brionna Jones Assist (1 Asst)
2016,9670,2,346,01,Ieshia Small,1,34,Brianna Fraser,LAYUP,2,6.0,34.0,34 Brianna Fraser LAYUP GOOD (4 Pt); 01 Ieshia Small Assist (1 Asst)
2016,9670,2,239,01,Ieshia Small,2,42,Brionna Jones,LAYUP,2,6.0,38.0,42 Brionna Jones LAYUP GOOD (10 Pt); 01 Ieshia Small Assist (2 Asst)
2016,9670,2,147,12,Kristen Confroy,2,03,Kaila Charles,LAYUP,2,10.0,40.0,03 Kaila Charles LAYUP GOOD (4 Pt); 12 Kristen Confroy Assist (2 Asst)
2016,9670,2,50,01,Ieshia Small,3,12,Kristen Confroy,3PTR,3,13.0,45.0,12 Kristen Confroy 3PTR GOOD (5 Pt); 01 Ieshia Small Assist (3 Asst)
2016,9670,2,12,12,Kristen Confroy,3,03,Kaila Charles,LAYUP,2,13.0,47.0,03 Kaila Charles LAYUP GOOD (6 Pt); 12 Kristen Confroy Assist (3 Asst)
2016,9670,3,509,12,Kristen Confroy,4,42,Brionna Jones,LAYUP,2,18.0,51.0,42 Brionna Jones LAYUP GOOD (12 Pt); 12 Kristen Confroy Assist (4 Asst)
2016,9670,3,457,32,S. Walker-Kimbrough,2,42,Brionna Jones,LAYUP,2,18.0,53.0,42 Brionna Jones LAYUP GOOD (14 Pt); 32 S. Walker-Kimbrough Assist (2 Asst)
2016,9670,3,43,01,Ieshia Small,4,32,S. Walker-Kimbrough,JUMPER,2,28.0,64.0,32 S. Walker-Kimbrough JUMPER GOOD (20 Pt); 01 Ieshia Small Assist (4 Asst)
2016,9670,4,585,15,Kiah Gillespie,1,14,Jenna Staiti,JUMPER,2,28.0,68.0,14 Jenna Staiti JUMPER GOOD (2 Pt); 15 Kiah Gillespie Assist (1 Asst)
2016,9670,4,143,21,Sarah Myers,2,24,Stephanie Jones,LAYUP,2,35.0,81.0,24 Stephanie Jones LAYUP GOOD (6 Pt); 21 Sarah Myers Assist (2 Asst)
2016,9670,4,32,14,Jenna Staiti,1,24,Stephanie Jones,LAYUP,2,40.0,83.0,24 Stephanie Jones LAYUP GOOD (8 Pt); 14 Jenna Staiti Assist (1 Asst)
2016,9671,1,500,12,Kristen Confroy,1,05,Destiny Slocum,3PTR,3,5.0,2.0,05 Destiny Slocum 3PTR GOOD (3 Pt); 12 Kristen Confroy Assist (1 Asst)
2016,9671,1,244,32,S. Walker-Kimbrough,1,24,Stephanie Jones,LAYUP,2,10.0,12.0,24 Stephanie Jones LAYUP GOOD (2 Pt); 32 S. Walker-Kimbrough Assist (1 Asst)
2016,9671,1,139,22,Blair Watson,1,32,S. Walker-Kimbrough,JUMPER,2,14.0,15.0,32 S. Walker-Kimbrough JUMPER GOOD (2 Pt); 22 Blair Watson Assist (1 Asst)
2016,9671,2,585,05,Destiny Slocum,1,03,Kaila Charles,LAYUP,2,18.0,20.0,03 Kaila Charles LAYUP GOOD (2 Pt); 05 Destiny Slocum Assist (1 Asst)
2016,9671,2,545,01,Ieshia Small,1,03,Kaila Charles,LAYUP,2,20.0,23.0,03 Kaila Charles LAYUP GOOD (4 Pt); 01 Ieshia Small Assist (1 Asst)
2016,9671,2,403,05,Destiny Slocum,2,24,Stephanie Jones,LAYUP,2,24.0,25.0,24 Stephanie Jones LAYUP GOOD (4 Pt); 05 Destiny Slocum Assist (2 Asst)
2016,9671,2,76,01,Ieshia Small,2,32,S. Walker-Kimbrough,JUMPER,2,32.0,33.0,32 S. Walker-Kimbrough JUMPER GOOD (6 Pt); 01 Ieshia Small Assist (2 Asst)
2016,9671,3,573,32,S. Walker-Kimbrough,2,03,Kaila Charles,LAYUP,2,36.0,34.0,03 Kaila Charles LAYUP GOOD (6 Pt); 32 S. Walker-Kimbrough Assist (2 Asst)
2016,9671,3,495,01,Ieshia Small,3,42,Brionna Jones,JUMPER,2,38.0,36.0,42 Brionna Jones JUMPER GOOD (16 Pt); 01 Ieshia Small Assist (3 Asst)
2016,9671,3,60,01,Ieshia Small,4,03,Kaila Charles,LAYUP,2,51.0,50.0,03 Kaila Charles LAYUP GOOD (12 Pt); 01 Ieshia Small Assist (4 Asst)
2016,9671,4,444,32,S. Walker-Kimbrough,3,42,Brionna Jones,LAYUP,2,61.0,57.0,42 Brionna Jones LAYUP GOOD (18 Pt); 32 S. Walker-Kimbrough Assist (3 Asst)
2016,9671,4,147,22,Blair Watson,2,05,Destiny Slocum,3PTR,3,69.0,63.0,05 Destiny Slocum 3PTR GOOD (8 Pt); 22 Blair Watson Assist (2 Asst)
2016,9672,1,32,12,Kristen Confroy,1,05,Destiny Slocum,3PTR,3,24.0,20.0,05 Destiny Slocum 3PTR GOOD (3 Pt); 12 Kristen Confroy Assist (1 Asst)
2016,9672,2,544,32,S. Walker-Kimbrough,1,42,Brionna Jones,LAYUP,2,26.0,22.0,42 Brionna Jones LAYUP GOOD (8 Pt); 32 S. Walker-Kimbrough Assist (1 Asst)
2016,9672,2,428,05,Destiny Slocum,1,32,S. Walker-Kimbrough,JUMPER,2,26.0,28.0,32 S. Walker-Kimbrough JUMPER GOOD (12 Pt); 05 Destiny Slocum Assist (1 Asst)
2016,9672,2,390,32,S. Walker-Kimbrough,2,42,Brionna Jones,LAYUP,2,26.0,30.0,42 Brionna Jones LAYUP GOOD (10 Pt); 32 S. Walker-Kimbrough Assist (2 Asst)
2016,9672,2,351,05,Destiny Slocum,2,42,Brionna Jones,LAYUP,2,29.0,32.0,42 Brionna Jones LAYUP GOOD (12 Pt); 05 Destiny Slocum Assist (2 Asst)
2016,9672,2,265,42,Brionna Jones,1,24,Stephanie Jones,LAYUP,2,30.0,36.0,24 Stephanie Jones LAYUP GOOD (5 Pt); 42 Brionna Jones Assist (1 Asst)
2016,9672,3,382,05,Destiny Slocum,3,12,Kristen Confroy,3PTR,3,43.0,49.0,12 Kristen Confroy 3PTR GOOD (3 Pt); 05 Destiny Slocum Assist (3 Asst)
2016,9672,4,165,32,S. Walker-Kimbrough,3,42,Brionna Jones,LAYUP,2,67.0,67.0,42 Brionna Jones LAYUP GOOD (16 Pt); 32 S. Walker-Kimbrough Assist (3 Asst)
2016,9672,4,140,05,Destiny Slocum,4,03,Kaila Charles,LAYUP,2,67.0,69.0,03 Kaila Charles LAYUP GOOD (8 Pt); 05 Destiny Slocum Assist (4 Asst)
2016,9673,1,403,05,Destiny Slocum,1,12,Kristen Confroy,3PTR,3,7.0,2.0,12 Kristen Confroy 3PTR GOOD (3 Pt); 05 Destiny Slocum Assist (1 Asst)
2016,9673,1,342,32,S. Walker-Kimbrough,1,42,Brionna Jones,JUMPER,2,9.0,2.0,42 Brionna Jones JUMPER GOOD (4 Pt); 32 S. Walker-Kimbrough Assist (1 Asst)
2016,9673,1,318,12,Kristen Confroy,1,32,S. Walker-Kimbrough,3PTR,3,12.0,4.0,32 S. Walker-Kimbrough 3PTR GOOD (5 Pt); 12 Kristen Confroy Assist (1 Asst)
2016,9673,1,188,05,Destiny Slocum,2,42,Brionna Jones,LAYUP,2,14.0,4.0,42 Brionna Jones LAYUP GOOD (6 Pt); 05 Destiny Slocum Assist (2 Asst)
2016,9673,1,153,32,S. Walker-Kimbrough,2,12,Kristen Confroy,LAYUP,2,16.0,4.0,12 Kristen Confroy LAYUP GOOD (5 Pt); 32 S. Walker-Kimbrough Assist (2 Asst)
2016,9673,1,129,22,Blair Watson,1,12,Kristen Confroy,3PTR,3,19.0,6.0,12 Kristen Confroy 3PTR GOOD (8 Pt); 22 Blair Watson Assist (1 Asst)
2016,9673,1,92,12,Kristen Confroy,2,05,Destiny Slocum,3PTR,3,22.0,6.0,05 Destiny Slocum 3PTR GOOD (3 Pt); 12 Kristen Confroy Assist (2 Asst)
2016,9673,1,28,15,Kiah Gillespie,1,14,Jenna Staiti,JUMPER,2,24.0,6.0,14 Jenna Staiti JUMPER GOOD (2 Pt); 15 Kiah Gillespie Assist (1 Asst)
2016,9673,2,564,21,Sarah Myers,1,32,S. Walker-Kimbrough,JUMPER,2,26.0,9.0,32 S. Walker-Kimbrough JUMPER GOOD (7 Pt); 21 Sarah Myers Assist (1 Asst)
2016,9673,2,515,32,S. Walker-Kimbrough,3,14,Jenna Staiti,LAYUP,2,28.0,9.0,14 Jenna Staiti LAYUP GOOD (4 Pt); 32 S. Walker-Kimbrough Assist (3 Asst)
2016,9673,2,385,34,Brianna Fraser,1,24,Stephanie Jones,JUMPER,2,33.0,12.0,24 Stephanie Jones JUMPER GOOD (2 Pt); 34 Brianna Fraser Assist (1 Asst)
2016,9673,2,261,05,Destiny Slocum,3,12,Kristen Confroy,3PTR,3,36.0,14.0,12 Kristen Confroy 3PTR GOOD (11 Pt); 05 Destiny Slocum Assist (3 Asst)
2016,9673,2,231,01,Ieshia Small,1,24,Stephanie Jones,LAYUP,2,38.0,14.0,24 Stephanie Jones LAYUP GOOD (4 Pt); 01 Ieshia Small Assist (1 Asst)
2016,9673,2,50,14,Jenna Staiti,1,15,Kiah Gillespie,LAYUP,2,42.0,17.0,15 Kiah Gillespie LAYUP GOOD (2 Pt); 14 Jenna Staiti Assist (1 Asst)
2016,9673,3,547,03,Kaila Charles,1,12,Kristen Confroy,3PTR,3,45.0,19.0,12 Kristen Confroy 3PTR GOOD (14 Pt); 03 Kaila Charles Assist (1 Asst)
2016,9673,3,484,12,Kristen Confroy,4,05,Destiny Slocum,3PTR,3,48.0,19.0,05 Destiny Slocum 3PTR GOOD (9 Pt); 12 Kristen Confroy Assist (4 Asst)
2016,9673,3,441,05,Destiny Slocum,4,12,Kristen Confroy,3PTR,3,51.0,19.0,12 Kristen Confroy 3PTR GOOD (17 Pt); 05 Destiny Slocum Assist (4 Asst)
2016,9673,3,375,42,Brionna Jones,1,32,S. Walker-Kimbrough,LAYUP,2,56.0,21.0,32 S. Walker-Kimbrough LAYUP GOOD (9 Pt); 42 Brionna Jones Assist (1 Asst)
2016,9673,3,343,03,Kaila Charles,2,42,Brionna Jones,LAYUP,2,58.0,24.0,42 Brionna Jones LAYUP GOOD (11 Pt); 03 Kaila Charles Assist (2 Asst)
2016,9673,3,283,34,Brianna Fraser,2,03,Kaila Charles,LAYUP,2,61.0,24.0,03 Kaila Charles LAYUP GOOD (3 Pt); 34 Brianna Fraser Assist (2 Asst)
2016,9673,3,87,01,Ieshia Small,2,22,Blair Watson,LAYUP,2,66.0,27.0,22 Blair Watson LAYUP GOOD (2 Pt); 01 Ieshia Small Assist (2 Asst)
2016,9673,3,5,01,Ieshia Small,3,22,Blair Watson,3PTR,3,71.0,27.0,22 Blair Watson 3PTR GOOD (5 Pt); 01 Ieshia Small Assist (3 Asst)
2016,9673,4,566,21,Sarah Myers,2,14,Jenna Staiti,JUMPER,2,73.0,27.0,14 Jenna Staiti JUMPER GOOD (6 Pt); 21 Sarah Myers Assist (2 Asst)
2016,9673,4,452,22,Blair Watson,2,01,Ieshia Small,LAYUP,2,77.0,29.0,01 Ieshia Small LAYUP GOOD (4 Pt); 22 Blair Watson Assist (2 Asst)
2016,9673,4,409,15,Kiah Gillespie,2,01,Ieshia Small,3PTR,3,80.0,31.0,01 Ieshia Small 3PTR GOOD (7 Pt); 15 Kiah Gillespie Assist (2 Asst)
2016,9673,4,343,22,Blair Watson,3,01,Ieshia Small,LAYUP,2,84.0,32.0,01 Ieshia Small LAYUP GOOD (9 Pt); 22 Blair Watson Assist (3 Asst)
2016,9673,4,167,15,Kiah Gillespie,3,14,Jenna Staiti,LAYUP,2,86.0,39.0,14 Jenna Staiti LAYUP GOOD (8 Pt); 15 Kiah Gillespie Assist (3 Asst)
2016,9673,4,94,21,Sarah Myers,3,22,Blair Watson,3PTR,3,91.0,39.0,22 Blair Watson 3PTR GOOD (10 Pt); 21 Sarah Myers Assist (3 Asst)
2016,9674,1,575,05,Destiny Slocum,1,42,Brionna Jones,JUMPER,2,2.0,0.0,42 Brionna Jones JUMPER GOOD (2 Pt); 05 Destiny Slocum Assist (1 Asst)
2016,9674,1,505,05,Destiny Slocum,2,12,Kristen Confroy,3PTR,3,5.0,2.0,12 Kristen Confroy 3PTR GOOD (3 Pt); 05 Destiny Slocum Assist (2 Asst)
2016,9674,1,314,12,Kristen Confroy,1,24,Stephanie Jones,LAYUP,2,12.0,4.0,24 Stephanie Jones LAYUP GOOD (2 Pt); 12 Kristen Confroy Assist (1 Asst)
2016,9674,1,282,05,Destiny Slocum,3,32,S. Walker-Kimbrough,3PTR,3,15.0,6.0,32 S. Walker-Kimbrough 3PTR GOOD (6 Pt); 05 Destiny Slocum Assist (3 Asst)
2016,9674,1,91,22,Blair Watson,1,42,Brionna Jones,LAYUP,2,17.0,6.0,42 Brionna Jones LAYUP GOOD (4 Pt); 22 Blair Watson Assist (1 Asst)
2016,9674,1,55,34,Brianna Fraser,1,12,Kristen Confroy,3PTR,3,20.0,8.0,12 Kristen Confroy 3PTR GOOD (6 Pt); 34 Brianna Fraser Assist (1 Asst)
2016,9674,2,541,32,S. Walker-Kimbrough,1,42,Brionna Jones,LAYUP,2,26.0,12.0,42 Brionna Jones LAYUP GOOD (10 Pt); 32 S. Walker-Kimbrough Assist (1 Asst)
2016,9674,2,468,12,Kristen Confroy,2,42,Brionna Jones,JUMPER,2,31.0,14.0,42 Brionna Jones JUMPER GOOD (15 Pt); 12 Kristen Confroy Assist (2 Asst)
2016,9674,2,421,05,Destiny Slocum,4,32,S. Walker-Kimbrough,LAYUP,2,36.0,14.0,32 S. Walker-Kimbrough LAYUP GOOD (8 Pt); 05 Destiny Slocum Assist (4 Asst)
2016,9674,2,368,32,S. Walker-Kimbrough,2,05,Destiny Slocum,LAYUP,2,41.0,16.0,05 Destiny Slocum LAYUP GOOD (2 Pt); 32 S. Walker-Kimbrough Assist (2 Asst)
2016,9674,2,343,05,Destiny Slocum,5,32,S. Walker-Kimbrough,LAYUP,2,43.0,16.0,32 S. Walker-Kimbrough LAYUP GOOD (13 Pt); 05 Destiny Slocum Assist (5 Asst)
2016,9674,2,312,14,Jenna Staiti,1,22,Blair Watson,3PTR,3,46.0,18.0,22 Blair Watson 3PTR GOOD (3 Pt); 14 Jenna Staiti Assist (1 Asst)
2016,9674,2,196,15,Kiah Gillespie,1,14,Jenna Staiti,LAYUP,2,48.0,22.0,14 Jenna Staiti LAYUP GOOD (2 Pt); 15 Kiah Gillespie Assist (1 Asst)
2016,9674,2,155,21,Sarah Myers,1,22,Blair Watson,3PTR,3,51.0,24.0,22 Blair Watson 3PTR GOOD (6 Pt); 21 Sarah Myers Assist (1 Asst)
2016,9674,2,117,21,Sarah Myers,2,32,S. Walker-Kimbrough,3PTR,3,54.0,24.0,32 S. Walker-Kimbrough 3PTR GOOD (16 Pt); 21 Sarah Myers Assist (2 Asst)
2016,9674,3,542,05,Destiny Slocum,6,12,Kristen Confroy,3PTR,3,61.0,33.0,12 Kristen Confroy 3PTR GOOD (9 Pt); 05 Destiny Slocum Assist (6 Asst)
2016,9674,3,456,32,S. Walker-Kimbrough,3,03,Kaila Charles,LAYUP,2,64.0,33.0,03 Kaila Charles LAYUP GOOD (4 Pt); 32 S. Walker-Kimbrough Assist (3 Asst)
2016,9674,3,385,03,Kaila Charles,1,12,Kristen Confroy,LAYUP,2,69.0,33.0,12 Kristen Confroy LAYUP GOOD (11 Pt); 03 Kaila Charles Assist (1 Asst)
2016,9674,3,91,15,Kiah Gillespie,2,21,Sarah Myers,LAYUP,2,73.0,42.0,21 Sarah Myers LAYUP GOOD (2 Pt); 15 Kiah Gillespie Assist (2 Asst)
2016,9674,3,11,15,Kiah Gillespie,3,22,Blair Watson,LAYUP,2,76.0,44.0,22 Blair Watson LAYUP GOOD (8 Pt); 15 Kiah Gillespie Assist (3 Asst)
2016,9674,4,579,01,Ieshia Small,1,15,Kiah Gillespie,JUMPER,2,78.0,44.0,15 Kiah Gillespie JUMPER GOOD (2 Pt); 01 Ieshia Small Assist (1 Asst)
2016,9674,4,467,22,Blair Watson,2,15,Kiah Gillespie,JUMPER,2,82.0,49.0,15 Kiah Gillespie JUMPER GOOD (4 Pt); 22 Blair Watson Assist (2 Asst)
2016,9674,4,378,01,Ieshia Small,2,14,Jenna Staiti,LAYUP,2,85.0,53.0,14 Jenna Staiti LAYUP GOOD (5 Pt); 01 Ieshia Small Assist (2 Asst)
2016,9674,4,275,22,Blair Watson,3,14,Jenna Staiti,LAYUP,2,87.0,57.0,14 Jenna Staiti LAYUP GOOD (7 Pt); 22 Blair Watson Assist (3 Asst)
2016,9674,4,104,21,Sarah Myers,3,34,Brianna Fraser,JUMPER,2,95.0,61.0,34 Brianna Fraser JUMPER GOOD (10 Pt); 21 Sarah Myers Assist (3 Asst)
2016,9675,1,364,22,Blair Watson,1,42,Brionna Jones,LAYUP,2,7.0,5.0,42 Brionna Jones LAYUP GOOD (5 Pt); 22 Blair Watson Assist (1 Asst)
2016,9675,1,231,34,Brianna Fraser,1,42,Brionna Jones,LAYUP,2,11.0,7.0,42 Brionna Jones LAYUP GOOD (9 Pt); 34 Brianna Fraser Assist (1 Asst)
2016,9675,1,184,05,Destiny Slocum,1,42,Brionna Jones,LAYUP,2,13.0,7.0,42 Brionna Jones LAYUP GOOD (11 Pt); 05 Destiny Slocum Assist (1 Asst)
2016,9675,1,4,05,Destiny Slocum,2,32,S. Walker-Kimbrough,LAYUP,2,17.0,13.0,32 S. Walker-Kimbrough LAYUP GOOD (6 Pt); 05 Destiny Slocum Assist (2 Asst)
2016,9675,2,590,05,Destiny Slocum,3,42,Brionna Jones,LAYUP,2,19.0,13.0,42 Brionna Jones LAYUP GOOD (13 Pt); 05 Destiny Slocum Assist (3 Asst)
2016,9675,2,490,03,Kaila Charles,1,42,Brionna Jones,LAYUP,2,21.0,13.0,42 Brionna Jones LAYUP GOOD (15 Pt); 03 Kaila Charles Assist (1 Asst)
2016,9675,2,448,32,S. Walker-Kimbrough,1,03,Kaila Charles,JUMPER,2,23.0,16.0,03 Kaila Charles JUMPER GOOD (2 Pt); 32 S. Walker-Kimbrough Assist (1 Asst)
2016,9675,2,385,12,Kristen Confroy,1,42,Brionna Jones,LAYUP,2,29.0,16.0,42 Brionna Jones LAYUP GOOD (17 Pt); 12 Kristen Confroy Assist (1 Asst)
2016,9675,2,370,42,Brionna Jones,1,32,S. Walker-Kimbrough,3PTR,3,32.0,16.0,32 S. Walker-Kimbrough 3PTR GOOD (9 Pt); 42 Brionna Jones Assist (1 Asst)
2016,9675,2,339,12,Kristen Confroy,2,42,Brionna Jones,LAYUP,2,34.0,18.0,42 Brionna Jones LAYUP GOOD (19 Pt); 12 Kristen Confroy Assist (2 Asst)
2016,9675,2,119,32,S. Walker-Kimbrough,2,14,Jenna Staiti,LAYUP,2,46.0,20.0,14 Jenna Staiti LAYUP GOOD (2 Pt); 32 S. Walker-Kimbrough Assist (2 Asst)
2016,9675,3,372,05,Destiny Slocum,4,42,Brionna Jones,LAYUP,2,60.0,29.0,42 Brionna Jones LAYUP GOOD (25 Pt); 05 Destiny Slocum Assist (4 Asst)
2016,9675,3,20,05,Destiny Slocum,5,01,Ieshia Small,LAYUP,2,76.0,39.0,01 Ieshia Small LAYUP GOOD (8 Pt); 05 Destiny Slocum Assist (5 Asst)
2016,9675,3,2,15,Kiah Gillespie,1,05,Destiny Slocum,LAYUP,2,78.0,39.0,05 Destiny Slocum LAYUP GOOD (8 Pt); 15 Kiah Gillespie Assist (1 Asst)
2016,9675,4,589,01,Ieshia Small,1,15,Kiah Gillespie,JUMPER,2,80.0,39.0,15 Kiah Gillespie JUMPER GOOD (2 Pt); 01 Ieshia Small Assist (1 Asst)
2016,9675,4,494,01,Ieshia Small,2,14,Jenna Staiti,LAYUP,2,84.0,41.0,14 Jenna Staiti LAYUP GOOD (4 Pt); 01 Ieshia Small Assist (2 Asst)
2016,9675,4,316,15,Kiah Gillespie,2,34,Brianna Fraser,JUMPER,2,90.0,44.0,34 Brianna Fraser JUMPER GOOD (13 Pt); 15 Kiah Gillespie Assist (2 Asst)
2016,9675,4,247,01,Ieshia Small,3,15,Kiah Gillespie,JUMPER,2,92.0,44.0,15 Kiah Gillespie JUMPER GOOD (9 Pt); 01 Ieshia Small Assist (3 Asst)
2016,9675,4,203,15,Kiah Gillespie,3,22,Blair Watson,3PTR,3,95.0,44.0,22 Blair Watson 3PTR GOOD (3 Pt); 15 Kiah Gillespie Assist (3 Asst)
2016,9675,4,130,21,Sarah Myers,1,22,Blair Watson,3PTR,3,98.0,44.0,22 Blair Watson 3PTR GOOD (6 Pt); 21 Sarah Myers Assist (1 Asst)
2016,9675,4,84,03,Kaila Charles,2,21,Sarah Myers,LAYUP,2,101.0,46.0,21 Sarah Myers LAYUP GOOD (2 Pt); 03 Kaila Charles Assist (2 Asst)
2016,9676,1,566,32,S. Walker-Kimbrough,1,42,Brionna Jones,LAYUP,2,0.0,2.0,42 Brionna Jones LAYUP GOOD (2 Pt); 32 S. Walker-Kimbrough Assist (1 Asst)
2016,9676,1,481,03,Kaila Charles,1,42,Brionna Jones,LAYUP,2,2.0,8.0,42 Brionna Jones LAYUP GOOD (4 Pt); 03 Kaila Charles Assist (1 Asst)
2016,9676,1,418,42,Brionna Jones,1,05,Destiny Slocum,3PTR,3,2.0,13.0,05 Destiny Slocum 3PTR GOOD (3 Pt); 42 Brionna Jones Assist (1 Asst)
2016,9676,1,375,03,Kaila Charles,2,42,Brionna Jones,LAYUP,2,2.0,15.0,42 Brionna Jones LAYUP GOOD (6 Pt); 03 Kaila Charles Assist (2 Asst)
2016,9676,1,349,05,Destiny Slocum,1,03,Kaila Charles,LAYUP,2,5.0,17.0,03 Kaila Charles LAYUP GOOD (4 Pt); 05 Destiny Slocum Assist (1 Asst)
2016,9676,1,103,03,Kaila Charles,3,42,Brionna Jones,LAYUP,2,9.0,26.0,42 Brionna Jones LAYUP GOOD (8 Pt); 03 Kaila Charles Assist (3 Asst)
2016,9676,2,531,32,S. Walker-Kimbrough,2,42,Brionna Jones,JUMPER,2,12.0,28.0,42 Brionna Jones JUMPER GOOD (10 Pt); 32 S. Walker-Kimbrough Assist (2 Asst)
2016,9676,2,446,03,Kaila Charles,4,32,S. Walker-Kimbrough,LAYUP,2,12.0,33.0,32 S. Walker-Kimbrough LAYUP GOOD (10 Pt); 03 Kaila Charles Assist (4 Asst)
2016,9676,2,111,01,Ieshia Small,1,15,Kiah Gillespie,JUMPER,2,19.0,45.0,15 Kiah Gillespie JUMPER GOOD (4 Pt); 01 Ieshia Small Assist (1 Asst)
2016,9676,3,379,32,S. Walker-Kimbrough,3,12,Kristen Confroy,3PTR,3,34.0,53.0,12 Kristen Confroy 3PTR GOOD (3 Pt); 32 S. Walker-Kimbrough Assist (3 Asst)
2016,9676,3,305,12,Kristen Confroy,1,32,S. Walker-Kimbrough,3PTR,3,34.0,56.0,32 S. Walker-Kimbrough 3PTR GOOD (15 Pt); 12 Kristen Confroy Assist (1 Asst)
2016,9676,3,51,32,S. Walker-Kimbrough,4,24,Stephanie Jones,LAYUP,2,43.0,62.0,24 Stephanie Jones LAYUP GOOD (7 Pt); 32 S. Walker-Kimbrough Assist (4 Asst)
2016,9676,3,22,05,Destiny Slocum,2,12,Kristen Confroy,JUMPER,2,43.0,64.0,12 Kristen Confroy JUMPER GOOD (5 Pt); 05 Destiny Slocum Assist (2 Asst)
2016,9676,4,319,01,Ieshia Small,2,05,Destiny Slocum,3PTR,3,51.0,70.0,05 Destiny Slocum 3PTR GOOD (6 Pt); 01 Ieshia Small Assist (2 Asst)
2016,9676,4,109,32,S. Walker-Kimbrough,5,42,Brionna Jones,LAYUP,2,57.0,76.0,42 Brionna Jones LAYUP GOOD (25 Pt); 32 S. Walker-Kimbrough Assist (5 Asst)
2016,9677,1,560,05,Destiny Slocum,1,32,S. Walker-Kimbrough,3PTR,3,0.0,3.0,32 S. Walker-Kimbrough 3PTR GOOD (3 Pt); 05 Destiny Slocum Assist (1 Asst)
2016,9677,1,259,05,Destiny Slocum,2,42,Brionna Jones,LAYUP,2,4.0,7.0,42 Brionna Jones LAYUP GOOD (2 Pt); 05 Destiny Slocum Assist (2 Asst)
2016,9677,1,223,32,S. Walker-Kimbrough,1,12,Kristen Confroy,3PTR,3,4.0,10.0,12 Kristen Confroy 3PTR GOOD (3 Pt); 32 S. Walker-Kimbrough Assist (1 Asst)
2016,9677,1,121,05,Destiny Slocum,3,42,Brionna Jones,LAYUP,2,7.0,12.0,42 Brionna Jones LAYUP GOOD (4 Pt); 05 Destiny Slocum Assist (3 Asst)
2016,9677,2,482,42,Brionna Jones,1,24,Stephanie Jones,LAYUP,2,14.0,18.0,24 Stephanie Jones LAYUP GOOD (2 Pt); 42 Brionna Jones Assist (1 Asst)
2016,9677,2,194,22,Blair Watson,1,42,Brionna Jones,LAYUP,2,14.0,24.0,42 Brionna Jones LAYUP GOOD (9 Pt); 22 Blair Watson Assist (1 Asst)
2016,9677,2,7,21,Sarah Myers,1,12,Kristen Confroy,3PTR,3,16.0,32.0,12 Kristen Confroy 3PTR GOOD (10 Pt); 21 Sarah Myers Assist (1 Asst)
2016,9677,3,538,32,S. Walker-Kimbrough,2,05,Destiny Slocum,JUMPER,2,16.0,34.0,05 Destiny Slocum JUMPER GOOD (4 Pt); 32 S. Walker-Kimbrough Assist (2 Asst)
2016,9677,3,460,42,Brionna Jones,2,03,Kaila Charles,LAYUP,2,20.0,37.0,03 Kaila Charles LAYUP GOOD (2 Pt); 42 Brionna Jones Assist (2 Asst)
2016,9677,3,373,05,Destiny Slocum,4,32,S. Walker-Kimbrough,JUMPER,2,22.0,42.0,32 S. Walker-Kimbrough JUMPER GOOD (11 Pt); 05 Destiny Slocum Assist (4 Asst)
2016,9677,3,293,32,S. Walker-Kimbrough,3,34,Brianna Fraser,JUMPER,2,26.0,44.0,34 Brianna Fraser JUMPER GOOD (2 Pt); 32 S. Walker-Kimbrough Assist (3 Asst)
2016,9677,3,254,32,S. Walker-Kimbrough,4,22,Blair Watson,3PTR,3,27.0,47.0,22 Blair Watson 3PTR GOOD (3 Pt); 32 S. Walker-Kimbrough Assist (4 Asst)
2016,9677,3,231,22,Blair Watson,2,24,Stephanie Jones,LAYUP,2,27.0,49.0,24 Stephanie Jones LAYUP GOOD (4 Pt); 22 Blair Watson Assist (2 Asst)
2016,9677,3,171,05,Destiny Slocum,5,32,S. Walker-Kimbrough,LAYUP,2,28.0,51.0,32 S. Walker-Kimbrough LAYUP GOOD (13 Pt); 05 Destiny Slocum Assist (5 Asst)
2016,9677,3,100,03,Kaila Charles,1,42,Brionna Jones,LAYUP,2,31.0,55.0,42 Brionna Jones LAYUP GOOD (14 Pt); 03 Kaila Charles Assist (1 Asst)
2016,9677,4,503,22,Blair Watson,3,14,Jenna Staiti,LAYUP,2,38.0,61.0,14 Jenna Staiti LAYUP GOOD (2 Pt); 22 Blair Watson Assist (3 Asst)
2016,9677,4,454,32,S. Walker-Kimbrough,5,34,Brianna Fraser,LAYUP,2,42.0,63.0,34 Brianna Fraser LAYUP GOOD (4 Pt); 32 S. Walker-Kimbrough Assist (5 Asst)
2016,9677,4,96,12,Kristen Confroy,1,42,Brionna Jones,LAYUP,2,57.0,74.0,42 Brionna Jones LAYUP GOOD (20 Pt); 12 Kristen Confroy Assist (1 Asst)
2016,9677,4,69,42,Brionna Jones,3,05,Destiny Slocum,LAYUP,2,57.0,76.0,05 Destiny Slocum LAYUP GOOD (8 Pt); 42 Brionna Jones Assist (3 Asst)
2016,9678,1,366,32,S. Walker-Kimbrough,1,03,Kaila Charles,LAYUP,2,4.0,9.0,03 Kaila Charles LAYUP GOOD (2 Pt); 32 S. Walker-Kimbrough Assist (1 Asst)
2016,9678,1,331,32,S. Walker-Kimbrough,2,03,Kaila Charles,JUMPER,2,6.0,9.0,03 Kaila Charles JUMPER GOOD (4 Pt); 32 S. Walker-Kimbrough Assist (2 Asst)
2016,9678,1,289,05,Destiny Slocum,1,03,Kaila Charles,JUMPER,2,8.0,10.0,03 Kaila Charles JUMPER GOOD (6 Pt); 05 Destiny Slocum Assist (1 Asst)
2016,9678,1,214,05,Destiny Slocum,2,03,Kaila Charles,LAYUP,2,10.0,10.0,03 Kaila Charles LAYUP GOOD (8 Pt); 05 Destiny Slocum Assist (2 Asst)
2016,9678,2,569,03,Kaila Charles,1,05,Destiny Slocum,LAYUP,2,14.0,20.0,05 Destiny Slocum LAYUP GOOD (2 Pt); 03 Kaila Charles Assist (1 Asst)
2016,9678,2,486,05,Destiny Slocum,3,32,S. Walker-Kimbrough,LAYUP,2,16.0,22.0,32 S. Walker-Kimbrough LAYUP GOOD (2 Pt); 05 Destiny Slocum Assist (3 Asst)
2016,9678,2,343,05,Destiny Slocum,4,32,S. Walker-Kimbrough,JUMPER,2,21.0,22.0,32 S. Walker-Kimbrough JUMPER GOOD (4 Pt); 05 Destiny Slocum Assist (4 Asst)
2016,9678,3,386,32,S. Walker-Kimbrough,3,05,Destiny Slocum,3PTR,3,36.0,52.0,05 Destiny Slocum 3PTR GOOD (9 Pt); 32 S. Walker-Kimbrough Assist (3 Asst)
2016,9678,3,209,32,S. Walker-Kimbrough,4,05,Destiny Slocum,3PTR,3,43.0,56.0,05 Destiny Slocum 3PTR GOOD (12 Pt); 32 S. Walker-Kimbrough Assist (4 Asst)
2016,9678,3,122,05,Destiny Slocum,5,34,Brianna Fraser,JUMPER,2,47.0,60.0,34 Brianna Fraser JUMPER GOOD (5 Pt); 05 Destiny Slocum Assist (5 Asst)
2016,9678,3,91,05,Destiny Slocum,6,03,Kaila Charles,LAYUP,2,49.0,63.0,03 Kaila Charles LAYUP GOOD (12 Pt); 05 Destiny Slocum Assist (6 Asst)
2016,9678,4,590,24,Stephanie Jones,1,42,Brionna Jones,LAYUP,2,55.0,68.0,42 Brionna Jones LAYUP GOOD (12 Pt); 24 Stephanie Jones Assist (1 Asst)
2016,9678,4,447,42,Brionna Jones,1,24,Stephanie Jones,LAYUP,2,61.0,68.0,24 Stephanie Jones LAYUP GOOD (2 Pt); 42 Brionna Jones Assist (1 Asst)
2016,9678,4,279,12,Kristen Confroy,1,05,Destiny Slocum,3PTR,3,68.0,73.0,05 Destiny Slocum 3PTR GOOD (15 Pt); 12 Kristen Confroy Assist (1 Asst)
2016,9678,4,222,05,Destiny Slocum,7,34,Brianna Fraser,LAYUP,2,70.0,75.0,34 Brianna Fraser LAYUP GOOD (7 Pt); 05 Destiny Slocum Assist (7 Asst)
2016,9678,4,15,32,S. Walker-Kimbrough,5,42,Brionna Jones,LAYUP,2,81.0,86.0,42 Brionna Jones LAYUP GOOD (19 Pt); 32 S. Walker-Kimbrough Assist (5 Asst)
2016,9679,1,554,03,Kaila Charles,1,42,Brionna Jones,JUMPER,2,0.0,4.0,42 Brionna Jones JUMPER GOOD (4 Pt); 03 Kaila Charles Assist (1 Asst)
2016,9679,1,468,05,Destiny Slocum,1,12,Kristen Confroy,3PTR,3,2.0,7.0,12 Kristen Confroy 3PTR GOOD (3 Pt); 05 Destiny Slocum Assist (1 Asst)
2016,9679,1,426,42,Brionna Jones,1,32,S. Walker-Kimbrough,3PTR,3,4.0,10.0,32 S. Walker-Kimbrough 3PTR GOOD (3 Pt); 42 Brionna Jones Assist (1 Asst)
2016,9679,1,366,05,Destiny Slocum,2,42,Brionna Jones,JUMPER,2,7.0,12.0,42 Brionna Jones JUMPER GOOD (6 Pt); 05 Destiny Slocum Assist (2 Asst)
2016,9679,1,260,12,Kristen Confroy,1,34,Brianna Fraser,JUMPER,2,11.0,16.0,34 Brianna Fraser JUMPER GOOD (2 Pt); 12 Kristen Confroy Assist (1 Asst)
2016,9679,1,140,12,Kristen Confroy,2,03,Kaila Charles,JUMPER,2,11.0,22.0,03 Kaila Charles JUMPER GOOD (2 Pt); 12 Kristen Confroy Assist (2 Asst)
2016,9679,1,43,03,Kaila Charles,2,15,Kiah Gillespie,JUMPER,2,14.0,24.0,15 Kiah Gillespie JUMPER GOOD (2 Pt); 03 Kaila Charles Assist (2 Asst)
2016,9679,2,586,32,S. Walker-Kimbrough,1,42,Brionna Jones,JUMPER,2,14.0,26.0,42 Brionna Jones JUMPER GOOD (8 Pt); 32 S. Walker-Kimbrough Assist (1 Asst)
2016,9679,2,502,05,Destiny Slocum,3,32,S. Walker-Kimbrough,JUMPER,2,18.0,28.0,32 S. Walker-Kimbrough JUMPER GOOD (9 Pt); 05 Destiny Slocum Assist (3 Asst)
2016,9679,2,359,12,Kristen Confroy,3,03,Kaila Charles,JUMPER,2,24.0,32.0,03 Kaila Charles JUMPER GOOD (4 Pt); 12 Kristen Confroy Assist (3 Asst)
2016,9679,2,324,32,S. Walker-Kimbrough,2,42,Brionna Jones,JUMPER,2,24.0,34.0,42 Brionna Jones JUMPER GOOD (10 Pt); 32 S. Walker-Kimbrough Assist (2 Asst)
2016,9679,2,162,12,Kristen Confroy,4,03,Kaila Charles,JUMPER,2,28.0,36.0,03 Kaila Charles JUMPER GOOD (6 Pt); 12 Kristen Confroy Assist (4 Asst)
2016,9679,3,527,42,Brionna Jones,2,32,S. Walker-Kimbrough,JUMPER,2,32.0,40.0,32 S. Walker-Kimbrough JUMPER GOOD (13 Pt); 42 Brionna Jones Assist (2 Asst)
2016,9679,3,495,05,Destiny Slocum,4,03,Kaila Charles,JUMPER,2,32.0,42.0,03 Kaila Charles JUMPER GOOD (8 Pt); 05 Destiny Slocum Assist (4 Asst)
2016,9679,3,306,05,Destiny Slocum,5,03,Kaila Charles,JUMPER,2,42.0,46.0,03 Kaila Charles JUMPER GOOD (10 Pt); 05 Destiny Slocum Assist (5 Asst)
2016,9679,3,267,32,S. Walker-Kimbrough,3,03,Kaila Charles,JUMPER,2,42.0,48.0,03 Kaila Charles JUMPER GOOD (12 Pt); 32 S. Walker-Kimbrough Assist (3 Asst)
2016,9679,3,190,32,S. Walker-Kimbrough,4,42,Brionna Jones,JUMPER,2,47.0,50.0,42 Brionna Jones JUMPER GOOD (14 Pt); 32 S. Walker-Kimbrough Assist (4 Asst)
2016,9679,3,97,32,S. Walker-Kimbrough,5,42,Brionna Jones,JUMPER,2,49.0,54.0,42 Brionna Jones JUMPER GOOD (16 Pt); 32 S. Walker-Kimbrough Assist (5 Asst)
2016,9679,3,64,32,S. Walker-Kimbrough,6,42,Brionna Jones,JUMPER,2,51.0,56.0,42 Brionna Jones JUMPER GOOD (18 Pt); 32 S. Walker-Kimbrough Assist (6 Asst)
2016,9679,3,44,32,S. Walker-Kimbrough,7,05,Destiny Slocum,3PTR,3,51.0,60.0,05 Destiny Slocum 3PTR GOOD (5 Pt); 32 S. Walker-Kimbrough Assist (7 Asst)
2016,9679,4,559,32,S. Walker-Kimbrough,8,42,Brionna Jones,JUMPER,2,53.0,62.0,42 Brionna Jones JUMPER GOOD (21 Pt); 32 S. Walker-Kimbrough Assist (8 Asst)
2016,9679,4,461,03,Kaila Charles,3,42,Brionna Jones,JUMPER,2,60.0,66.0,42 Brionna Jones JUMPER GOOD (25 Pt); 03 Kaila Charles Assist (3 Asst)
2016,9679,4,406,03,Kaila Charles,4,32,S. Walker-Kimbrough,JUMPER,2,64.0,68.0,32 S. Walker-Kimbrough JUMPER GOOD (17 Pt); 03 Kaila Charles Assist (4 Asst)
2016,9679,4,347,12,Kristen Confroy,5,32,S. Walker-Kimbrough,3PTR,3,67.0,71.0,32 S. Walker-Kimbrough 3PTR GOOD (20 Pt); 12 Kristen Confroy Assist (5 Asst)
2016,9679,4,147,32,S. Walker-Kimbrough,9,42,Brionna Jones,JUMPER,2,67.0,76.0,42 Brionna Jones JUMPER GOOD (27 Pt); 32 S. Walker-Kimbrough Assist (9 Asst)
2016,9679,4,84,42,Brionna Jones,3,05,Destiny Slocum,3PTR,3,72.0,80.0,05 Destiny Slocum 3PTR GOOD (9 Pt); 42 Brionna Jones Assist (3 Asst)
2016,9679,4,46,32,S. Walker-Kimbrough,10,12,Kristen Confroy,3PTR,3,72.0,83.0,12 Kristen Confroy 3PTR GOOD (6 Pt); 32 S. Walker-Kimbrough Assist (10 Asst)
2016,9680,1,583,05,Destiny Slocum,1,32,S. Walker-Kimbrough,3PTR,3,0.0,3.0,32 S. Walker-Kimbrough 3PTR GOOD (3 Pt); 05 Destiny Slocum Assist (1 Asst)
2016,9680,1,536,03,Kaila Charles,1,32,S. Walker-Kimbrough,3PTR,3,2.0,6.0,32 S. Walker-Kimbrough 3PTR GOOD (6 Pt); 03 Kaila Charles Assist (1 Asst)
2016,9680,1,482,03,Kaila Charles,2,42,Brionna Jones,JUMPER,2,2.0,8.0,42 Brionna Jones JUMPER GOOD (2 Pt); 03 Kaila Charles Assist (2 Asst)
2016,9680,1,438,32,S. Walker-Kimbrough,1,42,Brionna Jones,LAYUP,2,4.0,10.0,42 Brionna Jones LAYUP GOOD (4 Pt); 32 S. Walker-Kimbrough Assist (1 Asst)
2016,9680,1,182,05,Destiny Slocum,2,24,Stephanie Jones,JUMPER,2,6.0,16.0,24 Stephanie Jones JUMPER GOOD (2 Pt); 05 Destiny Slocum Assist (2 Asst)
2016,9680,1,167,12,Kristen Confroy,1,24,Stephanie Jones,LAYUP,2,6.0,18.0,24 Stephanie Jones LAYUP GOOD (4 Pt); 12 Kristen Confroy Assist (1 Asst)
2016,9680,1,130,05,Destiny Slocum,3,42,Brionna Jones,JUMPER,2,6.0,20.0,42 Brionna Jones JUMPER GOOD (6 Pt); 05 Destiny Slocum Assist (3 Asst)
2016,9680,2,594,03,Kaila Charles,3,15,Kiah Gillespie,JUMPER,2,9.0,28.0,15 Kiah Gillespie JUMPER GOOD (2 Pt); 03 Kaila Charles Assist (3 Asst)
2016,9680,2,527,05,Destiny Slocum,4,42,Brionna Jones,JUMPER,2,11.0,30.0,42 Brionna Jones JUMPER GOOD (8 Pt); 05 Destiny Slocum Assist (4 Asst)
2016,9680,2,439,32,S. Walker-Kimbrough,2,34,Brianna Fraser,LAYUP,2,15.0,34.0,34 Brianna Fraser LAYUP GOOD (4 Pt); 32 S. Walker-Kimbrough Assist (2 Asst)
2016,9680,2,205,32,S. Walker-Kimbrough,3,34,Brianna Fraser,LAYUP,2,17.0,40.0,34 Brianna Fraser LAYUP GOOD (8 Pt); 32 S. Walker-Kimbrough Assist (3 Asst)
2016,9680,2,17,05,Destiny Slocum,5,03,Kaila Charles,LAYUP,2,22.0,44.0,03 Kaila Charles LAYUP GOOD (4 Pt); 05 Destiny Slocum Assist (5 Asst)
2016,9680,3,574,05,Destiny Slocum,6,32,S. Walker-Kimbrough,LAYUP,2,22.0,46.0,32 S. Walker-Kimbrough LAYUP GOOD (12 Pt); 05 Destiny Slocum Assist (6 Asst)
2016,9680,3,449,12,Kristen Confroy,2,24,Stephanie Jones,LAYUP,2,27.0,50.0,24 Stephanie Jones LAYUP GOOD (8 Pt); 12 Kristen Confroy Assist (2 Asst)
2016,9680,3,396,05,Destiny Slocum,7,32,S. Walker-Kimbrough,LAYUP,2,29.0,53.0,32 S. Walker-Kimbrough LAYUP GOOD (14 Pt); 05 Destiny Slocum Assist (7 Asst)
2016,9680,3,224,15,Kiah Gillespie,1,05,Destiny Slocum,3PTR,3,35.0,59.0,05 Destiny Slocum 3PTR GOOD (3 Pt); 15 Kiah Gillespie Assist (1 Asst)
2016,9680,4,584,03,Kaila Charles,4,32,S. Walker-Kimbrough,3PTR,3,40.0,67.0,32 S. Walker-Kimbrough 3PTR GOOD (19 Pt); 03 Kaila Charles Assist (4 Asst)
2016,9680,4,534,01,Ieshia Small,1,42,Brionna Jones,JUMPER,2,40.0,71.0,42 Brionna Jones JUMPER GOOD (11 Pt); 01 Ieshia Small Assist (1 Asst)
2016,9680,4,299,01,Ieshia Small,2,15,Kiah Gillespie,JUMPER,2,40.0,79.0,15 Kiah Gillespie JUMPER GOOD (4 Pt); 01 Ieshia Small Assist (2 Asst)
2016,9680,4,274,01,Ieshia Small,3,21,Sarah Myers,LAYUP,2,40.0,81.0,21 Sarah Myers LAYUP GOOD (2 Pt); 01 Ieshia Small Assist (3 Asst)
2016,9680,4,253,01,Ieshia Small,4,15,Kiah Gillespie,JUMPER,2,43.0,83.0,15 Kiah Gillespie JUMPER GOOD (6 Pt); 01 Ieshia Small Assist (4 Asst)
2016,9680,4,194,22,Blair Watson,1,14,Jenna Staiti,JUMPER,2,45.0,87.0,14 Jenna Staiti JUMPER GOOD (2 Pt); 22 Blair Watson Assist (1 Asst)
2016,9680,4,94,01,Ieshia Small,5,22,Blair Watson,3PTR,3,47.0,90.0,22 Blair Watson 3PTR GOOD (5 Pt); 01 Ieshia Small Assist (5 Asst)
2016,9680,4,53,14,Jenna Staiti,1,22,Blair Watson,3PTR,3,47.0,93.0,22 Blair Watson 3PTR GOOD (8 Pt); 14 Jenna Staiti Assist (1 Asst)
2016,9681,1,494,42,Brionna Jones,1,03,Kaila Charles,JUMPER,2,6.0,0.0,03 Kaila Charles JUMPER GOOD (2 Pt); 42 Brionna Jones Assist (1 Asst)
2016,9681,1,409,05,Destiny Slocum,1,12,Kristen Confroy,3PTR,3,9.0,3.0,12 Kristen Confroy 3PTR GOOD (3 Pt); 05 Destiny Slocum Assist (1 Asst)
2016,9681,1,164,01,Ieshia Small,1,32,S. Walker-Kimbrough,JUMPER,2,19.0,7.0,32 S. Walker-Kimbrough JUMPER GOOD (2 Pt); 01 Ieshia Small Assist (1 Asst)
2016,9681,2,553,05,Destiny Slocum,2,12,Kristen Confroy,3PTR,3,26.0,12.0,12 Kristen Confroy 3PTR GOOD (6 Pt); 05 Destiny Slocum Assist (2 Asst)
2016,9681,2,442,12,Kristen Confroy,1,05,Destiny Slocum,3PTR,3,31.0,14.0,05 Destiny Slocum 3PTR GOOD (8 Pt); 12 Kristen Confroy Assist (1 Asst)
2016,9681,2,404,12,Kristen Confroy,2,05,Destiny Slocum,3PTR,3,34.0,16.0,05 Destiny Slocum 3PTR GOOD (11 Pt); 12 Kristen Confroy Assist (2 Asst)
2016,9681,2,307,05,Destiny Slocum,3,32,S. Walker-Kimbrough,3PTR,3,37.0,16.0,32 S. Walker-Kimbrough 3PTR GOOD (7 Pt); 05 Destiny Slocum Assist (3 Asst)
2016,9681,2,251,15,Kiah Gillespie,1,32,S. Walker-Kimbrough,3PTR,3,41.0,16.0,32 S. Walker-Kimbrough 3PTR GOOD (11 Pt); 15 Kiah Gillespie Assist (1 Asst)
2016,9681,3,448,32,S. Walker-Kimbrough,1,12,Kristen Confroy,3PTR,3,52.0,27.0,12 Kristen Confroy 3PTR GOOD (9 Pt); 32 S. Walker-Kimbrough Assist (1 Asst)
2016,9681,3,429,03,Kaila Charles,1,42,Brionna Jones,LAYUP,2,54.0,27.0,42 Brionna Jones LAYUP GOOD (12 Pt); 03 Kaila Charles Assist (1 Asst)
2016,9681,3,94,05,Destiny Slocum,4,01,Ieshia Small,3PTR,3,71.0,41.0,01 Ieshia Small 3PTR GOOD (10 Pt); 05 Destiny Slocum Assist (4 Asst)
2016,9681,4,466,12,Kristen Confroy,3,32,S. Walker-Kimbrough,3PTR,3,81.0,54.0,32 S. Walker-Kimbrough 3PTR GOOD (18 Pt); 12 Kristen Confroy Assist (3 Asst)
2016,9681,4,391,15,Kiah Gillespie,2,14,Jenna Staiti,JUMPER,2,83.0,56.0,14 Jenna Staiti JUMPER GOOD (2 Pt); 15 Kiah Gillespie Assist (2 Asst)
2016,9681,4,312,24,Stephanie Jones,1,12,Kristen Confroy,3PTR,3,87.0,60.0,12 Kristen Confroy 3PTR GOOD (12 Pt); 24 Stephanie Jones Assist (1 Asst)
2016,9682,1,583,03,Kaila Charles,1,42,Brionna Jones,LAYUP,2,2.0,0.0,42 Brionna Jones LAYUP GOOD (2 Pt); 03 Kaila Charles Assist (1 Asst)
2016,9682,1,533,05,Destiny Slocum,1,42,Brionna Jones,LAYUP,2,4.0,3.0,42 Brionna Jones LAYUP GOOD (4 Pt); 05 Destiny Slocum Assist (1 Asst)
2016,9682,1,64,05,Destiny Slocum,2,32,S. Walker-Kimbrough,LAYUP,2,20.0,20.0,32 S. Walker-Kimbrough LAYUP GOOD (4 Pt); 05 Destiny Slocum Assist (2 Asst)
2016,9682,1,11,01,Ieshia Small,1,42,Brionna Jones,LAYUP,2,22.0,22.0,42 Brionna Jones LAYUP GOOD (10 Pt); 01 Ieshia Small Assist (1 Asst)
2016,9682,2,565,03,Kaila Charles,2,01,Ieshia Small,JUMPER,2,24.0,26.0,01 Ieshia Small JUMPER GOOD (4 Pt); 03 Kaila Charles Assist (2 Asst)
2016,9682,2,532,01,Ieshia Small,2,42,Brionna Jones,JUMPER,2,26.0,28.0,42 Brionna Jones JUMPER GOOD (12 Pt); 01 Ieshia Small Assist (2 Asst)
2016,9682,2,447,05,Destiny Slocum,3,42,Brionna Jones,LAYUP,2,30.0,31.0,42 Brionna Jones LAYUP GOOD (16 Pt); 05 Destiny Slocum Assist (3 Asst)
2016,9682,2,87,01,Ieshia Small,3,42,Brionna Jones,LAYUP,2,41.0,37.0,42 Brionna Jones LAYUP GOOD (24 Pt); 01 Ieshia Small Assist (3 Asst)
2016,9682,2,50,01,Ieshia Small,4,32,S. Walker-Kimbrough,3PTR,3,44.0,37.0,32 S. Walker-Kimbrough 3PTR GOOD (7 Pt); 01 Ieshia Small Assist (4 Asst)
2016,9682,3,592,05,Destiny Slocum,4,42,Brionna Jones,LAYUP,2,46.0,39.0,42 Brionna Jones LAYUP GOOD (26 Pt); 05 Destiny Slocum Assist (4 Asst)
2016,9682,3,567,05,Destiny Slocum,5,03,Kaila Charles,LAYUP,2,48.0,41.0,03 Kaila Charles LAYUP GOOD (2 Pt); 05 Destiny Slocum Assist (5 Asst)
2016,9682,3,489,05,Destiny Slocum,6,42,Brionna Jones,LAYUP,2,52.0,41.0,42 Brionna Jones LAYUP GOOD (28 Pt); 05 Destiny Slocum Assist (6 Asst)
2016,9682,3,407,32,S. Walker-Kimbrough,1,42,Brionna Jones,LAYUP,2,57.0,41.0,42 Brionna Jones LAYUP GOOD (31 Pt); 32 S. Walker-Kimbrough Assist (1 Asst)
2016,9682,3,271,42,Brionna Jones,1,34,Brianna Fraser,LAYUP,2,59.0,46.0,34 Brianna Fraser LAYUP GOOD (4 Pt); 42 Brionna Jones Assist (1 Asst)
2016,9682,3,40,03,Kaila Charles,3,32,S. Walker-Kimbrough,3PTR,3,70.0,57.0,32 S. Walker-Kimbrough 3PTR GOOD (12 Pt); 03 Kaila Charles Assist (3 Asst)
2016,9682,4,574,05,Destiny Slocum,7,42,Brionna Jones,LAYUP,2,75.0,59.0,42 Brionna Jones LAYUP GOOD (35 Pt); 05 Destiny Slocum Assist (7 Asst)
2016,9682,4,434,05,Destiny Slocum,8,32,S. Walker-Kimbrough,JUMPER,2,77.0,61.0,32 S. Walker-Kimbrough JUMPER GOOD (14 Pt); 05 Destiny Slocum Assist (8 Asst)
2016,9682,4,264,32,S. Walker-Kimbrough,2,42,Brionna Jones,LAYUP,2,81.0,69.0,42 Brionna Jones LAYUP GOOD (39 Pt); 32 S. Walker-Kimbrough Assist (2 Asst)
2016,9682,4,212,12,Kristen Confroy,1,42,Brionna Jones,LAYUP,2,83.0,71.0,42 Brionna Jones LAYUP GOOD (41 Pt); 12 Kristen Confroy Assist (1 Asst)
2016,9682,4,104,12,Kristen Confroy,2,05,Destiny Slocum,3PTR,3,86.0,76.0,05 Destiny Slocum 3PTR GOOD (11 Pt); 12 Kristen Confroy Assist (2 Asst)
2016,9683,1,565,12,Kristen Confroy,1,05,Destiny Slocum,3PTR,3,2.0,3.0,05 Destiny Slocum 3PTR GOOD (3 Pt); 12 Kristen Confroy Assist (1 Asst)
2016,9683,1,539,12,Kristen Confroy,2,42,Brionna Jones,LAYUP,2,2.0,5.0,42 Brionna Jones LAYUP GOOD (2 Pt); 12 Kristen Confroy Assist (2 Asst)
2016,9683,1,346,01,Ieshia Small,1,03,Kaila Charles,JUMPER,2,2.0,15.0,03 Kaila Charles JUMPER GOOD (4 Pt); 01 Ieshia Small Assist (1 Asst)
2016,9683,1,238,12,Kristen Confroy,3,34,Brianna Fraser,LAYUP,2,4.0,17.0,34 Brianna Fraser LAYUP GOOD (2 Pt); 12 Kristen Confroy Assist (3 Asst)
2016,9683,1,200,12,Kristen Confroy,4,34,Brianna Fraser,LAYUP,2,7.0,19.0,34 Brianna Fraser LAYUP GOOD (4 Pt); 12 Kristen Confroy Assist (4 Asst)
2016,9683,1,179,05,Destiny Slocum,1,12,Kristen Confroy,3PTR,3,9.0,22.0,12 Kristen Confroy 3PTR GOOD (3 Pt); 05 Destiny Slocum Assist (1 Asst)
2016,9683,1,144,32,S. Walker-Kimbrough,1,34,Brianna Fraser,JUMPER,2,11.0,24.0,34 Brianna Fraser JUMPER GOOD (6 Pt); 32 S. Walker-Kimbrough Assist (1 Asst)
2016,9683,1,82,05,Destiny Slocum,2,03,Kaila Charles,LAYUP,2,14.0,27.0,03 Kaila Charles LAYUP GOOD (6 Pt); 05 Destiny Slocum Assist (2 Asst)
2016,9683,2,589,32,S. Walker-Kimbrough,2,42,Brionna Jones,LAYUP,2,16.0,29.0,42 Brionna Jones LAYUP GOOD (6 Pt); 32 S. Walker-Kimbrough Assist (2 Asst)
2016,9683,2,272,32,S. Walker-Kimbrough,3,34,Brianna Fraser,LAYUP,2,33.0,34.0,34 Brianna Fraser LAYUP GOOD (10 Pt); 32 S. Walker-Kimbrough Assist (3 Asst)
2016,9683,2,22,12,Kristen Confroy,5,05,Destiny Slocum,3PTR,3,45.0,43.0,05 Destiny Slocum 3PTR GOOD (10 Pt); 12 Kristen Confroy Assist (5 Asst)
2016,9683,3,546,32,S. Walker-Kimbrough,4,12,Kristen Confroy,3PTR,3,49.0,46.0,12 Kristen Confroy 3PTR GOOD (6 Pt); 32 S. Walker-Kimbrough Assist (4 Asst)
2016,9683,3,471,32,S. Walker-Kimbrough,5,01,Ieshia Small,JUMPER,2,51.0,48.0,01 Ieshia Small JUMPER GOOD (2 Pt); 32 S. Walker-Kimbrough Assist (5 Asst)
2016,9683,3,270,05,Destiny Slocum,3,03,Kaila Charles,LAYUP,2,53.0,59.0,03 Kaila Charles LAYUP GOOD (8 Pt); 05 Destiny Slocum Assist (3 Asst)
2016,9683,3,182,01,Ieshia Small,2,42,Brionna Jones,LAYUP,2,57.0,63.0,42 Brionna Jones LAYUP GOOD (14 Pt); 01 Ieshia Small Assist (2 Asst)
2016,9683,3,60,05,Destiny Slocum,4,32,S. Walker-Kimbrough,3PTR,3,59.0,69.0,32 S. Walker-Kimbrough 3PTR GOOD (10 Pt); 05 Destiny Slocum Assist (4 Asst)
2016,9683,4,377,03,Kaila Charles,1,42,Brionna Jones,LAYUP,2,67.0,84.0,42 Brionna Jones LAYUP GOOD (21 Pt); 03 Kaila Charles Assist (1 Asst)
2016,9683,4,199,03,Kaila Charles,2,42,Brionna Jones,LAYUP,2,74.0,90.0,42 Brionna Jones LAYUP GOOD (23 Pt); 03 Kaila Charles Assist (2 Asst)
2016,9683,4,109,05,Destiny Slocum,5,01,Ieshia Small,LAYUP,2,76.0,94.0,01 Ieshia Small LAYUP GOOD (8 Pt); 05 Destiny Slocum Assist (5 Asst)
2016,9683,4,82,05,Destiny Slocum,6,01,Ieshia Small,LAYUP,2,78.0,96.0,01 Ieshia Small LAYUP GOOD (10 Pt); 05 Destiny Slocum Assist (6 Asst)
2016,9684,1,565,12,Kristen Confroy,1,42,Brionna Jones,LAYUP,2,2.0,2.0,42 Brionna Jones LAYUP GOOD (2 Pt); 12 Kristen Confroy Assist (1 Asst)
2016,9684,1,230,34,Brianna Fraser,1,05,Destiny Slocum,3PTR,3,10.0,15.0,05 Destiny Slocum 3PTR GOOD (3 Pt); 34 Brianna Fraser Assist (1 Asst)
2016,9684,1,117,42,Brionna Jones,1,05,Destiny Slocum,3PTR,3,13.0,17.0,05 Destiny Slocum 3PTR GOOD (6 Pt); 42 Brionna Jones Assist (1 Asst)
2016,9684,2,588,32,S. Walker-Kimbrough,1,42,Brionna Jones,LAYUP,2,20.0,19.0,42 Brionna Jones LAYUP GOOD (4 Pt); 32 S. Walker-Kimbrough Assist (1 Asst)
2016,9684,2,511,05,Destiny Slocum,1,03,Kaila Charles,LAYUP,2,26.0,19.0,03 Kaila Charles LAYUP GOOD (6 Pt); 05 Destiny Slocum Assist (1 Asst)
2016,9684,2,444,32,S. Walker-Kimbrough,2,42,Brionna Jones,LAYUP,2,28.0,24.0,42 Brionna Jones LAYUP GOOD (8 Pt); 32 S. Walker-Kimbrough Assist (2 Asst)
2016,9684,2,312,12,Kristen Confroy,2,05,Destiny Slocum,3PTR,3,35.0,24.0,05 Destiny Slocum 3PTR GOOD (9 Pt); 12 Kristen Confroy Assist (2 Asst)
2016,9684,2,205,15,Kiah Gillespie,1,42,Brionna Jones,LAYUP,2,37.0,26.0,42 Brionna Jones LAYUP GOOD (10 Pt); 15 Kiah Gillespie Assist (1 Asst)
2016,9684,2,179,15,Kiah Gillespie,2,42,Brionna Jones,LAYUP,2,39.0,26.0,42 Brionna Jones LAYUP GOOD (12 Pt); 15 Kiah Gillespie Assist (2 Asst)
2016,9684,3,590,32,S. Walker-Kimbrough,3,42,Brionna Jones,LAYUP,2,41.0,35.0,42 Brionna Jones LAYUP GOOD (14 Pt); 32 S. Walker-Kimbrough Assist (3 Asst)
2016,9684,3,401,05,Destiny Slocum,2,15,Kiah Gillespie,LAYUP,2,48.0,47.0,15 Kiah Gillespie LAYUP GOOD (2 Pt); 05 Destiny Slocum Assist (2 Asst)
2016,9684,3,222,42,Brionna Jones,2,01,Ieshia Small,LAYUP,2,56.0,53.0,01 Ieshia Small LAYUP GOOD (3 Pt); 42 Brionna Jones Assist (2 Asst)
2016,9684,3,179,05,Destiny Slocum,3,42,Brionna Jones,LAYUP,2,58.0,53.0,42 Brionna Jones LAYUP GOOD (16 Pt); 05 Destiny Slocum Assist (3 Asst)
2016,9684,4,512,15,Kiah Gillespie,3,42,Brionna Jones,LAYUP,2,68.0,61.0,42 Brionna Jones LAYUP GOOD (20 Pt); 15 Kiah Gillespie Assist (3 Asst)
2016,9684,4,457,05,Destiny Slocum,4,32,S. Walker-Kimbrough,LAYUP,2,70.0,63.0,32 S. Walker-Kimbrough LAYUP GOOD (13 Pt); 05 Destiny Slocum Assist (4 Asst)
2016,9684,4,268,32,S. Walker-Kimbrough,4,42,Brionna Jones,LAYUP,2,76.0,65.0,42 Brionna Jones LAYUP GOOD (24 Pt); 32 S. Walker-Kimbrough Assist (4 Asst)
2016,9684,4,127,42,Brionna Jones,3,15,Kiah Gillespie,LAYUP,2,79.0,67.0,15 Kiah Gillespie LAYUP GOOD (9 Pt); 42 Brionna Jones Assist (3 Asst)
2016,9684,4,107,05,Destiny Slocum,5,32,S. Walker-Kimbrough,JUMPER,2,81.0,67.0,32 S. Walker-Kimbrough JUMPER GOOD (15 Pt); 05 Destiny Slocum Assist (5 Asst)
2016,9684,4,63,05,Destiny Slocum,6,32,S. Walker-Kimbrough,JUMPER,2,83.0,70.0,32 S. Walker-Kimbrough JUMPER GOOD (17 Pt); 05 Destiny Slocum Assist (6 Asst)
2016,9685,1,534,05,Destiny Slocum,1,42,Brionna Jones,LAYUP,2,2.0,0.0,42 Brionna Jones LAYUP GOOD (2 Pt); 05 Destiny Slocum Assist (1 Asst)
2016,9685,1,413,32,S. Walker-Kimbrough,1,01,Ieshia Small,JUMPER,2,6.0,7.0,01 Ieshia Small JUMPER GOOD (2 Pt); 32 S. Walker-Kimbrough Assist (1 Asst)
2016,9685,1,309,32,S. Walker-Kimbrough,2,03,Kaila Charles,LAYUP,2,10.0,7.0,03 Kaila Charles LAYUP GOOD (4 Pt); 32 S. Walker-Kimbrough Assist (2 Asst)
2016,9685,2,519,05,Destiny Slocum,2,42,Brionna Jones,JUMPER,2,16.0,13.0,42 Brionna Jones JUMPER GOOD (6 Pt); 05 Destiny Slocum Assist (2 Asst)
2016,9685,2,307,05,Destiny Slocum,3,03,Kaila Charles,LAYUP,2,20.0,18.0,03 Kaila Charles LAYUP GOOD (8 Pt); 05 Destiny Slocum Assist (3 Asst)
2016,9685,2,134,01,Ieshia Small,1,05,Destiny Slocum,3PTR,3,25.0,21.0,05 Destiny Slocum 3PTR GOOD (3 Pt); 01 Ieshia Small Assist (1 Asst)
2016,9685,2,96,03,Kaila Charles,1,15,Kiah Gillespie,JUMPER,2,27.0,21.0,15 Kiah Gillespie JUMPER GOOD (2 Pt); 03 Kaila Charles Assist (1 Asst)
2016,9685,2,62,05,Destiny Slocum,4,32,S. Walker-Kimbrough,JUMPER,2,30.0,24.0,32 S. Walker-Kimbrough JUMPER GOOD (4 Pt); 05 Destiny Slocum Assist (4 Asst)
2016,9685,3,506,12,Kristen Confroy,1,05,Destiny Slocum,3PTR,3,39.0,30.0,05 Destiny Slocum 3PTR GOOD (9 Pt); 12 Kristen Confroy Assist (1 Asst)
2016,9685,3,398,05,Destiny Slocum,5,03,Kaila Charles,JUMPER,2,43.0,32.0,03 Kaila Charles JUMPER GOOD (14 Pt); 05 Destiny Slocum Assist (5 Asst)
2016,9685,3,302,05,Destiny Slocum,6,32,S. Walker-Kimbrough,3PTR,3,48.0,32.0,32 S. Walker-Kimbrough 3PTR GOOD (9 Pt); 05 Destiny Slocum Assist (6 Asst)
2016,9685,3,255,05,Destiny Slocum,7,42,Brionna Jones,LAYUP,2,50.0,32.0,42 Brionna Jones LAYUP GOOD (9 Pt); 05 Destiny Slocum Assist (7 Asst)
2016,9685,3,234,05,Destiny Slocum,8,12,Kristen Confroy,3PTR,3,53.0,34.0,12 Kristen Confroy 3PTR GOOD (3 Pt); 05 Destiny Slocum Assist (8 Asst)
2016,9685,3,114,32,S. Walker-Kimbrough,3,15,Kiah Gillespie,JUMPER,2,57.0,36.0,15 Kiah Gillespie JUMPER GOOD (5 Pt); 32 S. Walker-Kimbrough Assist (3 Asst)
2016,9685,4,403,05,Destiny Slocum,9,32,S. Walker-Kimbrough,3PTR,3,64.0,47.0,32 S. Walker-Kimbrough 3PTR GOOD (14 Pt); 05 Destiny Slocum Assist (9 Asst)
2016,9685,4,348,05,Destiny Slocum,10,12,Kristen Confroy,3PTR,3,67.0,49.0,12 Kristen Confroy 3PTR GOOD (6 Pt); 05 Destiny Slocum Assist (10 Asst)
2016,9685,4,216,12,Kristen Confroy,2,15,Kiah Gillespie,JUMPER,2,72.0,55.0,15 Kiah Gillespie JUMPER GOOD (7 Pt); 12 Kristen Confroy Assist (2 Asst)
2016,9685,4,186,05,Destiny Slocum,11,32,S. Walker-Kimbrough,JUMPER,2,74.0,57.0,32 S. Walker-Kimbrough JUMPER GOOD (17 Pt); 05 Destiny Slocum Assist (11 Asst)
2016,9686,1,499,05,Destiny Slocum,1,32,S. Walker-Kimbrough,LAYUP,2,2.0,4.0,32 S. Walker-Kimbrough LAYUP GOOD (2 Pt); 05 Destiny Slocum Assist (1 Asst)
2016,9686,1,427,05,Destiny Slocum,2,32,S. Walker-Kimbrough,3PTR,3,4.0,9.0,32 S. Walker-Kimbrough 3PTR GOOD (5 Pt); 05 Destiny Slocum Assist (2 Asst)
2016,9686,1,320,05,Destiny Slocum,3,15,Kiah Gillespie,LAYUP,2,4.0,11.0,15 Kiah Gillespie LAYUP GOOD (2 Pt); 05 Destiny Slocum Assist (3 Asst)
2016,9686,1,233,15,Kiah Gillespie,1,34,Brianna Fraser,LAYUP,2,4.0,16.0,34 Brianna Fraser LAYUP GOOD (2 Pt); 15 Kiah Gillespie Assist (1 Asst)
2016,9686,1,112,34,Brianna Fraser,1,15,Kiah Gillespie,LAYUP,2,6.0,20.0,15 Kiah Gillespie LAYUP GOOD (5 Pt); 34 Brianna Fraser Assist (1 Asst)
2016,9686,2,503,03,Kaila Charles,1,42,Brionna Jones,LAYUP,2,12.0,24.0,42 Brionna Jones LAYUP GOOD (4 Pt); 03 Kaila Charles Assist (1 Asst)
2016,9686,2,472,12,Kristen Confroy,1,05,Destiny Slocum,3PTR,3,12.0,27.0,05 Destiny Slocum 3PTR GOOD (3 Pt); 12 Kristen Confroy Assist (1 Asst)
2016,9686,2,423,15,Kiah Gillespie,2,42,Brionna Jones,LAYUP,2,14.0,29.0,42 Brionna Jones LAYUP GOOD (6 Pt); 15 Kiah Gillespie Assist (2 Asst)
2016,9686,2,376,05,Destiny Slocum,4,15,Kiah Gillespie,LAYUP,2,14.0,31.0,15 Kiah Gillespie LAYUP GOOD (7 Pt); 05 Destiny Slocum Assist (4 Asst)
2016,9686,2,327,32,S. Walker-Kimbrough,1,14,Jenna Staiti,JUMPER,2,14.0,33.0,14 Jenna Staiti JUMPER GOOD (2 Pt); 32 S. Walker-Kimbrough Assist (1 Asst)
2016,9686,2,167,05,Destiny Slocum,5,22,Blair Watson,LAYUP,2,19.0,39.0,22 Blair Watson LAYUP GOOD (2 Pt); 05 Destiny Slocum Assist (5 Asst)
2016,9686,3,581,03,Kaila Charles,2,12,Kristen Confroy,3PTR,3,22.0,47.0,12 Kristen Confroy 3PTR GOOD (3 Pt); 03 Kaila Charles Assist (2 Asst)
2016,9686,3,542,05,Destiny Slocum,6,03,Kaila Charles,JUMPER,2,24.0,49.0,03 Kaila Charles JUMPER GOOD (6 Pt); 05 Destiny Slocum Assist (6 Asst)
2016,9686,3,517,05,Destiny Slocum,7,32,S. Walker-Kimbrough,LAYUP,2,26.0,51.0,32 S. Walker-Kimbrough LAYUP GOOD (11 Pt); 05 Destiny Slocum Assist (7 Asst)
2016,9686,3,392,32,S. Walker-Kimbrough,2,12,Kristen Confroy,3PTR,3,26.0,58.0,12 Kristen Confroy 3PTR GOOD (6 Pt); 32 S. Walker-Kimbrough Assist (2 Asst)
2016,9686,3,311,05,Destiny Slocum,8,03,Kaila Charles,LAYUP,2,26.0,61.0,03 Kaila Charles LAYUP GOOD (8 Pt); 05 Destiny Slocum Assist (8 Asst)
2016,9686,3,203,12,Kristen Confroy,2,05,Destiny Slocum,3PTR,3,30.0,66.0,05 Destiny Slocum 3PTR GOOD (8 Pt); 12 Kristen Confroy Assist (2 Asst)
2016,9686,3,95,05,Destiny Slocum,9,15,Kiah Gillespie,JUMPER,2,32.0,70.0,15 Kiah Gillespie JUMPER GOOD (9 Pt); 05 Destiny Slocum Assist (9 Asst)
2016,9686,4,429,01,Ieshia Small,1,21,Sarah Myers,3PTR,3,43.0,79.0,21 Sarah Myers 3PTR GOOD (3 Pt); 01 Ieshia Small Assist (1 Asst)
2016,9686,4,347,34,Brianna Fraser,2,24,Stephanie Jones,LAYUP,2,45.0,82.0,24 Stephanie Jones LAYUP GOOD (6 Pt); 34 Brianna Fraser Assist (2 Asst)
2016,9686,4,268,01,Ieshia Small,2,22,Blair Watson,3PTR,3,47.0,85.0,22 Blair Watson 3PTR GOOD (5 Pt); 01 Ieshia Small Assist (2 Asst)
2016,9686,4,60,21,Sarah Myers,1,01,Ieshia Small,LAYUP,2,49.0,93.0,01 Ieshia Small LAYUP GOOD (9 Pt); 21 Sarah Myers Assist (1 Asst)
2016,9687,1,582,32,S. Walker-Kimbrough,1,12,Kristen Confroy,3PTR,3,3.0,0.0,12 Kristen Confroy 3PTR GOOD (3 Pt); 32 S. Walker-Kimbrough Assist (1 Asst)
2016,9687,1,361,05,Destiny Slocum,1,32,S. Walker-Kimbrough,LAYUP,2,11.0,8.0,32 S. Walker-Kimbrough LAYUP GOOD (4 Pt); 05 Destiny Slocum Assist (1 Asst)
2016,9687,1,126,12,Kristen Confroy,1,32,S. Walker-Kimbrough,3PTR,3,19.0,12.0,32 S. Walker-Kimbrough 3PTR GOOD (7 Pt); 12 Kristen Confroy Assist (1 Asst)
2016,9687,1,59,32,S. Walker-Kimbrough,2,34,Brianna Fraser,JUMPER,2,23.0,17.0,34 Brianna Fraser JUMPER GOOD (5 Pt); 32 S. Walker-Kimbrough Assist (2 Asst)
2016,9687,2,521,12,Kristen Confroy,2,05,Destiny Slocum,3PTR,3,28.0,20.0,05 Destiny Slocum 3PTR GOOD (3 Pt); 12 Kristen Confroy Assist (2 Asst)
2016,9687,2,490,05,Destiny Slocum,2,03,Kaila Charles,LAYUP,2,30.0,22.0,03 Kaila Charles LAYUP GOOD (4 Pt); 05 Destiny Slocum Assist (2 Asst)
2016,9687,2,325,05,Destiny Slocum,3,32,S. Walker-Kimbrough,JUMPER,2,33.0,30.0,32 S. Walker-Kimbrough JUMPER GOOD (9 Pt); 05 Destiny Slocum Assist (3 Asst)
2016,9687,2,259,32,S. Walker-Kimbrough,3,42,Brionna Jones,LAYUP,2,37.0,31.0,42 Brionna Jones LAYUP GOOD (9 Pt); 32 S. Walker-Kimbrough Assist (3 Asst)
2016,9687,2,201,42,Brionna Jones,1,05,Destiny Slocum,3PTR,3,40.0,31.0,05 Destiny Slocum 3PTR GOOD (6 Pt); 42 Brionna Jones Assist (1 Asst)
2016,9687,2,124,24,Stephanie Jones,1,42,Brionna Jones,LAYUP,2,44.0,33.0,42 Brionna Jones LAYUP GOOD (11 Pt); 24 Stephanie Jones Assist (1 Asst)
2016,9687,2,112,32,S. Walker-Kimbrough,4,12,Kristen Confroy,JUMPER,2,46.0,33.0,12 Kristen Confroy JUMPER GOOD (5 Pt); 32 S. Walker-Kimbrough Assist (4 Asst)
2016,9687,2,95,12,Kristen Confroy,3,05,Destiny Slocum,LAYUP,2,48.0,33.0,05 Destiny Slocum LAYUP GOOD (8 Pt); 12 Kristen Confroy Assist (3 Asst)
2016,9687,2,72,12,Kristen Confroy,4,32,S. Walker-Kimbrough,3PTR,3,51.0,35.0,32 S. Walker-Kimbrough 3PTR GOOD (12 Pt); 12 Kristen Confroy Assist (4 Asst)
2016,9687,2,38,05,Destiny Slocum,4,42,Brionna Jones,LAYUP,2,53.0,35.0,42 Brionna Jones LAYUP GOOD (13 Pt); 05 Destiny Slocum Assist (4 Asst)
2016,9687,2,5,12,Kristen Confroy,5,05,Destiny Slocum,3PTR,3,56.0,36.0,05 Destiny Slocum 3PTR GOOD (11 Pt); 12 Kristen Confroy Assist (5 Asst)
2016,9687,3,435,05,Destiny Slocum,5,32,S. Walker-Kimbrough,3PTR,3,62.0,43.0,32 S. Walker-Kimbrough 3PTR GOOD (16 Pt); 05 Destiny Slocum Assist (5 Asst)
2016,9687,3,412,05,Destiny Slocum,6,42,Brionna Jones,LAYUP,2,64.0,43.0,42 Brionna Jones LAYUP GOOD (15 Pt); 05 Destiny Slocum Assist (6 Asst)
2016,9687,3,127,05,Destiny Slocum,7,24,Stephanie Jones,LAYUP,2,73.0,60.0,24 Stephanie Jones LAYUP GOOD (4 Pt); 05 Destiny Slocum Assist (7 Asst)
2016,9687,3,90,01,Ieshia Small,2,42,Brionna Jones,JUMPER,2,75.0,60.0,42 Brionna Jones JUMPER GOOD (17 Pt); 01 Ieshia Small Assist (2 Asst)
2016,9687,4,424,05,Destiny Slocum,8,42,Brionna Jones,LAYUP,2,82.0,67.0,42 Brionna Jones LAYUP GOOD (21 Pt); 05 Destiny Slocum Assist (8 Asst)
2016,9687,4,382,05,Destiny Slocum,9,32,S. Walker-Kimbrough,JUMPER,2,84.0,67.0,32 S. Walker-Kimbrough JUMPER GOOD (18 Pt); 05 Destiny Slocum Assist (9 Asst)
2016,9687,4,318,34,Brianna Fraser,1,42,Brionna Jones,LAYUP,2,88.0,67.0,42 Brionna Jones LAYUP GOOD (23 Pt); 34 Brianna Fraser Assist (1 Asst)
2016,9687,4,236,05,Destiny Slocum,10,34,Brianna Fraser,LAYUP,2,93.0,71.0,34 Brianna Fraser LAYUP GOOD (16 Pt); 05 Destiny Slocum Assist (10 Asst)
2016,9687,4,210,05,Destiny Slocum,11,42,Brionna Jones,LAYUP,2,96.0,73.0,42 Brionna Jones LAYUP GOOD (26 Pt); 05 Destiny Slocum Assist (11 Asst)
2016,9688,1,584,42,Brionna Jones,1,03,Kaila Charles,LAYUP,2,0.0,2.0,03 Kaila Charles LAYUP GOOD (2 Pt); 42 Brionna Jones Assist (1 Asst)
2016,9688,1,550,05,Destiny Slocum,1,32,S. Walker-Kimbrough,LAYUP,2,2.0,4.0,32 S. Walker-Kimbrough LAYUP GOOD (2 Pt); 05 Destiny Slocum Assist (1 Asst)
2016,9688,1,518,12,Kristen Confroy,1,05,Destiny Slocum,3PTR,3,2.0,7.0,05 Destiny Slocum 3PTR GOOD (3 Pt); 12 Kristen Confroy Assist (1 Asst)
2016,9688,1,458,05,Destiny Slocum,2,32,S. Walker-Kimbrough,3PTR,3,6.0,10.0,32 S. Walker-Kimbrough 3PTR GOOD (5 Pt); 05 Destiny Slocum Assist (2 Asst)
2016,9688,1,239,05,Destiny Slocum,3,34,Brianna Fraser,LAYUP,2,15.0,16.0,34 Brianna Fraser LAYUP GOOD (4 Pt); 05 Destiny Slocum Assist (3 Asst)
2016,9688,1,138,32,S. Walker-Kimbrough,1,34,Brianna Fraser,LAYUP,2,19.0,19.0,34 Brianna Fraser LAYUP GOOD (7 Pt); 32 S. Walker-Kimbrough Assist (1 Asst)
2016,9688,2,531,05,Destiny Slocum,4,12,Kristen Confroy,3PTR,3,19.0,30.0,12 Kristen Confroy 3PTR GOOD (3 Pt); 05 Destiny Slocum Assist (4 Asst)
2016,9688,2,475,12,Kristen Confroy,2,05,Destiny Slocum,3PTR,3,22.0,33.0,05 Destiny Slocum 3PTR GOOD (6 Pt); 12 Kristen Confroy Assist (2 Asst)
2016,9688,2,374,34,Brianna Fraser,1,42,Brionna Jones,LAYUP,2,28.0,37.0,42 Brionna Jones LAYUP GOOD (6 Pt); 34 Brianna Fraser Assist (1 Asst)
2016,9688,2,0,34,Brianna Fraser,2,05,Destiny Slocum,3PTR,3,35.0,43.0,05 Destiny Slocum 3PTR GOOD (9 Pt); 34 Brianna Fraser Assist (2 Asst)
2016,9688,3,449,05,Destiny Slocum,5,03,Kaila Charles,LAYUP,2,40.0,51.0,03 Kaila Charles LAYUP GOOD (6 Pt); 05 Destiny Slocum Assist (5 Asst)
2016,9688,3,372,42,Brionna Jones,2,03,Kaila Charles,LAYUP,2,42.0,53.0,03 Kaila Charles LAYUP GOOD (8 Pt); 42 Brionna Jones Assist (2 Asst)
2016,9688,3,265,32,S. Walker-Kimbrough,2,42,Brionna Jones,LAYUP,2,46.0,55.0,42 Brionna Jones LAYUP GOOD (13 Pt); 32 S. Walker-Kimbrough Assist (2 Asst)
2016,9688,3,156,05,Destiny Slocum,6,34,Brianna Fraser,LAYUP,2,46.0,62.0,34 Brianna Fraser LAYUP GOOD (10 Pt); 05 Destiny Slocum Assist (6 Asst)
2016,9688,4,368,42,Brionna Jones,3,34,Brianna Fraser,LAYUP,2,52.0,73.0,34 Brianna Fraser LAYUP GOOD (15 Pt); 42 Brionna Jones Assist (3 Asst)
2016,9688,4,88,01,Ieshia Small,1,24,Stephanie Jones,LAYUP,2,65.0,83.0,24 Stephanie Jones LAYUP GOOD (2 Pt); 01 Ieshia Small Assist (1 Asst)
2016,9689,1,510,05,Destiny Slocum,1,32,S. Walker-Kimbrough,LAYUP,2,2.0,4.0,32 S. Walker-Kimbrough LAYUP GOOD (4 Pt); 05 Destiny Slocum Assist (1 Asst)
2016,9689,1,362,42,Brionna Jones,1,03,Kaila Charles,LAYUP,2,7.0,9.0,03 Kaila Charles LAYUP GOOD (2 Pt); 42 Brionna Jones Assist (1 Asst)
2016,9689,1,250,01,Ieshia Small,1,32,S. Walker-Kimbrough,JUMPER,2,9.0,13.0,32 S. Walker-Kimbrough JUMPER GOOD (6 Pt); 01 Ieshia Small Assist (1 Asst)
2016,9689,1,226,05,Destiny Slocum,2,01,Ieshia Small,3PTR,3,9.0,16.0,01 Ieshia Small 3PTR GOOD (3 Pt); 05 Destiny Slocum Assist (2 Asst)
2016,9689,1,210,05,Destiny Slocum,3,42,Brionna Jones,LAYUP,2,9.0,18.0,42 Brionna Jones LAYUP GOOD (7 Pt); 05 Destiny Slocum Assist (3 Asst)
2016,9689,1,113,01,Ieshia Small,2,05,Destiny Slocum,3PTR,3,11.0,22.0,05 Destiny Slocum 3PTR GOOD (3 Pt); 01 Ieshia Small Assist (2 Asst)
2016,9689,1,61,01,Ieshia Small,3,42,Brionna Jones,LAYUP,2,13.0,24.0,42 Brionna Jones LAYUP GOOD (9 Pt); 01 Ieshia Small Assist (3 Asst)
2016,9689,2,398,24,Stephanie Jones,1,05,Destiny Slocum,3PTR,3,13.0,34.0,05 Destiny Slocum 3PTR GOOD (9 Pt); 24 Stephanie Jones Assist (1 Asst)
2016,9689,2,308,05,Destiny Slocum,4,24,Stephanie Jones,LAYUP,2,15.0,38.0,24 Stephanie Jones LAYUP GOOD (2 Pt); 05 Destiny Slocum Assist (4 Asst)
2016,9689,2,207,05,Destiny Slocum,5,42,Brionna Jones,LAYUP,2,21.0,41.0,42 Brionna Jones LAYUP GOOD (11 Pt); 05 Destiny Slocum Assist (5 Asst)
2016,9689,2,105,01,Ieshia Small,4,03,Kaila Charles,JUMPER,2,25.0,43.0,03 Kaila Charles JUMPER GOOD (4 Pt); 01 Ieshia Small Assist (4 Asst)
2016,9689,2,11,01,Ieshia Small,5,32,S. Walker-Kimbrough,3PTR,3,27.0,46.0,32 S. Walker-Kimbrough 3PTR GOOD (14 Pt); 01 Ieshia Small Assist (5 Asst)
2016,9689,3,540,05,Destiny Slocum,6,03,Kaila Charles,LAYUP,2,27.0,50.0,03 Kaila Charles LAYUP GOOD (8 Pt); 05 Destiny Slocum Assist (6 Asst)
2016,9689,3,411,03,Kaila Charles,1,42,Brionna Jones,LAYUP,2,27.0,55.0,42 Brionna Jones LAYUP GOOD (13 Pt); 03 Kaila Charles Assist (1 Asst)
2016,9689,3,341,32,S. Walker-Kimbrough,1,42,Brionna Jones,LAYUP,2,27.0,57.0,42 Brionna Jones LAYUP GOOD (15 Pt); 32 S. Walker-Kimbrough Assist (1 Asst)
2016,9689,3,265,03,Kaila Charles,2,32,S. Walker-Kimbrough,LAYUP,2,29.0,59.0,32 S. Walker-Kimbrough LAYUP GOOD (16 Pt); 03 Kaila Charles Assist (2 Asst)
2016,9689,4,586,32,S. Walker-Kimbrough,2,12,Kristen Confroy,3PTR,3,36.0,77.0,12 Kristen Confroy 3PTR GOOD (3 Pt); 32 S. Walker-Kimbrough Assist (2 Asst)
2016,9689,4,361,03,Kaila Charles,3,05,Destiny Slocum,3PTR,3,44.0,85.0,05 Destiny Slocum 3PTR GOOD (18 Pt); 03 Kaila Charles Assist (3 Asst)
2016,9689,4,263,14,Jenna Staiti,1,24,Stephanie Jones,LAYUP,2,46.0,87.0,24 Stephanie Jones LAYUP GOOD (4 Pt); 14 Jenna Staiti Assist (1 Asst)
2016,9689,4,99,22,Blair Watson,1,15,Kiah Gillespie,LAYUP,2,52.0,89.0,15 Kiah Gillespie LAYUP GOOD (4 Pt); 22 Blair Watson Assist (1 Asst)
2016,9690,1,587,05,Destiny Slocum,1,42,Brionna Jones,JUMPER,2,2.0,0.0,42 Brionna Jones JUMPER GOOD (2 Pt); 05 Destiny Slocum Assist (1 Asst)
2016,9690,1,503,05,Destiny Slocum,2,32,S. Walker-Kimbrough,3PTR,3,5.0,5.0,32 S. Walker-Kimbrough 3PTR GOOD (3 Pt); 05 Destiny Slocum Assist (2 Asst)
2016,9690,1,220,32,S. Walker-Kimbrough,1,24,Stephanie Jones,LAYUP,2,11.0,5.0,24 Stephanie Jones LAYUP GOOD (2 Pt); 32 S. Walker-Kimbrough Assist (1 Asst)
2016,9690,1,182,24,Stephanie Jones,1,32,S. Walker-Kimbrough,LAYUP,2,15.0,7.0,32 S. Walker-Kimbrough LAYUP GOOD (7 Pt); 24 Stephanie Jones Assist (1 Asst)
2016,9690,1,115,32,S. Walker-Kimbrough,2,05,Destiny Slocum,3PTR,3,18.0,7.0,05 Destiny Slocum 3PTR GOOD (3 Pt); 32 S. Walker-Kimbrough Assist (2 Asst)
2016,9690,1,89,42,Brionna Jones,1,03,Kaila Charles,LAYUP,2,20.0,7.0,03 Kaila Charles LAYUP GOOD (2 Pt); 42 Brionna Jones Assist (1 Asst)
2016,9690,1,53,32,S. Walker-Kimbrough,3,05,Destiny Slocum,3PTR,3,23.0,10.0,05 Destiny Slocum 3PTR GOOD (6 Pt); 32 S. Walker-Kimbrough Assist (3 Asst)
2016,9690,1,17,03,Kaila Charles,1,32,S. Walker-Kimbrough,3PTR,3,26.0,12.0,32 S. Walker-Kimbrough 3PTR GOOD (10 Pt); 03 Kaila Charles Assist (1 Asst)
2016,9690,2,225,32,S. Walker-Kimbrough,4,03,Kaila Charles,JUMPER,2,32.0,20.0,03 Kaila Charles JUMPER GOOD (4 Pt); 32 S. Walker-Kimbrough Assist (4 Asst)
2016,9690,2,146,05,Destiny Slocum,3,12,Kristen Confroy,3PTR,3,35.0,20.0,12 Kristen Confroy 3PTR GOOD (3 Pt); 05 Destiny Slocum Assist (3 Asst)
2016,9690,2,55,05,Destiny Slocum,4,32,S. Walker-Kimbrough,LAYUP,2,37.0,20.0,32 S. Walker-Kimbrough LAYUP GOOD (14 Pt); 05 Destiny Slocum Assist (4 Asst)
2016,9690,2,48,32,S. Walker-Kimbrough,5,03,Kaila Charles,LAYUP,2,40.0,20.0,03 Kaila Charles LAYUP GOOD (6 Pt); 32 S. Walker-Kimbrough Assist (5 Asst)
2016,9690,3,515,05,Destiny Slocum,5,32,S. Walker-Kimbrough,JUMPER,2,42.0,20.0,32 S. Walker-Kimbrough JUMPER GOOD (17 Pt); 05 Destiny Slocum Assist (5 Asst)
2016,9690,3,399,05,Destiny Slocum,6,03,Kaila Charles,LAYUP,2,48.0,28.0,03 Kaila Charles LAYUP GOOD (10 Pt); 05 Destiny Slocum Assist (6 Asst)
2016,9690,3,272,05,Destiny Slocum,7,01,Ieshia Small,LAYUP,2,55.0,30.0,01 Ieshia Small LAYUP GOOD (2 Pt); 05 Destiny Slocum Assist (7 Asst)
2016,9690,3,24,05,Destiny Slocum,8,32,S. Walker-Kimbrough,3PTR,3,60.0,37.0,32 S. Walker-Kimbrough 3PTR GOOD (20 Pt); 05 Destiny Slocum Assist (8 Asst)
2016,9690,4,444,05,Destiny Slocum,9,03,Kaila Charles,LAYUP,2,62.0,40.0,03 Kaila Charles LAYUP GOOD (12 Pt); 05 Destiny Slocum Assist (9 Asst)
2016,9690,4,353,12,Kristen Confroy,1,32,S. Walker-Kimbrough,3PTR,3,67.0,43.0,32 S. Walker-Kimbrough 3PTR GOOD (23 Pt); 12 Kristen Confroy Assist (1 Asst)
2016,9690,4,302,05,Destiny Slocum,10,32,S. Walker-Kimbrough,3PTR,3,72.0,46.0,32 S. Walker-Kimbrough 3PTR GOOD (26 Pt); 05 Destiny Slocum Assist (10 Asst)
2016,9690,4,237,32,S. Walker-Kimbrough,6,42,Brionna Jones,LAYUP,2,74.0,49.0,42 Brionna Jones LAYUP GOOD (12 Pt); 32 S. Walker-Kimbrough Assist (6 Asst)
2016,9690,4,205,05,Destiny Slocum,11,32,S. Walker-Kimbrough,3PTR,3,77.0,51.0,32 S. Walker-Kimbrough 3PTR GOOD (29 Pt); 05 Destiny Slocum Assist (11 Asst)
2016,9690,4,173,05,Destiny Slocum,12,15,Kiah Gillespie,LAYUP,2,79.0,53.0,15 Kiah Gillespie LAYUP GOOD (2 Pt); 05 Destiny Slocum Assist (12 Asst)
2016,9690,4,145,05,Destiny Slocum,13,15,Kiah Gillespie,JUMPER,2,82.0,54.0,15 Kiah Gillespie JUMPER GOOD (5 Pt); 05 Destiny Slocum Assist (13 Asst)
2016,9690,4,66,15,Kiah Gillespie,2,12,Kristen Confroy,JUMPER,2,84.0,59.0,12 Kristen Confroy JUMPER GOOD (5 Pt); 15 Kiah Gillespie Assist (2 Asst)
2016,9691,1,417,05,Destiny Slocum,1,42,Brionna Jones,LAYUP,2,2.0,6.0,42 Brionna Jones LAYUP GOOD (2 Pt); 05 Destiny Slocum Assist (1 Asst)
2016,9691,1,399,05,Destiny Slocum,2,32,S. Walker-Kimbrough,LAYUP,2,5.0,9.0,32 S. Walker-Kimbrough LAYUP GOOD (4 Pt); 05 Destiny Slocum Assist (2 Asst)
2016,9691,1,329,05,Destiny Slocum,3,42,Brionna Jones,LAYUP,2,7.0,11.0,42 Brionna Jones LAYUP GOOD (5 Pt); 05 Destiny Slocum Assist (3 Asst)
2016,9691,1,119,05,Destiny Slocum,4,32,S. Walker-Kimbrough,3PTR,3,13.0,23.0,32 S. Walker-Kimbrough 3PTR GOOD (11 Pt); 05 Destiny Slocum Assist (4 Asst)
2016,9691,2,505,42,Brionna Jones,1,34,Brianna Fraser,JUMPER,2,19.0,29.0,34 Brianna Fraser JUMPER GOOD (4 Pt); 42 Brionna Jones Assist (1 Asst)
2016,9691,2,354,05,Destiny Slocum,5,12,Kristen Confroy,LAYUP,2,26.0,34.0,12 Kristen Confroy LAYUP GOOD (4 Pt); 05 Destiny Slocum Assist (5 Asst)
2016,9691,2,311,32,S. Walker-Kimbrough,1,42,Brionna Jones,LAYUP,2,28.0,37.0,42 Brionna Jones LAYUP GOOD (11 Pt); 32 S. Walker-Kimbrough Assist (1 Asst)
2016,9691,2,192,12,Kristen Confroy,1,05,Destiny Slocum,3PTR,3,33.0,42.0,05 Destiny Slocum 3PTR GOOD (5 Pt); 12 Kristen Confroy Assist (1 Asst)
2016,9691,2,94,42,Brionna Jones,2,12,Kristen Confroy,3PTR,3,35.0,47.0,12 Kristen Confroy 3PTR GOOD (8 Pt); 42 Brionna Jones Assist (2 Asst)
2016,9691,2,49,42,Brionna Jones,3,24,Stephanie Jones,LAYUP,2,37.0,51.0,24 Stephanie Jones LAYUP GOOD (2 Pt); 42 Brionna Jones Assist (3 Asst)
2016,9691,3,464,32,S. Walker-Kimbrough,2,42,Brionna Jones,LAYUP,2,42.0,57.0,42 Brionna Jones LAYUP GOOD (17 Pt); 32 S. Walker-Kimbrough Assist (2 Asst)
2016,9691,3,204,32,S. Walker-Kimbrough,3,24,Stephanie Jones,LAYUP,2,47.0,64.0,24 Stephanie Jones LAYUP GOOD (4 Pt); 32 S. Walker-Kimbrough Assist (3 Asst)
2016,9691,3,75,05,Destiny Slocum,6,12,Kristen Confroy,JUMPER,2,49.0,67.0,12 Kristen Confroy JUMPER GOOD (10 Pt); 05 Destiny Slocum Assist (6 Asst)
2016,9691,4,455,05,Destiny Slocum,7,34,Brianna Fraser,LAYUP,2,54.0,71.0,34 Brianna Fraser LAYUP GOOD (8 Pt); 05 Destiny Slocum Assist (7 Asst)
2016,9691,4,409,12,Kristen Confroy,2,42,Brionna Jones,LAYUP,2,57.0,73.0,42 Brionna Jones LAYUP GOOD (23 Pt); 12 Kristen Confroy Assist (2 Asst)
2016,9691,4,75,12,Kristen Confroy,3,32,S. Walker-Kimbrough,3PTR,3,72.0,86.0,32 S. Walker-Kimbrough 3PTR GOOD (21 Pt); 12 Kristen Confroy Assist (3 Asst)
2016,9691,4,32,05,Destiny Slocum,8,32,S. Walker-Kimbrough,3PTR,3,72.0,89.0,32 S. Walker-Kimbrough 3PTR GOOD (24 Pt); 05 Destiny Slocum Assist (8 Asst)
2016,9692,1,469,01,Ieshia Small,1,32,S. Walker-Kimbrough,3PTR,3,5.0,0.0,32 S. Walker-Kimbrough 3PTR GOOD (5 Pt); 01 Ieshia Small Assist (1 Asst)
2016,9692,1,430,03,Kaila Charles,1,42,Brionna Jones,JUMPER,2,7.0,0.0,42 Brionna Jones JUMPER GOOD (2 Pt); 03 Kaila Charles Assist (1 Asst)
2016,9692,2,473,12,Kristen Confroy,1,03,Kaila Charles,LAYUP,2,26.0,5.0,03 Kaila Charles LAYUP GOOD (7 Pt); 12 Kristen Confroy Assist (1 Asst)
2016,9692,2,428,12,Kristen Confroy,2,22,Blair Watson,3PTR,3,31.0,5.0,22 Blair Watson 3PTR GOOD (3 Pt); 12 Kristen Confroy Assist (2 Asst)
2016,9692,2,330,12,Kristen Confroy,3,32,S. Walker-Kimbrough,3PTR,3,36.0,7.0,32 S. Walker-Kimbrough 3PTR GOOD (16 Pt); 12 Kristen Confroy Assist (3 Asst)
2016,9692,3,584,01,Ieshia Small,2,12,Kristen Confroy,3PTR,3,46.0,14.0,12 Kristen Confroy 3PTR GOOD (3 Pt); 01 Ieshia Small Assist (2 Asst)
2016,9692,3,435,32,S. Walker-Kimbrough,1,03,Kaila Charles,LAYUP,2,52.0,18.0,03 Kaila Charles LAYUP GOOD (10 Pt); 32 S. Walker-Kimbrough Assist (1 Asst)
2016,9692,3,404,01,Ieshia Small,3,03,Kaila Charles,LAYUP,2,54.0,18.0,03 Kaila Charles LAYUP GOOD (12 Pt); 01 Ieshia Small Assist (3 Asst)
2016,9692,3,327,42,Brionna Jones,1,32,S. Walker-Kimbrough,LAYUP,2,58.0,23.0,32 S. Walker-Kimbrough LAYUP GOOD (20 Pt); 42 Brionna Jones Assist (1 Asst)
2016,9692,3,112,24,Stephanie Jones,1,22,Blair Watson,3PTR,3,67.0,27.0,22 Blair Watson 3PTR GOOD (6 Pt); 24 Stephanie Jones Assist (1 Asst)
2016,9692,4,502,42,Brionna Jones,2,15,Kiah Gillespie,JUMPER,2,73.0,31.0,15 Kiah Gillespie JUMPER GOOD (4 Pt); 42 Brionna Jones Assist (2 Asst)
2016,9692,4,467,32,S. Walker-Kimbrough,2,15,Kiah Gillespie,JUMPER,2,75.0,33.0,15 Kiah Gillespie JUMPER GOOD (6 Pt); 32 S. Walker-Kimbrough Assist (2 Asst)
2016,9692,4,312,01,Ieshia Small,4,22,Blair Watson,LAYUP,2,81.0,38.0,22 Blair Watson LAYUP GOOD (8 Pt); 01 Ieshia Small Assist (4 Asst)
2016,9693,1,436,03,Kaila Charles,1,42,Brionna Jones,LAYUP,2,5.0,8.0,42 Brionna Jones LAYUP GOOD (6 Pt); 03 Kaila Charles Assist (1 Asst)
2016,9693,1,400,42,Brionna Jones,1,32,S. Walker-Kimbrough,3PTR,3,8.0,11.0,32 S. Walker-Kimbrough 3PTR GOOD (5 Pt); 42 Brionna Jones Assist (1 Asst)
2016,9693,1,254,32,S. Walker-Kimbrough,1,05,Destiny Slocum,3PTR,3,18.0,19.0,05 Destiny Slocum 3PTR GOOD (3 Pt); 32 S. Walker-Kimbrough Assist (1 Asst)
2016,9693,2,476,42,Brionna Jones,2,12,Kristen Confroy,3PTR,3,37.0,25.0,12 Kristen Confroy 3PTR GOOD (3 Pt); 42 Brionna Jones Assist (2 Asst)
2016,9693,2,447,42,Brionna Jones,3,03,Kaila Charles,LAYUP,2,37.0,27.0,03 Kaila Charles LAYUP GOOD (2 Pt); 42 Brionna Jones Assist (3 Asst)
2016,9693,2,412,05,Destiny Slocum,1,32,S. Walker-Kimbrough,3PTR,3,39.0,30.0,32 S. Walker-Kimbrough 3PTR GOOD (11 Pt); 05 Destiny Slocum Assist (1 Asst)
2016,9693,2,261,32,S. Walker-Kimbrough,2,05,Destiny Slocum,LAYUP,2,45.0,36.0,05 Destiny Slocum LAYUP GOOD (5 Pt); 32 S. Walker-Kimbrough Assist (2 Asst)
2016,9693,3,286,12,Kristen Confroy,1,32,S. Walker-Kimbrough,LAYUP,2,64.0,52.0,32 S. Walker-Kimbrough LAYUP GOOD (17 Pt); 12 Kristen Confroy Assist (1 Asst)
2016,9693,3,188,32,S. Walker-Kimbrough,3,05,Destiny Slocum,3PTR,3,68.0,55.0,05 Destiny Slocum 3PTR GOOD (10 Pt); 32 S. Walker-Kimbrough Assist (3 Asst)
2016,9693,3,162,05,Destiny Slocum,2,32,S. Walker-Kimbrough,JUMPER,2,68.0,57.0,32 S. Walker-Kimbrough JUMPER GOOD (19 Pt); 05 Destiny Slocum Assist (2 Asst)
2016,9693,3,129,32,S. Walker-Kimbrough,4,05,Destiny Slocum,3PTR,3,68.0,61.0,05 Destiny Slocum 3PTR GOOD (13 Pt); 32 S. Walker-Kimbrough Assist (4 Asst)
2016,9693,3,89,05,Destiny Slocum,3,12,Kristen Confroy,3PTR,3,68.0,64.0,12 Kristen Confroy 3PTR GOOD (8 Pt); 05 Destiny Slocum Assist (3 Asst)
2016,9693,4,344,32,S. Walker-Kimbrough,5,22,Blair Watson,3PTR,3,79.0,75.0,22 Blair Watson 3PTR GOOD (5 Pt); 32 S. Walker-Kimbrough Assist (5 Asst)
2016,9693,4,89,12,Kristen Confroy,2,42,Brionna Jones,LAYUP,2,90.0,84.0,42 Brionna Jones LAYUP GOOD (21 Pt); 12 Kristen Confroy Assist (2 Asst)
2016,9693,4,45,05,Destiny Slocum,4,32,S. Walker-Kimbrough,3PTR,3,95.0,87.0,32 S. Walker-Kimbrough 3PTR GOOD (29 Pt); 05 Destiny Slocum Assist (4 Asst)
2016,9694,1,464,12,Kristen Confroy,1,32,S. Walker-Kimbrough,3PTR,3,5.0,2.0,32 S. Walker-Kimbrough 3PTR GOOD (3 Pt); 12 Kristen Confroy Assist (1 Asst)
2016,9694,1,433,05,Destiny Slocum,1,32,S. Walker-Kimbrough,JUMPER,2,7.0,4.0,32 S. Walker-Kimbrough JUMPER GOOD (5 Pt); 05 Destiny Slocum Assist (1 Asst)
2016,9694,1,301,42,Brionna Jones,1,12,Kristen Confroy,3PTR,3,12.0,6.0,12 Kristen Confroy 3PTR GOOD (3 Pt); 42 Brionna Jones Assist (1 Asst)
2016,9694,1,263,05,Destiny Slocum,2,42,Brionna Jones,LAYUP,2,14.0,6.0,42 Brionna Jones LAYUP GOOD (4 Pt); 05 Destiny Slocum Assist (2 Asst)
2016,9694,1,113,32,S. Walker-Kimbrough,1,42,Brionna Jones,JUMPER,2,18.0,10.0,42 Brionna Jones JUMPER GOOD (6 Pt); 32 S. Walker-Kimbrough Assist (1 Asst)
2016,9694,1,82,34,Brianna Fraser,1,42,Brionna Jones,LAYUP,2,20.0,12.0,42 Brionna Jones LAYUP GOOD (8 Pt); 34 Brianna Fraser Assist (1 Asst)
2016,9694,2,499,32,S. Walker-Kimbrough,2,12,Kristen Confroy,LAYUP,2,33.0,12.0,12 Kristen Confroy LAYUP GOOD (5 Pt); 32 S. Walker-Kimbrough Assist (2 Asst)
2016,9694,2,381,32,S. Walker-Kimbrough,3,42,Brionna Jones,LAYUP,2,35.0,14.0,42 Brionna Jones LAYUP GOOD (13 Pt); 32 S. Walker-Kimbrough Assist (3 Asst)
2016,9694,2,342,05,Destiny Slocum,3,32,S. Walker-Kimbrough,3PTR,3,38.0,14.0,32 S. Walker-Kimbrough 3PTR GOOD (13 Pt); 05 Destiny Slocum Assist (3 Asst)
2016,9694,2,292,05,Destiny Slocum,4,32,S. Walker-Kimbrough,JUMPER,2,40.0,16.0,32 S. Walker-Kimbrough JUMPER GOOD (15 Pt); 05 Destiny Slocum Assist (4 Asst)
2016,9694,2,262,05,Destiny Slocum,5,03,Kaila Charles,LAYUP,2,42.0,19.0,03 Kaila Charles LAYUP GOOD (6 Pt); 05 Destiny Slocum Assist (5 Asst)
2016,9694,2,5,22,Blair Watson,1,24,Stephanie Jones,JUMPER,2,51.0,30.0,24 Stephanie Jones JUMPER GOOD (2 Pt); 22 Blair Watson Assist (1 Asst)
2016,9694,3,384,32,S. Walker-Kimbrough,4,42,Brionna Jones,LAYUP,2,56.0,34.0,42 Brionna Jones LAYUP GOOD (18 Pt); 32 S. Walker-Kimbrough Assist (4 Asst)
2016,9694,3,309,05,Destiny Slocum,6,32,S. Walker-Kimbrough,3PTR,3,61.0,36.0,32 S. Walker-Kimbrough 3PTR GOOD (22 Pt); 05 Destiny Slocum Assist (6 Asst)
2016,9694,3,162,32,S. Walker-Kimbrough,5,15,Kiah Gillespie,LAYUP,2,66.0,42.0,15 Kiah Gillespie LAYUP GOOD (2 Pt); 32 S. Walker-Kimbrough Assist (5 Asst)
2016,9694,3,118,42,Brionna Jones,2,24,Stephanie Jones,LAYUP,2,68.0,43.0,24 Stephanie Jones LAYUP GOOD (4 Pt); 42 Brionna Jones Assist (2 Asst)
2016,9694,4,486,32,S. Walker-Kimbrough,6,42,Brionna Jones,LAYUP,2,74.0,48.0,42 Brionna Jones LAYUP GOOD (21 Pt); 32 S. Walker-Kimbrough Assist (6 Asst)
2016,9694,4,406,05,Destiny Slocum,7,15,Kiah Gillespie,JUMPER,2,77.0,48.0,15 Kiah Gillespie JUMPER GOOD (4 Pt); 05 Destiny Slocum Assist (7 Asst)
2016,9694,4,384,05,Destiny Slocum,8,15,Kiah Gillespie,JUMPER,2,79.0,48.0,15 Kiah Gillespie JUMPER GOOD (6 Pt); 05 Destiny Slocum Assist (8 Asst)
2016,9694,4,359,15,Kiah Gillespie,1,42,Brionna Jones,LAYUP,2,81.0,48.0,42 Brionna Jones LAYUP GOOD (24 Pt); 15 Kiah Gillespie Assist (1 Asst)
2016,9694,4,317,22,Blair Watson,2,32,S. Walker-Kimbrough,3PTR,3,84.0,50.0,32 S. Walker-Kimbrough 3PTR GOOD (27 Pt); 22 Blair Watson Assist (2 Asst)
2016,9694,4,201,01,Ieshia Small,1,15,Kiah Gillespie,JUMPER,2,86.0,53.0,15 Kiah Gillespie JUMPER GOOD (8 Pt); 01 Ieshia Small Assist (1 Asst)
2016,9694,4,134,01,Ieshia Small,2,22,Blair Watson,3PTR,3,91.0,55.0,22 Blair Watson 3PTR GOOD (3 Pt); 01 Ieshia Small Assist (2 Asst)
2016,9694,4,74,01,Ieshia Small,3,14,Jenna Staiti,LAYUP,2,93.0,57.0,14 Jenna Staiti LAYUP GOOD (2 Pt); 01 Ieshia Small Assist (3 Asst)
2016,9695,1,451,05,Destiny Slocum,1,32,S. Walker-Kimbrough,3PTR,3,3.0,4.0,32 S. Walker-Kimbrough 3PTR GOOD (3 Pt); 05 Destiny Slocum Assist (1 Asst)
2016,9695,1,287,05,Destiny Slocum,2,42,Brionna Jones,LAYUP,2,12.0,6.0,42 Brionna Jones LAYUP GOOD (2 Pt); 05 Destiny Slocum Assist (2 Asst)
2016,9695,1,228,05,Destiny Slocum,3,01,Ieshia Small,3PTR,3,17.0,9.0,01 Ieshia Small 3PTR GOOD (3 Pt); 05 Destiny Slocum Assist (3 Asst)
2016,9695,1,88,32,S. Walker-Kimbrough,1,05,Destiny Slocum,LAYUP,2,22.0,12.0,05 Destiny Slocum LAYUP GOOD (5 Pt); 32 S. Walker-Kimbrough Assist (1 Asst)
2016,9695,1,62,05,Destiny Slocum,4,32,S. Walker-Kimbrough,JUMPER,2,24.0,12.0,32 S. Walker-Kimbrough JUMPER GOOD (5 Pt); 05 Destiny Slocum Assist (4 Asst)
2016,9695,2,532,03,Kaila Charles,1,42,Brionna Jones,LAYUP,2,29.0,19.0,42 Brionna Jones LAYUP GOOD (4 Pt); 03 Kaila Charles Assist (1 Asst)
2016,9695,2,498,05,Destiny Slocum,5,42,Brionna Jones,LAYUP,2,31.0,19.0,42 Brionna Jones LAYUP GOOD (6 Pt); 05 Destiny Slocum Assist (5 Asst)
2016,9695,2,402,05,Destiny Slocum,6,32,S. Walker-Kimbrough,JUMPER,2,33.0,26.0,32 S. Walker-Kimbrough JUMPER GOOD (7 Pt); 05 Destiny Slocum Assist (6 Asst)
2016,9695,2,349,32,S. Walker-Kimbrough,2,12,Kristen Confroy,JUMPER,2,35.0,26.0,12 Kristen Confroy JUMPER GOOD (2 Pt); 32 S. Walker-Kimbrough Assist (2 Asst)
2016,9695,2,211,01,Ieshia Small,1,05,Destiny Slocum,3PTR,3,40.0,28.0,05 Destiny Slocum 3PTR GOOD (8 Pt); 01 Ieshia Small Assist (1 Asst)
2016,9695,2,183,01,Ieshia Small,2,12,Kristen Confroy,3PTR,3,43.0,28.0,12 Kristen Confroy 3PTR GOOD (5 Pt); 01 Ieshia Small Assist (2 Asst)
2016,9695,2,148,01,Ieshia Small,3,42,Brionna Jones,LAYUP,2,45.0,31.0,42 Brionna Jones LAYUP GOOD (8 Pt); 01 Ieshia Small Assist (3 Asst)
2016,9695,3,495,42,Brionna Jones,1,32,S. Walker-Kimbrough,3PTR,3,51.0,35.0,32 S. Walker-Kimbrough 3PTR GOOD (12 Pt); 42 Brionna Jones Assist (1 Asst)
2016,9695,3,427,42,Brionna Jones,2,32,S. Walker-Kimbrough,3PTR,3,54.0,37.0,32 S. Walker-Kimbrough 3PTR GOOD (15 Pt); 42 Brionna Jones Assist (2 Asst)
2016,9695,3,384,12,Kristen Confroy,1,03,Kaila Charles,JUMPER,2,56.0,40.0,03 Kaila Charles JUMPER GOOD (10 Pt); 12 Kristen Confroy Assist (1 Asst)
2016,9695,3,321,12,Kristen Confroy,2,32,S. Walker-Kimbrough,3PTR,3,61.0,42.0,32 S. Walker-Kimbrough 3PTR GOOD (20 Pt); 12 Kristen Confroy Assist (2 Asst)
2016,9695,3,279,32,S. Walker-Kimbrough,3,03,Kaila Charles,JUMPER,2,63.0,45.0,03 Kaila Charles JUMPER GOOD (12 Pt); 32 S. Walker-Kimbrough Assist (3 Asst)
2016,9695,4,509,01,Ieshia Small,4,03,Kaila Charles,LAYUP,2,75.0,58.0,03 Kaila Charles LAYUP GOOD (14 Pt); 01 Ieshia Small Assist (4 Asst)
2016,9695,4,457,22,Blair Watson,1,05,Destiny Slocum,3PTR,3,79.0,60.0,05 Destiny Slocum 3PTR GOOD (13 Pt); 22 Blair Watson Assist (1 Asst)
2016,9695,4,338,22,Blair Watson,2,32,S. Walker-Kimbrough,3PTR,3,82.0,64.0,32 S. Walker-Kimbrough 3PTR GOOD (28 Pt); 22 Blair Watson Assist (2 Asst)
2016,9695,4,275,22,Blair Watson,3,12,Kristen Confroy,LAYUP,2,87.0,64.0,12 Kristen Confroy LAYUP GOOD (7 Pt); 22 Blair Watson Assist (3 Asst)
2016,9695,4,44,21,Sarah Myers,1,14,Jenna Staiti,LAYUP,2,90.0,75.0,14 Jenna Staiti LAYUP GOOD (2 Pt); 21 Sarah Myers Assist (1 Asst)
2016,9695,4,24,01,Ieshia Small,5,14,Jenna Staiti,JUMPER,2,92.0,77.0,14 Jenna Staiti JUMPER GOOD (4 Pt); 01 Ieshia Small Assist (5 Asst)
2016,9696,1,383,05,Destiny Slocum,1,03,Kaila Charles,JUMPER,2,8.0,7.0,03 Kaila Charles JUMPER GOOD (2 Pt); 05 Destiny Slocum Assist (1 Asst)
2016,9696,1,347,42,Brionna Jones,1,05,Destiny Slocum,3PTR,3,11.0,10.0,05 Destiny Slocum 3PTR GOOD (3 Pt); 42 Brionna Jones Assist (1 Asst)
2016,9696,1,317,42,Brionna Jones,2,32,S. Walker-Kimbrough,LAYUP,2,13.0,10.0,32 S. Walker-Kimbrough LAYUP GOOD (4 Pt); 42 Brionna Jones Assist (2 Asst)
2016,9696,1,237,05,Destiny Slocum,2,03,Kaila Charles,JUMPER,2,15.0,10.0,03 Kaila Charles JUMPER GOOD (4 Pt); 05 Destiny Slocum Assist (2 Asst)
2016,9696,1,195,42,Brionna Jones,3,32,S. Walker-Kimbrough,3PTR,3,18.0,10.0,32 S. Walker-Kimbrough 3PTR GOOD (7 Pt); 42 Brionna Jones Assist (3 Asst)
2016,9696,2,566,42,Brionna Jones,4,32,S. Walker-Kimbrough,3PTR,3,23.0,17.0,32 S. Walker-Kimbrough 3PTR GOOD (10 Pt); 42 Brionna Jones Assist (4 Asst)
2016,9696,2,505,32,S. Walker-Kimbrough,1,12,Kristen Confroy,3PTR,3,26.0,19.0,12 Kristen Confroy 3PTR GOOD (3 Pt); 32 S. Walker-Kimbrough Assist (1 Asst)
2016,9696,2,460,12,Kristen Confroy,1,42,Brionna Jones,LAYUP,2,28.0,21.0,42 Brionna Jones LAYUP GOOD (6 Pt); 12 Kristen Confroy Assist (1 Asst)
2016,9696,2,259,21,Sarah Myers,1,32,S. Walker-Kimbrough,LAYUP,2,35.0,30.0,32 S. Walker-Kimbrough LAYUP GOOD (12 Pt); 21 Sarah Myers Assist (1 Asst)
2016,9696,2,213,21,Sarah Myers,2,42,Brionna Jones,LAYUP,2,37.0,30.0,42 Brionna Jones LAYUP GOOD (8 Pt); 21 Sarah Myers Assist (2 Asst)
2016,9696,2,82,32,S. Walker-Kimbrough,2,34,Brianna Fraser,JUMPER,2,41.0,31.0,34 Brianna Fraser JUMPER GOOD (4 Pt); 32 S. Walker-Kimbrough Assist (2 Asst)
2016,9696,2,14,42,Brionna Jones,5,32,S. Walker-Kimbrough,LAYUP,2,47.0,34.0,32 S. Walker-Kimbrough LAYUP GOOD (17 Pt); 42 Brionna Jones Assist (5 Asst)
2016,9696,3,485,32,S. Walker-Kimbrough,3,42,Brionna Jones,LAYUP,2,51.0,38.0,42 Brionna Jones LAYUP GOOD (13 Pt); 32 S. Walker-Kimbrough Assist (3 Asst)
2016,9696,3,325,42,Brionna Jones,6,24,Stephanie Jones,LAYUP,2,57.0,49.0,24 Stephanie Jones LAYUP GOOD (2 Pt); 42 Brionna Jones Assist (6 Asst)
2016,9696,3,236,05,Destiny Slocum,3,42,Brionna Jones,LAYUP,2,61.0,52.0,42 Brionna Jones LAYUP GOOD (19 Pt); 05 Destiny Slocum Assist (3 Asst)
2016,9696,3,149,32,S. Walker-Kimbrough,4,05,Destiny Slocum,3PTR,3,64.0,52.0,05 Destiny Slocum 3PTR GOOD (7 Pt); 32 S. Walker-Kimbrough Assist (4 Asst)
2016,9696,3,89,05,Destiny Slocum,4,42,Brionna Jones,JUMPER,2,66.0,57.0,42 Brionna Jones JUMPER GOOD (21 Pt); 05 Destiny Slocum Assist (4 Asst)
2016,9696,4,515,05,Destiny Slocum,5,32,S. Walker-Kimbrough,JUMPER,2,75.0,63.0,32 S. Walker-Kimbrough JUMPER GOOD (21 Pt); 05 Destiny Slocum Assist (5 Asst)
2016,9696,4,262,03,Kaila Charles,1,42,Brionna Jones,LAYUP,2,86.0,75.0,42 Brionna Jones LAYUP GOOD (32 Pt); 03 Kaila Charles Assist (1 Asst)
2016,9697,1,554,32,S. Walker-Kimbrough,1,12,Kristen Confroy,3PTR,3,3.0,2.0,12 Kristen Confroy 3PTR GOOD (3 Pt); 32 S. Walker-Kimbrough Assist (1 Asst)
2016,9697,1,390,05,Destiny Slocum,1,42,Brionna Jones,LAYUP,2,7.0,6.0,42 Brionna Jones LAYUP GOOD (4 Pt); 05 Destiny Slocum Assist (1 Asst)
2016,9697,1,334,05,Destiny Slocum,2,03,Kaila Charles,JUMPER,2,9.0,7.0,03 Kaila Charles JUMPER GOOD (2 Pt); 05 Destiny Slocum Assist (2 Asst)
2016,9697,1,83,22,Blair Watson,1,05,Destiny Slocum,3PTR,3,15.0,14.0,05 Destiny Slocum 3PTR GOOD (3 Pt); 22 Blair Watson Assist (1 Asst)
2016,9697,2,570,42,Brionna Jones,1,34,Brianna Fraser,LAYUP,2,20.0,14.0,34 Brianna Fraser LAYUP GOOD (2 Pt); 42 Brionna Jones Assist (1 Asst)
2016,9697,2,531,12,Kristen Confroy,1,05,Destiny Slocum,3PTR,3,24.0,16.0,05 Destiny Slocum 3PTR GOOD (9 Pt); 12 Kristen Confroy Assist (1 Asst)
2016,9697,2,380,05,Destiny Slocum,3,24,Stephanie Jones,LAYUP,2,26.0,24.0,24 Stephanie Jones LAYUP GOOD (2 Pt); 05 Destiny Slocum Assist (3 Asst)
2016,9697,2,346,32,S. Walker-Kimbrough,2,24,Stephanie Jones,LAYUP,2,28.0,27.0,24 Stephanie Jones LAYUP GOOD (4 Pt); 32 S. Walker-Kimbrough Assist (2 Asst)
2016,9697,2,303,12,Kristen Confroy,2,32,S. Walker-Kimbrough,JUMPER,2,30.0,27.0,32 S. Walker-Kimbrough JUMPER GOOD (2 Pt); 12 Kristen Confroy Assist (2 Asst)
2016,9697,2,222,05,Destiny Slocum,4,12,Kristen Confroy,3PTR,3,33.0,27.0,12 Kristen Confroy 3PTR GOOD (6 Pt); 05 Destiny Slocum Assist (4 Asst)
2016,9697,3,494,12,Kristen Confroy,3,42,Brionna Jones,LAYUP,2,44.0,38.0,42 Brionna Jones LAYUP GOOD (14 Pt); 12 Kristen Confroy Assist (3 Asst)
2016,9697,3,445,42,Brionna Jones,2,12,Kristen Confroy,3PTR,3,47.0,38.0,12 Kristen Confroy 3PTR GOOD (9 Pt); 42 Brionna Jones Assist (2 Asst)
2016,9697,3,368,42,Brionna Jones,3,03,Kaila Charles,LAYUP,2,49.0,38.0,03 Kaila Charles LAYUP GOOD (4 Pt); 42 Brionna Jones Assist (3 Asst)
2016,9697,3,136,05,Destiny Slocum,5,42,Brionna Jones,LAYUP,2,55.0,42.0,42 Brionna Jones LAYUP GOOD (16 Pt); 05 Destiny Slocum Assist (5 Asst)
2016,9697,3,63,05,Destiny Slocum,6,42,Brionna Jones,LAYUP,2,57.0,44.0,42 Brionna Jones LAYUP GOOD (18 Pt); 05 Destiny Slocum Assist (6 Asst)
2016,9697,4,591,32,S. Walker-Kimbrough,3,42,Brionna Jones,LAYUP,2,59.0,46.0,42 Brionna Jones LAYUP GOOD (20 Pt); 32 S. Walker-Kimbrough Assist (3 Asst)
2016,9697,4,522,34,Brianna Fraser,1,42,Brionna Jones,LAYUP,2,63.0,46.0,42 Brionna Jones LAYUP GOOD (22 Pt); 34 Brianna Fraser Assist (1 Asst)
2016,9697,4,468,05,Destiny Slocum,7,42,Brionna Jones,LAYUP,2,66.0,48.0,42 Brionna Jones LAYUP GOOD (25 Pt); 05 Destiny Slocum Assist (7 Asst)
2016,9698,1,516,05,Destiny Slocum,1,42,Brionna Jones,LAYUP,2,2.0,3.0,42 Brionna Jones LAYUP GOOD (2 Pt); 05 Destiny Slocum Assist (1 Asst)
2016,9698,1,475,05,Destiny Slocum,2,32,S. Walker-Kimbrough,LAYUP,2,4.0,3.0,32 S. Walker-Kimbrough LAYUP GOOD (2 Pt); 05 Destiny Slocum Assist (2 Asst)
2016,9698,1,264,34,Brianna Fraser,1,42,Brionna Jones,LAYUP,2,15.0,7.0,42 Brionna Jones LAYUP GOOD (6 Pt); 34 Brianna Fraser Assist (1 Asst)
2016,9698,1,187,12,Kristen Confroy,1,42,Brionna Jones,LAYUP,2,19.0,10.0,42 Brionna Jones LAYUP GOOD (8 Pt); 12 Kristen Confroy Assist (1 Asst)
2016,9698,2,578,05,Destiny Slocum,3,03,Kaila Charles,JUMPER,2,24.0,10.0,03 Kaila Charles JUMPER GOOD (2 Pt); 05 Destiny Slocum Assist (3 Asst)
2016,9698,2,407,05,Destiny Slocum,4,32,S. Walker-Kimbrough,JUMPER,2,26.0,12.0,32 S. Walker-Kimbrough JUMPER GOOD (13 Pt); 05 Destiny Slocum Assist (4 Asst)
2016,9698,2,152,12,Kristen Confroy,2,42,Brionna Jones,LAYUP,2,34.0,18.0,42 Brionna Jones LAYUP GOOD (14 Pt); 12 Kristen Confroy Assist (2 Asst)
2016,9698,2,35,32,S. Walker-Kimbrough,1,12,Kristen Confroy,LAYUP,2,45.0,20.0,12 Kristen Confroy LAYUP GOOD (2 Pt); 32 S. Walker-Kimbrough Assist (1 Asst)
2016,9698,3,540,05,Destiny Slocum,5,32,S. Walker-Kimbrough,JUMPER,2,49.0,24.0,32 S. Walker-Kimbrough JUMPER GOOD (18 Pt); 05 Destiny Slocum Assist (5 Asst)
2016,9698,3,509,32,S. Walker-Kimbrough,2,42,Brionna Jones,LAYUP,2,51.0,24.0,42 Brionna Jones LAYUP GOOD (23 Pt); 32 S. Walker-Kimbrough Assist (2 Asst)
2016,9698,3,495,42,Brionna Jones,1,32,S. Walker-Kimbrough,LAYUP,2,53.0,24.0,32 S. Walker-Kimbrough LAYUP GOOD (20 Pt); 42 Brionna Jones Assist (1 Asst)
2016,9698,3,456,05,Destiny Slocum,6,32,S. Walker-Kimbrough,3PTR,3,56.0,25.0,32 S. Walker-Kimbrough 3PTR GOOD (23 Pt); 05 Destiny Slocum Assist (6 Asst)
2016,9698,3,387,34,Brianna Fraser,2,12,Kristen Confroy,LAYUP,2,60.0,25.0,12 Kristen Confroy LAYUP GOOD (4 Pt); 34 Brianna Fraser Assist (2 Asst)
2016,9698,3,331,05,Destiny Slocum,7,03,Kaila Charles,LAYUP,2,62.0,31.0,03 Kaila Charles LAYUP GOOD (4 Pt); 05 Destiny Slocum Assist (7 Asst)
2016,9698,3,286,14,Jenna Staiti,1,32,S. Walker-Kimbrough,3PTR,3,66.0,33.0,32 S. Walker-Kimbrough 3PTR GOOD (28 Pt); 14 Jenna Staiti Assist (1 Asst)
2016,9698,3,239,21,Sarah Myers,1,15,Kiah Gillespie,JUMPER,2,68.0,37.0,15 Kiah Gillespie JUMPER GOOD (2 Pt); 21 Sarah Myers Assist (1 Asst)
2016,9698,3,190,21,Sarah Myers,2,42,Brionna Jones,LAYUP,2,70.0,37.0,42 Brionna Jones LAYUP GOOD (25 Pt); 21 Sarah Myers Assist (2 Asst)
2016,9698,4,285,01,Ieshia Small,1,14,Jenna Staiti,JUMPER,2,84.0,44.0,14 Jenna Staiti JUMPER GOOD (2 Pt); 01 Ieshia Small Assist (1 Asst)
2016,9698,4,227,21,Sarah Myers,3,22,Blair Watson,3PTR,3,89.0,47.0,22 Blair Watson 3PTR GOOD (3 Pt); 21 Sarah Myers Assist (3 Asst)
2016,9698,4,202,01,Ieshia Small,2,24,Stephanie Jones,LAYUP,2,91.0,49.0,24 Stephanie Jones LAYUP GOOD (4 Pt); 01 Ieshia Small Assist (2 Asst)
2016,9698,4,154,01,Ieshia Small,3,15,Kiah Gillespie,JUMPER,2,93.0,51.0,15 Kiah Gillespie JUMPER GOOD (4 Pt); 01 Ieshia Small Assist (3 Asst)
2016,9698,4,29,22,Blair Watson,1,14,Jenna Staiti,LAYUP,2,103.0,59.0,14 Jenna Staiti LAYUP GOOD (4 Pt); 22 Blair Watson Assist (1 Asst)
2016,9699,1,568,05,Destiny Slocum,1,32,S. Walker-Kimbrough,3PTR,3,3.0,0.0,32 S. Walker-Kimbrough 3PTR GOOD (3 Pt); 05 Destiny Slocum Assist (1 Asst)
2016,9699,1,274,05,Destiny Slocum,2,12,Kristen Confroy,3PTR,3,8.0,9.0,12 Kristen Confroy 3PTR GOOD (3 Pt); 05 Destiny Slocum Assist (2 Asst)
2016,9699,1,0,32,S. Walker-Kimbrough,1,42,Brionna Jones,LAYUP,2,12.0,16.0,42 Brionna Jones LAYUP GOOD (4 Pt); 32 S. Walker-Kimbrough Assist (1 Asst)
2016,9699,2,580,05,Destiny Slocum,3,32,S. Walker-Kimbrough,3PTR,3,15.0,16.0,32 S. Walker-Kimbrough 3PTR GOOD (6 Pt); 05 Destiny Slocum Assist (3 Asst)
2016,9699,2,431,24,Stephanie Jones,1,42,Brionna Jones,LAYUP,2,21.0,16.0,42 Brionna Jones LAYUP GOOD (8 Pt); 24 Stephanie Jones Assist (1 Asst)
2016,9699,2,252,05,Destiny Slocum,4,03,Kaila Charles,LAYUP,2,25.0,18.0,03 Kaila Charles LAYUP GOOD (2 Pt); 05 Destiny Slocum Assist (4 Asst)
2016,9699,2,90,32,S. Walker-Kimbrough,2,05,Destiny Slocum,LAYUP,2,33.0,20.0,05 Destiny Slocum LAYUP GOOD (8 Pt); 32 S. Walker-Kimbrough Assist (2 Asst)
2016,9699,3,548,05,Destiny Slocum,5,42,Brionna Jones,LAYUP,2,40.0,26.0,42 Brionna Jones LAYUP GOOD (10 Pt); 05 Destiny Slocum Assist (5 Asst)
2016,9699,3,504,05,Destiny Slocum,6,12,Kristen Confroy,3PTR,3,45.0,26.0,12 Kristen Confroy 3PTR GOOD (8 Pt); 05 Destiny Slocum Assist (6 Asst)
2016,9699,3,468,32,S. Walker-Kimbrough,3,12,Kristen Confroy,3PTR,3,48.0,27.0,12 Kristen Confroy 3PTR GOOD (11 Pt); 32 S. Walker-Kimbrough Assist (3 Asst)
2016,9699,3,431,42,Brionna Jones,1,32,S. Walker-Kimbrough,JUMPER,2,50.0,27.0,32 S. Walker-Kimbrough JUMPER GOOD (14 Pt); 42 Brionna Jones Assist (1 Asst)
2016,9699,3,254,42,Brionna Jones,2,24,Stephanie Jones,LAYUP,2,54.0,37.0,24 Stephanie Jones LAYUP GOOD (2 Pt); 42 Brionna Jones Assist (2 Asst)
2016,9699,3,96,05,Destiny Slocum,7,42,Brionna Jones,LAYUP,2,58.0,42.0,42 Brionna Jones LAYUP GOOD (16 Pt); 05 Destiny Slocum Assist (7 Asst)
2016,9699,4,298,05,Destiny Slocum,8,32,S. Walker-Kimbrough,JUMPER,2,76.0,50.0,32 S. Walker-Kimbrough JUMPER GOOD (19 Pt); 05 Destiny Slocum Assist (8 Asst)
2016,9699,4,151,22,Blair Watson,1,42,Brionna Jones,LAYUP,2,83.0,56.0,42 Brionna Jones LAYUP GOOD (22 Pt); 22 Blair Watson Assist (1 Asst)
2016,9700,1,203,42,Brionna Jones,1,24,Stephanie Jones,LAYUP,2,10.0,7.0,24 Stephanie Jones LAYUP GOOD (4 Pt); 42 Brionna Jones Assist (1 Asst)
2016,9700,1,144,05,Destiny Slocum,1,42,Brionna Jones,LAYUP,2,12.0,11.0,42 Brionna Jones LAYUP GOOD (2 Pt); 05 Destiny Slocum Assist (1 Asst)
2016,9700,2,274,34,Brianna Fraser,1,42,Brionna Jones,LAYUP,2,23.0,26.0,42 Brionna Jones LAYUP GOOD (10 Pt); 34 Brianna Fraser Assist (1 Asst)
2016,9700,3,326,42,Brionna Jones,2,05,Destiny Slocum,LAYUP,2,37.0,40.0,05 Destiny Slocum LAYUP GOOD (5 Pt); 42 Brionna Jones Assist (2 Asst)
2016,9700,3,207,05,Destiny Slocum,2,24,Stephanie Jones,JUMPER,2,39.0,47.0,24 Stephanie Jones JUMPER GOOD (6 Pt); 05 Destiny Slocum Assist (2 Asst)
2016,9700,3,142,32,S. Walker-Kimbrough,1,24,Stephanie Jones,LAYUP,2,43.0,53.0,24 Stephanie Jones LAYUP GOOD (8 Pt); 32 S. Walker-Kimbrough Assist (1 Asst)
2016,9700,4,586,05,Destiny Slocum,3,03,Kaila Charles,JUMPER,2,49.0,59.0,03 Kaila Charles JUMPER GOOD (2 Pt); 05 Destiny Slocum Assist (3 Asst)
2016,9700,4,546,03,Kaila Charles,1,42,Brionna Jones,LAYUP,2,51.0,59.0,42 Brionna Jones LAYUP GOOD (14 Pt); 03 Kaila Charles Assist (1 Asst)
2016,9700,4,421,32,S. Walker-Kimbrough,2,03,Kaila Charles,LAYUP,2,55.0,65.0,03 Kaila Charles LAYUP GOOD (4 Pt); 32 S. Walker-Kimbrough Assist (2 Asst)
