"source_id","file_id","team","lineup","num_players","start_seconds","end_seconds","duration","pts_for","pts_against","plus_minus"
"2016-17","9665","UMass-Lowell","Asia MITCHELL-OWENS|Katherine SMITH|Kayla GIBBS|Nicole HAYNER|Shawnkia McCALLUM",5,0,60,60,0,5,-5
"2016-17","9665","UMass-Lowell","Asia MITCHELL-OWENS|Katherine SMITH|Kayla GIBBS|Megan HENDRICK|Shawnkia McCALLUM",5,60,139,79,1,2,-1
"2016-17","9665","Maryland","Brionna Jones|Destiny Slocum|Kaila Charles|Kristen Confroy|S. Walker-Kimbrough",5,0,139,139,7,1,6
"2016-17","9665","UMass-Lowell","Asia MITCHELL-OWENS|Kayla GIBBS|Megan HENDRICK|Shawnkia McCALLUM|Tyshay BRITTEN",5,139,283,144,2,10,-8
"2016-17","9665","Maryland","Brionna Jones|Destiny Slocum|Kiah Gillespie|Kristen Confroy|S. Walker-Kimbrough",5,139,283,144,10,2,8
"2016-17","9665","Maryland","Ieshia Small|Jenna Staiti|Kiah Gillespie|Kristen Confroy|S. Walker-Kimbrough",5,283,355,72,2,2,0
"2016-17","9665","Maryland","Ieshia Small|Jenna Staiti|Kiah Gillespie|S. Walker-Kimbrough|Sarah Myers",5,355,396,41,0,0,0
"2016-17","9665","Maryland","Brionna Jones|Ieshia Small|Kaila Charles|S. Walker-Kimbrough|Sarah Myers",5,396,407,11,0,0,0
"2016-17","9665","UMass-Lowell","Asia MITCHELL-OWENS|Katherine SMITH|Megan HENDRICK|Nazarae BUTLER|Tyshay BRITTEN",5,283,444,161,2,4,-2
"2016-17","9665","Maryland","Brionna Jones|Destiny Slocum|Kaila Charles|S. Walker-Kimbrough|Sarah Myers",5,407,444,37,2,0,2
"2016-17","9665","UMass-Lowell","Asia MITCHELL-OWENS|Kayla GIBBS|Megan HENDRICK|Nazarae BUTLER|Tyshay BRITTEN",5,444,470,26,0,4,-4
"2016-17","9665","Maryland","Blair Watson|Brionna Jones|Destiny Slocum|Kaila Charles|S. Walker-Kimbrough",5,444,575,131,13,0,13
"2016-17","9665","Maryland","Blair Watson|Brianna Fraser|Destiny Slocum|Kaila Charles|Kristen Confroy",5,575,600,25,0,0,0
"2016-17","9665","UMass-Lowell","Asia MITCHELL-OWENS|Kayla GIBBS|Nazarae BUTLER|Shawnkia McCALLUM|Tyshay BRITTEN",5,470,600,130,0,9,-9
"2016-17","9665","UMass-Lowell","Amanda ORTIZ|Kayla GIBBS|Kiana BATAGELJ|Megan HENDRICK|Shawnkia McCALLUM",5,600,640,40,0,2,-2
"2016-17","9665","Maryland","Blair Watson|Brianna Fraser|Destiny Slocum|Kaila Charles|Kristen Confroy",5,600,640,40,2,0,2
"2016-17","9665","Maryland","Brianna Fraser|Destiny Slocum|Ieshia Small|Kaila Charles|Kristen Confroy",5,640,692,52,2,0,2
"2016-17","9665","UMass-Lowell","Amanda ORTIZ|Kiana BATAGELJ|Megan HENDRICK|Shawnkia McCALLUM|Tyshay BRITTEN",5,640,780,140,5,6,-1
"2016-17","9665","Maryland","Brianna Fraser|Destiny Slocum|Ieshia Small|Jenna Staiti|Kristen Confroy",5,692,788,96,4,5,-1
"2016-17","9665","UMass-Lowell","Amanda ORTIZ|Kiana BATAGELJ|Megan HENDRICK|Oda SHACKELFORD|Shawnkia McCALLUM",5,780,837,57,0,0,0
"2016-17","9665","Maryland","Brianna Fraser|Destiny Slocum|Ieshia Small|Kiah Gillespie|Kristen Confroy",5,788,837,49,0,0,0
"2016-17","9665","Maryland","Brionna Jones|Destiny Slocum|Ieshia Small|Kristen Confroy|Stephanie Jones",5,837,899,62,0,2,-2
"2016-17","9665","UMass-Lowell","Amanda ORTIZ|Asia MITCHELL-OWENS|Kiana BATAGELJ|Megan HENDRICK|Oda SHACKELFORD",5,837,952,115,2,2,0
"2016-17","9665","Maryland","Brionna Jones|Ieshia Small|Kristen Confroy|S. Walker-Kimbrough|Stephanie Jones",5,899,985,86,4,0,4
"2016-17","9665","Maryland","Blair Watson|Brionna Jones|Ieshia Small|Kristen Confroy|Stephanie Jones",5,985,1007,22,3,0,3
"2016-17","9665","Maryland","Blair Watson|Brianna Fraser|Ieshia Small|Kiah Gillespie|Kristen Confroy",5,1007,1072,65,0,0,0
"2016-17","9665","Maryland","Blair Watson|Brianna Fraser|Ieshia Small|Kiah Gillespie|Sarah Myers",5,1072,1144,72,4,2,2
"2016-17","9665","Maryland","Blair Watson|Brianna Fraser|Ieshia Small|Sarah Myers|Stephanie Jones",5,1144,1200,56,4,2,2
"2016-17","9665","UMass-Lowell","Asia MITCHELL-OWENS|Kiana BATAGELJ|Megan HENDRICK|Nicole HAYNER|Oda SHACKELFORD",5,952,1200,248,4,13,-9
"2016-17","9665","UMass-Lowell","Asia MITCHELL-OWENS|Katherine SMITH|Kayla GIBBS|Nicole HAYNER|Shawnkia McCALLUM",5,1200,1372,172,6,8,-2
"2016-17","9665","Maryland","Brionna Jones|Destiny Slocum|Kaila Charles|Kristen Confroy|S. Walker-Kimbrough",5,1200,1372,172,8,6,2
"2016-17","9665","UMass-Lowell","Asia MITCHELL-OWENS|Katherine SMITH|Nicole HAYNER|Shawnkia McCALLUM|Tyshay BRITTEN",5,1372,1424,52,0,3,-3
"2016-17","9665","Maryland","Destiny Slocum|Kaila Charles|Kiah Gillespie|Kristen Confroy|S. Walker-Kimbrough",5,1372,1456,84,3,3,0
"2016-17","9665","Maryland","Brionna Jones|Destiny Slocum|Ieshia Small|Kaila Charles|Kiah Gillespie|Kristen Confroy",6,1456,1527,71,2,2,0
"2016-17","9665","UMass-Lowell","Asia MITCHELL-OWENS|Katherine SMITH|Megan HENDRICK|Nicole HAYNER|Tyshay BRITTEN",5,1424,1578,154,5,6,-1
"2016-17","9665","Maryland","Blair Watson|Brionna Jones|Destiny Slocum|Ieshia Small|Kaila Charles|Kiah Gillespie",6,1527,1636,109,4,0,4
"2016-17","9665","Maryland","Blair Watson|Brionna Jones|Destiny Slocum|Ieshia Small|Jenna Staiti|Kiah Gillespie",6,1636,1721,85,2,3,-1
"2016-17","9665","Maryland","Blair Watson|Brianna Fraser|Brionna Jones|Ieshia Small|Sarah Myers|Stephanie Jones",6,1721,1800,79,2,0,2
"2016-17","9665","UMass-Lowell","Asia MITCHELL-OWENS|Kiana BATAGELJ|Megan HENDRICK|Nicole HAYNER|Tyshay BRITTEN",5,1578,1800,222,3,4,-1
"2016-17","9665","UMass-Lowell","Asia MITCHELL-OWENS|Megan HENDRICK|Nicole HAYNER|Tyshay BRITTEN",4,1800,1802,2,0,0,0
"2016-17","9665","Maryland","Blair Watson|Brianna Fraser|Ieshia Small|Jenna Staiti|Sarah Myers",5,1800,1878,78,4,0,4
"2016-17","9665","Maryland","Blair Watson|Brianna Fraser|Ieshia Small|Kiah Gillespie|Sarah Myers",5,1878,1968,90,7,2,5
"2016-17","9665","UMass-Lowell","Asia MITCHELL-OWENS|Kiana BATAGELJ|Megan HENDRICK|Nicole HAYNER|Tyshay BRITTEN",5,1802,2038,236,2,13,-11
"2016-17","9665","Maryland","Blair Watson|Brianna Fraser|Kaila Charles|Kiah Gillespie|Sarah Myers",5,1968,2038,70,2,0,2
"2016-17","9665","UMass-Lowell","Kiana BATAGELJ|Megan HENDRICK|Nicole HAYNER|Shawnkia McCALLUM|Tyshay BRITTEN",5,2038,2092,54,0,2,-2
"2016-17","9665","Maryland","Blair Watson|Kaila Charles|Kiah Gillespie|Sarah Myers|Stephanie Jones",5,2038,2158,120,2,2,0
"2016-17","9665","Maryland","Blair Watson|Jenna Staiti|Kaila Charles|Sarah Myers|Stephanie Jones",5,2158,2202,44,2,0,2
"2016-17","9665","Maryland","Blair Watson|Brianna Fraser|Ieshia Small|Jenna Staiti|Sarah Myers",5,2202,2320,118,2,5,-3
"2016-17","9665","Maryland","Blair Watson|Brianna Fraser|Ieshia Small|Jenna Staiti|Kaila Charles",5,2320,2371,51,3,3,0
"2016-17","9665","Maryland","Blair Watson|Brianna Fraser|Ieshia Small|Kaila Charles|Stephanie Jones",5,2371,2400,29,0,2,-2
"2016-17","9665","UMass-Lowell","Katherine SMITH|Kayla GIBBS|Megan HENDRICK|Nicole HAYNER|Shawnkia McCALLUM",5,2092,2400,308,12,7,5
"2016-17","9666","Maryland Eastern Shore","Alexus HICKS|Ciani BYROM|Keyera EATON|Mariah MCCOY|Tori MORRIS",5,0,336,336,12,18,-6
"2016-17","9666","Maryland","Brionna Jones|Destiny Slocum|Kaila Charles|Kristen Confroy|S. Walker-Kimbrough",5,0,336,336,18,12,6
"2016-17","9666","Maryland","Brianna Fraser|Ieshia Small|Kiah Gillespie|Kristen Confroy|S. Walker-Kimbrough",5,336,359,23,0,0,0
"2016-17","9666","Maryland Eastern Shore","Alexus HICKS|Briana MACK|Ciani BYROM|Ra'Jean MARTIN|Shauntesha BRYANT",5,336,440,104,1,2,-1
"2016-17","9666","Maryland","Brianna Fraser|Destiny Slocum|Kiah Gillespie|Kristen Confroy|S. Walker-Kimbrough",5,359,440,81,2,1,1
"2016-17","9666","Maryland","Brianna Fraser|Kiah Gillespie|Kristen Confroy|S. Walker-Kimbrough|Sarah Myers",5,440,494,54,3,2,1
"2016-17","9666","Maryland Eastern Shore","Briana MACK|Ciani BYROM|Keyera EATON|Ra'Jean MARTIN|Shauntesha BRYANT",5,440,583,143,4,10,-6
"2016-17","9666","Maryland","Brionna Jones|Kiah Gillespie|Kristen Confroy|S. Walker-Kimbrough|Sarah Myers",5,494,583,89,7,2,5
"2016-17","9666","Maryland","Blair Watson|Brionna Jones|Kiah Gillespie|Kristen Confroy|Sarah Myers",5,583,600,17,2,0,2
"2016-17","9666","Maryland Eastern Shore","Briana SYE|Keyera EATON|Mariah MCCOY|Ra'Jean MARTIN|Tori MORRIS",5,583,600,17,0,2,-2
"2016-17","9666","Maryland","Blair Watson|Brionna Jones|Kaila Charles|Kristen Confroy|Sarah Myers",5,600,634,34,0,1,-1
"2016-17","9666","Maryland Eastern Shore","Briana SYE|Keyera EATON|Mariah MCCOY|Ra'Jean MARTIN|Tori MORRIS",5,600,718,118,2,7,-5
"2016-17","9666","Maryland","Blair Watson|Brionna Jones|Kaila Charles|S. Walker-Kimbrough|Sarah Myers",5,634,767,133,7,3,4
"2016-17","9666","Maryland","Brionna Jones|Ieshia Small|Kaila Charles|S. Walker-Kimbrough|Sarah Myers",5,767,819,52,2,0,2
"2016-17","9666","Maryland Eastern Shore","Alexus HICKS|Ciani BYROM|Keyera EATON|Mariah MCCOY|Tori MORRIS",5,718,888,170,4,7,-3
"2016-17","9666","Maryland","Brianna Fraser|Ieshia Small|Kaila Charles|Kristen Confroy|S. Walker-Kimbrough",5,819,888,69,5,2,3
"2016-17","9666","Maryland","Ieshia Small|Kaila Charles|Kiah Gillespie|Kristen Confroy|S. Walker-Kimbrough",5,888,905,17,0,1,-1
"2016-17","9666","Maryland Eastern Shore","Alexus HICKS|Ciani BYROM|Mariah MCCOY|Ra'Jean MARTIN|Tori MORRIS",5,888,983,95,3,2,1
"2016-17","9666","Maryland","Destiny Slocum|Kaila Charles|Kiah Gillespie|Kristen Confroy|S. Walker-Kimbrough",5,905,983,78,2,2,0
"2016-17","9666","Maryland Eastern Shore","Alexus HICKS|Briana MACK|Ciani BYROM|Ra'Jean MARTIN|Shauntesha BRYANT",5,983,1013,30,0,2,-2
"2016-17","9666","Maryland Eastern Shore","Alexus HICKS|Briana MACK|Ciani BYROM|Keyera EATON|Shauntesha BRYANT",5,1013,1120,107,2,4,-2
"2016-17","9666","Maryland","Blair Watson|Destiny Slocum|Kaila Charles|Kiah Gillespie|S. Walker-Kimbrough",5,983,1120,137,6,2,4
"2016-17","9666","Maryland Eastern Shore","Alexus HICKS|Briana MACK|Ciani BYROM|Ra'Jean MARTIN|Shauntesha BRYANT",5,1120,1147,27,1,0,1
"2016-17","9666","Maryland","Blair Watson|Destiny Slocum|Jenna Staiti|S. Walker-Kimbrough|Stephanie Jones",5,1120,1147,27,0,1,-1
"2016-17","9666","Maryland","Blair Watson|Destiny Slocum|Jenna Staiti|Kristen Confroy|Stephanie Jones",5,1147,1200,53,0,0,0
"2016-17","9666","Maryland Eastern Shore","Alexus HICKS|Briana MACK|Briana SYE|Ra'Jean MARTIN|Shauntesha BRYANT",5,1147,1200,53,0,0,0
"2016-17","9666","Maryland","Brionna Jones|Destiny Slocum|Kaila Charles|Kristen Confroy|S. Walker-Kimbrough",5,1200,1217,17,0,2,-2
"2016-17","9666","Maryland","Brionna Jones|Destiny Slocum|Kaila Charles|S. Walker-Kimbrough|Sarah Myers",5,1217,1289,72,2,5,-3
"2016-17","9666","Maryland","Brionna Jones|Destiny Slocum|Kiah Gillespie|S. Walker-Kimbrough|Sarah Myers",5,1289,1395,106,7,2,5
"2016-17","9666","Maryland","Brianna Fraser|Destiny Slocum|Kiah Gillespie|S. Walker-Kimbrough|Sarah Myers",5,1395,1463,68,3,4,-1
"2016-17","9666","Maryland","Brianna Fraser|Destiny Slocum|Ieshia Small|Kiah Gillespie|S. Walker-Kimbrough",5,1463,1512,49,0,0,0
"2016-17","9666","Maryland Eastern Shore","Alexus HICKS|Ciani BYROM|Keyera EATON|Mariah MCCOY|Tori MORRIS",5,1200,1566,366,13,14,-1
"2016-17","9666","Maryland","Blair Watson|Brianna Fraser|Destiny Slocum|Ieshia Small|Kiah Gillespie",5,1512,1591,79,2,3,-1
"2016-17","9666","Maryland","Blair Watson|Brianna Fraser|Ieshia Small|Kiah Gillespie|Kristen Confroy",5,1591,1612,21,0,2,-2
"2016-17","9666","Maryland Eastern Shore","Alexus HICKS|Chioma NKPUECHINA|Ciani BYROM|Keyera EATON|Shauntesha BRYANT",5,1566,1643,77,5,2,3
"2016-17","9666","Maryland","Blair Watson|Brionna Jones|Ieshia Small|Kiah Gillespie|Kristen Confroy",5,1612,1643,31,2,0,2
"2016-17","9666","Maryland","Blair Watson|Brionna Jones|Kiah Gillespie|Kristen Confroy|Sarah Myers",5,1643,1667,24,0,3,-3
"2016-17","9666","Maryland","Blair Watson|Brionna Jones|Kaila Charles|Kristen Confroy|Sarah Myers",5,1667,1700,33,2,0,2
"2016-17","9666","Maryland","Blair Watson|Jenna Staiti|Kaila Charles|Kristen Confroy|Sarah Myers",5,1700,1717,17,2,0,2
"2016-17","9666","Maryland","Jenna Staiti|Kaila Charles|Kristen Confroy|Sarah Myers|Stephanie Jones",5,1717,1800,83,6,0,6
"2016-17","9666","Maryland Eastern Shore","Briana SYE|Chioma NKPUECHINA|Keyera EATON|Ra'Jean MARTIN|Shauntesha BRYANT",5,1643,1800,157,3,10,-7
"2016-17","9666","Maryland","Jenna Staiti|Kaila Charles|Kristen Confroy|Sarah Myers|Stephanie Jones",5,1800,1807,7,0,0,0
"2016-17","9666","Maryland Eastern Shore","Alexus HICKS|Ciani BYROM|Ra'Jean MARTIN|Shauntesha BRYANT|Tori MORRIS",5,1800,1948,148,2,4,-2
"2016-17","9666","Maryland","Brianna Fraser|Jenna Staiti|Kristen Confroy|Sarah Myers|Stephanie Jones",5,1807,1948,141,4,2,2
"2016-17","9666","Maryland","Blair Watson|Brianna Fraser|Ieshia Small|Jenna Staiti|Sarah Myers",5,1948,2029,81,6,2,4
"2016-17","9666","Maryland Eastern Shore","Alexus HICKS|Ciani BYROM|Keyera EATON|Mariah MCCOY|Tori MORRIS",5,1948,2181,233,7,12,-5
"2016-17","9666","Maryland","Blair Watson|Brianna Fraser|Ieshia Small|Kiah Gillespie|Sarah Myers",5,2029,2181,152,6,5,1
"2016-17","9666","Maryland Eastern Shore","Alexus HICKS|Chioma NKPUECHINA|Ciani BYROM|Keyera EATON|Ksenia POPOVICH",5,2181,2234,53,2,2,0
"2016-17","9666","Maryland","Blair Watson|Brianna Fraser|Ieshia Small|Jenna Staiti|Sarah Myers",5,2181,2234,53,2,2,0
"2016-17","9666","Maryland Eastern Shore","Chioma NKPUECHINA|Ciani BYROM|Dayona GODWIN|Keyera EATON|Ksenia POPOVICH",5,2234,2273,39,0,2,-2
"2016-17","9666","Maryland","Blair Watson|Ieshia Small|Jenna Staiti|Sarah Myers|Stephanie Jones",5,2234,2400,166,8,0,8
"2016-17","9666","Maryland Eastern Shore","Briana SYE|Chioma NKPUECHINA|Dayona GODWIN|Ksenia POPOVICH|Ra'Jean MARTIN",5,2273,2400,127,0,6,-6
"2016-17","9668","Maryland","Brionna Jones|Destiny Slocum|Kaila Charles|Kristen Confroy|S. Walker-Kimbrough",5,0,64,64,1,2,-1
"2016-17","9668","Mount St. Mary's","Alexis CARTER|Caroline HUMMELL|Kathl BELANGER-FINN|Katrice DICKSON|Mikal JOHNSON",5,0,176,176,2,3,-1
"2016-17","9668","Maryland","Destiny Slocum|Jenna Staiti|Kaila Charles|Kristen Confroy|S. Walker-Kimbrough",5,64,176,112,2,0,2
"2016-17","9668","Mount St. Mary's","Alexis CARTER|Caroline HUMMELL|Juliette LAWLESS|Katrice DICKSON|Mikal JOHNSON",5,176,308,132,2,3,-1
"2016-17","9668","Maryland","Destiny Slocum|Jenna Staiti|Kiah Gillespie|Kristen Confroy|S. Walker-Kimbrough",5,176,308,132,3,2,1
"2016-17","9668","Mount St. Mary's","Alexis CARTER|Ashlee WHITE|Caroline HUMMELL|Katrice DICKSON|Mikal JOHNSON",5,308,387,79,3,4,-1
"2016-17","9668","Maryland","Brionna Jones|Kiah Gillespie|Kristen Confroy|S. Walker-Kimbrough|Sarah Myers",5,308,407,99,4,4,0
"2016-17","9668","Maryland","Brionna Jones|Destiny Slocum|Kiah Gillespie|Kristen Confroy|S. Walker-Kimbrough",5,407,418,11,0,0,0
"2016-17","9668","Mount St. Mary's","Alexis CARTER|Ashlee WHITE|Katrice DICKSON|Mikal JOHNSON|Stacey KOUTRIS",5,387,489,102,3,2,1
"2016-17","9668","Maryland","Brionna Jones|Destiny Slocum|Ieshia Small|Kiah Gillespie|S. Walker-Kimbrough",5,418,489,71,2,2,0
"2016-17","9668","Maryland","Brionna Jones|Destiny Slocum|Ieshia Small|Kaila Charles|S. Walker-Kimbrough",5,489,600,111,6,3,3
"2016-17","9668","Mount St. Mary's","Ashlee WHITE|Katrice DICKSON|Kayla AGENTOWICZ|Mikal JOHNSON|Stacey KOUTRIS",5,489,600,111,3,6,-3
"2016-17","9668","Maryland","Brionna Jones|Destiny Slocum|Ieshia Small|Kaila Charles|S. Walker-Kimbrough",5,600,655,55,0,0,0
"2016-17","9668","Mount St. Mary's","Alexis CARTER|Kathl BELANGER-FINN|Kayla AGENTOWICZ|Mikal JOHNSON|Stacey KOUTRIS",5,600,708,108,0,2,-2
"2016-17","9668","Mount St. Mary's","Alexis CARTER|Juliette LAWLESS|Kayla AGENTOWICZ|Mikal JOHNSON|Stacey KOUTRIS",5,708,738,30,2,0,2
"2016-17","9668","Mount St. Mary's","Juliette LAWLESS|Katrice DICKSON|Kayla AGENTOWICZ|Mikal JOHNSON|Stacey KOUTRIS",5,738,865,127,3,6,-3
"2016-17","9668","Maryland","Brionna Jones|Destiny Slocum|Ieshia Small|S. Walker-Kimbrough|Stephanie Jones",5,655,865,210,8,5,3
"2016-17","9668","Mount St. Mary's","Caroline HUMMELL|Juliette LAWLESS|Katrice DICKSON|Kayla AGENTOWICZ|Mikal JOHNSON",5,865,936,71,0,4,-4
"2016-17","9668","Maryland","Brianna Fraser|Brionna Jones|Destiny Slocum|Kaila Charles|Kristen Confroy",5,865,936,71,4,0,4
"2016-17","9668","Mount St. Mary's","Juliette LAWLESS|Katrice DICKSON|Kayla AGENTOWICZ|Mikal JOHNSON|Stacey KOUTRIS",5,936,947,11,0,2,-2
"2016-17","9668","Mount St. Mary's","Alexis CARTER|Juliette LAWLESS|Kayla AGENTOWICZ|Mikal JOHNSON|Stacey KOUTRIS",5,947,1020,73,0,2,-2
"2016-17","9668","Maryland","Brianna Fraser|Brionna Jones|Ieshia Small|Kaila Charles|Kristen Confroy",5,936,1020,84,4,0,4
"2016-17","9668","Mount St. Mary's","Alexis CARTER|Ashlee WHITE|Kayla AGENTOWICZ|Mikal JOHNSON|Stacey KOUTRIS",5,1020,1035,15,0,0,0
"2016-17","9668","Mount St. Mary's","Alexis CARTER|Ashlee WHITE|Katrice DICKSON|Mikal JOHNSON|Stacey KOUTRIS",5,1035,1057,22,0,0,0
"2016-17","9668","Maryland","Brianna Fraser|Ieshia Small|Jenna Staiti|Kaila Charles|Kristen Confroy",5,1020,1066,46,0,0,0
"2016-17","9668","Mount St. Mary's","Alexis CARTER|Kathl BELANGER-FINN|Katrice DICKSON|Mikal JOHNSON|Stacey KOUTRIS",5,1057,1120,63,0,2,-2
"2016-17","9668","Maryland","Blair Watson|Brianna Fraser|Ieshia Small|Jenna Staiti|Kristen Confroy",5,1066,1120,54,2,0,2
"2016-17","9668","Maryland","Blair Watson|Brianna Fraser|Jenna Staiti|Kristen Confroy|Sarah Myers",5,1120,1191,71,0,2,-2
"2016-17","9668","Mount St. Mary's","Alexis CARTER|Caroline HUMMELL|Kathl BELANGER-FINN|Katrice DICKSON|Kayla AGENTOWICZ",5,1120,1196,76,2,1,1
"2016-17","9668","Maryland","Blair Watson|Brianna Fraser|Ieshia Small|Jenna Staiti|Kristen Confroy",5,1191,1196,5,1,0,1
"2016-17","9668","Maryland","Blair Watson|Brianna Fraser|Ieshia Small|Kaila Charles|Kristen Confroy",5,1196,1200,4,0,0,0
"2016-17","9668","Mount St. Mary's","Alexis CARTER|Caroline HUMMELL|Kate KUSTER|Kathl BELANGER-FINN|Kayla AGENTOWICZ",5,1196,1200,4,0,0,0
"2016-17","9668","Mount St. Mary's","Alexis CARTER|Caroline HUMMELL|Kathl BELANGER-FINN|Kayla AGENTOWICZ|Mikal JOHNSON",5,1200,1305,105,0,4,-4
"2016-17","9668","Mount St. Mary's","Alexis CARTER|Ashlee WHITE|Caroline HUMMELL|Juliette LAWLESS|Kayla AGENTOWICZ",5,1305,1381,76,2,8,-6
"2016-17","9668","Mount St. Mary's","Ashlee WHITE|Caroline HUMMELL|Juliette LAWLESS|Katrice DICKSON|Kayla AGENTOWICZ",5,1381,1417,36,0,2,-2
"2016-17","9668","Mount St. Mary's","Caroline HUMMELL|Juliette LAWLESS|Katrice DICKSON|Kayla AGENTOWICZ|Mikal JOHNSON",5,1417,1479,62,0,2,-2
"2016-17","9668","Maryland","Brionna Jones|Destiny Slocum|Kaila Charles|Kristen Confroy|S. Walker-Kimbrough",5,1200,1479,279,16,2,14
"2016-17","9668","Mount St. Mary's","Caroline HUMMELL|Juliette LAWLESS|Kate KUSTER|Katrice DICKSON|Mikal JOHNSON",5,1479,1541,62,3,4,-1
"2016-17","9668","Maryland","Destiny Slocum|Jenna Staiti|Kaila Charles|Kristen Confroy|S. Walker-Kimbrough",5,1479,1541,62,4,3,1
"2016-17","9668","Maryland","Brianna Fraser|Ieshia Small|Jenna Staiti|Kristen Confroy|S. Walker-Kimbrough",5,1541,1559,18,2,0,2
"2016-17","9668","Mount St. Mary's","Alexis CARTER|Caroline HUMMELL|Juliette LAWLESS|Katrice DICKSON|Mikal JOHNSON",5,1541,1631,90,0,4,-4
"2016-17","9668","Mount St. Mary's","Alexis CARTER|Jackie BUZAID|Juliette LAWLESS|Katrice DICKSON|Mikal JOHNSON",5,1631,1632,1,0,0,0
"2016-17","9668","Maryland","Brianna Fraser|Ieshia Small|Kristen Confroy|S. Walker-Kimbrough|Stephanie Jones",5,1559,1632,73,2,0,2
"2016-17","9668","Mount St. Mary's","Alexis CARTER|Caroline HUMMELL|Juliette LAWLESS|Katrice DICKSON|Mikal JOHNSON",5,1632,1669,37,2,2,0
"2016-17","9668","Maryland","Blair Watson|Brianna Fraser|Ieshia Small|Kristen Confroy|Stephanie Jones",5,1632,1685,53,3,2,1
"2016-17","9668","Mount St. Mary's","Alexis CARTER|Caroline HUMMELL|Kathl BELANGER-FINN|Katrice DICKSON|Mikal JOHNSON",5,1669,1724,55,2,4,-2
"2016-17","9668","Maryland","Blair Watson|Brianna Fraser|Ieshia Small|Kiah Gillespie|Kristen Confroy",5,1685,1724,39,3,2,1
"2016-17","9668","Mount St. Mary's","Alexis CARTER|Kathl BELANGER-FINN|Katrice DICKSON|Mikal JOHNSON|Stacey KOUTRIS",5,1724,1757,33,0,2,-2
"2016-17","9668","Maryland","Blair Watson|Brianna Fraser|Ieshia Small|Kiah Gillespie|Sarah Myers",5,1724,1800,76,4,0,4
"2016-17","9668","Mount St. Mary's","Alexis CARTER|Juliette LAWLESS|Katrice DICKSON|Mikal JOHNSON|Stacey KOUTRIS",5,1757,1800,43,0,2,-2
"2016-17","9668","Mount St. Mary's","Alexis CARTER|Caroline HUMMELL|Juliette LAWLESS|Kathl BELANGER-FINN|Katrice DICKSON",5,1800,1814,14,0,2,-2
"2016-17","9668","Mount St. Mary's","Alexis CARTER|Juliette LAWLESS|Katrice DICKSON|Stacey KOUTRIS",4,1814,1846,32,0,0,0
"2016-17","9668","Maryland","Blair Watson|Brianna Fraser|Ieshia Small|Kiah Gillespie|Sarah Myers",5,1800,1846,46,2,0,2
"2016-17","9668","Mount St. Mary's","Juliette LAWLESS|Kate KUSTER|Katrice DICKSON|Stacey KOUTRIS",4,1846,1918,72,0,7,-7
"2016-17","9668","Maryland","Blair Watson|Brianna Fraser|Ieshia Small|Jenna Staiti|Sarah Myers",5,1846,2014,168,15,3,12
"2016-17","9668","Mount St. Mary's","Ashlee WHITE|Kate KUSTER|Katrice DICKSON|Kayla AGENTOWICZ|Stacey KOUTRIS",5,1918,2081,163,5,10,-5
"2016-17","9668","Maryland","Blair Watson|Brianna Fraser|Jenna Staiti|Kiah Gillespie|Sarah Myers",5,2014,2081,67,2,2,0
"2016-17","9668","Maryland","Blair Watson|Brianna Fraser|Kiah Gillespie|Sarah Myers|Stephanie Jones",5,2081,2160,79,5,3,2
"2016-17","9668","Maryland","Blair Watson|Jenna Staiti|Kiah Gillespie|Sarah Myers|Stephanie Jones",5,2160,2400,240,11,5,6
"2016-17","9668","Mount St. Mary's","Ashlee WHITE|Jackie BUZAID|Kate KUSTER|Kayla AGENTOWICZ|Stacey KOUTRIS",5,2081,2400,319,8,16,-8
"2016-17","9669","Maryland","Brionna Jones|Destiny Slocum|Kaila Charles|Kristen Confroy|S. Walker-Kimbrough",5,0,140,140,8,2,6
"2016-17","9669","Niagara","Kaylee Stroemple|Maggie McIntyre|Morgan Baughman|Tiffany Corselli|Victoria Rampado",5,0,140,140,2,8,-6
"2016-17","9669","Niagara","Dagny Davidsdottir|Jai Moore|Kharysma Bryant|Tiffany Corselli",4,140,193,53,0,3,-3
"2016-17","9669","Maryland","Brianna Fraser|Destiny Slocum|Kaila Charles|Kristen Confroy|S. Walker-Kimbrough",5,140,254,114,5,0,5
"2016-17","9669","Maryland","Brianna Fraser|Destiny Slocum|Ieshia Small|Kaila Charles|Kristen Confroy",5,254,317,63,3,5,-2
"2016-17","9669","Niagara","Dagny Davidsdottir|Jai Moore|Kaylee Stroemple|Tiffany Corselli",4,193,317,124,5,5,0
"2016-17","9669","Maryland","Brionna Jones|Destiny Slocum|Ieshia Small|Kiah Gillespie|Kristen Confroy",5,317,330,13,3,0,3
"2016-17","9669","Maryland","Brionna Jones|Destiny Slocum|Ieshia Small|Kiah Gillespie|S. Walker-Kimbrough",5,330,376,46,0,0,0
"2016-17","9669","Maryland","Brionna Jones|Ieshia Small|Kiah Gillespie|S. Walker-Kimbrough|Sarah Myers",5,376,433,57,2,4,-2
"2016-17","9669","Maryland","Brionna Jones|Destiny Slocum|Kiah Gillespie|Kristen Confroy|S. Walker-Kimbrough",5,433,443,10,0,2,-2
"2016-17","9669","Niagara","Dagny Davidsdottir|Jai Moore|Kaylee Stroemple|Maggie McIntyre|Victoria Rampado",5,317,487,170,8,8,0
"2016-17","9669","Niagara","Dagny Davidsdottir|Kaylee Stroemple|Maggie McIntyre|Tiffany Corselli|Victoria Rampado",5,487,537,50,2,3,-1
"2016-17","9669","Niagara","Dagny Davidsdottir|Kharysma Bryant|Maggie McIntyre|Tiffany Corselli|Victoria Rampado",5,537,600,63,0,0,0
"2016-17","9669","Maryland","Destiny Slocum|Kaila Charles|Kiah Gillespie|Kristen Confroy|S. Walker-Kimbrough",5,443,600,157,6,4,2
"2016-17","9669","Maryland","Destiny Slocum|Kaila Charles|Kiah Gillespie|S. Walker-Kimbrough|Stephanie Jones",5,600,619,19,2,0,2
"2016-17","9669","Maryland","Blair Watson|Destiny Slocum|Kiah Gillespie|S. Walker-Kimbrough|Stephanie Jones",5,619,698,79,0,0,0
"2016-17","9669","Niagara","Kaylee Stroemple|Maggie McIntyre|Morgan Baughman|Tiffany Corselli|Victoria Rampado",5,600,731,131,0,4,-4
"2016-17","9669","Niagara","Dagny Davidsdottir|Kaylee Stroemple|Maggie McIntyre|Morgan Baughman|Tiffany Corselli",5,731,755,24,0,0,0
"2016-17","9669","Maryland","Blair Watson|Destiny Slocum|Kaila Charles|Kiah Gillespie|S. Walker-Kimbrough",5,698,828,130,5,3,2
"2016-17","9669","Niagara","Dagny Davidsdottir|Kharysma Bryant|Maggie McIntyre|Morgan Baughman|Tiffany Corselli",5,755,828,73,3,3,0
"2016-17","9669","Niagara","Dagny Davidsdottir|Jai Moore|Kharysma Bryant|Maggie McIntyre",4,828,853,25,0,0,0
"2016-17","9669","Niagara","Dagny Davidsdottir|Jai Moore|Kaylee Stroemple|Maggie McIntyre",4,853,940,87,2,4,-2
"2016-17","9669","Maryland","Blair Watson|Destiny Slocum|Jenna Staiti|Kaila Charles|Kiah Gillespie|S. Walker-Kimbrough",6,828,959,131,6,2,4
"2016-17","9669","Niagara","Dagny Davidsdottir|Jai Moore|Kaylee Stroemple|Tiffany Corselli",4,940,959,19,0,2,-2
"2016-17","9669","Maryland","Destiny Slocum|Ieshia Small|Kaila Charles|Kiah Gillespie|S. Walker-Kimbrough",5,959,1003,44,3,0,3
"2016-17","9669","Niagara","Dagny Davidsdottir|Kaylee Stroemple|Morgan Baughman|Tiffany Corselli",4,959,1003,44,0,3,-3
"2016-17","9669","Niagara","Dagny Davidsdottir|Kaylee Stroemple|Maggie McIntyre|Morgan Baughman|Tiffany Corselli",5,1003,1039,36,3,2,1
"2016-17","9669","Maryland","Destiny Slocum|Ieshia Small|Kaila Charles|Kiah Gillespie|Kristen Confroy",5,1003,1134,131,8,10,-2
"2016-17","9669","Niagara","Kaylee Stroemple|Maggie McIntyre|Morgan Baughman|Tiffany Corselli|Victoria Rampado",5,1039,1134,95,7,6,1
"2016-17","9669","Niagara","Dagny Davidsdottir|Kaylee Stroemple|Kharysma Bryant|Maggie McIntyre|Tiffany Corselli",5,1134,1144,10,0,3,-3
"2016-17","9669","Maryland","Brianna Fraser|Destiny Slocum|Ieshia Small|Kiah Gillespie|Kristen Confroy",5,1134,1176,42,5,0,5
"2016-17","9669","Maryland","Brianna Fraser|Destiny Slocum|Ieshia Small|Jenna Staiti|Kristen Confroy",5,1176,1194,18,2,0,2
"2016-17","9669","Niagara","Carolyn Cosey|Dagny Davidsdottir|Kaylee Stroemple|Kharysma Bryant|Maggie McIntyre",5,1144,1200,56,0,4,-4
"2016-17","9669","Maryland","Brianna Fraser|Ieshia Small|Jenna Staiti|Kristen Confroy|Sarah Myers",5,1194,1200,6,0,0,0
"2016-17","9669","Maryland","Brionna Jones|Destiny Slocum|Kaila Charles|Kristen Confroy|S. Walker-Kimbrough",5,1200,1345,145,5,9,-4
"2016-17","9669","Niagara","Emily Granruth|Kaylee Stroemple|Morgan Baughman|Tiffany Corselli|Victoria Rampado",5,1200,1345,145,9,5,4
"2016-17","9669","Maryland","Destiny Slocum|Kaila Charles|Kiah Gillespie|Kristen Confroy|S. Walker-Kimbrough",5,1345,1384,39,0,2,-2
"2016-17","9669","Maryland","Blair Watson|Brianna Fraser|Destiny Slocum|Kiah Gillespie|S. Walker-Kimbrough",5,1384,1417,33,0,0,0
"2016-17","9669","Maryland","Brianna Fraser|Destiny Slocum|Ieshia Small|Kiah Gillespie|S. Walker-Kimbrough",5,1417,1490,73,2,1,1
"2016-17","9669","Niagara","Emily Granruth|Kaylee Stroemple|Tiffany Corselli|Victoria Rampado",4,1345,1490,145,3,2,1
"2016-17","9669","Maryland","Brianna Fraser|Destiny Slocum|Ieshia Small|Jenna Staiti|S. Walker-Kimbrough",5,1490,1608,118,5,0,5
"2016-17","9669","Maryland","Destiny Slocum|Ieshia Small|Jenna Staiti|S. Walker-Kimbrough|Stephanie Jones",5,1608,1720,112,5,2,3
"2016-17","9669","Niagara","Dagny Davidsdottir|Kaylee Stroemple|Tiffany Corselli|Victoria Rampado",4,1490,1720,230,2,10,-8
"2016-17","9669","Niagara","Kharysma Bryant|Morgan Baughman|Tiffany Corselli|Victoria Rampado",4,1720,1800,80,3,3,0
"2016-17","9669","Maryland","Blair Watson|Ieshia Small|Jenna Staiti|S. Walker-Kimbrough|Stephanie Jones",5,1720,1800,80,3,3,0
"2016-17","9669","Niagara","Kaylee Stroemple|Kharysma Bryant|Morgan Baughman|Tiffany Corselli|Victoria Rampado",5,1800,1869,69,0,2,-2
"2016-17","9669","Maryland","Blair Watson|Brionna Jones|Ieshia Small|Kiah Gillespie|Kristen Confroy",5,1800,1960,160,6,2,4
"2016-17","9669","Niagara","Kaylee Stroemple|Kharysma Bryant|Morgan Baughman|Tiffany Corselli",4,1869,1973,104,2,4,-2
"2016-17","9669","Maryland","Blair Watson|Brianna Fraser|Brionna Jones|Ieshia Small|Kristen Confroy",5,1960,2027,67,3,3,0
"2016-17","9669","Niagara","Kaylee Stroemple|Kharysma Bryant|Morgan Baughman|Tiffany Corselli|Victoria Rampado",5,1973,2027,54,3,3,0
"2016-17","9669","Maryland","Blair Watson|Brianna Fraser|Brionna Jones|Ieshia Small|Sarah Myers",5,2027,2101,74,0,3,-3
"2016-17","9669","Niagara","Dagny Davidsdottir|Kaylee Stroemple|Kharysma Bryant|Morgan Baughman|Victoria Rampado",5,2027,2187,160,3,3,0
"2016-17","9669","Maryland","Blair Watson|Ieshia Small|Jenna Staiti|Sarah Myers|Stephanie Jones",5,2101,2240,139,5,5,0
"2016-17","9669","Niagara","Dagny Davidsdottir|Jai Moore|Kharysma Bryant|Tiffany Corselli|Victoria Rampado",5,2187,2272,85,5,4,1
"2016-17","9669","Niagara","Dagny Davidsdottir|Emily Granruth|Jai Moore|Kharysma Bryant|Tiffany Corselli",5,2272,2345,73,0,2,-2
"2016-17","9669","Maryland","Blair Watson|Ieshia Small|Kiah Gillespie|Sarah Myers|Stephanie Jones",5,2240,2350,110,4,0,4
"2016-17","9669","Niagara","Dagny Davidsdottir|Emily Granruth|Jai Moore|Tiffany Corselli",4,2345,2400,55,2,0,2
"2016-17","9669","Maryland","Blair Watson|Ieshia Small|Jenna Staiti|Sarah Myers|Stephanie Jones",5,2350,2400,50,0,2,-2
"2016-17","9670","Arizona State","Kelsey Moos|Kiara Russell|Quinn Dornstauder|Sara Hattis",4,-308,-83,225,0,0,0
"2016-17","9670","Maryland","Brionna Jones|Destiny Slocum|Kaila Charles|Kiah Gillespie|S. Walker-Kimbrough",5,0,29,29,0,0,0
"2016-17","9670","Arizona State","Kelsey Moos|Kiara Russell|Quinn Dornstauder|Robbi Ryan|Sara Hattis",5,-83,600,683,4,24,-20
"2016-17","9670","Maryland","Brionna Jones|Destiny Slocum|Kiah Gillespie|S. Walker-Kimbrough",4,29,600,571,24,4,20
"2016-17","9670","Arizona State","Kelsey Moos|Kiara Russell|Quinn Dornstauder|Sabrina Haines|Sophie Brunner",5,600,664,64,0,0,0
"2016-17","9670","Maryland","Brionna Jones|Destiny Slocum|Kaila Charles|Kristen Confroy|S. Walker-Kimbrough",5,600,695,95,0,0,0
"2016-17","9670","Arizona State","Kelsey Moos|Kiara Russell|Sabrina Haines|Sophie Brunner",4,664,695,31,0,0,0
"2016-17","9670","Maryland","Brionna Jones|Destiny Slocum|Kaila Charles|Kristen Confroy",4,695,763,68,0,0,0
"2016-17","9670","Arizona State","Kelsey Moos|Kianna Ibis|Kiara Russell|Sabrina Haines|Sophie Brunner",5,695,763,68,0,0,0
"2016-17","9670","Arizona State","Kianna Ibis|Reili Richardson|Robbi Ryan|Sabrina Haines|Sara Hattis|Sophie Brunner",6,763,767,4,0,0,0
"2016-17","9670","Arizona State","Kelsey Moos|Kianna Ibis|Quinn Dornstauder|Reili Richardson|Robbi Ryan",5,767,769,2,0,0,0
"2016-17","9670","Arizona State","Kelsey Moos|Kiara Russell|Quinn Dornstauder|Robbi Ryan",4,195,808,613,0,0,0
"2016-17","9670","Maryland","Brionna Jones|Destiny Slocum|Kiah Gillespie|Kristen Confroy",4,763,812,49,0,0,0
"2016-17","9670","Maryland","Brianna Fraser|Brionna Jones|Destiny Slocum|Kiah Gillespie|Kristen Confroy",5,812,862,50,0,0,0
"2016-17","9670","Arizona State","Kelsey Moos|Kiara Russell|Quinn Dornstauder|Sabrina Haines",4,808,862,54,0,0,0
"2016-17","9670","Maryland","Brianna Fraser|Destiny Slocum|Ieshia Small|Jenna Staiti|Kiah Gillespie|Kristen Confroy|S. Walker-Kimbrough",7,265,911,646,0,0,0
"2016-17","9670","Arizona State","Kiara Russell|Robbi Ryan|Sabrina Haines|Sara Hattis|Sophie Brunner",5,862,911,49,0,0,0
"2016-17","9670","Maryland","Brianna Fraser|Brionna Jones|Ieshia Small|Kiah Gillespie|Kristen Confroy|S. Walker-Kimbrough",6,911,912,1,0,0,0
"2016-17","9670","Maryland","Brianna Fraser|Brionna Jones|Ieshia Small|Kiah Gillespie|Kristen Confroy|S. Walker-Kimbrough|Sarah Myers",7,912,919,7,0,0,0
"2016-17","9670","Maryland","Brianna Fraser|Ieshia Small|Kiah Gillespie|Kristen Confroy|S. Walker-Kimbrough|Sarah Myers",6,919,946,27,0,0,0
"2016-17","9670","Arizona State","Kiara Russell|Quinn Dornstauder|Reili Richardson|Robbi Ryan|Sophie Brunner",5,911,995,84,0,0,0
"2016-17","9670","Maryland","Brianna Fraser|Destiny Slocum|Kristen Confroy|S. Walker-Kimbrough|Sarah Myers",5,946,1008,62,0,0,0
"2016-17","9670","Arizona State","Kelsey Moos|Quinn Dornstauder|Reili Richardson|Sabrina Haines|Sophie Brunner",5,995,1031,36,0,0,0
"2016-17","9670","Maryland","Brianna Fraser|Destiny Slocum|Kristen Confroy|Sarah Myers",4,1008,1072,64,0,0,0
"2016-17","9670","Arizona State","Kelsey Moos|Kianna Ibis|Quinn Dornstauder|Reili Richardson|Robbi Ryan|Sabrina Haines|Sophie Brunner",7,454,1072,618,0,0,0
"2016-17","9670","Maryland","Blair Watson|Brianna Fraser|Destiny Slocum|Sarah Myers",4,1072,1095,23,0,0,0
"2016-17","9670","Arizona State","Kianna Ibis|Quinn Dornstauder|Reili Richardson|Robbi Ryan|Sabrina Haines|Sophie Brunner",6,1072,1095,23,0,0,0
"2016-17","9670","Maryland","Brianna Fraser|Destiny Slocum|Sarah Myers",3,1095,1119,24,0,0,0
"2016-17","9670","Arizona State","Kianna Ibis|Reili Richardson|Robbi Ryan|Sabrina Haines|Sara Hattis|Sophie Brunner",6,1095,1127,32,0,0,0
"2016-17","9670","Maryland","Brianna Fraser|Destiny Slocum|Sarah Myers",3,520,1169,649,0,0,0
"2016-17","9670","Arizona State","Jamie Ruden|Kianna Ibis|Reili Richardson|Robbi Ryan|Sabrina Haines|Sara Hattis",6,1127,1169,42,0,0,0
"2016-17","9670","Arizona State","Jamie Ruden|Kianna Ibis|Kiara Russell|Robbi Ryan|Sabrina Haines|Sara Hattis",6,1169,1170,1,0,0,0
"2016-17","9670","Maryland","Brianna Fraser|Ieshia Small|Sarah Myers",3,1169,1200,31,0,0,0
"2016-17","9670","Arizona State","Jamie Ruden|Kianna Ibis|Kiara Russell|Quinn Dornstauder|Robbi Ryan|Sabrina Haines",6,1170,652,0,0,4,-4
"2016-17","9670","Maryland","Brianna Fraser|Destiny Slocum|Ieshia Small|Sarah Myers",4,1200,706,0,6,0,6
"2016-17","9670","Maryland","Destiny Slocum|Ieshia Small|Kaila Charles|Sarah Myers",4,706,710,4,0,0,0
"2016-17","9670","Arizona State","Jamie Ruden|Kianna Ibis|Kiara Russell|Quinn Dornstauder|Robbi Ryan",5,652,710,58,0,2,-2
"2016-17","9670","Maryland","Destiny Slocum|Ieshia Small|Kaila Charles|S. Walker-Kimbrough|Sarah Myers",5,710,753,43,0,0,0
"2016-17","9670","Maryland","Destiny Slocum|Ieshia Small|Kaila Charles|Kristen Confroy|S. Walker-Kimbrough|Sarah Myers",6,753,773,20,0,0,0
"2016-17","9670","Arizona State","Jamie Ruden|Kianna Ibis|Kiara Russell|Robbi Ryan",4,710,773,63,0,0,0
"2016-17","9670","Arizona State","Ch Johnson-Chapman|Jamie Ruden|Kianna Ibis|Reili Richardson|Robbi Ryan|Sabrina Haines",6,773,824,51,0,2,-2
"2016-17","9670","Arizona State","Jamie Ruden|Kianna Ibis|Reili Richardson|Robbi Ryan|Sabrina Haines",5,824,881,57,2,2,0
"2016-17","9670","Maryland","Ieshia Small|Kaila Charles|Kristen Confroy|S. Walker-Kimbrough|Sarah Myers",5,773,890,117,4,2,2
"2016-17","9670","Arizona State","Ch Johnson-Chapman|Jamie Ruden|Kianna Ibis|Reili Richardson|Robbi Ryan",5,881,890,9,0,0,0
"2016-17","9670","Maryland","Destiny Slocum|Ieshia Small|Kaila Charles|Kristen Confroy|Sarah Myers",5,890,903,13,2,0,2
"2016-17","9670","Arizona State","Jamie Ruden|Kelsey Moos|Kianna Ibis|Kiara Russell|Reili Richardson|Sophie Brunner",6,890,940,50,0,2,-2
"2016-17","9670","Maryland","Brionna Jones|Destiny Slocum|Ieshia Small|Kaila Charles|Kristen Confroy|Sarah Myers",6,903,980,77,2,2,0
"2016-17","9670","Arizona State","Jamie Ruden|Kelsey Moos|Kiara Russell|Quinn Dornstauder|Reili Richardson|Sophie Brunner",6,940,980,40,2,2,0
"2016-17","9670","Arizona State","Kianna Ibis|Quinn Dornstauder|Reili Richardson|Robbi Ryan|Sabrina Haines",5,980,1046,66,2,0,2
"2016-17","9670","Maryland","Brionna Jones|Destiny Slocum|Kaila Charles|Kristen Confroy|S. Walker-Kimbrough|Sarah Myers",6,980,1083,103,2,2,0
"2016-17","9670","Arizona State","Ch Johnson-Chapman|Kianna Ibis|Reili Richardson|Robbi Ryan|Sabrina Haines",5,1046,1083,37,0,2,-2
"2016-17","9670","Arizona State","Ch Johnson-Chapman|Kianna Ibis|Kiara Russell|Reili Richardson|Robbi Ryan",5,1083,1121,38,3,2,1
"2016-17","9670","Maryland","Brionna Jones|Ieshia Small|Kaila Charles|Kristen Confroy|S. Walker-Kimbrough|Sarah Myers",6,1083,1173,90,5,3,2
"2016-17","9670","Arizona State","Ch Johnson-Chapman|Kianna Ibis|Kiara Russell|Reili Richardson|Sabrina Haines",5,1121,1181,60,0,3,-3
"2016-17","9670","Arizona State","Ch Johnson-Chapman|Kiara Russell|Quinn Dornstauder|Reili Richardson|Sabrina Haines",5,1181,1200,19,0,2,-2
"2016-17","9670","Maryland","Brionna Jones|Ieshia Small|Kaila Charles|Kristen Confroy|S. Walker-Kimbrough|Sarah Myers|Stephanie Jones",7,1173,1200,27,2,0,2
"2016-17","9670","Arizona State","Kelsey Moos|Kiara Russell|Quinn Dornstauder|Sabrina Haines|Sophie Brunner",5,1200,1288,88,5,2,3
"2016-17","9670","Maryland","Brionna Jones|Destiny Slocum|Kaila Charles|Kristen Confroy|S. Walker-Kimbrough",5,1200,1376,176,6,5,1
"2016-17","9670","Arizona State","Quinn Dornstauder|Reili Richardson|Robbi Ryan|Sabrina Haines|Sophie Brunner",5,1288,1376,88,0,4,-4
"2016-17","9670","Maryland","Destiny Slocum|Ieshia Small|Kaila Charles|Kiah Gillespie|Kristen Confroy",5,1376,1441,65,0,1,-1
"2016-17","9670","Arizona State","Ch Johnson-Chapman|Jamie Ruden|Kiara Russell|Reili Richardson|Robbi Ryan",5,1376,1441,65,1,0,1
"2016-17","9670","Maryland","Destiny Slocum|Kaila Charles|Kiah Gillespie|Kristen Confroy|Sarah Myers",5,1441,1520,79,2,2,0
"2016-17","9670","Arizona State","Ch Johnson-Chapman|Jamie Ruden|Kelsey Moos|Kiara Russell|Reili Richardson",5,1441,1520,79,2,2,0
"2016-17","9670","Arizona State","Kelsey Moos|Kianna Ibis|Reili Richardson|Robbi Ryan|Sophie Brunner",5,1520,1554,34,0,0,0
"2016-17","9670","Maryland","Brianna Fraser|Destiny Slocum|Kaila Charles|Kristen Confroy|S. Walker-Kimbrough",5,1520,1577,57,2,0,2
"2016-17","9670","Arizona State","Kianna Ibis|Robbi Ryan|Sabrina Haines|Sophie Brunner",4,1554,1577,23,0,2,-2
"2016-17","9670","Maryland","Brianna Fraser|Ieshia Small|Kaila Charles|Kristen Confroy|S. Walker-Kimbrough",5,1577,1602,25,0,0,0
"2016-17","9670","Arizona State","Kianna Ibis|Sabrina Haines|Sophie Brunner",3,1577,1619,42,3,0,3
"2016-17","9670","Maryland","Brianna Fraser|Ieshia Small|Kaila Charles|Kristen Confroy|S. Walker-Kimbrough|Sarah Myers",6,1602,1639,37,0,3,-3
"2016-17","9670","Arizona State","Kelsey Moos|Kianna Ibis|Sophie Brunner",3,1619,1662,43,0,2,-2
"2016-17","9670","Maryland","Blair Watson|Brionna Jones|Ieshia Small|Kaila Charles|S. Walker-Kimbrough|Sarah Myers",6,1639,1683,44,4,0,4
"2016-17","9670","Arizona State","Jamie Ruden|Kelsey Moos|Quinn Dornstauder|Robbi Ryan",4,1662,1728,66,2,3,-1
"2016-17","9670","Maryland","Blair Watson|Ieshia Small|Jenna Staiti|Kaila Charles|S. Walker-Kimbrough|Sarah Myers",6,1683,1781,98,5,4,1
"2016-17","9670","Maryland","Blair Watson|Ieshia Small|Jenna Staiti|Kaila Charles|Sarah Myers",5,1781,1799,18,0,0,0
"2016-17","9670","Arizona State","Armani Hawkins|Jamie Ruden|Robbi Ryan|Sara Hattis",4,1728,1800,72,2,4,-2
"2016-17","9670","Maryland","Blair Watson|Jenna Staiti|Kaila Charles",3,1799,1800,1,0,0,0
"2016-17","9670","Maryland","Blair Watson|Destiny Slocum|Jenna Staiti|Kaila Charles|Kiah Gillespie|Sarah Myers",6,1800,2400,600,0,0,0
"2016-17","9670","Maryland","Blair Watson|Destiny Slocum|Ieshia Small|Jenna Staiti|Kaila Charles|Kiah Gillespie|Sarah Myers",7,2400,1819,0,2,0,2
"2016-17","9670","Maryland","Blair Watson|Ieshia Small|Jenna Staiti|Kaila Charles|Kiah Gillespie|Sarah Myers",6,1819,1836,17,0,0,0
"2016-17","9670","Maryland","Blair Watson|Destiny Slocum|Ieshia Small|Jenna Staiti|Kaila Charles|Kiah Gillespie|Sarah Myers",7,1836,1855,19,0,0,0
"2016-17","9670","Maryland","Blair Watson|Destiny Slocum|Ieshia Small|Jenna Staiti|Kaila Charles|Kiah Gillespie|Sarah Myers|Stephanie Jones",8,1855,1914,59,0,2,-2
"2016-17","9670","Arizona State","Kelsey Moos|Kiara Russell|Quinn Dornstauder|Sophie Brunner",4,1800,1914,114,2,2,0
"2016-17","9670","Arizona State","Armani Hawkins|Reili Richardson|Robbi Ryan|Sara Hattis|Sophie Brunner",5,1914,1937,23,0,0,0
"2016-17","9670","Maryland","Blair Watson|Brianna Fraser|Destiny Slocum|Kaila Charles|Kiah Gillespie|Sarah Myers|Stephanie Jones",7,1914,1952,38,0,1,-1
"2016-17","9670","Arizona State","Armani Hawkins|Reili Richardson|Robbi Ryan|Sabrina Haines|Sara Hattis|Sophie Brunner",6,1937,1952,15,1,0,1
"2016-17","9670","Maryland","Blair Watson|Brianna Fraser|Destiny Slocum|Kaila Charles|Sarah Myers|Stephanie Jones",6,1952,1962,10,0,0,0
"2016-17","9670","Arizona State","Armani Hawkins|Jamie Ruden|Reili Richardson|Robbi Ryan|Sabrina Haines|Sara Hattis",6,1952,1998,46,1,2,-1
"2016-17","9670","Maryland","Blair Watson|Brianna Fraser|Destiny Slocum|Ieshia Small|Kaila Charles|Sarah Myers|Stephanie Jones",7,1962,2037,75,5,1,4
"2016-17","9670","Arizona State","Armani Hawkins|Jamie Ruden|Kianna Ibis|Reili Richardson|Robbi Ryan|Sabrina Haines",6,1998,2037,39,0,3,-3
"2016-17","9670","Maryland","Blair Watson|Brianna Fraser|Ieshia Small|Kaila Charles|Sarah Myers|Stephanie Jones",6,2037,2062,25,0,0,0
"2016-17","9670","Maryland","Blair Watson|Brianna Fraser|Ieshia Small|Kristen Confroy|Sarah Myers|Stephanie Jones",6,2062,2094,32,2,0,2
"2016-17","9670","Maryland","Blair Watson|Brianna Fraser|Ieshia Small|Sarah Myers|Stephanie Jones",5,2094,2131,37,2,0,2
"2016-17","9670","Arizona State","Jamie Ruden|Kianna Ibis|Kiara Russell|Sabrina Haines|Sydney Goodson",5,2037,2131,94,0,4,-4
"2016-17","9670","Arizona State","Ch Johnson-Chapman|Kianna Ibis|Kiara Russell|Sabrina Haines|Sydney Goodson",5,2131,2172,41,1,0,1
"2016-17","9670","Arizona State","Armani Hawkins|Ch Johnson-Chapman|Kiara Russell|Sara Hattis|Sydney Goodson",5,2172,2189,17,0,0,0
"2016-17","9670","Maryland","Blair Watson|Ieshia Small|Jenna Staiti|Sarah Myers|Stephanie Jones",5,2131,2203,72,0,1,-1
"2016-17","9670","Maryland","Blair Watson|Jenna Staiti|Kristen Confroy|Sarah Myers|Stephanie Jones",5,2203,2232,29,2,0,2
"2016-17","9670","Arizona State","Armani Hawkins|Ch Johnson-Chapman|Reili Richardson|Sara Hattis|Sydney Goodson",5,2189,2319,130,5,4,1
"2016-17","9670","Arizona State","Armani Hawkins|Ch Johnson-Chapman|Sabrina Haines|Sara Hattis|Sydney Goodson",5,2319,2348,29,2,0,2
"2016-17","9670","Arizona State","Armani Hawkins|Jamie Ruden|Sabrina Haines|Sara Hattis|Sydney Goodson",5,2348,2400,52,2,2,0
"2016-17","9670","Maryland","Blair Watson|Jenna Staiti|Kristen Confroy|Stephanie Jones",4,2232,2400,168,4,9,-5
"2016-17","9671","Washington State","Borislava Hristova|Caila Hailey|Chanelle Molina|Ivana Kmetovska|Louise Brown",5,0,100,100,6,5,1
"2016-17","9671","Maryland","Brionna Jones|Destiny Slocum|Kaila Charles|Kristen Confroy|S. Walker-Kimbrough",5,0,109,109,5,6,-1
"2016-17","9671","Maryland","Brionna Jones|Destiny Slocum|Kiah Gillespie|Kristen Confroy|S. Walker-Kimbrough",5,109,156,47,0,1,-1
"2016-17","9671","Washington State","Borislava Hristova|Caila Hailey|Chanelle Molina|Ivana Kmetovska|Louise Brown|Maria Kostourkova",6,100,171,71,1,0,1
"2016-17","9671","Washington State","Borislava Hristova|Caila Hailey|Chanelle Molina|Ivana Kmetovska|Kayla Washington|Louise Brown|Maria Kostourkova",7,171,194,23,0,0,0
"2016-17","9671","Washington State","Borislava Hristova|Caila Hailey|Chanelle Molina|Ivana Kmetovska|Kayla Washington|Louise Brown|Maria Kostourkova|Pinelopi Pavlopoulou",8,194,208,14,0,0,0
"2016-17","9671","Washington State","Borislava Hristova|Caila Hailey|Chanelle Molina|Ivana Kmetovska|Kayla Washington|Louise Brown|Maria Kostourkova",7,208,268,60,5,2,3
"2016-17","9671","Maryland","Brianna Fraser|Brionna Jones|Destiny Slocum|Kristen Confroy|S. Walker-Kimbrough",5,156,268,112,2,5,-3
"2016-17","9671","Washington State","Borislava Hristova|Ivana Kmetovska|Kayla Washington|Krystle McKenzie|Louise Brown|Maria Kostourkova|Pinelopi Pavlopoulou",7,268,290,22,0,1,-1
"2016-17","9671","Maryland","Brionna Jones|Ieshia Small|Kristen Confroy|S. Walker-Kimbrough|Stephanie Jones",5,268,290,22,1,0,1
"2016-17","9671","Washington State","Borislava Hristova|Chanelle Molina|Ivana Kmetovska|Kayla Washington|Krystle McKenzie|Louise Brown|Maria Kostourkova",7,290,300,10,0,0,0
"2016-17","9671","Maryland","Blair Watson|Ieshia Small|Jenna Staiti|Kristen Confroy|Stephanie Jones",5,290,300,10,0,0,0
"2016-17","9671","Washington State","Alexys Swedlund|Chanelle Molina|Ivana Kmetovska|Kayla Washington|Krystle McKenzie|Louise Brown|Maria Kostourkova",7,300,309,9,0,0,0
"2016-17","9671","Washington State","Alexys Swedlund|Chanelle Molina|Ivana Kmetovska|Kayla Washington|Krystle McKenzie|Louise Brown|Maria Kostourkova|Nike McClure",8,309,324,15,0,0,0
"2016-17","9671","Maryland","Blair Watson|Brionna Jones|Ieshia Small|S. Walker-Kimbrough|Stephanie Jones",5,300,324,24,0,0,0
"2016-17","9671","Washington State","Alexys Swedlund|Chanelle Molina|Ivana Kmetovska|Kayla Washington|Krystle McKenzie|Maria Kostourkova|Nike McClure",7,324,362,38,0,2,-2
"2016-17","9671","Maryland","Blair Watson|Brionna Jones|Ieshia Small|S. Walker-Kimbrough|Sarah Myers|Stephanie Jones",6,324,362,38,2,0,2
"2016-17","9671","Washington State","Alexys Swedlund|Chanelle Molina|Ivana Kmetovska|Kayla Washington|Krystle McKenzie|Nike McClure|Pinelopi Pavlopoulou",7,362,412,50,3,2,1
"2016-17","9671","Maryland","Blair Watson|Brianna Fraser|Brionna Jones|Ieshia Small|S. Walker-Kimbrough|Sarah Myers|Stephanie Jones",7,362,412,50,2,3,-1
"2016-17","9671","Washington State","Alexys Swedlund|Chanelle Molina|Ivana Kmetovska|Johanna Muzet|Kayla Washington|Nike McClure|Pinelopi Pavlopoulou",7,412,441,29,0,0,0
"2016-17","9671","Washington State","Alexys Swedlund|Chanelle Molina|Ivana Kmetovska|Johanna Muzet|Nike McClure|Pinelopi Pavlopoulou",6,441,452,11,0,0,0
"2016-17","9671","Maryland","Blair Watson|Brianna Fraser|Brionna Jones|Ieshia Small|Kaila Charles|S. Walker-Kimbrough|Sarah Myers",7,412,473,61,2,0,2
"2016-17","9671","Maryland","Aja Ellison|Blair Watson|Brianna Fraser|Brionna Jones|Ieshia Small|Kaila Charles|S. Walker-Kimbrough|Sarah Myers",8,473,539,66,0,3,-3
"2016-17","9671","Maryland","Aja Ellison|Brianna Fraser|Brionna Jones|Destiny Slocum|Ieshia Small|Kaila Charles|S. Walker-Kimbrough|Sarah Myers",8,539,551,12,0,0,0
"2016-17","9671","Maryland","Aja Ellison|Brianna Fraser|Brionna Jones|Destiny Slocum|Ieshia Small|Kaila Charles|Kristen Confroy|S. Walker-Kimbrough|Sarah Myers",9,551,600,49,2,2,0
"2016-17","9671","Washington State","Alexys Swedlund|Chanelle Molina|Ivana Kmetovska|Johanna Muzet|Pinelopi Pavlopoulou",5,452,600,148,5,4,1
"2016-17","9671","Washington State","Borislava Hristova|Caila Hailey|Chanelle Molina|Louise Brown|Nike McClure",5,600,722,122,3,4,-1
"2016-17","9671","Maryland","Brionna Jones|Destiny Slocum|Ieshia Small|Kaila Charles|S. Walker-Kimbrough",5,600,722,122,4,3,1
"2016-17","9671","Washington State","Borislava Hristova|Caila Hailey|Chanelle Molina|Louise Brown|Maria Kostourkova|Nike McClure",6,722,751,29,2,2,0
"2016-17","9671","Maryland","Brionna Jones|Destiny Slocum|Ieshia Small|S. Walker-Kimbrough|Stephanie Jones",5,722,751,29,2,2,0
"2016-17","9671","Maryland","Brionna Jones|Destiny Slocum|Ieshia Small|Kiah Gillespie|S. Walker-Kimbrough|Sarah Myers|Stephanie Jones",7,751,757,6,0,0,0
"2016-17","9671","Washington State","Borislava Hristova|Caila Hailey|Chanelle Molina|Kayla Washington|Louise Brown|Maria Kostourkova|Nike McClure",7,751,772,21,0,0,0
"2016-17","9671","Washington State","Borislava Hristova|Caila Hailey|Chanelle Molina|Kayla Washington|Louise Brown|Maria Kostourkova|Nike McClure",7,772,779,7,0,0,0
"2016-17","9671","Maryland","Brianna Fraser|Brionna Jones|Destiny Slocum|Ieshia Small|Kiah Gillespie|S. Walker-Kimbrough|Sarah Myers|Stephanie Jones",8,757,779,22,0,0,0
"2016-17","9671","Washington State","Borislava Hristova|Caila Hailey|Kayla Washington|Krystle McKenzie|Louise Brown|Maria Kostourkova|Nike McClure",7,779,783,4,0,0,0
"2016-17","9671","Washington State","Borislava Hristova|Caila Hailey|Kayla Washington|Krystle McKenzie|Louise Brown|Maria Kostourkova|Nike McClure|Pinelopi Pavlopoulou",8,783,861,78,2,2,0
"2016-17","9671","Maryland","Brianna Fraser|Brionna Jones|Destiny Slocum|Ieshia Small|Kiah Gillespie|Sarah Myers|Stephanie Jones",7,779,861,82,2,2,0
"2016-17","9671","Maryland","Blair Watson|Brianna Fraser|Ieshia Small|Jenna Staiti|Kiah Gillespie|Sarah Myers|Stephanie Jones",7,861,873,12,0,0,0
"2016-17","9671","Maryland","Blair Watson|Brianna Fraser|Ieshia Small|Jenna Staiti|Kiah Gillespie|Sarah Myers",6,873,874,1,0,0,0
"2016-17","9671","Washington State","Borislava Hristova|Caila Hailey|Kayla Washington|Krystle McKenzie|Maria Kostourkova|Nike McClure|Pinelopi Pavlopoulou",7,861,883,22,0,0,0
"2016-17","9671","Maryland","Blair Watson|Brianna Fraser|Ieshia Small|Jenna Staiti|Kiah Gillespie|Sarah Myers|Stephanie Jones",7,874,893,19,0,0,0
"2016-17","9671","Washington State","Alexys Swedlund|Borislava Hristova|Caila Hailey|Kayla Washington|Krystle McKenzie|Maria Kostourkova|Nike McClure|Pinelopi Pavlopoulou",8,883,901,18,0,0,0
"2016-17","9671","Maryland","Blair Watson|Ieshia Small|Jenna Staiti|Kaila Charles|Kiah Gillespie|Sarah Myers|Stephanie Jones",7,893,901,8,0,0,0
"2016-17","9671","Washington State","Alexys Swedlund|Caila Hailey|Kayla Washington|Krystle McKenzie|Maria Kostourkova|Nike McClure|Pinelopi Pavlopoulou",7,901,907,6,0,0,0
"2016-17","9671","Washington State","Alexys Swedlund|Caila Hailey|Kayla Washington|Krystle McKenzie|Maria Kostourkova",5,907,939,32,0,2,-2
"2016-17","9671","Washington State","Alexys Swedlund|Caila Hailey|Kayla Washington|Krystle McKenzie|Nike McClure",5,939,951,12,0,0,0
"2016-17","9671","Maryland","Brionna Jones|Ieshia Small|Kaila Charles|Kiah Gillespie|S. Walker-Kimbrough|Sarah Myers|Stephanie Jones",7,901,975,74,2,3,-1
"2016-17","9671","Washington State","Alexys Swedlund|Caila Hailey|Chanelle Molina|Kayla Washington|Nike McClure",5,951,999,48,3,2,1
"2016-17","9671","Maryland","Brionna Jones|Ieshia Small|Kiah Gillespie|S. Walker-Kimbrough|Sarah Myers|Stephanie Jones",6,975,999,24,2,0,2
"2016-17","9671","Washington State","Alexys Swedlund|Caila Hailey|Chanelle Molina|Louise Brown|Nike McClure",5,999,1004,5,0,0,0
"2016-17","9671","Maryland","Brionna Jones|Destiny Slocum|Ieshia Small|Kiah Gillespie|Sarah Myers|Stephanie Jones",6,999,1040,41,0,3,-3
"2016-17","9671","Washington State","Alexys Swedlund|Caila Hailey|Chanelle Molina|Louise Brown|Nike McClure|Pinelopi Pavlopoulou",6,1004,1080,76,3,0,3
"2016-17","9671","Maryland","Brionna Jones|Destiny Slocum|Ieshia Small|Sarah Myers|Stephanie Jones",5,1040,1080,40,0,0,0
"2016-17","9671","Maryland","Brionna Jones|Destiny Slocum|Kaila Charles|Sarah Myers|Stephanie Jones",5,1080,1088,8,0,0,0
"2016-17","9671","Washington State","Caila Hailey|Chanelle Molina|Louise Brown|Nike McClure|Pinelopi Pavlopoulou",5,1080,1110,30,0,2,-2
"2016-17","9671","Washington State","Caila Hailey|Chanelle Molina|Louise Brown|Maria Kostourkova|Nike McClure|Pinelopi Pavlopoulou",6,1110,1154,44,0,2,-2
"2016-17","9671","Washington State","Caila Hailey|Chanelle Molina|Louise Brown|Maria Kostourkova|Nike McClure",5,1154,1162,8,0,0,0
"2016-17","9671","Washington State","Borislava Hristova|Caila Hailey|Chanelle Molina|Louise Brown|Maria Kostourkova|Nike McClure",6,1162,1168,6,0,0,0
"2016-17","9671","Maryland","Brionna Jones|Kaila Charles|S. Walker-Kimbrough|Sarah Myers|Stephanie Jones",5,1088,1168,80,4,0,4
"2016-17","9671","Washington State","Borislava Hristova|Caila Hailey|Chanelle Molina|Louise Brown|Nike McClure",5,1168,1170,2,0,0,0
"2016-17","9671","Washington State","Borislava Hristova|Caila Hailey|Chanelle Molina|Louise Brown|Nike McClure|Pinelopi Pavlopoulou",6,1170,1198,28,1,2,-1
"2016-17","9671","Maryland","Brionna Jones|Kaila Charles|S. Walker-Kimbrough|Sarah Myers",4,1168,1198,30,2,1,1
"2016-17","9671","Maryland","Blair Watson|Brionna Jones|Kaila Charles|S. Walker-Kimbrough|Sarah Myers",5,1198,1200,2,0,0,0
"2016-17","9671","Washington State","Borislava Hristova|Chanelle Molina|Krystle McKenzie|Louise Brown|Nike McClure|Pinelopi Pavlopoulou",6,1198,1200,2,0,0,0
"2016-17","9671","Maryland","Brionna Jones|Destiny Slocum|Kaila Charles|Kristen Confroy|S. Walker-Kimbrough",5,1200,1244,44,2,0,2
"2016-17","9671","Washington State","Borislava Hristova|Caila Hailey|Chanelle Molina|Ivana Kmetovska|Louise Brown",5,1200,1296,96,2,2,0
"2016-17","9671","Washington State","Borislava Hristova|Caila Hailey|Chanelle Molina|Ivana Kmetovska",4,1296,1330,34,0,2,-2
"2016-17","9671","Maryland","Brionna Jones|Destiny Slocum|Ieshia Small|Kaila Charles|S. Walker-Kimbrough",5,1244,1408,164,2,2,0
"2016-17","9671","Washington State","Borislava Hristova|Caila Hailey|Ivana Kmetovska|Pinelopi Pavlopoulou",4,1330,1409,79,0,0,0
"2016-17","9671","Washington State","Borislava Hristova|Ivana Kmetovska|Krystle McKenzie|Pinelopi Pavlopoulou",4,1409,1525,116,7,4,3
"2016-17","9671","Washington State","Alexys Swedlund|Borislava Hristova|Ivana Kmetovska|Kayla Washington|Krystle McKenzie|Pinelopi Pavlopoulou",6,1525,1546,21,2,0,2
"2016-17","9671","Maryland","Brionna Jones|Destiny Slocum|Ieshia Small|Kaila Charles|S. Walker-Kimbrough|Sarah Myers",6,1408,1560,152,6,9,-3
"2016-17","9671","Washington State","Alexys Swedlund|Ivana Kmetovska|Kayla Washington|Krystle McKenzie|Pinelopi Pavlopoulou",5,1546,1590,44,2,3,-1
"2016-17","9671","Maryland","Brionna Jones|Destiny Slocum|Ieshia Small|Kaila Charles|Kristen Confroy|S. Walker-Kimbrough|Sarah Myers",7,1560,1651,91,3,2,1
"2016-17","9671","Washington State","Alexys Swedlund|Kayla Washington|Krystle McKenzie|Maria Kostourkova|Pinelopi Pavlopoulou",5,1590,1659,69,0,2,-2
"2016-17","9671","Maryland","Brionna Jones|Destiny Slocum|Ieshia Small|Kaila Charles|Kristen Confroy|S. Walker-Kimbrough",6,1651,1659,8,0,0,0
"2016-17","9671","Washington State","Kayla Washington|Krystle McKenzie|Maria Kostourkova|Pinelopi Pavlopoulou",4,1659,1665,6,0,2,-2
"2016-17","9671","Maryland","Brionna Jones|Destiny Slocum|Ieshia Small|Kaila Charles|Kiah Gillespie|Kristen Confroy|S. Walker-Kimbrough",7,1659,1665,6,2,0,2
"2016-17","9671","Maryland","Destiny Slocum|Ieshia Small|Kaila Charles|Kiah Gillespie|Kristen Confroy|S. Walker-Kimbrough|Stephanie Jones",7,1665,1681,16,0,0,0
"2016-17","9671","Washington State","Borislava Hristova|Krystle McKenzie|Maria Kostourkova|Nike McClure|Pinelopi Pavlopoulou",5,1665,1715,50,0,0,0
"2016-17","9671","Maryland","Brianna Fraser|Destiny Slocum|Ieshia Small|Kaila Charles|Kristen Confroy|S. Walker-Kimbrough|Stephanie Jones",7,1681,1760,79,2,5,-3
"2016-17","9671","Washington State","Borislava Hristova|Krystle McKenzie|Maria Kostourkova|Nike McClure",4,1715,1797,82,5,4,1
"2016-17","9671","Maryland","Brianna Fraser|Destiny Slocum|Ieshia Small|Kristen Confroy|S. Walker-Kimbrough|Stephanie Jones",6,1760,1797,37,2,0,2
"2016-17","9671","Maryland","Brianna Fraser|Brionna Jones|Destiny Slocum|Ieshia Small|Kristen Confroy|S. Walker-Kimbrough|Stephanie Jones",7,1797,1800,3,0,0,0
"2016-17","9671","Washington State","Borislava Hristova|Cameron Fernandez|Chanelle Molina|Krystle McKenzie|Maria Kostourkova|Nike McClure",6,1797,1800,3,0,0,0
"2016-17","9671","Washington State","Borislava Hristova|Chanelle Molina|Kayla Washington|Krystle McKenzie|Maria Kostourkova|Nike McClure",6,1800,1814,14,2,0,2
"2016-17","9671","Maryland","Brionna Jones|Destiny Slocum|Ieshia Small|Kristen Confroy|S. Walker-Kimbrough|Stephanie Jones",6,1800,1814,14,0,2,-2
"2016-17","9671","Washington State","Borislava Hristova|Chanelle Molina|Kayla Washington|Krystle McKenzie|Louise Brown|Maria Kostourkova",6,1814,1842,28,0,2,-2
"2016-17","9671","Maryland","Brionna Jones|Destiny Slocum|Ieshia Small|Kaila Charles|Kristen Confroy|S. Walker-Kimbrough",6,1814,1903,89,4,0,4
"2016-17","9671","Washington State","Borislava Hristova|Caila Hailey|Chanelle Molina|Kayla Washington|Louise Brown|Maria Kostourkova",6,1842,1908,66,0,2,-2
"2016-17","9671","Maryland","Brionna Jones|Destiny Slocum|Ieshia Small|Kaila Charles|Kiah Gillespie|Kristen Confroy|S. Walker-Kimbrough",7,1903,1923,20,2,2,0
"2016-17","9671","Washington State","Borislava Hristova|Caila Hailey|Chanelle Molina|Kayla Washington|Louise Brown|Maria Kostourkova|Pinelopi Pavlopoulou",7,1908,1938,30,3,2,1
"2016-17","9671","Maryland","Brionna Jones|Destiny Slocum|Kaila Charles|Kiah Gillespie|Kristen Confroy|S. Walker-Kimbrough",6,1923,1938,15,0,1,-1
"2016-17","9671","Maryland","Brionna Jones|Destiny Slocum|Ieshia Small|Kaila Charles|Kiah Gillespie|S. Walker-Kimbrough",6,1938,1942,4,0,0,0
"2016-17","9671","Washington State","Borislava Hristova|Caila Hailey|Chanelle Molina|Ivana Kmetovska|Kayla Washington|Louise Brown|Pinelopi Pavlopoulou",7,1938,1983,45,0,2,-2
"2016-17","9671","Washington State","Borislava Hristova|Caila Hailey|Chanelle Molina|Ivana Kmetovska|Kayla Washington|Louise Brown|Maria Kostourkova|Pinelopi Pavlopoulou",8,1983,1986,3,0,0,0
"2016-17","9671","Washington State","Borislava Hristova|Caila Hailey|Ivana Kmetovska|Kayla Washington|Louise Brown|Maria Kostourkova|Pinelopi Pavlopoulou",7,1986,2009,23,0,0,0
"2016-17","9671","Maryland","Brionna Jones|Destiny Slocum|Ieshia Small|Kaila Charles|Kiah Gillespie|S. Walker-Kimbrough|Sarah Myers",7,1942,2009,67,2,0,2
"2016-17","9671","Maryland","Blair Watson|Brionna Jones|Destiny Slocum|Kaila Charles|Kiah Gillespie|S. Walker-Kimbrough|Sarah Myers",7,2009,2020,11,0,0,0
"2016-17","9671","Washington State","Borislava Hristova|Caila Hailey|Kayla Washington|Louise Brown|Maria Kostourkova|Pinelopi Pavlopoulou",6,2009,2093,84,2,0,2
"2016-17","9671","Maryland","Blair Watson|Destiny Slocum|Kaila Charles|Kiah Gillespie|S. Walker-Kimbrough|Sarah Myers|Stephanie Jones",7,2020,2093,73,0,2,-2
"2016-17","9671","Maryland","Blair Watson|Destiny Slocum|Ieshia Small|Kiah Gillespie|S. Walker-Kimbrough|Sarah Myers|Stephanie Jones",7,2093,2108,15,0,0,0
"2016-17","9671","Maryland","Blair Watson|Destiny Slocum|Kiah Gillespie|S. Walker-Kimbrough|Sarah Myers|Stephanie Jones",6,2108,2128,20,1,2,-1
"2016-17","9671","Washington State","Alexys Swedlund|Borislava Hristova|Caila Hailey|Kayla Washington|Louise Brown|Maria Kostourkova|Pinelopi Pavlopoulou",7,2093,2142,49,2,1,1
"2016-17","9671","Washington State","Alexys Swedlund|Borislava Hristova|Caila Hailey|Kayla Washington|Louise Brown|Maria Kostourkova",6,2142,2175,33,0,0,0
"2016-17","9671","Maryland","Blair Watson|Brionna Jones|Destiny Slocum|Kiah Gillespie|S. Walker-Kimbrough|Sarah Myers",6,2128,2209,81,4,0,4
"2016-17","9671","Washington State","Alexys Swedlund|Borislava Hristova|Caila Hailey|Chanelle Molina|Kayla Washington|Louise Brown|Maria Kostourkova",7,2175,2216,41,0,4,-4
"2016-17","9671","Maryland","Blair Watson|Destiny Slocum|Kiah Gillespie|S. Walker-Kimbrough|Sarah Myers|Stephanie Jones",6,2209,2229,20,0,0,0
"2016-17","9671","Washington State","Alexys Swedlund|Borislava Hristova|Caila Hailey|Chanelle Molina|Kayla Washington|Louise Brown|Nike McClure",7,2216,2236,20,2,0,2
"2016-17","9671","Maryland","Blair Watson|Destiny Slocum|Ieshia Small|Kiah Gillespie|S. Walker-Kimbrough|Sarah Myers",6,2229,2252,23,0,2,-2
"2016-17","9671","Maryland","Blair Watson|Brianna Fraser|Destiny Slocum|Ieshia Small|Kiah Gillespie|Kristen Confroy|S. Walker-Kimbrough",7,2252,2262,10,3,0,3
"2016-17","9671","Washington State","Alexys Swedlund|Borislava Hristova|Caila Hailey|Chanelle Molina|Kayla Washington|Louise Brown",6,2236,2301,65,0,5,-5
"2016-17","9671","Maryland","Blair Watson|Brianna Fraser|Brionna Jones|Destiny Slocum|Ieshia Small|Kiah Gillespie|Kristen Confroy|S. Walker-Kimbrough",8,2262,2301,39,2,0,2
"2016-17","9671","Washington State","Alexys Swedlund|Borislava Hristova|Kayla Washington|Louise Brown|Pinelopi Pavlopoulou",5,2301,2312,11,2,0,2
"2016-17","9671","Maryland","Blair Watson|Brianna Fraser|Destiny Slocum|Ieshia Small|Kiah Gillespie|Kristen Confroy|S. Walker-Kimbrough|Stephanie Jones",8,2301,2312,11,0,2,-2
"2016-17","9671","Maryland","Blair Watson|Brianna Fraser|Brionna Jones|Destiny Slocum|Ieshia Small|Kiah Gillespie|Kristen Confroy|S. Walker-Kimbrough",8,2312,2315,3,0,0,0
"2016-17","9671","Washington State","Borislava Hristova|Caila Hailey|Chanelle Molina|Kayla Washington|Louise Brown",5,2312,2337,25,1,2,-1
"2016-17","9671","Maryland","Blair Watson|Brianna Fraser|Brionna Jones|Ieshia Small|Kiah Gillespie|Kristen Confroy|S. Walker-Kimbrough",7,2315,2337,22,2,1,1
"2016-17","9671","Washington State","Borislava Hristova|Caila Hailey|Chanelle Molina|Kayla Washington|Louise Brown|Nike McClure",6,2337,2339,2,0,1,-1
"2016-17","9671","Maryland","Blair Watson|Brianna Fraser|Ieshia Small|Kiah Gillespie|Kristen Confroy|S. Walker-Kimbrough|Stephanie Jones",7,2337,2343,6,1,0,1
"2016-17","9671","Washington State","Alexys Swedlund|Borislava Hristova|Kayla Washington|Louise Brown|Maria Kostourkova|Pinelopi Pavlopoulou",6,2339,2375,36,2,4,-2
"2016-17","9671","Washington State","Alexys Swedlund|Borislava Hristova|Chanelle Molina|Kayla Washington|Louise Brown|Maria Kostourkova",6,2375,2387,12,0,1,-1
"2016-17","9671","Maryland","Blair Watson|Brianna Fraser|Destiny Slocum|Ieshia Small|Kiah Gillespie|Kristen Confroy|S. Walker-Kimbrough|Stephanie Jones",8,2343,2400,57,5,3,2
"2016-17","9671","Washington State","Alexys Swedlund|Borislava Hristova|Kayla Washington|Louise Brown|Maria Kostourkova|Pinelopi Pavlopoulou",6,2387,2400,13,1,0,1
"2016-17","9672","Maryland","Brionna Jones|Destiny Slocum|Kaila Charles|Kristen Confroy|S. Walker-Kimbrough",5,0,90,90,3,4,-1
"2016-17","9672","Maryland","Brionna Jones|Ieshia Small|Kaila Charles|Kristen Confroy|S. Walker-Kimbrough",5,90,287,197,4,7,-3
"2016-17","9672","Maryland","Blair Watson|Brianna Fraser|Ieshia Small|Kaila Charles|Kristen Confroy",5,287,316,29,2,0,2
"2016-17","9672","Maryland","Blair Watson|Brianna Fraser|Destiny Slocum|Kaila Charles|S. Walker-Kimbrough",5,316,387,71,0,7,-7
"2016-17","9672","Louisville","Asia DURR|Briahanna JACKSON|Cortnee WALTON|Mariya MOORE|Myisha HINES-ALLEN",5,0,427,427,18,11,7
"2016-17","9672","Maryland","Brianna Fraser|Brionna Jones|Destiny Slocum|Kristen Confroy|S. Walker-Kimbrough",5,387,451,64,2,0,2
"2016-17","9672","Louisville","Asia DURR|Cortnee WALTON|Mariya MOORE|Myisha HINES-ALLEN|Taylor JOHNSON",5,427,509,82,2,5,-3
"2016-17","9672","Louisville","Asia DURR|Cortnee WALTON|Jazmine JONES|Myisha HINES-ALLEN|Taylor JOHNSON",5,509,536,27,2,1,1
"2016-17","9672","Louisville","Briahanna JACKSON|Ciera JOHNSON|Jazmine JONES|Mariya MOORE|Taylor JOHNSON",5,536,600,64,2,3,-1
"2016-17","9672","Maryland","Brionna Jones|Destiny Slocum|Kristen Confroy|S. Walker-Kimbrough|Stephanie Jones",5,451,600,149,9,6,3
"2016-17","9672","Louisville","Briahanna JACKSON|Ciera JOHNSON|Jazmine JONES|Mariya MOORE|Taylor JOHNSON",5,600,647,47,2,0,2
"2016-17","9672","Louisville","Briahanna JACKSON|Cortnee WALTON|Jazmine JONES|Mariya MOORE|Taylor JOHNSON",5,647,689,42,0,3,-3
"2016-17","9672","Maryland","Brionna Jones|Destiny Slocum|Kristen Confroy|S. Walker-Kimbrough|Stephanie Jones",5,600,703,103,3,2,1
"2016-17","9672","Louisville","Asia DURR|Briahanna JACKSON|Cortnee WALTON|Mariya MOORE|Taylor JOHNSON",5,689,738,49,0,3,-3
"2016-17","9672","Maryland","Brianna Fraser|Destiny Slocum|Kristen Confroy|S. Walker-Kimbrough|Stephanie Jones",5,703,760,57,3,0,3
"2016-17","9672","Louisville","Asia DURR|Briahanna JACKSON|Cortnee WALTON|Mariya MOORE|Sam FUEHRING",5,738,790,52,0,2,-2
"2016-17","9672","Maryland","Brianna Fraser|Brionna Jones|Destiny Slocum|Kristen Confroy|S. Walker-Kimbrough",5,760,845,85,4,3,1
"2016-17","9672","Maryland","Brionna Jones|Destiny Slocum|Kaila Charles|Kristen Confroy|S. Walker-Kimbrough",5,845,873,28,2,1,1
"2016-17","9672","Louisville","Asia DURR|Briahanna JACKSON|Cortnee WALTON|Jazmine JONES|Sam FUEHRING",5,790,873,83,4,4,0
"2016-17","9672","Louisville","Asia DURR|Briahanna JACKSON|Ciera JOHNSON|Cortnee WALTON|Jazmine JONES",5,873,930,57,0,2,-2
"2016-17","9672","Maryland","Brionna Jones|Destiny Slocum|Kristen Confroy|S. Walker-Kimbrough|Stephanie Jones",5,873,992,119,6,2,4
"2016-17","9672","Louisville","Asia DURR|Briahanna JACKSON|Cortnee WALTON|Jazmine JONES|Kylee SHOOK",5,930,992,62,2,4,-2
"2016-17","9672","Louisville","Asia DURR|Briahanna JACKSON|Cortnee WALTON|Mariya MOORE|Myisha HINES-ALLEN",5,992,1004,12,0,0,0
"2016-17","9672","Maryland","Brionna Jones|Destiny Slocum|Kiah Gillespie|Kristen Confroy|S. Walker-Kimbrough",5,992,1013,21,2,0,2
"2016-17","9672","Maryland","Brionna Jones|Ieshia Small|Kiah Gillespie|Kristen Confroy|S. Walker-Kimbrough",5,1013,1096,83,2,4,-2
"2016-17","9672","Maryland","Brionna Jones|Kaila Charles|Kristen Confroy|S. Walker-Kimbrough|Sarah Myers",5,1096,1120,24,0,0,0
"2016-17","9672","Maryland","Brianna Fraser|Brionna Jones|Kristen Confroy|S. Walker-Kimbrough|Sarah Myers",5,1120,1144,24,0,2,-2
"2016-17","9672","Louisville","Asia DURR|Briahanna JACKSON|Ciera JOHNSON|Mariya MOORE|Myisha HINES-ALLEN",5,1004,1169,165,6,4,2
"2016-17","9672","Maryland","Brianna Fraser|Kristen Confroy|S. Walker-Kimbrough|Sarah Myers|Stephanie Jones",5,1144,1179,35,0,0,0
"2016-17","9672","Louisville","Asia DURR|Briahanna JACKSON|Ciera JOHNSON|Sam FUEHRING|Taylor JOHNSON",5,1169,1179,10,0,0,0
"2016-17","9672","Louisville","Asia DURR|Briahanna JACKSON|Ciera JOHNSON|Mariya MOORE|Myisha HINES-ALLEN",5,1179,1200,21,0,0,0
"2016-17","9672","Maryland","Brianna Fraser|Ieshia Small|Kristen Confroy|Sarah Myers|Stephanie Jones",5,1179,1200,21,0,0,0
"2016-17","9672","Maryland","Brianna Fraser|Brionna Jones|Kaila Charles|Kristen Confroy|S. Walker-Kimbrough",5,1200,1222,22,0,1,-1
"2016-17","9672","Maryland","Brianna Fraser|Kaila Charles|Kristen Confroy|S. Walker-Kimbrough",4,1222,1576,354,13,6,7
"2016-17","9672","Louisville","Asia DURR|Briahanna JACKSON|Cortnee WALTON|Mariya MOORE|Myisha HINES-ALLEN",5,1200,1576,376,7,13,-6
"2016-17","9672","Maryland","Ieshia Small|Kaila Charles|Kiah Gillespie|Kristen Confroy",4,1576,1604,28,0,0,0
"2016-17","9672","Maryland","Kaila Charles|Kiah Gillespie|Kristen Confroy|S. Walker-Kimbrough",4,1604,1611,7,0,0,0
"2016-17","9672","Maryland","Brianna Fraser|Kaila Charles|Kristen Confroy|S. Walker-Kimbrough",4,1611,1706,95,2,4,-2
"2016-17","9672","Louisville","Asia DURR|Cortnee WALTON|Mariya MOORE|Myisha HINES-ALLEN|Taylor JOHNSON",5,1576,1706,130,4,2,2
"2016-17","9672","Louisville","Briahanna JACKSON|Cortnee WALTON|Mariya MOORE|Myisha HINES-ALLEN|Taylor JOHNSON",5,1706,1761,55,3,2,1
"2016-17","9672","Louisville","Asia DURR|Briahanna JACKSON|Cortnee WALTON|Jazmine JONES|Myisha HINES-ALLEN",5,1761,1781,20,1,0,1
"2016-17","9672","Louisville","Asia DURR|Briahanna JACKSON|Jazmine JONES|Myisha HINES-ALLEN|Taylor JOHNSON",5,1781,1800,19,0,3,-3
"2016-17","9672","Maryland","Brianna Fraser|Kaila Charles|Kristen Confroy|S. Walker-Kimbrough|Sarah Myers",5,1706,1800,94,5,4,1
"2016-17","9672","Louisville","Asia DURR|Briahanna JACKSON|Cortnee WALTON|Jazmine JONES|Myisha HINES-ALLEN",5,1800,1976,176,5,0,5
"2016-17","9672","Maryland","Brionna Jones|Destiny Slocum|Kaila Charles|Kristen Confroy|S. Walker-Kimbrough",5,1800,1989,189,0,5,-5
"2016-17","9672","Maryland","Brianna Fraser|Destiny Slocum|Kaila Charles|Kristen Confroy|S. Walker-Kimbrough",5,1989,2014,25,0,2,-2
"2016-17","9672","Maryland","Brianna Fraser|Destiny Slocum|Kristen Confroy|S. Walker-Kimbrough|Stephanie Jones",5,2014,2114,100,3,4,-1
"2016-17","9672","Maryland","Brionna Jones|Destiny Slocum|Kristen Confroy|S. Walker-Kimbrough|Stephanie Jones",5,2114,2183,69,0,0,0
"2016-17","9672","Louisville","Asia DURR|Briahanna JACKSON|Cortnee WALTON|Mariya MOORE|Myisha HINES-ALLEN",5,1976,2183,207,6,3,3
"2016-17","9672","Louisville","Briahanna JACKSON|Cortnee WALTON|Jazmine JONES|Mariya MOORE|Myisha HINES-ALLEN",5,2183,2200,17,0,0,0
"2016-17","9672","Louisville","Asia DURR|Briahanna JACKSON|Cortnee WALTON|Mariya MOORE|Myisha HINES-ALLEN",5,2200,2369,169,5,9,-4
"2016-17","9672","Louisville","Asia DURR|Briahanna JACKSON|Cortnee WALTON|Jazmine JONES|Myisha HINES-ALLEN",5,2369,2379,10,0,0,0
"2016-17","9672","Louisville","Asia DURR|Briahanna JACKSON|Mariya MOORE|Myisha HINES-ALLEN|Sydney ZAMBROTTA",5,2379,2381,2,1,0,1
"2016-17","9672","Louisville","Asia DURR|Briahanna JACKSON|Jazmine JONES|Mariya MOORE|Myisha HINES-ALLEN",5,2381,2386,5,0,2,-2
"2016-17","9672","Louisville","Asia DURR|Briahanna JACKSON|Mariya MOORE|Myisha HINES-ALLEN|Sydney ZAMBROTTA",5,2386,2394,8,2,0,2
"2016-17","9672","Louisville","Asia DURR|Briahanna JACKSON|Jazmine JONES|Mariya MOORE|Myisha HINES-ALLEN",5,2394,2396,2,0,2,-2
"2016-17","9672","Louisville","Asia DURR|Briahanna JACKSON|Jazmine JONES|Myisha HINES-ALLEN|Sydney ZAMBROTTA",5,2396,2400,4,0,0,0
"2016-17","9672","Maryland","Brionna Jones|Destiny Slocum|Kaila Charles|Kristen Confroy|S. Walker-Kimbrough",5,2183,2400,217,13,8,5
"2016-17","9673","Maryland","Brionna Jones|Destiny Slocum|Kaila Charles|Kristen Confroy|S. Walker-Kimbrough",5,0,99,99,4,0,4
"2016-17","9673","Maryland","Brianna Fraser|Destiny Slocum|Kaila Charles|Kristen Confroy|S. Walker-Kimbrough",5,99,176,77,0,0,0
"2016-17","9673","Umbc","Lakiah Sims|Laura Castaldo|Pandora Wilson|Te'yjah Oliver|Tyler Moore",5,0,250,250,2,7,-5
"2016-17","9673","Maryland","Brianna Fraser|Destiny Slocum|Ieshia Small|Kaila Charles|Kristen Confroy",5,176,250,74,3,2,1
"2016-17","9673","Maryland","Brianna Fraser|Brionna Jones|Ieshia Small|Kristen Confroy|S. Walker-Kimbrough",5,250,316,66,5,2,3
"2016-17","9673","Maryland","Brionna Jones|Destiny Slocum|Ieshia Small|S. Walker-Kimbrough|Stephanie Jones",5,316,356,40,0,0,0
"2016-17","9673","Umbc","Emily Russo|Lakiah Sims|Laura Castaldo|Pandora Wilson|Tyler Moore",5,250,457,207,4,9,-5
"2016-17","9673","Maryland","Brionna Jones|Destiny Slocum|Kristen Confroy|S. Walker-Kimbrough|Stephanie Jones",5,356,457,101,4,2,2
"2016-17","9673","Maryland","Blair Watson|Brionna Jones|Destiny Slocum|Kiah Gillespie|Kristen Confroy",5,457,543,86,6,0,6
"2016-17","9673","Maryland","Blair Watson|Jenna Staiti|Kaila Charles|Kiah Gillespie|Sarah Myers",5,543,600,57,2,3,-1
"2016-17","9673","Umbc","Allison McGrath|Amanda Hagaman|Lakiah Sims|Lucrezia Costa|Tyler Moore",5,457,600,143,3,8,-5
"2016-17","9673","Umbc","Allison McGrath|Amanda Hagaman|Lucrezia Costa|Te'yjah Oliver|Tyler Moore",5,600,717,117,0,4,-4
"2016-17","9673","Maryland","Jenna Staiti|Kaila Charles|Kiah Gillespie|S. Walker-Kimbrough|Sarah Myers",5,600,717,117,4,0,4
"2016-17","9673","Maryland","Brianna Fraser|Destiny Slocum|Jenna Staiti|Kaila Charles|S. Walker-Kimbrough",5,717,785,68,3,0,3
"2016-17","9673","Umbc","Lakiah Sims|Laura Castaldo|Pandora Wilson|Te'yjah Oliver|Tyler Moore",5,717,992,275,8,10,-2
"2016-17","9673","Maryland","Brianna Fraser|Destiny Slocum|Ieshia Small|Kristen Confroy|Stephanie Jones",5,785,992,207,7,8,-1
"2016-17","9673","Umbc","Allison McGrath|Amanda Hagaman|Emily Russo|Laura Castaldo|Lucrezia Costa",5,992,1106,114,0,2,-2
"2016-17","9673","Maryland","Blair Watson|Brionna Jones|Ieshia Small|Kiah Gillespie|Sarah Myers",5,992,1106,114,2,0,2
"2016-17","9673","Maryland","Blair Watson|Ieshia Small|Jenna Staiti|Kiah Gillespie|Sarah Myers",5,1106,1166,60,2,0,2
"2016-17","9673","Maryland","Blair Watson|Jenna Staiti|Kaila Charles|Kiah Gillespie|Sarah Myers",5,1166,1200,34,0,0,0
"2016-17","9673","Umbc","Allison McGrath|Amanda Hagaman|Emily Russo|Laura Castaldo|Pandora Wilson",5,1106,1200,94,0,2,-2
"2016-17","9673","Umbc","Lakiah Sims|Laura Castaldo|Pandora Wilson|Te'yjah Oliver|Tyler Moore",5,1200,1339,139,2,6,-4
"2016-17","9673","Umbc","Emily Russo|Lakiah Sims|Laura Castaldo|Pandora Wilson|Tyler Moore",5,1339,1401,62,2,6,-4
"2016-17","9673","Maryland","Brionna Jones|Destiny Slocum|Kaila Charles|Kristen Confroy|S. Walker-Kimbrough",5,1200,1485,285,17,7,10
"2016-17","9673","Maryland","Blair Watson|Brianna Fraser|Destiny Slocum|Kaila Charles|Kristen Confroy",5,1485,1539,54,2,2,0
"2016-17","9673","Maryland","Blair Watson|Brianna Fraser|Ieshia Small",3,1539,1551,12,2,0,2
"2016-17","9673","Umbc","Amanda Hagaman|Emily Russo|Laura Castaldo|Lucrezia Costa|Tyler Moore",5,1401,1600,199,5,9,-4
"2016-17","9673","Maryland","Blair Watson|Brianna Fraser|Destiny Slocum|Ieshia Small|Stephanie Jones",5,1551,1600,49,0,0,0
"2016-17","9673","Maryland","Blair Watson|Brianna Fraser|Ieshia Small|Sarah Myers|Stephanie Jones",5,1600,1642,42,1,1,0
"2016-17","9673","Umbc","Amanda Hagaman|Laura Castaldo|Lucrezia Costa|Te'yjah Oliver|Tyler Moore",5,1600,1734,134,1,3,-2
"2016-17","9673","Maryland","Blair Watson|Brianna Fraser|Ieshia Small|Kiah Gillespie|Sarah Myers",5,1642,1734,92,2,0,2
"2016-17","9673","Maryland","Blair Watson|Ieshia Small|Jenna Staiti|Kiah Gillespie|Sarah Myers",5,1734,1800,66,5,0,5
"2016-17","9673","Umbc","Allison McGrath|Amanda Hagaman|Lucrezia Costa|Te'yjah Oliver|Tyler Moore",5,1734,1800,66,0,5,-5
"2016-17","9673","Umbc","Lakiah Sims|Laura Castaldo|Pandora Wilson|Te'yjah Oliver|Tyler Moore",5,1800,1805,5,0,0,0
"2016-17","9673","Maryland","Blair Watson|Ieshia Small|Jenna Staiti|Kiah Gillespie|Sarah Myers",5,1800,1913,113,2,2,0
"2016-17","9673","Maryland","Blair Watson|Brianna Fraser|Ieshia Small|Kiah Gillespie|Sarah Myers",5,1913,1944,31,2,0,2
"2016-17","9673","Umbc","Emily Russo|Lakiah Sims|Laura Castaldo|Pandora Wilson|Tyler Moore",5,1805,2076,271,7,13,-6
"2016-17","9673","Maryland","Blair Watson|Brianna Fraser|Ieshia Small|Kiah Gillespie|Stephanie Jones",5,1944,2076,132,9,5,4
"2016-17","9673","Maryland","Blair Watson|Brianna Fraser|Kiah Gillespie|Sarah Myers|Stephanie Jones",5,2076,2117,41,0,0,0
"2016-17","9673","Maryland","Blair Watson|Jenna Staiti|Kiah Gillespie|Sarah Myers|Stephanie Jones",5,2117,2193,76,0,5,-5
"2016-17","9673","Umbc","Carly Harris|Lakiah Sims|Laura Castaldo|Pandora Wilson|Tyler Moore",5,2076,2220,144,5,0,5
"2016-17","9673","Maryland","Blair Watson|Brianna Fraser|Kiah Gillespie|Sarah Myers|Stephanie Jones",5,2193,2220,27,0,0,0
"2016-17","9673","Umbc","Allison McGrath|Carly Harris|Lakiah Sims|Laura Castaldo|Tyler Moore",5,2220,2324,104,1,7,-6
"2016-17","9673","Maryland","Blair Watson|Jenna Staiti|Kiah Gillespie|Sarah Myers|Stephanie Jones",5,2220,2400,180,8,3,5
"2016-17","9673","Umbc","Allison McGrath|Amanda Hagaman|Carly Harris|Emily Russo|Laura Castaldo",5,2324,2400,76,2,1,1
"2016-17","9674","Maryland","Brionna Jones|Destiny Slocum|Kaila Charles|Kristen Confroy|S. Walker-Kimbrough",5,0,205,205,8,4,4
"2016-17","9674","Towson","Brianna Bush|Jordyn Smith|Raine Bankston|Raven Bankston|Sianni Martin",5,0,262,262,4,10,-6
"2016-17","9674","Maryland","Brianna Fraser|Destiny Slocum|Kristen Confroy|S. Walker-Kimbrough|Stephanie Jones",5,205,339,134,7,2,5
"2016-17","9674","Towson","Jordyn Smith|Mary Cuevas|Raine Bankston|Shanea Butler|Sianni Martin",5,262,360,98,2,5,-3
"2016-17","9674","Towson","Maia Lee|Mary Cuevas|Raine Bankston|Shanea Butler|Sianni Martin",5,360,419,59,0,0,0
"2016-17","9674","Maryland","Blair Watson|Brionna Jones|Destiny Slocum|Kristen Confroy|Stephanie Jones",5,339,443,104,0,0,0
"2016-17","9674","Towson","Maia Lee|Mary Cuevas|Raine Bankston|Raven Bankston|Shanea Butler",5,419,548,129,2,5,-3
"2016-17","9674","Maryland","Blair Watson|Brianna Fraser|Brionna Jones|Destiny Slocum|Kristen Confroy",5,443,548,105,5,2,3
"2016-17","9674","Towson","Brittany Tarr|Mary Cuevas|Raine Bankston|Raven Bankston|Shanea Butler",5,548,593,45,2,2,0
"2016-17","9674","Maryland","Blair Watson|Brionna Jones|Destiny Slocum|Kaila Charles|S. Walker-Kimbrough",5,548,593,45,2,2,0
"2016-17","9674","Maryland","Brionna Jones|Destiny Slocum|Ieshia Small|Kaila Charles|S. Walker-Kimbrough",5,593,600,7,0,0,0
"2016-17","9674","Towson","Brittany Tarr|Mary Cuevas|Raine Bankston|Raven Bankston|Sianni Martin",5,593,600,7,0,0,0
"2016-17","9674","Towson","Brianna Bush|Brittany Tarr|Raine Bankston|Raven Bankston|Sianni Martin",5,600,659,59,2,5,-3
"2016-17","9674","Towson","Brittany Tarr|Daijha Thomas|Raine Bankston|Raven Bankston|Sianni Martin",5,659,679,20,2,0,2
"2016-17","9674","Maryland","Brionna Jones|Destiny Slocum|Ieshia Small|Kaila Charles|S. Walker-Kimbrough",5,600,679,79,5,4,1
"2016-17","9674","Maryland","Brionna Jones|Destiny Slocum|Kaila Charles|Kristen Confroy|S. Walker-Kimbrough",5,679,779,100,10,0,10
"2016-17","9674","Towson","Brianna Bush|Daijha Thomas|Raine Bankston|Raven Bankston|Sianni Martin",5,679,859,180,2,16,-14
"2016-17","9674","Maryland","Destiny Slocum|Jenna Staiti|Kaila Charles|Kristen Confroy|S. Walker-Kimbrough",5,779,859,80,6,2,4
"2016-17","9674","Maryland","Blair Watson|Jenna Staiti|Kiah Gillespie|S. Walker-Kimbrough|Sarah Myers",5,859,1109,250,11,10,1
"2016-17","9674","Maryland","Blair Watson|Brianna Fraser|Kaila Charles|Kiah Gillespie|Sarah Myers",5,1109,1163,54,2,1,1
"2016-17","9674","Maryland","Blair Watson|Brianna Fraser|Kiah Gillespie|Kristen Confroy|Sarah Myers",5,1163,1200,37,0,2,-2
"2016-17","9674","Towson","Brianna Bush|Jordyn Smith|Raine Bankston|Raven Bankston|Shanea Butler",5,859,1200,341,13,13,0
"2016-17","9674","Towson","Brianna Bush|Jordyn Smith|Raine Bankston|Raven Bankston|Sianni Martin",5,1200,1358,158,4,8,-4
"2016-17","9674","Maryland","Brionna Jones|Destiny Slocum|Kaila Charles|Kristen Confroy|S. Walker-Kimbrough",5,1200,1404,204,11,4,7
"2016-17","9674","Towson","Brianna Bush|Mary Cuevas|Raven Bankston|Shanea Butler|Sianni Martin",5,1358,1528,170,5,5,0
"2016-17","9674","Maryland","Blair Watson|Brianna Fraser|Destiny Slocum|Kaila Charles|Kristen Confroy",5,1404,1528,124,2,5,-3
"2016-17","9674","Towson","Brittany Tarr|Mary Cuevas|Raine Bankston|Shanea Butler|Sianni Martin",5,1528,1542,14,0,0,0
"2016-17","9674","Maryland","Brianna Fraser|Destiny Slocum|Ieshia Small|Kaila Charles|Stephanie Jones",5,1528,1637,109,2,2,0
"2016-17","9674","Maryland","Destiny Slocum|Ieshia Small|Kiah Gillespie|Sarah Myers|Stephanie Jones",5,1637,1677,40,0,2,-2
"2016-17","9674","Towson","Brittany Tarr|Mary Cuevas|Nukiya Mayo|Raine Bankston|Raven Bankston",5,1542,1729,187,6,4,2
"2016-17","9674","Towson","Braysia Hicks|Brittany Tarr|Mary Cuevas|Nukiya Mayo|Raine Bankston",5,1729,1779,50,0,1,-1
"2016-17","9674","Maryland","Blair Watson|Ieshia Small|Kiah Gillespie|Sarah Myers|Stephanie Jones",5,1677,1800,123,5,2,3
"2016-17","9674","Towson","Braysia Hicks|Daijha Thomas|Mary Cuevas|Nukiya Mayo|Raine Bankston",5,1779,1800,21,0,2,-2
"2016-17","9674","Maryland","Blair Watson|Ieshia Small|Kiah Gillespie|Sarah Myers|Stephanie Jones",5,1800,1866,66,2,1,1
"2016-17","9674","Maryland","Blair Watson|Ieshia Small|Jenna Staiti|Kiah Gillespie|Sarah Myers",5,1866,1878,12,0,2,-2
"2016-17","9674","Maryland","Blair Watson|Brianna Fraser|Ieshia Small|Kiah Gillespie|Sarah Myers",5,1878,1983,105,4,4,0
"2016-17","9674","Towson","Brianna Bush|Jordyn Smith|Raine Bankston|Raven Bankston|Sianni Martin",5,1800,1985,185,7,6,1
"2016-17","9674","Towson","Brianna Bush|Mary Cuevas|Raine Bankston|Raven Bankston|Sianni Martin",5,1985,2017,32,2,1,1
"2016-17","9674","Towson","Daijha Thomas|Mary Cuevas|Raine Bankston|Raven Bankston|Sianni Martin",5,2017,2098,81,2,2,0
"2016-17","9674","Towson","Daijha Thomas|Mariah Gray|Mary Cuevas|Raven Bankston|Sianni Martin",5,2098,2163,65,4,4,0
"2016-17","9674","Maryland","Blair Watson|Ieshia Small|Jenna Staiti|Kiah Gillespie|Sarah Myers",5,1983,2204,221,7,10,-3
"2016-17","9674","Maryland","Blair Watson|Brianna Fraser|Kaila Charles|Kiah Gillespie|Sarah Myers",5,2204,2400,196,8,2,6
"2016-17","9674","Towson","Daijha Thomas|Mariah Gray|Mary Cuevas|Raven Bankston|Shanea Butler",5,2163,2400,237,4,8,-4
"2016-17","9675","Maryland","Brionna Jones|Destiny Slocum|Kaila Charles|Kristen Confroy|S. Walker-Kimbrough",5,0,187,187,5,3,2
"2016-17","9675","Saint Peter's","Janelle Mullen|Sajanna Bethea|Sam Meier|Sammy Lochner|Talah Hughes",5,0,326,326,5,7,-2
"2016-17","9675","Maryland","Blair Watson|Brionna Jones|Destiny Slocum|Kaila Charles|Kristen Confroy",5,187,326,139,2,2,0
"2016-17","9675","Saint Peter's","Janelle Mullen|Sajanna Bethea|Sam Meier|Sammy Lochner|Zoe Pero",5,326,386,60,2,4,-2
"2016-17","9675","Maryland","Blair Watson|Brianna Fraser|Brionna Jones|Destiny Slocum|Kaila Charles",5,326,386,60,4,2,2
"2016-17","9675","Saint Peter's","Ashlie Howell|Janelle Mullen|Sajanna Bethea|Sammy Lochner|Zoe Pero",5,386,516,130,4,2,2
"2016-17","9675","Maryland","Brianna Fraser|Brionna Jones|Destiny Slocum|Kaila Charles|S. Walker-Kimbrough",5,386,516,130,2,4,-2
"2016-17","9675","Saint Peter's","Alyssa Velles|Ashlie Howell|Janelle Mullen|Sajanna Bethea|Zoe Pero",5,516,543,27,2,0,2
"2016-17","9675","Maryland","Destiny Slocum|Kiah Gillespie|Kristen Confroy|S. Walker-Kimbrough|Stephanie Jones",5,516,543,27,0,2,-2
"2016-17","9675","Maryland","Destiny Slocum|Kaila Charles|Kristen Confroy|S. Walker-Kimbrough|Stephanie Jones",5,543,572,29,2,0,2
"2016-17","9675","Maryland","Destiny Slocum|Jenna Staiti|Kaila Charles|Kristen Confroy|S. Walker-Kimbrough",5,572,600,28,2,0,2
"2016-17","9675","Saint Peter's","Alyssa Velles|Ashlie Howell|Sajanna Bethea|Sammy Lochner|Zoe Pero",5,543,600,57,0,4,-4
"2016-17","9675","Saint Peter's","Ashlie Howell|Imani Martinez|Sajanna Bethea|Sam Meier|Sammy Lochner",5,600,617,17,0,2,-2
"2016-17","9675","Saint Peter's","Alyssa Velles|Ashlie Howell|Imani Martinez|Sajanna Bethea|Sammy Lochner",5,617,643,26,0,0,0
"2016-17","9675","Saint Peter's","Ashlie Howell|Brianna Tarabocchia|Imani Martinez|Sajanna Bethea|Sammy Lochner",5,643,760,117,3,4,-1
"2016-17","9675","Saint Peter's","Ashlie Howell|Imani Martinez|Sajanna Bethea|Sammy Lochner|Talah Hughes",5,760,785,25,0,4,-4
"2016-17","9675","Maryland","Brionna Jones|Destiny Slocum|Kaila Charles|Kristen Confroy|S. Walker-Kimbrough",5,600,785,185,10,3,7
"2016-17","9675","Saint Peter's","Imani Martinez|Janelle Mullen|Sajanna Bethea|Sammy Lochner|Talah Hughes",5,785,897,112,2,7,-5
"2016-17","9675","Maryland","Brionna Jones|Kaila Charles|Kristen Confroy|S. Walker-Kimbrough|Sarah Myers",5,785,897,112,7,2,5
"2016-17","9675","Saint Peter's","Janelle Mullen|Sajanna Bethea|Sammy Lochner|Talah Hughes|Zoe Pero",5,897,987,90,0,6,-6
"2016-17","9675","Maryland","Brianna Fraser|Ieshia Small|Kaila Charles|S. Walker-Kimbrough|Sarah Myers",5,897,987,90,6,0,6
"2016-17","9675","Maryland","Brianna Fraser|Destiny Slocum|Ieshia Small|Jenna Staiti|S. Walker-Kimbrough",5,987,1106,119,9,2,7
"2016-17","9675","Maryland","Blair Watson|Brianna Fraser|Destiny Slocum|Ieshia Small|Jenna Staiti",5,1106,1119,13,0,2,-2
"2016-17","9675","Maryland","Blair Watson|Brianna Fraser|Destiny Slocum|Ieshia Small|Kiah Gillespie",5,1119,1200,81,2,3,-1
"2016-17","9675","Saint Peter's","Brianna Tarabocchia|Janelle Mullen|Sajanna Bethea|Sammy Lochner|Zoe Pero",5,987,1200,213,7,11,-4
"2016-17","9675","Saint Peter's","Janelle Mullen|Sajanna Bethea|Sam Meier|Sammy Lochner|Talah Hughes",5,1200,1390,190,4,7,-3
"2016-17","9675","Saint Peter's","Janelle Mullen|Sajanna Bethea|Sammy Lochner|Talah Hughes|Zoe Pero",5,1390,1499,109,2,7,-5
"2016-17","9675","Maryland","Brionna Jones|Destiny Slocum|Kaila Charles|Kristen Confroy|S. Walker-Kimbrough",5,1200,1499,299,14,6,8
"2016-17","9675","Saint Peter's","Ashlie Howell|Brianna Tarabocchia|Janelle Mullen|Sammy Lochner|Zoe Pero",5,1499,1584,85,0,5,-5
"2016-17","9675","Maryland","Brianna Fraser|Brionna Jones|Ieshia Small|Kristen Confroy|S. Walker-Kimbrough",5,1499,1584,85,5,0,5
"2016-17","9675","Saint Peter's","Ashlie Howell|Brianna Tarabocchia|Janelle Mullen|Sajanna Bethea|Talah Hughes",5,1584,1744,160,5,4,1
"2016-17","9675","Maryland","Blair Watson|Brianna Fraser|Destiny Slocum|Ieshia Small|Stephanie Jones",5,1584,1744,160,4,5,-1
"2016-17","9675","Maryland","Blair Watson|Destiny Slocum|Ieshia Small|Jenna Staiti|Kiah Gillespie",5,1744,1800,56,4,3,1
"2016-17","9675","Saint Peter's","Brianna Tarabocchia|Sajanna Bethea|Sam Meier|Sammy Lochner|Talah Hughes",5,1744,1906,162,5,11,-6
"2016-17","9675","Maryland","Blair Watson|Ieshia Small|Jenna Staiti|Kiah Gillespie|Kristen Confroy",5,1800,1952,152,7,5,2
"2016-17","9675","Saint Peter's","Brianna Tarabocchia|Sajanna Bethea|Sammy Lochner|Talah Hughes|Zoe Pero",5,1906,1973,67,3,1,2
"2016-17","9675","Maryland","Brianna Fraser|Ieshia Small|Kiah Gillespie|Kristen Confroy|Sarah Myers",5,1952,2047,95,3,0,3
"2016-17","9675","Saint Peter's","Alyssa Velles|Brianna Tarabocchia|Sajanna Bethea|Talah Hughes|Zoe Pero",5,1973,2070,97,0,2,-2
"2016-17","9675","Saint Peter's","Alyssa Velles|Brianna Tarabocchia|Sajanna Bethea|Sammy Lochner|Talah Hughes|Zoe Pero",6,2070,2112,42,0,2,-2
"2016-17","9675","Saint Peter's","Alyssa Velles|Brianna Tarabocchia|Imani Martinez|Sammy Lochner|Talah Hughes|Zoe Pero",6,2112,2212,100,0,5,-5
"2016-17","9675","Maryland","Blair Watson|Brianna Fraser|Ieshia Small|Kiah Gillespie|Sarah Myers",5,2047,2273,226,10,0,10
"2016-17","9675","Maryland","Blair Watson|Jenna Staiti|Kaila Charles|Kiah Gillespie|Sarah Myers",5,2273,2400,127,3,5,-2
"2016-17","9675","Saint Peter's","Ashlie Howell|Brianna Tarabocchia|Janelle Mullen|Sammy Lochner|Zoe Pero",5,2212,2400,188,5,6,-1
"2016-17","9676","Maryland","Brionna Jones|Destiny Slocum|Kaila Charles|Kristen Confroy|S. Walker-Kimbrough",5,0,81,81,4,2,2
"2016-17","9676","Maryland","Brionna Jones|Destiny Slocum|Ieshia Small|Kaila Charles|S. Walker-Kimbrough",5,81,337,256,16,5,11
"2016-17","9676","Loyola Maryland","Bri Betz-White|Carly Monzo|Lauren Daugherty|Lisa Mirarchi|Stephanie Karcz",5,0,337,337,7,20,-13
"2016-17","9676","Maryland","Brianna Fraser|Destiny Slocum|Ieshia Small|Kiah Gillespie|S. Walker-Kimbrough",5,337,401,64,4,2,2
"2016-17","9676","Loyola Maryland","Alexis Gray|Bri Betz-White|Carly Monzo|Lauren Daugherty|Stephanie Karcz",5,337,401,64,2,4,-2
"2016-17","9676","Maryland","Brianna Fraser|Ieshia Small|Kiah Gillespie|Kristen Confroy|S. Walker-Kimbrough",5,401,451,50,0,0,0
"2016-17","9676","Maryland","Blair Watson|Brianna Fraser|Brionna Jones|Destiny Slocum|Kristen Confroy",5,451,470,19,0,0,0
"2016-17","9676","Loyola Maryland","Alexis Gray|Ashley Hunter|Bri Betz-White|Courtney Vannoy|Stephanie Karcz",5,401,600,199,3,2,1
"2016-17","9676","Maryland","Blair Watson|Brionna Jones|Destiny Slocum|Kaila Charles|Kristen Confroy",5,470,600,130,2,3,-1
"2016-17","9676","Loyola Maryland","Alexis Gray|Bri Betz-White|Carly Monzo|Lauren Daugherty|Stephanie Karcz",5,600,696,96,0,2,-2
"2016-17","9676","Loyola Maryland","Alexis Gray|Bri Betz-White|Carly Monzo|Lauren Daugherty|Lisa Mirarchi",5,696,755,59,0,5,-5
"2016-17","9676","Maryland","Brionna Jones|Destiny Slocum|Kaila Charles|Kristen Confroy|S. Walker-Kimbrough",5,600,828,228,9,0,9
"2016-17","9676","Loyola Maryland","Alexis Gray|Ashley Hunter|Bri Betz-White|Carly Monzo|Lisa Mirarchi",5,755,828,73,0,2,-2
"2016-17","9676","Maryland","Brionna Jones|Destiny Slocum|Kristen Confroy|S. Walker-Kimbrough|Stephanie Jones",5,828,896,68,1,0,1
"2016-17","9676","Maryland","Blair Watson|Brionna Jones|Destiny Slocum|S. Walker-Kimbrough|Stephanie Jones",5,896,941,45,2,2,0
"2016-17","9676","Maryland","Blair Watson|Brionna Jones|Destiny Slocum|Kaila Charles|Stephanie Jones",5,941,980,39,2,0,2
"2016-17","9676","Loyola Maryland","Alexis Gray|Ashley Hunter|Lauren Daugherty|Lisa Mirarchi|Stephanie Karcz",5,828,980,152,2,5,-3
"2016-17","9676","Maryland","Blair Watson|Brianna Fraser|Destiny Slocum|Kaila Charles|Stephanie Jones",5,980,1018,38,1,2,-1
"2016-17","9676","Maryland","Blair Watson|Brianna Fraser|Destiny Slocum|Kaila Charles|Kiah Gillespie",5,1018,1032,14,0,3,-3
"2016-17","9676","Loyola Maryland","Alexis Gray|Ashley Hunter|Bri Betz-White|Carly Monzo|Stephanie Karcz",5,980,1032,52,5,1,4
"2016-17","9676","Loyola Maryland","Alexis Gray|Bri Betz-White|Carly Monzo|Lauren Daugherty|Stephanie Karcz",5,1032,1113,81,0,4,-4
"2016-17","9676","Maryland","Blair Watson|Brianna Fraser|Ieshia Small|Kaila Charles|Kiah Gillespie",5,1032,1183,151,5,2,3
"2016-17","9676","Loyola Maryland","Alexis Gray|Bri Betz-White|Courtney Vannoy|Lauren Daugherty|Stephanie Karcz",5,1113,1183,70,2,1,1
"2016-17","9676","Loyola Maryland","Alexis Gray|Bri Betz-White|Lauren Daugherty|Molly Taylor|Stephanie Karcz",5,1183,1200,17,0,0,0
"2016-17","9676","Maryland","Blair Watson|Ieshia Small|Jenna Staiti|Kaila Charles|Kiah Gillespie",5,1183,1200,17,0,0,0
"2016-17","9676","Maryland","Brionna Jones|Destiny Slocum|Kaila Charles|Kristen Confroy|S. Walker-Kimbrough",5,1200,1216,16,0,3,-3
"2016-17","9676","Maryland","Brionna Jones|Ieshia Small|Kaila Charles|Kristen Confroy|S. Walker-Kimbrough",5,1216,1310,94,2,5,-3
"2016-17","9676","Maryland","Brionna Jones|Ieshia Small|Kiah Gillespie|Kristen Confroy|S. Walker-Kimbrough",5,1310,1455,145,5,5,0
"2016-17","9676","Maryland","Brionna Jones|Kiah Gillespie|Kristen Confroy|S. Walker-Kimbrough|Sarah Myers",5,1455,1547,92,3,2,1
"2016-17","9676","Maryland","Brionna Jones|Kristen Confroy|S. Walker-Kimbrough|Sarah Myers|Stephanie Jones",5,1547,1611,64,0,3,-3
"2016-17","9676","Maryland","Brianna Fraser|Kristen Confroy|S. Walker-Kimbrough|Sarah Myers|Stephanie Jones",5,1611,1652,41,0,2,-2
"2016-17","9676","Loyola Maryland","Bri Betz-White|Carly Monzo|Lauren Daugherty|Lisa Mirarchi|Stephanie Karcz",5,1200,1688,488,20,14,6
"2016-17","9676","Maryland","Destiny Slocum|Kaila Charles|Kristen Confroy|S. Walker-Kimbrough|Stephanie Jones",5,1652,1777,125,6,2,4
"2016-17","9676","Loyola Maryland","Alexis Gray|Bri Betz-White|Carly Monzo|Lauren Daugherty|Stephanie Karcz",5,1688,1777,89,2,2,0
"2016-17","9676","Loyola Maryland","Alexis Gray|Bri Betz-White|Courtney Vannoy|Lauren Daugherty|Stephanie Karcz",5,1777,1800,23,2,2,0
"2016-17","9676","Maryland","Blair Watson|Destiny Slocum|Kaila Charles|Kristen Confroy|Stephanie Jones",5,1777,1800,23,2,2,0
"2016-17","9676","Maryland","Blair Watson|Brionna Jones|Destiny Slocum|Kristen Confroy|Stephanie Jones",5,1800,1929,129,3,2,1
"2016-17","9676","Loyola Maryland","Alexis Gray|Bri Betz-White|Courtney Vannoy|Lauren Daugherty|Stephanie Karcz",5,1800,1929,129,2,3,-1
"2016-17","9676","Maryland","Blair Watson|Brionna Jones|Destiny Slocum|Kaila Charles|Kristen Confroy",5,1929,1955,26,0,0,0
"2016-17","9676","Maryland","Blair Watson|Brionna Jones|Destiny Slocum|Kiah Gillespie|Kristen Confroy",5,1955,1986,31,0,0,0
"2016-17","9676","Loyola Maryland","Abby Omdahl|Alexis Gray|Bri Betz-White|Carly Monzo|Lauren Daugherty",5,1929,1986,57,0,0,0
"2016-17","9676","Maryland","Blair Watson|Brionna Jones|Destiny Slocum|Ieshia Small|Kiah Gillespie",5,1986,2035,49,0,2,-2
"2016-17","9676","Loyola Maryland","Abby Omdahl|Alexis Gray|Ashley Hunter|Bri Betz-White|Carly Monzo",5,1986,2099,113,4,5,-1
"2016-17","9676","Maryland","Brionna Jones|Destiny Slocum|Ieshia Small|Kristen Confroy|S. Walker-Kimbrough",5,2035,2290,255,7,8,-1
"2016-17","9676","Loyola Maryland","Alexis Gray|Bri Betz-White|Carly Monzo|Lauren Daugherty|Stephanie Karcz",5,2099,2290,191,6,2,4
"2016-17","9676","Loyola Maryland","Bri Betz-White|Carly Monzo|Lauren Daugherty|Molly Taylor|Stephanie Karcz",5,2290,2342,52,0,3,-3
"2016-17","9676","Loyola Maryland","Bri Betz-White|Hannah Niles|Madelene McDonald|Molly Taylor|Tori Schultz",5,2342,2400,58,3,2,1
"2016-17","9676","Maryland","Brionna Jones|Destiny Slocum|Kristen Confroy|S. Walker-Kimbrough|Stephanie Jones",5,2290,2400,110,5,3,2
"2016-17","9677","Duquesne","Amadea SZAMOSI|Brianna THOMAS|Chassidy OMOGROSSO|Conor RICHARDSON|Kadri-Ann LASS",5,0,173,173,2,5,-3
"2016-17","9677","Maryland","Brionna Jones|Destiny Slocum|Kaila Charles|Kristen Confroy|S. Walker-Kimbrough",5,0,198,198,5,4,1
"2016-17","9677","Maryland","Brianna Fraser|Brionna Jones|Destiny Slocum|Kristen Confroy|S. Walker-Kimbrough",5,198,254,56,0,0,0
"2016-17","9677","Duquesne","Amadea SZAMOSI|Chassidy OMOGROSSO|Conor RICHARDSON|Kadri-Ann LASS|Nina AHO",5,173,254,81,2,0,2
"2016-17","9677","Maryland","Brianna Fraser|Brionna Jones|Kristen Confroy|S. Walker-Kimbrough|Sarah Myers",5,254,324,70,0,0,0
"2016-17","9677","Duquesne","Amadea SZAMOSI|Chassidy OMOGROSSO|Conor RICHARDSON|Nina AHO|Paige CANNON",5,254,324,70,0,0,0
"2016-17","9677","Maryland","Brianna Fraser|Brionna Jones|Destiny Slocum|Kristen Confroy|S. Walker-Kimbrough",5,324,508,184,7,4,3
"2016-17","9677","Duquesne","Amadea SZAMOSI|Chassidy OMOGROSSO|Julijana VOJINOVIC|Nina AHO|Paige CANNON",5,324,514,190,4,8,-4
"2016-17","9677","Maryland","Brianna Fraser|Destiny Slocum|Kiah Gillespie|Kristen Confroy|S. Walker-Kimbrough",5,508,559,51,1,0,1
"2016-17","9677","Maryland","Kaila Charles|Kiah Gillespie|Kristen Confroy|S. Walker-Kimbrough|Sarah Myers",5,559,586,27,0,2,-2
"2016-17","9677","Duquesne","Amadea SZAMOSI|Chassidy OMOGROSSO|Conor RICHARDSON|Julijana VOJINOVIC|Paige CANNON",5,514,586,72,2,0,2
"2016-17","9677","Maryland","Blair Watson|Ieshia Small|Kaila Charles|Kiah Gillespie|Sarah Myers",5,586,598,12,0,2,-2
"2016-17","9677","Duquesne","Amadea SZAMOSI|Brianna THOMAS|Chassidy OMOGROSSO|Conor RICHARDSON|Paige CANNON",5,586,600,14,2,0,2
"2016-17","9677","Maryland","Blair Watson|Ieshia Small|Kaila Charles|Sarah Myers|Stephanie Jones",5,598,600,2,0,0,0
"2016-17","9677","Maryland","Brionna Jones|Destiny Slocum|Kaila Charles|Kristen Confroy|S. Walker-Kimbrough",5,600,664,64,3,2,1
"2016-17","9677","Maryland","Brionna Jones|Destiny Slocum|Kristen Confroy|S. Walker-Kimbrough|Stephanie Jones",5,664,680,16,0,0,0
"2016-17","9677","Duquesne","Amadea SZAMOSI|Brianna THOMAS|Chassidy OMOGROSSO|Conor RICHARDSON|Kadri-Ann LASS",5,600,785,185,2,7,-5
"2016-17","9677","Duquesne","Amadea SZAMOSI|Chassidy OMOGROSSO|Halle BOVELL|Julijana VOJINOVIC|Kadri-Ann LASS",5,785,836,51,0,0,0
"2016-17","9677","Maryland","Brionna Jones|Kristen Confroy|S. Walker-Kimbrough|Sarah Myers|Stephanie Jones",5,680,884,204,6,0,6
"2016-17","9677","Duquesne","Amadea SZAMOSI|Angela STAFFILENO|Chassidy OMOGROSSO|Halle BOVELL|Julijana VOJINOVIC",5,836,884,48,0,2,-2
"2016-17","9677","Maryland","Blair Watson|Brianna Fraser|Kristen Confroy|Sarah Myers|Stephanie Jones",5,884,968,84,0,0,0
"2016-17","9677","Duquesne","Amadea SZAMOSI|Angela STAFFILENO|Halle BOVELL|Julijana VOJINOVIC|Nina AHO",5,884,968,84,0,0,0
"2016-17","9677","Duquesne","Amadea SZAMOSI|Angela STAFFILENO|Chassidy OMOGROSSO|Julijana VOJINOVIC|Nina AHO",5,968,1026,58,0,2,-2
"2016-17","9677","Duquesne","Angela STAFFILENO|Brianna THOMAS|Chassidy OMOGROSSO|Kadri-Ann LASS|Nina AHO",5,1026,1105,79,0,3,-3
"2016-17","9677","Duquesne","Brianna THOMAS|Chassidy OMOGROSSO|Julijana VOJINOVIC|Kadri-Ann LASS|Paige CANNON",5,1105,1140,35,0,2,-2
"2016-17","9677","Maryland","Blair Watson|Brianna Fraser|Brionna Jones|S. Walker-Kimbrough|Sarah Myers",5,968,1170,202,7,0,7
"2016-17","9677","Duquesne","Amadea SZAMOSI|Brianna THOMAS|Chassidy OMOGROSSO|Julijana VOJINOVIC|Kadri-Ann LASS",5,1140,1170,30,0,0,0
"2016-17","9677","Maryland","Blair Watson|Brionna Jones|S. Walker-Kimbrough|Sarah Myers|Stephanie Jones",5,1170,1175,5,0,0,0
"2016-17","9677","Duquesne","Amadea SZAMOSI|Brianna THOMAS|Chassidy OMOGROSSO|Kadri-Ann LASS|Paige CANNON",5,1170,1200,30,2,3,-1
"2016-17","9677","Maryland","Brionna Jones|Kristen Confroy|S. Walker-Kimbrough|Sarah Myers|Stephanie Jones",5,1175,1200,25,3,2,1
"2016-17","9677","Duquesne","Amadea SZAMOSI|Brianna THOMAS|Chassidy OMOGROSSO|Conor RICHARDSON|Kadri-Ann LASS",5,1200,1396,196,4,8,-4
"2016-17","9677","Maryland","Brionna Jones|Destiny Slocum|Kaila Charles|Kristen Confroy|S. Walker-Kimbrough",5,1200,1480,280,10,10,0
"2016-17","9677","Maryland","Aja Ellison|Brianna Fraser|Destiny Slocum|Kristen Confroy|S. Walker-Kimbrough",5,1480,1526,46,2,1,1
"2016-17","9677","Maryland","Blair Watson|Brionna Jones|Destiny Slocum|S. Walker-Kimbrough|Stephanie Jones",5,1526,1679,153,9,4,5
"2016-17","9677","Duquesne","Amadea SZAMOSI|Chassidy OMOGROSSO|Conor RICHARDSON|Nina AHO|Paige CANNON",5,1396,1679,283,11,13,-2
"2016-17","9677","Maryland","Blair Watson|Brionna Jones|Destiny Slocum|Ieshia Small|Kaila Charles",5,1679,1741,62,4,2,2
"2016-17","9677","Duquesne","Amadea SZAMOSI|Chassidy OMOGROSSO|Julijana VOJINOVIC|Kadri-Ann LASS|Nina AHO",5,1679,1741,62,2,4,-2
"2016-17","9677","Maryland","Blair Watson|Brionna Jones|Destiny Slocum|Kaila Charles|Kristen Confroy",5,1741,1787,46,0,0,0
"2016-17","9677","Maryland","Blair Watson|Destiny Slocum|Kaila Charles|Kiah Gillespie|Kristen Confroy",5,1787,1798,11,0,3,-3
"2016-17","9677","Duquesne","Amadea SZAMOSI|Angela STAFFILENO|Chassidy OMOGROSSO|Julijana VOJINOVIC|Nina AHO",5,1741,1800,59,3,0,3
"2016-17","9677","Maryland","Blair Watson|Brianna Fraser|Destiny Slocum|Kiah Gillespie|Kristen Confroy",5,1798,1800,2,0,0,0
"2016-17","9677","Duquesne","Amadea SZAMOSI|Angela STAFFILENO|Chassidy OMOGROSSO|Julijana VOJINOVIC|Nina AHO",5,1800,1820,20,0,2,-2
"2016-17","9677","Maryland","Blair Watson|Brianna Fraser|Destiny Slocum|Kiah Gillespie|Kristen Confroy",5,1800,1885,85,2,2,0
"2016-17","9677","Maryland","Blair Watson|Brianna Fraser|Destiny Slocum|Jenna Staiti|Kristen Confroy",5,1885,1916,31,2,2,0
"2016-17","9677","Maryland","Blair Watson|Brianna Fraser|Destiny Slocum|Jenna Staiti|S. Walker-Kimbrough",5,1916,1975,59,2,4,-2
"2016-17","9677","Duquesne","Amadea SZAMOSI|Angela STAFFILENO|Chassidy OMOGROSSO|Halle BOVELL|Julijana VOJINOVIC",5,1820,1975,155,8,4,4
"2016-17","9677","Maryland","Destiny Slocum|Jenna Staiti|S. Walker-Kimbrough|Sarah Myers|Stephanie Jones",5,1975,2058,83,1,5,-4
"2016-17","9677","Duquesne","Amadea SZAMOSI|Anie-Pier SAMSON|Chassidy OMOGROSSO|Halle BOVELL|Julijana VOJINOVIC",5,1975,2167,192,10,3,7
"2016-17","9677","Duquesne","Amadea SZAMOSI|Chassidy OMOGROSSO|Halle BOVELL|Julijana VOJINOVIC|Paige CANNON",5,2167,2306,139,3,8,-5
"2016-17","9677","Maryland","Brionna Jones|Destiny Slocum|Kristen Confroy|S. Walker-Kimbrough|Stephanie Jones",5,2058,2343,285,12,8,4
"2016-17","9677","Maryland","Blair Watson|Brionna Jones|Destiny Slocum|Kristen Confroy|Stephanie Jones",5,2343,2362,19,0,0,0
"2016-17","9677","Maryland","Blair Watson|Ieshia Small|Kiah Gillespie|Sarah Myers|Stephanie Jones",5,2362,2377,15,1,0,1
"2016-17","9677","Duquesne","Angela STAFFILENO|Anie-Pier SAMSON|Halle BOVELL|Julijana VOJINOVIC|Paige CANNON",5,2306,2400,94,0,3,-3
"2016-17","9677","Maryland","Blair Watson|Ieshia Small|Jenna Staiti|Kiah Gillespie|Sarah Myers",5,2377,2400,23,0,0,0
"2016-17","9678","Maryland","Brionna Jones|Destiny Slocum|Kaila Charles|Kristen Confroy|S. Walker-Kimbrough",5,0,289,289,6,10,-4
"2016-17","9678","Connecticut","Gabby WILLIAMS|Katie Lou SAMUELSON|Kia NURSE|Napheesa COLLIER|Saniya CHONG",5,0,400,400,13,10,3
"2016-17","9678","Maryland","Brionna Jones|Destiny Slocum|Ieshia Small|Kaila Charles|Kristen Confroy",5,289,400,111,4,3,1
"2016-17","9678","Connecticut","Crystal DANGERFIELD|Gabby WILLIAMS|Kia NURSE|Napheesa COLLIER|Saniya CHONG",5,400,463,63,2,0,2
"2016-17","9678","Maryland","Brianna Fraser|Destiny Slocum|Ieshia Small|Kaila Charles|Kristen Confroy",5,400,465,65,0,2,-2
"2016-17","9678","Connecticut","Crystal DANGERFIELD|Katie Lou SAMUELSON|Kia NURSE|Napheesa COLLIER|Saniya CHONG",5,463,481,18,0,0,0
"2016-17","9678","Maryland","Blair Watson|Brianna Fraser|Destiny Slocum|Kaila Charles|S. Walker-Kimbrough",5,465,481,16,0,0,0
"2016-17","9678","Maryland","Blair Watson|Destiny Slocum|Kaila Charles|S. Walker-Kimbrough|Stephanie Jones",5,481,515,34,0,2,-2
"2016-17","9678","Maryland","Blair Watson|Brionna Jones|Destiny Slocum|S. Walker-Kimbrough|Stephanie Jones",5,515,575,60,0,1,-1
"2016-17","9678","Maryland","Blair Watson|Brionna Jones|Destiny Slocum|Kaila Charles|S. Walker-Kimbrough",5,575,600,25,2,2,0
"2016-17","9678","Connecticut","Crystal DANGERFIELD|Gabby WILLIAMS|Katie Lou SAMUELSON|Kia NURSE|Saniya CHONG",5,481,600,119,5,2,3
"2016-17","9678","Connecticut","Crystal DANGERFIELD|Gabby WILLIAMS|Katie Lou SAMUELSON|Kia NURSE|Natalie BUTLER",5,600,740,140,2,4,-2
"2016-17","9678","Maryland","Brionna Jones|Destiny Slocum|Kaila Charles|Kristen Confroy|S. Walker-Kimbrough",5,600,740,140,4,2,2
"2016-17","9678","Connecticut","Gabby WILLIAMS|Katie Lou SAMUELSON|Kia NURSE|Natalie BUTLER|Saniya CHONG",5,740,817,77,0,1,-1
"2016-17","9678","Maryland","Brianna Fraser|Destiny Slocum|Kaila Charles|Kristen Confroy|S. Walker-Kimbrough",5,740,879,139,5,0,5
"2016-17","9678","Connecticut","Gabby WILLIAMS|Katie Lou SAMUELSON|Kia NURSE|Napheesa COLLIER|Saniya CHONG",5,817,963,146,5,8,-3
"2016-17","9678","Maryland","Brionna Jones|Destiny Slocum|Kaila Charles|Kristen Confroy|S. Walker-Kimbrough",5,879,963,84,4,5,-1
"2016-17","9678","Maryland","Brianna Fraser|Destiny Slocum|Kaila Charles|Kristen Confroy|S. Walker-Kimbrough",5,963,992,29,2,4,-2
"2016-17","9678","Maryland","Brianna Fraser|Destiny Slocum|Ieshia Small|Kaila Charles|S. Walker-Kimbrough",5,992,1033,41,0,5,-5
"2016-17","9678","Connecticut","Crystal DANGERFIELD|Gabby WILLIAMS|Katie Lou SAMUELSON|Kia NURSE|Napheesa COLLIER",5,963,1122,159,9,4,5
"2016-17","9678","Maryland","Brianna Fraser|Destiny Slocum|Kaila Charles|Kristen Confroy|S. Walker-Kimbrough",5,1033,1122,89,2,0,2
"2016-17","9678","Maryland","Brionna Jones|Destiny Slocum|Kaila Charles|Kristen Confroy|S. Walker-Kimbrough",5,1122,1192,70,0,0,0
"2016-17","9678","Maryland","Blair Watson|Brianna Fraser|Destiny Slocum|Kaila Charles|Kristen Confroy",5,1192,1200,8,2,0,2
"2016-17","9678","Connecticut","Crystal DANGERFIELD|Katie Lou SAMUELSON|Kia NURSE|Napheesa COLLIER|Natalie BUTLER",5,1122,1200,78,0,2,-2
"2016-17","9678","Maryland","Brionna Jones|Destiny Slocum|Kaila Charles|Kristen Confroy|S. Walker-Kimbrough",5,1200,1296,96,0,5,-5
"2016-17","9678","Maryland","Blair Watson|Brionna Jones|Destiny Slocum|Kaila Charles|Kristen Confroy",5,1296,1359,63,0,9,-9
"2016-17","9678","Connecticut","Gabby WILLIAMS|Katie Lou SAMUELSON|Kia NURSE|Napheesa COLLIER|Saniya CHONG",5,1200,1378,178,14,2,12
"2016-17","9678","Maryland","Brionna Jones|Destiny Slocum|Kaila Charles|Kristen Confroy|S. Walker-Kimbrough",5,1359,1511,152,7,4,3
"2016-17","9678","Connecticut","Katie Lou SAMUELSON|Kia NURSE|Napheesa COLLIER|Natalie BUTLER|Saniya CHONG",5,1378,1555,177,6,7,-1
"2016-17","9678","Maryland","Brianna Fraser|Brionna Jones|Destiny Slocum|Kristen Confroy|S. Walker-Kimbrough",5,1511,1555,44,2,2,0
"2016-17","9678","Connecticut","Gabby WILLIAMS|Katie Lou SAMUELSON|Kia NURSE|Natalie BUTLER|Saniya CHONG",5,1555,1634,79,2,5,-3
"2016-17","9678","Maryland","Brianna Fraser|Brionna Jones|Destiny Slocum|Kaila Charles|S. Walker-Kimbrough",5,1555,1634,79,5,2,3
"2016-17","9678","Maryland","Brianna Fraser|Destiny Slocum|Kaila Charles|S. Walker-Kimbrough|Stephanie Jones",5,1634,1724,90,4,8,-4
"2016-17","9678","Maryland","Brionna Jones|Destiny Slocum|Kaila Charles|S. Walker-Kimbrough|Stephanie Jones",5,1724,1800,76,4,2,2
"2016-17","9678","Connecticut","Crystal DANGERFIELD|Gabby WILLIAMS|Katie Lou SAMUELSON|Kia NURSE|Natalie BUTLER",5,1634,1957,323,10,16,-6
"2016-17","9678","Maryland","Brionna Jones|Destiny Slocum|Kaila Charles|Kristen Confroy|Stephanie Jones",5,1800,1957,157,8,0,8
"2016-17","9678","Connecticut","Crystal DANGERFIELD|Gabby WILLIAMS|Katie Lou SAMUELSON|Kia NURSE|Natalie BUTLER",5,1957,2102,145,3,4,-1
"2016-17","9678","Maryland","Brionna Jones|Destiny Slocum|Kaila Charles|Kristen Confroy|Stephanie Jones",5,1957,2102,145,4,3,1
"2016-17","9678","Maryland","Brianna Fraser|Destiny Slocum|Kaila Charles|Kristen Confroy|Stephanie Jones",5,2102,2138,36,3,2,1
"2016-17","9678","Maryland","Brianna Fraser|Destiny Slocum|Kaila Charles|Kristen Confroy|S. Walker-Kimbrough",5,2138,2275,137,2,6,-4
"2016-17","9678","Connecticut","Crystal DANGERFIELD|Gabby WILLIAMS|Katie Lou SAMUELSON|Kia NURSE|Napheesa COLLIER",5,2102,2366,264,13,11,2
"2016-17","9678","Maryland","Brionna Jones|Destiny Slocum|Kristen Confroy|S. Walker-Kimbrough|Stephanie Jones",5,2275,2366,91,6,5,1
"2016-17","9678","Maryland","Blair Watson|Destiny Slocum|Kaila Charles|S. Walker-Kimbrough|Stephanie Jones",5,2366,2369,3,0,1,-1
"2016-17","9678","Maryland","Brionna Jones|Destiny Slocum|Kaila Charles|S. Walker-Kimbrough|Stephanie Jones",5,2369,2387,18,5,2,3
"2016-17","9678","Maryland","Blair Watson|Brionna Jones|Destiny Slocum|Kristen Confroy|S. Walker-Kimbrough",5,2387,2400,13,0,0,0
"2016-17","9678","Connecticut","Crystal DANGERFIELD|Gabby WILLIAMS|Katie Lou SAMUELSON|Kia NURSE",4,2366,2400,34,3,5,-2
"2016-17","9679","Maryland","Brionna Jones|Destiny Slocum|Kaila Charles|Kristen Confroy|S. Walker-Kimbrough",5,0,250,250,12,10,2
"2016-17","9679","Minnesota","Bryanna Fernstrom|Carlie Wagner|Joanna Hedstrom|Kenisha Bell|Whitney Tinjum",5,0,250,250,10,12,-2
"2016-17","9679","Maryland","Brianna Fraser|Destiny Slocum|Kaila Charles|Kristen Confroy|S. Walker-Kimbrough",5,250,331,81,2,1,1
"2016-17","9679","Minnesota","Annalese Lamke|Carlie Wagner|Joanna Hedstrom|Kenisha Bell|Whitney Tinjum",5,250,331,81,1,2,-1
"2016-17","9679","Minnesota","Allina Starr|Bryanna Fernstrom|Carlie Wagner|Joanna Hedstrom|Kenisha Bell",5,331,374,43,0,6,-6
"2016-17","9679","Maryland","Brianna Fraser|Destiny Slocum|Kristen Confroy|S. Walker-Kimbrough|Stephanie Jones",5,331,397,66,6,0,6
"2016-17","9679","Maryland","Brianna Fraser|Destiny Slocum|Kaila Charles|Kristen Confroy|Stephanie Jones",5,397,460,63,2,0,2
"2016-17","9679","Maryland","Brianna Fraser|Kaila Charles|Kristen Confroy|Sarah Myers|Stephanie Jones",5,460,545,85,0,3,-3
"2016-17","9679","Minnesota","Bryanna Fernstrom|Carlie Wagner|Jasmine Brunson|Joanna Hedstrom|Whitney Tinjum",5,374,545,171,3,2,1
"2016-17","9679","Minnesota","Annalese Lamke|Carlie Wagner|Jasmine Brunson|Joanna Hedstrom|Whitney Tinjum",5,545,600,55,0,2,-2
"2016-17","9679","Maryland","Brionna Jones|Destiny Slocum|Ieshia Small|Kaila Charles|Kiah Gillespie",5,545,600,55,2,0,2
"2016-17","9679","Maryland","Brianna Fraser|Brionna Jones|Destiny Slocum|Ieshia Small|Kaila Charles|Kristen Confroy|S. Walker-Kimbrough",7,600,745,145,4,6,-2
"2016-17","9679","Maryland","Brianna Fraser|Destiny Slocum|Kaila Charles|Kristen Confroy|S. Walker-Kimbrough",5,745,777,32,0,4,-4
"2016-17","9679","Minnesota","Bryanna Fernstrom|Carlie Wagner|Jasmine Brunson|Joanna Hedstrom|Kenisha Bell|Whitney Tinjum",6,600,894,294,10,10,0
"2016-17","9679","Maryland","Brionna Jones|Destiny Slocum|Kaila Charles|Kristen Confroy|S. Walker-Kimbrough",5,777,932,155,6,2,4
"2016-17","9679","Maryland","Blair Watson|Brionna Jones|Destiny Slocum|Kaila Charles|Kristen Confroy",5,932,970,38,0,0,0
"2016-17","9679","Maryland","Blair Watson|Brianna Fraser|Destiny Slocum|Kaila Charles|Kristen Confroy",5,970,1064,94,2,2,0
"2016-17","9679","Maryland","Blair Watson|Destiny Slocum|Kaila Charles|Kristen Confroy|Stephanie Jones",5,1064,1200,136,2,4,-2
"2016-17","9679","Maryland","Brionna Jones|Destiny Slocum|Kaila Charles|Kristen Confroy|S. Walker-Kimbrough",5,1200,1736,536,19,19,0
"2016-17","9679","Minnesota","Bryanna Fernstrom|Carlie Wagner|Joanna Hedstrom|Kenisha Bell|Whitney Tinjum",5,894,1736,842,27,23,4
"2016-17","9679","Minnesota","Annalese Lamke|Carlie Wagner|Jasmine Brunson|Joanna Hedstrom|Palma Kaposi",5,1736,1800,64,2,3,-1
"2016-17","9679","Maryland","Brianna Fraser|Destiny Slocum|Kaila Charles|Kristen Confroy|S. Walker-Kimbrough",5,1736,1800,64,3,2,1
"2016-17","9679","Maryland","Brianna Fraser|Brionna Jones|Destiny Slocum|Kaila Charles|Kristen Confroy|S. Walker-Kimbrough",6,1800,1875,75,2,3,-1
"2016-17","9679","Minnesota","Bryanna Fernstrom|Carlie Wagner|Joanna Hedstrom|Kenisha Bell|Palma Kaposi|Whitney Tinjum",6,1800,1875,75,3,2,1
"2016-17","9679","Maryland","Brianna Fraser|Brionna Jones|Destiny Slocum|Kaila Charles|Kristen Confroy",5,1875,1960,85,4,4,0
"2016-17","9679","Minnesota","Bryanna Fernstrom|Carlie Wagner|Joanna Hedstrom|Kenisha Bell|Whitney Tinjum",5,1875,1960,85,4,4,0
"2016-17","9679","Minnesota","Annalese Lamke|Carlie Wagner|Joanna Hedstrom|Kenisha Bell|Whitney Tinjum",5,1960,1967,7,2,0,2
"2016-17","9679","Maryland","Brionna Jones|Destiny Slocum|Kaila Charles|Kristen Confroy|Stephanie Jones",5,1960,1981,21,0,4,-4
"2016-17","9679","Minnesota","Bryanna Fernstrom|Carlie Wagner|Joanna Hedstrom|Kenisha Bell|Whitney Tinjum",5,1967,2085,118,5,7,-2
"2016-17","9679","Maryland","Brionna Jones|Destiny Slocum|Kaila Charles|Kristen Confroy|S. Walker-Kimbrough",5,1981,2091,110,7,3,4
"2016-17","9679","Minnesota","Bryanna Fernstrom|Carlie Wagner|Joanna Hedstrom|Kenisha Bell|Palma Kaposi",5,2085,2160,75,0,0,0
"2016-17","9679","Maryland","Brionna Jones|Destiny Slocum|Kristen Confroy|S. Walker-Kimbrough|Stephanie Jones",5,2091,2274,183,4,3,1
"2016-17","9679","Maryland","Brionna Jones|Destiny Slocum|Kaila Charles|Kristen Confroy|S. Walker-Kimbrough",5,2274,2286,12,0,2,-2
"2016-17","9679","Maryland","Destiny Slocum|Kaila Charles|Kiah Gillespie|Kristen Confroy|S. Walker-Kimbrough",5,2286,2307,21,0,0,0
"2016-17","9679","Maryland","Brionna Jones|Destiny Slocum|Kaila Charles|Kristen Confroy|S. Walker-Kimbrough",5,2307,2365,58,6,0,6
"2016-17","9679","Maryland","Brianna Fraser|Brionna Jones|Destiny Slocum|Kristen Confroy|S. Walker-Kimbrough",5,2365,2382,17,0,0,0
"2016-17","9679","Minnesota","Bryanna Fernstrom|Carlie Wagner|Joanna Hedstrom|Kenisha Bell|Whitney Tinjum",5,2160,2400,240,5,10,-5
"2016-17","9679","Maryland","Brionna Jones|Destiny Slocum|Kaila Charles|Kristen Confroy|S. Walker-Kimbrough",5,2382,2400,18,0,0,0
"2016-17","9680","Nebraska","Allie Havers|Hannah Whitish|Jasmine Cincore|Jessica Shepard|Nicea Eliely",5,0,172,172,4,10,-6
"2016-17","9680","Maryland","Brionna Jones|Destiny Slocum|Kaila Charles|Kristen Confroy|S. Walker-Kimbrough",5,0,279,279,10,6,4
"2016-17","9680","Nebraska","Allie Havers|Darrien Washington|Hannah Whitish|Maddie Simon|Nicea Eliely",5,172,279,107,2,0,2
"2016-17","9680","Maryland","Brianna Fraser|Destiny Slocum|Kaila Charles|S. Walker-Kimbrough|Stephanie Jones",5,279,355,76,4,0,4
"2016-17","9680","Nebraska","Darrien Washington|Esther Ramacieri|Jessica Shepard|Maddie Simon|Nicea Eliely",5,279,355,76,0,4,-4
"2016-17","9680","Maryland","Brianna Fraser|Destiny Slocum|Kaila Charles|Kristen Confroy|Stephanie Jones",5,355,418,63,2,0,2
"2016-17","9680","Maryland","Brionna Jones|Destiny Slocum|Kristen Confroy|S. Walker-Kimbrough|Stephanie Jones",5,418,485,67,6,0,6
"2016-17","9680","Nebraska","Darrien Washington|Emily Wood|Esther Ramacieri|Jasmine Cincore|Jessica Shepard",5,355,485,130,0,8,-8
"2016-17","9680","Maryland","Brionna Jones|Ieshia Small|Kristen Confroy|S. Walker-Kimbrough|Stephanie Jones",5,485,550,65,2,3,-1
"2016-17","9680","Nebraska","Allie Havers|Esther Ramacieri|Jasmine Cincore|Jessica Shepard|Nicea Eliely",5,485,550,65,3,2,1
"2016-17","9680","Nebraska","Allie Havers|Esther Ramacieri|Hannah Whitish|Jessica Shepard|Nicea Eliely",5,550,600,50,0,2,-2
"2016-17","9680","Maryland","Brionna Jones|Ieshia Small|Kaila Charles|Kiah Gillespie|Kristen Confroy",5,550,600,50,2,0,2
"2016-17","9680","Nebraska","Allie Havers|Esther Ramacieri|Hannah Whitish|Jessica Shepard|Nicea Eliely",5,600,637,37,2,2,0
"2016-17","9680","Nebraska","Allie Havers|Hannah Whitish|Jasmine Cincore|Jessica Shepard|Nicea Eliely",5,637,656,19,0,0,0
"2016-17","9680","Maryland","Brionna Jones|Destiny Slocum|Ieshia Small|Kaila Charles|Kiah Gillespie",5,600,725,125,6,4,2
"2016-17","9680","Maryland","Brianna Fraser|Ieshia Small|Kaila Charles|Kiah Gillespie|S. Walker-Kimbrough",5,725,812,87,4,2,2
"2016-17","9680","Nebraska","Grace Mitchell|Hannah Whitish|Jasmine Cincore|Jessica Shepard|Nicea Eliely",5,656,812,156,4,8,-4
"2016-17","9680","Maryland","Blair Watson|Brianna Fraser|Ieshia Small|S. Walker-Kimbrough|Stephanie Jones",5,812,891,79,2,2,0
"2016-17","9680","Nebraska","Grace Mitchell|Jasmine Cincore|Jessica Shepard|Nicea Eliely|Rylie Cascio Jensen",5,812,891,79,2,2,0
"2016-17","9680","Maryland","Blair Watson|Brianna Fraser|S. Walker-Kimbrough|Sarah Myers|Stephanie Jones",5,891,999,108,2,0,2
"2016-17","9680","Nebraska","Allie Havers|Darrien Washington|Jasmine Cincore|Maddie Simon|Rylie Cascio Jensen",5,891,999,108,0,2,-2
"2016-17","9680","Nebraska","Allie Havers|Jasmine Cincore|Jessica Shepard|Maddie Simon|Rylie Cascio Jensen",5,999,1019,20,1,0,1
"2016-17","9680","Maryland","Brianna Fraser|Ieshia Small|S. Walker-Kimbrough|Sarah Myers|Stephanie Jones",5,999,1032,33,0,1,-1
"2016-17","9680","Nebraska","Allie Havers|Hannah Whitish|Jessica Shepard|Maddie Simon|Rylie Cascio Jensen",5,1019,1032,13,0,0,0
"2016-17","9680","Nebraska","Grace Mitchell|Hannah Whitish|Jessica Shepard|Maddie Simon|Rylie Cascio Jensen",5,1032,1070,38,4,2,2
"2016-17","9680","Maryland","Brianna Fraser|Destiny Slocum|Ieshia Small|S. Walker-Kimbrough|Stephanie Jones",5,1032,1083,51,2,4,-2
"2016-17","9680","Nebraska","Grace Mitchell|Hannah Whitish|Jessica Shepard|Nicea Eliely|Rylie Cascio Jensen",5,1070,1200,130,0,2,-2
"2016-17","9680","Maryland","Destiny Slocum|Jenna Staiti|Kaila Charles|Kiah Gillespie|Kristen Confroy",5,1083,1200,117,2,0,2
"2016-17","9680","Maryland","Brionna Jones|Destiny Slocum|Kaila Charles|Kristen Confroy|S. Walker-Kimbrough",5,1200,1252,52,2,2,0
"2016-17","9680","Maryland","Brionna Jones|Destiny Slocum|Kristen Confroy|S. Walker-Kimbrough|Stephanie Jones",5,1252,1424,172,7,5,2
"2016-17","9680","Nebraska","Allie Havers|Hannah Whitish|Jasmine Cincore|Jessica Shepard|Nicea Eliely",5,1200,1424,224,7,9,-2
"2016-17","9680","Maryland","Brianna Fraser|Brionna Jones|Destiny Slocum|Kristen Confroy|S. Walker-Kimbrough",5,1424,1501,77,3,2,1
"2016-17","9680","Nebraska","Allie Havers|Darrien Washington|Esther Ramacieri|Jasmine Cincore|Maddie Simon",5,1424,1501,77,2,3,-1
"2016-17","9680","Maryland","Brianna Fraser|Brionna Jones|Destiny Slocum|Ieshia Small|Kristen Confroy",5,1501,1508,7,0,0,0
"2016-17","9680","Maryland","Brionna Jones|Destiny Slocum|Ieshia Small|Kiah Gillespie|Kristen Confroy",5,1508,1615,107,3,4,-1
"2016-17","9680","Nebraska","Darrien Washington|Esther Ramacieri|Grace Mitchell|Jasmine Cincore|Maddie Simon",5,1501,1615,114,4,3,1
"2016-17","9680","Maryland","Destiny Slocum|Ieshia Small|Kaila Charles|Kiah Gillespie|Kristen Confroy",5,1615,1659,44,0,0,0
"2016-17","9680","Maryland","Brianna Fraser|Destiny Slocum|Ieshia Small|Kaila Charles|S. Walker-Kimbrough",5,1659,1797,138,5,5,0
"2016-17","9680","Nebraska","Allie Havers|Hannah Whitish|Jessica Shepard|Nicea Eliely|Rylie Cascio Jensen",5,1615,1841,226,5,10,-5
"2016-17","9680","Maryland","Brionna Jones|Destiny Slocum|Ieshia Small|Kaila Charles|S. Walker-Kimbrough",5,1797,1938,141,11,0,11
"2016-17","9680","Nebraska","Darrien Washington|Hannah Whitish|Jessica Shepard|Nicea Eliely|Rylie Cascio Jensen",5,1841,1938,97,0,6,-6
"2016-17","9680","Maryland","Brionna Jones|Ieshia Small|Kaila Charles|S. Walker-Kimbrough|Sarah Myers",5,1938,1992,54,0,0,0
"2016-17","9680","Maryland","Blair Watson|Brianna Fraser|Brionna Jones|Ieshia Small|Sarah Myers",5,1992,2036,44,0,0,0
"2016-17","9680","Nebraska","Darrien Washington|Esther Ramacieri|Grace Mitchell|Maddie Simon|Rylie Cascio Jensen",5,1938,2100,162,0,2,-2
"2016-17","9680","Maryland","Blair Watson|Brianna Fraser|Ieshia Small|Kiah Gillespie|Sarah Myers",5,2036,2200,164,10,5,5
"2016-17","9680","Nebraska","Darrien Washington|Esther Ramacieri|Grace Mitchell|Maddie Simon|Nicea Eliely|Rylie Cascio Jensen",6,2100,2200,100,5,8,-3
"2016-17","9680","Nebraska","Allie Havers|Emily Wood|Hannah Whitish|Jessica Shepard|Nicea Eliely|Rylie Cascio Jensen",6,2200,2270,70,1,2,-1
"2016-17","9680","Nebraska","Darrien Washington|Emily Wood|Grace Mitchell|Hannah Whitish|Nicea Eliely|Rylie Cascio Jensen",6,2270,2400,130,3,6,-3
"2016-17","9680","Maryland","Blair Watson|Ieshia Small|Jenna Staiti|Kiah Gillespie|Sarah Myers",5,2200,2400,200,8,4,4
"2016-17","9681","Maryland","Brionna Jones|Destiny Slocum|Kaila Charles|Kristen Confroy|S. Walker-Kimbrough",5,0,166,166,6,1,5
"2016-17","9681","Northwestern","Allie Tuttle|Ashley Deary|Christen Inman|Lauren Douglas|Nia Coffey",5,0,214,214,3,10,-7
"2016-17","9681","Maryland","Brianna Fraser|Brionna Jones|Destiny Slocum|Kristen Confroy|S. Walker-Kimbrough",5,166,291,125,4,4,0
"2016-17","9681","Northwestern","Abi Scheid|Ashley Deary|Christen Inman|Lauren Douglas|Nia Coffey",5,214,408,194,4,7,-3
"2016-17","9681","Maryland","Brianna Fraser|Brionna Jones|Destiny Slocum|Ieshia Small|Kristen Confroy",5,291,408,117,7,2,5
"2016-17","9681","Northwestern","Abi Scheid|Amber Jamison|Ashley Deary|Christen Inman|Nia Coffey",5,408,540,132,3,4,-1
"2016-17","9681","Maryland","Brionna Jones|Ieshia Small|Kaila Charles|Kristen Confroy|S. Walker-Kimbrough",5,408,540,132,4,3,1
"2016-17","9681","Maryland","Brianna Fraser|Ieshia Small|Kaila Charles|Kristen Confroy|S. Walker-Kimbrough",5,540,554,14,0,0,0
"2016-17","9681","Maryland","Brianna Fraser|Destiny Slocum|Ieshia Small|Kaila Charles|S. Walker-Kimbrough",5,554,591,37,2,0,2
"2016-17","9681","Maryland","Brianna Fraser|Destiny Slocum|Kaila Charles|Kristen Confroy|S. Walker-Kimbrough",5,591,600,9,0,0,0
"2016-17","9681","Northwestern","Abi Scheid|Ashley Deary|Christen Inman|Lauren Douglas|Nia Coffey",5,540,600,60,0,2,-2
"2016-17","9681","Maryland","Brionna Jones|Destiny Slocum|Kaila Charles|Kristen Confroy|S. Walker-Kimbrough",5,600,686,86,5,2,3
"2016-17","9681","Northwestern","Abi Scheid|Ashley Deary|Christen Inman|Lauren Douglas|Nia Coffey",5,600,783,183,6,8,-2
"2016-17","9681","Maryland","Brianna Fraser|Brionna Jones|Destiny Slocum|Kristen Confroy|S. Walker-Kimbrough",5,686,783,97,3,4,-1
"2016-17","9681","Northwestern","Abi Scheid|Amber Jamison|Ashley Deary|Christen Inman|Nia Coffey",5,783,846,63,0,3,-3
"2016-17","9681","Northwestern","Abi Scheid|Amber Jamison|Ashley Deary|Christen Inman|Lauren Douglas",5,846,911,65,0,4,-4
"2016-17","9681","Maryland","Brianna Fraser|Destiny Slocum|Kaila Charles|Kristen Confroy|S. Walker-Kimbrough",5,783,911,128,7,0,7
"2016-17","9681","Maryland","Ieshia Small|Kaila Charles|Kiah Gillespie|Kristen Confroy|S. Walker-Kimbrough",5,911,1056,145,3,2,1
"2016-17","9681","Northwestern","Amber Jamison|Ashley Deary|Christen Inman|Lauren Douglas|Oceana Hamilton",5,911,1080,169,4,5,-1
"2016-17","9681","Maryland","Brionna Jones|Ieshia Small|Kiah Gillespie|Kristen Confroy|Stephanie Jones",5,1056,1080,24,2,2,0
"2016-17","9681","Maryland","Brionna Jones|Destiny Slocum|Ieshia Small|Kristen Confroy|Stephanie Jones",5,1080,1168,88,2,2,0
"2016-17","9681","Maryland","Brionna Jones|Destiny Slocum|Kristen Confroy|S. Walker-Kimbrough|Stephanie Jones",5,1168,1200,32,0,0,0
"2016-17","9681","Northwestern","Abi Scheid|Ashley Deary|Christen Inman|Lauren Douglas|Nia Coffey",5,1080,1200,120,2,2,0
"2016-17","9681","Maryland","Brionna Jones|Destiny Slocum|Kaila Charles|Kristen Confroy|S. Walker-Kimbrough",5,1200,1383,183,9,5,4
"2016-17","9681","Northwestern","Abi Scheid|Ashley Deary|Christen Inman|Lauren Douglas|Nia Coffey",5,1200,1419,219,5,9,-4
"2016-17","9681","Maryland","Brianna Fraser|Brionna Jones|Destiny Slocum|Kristen Confroy|S. Walker-Kimbrough",5,1383,1471,88,3,2,1
"2016-17","9681","Northwestern","Abi Scheid|Amber Jamison|Ashley Deary|Christen Inman|Nia Coffey",5,1419,1507,88,3,3,0
"2016-17","9681","Maryland","Brianna Fraser|Brionna Jones|Ieshia Small|Kristen Confroy|S. Walker-Kimbrough",5,1471,1507,36,0,1,-1
"2016-17","9681","Maryland","Brionna Jones|Ieshia Small|Kaila Charles|Kristen Confroy|S. Walker-Kimbrough",5,1507,1544,37,0,3,-3
"2016-17","9681","Northwestern","Abbie Wolf|Amber Jamison|Ashley Deary|Jordan Hankins|Nia Coffey",5,1507,1617,110,7,7,0
"2016-17","9681","Maryland","Brionna Jones|Destiny Slocum|Ieshia Small|Kaila Charles|S. Walker-Kimbrough",5,1544,1617,73,7,4,3
"2016-17","9681","Maryland","Destiny Slocum|Ieshia Small|Kaila Charles|Kiah Gillespie|S. Walker-Kimbrough",5,1617,1786,169,8,10,-2
"2016-17","9681","Maryland","Brionna Jones|Destiny Slocum|Ieshia Small|Kiah Gillespie|S. Walker-Kimbrough",5,1786,1800,14,0,0,0
"2016-17","9681","Northwestern","Ashley Deary|Christen Inman|Jordan Hankins|Lauren Douglas|Nia Coffey",5,1617,1800,183,10,8,2
"2016-17","9681","Maryland","Brionna Jones|Destiny Slocum|Ieshia Small|Kiah Gillespie|S. Walker-Kimbrough",5,1800,1860,60,4,3,1
"2016-17","9681","Northwestern","Abi Scheid|Ashley Deary|Christen Inman|Lauren Douglas|Nia Coffey",5,1800,1905,105,5,6,-1
"2016-17","9681","Maryland","Brionna Jones|Ieshia Small|Kiah Gillespie|Kristen Confroy|S. Walker-Kimbrough",5,1860,1917,57,2,2,0
"2016-17","9681","Maryland","Ieshia Small|Jenna Staiti|Kiah Gillespie|Kristen Confroy|S. Walker-Kimbrough",5,1917,1923,6,0,2,-2
"2016-17","9681","Northwestern","Abi Scheid|Amber Jamison|Ashley Deary|Christen Inman|Lauren Douglas",5,1905,2018,113,4,5,-1
"2016-17","9681","Maryland","Destiny Slocum|Jenna Staiti|Kiah Gillespie|Kristen Confroy|S. Walker-Kimbrough",5,1923,2018,95,5,2,3
"2016-17","9681","Maryland","Brianna Fraser|Destiny Slocum|Kristen Confroy|S. Walker-Kimbrough|Stephanie Jones",5,2018,2037,19,1,0,1
"2016-17","9681","Northwestern","Abbie Wolf|Amber Jamison|Ashley Deary|Christen Inman|Lauren Douglas",5,2018,2200,182,5,6,-1
"2016-17","9681","Northwestern","Amber Jamison|Christen Inman|Jordan Hankins|Lauren Douglas|Maya Jonas",5,2200,2214,14,0,1,-1
"2016-17","9681","Maryland","Blair Watson|Brianna Fraser|Destiny Slocum|Kristen Confroy|Stephanie Jones",5,2037,2214,177,6,5,1
"2016-17","9681","Maryland","Blair Watson|Ieshia Small|Jenna Staiti|Kiah Gillespie|Sarah Myers",5,2214,2400,186,6,4,2
"2016-17","9681","Northwestern","Abbie Wolf|Amber Jamison|Byrdy Galernik|Jordan Hankins|Maya Jonas",5,2214,2400,186,4,6,-2
"2016-17","9682","Penn State","Amari Carter|Ashanti Thomas|J. Travascio-Green|Sierra Moore|Teniya Page",5,0,117,117,3,4,-1
"2016-17","9682","Maryland","Brionna Jones|Destiny Slocum|Kaila Charles|Kristen Confroy|S. Walker-Kimbrough",5,0,117,117,4,3,1
"2016-17","9682","Penn State","Amari Carter|Ashanti Thomas|Peyton Whitted|Sierra Moore|Teniya Page",5,117,172,55,3,0,3
"2016-17","9682","Maryland","Brianna Fraser|Brionna Jones|Destiny Slocum|Kristen Confroy|S. Walker-Kimbrough",5,117,172,55,0,3,-3
"2016-17","9682","Maryland","Brianna Fraser|Brionna Jones|Destiny Slocum|Ieshia Small|S. Walker-Kimbrough",5,172,219,47,2,2,0
"2016-17","9682","Penn State","Amari Carter|Jaylen Williams|Peyton Whitted|Sierra Moore|Teniya Page",5,172,287,115,5,8,-3
"2016-17","9682","Maryland","Brianna Fraser|Brionna Jones|Destiny Slocum|Ieshia Small|Kristen Confroy",5,219,287,68,6,3,3
"2016-17","9682","Maryland","Brianna Fraser|Ieshia Small|Kristen Confroy|S. Walker-Kimbrough|Stephanie Jones",5,287,308,21,0,2,-2
"2016-17","9682","Maryland","Brianna Fraser|Destiny Slocum|Ieshia Small|S. Walker-Kimbrough|Stephanie Jones",5,308,395,87,2,4,-2
"2016-17","9682","Maryland","Brianna Fraser|Brionna Jones|Destiny Slocum|Ieshia Small|S. Walker-Kimbrough",5,395,428,33,0,0,0
"2016-17","9682","Penn State","Amari Carter|Ashanti Thomas|Kaliyah Mitchell|Sierra Moore|Teniya Page",5,287,517,230,6,6,0
"2016-17","9682","Maryland","Brianna Fraser|Brionna Jones|Destiny Slocum|Kristen Confroy|S. Walker-Kimbrough",5,428,517,89,4,0,4
"2016-17","9682","Maryland","Brionna Jones|Destiny Slocum|Kaila Charles|Kristen Confroy|S. Walker-Kimbrough",5,517,561,44,2,5,-3
"2016-17","9682","Maryland","Brionna Jones|Destiny Slocum|Ieshia Small|Kaila Charles|Kristen Confroy",5,561,600,39,2,2,0
"2016-17","9682","Penn State","Amari Carter|Lindsey Spann|Peyton Whitted|Sierra Moore|Teniya Page",5,517,600,83,7,4,3
"2016-17","9682","Maryland","Brionna Jones|Destiny Slocum|Ieshia Small|Kaila Charles|Kristen Confroy",5,600,663,63,2,4,-2
"2016-17","9682","Penn State","Amari Carter|Lindsey Spann|Peyton Whitted|Sierra Moore|Teniya Page",5,600,713,113,7,6,1
"2016-17","9682","Maryland","Brionna Jones|Destiny Slocum|Ieshia Small|Kaila Charles|S. Walker-Kimbrough",5,663,754,91,7,3,4
"2016-17","9682","Penn State","Amari Carter|Jaylen Williams|Lindsey Spann|Sierra Moore|Teniya Page",5,713,779,66,1,3,-2
"2016-17","9682","Maryland","Brionna Jones|Destiny Slocum|Ieshia Small|Kaila Charles|Kristen Confroy",5,754,779,25,0,1,-1
"2016-17","9682","Maryland","Brianna Fraser|Brionna Jones|Ieshia Small|Kaila Charles|Kristen Confroy",5,779,815,36,1,0,1
"2016-17","9682","Penn State","Jaylen Williams|Kaliyah Mitchell|Lindsey Spann|Sierra Moore|Teniya Page",5,779,831,52,0,1,-1
"2016-17","9682","Penn State","Amari Carter|Jaylen Williams|Kaliyah Mitchell|Sierra Moore|Teniya Page",5,831,876,45,0,0,0
"2016-17","9682","Maryland","Blair Watson|Brianna Fraser|Brionna Jones|Ieshia Small|Kaila Charles",5,815,928,113,0,0,0
"2016-17","9682","Penn State","Amari Carter|J. Travascio-Green|Jaylen Williams|Kaliyah Mitchell|Teniya Page",5,876,996,120,4,0,4
"2016-17","9682","Penn State","Amari Carter|J. Travascio-Green|Jaylen Williams|Kaliyah Mitchell|Sierra Moore",5,996,1006,10,0,2,-2
"2016-17","9682","Maryland","Brianna Fraser|Brionna Jones|Ieshia Small|Kaila Charles|S. Walker-Kimbrough",5,928,1020,92,2,5,-3
"2016-17","9682","Penn State","Amari Carter|Ashanti Thomas|Kaliyah Mitchell|Sierra Moore|Teniya Page",5,1006,1028,22,1,2,-1
"2016-17","9682","Penn State","Amari Carter|Kaliyah Mitchell|Peyton Whitted|Sierra Moore|Teniya Page",5,1028,1143,115,0,5,-5
"2016-17","9682","Maryland","Brianna Fraser|Brionna Jones|Ieshia Small|Kristen Confroy|S. Walker-Kimbrough",5,1020,1199,179,10,2,8
"2016-17","9682","Maryland","Brianna Fraser|Ieshia Small|Kiah Gillespie|Kristen Confroy|S. Walker-Kimbrough",5,1199,1200,1,0,0,0
"2016-17","9682","Penn State","Amari Carter|Lindsey Spann|Peyton Whitted|Sierra Moore|Teniya Page",5,1143,1200,57,2,3,-1
"2016-17","9682","Maryland","Brionna Jones|Destiny Slocum|Kaila Charles|Kristen Confroy|S. Walker-Kimbrough",5,1200,1261,61,4,2,2
"2016-17","9682","Penn State","Amari Carter|Ashanti Thomas|Lindsey Spann|Sierra Moore|Teniya Page",5,1200,1311,111,2,9,-7
"2016-17","9682","Penn State","Amari Carter|Jaylen Williams|Lindsey Spann|Sierra Moore|Teniya Page",5,1311,1381,70,0,2,-2
"2016-17","9682","Maryland","Brianna Fraser|Brionna Jones|Destiny Slocum|Kristen Confroy|S. Walker-Kimbrough",5,1261,1419,158,9,0,9
"2016-17","9682","Penn State","Amari Carter|Lindsey Spann|Peyton Whitted|Sierra Moore|Teniya Page",5,1381,1479,98,0,2,-2
"2016-17","9682","Maryland","Brianna Fraser|Brionna Jones|Destiny Slocum|Ieshia Small|Kristen Confroy",5,1419,1564,145,4,7,-3
"2016-17","9682","Penn State","Amari Carter|Kaliyah Mitchell|Lindsey Spann|Peyton Whitted|Teniya Page",5,1479,1622,143,12,6,6
"2016-17","9682","Maryland","Brianna Fraser|Destiny Slocum|Ieshia Small|Kaila Charles|Kristen Confroy",5,1564,1622,58,2,5,-3
"2016-17","9682","Penn State","Amari Carter|Lindsey Spann|Peyton Whitted|Sierra Moore|Teniya Page",5,1622,1706,84,2,2,0
"2016-17","9682","Penn State","Amari Carter|Ashanti Thomas|Lindsey Spann|Sierra Moore|Teniya Page",5,1706,1777,71,2,5,-3
"2016-17","9682","Penn State","Amari Carter|Ashanti Thomas|Lindsey Spann|Siyeh Frazier|Teniya Page",5,1777,1800,23,0,3,-3
"2016-17","9682","Penn State","Amari Carter|Ashanti Thomas|Lindsey Spann|Siyeh Frazier|Teniya Page",5,1800,1861,61,2,2,0
"2016-17","9682","Penn State","Amari Carter|Ashanti Thomas|J. Travascio-Green|Lindsey Spann|Teniya Page",5,1861,1920,59,0,0,0
"2016-17","9682","Penn State","Amari Carter|Ashanti Thomas|J. Travascio-Green|Sierra Moore|Teniya Page",5,1920,1987,67,4,2,2
"2016-17","9682","Maryland","Brionna Jones|Destiny Slocum|Kaila Charles|Kristen Confroy|S. Walker-Kimbrough",5,1622,1987,365,14,10,4
"2016-17","9682","Penn State","Amari Carter|Ashanti Thomas|Kaliyah Mitchell|Sierra Moore|Teniya Page",5,1987,2142,155,6,4,2
"2016-17","9682","Penn State","Amari Carter|Kaliyah Mitchell|Peyton Whitted|Sierra Moore|Teniya Page",5,2142,2168,26,2,0,2
"2016-17","9682","Penn State","Amari Carter|Jaylen Williams|Kaliyah Mitchell|Sierra Moore|Teniya Page",5,2168,2248,80,2,2,0
"2016-17","9682","Penn State","Amari Carter|Ashanti Thomas|Kaliyah Mitchell|Sierra Moore|Teniya Page",5,2248,2276,28,3,0,3
"2016-17","9682","Maryland","Brianna Fraser|Brionna Jones|Destiny Slocum|Kristen Confroy|S. Walker-Kimbrough",5,1987,2400,413,12,20,-8
"2016-17","9682","Penn State","Amari Carter|Jaylen Williams|Kaliyah Mitchell|Sierra Moore|Teniya Page",5,2276,2400,124,7,6,1
"2016-17","9683","Maryland","Brionna Jones|Destiny Slocum|Ieshia Small|Kaila Charles|Kristen Confroy",5,0,171,171,9,2,7
"2016-17","9683","Iowa","Ally Disterhoft|Kathleen Doyle|Makenzie Meyer|Megan Gustafson|Tania Davis",5,0,247,247,2,13,-11
"2016-17","9683","Maryland","Brionna Jones|Ieshia Small|Kaila Charles|Kristen Confroy|S. Walker-Kimbrough",5,171,305,134,6,2,4
"2016-17","9683","Maryland","Brianna Fraser|Brionna Jones|Ieshia Small|Kristen Confroy|S. Walker-Kimbrough",5,305,371,66,2,3,-1
"2016-17","9683","Iowa","Ally Disterhoft|Bre Cera|Chase Coley|Kathleen Doyle|Megan Gustafson",5,247,371,124,5,4,1
"2016-17","9683","Maryland","Brianna Fraser|Ieshia Small|Kaila Charles|Kristen Confroy|S. Walker-Kimbrough",5,371,407,36,2,2,0
"2016-17","9683","Iowa","Alexa Kastanek|Chase Coley|Christina Buttenham|Hannah Stewart|Tania Davis",5,371,460,89,4,8,-4
"2016-17","9683","Maryland","Brianna Fraser|Destiny Slocum|Kaila Charles|Kristen Confroy|S. Walker-Kimbrough",5,407,527,120,8,5,3
"2016-17","9683","Iowa","Alexa Kastanek|Chase Coley|Christina Buttenham|Megan Gustafson|Tania Davis",5,460,527,67,3,2,1
"2016-17","9683","Maryland","Brianna Fraser|Ieshia Small|Kaila Charles|Kristen Confroy|S. Walker-Kimbrough",5,527,600,73,0,2,-2
"2016-17","9683","Maryland","Brionna Jones|Destiny Slocum|Ieshia Small|Kaila Charles|S. Walker-Kimbrough",5,600,646,46,4,4,0
"2016-17","9683","Maryland","Brionna Jones|Destiny Slocum|Ieshia Small|Kaila Charles|S. Walker-Kimbrough|Stephanie Jones",6,646,683,37,0,1,-1
"2016-17","9683","Maryland","Brionna Jones|Destiny Slocum|Ieshia Small|S. Walker-Kimbrough|Stephanie Jones",5,683,768,85,0,6,-6
"2016-17","9683","Maryland","Brianna Fraser|Brionna Jones|Destiny Slocum|Kristen Confroy|S. Walker-Kimbrough",5,768,782,14,0,0,0
"2016-17","9683","Iowa","Ally Disterhoft|Kathleen Doyle|Makenzie Meyer|Megan Gustafson|Tania Davis",5,527,838,311,16,4,12
"2016-17","9683","Maryland","Brianna Fraser|Destiny Slocum|Kiah Gillespie|Kristen Confroy|S. Walker-Kimbrough",5,782,928,146,3,6,-3
"2016-17","9683","Iowa","Alexa Kastanek|Ally Disterhoft|Chase Coley|Megan Gustafson|Tania Davis",5,838,928,90,3,3,0
"2016-17","9683","Iowa","Alexa Kastanek|Ally Disterhoft|Chase Coley|Hannah Stewart|Tania Davis",5,928,955,27,2,0,2
"2016-17","9683","Maryland","Brianna Fraser|Destiny Slocum|Kristen Confroy|S. Walker-Kimbrough|Stephanie Jones",5,928,1002,74,0,5,-5
"2016-17","9683","Iowa","Ally Disterhoft|Chase Coley|Christina Buttenham|Hannah Stewart|Kathleen Doyle",5,955,1002,47,3,0,3
"2016-17","9683","Maryland","Brianna Fraser|Brionna Jones|Destiny Slocum|Kristen Confroy|S. Walker-Kimbrough",5,1002,1020,18,2,0,2
"2016-17","9683","Iowa","Carly Mohns|Chase Coley|Christina Buttenham|Hannah Stewart|Kathleen Doyle",5,1002,1112,110,2,4,-2
"2016-17","9683","Maryland","Brionna Jones|Destiny Slocum|Kristen Confroy|S. Walker-Kimbrough|Stephanie Jones",5,1020,1157,137,4,4,0
"2016-17","9683","Maryland","Brionna Jones|Destiny Slocum|Ieshia Small|Kristen Confroy|S. Walker-Kimbrough",5,1157,1200,43,3,5,-2
"2016-17","9683","Maryland","Brionna Jones|Destiny Slocum|Kaila Charles|Kristen Confroy|S. Walker-Kimbrough",5,1200,1266,66,3,2,1
"2016-17","9683","Iowa","Ally Disterhoft|Kathleen Doyle|Makenzie Meyer|Megan Gustafson|Tania Davis",5,1112,1454,342,13,16,-3
"2016-17","9683","Iowa","Ally Disterhoft|Chase Coley|Christina Buttenham|Kathleen Doyle|Megan Gustafson",5,1454,1470,16,0,0,0
"2016-17","9683","Maryland","Brionna Jones|Destiny Slocum|Ieshia Small|Kaila Charles|S. Walker-Kimbrough",5,1266,1613,347,15,8,7
"2016-17","9683","Iowa","Ally Disterhoft|Chase Coley|Christina Buttenham|Megan Gustafson|Tania Davis",5,1470,1613,143,4,7,-3
"2016-17","9683","Iowa","Ally Disterhoft|Hannah Stewart|Kathleen Doyle|Makenzie Meyer|Tania Davis",5,1613,1658,45,0,3,-3
"2016-17","9683","Maryland","Brionna Jones|Destiny Slocum|Ieshia Small|Kristen Confroy|S. Walker-Kimbrough",5,1613,1688,75,3,2,1
"2016-17","9683","Maryland","Brianna Fraser|Brionna Jones|Destiny Slocum|Ieshia Small|Kaila Charles|Kristen Confroy|S. Walker-Kimbrough",7,1688,1689,1,0,0,0
"2016-17","9683","Maryland","Brionna Jones|Destiny Slocum|Ieshia Small|Kaila Charles|Kristen Confroy",5,1689,1708,19,2,0,2
"2016-17","9683","Maryland","Brionna Jones|Destiny Slocum|Kaila Charles|Kristen Confroy|S. Walker-Kimbrough",5,1708,1800,92,5,0,5
"2016-17","9683","Iowa","Ally Disterhoft|Kathleen Doyle|Makenzie Meyer|Megan Gustafson|Tania Davis",5,1658,1903,245,5,12,-7
"2016-17","9683","Iowa","Chase Coley|Christina Buttenham|Hannah Stewart|Kathleen Doyle|Tania Davis",5,1903,1927,24,0,2,-2
"2016-17","9683","Iowa","Chase Coley|Christina Buttenham|Hannah Stewart|Makenzie Meyer|Tania Davis",5,1927,1991,64,2,4,-2
"2016-17","9683","Maryland","Brionna Jones|Destiny Slocum|Kaila Charles|Kristen Confroy|S. Walker-Kimbrough",5,1800,2008,208,11,8,3
"2016-17","9683","Iowa","Ally Disterhoft|Chase Coley|Christina Buttenham|Makenzie Meyer|Tania Davis",5,1991,2057,66,3,2,1
"2016-17","9683","Maryland","Brionna Jones|Ieshia Small|Kaila Charles|Kristen Confroy|S. Walker-Kimbrough",5,2008,2065,57,2,2,0
"2016-17","9683","Maryland","Brionna Jones|Destiny Slocum|Ieshia Small|Kristen Confroy|S. Walker-Kimbrough",5,2065,2150,85,4,5,-1
"2016-17","9683","Iowa","Ally Disterhoft|Christina Buttenham|Kathleen Doyle|Megan Gustafson|Tania Davis",5,2057,2303,246,10,10,0
"2016-17","9683","Maryland","Brionna Jones|Destiny Slocum|Ieshia Small|Kaila Charles|Kristen Confroy",5,2150,2339,189,8,6,2
"2016-17","9683","Iowa","Ally Disterhoft|Bre Cera|Kathleen Doyle|Megan Gustafson|Tania Davis",5,2303,2339,36,3,2,1
"2016-17","9683","Iowa","Ally Disterhoft|Christina Buttenham|Kathleen Doyle|Megan Gustafson|Tania Davis",5,2339,2383,44,2,2,0
"2016-17","9683","Iowa","Ally Disterhoft|Bre Cera|Kathleen Doyle|Megan Gustafson|Tania Davis",5,2383,2400,17,0,0,0
"2016-17","9683","Maryland","Brianna Fraser|Destiny Slocum|Ieshia Small|Kaila Charles|Kristen Confroy",5,2339,2400,61,2,2,0
"2016-17","9684","Maryland","Brionna Jones|Destiny Slocum|Kaila Charles|Kristen Confroy|S. Walker-Kimbrough",5,0,236,236,6,7,-1
"2016-17","9684","Michigan","Danielle Williams|Hallie Thome|Jillian Dunston|Katelynn Flaherty|Siera Thompson",5,0,271,271,9,6,3
"2016-17","9684","Maryland","Brionna Jones|Destiny Slocum|Ieshia Small|Kaila Charles|Kristen Confroy",5,236,271,35,0,2,-2
"2016-17","9684","Maryland","Brianna Fraser|Brionna Jones|Ieshia Small|Kaila Charles|Kristen Confroy",5,271,339,68,1,3,-2
"2016-17","9684","Michigan","Hallie Thome|Jillian Dunston|Katelynn Flaherty|Kysre Gondrezick|Siera Thompson",5,271,481,210,8,4,4
"2016-17","9684","Maryland","Brianna Fraser|Brionna Jones|Destiny Slocum|Ieshia Small|S. Walker-Kimbrough",5,339,481,142,3,5,-2
"2016-17","9684","Michigan","Jillian Dunston|Katelynn Flaherty|Kayla Robbins|Kysre Gondrezick|Siera Thompson",5,481,600,119,2,8,-6
"2016-17","9684","Michigan","Hallie Thome|Kayla Robbins|Kysre Gondrezick|Nicole Munger|Siera Thompson",5,600,612,12,0,2,-2
"2016-17","9684","Michigan","Jillian Dunston|Kayla Robbins|Kysre Gondrezick|Nicole Munger|Siera Thompson",5,612,690,78,0,6,-6
"2016-17","9684","Michigan","Danielle Williams|Jillian Dunston|Katelynn Flaherty|Kysre Gondrezick|Siera Thompson",5,690,791,101,5,2,3
"2016-17","9684","Michigan","Hallie Thome|Jillian Dunston|Katelynn Flaherty|Kysre Gondrezick|Siera Thompson",5,791,792,1,0,0,0
"2016-17","9684","Maryland","Brionna Jones|Destiny Slocum|Kaila Charles|Kristen Confroy|S. Walker-Kimbrough",5,481,845,364,22,7,15
"2016-17","9684","Michigan","Danielle Williams|Jillian Dunston|Katelynn Flaherty|Kysre Gondrezick|Siera Thompson",5,792,902,110,0,7,-7
"2016-17","9684","Maryland","Destiny Slocum|Kaila Charles|Kiah Gillespie|Kristen Confroy|S. Walker-Kimbrough",5,845,902,57,3,0,3
"2016-17","9684","Maryland","Brionna Jones|Destiny Slocum|Kiah Gillespie|Kristen Confroy|S. Walker-Kimbrough",5,902,914,12,0,0,0
"2016-17","9684","Michigan","Hallie Thome|Jillian Dunston|Katelynn Flaherty|Maria Backman|Siera Thompson",5,902,1012,110,2,2,0
"2016-17","9684","Michigan","Jillian Dunston|Katelynn Flaherty|Kayla Robbins|Maria Backman|Siera Thompson",5,1012,1111,99,4,2,2
"2016-17","9684","Maryland","Brionna Jones|Destiny Slocum|Ieshia Small|Kiah Gillespie|Kristen Confroy",5,914,1111,197,4,6,-2
"2016-17","9684","Maryland","Brianna Fraser|Destiny Slocum|Kiah Gillespie|Kristen Confroy|S. Walker-Kimbrough",5,1111,1170,59,0,5,-5
"2016-17","9684","Maryland","Brianna Fraser|Brionna Jones|Destiny Slocum|Kristen Confroy|S. Walker-Kimbrough",5,1170,1200,30,0,0,0
"2016-17","9684","Michigan","Katelynn Flaherty|Kayla Robbins|Kysre Gondrezick|Maria Backman|Siera Thompson",5,1111,1200,89,5,0,5
"2016-17","9684","Maryland","Brionna Jones|Destiny Slocum|Kaila Charles|Kristen Confroy|S. Walker-Kimbrough",5,1200,1302,102,5,7,-2
"2016-17","9684","Michigan","Danielle Williams|Hallie Thome|Jillian Dunston|Katelynn Flaherty|Siera Thompson",5,1200,1396,196,12,7,5
"2016-17","9684","Maryland","Brianna Fraser|Destiny Slocum|Kaila Charles|Kristen Confroy|S. Walker-Kimbrough",5,1302,1396,94,2,5,-3
"2016-17","9684","Michigan","Jillian Dunston|Katelynn Flaherty|Kysre Gondrezick|Maria Backman|Siera Thompson",5,1396,1443,47,0,4,-4
"2016-17","9684","Maryland","Destiny Slocum|Kaila Charles|Kiah Gillespie|Kristen Confroy|S. Walker-Kimbrough",5,1396,1475,79,4,6,-2
"2016-17","9684","Michigan","Hallie Thome|Katelynn Flaherty|Kysre Gondrezick|Maria Backman|Siera Thompson",5,1443,1550,107,6,2,4
"2016-17","9684","Maryland","Destiny Slocum|Ieshia Small|Kaila Charles|Kiah Gillespie|S. Walker-Kimbrough",5,1475,1550,75,2,0,2
"2016-17","9684","Michigan","Hallie Thome|Katelynn Flaherty|Kysre Gondrezick|Siera Thompson",4,1550,1580,30,0,4,-4
"2016-17","9684","Michigan","Danielle Williams|Hallie Thome|Kysre Gondrezick|Siera Thompson",4,1580,1661,81,3,2,1
"2016-17","9684","Michigan","Hallie Thome|Katelynn Flaherty|Kysre Gondrezick|Siera Thompson",4,1661,1770,109,5,3,2
"2016-17","9684","Maryland","Brionna Jones|Destiny Slocum|Ieshia Small|Kaila Charles|S. Walker-Kimbrough",5,1550,1770,220,9,8,1
"2016-17","9684","Maryland","Destiny Slocum|Ieshia Small|Kaila Charles|Kiah Gillespie|S. Walker-Kimbrough",5,1770,1800,30,3,0,3
"2016-17","9684","Michigan","Hallie Thome|Katelynn Flaherty|Kysre Gondrezick|Nicole Munger|Siera Thompson",5,1770,1800,30,0,3,-3
"2016-17","9684","Maryland","Brionna Jones|Destiny Slocum|Ieshia Small|Kiah Gillespie|S. Walker-Kimbrough",5,1800,1989,189,6,2,4
"2016-17","9684","Michigan","Hallie Thome|Jillian Dunston|Katelynn Flaherty|Kysre Gondrezick|Siera Thompson",5,1800,2160,360,4,12,-8
"2016-17","9684","Michigan","Hallie Thome|Katelynn Flaherty|Kysre Gondrezick|Nicole Munger|Siera Thompson",5,2160,2216,56,0,1,-1
"2016-17","9684","Michigan","Hallie Thome|Katelynn Flaherty|Kysre Gondrezick|Maria Backman|Siera Thompson",5,2216,2248,32,2,0,2
"2016-17","9684","Maryland","Brionna Jones|Destiny Slocum|Kaila Charles|Kiah Gillespie|S. Walker-Kimbrough",5,1989,2248,259,7,4,3
"2016-17","9684","Michigan","Danielle Williams|Hallie Thome|Katelynn Flaherty|Kysre Gondrezick|Maria Backman|Siera Thompson",6,2248,2261,13,0,0,0
"2016-17","9684","Maryland","Destiny Slocum|Ieshia Small|Kaila Charles|Kiah Gillespie|S. Walker-Kimbrough",5,2248,2261,13,0,0,0
"2016-17","9684","Michigan","Danielle Williams|Hallie Thome|Katelynn Flaherty|Kysre Gondrezick|Nicole Munger|Siera Thompson",6,2261,2273,12,0,2,-2
"2016-17","9684","Maryland","Brionna Jones|Destiny Slocum|Kaila Charles|Kiah Gillespie|S. Walker-Kimbrough",5,2261,2273,12,2,0,2
"2016-17","9684","Maryland","Destiny Slocum|Ieshia Small|Kaila Charles|Kiah Gillespie|S. Walker-Kimbrough",5,2273,2400,127,4,3,1
"2016-17","9684","Michigan","Danielle Williams|Jillian Dunston|Katelynn Flaherty|Kysre Gondrezick|Maria Backman|Siera Thompson",6,2273,2400,127,3,4,-1
"2016-17","9685","Rutgers","Alex Alfano|Jordan Wallace|Khadaizha Sanders|Shrita Parker|Victoria Harris",5,0,51,51,0,0,0
"2016-17","9685","Rutgers","Alex Alfano|Jazlynd Rollins|Jordan Wallace|Shrita Parker|Victoria Harris",5,51,159,108,7,4,3
"2016-17","9685","Maryland","Brionna Jones|Destiny Slocum|Kaila Charles|Kristen Confroy|S. Walker-Kimbrough",5,0,159,159,4,7,-3
"2016-17","9685","Rutgers","Jazlynd Rollins|Jordan Wallace|Khadaizha Sanders|Shrita Parker|Victoria Harris",5,159,193,34,0,2,-2
"2016-17","9685","Rutgers","Jazlynd Rollins|Jordan Wallace|Kandiss Barber|Shrita Parker|Victoria Harris",5,193,235,42,0,2,-2
"2016-17","9685","Maryland","Brionna Jones|Destiny Slocum|Ieshia Small|Kaila Charles|S. Walker-Kimbrough",5,159,274,115,4,0,4
"2016-17","9685","Rutgers","Jazlynd Rollins|Jordan Wallace|Khadaizha Sanders|Shrita Parker|Victoria Harris",5,235,401,166,4,4,0
"2016-17","9685","Maryland","Blair Watson|Brionna Jones|Ieshia Small|Kaila Charles|S. Walker-Kimbrough",5,274,401,127,4,4,0
"2016-17","9685","Maryland","Blair Watson|Destiny Slocum|Ieshia Small|Kaila Charles|S. Walker-Kimbrough",5,401,412,11,0,2,-2
"2016-17","9685","Rutgers","Jordan Wallace|Kandiss Barber|Khadaizha Sanders|Shrita Parker|Victoria Harris",5,401,451,50,2,2,0
"2016-17","9685","Maryland","Destiny Slocum|Ieshia Small|Kaila Charles|Kristen Confroy|S. Walker-Kimbrough",5,412,480,68,2,0,2
"2016-17","9685","Rutgers","Desiree Keeling|Kandiss Barber|Khadaizha Sanders|Shrita Parker|Victoria Harris",5,451,523,72,0,0,0
"2016-17","9685","Maryland","Destiny Slocum|Ieshia Small|Kiah Gillespie|Kristen Confroy|S. Walker-Kimbrough",5,480,523,43,0,0,0
"2016-17","9685","Maryland","Brionna Jones|Destiny Slocum|Ieshia Small|Kiah Gillespie|S. Walker-Kimbrough",5,523,600,77,0,0,0
"2016-17","9685","Rutgers","Desiree Keeling|Jazlynd Rollins|Khadaizha Sanders|Shrita Parker|Victoria Harris",5,523,600,77,0,0,0
"2016-17","9685","Rutgers","Desiree Keeling|Jazlynd Rollins|Kandiss Barber|Khadaizha Sanders|Shrita Parker",5,600,772,172,2,2,0
"2016-17","9685","Maryland","Brianna Fraser|Brionna Jones|Destiny Slocum|Kristen Confroy|S. Walker-Kimbrough",5,600,772,172,2,2,0
"2016-17","9685","Maryland","Brionna Jones|Destiny Slocum|Ieshia Small|Kaila Charles|S. Walker-Kimbrough",5,772,824,52,0,0,0
"2016-17","9685","Rutgers","Aliyah Jeune|Desiree Keeling|Jazlynd Rollins|Kandiss Barber|Khadaizha Sanders",5,772,878,106,3,2,1
"2016-17","9685","Rutgers","Aliyah Jeune|Jazlynd Rollins|Kandiss Barber|Shrita Parker|Victoria Harris",5,878,946,68,0,2,-2
"2016-17","9685","Rutgers","Aliyah Jeune|Jazlynd Rollins|Jordan Wallace|Kandiss Barber|Shrita Parker",5,946,1040,94,0,2,-2
"2016-17","9685","Maryland","Brionna Jones|Destiny Slocum|Ieshia Small|Kaila Charles|Kiah Gillespie",5,824,1104,280,12,6,6
"2016-17","9685","Rutgers","Aliyah Jeune|Desiree Keeling|Jazlynd Rollins|Kandiss Barber|Shrita Parker",5,1040,1176,136,9,9,0
"2016-17","9685","Maryland","Brionna Jones|Destiny Slocum|Ieshia Small|Kaila Charles|S. Walker-Kimbrough",5,1104,1200,96,6,9,-3
"2016-17","9685","Rutgers","Desiree Keeling|Jazlynd Rollins|Kandiss Barber|Khadaizha Sanders|Shrita Parker",5,1176,1200,24,3,3,0
"2016-17","9685","Rutgers","Aliyah Jeune|Jazlynd Rollins|Jordan Wallace|Khadaizha Sanders|Shrita Parker",5,1200,1279,79,0,2,-2
"2016-17","9685","Rutgers","Desiree Keeling|Jazlynd Rollins|Kandiss Barber|Khadaizha Sanders|Shrita Parker",5,1279,1361,82,2,5,-3
"2016-17","9685","Rutgers","Jazlynd Rollins|Jordan Wallace|Kandiss Barber|Khadaizha Sanders|Shrita Parker",5,1361,1421,60,0,2,-2
"2016-17","9685","Rutgers","Aliyah Jeune|Jazlynd Rollins|Jordan Wallace|Khadaizha Sanders|Shrita Parker",5,1421,1454,33,0,2,-2
"2016-17","9685","Rutgers","Aliyah Jeune|Desiree Keeling|Jazlynd Rollins|Khadaizha Sanders|Shrita Parker",5,1454,1618,164,2,10,-8
"2016-17","9685","Maryland","Brionna Jones|Destiny Slocum|Kaila Charles|Kristen Confroy|S. Walker-Kimbrough",5,1200,1618,418,21,4,17
"2016-17","9685","Maryland","Brianna Fraser|Destiny Slocum|Kiah Gillespie|Kristen Confroy|S. Walker-Kimbrough",5,1618,1715,97,2,4,-2
"2016-17","9685","Rutgers","Aliyah Jeune|Desiree Keeling|Kandiss Barber|Khadaizha Sanders|Shrita Parker",5,1618,1728,110,4,3,1
"2016-17","9685","Maryland","Brianna Fraser|Destiny Slocum|Ieshia Small|Kiah Gillespie|Kristen Confroy",5,1715,1800,85,3,5,-2
"2016-17","9685","Rutgers","Aliyah Jeune|Kandiss Barber|Khadaizha Sanders|Shrita Parker|Victoria Harris",5,1728,1800,72,5,2,3
"2016-17","9685","Rutgers","Aliyah Jeune|Desiree Keeling|Kandiss Barber|Khadaizha Sanders|Victoria Harris",5,1800,1864,64,0,0,0
"2016-17","9685","Maryland","Brianna Fraser|Destiny Slocum|Ieshia Small|Kaila Charles|Kristen Confroy",5,1800,1864,64,0,0,0
"2016-17","9685","Rutgers","Aliyah Jeune|Desiree Keeling|Jazlynd Rollins|Kandiss Barber|Victoria Harris",5,1864,1910,46,2,1,1
"2016-17","9685","Maryland","Brionna Jones|Destiny Slocum|Ieshia Small|Kaila Charles|Kristen Confroy",5,1864,1910,46,1,2,-1
"2016-17","9685","Rutgers","Aliyah Jeune|Desiree Keeling|Kandiss Barber|Khadaizha Sanders|Victoria Harris",5,1910,1928,18,0,0,0
"2016-17","9685","Rutgers","Aliyah Jeune|Desiree Keeling|Jordan Wallace|Kandiss Barber|Khadaizha Sanders",5,1928,2131,203,6,9,-3
"2016-17","9685","Maryland","Brionna Jones|Destiny Slocum|Kaila Charles|Kristen Confroy|S. Walker-Kimbrough",5,1910,2131,221,9,6,3
"2016-17","9685","Maryland","Brianna Fraser|Destiny Slocum|Kaila Charles|Kristen Confroy|S. Walker-Kimbrough",5,2131,2152,21,0,2,-2
"2016-17","9685","Rutgers","Desiree Keeling|Jazlynd Rollins|Kandiss Barber|Khadaizha Sanders|Victoria Harris",5,2131,2245,114,6,4,2
"2016-17","9685","Maryland","Destiny Slocum|Kaila Charles|Kiah Gillespie|Kristen Confroy|S. Walker-Kimbrough",5,2152,2245,93,4,4,0
"2016-17","9685","Maryland","Blair Watson|Ieshia Small|Kaila Charles|Kiah Gillespie|S. Walker-Kimbrough",5,2245,2256,11,0,0,0
"2016-17","9685","Rutgers","Aliyah Jeune|Desiree Keeling|Kandiss Barber|Khadaizha Sanders|Victoria Harris",5,2245,2296,51,0,1,-1
"2016-17","9685","Maryland","Blair Watson|Kaila Charles|Kiah Gillespie|S. Walker-Kimbrough|Sarah Myers",5,2256,2296,40,1,0,1
"2016-17","9685","Rutgers","Aliyah Jeune|Desiree Keeling|Jazlynd Rollins|Khadaizha Sanders|Victoria Harris",5,2296,2325,29,2,0,2
"2016-17","9685","Maryland","Blair Watson|Ieshia Small|Jenna Staiti|Kiah Gillespie|Sarah Myers",5,2296,2325,29,0,2,-2
"2016-17","9685","Maryland","Blair Watson|Ieshia Small|Jenna Staiti|Sarah Myers|Stephanie Jones",5,2325,2383,58,4,10,-6
"2016-17","9685","Maryland","Blair Watson|Destiny Slocum|Ieshia Small|Sarah Myers|Stephanie Jones",5,2383,2400,17,1,2,-1
"2016-17","9685","Rutgers","Aliyah Jeune|DaChe Williams|Desiree Keeling|Jazlynd Rollins|Khadaizha Sanders",5,2325,2400,75,12,5,7
"2016-17","9686","Illinois","Alex Wittinger|Ali Andrews|Brandi Beasley|Jaelyne Kirkpatrick|Petra Holesinska",5,0,143,143,4,6,-2
"2016-17","9686","Maryland","Brionna Jones|Destiny Slocum|Kaila Charles|Kristen Confroy|S. Walker-Kimbrough",5,0,237,237,9,4,5
"2016-17","9686","Illinois","Alex Wittinger|Brandi Beasley|Courtney Joens|Jaelyne Kirkpatrick|Petra Holesinska",5,143,237,94,0,3,-3
"2016-17","9686","Maryland","Brionna Jones|Destiny Slocum|Kiah Gillespie|Kristen Confroy|S. Walker-Kimbrough",5,237,280,43,3,0,3
"2016-17","9686","Illinois","Brandi Beasley|Courtney Joens|Jaelyne Kirkpatrick|Petra Holesinska|Sarah Overcash",5,237,280,43,0,3,-3
"2016-17","9686","Illinois","Ali Andrews|Ashley McConnell|Courtney Joens|Jaelyne Kirkpatrick|Petra Holesinska",5,280,306,26,0,0,0
"2016-17","9686","Maryland","Brianna Fraser|Ieshia Small|Kiah Gillespie|Kristen Confroy|S. Walker-Kimbrough",5,280,406,126,6,0,6
"2016-17","9686","Illinois","Alex Wittinger|Ali Andrews|Ashley McConnell|Jaelyne Kirkpatrick|Petra Holesinska",5,306,406,100,0,6,-6
"2016-17","9686","Maryland","Brianna Fraser|Destiny Slocum|Ieshia Small|Kaila Charles|Kiah Gillespie",5,406,512,106,2,2,0
"2016-17","9686","Illinois","Alex Wittinger|Ali Andrews|Ashley McConnell|Brandi Beasley|Petra Holesinska",5,406,512,106,2,2,0
"2016-17","9686","Maryland","Blair Watson|Brionna Jones|Destiny Slocum|Kaila Charles|Stephanie Jones",5,512,600,88,1,4,-3
"2016-17","9686","Maryland","Brionna Jones|Destiny Slocum|Kaila Charles|Kristen Confroy|S. Walker-Kimbrough",5,600,764,164,6,4,2
"2016-17","9686","Illinois","Alex Wittinger|Ali Andrews|Brandi Beasley|Jaelyne Kirkpatrick|Petra Holesinska",5,512,764,252,8,7,1
"2016-17","9686","Maryland","Brionna Jones|Destiny Slocum|Ieshia Small|Kiah Gillespie|Kristen Confroy",5,764,825,61,4,0,4
"2016-17","9686","Illinois","Ali Andrews|Brandi Beasley|Jaelyne Kirkpatrick|Petra Holesinska|Sarah Overcash",5,764,825,61,0,4,-4
"2016-17","9686","Illinois","Alex Wittinger|Ali Andrews|Brandi Beasley|Jaelyne Kirkpatrick|Petra Holesinska",5,825,843,18,0,0,0
"2016-17","9686","Maryland","Destiny Slocum|Ieshia Small|Jenna Staiti|Kiah Gillespie|S. Walker-Kimbrough",5,825,892,67,3,0,3
"2016-17","9686","Illinois","Alex Wittinger|Ali Andrews|Brandi Beasley|Jaelyne Kirkpatrick|Sarah Overcash",5,843,892,49,0,3,-3
"2016-17","9686","Maryland","Blair Watson|Ieshia Small|Jenna Staiti|Kiah Gillespie|S. Walker-Kimbrough",5,892,965,73,0,5,-5
"2016-17","9686","Illinois","Alex Wittinger|Brandi Beasley|Courtney Joens|Jaelyne Kirkpatrick|Petra Holesinska",5,892,994,102,5,0,5
"2016-17","9686","Illinois","Alex Wittinger|Cierra Rice|Courtney Joens|Jaelyne Kirkpatrick|Petra Holesinska",5,994,1012,18,0,3,-3
"2016-17","9686","Maryland","Blair Watson|Brionna Jones|Ieshia Small|Kiah Gillespie|S. Walker-Kimbrough",5,965,1114,149,9,2,7
"2016-17","9686","Maryland","Blair Watson|Brianna Fraser|Brionna Jones|S. Walker-Kimbrough|Sarah Myers",5,1114,1148,34,1,0,1
"2016-17","9686","Illinois","Alex Wittinger|Ali Andrews|Cierra Rice|Jaelyne Kirkpatrick|Petra Holesinska",5,1012,1148,136,2,7,-5
"2016-17","9686","Illinois","Alex Wittinger|Ali Andrews|Ashley McConnell|Cierra Rice|Petra Holesinska",5,1148,1200,52,1,0,1
"2016-17","9686","Maryland","Blair Watson|Brianna Fraser|Jenna Staiti|S. Walker-Kimbrough|Sarah Myers",5,1148,1200,52,0,1,-1
"2016-17","9686","Illinois","Alex Wittinger|Ali Andrews|Brandi Beasley|Jaelyne Kirkpatrick|Petra Holesinska",5,1200,1386,186,4,11,-7
"2016-17","9686","Illinois","Ali Andrews|Brandi Beasley|Courtney Joens|Jaelyne Kirkpatrick|Petra Holesinska",5,1386,1429,43,0,3,-3
"2016-17","9686","Maryland","Brionna Jones|Destiny Slocum|Kaila Charles|Kristen Confroy|S. Walker-Kimbrough",5,1200,1457,257,15,4,11
"2016-17","9686","Illinois","Alex Wittinger|Ali Andrews|Brandi Beasley|Courtney Joens|Jaelyne Kirkpatrick",5,1429,1457,28,0,1,-1
"2016-17","9686","Maryland","Brianna Fraser|Destiny Slocum|Kaila Charles|Kristen Confroy|S. Walker-Kimbrough",5,1457,1535,78,4,2,2
"2016-17","9686","Illinois","Alex Wittinger|Ali Andrews|Brandi Beasley|Courtney Joens|Petra Holesinska",5,1457,1535,78,2,4,-2
"2016-17","9686","Maryland","Brianna Fraser|Destiny Slocum|Ieshia Small|Kiah Gillespie|Kristen Confroy",5,1535,1563,28,0,0,0
"2016-17","9686","Illinois","Alex Wittinger|Ali Andrews|Ashley McConnell|Brandi Beasley|Petra Holesinska",5,1535,1655,120,4,3,1
"2016-17","9686","Maryland","Blair Watson|Brianna Fraser|Destiny Slocum|Kiah Gillespie|Kristen Confroy",5,1563,1736,173,7,4,3
"2016-17","9686","Illinois","Ali Andrews|Ashley McConnell|Brandi Beasley|Petra Holesinska|Sarah Overcash",5,1655,1736,81,0,4,-4
"2016-17","9686","Illinois","Alex Wittinger|Brandi Beasley|Courtney Joens|Petra Holesinska|Sarah Overcash",5,1736,1750,14,0,2,-2
"2016-17","9686","Illinois","Alex Wittinger|Courtney Joens|Jaelyne Kirkpatrick|Petra Holesinska|Sarah Overcash",5,1750,1800,50,0,1,-1
"2016-17","9686","Maryland","Blair Watson|Ieshia Small|Jenna Staiti|Sarah Myers|Stephanie Jones",5,1736,1800,64,3,0,3
"2016-17","9686","Maryland","Blair Watson|Ieshia Small|Jenna Staiti|Sarah Myers|Stephanie Jones",5,1800,1911,111,2,7,-5
"2016-17","9686","Illinois","Alex Wittinger|Brandi Beasley|Courtney Joens|Jaelyne Kirkpatrick|Sarah Overcash",5,1800,1911,111,7,2,5
"2016-17","9686","Illinois","Alex Wittinger|Ali Andrews|Brandi Beasley|Courtney Joens|Jaelyne Kirkpatrick",5,1911,2003,92,4,5,-1
"2016-17","9686","Maryland","Blair Watson|Brionna Jones|Ieshia Small|Sarah Myers|Stephanie Jones",5,1911,2013,102,5,4,1
"2016-17","9686","Maryland","Blair Watson|Brianna Fraser|Ieshia Small|Sarah Myers|Stephanie Jones",5,2013,2115,102,2,4,-2
"2016-17","9686","Illinois","Alex Wittinger|Ali Andrews|Ashley McConnell|Brandi Beasley|Courtney Joens",5,2003,2115,112,4,2,2
"2016-17","9686","Illinois","Brandi Beasley|Courtney Joens|Jaelyne Kirkpatrick|Petra Holesinska|Sarah Overcash",5,2115,2147,32,0,3,-3
"2016-17","9686","Illinois","Alex Wittinger|Brandi Beasley|Jaelyne Kirkpatrick|Petra Holesinska|Sarah Overcash",5,2147,2193,46,2,2,0
"2016-17","9686","Illinois","Brandi Beasley|Courtney Joens|Jaelyne Kirkpatrick|Petra Holesinska|Sarah Overcash",5,2193,2210,17,0,1,-1
"2016-17","9686","Illinois","Alex Wittinger|Brandi Beasley|Jaelyne Kirkpatrick|Petra Holesinska|Sarah Overcash",5,2210,2253,43,0,3,-3
"2016-17","9686","Illinois","Alex Wittinger|Ali Andrews|Ashley McConnell|Brandi Beasley|Courtney Joens",5,2253,2309,56,0,0,0
"2016-17","9686","Illinois","Ali Andrews|Ashley McConnell|Courtney Joens|Jaelyne Kirkpatrick|Sarah Overcash",5,2309,2367,58,0,3,-3
"2016-17","9686","Illinois","Ashley McConnell|Courtney Joens|Jaelyne Kirkpatrick|Meagan McNicholas|Sarah Overcash",5,2367,2400,33,0,0,0
"2016-17","9686","Maryland","Blair Watson|Ieshia Small|Jenna Staiti|Kiah Gillespie|Sarah Myers",5,2115,2400,285,12,2,10
"2016-17","9687","Iowa","Ally Disterhoft|Kathleen Doyle|Makenzie Meyer|Megan Gustafson|Tania Davis",5,0,262,262,8,11,-3
"2016-17","9687","Maryland","Brionna Jones|Destiny Slocum|Kaila Charles|Kristen Confroy|S. Walker-Kimbrough",5,0,262,262,11,8,3
"2016-17","9687","Maryland","Brionna Jones|Ieshia Small|Kaila Charles|Kristen Confroy|S. Walker-Kimbrough",5,262,308,46,0,0,0
"2016-17","9687","Iowa","Ally Disterhoft|Bre Cera|Chase Coley|Megan Gustafson|Tania Davis",5,262,357,95,0,0,0
"2016-17","9687","Iowa","Alexa Kastanek|Chase Coley|Christina Buttenham|Kathleen Doyle|Megan Gustafson",5,357,401,44,2,0,2
"2016-17","9687","Maryland","Brianna Fraser|Ieshia Small|Kaila Charles|Kristen Confroy|S. Walker-Kimbrough",5,308,431,123,3,4,-1
"2016-17","9687","Iowa","Alexa Kastanek|Chase Coley|Christina Buttenham|Hannah Stewart|Kathleen Doyle",5,401,517,116,5,8,-3
"2016-17","9687","Maryland","Brianna Fraser|Brionna Jones|Ieshia Small|Kristen Confroy|S. Walker-Kimbrough",5,431,517,86,5,3,2
"2016-17","9687","Maryland","Brianna Fraser|Brionna Jones|Destiny Slocum|Kristen Confroy|S. Walker-Kimbrough",5,517,562,45,4,2,2
"2016-17","9687","Iowa","Ally Disterhoft|Kathleen Doyle|Makenzie Meyer|Megan Gustafson|Tania Davis",5,517,578,61,3,4,-1
"2016-17","9687","Maryland","Brianna Fraser|Brionna Jones|Destiny Slocum|Ieshia Small|Kristen Confroy",5,562,578,16,0,1,-1
"2016-17","9687","Maryland","Brionna Jones|Destiny Slocum|Ieshia Small|Kaila Charles|Kristen Confroy",5,578,600,22,0,0,0
"2016-17","9687","Iowa","Ally Disterhoft|Bre Cera|Makenzie Meyer|Megan Gustafson|Tania Davis",5,578,600,22,0,0,0
"2016-17","9687","Maryland","Brionna Jones|Destiny Slocum|Kaila Charles|Kristen Confroy|S. Walker-Kimbrough",5,600,749,149,7,6,1
"2016-17","9687","Maryland","Brionna Jones|Destiny Slocum|Kiah Gillespie|Kristen Confroy|S. Walker-Kimbrough",5,749,768,19,0,3,-3
"2016-17","9687","Maryland","Brionna Jones|Destiny Slocum|Ieshia Small|Kiah Gillespie|S. Walker-Kimbrough",5,768,783,15,0,3,-3
"2016-17","9687","Iowa","Ally Disterhoft|Kathleen Doyle|Makenzie Meyer|Megan Gustafson|Tania Davis",5,600,799,199,12,8,4
"2016-17","9687","Iowa","Ally Disterhoft|Hannah Stewart|Kathleen Doyle|Makenzie Meyer|Tania Davis",5,799,917,118,1,4,-3
"2016-17","9687","Maryland","Brionna Jones|Destiny Slocum|Ieshia Small|Kaila Charles|S. Walker-Kimbrough",5,783,917,134,5,1,4
"2016-17","9687","Iowa","Ally Disterhoft|Bre Cera|Chase Coley|Makenzie Meyer|Tania Davis",5,917,975,58,0,2,-2
"2016-17","9687","Maryland","Brionna Jones|Destiny Slocum|Ieshia Small|Kristen Confroy|S. Walker-Kimbrough",5,917,975,58,2,0,2
"2016-17","9687","Iowa","Ally Disterhoft|Bre Cera|Chase Coley|Megan Gustafson|Tania Davis",5,975,1013,38,2,3,-1
"2016-17","9687","Iowa","Ally Disterhoft|Chase Coley|Kathleen Doyle|Megan Gustafson|Tania Davis",5,1013,1045,32,0,2,-2
"2016-17","9687","Iowa","Chase Coley|Christina Buttenham|Kathleen Doyle|Megan Gustafson|Tania Davis",5,1045,1116,71,2,6,-4
"2016-17","9687","Iowa","Ally Disterhoft|Kathleen Doyle|Megan Gustafson|Tania Davis",4,1116,1174,58,1,5,-4
"2016-17","9687","Maryland","Brionna Jones|Destiny Slocum|Kristen Confroy|S. Walker-Kimbrough|Stephanie Jones",5,975,1174,199,16,5,11
"2016-17","9687","Iowa","Ally Disterhoft|Bre Cera|Christina Buttenham|Megan Gustafson|Tania Davis",5,1174,1199,25,0,3,-3
"2016-17","9687","Maryland","Destiny Slocum|Jenna Staiti|Kristen Confroy|S. Walker-Kimbrough|Stephanie Jones",5,1174,1200,26,3,0,3
"2016-17","9687","Iowa","Alexa Kastanek|Ally Disterhoft|Bre Cera|Christina Buttenham|Megan Gustafson",5,1199,1200,1,0,0,0
"2016-17","9687","Iowa","Ally Disterhoft|Kathleen Doyle|Makenzie Meyer|Megan Gustafson|Tania Davis",5,1200,1402,202,9,8,1
"2016-17","9687","Maryland","Brionna Jones|Destiny Slocum|Kaila Charles|Kristen Confroy|S. Walker-Kimbrough",5,1200,1402,202,8,9,-1
"2016-17","9687","Iowa","Ally Disterhoft|Hannah Stewart|Kathleen Doyle|Makenzie Meyer|Tania Davis",5,1402,1467,65,4,0,4
"2016-17","9687","Iowa","Ally Disterhoft|Bre Cera|Hannah Stewart|Kathleen Doyle|Tania Davis",5,1467,1511,44,0,2,-2
"2016-17","9687","Iowa","Ally Disterhoft|Bre Cera|Chase Coley|Kathleen Doyle|Megan Gustafson",5,1511,1595,84,5,3,2
"2016-17","9687","Maryland","Brianna Fraser|Destiny Slocum|Kaila Charles|Kristen Confroy|S. Walker-Kimbrough",5,1402,1595,193,5,9,-4
"2016-17","9687","Maryland","Brianna Fraser|Destiny Slocum|Ieshia Small|Kaila Charles|Kristen Confroy",5,1595,1602,7,2,0,2
"2016-17","9687","Maryland","Brionna Jones|Destiny Slocum|Ieshia Small|Kaila Charles|Kristen Confroy",5,1602,1613,11,0,3,-3
"2016-17","9687","Iowa","Alexa Kastanek|Chase Coley|Christina Buttenham|Megan Gustafson|Tania Davis",5,1595,1765,170,9,9,0
"2016-17","9687","Maryland","Brionna Jones|Destiny Slocum|Ieshia Small|Kristen Confroy|Stephanie Jones",5,1613,1800,187,7,6,1
"2016-17","9687","Iowa","Ally Disterhoft|Chase Coley|Makenzie Meyer|Megan Gustafson|Tania Davis",5,1765,1800,35,0,0,0
"2016-17","9687","Iowa","Ally Disterhoft|Chase Coley|Hannah Stewart|Makenzie Meyer|Tania Davis",5,1800,1853,53,0,0,0
"2016-17","9687","Maryland","Ieshia Small|Kaila Charles|Kristen Confroy|S. Walker-Kimbrough|Stephanie Jones",5,1800,1882,82,0,2,-2
"2016-17","9687","Maryland","Ieshia Small|Kaila Charles|Kristen Confroy|Stephanie Jones",4,1882,1890,8,0,0,0
"2016-17","9687","Iowa","Ally Disterhoft|Hannah Stewart|Kathleen Doyle|Makenzie Meyer|Tania Davis",5,1853,1924,71,4,2,2
"2016-17","9687","Maryland","Ieshia Small|Kristen Confroy|Stephanie Jones",3,1890,1933,43,2,2,0
"2016-17","9687","Iowa","Ally Disterhoft|Kathleen Doyle|Makenzie Meyer|Megan Gustafson|Tania Davis",5,1924,2044,120,0,6,-6
"2016-17","9687","Iowa","Ally Disterhoft|Bre Cera|Kathleen Doyle|Megan Gustafson|Tania Davis",5,2044,2082,38,0,3,-3
"2016-17","9687","Iowa","Ally Disterhoft|Bre Cera|Hannah Stewart|Kathleen Doyle|Tania Davis",5,2082,2138,56,2,2,0
"2016-17","9687","Iowa","Ally Disterhoft|Bre Cera|Hannah Stewart|Makenzie Meyer|Tania Davis",5,2138,2164,26,2,3,-1
"2016-17","9687","Maryland","Brianna Fraser|Kristen Confroy|S. Walker-Kimbrough",3,1933,2208,275,16,7,9
"2016-17","9687","Maryland","Blair Watson|Brianna Fraser|S. Walker-Kimbrough",3,2208,2296,88,2,2,0
"2016-17","9687","Iowa","Ally Disterhoft|Kathleen Doyle|Makenzie Meyer|Megan Gustafson|Tania Davis",5,2164,2325,161,7,4,3
"2016-17","9687","Maryland","Blair Watson|Brianna Fraser|Ieshia Small|Kiah Gillespie",4,2296,2325,29,0,2,-2
"2016-17","9687","Maryland","Blair Watson|Ieshia Small|Jenna Staiti|Kiah Gillespie|Sarah Myers",5,2325,2400,75,2,3,-1
"2016-17","9687","Iowa","Ally Disterhoft|Chase Coley|Kathleen Doyle|Makenzie Meyer|Tania Davis",5,2325,2400,75,3,2,1
"2016-17","9688","Maryland","Brionna Jones|Destiny Slocum|Kaila Charles|Kristen Confroy|S. Walker-Kimbrough",5,0,180,180,10,9,1
"2016-17","9688","Maryland","Brionna Jones|Destiny Slocum|Ieshia Small|Kaila Charles|S. Walker-Kimbrough",5,180,290,110,2,3,-1
"2016-17","9688","Purdue","Andreona Keys|Ashley Morrissette|Bridget Perry|Dominique McBryde|Dominique Oden",5,0,301,301,15,12,3
"2016-17","9688","Purdue","Ae'Rianna Harris|Ashley Morrissette|Dominique McBryde|Dominique Oden|Lamina Cooper",5,301,361,60,0,5,-5
"2016-17","9688","Maryland","Brianna Fraser|Brionna Jones|Destiny Slocum|Ieshia Small|Kristen Confroy",5,290,408,118,5,5,0
"2016-17","9688","Purdue","Ae'Rianna Harris|Ashley Morrissette|Bridget Perry|Dominique Oden|Lamina Cooper",5,361,408,47,2,0,2
"2016-17","9688","Purdue","Ae'Rianna Harris|Andreona Keys|Ashley Morrissette|Bridget Perry|Lamina Cooper",5,408,462,54,2,3,-1
"2016-17","9688","Maryland","Brianna Fraser|Ieshia Small|Kaila Charles|Kristen Confroy|S. Walker-Kimbrough",5,408,487,79,3,2,1
"2016-17","9688","Purdue","Ae'Rianna Harris|Andreona Keys|Ashley Morrissette|Dominique McBryde|Lamina Cooper",5,462,511,49,0,0,0
"2016-17","9688","Maryland","Brionna Jones|Ieshia Small|Kristen Confroy|S. Walker-Kimbrough|Stephanie Jones",5,487,541,54,3,0,3
"2016-17","9688","Purdue","Ae'Rianna Harris|Andreona Keys|Ashley Morrissette|Dominique McBryde|Dominique Oden",5,511,541,30,0,3,-3
"2016-17","9688","Purdue","Ae'Rianna Harris|Andreona Keys|Bridget Perry|Dominique McBryde|Dominique Oden",5,541,600,59,0,2,-2
"2016-17","9688","Maryland","Brianna Fraser|Ieshia Small|Kristen Confroy|S. Walker-Kimbrough|Stephanie Jones",5,541,600,59,2,0,2
"2016-17","9688","Maryland","Brianna Fraser|Brionna Jones|Ieshia Small|Kristen Confroy|S. Walker-Kimbrough",5,600,623,23,2,0,2
"2016-17","9688","Purdue","Ae'Rianna Harris|Andreona Keys|Ashley Morrissette|Dominique McBryde|Dominique Oden",5,600,623,23,0,2,-2
"2016-17","9688","Maryland","Brianna Fraser|Brionna Jones|Destiny Slocum|Kristen Confroy|S. Walker-Kimbrough",5,623,708,85,3,3,0
"2016-17","9688","Purdue","Andreona Keys|Ashley Morrissette|Dominique McBryde|Dominique Oden|Nora Kiesler",5,623,708,85,3,3,0
"2016-17","9688","Maryland","Brianna Fraser|Brionna Jones|Destiny Slocum|Ieshia Small|Kristen Confroy",5,708,866,158,10,6,4
"2016-17","9688","Purdue","Andreona Keys|Ashley Morrissette|Bridget Perry|Dominique McBryde|Dominique Oden",5,708,866,158,6,10,-4
"2016-17","9688","Maryland","Destiny Slocum|Ieshia Small|Kaila Charles|Kiah Gillespie|Kristen Confroy",5,866,914,48,0,0,0
"2016-17","9688","Purdue","Ae'Rianna Harris|Ashley Morrissette|Bridget Perry|Dominique McBryde|Dominique Oden",5,866,914,48,0,0,0
"2016-17","9688","Maryland","Brionna Jones|Destiny Slocum|Ieshia Small|Kiah Gillespie|Kristen Confroy",5,914,931,17,0,0,0
"2016-17","9688","Purdue","Ae'Rianna Harris|Ashley Morrissette|Bridget Perry|Dominique Oden|Lamina Cooper",5,914,931,17,0,0,0
"2016-17","9688","Maryland","Brionna Jones|Destiny Slocum|Kiah Gillespie|Kristen Confroy|S. Walker-Kimbrough",5,931,948,17,0,0,0
"2016-17","9688","Maryland","Brianna Fraser|Destiny Slocum|Kiah Gillespie|Kristen Confroy|S. Walker-Kimbrough",5,948,1076,128,0,5,-5
"2016-17","9688","Purdue","Ae'Rianna Harris|Andreona Keys|Ashley Morrissette|Dominique McBryde|Dominique Oden",5,931,1200,269,7,3,4
"2016-17","9688","Maryland","Brianna Fraser|Destiny Slocum|Kristen Confroy|S. Walker-Kimbrough|Stephanie Jones",5,1076,1200,124,3,2,1
"2016-17","9688","Purdue","Andreona Keys|Ashley Morrissette|Bridget Perry|Dominique McBryde|Dominique Oden",5,1200,1289,89,4,4,0
"2016-17","9688","Purdue","Ae'Rianna Harris|Andreona Keys|Ashley Morrissette|Bridget Perry|Dominique Oden",5,1289,1390,101,1,4,-3
"2016-17","9688","Maryland","Brionna Jones|Destiny Slocum|Kaila Charles|Kristen Confroy|S. Walker-Kimbrough",5,1200,1408,208,8,5,3
"2016-17","9688","Maryland","Brionna Jones|Destiny Slocum|Ieshia Small|Kaila Charles|Kristen Confroy",5,1408,1453,45,2,2,0
"2016-17","9688","Maryland","Brianna Fraser|Destiny Slocum|Ieshia Small|Kaila Charles|Kristen Confroy",5,1453,1524,71,0,4,-4
"2016-17","9688","Purdue","Ae'Rianna Harris|Andreona Keys|Ashley Morrissette|Dominique McBryde|Lamina Cooper",5,1390,1580,190,6,6,0
"2016-17","9688","Maryland","Brianna Fraser|Brionna Jones|Destiny Slocum|Ieshia Small|S. Walker-Kimbrough",5,1524,1627,103,7,0,7
"2016-17","9688","Purdue","Ae'Rianna Harris|Andreona Keys|Ashley Morrissette|Bridget Perry|Lamina Cooper",5,1580,1627,47,0,3,-3
"2016-17","9688","Maryland","Brianna Fraser|Destiny Slocum|Ieshia Small|Kaila Charles|S. Walker-Kimbrough",5,1627,1794,167,5,2,3
"2016-17","9688","Purdue","Ae'Rianna Harris|Andreona Keys|Ashley Morrissette|Bridget Perry|Dominique Oden",5,1627,1800,173,2,5,-3
"2016-17","9688","Maryland","Brianna Fraser|Destiny Slocum|Ieshia Small|Kaila Charles|Kristen Confroy",5,1794,1800,6,0,0,0
"2016-17","9688","Maryland","Brionna Jones|Destiny Slocum|Ieshia Small|Kaila Charles|S. Walker-Kimbrough",5,1800,1860,60,0,0,0
"2016-17","9688","Purdue","Ae'Rianna Harris|Andreona Keys|Ashley Morrissette|Dominique McBryde|Dominique Oden",5,1800,1877,77,0,0,0
"2016-17","9688","Purdue","Ae'Rianna Harris|Andreona Keys|Ashley Morrissette|Bridget Perry|Dominique McBryde",5,1877,1922,45,0,1,-1
"2016-17","9688","Purdue","Ae'Rianna Harris|Andreona Keys|Bridget Perry|Dominique McBryde|Dominique Oden",5,1922,1967,45,2,2,0
"2016-17","9688","Purdue","Ae'Rianna Harris|Andreona Keys|Bridget Perry|Dominique Oden|Lamina Cooper",5,1967,2067,100,4,5,-1
"2016-17","9688","Maryland","Brianna Fraser|Brionna Jones|Destiny Slocum|Ieshia Small|S. Walker-Kimbrough",5,1860,2126,266,10,8,2
"2016-17","9688","Purdue","Ashley Morrissette|Bridget Perry|Dominique Oden|Lamina Cooper|Nora Kiesler",5,2067,2191,124,6,6,0
"2016-17","9688","Maryland","Brianna Fraser|Destiny Slocum|Ieshia Small|Kaila Charles|S. Walker-Kimbrough",5,2126,2207,81,6,4,2
"2016-17","9688","Purdue","Ae'Rianna Harris|Ashley Morrissette|Dominique Oden|Lamina Cooper|Nora Kiesler",5,2191,2207,16,0,2,-2
"2016-17","9688","Maryland","Brianna Fraser|Destiny Slocum|Ieshia Small|S. Walker-Kimbrough|Stephanie Jones",5,2207,2227,20,0,0,0
"2016-17","9688","Purdue","Ae'Rianna Harris|Andreona Keys|Ashley Morrissette|Lamina Cooper|Nora Kiesler",5,2207,2241,34,0,0,0
"2016-17","9688","Maryland","Brianna Fraser|Destiny Slocum|Ieshia Small|Sarah Myers|Stephanie Jones",5,2227,2313,86,2,5,-3
"2016-17","9688","Maryland","Brianna Fraser|Ieshia Small|Kiah Gillespie|Sarah Myers|Stephanie Jones",5,2313,2330,17,0,1,-1
"2016-17","9688","Purdue","Ae'Rianna Harris|Andreona Keys|Lamina Cooper|Miracle Gray|Nora Kiesler",5,2241,2400,159,10,4,6
"2016-17","9688","Maryland","Ieshia Small|Jenna Staiti|Kiah Gillespie|Sarah Myers|Stephanie Jones",5,2330,2400,70,2,4,-2
"2016-17","9689","Indiana","Alexis Gassion|Amanda Cahill|Jenn Anderson|Karlee McBride|Tyra Buss",5,0,234,234,7,7,0
"2016-17","9689","Maryland","Brionna Jones|Destiny Slocum|Kaila Charles|Kristen Confroy|S. Walker-Kimbrough",5,0,296,296,11,9,2
"2016-17","9689","Indiana","Alexis Gassion|Amanda Cahill|Karlee McBride|Kym Royster|Tyra Buss",5,234,296,62,2,4,-2
"2016-17","9689","Maryland","Brionna Jones|Ieshia Small|Kaila Charles|Kristen Confroy|S. Walker-Kimbrough",5,296,317,21,0,0,0
"2016-17","9689","Indiana","Alexis Gassion|Amanda Cahill|Kym Royster|Ria Gulley|Tyra Buss",5,296,317,21,0,0,0
"2016-17","9689","Maryland","Brionna Jones|Destiny Slocum|Ieshia Small|Kaila Charles|S. Walker-Kimbrough",5,317,553,236,13,4,9
"2016-17","9689","Indiana","Alexis Gassion|Amanda Cahill|Jenn Anderson|Ria Gulley|Tyra Buss",5,317,553,236,4,13,-9
"2016-17","9689","Indiana","Amanda Cahill|Amber Deane|Kym Royster|Ria Gulley|Tyra Buss",5,553,600,47,0,3,-3
"2016-17","9689","Maryland","Blair Watson|Brianna Fraser|Destiny Slocum|Kaila Charles|Kristen Confroy",5,553,600,47,3,0,3
"2016-17","9689","Indiana","Amanda Cahill|Amber Deane|Kym Royster|Ria Gulley|Tyra Buss",5,600,641,41,0,2,-2
"2016-17","9689","Maryland","Brianna Fraser|Brionna Jones|Destiny Slocum|Ieshia Small|S. Walker-Kimbrough",5,600,736,136,4,0,4
"2016-17","9689","Indiana","Amanda Cahill|Amber Deane|Jenn Anderson|Karlee McBride|Tyra Buss",5,641,736,95,0,2,-2
"2016-17","9689","Maryland","Brianna Fraser|Brionna Jones|Destiny Slocum|Kristen Confroy|S. Walker-Kimbrough",5,736,760,24,0,0,0
"2016-17","9689","Maryland","Brionna Jones|Destiny Slocum|Kristen Confroy|S. Walker-Kimbrough|Stephanie Jones",5,760,859,99,5,0,5
"2016-17","9689","Indiana","Alexis Gassion|Amanda Cahill|Jenn Anderson|Karlee McBride|Tia Elbert",5,736,859,123,0,5,-5
"2016-17","9689","Maryland","Brianna Fraser|Destiny Slocum|Kaila Charles|Kristen Confroy|Stephanie Jones",5,859,920,61,3,4,-1
"2016-17","9689","Indiana","Alexis Gassion|Darby Foresman|Jenn Anderson|Karlee McBride|Tyra Buss",5,859,920,61,4,3,1
"2016-17","9689","Maryland","Brionna Jones|Destiny Slocum|Kaila Charles|S. Walker-Kimbrough|Stephanie Jones",5,920,1004,84,2,6,-4
"2016-17","9689","Maryland","Brionna Jones|Destiny Slocum|Ieshia Small|Kaila Charles|S. Walker-Kimbrough",5,1004,1113,109,2,4,-2
"2016-17","9689","Maryland","Brianna Fraser|Brionna Jones|Destiny Slocum|Ieshia Small|S. Walker-Kimbrough",5,1113,1200,87,3,0,3
"2016-17","9689","Indiana","Alexis Gassion|Amanda Cahill|Jenn Anderson|Karlee McBride|Tyra Buss",5,920,1360,440,10,14,-4
"2016-17","9689","Indiana","Alexis Gassion|Amanda Cahill|Jenn Anderson|Ria Gulley|Tyra Buss",5,1360,1502,142,2,4,-2
"2016-17","9689","Indiana","Alexis Gassion|Amanda Cahill|Kym Royster|Ria Gulley|Tyra Buss",5,1502,1623,121,3,6,-3
"2016-17","9689","Maryland","Brionna Jones|Destiny Slocum|Kaila Charles|Kristen Confroy|S. Walker-Kimbrough",5,1200,1733,533,21,7,14
"2016-17","9689","Indiana","Alexis Gassion|Amanda Cahill|Darby Foresman|Ria Gulley|Tyra Buss",5,1623,1733,110,2,4,-2
"2016-17","9689","Maryland","Brianna Fraser|Ieshia Small|Kiah Gillespie|Kristen Confroy|S. Walker-Kimbrough",5,1733,1759,26,2,2,0
"2016-17","9689","Maryland","Ieshia Small|Jenna Staiti|Kiah Gillespie|Kristen Confroy|S. Walker-Kimbrough",5,1759,1783,24,2,0,2
"2016-17","9689","Indiana","Alexis Gassion|Amanda Cahill|Darby Foresman|Ria Gulley|Tia Elbert",5,1733,1800,67,2,7,-5
"2016-17","9689","Maryland","Brianna Fraser|Ieshia Small|Kiah Gillespie|Kristen Confroy|S. Walker-Kimbrough",5,1783,1800,17,3,0,3
"2016-17","9689","Maryland","Brianna Fraser|Ieshia Small|Kiah Gillespie|Kristen Confroy|S. Walker-Kimbrough",5,1800,1954,154,6,8,-2
"2016-17","9689","Maryland","Brionna Jones|Destiny Slocum|Ieshia Small|Kaila Charles|Kiah Gillespie",5,1954,2029,75,2,0,2
"2016-17","9689","Indiana","Alexis Gassion|Amanda Cahill|Jenn Anderson|Ria Gulley|Tyra Buss",5,1800,2032,232,8,8,0
"2016-17","9689","Maryland","Blair Watson|Brionna Jones|Destiny Slocum|Kaila Charles|Stephanie Jones",5,2029,2076,47,3,0,3
"2016-17","9689","Indiana","Alexis Gassion|Amanda Cahill|Darby Foresman|Ria Gulley|Tyra Buss",5,2032,2076,44,0,3,-3
"2016-17","9689","Maryland","Blair Watson|Brionna Jones|Kaila Charles|Sarah Myers|Stephanie Jones",5,2076,2087,11,0,0,0
"2016-17","9689","Maryland","Blair Watson|Jenna Staiti|Kaila Charles|Sarah Myers|Stephanie Jones",5,2087,2189,102,2,2,0
"2016-17","9689","Maryland","Blair Watson|Ieshia Small|Jenna Staiti|Sarah Myers|Stephanie Jones",5,2189,2219,30,0,2,-2
"2016-17","9689","Indiana","Alexis Gassion|Bre Wickware|Darby Foresman|Ria Gulley|Tyra Buss",5,2076,2246,170,8,2,6
"2016-17","9689","Indiana","Bre Wickware|Darby Foresman|Ria Gulley|Tia Elbert|Tyshee Towner",5,2246,2400,154,4,5,-1
"2016-17","9689","Maryland","Blair Watson|Ieshia Small|Jenna Staiti|Kiah Gillespie|Sarah Myers",5,2219,2400,181,5,8,-3
"2016-17","9690","Maryland","Brionna Jones|Destiny Slocum|Kaila Charles|Kristen Confroy|S. Walker-Kimbrough",5,0,72,72,2,3,-1
"2016-17","9690","Illinois","Alex Wittinger|Brandi Beasley|Jaelyne Kirkpatrick|Kennedy Cattenhead|Petra Holesinska",5,0,281,281,5,9,-4
"2016-17","9690","Maryland","Brianna Fraser|Brionna Jones|Destiny Slocum|Kristen Confroy|S. Walker-Kimbrough",5,72,281,209,7,2,5
"2016-17","9690","Maryland","Destiny Slocum|Ieshia Small|Kaila Charles|S. Walker-Kimbrough|Stephanie Jones",5,281,331,50,0,0,0
"2016-17","9690","Maryland","Destiny Slocum|Kaila Charles|Kristen Confroy|S. Walker-Kimbrough|Stephanie Jones",5,331,403,72,4,2,2
"2016-17","9690","Illinois","Alex Wittinger|Ali Andrews|Brandi Beasley|Jaelyne Kirkpatrick|Petra Holesinska",5,281,464,183,2,6,-4
"2016-17","9690","Illinois","Ali Andrews|Brandi Beasley|Jaelyne Kirkpatrick|Petra Holesinska|Sarah Overcash",5,464,500,36,0,3,-3
"2016-17","9690","Maryland","Brionna Jones|Destiny Slocum|Kaila Charles|S. Walker-Kimbrough|Stephanie Jones",5,403,600,197,13,5,8
"2016-17","9690","Illinois","Ali Andrews|Brandi Beasley|Kennedy Cattenhead|Petra Holesinska|Sarah Overcash",5,500,600,100,5,8,-3
"2016-17","9690","Maryland","Brianna Fraser|Brionna Jones|Destiny Slocum|Kaila Charles|S. Walker-Kimbrough",5,600,672,72,0,6,-6
"2016-17","9690","Illinois","Alex Wittinger|Ali Andrews|Brandi Beasley|Jaelyne Kirkpatrick|Kennedy Cattenhead",5,600,749,149,6,0,6
"2016-17","9690","Illinois","Alex Wittinger|Ali Andrews|Brandi Beasley|Jaelyne Kirkpatrick|Petra Holesinska",5,749,829,80,0,2,-2
"2016-17","9690","Illinois","Alex Wittinger|Ali Andrews|Ashley McConnell|Brandi Beasley|Petra Holesinska",5,829,998,169,2,4,-2
"2016-17","9690","Maryland","Brionna Jones|Destiny Slocum|Kaila Charles|Kristen Confroy|S. Walker-Kimbrough",5,672,998,326,6,2,4
"2016-17","9690","Illinois","Ali Andrews|Ashley McConnell|Brandi Beasley|Jaelyne Kirkpatrick|Petra Holesinska",5,998,1031,33,0,0,0
"2016-17","9690","Illinois","Ali Andrews|Brandi Beasley|Jaelyne Kirkpatrick|Petra Holesinska|Sarah Overcash",5,1031,1096,65,0,3,-3
"2016-17","9690","Illinois","Alex Wittinger|Jaelyne Kirkpatrick|Kennedy Cattenhead|Petra Holesinska|Sarah Overcash",5,1096,1145,49,0,3,-3
"2016-17","9690","Maryland","Brionna Jones|Destiny Slocum|Kristen Confroy|S. Walker-Kimbrough|Stephanie Jones",5,998,1145,147,6,0,6
"2016-17","9690","Illinois","Alex Wittinger|Brandi Beasley|Jaelyne Kirkpatrick|Kennedy Cattenhead|Sarah Overcash",5,1145,1177,32,0,2,-2
"2016-17","9690","Illinois","Alex Wittinger|Brandi Beasley|Jaelyne Kirkpatrick|Kennedy Cattenhead|Petra Holesinska",5,1177,1180,3,0,0,0
"2016-17","9690","Illinois","Alex Wittinger|Ali Andrews|Brandi Beasley|Jaelyne Kirkpatrick|Kennedy Cattenhead",5,1180,1200,20,0,0,0
"2016-17","9690","Illinois","Alex Wittinger|Brandi Beasley|Jaelyne Kirkpatrick|Kennedy Cattenhead|Petra Holesinska",5,1200,1363,163,5,6,-1
"2016-17","9690","Illinois","Alex Wittinger|Ali Andrews|Brandi Beasley|Jaelyne Kirkpatrick|Petra Holesinska",5,1363,1401,38,3,2,1
"2016-17","9690","Illinois","Ali Andrews|Brandi Beasley|Courtney Joens|Jaelyne Kirkpatrick|Petra Holesinska",5,1401,1402,1,0,2,-2
"2016-17","9690","Maryland","Brionna Jones|Destiny Slocum|Kaila Charles|Kristen Confroy|S. Walker-Kimbrough",5,1145,1480,335,12,10,2
"2016-17","9690","Illinois","Brandi Beasley|Courtney Joens|Jaelyne Kirkpatrick|Petra Holesinska|Sarah Overcash",5,1402,1538,136,2,5,-3
"2016-17","9690","Maryland","Brianna Fraser|Destiny Slocum|Ieshia Small|Kristen Confroy|Stephanie Jones",5,1480,1538,58,5,0,5
"2016-17","9690","Illinois","Alex Wittinger|Brandi Beasley|Courtney Joens|Jaelyne Kirkpatrick|Sarah Overcash",5,1538,1614,76,2,0,2
"2016-17","9690","Illinois","Alex Wittinger|Brandi Beasley|Courtney Joens|Petra Holesinska|Sarah Overcash",5,1614,1621,7,0,0,0
"2016-17","9690","Maryland","Brianna Fraser|Ieshia Small|Kaila Charles|Kristen Confroy|Stephanie Jones",5,1538,1621,83,0,2,-2
"2016-17","9690","Illinois","Alex Wittinger|Brandi Beasley|Courtney Joens|Jaelyne Kirkpatrick|Sarah Overcash",5,1621,1698,77,3,0,3
"2016-17","9690","Maryland","Ieshia Small|Kaila Charles|Kiah Gillespie|Kristen Confroy|Stephanie Jones",5,1621,1698,77,0,3,-3
"2016-17","9690","Maryland","Destiny Slocum|Ieshia Small|Kiah Gillespie|S. Walker-Kimbrough|Stephanie Jones",5,1698,1776,78,5,2,3
"2016-17","9690","Maryland","Brionna Jones|Destiny Slocum|Kristen Confroy|S. Walker-Kimbrough|Stephanie Jones",5,1776,1800,24,0,0,0
"2016-17","9690","Illinois","Alex Wittinger|Ali Andrews|Brandi Beasley|Courtney Joens|Jaelyne Kirkpatrick",5,1698,1800,102,2,5,-3
"2016-17","9690","Maryland","Brionna Jones|Destiny Slocum|Kristen Confroy|S. Walker-Kimbrough|Stephanie Jones",5,1800,1904,104,0,3,-3
"2016-17","9690","Illinois","Alex Wittinger|Ali Andrews|Jaelyne Kirkpatrick|Kennedy Cattenhead|Petra Holesinska",5,1800,1950,150,3,0,3
"2016-17","9690","Illinois","Ali Andrews|Brandi Beasley|Jaelyne Kirkpatrick|Kennedy Cattenhead|Petra Holesinska",5,1950,1992,42,0,4,-4
"2016-17","9690","Illinois","Ali Andrews|Brandi Beasley|Jaelyne Kirkpatrick|Petra Holesinska|Sarah Overcash",5,1992,2126,134,6,8,-2
"2016-17","9690","Maryland","Brionna Jones|Destiny Slocum|Kaila Charles|Kristen Confroy|S. Walker-Kimbrough",5,1904,2126,222,12,6,6
"2016-17","9690","Illinois","Alex Wittinger|Ali Andrews|Ashley McConnell|Brandi Beasley|Jaelyne Kirkpatrick",5,2126,2152,26,3,0,3
"2016-17","9690","Illinois","Alex Wittinger|Ashley McConnell|Brandi Beasley|Jaelyne Kirkpatrick|Sarah Overcash",5,2152,2244,92,5,8,-3
"2016-17","9690","Maryland","Brionna Jones|Destiny Slocum|Kiah Gillespie|Kristen Confroy|S. Walker-Kimbrough",5,2126,2244,118,8,8,0
"2016-17","9690","Maryland","Brianna Fraser|Destiny Slocum|Ieshia Small|Kiah Gillespie|Kristen Confroy",5,2244,2312,68,2,5,-3
"2016-17","9690","Illinois","Alex Wittinger|Ashley McConnell|Courtney Joens|Jaelyne Kirkpatrick|Sarah Overcash",5,2244,2370,126,5,4,1
"2016-17","9690","Maryland","Brianna Fraser|Ieshia Small|Kiah Gillespie|Kristen Confroy|Sarah Myers",5,2312,2400,88,2,0,2
"2016-17","9690","Illinois","Alex Wittinger|Ashley McConnell|Courtney Joens|Petra Holesinska|Sarah Overcash",5,2370,2400,30,0,0,0
"2016-17","9691","Michigan State","Branndais Agee|Taryn McCutcheon|Taya Reimer|Tori Jankoska|Victoria Gaines",5,0,138,138,2,4,-2
"2016-17","9691","Michigan State","Branndais Agee|Jenna Allen|Taryn McCutcheon|Taya Reimer|Tori Jankoska|Victoria Gaines",6,138,234,96,5,5,0
"2016-17","9691","Maryland","Brionna Jones|Destiny Slocum|Kaila Charles|Kristen Confroy|S. Walker-Kimbrough",5,0,303,303,11,9,2
"2016-17","9691","Michigan State","Branndais Agee|Jenna Allen|Nia Hollie|Taryn McCutcheon|Taya Reimer|Tori Jankoska",6,234,303,69,2,2,0
"2016-17","9691","Michigan State","Jenna Allen|Mardrekia Cook|Nia Hollie|Taryn McCutcheon|Taya Reimer|Tori Jankoska",6,303,346,43,2,3,-1
"2016-17","9691","Michigan State","Kennedy Johnson|Mardrekia Cook|Nia Hollie|Taryn McCutcheon|Taya Reimer|Tori Jankoska",6,346,375,29,0,4,-4
"2016-17","9691","Maryland","Brionna Jones|Destiny Slocum|Ieshia Small|Kaila Charles|S. Walker-Kimbrough",5,303,439,136,9,4,5
"2016-17","9691","Maryland","Brianna Fraser|Destiny Slocum|Ieshia Small|Kaila Charles|S. Walker-Kimbrough",5,439,494,55,3,0,3
"2016-17","9691","Michigan State","Branndais Agee|Taryn McCutcheon|Taya Reimer|Tori Jankoska|Victoria Gaines",5,375,509,134,2,7,-5
"2016-17","9691","Maryland","Brianna Fraser|Brionna Jones|Destiny Slocum|Ieshia Small|Kristen Confroy",5,494,525,31,2,2,0
"2016-17","9691","Maryland","Brianna Fraser|Brionna Jones|Ieshia Small|Kaila Charles|Kristen Confroy",5,525,595,70,0,4,-4
"2016-17","9691","Michigan State","Branndais Agee|Lexi Gussert|Taya Reimer|Tori Jankoska|Victoria Gaines",5,509,600,91,6,0,6
"2016-17","9691","Maryland","Brionna Jones|Ieshia Small|Kaila Charles|Kiah Gillespie|Kristen Confroy",5,595,600,5,0,0,0
"2016-17","9691","Michigan State","Branndais Agee|Lexi Gussert|Taya Reimer|Tori Jankoska|Victoria Gaines",5,600,652,52,0,2,-2
"2016-17","9691","Maryland","Brianna Fraser|Brionna Jones|Ieshia Small|Kaila Charles|S. Walker-Kimbrough",5,600,762,162,6,5,1
"2016-17","9691","Michigan State","Lexi Gussert|Mardrekia Cook|Taya Reimer|Tori Jankoska|Victoria Gaines",5,652,762,110,5,4,1
"2016-17","9691","Michigan State","Kennedy Johnson|Mardrekia Cook|Taryn McCutcheon|Taya Reimer|Tori Jankoska",5,762,780,18,0,0,0
"2016-17","9691","Maryland","Brionna Jones|Destiny Slocum|Kaila Charles|Kristen Confroy|S. Walker-Kimbrough",5,762,821,59,0,2,-2
"2016-17","9691","Maryland","Brionna Jones|Destiny Slocum|Kristen Confroy|S. Walker-Kimbrough|Stephanie Jones",5,821,998,177,8,7,1
"2016-17","9691","Michigan State","Branndais Agee|Kennedy Johnson|Taryn McCutcheon|Taya Reimer|Tori Jankoska",5,780,998,218,9,8,1
"2016-17","9691","Maryland","Brionna Jones|Destiny Slocum|Ieshia Small|Kristen Confroy|Stephanie Jones",5,998,1127,129,10,2,8
"2016-17","9691","Maryland","Brionna Jones|Destiny Slocum|Ieshia Small|S. Walker-Kimbrough|Stephanie Jones",5,1127,1197,70,2,5,-3
"2016-17","9691","Michigan State","Kennedy Johnson|Mardrekia Cook|Taryn McCutcheon|Taya Reimer|Tori Jankoska",5,998,1200,202,7,12,-5
"2016-17","9691","Maryland","Brionna Jones|Ieshia Small|Kaila Charles|S. Walker-Kimbrough|Stephanie Jones",5,1197,1200,3,0,0,0
"2016-17","9691","Maryland","Brionna Jones|Destiny Slocum|Kaila Charles|Kristen Confroy|S. Walker-Kimbrough",5,1200,1360,160,6,3,3
"2016-17","9691","Michigan State","Branndais Agee|Taryn McCutcheon|Taya Reimer|Tori Jankoska|Victoria Gaines",5,1200,1360,160,3,6,-3
"2016-17","9691","Michigan State","Jenna Allen|Mardrekia Cook|Nia Hollie|Taryn McCutcheon|Tori Jankoska",5,1360,1431,71,0,2,-2
"2016-17","9691","Michigan State","Kennedy Johnson|Mardrekia Cook|Nia Hollie|Taryn McCutcheon|Tori Jankoska",5,1431,1456,25,2,1,1
"2016-17","9691","Maryland","Brianna Fraser|Brionna Jones|Destiny Slocum|Kristen Confroy|S. Walker-Kimbrough",5,1360,1524,164,4,2,2
"2016-17","9691","Michigan State","Branndais Agee|Kennedy Johnson|Nia Hollie|Taryn McCutcheon|Tori Jankoska",5,1456,1524,68,0,1,-1
"2016-17","9691","Maryland","Brionna Jones|Kaila Charles|Kristen Confroy|S. Walker-Kimbrough|Stephanie Jones",5,1524,1575,51,1,2,-1
"2016-17","9691","Maryland","Brionna Jones|Destiny Slocum|Kristen Confroy|S. Walker-Kimbrough|Stephanie Jones",5,1575,1639,64,2,0,2
"2016-17","9691","Michigan State","Branndais Agee|Nia Hollie|Taryn McCutcheon|Taya Reimer|Tori Jankoska",5,1524,1660,136,2,3,-1
"2016-17","9691","Maryland","Brionna Jones|Destiny Slocum|Ieshia Small|Kristen Confroy|Stephanie Jones",5,1639,1764,125,3,2,1
"2016-17","9691","Michigan State","Mardrekia Cook|Nia Hollie|Taryn McCutcheon|Taya Reimer|Tori Jankoska",5,1660,1764,104,2,3,-1
"2016-17","9691","Maryland","Brionna Jones|Destiny Slocum|Kristen Confroy|S. Walker-Kimbrough|Stephanie Jones",5,1764,1794,30,0,0,0
"2016-17","9691","Michigan State","Branndais Agee|Jenna Allen|Lexi Gussert|Nia Hollie|Tori Jankoska",5,1764,1794,30,0,0,0
"2016-17","9691","Michigan State","Branndais Agee|Jenna Allen|Lexi Gussert|Tori Jankoska|Victoria Gaines",5,1794,1800,6,0,0,0
"2016-17","9691","Maryland","Brionna Jones|Destiny Slocum|Kaila Charles|S. Walker-Kimbrough|Stephanie Jones",5,1794,1800,6,0,0,0
"2016-17","9691","Michigan State","Branndais Agee|Jenna Allen|Lexi Gussert|Tori Jankoska|Victoria Gaines",5,1800,1870,70,2,2,0
"2016-17","9691","Maryland","Brionna Jones|Destiny Slocum|S. Walker-Kimbrough|Stephanie Jones",4,1800,1924,124,2,5,-3
"2016-17","9691","Michigan State","Branndais Agee|Lexi Gussert|Taya Reimer|Tori Jankoska|Victoria Gaines",5,1870,1969,99,6,2,4
"2016-17","9691","Maryland","Brianna Fraser|Brionna Jones|Destiny Slocum|S. Walker-Kimbrough",4,1924,1997,73,4,3,1
"2016-17","9691","Maryland","Brionna Jones|Destiny Slocum|Kaila Charles|S. Walker-Kimbrough",4,1997,2060,63,0,4,-4
"2016-17","9691","Michigan State","Branndais Agee|Taryn McCutcheon|Taya Reimer|Tori Jankoska|Victoria Gaines",5,1969,2083,114,4,4,0
"2016-17","9691","Michigan State","Branndais Agee|Nia Hollie|Taryn McCutcheon|Taya Reimer|Tori Jankoska",5,2083,2195,112,4,6,-2
"2016-17","9691","Michigan State","Branndais Agee|Jenna Allen|Kennedy Johnson|Taryn McCutcheon|Tori Jankoska",5,2195,2300,105,5,2,3
"2016-17","9691","Maryland","Brionna Jones|Destiny Slocum|S. Walker-Kimbrough|Stephanie Jones",4,2060,2314,254,10,11,-1
"2016-17","9691","Michigan State","Branndais Agee|Jenna Allen|Lexi Gussert|Taryn McCutcheon|Tori Jankoska",5,2300,2314,14,2,0,2
"2016-17","9691","Michigan State","Branndais Agee|Jenna Allen|Taryn McCutcheon|Tori Jankoska|Victoria Gaines",5,2314,2400,86,0,6,-6
"2016-17","9691","Maryland","Brionna Jones|Destiny Slocum|Kaila Charles|S. Walker-Kimbrough",4,2314,2400,86,6,0,6
"2016-17","9692","Wisconsin","Avyanna Young|Cayla McMorris|Kendra Van Leeuwen|Marsha Howard|Suzanne Gilreath",5,0,236,236,0,9,-9
"2016-17","9692","Maryland","Brionna Jones|Ieshia Small|Kaila Charles|Kristen Confroy|S. Walker-Kimbrough",5,0,236,236,9,0,9
"2016-17","9692","Wisconsin","Ashley Kelsick|Avyanna Young|Cayla McMorris|Malayna Johnson|Suzanne Gilreath",5,236,375,139,2,7,-5
"2016-17","9692","Wisconsin","Ashley Kelsick|Avyanna Young|Cayla McMorris|Malayna Johnson|Suzanne Gilreath",5,375,403,28,0,0,0
"2016-17","9692","Maryland","Brianna Fraser|Brionna Jones|Kaila Charles|Kristen Confroy|S. Walker-Kimbrough",5,236,403,167,7,2,5
"2016-17","9692","Maryland","Brianna Fraser|Brionna Jones|Ieshia Small|Kaila Charles|Kristen Confroy",5,403,408,5,0,0,0
"2016-17","9692","Wisconsin","Ashley Kelsick|Malayna Johnson|Marsha Howard|Roichelle Marble|Suzanne Gilreath",5,403,512,109,3,2,1
"2016-17","9692","Maryland","Brianna Fraser|Ieshia Small|Kaila Charles|Kristen Confroy|Stephanie Jones",5,408,512,104,2,3,-1
"2016-17","9692","Maryland","Brianna Fraser|Ieshia Small|Kaila Charles|S. Walker-Kimbrough|Stephanie Jones",5,512,526,14,0,0,0
"2016-17","9692","Maryland","Blair Watson|Brianna Fraser|Ieshia Small|S. Walker-Kimbrough|Stephanie Jones",5,526,600,74,0,0,0
"2016-17","9692","Wisconsin","Ashley Kelsick|Kendall Shaw|Marsha Howard|Roichelle Marble|Suzanne Gilreath",5,512,600,88,0,0,0
"2016-17","9692","Wisconsin","Ashley Kelsick|Avyanna Young|Courtne Fredrickson|Kendall Shaw|Roichelle Marble",5,600,650,50,0,2,-2
"2016-17","9692","Wisconsin","Avyanna Young|Cayla McMorris|Courtne Fredrickson|Kendra Van Leeuwen|Marsha Howard",5,650,812,162,2,11,-9
"2016-17","9692","Maryland","Blair Watson|Brionna Jones|Kaila Charles|Kristen Confroy|S. Walker-Kimbrough",5,600,812,212,13,2,11
"2016-17","9692","Wisconsin","Avyanna Young|Courtne Fredrickson|Kendra Van Leeuwen|Malayna Johnson|Suzanne Gilreath",5,812,891,79,0,6,-6
"2016-17","9692","Maryland","Blair Watson|Brianna Fraser|Kaila Charles|Kristen Confroy|S. Walker-Kimbrough",5,812,891,79,6,0,6
"2016-17","9692","Wisconsin","Ashley Kelsick|Avyanna Young|Courtne Fredrickson|Malayna Johnson|Suzanne Gilreath",5,891,1019,128,7,4,3
"2016-17","9692","Maryland","Brianna Fraser|Ieshia Small|Kaila Charles|Kristen Confroy|Stephanie Jones",5,891,1019,128,4,7,-3
"2016-17","9692","Wisconsin","Ashley Kelsick|Avyanna Young|Cayla McMorris|Kendall Shaw|Kendra Van Leeuwen",5,1019,1156,137,0,2,-2
"2016-17","9692","Maryland","Brianna Fraser|Ieshia Small|Kiah Gillespie|Kristen Confroy|S. Walker-Kimbrough",5,1019,1156,137,2,0,2
"2016-17","9692","Wisconsin","Abby Laszewski|Ashley Kelsick|Cayla McMorris|Kendall Shaw|Kendra Van Leeuwen",5,1156,1178,22,0,0,0
"2016-17","9692","Maryland","Ieshia Small|Jenna Staiti|Kiah Gillespie|Kristen Confroy|S. Walker-Kimbrough",5,1156,1200,44,0,0,0
"2016-17","9692","Wisconsin","Abby Laszewski|Ashley Kelsick|Cayla McMorris|Gabby Gregory|Kendall Shaw",5,1178,1200,22,0,0,0
"2016-17","9692","Wisconsin","Avyanna Young|Cayla McMorris|Courtne Fredrickson|Kendra Van Leeuwen|Marsha Howard",5,1200,1407,207,7,11,-4
"2016-17","9692","Wisconsin","Ashley Kelsick|Avyanna Young|Cayla McMorris|Courtne Fredrickson|Malayna Johnson",5,1407,1515,108,4,6,-2
"2016-17","9692","Maryland","Brionna Jones|Ieshia Small|Kaila Charles|Kristen Confroy|S. Walker-Kimbrough",5,1200,1515,315,17,11,6
"2016-17","9692","Maryland","Blair Watson|Brianna Fraser|Ieshia Small|Kaila Charles|S. Walker-Kimbrough",5,1515,1580,65,2,2,0
"2016-17","9692","Wisconsin","Ashley Kelsick|Avyanna Young|Courtne Fredrickson|Malayna Johnson|Suzanne Gilreath",5,1515,1617,102,2,3,-1
"2016-17","9692","Wisconsin","Ashley Kelsick|Cayla McMorris|Kendall Shaw|Marsha Howard|Roichelle Marble",5,1617,1683,66,0,1,-1
"2016-17","9692","Wisconsin","Cayla McMorris|Gabby Gregory|Kendall Shaw|Marsha Howard|Roichelle Marble",5,1683,1702,19,0,3,-3
"2016-17","9692","Maryland","Blair Watson|Brianna Fraser|Ieshia Small|Kaila Charles|Stephanie Jones",5,1580,1702,122,5,0,5
"2016-17","9692","Wisconsin","Courtne Fredrickson|Gabby Gregory|Kendall Shaw|Marsha Howard|Roichelle Marble",5,1702,1797,95,4,4,0
"2016-17","9692","Maryland","Blair Watson|Brianna Fraser|Kaila Charles|Sarah Myers|Stephanie Jones",5,1702,1800,98,4,4,0
"2016-17","9692","Wisconsin","Courtne Fredrickson|Kendall Shaw|Marsha Howard|Roichelle Marble|Suzanne Gilreath",5,1797,1800,3,0,0,0
"2016-17","9692","Wisconsin","Avyanna Young|Courtne Fredrickson|Gabby Gregory|Malayna Johnson|Roichelle Marble",5,1800,1874,74,0,0,0
"2016-17","9692","Wisconsin","Avyanna Young|Cayla McMorris|Courtne Fredrickson|Kendra Van Leeuwen|Malayna Johnson",5,1874,1967,93,2,4,-2
"2016-17","9692","Maryland","Blair Watson|Brionna Jones|Kiah Gillespie|S. Walker-Kimbrough|Sarah Myers",5,1800,1967,167,4,2,2
"2016-17","9692","Wisconsin","Avyanna Young|Cayla McMorris|Courtne Fredrickson|Kendra Van Leeuwen|Marsha Howard",5,1967,2081,114,5,4,1
"2016-17","9692","Maryland","Blair Watson|Brionna Jones|Ieshia Small|Kiah Gillespie|Sarah Myers",5,1967,2081,114,4,5,-1
"2016-17","9692","Wisconsin","Ashley Kelsick|Avyanna Young|Cayla McMorris|Courtne Fredrickson|Marsha Howard",5,2081,2183,102,2,4,-2
"2016-17","9692","Wisconsin","Avyanna Young|Courtne Fredrickson|Kendall Shaw|Roichelle Marble|Suzanne Gilreath",5,2183,2196,13,0,0,0
"2016-17","9692","Wisconsin","Abby Laszewski|Courtne Fredrickson|Kendall Shaw|Roichelle Marble|Suzanne Gilreath",5,2196,2260,64,0,4,-4
"2016-17","9692","Wisconsin","Abby Laszewski|Gabby Gregory|Kendall Shaw|Roichelle Marble|Suzanne Gilreath",5,2260,2340,80,0,2,-2
"2016-17","9692","Wisconsin","Abby Laszewski|Gabby Gregory|Kendall Shaw|Suzanne Gilreath|Taylor Kuhn",5,2340,2366,26,0,0,0
"2016-17","9692","Maryland","Blair Watson|Ieshia Small|Jenna Staiti|Sarah Myers|Stephanie Jones",5,2081,2400,319,10,2,8
"2016-17","9692","Wisconsin","Abby Laszewski|Gabby Gregory|Lexy Richardson|Suzanne Gilreath|Taylor Kuhn",5,2366,2400,34,0,0,0
"2016-17","9693","Maryland","Brionna Jones|Destiny Slocum|Kaila Charles|Kristen Confroy|S. Walker-Kimbrough",5,0,255,255,14,12,2
"2016-17","9693","Ohio State","Kelsey Mitchell|Kiara Lewis|Shayla Cooper|Sierra Calhoun|Tori McCoy",5,0,369,369,21,19,2
"2016-17","9693","Maryland","Brianna Fraser|Brionna Jones|Destiny Slocum|Kristen Confroy|S. Walker-Kimbrough",5,255,410,155,5,11,-6
"2016-17","9693","Maryland","Brionna Jones|Destiny Slocum|Kristen Confroy|S. Walker-Kimbrough|Stephanie Jones",5,410,468,58,0,4,-4
"2016-17","9693","Ohio State","Alexa Hart|Asia Doss|Kelsey Mitchell|Linnae Harper|Shayla Cooper",5,369,483,114,9,0,9
"2016-17","9693","Maryland","Brionna Jones|Destiny Slocum|Ieshia Small|S. Walker-Kimbrough|Stephanie Jones",5,468,544,76,3,6,-3
"2016-17","9693","Ohio State","Alexa Hart|Asia Doss|Kelsey Mitchell|Linnae Harper|Makayla Waterman",5,483,544,61,3,3,0
"2016-17","9693","Ohio State","Asia Doss|Kelsey Mitchell|Linnae Harper|Makayla Waterman|Tori McCoy",5,544,600,56,2,0,2
"2016-17","9693","Maryland","Blair Watson|Brionna Jones|Destiny Slocum|S. Walker-Kimbrough|Stephanie Jones",5,544,600,56,0,2,-2
"2016-17","9693","Ohio State","Asia Doss|Kelsey Mitchell|Linnae Harper|Shayla Cooper|Tori McCoy",5,600,685,85,2,0,2
"2016-17","9693","Ohio State","Alexa Hart|Asia Doss|Kelsey Mitchell|Linnae Harper|Shayla Cooper",5,685,711,26,0,0,0
"2016-17","9693","Ohio State","Alexa Hart|Kelsey Mitchell|Linnae Harper|Shayla Cooper|Sierra Calhoun",5,711,737,26,0,3,-3
"2016-17","9693","Maryland","Brionna Jones|Destiny Slocum|Kaila Charles|Kristen Confroy|S. Walker-Kimbrough",5,600,868,268,10,7,3
"2016-17","9693","Maryland","Blair Watson|Brianna Fraser|Destiny Slocum|Kaila Charles|Kristen Confroy",5,868,914,46,0,3,-3
"2016-17","9693","Ohio State","Alexa Hart|Kelsey Mitchell|Kiara Lewis|Shayla Cooper|Sierra Calhoun",5,737,914,177,8,7,1
"2016-17","9693","Maryland","Blair Watson|Brionna Jones|Kaila Charles|Kristen Confroy|S. Walker-Kimbrough",5,914,926,12,2,0,2
"2016-17","9693","Ohio State","Alexa Hart|Kelsey Mitchell|Kiara Lewis|Makayla Waterman|Sierra Calhoun",5,914,926,12,0,2,-2
"2016-17","9693","Ohio State","Alexa Hart|Kelsey Mitchell|Kiara Lewis|Shayla Cooper|Sierra Calhoun",5,926,1015,89,2,2,0
"2016-17","9693","Maryland","Brionna Jones|Destiny Slocum|Kaila Charles|Kristen Confroy|S. Walker-Kimbrough",5,926,1057,131,4,2,2
"2016-17","9693","Maryland","Brionna Jones|Destiny Slocum|Kristen Confroy|S. Walker-Kimbrough|Stephanie Jones",5,1057,1142,85,2,0,2
"2016-17","9693","Ohio State","Alexa Hart|Asia Doss|Kelsey Mitchell|Linnae Harper|Shayla Cooper",5,1015,1142,127,0,4,-4
"2016-17","9693","Ohio State","Alexa Hart|Kelsey Mitchell|Kiara Lewis|Linnae Harper|Makayla Waterman",5,1142,1200,58,2,0,2
"2016-17","9693","Maryland","Brianna Fraser|Destiny Slocum|Kristen Confroy|S. Walker-Kimbrough|Stephanie Jones",5,1142,1200,58,0,2,-2
"2016-17","9693","Maryland","Brionna Jones|Destiny Slocum|Kaila Charles|Kristen Confroy|S. Walker-Kimbrough",5,1200,1256,56,2,2,0
"2016-17","9693","Ohio State","Kelsey Mitchell|Kiara Lewis|Shayla Cooper|Sierra Calhoun|Tori McCoy",5,1200,1425,225,11,10,1
"2016-17","9693","Maryland","Brionna Jones|Destiny Slocum|Ieshia Small|Kristen Confroy|S. Walker-Kimbrough",5,1256,1544,288,10,15,-5
"2016-17","9693","Ohio State","Alexa Hart|Kelsey Mitchell|Kiara Lewis|Shayla Cooper|Sierra Calhoun",5,1425,1544,119,6,2,4
"2016-17","9693","Maryland","Blair Watson|Brionna Jones|Ieshia Small|Kristen Confroy|S. Walker-Kimbrough",5,1544,1551,7,0,0,0
"2016-17","9693","Ohio State","Alexa Hart|Asia Doss|Kiara Lewis|Linnae Harper|Makayla Waterman",5,1544,1551,7,0,0,0
"2016-17","9693","Ohio State","Alexa Hart|Asia Doss|Kelsey Mitchell|Linnae Harper|Makayla Waterman",5,1551,1638,87,2,6,-4
"2016-17","9693","Ohio State","Alexa Hart|Kelsey Mitchell|Linnae Harper|Shayla Cooper|Sierra Calhoun",5,1638,1730,92,0,6,-6
"2016-17","9693","Ohio State","Alexa Hart|Kelsey Mitchell|Kiara Lewis|Shayla Cooper|Sierra Calhoun",5,1730,1732,2,0,0,0
"2016-17","9693","Ohio State","Kelsey Mitchell|Kiara Lewis|Shayla Cooper|Sierra Calhoun|Tori McCoy",5,1732,1748,16,0,0,0
"2016-17","9693","Ohio State","Alexa Hart|Kelsey Mitchell|Kiara Lewis|Shayla Cooper|Sierra Calhoun",5,1748,1800,52,0,2,-2
"2016-17","9693","Maryland","Blair Watson|Brionna Jones|Destiny Slocum|Kristen Confroy|S. Walker-Kimbrough",5,1551,1800,249,14,2,12
"2016-17","9693","Maryland","Blair Watson|Brionna Jones|Destiny Slocum|Kristen Confroy|S. Walker-Kimbrough",5,1800,1929,129,4,8,-4
"2016-17","9693","Maryland","Blair Watson|Brionna Jones|Destiny Slocum|Kaila Charles|Kristen Confroy",5,1929,2001,72,2,0,2
"2016-17","9693","Ohio State","Alexa Hart|Kelsey Mitchell|Kiara Lewis|Shayla Cooper|Sierra Calhoun",5,1800,2001,201,8,6,2
"2016-17","9693","Ohio State","Kelsey Mitchell|Kiara Lewis|Makayla Waterman|Sierra Calhoun|Tori McCoy",5,2001,2050,49,3,0,3
"2016-17","9693","Maryland","Blair Watson|Brionna Jones|Destiny Slocum|Kaila Charles|S. Walker-Kimbrough",5,2001,2071,70,3,4,-1
"2016-17","9693","Ohio State","Kelsey Mitchell|Linnae Harper|Makayla Waterman|Sierra Calhoun|Tori McCoy",5,2050,2091,41,1,4,-3
"2016-17","9693","Maryland","Blair Watson|Brianna Fraser|Destiny Slocum|Kaila Charles|S. Walker-Kimbrough",5,2071,2107,36,1,0,1
"2016-17","9693","Maryland","Blair Watson|Brionna Jones|Destiny Slocum|Kaila Charles|S. Walker-Kimbrough",5,2107,2165,58,0,4,-4
"2016-17","9693","Maryland","Blair Watson|Brionna Jones|Destiny Slocum|Kristen Confroy|S. Walker-Kimbrough",5,2165,2325,160,8,9,-1
"2016-17","9693","Ohio State","Alexa Hart|Kelsey Mitchell|Linnae Harper|Shayla Cooper|Sierra Calhoun",5,2091,2327,236,13,8,5
"2016-17","9693","Ohio State","Asia Doss|Kelsey Mitchell|Linnae Harper|Shayla Cooper|Sierra Calhoun",5,2327,2339,12,1,0,1
"2016-17","9693","Maryland","Brionna Jones|Destiny Slocum|Kaila Charles|Kristen Confroy|S. Walker-Kimbrough",5,2325,2356,31,3,2,1
"2016-17","9693","Ohio State","Alexa Hart|Kelsey Mitchell|Linnae Harper|Shayla Cooper|Sierra Calhoun",5,2339,2357,18,2,3,-1
"2016-17","9693","Ohio State","Alexa Hart|Asia Doss|Kelsey Mitchell|Linnae Harper|Shayla Cooper",5,2357,2400,43,2,0,2
"2016-17","9693","Maryland","Brionna Jones|Destiny Slocum|Kiah Gillespie|Kristen Confroy|S. Walker-Kimbrough",5,2356,2400,44,0,3,-3
"2016-17","9694","Minnesota","Carlie Wagner|Jasmine Brunson|Kenisha Bell|Taiye Bello|Whitney Tinjum",5,0,84,84,2,2,0
"2016-17","9694","Minnesota","Bryanna Fernstrom|Carlie Wagner|Jasmine Brunson|Kenisha Bell|Whitney Tinjum",5,84,231,147,4,5,-1
"2016-17","9694","Maryland","Brionna Jones|Destiny Slocum|Kaila Charles|Kristen Confroy|S. Walker-Kimbrough",5,0,281,281,9,6,3
"2016-17","9694","Minnesota","Bryanna Fernstrom|Carlie Wagner|Jasmine Brunson|Joanna Hedstrom|Kenisha Bell",5,231,357,126,2,7,-5
"2016-17","9694","Maryland","Brionna Jones|Destiny Slocum|Ieshia Small|Kaila Charles|Kristen Confroy",5,281,357,76,5,2,3
"2016-17","9694","Minnesota","Carlie Wagner|Joanna Hedstrom|Kenisha Bell|Taiye Bello|Whitney Tinjum",5,357,437,80,0,2,-2
"2016-17","9694","Maryland","Brianna Fraser|Destiny Slocum|Kaila Charles|Kristen Confroy|S. Walker-Kimbrough",5,357,437,80,2,0,2
"2016-17","9694","Maryland","Brianna Fraser|Brionna Jones|Destiny Slocum|Kristen Confroy|S. Walker-Kimbrough",5,437,600,163,10,4,6
"2016-17","9694","Minnesota","Carlie Wagner|Jasmine Brunson|Joanna Hedstrom|Taiye Bello|Whitney Tinjum",5,437,600,163,4,10,-6
"2016-17","9694","Minnesota","Bryanna Fernstrom|Carlie Wagner|Jasmine Brunson|Kenisha Bell|Whitney Tinjum",5,600,641,41,0,3,-3
"2016-17","9694","Minnesota","Annalese Lamke|Carlie Wagner|Jasmine Brunson|Kenisha Bell|Whitney Tinjum",5,641,681,40,0,2,-2
"2016-17","9694","Minnesota","Annalese Lamke|Carlie Wagner|Jasmine Brunson|Joanna Hedstrom|Kenisha Bell",5,681,703,22,0,2,-2
"2016-17","9694","Minnesota","Carlie Wagner|Jasmine Brunson|Jessie Edwards|Joanna Hedstrom|Kenisha Bell",5,703,780,77,0,0,0
"2016-17","9694","Minnesota","Carlie Wagner|Jasmine Brunson|Kenisha Bell|Taiye Bello|Whitney Tinjum",5,780,966,186,7,11,-4
"2016-17","9694","Maryland","Brionna Jones|Destiny Slocum|Kaila Charles|Kristen Confroy|S. Walker-Kimbrough",5,600,966,366,18,7,11
"2016-17","9694","Minnesota","Bryanna Fernstrom|Carlie Wagner|Jasmine Brunson|Joanna Hedstrom|Palma Kaposi",5,966,1015,49,0,2,-2
"2016-17","9694","Maryland","Blair Watson|Brianna Fraser|Destiny Slocum|Kaila Charles|S. Walker-Kimbrough",5,966,1015,49,2,0,2
"2016-17","9694","Minnesota","Bryanna Fernstrom|Carlie Wagner|Joanna Hedstrom|Kenisha Bell|Palma Kaposi",5,1015,1055,40,2,0,2
"2016-17","9694","Maryland","Blair Watson|Brianna Fraser|Destiny Slocum|S. Walker-Kimbrough|Stephanie Jones",5,1015,1055,40,0,2,-2
"2016-17","9694","Maryland","Blair Watson|Brionna Jones|Destiny Slocum|S. Walker-Kimbrough|Stephanie Jones",5,1055,1074,19,0,3,-3
"2016-17","9694","Minnesota","Bryanna Fernstrom|Carlie Wagner|Jasmine Brunson|Kenisha Bell|Palma Kaposi",5,1055,1103,48,3,1,2
"2016-17","9694","Maryland","Blair Watson|Brionna Jones|Destiny Slocum|Kristen Confroy|Stephanie Jones",5,1074,1200,126,5,6,-1
"2016-17","9694","Minnesota","Bryanna Fernstrom|Carlie Wagner|Joanna Hedstrom|Kenisha Bell|Palma Kaposi",5,1103,1200,97,6,4,2
"2016-17","9694","Minnesota","Carlie Wagner|Jasmine Brunson|Kenisha Bell|Taiye Bello|Whitney Tinjum",5,1200,1341,141,4,3,1
"2016-17","9694","Minnesota","Bryanna Fernstrom|Carlie Wagner|Jasmine Brunson|Joanna Hedstrom|Kenisha Bell",5,1341,1362,21,0,0,0
"2016-17","9694","Minnesota","Bryanna Fernstrom|Carlie Wagner|Joanna Hedstrom|Kenisha Bell|Whitney Tinjum",5,1362,1416,54,0,3,-3
"2016-17","9694","Minnesota","Carlie Wagner|Joanna Hedstrom|Kenisha Bell|Palma Kaposi|Taiye Bello",5,1416,1536,120,2,4,-2
"2016-17","9694","Maryland","Brionna Jones|Destiny Slocum|Kaila Charles|Kristen Confroy|S. Walker-Kimbrough",5,1200,1536,336,10,6,4
"2016-17","9694","Minnesota","Bryanna Fernstrom|Carlie Wagner|Jasmine Brunson|Kenisha Bell|Whitney Tinjum",5,1536,1552,16,3,1,2
"2016-17","9694","Maryland","Destiny Slocum|Kaila Charles|Kiah Gillespie|Kristen Confroy|S. Walker-Kimbrough",5,1536,1593,57,1,6,-5
"2016-17","9694","Minnesota","Carlie Wagner|Jasmine Brunson|Kenisha Bell|Taiye Bello|Whitney Tinjum",5,1552,1663,111,4,4,0
"2016-17","9694","Maryland","Brionna Jones|Destiny Slocum|Kaila Charles|Kiah Gillespie|S. Walker-Kimbrough",5,1593,1663,70,4,1,3
"2016-17","9694","Minnesota","Carlie Wagner|Jasmine Brunson|Joanna Hedstrom|Kenisha Bell|Taiye Bello",5,1663,1709,46,0,2,-2
"2016-17","9694","Minnesota","Carlie Wagner|Joanna Hedstrom|Kenisha Bell|Palma Kaposi|Taiye Bello",5,1709,1785,76,2,2,0
"2016-17","9694","Maryland","Brionna Jones|Destiny Slocum|Kaila Charles|S. Walker-Kimbrough|Stephanie Jones",5,1663,1785,122,4,2,2
"2016-17","9694","Maryland","Brionna Jones|Destiny Slocum|Ieshia Small|Kaila Charles|Stephanie Jones",5,1785,1800,15,2,0,2
"2016-17","9694","Minnesota","Jasmine Brunson|Joanna Hedstrom|Palma Kaposi|Taiye Bello|Whitney Tinjum",5,1785,1800,15,0,2,-2
"2016-17","9694","Maryland","Brionna Jones|Destiny Slocum|Ieshia Small|Kaila Charles|Stephanie Jones",5,1800,1851,51,0,2,-2
"2016-17","9694","Minnesota","Bryanna Fernstrom|Carlie Wagner|Jasmine Brunson|Joanna Hedstrom|Kenisha Bell",5,1800,1880,80,2,0,2
"2016-17","9694","Minnesota","Carlie Wagner|Jasmine Brunson|Kenisha Bell|Taiye Bello|Whitney Tinjum",5,1880,1898,18,1,0,1
"2016-17","9694","Minnesota","Carlie Wagner|Jasmine Brunson|Kenisha Bell|Palma Kaposi|Taiye Bello",5,1898,1914,16,0,3,-3
"2016-17","9694","Minnesota","Bryanna Fernstrom|Carlie Wagner|Jasmine Brunson|Kenisha Bell|Palma Kaposi",5,1914,1983,69,0,0,0
"2016-17","9694","Maryland","Brionna Jones|Destiny Slocum|Kaila Charles|S. Walker-Kimbrough|Stephanie Jones",5,1851,1983,132,3,1,2
"2016-17","9694","Minnesota","Carlie Wagner|Jasmine Brunson|Kenisha Bell|Palma Kaposi|Taiye Bello",5,1983,2019,36,0,4,-4
"2016-17","9694","Maryland","Brionna Jones|Destiny Slocum|Kaila Charles|Kiah Gillespie|S. Walker-Kimbrough",5,1983,2019,36,4,0,4
"2016-17","9694","Minnesota","Carlie Wagner|Jasmine Brunson|Joanna Hedstrom|Taiye Bello|Whitney Tinjum",5,2019,2065,46,2,2,0
"2016-17","9694","Maryland","Blair Watson|Brionna Jones|Destiny Slocum|Kiah Gillespie|S. Walker-Kimbrough",5,2019,2065,46,2,2,0
"2016-17","9694","Minnesota","Carlie Wagner|Jasmine Brunson|Kenisha Bell|Taiye Bello|Whitney Tinjum",5,2065,2106,41,0,3,-3
"2016-17","9694","Minnesota","Bryanna Fernstrom|Carlie Wagner|Jasmine Brunson|Kenisha Bell|Whitney Tinjum",5,2106,2174,68,3,0,3
"2016-17","9694","Maryland","Blair Watson|Brionna Jones|Kiah Gillespie|S. Walker-Kimbrough|Sarah Myers",5,2065,2174,109,3,3,0
"2016-17","9694","Minnesota","Bryanna Fernstrom|Carlie Wagner|Jasmine Brunson|Kenisha Bell|Palma Kaposi",5,2174,2197,23,0,0,0
"2016-17","9694","Minnesota","Carlie Wagner|Jasmine Brunson|Kenisha Bell|Palma Kaposi|Taiye Bello",5,2197,2230,33,2,2,0
"2016-17","9694","Minnesota","Carlie Wagner|Jasmine Brunson|Joanna Hedstrom|Palma Kaposi|Taiye Bello",5,2230,2296,66,2,5,-3
"2016-17","9694","Maryland","Blair Watson|Ieshia Small|Kiah Gillespie|Sarah Myers|Stephanie Jones",5,2174,2296,122,7,4,3
"2016-17","9694","Maryland","Blair Watson|Brianna Fraser|Ieshia Small|Jenna Staiti|Sarah Myers",5,2296,2400,104,2,3,-1
"2016-17","9694","Minnesota","Carlie Wagner|Jasmine Brunson|Jessie Edwards|Joanna Hedstrom|Palma Kaposi",5,2296,2400,104,3,2,1
"2016-17","9695","Minnesota","Carlie Wagner|Jasmine Brunson|Kenisha Bell|Taiye Bello|Whitney Tinjum",5,0,194,194,4,3,1
"2016-17","9695","Maryland","Brionna Jones|Destiny Slocum|Kaila Charles|Kristen Confroy|S. Walker-Kimbrough",5,0,272,272,6,6,0
"2016-17","9695","Maryland","Brianna Fraser|Destiny Slocum|Kaila Charles|Kristen Confroy|S. Walker-Kimbrough",5,272,277,5,2,0,2
"2016-17","9695","Minnesota","Bryanna Fernstrom|Carlie Wagner|Jasmine Brunson|Kenisha Bell",4,194,300,106,2,7,-5
"2016-17","9695","Maryland","Brianna Fraser|Destiny Slocum|Ieshia Small|Kaila Charles|Kristen Confroy",5,277,300,23,2,0,2
"2016-17","9695","Minnesota","Carlie Wagner|Jasmine Brunson|Kenisha Bell|Taiye Bello",4,300,319,19,0,2,-2
"2016-17","9695","Minnesota","Carlie Wagner|Gadiva Hubbard|Jasmine Brunson|Taiye Bello|Whitney Tinjum",5,319,381,62,3,5,-2
"2016-17","9695","Maryland","Brianna Fraser|Brionna Jones|Destiny Slocum|Ieshia Small|Kaila Charles",5,300,416,116,9,6,3
"2016-17","9695","Maryland","Brianna Fraser|Destiny Slocum|Ieshia Small|Kaila Charles|S. Walker-Kimbrough",5,416,462,46,0,0,0
"2016-17","9695","Minnesota","Bryanna Fernstrom|Carlie Wagner|Gadiva Hubbard|Jasmine Brunson|Whitney Tinjum",5,381,475,94,3,3,0
"2016-17","9695","Maryland","Brionna Jones|Destiny Slocum|Ieshia Small|Kaila Charles|S. Walker-Kimbrough",5,462,582,120,5,0,5
"2016-17","9695","Maryland","Brianna Fraser|Ieshia Small|Kaila Charles|Kristen Confroy|S. Walker-Kimbrough",5,582,600,18,3,2,1
"2016-17","9695","Minnesota","Bryanna Fernstrom|Carlie Wagner|Gadiva Hubbard|Kenisha Bell|Whitney Tinjum",5,475,600,125,2,7,-5
"2016-17","9695","Maryland","Brianna Fraser|Ieshia Small|Kaila Charles|Kristen Confroy|S. Walker-Kimbrough",5,600,614,14,0,0,0
"2016-17","9695","Maryland","Brionna Jones|Ieshia Small|Kaila Charles|Kristen Confroy|S. Walker-Kimbrough",5,614,628,14,0,2,-2
"2016-17","9695","Minnesota","Bryanna Fernstrom|Carlie Wagner|Gadiva Hubbard|Kenisha Bell|Whitney Tinjum",5,600,776,176,12,4,8
"2016-17","9695","Maryland","Brionna Jones|Destiny Slocum|Ieshia Small|Kaila Charles|Kristen Confroy",5,628,776,148,4,10,-6
"2016-17","9695","Minnesota","Carlie Wagner|Gadiva Hubbard|Kenisha Bell|Taiye Bello|Whitney Tinjum",5,776,890,114,0,4,-4
"2016-17","9695","Maryland","Brionna Jones|Destiny Slocum|Kaila Charles|Kristen Confroy|S. Walker-Kimbrough",5,776,978,202,6,2,4
"2016-17","9695","Minnesota","Bryanna Fernstrom|Carlie Wagner|Gadiva Hubbard|Kenisha Bell|Palma Kaposi",5,890,992,102,2,5,-3
"2016-17","9695","Maryland","Brionna Jones|Destiny Slocum|Ieshia Small|Kaila Charles|Kristen Confroy",5,978,999,21,3,0,3
"2016-17","9695","Minnesota","Bryanna Fernstrom|Carlie Wagner|Gadiva Hubbard|Jasmine Brunson|Palma Kaposi",5,992,1051,59,3,3,0
"2016-17","9695","Minnesota","Bryanna Fernstrom|Carlie Wagner|Gadiva Hubbard|Kenisha Bell|Palma Kaposi",5,1051,1070,19,0,2,-2
"2016-17","9695","Maryland","Brionna Jones|Ieshia Small|Kaila Charles|Kristen Confroy|S. Walker-Kimbrough",5,999,1178,179,7,3,4
"2016-17","9695","Maryland","Blair Watson|Brianna Fraser|Ieshia Small|Kaila Charles|Kristen Confroy",5,1178,1200,22,0,2,-2
"2016-17","9695","Minnesota","Bryanna Fernstrom|Carlie Wagner|Gadiva Hubbard|Kenisha Bell|Whitney Tinjum",5,1070,1200,130,2,2,0
"2016-17","9695","Minnesota","Bryanna Fernstrom|Carlie Wagner|Gadiva Hubbard|Kenisha Bell|Whitney Tinjum",5,1200,1243,43,0,0,0
"2016-17","9695","Minnesota","Bryanna Fernstrom|Carlie Wagner|Gadiva Hubbard|Joanna Hedstrom|Kenisha Bell",5,1243,1250,7,0,0,0
"2016-17","9695","Minnesota","Bryanna Fernstrom|Carlie Wagner|Gadiva Hubbard|Kenisha Bell|Palma Kaposi",5,1250,1519,269,12,14,-2
"2016-17","9695","Maryland","Brionna Jones|Destiny Slocum|Kaila Charles|Kristen Confroy|S. Walker-Kimbrough",5,1200,1519,319,14,12,2
"2016-17","9695","Maryland","Brianna Fraser|Destiny Slocum|Kaila Charles|Kristen Confroy|S. Walker-Kimbrough",5,1519,1597,78,2,2,0
"2016-17","9695","Minnesota","Bryanna Fernstrom|Carlie Wagner|Gadiva Hubbard|Kenisha Bell|Whitney Tinjum",5,1519,1603,84,2,2,0
"2016-17","9695","Maryland","Brionna Jones|Destiny Slocum|Kaila Charles|Kristen Confroy|S. Walker-Kimbrough",5,1597,1637,40,0,2,-2
"2016-17","9695","Maryland","Brionna Jones|Destiny Slocum|Ieshia Small|Kristen Confroy|S. Walker-Kimbrough",5,1637,1715,78,3,6,-3
"2016-17","9695","Minnesota","Bryanna Fernstrom|Carlie Wagner|Gadiva Hubbard|Joanna Hedstrom|Kenisha Bell",5,1603,1781,178,9,9,0
"2016-17","9695","Maryland","Brionna Jones|Destiny Slocum|Ieshia Small|Kaila Charles|S. Walker-Kimbrough",5,1715,1781,66,6,1,5
"2016-17","9695","Maryland","Blair Watson|Brionna Jones|Ieshia Small|Kaila Charles|Kristen Confroy",5,1781,1800,19,0,0,0
"2016-17","9695","Minnesota","Carlie Wagner|Gadiva Hubbard|Joanna Hedstrom|Kenisha Bell|Taiye Bello",5,1781,1800,19,0,0,0
"2016-17","9695","Minnesota","Bryanna Fernstrom|Carlie Wagner|Gadiva Hubbard|Jasmine Brunson|Kenisha Bell",5,1800,1891,91,2,4,-2
"2016-17","9695","Minnesota","Carlie Wagner|Gadiva Hubbard|Jasmine Brunson|Kenisha Bell|Taiye Bello",5,1891,1905,14,0,0,0
"2016-17","9695","Maryland","Brionna Jones|Destiny Slocum|Ieshia Small|Kaila Charles",4,1800,2039,239,7,6,1
"2016-17","9695","Minnesota","Carlie Wagner|Gadiva Hubbard|Jasmine Brunson|Taiye Bello",4,1905,2099,194,6,9,-3
"2016-17","9695","Maryland","Brionna Jones|Destiny Slocum|Ieshia Small|Stephanie Jones",4,2039,2099,60,6,2,4
"2016-17","9695","Minnesota","Bryanna Fernstrom|Carlie Wagner|Gadiva Hubbard|Jasmine Brunson",4,2099,2160,61,3,2,1
"2016-17","9695","Minnesota","Carlie Wagner|Gadiva Hubbard|Jasmine Brunson|Taiye Bello",4,2160,2218,58,3,0,3
"2016-17","9695","Minnesota","Carlie Wagner|Gadiva Hubbard|Jasmine Brunson|Joanna Hedstrom|Taiye Bello",5,2218,2236,18,0,1,-1
"2016-17","9695","Maryland","Ieshia Small|Kiah Gillespie|Kristen Confroy|Stephanie Jones",4,2099,2236,137,3,6,-3
"2016-17","9695","Maryland","Ieshia Small|Kiah Gillespie|Kristen Confroy|Stephanie Jones",4,2236,2314,78,0,1,-1
"2016-17","9695","Maryland","Ieshia Small|Jenna Staiti|Kiah Gillespie|Sarah Myers",4,2314,2400,86,4,9,-5
"2016-17","9695","Minnesota","Carlie Wagner|Gadiva Hubbard|Jasmine Brunson|Jessie Edwards|Joanna Hedstrom",5,2236,2400,164,10,4,6
"2016-17","9696","Michigan State","Branndais Agee|Taryn McCutcheon|Taya Reimer|Tori Jankoska|Victoria Gaines",5,0,310,310,10,13,-3
"2016-17","9696","Maryland","Brionna Jones|Destiny Slocum|Kaila Charles|Kristen Confroy|S. Walker-Kimbrough",5,0,310,310,13,10,3
"2016-17","9696","Michigan State","Branndais Agee|Jenna Allen|Mardrekia Cook|Nia Hollie|Tori Jankoska",5,310,393,83,0,2,-2
"2016-17","9696","Maryland","Brionna Jones|Destiny Slocum|Kaila Charles|Kristen Confroy",4,310,393,83,2,0,2
"2016-17","9696","Michigan State","Branndais Agee|Jenna Allen|Mardrekia Cook|Nia Hollie|Taryn McCutcheon",5,393,464,71,2,3,-1
"2016-17","9696","Maryland","Brionna Jones|Destiny Slocum|Kaila Charles|S. Walker-Kimbrough",4,393,464,71,3,2,1
"2016-17","9696","Maryland","Brianna Fraser|Destiny Slocum|Kaila Charles|Kristen Confroy|S. Walker-Kimbrough",5,464,516,52,0,2,-2
"2016-17","9696","Maryland","Brianna Fraser|Brionna Jones|Destiny Slocum|Kristen Confroy|S. Walker-Kimbrough",5,516,600,84,2,3,-1
"2016-17","9696","Michigan State","Branndais Agee|Taryn McCutcheon|Taya Reimer|Tori Jankoska|Victoria Gaines",5,464,767,303,9,12,-3
"2016-17","9696","Michigan State","Branndais Agee|Lexi Gussert|Taya Reimer|Tori Jankoska|Victoria Gaines",5,767,818,51,2,2,0
"2016-17","9696","Maryland","Brionna Jones|Destiny Slocum|Kaila Charles|Kristen Confroy|S. Walker-Kimbrough",5,600,819,219,12,6,6
"2016-17","9696","Michigan State","Branndais Agee|Jenna Allen|Lexi Gussert|Taya Reimer|Tori Jankoska",5,818,881,63,5,1,4
"2016-17","9696","Maryland","Brionna Jones|Destiny Slocum|Kristen Confroy|S. Walker-Kimbrough|Stephanie Jones",5,819,914,95,1,7,-6
"2016-17","9696","Michigan State","Branndais Agee|Jenna Allen|Lexi Gussert|Taryn McCutcheon|Taya Reimer",5,881,1027,146,2,4,-2
"2016-17","9696","Maryland","Brionna Jones|Kristen Confroy|S. Walker-Kimbrough|Sarah Myers|Stephanie Jones",5,914,1099,185,6,1,5
"2016-17","9696","Maryland","Brianna Fraser|Destiny Slocum|S. Walker-Kimbrough|Sarah Myers|Stephanie Jones",5,1099,1156,57,3,3,0
"2016-17","9696","Michigan State","Branndais Agee|Kennedy Johnson|Lexi Gussert|Taya Reimer|Tori Jankoska",5,1027,1157,130,4,8,-4
"2016-17","9696","Maryland","Brianna Fraser|Brionna Jones|Destiny Slocum|S. Walker-Kimbrough|Sarah Myers",5,1156,1200,44,5,0,5
"2016-17","9696","Michigan State","Kennedy Johnson|Lexi Gussert|Mardrekia Cook|Taya Reimer|Tori Jankoska",5,1157,1200,43,0,2,-2
"2016-17","9696","Michigan State","Branndais Agee|Taryn McCutcheon|Taya Reimer|Tori Jankoska|Victoria Gaines",5,1200,1417,217,10,8,2
"2016-17","9696","Maryland","Brionna Jones|Destiny Slocum|Kaila Charles|Kristen Confroy|S. Walker-Kimbrough",5,1200,1417,217,8,10,-2
"2016-17","9696","Maryland","Brionna Jones|Destiny Slocum|Ieshia Small|S. Walker-Kimbrough|Stephanie Jones",5,1417,1459,42,0,5,-5
"2016-17","9696","Michigan State","Branndais Agee|Jenna Allen|Taryn McCutcheon|Tori Jankoska|Victoria Gaines",5,1417,1592,175,8,6,2
"2016-17","9696","Michigan State","Branndais Agee|Taryn McCutcheon|Taya Reimer|Tori Jankoska|Victoria Gaines",5,1592,1764,172,8,7,1
"2016-17","9696","Maryland","Brionna Jones|Destiny Slocum|Kristen Confroy|S. Walker-Kimbrough|Stephanie Jones",5,1459,1764,305,13,11,2
"2016-17","9696","Maryland","Brionna Jones|Destiny Slocum|Kaila Charles|Kristen Confroy|Stephanie Jones",5,1764,1800,36,3,0,3
"2016-17","9696","Michigan State","Branndais Agee|Jenna Allen|Nia Hollie|Taryn McCutcheon|Tori Jankoska",5,1764,1800,36,0,3,-3
"2016-17","9696","Michigan State","Branndais Agee|Jenna Allen|Nia Hollie|Taryn McCutcheon|Tori Jankoska",5,1800,1919,119,5,4,1
"2016-17","9696","Maryland","Brionna Jones|Destiny Slocum|Kaila Charles|S. Walker-Kimbrough|Stephanie Jones",5,1800,1919,119,4,5,-1
"2016-17","9696","Michigan State","Branndais Agee|Taryn McCutcheon|Taya Reimer|Tori Jankoska|Victoria Gaines",5,1919,2013,94,4,4,0
"2016-17","9696","Michigan State","Branndais Agee|Jenna Allen|Taryn McCutcheon|Tori Jankoska|Victoria Gaines",5,2013,2093,80,4,4,0
"2016-17","9696","Maryland","Brionna Jones|Destiny Slocum|Kaila Charles|Kristen Confroy|S. Walker-Kimbrough",5,1919,2093,174,8,8,0
"2016-17","9696","Michigan State","Branndais Agee|Jenna Allen|Lexi Gussert|Taryn McCutcheon|Victoria Gaines",5,2093,2108,15,0,0,0
"2016-17","9696","Maryland","Blair Watson|Brianna Fraser|Destiny Slocum|Kaila Charles|Kristen Confroy",5,2093,2108,15,0,0,0
"2016-17","9696","Maryland","Blair Watson|Brianna Fraser|Destiny Slocum|Kaila Charles|S. Walker-Kimbrough",5,2108,2110,2,0,2,-2
"2016-17","9696","Michigan State","Branndais Agee|Jenna Allen|Lexi Gussert|Tori Jankoska|Victoria Gaines",5,2108,2122,14,2,1,1
"2016-17","9696","Michigan State","Branndais Agee|Jenna Allen|Taryn McCutcheon|Tori Jankoska|Victoria Gaines",5,2122,2243,121,2,8,-6
"2016-17","9696","Maryland","Brionna Jones|Destiny Slocum|Kaila Charles|Kristen Confroy|S. Walker-Kimbrough",5,2110,2359,249,15,10,5
"2016-17","9696","Michigan State","Branndais Agee|Jenna Allen|Taryn McCutcheon|Taya Reimer|Tori Jankoska",5,2243,2372,129,10,6,4
"2016-17","9696","Maryland","Blair Watson|Brionna Jones|Kaila Charles|Kristen Confroy|S. Walker-Kimbrough",5,2359,2372,13,0,2,-2
"2016-17","9696","Michigan State","Jenna Allen|Lexi Gussert|Nia Hollie|Taryn McCutcheon|Taya Reimer",5,2372,2373,1,0,1,-1
"2016-17","9696","Maryland","Brionna Jones|Destiny Slocum|Kaila Charles|Kristen Confroy|S. Walker-Kimbrough",5,2372,2373,1,1,0,1
"2016-17","9696","Maryland","Blair Watson|Brionna Jones|Kaila Charles|Kristen Confroy|S. Walker-Kimbrough",5,2373,2400,27,1,2,-1
"2016-17","9696","Michigan State","Branndais Agee|Jenna Allen|Taryn McCutcheon|Taya Reimer|Tori Jankoska",5,2373,2400,27,2,1,1
"2016-17","9697","Purdue","Ae'Rianna Harris|Andreona Keys|Ashley Morrissette|Bridget Perry|Dominique Oden",5,0,250,250,7,7,0
"2016-17","9697","Maryland","Brionna Jones|Destiny Slocum|Kaila Charles|Kristen Confroy|S. Walker-Kimbrough",5,0,250,250,7,7,0
"2016-17","9697","Maryland","Brionna Jones|Destiny Slocum|Kaila Charles|Kristen Confroy",4,250,325,75,2,0,2
"2016-17","9697","Purdue","Andreona Keys|Ashley Morrissette|Bridget Perry|Dominique McBryde|Dominique Oden",5,250,473,223,7,5,2
"2016-17","9697","Maryland","Brionna Jones|Destiny Slocum|Kaila Charles|Kristen Confroy|S. Walker-Kimbrough",5,325,473,148,3,7,-4
"2016-17","9697","Purdue","Ae'Rianna Harris|Andreona Keys|Ashley Morrissette|Bridget Perry|Dominique Oden",5,473,529,56,0,3,-3
"2016-17","9697","Maryland","Blair Watson|Brionna Jones|Destiny Slocum|Kaila Charles|Kristen Confroy",5,473,529,56,3,0,3
"2016-17","9697","Purdue","Ae'Rianna Harris|Andreona Keys|Ashley Morrissette|Dominique McBryde|Dominique Oden",5,529,592,63,0,3,-3
"2016-17","9697","Maryland","Blair Watson|Brianna Fraser|Destiny Slocum|Kaila Charles|Kristen Confroy",5,529,592,63,3,0,3
"2016-17","9697","Maryland","Blair Watson|Brianna Fraser|Kaila Charles|Kristen Confroy|Sarah Myers",5,592,600,8,0,0,0
"2016-17","9697","Purdue","Ae'Rianna Harris|Ashley Morrissette|Dominique McBryde|Dominique Oden|Lamina Cooper",5,592,600,8,0,0,0
"2016-17","9697","Purdue","Ae'Rianna Harris|Ashley Morrissette|Dominique McBryde|Dominique Oden|Lamina Cooper",5,600,630,30,0,3,-3
"2016-17","9697","Purdue","Ae'Rianna Harris|Andreona Keys|Ashley Morrissette|Dominique McBryde|Lamina Cooper",5,630,743,113,6,3,3
"2016-17","9697","Maryland","Blair Watson|Brianna Fraser|Brionna Jones|Destiny Slocum|Kristen Confroy",5,600,743,143,6,6,0
"2016-17","9697","Maryland","Brionna Jones|Destiny Slocum|Kaila Charles|Kristen Confroy|S. Walker-Kimbrough",5,743,814,71,0,4,-4
"2016-17","9697","Purdue","Ae'Rianna Harris|Andreona Keys|Ashley Morrissette|Dominique McBryde|Dominique Oden",5,743,844,101,7,2,5
"2016-17","9697","Purdue","Andreona Keys|Bridget Perry|Dominique Oden|Lamina Cooper|Nora Kiesler",5,844,915,71,0,4,-4
"2016-17","9697","Purdue","Andreona Keys|Ashley Morrissette|Bridget Perry|Lamina Cooper|Nora Kiesler",5,915,984,69,0,3,-3
"2016-17","9697","Purdue","Ae'Rianna Harris|Andreona Keys|Ashley Morrissette|Dominique McBryde|Lamina Cooper",5,984,1001,17,0,0,0
"2016-17","9697","Purdue","Ae'Rianna Harris|Andreona Keys|Ashley Morrissette|Bridget Perry|Lamina Cooper",5,1001,1049,48,0,2,-2
"2016-17","9697","Maryland","Brionna Jones|Destiny Slocum|Kristen Confroy|S. Walker-Kimbrough|Stephanie Jones",5,814,1106,292,13,5,8
"2016-17","9697","Maryland","Brianna Fraser|Brionna Jones|Destiny Slocum|Kristen Confroy|S. Walker-Kimbrough",5,1106,1200,94,2,6,-4
"2016-17","9697","Purdue","Ae'Rianna Harris|Andreona Keys|Ashley Morrissette|Bridget Perry|Dominique Oden",5,1049,1384,335,11,12,-1
"2016-17","9697","Purdue","Ae'Rianna Harris|Ashley Morrissette|Bridget Perry|Dominique Oden|Lamina Cooper",5,1384,1454,70,0,2,-2
"2016-17","9697","Maryland","Brionna Jones|Destiny Slocum|Kaila Charles|Kristen Confroy|S. Walker-Kimbrough",5,1200,1454,254,10,3,7
"2016-17","9697","Maryland","Brionna Jones|Kaila Charles|Kristen Confroy|S. Walker-Kimbrough|Sarah Myers",5,1454,1485,31,0,0,0
"2016-17","9697","Purdue","Ae'Rianna Harris|Andreona Keys|Ashley Morrissette|Dominique McBryde|Lamina Cooper",5,1454,1571,117,2,4,-2
"2016-17","9697","Maryland","Brianna Fraser|Kaila Charles|Kristen Confroy|S. Walker-Kimbrough|Sarah Myers",5,1485,1571,86,4,2,2
"2016-17","9697","Purdue","Andreona Keys|Ashley Morrissette|Bridget Perry|Dominique McBryde|Dominique Oden",5,1571,1624,53,2,0,2
"2016-17","9697","Purdue","Andreona Keys|Bridget Perry|Dominique McBryde|Dominique Oden|Lamina Cooper",5,1624,1769,145,2,4,-2
"2016-17","9697","Maryland","Brionna Jones|Destiny Slocum|Kaila Charles|Kristen Confroy|S. Walker-Kimbrough",5,1571,1769,198,4,4,0
"2016-17","9697","Maryland","Brianna Fraser|Brionna Jones|Destiny Slocum|Kristen Confroy|S. Walker-Kimbrough",5,1769,1800,31,0,2,-2
"2016-17","9697","Purdue","Ae'Rianna Harris|Andreona Keys|Ashley Morrissette|Dominique McBryde|Dominique Oden",5,1769,1800,31,2,0,2
"2016-17","9697","Purdue","Ae'Rianna Harris|Andreona Keys|Ashley Morrissette|Dominique McBryde|Dominique Oden",5,1800,1845,45,0,4,-4
"2016-17","9697","Purdue","Ae'Rianna Harris|Andreona Keys|Ashley Morrissette|Bridget Perry|Dominique Oden",5,1845,1891,46,0,3,-3
"2016-17","9697","Purdue","Andreona Keys|Ashley Morrissette|Bridget Perry|Dominique Oden|Nora Kiesler",5,1891,1956,65,2,2,0
"2016-17","9697","Maryland","Brianna Fraser|Brionna Jones|Destiny Slocum|Kristen Confroy|S. Walker-Kimbrough",5,1800,2004,204,10,2,8
"2016-17","9697","Maryland","Brianna Fraser|Destiny Slocum|Kristen Confroy|S. Walker-Kimbrough|Stephanie Jones",5,2004,2066,62,3,3,0
"2016-17","9697","Purdue","Andreona Keys|Ashley Morrissette|Bridget Perry|Lamina Cooper|Nora Kiesler",5,1956,2107,151,7,4,3
"2016-17","9697","Maryland","Blair Watson|Brionna Jones|Destiny Slocum|Kristen Confroy|Stephanie Jones",5,2066,2107,41,0,4,-4
"2016-17","9697","Purdue","Andreona Keys|Ashley Morrissette|Bridget Perry|Dominique McBryde|Lamina Cooper",5,2107,2161,54,4,0,4
"2016-17","9697","Maryland","Brionna Jones|Destiny Slocum|Kristen Confroy|S. Walker-Kimbrough|Stephanie Jones",5,2107,2161,54,0,4,-4
"2016-17","9697","Maryland","Brionna Jones|Destiny Slocum|Kaila Charles|Kristen Confroy|S. Walker-Kimbrough",5,2161,2237,76,0,0,0
"2016-17","9697","Purdue","Andreona Keys|Ashley Morrissette|Bridget Perry|Dominique McBryde|Dominique Oden",5,2161,2361,200,5,4,1
"2016-17","9697","Maryland","Brianna Fraser|Brionna Jones|Destiny Slocum|Kristen Confroy|S. Walker-Kimbrough",5,2237,2371,134,4,5,-1
"2016-17","9697","Maryland","Brianna Fraser|Brionna Jones|Destiny Slocum|Jenna Staiti|Kiah Gillespie|Kristen Confroy|S. Walker-Kimbrough",7,2371,2372,1,0,0,0
"2016-17","9697","Maryland","Brianna Fraser|Destiny Slocum|Jenna Staiti|Kiah Gillespie|Kristen Confroy",5,2372,2400,28,0,0,0
"2016-17","9697","Purdue","Andreona Keys|Dominique McBryde|Dominique Oden|Miracle Gray|Nora Kiesler",5,2361,2400,39,0,0,0
"2016-17","9698","Bucknell","Claire DeBoer|Kaitlyn Slagus|Kyi English|Megan McGurk|Sune Swart",5,0,326,326,7,13,-6
"2016-17","9698","Maryland","Brionna Jones|Destiny Slocum|Kaila Charles|Kristen Confroy|S. Walker-Kimbrough",5,0,326,326,13,7,6
"2016-17","9698","Bucknell","Claire DeBoer|Gia Hayes|Kate Walker|Megan McGurk|Sune Swart",5,326,385,59,0,4,-4
"2016-17","9698","Maryland","Brianna Fraser|Brionna Jones|Destiny Slocum|Kaila Charles|S. Walker-Kimbrough",5,326,385,59,4,0,4
"2016-17","9698","Bucknell","Catherine Romaine|Claire DeBoer|Gia Hayes|Kate Walker|Kyi English",5,385,478,93,3,3,0
"2016-17","9698","Maryland","Brionna Jones|Destiny Slocum|Kaila Charles|Kristen Confroy|Stephanie Jones",5,385,478,93,3,3,0
"2016-17","9698","Maryland","Brionna Jones|Destiny Slocum|Ieshia Small|Kristen Confroy|Stephanie Jones",5,478,513,35,2,0,2
"2016-17","9698","Bucknell","Claire DeBoer|Kate Walker|Kyi English|Megan McGurk|Sune Swart",5,478,533,55,0,2,-2
"2016-17","9698","Maryland","Brianna Fraser|Destiny Slocum|Kristen Confroy|S. Walker-Kimbrough|Stephanie Jones",5,513,533,20,0,0,0
"2016-17","9698","Maryland","Brianna Fraser|Destiny Slocum|Kaila Charles|Kristen Confroy|S. Walker-Kimbrough",5,533,600,67,0,0,0
"2016-17","9698","Bucknell","Claire DeBoer|Kaitlyn Slagus|Kyi English|Megan McGurk|Sune Swart",5,533,812,279,2,4,-2
"2016-17","9698","Maryland","Brionna Jones|Destiny Slocum|Kaila Charles|Kristen Confroy|S. Walker-Kimbrough",5,600,812,212,4,2,2
"2016-17","9698","Bucknell","Claire DeBoer|Kaitlyn Slagus|Kate Walker|Kyi English|Sune Swart",5,812,907,95,1,2,-1
"2016-17","9698","Maryland","Brianna Fraser|Brionna Jones|Destiny Slocum|Ieshia Small|S. Walker-Kimbrough",5,812,907,95,2,1,1
"2016-17","9698","Bucknell","Catherine Romaine|Claire DeBoer|Kate Walker|Kyi English|Sune Swart",5,907,1004,97,5,4,1
"2016-17","9698","Maryland","Brianna Fraser|Brionna Jones|Destiny Slocum|Kristen Confroy|S. Walker-Kimbrough",5,907,1004,97,4,5,-1
"2016-17","9698","Bucknell","Claire DeBoer|Kate Walker|Kyi English|Megan McGurk|Sune Swart",5,1004,1068,64,2,2,0
"2016-17","9698","Bucknell","Claire DeBoer|Kaitlyn Slagus|Kate Walker|Kyi English|Megan McGurk",5,1068,1105,37,0,5,-5
"2016-17","9698","Bucknell","Claire DeBoer|Gia Hayes|Kaitlyn Slagus|Kate Walker|Kyi English",5,1105,1132,27,0,3,-3
"2016-17","9698","Bucknell","Gia Hayes|Kaitlyn Slagus|Kate Walker|Kyi English|Sune Swart",5,1132,1200,68,2,3,-1
"2016-17","9698","Bucknell","Claire DeBoer|Kaitlyn Slagus|Kyi English|Megan McGurk|Sune Swart",5,1200,1339,139,3,8,-5
"2016-17","9698","Maryland","Brionna Jones|Destiny Slocum|Kaila Charles|Kristen Confroy|S. Walker-Kimbrough",5,1004,1405,401,26,7,19
"2016-17","9698","Maryland","Brianna Fraser|Destiny Slocum|Kaila Charles|Kristen Confroy|S. Walker-Kimbrough",5,1405,1438,33,2,3,-1
"2016-17","9698","Bucknell","Claire DeBoer|Kate Walker|Kyi English|Megan McGurk|Sune Swart",5,1339,1469,130,6,10,-4
"2016-17","9698","Maryland","Blair Watson|Brianna Fraser|Destiny Slocum|Kaila Charles|S. Walker-Kimbrough",5,1438,1469,31,3,3,0
"2016-17","9698","Maryland","Blair Watson|Destiny Slocum|Kaila Charles|Kiah Gillespie|S. Walker-Kimbrough",5,1469,1494,25,0,0,0
"2016-17","9698","Bucknell","Claire DeBoer|Kaitlyn Slagus|Kate Walker|Kyi English|Megan McGurk",5,1469,1498,29,2,0,2
"2016-17","9698","Maryland","Blair Watson|Kaila Charles|Kiah Gillespie|S. Walker-Kimbrough|Sarah Myers",5,1494,1498,4,0,2,-2
"2016-17","9698","Bucknell","Catherine Romaine|Kaitlyn Slagus|Kate Walker|Kyi English|Megan McGurk",5,1498,1559,61,4,3,1
"2016-17","9698","Maryland","Blair Watson|Jenna Staiti|Kiah Gillespie|S. Walker-Kimbrough|Sarah Myers",5,1498,1559,61,3,4,-1
"2016-17","9698","Bucknell","Catherine Romaine|Kate Walker|Kyi English|Megan McGurk|Sune Swart",5,1559,1595,36,0,2,-2
"2016-17","9698","Bucknell","Claire DeBoer|Kate Walker|Kyi English|Megan McGurk|Sune Swart",5,1595,1669,74,2,2,0
"2016-17","9698","Maryland","Brionna Jones|Kiah Gillespie|Kristen Confroy|S. Walker-Kimbrough|Sarah Myers",5,1559,1669,110,4,2,2
"2016-17","9698","Bucknell","Catherine Romaine|Claire DeBoer|Kate Walker|Kyi English|Megan McGurk",5,1669,1726,57,0,1,-1
"2016-17","9698","Maryland","Brionna Jones|Ieshia Small|Kiah Gillespie|Kristen Confroy|Sarah Myers",5,1669,1726,57,1,0,1
"2016-17","9698","Maryland","Ieshia Small|Kiah Gillespie|Kristen Confroy|S. Walker-Kimbrough|Sarah Myers",5,1726,1798,72,0,0,0
"2016-17","9698","Maryland","Blair Watson|Ieshia Small|Kiah Gillespie|S. Walker-Kimbrough|Sarah Myers",5,1798,1800,2,0,0,0
"2016-17","9698","Bucknell","Claire DeBoer|Gia Hayes|Kaitlyn Slagus|Kate Walker|Kyi English",5,1726,1800,74,0,0,0
"2016-17","9698","Bucknell","Claire DeBoer|Gia Hayes|Kate Walker|Kyi English|Sune Swart",5,1800,1863,63,2,1,1
"2016-17","9698","Bucknell","Claire DeBoer|Gia Hayes|Kaitlyn Slagus|Kate Walker|Kyi English",5,1863,1900,37,1,2,-1
"2016-17","9698","Bucknell","Catherine Romaine|Claire DeBoer|Kaitlyn Slagus|Kate Walker|Kyi English",5,1900,1955,55,0,2,-2
"2016-17","9698","Maryland","Blair Watson|Brianna Fraser|Destiny Slocum|Ieshia Small|Stephanie Jones",5,1800,1955,155,5,3,2
"2016-17","9698","Maryland","Blair Watson|Destiny Slocum|Ieshia Small|Jenna Staiti|Kiah Gillespie",5,1955,1997,42,0,0,0
"2016-17","9698","Bucknell","Catherine Romaine|Claire DeBoer|Kaitlyn Slagus|Kyi English|Megan McGurk",5,1955,2063,108,0,4,-4
"2016-17","9698","Bucknell","Claire DeBoer|Kate Walker|Kyi English|Megan McGurk|Sune Swart",5,2063,2126,63,5,4,1
"2016-17","9698","Maryland","Blair Watson|Ieshia Small|Jenna Staiti|Kiah Gillespie|Sarah Myers",5,1997,2126,129,8,5,3
"2016-17","9698","Bucknell","Catherine Romaine|Kate Walker|Kyi English|Maegan Mikkelsen|Megan McGurk",5,2126,2231,105,4,7,-3
"2016-17","9698","Maryland","Blair Watson|Ieshia Small|Jenna Staiti|Sarah Myers|Stephanie Jones",5,2126,2231,105,7,4,3
"2016-17","9698","Bucknell","Claire DeBoer|Kate Walker|Kyi English|Megan McGurk|Sune Swart",5,2231,2283,52,4,4,0
"2016-17","9698","Bucknell","Catherine Romaine|Gia Hayes|Kate Walker|Kyi English|Maegan Mikkelsen",5,2283,2306,23,2,4,-2
"2016-17","9698","Maryland","Blair Watson|Ieshia Small|Kiah Gillespie|Sarah Myers|Stephanie Jones",5,2231,2306,75,8,6,2
"2016-17","9698","Maryland","Blair Watson|Jenna Staiti|Kiah Gillespie|Sarah Myers|Stephanie Jones",5,2306,2400,94,4,4,0
"2016-17","9698","Bucknell","Carly Richardson|Catherine Romaine|Gia Hayes|Kyi English|Maegan Mikkelsen",5,2306,2400,94,4,4,0
"2016-17","9699","Maryland","Brionna Jones|Destiny Slocum|Kaila Charles|Kristen Confroy|S. Walker-Kimbrough",5,0,276,276,5,7,-2
"2016-17","9699","West Virginia","Chania Ray|Katrina Pardee|Lanay Montgomery|Teana Muldrow|Tynice Martin",5,0,348,348,12,8,4
"2016-17","9699","Maryland","Brianna Fraser|Brionna Jones|Destiny Slocum|Ieshia Small|Kristen Confroy",5,276,348,72,3,5,-2
"2016-17","9699","West Virginia","Alexis Brewer|Chania Ray|Lanay Montgomery|Teana Muldrow|Tynice Martin",5,348,518,170,2,2,0
"2016-17","9699","Maryland","Brionna Jones|Destiny Slocum|Ieshia Small|Kaila Charles|S. Walker-Kimbrough",5,348,518,170,2,2,0
"2016-17","9699","West Virginia","Chania Ray|Katrina Pardee|Lanay Montgomery|Teana Muldrow|Tynice Martin",5,518,596,78,2,0,2
"2016-17","9699","West Virginia","Chania Ray|Katrina Pardee|Kristina King|Teana Muldrow|Tynice Martin",5,596,600,4,0,2,-2
"2016-17","9699","Maryland","Brionna Jones|Destiny Slocum|Kaila Charles|Kristen Confroy|S. Walker-Kimbrough",5,518,600,82,2,2,0
"2016-17","9699","West Virginia","Anja Martin|Chania Ray|Katrina Pardee|Kristina King|Teana Muldrow",5,600,683,83,0,7,-7
"2016-17","9699","West Virginia","Alexis Brewer|Katrina Pardee|Lanay Montgomery|Teana Muldrow|Tynice Martin",5,683,868,185,0,4,-4
"2016-17","9699","Maryland","Brionna Jones|Destiny Slocum|Kristen Confroy|S. Walker-Kimbrough|Stephanie Jones",5,600,868,268,11,0,11
"2016-17","9699","Maryland","Brianna Fraser|Kaila Charles|Kristen Confroy|Sarah Myers|Stephanie Jones",5,868,894,26,0,0,0
"2016-17","9699","West Virginia","Alexis Brewer|Chania Ray|Kristina King|Lanay Montgomery|Tynice Martin",5,868,977,109,2,4,-2
"2016-17","9699","Maryland","Brianna Fraser|Destiny Slocum|Kaila Charles|Kristen Confroy|S. Walker-Kimbrough",5,894,977,83,4,2,2
"2016-17","9699","Maryland","Brionna Jones|Destiny Slocum|Kaila Charles|Kristen Confroy|S. Walker-Kimbrough",5,977,990,13,0,0,0
"2016-17","9699","West Virginia","Alexis Brewer|Katrina Pardee|Kristina King|Lanay Montgomery|Tynice Martin",5,977,1000,23,0,0,0
"2016-17","9699","West Virginia","Alexis Brewer|Katrina Pardee|Lanay Montgomery|Teana Muldrow|Tynice Martin",5,1000,1072,72,2,2,0
"2016-17","9699","Maryland","Brianna Fraser|Destiny Slocum|Kaila Charles|Kristen Confroy|S. Walker-Kimbrough",5,990,1200,210,11,6,5
"2016-17","9699","Maryland","Brionna Jones|Destiny Slocum|Kaila Charles|Kristen Confroy|S. Walker-Kimbrough",5,1200,1468,268,14,8,6
"2016-17","9699","Maryland","Brionna Jones|Destiny Slocum|Ieshia Small|Kristen Confroy|Stephanie Jones",5,1468,1515,47,0,3,-3
"2016-17","9699","West Virginia","Chania Ray|Katrina Pardee|Lanay Montgomery|Teana Muldrow|Tynice Martin",5,1072,1566,494,19,25,-6
"2016-17","9699","Maryland","Brionna Jones|Destiny Slocum|Ieshia Small|S. Walker-Kimbrough|Stephanie Jones",5,1515,1566,51,2,4,-2
"2016-17","9699","West Virginia","Chania Ray|Katrina Pardee|Kristina King|Lanay Montgomery|Tynice Martin",5,1566,1592,26,0,0,0
"2016-17","9699","Maryland","Brionna Jones|Destiny Slocum|Kristen Confroy|S. Walker-Kimbrough|Stephanie Jones",5,1566,1654,88,2,1,1
"2016-17","9699","Maryland","Brionna Jones|Destiny Slocum|Kiah Gillespie|Kristen Confroy|S. Walker-Kimbrough",5,1654,1725,71,2,2,0
"2016-17","9699","West Virginia","Alexis Brewer|Chania Ray|Kristina King|Lanay Montgomery|Tynice Martin",5,1592,1755,163,3,8,-5
"2016-17","9699","Maryland","Destiny Slocum|Kaila Charles|Kiah Gillespie|Kristen Confroy|S. Walker-Kimbrough",5,1725,1776,51,5,0,5
"2016-17","9699","Maryland","Kaila Charles|Kiah Gillespie|Kristen Confroy|S. Walker-Kimbrough|Sarah Myers",5,1776,1800,24,0,0,0
"2016-17","9699","Maryland","Brionna Jones|Destiny Slocum|Kaila Charles|Kristen Confroy|S. Walker-Kimbrough",5,1800,1833,33,2,0,2
"2016-17","9699","Maryland","Brionna Jones|Kiah Gillespie|Kristen Confroy|S. Walker-Kimbrough|Sarah Myers",5,1833,1879,46,0,0,0
"2016-17","9699","Maryland","Brionna Jones|Destiny Slocum|Kiah Gillespie|Kristen Confroy|S. Walker-Kimbrough",5,1879,1981,102,4,4,0
"2016-17","9699","West Virginia","Chania Ray|Katrina Pardee|Lanay Montgomery|Teana Muldrow|Tynice Martin",5,1755,2065,310,6,12,-6
"2016-17","9699","Maryland","Brianna Fraser|Destiny Slocum|Kiah Gillespie|Kristen Confroy|S. Walker-Kimbrough",5,1981,2065,84,5,2,3
"2016-17","9699","Maryland","Blair Watson|Destiny Slocum|Kaila Charles|Kiah Gillespie|S. Walker-Kimbrough",5,2065,2087,22,0,2,-2
"2016-17","9699","West Virginia","Chania Ray|Katrina Pardee|Kristina King|Teana Muldrow|Tynice Martin",5,2065,2115,50,4,2,2
"2016-17","9699","Maryland","Blair Watson|Destiny Slocum|Jenna Staiti|Kiah Gillespie|S. Walker-Kimbrough",5,2087,2187,100,5,4,1
"2016-17","9699","Maryland","Blair Watson|Brionna Jones|Destiny Slocum|Kiah Gillespie|S. Walker-Kimbrough",5,2187,2218,31,0,2,-2
"2016-17","9699","West Virginia","Alexis Brewer|Chania Ray|Kristina King|Teana Muldrow|Tynice Martin",5,2115,2278,163,4,7,-3
"2016-17","9699","Maryland","Blair Watson|Brionna Jones|Destiny Slocum|Kaila Charles|S. Walker-Kimbrough",5,2218,2278,60,4,0,4
"2016-17","9699","West Virginia","Alexis Brewer|Chania Ray|Desiree Rhodes|Kristina King|Tynice Martin",5,2278,2346,68,0,0,0
"2016-17","9699","Maryland","Blair Watson|Ieshia Small|Jenna Staiti|Kaila Charles|Sarah Myers",5,2278,2346,68,0,0,0
"2016-17","9699","Maryland","Blair Watson|Brianna Fraser|Ieshia Small|Jenna Staiti|Sarah Myers",5,2346,2400,54,0,0,0
"2016-17","9699","West Virginia","Alexis Brewer|Bailey Thomas|Desiree Rhodes|Katrina Pardee|Kristina King",5,2346,2400,54,0,0,0
"2016-17","9700","Maryland","Brionna Jones|Destiny Slocum|Kaila Charles|Kristen Confroy|S. Walker-Kimbrough",5,0,249,249,2,3,-1
"2016-17","9700","Oregon","Lexi BANDO|Maite CAZORLA|Mallory MCGWIRE|Ruthy HEBARD|Sabrina IONESCU",5,0,368,368,7,8,-1
"2016-17","9700","Oregon","Lexi BANDO|Maite CAZORLA|Oti GILDON|Ruthy HEBARD|Sabrina IONESCU",5,368,489,121,4,4,0
"2016-17","9700","Maryland","Brionna Jones|Destiny Slocum|Kristen Confroy|S. Walker-Kimbrough|Stephanie Jones",5,249,489,240,10,8,2
"2016-17","9700","Maryland","Brionna Jones|Destiny Slocum|Kaila Charles|Kristen Confroy|S. Walker-Kimbrough",5,489,560,71,2,4,-2
"2016-17","9700","Maryland","Brionna Jones|Destiny Slocum|Ieshia Small|Kaila Charles|Kristen Confroy",5,560,600,40,2,2,0
"2016-17","9700","Oregon","Lexi BANDO|Maite CAZORLA|Mallory MCGWIRE|Oti GILDON|Sabrina IONESCU",5,489,600,111,6,4,2
"2016-17","9700","Oregon","Justine HALL|Lexi BANDO|Maite CAZORLA|Mallory MCGWIRE|Oti GILDON",5,600,696,96,2,2,0
"2016-17","9700","Maryland","Brionna Jones|Ieshia Small|Kaila Charles|Kristen Confroy|S. Walker-Kimbrough",5,600,696,96,2,2,0
"2016-17","9700","Oregon","Justine HALL|Maite CAZORLA|Mallory MCGWIRE|Ruthy HEBARD|Sabrina IONESCU",5,696,819,123,5,3,2
"2016-17","9700","Maryland","Brianna Fraser|Kaila Charles|Kristen Confroy|S. Walker-Kimbrough",4,696,819,123,3,5,-2
"2016-17","9700","Maryland","Brionna Jones|Kristen Confroy|S. Walker-Kimbrough|Stephanie Jones",4,819,850,31,0,0,0
"2016-17","9700","Maryland","Brianna Fraser|Brionna Jones|Kristen Confroy|S. Walker-Kimbrough",4,850,861,11,0,0,0
"2016-17","9700","Oregon","Lexi BANDO|Maite CAZORLA|Mallory MCGWIRE|Ruthy HEBARD|Sabrina IONESCU",5,819,992,173,5,4,1
"2016-17","9700","Maryland","Brianna Fraser|Brionna Jones|Kristen Confroy|S. Walker-Kimbrough|Sarah Myers",5,861,992,131,4,5,-1
"2016-17","9700","Oregon","Lexi BANDO|Maite CAZORLA|Oti GILDON|Ruthy HEBARD|Sabrina IONESCU",5,992,1078,86,0,0,0
"2016-17","9700","Maryland","Brianna Fraser|Brionna Jones|Destiny Slocum|Kaila Charles|Kristen Confroy",5,992,1093,101,0,2,-2
"2016-17","9700","Oregon","Lexi BANDO|Maite CAZORLA|Mallory MCGWIRE|Oti GILDON|Sabrina IONESCU",5,1078,1120,42,4,0,4
"2016-17","9700","Maryland","Brianna Fraser|Brionna Jones|Destiny Slocum|Kaila Charles|S. Walker-Kimbrough",5,1093,1120,27,0,2,-2
"2016-17","9700","Oregon","Jacinta VANDENBERG|Lexi BANDO|Maite CAZORLA|Oti GILDON|Sabrina IONESCU",5,1120,1192,72,3,2,1
"2016-17","9700","Oregon","Lexi BANDO|Maite CAZORLA|Mallory MCGWIRE|Oti GILDON|Sabrina IONESCU",5,1192,1199,7,0,0,0
"2016-17","9700","Maryland","Brianna Fraser|Brionna Jones|Destiny Slocum|Kristen Confroy|S. Walker-Kimbrough",5,1120,1200,80,2,3,-1
"2016-17","9700","Oregon","Lexi BANDO|Maite CAZORLA|Oti GILDON|Ruthy HEBARD|Sabrina IONESCU",5,1199,1200,1,0,0,0
"2016-17","9700","Maryland","Brionna Jones|Destiny Slocum|Kaila Charles|Kristen Confroy|S. Walker-Kimbrough",5,1200,1325,125,4,4,0
"2016-17","9700","Oregon","Lexi BANDO|Maite CAZORLA|Mallory MCGWIRE|Ruthy HEBARD|Sabrina IONESCU",5,1200,1353,153,4,5,-1
"2016-17","9700","Maryland","Brianna Fraser|Brionna Jones|Destiny Slocum|Kristen Confroy|S. Walker-Kimbrough",5,1325,1440,115,3,0,3
"2016-17","9700","Maryland","Brionna Jones|Destiny Slocum|Kristen Confroy|S. Walker-Kimbrough|Stephanie Jones",5,1440,1800,360,13,19,-6
"2016-17","9700","Oregon","Lexi BANDO|Maite CAZORLA|Oti GILDON|Ruthy HEBARD|Sabrina IONESCU",5,1353,1800,447,19,15,4
"2016-17","9700","Oregon","Lexi BANDO|Maite CAZORLA|Oti GILDON|Ruthy HEBARD|Sabrina IONESCU",5,1800,2059,259,8,8,0
"2016-17","9700","Maryland","Brionna Jones|Destiny Slocum|Kaila Charles|Kristen Confroy|S. Walker-Kimbrough",5,1800,2059,259,8,8,0
"2016-17","9700","Oregon","Lexi BANDO|Maite CAZORLA|Mallory MCGWIRE|Oti GILDON|Sabrina IONESCU",5,2059,2120,61,2,2,0
"2016-17","9700","Maryland","Brianna Fraser|Brionna Jones|Destiny Slocum|Kaila Charles|Kristen Confroy",5,2059,2120,61,2,2,0
"2016-17","9700","Oregon","Lexi BANDO|Maite CAZORLA|Mallory MCGWIRE|Ruthy HEBARD|Sabrina IONESCU",5,2120,2156,36,0,2,-2
"2016-17","9700","Maryland","Brianna Fraser|Brionna Jones|Destiny Slocum|Kristen Confroy|S. Walker-Kimbrough",5,2120,2352,232,6,8,-2
"2016-17","9700","Oregon","Lexi BANDO|Maite CAZORLA|Oti GILDON|Ruthy HEBARD|Sabrina IONESCU",5,2156,2390,234,8,4,4
"2016-17","9700","Maryland","Blair Watson|Brionna Jones|Destiny Slocum|Kristen Confroy|S. Walker-Kimbrough",5,2352,2390,38,0,0,0
"2016-17","9700","Maryland","Blair Watson|Destiny Slocum|Jenna Staiti|Kristen Confroy|Sarah Myers",5,2390,2400,10,0,0,0
"2016-17","9700","Oregon","Justine HALL|Lauren YEARWOOD|Mar'Shay MOORE|Morgan YAEGER|Sierra CAMPISANO",5,2390,2400,10,0,0,0
