"source_id","file_id","team","player_name","player_number","stint_index","in_seconds","out_seconds","duration","pts_for","pts_against","plus_minus","starter"
"2016-17","9665","Maryland","Kaila Charles",3,1,0,139,139,7,1,6,1
"2016-17","9665","Maryland","Destiny Slocum",5,1,0,283,283,17,3,14,1
"2016-17","9665","Maryland","Kristen Confroy",12,1,0,355,355,19,5,14,1
"2016-17","9665","Maryland","S. Walker-Kimbrough",32,1,0,575,575,34,5,29,1
"2016-17","9665","Maryland","Brionna Jones",42,1,0,283,283,17,3,14,1
"2016-17","9665","UMass-Lowell","Kayla GIBBS",1,1,0,283,283,3,17,-14,1
"2016-17","9665","UMass-Lowell","Asia MITCHELL-OWENS",12,1,0,600,600,5,34,-29,1
"2016-17","9665","UMass-Lowell","Shawnkia McCALLUM",23,1,0,283,283,3,17,-14,1
"2016-17","9665","UMass-Lowell","Nicole HAYNER",34,1,0,60,60,0,5,-5,1
"2016-17","9665","UMass-Lowell","Katherine SMITH",50,1,0,139,139,1,7,-6,1
"2016-17","9665","UMass-Lowell","Megan HENDRICK",3,1,60,470,410,5,20,-15,0
"2016-17","9665","Maryland","Kiah Gillespie",15,1,139,396,257,12,4,8,0
"2016-17","9665","UMass-Lowell","Tyshay BRITTEN",11,1,139,600,461,4,27,-23,0
"2016-17","9665","Maryland","Ieshia Small",1,1,283,407,124,2,2,0,0
"2016-17","9665","Maryland","Jenna Staiti",14,1,283,396,113,2,2,0,0
"2016-17","9665","UMass-Lowell","Nazarae BUTLER",22,1,283,600,317,2,17,-15,0
"2016-17","9665","UMass-Lowell","Katherine SMITH",50,2,283,444,161,2,4,-2,0
"2016-17","9665","Maryland","Sarah Myers",21,1,355,444,89,2,0,2,0
"2016-17","9665","Maryland","Kaila Charles",3,2,396,692,296,19,0,19,0
"2016-17","9665","Maryland","Brionna Jones",42,2,396,575,179,15,0,15,0
"2016-17","9665","Maryland","Destiny Slocum",5,2,407,899,492,23,7,16,0
"2016-17","9665","Maryland","Blair Watson",22,1,444,600,156,13,0,13,0
"2016-17","9665","UMass-Lowell","Kayla GIBBS",1,2,444,640,196,0,15,-15,0
"2016-17","9665","UMass-Lowell","Shawnkia McCALLUM",23,2,470,837,367,5,17,-12,0
"2016-17","9665","Maryland","Kristen Confroy",12,2,575,1072,497,15,7,8,0
"2016-17","9665","Maryland","Brianna Fraser",34,1,575,600,25,0,0,0,0
"2016-17","9665","Maryland","Blair Watson",22,2,600,640,40,2,0,2,0
"2016-17","9665","Maryland","S. Walker-Kimbrough",32,2,600,600,0,0,0,0,0
"2016-17","9665","Maryland","Brianna Fraser",34,2,600,837,237,8,5,3,0
"2016-17","9665","Maryland","Brionna Jones",42,3,600,600,0,0,0,0,0
"2016-17","9665","UMass-Lowell","Amanda ORTIZ",2,1,600,952,352,7,10,-3,0
"2016-17","9665","UMass-Lowell","Megan HENDRICK",3,2,600,1200,600,11,23,-12,0
"2016-17","9665","UMass-Lowell","Kiana BATAGELJ",15,1,600,1200,600,11,23,-12,0
"2016-17","9665","UMass-Lowell","Nicole HAYNER",34,2,600,600,0,0,0,0,0
"2016-17","9665","UMass-Lowell","Katherine SMITH",50,3,600,600,0,0,0,0,0
"2016-17","9665","Maryland","Ieshia Small",1,2,640,1200,560,21,11,10,0
"2016-17","9665","UMass-Lowell","Tyshay BRITTEN",11,2,640,780,140,5,6,-1,0
"2016-17","9665","Maryland","Jenna Staiti",14,2,692,788,96,4,5,-1,0
"2016-17","9665","UMass-Lowell","Oda SHACKELFORD",21,1,780,1200,420,6,15,-9,0
"2016-17","9665","Maryland","Kiah Gillespie",15,2,788,837,49,0,0,0,0
"2016-17","9665","Maryland","Stephanie Jones",24,1,837,1007,170,7,2,5,0
"2016-17","9665","Maryland","Brionna Jones",42,4,837,1007,170,7,2,5,0
"2016-17","9665","UMass-Lowell","Asia MITCHELL-OWENS",12,2,837,2038,1201,22,49,-27,0
"2016-17","9665","Maryland","S. Walker-Kimbrough",32,3,899,985,86,4,0,4,0
"2016-17","9665","UMass-Lowell","Nicole HAYNER",34,3,952,2400,1448,32,56,-24,0
"2016-17","9665","Maryland","Blair Watson",22,3,985,1200,215,11,4,7,0
"2016-17","9665","Maryland","Kiah Gillespie",15,3,1007,1144,137,4,2,2,0
"2016-17","9665","Maryland","Brianna Fraser",34,3,1007,1200,193,8,4,4,0
"2016-17","9665","Maryland","Sarah Myers",21,2,1072,1200,128,8,4,4,0
"2016-17","9665","Maryland","Stephanie Jones",24,2,1144,1200,56,4,2,2,0
"2016-17","9665","Maryland","Kaila Charles",3,3,1200,1636,436,17,11,6,0
"2016-17","9665","Maryland","Destiny Slocum",5,3,1200,1721,521,19,14,5,0
"2016-17","9665","Maryland","Kristen Confroy",12,3,1200,1527,327,13,11,2,0
"2016-17","9665","Maryland","S. Walker-Kimbrough",32,4,1200,1456,256,11,9,2,0
"2016-17","9665","Maryland","Brionna Jones",42,5,1200,1372,172,8,6,2,0
"2016-17","9665","UMass-Lowell","Kayla GIBBS",1,3,1200,1372,172,6,8,-2,0
"2016-17","9665","UMass-Lowell","Shawnkia McCALLUM",23,3,1200,1424,224,6,11,-5,0
"2016-17","9665","UMass-Lowell","Katherine SMITH",50,4,1200,1578,378,11,17,-6,0
"2016-17","9665","Maryland","Kiah Gillespie",15,4,1372,1721,349,11,8,3,0
"2016-17","9665","UMass-Lowell","Tyshay BRITTEN",11,3,1372,1800,428,8,13,-5,0
"2016-17","9665","UMass-Lowell","Megan HENDRICK",3,3,1424,1800,376,8,10,-2,0
"2016-17","9665","Maryland","Ieshia Small",1,3,1456,1800,344,10,5,5,0
"2016-17","9665","Maryland","Brionna Jones",42,6,1456,1800,344,10,5,5,0
"2016-17","9665","Maryland","Blair Watson",22,4,1527,1800,273,8,3,5,0
"2016-17","9665","UMass-Lowell","Kiana BATAGELJ",15,2,1578,1800,222,3,4,-1,0
"2016-17","9665","Maryland","Jenna Staiti",14,3,1636,1721,85,2,3,-1,0
"2016-17","9665","Maryland","Sarah Myers",21,3,1721,1800,79,2,0,2,0
"2016-17","9665","Maryland","Stephanie Jones",24,3,1721,1800,79,2,0,2,0
"2016-17","9665","Maryland","Brianna Fraser",34,4,1721,1800,79,2,0,2,0
"2016-17","9665","Maryland","Ieshia Small",1,4,1800,1968,168,11,2,9,0
"2016-17","9665","Maryland","Kaila Charles",3,4,1800,1800,0,0,0,0,0
"2016-17","9665","Maryland","Destiny Slocum",5,4,1800,1800,0,0,0,0,0
"2016-17","9665","Maryland","Kristen Confroy",12,4,1800,1800,0,0,0,0,0
"2016-17","9665","Maryland","Jenna Staiti",14,4,1800,1878,78,4,0,4,0
"2016-17","9665","Maryland","Sarah Myers",21,4,1800,2320,520,19,9,10,0
"2016-17","9665","Maryland","Blair Watson",22,5,1800,2400,600,22,14,8,0
"2016-17","9665","Maryland","S. Walker-Kimbrough",32,5,1800,1800,0,0,0,0,0
"2016-17","9665","Maryland","Brianna Fraser",34,5,1800,2038,238,13,2,11,0
"2016-17","9665","UMass-Lowell","Kayla GIBBS",1,4,1800,1800,0,0,0,0,0
"2016-17","9665","UMass-Lowell","Megan HENDRICK",3,4,1800,2400,600,14,22,-8,0
"2016-17","9665","UMass-Lowell","Tyshay BRITTEN",11,4,1800,2092,292,2,15,-13,0
"2016-17","9665","UMass-Lowell","Shawnkia McCALLUM",23,4,1800,1800,0,0,0,0,0
"2016-17","9665","UMass-Lowell","Katherine SMITH",50,5,1800,1800,0,0,0,0,0
"2016-17","9665","UMass-Lowell","Kiana BATAGELJ",15,3,1802,2092,290,2,15,-13,0
"2016-17","9665","Maryland","Kiah Gillespie",15,5,1878,2158,280,11,4,7,0
"2016-17","9665","Maryland","Kaila Charles",3,5,1968,2202,234,6,2,4,0
"2016-17","9665","Maryland","Stephanie Jones",24,4,2038,2202,164,4,2,2,0
"2016-17","9665","UMass-Lowell","Shawnkia McCALLUM",23,5,2038,2400,362,12,9,3,0
"2016-17","9665","UMass-Lowell","Kayla GIBBS",1,5,2092,2400,308,12,7,5,0
"2016-17","9665","UMass-Lowell","Katherine SMITH",50,6,2092,2400,308,12,7,5,0
"2016-17","9665","Maryland","Jenna Staiti",14,5,2158,2371,213,7,8,-1,0
"2016-17","9665","Maryland","Ieshia Small",1,5,2202,2400,198,5,10,-5,0
"2016-17","9665","Maryland","Brianna Fraser",34,6,2202,2400,198,5,10,-5,0
"2016-17","9665","Maryland","Kaila Charles",3,6,2320,2400,80,3,5,-2,0
"2016-17","9665","Maryland","Stephanie Jones",24,5,2371,2400,29,0,2,-2,0
"2016-17","9666","Maryland","Kaila Charles",3,1,0,336,336,18,12,6,1
"2016-17","9666","Maryland","Destiny Slocum",5,1,0,336,336,18,12,6,1
"2016-17","9666","Maryland","Kristen Confroy",12,1,0,634,634,32,18,14,1
"2016-17","9666","Maryland","S. Walker-Kimbrough",32,1,0,583,583,30,17,13,1
"2016-17","9666","Maryland","Brionna Jones",42,1,0,336,336,18,12,6,1
"2016-17","9666","Maryland Eastern Shore","Ciani BYROM",2,1,0,583,583,17,30,-13,1
"2016-17","9666","Maryland Eastern Shore","Alexus HICKS",3,1,0,440,440,13,20,-7,1
"2016-17","9666","Maryland Eastern Shore","Tori MORRIS",12,1,0,336,336,12,18,-6,1
"2016-17","9666","Maryland Eastern Shore","Mariah MCCOY",22,1,0,336,336,12,18,-6,1
"2016-17","9666","Maryland Eastern Shore","Keyera EATON",32,1,0,336,336,12,18,-6,1
"2016-17","9666","Maryland","Ieshia Small",1,1,336,359,23,0,0,0,0
"2016-17","9666","Maryland","Kiah Gillespie",15,1,336,600,264,14,5,9,0
"2016-17","9666","Maryland","Brianna Fraser",34,1,336,494,158,5,3,2,0
"2016-17","9666","Maryland Eastern Shore","Shauntesha BRYANT",14,1,336,583,247,5,12,-7,0
"2016-17","9666","Maryland Eastern Shore","Ra'Jean MARTIN",21,1,336,600,264,5,14,-9,0
"2016-17","9666","Maryland Eastern Shore","Briana MACK",33,1,336,583,247,5,12,-7,0
"2016-17","9666","Maryland","Destiny Slocum",5,2,359,440,81,2,1,1,0
"2016-17","9666","Maryland","Sarah Myers",21,1,440,600,160,12,4,8,0
"2016-17","9666","Maryland Eastern Shore","Keyera EATON",32,2,440,888,448,10,26,-16,0
"2016-17","9666","Maryland","Brionna Jones",42,2,494,819,325,18,6,12,0
"2016-17","9666","Maryland","Blair Watson",22,1,583,600,17,2,0,2,0
"2016-17","9666","Maryland Eastern Shore","Tori MORRIS",12,2,583,983,400,9,18,-9,0
"2016-17","9666","Maryland Eastern Shore","Briana SYE",15,1,583,600,17,0,2,-2,0
"2016-17","9666","Maryland Eastern Shore","Mariah MCCOY",22,2,583,983,400,9,18,-9,0
"2016-17","9666","Maryland","Kaila Charles",3,2,600,1120,520,22,11,11,0
"2016-17","9666","Maryland","Destiny Slocum",5,3,600,600,0,0,0,0,0
"2016-17","9666","Maryland","Sarah Myers",21,2,600,819,219,9,4,5,0
"2016-17","9666","Maryland","Blair Watson",22,2,600,767,167,7,4,3,0
"2016-17","9666","Maryland","S. Walker-Kimbrough",32,2,600,600,0,0,0,0,0
"2016-17","9666","Maryland Eastern Shore","Ciani BYROM",2,2,600,600,0,0,0,0,0
"2016-17","9666","Maryland Eastern Shore","Alexus HICKS",3,2,600,600,0,0,0,0,0
"2016-17","9666","Maryland Eastern Shore","Briana SYE",15,2,600,718,118,2,7,-5,0
"2016-17","9666","Maryland Eastern Shore","Ra'Jean MARTIN",21,2,600,718,118,2,7,-5,0
"2016-17","9666","Maryland","S. Walker-Kimbrough",32,3,634,1147,513,22,11,11,0
"2016-17","9666","Maryland Eastern Shore","Ciani BYROM",2,3,718,1147,429,10,15,-5,0
"2016-17","9666","Maryland Eastern Shore","Alexus HICKS",3,3,718,1643,925,28,31,-3,0
"2016-17","9666","Maryland","Ieshia Small",1,2,767,905,138,7,3,4,0
"2016-17","9666","Maryland","Kristen Confroy",12,2,819,983,164,7,5,2,0
"2016-17","9666","Maryland","Brianna Fraser",34,2,819,888,69,5,2,3,0
"2016-17","9666","Maryland","Kiah Gillespie",15,2,888,1120,232,8,5,3,0
"2016-17","9666","Maryland Eastern Shore","Ra'Jean MARTIN",21,3,888,1013,125,3,4,-1,0
"2016-17","9666","Maryland","Destiny Slocum",5,4,905,1591,686,22,21,1,0
"2016-17","9666","Maryland","Blair Watson",22,3,983,1200,217,6,3,3,0
"2016-17","9666","Maryland Eastern Shore","Shauntesha BRYANT",14,2,983,1200,217,3,6,-3,0
"2016-17","9666","Maryland Eastern Shore","Briana MACK",33,2,983,1200,217,3,6,-3,0
"2016-17","9666","Maryland Eastern Shore","Keyera EATON",32,3,1013,1120,107,2,4,-2,0
"2016-17","9666","Maryland","Jenna Staiti",14,1,1120,1200,80,0,1,-1,0
"2016-17","9666","Maryland","Stephanie Jones",24,1,1120,1200,80,0,1,-1,0
"2016-17","9666","Maryland Eastern Shore","Ra'Jean MARTIN",21,4,1120,1200,80,1,0,1,0
"2016-17","9666","Maryland","Kristen Confroy",12,3,1147,1217,70,0,2,-2,0
"2016-17","9666","Maryland Eastern Shore","Briana SYE",15,3,1147,1200,53,0,0,0,0
"2016-17","9666","Maryland","Kaila Charles",3,3,1200,1289,89,2,7,-5,0
"2016-17","9666","Maryland","S. Walker-Kimbrough",32,4,1200,1512,312,12,13,-1,0
"2016-17","9666","Maryland","Brionna Jones",42,3,1200,1395,195,9,9,0,0
"2016-17","9666","Maryland Eastern Shore","Ciani BYROM",2,4,1200,1643,443,18,16,2,0
"2016-17","9666","Maryland Eastern Shore","Tori MORRIS",12,3,1200,1566,366,13,14,-1,0
"2016-17","9666","Maryland Eastern Shore","Mariah MCCOY",22,3,1200,1566,366,13,14,-1,0
"2016-17","9666","Maryland Eastern Shore","Keyera EATON",32,4,1200,1800,600,21,26,-5,0
"2016-17","9666","Maryland","Sarah Myers",21,3,1217,1463,246,12,11,1,0
"2016-17","9666","Maryland","Kiah Gillespie",15,3,1289,1667,378,14,14,0,0
"2016-17","9666","Maryland","Brianna Fraser",34,3,1395,1612,217,5,9,-4,0
"2016-17","9666","Maryland","Ieshia Small",1,3,1463,1643,180,4,5,-1,0
"2016-17","9666","Maryland","Blair Watson",22,4,1512,1717,205,8,8,0,0
"2016-17","9666","Maryland Eastern Shore","Chioma NKPUECHINA",0,1,1566,1800,234,8,12,-4,0
"2016-17","9666","Maryland Eastern Shore","Shauntesha BRYANT",14,3,1566,1800,234,8,12,-4,0
"2016-17","9666","Maryland","Kristen Confroy",12,4,1591,1948,357,16,7,9,0
"2016-17","9666","Maryland","Brionna Jones",42,4,1612,1700,88,4,3,1,0
"2016-17","9666","Maryland","Sarah Myers",21,4,1643,1800,157,10,3,7,0
"2016-17","9666","Maryland Eastern Shore","Briana SYE",15,4,1643,1800,157,3,10,-7,0
"2016-17","9666","Maryland Eastern Shore","Ra'Jean MARTIN",21,5,1643,1800,157,3,10,-7,0
"2016-17","9666","Maryland","Kaila Charles",3,4,1667,1807,140,10,0,10,0
"2016-17","9666","Maryland","Jenna Staiti",14,2,1700,1800,100,8,0,8,0
"2016-17","9666","Maryland","Stephanie Jones",24,2,1717,1800,83,6,0,6,0
"2016-17","9666","Maryland","Destiny Slocum",5,5,1800,1800,0,0,0,0,0
"2016-17","9666","Maryland","Jenna Staiti",14,3,1800,2029,229,10,4,6,0
"2016-17","9666","Maryland","Sarah Myers",21,5,1800,2400,600,26,11,15,0
"2016-17","9666","Maryland","Stephanie Jones",24,3,1800,1948,148,4,2,2,0
"2016-17","9666","Maryland","S. Walker-Kimbrough",32,5,1800,1800,0,0,0,0,0
"2016-17","9666","Maryland","Brionna Jones",42,5,1800,1800,0,0,0,0,0
"2016-17","9666","Maryland Eastern Shore","Ciani BYROM",2,5,1800,2273,473,11,20,-9,0
"2016-17","9666","Maryland Eastern Shore","Alexus HICKS",3,4,1800,2234,434,11,18,-7,0
"2016-17","9666","Maryland Eastern Shore","Tori MORRIS",12,4,1800,2181,381,9,16,-7,0
"2016-17","9666","Maryland Eastern Shore","Shauntesha BRYANT",14,4,1800,1948,148,2,4,-2,0
"2016-17","9666","Maryland Eastern Shore","Ra'Jean MARTIN",21,6,1800,1948,148,2,4,-2,0
"2016-17","9666","Maryland Eastern Shore","Mariah MCCOY",22,4,1800,1800,0,0,0,0,0
"2016-17","9666","Maryland","Brianna Fraser",34,4,1807,2234,427,18,11,7,0
"2016-17","9666","Maryland","Ieshia Small",1,4,1948,2400,452,22,9,13,0
"2016-17","9666","Maryland","Blair Watson",22,5,1948,2400,452,22,9,13,0
"2016-17","9666","Maryland Eastern Shore","Mariah MCCOY",22,5,1948,2181,233,7,12,-5,0
"2016-17","9666","Maryland Eastern Shore","Keyera EATON",32,5,1948,2273,325,9,16,-7,0
"2016-17","9666","Maryland","Kiah Gillespie",15,4,2029,2181,152,6,5,1,0
"2016-17","9666","Maryland","Jenna Staiti",14,4,2181,2400,219,10,2,8,0
"2016-17","9666","Maryland Eastern Shore","Chioma NKPUECHINA",0,2,2181,2400,219,2,10,-8,0
"2016-17","9666","Maryland Eastern Shore","Ksenia POPOVICH",13,1,2181,2400,219,2,10,-8,0
"2016-17","9666","Maryland","Stephanie Jones",24,4,2234,2400,166,8,0,8,0
"2016-17","9666","Maryland Eastern Shore","Dayona GODWIN",1,1,2234,2400,166,0,8,-8,0
"2016-17","9666","Maryland Eastern Shore","Briana SYE",15,5,2273,2400,127,0,6,-6,0
"2016-17","9666","Maryland Eastern Shore","Ra'Jean MARTIN",21,7,2273,2400,127,0,6,-6,0
"2016-17","9668","Maryland","Kaila Charles",3,1,0,176,176,3,2,1,1
"2016-17","9668","Maryland","Destiny Slocum",5,1,0,308,308,6,4,2,1
"2016-17","9668","Maryland","Kristen Confroy",12,1,0,418,418,10,8,2,1
"2016-17","9668","Maryland","S. Walker-Kimbrough",32,1,0,865,865,26,18,8,1
"2016-17","9668","Maryland","Brionna Jones",42,1,0,64,64,1,2,-1,1
"2016-17","9668","Mount St. Mary's","Kathl BELANGER-FINN",3,1,0,176,176,2,3,-1,1
"2016-17","9668","Mount St. Mary's","Alexis CARTER",4,1,0,489,489,10,12,-2,1
"2016-17","9668","Mount St. Mary's","Katrice DICKSON",11,1,0,600,600,13,18,-5,1
"2016-17","9668","Mount St. Mary's","Mikal JOHNSON",25,1,0,1120,1120,18,36,-18,1
"2016-17","9668","Mount St. Mary's","Caroline HUMMELL",32,1,0,387,387,7,10,-3,1
"2016-17","9668","Maryland","Jenna Staiti",14,1,64,308,244,5,2,3,0
"2016-17","9668","Maryland","Kiah Gillespie",15,1,176,489,313,9,8,1,0
"2016-17","9668","Mount St. Mary's","Juliette LAWLESS",24,1,176,308,132,2,3,-1,0
"2016-17","9668","Maryland","Sarah Myers",21,1,308,407,99,4,4,0,0
"2016-17","9668","Maryland","Brionna Jones",42,2,308,1020,712,28,14,14,0
"2016-17","9668","Mount St. Mary's","Ashlee WHITE",10,1,308,600,292,9,12,-3,0
"2016-17","9668","Mount St. Mary's","Stacey KOUTRIS",13,1,387,600,213,6,8,-2,0
"2016-17","9668","Maryland","Destiny Slocum",5,2,407,936,529,20,10,10,0
"2016-17","9668","Maryland","Ieshia Small",1,1,418,600,182,8,5,3,0
"2016-17","9668","Maryland","Kaila Charles",3,2,489,655,166,6,3,3,0
"2016-17","9668","Mount St. Mary's","Kayla AGENTOWICZ",21,1,489,600,111,3,6,-3,0
"2016-17","9668","Maryland","Ieshia Small",1,2,600,865,265,8,5,3,0
"2016-17","9668","Maryland","Kristen Confroy",12,2,600,600,0,0,0,0,0
"2016-17","9668","Mount St. Mary's","Kathl BELANGER-FINN",3,2,600,708,108,0,2,-2,0
"2016-17","9668","Mount St. Mary's","Alexis CARTER",4,2,600,738,138,2,2,0,0
"2016-17","9668","Mount St. Mary's","Stacey KOUTRIS",13,2,600,865,265,5,8,-3,0
"2016-17","9668","Mount St. Mary's","Kayla AGENTOWICZ",21,2,600,1035,435,5,16,-11,0
"2016-17","9668","Mount St. Mary's","Caroline HUMMELL",32,2,600,600,0,0,0,0,0
"2016-17","9668","Maryland","Stephanie Jones",24,1,655,865,210,8,5,3,0
"2016-17","9668","Mount St. Mary's","Juliette LAWLESS",24,2,708,1020,312,5,14,-9,0
"2016-17","9668","Mount St. Mary's","Katrice DICKSON",11,2,738,947,209,3,12,-9,0
"2016-17","9668","Maryland","Kaila Charles",3,3,865,1066,201,8,0,8,0
"2016-17","9668","Maryland","Kristen Confroy",12,3,865,1724,859,41,11,30,0
"2016-17","9668","Maryland","Brianna Fraser",34,1,865,1200,335,11,2,9,0
"2016-17","9668","Mount St. Mary's","Caroline HUMMELL",32,3,865,936,71,0,4,-4,0
"2016-17","9668","Maryland","Ieshia Small",1,3,936,1120,184,6,0,6,0
"2016-17","9668","Mount St. Mary's","Stacey KOUTRIS",13,3,936,1120,184,0,6,-6,0
"2016-17","9668","Mount St. Mary's","Alexis CARTER",4,3,947,1381,434,4,17,-13,0
"2016-17","9668","Maryland","Jenna Staiti",14,2,1020,1196,176,3,2,1,0
"2016-17","9668","Mount St. Mary's","Ashlee WHITE",10,2,1020,1057,37,0,0,0,0
"2016-17","9668","Mount St. Mary's","Katrice DICKSON",11,3,1035,1196,161,2,3,-1,0
"2016-17","9668","Mount St. Mary's","Kathl BELANGER-FINN",3,3,1057,1305,248,2,7,-5,0
"2016-17","9668","Maryland","Blair Watson",22,1,1066,1200,134,3,2,1,0
"2016-17","9668","Maryland","Sarah Myers",21,2,1120,1191,71,0,2,-2,0
"2016-17","9668","Mount St. Mary's","Kayla AGENTOWICZ",21,3,1120,1200,80,2,1,1,0
"2016-17","9668","Mount St. Mary's","Caroline HUMMELL",32,4,1120,1631,511,7,25,-18,0
"2016-17","9668","Maryland","Ieshia Small",1,4,1191,1200,9,1,0,1,0
"2016-17","9668","Maryland","Kaila Charles",3,4,1196,1541,345,20,5,15,0
"2016-17","9668","Mount St. Mary's","Kate KUSTER",20,1,1196,1200,4,0,0,0,0
"2016-17","9668","Maryland","Destiny Slocum",5,3,1200,1541,341,20,5,15,0
"2016-17","9668","Maryland","S. Walker-Kimbrough",32,2,1200,1632,432,24,5,19,0
"2016-17","9668","Maryland","Brionna Jones",42,3,1200,1479,279,16,2,14,0
"2016-17","9668","Mount St. Mary's","Katrice DICKSON",11,4,1200,1200,0,0,0,0,0
"2016-17","9668","Mount St. Mary's","Kayla AGENTOWICZ",21,4,1200,1479,279,2,16,-14,0
"2016-17","9668","Mount St. Mary's","Mikal JOHNSON",25,2,1200,1305,105,0,4,-4,0
"2016-17","9668","Mount St. Mary's","Ashlee WHITE",10,3,1305,1417,112,2,10,-8,0
"2016-17","9668","Mount St. Mary's","Juliette LAWLESS",24,3,1305,1669,364,7,22,-15,0
"2016-17","9668","Mount St. Mary's","Katrice DICKSON",11,5,1381,2081,700,12,41,-29,0
"2016-17","9668","Mount St. Mary's","Mikal JOHNSON",25,3,1417,1800,383,7,20,-13,0
"2016-17","9668","Maryland","Jenna Staiti",14,3,1479,1559,80,6,3,3,0
"2016-17","9668","Mount St. Mary's","Kate KUSTER",20,2,1479,1541,62,3,4,-1,0
"2016-17","9668","Maryland","Ieshia Small",1,5,1541,1800,259,14,4,10,0
"2016-17","9668","Maryland","Brianna Fraser",34,2,1541,1800,259,14,4,10,0
"2016-17","9668","Mount St. Mary's","Alexis CARTER",4,4,1541,1846,305,4,16,-12,0
"2016-17","9668","Maryland","Stephanie Jones",24,2,1559,1685,126,5,2,3,0
"2016-17","9668","Mount St. Mary's","Jackie BUZAID",22,1,1631,1632,1,0,0,0,0
"2016-17","9668","Maryland","Blair Watson",22,2,1632,1800,168,10,4,6,0
"2016-17","9668","Mount St. Mary's","Caroline HUMMELL",32,5,1632,1724,92,4,6,-2,0
"2016-17","9668","Mount St. Mary's","Kathl BELANGER-FINN",3,4,1669,1757,88,2,6,-4,0
"2016-17","9668","Maryland","Kiah Gillespie",15,2,1685,1800,115,7,2,5,0
"2016-17","9668","Maryland","Sarah Myers",21,3,1724,1800,76,4,0,4,0
"2016-17","9668","Mount St. Mary's","Stacey KOUTRIS",13,4,1724,1800,76,0,4,-4,0
"2016-17","9668","Mount St. Mary's","Juliette LAWLESS",24,4,1757,1918,161,0,11,-11,0
"2016-17","9668","Maryland","Ieshia Small",1,6,1800,2014,214,17,3,14,0
"2016-17","9668","Maryland","Kaila Charles",3,5,1800,1800,0,0,0,0,0
"2016-17","9668","Maryland","Destiny Slocum",5,4,1800,1800,0,0,0,0,0
"2016-17","9668","Maryland","Kristen Confroy",12,4,1800,1800,0,0,0,0,0
"2016-17","9668","Maryland","Kiah Gillespie",15,3,1800,1846,46,2,0,2,0
"2016-17","9668","Maryland","Sarah Myers",21,4,1800,2400,600,35,13,22,0
"2016-17","9668","Maryland","Blair Watson",22,3,1800,2400,600,35,13,22,0
"2016-17","9668","Maryland","S. Walker-Kimbrough",32,3,1800,1800,0,0,0,0,0
"2016-17","9668","Maryland","Brianna Fraser",34,3,1800,2160,360,24,8,16,0
"2016-17","9668","Maryland","Brionna Jones",42,4,1800,1800,0,0,0,0,0
"2016-17","9668","Mount St. Mary's","Kathl BELANGER-FINN",3,5,1800,1814,14,0,2,-2,0
"2016-17","9668","Mount St. Mary's","Caroline HUMMELL",32,6,1800,1814,14,0,2,-2,0
"2016-17","9668","Mount St. Mary's","Stacey KOUTRIS",13,5,1814,2400,586,13,33,-20,0
"2016-17","9668","Maryland","Jenna Staiti",14,4,1846,2081,235,17,5,12,0
"2016-17","9668","Mount St. Mary's","Kate KUSTER",20,3,1846,2400,554,13,33,-20,0
"2016-17","9668","Mount St. Mary's","Ashlee WHITE",10,4,1918,2400,482,13,26,-13,0
"2016-17","9668","Mount St. Mary's","Kayla AGENTOWICZ",21,5,1918,2400,482,13,26,-13,0
"2016-17","9668","Maryland","Kiah Gillespie",15,4,2014,2400,386,18,10,8,0
"2016-17","9668","Maryland","Stephanie Jones",24,3,2081,2400,319,16,8,8,0
"2016-17","9668","Mount St. Mary's","Jackie BUZAID",22,2,2081,2400,319,8,16,-8,0
"2016-17","9668","Maryland","Jenna Staiti",14,5,2160,2400,240,11,5,6,0
"2016-17","9669","Maryland","Kaila Charles",3,1,0,317,317,16,7,9,1
"2016-17","9669","Maryland","Destiny Slocum",5,1,0,376,376,19,7,12,1
"2016-17","9669","Maryland","Kristen Confroy",12,1,0,330,330,19,7,12,1
"2016-17","9669","Maryland","S. Walker-Kimbrough",32,1,0,254,254,13,2,11,1
"2016-17","9669","Maryland","Brionna Jones",42,1,0,140,140,8,2,6,1
"2016-17","9669","Niagara","Tiffany Corselli",3,1,0,317,317,7,16,-9,1
"2016-17","9669","Niagara","Maggie McIntyre",21,1,0,140,140,2,8,-6,1
"2016-17","9669","Niagara","Victoria Rampado",22,1,0,140,140,2,8,-6,1
"2016-17","9669","Niagara","Morgan Baughman",24,1,0,140,140,2,8,-6,1
"2016-17","9669","Niagara","Kaylee Stroemple",44,1,0,140,140,2,8,-6,1
"2016-17","9669","Maryland","Brianna Fraser",34,1,140,317,177,8,5,3,0
"2016-17","9669","Niagara","Jai Moore",4,1,140,487,347,13,16,-3,0
"2016-17","9669","Niagara","Kharysma Bryant",11,1,140,193,53,0,3,-3,0
"2016-17","9669","Niagara","Dagny Davidsdottir",33,1,140,600,460,15,19,-4,0
"2016-17","9669","Niagara","Kaylee Stroemple",44,2,193,537,344,15,16,-1,0
"2016-17","9669","Maryland","Ieshia Small",1,1,254,433,179,8,9,-1,0
"2016-17","9669","Maryland","Kiah Gillespie",15,1,317,1176,859,40,25,15,0
"2016-17","9669","Maryland","Brionna Jones",42,2,317,443,126,5,6,-1,0
"2016-17","9669","Niagara","Maggie McIntyre",21,2,317,940,623,15,22,-7,0
"2016-17","9669","Niagara","Victoria Rampado",22,2,317,731,414,10,15,-5,0
"2016-17","9669","Maryland","S. Walker-Kimbrough",32,2,330,1003,673,24,15,9,0
"2016-17","9669","Maryland","Sarah Myers",21,1,376,433,57,2,4,-2,0
"2016-17","9669","Maryland","Destiny Slocum",5,2,433,1194,761,37,21,16,0
"2016-17","9669","Maryland","Kristen Confroy",12,2,433,600,167,6,6,0,0
"2016-17","9669","Maryland","Kaila Charles",3,2,443,619,176,8,4,4,0
"2016-17","9669","Niagara","Tiffany Corselli",3,2,487,828,341,5,10,-5,0
"2016-17","9669","Niagara","Kharysma Bryant",11,2,537,600,63,0,0,0,0
"2016-17","9669","Maryland","Stephanie Jones",24,1,600,698,98,2,0,2,0
"2016-17","9669","Niagara","Morgan Baughman",24,2,600,828,228,3,7,-4,0
"2016-17","9669","Niagara","Kaylee Stroemple",44,3,600,755,155,0,4,-4,0
"2016-17","9669","Maryland","Blair Watson",22,1,619,959,340,11,5,6,0
"2016-17","9669","Maryland","Kaila Charles",3,3,698,1134,436,22,15,7,0
"2016-17","9669","Niagara","Dagny Davidsdottir",33,2,731,1039,308,8,14,-6,0
"2016-17","9669","Niagara","Kharysma Bryant",11,3,755,853,98,3,3,0,0
"2016-17","9669","Maryland","Jenna Staiti",14,1,828,959,131,6,2,4,0
"2016-17","9669","Niagara","Jai Moore",4,2,828,959,131,2,6,-4,0
"2016-17","9669","Niagara","Kaylee Stroemple",44,4,853,1720,867,26,41,-15,0
"2016-17","9669","Niagara","Tiffany Corselli",3,3,940,1144,204,10,16,-6,0
"2016-17","9669","Maryland","Ieshia Small",1,2,959,1200,241,18,10,8,0
"2016-17","9669","Niagara","Morgan Baughman",24,3,959,1134,175,10,11,-1,0
"2016-17","9669","Maryland","Kristen Confroy",12,3,1003,1384,381,20,21,-1,0
"2016-17","9669","Niagara","Maggie McIntyre",21,3,1003,1200,197,10,15,-5,0
"2016-17","9669","Niagara","Victoria Rampado",22,3,1039,1134,95,7,6,1,0
"2016-17","9669","Maryland","Brianna Fraser",34,2,1134,1200,66,7,0,7,0
"2016-17","9669","Niagara","Kharysma Bryant",11,4,1134,1200,66,0,7,-7,0
"2016-17","9669","Niagara","Dagny Davidsdottir",33,3,1134,1200,66,0,7,-7,0
"2016-17","9669","Niagara","Carolyn Cosey",1,1,1144,1200,56,0,4,-4,0
"2016-17","9669","Maryland","Jenna Staiti",14,2,1176,1200,24,2,0,2,0
"2016-17","9669","Maryland","Sarah Myers",21,2,1194,1200,6,0,0,0,0
"2016-17","9669","Maryland","Kaila Charles",3,4,1200,1384,184,5,11,-6,0
"2016-17","9669","Maryland","Destiny Slocum",5,3,1200,1720,520,17,14,3,0
"2016-17","9669","Maryland","S. Walker-Kimbrough",32,3,1200,1800,600,20,17,3,0
"2016-17","9669","Maryland","Brionna Jones",42,3,1200,1345,145,5,9,-4,0
"2016-17","9669","Niagara","Tiffany Corselli",3,4,1200,2027,827,22,29,-7,0
"2016-17","9669","Niagara","Victoria Rampado",22,4,1200,1869,669,17,22,-5,0
"2016-17","9669","Niagara","Morgan Baughman",24,4,1200,1345,145,9,5,4,0
"2016-17","9669","Niagara","Emily Granruth",25,1,1200,1490,290,12,7,5,0
"2016-17","9669","Maryland","Kiah Gillespie",15,2,1345,1490,145,2,3,-1,0
"2016-17","9669","Maryland","Blair Watson",22,2,1384,1417,33,0,0,0,0
"2016-17","9669","Maryland","Brianna Fraser",34,3,1384,1608,224,7,1,6,0
"2016-17","9669","Maryland","Ieshia Small",1,3,1417,2400,983,33,21,12,0
"2016-17","9669","Maryland","Jenna Staiti",14,3,1490,1800,310,13,5,8,0
"2016-17","9669","Niagara","Dagny Davidsdottir",33,4,1490,1720,230,2,10,-8,0
"2016-17","9669","Maryland","Stephanie Jones",24,2,1608,1800,192,8,5,3,0
"2016-17","9669","Maryland","Blair Watson",22,3,1720,2400,680,21,18,3,0
"2016-17","9669","Niagara","Kharysma Bryant",11,5,1720,2345,625,16,21,-5,0
"2016-17","9669","Niagara","Morgan Baughman",24,5,1720,2187,467,11,15,-4,0
"2016-17","9669","Maryland","Kristen Confroy",12,4,1800,2027,227,9,5,4,0
"2016-17","9669","Maryland","Kiah Gillespie",15,3,1800,1960,160,6,2,4,0
"2016-17","9669","Maryland","Brionna Jones",42,4,1800,2101,301,9,8,1,0
"2016-17","9669","Niagara","Kaylee Stroemple",44,5,1800,2187,387,8,12,-4,0
"2016-17","9669","Maryland","Brianna Fraser",34,4,1960,2101,141,3,6,-3,0
"2016-17","9669","Niagara","Victoria Rampado",22,5,1973,2272,299,11,10,1,0
"2016-17","9669","Maryland","Sarah Myers",21,3,2027,2400,373,9,10,-1,0
"2016-17","9669","Niagara","Dagny Davidsdottir",33,5,2027,2400,373,10,9,1,0
"2016-17","9669","Maryland","Jenna Staiti",14,4,2101,2240,139,5,5,0,0
"2016-17","9669","Maryland","Stephanie Jones",24,3,2101,2400,299,9,7,2,0
"2016-17","9669","Niagara","Tiffany Corselli",3,5,2187,2400,213,7,6,1,0
"2016-17","9669","Niagara","Jai Moore",4,3,2187,2400,213,7,6,1,0
"2016-17","9669","Maryland","Kiah Gillespie",15,4,2240,2350,110,4,0,4,0
"2016-17","9669","Niagara","Emily Granruth",25,2,2272,2400,128,2,2,0,0
"2016-17","9669","Maryland","Jenna Staiti",14,5,2350,2400,50,0,2,-2,0
"2016-17","9670","Arizona State","Robbi Ryan",11,1,-83,600,683,4,24,-20,0
"2016-17","9670","Arizona State","Sabrina Haines",3,1,0,-308,0,0,0,0,1
"2016-17","9670","Arizona State","Kiara Russell",4,1,0,763,763,4,24,-20,1
"2016-17","9670","Arizona State","Quinn Dornstauder",22,1,0,664,664,4,24,-20,1
"2016-17","9670","Arizona State","Kelsey Moos",24,1,0,763,763,4,24,-20,1
"2016-17","9670","Arizona State","Sara Hattis",44,1,0,600,600,4,24,-20,1
"2016-17","9670","Maryland","Kaila Charles",3,1,0,29,29,0,0,0,1
"2016-17","9670","Maryland","Destiny Slocum",5,1,0,911,911,24,4,20,1
"2016-17","9670","Maryland","Kiah Gillespie",15,1,0,600,600,24,4,20,1
"2016-17","9670","Maryland","S. Walker-Kimbrough",32,1,0,695,695,24,4,20,1
"2016-17","9670","Maryland","Brionna Jones",42,1,0,862,862,24,4,20,1
"2016-17","9670","Maryland","S. Walker-Kimbrough",32,2,265,1008,743,0,0,0,0
"2016-17","9670","Arizona State","Robbi Ryan",11,2,454,890,436,2,10,-8,0
"2016-17","9670","Arizona State","Sabrina Haines",3,2,600,767,167,0,0,0,0
"2016-17","9670","Arizona State","Sophie Brunner",21,1,600,767,167,0,0,0,0
"2016-17","9670","Maryland","Kaila Charles",3,2,600,763,163,0,0,0,0
"2016-17","9670","Maryland","Kristen Confroy",12,1,600,1072,472,0,0,0,0
"2016-17","9670","Arizona State","Kianna Ibis",42,1,695,195,0,0,0,0,0
"2016-17","9670","Maryland","Kaila Charles",3,3,706,1800,1094,36,24,12,0
"2016-17","9670","Maryland","S. Walker-Kimbrough",32,3,710,890,180,4,2,2,0
"2016-17","9670","Maryland","Kristen Confroy",12,2,753,1639,886,27,20,7,0
"2016-17","9670","Arizona State","Reili Richardson",1,1,763,769,6,0,0,0,0
"2016-17","9670","Arizona State","Robbi Ryan",11,3,763,808,45,0,0,0,0
"2016-17","9670","Arizona State","Sara Hattis",44,2,763,767,4,0,0,0,0
"2016-17","9670","Maryland","Kiah Gillespie",15,2,763,946,183,0,0,0,0
"2016-17","9670","Arizona State","Quinn Dornstauder",22,2,767,862,95,0,0,0,0
"2016-17","9670","Arizona State","Kelsey Moos",24,2,767,862,95,0,0,0,0
"2016-17","9670","Arizona State","Kiara Russell",4,2,769,995,226,0,0,0,0
"2016-17","9670","Arizona State","Reili Richardson",1,2,773,1200,427,9,17,-8,0
"2016-17","9670","Arizona State","Sabrina Haines",3,3,773,881,108,2,4,-2,0
"2016-17","9670","Arizona State","Ch Johnson-Chapman",33,1,773,824,51,0,2,-2,0
"2016-17","9670","Arizona State","Sabrina Haines",3,4,808,911,103,0,0,0,0
"2016-17","9670","Maryland","Brianna Fraser",34,1,812,706,0,6,0,6,0
"2016-17","9670","Arizona State","Robbi Ryan",11,4,862,995,133,0,0,0,0
"2016-17","9670","Arizona State","Sophie Brunner",21,2,862,1127,265,0,0,0,0
"2016-17","9670","Arizona State","Sara Hattis",44,3,862,911,49,0,0,0,0
"2016-17","9670","Maryland","Ieshia Small",1,1,862,946,84,0,0,0,0
"2016-17","9670","Maryland","Jenna Staiti",14,1,862,911,49,0,0,0,0
"2016-17","9670","Arizona State","Ch Johnson-Chapman",33,2,881,890,9,0,0,0,0
"2016-17","9670","Arizona State","Kiara Russell",4,3,890,980,90,2,4,-2,0
"2016-17","9670","Arizona State","Sophie Brunner",21,3,890,980,90,2,4,-2,0
"2016-17","9670","Arizona State","Kelsey Moos",24,3,890,980,90,2,4,-2,0
"2016-17","9670","Maryland","Destiny Slocum",5,2,890,1083,193,6,4,2,0
"2016-17","9670","Maryland","Brionna Jones",42,2,903,1376,473,17,12,5,0
"2016-17","9670","Arizona State","Reili Richardson",1,3,911,1169,258,0,0,0,0
"2016-17","9670","Arizona State","Quinn Dornstauder",22,3,911,1095,184,0,0,0,0
"2016-17","9670","Maryland","Brionna Jones",42,3,911,919,8,0,0,0,0
"2016-17","9670","Maryland","Sarah Myers",21,1,912,1200,288,23,9,14,0
"2016-17","9670","Arizona State","Quinn Dornstauder",22,4,940,1046,106,4,2,2,0
"2016-17","9670","Maryland","Destiny Slocum",5,3,946,1169,223,0,0,0,0
"2016-17","9670","Arizona State","Sabrina Haines",3,5,980,1083,103,2,2,0,0
"2016-17","9670","Arizona State","Robbi Ryan",11,5,980,1121,141,5,4,1,0
"2016-17","9670","Arizona State","Kianna Ibis",42,2,980,1181,201,5,7,-2,0
"2016-17","9670","Maryland","S. Walker-Kimbrough",32,4,980,1376,396,15,10,5,0
"2016-17","9670","Arizona State","Sabrina Haines",3,6,995,652,0,0,4,-4,0
"2016-17","9670","Arizona State","Kelsey Moos",24,4,995,1072,77,0,0,0,0
"2016-17","9670","Arizona State","Kianna Ibis",42,3,1031,940,0,2,12,-10,0
"2016-17","9670","Arizona State","Ch Johnson-Chapman",33,3,1046,1200,154,3,9,-6,0
"2016-17","9670","Maryland","Blair Watson",22,1,1072,1095,23,0,0,0,0
"2016-17","9670","Arizona State","Kiara Russell",4,4,1083,1288,205,8,9,-1,0
"2016-17","9670","Maryland","Ieshia Small",1,2,1083,1200,117,7,3,4,0
"2016-17","9670","Arizona State","Sara Hattis",44,4,1095,1170,75,0,0,0,0
"2016-17","9670","Maryland","S. Walker-Kimbrough",32,5,1119,520,0,0,0,0,0
"2016-17","9670","Arizona State","Sabrina Haines",3,7,1121,1376,255,5,11,-6,0
"2016-17","9670","Arizona State","Jamie Ruden",52,1,1127,980,0,4,14,-10,0
"2016-17","9670","Arizona State","Kiara Russell",4,5,1169,773,0,0,6,-6,0
"2016-17","9670","Maryland","Ieshia Small",1,3,1169,980,0,14,4,10,0
"2016-17","9670","Arizona State","Quinn Dornstauder",22,5,1170,710,0,0,6,-6,0
"2016-17","9670","Maryland","Stephanie Jones",24,1,1173,1200,27,2,0,2,0
"2016-17","9670","Arizona State","Quinn Dornstauder",22,6,1181,1376,195,5,8,-3,0
"2016-17","9670","Arizona State","Sophie Brunner",21,4,1200,1376,176,5,6,-1,0
"2016-17","9670","Arizona State","Kelsey Moos",24,5,1200,1288,88,5,2,3,0
"2016-17","9670","Maryland","Destiny Slocum",5,4,1200,773,0,6,0,6,0
"2016-17","9670","Maryland","Destiny Slocum",5,5,1200,1577,377,10,8,2,0
"2016-17","9670","Arizona State","Reili Richardson",1,4,1288,1554,266,3,6,-3,0
"2016-17","9670","Arizona State","Robbi Ryan",11,6,1288,1441,153,1,4,-3,0
"2016-17","9670","Arizona State","Kiara Russell",4,6,1376,1520,144,3,2,1,0
"2016-17","9670","Arizona State","Ch Johnson-Chapman",33,4,1376,1520,144,3,2,1,0
"2016-17","9670","Arizona State","Jamie Ruden",52,2,1376,1520,144,3,2,1,0
"2016-17","9670","Maryland","Ieshia Small",1,4,1376,1441,65,0,1,-1,0
"2016-17","9670","Maryland","Kiah Gillespie",15,3,1376,1520,144,2,3,-1,0
"2016-17","9670","Arizona State","Kelsey Moos",24,6,1441,1554,113,2,2,0,0
"2016-17","9670","Maryland","Sarah Myers",21,2,1441,1520,79,2,2,0,0
"2016-17","9670","Arizona State","Robbi Ryan",11,7,1520,1577,57,0,2,-2,0
"2016-17","9670","Arizona State","Sophie Brunner",21,5,1520,1662,142,3,4,-1,0
"2016-17","9670","Arizona State","Kianna Ibis",42,4,1520,1662,142,3,4,-1,0
"2016-17","9670","Maryland","S. Walker-Kimbrough",32,6,1520,1781,261,11,7,4,0
"2016-17","9670","Maryland","Brianna Fraser",34,2,1520,1639,119,2,3,-1,0
"2016-17","9670","Arizona State","Sabrina Haines",3,8,1554,1619,65,3,2,1,0
"2016-17","9670","Maryland","Ieshia Small",1,5,1577,1799,222,9,7,2,0
"2016-17","9670","Maryland","Sarah Myers",21,3,1602,1799,197,9,7,2,0
"2016-17","9670","Arizona State","Kelsey Moos",24,7,1619,1728,109,2,5,-3,0
"2016-17","9670","Maryland","Blair Watson",22,2,1639,1800,161,9,4,5,0
"2016-17","9670","Maryland","Brionna Jones",42,4,1639,1683,44,4,0,4,0
"2016-17","9670","Arizona State","Robbi Ryan",11,8,1662,1800,138,4,7,-3,0
"2016-17","9670","Arizona State","Quinn Dornstauder",22,7,1662,1728,66,2,3,-1,0
"2016-17","9670","Arizona State","Jamie Ruden",52,3,1662,1800,138,4,7,-3,0
"2016-17","9670","Maryland","Jenna Staiti",14,2,1683,1800,117,5,4,1,0
"2016-17","9670","Arizona State","Sara Hattis",44,5,1728,1800,72,2,4,-2,0
"2016-17","9670","Arizona State","Armani Hawkins",50,1,1728,1800,72,2,4,-2,0
"2016-17","9670","Arizona State","Sabrina Haines",3,9,1800,1800,0,0,0,0,0
"2016-17","9670","Arizona State","Kiara Russell",4,7,1800,1914,114,2,2,0,0
"2016-17","9670","Arizona State","Sophie Brunner",21,6,1800,1952,152,3,2,1,0
"2016-17","9670","Arizona State","Quinn Dornstauder",22,8,1800,1914,114,2,2,0,0
"2016-17","9670","Arizona State","Kelsey Moos",24,8,1800,1914,114,2,2,0,0
"2016-17","9670","Maryland","Kaila Charles",3,4,1800,2062,262,7,4,3,0
"2016-17","9670","Maryland","Destiny Slocum",5,6,1800,1800,0,0,0,0,0
"2016-17","9670","Maryland","Destiny Slocum",5,7,1800,1819,19,2,0,2,0
"2016-17","9670","Maryland","Kristen Confroy",12,3,1800,1800,0,0,0,0,0
"2016-17","9670","Maryland","Jenna Staiti",14,3,1800,1914,114,2,2,0,0
"2016-17","9670","Maryland","Kiah Gillespie",15,4,1800,1952,152,2,3,-1,0
"2016-17","9670","Maryland","Sarah Myers",21,4,1800,2232,432,13,5,8,0
"2016-17","9670","Maryland","Blair Watson",22,3,1800,2400,600,17,14,3,0
"2016-17","9670","Maryland","S. Walker-Kimbrough",32,7,1800,1800,0,0,0,0,0
"2016-17","9670","Maryland","Brionna Jones",42,5,1800,1800,0,0,0,0,0
"2016-17","9670","Maryland","Destiny Slocum",5,8,1836,2037,201,5,4,1,0
"2016-17","9670","Maryland","Stephanie Jones",24,2,1855,2400,545,15,14,1,0
"2016-17","9670","Arizona State","Reili Richardson",1,5,1914,2037,123,2,5,-3,0
"2016-17","9670","Arizona State","Robbi Ryan",11,9,1914,2037,123,2,5,-3,0
"2016-17","9670","Arizona State","Sara Hattis",44,6,1914,1998,84,2,2,0,0
"2016-17","9670","Arizona State","Armani Hawkins",50,2,1914,2037,123,2,5,-3,0
"2016-17","9670","Maryland","Brianna Fraser",34,3,1914,2131,217,9,2,7,0
"2016-17","9670","Arizona State","Sabrina Haines",3,10,1937,2172,235,3,9,-6,0
"2016-17","9670","Arizona State","Jamie Ruden",52,4,1952,2131,179,1,9,-8,0
"2016-17","9670","Maryland","Ieshia Small",1,6,1962,2203,241,9,2,7,0
"2016-17","9670","Arizona State","Kianna Ibis",42,5,1998,2172,174,1,7,-6,0
"2016-17","9670","Arizona State","Kiara Russell",4,8,2037,2189,152,1,4,-3,0
"2016-17","9670","Arizona State","Sydney Goodson",13,1,2037,2400,363,10,10,0,0
"2016-17","9670","Maryland","Kristen Confroy",12,4,2062,2094,32,2,0,2,0
"2016-17","9670","Arizona State","Ch Johnson-Chapman",33,5,2131,2348,217,8,4,4,0
"2016-17","9670","Maryland","Jenna Staiti",14,4,2131,2400,269,6,10,-4,0
"2016-17","9670","Arizona State","Sara Hattis",44,7,2172,2400,228,9,6,3,0
"2016-17","9670","Arizona State","Armani Hawkins",50,3,2172,2400,228,9,6,3,0
"2016-17","9670","Arizona State","Reili Richardson",1,6,2189,2319,130,5,4,1,0
"2016-17","9670","Maryland","Kristen Confroy",12,5,2203,2400,197,6,9,-3,0
"2016-17","9670","Arizona State","Sabrina Haines",3,11,2319,2400,81,4,2,2,0
"2016-17","9670","Arizona State","Jamie Ruden",52,5,2348,2400,52,2,2,0,0
"2016-17","9670","Maryland","Ieshia Small",1,7,2400,1914,0,2,2,0,0
"2016-17","9671","Maryland","Kaila Charles",3,1,0,109,109,5,6,-1,1
"2016-17","9671","Maryland","Destiny Slocum",5,1,0,268,268,7,12,-5,1
"2016-17","9671","Maryland","Kristen Confroy",12,1,0,300,300,8,12,-4,1
"2016-17","9671","Maryland","S. Walker-Kimbrough",32,1,0,290,290,8,12,-4,1
"2016-17","9671","Maryland","Brionna Jones",42,1,0,290,290,8,12,-4,1
"2016-17","9671","Washington State","Caila Hailey",1,1,0,268,268,12,7,5,1
"2016-17","9671","Washington State","Louise Brown",4,1,0,324,324,12,8,4,1
"2016-17","9671","Washington State","Chanelle Molina",11,1,0,268,268,12,7,5,1
"2016-17","9671","Washington State","Ivana Kmetovska",15,1,0,600,600,20,16,4,1
"2016-17","9671","Washington State","Borislava Hristova",45,1,0,300,300,12,8,4,1
"2016-17","9671","Washington State","Maria Kostourkova",20,1,100,362,262,6,5,1,0
"2016-17","9671","Maryland","Kiah Gillespie",15,1,109,156,47,0,1,-1,0
"2016-17","9671","Maryland","Brianna Fraser",34,1,156,268,112,2,5,-3,0
"2016-17","9671","Washington State","Kayla Washington",5,1,171,441,270,8,7,1,0
"2016-17","9671","Washington State","Pinelopi Pavlopoulou",22,1,194,208,14,0,0,0,0
"2016-17","9671","Maryland","Ieshia Small",1,1,268,1080,812,21,21,0,0
"2016-17","9671","Maryland","Stephanie Jones",24,1,268,412,144,5,3,2,0
"2016-17","9671","Washington State","Krystle McKenzie",2,1,268,412,144,3,5,-2,0
"2016-17","9671","Washington State","Pinelopi Pavlopoulou",22,2,268,290,22,0,1,-1,0
"2016-17","9671","Maryland","Jenna Staiti",14,1,290,300,10,0,0,0,0
"2016-17","9671","Maryland","Blair Watson",22,1,290,539,249,6,6,0,0
"2016-17","9671","Washington State","Chanelle Molina",11,2,290,779,489,13,14,-1,0
"2016-17","9671","Maryland","S. Walker-Kimbrough",32,2,300,779,479,14,13,1,0
"2016-17","9671","Maryland","Brionna Jones",42,2,300,861,561,16,15,1,0
"2016-17","9671","Washington State","Alexys Swedlund",23,1,300,600,300,8,8,0,0
"2016-17","9671","Washington State","Nike McClure",21,1,309,452,143,3,4,-1,0
"2016-17","9671","Maryland","Sarah Myers",21,1,324,600,276,8,8,0,0
"2016-17","9671","Maryland","Brianna Fraser",34,2,362,600,238,6,8,-2,0
"2016-17","9671","Washington State","Pinelopi Pavlopoulou",22,3,362,600,238,8,6,2,0
"2016-17","9671","Maryland","Kaila Charles",3,2,412,722,310,8,8,0,0
"2016-17","9671","Washington State","Johanna Muzet",10,1,412,600,188,5,4,1,0
"2016-17","9671","Maryland","Aja Ellison",0,1,473,600,127,2,5,-3,0
"2016-17","9671","Maryland","Destiny Slocum",5,2,539,861,322,10,9,1,0
"2016-17","9671","Maryland","Kristen Confroy",12,2,551,600,49,2,2,0,0
"2016-17","9671","Washington State","Caila Hailey",1,2,600,1198,598,14,18,-4,0
"2016-17","9671","Washington State","Louise Brown",4,2,600,861,261,7,8,-1,0
"2016-17","9671","Washington State","Nike McClure",21,2,600,907,307,7,8,-1,0
"2016-17","9671","Washington State","Borislava Hristova",45,2,600,901,301,7,8,-1,0
"2016-17","9671","Maryland","Stephanie Jones",24,2,722,873,151,4,4,0,0
"2016-17","9671","Washington State","Maria Kostourkova",20,2,722,939,217,4,6,-2,0
"2016-17","9671","Maryland","Kiah Gillespie",15,2,751,1040,289,6,8,-2,0
"2016-17","9671","Maryland","Sarah Myers",21,2,751,1200,449,12,9,3,0
"2016-17","9671","Washington State","Kayla Washington",5,2,751,999,248,5,6,-1,0
"2016-17","9671","Maryland","Brianna Fraser",34,3,757,893,136,2,2,0,0
"2016-17","9671","Washington State","Krystle McKenzie",2,2,779,951,172,2,4,-2,0
"2016-17","9671","Washington State","Pinelopi Pavlopoulou",22,4,783,907,124,2,2,0,0
"2016-17","9671","Maryland","Jenna Staiti",14,2,861,901,40,0,0,0,0
"2016-17","9671","Maryland","Blair Watson",22,2,861,901,40,0,0,0,0
"2016-17","9671","Maryland","Stephanie Jones",24,3,874,1168,294,8,6,2,0
"2016-17","9671","Washington State","Alexys Swedlund",23,2,883,1080,197,6,4,2,0
"2016-17","9671","Maryland","Kaila Charles",3,3,893,975,82,2,3,-1,0
"2016-17","9671","Maryland","S. Walker-Kimbrough",32,3,901,999,98,4,3,1,0
"2016-17","9671","Maryland","Brionna Jones",42,3,901,1665,764,25,20,5,0
"2016-17","9671","Washington State","Nike McClure",21,3,939,1200,261,7,8,-1,0
"2016-17","9671","Washington State","Chanelle Molina",11,3,951,1330,379,9,12,-3,0
"2016-17","9671","Maryland","Destiny Slocum",5,3,999,1088,89,0,3,-3,0
"2016-17","9671","Washington State","Louise Brown",4,3,999,1296,297,6,8,-2,0
"2016-17","9671","Washington State","Pinelopi Pavlopoulou",22,5,1004,1154,150,3,4,-1,0
"2016-17","9671","Maryland","Kaila Charles",3,4,1080,1760,680,23,19,4,0
"2016-17","9671","Maryland","S. Walker-Kimbrough",32,4,1088,2400,1312,51,36,15,0
"2016-17","9671","Washington State","Maria Kostourkova",20,3,1110,1168,58,0,2,-2,0
"2016-17","9671","Washington State","Borislava Hristova",45,3,1162,1546,384,12,10,2,0
"2016-17","9671","Washington State","Pinelopi Pavlopoulou",22,6,1170,1200,30,1,2,-1,0
"2016-17","9671","Maryland","Blair Watson",22,3,1198,1200,2,0,0,0,0
"2016-17","9671","Washington State","Krystle McKenzie",2,3,1198,1200,2,0,0,0,0
"2016-17","9671","Maryland","Destiny Slocum",5,4,1200,2315,1115,37,31,6,0
"2016-17","9671","Maryland","Kristen Confroy",12,3,1200,1244,44,2,0,2,0
"2016-17","9671","Washington State","Caila Hailey",1,3,1200,1409,209,2,4,-2,0
"2016-17","9671","Washington State","Ivana Kmetovska",15,2,1200,1590,390,13,11,2,0
"2016-17","9671","Maryland","Ieshia Small",1,2,1244,1800,556,17,18,-1,0
"2016-17","9671","Washington State","Pinelopi Pavlopoulou",22,7,1330,1715,385,11,11,0,0
"2016-17","9671","Maryland","Sarah Myers",21,3,1408,1651,243,9,11,-2,0
"2016-17","9671","Washington State","Krystle McKenzie",2,4,1409,1800,391,16,15,1,0
"2016-17","9671","Washington State","Kayla Washington",5,3,1525,1665,140,4,7,-3,0
"2016-17","9671","Washington State","Alexys Swedlund",23,3,1525,1659,134,4,5,-1,0
"2016-17","9671","Maryland","Kristen Confroy",12,4,1560,1938,378,15,12,3,0
"2016-17","9671","Washington State","Maria Kostourkova",20,4,1590,1800,210,5,8,-3,0
"2016-17","9671","Maryland","Kiah Gillespie",15,3,1659,1681,22,2,0,2,0
"2016-17","9671","Maryland","Stephanie Jones",24,4,1665,1800,135,4,5,-1,0
"2016-17","9671","Washington State","Nike McClure",21,4,1665,1800,135,5,4,1,0
"2016-17","9671","Washington State","Borislava Hristova",45,4,1665,2400,735,22,30,-8,0
"2016-17","9671","Maryland","Brianna Fraser",34,4,1681,1800,119,4,5,-1,0
"2016-17","9671","Maryland","Brionna Jones",42,4,1797,2020,223,8,5,3,0
"2016-17","9671","Washington State","Chanelle Molina",11,4,1797,1986,189,5,8,-3,0
"2016-17","9671","Washington State","Cameron Fernandez",12,1,1797,1800,3,0,0,0,0
"2016-17","9671","Maryland","Ieshia Small",1,3,1800,1923,123,6,4,2,0
"2016-17","9671","Maryland","Kaila Charles",3,5,1800,1800,0,0,0,0,0
"2016-17","9671","Maryland","Stephanie Jones",24,5,1800,1814,14,0,2,-2,0
"2016-17","9671","Washington State","Caila Hailey",1,4,1800,1800,0,0,0,0,0
"2016-17","9671","Washington State","Krystle McKenzie",2,5,1800,1842,42,2,2,0,0
"2016-17","9671","Washington State","Louise Brown",4,4,1800,1800,0,0,0,0,0
"2016-17","9671","Washington State","Kayla Washington",5,4,1800,2400,600,17,26,-9,0
"2016-17","9671","Washington State","Ivana Kmetovska",15,3,1800,1800,0,0,0,0,0
"2016-17","9671","Washington State","Maria Kostourkova",20,5,1800,1938,138,5,6,-1,0
"2016-17","9671","Washington State","Nike McClure",21,5,1800,1814,14,2,0,2,0
"2016-17","9671","Maryland","Kaila Charles",3,6,1814,2093,279,8,5,3,0
"2016-17","9671","Washington State","Louise Brown",4,5,1814,2400,586,15,26,-11,0
"2016-17","9671","Washington State","Caila Hailey",1,5,1842,2301,459,9,16,-7,0
"2016-17","9671","Maryland","Kiah Gillespie",15,4,1903,2400,497,22,15,7,0
"2016-17","9671","Washington State","Pinelopi Pavlopoulou",22,8,1908,2142,234,7,5,2,0
"2016-17","9671","Maryland","Ieshia Small",1,4,1938,2009,71,2,0,2,0
"2016-17","9671","Washington State","Ivana Kmetovska",15,4,1938,2009,71,0,2,-2,0
"2016-17","9671","Maryland","Sarah Myers",21,4,1942,2252,310,7,6,1,0
"2016-17","9671","Washington State","Maria Kostourkova",20,6,1983,2216,233,4,5,-1,0
"2016-17","9671","Maryland","Blair Watson",22,4,2009,2400,391,18,12,6,0
"2016-17","9671","Maryland","Stephanie Jones",24,6,2020,2128,108,1,4,-3,0
"2016-17","9671","Maryland","Ieshia Small",1,5,2093,2108,15,0,0,0,0
"2016-17","9671","Washington State","Alexys Swedlund",23,4,2093,2312,219,6,10,-4,0
"2016-17","9671","Maryland","Brionna Jones",42,5,2128,2209,81,4,0,4,0
"2016-17","9671","Washington State","Chanelle Molina",11,5,2175,2301,126,2,9,-7,0
"2016-17","9671","Maryland","Stephanie Jones",24,7,2209,2229,20,0,0,0,0
"2016-17","9671","Washington State","Nike McClure",21,6,2216,2236,20,2,0,2,0
"2016-17","9671","Maryland","Ieshia Small",1,6,2229,2400,171,13,8,5,0
"2016-17","9671","Maryland","Kristen Confroy",12,5,2252,2400,148,13,6,7,0
"2016-17","9671","Maryland","Brianna Fraser",34,5,2252,2400,148,13,6,7,0
"2016-17","9671","Maryland","Brionna Jones",42,6,2262,2301,39,2,0,2,0
"2016-17","9671","Maryland","Stephanie Jones",24,8,2301,2312,11,0,2,-2,0
"2016-17","9671","Washington State","Pinelopi Pavlopoulou",22,9,2301,2312,11,2,0,2,0
"2016-17","9671","Maryland","Brionna Jones",42,7,2312,2337,25,2,1,1,0
"2016-17","9671","Washington State","Caila Hailey",1,6,2312,2339,27,1,3,-2,0
"2016-17","9671","Washington State","Chanelle Molina",11,6,2312,2339,27,1,3,-2,0
"2016-17","9671","Maryland","Stephanie Jones",24,9,2337,2400,63,6,3,3,0
"2016-17","9671","Washington State","Nike McClure",21,7,2337,2339,2,0,1,-1,0
"2016-17","9671","Washington State","Maria Kostourkova",20,7,2339,2400,61,3,5,-2,0
"2016-17","9671","Washington State","Pinelopi Pavlopoulou",22,10,2339,2375,36,2,4,-2,0
"2016-17","9671","Washington State","Alexys Swedlund",23,5,2339,2400,61,3,5,-2,0
"2016-17","9671","Maryland","Destiny Slocum",5,5,2343,2400,57,5,3,2,0
"2016-17","9671","Washington State","Chanelle Molina",11,7,2375,2387,12,0,1,-1,0
"2016-17","9671","Washington State","Pinelopi Pavlopoulou",22,11,2387,2400,13,1,0,1,0
"2016-17","9672","Louisville","Briahanna JACKSON",0,1,0,427,427,18,11,7,1
"2016-17","9672","Louisville","Myisha HINES-ALLEN",2,1,0,536,536,22,17,5,1
"2016-17","9672","Louisville","Mariya MOORE",4,1,0,509,509,20,16,4,1
"2016-17","9672","Louisville","Cortnee WALTON",13,1,0,536,536,22,17,5,1
"2016-17","9672","Louisville","Asia DURR",25,1,0,536,536,22,17,5,1
"2016-17","9672","Maryland","Kaila Charles",3,1,0,387,387,9,18,-9,1
"2016-17","9672","Maryland","Destiny Slocum",5,1,0,90,90,3,4,-1,1
"2016-17","9672","Maryland","Kristen Confroy",12,1,0,316,316,9,11,-2,1
"2016-17","9672","Maryland","S. Walker-Kimbrough",32,1,0,287,287,7,11,-4,1
"2016-17","9672","Maryland","Brionna Jones",42,1,0,287,287,7,11,-4,1
"2016-17","9672","Maryland","Ieshia Small",1,1,90,316,226,6,7,-1,0
"2016-17","9672","Maryland","Blair Watson",22,1,287,387,100,2,7,-5,0
"2016-17","9672","Maryland","Brianna Fraser",34,1,287,451,164,4,7,-3,0
"2016-17","9672","Maryland","Destiny Slocum",5,2,316,1013,697,31,21,10,0
"2016-17","9672","Maryland","S. Walker-Kimbrough",32,2,316,1179,863,33,27,6,0
"2016-17","9672","Maryland","Kristen Confroy",12,2,387,2400,2013,69,54,15,0
"2016-17","9672","Maryland","Brionna Jones",42,2,387,703,316,14,8,6,0
"2016-17","9672","Louisville","Taylor JOHNSON",15,1,427,600,173,6,9,-3,0
"2016-17","9672","Maryland","Stephanie Jones",24,1,451,600,149,9,6,3,0
"2016-17","9672","Louisville","Jazmine JONES",23,1,509,600,91,4,4,0,0
"2016-17","9672","Louisville","Briahanna JACKSON",0,2,536,1576,1040,23,38,-15,0
"2016-17","9672","Louisville","Mariya MOORE",4,2,536,790,254,4,11,-7,0
"2016-17","9672","Louisville","Ciera JOHNSON",40,1,536,600,64,2,3,-1,0
"2016-17","9672","Louisville","Myisha HINES-ALLEN",2,2,600,600,0,0,0,0,0
"2016-17","9672","Louisville","Cortnee WALTON",13,2,600,600,0,0,0,0,0
"2016-17","9672","Louisville","Taylor JOHNSON",15,2,600,738,138,2,6,-4,0
"2016-17","9672","Louisville","Jazmine JONES",23,2,600,689,89,2,3,-1,0
"2016-17","9672","Louisville","Asia DURR",25,2,600,600,0,0,0,0,0
"2016-17","9672","Louisville","Ciera JOHNSON",40,2,600,647,47,2,0,2,0
"2016-17","9672","Maryland","Kaila Charles",3,2,600,600,0,0,0,0,0
"2016-17","9672","Maryland","Stephanie Jones",24,2,600,760,160,6,2,4,0
"2016-17","9672","Louisville","Cortnee WALTON",13,3,647,1004,357,6,18,-12,0
"2016-17","9672","Louisville","Asia DURR",25,3,689,1706,1017,23,34,-11,0
"2016-17","9672","Maryland","Brianna Fraser",34,2,703,845,142,7,3,4,0
"2016-17","9672","Louisville","Sam FUEHRING",3,1,738,873,135,4,6,-2,0
"2016-17","9672","Maryland","Brionna Jones",42,3,760,1144,384,16,12,4,0
"2016-17","9672","Louisville","Jazmine JONES",23,3,790,992,202,6,10,-4,0
"2016-17","9672","Maryland","Kaila Charles",3,3,845,873,28,2,1,1,0
"2016-17","9672","Louisville","Ciera JOHNSON",40,3,873,930,57,0,2,-2,0
"2016-17","9672","Maryland","Stephanie Jones",24,3,873,992,119,6,2,4,0
"2016-17","9672","Louisville","Kylee SHOOK",21,1,930,992,62,2,4,-2,0
"2016-17","9672","Louisville","Myisha HINES-ALLEN",2,3,992,1169,177,6,4,2,0
"2016-17","9672","Louisville","Mariya MOORE",4,3,992,1169,177,6,4,2,0
"2016-17","9672","Maryland","Kiah Gillespie",15,1,992,1096,104,4,4,0,0
"2016-17","9672","Louisville","Ciera JOHNSON",40,4,1004,1200,196,6,4,2,0
"2016-17","9672","Maryland","Ieshia Small",1,2,1013,1096,83,2,4,-2,0
"2016-17","9672","Maryland","Kaila Charles",3,4,1096,1120,24,0,0,0,0
"2016-17","9672","Maryland","Sarah Myers",21,1,1096,1200,104,0,2,-2,0
"2016-17","9672","Maryland","Brianna Fraser",34,3,1120,1576,456,13,9,4,0
"2016-17","9672","Maryland","Stephanie Jones",24,4,1144,1200,56,0,0,0,0
"2016-17","9672","Louisville","Sam FUEHRING",3,2,1169,1179,10,0,0,0,0
"2016-17","9672","Louisville","Taylor JOHNSON",15,3,1169,1179,10,0,0,0,0
"2016-17","9672","Louisville","Myisha HINES-ALLEN",2,4,1179,2400,1221,34,36,-2,0
"2016-17","9672","Louisville","Mariya MOORE",4,4,1179,1761,582,14,17,-3,0
"2016-17","9672","Maryland","Ieshia Small",1,3,1179,1200,21,0,0,0,0
"2016-17","9672","Louisville","Cortnee WALTON",13,4,1200,1781,581,15,17,-2,0
"2016-17","9672","Maryland","Kaila Charles",3,5,1200,2014,814,20,22,-2,0
"2016-17","9672","Maryland","S. Walker-Kimbrough",32,3,1200,1576,376,13,7,6,0
"2016-17","9672","Maryland","Brionna Jones",42,4,1200,1222,22,0,1,-1,0
"2016-17","9672","Louisville","Taylor JOHNSON",15,4,1576,1761,185,7,4,3,0
"2016-17","9672","Maryland","Ieshia Small",1,4,1576,1604,28,0,0,0,0
"2016-17","9672","Maryland","Kiah Gillespie",15,2,1576,1611,35,0,0,0,0
"2016-17","9672","Maryland","S. Walker-Kimbrough",32,4,1604,2400,796,23,27,-4,0
"2016-17","9672","Maryland","Brianna Fraser",34,4,1611,1800,189,7,8,-1,0
"2016-17","9672","Louisville","Briahanna JACKSON",0,3,1706,2400,694,23,21,2,0
"2016-17","9672","Maryland","Sarah Myers",21,2,1706,1800,94,5,4,1,0
"2016-17","9672","Louisville","Jazmine JONES",23,4,1761,1800,39,1,3,-2,0
"2016-17","9672","Louisville","Asia DURR",25,4,1761,2183,422,12,6,6,0
"2016-17","9672","Louisville","Taylor JOHNSON",15,5,1781,1800,19,0,3,-3,0
"2016-17","9672","Louisville","Mariya MOORE",4,5,1800,1800,0,0,0,0,0
"2016-17","9672","Louisville","Cortnee WALTON",13,5,1800,2379,579,16,12,4,0
"2016-17","9672","Louisville","Jazmine JONES",23,5,1800,1976,176,5,0,5,0
"2016-17","9672","Maryland","Destiny Slocum",5,3,1800,2400,600,16,19,-3,0
"2016-17","9672","Maryland","Brionna Jones",42,5,1800,1989,189,0,5,-5,0
"2016-17","9672","Louisville","Mariya MOORE",4,6,1976,2369,393,11,12,-1,0
"2016-17","9672","Maryland","Brianna Fraser",34,5,1989,2114,125,3,6,-3,0
"2016-17","9672","Maryland","Stephanie Jones",24,5,2014,2183,169,3,4,-1,0
"2016-17","9672","Maryland","Brionna Jones",42,6,2114,2400,286,13,8,5,0
"2016-17","9672","Louisville","Jazmine JONES",23,6,2183,2200,17,0,0,0,0
"2016-17","9672","Maryland","Kaila Charles",3,6,2183,2400,217,13,8,5,0
"2016-17","9672","Louisville","Asia DURR",25,5,2200,2400,200,8,13,-5,0
"2016-17","9672","Louisville","Jazmine JONES",23,7,2369,2379,10,0,0,0,0
"2016-17","9672","Louisville","Mariya MOORE",4,7,2379,2396,17,3,4,-1,0
"2016-17","9672","Louisville","Sydney ZAMBROTTA",10,1,2379,2381,2,1,0,1,0
"2016-17","9672","Louisville","Jazmine JONES",23,8,2381,2386,5,0,2,-2,0
"2016-17","9672","Louisville","Sydney ZAMBROTTA",10,2,2386,2394,8,2,0,2,0
"2016-17","9672","Louisville","Jazmine JONES",23,9,2394,2400,6,0,2,-2,0
"2016-17","9672","Louisville","Sydney ZAMBROTTA",10,3,2396,2400,4,0,0,0,0
"2016-17","9673","Maryland","Kaila Charles",3,1,0,250,250,7,2,5,1
"2016-17","9673","Maryland","Destiny Slocum",5,1,0,250,250,7,2,5,1
"2016-17","9673","Maryland","Kristen Confroy",12,1,0,316,316,12,4,8,1
"2016-17","9673","Maryland","S. Walker-Kimbrough",32,1,0,176,176,4,0,4,1
"2016-17","9673","Maryland","Brionna Jones",42,1,0,99,99,4,0,4,1
"2016-17","9673","Umbc","Te'yjah Oliver",3,1,0,250,250,2,7,-5,1
"2016-17","9673","Umbc","Pandora Wilson",13,1,0,457,457,6,16,-10,1
"2016-17","9673","Umbc","Laura Castaldo",25,1,0,457,457,6,16,-10,1
"2016-17","9673","Umbc","Tyler Moore",42,1,0,992,992,17,38,-21,1
"2016-17","9673","Umbc","Lakiah Sims",45,1,0,600,600,9,24,-15,1
"2016-17","9673","Maryland","Brianna Fraser",34,1,99,316,217,8,4,4,0
"2016-17","9673","Maryland","Ieshia Small",1,1,176,356,180,8,4,4,0
"2016-17","9673","Maryland","S. Walker-Kimbrough",32,2,250,457,207,9,4,5,0
"2016-17","9673","Maryland","Brionna Jones",42,2,250,543,293,15,4,11,0
"2016-17","9673","Umbc","Emily Russo",23,1,250,457,207,4,9,-5,0
"2016-17","9673","Maryland","Destiny Slocum",5,2,316,543,227,10,2,8,0
"2016-17","9673","Maryland","Stephanie Jones",24,1,316,457,141,4,2,2,0
"2016-17","9673","Maryland","Kristen Confroy",12,2,356,543,187,10,2,8,0
"2016-17","9673","Maryland","Kiah Gillespie",15,1,457,600,143,8,3,5,0
"2016-17","9673","Maryland","Blair Watson",22,1,457,600,143,8,3,5,0
"2016-17","9673","Umbc","Amanda Hagaman",15,1,457,600,143,3,8,-5,0
"2016-17","9673","Umbc","Lucrezia Costa",24,1,457,600,143,3,8,-5,0
"2016-17","9673","Umbc","Allison McGrath",35,1,457,600,143,3,8,-5,0
"2016-17","9673","Maryland","Kaila Charles",3,2,543,785,242,9,3,6,0
"2016-17","9673","Maryland","Jenna Staiti",14,1,543,600,57,2,3,-1,0
"2016-17","9673","Maryland","Sarah Myers",21,1,543,600,57,2,3,-1,0
"2016-17","9673","Maryland","Destiny Slocum",5,3,600,600,0,0,0,0,0
"2016-17","9673","Maryland","Kristen Confroy",12,3,600,600,0,0,0,0,0
"2016-17","9673","Maryland","Jenna Staiti",14,2,600,785,185,7,0,7,0
"2016-17","9673","Maryland","Kiah Gillespie",15,2,600,717,117,4,0,4,0
"2016-17","9673","Maryland","Sarah Myers",21,2,600,717,117,4,0,4,0
"2016-17","9673","Maryland","S. Walker-Kimbrough",32,3,600,785,185,7,0,7,0
"2016-17","9673","Maryland","Brionna Jones",42,3,600,600,0,0,0,0,0
"2016-17","9673","Umbc","Te'yjah Oliver",3,2,600,992,392,8,14,-6,0
"2016-17","9673","Umbc","Pandora Wilson",13,2,600,600,0,0,0,0,0
"2016-17","9673","Umbc","Amanda Hagaman",15,2,600,717,117,0,4,-4,0
"2016-17","9673","Umbc","Lucrezia Costa",24,2,600,717,117,0,4,-4,0
"2016-17","9673","Umbc","Laura Castaldo",25,2,600,600,0,0,0,0,0
"2016-17","9673","Umbc","Allison McGrath",35,2,600,717,117,0,4,-4,0
"2016-17","9673","Maryland","Destiny Slocum",5,4,717,992,275,10,8,2,0
"2016-17","9673","Maryland","Brianna Fraser",34,2,717,992,275,10,8,2,0
"2016-17","9673","Umbc","Pandora Wilson",13,3,717,992,275,8,10,-2,0
"2016-17","9673","Umbc","Laura Castaldo",25,3,717,1734,1017,18,38,-20,0
"2016-17","9673","Umbc","Lakiah Sims",45,2,717,992,275,8,10,-2,0
"2016-17","9673","Maryland","Ieshia Small",1,2,785,1166,381,11,8,3,0
"2016-17","9673","Maryland","Kristen Confroy",12,4,785,992,207,7,8,-1,0
"2016-17","9673","Maryland","Stephanie Jones",24,2,785,992,207,7,8,-1,0
"2016-17","9673","Maryland","Kiah Gillespie",15,3,992,1200,208,4,0,4,0
"2016-17","9673","Maryland","Sarah Myers",21,3,992,1200,208,4,0,4,0
"2016-17","9673","Maryland","Blair Watson",22,2,992,1200,208,4,0,4,0
"2016-17","9673","Maryland","Brionna Jones",42,4,992,1106,114,2,0,2,0
"2016-17","9673","Umbc","Amanda Hagaman",15,3,992,1200,208,0,4,-4,0
"2016-17","9673","Umbc","Emily Russo",23,2,992,1200,208,0,4,-4,0
"2016-17","9673","Umbc","Lucrezia Costa",24,3,992,1106,114,0,2,-2,0
"2016-17","9673","Umbc","Allison McGrath",35,3,992,1200,208,0,4,-4,0
"2016-17","9673","Maryland","Jenna Staiti",14,3,1106,1200,94,2,0,2,0
"2016-17","9673","Umbc","Pandora Wilson",13,4,1106,1401,295,4,14,-10,0
"2016-17","9673","Maryland","Kaila Charles",3,3,1166,1539,373,19,9,10,0
"2016-17","9673","Maryland","Destiny Slocum",5,5,1200,1539,339,19,9,10,0
"2016-17","9673","Maryland","Kristen Confroy",12,5,1200,1539,339,19,9,10,0
"2016-17","9673","Maryland","S. Walker-Kimbrough",32,4,1200,1485,285,17,7,10,0
"2016-17","9673","Maryland","Brionna Jones",42,5,1200,1485,285,17,7,10,0
"2016-17","9673","Umbc","Te'yjah Oliver",3,3,1200,1339,139,2,6,-4,0
"2016-17","9673","Umbc","Tyler Moore",42,2,1200,2324,1124,23,49,-26,0
"2016-17","9673","Umbc","Lakiah Sims",45,3,1200,1401,201,4,12,-8,0
"2016-17","9673","Umbc","Emily Russo",23,3,1339,1600,261,7,15,-8,0
"2016-17","9673","Umbc","Amanda Hagaman",15,4,1401,1800,399,6,17,-11,0
"2016-17","9673","Umbc","Lucrezia Costa",24,4,1401,1800,399,6,17,-11,0
"2016-17","9673","Maryland","Blair Watson",22,3,1485,1800,315,12,3,9,0
"2016-17","9673","Maryland","Brianna Fraser",34,3,1485,1734,249,7,3,4,0
"2016-17","9673","Maryland","Ieshia Small",1,3,1539,1800,261,10,1,9,0
"2016-17","9673","Maryland","Destiny Slocum",5,6,1551,1600,49,0,0,0,0
"2016-17","9673","Maryland","Stephanie Jones",24,3,1551,1642,91,1,1,0,0
"2016-17","9673","Maryland","Sarah Myers",21,4,1600,1800,200,8,1,7,0
"2016-17","9673","Umbc","Te'yjah Oliver",3,4,1600,1805,205,1,8,-7,0
"2016-17","9673","Maryland","Kiah Gillespie",15,4,1642,1800,158,7,0,7,0
"2016-17","9673","Maryland","Jenna Staiti",14,4,1734,1800,66,5,0,5,0
"2016-17","9673","Umbc","Allison McGrath",35,4,1734,1800,66,0,5,-5,0
"2016-17","9673","Maryland","Ieshia Small",1,4,1800,2076,276,13,7,6,0
"2016-17","9673","Maryland","Kaila Charles",3,4,1800,1800,0,0,0,0,0
"2016-17","9673","Maryland","Destiny Slocum",5,7,1800,1800,0,0,0,0,0
"2016-17","9673","Maryland","Kristen Confroy",12,6,1800,1800,0,0,0,0,0
"2016-17","9673","Maryland","Jenna Staiti",14,5,1800,1913,113,2,2,0,0
"2016-17","9673","Maryland","Kiah Gillespie",15,5,1800,2400,600,21,15,6,0
"2016-17","9673","Maryland","Sarah Myers",21,5,1800,1944,144,4,2,2,0
"2016-17","9673","Maryland","Blair Watson",22,4,1800,2400,600,21,15,6,0
"2016-17","9673","Maryland","S. Walker-Kimbrough",32,5,1800,1800,0,0,0,0,0
"2016-17","9673","Maryland","Brionna Jones",42,6,1800,1800,0,0,0,0,0
"2016-17","9673","Umbc","Pandora Wilson",13,5,1800,2220,420,12,13,-1,0
"2016-17","9673","Umbc","Laura Castaldo",25,4,1800,2400,600,15,21,-6,0
"2016-17","9673","Umbc","Lakiah Sims",45,4,1800,2324,524,13,20,-7,0
"2016-17","9673","Umbc","Emily Russo",23,4,1805,2076,271,7,13,-6,0
"2016-17","9673","Maryland","Brianna Fraser",34,4,1913,2117,204,11,5,6,0
"2016-17","9673","Maryland","Stephanie Jones",24,4,1944,2400,456,17,13,4,0
"2016-17","9673","Maryland","Sarah Myers",21,6,2076,2400,324,8,8,0,0
"2016-17","9673","Umbc","Carly Harris",21,1,2076,2400,324,8,8,0,0
"2016-17","9673","Maryland","Jenna Staiti",14,6,2117,2193,76,0,5,-5,0
"2016-17","9673","Maryland","Brianna Fraser",34,5,2193,2220,27,0,0,0,0
"2016-17","9673","Maryland","Jenna Staiti",14,7,2220,2400,180,8,3,5,0
"2016-17","9673","Umbc","Allison McGrath",35,5,2220,2400,180,3,8,-5,0
"2016-17","9673","Umbc","Amanda Hagaman",15,5,2324,2400,76,2,1,1,0
"2016-17","9673","Umbc","Emily Russo",23,5,2324,2400,76,2,1,1,0
"2016-17","9674","Maryland","Kaila Charles",3,1,0,205,205,8,4,4,1
"2016-17","9674","Maryland","Destiny Slocum",5,1,0,859,859,43,16,27,1
"2016-17","9674","Maryland","Kristen Confroy",12,1,0,548,548,20,8,12,1
"2016-17","9674","Maryland","S. Walker-Kimbrough",32,1,0,339,339,15,6,9,1
"2016-17","9674","Maryland","Brionna Jones",42,1,0,205,205,8,4,4,1
"2016-17","9674","Towson","Sianni Martin",3,1,0,419,419,6,15,-9,1
"2016-17","9674","Towson","Jordyn Smith",5,1,0,360,360,6,15,-9,1
"2016-17","9674","Towson","Raine Bankston",10,1,0,1358,1358,33,64,-31,1
"2016-17","9674","Towson","Raven Bankston",11,1,0,262,262,4,10,-6,1
"2016-17","9674","Towson","Brianna Bush",14,1,0,262,262,4,10,-6,1
"2016-17","9674","Maryland","Stephanie Jones",24,1,205,443,238,7,2,5,0
"2016-17","9674","Maryland","Brianna Fraser",34,1,205,339,134,7,2,5,0
"2016-17","9674","Towson","Mary Cuevas",22,1,262,600,338,6,12,-6,0
"2016-17","9674","Towson","Shanea Butler",32,1,262,593,331,6,12,-6,0
"2016-17","9674","Maryland","Blair Watson",22,1,339,593,254,7,4,3,0
"2016-17","9674","Maryland","Brionna Jones",42,2,339,779,440,22,8,14,0
"2016-17","9674","Towson","Maia Lee",25,1,360,548,188,2,5,-3,0
"2016-17","9674","Towson","Raven Bankston",11,2,419,1528,1109,32,54,-22,0
"2016-17","9674","Maryland","Brianna Fraser",34,2,443,548,105,5,2,3,0
"2016-17","9674","Maryland","Kaila Charles",3,2,548,859,311,23,8,15,0
"2016-17","9674","Maryland","S. Walker-Kimbrough",32,2,548,1109,561,34,18,16,0
"2016-17","9674","Towson","Brittany Tarr",23,1,548,600,52,2,2,0,0
"2016-17","9674","Maryland","Ieshia Small",1,1,593,600,7,0,0,0,0
"2016-17","9674","Towson","Sianni Martin",3,2,593,859,266,6,21,-15,0
"2016-17","9674","Maryland","Ieshia Small",1,2,600,679,79,5,4,1,0
"2016-17","9674","Maryland","Kristen Confroy",12,2,600,600,0,0,0,0,0
"2016-17","9674","Towson","Jordyn Smith",5,2,600,600,0,0,0,0,0
"2016-17","9674","Towson","Brianna Bush",14,2,600,659,59,2,5,-3,0
"2016-17","9674","Towson","Brittany Tarr",23,2,600,679,79,4,5,-1,0
"2016-17","9674","Towson","Daijha Thomas",33,1,659,859,200,4,16,-12,0
"2016-17","9674","Maryland","Kristen Confroy",12,3,679,859,180,16,2,14,0
"2016-17","9674","Towson","Brianna Bush",14,3,679,1528,849,24,42,-18,0
"2016-17","9674","Maryland","Jenna Staiti",14,1,779,1109,330,17,12,5,0
"2016-17","9674","Maryland","Kiah Gillespie",15,1,859,1200,341,13,13,0,0
"2016-17","9674","Maryland","Sarah Myers",21,1,859,1200,341,13,13,0,0
"2016-17","9674","Maryland","Blair Watson",22,2,859,1200,341,13,13,0,0
"2016-17","9674","Towson","Jordyn Smith",5,3,859,1358,499,17,21,-4,0
"2016-17","9674","Towson","Shanea Butler",32,2,859,1200,341,13,13,0,0
"2016-17","9674","Maryland","Kaila Charles",3,3,1109,1163,54,2,1,1,0
"2016-17","9674","Maryland","Brianna Fraser",34,3,1109,1200,91,2,3,-1,0
"2016-17","9674","Maryland","Kristen Confroy",12,4,1163,1528,365,13,11,2,0
"2016-17","9674","Maryland","Kaila Charles",3,4,1200,1637,437,15,11,4,0
"2016-17","9674","Maryland","Destiny Slocum",5,2,1200,1677,477,15,13,2,0
"2016-17","9674","Maryland","S. Walker-Kimbrough",32,3,1200,1404,204,11,4,7,0
"2016-17","9674","Maryland","Brionna Jones",42,3,1200,1404,204,11,4,7,0
"2016-17","9674","Towson","Sianni Martin",3,3,1200,1542,342,9,13,-4,0
"2016-17","9674","Towson","Mary Cuevas",22,2,1358,1800,442,11,12,-1,0
"2016-17","9674","Towson","Shanea Butler",32,3,1358,1542,184,5,5,0,0
"2016-17","9674","Maryland","Blair Watson",22,3,1404,1528,124,2,5,-3,0
"2016-17","9674","Maryland","Brianna Fraser",34,4,1404,1637,233,4,7,-3,0
"2016-17","9674","Maryland","Ieshia Small",1,3,1528,1800,272,7,6,1,0
"2016-17","9674","Maryland","Stephanie Jones",24,2,1528,1800,272,7,6,1,0
"2016-17","9674","Towson","Raine Bankston",10,2,1528,2098,570,17,16,1,0
"2016-17","9674","Towson","Brittany Tarr",23,3,1528,1779,251,6,5,1,0
"2016-17","9674","Towson","Nukiya Mayo",1,1,1542,1800,258,6,7,-1,0
"2016-17","9674","Towson","Raven Bankston",11,3,1542,1729,187,6,4,2,0
"2016-17","9674","Maryland","Kiah Gillespie",15,2,1637,1800,163,5,4,1,0
"2016-17","9674","Maryland","Sarah Myers",21,2,1637,1800,163,5,4,1,0
"2016-17","9674","Maryland","Blair Watson",22,4,1677,1800,123,5,2,3,0
"2016-17","9674","Towson","Braysia Hicks",4,1,1729,1800,71,0,3,-3,0
"2016-17","9674","Towson","Daijha Thomas",33,2,1779,1800,21,0,2,-2,0
"2016-17","9674","Maryland","Ieshia Small",1,4,1800,2204,404,13,17,-4,0
"2016-17","9674","Maryland","Kaila Charles",3,5,1800,1800,0,0,0,0,0
"2016-17","9674","Maryland","Destiny Slocum",5,3,1800,1800,0,0,0,0,0
"2016-17","9674","Maryland","Kristen Confroy",12,5,1800,1800,0,0,0,0,0
"2016-17","9674","Maryland","Kiah Gillespie",15,3,1800,2400,600,21,19,2,0
"2016-17","9674","Maryland","Sarah Myers",21,3,1800,2400,600,21,19,2,0
"2016-17","9674","Maryland","Blair Watson",22,5,1800,2400,600,21,19,2,0
"2016-17","9674","Maryland","Stephanie Jones",24,3,1800,1866,66,2,1,1,0
"2016-17","9674","Maryland","S. Walker-Kimbrough",32,4,1800,1800,0,0,0,0,0
"2016-17","9674","Maryland","Brionna Jones",42,4,1800,1800,0,0,0,0,0
"2016-17","9674","Towson","Sianni Martin",3,4,1800,2163,363,15,13,2,0
"2016-17","9674","Towson","Jordyn Smith",5,4,1800,1985,185,7,6,1,0
"2016-17","9674","Towson","Raven Bankston",11,4,1800,2400,600,19,21,-2,0
"2016-17","9674","Towson","Brianna Bush",14,4,1800,2017,217,9,7,2,0
"2016-17","9674","Maryland","Jenna Staiti",14,2,1866,1878,12,0,2,-2,0
"2016-17","9674","Maryland","Brianna Fraser",34,5,1878,1983,105,4,4,0,0
"2016-17","9674","Maryland","Jenna Staiti",14,3,1983,2204,221,7,10,-3,0
"2016-17","9674","Towson","Mary Cuevas",22,3,1985,2400,415,12,15,-3,0
"2016-17","9674","Towson","Daijha Thomas",33,3,2017,2400,383,10,14,-4,0
"2016-17","9674","Towson","Mariah Gray",15,1,2098,2400,302,8,12,-4,0
"2016-17","9674","Towson","Shanea Butler",32,4,2163,2400,237,4,8,-4,0
"2016-17","9674","Maryland","Kaila Charles",3,6,2204,2400,196,8,2,6,0
"2016-17","9674","Maryland","Brianna Fraser",34,6,2204,2400,196,8,2,6,0
"2016-17","9675","Maryland","Kaila Charles",3,1,0,516,516,13,11,2,1
"2016-17","9675","Maryland","Destiny Slocum",5,1,0,785,785,27,16,11,1
"2016-17","9675","Maryland","Kristen Confroy",12,1,0,326,326,7,5,2,1
"2016-17","9675","Maryland","S. Walker-Kimbrough",32,1,0,187,187,5,3,2,1
"2016-17","9675","Maryland","Brionna Jones",42,1,0,516,516,13,11,2,1
"2016-17","9675","Saint Peter's","Sammy Lochner",10,1,0,516,516,11,13,-2,1
"2016-17","9675","Saint Peter's","Talah Hughes",15,1,0,326,326,5,7,-2,1
"2016-17","9675","Saint Peter's","Sam Meier",21,1,0,386,386,7,11,-4,1
"2016-17","9675","Saint Peter's","Janelle Mullen",25,1,0,543,543,13,13,0,1
"2016-17","9675","Saint Peter's","Sajanna Bethea",42,1,0,1499,1499,31,65,-34,1
"2016-17","9675","Maryland","Blair Watson",22,1,187,386,199,6,4,2,0
"2016-17","9675","Maryland","Brianna Fraser",34,1,326,516,190,6,6,0,0
"2016-17","9675","Saint Peter's","Zoe Pero",20,1,326,600,274,8,10,-2,0
"2016-17","9675","Maryland","S. Walker-Kimbrough",32,2,386,1106,720,38,13,25,0
"2016-17","9675","Saint Peter's","Ashlie Howell",33,1,386,600,214,6,6,0,0
"2016-17","9675","Maryland","Kristen Confroy",12,2,516,897,381,21,7,14,0
"2016-17","9675","Maryland","Kiah Gillespie",15,1,516,543,27,0,2,-2,0
"2016-17","9675","Maryland","Stephanie Jones",24,1,516,572,56,2,2,0,0
"2016-17","9675","Saint Peter's","Alyssa Velles",23,1,516,600,84,2,4,-2,0
"2016-17","9675","Maryland","Kaila Charles",3,2,543,987,444,27,5,22,0
"2016-17","9675","Saint Peter's","Sammy Lochner",10,2,543,1584,1041,18,57,-39,0
"2016-17","9675","Maryland","Jenna Staiti",14,1,572,600,28,2,0,2,0
"2016-17","9675","Maryland","Brionna Jones",42,2,600,897,297,17,5,12,0
"2016-17","9675","Saint Peter's","Talah Hughes",15,2,600,600,0,0,0,0,0
"2016-17","9675","Saint Peter's","Sam Meier",21,2,600,617,17,0,2,-2,0
"2016-17","9675","Saint Peter's","Imani Martinez",24,1,600,897,297,5,17,-12,0
"2016-17","9675","Saint Peter's","Janelle Mullen",25,2,600,600,0,0,0,0,0
"2016-17","9675","Saint Peter's","Ashlie Howell",33,2,600,785,185,3,10,-7,0
"2016-17","9675","Saint Peter's","Alyssa Velles",23,2,617,643,26,0,0,0,0
"2016-17","9675","Saint Peter's","Brianna Tarabocchia",22,1,643,760,117,3,4,-1,0
"2016-17","9675","Saint Peter's","Talah Hughes",15,3,760,987,227,2,17,-15,0
"2016-17","9675","Maryland","Sarah Myers",21,1,785,987,202,13,2,11,0
"2016-17","9675","Saint Peter's","Janelle Mullen",25,3,785,1744,959,20,47,-27,0
"2016-17","9675","Maryland","Ieshia Small",1,1,897,1200,303,17,7,10,0
"2016-17","9675","Maryland","Brianna Fraser",34,2,897,1200,303,17,7,10,0
"2016-17","9675","Saint Peter's","Zoe Pero",20,2,897,1200,303,7,17,-10,0
"2016-17","9675","Maryland","Destiny Slocum",5,2,987,1499,512,25,13,12,0
"2016-17","9675","Maryland","Jenna Staiti",14,2,987,1119,132,9,4,5,0
"2016-17","9675","Saint Peter's","Brianna Tarabocchia",22,2,987,1200,213,7,11,-4,0
"2016-17","9675","Maryland","Blair Watson",22,2,1106,1200,94,2,5,-3,0
"2016-17","9675","Maryland","Kiah Gillespie",15,2,1119,1200,81,2,3,-1,0
"2016-17","9675","Maryland","Kaila Charles",3,3,1200,1499,299,14,6,8,0
"2016-17","9675","Maryland","Kristen Confroy",12,3,1200,1584,384,19,6,13,0
"2016-17","9675","Maryland","S. Walker-Kimbrough",32,3,1200,1584,384,19,6,13,0
"2016-17","9675","Maryland","Brionna Jones",42,3,1200,1584,384,19,6,13,0
"2016-17","9675","Saint Peter's","Talah Hughes",15,4,1200,1499,299,6,14,-8,0
"2016-17","9675","Saint Peter's","Sam Meier",21,3,1200,1390,190,4,7,-3,0
"2016-17","9675","Saint Peter's","Zoe Pero",20,3,1390,1584,194,2,12,-10,0
"2016-17","9675","Maryland","Ieshia Small",1,2,1499,1800,301,13,8,5,0
"2016-17","9675","Maryland","Brianna Fraser",34,3,1499,1744,245,9,5,4,0
"2016-17","9675","Saint Peter's","Brianna Tarabocchia",22,3,1499,2400,901,18,36,-18,0
"2016-17","9675","Saint Peter's","Ashlie Howell",33,3,1499,1744,245,5,9,-4,0
"2016-17","9675","Maryland","Destiny Slocum",5,3,1584,1800,216,8,8,0,0
"2016-17","9675","Maryland","Blair Watson",22,3,1584,1800,216,8,8,0,0
"2016-17","9675","Maryland","Stephanie Jones",24,2,1584,1744,160,4,5,-1,0
"2016-17","9675","Saint Peter's","Talah Hughes",15,5,1584,2212,628,13,25,-12,0
"2016-17","9675","Saint Peter's","Sajanna Bethea",42,2,1584,2112,528,13,20,-7,0
"2016-17","9675","Maryland","Jenna Staiti",14,3,1744,1800,56,4,3,1,0
"2016-17","9675","Maryland","Kiah Gillespie",15,3,1744,1800,56,4,3,1,0
"2016-17","9675","Saint Peter's","Sammy Lochner",10,3,1744,1973,229,8,12,-4,0
"2016-17","9675","Saint Peter's","Sam Meier",21,4,1744,1906,162,5,11,-6,0
"2016-17","9675","Maryland","Ieshia Small",1,3,1800,2273,473,20,5,15,0
"2016-17","9675","Maryland","Kaila Charles",3,4,1800,1800,0,0,0,0,0
"2016-17","9675","Maryland","Kristen Confroy",12,4,1800,2047,247,10,5,5,0
"2016-17","9675","Maryland","Jenna Staiti",14,4,1800,1952,152,7,5,2,0
"2016-17","9675","Maryland","Kiah Gillespie",15,4,1800,2400,600,23,10,13,0
"2016-17","9675","Maryland","Blair Watson",22,4,1800,1952,152,7,5,2,0
"2016-17","9675","Maryland","S. Walker-Kimbrough",32,4,1800,1800,0,0,0,0,0
"2016-17","9675","Maryland","Brionna Jones",42,4,1800,1800,0,0,0,0,0
"2016-17","9675","Saint Peter's","Zoe Pero",20,4,1906,2400,494,8,16,-8,0
"2016-17","9675","Maryland","Sarah Myers",21,2,1952,2400,448,16,5,11,0
"2016-17","9675","Maryland","Brianna Fraser",34,4,1952,2273,321,13,0,13,0
"2016-17","9675","Saint Peter's","Alyssa Velles",23,3,1973,2212,239,0,9,-9,0
"2016-17","9675","Maryland","Blair Watson",22,5,2047,2400,353,13,5,8,0
"2016-17","9675","Saint Peter's","Sammy Lochner",10,4,2070,2400,330,5,13,-8,0
"2016-17","9675","Saint Peter's","Imani Martinez",24,2,2112,2212,100,0,5,-5,0
"2016-17","9675","Saint Peter's","Janelle Mullen",25,4,2212,2400,188,5,6,-1,0
"2016-17","9675","Saint Peter's","Ashlie Howell",33,4,2212,2400,188,5,6,-1,0
"2016-17","9675","Maryland","Kaila Charles",3,5,2273,2400,127,3,5,-2,0
"2016-17","9675","Maryland","Jenna Staiti",14,5,2273,2400,127,3,5,-2,0
"2016-17","9676","Loyola Maryland","Stephanie Karcz",10,1,0,696,696,12,28,-16,1
"2016-17","9676","Loyola Maryland","Bri Betz-White",11,1,0,828,828,12,35,-23,1
"2016-17","9676","Loyola Maryland","Lauren Daugherty",21,1,0,401,401,9,24,-15,1
"2016-17","9676","Loyola Maryland","Lisa Mirarchi",23,1,0,337,337,7,20,-13,1
"2016-17","9676","Loyola Maryland","Carly Monzo",33,1,0,401,401,9,24,-15,1
"2016-17","9676","Maryland","Kaila Charles",3,1,0,337,337,20,7,13,1
"2016-17","9676","Maryland","Destiny Slocum",5,1,0,401,401,24,9,15,1
"2016-17","9676","Maryland","Kristen Confroy",12,1,0,81,81,4,2,2,1
"2016-17","9676","Maryland","S. Walker-Kimbrough",32,1,0,451,451,24,9,15,1
"2016-17","9676","Maryland","Brionna Jones",42,1,0,337,337,20,7,13,1
"2016-17","9676","Maryland","Ieshia Small",1,1,81,451,370,20,7,13,0
"2016-17","9676","Loyola Maryland","Alexis Gray",20,1,337,600,263,5,6,-1,0
"2016-17","9676","Maryland","Kiah Gillespie",15,1,337,451,114,4,2,2,0
"2016-17","9676","Maryland","Brianna Fraser",34,1,337,470,133,4,2,2,0
"2016-17","9676","Loyola Maryland","Ashley Hunter",15,1,401,600,199,3,2,1,0
"2016-17","9676","Loyola Maryland","Courtney Vannoy",55,1,401,600,199,3,2,1,0
"2016-17","9676","Maryland","Kristen Confroy",12,2,401,896,495,12,3,9,0
"2016-17","9676","Maryland","Destiny Slocum",5,2,451,1032,581,17,10,7,0
"2016-17","9676","Maryland","Blair Watson",22,1,451,600,149,2,3,-1,0
"2016-17","9676","Maryland","Brionna Jones",42,2,451,980,529,16,5,11,0
"2016-17","9676","Maryland","Kaila Charles",3,2,470,828,358,11,3,8,0
"2016-17","9676","Loyola Maryland","Alexis Gray",20,2,600,1200,600,9,20,-11,0
"2016-17","9676","Loyola Maryland","Lauren Daugherty",21,2,600,755,155,0,7,-7,0
"2016-17","9676","Loyola Maryland","Lisa Mirarchi",23,2,600,600,0,0,0,0,0
"2016-17","9676","Loyola Maryland","Carly Monzo",33,2,600,828,228,0,9,-9,0
"2016-17","9676","Maryland","S. Walker-Kimbrough",32,2,600,941,341,12,2,10,0
"2016-17","9676","Loyola Maryland","Lisa Mirarchi",23,3,696,980,284,2,12,-10,0
"2016-17","9676","Loyola Maryland","Ashley Hunter",15,2,755,1032,277,7,8,-1,0
"2016-17","9676","Loyola Maryland","Stephanie Karcz",10,2,828,1929,1101,35,32,3,0
"2016-17","9676","Loyola Maryland","Lauren Daugherty",21,3,828,980,152,2,5,-3,0
"2016-17","9676","Maryland","Stephanie Jones",24,1,828,1018,190,6,4,2,0
"2016-17","9676","Maryland","Blair Watson",22,2,896,1200,304,10,9,1,0
"2016-17","9676","Maryland","Kaila Charles",3,3,941,1310,369,10,15,-5,0
"2016-17","9676","Loyola Maryland","Bri Betz-White",11,2,980,2400,1420,46,39,7,0
"2016-17","9676","Loyola Maryland","Carly Monzo",33,3,980,1113,133,5,5,0,0
"2016-17","9676","Maryland","Brianna Fraser",34,2,980,1183,203,6,7,-1,0
"2016-17","9676","Maryland","Kiah Gillespie",15,2,1018,1200,182,5,5,0,0
"2016-17","9676","Loyola Maryland","Lauren Daugherty",21,4,1032,1986,954,28,26,2,0
"2016-17","9676","Maryland","Ieshia Small",1,2,1032,1200,168,5,2,3,0
"2016-17","9676","Loyola Maryland","Courtney Vannoy",55,2,1113,1183,70,2,1,1,0
"2016-17","9676","Loyola Maryland","Molly Taylor",1,1,1183,1200,17,0,0,0,0
"2016-17","9676","Maryland","Jenna Staiti",14,1,1183,1200,17,0,0,0,0
"2016-17","9676","Loyola Maryland","Lisa Mirarchi",23,4,1200,1688,488,20,14,6,0
"2016-17","9676","Loyola Maryland","Carly Monzo",33,4,1200,1777,577,22,16,6,0
"2016-17","9676","Maryland","Destiny Slocum",5,3,1200,1216,16,0,3,-3,0
"2016-17","9676","Maryland","Kristen Confroy",12,3,1200,1986,786,21,26,-5,0
"2016-17","9676","Maryland","S. Walker-Kimbrough",32,3,1200,1777,577,16,22,-6,0
"2016-17","9676","Maryland","Brionna Jones",42,3,1200,1611,411,10,18,-8,0
"2016-17","9676","Maryland","Ieshia Small",1,3,1216,1455,239,7,10,-3,0
"2016-17","9676","Maryland","Kiah Gillespie",15,3,1310,1547,237,8,7,1,0
"2016-17","9676","Maryland","Sarah Myers",21,1,1455,1652,197,3,7,-4,0
"2016-17","9676","Maryland","Stephanie Jones",24,2,1547,1800,253,8,9,-1,0
"2016-17","9676","Maryland","Brianna Fraser",34,3,1611,1652,41,0,2,-2,0
"2016-17","9676","Maryland","Kaila Charles",3,4,1652,1800,148,8,4,4,0
"2016-17","9676","Maryland","Destiny Slocum",5,4,1652,2400,748,23,19,4,0
"2016-17","9676","Loyola Maryland","Alexis Gray",20,3,1688,1800,112,4,4,0,0
"2016-17","9676","Loyola Maryland","Courtney Vannoy",55,3,1777,1800,23,2,2,0,0
"2016-17","9676","Maryland","Blair Watson",22,3,1777,1800,23,2,2,0,0
"2016-17","9676","Loyola Maryland","Alexis Gray",20,4,1800,2290,490,12,10,2,0
"2016-17","9676","Loyola Maryland","Lisa Mirarchi",23,5,1800,1800,0,0,0,0,0
"2016-17","9676","Loyola Maryland","Carly Monzo",33,5,1800,1800,0,0,0,0,0
"2016-17","9676","Loyola Maryland","Courtney Vannoy",55,4,1800,1929,129,2,3,-1,0
"2016-17","9676","Maryland","Blair Watson",22,4,1800,2035,235,3,4,-1,0
"2016-17","9676","Maryland","Stephanie Jones",24,3,1800,1929,129,3,2,1,0
"2016-17","9676","Maryland","S. Walker-Kimbrough",32,4,1800,1800,0,0,0,0,0
"2016-17","9676","Maryland","Brionna Jones",42,4,1800,2400,600,15,15,0,0
"2016-17","9676","Loyola Maryland","Abby Omdahl",3,1,1929,2099,170,4,5,-1,0
"2016-17","9676","Loyola Maryland","Carly Monzo",33,6,1929,2342,413,10,10,0,0
"2016-17","9676","Maryland","Kaila Charles",3,5,1929,1955,26,0,0,0,0
"2016-17","9676","Maryland","Kiah Gillespie",15,4,1955,2035,80,0,2,-2,0
"2016-17","9676","Loyola Maryland","Ashley Hunter",15,3,1986,2099,113,4,5,-1,0
"2016-17","9676","Maryland","Ieshia Small",1,4,1986,2290,304,7,10,-3,0
"2016-17","9676","Maryland","Kristen Confroy",12,4,2035,2400,365,12,11,1,0
"2016-17","9676","Maryland","S. Walker-Kimbrough",32,5,2035,2400,365,12,11,1,0
"2016-17","9676","Loyola Maryland","Stephanie Karcz",10,3,2099,2342,243,6,5,1,0
"2016-17","9676","Loyola Maryland","Lauren Daugherty",21,5,2099,2342,243,6,5,1,0
"2016-17","9676","Loyola Maryland","Molly Taylor",1,2,2290,2400,110,3,5,-2,0
"2016-17","9676","Maryland","Stephanie Jones",24,4,2290,2400,110,5,3,2,0
"2016-17","9676","Loyola Maryland","Madelene McDonald",14,1,2342,2400,58,3,2,1,0
"2016-17","9676","Loyola Maryland","Tori Schultz",31,1,2342,2400,58,3,2,1,0
"2016-17","9676","Loyola Maryland","Hannah Niles",32,1,2342,2400,58,3,2,1,0
"2016-17","9677","Duquesne","Chassidy OMOGROSSO",2,1,0,884,884,14,22,-8,1
"2016-17","9677","Duquesne","Amadea SZAMOSI",15,1,0,1026,1026,14,24,-10,1
"2016-17","9677","Duquesne","Conor RICHARDSON",22,1,0,324,324,4,5,-1,1
"2016-17","9677","Duquesne","Kadri-Ann LASS",42,1,0,254,254,4,5,-1,1
"2016-17","9677","Duquesne","Brianna THOMAS",55,1,0,173,173,2,5,-3,1
"2016-17","9677","Maryland","Kaila Charles",3,1,0,198,198,5,4,1,1
"2016-17","9677","Maryland","Destiny Slocum",5,1,0,254,254,5,4,1,1
"2016-17","9677","Maryland","Kristen Confroy",12,1,0,586,586,13,10,3,1
"2016-17","9677","Maryland","S. Walker-Kimbrough",32,1,0,586,586,13,10,3,1
"2016-17","9677","Maryland","Brionna Jones",42,1,0,508,508,12,8,4,1
"2016-17","9677","Duquesne","Nina AHO",1,1,173,514,341,6,8,-2,0
"2016-17","9677","Maryland","Brianna Fraser",34,1,198,559,361,8,4,4,0
"2016-17","9677","Duquesne","Paige CANNON",10,1,254,600,346,8,8,0,0
"2016-17","9677","Maryland","Sarah Myers",21,1,254,324,70,0,0,0,0
"2016-17","9677","Duquesne","Julijana VOJINOVIC",13,1,324,586,262,6,8,-2,0
"2016-17","9677","Maryland","Destiny Slocum",5,2,324,559,235,8,4,4,0
"2016-17","9677","Maryland","Kiah Gillespie",15,1,508,598,90,1,4,-3,0
"2016-17","9677","Duquesne","Conor RICHARDSON",22,2,514,785,271,6,7,-1,0
"2016-17","9677","Maryland","Kaila Charles",3,2,559,664,105,3,6,-3,0
"2016-17","9677","Maryland","Sarah Myers",21,2,559,600,41,0,4,-4,0
"2016-17","9677","Duquesne","Brianna THOMAS",55,2,586,785,199,4,7,-3,0
"2016-17","9677","Maryland","Ieshia Small",1,1,586,600,14,0,2,-2,0
"2016-17","9677","Maryland","Blair Watson",22,1,586,600,14,0,2,-2,0
"2016-17","9677","Maryland","Stephanie Jones",24,1,598,600,2,0,0,0,0
"2016-17","9677","Duquesne","Kadri-Ann LASS",42,2,600,836,236,2,7,-5,0
"2016-17","9677","Maryland","Destiny Slocum",5,3,600,680,80,3,2,1,0
"2016-17","9677","Maryland","Kristen Confroy",12,2,600,968,368,9,2,7,0
"2016-17","9677","Maryland","S. Walker-Kimbrough",32,2,600,884,284,9,2,7,0
"2016-17","9677","Maryland","Brionna Jones",42,2,600,884,284,9,2,7,0
"2016-17","9677","Maryland","Stephanie Jones",24,2,664,968,304,6,0,6,0
"2016-17","9677","Maryland","Sarah Myers",21,3,680,1200,520,16,2,14,0
"2016-17","9677","Duquesne","Halle BOVELL",11,1,785,968,183,0,2,-2,0
"2016-17","9677","Duquesne","Julijana VOJINOVIC",13,2,785,1026,241,0,4,-4,0
"2016-17","9677","Duquesne","Angela STAFFILENO",54,1,836,1105,269,0,7,-7,0
"2016-17","9677","Duquesne","Nina AHO",1,2,884,1105,221,0,5,-5,0
"2016-17","9677","Maryland","Blair Watson",22,2,884,1175,291,7,0,7,0
"2016-17","9677","Maryland","Brianna Fraser",34,2,884,1170,286,7,0,7,0
"2016-17","9677","Duquesne","Chassidy OMOGROSSO",2,2,968,2306,1338,43,52,-9,0
"2016-17","9677","Maryland","S. Walker-Kimbrough",32,3,968,1679,711,31,17,14,0
"2016-17","9677","Maryland","Brionna Jones",42,3,968,1480,512,20,12,8,0
"2016-17","9677","Duquesne","Kadri-Ann LASS",42,3,1026,1396,370,6,16,-10,0
"2016-17","9677","Duquesne","Brianna THOMAS",55,3,1026,1396,370,6,16,-10,0
"2016-17","9677","Duquesne","Paige CANNON",10,2,1105,1140,35,0,2,-2,0
"2016-17","9677","Duquesne","Julijana VOJINOVIC",13,3,1105,1170,65,0,2,-2,0
"2016-17","9677","Duquesne","Amadea SZAMOSI",15,2,1140,2306,1166,43,45,-2,0
"2016-17","9677","Duquesne","Paige CANNON",10,3,1170,1200,30,2,3,-1,0
"2016-17","9677","Maryland","Stephanie Jones",24,3,1170,1200,30,3,2,1,0
"2016-17","9677","Maryland","Kristen Confroy",12,3,1175,1526,351,15,13,2,0
"2016-17","9677","Duquesne","Conor RICHARDSON",22,3,1200,1679,479,15,21,-6,0
"2016-17","9677","Maryland","Kaila Charles",3,3,1200,1480,280,10,10,0,0
"2016-17","9677","Maryland","Destiny Slocum",5,4,1200,2362,1162,44,41,3,0
"2016-17","9677","Duquesne","Nina AHO",1,3,1396,1800,404,16,17,-1,0
"2016-17","9677","Duquesne","Paige CANNON",10,4,1396,1679,283,11,13,-2,0
"2016-17","9677","Maryland","Aja Ellison",0,1,1480,1526,46,2,1,1,0
"2016-17","9677","Maryland","Brianna Fraser",34,3,1480,1526,46,2,1,1,0
"2016-17","9677","Maryland","Blair Watson",22,3,1526,1800,274,13,9,4,0
"2016-17","9677","Maryland","Stephanie Jones",24,4,1526,1679,153,9,4,5,0
"2016-17","9677","Maryland","Brionna Jones",42,4,1526,1787,261,13,6,7,0
"2016-17","9677","Duquesne","Julijana VOJINOVIC",13,4,1679,1800,121,5,4,1,0
"2016-17","9677","Duquesne","Kadri-Ann LASS",42,4,1679,1741,62,2,4,-2,0
"2016-17","9677","Maryland","Ieshia Small",1,2,1679,1741,62,4,2,2,0
"2016-17","9677","Maryland","Kaila Charles",3,4,1679,1798,119,4,5,-1,0
"2016-17","9677","Duquesne","Angela STAFFILENO",54,2,1741,1800,59,3,0,3,0
"2016-17","9677","Maryland","Kristen Confroy",12,4,1741,1916,175,4,7,-3,0
"2016-17","9677","Maryland","Kiah Gillespie",15,2,1787,1800,13,0,3,-3,0
"2016-17","9677","Maryland","Brianna Fraser",34,4,1798,1800,2,0,0,0,0
"2016-17","9677","Duquesne","Nina AHO",1,4,1800,1820,20,0,2,-2,0
"2016-17","9677","Duquesne","Julijana VOJINOVIC",13,5,1800,2400,600,21,20,1,0
"2016-17","9677","Duquesne","Conor RICHARDSON",22,4,1800,1800,0,0,0,0,0
"2016-17","9677","Duquesne","Kadri-Ann LASS",42,5,1800,1800,0,0,0,0,0
"2016-17","9677","Duquesne","Angela STAFFILENO",54,3,1800,1975,175,8,6,2,0
"2016-17","9677","Duquesne","Brianna THOMAS",55,4,1800,1800,0,0,0,0,0
"2016-17","9677","Maryland","Kaila Charles",3,5,1800,1800,0,0,0,0,0
"2016-17","9677","Maryland","Kiah Gillespie",15,3,1800,1885,85,2,2,0,0
"2016-17","9677","Maryland","Blair Watson",22,4,1800,1975,175,6,8,-2,0
"2016-17","9677","Maryland","S. Walker-Kimbrough",32,4,1800,1800,0,0,0,0,0
"2016-17","9677","Maryland","Brianna Fraser",34,5,1800,1975,175,6,8,-2,0
"2016-17","9677","Maryland","Brionna Jones",42,5,1800,1800,0,0,0,0,0
"2016-17","9677","Duquesne","Halle BOVELL",11,2,1820,2400,580,21,18,3,0
"2016-17","9677","Maryland","Jenna Staiti",14,1,1885,2058,173,5,11,-6,0
"2016-17","9677","Maryland","S. Walker-Kimbrough",32,5,1916,2343,427,15,17,-2,0
"2016-17","9677","Duquesne","Anie-Pier SAMSON",12,1,1975,2167,192,10,3,7,0
"2016-17","9677","Maryland","Sarah Myers",21,4,1975,2058,83,1,5,-4,0
"2016-17","9677","Maryland","Stephanie Jones",24,5,1975,2377,402,14,13,1,0
"2016-17","9677","Maryland","Kristen Confroy",12,5,2058,2362,304,12,8,4,0
"2016-17","9677","Maryland","Brionna Jones",42,6,2058,2362,304,12,8,4,0
"2016-17","9677","Duquesne","Paige CANNON",10,5,2167,2400,233,3,11,-8,0
"2016-17","9677","Duquesne","Anie-Pier SAMSON",12,2,2306,2400,94,0,3,-3,0
"2016-17","9677","Duquesne","Angela STAFFILENO",54,4,2306,2400,94,0,3,-3,0
"2016-17","9677","Maryland","Blair Watson",22,5,2343,2400,57,1,0,1,0
"2016-17","9677","Maryland","Ieshia Small",1,3,2362,2400,38,1,0,1,0
"2016-17","9677","Maryland","Kiah Gillespie",15,4,2362,2400,38,1,0,1,0
"2016-17","9677","Maryland","Sarah Myers",21,5,2362,2400,38,1,0,1,0
"2016-17","9677","Maryland","Jenna Staiti",14,2,2377,2400,23,0,0,0,0
"2016-17","9678","Connecticut","Kia NURSE",11,1,0,2400,2400,87,81,6,1
"2016-17","9678","Connecticut","Saniya CHONG",12,1,0,600,600,20,12,8,1
"2016-17","9678","Connecticut","Gabby WILLIAMS",15,1,0,463,463,15,10,5,1
"2016-17","9678","Connecticut","Napheesa COLLIER",24,1,0,481,481,15,10,5,1
"2016-17","9678","Connecticut","Katie Lou SAMUELSON",33,1,0,400,400,13,10,3,1
"2016-17","9678","Maryland","Kaila Charles",3,1,0,515,515,10,17,-7,1
"2016-17","9678","Maryland","Destiny Slocum",5,1,0,2400,2400,81,87,-6,1
"2016-17","9678","Maryland","Kristen Confroy",12,1,0,465,465,10,15,-5,1
"2016-17","9678","Maryland","S. Walker-Kimbrough",32,1,0,289,289,6,10,-4,1
"2016-17","9678","Maryland","Brionna Jones",42,1,0,400,400,10,13,-3,1
"2016-17","9678","Maryland","Ieshia Small",1,1,289,465,176,4,5,-1,0
"2016-17","9678","Connecticut","Crystal DANGERFIELD",5,1,400,600,200,7,2,5,0
"2016-17","9678","Maryland","Brianna Fraser",34,1,400,481,81,0,2,-2,0
"2016-17","9678","Connecticut","Katie Lou SAMUELSON",33,2,463,2400,1937,72,71,1,0
"2016-17","9678","Maryland","Blair Watson",22,1,465,600,135,2,5,-3,0
"2016-17","9678","Maryland","S. Walker-Kimbrough",32,2,465,1192,727,19,21,-2,0
"2016-17","9678","Connecticut","Gabby WILLIAMS",15,2,481,1122,641,21,19,2,0
"2016-17","9678","Maryland","Stephanie Jones",24,1,481,575,94,0,3,-3,0
"2016-17","9678","Maryland","Brionna Jones",42,2,515,740,225,6,5,1,0
"2016-17","9678","Maryland","Kaila Charles",3,2,575,1511,936,28,36,-8,0
"2016-17","9678","Connecticut","Crystal DANGERFIELD",5,2,600,740,140,2,4,-2,0
"2016-17","9678","Connecticut","Napheesa COLLIER",24,2,600,600,0,0,0,0,0
"2016-17","9678","Connecticut","Natalie BUTLER",51,1,600,817,217,2,5,-3,0
"2016-17","9678","Maryland","Kristen Confroy",12,2,600,992,392,15,11,4,0
"2016-17","9678","Connecticut","Saniya CHONG",12,2,740,963,223,5,9,-4,0
"2016-17","9678","Maryland","Brianna Fraser",34,2,740,879,139,5,0,5,0
"2016-17","9678","Connecticut","Napheesa COLLIER",24,3,817,1555,738,34,23,11,0
"2016-17","9678","Maryland","Brionna Jones",42,3,879,963,84,4,5,-1,0
"2016-17","9678","Connecticut","Crystal DANGERFIELD",5,3,963,1200,237,9,6,3,0
"2016-17","9678","Maryland","Brianna Fraser",34,3,963,1122,159,4,9,-5,0
"2016-17","9678","Maryland","Ieshia Small",1,2,992,1033,41,0,5,-5,0
"2016-17","9678","Maryland","Kristen Confroy",12,3,1033,1555,522,13,20,-7,0
"2016-17","9678","Connecticut","Natalie BUTLER",51,2,1122,1200,78,0,2,-2,0
"2016-17","9678","Maryland","Brionna Jones",42,4,1122,1192,70,0,0,0,0
"2016-17","9678","Maryland","Blair Watson",22,2,1192,1200,8,2,0,2,0
"2016-17","9678","Maryland","Brianna Fraser",34,4,1192,1200,8,2,0,2,0
"2016-17","9678","Connecticut","Saniya CHONG",12,3,1200,1634,434,22,14,8,0
"2016-17","9678","Connecticut","Gabby WILLIAMS",15,3,1200,1378,178,14,2,12,0
"2016-17","9678","Maryland","S. Walker-Kimbrough",32,3,1200,1296,96,0,5,-5,0
"2016-17","9678","Maryland","Brionna Jones",42,5,1200,1634,434,14,22,-8,0
"2016-17","9678","Maryland","Blair Watson",22,3,1296,1359,63,0,9,-9,0
"2016-17","9678","Maryland","S. Walker-Kimbrough",32,4,1359,1800,441,22,18,4,0
"2016-17","9678","Connecticut","Natalie BUTLER",51,3,1378,2102,724,21,32,-11,0
"2016-17","9678","Maryland","Brianna Fraser",34,5,1511,1724,213,11,12,-1,0
"2016-17","9678","Connecticut","Gabby WILLIAMS",15,4,1555,2400,845,31,41,-10,0
"2016-17","9678","Maryland","Kaila Charles",3,3,1555,2275,720,30,23,7,0
"2016-17","9678","Connecticut","Crystal DANGERFIELD",5,4,1634,2400,766,29,36,-7,0
"2016-17","9678","Maryland","Stephanie Jones",24,2,1634,2138,504,23,15,8,0
"2016-17","9678","Maryland","Brionna Jones",42,6,1724,2102,378,16,5,11,0
"2016-17","9678","Maryland","Kristen Confroy",12,4,1800,2366,566,23,16,7,0
"2016-17","9678","Connecticut","Napheesa COLLIER",24,4,2102,2366,264,13,11,2,0
"2016-17","9678","Maryland","Brianna Fraser",34,6,2102,2275,173,5,8,-3,0
"2016-17","9678","Maryland","S. Walker-Kimbrough",32,5,2138,2400,262,13,14,-1,0
"2016-17","9678","Maryland","Stephanie Jones",24,3,2275,2387,112,11,8,3,0
"2016-17","9678","Maryland","Brionna Jones",42,7,2275,2366,91,6,5,1,0
"2016-17","9678","Maryland","Kaila Charles",3,4,2366,2387,21,5,3,2,0
"2016-17","9678","Maryland","Blair Watson",22,4,2366,2369,3,0,1,-1,0
"2016-17","9678","Maryland","Brionna Jones",42,8,2369,2400,31,5,2,3,0
"2016-17","9678","Maryland","Kristen Confroy",12,5,2387,2400,13,0,0,0,0
"2016-17","9678","Maryland","Blair Watson",22,5,2387,2400,13,0,0,0,0
"2016-17","9679","Maryland","Kaila Charles",3,1,0,331,331,14,11,3,1
"2016-17","9679","Maryland","Destiny Slocum",5,1,0,460,460,22,11,11,1
"2016-17","9679","Maryland","Kristen Confroy",12,1,0,545,545,22,14,8,1
"2016-17","9679","Maryland","S. Walker-Kimbrough",32,1,0,397,397,20,11,9,1
"2016-17","9679","Maryland","Brionna Jones",42,1,0,250,250,12,10,2,1
"2016-17","9679","Minnesota","Bryanna Fernstrom",14,1,0,250,250,10,12,-2,1
"2016-17","9679","Minnesota","Joanna Hedstrom",22,1,0,2400,2400,72,83,-11,1
"2016-17","9679","Minnesota","Kenisha Bell",23,1,0,374,374,11,20,-9,1
"2016-17","9679","Minnesota","Whitney Tinjum",30,1,0,331,331,11,14,-3,1
"2016-17","9679","Minnesota","Carlie Wagner",33,1,0,2400,2400,72,83,-11,1
"2016-17","9679","Maryland","Brianna Fraser",34,1,250,545,295,10,4,6,0
"2016-17","9679","Minnesota","Annalese Lamke",41,1,250,331,81,1,2,-1,0
"2016-17","9679","Maryland","Stephanie Jones",24,1,331,545,214,8,3,5,0
"2016-17","9679","Minnesota","Bryanna Fernstrom",14,2,331,545,214,3,8,-5,0
"2016-17","9679","Minnesota","Allina Starr",15,1,331,374,43,0,6,-6,0
"2016-17","9679","Minnesota","Jasmine Brunson",21,1,374,600,226,3,4,-1,0
"2016-17","9679","Minnesota","Whitney Tinjum",30,2,374,1736,1362,40,37,3,0
"2016-17","9679","Maryland","Kaila Charles",3,2,397,2091,1694,53,56,-3,0
"2016-17","9679","Maryland","Sarah Myers",21,1,460,545,85,0,3,-3,0
"2016-17","9679","Maryland","Ieshia Small",1,1,545,600,55,2,0,2,0
"2016-17","9679","Maryland","Destiny Slocum",5,2,545,2400,1855,61,58,3,0
"2016-17","9679","Maryland","Kiah Gillespie",15,1,545,600,55,2,0,2,0
"2016-17","9679","Maryland","Brionna Jones",42,2,545,745,200,6,6,0,0
"2016-17","9679","Minnesota","Annalese Lamke",41,2,545,600,55,0,2,-2,0
"2016-17","9679","Maryland","Ieshia Small",1,2,600,745,145,4,6,-2,0
"2016-17","9679","Maryland","Kristen Confroy",12,2,600,2400,1800,59,58,1,0
"2016-17","9679","Maryland","S. Walker-Kimbrough",32,2,600,932,332,10,12,-2,0
"2016-17","9679","Maryland","Brianna Fraser",34,2,600,777,177,4,10,-6,0
"2016-17","9679","Minnesota","Bryanna Fernstrom",14,3,600,1736,1136,37,33,4,0
"2016-17","9679","Minnesota","Jasmine Brunson",21,2,600,894,294,10,10,0,0
"2016-17","9679","Minnesota","Kenisha Bell",23,2,600,1736,1136,37,33,4,0
"2016-17","9679","Maryland","Brionna Jones",42,3,777,970,193,6,2,4,0
"2016-17","9679","Maryland","Blair Watson",22,1,932,1200,268,4,6,-2,0
"2016-17","9679","Maryland","Brianna Fraser",34,3,970,1064,94,2,2,0,0
"2016-17","9679","Maryland","Stephanie Jones",24,2,1064,1200,136,2,4,-2,0
"2016-17","9679","Maryland","S. Walker-Kimbrough",32,3,1200,1875,675,24,24,0,0
"2016-17","9679","Maryland","Brionna Jones",42,4,1200,1736,536,19,19,0,0
"2016-17","9679","Maryland","Brianna Fraser",34,4,1736,1800,64,3,2,1,0
"2016-17","9679","Minnesota","Jasmine Brunson",21,3,1736,1800,64,2,3,-1,0
"2016-17","9679","Minnesota","Palma Kaposi",25,1,1736,1800,64,2,3,-1,0
"2016-17","9679","Minnesota","Annalese Lamke",41,3,1736,1800,64,2,3,-1,0
"2016-17","9679","Maryland","Brianna Fraser",34,5,1800,1960,160,6,7,-1,0
"2016-17","9679","Maryland","Brionna Jones",42,5,1800,2286,486,17,19,-2,0
"2016-17","9679","Minnesota","Bryanna Fernstrom",14,4,1800,1960,160,7,6,1,0
"2016-17","9679","Minnesota","Kenisha Bell",23,3,1800,2400,600,19,23,-4,0
"2016-17","9679","Minnesota","Palma Kaposi",25,2,1800,1875,75,3,2,1,0
"2016-17","9679","Minnesota","Whitney Tinjum",30,3,1800,2085,285,14,13,1,0
"2016-17","9679","Maryland","Stephanie Jones",24,3,1960,1981,21,0,4,-4,0
"2016-17","9679","Minnesota","Annalese Lamke",41,4,1960,1967,7,2,0,2,0
"2016-17","9679","Minnesota","Bryanna Fernstrom",14,5,1967,2400,433,10,17,-7,0
"2016-17","9679","Maryland","S. Walker-Kimbrough",32,4,1981,2400,419,17,8,9,0
"2016-17","9679","Minnesota","Palma Kaposi",25,3,2085,2160,75,0,0,0,0
"2016-17","9679","Maryland","Stephanie Jones",24,4,2091,2274,183,4,3,1,0
"2016-17","9679","Minnesota","Whitney Tinjum",30,4,2160,2400,240,5,10,-5,0
"2016-17","9679","Maryland","Kaila Charles",3,3,2274,2365,91,6,2,4,0
"2016-17","9679","Maryland","Kiah Gillespie",15,2,2286,2307,21,0,0,0,0
"2016-17","9679","Maryland","Brionna Jones",42,6,2307,2400,93,6,0,6,0
"2016-17","9679","Maryland","Brianna Fraser",34,6,2365,2382,17,0,0,0,0
"2016-17","9679","Maryland","Kaila Charles",3,4,2382,2400,18,0,0,0,0
"2016-17","9680","Maryland","Kaila Charles",3,1,0,418,418,16,6,10,1
"2016-17","9680","Maryland","Destiny Slocum",5,1,0,485,485,22,6,16,1
"2016-17","9680","Maryland","Kristen Confroy",12,1,0,279,279,10,6,4,1
"2016-17","9680","Maryland","S. Walker-Kimbrough",32,1,0,355,355,14,6,8,1
"2016-17","9680","Maryland","Brionna Jones",42,1,0,279,279,10,6,4,1
"2016-17","9680","Nebraska","Hannah Whitish",3,1,0,279,279,6,10,-4,1
"2016-17","9680","Nebraska","Nicea Eliely",5,1,0,355,355,6,14,-8,1
"2016-17","9680","Nebraska","Allie Havers",22,1,0,279,279,6,10,-4,1
"2016-17","9680","Nebraska","Jessica Shepard",32,1,0,172,172,4,10,-6,1
"2016-17","9680","Nebraska","Jasmine Cincore",34,1,0,172,172,4,10,-6,1
"2016-17","9680","Nebraska","Maddie Simon",24,1,172,355,183,2,4,-2,0
"2016-17","9680","Nebraska","Darrien Washington",50,1,172,485,313,2,12,-10,0
"2016-17","9680","Maryland","Stephanie Jones",24,1,279,550,271,14,3,11,0
"2016-17","9680","Maryland","Brianna Fraser",34,1,279,418,139,6,0,6,0
"2016-17","9680","Nebraska","Esther Ramacieri",11,1,279,600,321,3,16,-13,0
"2016-17","9680","Nebraska","Jessica Shepard",32,2,279,891,612,11,28,-17,0
"2016-17","9680","Maryland","Kristen Confroy",12,2,355,600,245,12,3,9,0
"2016-17","9680","Nebraska","Emily Wood",12,1,355,485,130,0,8,-8,0
"2016-17","9680","Nebraska","Jasmine Cincore",34,2,355,550,195,3,10,-7,0
"2016-17","9680","Maryland","S. Walker-Kimbrough",32,2,418,550,132,8,3,5,0
"2016-17","9680","Maryland","Brionna Jones",42,2,418,725,307,16,7,9,0
"2016-17","9680","Maryland","Ieshia Small",1,1,485,600,115,4,3,1,0
"2016-17","9680","Nebraska","Nicea Eliely",5,2,485,891,406,11,16,-5,0
"2016-17","9680","Nebraska","Allie Havers",22,2,485,656,171,5,6,-1,0
"2016-17","9680","Maryland","Kaila Charles",3,2,550,812,262,12,6,6,0
"2016-17","9680","Maryland","Kiah Gillespie",15,1,550,600,50,2,0,2,0
"2016-17","9680","Nebraska","Hannah Whitish",3,2,550,812,262,6,12,-6,0
"2016-17","9680","Maryland","Ieshia Small",1,2,600,891,291,12,8,4,0
"2016-17","9680","Maryland","Destiny Slocum",5,2,600,725,125,6,4,2,0
"2016-17","9680","Maryland","Kiah Gillespie",15,2,600,812,212,10,6,4,0
"2016-17","9680","Maryland","S. Walker-Kimbrough",32,3,600,600,0,0,0,0,0
"2016-17","9680","Nebraska","Esther Ramacieri",11,2,600,637,37,2,2,0,0
"2016-17","9680","Nebraska","Jasmine Cincore",34,3,600,600,0,0,0,0,0
"2016-17","9680","Nebraska","Jasmine Cincore",34,4,637,1019,382,7,12,-5,0
"2016-17","9680","Nebraska","Grace Mitchell",14,1,656,891,235,6,10,-4,0
"2016-17","9680","Maryland","S. Walker-Kimbrough",32,4,725,1083,358,10,9,1,0
"2016-17","9680","Maryland","Brianna Fraser",34,2,725,1083,358,10,9,1,0
"2016-17","9680","Maryland","Blair Watson",22,1,812,999,187,4,2,2,0
"2016-17","9680","Maryland","Stephanie Jones",24,2,812,1083,271,6,7,-1,0
"2016-17","9680","Nebraska","Rylie Cascio Jensen",2,1,812,1200,388,7,8,-1,0
"2016-17","9680","Maryland","Sarah Myers",21,1,891,1032,141,2,1,1,0
"2016-17","9680","Nebraska","Allie Havers",22,3,891,1032,141,1,2,-1,0
"2016-17","9680","Nebraska","Maddie Simon",24,2,891,1070,179,5,4,1,0
"2016-17","9680","Nebraska","Darrien Washington",50,2,891,999,108,0,2,-2,0
"2016-17","9680","Maryland","Ieshia Small",1,3,999,1083,84,2,5,-3,0
"2016-17","9680","Nebraska","Jessica Shepard",32,3,999,1424,425,12,13,-1,0
"2016-17","9680","Nebraska","Hannah Whitish",3,3,1019,1424,405,11,13,-2,0
"2016-17","9680","Maryland","Destiny Slocum",5,3,1032,1938,906,35,22,13,0
"2016-17","9680","Nebraska","Grace Mitchell",14,2,1032,1200,168,4,4,0,0
"2016-17","9680","Nebraska","Nicea Eliely",5,3,1070,1424,354,7,11,-4,0
"2016-17","9680","Maryland","Kaila Charles",3,3,1083,1252,169,4,2,2,0
"2016-17","9680","Maryland","Kristen Confroy",12,3,1083,1659,576,17,13,4,0
"2016-17","9680","Maryland","Jenna Staiti",14,1,1083,1200,117,2,0,2,0
"2016-17","9680","Maryland","Kiah Gillespie",15,3,1083,1200,117,2,0,2,0
"2016-17","9680","Maryland","S. Walker-Kimbrough",32,5,1200,1501,301,12,9,3,0
"2016-17","9680","Maryland","Brionna Jones",42,3,1200,1615,415,15,13,2,0
"2016-17","9680","Nebraska","Allie Havers",22,4,1200,1501,301,9,12,-3,0
"2016-17","9680","Nebraska","Jasmine Cincore",34,5,1200,1615,415,13,15,-2,0
"2016-17","9680","Maryland","Stephanie Jones",24,3,1252,1424,172,7,5,2,0
"2016-17","9680","Maryland","Brianna Fraser",34,3,1424,1508,84,3,2,1,0
"2016-17","9680","Nebraska","Esther Ramacieri",11,3,1424,1615,191,6,6,0,0
"2016-17","9680","Nebraska","Maddie Simon",24,3,1424,1615,191,6,6,0,0
"2016-17","9680","Nebraska","Darrien Washington",50,3,1424,1615,191,6,6,0,0
"2016-17","9680","Maryland","Ieshia Small",1,4,1501,2400,899,37,18,19,0
"2016-17","9680","Nebraska","Grace Mitchell",14,3,1501,1615,114,4,3,1,0
"2016-17","9680","Maryland","Kiah Gillespie",15,4,1508,1659,151,3,4,-1,0
"2016-17","9680","Maryland","Kaila Charles",3,4,1615,1992,377,16,5,11,0
"2016-17","9680","Nebraska","Rylie Cascio Jensen",2,2,1615,2400,785,14,34,-20,0
"2016-17","9680","Nebraska","Hannah Whitish",3,4,1615,1938,323,5,16,-11,0
"2016-17","9680","Nebraska","Nicea Eliely",5,4,1615,1938,323,5,16,-11,0
"2016-17","9680","Nebraska","Allie Havers",22,5,1615,1841,226,5,10,-5,0
"2016-17","9680","Nebraska","Jessica Shepard",32,4,1615,1938,323,5,16,-11,0
"2016-17","9680","Maryland","S. Walker-Kimbrough",32,6,1659,1992,333,16,5,11,0
"2016-17","9680","Maryland","Brianna Fraser",34,4,1659,1797,138,5,5,0,0
"2016-17","9680","Maryland","Brionna Jones",42,4,1797,2036,239,11,0,11,0
"2016-17","9680","Nebraska","Darrien Washington",50,4,1841,2200,359,5,16,-11,0
"2016-17","9680","Maryland","Sarah Myers",21,2,1938,2400,462,18,9,9,0
"2016-17","9680","Nebraska","Esther Ramacieri",11,4,1938,2200,262,5,10,-5,0
"2016-17","9680","Nebraska","Grace Mitchell",14,4,1938,2200,262,5,10,-5,0
"2016-17","9680","Nebraska","Maddie Simon",24,4,1938,2200,262,5,10,-5,0
"2016-17","9680","Maryland","Blair Watson",22,2,1992,2400,408,18,9,9,0
"2016-17","9680","Maryland","Brianna Fraser",34,5,1992,2200,208,10,5,5,0
"2016-17","9680","Maryland","Kiah Gillespie",15,5,2036,2400,364,18,9,9,0
"2016-17","9680","Nebraska","Nicea Eliely",5,5,2100,2400,300,9,16,-7,0
"2016-17","9680","Maryland","Jenna Staiti",14,2,2200,2400,200,8,4,4,0
"2016-17","9680","Nebraska","Hannah Whitish",3,5,2200,2400,200,4,8,-4,0
"2016-17","9680","Nebraska","Emily Wood",12,2,2200,2400,200,4,8,-4,0
"2016-17","9680","Nebraska","Allie Havers",22,6,2200,2270,70,1,2,-1,0
"2016-17","9680","Nebraska","Jessica Shepard",32,5,2200,2270,70,1,2,-1,0
"2016-17","9680","Nebraska","Grace Mitchell",14,5,2270,2400,130,3,6,-3,0
"2016-17","9680","Nebraska","Darrien Washington",50,5,2270,2400,130,3,6,-3,0
"2016-17","9681","Maryland","Kaila Charles",3,1,0,166,166,6,1,5,1
"2016-17","9681","Maryland","Destiny Slocum",5,1,0,408,408,17,7,10,1
"2016-17","9681","Maryland","Kristen Confroy",12,1,0,554,554,21,10,11,1
"2016-17","9681","Maryland","S. Walker-Kimbrough",32,1,0,291,291,10,5,5,1
"2016-17","9681","Maryland","Brionna Jones",42,1,0,540,540,21,10,11,1
"2016-17","9681","Northwestern","Ashley Deary",3,1,0,2200,2200,61,89,-28,1
"2016-17","9681","Northwestern","Nia Coffey",10,1,0,846,846,16,34,-18,1
"2016-17","9681","Northwestern","Lauren Douglas",11,1,0,408,408,7,17,-10,1
"2016-17","9681","Northwestern","Christen Inman",24,1,0,1507,1507,30,57,-27,1
"2016-17","9681","Northwestern","Allie Tuttle",30,1,0,214,214,3,10,-7,1
"2016-17","9681","Maryland","Brianna Fraser",34,1,166,408,242,11,6,5,0
"2016-17","9681","Northwestern","Abi Scheid",44,1,214,600,386,7,13,-6,0
"2016-17","9681","Maryland","Ieshia Small",1,1,291,591,300,13,5,8,0
"2016-17","9681","Maryland","Kaila Charles",3,2,408,686,278,11,5,6,0
"2016-17","9681","Maryland","S. Walker-Kimbrough",32,2,408,1056,648,24,11,13,0
"2016-17","9681","Northwestern","Amber Jamison",32,1,408,540,132,3,4,-1,0
"2016-17","9681","Maryland","Brianna Fraser",34,2,540,600,60,2,0,2,0
"2016-17","9681","Northwestern","Lauren Douglas",11,2,540,783,243,6,10,-4,0
"2016-17","9681","Maryland","Destiny Slocum",5,2,554,911,357,17,6,11,0
"2016-17","9681","Maryland","Kristen Confroy",12,2,591,1544,953,34,23,11,0
"2016-17","9681","Maryland","Brionna Jones",42,2,600,783,183,8,6,2,0
"2016-17","9681","Northwestern","Allie Tuttle",30,2,600,600,0,0,0,0,0
"2016-17","9681","Northwestern","Abi Scheid",44,2,600,911,311,6,15,-9,0
"2016-17","9681","Maryland","Brianna Fraser",34,3,686,911,225,10,4,6,0
"2016-17","9681","Maryland","Kaila Charles",3,3,783,1056,273,10,2,8,0
"2016-17","9681","Northwestern","Amber Jamison",32,2,783,1080,297,4,12,-8,0
"2016-17","9681","Northwestern","Lauren Douglas",11,3,846,1419,573,11,20,-9,0
"2016-17","9681","Maryland","Ieshia Small",1,2,911,1168,257,7,6,1,0
"2016-17","9681","Maryland","Kiah Gillespie",15,1,911,1080,169,5,4,1,0
"2016-17","9681","Northwestern","Oceana Hamilton",34,1,911,1080,169,4,5,-1,0
"2016-17","9681","Maryland","Stephanie Jones",24,1,1056,1200,144,4,4,0,0
"2016-17","9681","Maryland","Brionna Jones",42,3,1056,1617,561,23,19,4,0
"2016-17","9681","Maryland","Destiny Slocum",5,3,1080,1471,391,14,9,5,0
"2016-17","9681","Northwestern","Nia Coffey",10,2,1080,1905,825,32,35,-3,0
"2016-17","9681","Northwestern","Abi Scheid",44,3,1080,1200,120,2,2,0,0
"2016-17","9681","Maryland","S. Walker-Kimbrough",32,3,1168,2037,869,39,34,5,0
"2016-17","9681","Maryland","Kaila Charles",3,4,1200,1383,183,9,5,4,0
"2016-17","9681","Northwestern","Allie Tuttle",30,3,1200,1200,0,0,0,0,0
"2016-17","9681","Northwestern","Abi Scheid",44,4,1200,1507,307,8,12,-4,0
"2016-17","9681","Maryland","Brianna Fraser",34,4,1383,1507,124,3,3,0,0
"2016-17","9681","Northwestern","Amber Jamison",32,3,1419,1617,198,10,10,0,0
"2016-17","9681","Maryland","Ieshia Small",1,3,1471,1800,329,15,18,-3,0
"2016-17","9681","Maryland","Kaila Charles",3,5,1507,1786,279,15,17,-2,0
"2016-17","9681","Northwestern","Jordan Hankins",5,1,1507,1800,293,17,15,2,0
"2016-17","9681","Northwestern","Abbie Wolf",21,1,1507,1617,110,7,7,0,0
"2016-17","9681","Maryland","Destiny Slocum",5,4,1544,1860,316,19,17,2,0
"2016-17","9681","Maryland","Kiah Gillespie",15,2,1617,1800,183,8,10,-2,0
"2016-17","9681","Northwestern","Lauren Douglas",11,4,1617,2214,597,24,26,-2,0
"2016-17","9681","Northwestern","Christen Inman",24,2,1617,2214,597,24,26,-2,0
"2016-17","9681","Maryland","Brionna Jones",42,4,1786,1917,131,6,5,1,0
"2016-17","9681","Maryland","Ieshia Small",1,4,1800,1923,123,6,7,-1,0
"2016-17","9681","Maryland","Kaila Charles",3,6,1800,1800,0,0,0,0,0
"2016-17","9681","Maryland","Kristen Confroy",12,3,1800,1800,0,0,0,0,0
"2016-17","9681","Maryland","Kiah Gillespie",15,3,1800,2018,218,11,9,2,0
"2016-17","9681","Northwestern","Allie Tuttle",30,4,1800,1800,0,0,0,0,0
"2016-17","9681","Northwestern","Abi Scheid",44,5,1800,2018,218,9,11,-2,0
"2016-17","9681","Maryland","Kristen Confroy",12,4,1860,2214,354,14,11,3,0
"2016-17","9681","Northwestern","Amber Jamison",32,4,1905,2400,495,13,18,-5,0
"2016-17","9681","Maryland","Jenna Staiti",14,1,1917,2018,101,5,4,1,0
"2016-17","9681","Maryland","Destiny Slocum",5,5,1923,2214,291,12,7,5,0
"2016-17","9681","Maryland","Stephanie Jones",24,2,2018,2214,196,7,5,2,0
"2016-17","9681","Maryland","Brianna Fraser",34,5,2018,2214,196,7,5,2,0
"2016-17","9681","Northwestern","Abbie Wolf",21,2,2018,2200,182,5,6,-1,0
"2016-17","9681","Maryland","Blair Watson",22,1,2037,2400,363,12,9,3,0
"2016-17","9681","Northwestern","Jordan Hankins",5,2,2200,2400,200,4,7,-3,0
"2016-17","9681","Northwestern","Maya Jonas",35,1,2200,2400,200,4,7,-3,0
"2016-17","9681","Maryland","Ieshia Small",1,5,2214,2400,186,6,4,2,0
"2016-17","9681","Maryland","Jenna Staiti",14,2,2214,2400,186,6,4,2,0
"2016-17","9681","Maryland","Kiah Gillespie",15,4,2214,2400,186,6,4,2,0
"2016-17","9681","Maryland","Sarah Myers",21,1,2214,2400,186,6,4,2,0
"2016-17","9681","Northwestern","Abbie Wolf",21,3,2214,2400,186,4,6,-2,0
"2016-17","9681","Northwestern","Byrdy Galernik",22,1,2214,2400,186,4,6,-2,0
"2016-17","9682","Maryland","Kaila Charles",3,1,0,117,117,4,3,1,1
"2016-17","9682","Maryland","Destiny Slocum",5,1,0,287,287,12,11,1,1
"2016-17","9682","Maryland","Kristen Confroy",12,1,0,172,172,4,6,-2,1
"2016-17","9682","Maryland","S. Walker-Kimbrough",32,1,0,219,219,6,8,-2,1
"2016-17","9682","Maryland","Brionna Jones",42,1,0,287,287,12,11,1,1
"2016-17","9682","Penn State","Amari Carter",2,1,0,779,779,32,31,1,1
"2016-17","9682","Penn State","Sierra Moore",5,1,0,876,876,32,32,0,1
"2016-17","9682","Penn State","Teniya Page",11,1,0,996,996,36,32,4,1
"2016-17","9682","Penn State","Ashanti Thomas",24,1,0,172,172,6,4,2,1
"2016-17","9682","Penn State","J. Travascio-Green",31,1,0,117,117,3,4,-1,1
"2016-17","9682","Maryland","Brianna Fraser",34,1,117,517,400,14,14,0,0
"2016-17","9682","Penn State","Peyton Whitted",25,1,117,287,170,8,8,0,0
"2016-17","9682","Maryland","Ieshia Small",1,1,172,428,256,10,11,-1,0
"2016-17","9682","Penn State","Jaylen Williams",23,1,172,287,115,5,8,-3,0
"2016-17","9682","Maryland","Kristen Confroy",12,2,219,308,89,6,5,1,0
"2016-17","9682","Maryland","Stephanie Jones",24,1,287,395,108,2,6,-4,0
"2016-17","9682","Maryland","S. Walker-Kimbrough",32,2,287,561,274,8,11,-3,0
"2016-17","9682","Penn State","Kaliyah Mitchell",15,1,287,517,230,6,6,0,0
"2016-17","9682","Penn State","Ashanti Thomas",24,2,287,517,230,6,6,0,0
"2016-17","9682","Maryland","Destiny Slocum",5,2,308,779,471,19,19,0,0
"2016-17","9682","Maryland","Brionna Jones",42,2,395,1199,804,30,22,8,0
"2016-17","9682","Maryland","Kristen Confroy",12,3,428,663,235,10,11,-1,0
"2016-17","9682","Maryland","Kaila Charles",3,2,517,1020,503,16,20,-4,0
"2016-17","9682","Penn State","Lindsey Spann",12,1,517,600,83,7,4,3,0
"2016-17","9682","Penn State","Peyton Whitted",25,2,517,600,83,7,4,3,0
"2016-17","9682","Maryland","Ieshia Small",1,2,561,600,39,2,2,0,0
"2016-17","9682","Maryland","Ieshia Small",1,3,600,1200,600,22,15,7,0
"2016-17","9682","Maryland","S. Walker-Kimbrough",32,3,600,600,0,0,0,0,0
"2016-17","9682","Penn State","Lindsey Spann",12,2,600,831,231,8,10,-2,0
"2016-17","9682","Penn State","Ashanti Thomas",24,3,600,600,0,0,0,0,0
"2016-17","9682","Penn State","Peyton Whitted",25,3,600,713,113,7,6,1,0
"2016-17","9682","Penn State","J. Travascio-Green",31,2,600,600,0,0,0,0,0
"2016-17","9682","Maryland","S. Walker-Kimbrough",32,4,663,754,91,7,3,4,0
"2016-17","9682","Penn State","Jaylen Williams",23,2,713,1006,293,5,6,-1,0
"2016-17","9682","Maryland","Kristen Confroy",12,4,754,815,61,1,1,0,0
"2016-17","9682","Maryland","Brianna Fraser",34,2,779,1200,421,13,7,6,0
"2016-17","9682","Penn State","Kaliyah Mitchell",15,2,779,1143,364,5,10,-5,0
"2016-17","9682","Maryland","Blair Watson",22,1,815,928,113,0,0,0,0
"2016-17","9682","Penn State","Amari Carter",2,2,831,2400,1569,51,57,-6,0
"2016-17","9682","Penn State","J. Travascio-Green",31,3,876,1006,130,4,2,2,0
"2016-17","9682","Maryland","S. Walker-Kimbrough",32,5,928,1419,491,25,9,16,0
"2016-17","9682","Penn State","Sierra Moore",5,2,996,1479,483,5,25,-20,0
"2016-17","9682","Penn State","Teniya Page",11,2,1006,2400,1394,47,55,-8,0
"2016-17","9682","Penn State","Ashanti Thomas",24,4,1006,1028,22,1,2,-1,0
"2016-17","9682","Maryland","Kristen Confroy",12,5,1020,2400,1380,55,46,9,0
"2016-17","9682","Penn State","Peyton Whitted",25,4,1028,1200,172,2,8,-6,0
"2016-17","9682","Penn State","Lindsey Spann",12,3,1143,1200,57,2,3,-1,0
"2016-17","9682","Maryland","Kiah Gillespie",15,1,1199,1200,1,0,0,0,0
"2016-17","9682","Maryland","Kaila Charles",3,3,1200,1261,61,4,2,2,0
"2016-17","9682","Maryland","Destiny Slocum",5,3,1200,2400,1200,45,44,1,0
"2016-17","9682","Maryland","Brionna Jones",42,3,1200,1564,364,17,9,8,0
"2016-17","9682","Penn State","Lindsey Spann",12,4,1200,1800,600,18,29,-11,0
"2016-17","9682","Penn State","Ashanti Thomas",24,5,1200,1311,111,2,9,-7,0
"2016-17","9682","Penn State","J. Travascio-Green",31,4,1200,1200,0,0,0,0,0
"2016-17","9682","Maryland","Brianna Fraser",34,3,1261,1622,361,15,12,3,0
"2016-17","9682","Penn State","Jaylen Williams",23,3,1311,1381,70,0,2,-2,0
"2016-17","9682","Penn State","Peyton Whitted",25,5,1381,1706,325,14,10,4,0
"2016-17","9682","Maryland","Ieshia Small",1,4,1419,1622,203,6,12,-6,0
"2016-17","9682","Penn State","Kaliyah Mitchell",15,3,1479,1622,143,12,6,6,0
"2016-17","9682","Maryland","Kaila Charles",3,4,1564,1987,423,16,15,1,0
"2016-17","9682","Maryland","S. Walker-Kimbrough",32,6,1622,2400,778,26,30,-4,0
"2016-17","9682","Maryland","Brionna Jones",42,4,1622,2400,778,26,30,-4,0
"2016-17","9682","Penn State","Sierra Moore",5,3,1622,1777,155,4,7,-3,0
"2016-17","9682","Penn State","Ashanti Thomas",24,6,1706,2142,436,14,16,-2,0
"2016-17","9682","Penn State","Siyeh Frazier",4,1,1777,1800,23,0,3,-3,0
"2016-17","9682","Penn State","Siyeh Frazier",4,2,1800,1861,61,2,2,0,0
"2016-17","9682","Penn State","Sierra Moore",5,4,1800,1800,0,0,0,0,0
"2016-17","9682","Penn State","Lindsey Spann",12,5,1800,1920,120,2,2,0,0
"2016-17","9682","Penn State","J. Travascio-Green",31,5,1800,1800,0,0,0,0,0
"2016-17","9682","Penn State","J. Travascio-Green",31,6,1861,1987,126,4,2,2,0
"2016-17","9682","Penn State","Sierra Moore",5,5,1920,2400,480,24,14,10,0
"2016-17","9682","Maryland","Brianna Fraser",34,4,1987,2400,413,12,20,-8,0
"2016-17","9682","Penn State","Kaliyah Mitchell",15,4,1987,2400,413,20,12,8,0
"2016-17","9682","Penn State","Peyton Whitted",25,6,2142,2168,26,2,0,2,0
"2016-17","9682","Penn State","Jaylen Williams",23,4,2168,2248,80,2,2,0,0
"2016-17","9682","Penn State","Ashanti Thomas",24,7,2248,2276,28,3,0,3,0
"2016-17","9682","Penn State","Jaylen Williams",23,5,2276,2400,124,7,6,1,0
"2016-17","9683","Iowa","Ally Disterhoft",2,1,0,371,371,7,17,-10,1
"2016-17","9683","Iowa","Makenzie Meyer",3,1,0,247,247,2,13,-11,1
"2016-17","9683","Iowa","Megan Gustafson",10,1,0,371,371,7,17,-10,1
"2016-17","9683","Iowa","Tania Davis",11,1,0,247,247,2,13,-11,1
"2016-17","9683","Iowa","Kathleen Doyle",22,1,0,371,371,7,17,-10,1
"2016-17","9683","Maryland","Ieshia Small",1,1,0,407,407,19,9,10,1
"2016-17","9683","Maryland","Kaila Charles",3,1,0,305,305,15,4,11,1
"2016-17","9683","Maryland","Destiny Slocum",5,1,0,171,171,9,2,7,1
"2016-17","9683","Maryland","Kristen Confroy",12,1,0,600,600,27,16,11,1
"2016-17","9683","Maryland","Brionna Jones",42,1,0,371,371,17,7,10,1
"2016-17","9683","Maryland","S. Walker-Kimbrough",32,1,171,600,429,18,14,4,0
"2016-17","9683","Iowa","Chase Coley",4,1,247,527,280,12,14,-2,0
"2016-17","9683","Iowa","Bre Cera",35,1,247,371,124,5,4,1,0
"2016-17","9683","Maryland","Brianna Fraser",34,1,305,600,295,12,12,0,0
"2016-17","9683","Iowa","Alexa Kastanek",1,1,371,527,156,7,10,-3,0
"2016-17","9683","Iowa","Tania Davis",11,2,371,955,584,28,17,11,0
"2016-17","9683","Iowa","Hannah Stewart",21,1,371,460,89,4,8,-4,0
"2016-17","9683","Iowa","Christina Buttenham",23,1,371,527,156,7,10,-3,0
"2016-17","9683","Maryland","Kaila Charles",3,2,371,683,312,14,14,0,0
"2016-17","9683","Maryland","Destiny Slocum",5,2,407,527,120,8,5,3,0
"2016-17","9683","Iowa","Megan Gustafson",10,2,460,928,468,22,9,13,0
"2016-17","9683","Iowa","Ally Disterhoft",2,2,527,1002,475,24,7,17,0
"2016-17","9683","Iowa","Makenzie Meyer",3,2,527,838,311,16,4,12,0
"2016-17","9683","Iowa","Kathleen Doyle",22,2,527,838,311,16,4,12,0
"2016-17","9683","Maryland","Ieshia Small",1,2,527,768,241,4,13,-9,0
"2016-17","9683","Maryland","Destiny Slocum",5,3,600,2008,1408,55,51,4,0
"2016-17","9683","Maryland","S. Walker-Kimbrough",32,2,600,1200,600,16,31,-15,0
"2016-17","9683","Maryland","Brionna Jones",42,2,600,782,182,4,11,-7,0
"2016-17","9683","Maryland","Stephanie Jones",24,1,646,768,122,0,7,-7,0
"2016-17","9683","Maryland","Kristen Confroy",12,2,768,1266,498,15,22,-7,0
"2016-17","9683","Maryland","Brianna Fraser",34,2,768,1020,252,5,11,-6,0
"2016-17","9683","Maryland","Kiah Gillespie",15,1,782,928,146,3,6,-3,0
"2016-17","9683","Iowa","Alexa Kastanek",1,2,838,955,117,5,3,2,0
"2016-17","9683","Iowa","Chase Coley",4,2,838,1112,274,10,7,3,0
"2016-17","9683","Iowa","Hannah Stewart",21,2,928,1112,184,7,4,3,0
"2016-17","9683","Maryland","Stephanie Jones",24,2,928,1002,74,0,5,-5,0
"2016-17","9683","Iowa","Kathleen Doyle",22,3,955,1470,515,18,20,-2,0
"2016-17","9683","Iowa","Christina Buttenham",23,2,955,1112,157,5,4,1,0
"2016-17","9683","Iowa","Carly Mohns",34,1,1002,1112,110,2,4,-2,0
"2016-17","9683","Maryland","Brionna Jones",42,3,1002,2339,1337,62,42,20,0
"2016-17","9683","Maryland","Stephanie Jones",24,3,1020,1157,137,4,4,0,0
"2016-17","9683","Iowa","Ally Disterhoft",2,3,1112,1903,791,22,38,-16,0
"2016-17","9683","Iowa","Makenzie Meyer",3,3,1112,1454,342,13,16,-3,0
"2016-17","9683","Iowa","Megan Gustafson",10,3,1112,1613,501,17,23,-6,0
"2016-17","9683","Iowa","Tania Davis",11,3,1112,1454,342,13,16,-3,0
"2016-17","9683","Maryland","Ieshia Small",1,3,1157,1200,43,3,5,-2,0
"2016-17","9683","Maryland","Kaila Charles",3,3,1200,1613,413,18,10,8,0
"2016-17","9683","Maryland","S. Walker-Kimbrough",32,3,1200,1689,489,21,12,9,0
"2016-17","9683","Maryland","Ieshia Small",1,4,1266,1708,442,20,10,10,0
"2016-17","9683","Iowa","Chase Coley",4,3,1454,1613,159,4,7,-3,0
"2016-17","9683","Iowa","Christina Buttenham",23,3,1454,1613,159,4,7,-3,0
"2016-17","9683","Iowa","Tania Davis",11,4,1470,2400,930,29,44,-15,0
"2016-17","9683","Iowa","Makenzie Meyer",3,4,1613,1903,290,5,15,-10,0
"2016-17","9683","Iowa","Hannah Stewart",21,3,1613,1658,45,0,3,-3,0
"2016-17","9683","Iowa","Kathleen Doyle",22,4,1613,1927,314,5,17,-12,0
"2016-17","9683","Maryland","Kristen Confroy",12,3,1613,2400,787,37,25,12,0
"2016-17","9683","Iowa","Megan Gustafson",10,4,1658,1903,245,5,12,-7,0
"2016-17","9683","Maryland","Kaila Charles",3,4,1688,2065,377,20,10,10,0
"2016-17","9683","Maryland","Brianna Fraser",34,3,1688,1689,1,0,0,0,0
"2016-17","9683","Maryland","S. Walker-Kimbrough",32,4,1708,1800,92,5,0,5,0
"2016-17","9683","Maryland","Ieshia Small",1,5,1800,1800,0,0,0,0,0
"2016-17","9683","Maryland","S. Walker-Kimbrough",32,5,1800,2150,350,17,15,2,0
"2016-17","9683","Iowa","Chase Coley",4,4,1903,2057,154,5,8,-3,0
"2016-17","9683","Iowa","Hannah Stewart",21,4,1903,1991,88,2,6,-4,0
"2016-17","9683","Iowa","Christina Buttenham",23,4,1903,2303,400,15,18,-3,0
"2016-17","9683","Iowa","Makenzie Meyer",3,5,1927,2057,130,5,6,-1,0
"2016-17","9683","Iowa","Ally Disterhoft",2,4,1991,2400,409,18,16,2,0
"2016-17","9683","Maryland","Ieshia Small",1,6,2008,2400,392,16,15,1,0
"2016-17","9683","Iowa","Megan Gustafson",10,5,2057,2400,343,15,14,1,0
"2016-17","9683","Iowa","Kathleen Doyle",22,5,2057,2400,343,15,14,1,0
"2016-17","9683","Maryland","Destiny Slocum",5,4,2065,2400,335,14,13,1,0
"2016-17","9683","Maryland","Kaila Charles",3,5,2150,2400,250,10,8,2,0
"2016-17","9683","Iowa","Bre Cera",35,2,2303,2339,36,3,2,1,0
"2016-17","9683","Iowa","Christina Buttenham",23,5,2339,2383,44,2,2,0,0
"2016-17","9683","Maryland","Brianna Fraser",34,4,2339,2400,61,2,2,0,0
"2016-17","9683","Iowa","Bre Cera",35,3,2383,2400,17,0,0,0,0
"2016-17","9684","Maryland","Kaila Charles",3,1,0,339,339,7,12,-5,1
"2016-17","9684","Maryland","Destiny Slocum",5,1,0,271,271,6,9,-3,1
"2016-17","9684","Maryland","Kristen Confroy",12,1,0,339,339,7,12,-5,1
"2016-17","9684","Maryland","S. Walker-Kimbrough",32,1,0,236,236,6,7,-1,1
"2016-17","9684","Maryland","Brionna Jones",42,1,0,845,845,32,24,8,1
"2016-17","9684","Michigan","Siera Thompson",2,1,0,2400,2400,70,83,-13,1
"2016-17","9684","Michigan","Katelynn Flaherty",3,1,0,600,600,19,18,1,1
"2016-17","9684","Michigan","Jillian Dunston",11,1,0,600,600,19,18,1,1
"2016-17","9684","Michigan","Danielle Williams",20,1,0,271,271,9,6,3,1
"2016-17","9684","Michigan","Hallie Thome",30,1,0,481,481,17,10,7,1
"2016-17","9684","Maryland","Ieshia Small",1,1,236,481,245,4,10,-6,0
"2016-17","9684","Maryland","Brianna Fraser",34,1,271,481,210,4,8,-4,0
"2016-17","9684","Michigan","Kysre Gondrezick",1,1,271,600,329,10,12,-2,0
"2016-17","9684","Maryland","Destiny Slocum",5,2,339,2400,2061,76,58,18,0
"2016-17","9684","Maryland","S. Walker-Kimbrough",32,2,339,914,575,28,12,16,0
"2016-17","9684","Maryland","Kaila Charles",3,2,481,902,421,25,7,18,0
"2016-17","9684","Maryland","Kristen Confroy",12,2,481,1475,994,40,36,4,0
"2016-17","9684","Michigan","Kayla Robbins",5,1,481,600,119,2,8,-6,0
"2016-17","9684","Michigan","Kysre Gondrezick",1,2,600,902,302,5,17,-12,0
"2016-17","9684","Michigan","Kayla Robbins",5,2,600,690,90,0,8,-8,0
"2016-17","9684","Michigan","Nicole Munger",10,1,600,690,90,0,8,-8,0
"2016-17","9684","Michigan","Danielle Williams",20,2,600,600,0,0,0,0,0
"2016-17","9684","Michigan","Hallie Thome",30,2,600,612,12,0,2,-2,0
"2016-17","9684","Michigan","Jillian Dunston",11,2,612,1111,499,11,19,-8,0
"2016-17","9684","Michigan","Katelynn Flaherty",3,2,690,1580,890,34,30,4,0
"2016-17","9684","Michigan","Danielle Williams",20,3,690,791,101,5,2,3,0
"2016-17","9684","Michigan","Hallie Thome",30,3,791,792,1,0,0,0,0
"2016-17","9684","Michigan","Danielle Williams",20,4,792,902,110,0,7,-7,0
"2016-17","9684","Maryland","Kiah Gillespie",15,1,845,1170,325,7,11,-4,0
"2016-17","9684","Maryland","Brionna Jones",42,2,902,1111,209,4,6,-2,0
"2016-17","9684","Michigan","Maria Backman",23,1,902,1200,298,11,4,7,0
"2016-17","9684","Michigan","Hallie Thome",30,4,902,1012,110,2,2,0,0
"2016-17","9684","Maryland","Ieshia Small",1,2,914,1111,197,4,6,-2,0
"2016-17","9684","Michigan","Kayla Robbins",5,3,1012,1200,188,9,2,7,0
"2016-17","9684","Maryland","S. Walker-Kimbrough",32,3,1111,2400,1289,44,40,4,0
"2016-17","9684","Maryland","Brianna Fraser",34,2,1111,1200,89,0,5,-5,0
"2016-17","9684","Michigan","Kysre Gondrezick",1,3,1111,1200,89,5,0,5,0
"2016-17","9684","Maryland","Brionna Jones",42,3,1170,1302,132,5,7,-2,0
"2016-17","9684","Maryland","Kaila Charles",3,3,1200,1800,600,25,26,-1,0
"2016-17","9684","Michigan","Jillian Dunston",11,3,1200,1443,243,12,11,1,0
"2016-17","9684","Michigan","Danielle Williams",20,5,1200,1396,196,12,7,5,0
"2016-17","9684","Michigan","Hallie Thome",30,5,1200,1396,196,12,7,5,0
"2016-17","9684","Maryland","Brianna Fraser",34,3,1302,1396,94,2,5,-3,0
"2016-17","9684","Maryland","Kiah Gillespie",15,2,1396,1550,154,6,6,0,0
"2016-17","9684","Michigan","Kysre Gondrezick",1,4,1396,1800,404,14,18,-4,0
"2016-17","9684","Michigan","Maria Backman",23,2,1396,1550,154,6,6,0,0
"2016-17","9684","Michigan","Hallie Thome",30,6,1443,2273,830,20,29,-9,0
"2016-17","9684","Maryland","Ieshia Small",1,3,1475,1800,325,14,8,6,0
"2016-17","9684","Maryland","Brionna Jones",42,4,1550,1770,220,9,8,1,0
"2016-17","9684","Michigan","Danielle Williams",20,6,1580,1661,81,3,2,1,0
"2016-17","9684","Michigan","Katelynn Flaherty",3,3,1661,2400,739,14,25,-11,0
"2016-17","9684","Maryland","Kiah Gillespie",15,3,1770,1800,30,3,0,3,0
"2016-17","9684","Michigan","Nicole Munger",10,2,1770,1800,30,0,3,-3,0
"2016-17","9684","Maryland","Ieshia Small",1,4,1800,1989,189,6,2,4,0
"2016-17","9684","Maryland","Kristen Confroy",12,3,1800,1800,0,0,0,0,0
"2016-17","9684","Maryland","Kiah Gillespie",15,4,1800,2400,600,19,9,10,0
"2016-17","9684","Maryland","Brionna Jones",42,5,1800,2248,448,13,6,7,0
"2016-17","9684","Michigan","Kysre Gondrezick",1,5,1800,2400,600,9,19,-10,0
"2016-17","9684","Michigan","Jillian Dunston",11,4,1800,2160,360,4,12,-8,0
"2016-17","9684","Michigan","Danielle Williams",20,7,1800,1800,0,0,0,0,0
"2016-17","9684","Maryland","Kaila Charles",3,4,1989,2400,411,13,7,6,0
"2016-17","9684","Michigan","Nicole Munger",10,3,2160,2216,56,0,1,-1,0
"2016-17","9684","Michigan","Maria Backman",23,3,2216,2261,45,2,0,2,0
"2016-17","9684","Maryland","Ieshia Small",1,5,2248,2261,13,0,0,0,0
"2016-17","9684","Michigan","Danielle Williams",20,8,2248,2400,152,3,6,-3,0
"2016-17","9684","Maryland","Brionna Jones",42,6,2261,2273,12,2,0,2,0
"2016-17","9684","Michigan","Nicole Munger",10,4,2261,2273,12,0,2,-2,0
"2016-17","9684","Maryland","Ieshia Small",1,6,2273,2400,127,4,3,1,0
"2016-17","9684","Michigan","Jillian Dunston",11,5,2273,2400,127,3,4,-1,0
"2016-17","9684","Michigan","Maria Backman",23,4,2273,2400,127,3,4,-1,0
"2016-17","9685","Maryland","Kaila Charles",3,1,0,480,480,14,13,1,1
"2016-17","9685","Maryland","Destiny Slocum",5,1,0,274,274,8,7,1,1
"2016-17","9685","Maryland","Kristen Confroy",12,1,0,159,159,4,7,-3,1
"2016-17","9685","Maryland","S. Walker-Kimbrough",32,1,0,824,824,16,15,1,1
"2016-17","9685","Maryland","Brionna Jones",42,1,0,401,401,12,11,1,1
"2016-17","9685","Rutgers","Shrita Parker",5,1,0,772,772,15,16,-1,1
"2016-17","9685","Rutgers","Khadaizha Sanders",12,1,0,51,51,0,0,0,1
"2016-17","9685","Rutgers","Alex Alfano",33,1,0,159,159,7,4,3,1
"2016-17","9685","Rutgers","Victoria Harris",40,1,0,600,600,13,14,-1,1
"2016-17","9685","Rutgers","Jordan Wallace",44,1,0,451,451,13,14,-1,1
"2016-17","9685","Rutgers","Jazlynd Rollins",1,1,51,401,350,11,12,-1,0
"2016-17","9685","Maryland","Ieshia Small",1,1,159,600,441,10,6,4,0
"2016-17","9685","Rutgers","Khadaizha Sanders",12,2,159,193,34,0,2,-2,0
"2016-17","9685","Rutgers","Kandiss Barber",22,1,193,235,42,0,2,-2,0
"2016-17","9685","Rutgers","Khadaizha Sanders",12,3,235,878,643,11,10,1,0
"2016-17","9685","Maryland","Blair Watson",22,1,274,412,138,4,6,-2,0
"2016-17","9685","Maryland","Destiny Slocum",5,2,401,2245,1844,62,46,16,0
"2016-17","9685","Rutgers","Kandiss Barber",22,2,401,523,122,2,2,0,0
"2016-17","9685","Maryland","Kristen Confroy",12,2,412,523,111,2,0,2,0
"2016-17","9685","Rutgers","Desiree Keeling",32,1,451,600,149,0,0,0,0
"2016-17","9685","Maryland","Kiah Gillespie",15,1,480,600,120,0,0,0,0
"2016-17","9685","Maryland","Brionna Jones",42,2,523,1618,1095,41,21,20,0
"2016-17","9685","Rutgers","Jazlynd Rollins",1,2,523,600,77,0,0,0,0
"2016-17","9685","Maryland","Kaila Charles",3,2,600,600,0,0,0,0,0
"2016-17","9685","Maryland","Kristen Confroy",12,3,600,772,172,2,2,0,0
"2016-17","9685","Maryland","Brianna Fraser",34,1,600,772,172,2,2,0,0
"2016-17","9685","Rutgers","Jazlynd Rollins",1,3,600,1200,600,17,20,-3,0
"2016-17","9685","Rutgers","Kandiss Barber",22,3,600,1200,600,17,20,-3,0
"2016-17","9685","Rutgers","Desiree Keeling",32,2,600,878,278,5,4,1,0
"2016-17","9685","Rutgers","Alex Alfano",33,2,600,600,0,0,0,0,0
"2016-17","9685","Rutgers","Jordan Wallace",44,2,600,600,0,0,0,0,0
"2016-17","9685","Maryland","Ieshia Small",1,2,772,1200,428,18,15,3,0
"2016-17","9685","Maryland","Kaila Charles",3,3,772,1618,846,39,19,20,0
"2016-17","9685","Rutgers","Aliyah Jeune",11,1,772,1176,404,12,15,-3,0
"2016-17","9685","Maryland","Kiah Gillespie",15,2,824,1104,280,12,6,6,0
"2016-17","9685","Rutgers","Shrita Parker",5,2,878,1800,922,25,42,-17,0
"2016-17","9685","Rutgers","Victoria Harris",40,2,878,946,68,0,2,-2,0
"2016-17","9685","Rutgers","Jordan Wallace",44,3,946,1040,94,0,2,-2,0
"2016-17","9685","Rutgers","Desiree Keeling",32,3,1040,1200,160,12,12,0,0
"2016-17","9685","Maryland","S. Walker-Kimbrough",32,2,1104,1715,611,29,17,12,0
"2016-17","9685","Rutgers","Khadaizha Sanders",12,4,1176,1864,688,16,29,-13,0
"2016-17","9685","Maryland","Kristen Confroy",12,4,1200,2245,1045,40,27,13,0
"2016-17","9685","Rutgers","Jazlynd Rollins",1,4,1200,1618,418,4,21,-17,0
"2016-17","9685","Rutgers","Aliyah Jeune",11,2,1200,1279,79,0,2,-2,0
"2016-17","9685","Rutgers","Alex Alfano",33,3,1200,1200,0,0,0,0,0
"2016-17","9685","Rutgers","Victoria Harris",40,3,1200,1200,0,0,0,0,0
"2016-17","9685","Rutgers","Jordan Wallace",44,4,1200,1279,79,0,2,-2,0
"2016-17","9685","Rutgers","Kandiss Barber",22,4,1279,1421,142,2,7,-5,0
"2016-17","9685","Rutgers","Desiree Keeling",32,4,1279,1361,82,2,5,-3,0
"2016-17","9685","Rutgers","Jordan Wallace",44,5,1361,1454,93,0,4,-4,0
"2016-17","9685","Rutgers","Aliyah Jeune",11,3,1421,1800,379,11,17,-6,0
"2016-17","9685","Rutgers","Desiree Keeling",32,5,1454,1728,274,6,13,-7,0
"2016-17","9685","Maryland","Kiah Gillespie",15,3,1618,1800,182,5,9,-4,0
"2016-17","9685","Maryland","Brianna Fraser",34,2,1618,1800,182,5,9,-4,0
"2016-17","9685","Rutgers","Kandiss Barber",22,5,1618,1800,182,9,5,4,0
"2016-17","9685","Maryland","Ieshia Small",1,3,1715,1800,85,3,5,-2,0
"2016-17","9685","Rutgers","Victoria Harris",40,4,1728,1928,200,7,3,4,0
"2016-17","9685","Maryland","Ieshia Small",1,4,1800,1910,110,1,2,-1,0
"2016-17","9685","Maryland","Kaila Charles",3,4,1800,2296,496,15,14,1,0
"2016-17","9685","Maryland","S. Walker-Kimbrough",32,3,1800,1800,0,0,0,0,0
"2016-17","9685","Maryland","Brianna Fraser",34,3,1800,1864,64,0,0,0,0
"2016-17","9685","Maryland","Brionna Jones",42,3,1800,1800,0,0,0,0,0
"2016-17","9685","Rutgers","Aliyah Jeune",11,4,1800,2131,331,8,10,-2,0
"2016-17","9685","Rutgers","Kandiss Barber",22,6,1800,2296,496,14,15,-1,0
"2016-17","9685","Rutgers","Desiree Keeling",32,6,1800,2400,600,28,20,8,0
"2016-17","9685","Rutgers","Alex Alfano",33,4,1800,1800,0,0,0,0,0
"2016-17","9685","Rutgers","Jordan Wallace",44,6,1800,1800,0,0,0,0,0
"2016-17","9685","Maryland","Brionna Jones",42,4,1864,2131,267,10,8,2,0
"2016-17","9685","Rutgers","Jazlynd Rollins",1,5,1864,1910,46,2,1,1,0
"2016-17","9685","Maryland","S. Walker-Kimbrough",32,4,1910,2296,386,14,12,2,0
"2016-17","9685","Rutgers","Khadaizha Sanders",12,5,1910,2400,490,26,19,7,0
"2016-17","9685","Rutgers","Jordan Wallace",44,7,1928,2131,203,6,9,-3,0
"2016-17","9685","Maryland","Brianna Fraser",34,4,2131,2152,21,0,2,-2,0
"2016-17","9685","Rutgers","Jazlynd Rollins",1,6,2131,2245,114,6,4,2,0
"2016-17","9685","Rutgers","Victoria Harris",40,5,2131,2325,194,8,5,3,0
"2016-17","9685","Maryland","Kiah Gillespie",15,4,2152,2325,173,5,6,-1,0
"2016-17","9685","Maryland","Ieshia Small",1,5,2245,2256,11,0,0,0,0
"2016-17","9685","Maryland","Blair Watson",22,2,2245,2400,155,6,14,-8,0
"2016-17","9685","Rutgers","Aliyah Jeune",11,5,2245,2400,155,14,6,8,0
"2016-17","9685","Maryland","Sarah Myers",21,1,2256,2400,144,6,14,-8,0
"2016-17","9685","Maryland","Ieshia Small",1,6,2296,2400,104,5,14,-9,0
"2016-17","9685","Maryland","Jenna Staiti",14,1,2296,2383,87,4,12,-8,0
"2016-17","9685","Rutgers","Jazlynd Rollins",1,7,2296,2400,104,14,5,9,0
"2016-17","9685","Maryland","Stephanie Jones",24,1,2325,2400,75,5,12,-7,0
"2016-17","9685","Rutgers","DaChe Williams",13,1,2325,2400,75,12,5,7,0
"2016-17","9685","Maryland","Destiny Slocum",5,3,2383,2400,17,1,2,-1,0
"2016-17","9686","Illinois","Brandi Beasley",1,1,0,280,280,4,12,-8,1
"2016-17","9686","Illinois","Petra Holesinska",13,1,0,843,843,14,31,-17,1
"2016-17","9686","Illinois","Jaelyne Kirkpatrick",23,1,0,406,406,4,18,-14,1
"2016-17","9686","Illinois","Alex Wittinger",35,1,0,237,237,4,9,-5,1
"2016-17","9686","Illinois","Ali Andrews",50,1,0,143,143,4,6,-2,1
"2016-17","9686","Maryland","Kaila Charles",3,1,0,237,237,9,4,5,1
"2016-17","9686","Maryland","Destiny Slocum",5,1,0,280,280,12,4,8,1
"2016-17","9686","Maryland","Kristen Confroy",12,1,0,406,406,18,4,14,1
"2016-17","9686","Maryland","S. Walker-Kimbrough",32,1,0,406,406,18,4,14,1
"2016-17","9686","Maryland","Brionna Jones",42,1,0,280,280,12,4,8,1
"2016-17","9686","Illinois","Courtney Joens",30,1,143,306,163,0,6,-6,0
"2016-17","9686","Illinois","Sarah Overcash",20,1,237,280,43,0,3,-3,0
"2016-17","9686","Maryland","Kiah Gillespie",15,1,237,512,275,11,2,9,0
"2016-17","9686","Illinois","Ashley McConnell",12,1,280,512,232,2,8,-6,0
"2016-17","9686","Illinois","Ali Andrews",50,2,280,892,612,10,22,-12,0
"2016-17","9686","Maryland","Ieshia Small",1,1,280,512,232,8,2,6,0
"2016-17","9686","Maryland","Brianna Fraser",34,1,280,512,232,8,2,6,0
"2016-17","9686","Illinois","Alex Wittinger",35,2,306,764,458,10,15,-5,0
"2016-17","9686","Illinois","Brandi Beasley",1,2,406,994,588,15,16,-1,0
"2016-17","9686","Maryland","Kaila Charles",3,2,406,764,358,9,10,-1,0
"2016-17","9686","Maryland","Destiny Slocum",5,2,406,892,486,16,10,6,0
"2016-17","9686","Illinois","Jaelyne Kirkpatrick",23,2,512,1148,636,15,24,-9,0
"2016-17","9686","Maryland","Blair Watson",22,1,512,600,88,1,4,-3,0
"2016-17","9686","Maryland","Stephanie Jones",24,1,512,600,88,1,4,-3,0
"2016-17","9686","Maryland","Brionna Jones",42,2,512,825,313,11,8,3,0
"2016-17","9686","Maryland","Kristen Confroy",12,2,600,825,225,10,4,6,0
"2016-17","9686","Maryland","S. Walker-Kimbrough",32,2,600,764,164,6,4,2,0
"2016-17","9686","Illinois","Sarah Overcash",20,2,764,825,61,0,4,-4,0
"2016-17","9686","Maryland","Ieshia Small",1,2,764,1114,350,16,7,9,0
"2016-17","9686","Maryland","Kiah Gillespie",15,2,764,1114,350,16,7,9,0
"2016-17","9686","Illinois","Alex Wittinger",35,3,825,1386,561,12,24,-12,0
"2016-17","9686","Maryland","Jenna Staiti",14,1,825,965,140,3,5,-2,0
"2016-17","9686","Maryland","S. Walker-Kimbrough",32,3,825,1535,710,32,14,18,0
"2016-17","9686","Illinois","Sarah Overcash",20,3,843,892,49,0,3,-3,0
"2016-17","9686","Illinois","Petra Holesinska",13,2,892,1429,537,12,24,-12,0
"2016-17","9686","Illinois","Courtney Joens",30,2,892,1012,120,5,3,2,0
"2016-17","9686","Maryland","Blair Watson",22,2,892,1200,308,10,8,2,0
"2016-17","9686","Maryland","Brionna Jones",42,3,965,1148,183,10,2,8,0
"2016-17","9686","Illinois","Cierra Rice",5,1,994,1200,206,3,10,-7,0
"2016-17","9686","Illinois","Ali Andrews",50,3,1012,1736,724,13,33,-20,0
"2016-17","9686","Maryland","Sarah Myers",21,1,1114,1200,86,1,1,0,0
"2016-17","9686","Maryland","Brianna Fraser",34,2,1114,1200,86,1,1,0,0
"2016-17","9686","Illinois","Ashley McConnell",12,2,1148,1200,52,1,0,1,0
"2016-17","9686","Maryland","Jenna Staiti",14,2,1148,1200,52,0,1,-1,0
"2016-17","9686","Illinois","Brandi Beasley",1,3,1200,1750,550,10,28,-18,0
"2016-17","9686","Illinois","Jaelyne Kirkpatrick",23,3,1200,1457,257,4,15,-11,0
"2016-17","9686","Maryland","Kaila Charles",3,3,1200,1535,335,19,6,13,0
"2016-17","9686","Maryland","Destiny Slocum",5,3,1200,1736,536,26,10,16,0
"2016-17","9686","Maryland","Kristen Confroy",12,3,1200,1736,536,26,10,16,0
"2016-17","9686","Maryland","Brionna Jones",42,4,1200,1457,257,15,4,11,0
"2016-17","9686","Illinois","Courtney Joens",30,3,1386,1535,149,2,8,-6,0
"2016-17","9686","Illinois","Alex Wittinger",35,4,1429,1655,226,6,8,-2,0
"2016-17","9686","Illinois","Petra Holesinska",13,3,1457,1800,343,6,14,-8,0
"2016-17","9686","Maryland","Brianna Fraser",34,3,1457,1736,279,11,6,5,0
"2016-17","9686","Illinois","Ashley McConnell",12,3,1535,1736,201,4,7,-3,0
"2016-17","9686","Maryland","Ieshia Small",1,3,1535,1563,28,0,0,0,0
"2016-17","9686","Maryland","Kiah Gillespie",15,3,1535,1736,201,7,4,3,0
"2016-17","9686","Maryland","Blair Watson",22,3,1563,1800,237,10,4,6,0
"2016-17","9686","Illinois","Sarah Overcash",20,4,1655,1800,145,0,7,-7,0
"2016-17","9686","Illinois","Courtney Joens",30,4,1736,1800,64,0,3,-3,0
"2016-17","9686","Illinois","Alex Wittinger",35,5,1736,2115,379,15,12,3,0
"2016-17","9686","Maryland","Ieshia Small",1,4,1736,1800,64,3,0,3,0
"2016-17","9686","Maryland","Jenna Staiti",14,3,1736,1800,64,3,0,3,0
"2016-17","9686","Maryland","Sarah Myers",21,2,1736,1800,64,3,0,3,0
"2016-17","9686","Maryland","Stephanie Jones",24,2,1736,1800,64,3,0,3,0
"2016-17","9686","Illinois","Jaelyne Kirkpatrick",23,4,1750,2003,253,11,8,3,0
"2016-17","9686","Illinois","Brandi Beasley",1,4,1800,2309,509,17,18,-1,0
"2016-17","9686","Illinois","Sarah Overcash",20,5,1800,1911,111,7,2,5,0
"2016-17","9686","Illinois","Courtney Joens",30,5,1800,2147,347,15,12,3,0
"2016-17","9686","Illinois","Ali Andrews",50,4,1800,1800,0,0,0,0,0
"2016-17","9686","Maryland","Ieshia Small",1,5,1800,2400,600,21,17,4,0
"2016-17","9686","Maryland","Kaila Charles",3,4,1800,1800,0,0,0,0,0
"2016-17","9686","Maryland","Destiny Slocum",5,4,1800,1800,0,0,0,0,0
"2016-17","9686","Maryland","Kristen Confroy",12,4,1800,1800,0,0,0,0,0
"2016-17","9686","Maryland","Jenna Staiti",14,4,1800,1911,111,2,7,-5,0
"2016-17","9686","Maryland","Sarah Myers",21,3,1800,2400,600,21,17,4,0
"2016-17","9686","Maryland","Blair Watson",22,4,1800,2400,600,21,17,4,0
"2016-17","9686","Maryland","Stephanie Jones",24,3,1800,2115,315,9,15,-6,0
"2016-17","9686","Maryland","S. Walker-Kimbrough",32,4,1800,1800,0,0,0,0,0
"2016-17","9686","Maryland","Brionna Jones",42,5,1800,1800,0,0,0,0,0
"2016-17","9686","Illinois","Ali Andrews",50,5,1911,2115,204,8,7,1,0
"2016-17","9686","Maryland","Brionna Jones",42,6,1911,2013,102,5,4,1,0
"2016-17","9686","Illinois","Ashley McConnell",12,4,2003,2115,112,4,2,2,0
"2016-17","9686","Maryland","Brianna Fraser",34,4,2013,2115,102,2,4,-2,0
"2016-17","9686","Illinois","Petra Holesinska",13,4,2115,2253,138,2,9,-7,0
"2016-17","9686","Illinois","Sarah Overcash",20,6,2115,2253,138,2,9,-7,0
"2016-17","9686","Illinois","Jaelyne Kirkpatrick",23,5,2115,2253,138,2,9,-7,0
"2016-17","9686","Maryland","Jenna Staiti",14,5,2115,2400,285,12,2,10,0
"2016-17","9686","Maryland","Kiah Gillespie",15,4,2115,2400,285,12,2,10,0
"2016-17","9686","Illinois","Alex Wittinger",35,6,2147,2193,46,2,2,0,0
"2016-17","9686","Illinois","Courtney Joens",30,6,2193,2210,17,0,1,-1,0
"2016-17","9686","Illinois","Alex Wittinger",35,7,2210,2309,99,0,3,-3,0
"2016-17","9686","Illinois","Ashley McConnell",12,5,2253,2400,147,0,3,-3,0
"2016-17","9686","Illinois","Courtney Joens",30,7,2253,2400,147,0,3,-3,0
"2016-17","9686","Illinois","Ali Andrews",50,6,2253,2367,114,0,3,-3,0
"2016-17","9686","Illinois","Sarah Overcash",20,7,2309,2400,91,0,3,-3,0
"2016-17","9686","Illinois","Jaelyne Kirkpatrick",23,6,2309,2400,91,0,3,-3,0
"2016-17","9686","Illinois","Meagan McNicholas",33,1,2367,2400,33,0,0,0,0
"2016-17","9687","Iowa","Ally Disterhoft",2,1,0,357,357,8,11,-3,1
"2016-17","9687","Iowa","Makenzie Meyer",3,1,0,262,262,8,11,-3,1
"2016-17","9687","Iowa","Megan Gustafson",10,1,0,401,401,10,11,-1,1
"2016-17","9687","Iowa","Tania Davis",11,1,0,357,357,8,11,-3,1
"2016-17","9687","Iowa","Kathleen Doyle",22,1,0,262,262,8,11,-3,1
"2016-17","9687","Maryland","Kaila Charles",3,1,0,431,431,14,12,2,1
"2016-17","9687","Maryland","Destiny Slocum",5,1,0,262,262,11,8,3,1
"2016-17","9687","Maryland","Kristen Confroy",12,1,0,768,768,30,27,3,1
"2016-17","9687","Maryland","S. Walker-Kimbrough",32,1,0,562,562,23,17,6,1
"2016-17","9687","Maryland","Brionna Jones",42,1,0,308,308,11,8,3,1
"2016-17","9687","Iowa","Chase Coley",4,1,262,517,255,7,8,-1,0
"2016-17","9687","Iowa","Bre Cera",35,1,262,357,95,0,0,0,0
"2016-17","9687","Maryland","Ieshia Small",1,1,262,517,255,8,7,1,0
"2016-17","9687","Maryland","Brianna Fraser",34,1,308,578,270,12,10,2,0
"2016-17","9687","Iowa","Alexa Kastanek",1,1,357,517,160,7,8,-1,0
"2016-17","9687","Iowa","Kathleen Doyle",22,2,357,578,221,10,12,-2,0
"2016-17","9687","Iowa","Christina Buttenham",23,1,357,517,160,7,8,-1,0
"2016-17","9687","Iowa","Hannah Stewart",21,1,401,517,116,5,8,-3,0
"2016-17","9687","Maryland","Brionna Jones",42,2,431,1174,743,39,24,15,0
"2016-17","9687","Iowa","Ally Disterhoft",2,2,517,1045,528,18,23,-5,0
"2016-17","9687","Iowa","Makenzie Meyer",3,2,517,975,458,16,18,-2,0
"2016-17","9687","Iowa","Megan Gustafson",10,2,517,799,282,15,12,3,0
"2016-17","9687","Iowa","Tania Davis",11,2,517,1199,682,21,37,-16,0
"2016-17","9687","Maryland","Destiny Slocum",5,2,517,1800,1283,59,48,11,0
"2016-17","9687","Maryland","Ieshia Small",1,2,562,600,38,0,1,-1,0
"2016-17","9687","Iowa","Bre Cera",35,2,578,600,22,0,0,0,0
"2016-17","9687","Maryland","Kaila Charles",3,2,578,749,171,7,6,1,0
"2016-17","9687","Iowa","Kathleen Doyle",22,3,600,917,317,13,12,1,0
"2016-17","9687","Maryland","S. Walker-Kimbrough",32,2,600,1595,995,46,36,10,0
"2016-17","9687","Maryland","Kiah Gillespie",15,1,749,783,34,0,6,-6,0
"2016-17","9687","Maryland","Ieshia Small",1,3,768,975,207,7,4,3,0
"2016-17","9687","Maryland","Kaila Charles",3,3,783,917,134,5,1,4,0
"2016-17","9687","Iowa","Hannah Stewart",21,2,799,917,118,1,4,-3,0
"2016-17","9687","Iowa","Chase Coley",4,2,917,1116,199,4,13,-9,0
"2016-17","9687","Iowa","Bre Cera",35,3,917,1013,96,2,5,-3,0
"2016-17","9687","Maryland","Kristen Confroy",12,2,917,2208,1291,61,43,18,0
"2016-17","9687","Iowa","Megan Gustafson",10,3,975,1402,427,14,27,-13,0
"2016-17","9687","Maryland","Stephanie Jones",24,1,975,1200,225,19,5,14,0
"2016-17","9687","Iowa","Kathleen Doyle",22,4,1013,1174,161,3,13,-10,0
"2016-17","9687","Iowa","Christina Buttenham",23,2,1045,1116,71,2,6,-4,0
"2016-17","9687","Iowa","Ally Disterhoft",2,3,1116,1595,479,19,21,-2,0
"2016-17","9687","Iowa","Christina Buttenham",23,3,1174,1200,26,0,3,-3,0
"2016-17","9687","Iowa","Bre Cera",35,4,1174,1200,26,0,3,-3,0
"2016-17","9687","Maryland","Jenna Staiti",14,1,1174,1200,26,3,0,3,0
"2016-17","9687","Iowa","Alexa Kastanek",1,2,1199,1200,1,0,0,0,0
"2016-17","9687","Iowa","Makenzie Meyer",3,3,1200,1467,267,13,8,5,0
"2016-17","9687","Iowa","Tania Davis",11,3,1200,1511,311,13,10,3,0
"2016-17","9687","Iowa","Kathleen Doyle",22,5,1200,1595,395,18,13,5,0
"2016-17","9687","Maryland","Kaila Charles",3,4,1200,1613,413,15,21,-6,0
"2016-17","9687","Maryland","Brionna Jones",42,3,1200,1402,202,8,9,-1,0
"2016-17","9687","Iowa","Hannah Stewart",21,3,1402,1511,109,4,2,2,0
"2016-17","9687","Maryland","Brianna Fraser",34,2,1402,1602,200,7,9,-2,0
"2016-17","9687","Iowa","Bre Cera",35,5,1467,1595,128,5,5,0,0
"2016-17","9687","Iowa","Chase Coley",4,3,1511,1800,289,14,12,2,0
"2016-17","9687","Iowa","Megan Gustafson",10,4,1511,1800,289,14,12,2,0
"2016-17","9687","Iowa","Alexa Kastanek",1,3,1595,1765,170,9,9,0,0
"2016-17","9687","Iowa","Tania Davis",11,4,1595,2400,805,27,31,-4,0
"2016-17","9687","Iowa","Christina Buttenham",23,4,1595,1765,170,9,9,0,0
"2016-17","9687","Maryland","Ieshia Small",1,4,1595,1933,338,11,13,-2,0
"2016-17","9687","Maryland","Brionna Jones",42,4,1602,1800,198,7,9,-2,0
"2016-17","9687","Maryland","Stephanie Jones",24,2,1613,1933,320,9,10,-1,0
"2016-17","9687","Iowa","Ally Disterhoft",2,4,1765,2400,635,18,22,-4,0
"2016-17","9687","Iowa","Makenzie Meyer",3,4,1765,2044,279,4,8,-4,0
"2016-17","9687","Iowa","Chase Coley",4,4,1800,1853,53,0,0,0,0
"2016-17","9687","Iowa","Hannah Stewart",21,4,1800,1924,124,4,2,2,0
"2016-17","9687","Iowa","Kathleen Doyle",22,6,1800,1800,0,0,0,0,0
"2016-17","9687","Maryland","Kaila Charles",3,5,1800,1890,90,0,2,-2,0
"2016-17","9687","Maryland","S. Walker-Kimbrough",32,3,1800,1882,82,0,2,-2,0
"2016-17","9687","Iowa","Kathleen Doyle",22,7,1853,2138,285,6,13,-7,0
"2016-17","9687","Iowa","Megan Gustafson",10,5,1924,2082,158,0,9,-9,0
"2016-17","9687","Maryland","S. Walker-Kimbrough",32,4,1933,2296,363,18,9,9,0
"2016-17","9687","Maryland","Brianna Fraser",34,3,1933,2325,392,18,11,7,0
"2016-17","9687","Iowa","Bre Cera",35,6,2044,2164,120,4,8,-4,0
"2016-17","9687","Iowa","Hannah Stewart",21,5,2082,2164,82,4,5,-1,0
"2016-17","9687","Iowa","Makenzie Meyer",3,5,2138,2400,262,12,9,3,0
"2016-17","9687","Iowa","Megan Gustafson",10,6,2164,2325,161,7,4,3,0
"2016-17","9687","Iowa","Kathleen Doyle",22,8,2164,2400,236,10,6,4,0
"2016-17","9687","Maryland","Blair Watson",22,1,2208,2400,192,4,7,-3,0
"2016-17","9687","Maryland","Ieshia Small",1,5,2296,2400,104,2,5,-3,0
"2016-17","9687","Maryland","Kiah Gillespie",15,2,2296,2400,104,2,5,-3,0
"2016-17","9687","Iowa","Chase Coley",4,5,2325,2400,75,3,2,1,0
"2016-17","9687","Maryland","Jenna Staiti",14,2,2325,2400,75,2,3,-1,0
"2016-17","9687","Maryland","Sarah Myers",21,1,2325,2400,75,2,3,-1,0
"2016-17","9688","Maryland","Kaila Charles",3,1,0,290,290,12,12,0,1
"2016-17","9688","Maryland","Destiny Slocum",5,1,0,408,408,17,17,0,1
"2016-17","9688","Maryland","Kristen Confroy",12,1,0,180,180,10,9,1,1
"2016-17","9688","Maryland","S. Walker-Kimbrough",32,1,0,290,290,12,12,0,1
"2016-17","9688","Maryland","Brionna Jones",42,1,0,408,408,17,17,0,1
"2016-17","9688","Purdue","Ashley Morrissette",1,1,0,541,541,19,23,-4,1
"2016-17","9688","Purdue","Andreona Keys",10,1,0,301,301,15,12,3,1
"2016-17","9688","Purdue","Dominique Oden",11,1,0,408,408,17,17,0,1
"2016-17","9688","Purdue","Bridget Perry",13,1,0,301,301,15,12,3,1
"2016-17","9688","Purdue","Dominique McBryde",20,1,0,361,361,15,17,-2,1
"2016-17","9688","Maryland","Ieshia Small",1,1,180,600,420,15,10,5,0
"2016-17","9688","Maryland","Kristen Confroy",12,2,290,1524,1234,41,34,7,0
"2016-17","9688","Maryland","Brianna Fraser",34,1,290,487,197,8,7,1,0
"2016-17","9688","Purdue","Ae'Rianna Harris",32,1,301,600,299,4,13,-9,0
"2016-17","9688","Purdue","Lamina Cooper",40,1,301,511,210,4,8,-4,0
"2016-17","9688","Purdue","Bridget Perry",13,2,361,462,101,4,3,1,0
"2016-17","9688","Maryland","Kaila Charles",3,2,408,487,79,3,2,1,0
"2016-17","9688","Maryland","S. Walker-Kimbrough",32,2,408,708,300,13,5,8,0
"2016-17","9688","Purdue","Andreona Keys",10,2,408,866,458,11,23,-12,0
"2016-17","9688","Purdue","Dominique McBryde",20,2,462,914,452,9,20,-11,0
"2016-17","9688","Maryland","Stephanie Jones",24,1,487,600,113,5,0,5,0
"2016-17","9688","Maryland","Brionna Jones",42,2,487,541,54,3,0,3,0
"2016-17","9688","Purdue","Dominique Oden",11,2,511,1390,879,21,31,-10,0
"2016-17","9688","Maryland","Brianna Fraser",34,2,541,600,59,2,0,2,0
"2016-17","9688","Purdue","Bridget Perry",13,3,541,600,59,0,2,-2,0
"2016-17","9688","Maryland","Ieshia Small",1,2,600,623,23,2,0,2,0
"2016-17","9688","Maryland","Kaila Charles",3,3,600,600,0,0,0,0,0
"2016-17","9688","Maryland","Destiny Slocum",5,2,600,600,0,0,0,0,0
"2016-17","9688","Maryland","Brianna Fraser",34,3,600,866,266,15,9,6,0
"2016-17","9688","Maryland","Brionna Jones",42,3,600,866,266,15,9,6,0
"2016-17","9688","Purdue","Ashley Morrissette",1,2,600,1922,1322,29,41,-12,0
"2016-17","9688","Purdue","Ae'Rianna Harris",32,2,600,623,23,0,2,-2,0
"2016-17","9688","Maryland","Destiny Slocum",5,3,623,2313,1690,56,46,10,0
"2016-17","9688","Purdue","Nora Kiesler",12,1,623,708,85,3,3,0,0
"2016-17","9688","Maryland","Ieshia Small",1,3,708,931,223,10,6,4,0
"2016-17","9688","Purdue","Bridget Perry",13,4,708,931,223,6,10,-4,0
"2016-17","9688","Maryland","Kaila Charles",3,4,866,914,48,0,0,0,0
"2016-17","9688","Maryland","Kiah Gillespie",15,1,866,1076,210,0,5,-5,0
"2016-17","9688","Purdue","Ae'Rianna Harris",32,3,866,1200,334,7,3,4,0
"2016-17","9688","Maryland","Brionna Jones",42,4,914,948,34,0,0,0,0
"2016-17","9688","Purdue","Lamina Cooper",40,2,914,931,17,0,0,0,0
"2016-17","9688","Maryland","S. Walker-Kimbrough",32,3,931,1408,477,11,12,-1,0
"2016-17","9688","Purdue","Andreona Keys",10,3,931,2067,1136,26,33,-7,0
"2016-17","9688","Purdue","Dominique McBryde",20,3,931,1289,358,11,7,4,0
"2016-17","9688","Maryland","Brianna Fraser",34,4,948,1200,252,3,7,-4,0
"2016-17","9688","Maryland","Stephanie Jones",24,2,1076,1200,124,3,2,1,0
"2016-17","9688","Maryland","Kaila Charles",3,5,1200,1524,324,10,11,-1,0
"2016-17","9688","Maryland","Brionna Jones",42,5,1200,1453,253,10,7,3,0
"2016-17","9688","Purdue","Bridget Perry",13,5,1200,1390,190,5,8,-3,0
"2016-17","9688","Purdue","Ae'Rianna Harris",32,4,1289,1800,511,9,18,-9,0
"2016-17","9688","Purdue","Dominique McBryde",20,4,1390,1580,190,6,6,0,0
"2016-17","9688","Purdue","Lamina Cooper",40,3,1390,1627,237,6,9,-3,0
"2016-17","9688","Maryland","Ieshia Small",1,4,1408,1800,392,14,8,6,0
"2016-17","9688","Maryland","Brianna Fraser",34,5,1453,1800,347,12,6,6,0
"2016-17","9688","Maryland","S. Walker-Kimbrough",32,4,1524,1794,270,12,2,10,0
"2016-17","9688","Maryland","Brionna Jones",42,6,1524,1627,103,7,0,7,0
"2016-17","9688","Purdue","Bridget Perry",13,6,1580,1800,220,2,8,-6,0
"2016-17","9688","Maryland","Kaila Charles",3,6,1627,1860,233,5,2,3,0
"2016-17","9688","Purdue","Dominique Oden",11,3,1627,1877,250,2,5,-3,0
"2016-17","9688","Maryland","Kristen Confroy",12,3,1794,1800,6,0,0,0,0
"2016-17","9688","Maryland","Ieshia Small",1,5,1800,2400,600,20,22,-2,0
"2016-17","9688","Maryland","S. Walker-Kimbrough",32,5,1800,2227,427,16,12,4,0
"2016-17","9688","Maryland","Brionna Jones",42,7,1800,2126,326,10,8,2,0
"2016-17","9688","Purdue","Dominique McBryde",20,5,1800,1967,167,2,3,-1,0
"2016-17","9688","Purdue","Ae'Rianna Harris",32,5,1800,2067,267,6,8,-2,0
"2016-17","9688","Maryland","Brianna Fraser",34,6,1860,2330,470,18,18,0,0
"2016-17","9688","Purdue","Bridget Perry",13,7,1877,2191,314,12,14,-2,0
"2016-17","9688","Purdue","Dominique Oden",11,4,1922,2207,285,12,15,-3,0
"2016-17","9688","Purdue","Lamina Cooper",40,4,1967,2400,433,20,17,3,0
"2016-17","9688","Purdue","Ashley Morrissette",1,3,2067,2241,174,6,8,-2,0
"2016-17","9688","Purdue","Nora Kiesler",12,2,2067,2400,333,16,12,4,0
"2016-17","9688","Maryland","Kaila Charles",3,7,2126,2207,81,6,4,2,0
"2016-17","9688","Purdue","Ae'Rianna Harris",32,6,2191,2400,209,10,6,4,0
"2016-17","9688","Maryland","Stephanie Jones",24,3,2207,2400,193,4,10,-6,0
"2016-17","9688","Purdue","Andreona Keys",10,4,2207,2400,193,10,4,6,0
"2016-17","9688","Maryland","Sarah Myers",21,1,2227,2400,173,4,10,-6,0
"2016-17","9688","Purdue","Miracle Gray",5,1,2241,2400,159,10,4,6,0
"2016-17","9688","Maryland","Kiah Gillespie",15,2,2313,2400,87,2,5,-3,0
"2016-17","9688","Maryland","Jenna Staiti",14,1,2330,2400,70,2,4,-2,0
"2016-17","9689","Indiana","Tyra Buss",3,1,0,736,736,13,31,-18,1
"2016-17","9689","Indiana","Karlee McBride",21,1,0,296,296,9,11,-2,1
"2016-17","9689","Indiana","Alexis Gassion",23,1,0,553,553,13,24,-11,1
"2016-17","9689","Indiana","Amanda Cahill",33,1,0,859,859,13,36,-23,1
"2016-17","9689","Indiana","Jenn Anderson",43,1,0,234,234,7,7,0,1
"2016-17","9689","Maryland","Kaila Charles",3,1,0,600,600,27,13,14,1
"2016-17","9689","Maryland","Destiny Slocum",5,1,0,296,296,11,9,2,1
"2016-17","9689","Maryland","Kristen Confroy",12,1,0,317,317,11,9,2,1
"2016-17","9689","Maryland","S. Walker-Kimbrough",32,1,0,553,553,24,13,11,1
"2016-17","9689","Maryland","Brionna Jones",42,1,0,553,553,24,13,11,1
"2016-17","9689","Indiana","Kym Royster",11,1,234,317,83,2,4,-2,0
"2016-17","9689","Indiana","Ria Gulley",5,1,296,600,304,4,16,-12,0
"2016-17","9689","Maryland","Ieshia Small",1,1,296,553,257,13,4,9,0
"2016-17","9689","Indiana","Jenn Anderson",43,2,317,553,236,4,13,-9,0
"2016-17","9689","Maryland","Destiny Slocum",5,2,317,1733,1416,56,25,31,0
"2016-17","9689","Indiana","Amber Deane",2,1,553,600,47,0,3,-3,0
"2016-17","9689","Indiana","Kym Royster",11,2,553,600,47,0,3,-3,0
"2016-17","9689","Maryland","Kristen Confroy",12,2,553,600,47,3,0,3,0
"2016-17","9689","Maryland","Blair Watson",22,1,553,600,47,3,0,3,0
"2016-17","9689","Maryland","Brianna Fraser",34,1,553,600,47,3,0,3,0
"2016-17","9689","Indiana","Amber Deane",2,2,600,736,136,0,4,-4,0
"2016-17","9689","Indiana","Ria Gulley",5,2,600,641,41,0,2,-2,0
"2016-17","9689","Indiana","Kym Royster",11,3,600,641,41,0,2,-2,0
"2016-17","9689","Indiana","Karlee McBride",21,2,600,600,0,0,0,0,0
"2016-17","9689","Indiana","Alexis Gassion",23,2,600,600,0,0,0,0,0
"2016-17","9689","Indiana","Jenn Anderson",43,3,600,600,0,0,0,0,0
"2016-17","9689","Maryland","Ieshia Small",1,2,600,736,136,4,0,4,0
"2016-17","9689","Maryland","S. Walker-Kimbrough",32,2,600,859,259,9,0,9,0
"2016-17","9689","Maryland","Brianna Fraser",34,2,600,760,160,4,0,4,0
"2016-17","9689","Maryland","Brionna Jones",42,2,600,859,259,9,0,9,0
"2016-17","9689","Indiana","Karlee McBride",21,3,641,1360,719,14,24,-10,0
"2016-17","9689","Indiana","Jenn Anderson",43,4,641,1502,861,16,28,-12,0
"2016-17","9689","Indiana","Tia Elbert",22,1,736,859,123,0,5,-5,0
"2016-17","9689","Indiana","Alexis Gassion",23,3,736,2246,1510,39,56,-17,0
"2016-17","9689","Maryland","Kristen Confroy",12,3,736,920,184,8,4,4,0
"2016-17","9689","Maryland","Stephanie Jones",24,1,760,1004,244,10,10,0,0
"2016-17","9689","Indiana","Tyra Buss",3,2,859,1733,874,21,31,-10,0
"2016-17","9689","Indiana","Darby Foresman",13,1,859,920,61,4,3,1,0
"2016-17","9689","Maryland","Kaila Charles",3,2,859,1113,254,7,14,-7,0
"2016-17","9689","Maryland","Brianna Fraser",34,3,859,920,61,3,4,-1,0
"2016-17","9689","Indiana","Amanda Cahill",33,2,920,2076,1156,27,46,-19,0
"2016-17","9689","Maryland","S. Walker-Kimbrough",32,3,920,1954,1034,41,27,14,0
"2016-17","9689","Maryland","Brionna Jones",42,3,920,1733,813,28,17,11,0
"2016-17","9689","Maryland","Ieshia Small",1,3,1004,1200,196,5,4,1,0
"2016-17","9689","Maryland","Brianna Fraser",34,4,1113,1200,87,3,0,3,0
"2016-17","9689","Maryland","Kaila Charles",3,3,1200,1733,533,21,7,14,0
"2016-17","9689","Maryland","Kristen Confroy",12,4,1200,1954,754,34,17,17,0
"2016-17","9689","Indiana","Ria Gulley",5,3,1360,1800,440,9,21,-12,0
"2016-17","9689","Indiana","Kym Royster",11,4,1502,1623,121,3,6,-3,0
"2016-17","9689","Indiana","Darby Foresman",13,2,1623,1800,177,4,11,-7,0
"2016-17","9689","Indiana","Tia Elbert",22,2,1733,1800,67,2,7,-5,0
"2016-17","9689","Maryland","Ieshia Small",1,4,1733,1800,67,7,2,5,0
"2016-17","9689","Maryland","Kiah Gillespie",15,1,1733,1800,67,7,2,5,0
"2016-17","9689","Maryland","Brianna Fraser",34,5,1733,1759,26,2,2,0,0
"2016-17","9689","Maryland","Jenna Staiti",14,1,1759,1783,24,2,0,2,0
"2016-17","9689","Maryland","Brianna Fraser",34,6,1783,1800,17,3,0,3,0
"2016-17","9689","Indiana","Tyra Buss",3,3,1800,2246,446,16,13,3,0
"2016-17","9689","Indiana","Ria Gulley",5,4,1800,2400,600,20,18,2,0
"2016-17","9689","Indiana","Karlee McBride",21,4,1800,1800,0,0,0,0,0
"2016-17","9689","Indiana","Jenn Anderson",43,5,1800,2032,232,8,8,0,0
"2016-17","9689","Maryland","Ieshia Small",1,5,1800,2029,229,8,8,0,0
"2016-17","9689","Maryland","Kaila Charles",3,4,1800,1800,0,0,0,0,0
"2016-17","9689","Maryland","Destiny Slocum",5,3,1800,1800,0,0,0,0,0
"2016-17","9689","Maryland","Kiah Gillespie",15,2,1800,2029,229,8,8,0,0
"2016-17","9689","Maryland","Brianna Fraser",34,7,1800,1954,154,6,8,-2,0
"2016-17","9689","Maryland","Brionna Jones",42,4,1800,1800,0,0,0,0,0
"2016-17","9689","Maryland","Kaila Charles",3,5,1954,2189,235,7,2,5,0
"2016-17","9689","Maryland","Destiny Slocum",5,4,1954,2076,122,5,0,5,0
"2016-17","9689","Maryland","Brionna Jones",42,5,1954,2087,133,5,0,5,0
"2016-17","9689","Maryland","Blair Watson",22,2,2029,2400,371,10,12,-2,0
"2016-17","9689","Maryland","Stephanie Jones",24,2,2029,2219,190,5,4,1,0
"2016-17","9689","Indiana","Darby Foresman",13,3,2032,2400,368,12,10,2,0
"2016-17","9689","Indiana","Bre Wickware",31,1,2076,2400,324,12,7,5,0
"2016-17","9689","Maryland","Sarah Myers",21,1,2076,2400,324,7,12,-5,0
"2016-17","9689","Maryland","Jenna Staiti",14,2,2087,2400,313,7,12,-5,0
"2016-17","9689","Maryland","Ieshia Small",1,6,2189,2400,211,5,10,-5,0
"2016-17","9689","Maryland","Kiah Gillespie",15,3,2219,2400,181,5,8,-3,0
"2016-17","9689","Indiana","Tia Elbert",22,3,2246,2400,154,4,5,-1,0
"2016-17","9689","Indiana","Tyshee Towner",24,1,2246,2400,154,4,5,-1,0
"2016-17","9690","Illinois","Brandi Beasley",1,1,0,1096,1096,20,35,-15,1
"2016-17","9690","Illinois","Petra Holesinska",13,1,0,600,600,12,26,-14,1
"2016-17","9690","Illinois","Jaelyne Kirkpatrick",23,1,0,500,500,7,18,-11,1
"2016-17","9690","Illinois","Kennedy Cattenhead",25,1,0,281,281,5,9,-4,1
"2016-17","9690","Illinois","Alex Wittinger",35,1,0,464,464,7,15,-8,1
"2016-17","9690","Maryland","Kaila Charles",3,1,0,72,72,2,3,-1,1
"2016-17","9690","Maryland","Destiny Slocum",5,1,0,1538,1538,55,30,25,1
"2016-17","9690","Maryland","Kristen Confroy",12,1,0,281,281,9,5,4,1
"2016-17","9690","Maryland","S. Walker-Kimbrough",32,1,0,1480,1480,50,30,20,1
"2016-17","9690","Maryland","Brionna Jones",42,1,0,281,281,9,5,4,1
"2016-17","9690","Maryland","Brianna Fraser",34,1,72,281,209,7,2,5,0
"2016-17","9690","Illinois","Ali Andrews",50,1,281,600,319,7,17,-10,0
"2016-17","9690","Maryland","Ieshia Small",1,1,281,331,50,0,0,0,0
"2016-17","9690","Maryland","Kaila Charles",3,2,281,998,717,23,15,8,0
"2016-17","9690","Maryland","Stephanie Jones",24,1,281,600,319,17,7,10,0
"2016-17","9690","Maryland","Kristen Confroy",12,2,331,403,72,4,2,2,0
"2016-17","9690","Maryland","Brionna Jones",42,2,403,1480,1077,37,23,14,0
"2016-17","9690","Illinois","Sarah Overcash",20,1,464,600,136,5,11,-6,0
"2016-17","9690","Illinois","Kennedy Cattenhead",25,2,500,749,249,11,8,3,0
"2016-17","9690","Illinois","Jaelyne Kirkpatrick",23,2,600,829,229,6,2,4,0
"2016-17","9690","Illinois","Alex Wittinger",35,2,600,998,398,8,6,2,0
"2016-17","9690","Illinois","Ali Andrews",50,2,600,1096,496,8,9,-1,0
"2016-17","9690","Maryland","Kristen Confroy",12,3,600,600,0,0,0,0,0
"2016-17","9690","Maryland","Brianna Fraser",34,2,600,672,72,0,6,-6,0
"2016-17","9690","Maryland","Kristen Confroy",12,4,672,1698,1026,29,17,12,0
"2016-17","9690","Illinois","Petra Holesinska",13,2,749,1145,396,2,12,-10,0
"2016-17","9690","Illinois","Ashley McConnell",12,1,829,1031,202,2,4,-2,0
"2016-17","9690","Illinois","Jaelyne Kirkpatrick",23,3,998,1614,616,12,23,-11,0
"2016-17","9690","Maryland","Stephanie Jones",24,2,998,1145,147,6,0,6,0
"2016-17","9690","Illinois","Sarah Overcash",20,2,1031,1177,146,0,8,-8,0
"2016-17","9690","Illinois","Kennedy Cattenhead",25,3,1096,1363,267,5,11,-6,0
"2016-17","9690","Illinois","Alex Wittinger",35,3,1096,1401,305,8,13,-5,0
"2016-17","9690","Illinois","Brandi Beasley",1,2,1145,1800,655,17,22,-5,0
"2016-17","9690","Maryland","Kaila Charles",3,3,1145,1480,335,12,10,2,0
"2016-17","9690","Illinois","Petra Holesinska",13,3,1177,1180,3,0,0,0,0
"2016-17","9690","Illinois","Ali Andrews",50,3,1180,1200,20,0,0,0,0
"2016-17","9690","Illinois","Petra Holesinska",13,4,1200,1538,338,10,15,-5,0
"2016-17","9690","Illinois","Ali Andrews",50,4,1363,1402,39,3,4,-1,0
"2016-17","9690","Illinois","Courtney Joens",30,1,1401,1800,399,9,12,-3,0
"2016-17","9690","Illinois","Sarah Overcash",20,3,1402,1698,296,7,5,2,0
"2016-17","9690","Maryland","Ieshia Small",1,2,1480,1776,296,10,7,3,0
"2016-17","9690","Maryland","Stephanie Jones",24,3,1480,1800,320,10,7,3,0
"2016-17","9690","Maryland","Brianna Fraser",34,3,1480,1621,141,5,2,3,0
"2016-17","9690","Illinois","Alex Wittinger",35,4,1538,1950,412,10,5,5,0
"2016-17","9690","Maryland","Kaila Charles",3,4,1538,1698,160,0,5,-5,0
"2016-17","9690","Illinois","Petra Holesinska",13,5,1614,1621,7,0,0,0,0
"2016-17","9690","Illinois","Jaelyne Kirkpatrick",23,4,1621,2370,749,27,29,-2,0
"2016-17","9690","Maryland","Kiah Gillespie",15,1,1621,1776,155,5,5,0,0
"2016-17","9690","Illinois","Ali Andrews",50,5,1698,1800,102,2,5,-3,0
"2016-17","9690","Maryland","Destiny Slocum",5,2,1698,2312,614,27,24,3,0
"2016-17","9690","Maryland","S. Walker-Kimbrough",32,2,1698,2244,546,25,19,6,0
"2016-17","9690","Maryland","Kristen Confroy",12,5,1776,2400,624,24,22,2,0
"2016-17","9690","Maryland","Brionna Jones",42,3,1776,2244,468,20,17,3,0
"2016-17","9690","Illinois","Petra Holesinska",13,6,1800,2126,326,9,12,-3,0
"2016-17","9690","Illinois","Kennedy Cattenhead",25,4,1800,1992,192,3,4,-1,0
"2016-17","9690","Illinois","Ali Andrews",50,6,1800,2152,352,12,12,0,0
"2016-17","9690","Maryland","Kaila Charles",3,5,1800,1800,0,0,0,0,0
"2016-17","9690","Maryland","Stephanie Jones",24,4,1800,1904,104,0,3,-3,0
"2016-17","9690","Maryland","Kaila Charles",3,6,1904,2126,222,12,6,6,0
"2016-17","9690","Illinois","Brandi Beasley",1,3,1950,2244,294,14,20,-6,0
"2016-17","9690","Illinois","Sarah Overcash",20,4,1992,2126,134,6,8,-2,0
"2016-17","9690","Illinois","Ashley McConnell",12,2,2126,2400,274,13,12,1,0
"2016-17","9690","Illinois","Alex Wittinger",35,5,2126,2400,274,13,12,1,0
"2016-17","9690","Maryland","Kiah Gillespie",15,2,2126,2400,274,12,13,-1,0
"2016-17","9690","Illinois","Sarah Overcash",20,5,2152,2400,248,10,12,-2,0
"2016-17","9690","Illinois","Courtney Joens",30,2,2244,2400,156,5,4,1,0
"2016-17","9690","Maryland","Ieshia Small",1,3,2244,2400,156,4,5,-1,0
"2016-17","9690","Maryland","Brianna Fraser",34,4,2244,2400,156,4,5,-1,0
"2016-17","9690","Maryland","Sarah Myers",21,1,2312,2400,88,2,0,2,0
"2016-17","9690","Illinois","Petra Holesinska",13,7,2370,2400,30,0,0,0,0
"2016-17","9691","Maryland","Kaila Charles",3,1,0,494,494,23,13,10,1
"2016-17","9691","Maryland","Destiny Slocum",5,1,0,525,525,25,15,10,1
"2016-17","9691","Maryland","Kristen Confroy",12,1,0,303,303,11,9,2,1
"2016-17","9691","Maryland","S. Walker-Kimbrough",32,1,0,494,494,23,13,10,1
"2016-17","9691","Maryland","Brionna Jones",42,1,0,439,439,20,13,7,1
"2016-17","9691","Michigan State","Tori Jankoska",1,1,0,2400,2400,72,89,-17,1
"2016-17","9691","Michigan State","Taryn McCutcheon",4,1,0,509,509,13,25,-12,1
"2016-17","9691","Michigan State","Branndais Agee",10,1,0,303,303,9,11,-2,1
"2016-17","9691","Michigan State","Victoria Gaines",15,1,0,234,234,7,9,-2,1
"2016-17","9691","Michigan State","Taya Reimer",32,1,0,1360,1360,43,57,-14,1
"2016-17","9691","Michigan State","Jenna Allen",33,1,138,346,208,9,10,-1,0
"2016-17","9691","Michigan State","Nia Hollie",12,1,234,375,141,4,9,-5,0
"2016-17","9691","Maryland","Ieshia Small",1,1,303,600,297,14,10,4,0
"2016-17","9691","Michigan State","Mardrekia Cook",2,1,303,375,72,2,7,-5,0
"2016-17","9691","Michigan State","Kennedy Johnson",55,1,346,375,29,0,4,-4,0
"2016-17","9691","Michigan State","Branndais Agee",10,2,375,652,277,8,9,-1,0
"2016-17","9691","Michigan State","Victoria Gaines",15,2,375,762,387,13,13,0,0
"2016-17","9691","Maryland","Brianna Fraser",34,1,439,595,156,5,6,-1,0
"2016-17","9691","Maryland","Kristen Confroy",12,2,494,600,106,2,6,-4,0
"2016-17","9691","Maryland","Brionna Jones",42,2,494,2400,1906,66,59,7,0
"2016-17","9691","Michigan State","Lexi Gussert",24,1,509,600,91,6,0,6,0
"2016-17","9691","Maryland","Kaila Charles",3,2,525,821,296,6,11,-5,0
"2016-17","9691","Maryland","Kiah Gillespie",15,1,595,600,5,0,0,0,0
"2016-17","9691","Maryland","Ieshia Small",1,2,600,762,162,6,5,1,0
"2016-17","9691","Maryland","Destiny Slocum",5,2,600,600,0,0,0,0,0
"2016-17","9691","Maryland","S. Walker-Kimbrough",32,2,600,998,398,14,14,0,0
"2016-17","9691","Maryland","Brianna Fraser",34,2,600,762,162,6,5,1,0
"2016-17","9691","Michigan State","Taryn McCutcheon",4,2,600,600,0,0,0,0,0
"2016-17","9691","Michigan State","Lexi Gussert",24,2,600,762,162,5,6,-1,0
"2016-17","9691","Michigan State","Mardrekia Cook",2,2,652,780,128,5,4,1,0
"2016-17","9691","Maryland","Destiny Slocum",5,3,762,1197,435,20,16,4,0
"2016-17","9691","Maryland","Kristen Confroy",12,3,762,1127,365,18,11,7,0
"2016-17","9691","Michigan State","Taryn McCutcheon",4,3,762,1764,1002,25,36,-11,0
"2016-17","9691","Michigan State","Kennedy Johnson",55,2,762,1200,438,16,20,-4,0
"2016-17","9691","Michigan State","Branndais Agee",10,3,780,998,218,9,8,1,0
"2016-17","9691","Maryland","Stephanie Jones",24,1,821,1200,379,20,14,6,0
"2016-17","9691","Maryland","Ieshia Small",1,3,998,1200,202,12,7,5,0
"2016-17","9691","Michigan State","Mardrekia Cook",2,3,998,1200,202,7,12,-5,0
"2016-17","9691","Maryland","S. Walker-Kimbrough",32,3,1127,1639,512,15,12,3,0
"2016-17","9691","Maryland","Kaila Charles",3,3,1197,1360,163,6,3,3,0
"2016-17","9691","Maryland","Destiny Slocum",5,4,1200,1524,324,10,5,5,0
"2016-17","9691","Maryland","Kristen Confroy",12,4,1200,1794,594,16,9,7,0
"2016-17","9691","Michigan State","Branndais Agee",10,4,1200,1360,160,3,6,-3,0
"2016-17","9691","Michigan State","Victoria Gaines",15,3,1200,1360,160,3,6,-3,0
"2016-17","9691","Maryland","Brianna Fraser",34,3,1360,1524,164,4,2,2,0
"2016-17","9691","Michigan State","Mardrekia Cook",2,4,1360,1456,96,2,3,-1,0
"2016-17","9691","Michigan State","Nia Hollie",12,2,1360,1794,434,6,10,-4,0
"2016-17","9691","Michigan State","Jenna Allen",33,2,1360,1431,71,0,2,-2,0
"2016-17","9691","Michigan State","Kennedy Johnson",55,3,1431,1524,93,2,2,0,0
"2016-17","9691","Michigan State","Branndais Agee",10,5,1456,1660,204,2,4,-2,0
"2016-17","9691","Maryland","Kaila Charles",3,4,1524,1575,51,1,2,-1,0
"2016-17","9691","Maryland","Stephanie Jones",24,2,1524,1924,400,8,9,-1,0
"2016-17","9691","Michigan State","Taya Reimer",32,2,1524,1764,240,4,6,-2,0
"2016-17","9691","Maryland","Destiny Slocum",5,5,1575,2400,825,27,25,2,0
"2016-17","9691","Maryland","Ieshia Small",1,4,1639,1764,125,3,2,1,0
"2016-17","9691","Michigan State","Mardrekia Cook",2,5,1660,1764,104,2,3,-1,0
"2016-17","9691","Maryland","S. Walker-Kimbrough",32,4,1764,2400,636,22,23,-1,0
"2016-17","9691","Michigan State","Branndais Agee",10,6,1764,2400,636,23,22,1,0
"2016-17","9691","Michigan State","Lexi Gussert",24,3,1764,1800,36,0,0,0,0
"2016-17","9691","Michigan State","Jenna Allen",33,3,1764,1800,36,0,0,0,0
"2016-17","9691","Maryland","Kaila Charles",3,5,1794,1800,6,0,0,0,0
"2016-17","9691","Michigan State","Victoria Gaines",15,4,1794,2083,289,12,8,4,0
"2016-17","9691","Michigan State","Taryn McCutcheon",4,4,1800,1800,0,0,0,0,0
"2016-17","9691","Michigan State","Lexi Gussert",24,4,1800,1969,169,8,4,4,0
"2016-17","9691","Michigan State","Taya Reimer",32,3,1800,1800,0,0,0,0,0
"2016-17","9691","Michigan State","Jenna Allen",33,4,1800,1870,70,2,2,0,0
"2016-17","9691","Michigan State","Taya Reimer",32,4,1870,2195,325,14,12,2,0
"2016-17","9691","Maryland","Brianna Fraser",34,4,1924,1997,73,4,3,1,0
"2016-17","9691","Michigan State","Taryn McCutcheon",4,5,1969,2400,431,15,18,-3,0
"2016-17","9691","Maryland","Kaila Charles",3,6,1997,2060,63,0,4,-4,0
"2016-17","9691","Maryland","Stephanie Jones",24,3,2060,2314,254,10,11,-1,0
"2016-17","9691","Michigan State","Nia Hollie",12,3,2083,2195,112,4,6,-2,0
"2016-17","9691","Michigan State","Jenna Allen",33,5,2195,2400,205,7,8,-1,0
"2016-17","9691","Michigan State","Kennedy Johnson",55,4,2195,2300,105,5,2,3,0
"2016-17","9691","Michigan State","Lexi Gussert",24,5,2300,2314,14,2,0,2,0
"2016-17","9691","Maryland","Kaila Charles",3,7,2314,2400,86,6,0,6,0
"2016-17","9691","Michigan State","Victoria Gaines",15,5,2314,2400,86,0,6,-6,0
"2016-17","9692","Maryland","Ieshia Small",1,1,0,236,236,9,0,9,1
"2016-17","9692","Maryland","Kaila Charles",3,1,0,526,526,18,5,13,1
"2016-17","9692","Maryland","Kristen Confroy",12,1,0,512,512,18,5,13,1
"2016-17","9692","Maryland","S. Walker-Kimbrough",32,1,0,403,403,16,2,14,1
"2016-17","9692","Maryland","Brionna Jones",42,1,0,408,408,16,2,14,1
"2016-17","9692","Wisconsin","Suzanne Gilreath",3,1,0,600,600,5,18,-13,1
"2016-17","9692","Wisconsin","Kendra Van Leeuwen",10,1,0,236,236,0,9,-9,1
"2016-17","9692","Wisconsin","Marsha Howard",11,1,0,236,236,0,9,-9,1
"2016-17","9692","Wisconsin","Cayla McMorris",23,1,0,403,403,2,16,-14,1
"2016-17","9692","Wisconsin","Avyanna Young",40,1,0,403,403,2,16,-14,1
"2016-17","9692","Maryland","Brianna Fraser",34,1,236,600,364,9,5,4,0
"2016-17","9692","Wisconsin","Ashley Kelsick",4,1,236,600,364,5,9,-4,0
"2016-17","9692","Wisconsin","Malayna Johnson",24,1,236,512,276,5,9,-4,0
"2016-17","9692","Maryland","Ieshia Small",1,2,403,600,197,2,3,-1,0
"2016-17","9692","Wisconsin","Roichelle Marble",5,1,403,600,197,3,2,1,0
"2016-17","9692","Wisconsin","Marsha Howard",11,2,403,600,197,3,2,1,0
"2016-17","9692","Maryland","Stephanie Jones",24,1,408,600,192,2,3,-1,0
"2016-17","9692","Maryland","S. Walker-Kimbrough",32,2,512,891,379,19,2,17,0
"2016-17","9692","Wisconsin","Kendall Shaw",35,1,512,600,88,0,0,0,0
"2016-17","9692","Maryland","Blair Watson",22,1,526,600,74,0,0,0,0
"2016-17","9692","Maryland","Kaila Charles",3,2,600,1019,419,23,9,14,0
"2016-17","9692","Maryland","Kristen Confroy",12,2,600,1515,915,42,20,22,0
"2016-17","9692","Maryland","Blair Watson",22,2,600,891,291,19,2,17,0
"2016-17","9692","Maryland","Brionna Jones",42,2,600,812,212,13,2,11,0
"2016-17","9692","Wisconsin","Ashley Kelsick",4,2,600,650,50,0,2,-2,0
"2016-17","9692","Wisconsin","Roichelle Marble",5,2,600,650,50,0,2,-2,0
"2016-17","9692","Wisconsin","Kendra Van Leeuwen",10,2,600,600,0,0,0,0,0
"2016-17","9692","Wisconsin","Cayla McMorris",23,2,600,600,0,0,0,0,0
"2016-17","9692","Wisconsin","Courtne Fredrickson",33,1,600,1019,419,9,23,-14,0
"2016-17","9692","Wisconsin","Kendall Shaw",35,2,600,650,50,0,2,-2,0
"2016-17","9692","Wisconsin","Avyanna Young",40,2,600,1156,556,9,25,-16,0
"2016-17","9692","Wisconsin","Kendra Van Leeuwen",10,3,650,891,241,2,17,-15,0
"2016-17","9692","Wisconsin","Marsha Howard",11,3,650,812,162,2,11,-9,0
"2016-17","9692","Wisconsin","Cayla McMorris",23,3,650,812,162,2,11,-9,0
"2016-17","9692","Maryland","Brianna Fraser",34,2,812,1156,344,12,7,5,0
"2016-17","9692","Wisconsin","Suzanne Gilreath",3,2,812,1019,207,7,10,-3,0
"2016-17","9692","Wisconsin","Malayna Johnson",24,2,812,1019,207,7,10,-3,0
"2016-17","9692","Maryland","Ieshia Small",1,3,891,1702,811,30,20,10,0
"2016-17","9692","Maryland","Stephanie Jones",24,2,891,1019,128,4,7,-3,0
"2016-17","9692","Wisconsin","Ashley Kelsick",4,3,891,1200,309,7,6,1,0
"2016-17","9692","Maryland","Kiah Gillespie",15,1,1019,1200,181,2,0,2,0
"2016-17","9692","Maryland","S. Walker-Kimbrough",32,3,1019,1580,561,21,13,8,0
"2016-17","9692","Wisconsin","Kendra Van Leeuwen",10,4,1019,1178,159,0,2,-2,0
"2016-17","9692","Wisconsin","Cayla McMorris",23,4,1019,1515,496,11,19,-8,0
"2016-17","9692","Wisconsin","Kendall Shaw",35,3,1019,1200,181,0,2,-2,0
"2016-17","9692","Maryland","Jenna Staiti",14,1,1156,1200,44,0,0,0,0
"2016-17","9692","Wisconsin","Abby Laszewski",14,1,1156,1200,44,0,0,0,0
"2016-17","9692","Wisconsin","Gabby Gregory",30,1,1178,1200,22,0,0,0,0
"2016-17","9692","Maryland","Kaila Charles",3,3,1200,1800,600,28,17,11,0
"2016-17","9692","Maryland","Brionna Jones",42,3,1200,1515,315,17,11,6,0
"2016-17","9692","Wisconsin","Kendra Van Leeuwen",10,5,1200,1407,207,7,11,-4,0
"2016-17","9692","Wisconsin","Marsha Howard",11,4,1200,1407,207,7,11,-4,0
"2016-17","9692","Wisconsin","Courtne Fredrickson",33,2,1200,1617,417,13,20,-7,0
"2016-17","9692","Wisconsin","Avyanna Young",40,3,1200,1617,417,13,20,-7,0
"2016-17","9692","Wisconsin","Ashley Kelsick",4,4,1407,1683,276,6,10,-4,0
"2016-17","9692","Wisconsin","Malayna Johnson",24,3,1407,1617,210,6,9,-3,0
"2016-17","9692","Maryland","Blair Watson",22,3,1515,1800,285,11,6,5,0
"2016-17","9692","Maryland","Brianna Fraser",34,3,1515,1800,285,11,6,5,0
"2016-17","9692","Wisconsin","Suzanne Gilreath",3,3,1515,1617,102,2,3,-1,0
"2016-17","9692","Maryland","Stephanie Jones",24,3,1580,1800,220,9,4,5,0
"2016-17","9692","Wisconsin","Roichelle Marble",5,3,1617,1800,183,4,8,-4,0
"2016-17","9692","Wisconsin","Marsha Howard",11,5,1617,1800,183,4,8,-4,0
"2016-17","9692","Wisconsin","Cayla McMorris",23,5,1617,1702,85,0,4,-4,0
"2016-17","9692","Wisconsin","Kendall Shaw",35,4,1617,1800,183,4,8,-4,0
"2016-17","9692","Wisconsin","Gabby Gregory",30,2,1683,1797,114,4,7,-3,0
"2016-17","9692","Maryland","Sarah Myers",21,1,1702,1800,98,4,4,0,0
"2016-17","9692","Wisconsin","Courtne Fredrickson",33,3,1702,2260,558,13,20,-7,0
"2016-17","9692","Wisconsin","Suzanne Gilreath",3,4,1797,1800,3,0,0,0,0
"2016-17","9692","Maryland","Ieshia Small",1,4,1800,1800,0,0,0,0,0
"2016-17","9692","Maryland","Kristen Confroy",12,3,1800,1800,0,0,0,0,0
"2016-17","9692","Maryland","Kiah Gillespie",15,2,1800,2081,281,8,7,1,0
"2016-17","9692","Maryland","Sarah Myers",21,2,1800,2400,600,18,9,9,0
"2016-17","9692","Maryland","Blair Watson",22,4,1800,2400,600,18,9,9,0
"2016-17","9692","Maryland","S. Walker-Kimbrough",32,4,1800,1967,167,4,2,2,0
"2016-17","9692","Maryland","Brionna Jones",42,4,1800,2081,281,8,7,1,0
"2016-17","9692","Wisconsin","Roichelle Marble",5,4,1800,1874,74,0,0,0,0
"2016-17","9692","Wisconsin","Kendra Van Leeuwen",10,6,1800,1800,0,0,0,0,0
"2016-17","9692","Wisconsin","Cayla McMorris",23,6,1800,1800,0,0,0,0,0
"2016-17","9692","Wisconsin","Malayna Johnson",24,4,1800,1967,167,2,4,-2,0
"2016-17","9692","Wisconsin","Gabby Gregory",30,3,1800,1874,74,0,0,0,0
"2016-17","9692","Wisconsin","Avyanna Young",40,4,1800,2196,396,9,12,-3,0
"2016-17","9692","Wisconsin","Kendra Van Leeuwen",10,7,1874,2081,207,7,8,-1,0
"2016-17","9692","Wisconsin","Cayla McMorris",23,7,1874,2183,309,9,12,-3,0
"2016-17","9692","Maryland","Ieshia Small",1,5,1967,2400,433,14,7,7,0
"2016-17","9692","Wisconsin","Marsha Howard",11,6,1967,2183,216,7,8,-1,0
"2016-17","9692","Maryland","Jenna Staiti",14,2,2081,2400,319,10,2,8,0
"2016-17","9692","Maryland","Stephanie Jones",24,4,2081,2400,319,10,2,8,0
"2016-17","9692","Wisconsin","Ashley Kelsick",4,5,2081,2183,102,2,4,-2,0
"2016-17","9692","Wisconsin","Suzanne Gilreath",3,5,2183,2400,217,0,6,-6,0
"2016-17","9692","Wisconsin","Roichelle Marble",5,5,2183,2340,157,0,6,-6,0
"2016-17","9692","Wisconsin","Kendall Shaw",35,5,2183,2366,183,0,6,-6,0
"2016-17","9692","Wisconsin","Abby Laszewski",14,2,2196,2400,204,0,6,-6,0
"2016-17","9692","Wisconsin","Gabby Gregory",30,4,2260,2400,140,0,2,-2,0
"2016-17","9692","Wisconsin","Taylor Kuhn",20,1,2340,2400,60,0,0,0,0
"2016-17","9692","Wisconsin","Lexy Richardson",15,1,2366,2400,34,0,0,0,0
"2016-17","9693","Maryland","Kaila Charles",3,1,0,255,255,14,12,2,1
"2016-17","9693","Maryland","Destiny Slocum",5,1,0,914,914,32,45,-13,1
"2016-17","9693","Maryland","Kristen Confroy",12,1,0,468,468,19,27,-8,1
"2016-17","9693","Maryland","S. Walker-Kimbrough",32,1,0,868,868,32,42,-10,1
"2016-17","9693","Maryland","Brionna Jones",42,1,0,868,868,32,42,-10,1
"2016-17","9693","Ohio State","Tori McCoy",0,1,0,369,369,21,19,2,1
"2016-17","9693","Ohio State","Kelsey Mitchell",3,1,0,1544,1544,66,52,14,1
"2016-17","9693","Ohio State","Sierra Calhoun",4,1,0,369,369,21,19,2,1
"2016-17","9693","Ohio State","Kiara Lewis",23,1,0,369,369,21,19,2,1
"2016-17","9693","Ohio State","Shayla Cooper",32,1,0,483,483,30,19,11,1
"2016-17","9693","Maryland","Brianna Fraser",34,1,255,410,155,5,11,-6,0
"2016-17","9693","Ohio State","Linnae Harper",15,1,369,600,231,14,3,11,0
"2016-17","9693","Ohio State","Asia Doss",20,1,369,600,231,14,3,11,0
"2016-17","9693","Ohio State","Alexa Hart",22,1,369,544,175,12,3,9,0
"2016-17","9693","Maryland","Stephanie Jones",24,1,410,600,190,3,12,-9,0
"2016-17","9693","Maryland","Ieshia Small",1,1,468,544,76,3,6,-3,0
"2016-17","9693","Ohio State","Makayla Waterman",24,1,483,600,117,5,3,2,0
"2016-17","9693","Maryland","Blair Watson",22,1,544,600,56,0,2,-2,0
"2016-17","9693","Ohio State","Tori McCoy",0,2,544,685,141,4,0,4,0
"2016-17","9693","Maryland","Kaila Charles",3,2,600,1057,457,16,12,4,0
"2016-17","9693","Maryland","Kristen Confroy",12,2,600,2001,1401,50,41,9,0
"2016-17","9693","Ohio State","Sierra Calhoun",4,2,600,600,0,0,0,0,0
"2016-17","9693","Ohio State","Linnae Harper",15,2,600,737,137,2,3,-1,0
"2016-17","9693","Ohio State","Asia Doss",20,2,600,711,111,2,0,2,0
"2016-17","9693","Ohio State","Kiara Lewis",23,2,600,600,0,0,0,0,0
"2016-17","9693","Ohio State","Shayla Cooper",32,2,600,914,314,10,10,0,0
"2016-17","9693","Ohio State","Alexa Hart",22,2,685,1200,515,12,18,-6,0
"2016-17","9693","Ohio State","Sierra Calhoun",4,3,711,1015,304,10,14,-4,0
"2016-17","9693","Ohio State","Kiara Lewis",23,3,737,1015,278,10,11,-1,0
"2016-17","9693","Maryland","Blair Watson",22,2,868,926,58,2,3,-1,0
"2016-17","9693","Maryland","Brianna Fraser",34,2,868,914,46,0,3,-3,0
"2016-17","9693","Maryland","S. Walker-Kimbrough",32,2,914,1929,1015,38,31,7,0
"2016-17","9693","Maryland","Brionna Jones",42,2,914,1142,228,8,2,6,0
"2016-17","9693","Ohio State","Makayla Waterman",24,2,914,926,12,0,2,-2,0
"2016-17","9693","Maryland","Destiny Slocum",5,2,926,1544,618,18,21,-3,0
"2016-17","9693","Ohio State","Shayla Cooper",32,3,926,1142,216,2,6,-4,0
"2016-17","9693","Ohio State","Linnae Harper",15,3,1015,1200,185,2,4,-2,0
"2016-17","9693","Ohio State","Asia Doss",20,3,1015,1142,127,0,4,-4,0
"2016-17","9693","Maryland","Stephanie Jones",24,2,1057,1200,143,2,2,0,0
"2016-17","9693","Maryland","Brianna Fraser",34,3,1142,1200,58,0,2,-2,0
"2016-17","9693","Ohio State","Kiara Lewis",23,4,1142,1551,409,19,12,7,0
"2016-17","9693","Ohio State","Makayla Waterman",24,3,1142,1200,58,2,0,2,0
"2016-17","9693","Maryland","Kaila Charles",3,3,1200,1256,56,2,2,0,0
"2016-17","9693","Maryland","Brionna Jones",42,3,1200,2071,871,35,31,4,0
"2016-17","9693","Ohio State","Tori McCoy",0,3,1200,1425,225,11,10,1,0
"2016-17","9693","Ohio State","Sierra Calhoun",4,4,1200,1544,344,17,12,5,0
"2016-17","9693","Ohio State","Shayla Cooper",32,4,1200,1544,344,17,12,5,0
"2016-17","9693","Maryland","Ieshia Small",1,2,1256,1551,295,10,15,-5,0
"2016-17","9693","Ohio State","Alexa Hart",22,3,1425,1732,307,8,14,-6,0
"2016-17","9693","Maryland","Blair Watson",22,3,1544,1800,256,14,2,12,0
"2016-17","9693","Ohio State","Linnae Harper",15,4,1544,1730,186,2,12,-10,0
"2016-17","9693","Ohio State","Asia Doss",20,4,1544,1638,94,2,6,-4,0
"2016-17","9693","Ohio State","Makayla Waterman",24,4,1544,1638,94,2,6,-4,0
"2016-17","9693","Maryland","Destiny Slocum",5,3,1551,2400,849,35,32,3,0
"2016-17","9693","Ohio State","Kelsey Mitchell",3,2,1551,2400,849,32,35,-3,0
"2016-17","9693","Ohio State","Sierra Calhoun",4,5,1638,2357,719,28,29,-1,0
"2016-17","9693","Ohio State","Shayla Cooper",32,5,1638,2001,363,8,14,-6,0
"2016-17","9693","Ohio State","Kiara Lewis",23,5,1730,2050,320,11,8,3,0
"2016-17","9693","Ohio State","Tori McCoy",0,4,1732,1748,16,0,0,0,0
"2016-17","9693","Ohio State","Alexa Hart",22,4,1748,1800,52,0,2,-2,0
"2016-17","9693","Maryland","Kaila Charles",3,4,1800,1800,0,0,0,0,0
"2016-17","9693","Maryland","Blair Watson",22,4,1800,2325,525,18,25,-7,0
"2016-17","9693","Ohio State","Tori McCoy",0,5,1800,1800,0,0,0,0,0
"2016-17","9693","Ohio State","Alexa Hart",22,5,1800,2001,201,8,6,2,0
"2016-17","9693","Maryland","Kaila Charles",3,5,1929,2165,236,6,8,-2,0
"2016-17","9693","Maryland","S. Walker-Kimbrough",32,3,2001,2400,399,15,22,-7,0
"2016-17","9693","Ohio State","Tori McCoy",0,6,2001,2091,90,4,4,0,0
"2016-17","9693","Ohio State","Makayla Waterman",24,5,2001,2091,90,4,4,0,0
"2016-17","9693","Ohio State","Linnae Harper",15,5,2050,2400,350,19,15,4,0
"2016-17","9693","Maryland","Brianna Fraser",34,4,2071,2107,36,1,0,1,0
"2016-17","9693","Ohio State","Alexa Hart",22,6,2091,2327,236,13,8,5,0
"2016-17","9693","Ohio State","Shayla Cooper",32,6,2091,2400,309,18,11,7,0
"2016-17","9693","Maryland","Brionna Jones",42,4,2107,2400,293,11,18,-7,0
"2016-17","9693","Maryland","Kristen Confroy",12,3,2165,2400,235,11,14,-3,0
"2016-17","9693","Maryland","Kaila Charles",3,6,2325,2356,31,3,2,1,0
"2016-17","9693","Ohio State","Asia Doss",20,5,2327,2339,12,1,0,1,0
"2016-17","9693","Ohio State","Alexa Hart",22,7,2339,2400,61,4,3,1,0
"2016-17","9693","Maryland","Kiah Gillespie",15,1,2356,2400,44,0,3,-3,0
"2016-17","9693","Ohio State","Asia Doss",20,6,2357,2400,43,2,0,2,0
"2016-17","9694","Maryland","Kaila Charles",3,1,0,437,437,16,8,8,1
"2016-17","9694","Maryland","Destiny Slocum",5,1,0,2065,2065,81,50,31,1
"2016-17","9694","Maryland","Kristen Confroy",12,1,0,966,966,44,19,25,1
"2016-17","9694","Maryland","S. Walker-Kimbrough",32,1,0,281,281,9,6,3,1
"2016-17","9694","Maryland","Brionna Jones",42,1,0,357,357,14,8,6,1
"2016-17","9694","Minnesota","Taiye Bello",5,1,0,84,84,2,2,0,1
"2016-17","9694","Minnesota","Jasmine Brunson",21,1,0,357,357,8,14,-6,1
"2016-17","9694","Minnesota","Kenisha Bell",23,1,0,437,437,8,16,-8,1
"2016-17","9694","Minnesota","Whitney Tinjum",30,1,0,231,231,6,7,-1,1
"2016-17","9694","Minnesota","Carlie Wagner",33,1,0,1785,1785,45,70,-25,1
"2016-17","9694","Minnesota","Bryanna Fernstrom",14,1,84,357,273,6,12,-6,0
"2016-17","9694","Minnesota","Joanna Hedstrom",22,1,231,600,369,6,19,-13,0
"2016-17","9694","Maryland","Ieshia Small",1,1,281,357,76,5,2,3,0
"2016-17","9694","Maryland","S. Walker-Kimbrough",32,2,357,1074,717,32,16,16,0
"2016-17","9694","Maryland","Brianna Fraser",34,1,357,600,243,12,4,8,0
"2016-17","9694","Minnesota","Taiye Bello",5,2,357,600,243,4,12,-8,0
"2016-17","9694","Minnesota","Whitney Tinjum",30,2,357,681,324,4,17,-13,0
"2016-17","9694","Maryland","Brionna Jones",42,2,437,966,529,28,11,17,0
"2016-17","9694","Minnesota","Jasmine Brunson",21,2,437,1015,578,11,30,-19,0
"2016-17","9694","Maryland","Kaila Charles",3,2,600,1015,415,20,7,13,0
"2016-17","9694","Minnesota","Bryanna Fernstrom",14,2,600,641,41,0,3,-3,0
"2016-17","9694","Minnesota","Kenisha Bell",23,2,600,966,366,7,18,-11,0
"2016-17","9694","Minnesota","Annalese Lamke",41,1,641,703,62,0,4,-4,0
"2016-17","9694","Minnesota","Joanna Hedstrom",22,2,681,780,99,0,2,-2,0
"2016-17","9694","Minnesota","Jessie Edwards",10,1,703,780,77,0,0,0,0
"2016-17","9694","Minnesota","Taiye Bello",5,3,780,966,186,7,11,-4,0
"2016-17","9694","Minnesota","Whitney Tinjum",30,3,780,966,186,7,11,-4,0
"2016-17","9694","Maryland","Blair Watson",22,1,966,1200,234,7,11,-4,0
"2016-17","9694","Maryland","Brianna Fraser",34,2,966,1055,89,2,2,0,0
"2016-17","9694","Minnesota","Bryanna Fernstrom",14,3,966,1200,234,11,7,4,0
"2016-17","9694","Minnesota","Joanna Hedstrom",22,3,966,1055,89,2,2,0,0
"2016-17","9694","Minnesota","Palma Kaposi",25,1,966,1200,234,11,7,4,0
"2016-17","9694","Maryland","Stephanie Jones",24,1,1015,1200,185,5,11,-6,0
"2016-17","9694","Minnesota","Kenisha Bell",23,3,1015,1785,770,26,24,2,0
"2016-17","9694","Maryland","Brionna Jones",42,3,1055,1536,481,15,15,0,0
"2016-17","9694","Minnesota","Jasmine Brunson",21,3,1055,1103,48,3,1,2,0
"2016-17","9694","Maryland","Kristen Confroy",12,2,1074,1593,519,16,18,-2,0
"2016-17","9694","Minnesota","Joanna Hedstrom",22,4,1103,1200,97,6,4,2,0
"2016-17","9694","Maryland","Kaila Charles",3,3,1200,2019,819,28,18,10,0
"2016-17","9694","Maryland","S. Walker-Kimbrough",32,3,1200,1785,585,19,15,4,0
"2016-17","9694","Minnesota","Taiye Bello",5,4,1200,1341,141,4,3,1,0
"2016-17","9694","Minnesota","Jasmine Brunson",21,4,1200,1362,162,4,3,1,0
"2016-17","9694","Minnesota","Whitney Tinjum",30,4,1200,1341,141,4,3,1,0
"2016-17","9694","Minnesota","Bryanna Fernstrom",14,4,1341,1416,75,0,3,-3,0
"2016-17","9694","Minnesota","Joanna Hedstrom",22,5,1341,1536,195,2,7,-5,0
"2016-17","9694","Minnesota","Whitney Tinjum",30,5,1362,1416,54,0,3,-3,0
"2016-17","9694","Minnesota","Taiye Bello",5,5,1416,1536,120,2,4,-2,0
"2016-17","9694","Minnesota","Palma Kaposi",25,2,1416,1536,120,2,4,-2,0
"2016-17","9694","Maryland","Kiah Gillespie",15,1,1536,1663,127,5,7,-2,0
"2016-17","9694","Minnesota","Bryanna Fernstrom",14,5,1536,1552,16,3,1,2,0
"2016-17","9694","Minnesota","Jasmine Brunson",21,5,1536,1709,173,7,7,0,0
"2016-17","9694","Minnesota","Whitney Tinjum",30,6,1536,1663,127,7,5,2,0
"2016-17","9694","Minnesota","Taiye Bello",5,6,1552,1800,248,6,10,-4,0
"2016-17","9694","Maryland","Brionna Jones",42,4,1593,2174,581,22,11,11,0
"2016-17","9694","Maryland","Stephanie Jones",24,2,1663,1800,137,6,2,4,0
"2016-17","9694","Minnesota","Joanna Hedstrom",22,6,1663,1800,137,2,6,-4,0
"2016-17","9694","Minnesota","Palma Kaposi",25,3,1709,1800,91,2,4,-2,0
"2016-17","9694","Maryland","Ieshia Small",1,2,1785,1800,15,2,0,2,0
"2016-17","9694","Minnesota","Jasmine Brunson",21,6,1785,2400,615,15,23,-8,0
"2016-17","9694","Minnesota","Whitney Tinjum",30,7,1785,1800,15,0,2,-2,0
"2016-17","9694","Maryland","Ieshia Small",1,3,1800,1851,51,0,2,-2,0
"2016-17","9694","Maryland","Kristen Confroy",12,3,1800,1800,0,0,0,0,0
"2016-17","9694","Maryland","Stephanie Jones",24,3,1800,1983,183,3,3,0,0
"2016-17","9694","Maryland","S. Walker-Kimbrough",32,4,1800,1800,0,0,0,0,0
"2016-17","9694","Minnesota","Bryanna Fernstrom",14,6,1800,1880,80,2,0,2,0
"2016-17","9694","Minnesota","Joanna Hedstrom",22,7,1800,1880,80,2,0,2,0
"2016-17","9694","Minnesota","Kenisha Bell",23,4,1800,2019,219,3,7,-4,0
"2016-17","9694","Minnesota","Carlie Wagner",33,2,1800,2400,600,15,21,-6,0
"2016-17","9694","Maryland","S. Walker-Kimbrough",32,5,1851,2174,323,12,6,6,0
"2016-17","9694","Minnesota","Taiye Bello",5,7,1880,1914,34,1,3,-2,0
"2016-17","9694","Minnesota","Whitney Tinjum",30,8,1880,1898,18,1,0,1,0
"2016-17","9694","Minnesota","Palma Kaposi",25,4,1898,2019,121,0,7,-7,0
"2016-17","9694","Minnesota","Bryanna Fernstrom",14,7,1914,1983,69,0,0,0,0
"2016-17","9694","Maryland","Kiah Gillespie",15,2,1983,2296,313,16,9,7,0
"2016-17","9694","Minnesota","Taiye Bello",5,8,1983,2106,123,2,9,-7,0
"2016-17","9694","Maryland","Blair Watson",22,2,2019,2400,381,14,12,2,0
"2016-17","9694","Minnesota","Joanna Hedstrom",22,8,2019,2065,46,2,2,0,0
"2016-17","9694","Minnesota","Whitney Tinjum",30,9,2019,2174,155,5,5,0,0
"2016-17","9694","Maryland","Sarah Myers",21,1,2065,2400,335,12,10,2,0
"2016-17","9694","Minnesota","Kenisha Bell",23,5,2065,2230,165,5,5,0,0
"2016-17","9694","Minnesota","Bryanna Fernstrom",14,8,2106,2197,91,3,0,3,0
"2016-17","9694","Maryland","Ieshia Small",1,4,2174,2400,226,9,7,2,0
"2016-17","9694","Maryland","Stephanie Jones",24,4,2174,2296,122,7,4,3,0
"2016-17","9694","Minnesota","Palma Kaposi",25,5,2174,2400,226,7,9,-2,0
"2016-17","9694","Minnesota","Taiye Bello",5,9,2197,2296,99,4,7,-3,0
"2016-17","9694","Minnesota","Joanna Hedstrom",22,9,2230,2400,170,5,7,-2,0
"2016-17","9694","Maryland","Jenna Staiti",14,1,2296,2400,104,2,3,-1,0
"2016-17","9694","Maryland","Brianna Fraser",34,3,2296,2400,104,2,3,-1,0
"2016-17","9694","Minnesota","Jessie Edwards",10,2,2296,2400,104,3,2,1,0
"2016-17","9695","Maryland","Kaila Charles",3,1,0,1637,1637,63,49,14,1
"2016-17","9695","Maryland","Destiny Slocum",5,1,0,582,582,24,12,12,1
"2016-17","9695","Maryland","Kristen Confroy",12,1,0,300,300,10,6,4,1
"2016-17","9695","Maryland","S. Walker-Kimbrough",32,1,0,277,277,8,6,2,1
"2016-17","9695","Maryland","Brionna Jones",42,1,0,272,272,6,6,0,1
"2016-17","9695","Minnesota","Taiye Bello",5,1,0,194,194,4,3,1,1
"2016-17","9695","Minnesota","Jasmine Brunson",21,1,0,475,475,12,20,-8,1
"2016-17","9695","Minnesota","Kenisha Bell",23,1,0,319,319,6,12,-6,1
"2016-17","9695","Minnesota","Whitney Tinjum",30,1,0,194,194,4,3,1,1
"2016-17","9695","Minnesota","Carlie Wagner",33,1,0,2400,2400,80,92,-12,1
"2016-17","9695","Minnesota","Bryanna Fernstrom",14,1,194,300,106,2,7,-5,0
"2016-17","9695","Maryland","Brianna Fraser",34,1,272,462,190,13,6,7,0
"2016-17","9695","Maryland","Ieshia Small",1,1,277,600,323,19,8,11,0
"2016-17","9695","Maryland","Brionna Jones",42,2,300,416,116,9,6,3,0
"2016-17","9695","Minnesota","Taiye Bello",5,2,300,381,81,3,7,-4,0
"2016-17","9695","Minnesota","Whitney Tinjum",30,2,319,890,571,20,23,-3,0
"2016-17","9695","Minnesota","Gadiva Hubbard",34,1,319,600,281,8,15,-7,0
"2016-17","9695","Minnesota","Bryanna Fernstrom",14,2,381,600,219,5,10,-5,0
"2016-17","9695","Maryland","S. Walker-Kimbrough",32,2,416,628,212,8,4,4,0
"2016-17","9695","Maryland","Brionna Jones",42,3,462,582,120,5,0,5,0
"2016-17","9695","Minnesota","Kenisha Bell",23,2,475,992,517,16,20,-4,0
"2016-17","9695","Maryland","Kristen Confroy",12,2,582,1715,1133,42,43,-1,0
"2016-17","9695","Maryland","Brianna Fraser",34,2,582,600,18,3,2,1,0
"2016-17","9695","Maryland","Ieshia Small",1,2,600,776,176,4,12,-8,0
"2016-17","9695","Maryland","Destiny Slocum",5,2,600,600,0,0,0,0,0
"2016-17","9695","Maryland","Brianna Fraser",34,3,600,614,14,0,0,0,0
"2016-17","9695","Maryland","Brionna Jones",42,4,600,600,0,0,0,0,0
"2016-17","9695","Minnesota","Taiye Bello",5,3,600,600,0,0,0,0,0
"2016-17","9695","Minnesota","Bryanna Fernstrom",14,3,600,776,176,12,4,8,0
"2016-17","9695","Minnesota","Jasmine Brunson",21,2,600,600,0,0,0,0,0
"2016-17","9695","Minnesota","Gadiva Hubbard",34,2,600,1200,600,19,20,-1,0
"2016-17","9695","Maryland","Brionna Jones",42,5,614,1178,564,20,17,3,0
"2016-17","9695","Maryland","Destiny Slocum",5,3,628,999,371,13,12,1,0
"2016-17","9695","Maryland","S. Walker-Kimbrough",32,3,776,978,202,6,2,4,0
"2016-17","9695","Minnesota","Taiye Bello",5,4,776,890,114,0,4,-4,0
"2016-17","9695","Minnesota","Bryanna Fernstrom",14,4,890,1200,310,7,12,-5,0
"2016-17","9695","Minnesota","Palma Kaposi",25,1,890,1070,180,5,10,-5,0
"2016-17","9695","Maryland","Ieshia Small",1,3,978,1200,222,10,5,5,0
"2016-17","9695","Minnesota","Jasmine Brunson",21,3,992,1051,59,3,3,0,0
"2016-17","9695","Maryland","S. Walker-Kimbrough",32,4,999,1178,179,7,3,4,0
"2016-17","9695","Minnesota","Kenisha Bell",23,3,1051,1905,854,27,33,-6,0
"2016-17","9695","Minnesota","Whitney Tinjum",30,3,1070,1243,173,2,2,0,0
"2016-17","9695","Maryland","Blair Watson",22,1,1178,1200,22,0,2,-2,0
"2016-17","9695","Maryland","Brianna Fraser",34,4,1178,1200,22,0,2,-2,0
"2016-17","9695","Maryland","Destiny Slocum",5,4,1200,1781,581,25,23,2,0
"2016-17","9695","Maryland","S. Walker-Kimbrough",32,5,1200,1781,581,25,23,2,0
"2016-17","9695","Maryland","Brionna Jones",42,6,1200,1519,319,14,12,2,0
"2016-17","9695","Minnesota","Taiye Bello",5,5,1200,1200,0,0,0,0,0
"2016-17","9695","Minnesota","Bryanna Fernstrom",14,5,1200,1781,581,23,25,-2,0
"2016-17","9695","Minnesota","Jasmine Brunson",21,4,1200,1200,0,0,0,0,0
"2016-17","9695","Minnesota","Gadiva Hubbard",34,3,1200,2400,1200,47,45,2,0
"2016-17","9695","Minnesota","Joanna Hedstrom",22,1,1243,1250,7,0,0,0,0
"2016-17","9695","Minnesota","Palma Kaposi",25,2,1250,1519,269,12,14,-2,0
"2016-17","9695","Maryland","Brianna Fraser",34,5,1519,1597,78,2,2,0,0
"2016-17","9695","Minnesota","Whitney Tinjum",30,4,1519,1603,84,2,2,0,0
"2016-17","9695","Maryland","Brionna Jones",42,7,1597,2099,502,22,17,5,0
"2016-17","9695","Minnesota","Joanna Hedstrom",22,2,1603,1800,197,9,9,0,0
"2016-17","9695","Maryland","Ieshia Small",1,4,1637,2400,763,29,31,-2,0
"2016-17","9695","Maryland","Kaila Charles",3,2,1715,2039,324,13,7,6,0
"2016-17","9695","Maryland","Kristen Confroy",12,3,1781,1800,19,0,0,0,0
"2016-17","9695","Maryland","Blair Watson",22,2,1781,1800,19,0,0,0,0
"2016-17","9695","Minnesota","Taiye Bello",5,6,1781,1800,19,0,0,0,0
"2016-17","9695","Maryland","Destiny Slocum",5,5,1800,2099,299,13,8,5,0
"2016-17","9695","Minnesota","Bryanna Fernstrom",14,6,1800,1891,91,2,4,-2,0
"2016-17","9695","Minnesota","Jasmine Brunson",21,5,1800,2400,600,24,20,4,0
"2016-17","9695","Minnesota","Taiye Bello",5,7,1891,2099,208,6,9,-3,0
"2016-17","9695","Maryland","Stephanie Jones",24,1,2039,2314,275,9,9,0,0
"2016-17","9695","Maryland","Kristen Confroy",12,4,2099,2314,215,3,7,-4,0
"2016-17","9695","Maryland","Kiah Gillespie",15,1,2099,2400,301,7,16,-9,0
"2016-17","9695","Minnesota","Bryanna Fernstrom",14,7,2099,2160,61,3,2,1,0
"2016-17","9695","Minnesota","Taiye Bello",5,8,2160,2236,76,3,1,2,0
"2016-17","9695","Minnesota","Joanna Hedstrom",22,3,2218,2400,182,10,5,5,0
"2016-17","9695","Minnesota","Jessie Edwards",10,1,2236,2400,164,10,4,6,0
"2016-17","9695","Maryland","Jenna Staiti",14,1,2314,2400,86,4,9,-5,0
"2016-17","9695","Maryland","Sarah Myers",21,1,2314,2400,86,4,9,-5,0
"2016-17","9696","Maryland","Kaila Charles",3,1,0,516,516,18,14,4,1
"2016-17","9696","Maryland","Destiny Slocum",5,1,0,914,914,33,30,3,1
"2016-17","9696","Maryland","Kristen Confroy",12,1,0,393,393,15,10,5,1
"2016-17","9696","Maryland","S. Walker-Kimbrough",32,1,0,310,310,13,10,3,1
"2016-17","9696","Maryland","Brionna Jones",42,1,0,464,464,18,12,6,1
"2016-17","9696","Michigan State","Tori Jankoska",1,1,0,393,393,10,15,-5,1
"2016-17","9696","Michigan State","Taryn McCutcheon",4,1,0,310,310,10,13,-3,1
"2016-17","9696","Michigan State","Branndais Agee",10,1,0,1157,1157,34,45,-11,1
"2016-17","9696","Michigan State","Victoria Gaines",15,1,0,310,310,10,13,-3,1
"2016-17","9696","Michigan State","Taya Reimer",32,1,0,310,310,10,13,-3,1
"2016-17","9696","Michigan State","Mardrekia Cook",2,1,310,464,154,2,5,-3,0
"2016-17","9696","Michigan State","Nia Hollie",12,1,310,464,154,2,5,-3,0
"2016-17","9696","Michigan State","Jenna Allen",33,1,310,464,154,2,5,-3,0
"2016-17","9696","Maryland","S. Walker-Kimbrough",32,2,393,1764,1371,53,50,3,0
"2016-17","9696","Michigan State","Taryn McCutcheon",4,2,393,767,374,11,15,-4,0
"2016-17","9696","Maryland","Kristen Confroy",12,2,464,1099,635,21,19,2,0
"2016-17","9696","Maryland","Brianna Fraser",34,1,464,600,136,2,5,-3,0
"2016-17","9696","Michigan State","Tori Jankoska",1,2,464,881,417,16,15,1,0
"2016-17","9696","Michigan State","Victoria Gaines",15,2,464,818,354,11,14,-3,0
"2016-17","9696","Michigan State","Taya Reimer",32,2,464,1417,953,32,37,-5,0
"2016-17","9696","Maryland","Brionna Jones",42,2,516,1099,583,21,17,4,0
"2016-17","9696","Maryland","Kaila Charles",3,2,600,819,219,12,6,6,0
"2016-17","9696","Michigan State","Lexi Gussert",24,1,767,1200,433,13,17,-4,0
"2016-17","9696","Michigan State","Jenna Allen",33,2,818,1027,209,7,5,2,0
"2016-17","9696","Maryland","Stephanie Jones",24,1,819,1156,337,10,11,-1,0
"2016-17","9696","Michigan State","Taryn McCutcheon",4,3,881,1027,146,2,4,-2,0
"2016-17","9696","Maryland","Sarah Myers",21,1,914,1200,286,14,4,10,0
"2016-17","9696","Michigan State","Tori Jankoska",1,3,1027,2093,1066,43,46,-3,0
"2016-17","9696","Michigan State","Kennedy Johnson",55,1,1027,1200,173,4,10,-6,0
"2016-17","9696","Maryland","Destiny Slocum",5,2,1099,2359,1260,59,54,5,0
"2016-17","9696","Maryland","Brianna Fraser",34,2,1099,1200,101,8,3,5,0
"2016-17","9696","Maryland","Brionna Jones",42,3,1156,2093,937,41,39,2,0
"2016-17","9696","Michigan State","Mardrekia Cook",2,2,1157,1200,43,0,2,-2,0
"2016-17","9696","Maryland","Kaila Charles",3,3,1200,1417,217,8,10,-2,0
"2016-17","9696","Maryland","Kristen Confroy",12,3,1200,1417,217,8,10,-2,0
"2016-17","9696","Michigan State","Taryn McCutcheon",4,4,1200,2108,908,39,36,3,0
"2016-17","9696","Michigan State","Branndais Agee",10,2,1200,2372,1172,53,51,2,0
"2016-17","9696","Michigan State","Victoria Gaines",15,3,1200,1764,564,26,21,5,0
"2016-17","9696","Maryland","Ieshia Small",1,1,1417,1459,42,0,5,-5,0
"2016-17","9696","Maryland","Stephanie Jones",24,2,1417,1800,383,16,16,0,0
"2016-17","9696","Michigan State","Jenna Allen",33,3,1417,1592,175,8,6,2,0
"2016-17","9696","Maryland","Kristen Confroy",12,4,1459,1800,341,16,11,5,0
"2016-17","9696","Michigan State","Taya Reimer",32,3,1592,1764,172,8,7,1,0
"2016-17","9696","Maryland","Kaila Charles",3,4,1764,2400,636,32,29,3,0
"2016-17","9696","Michigan State","Nia Hollie",12,2,1764,1800,36,0,3,-3,0
"2016-17","9696","Michigan State","Jenna Allen",33,4,1764,1800,36,0,3,-3,0
"2016-17","9696","Maryland","Stephanie Jones",24,3,1800,1919,119,4,5,-1,0
"2016-17","9696","Maryland","S. Walker-Kimbrough",32,3,1800,2093,293,12,13,-1,0
"2016-17","9696","Michigan State","Nia Hollie",12,3,1800,1919,119,5,4,1,0
"2016-17","9696","Michigan State","Victoria Gaines",15,4,1800,1800,0,0,0,0,0
"2016-17","9696","Michigan State","Taya Reimer",32,4,1800,1800,0,0,0,0,0
"2016-17","9696","Michigan State","Jenna Allen",33,5,1800,1919,119,5,4,1,0
"2016-17","9696","Maryland","Kristen Confroy",12,5,1919,2108,189,8,8,0,0
"2016-17","9696","Michigan State","Victoria Gaines",15,5,1919,2243,324,12,17,-5,0
"2016-17","9696","Michigan State","Taya Reimer",32,5,1919,2013,94,4,4,0,0
"2016-17","9696","Michigan State","Jenna Allen",33,6,2013,2400,387,20,21,-1,0
"2016-17","9696","Maryland","Blair Watson",22,1,2093,2110,17,0,2,-2,0
"2016-17","9696","Maryland","Brianna Fraser",34,3,2093,2110,17,0,2,-2,0
"2016-17","9696","Michigan State","Lexi Gussert",24,2,2093,2122,29,2,1,1,0
"2016-17","9696","Maryland","S. Walker-Kimbrough",32,4,2108,2400,292,17,16,1,0
"2016-17","9696","Michigan State","Tori Jankoska",1,4,2108,2372,264,14,15,-1,0
"2016-17","9696","Maryland","Kristen Confroy",12,6,2110,2400,290,17,14,3,0
"2016-17","9696","Maryland","Brionna Jones",42,4,2110,2400,290,17,14,3,0
"2016-17","9696","Michigan State","Taryn McCutcheon",4,5,2122,2400,278,14,16,-2,0
"2016-17","9696","Michigan State","Taya Reimer",32,6,2243,2400,157,12,8,4,0
"2016-17","9696","Maryland","Blair Watson",22,2,2359,2372,13,0,2,-2,0
"2016-17","9696","Maryland","Destiny Slocum",5,3,2372,2373,1,1,0,1,0
"2016-17","9696","Michigan State","Nia Hollie",12,4,2372,2373,1,0,1,-1,0
"2016-17","9696","Michigan State","Lexi Gussert",24,3,2372,2373,1,0,1,-1,0
"2016-17","9696","Maryland","Blair Watson",22,3,2373,2400,27,1,2,-1,0
"2016-17","9696","Michigan State","Tori Jankoska",1,5,2373,2400,27,2,1,1,0
"2016-17","9696","Michigan State","Branndais Agee",10,3,2373,2400,27,2,1,1,0
"2016-17","9697","Maryland","Kaila Charles",3,1,0,600,600,18,14,4,1
"2016-17","9697","Maryland","Destiny Slocum",5,1,0,592,592,18,14,4,1
"2016-17","9697","Maryland","Kristen Confroy",12,1,0,2400,2400,74,64,10,1
"2016-17","9697","Maryland","S. Walker-Kimbrough",32,1,0,250,250,7,7,0,1
"2016-17","9697","Maryland","Brionna Jones",42,1,0,529,529,15,14,1,1
"2016-17","9697","Purdue","Ashley Morrissette",1,1,0,844,844,27,26,1,1
"2016-17","9697","Purdue","Andreona Keys",10,1,0,592,592,14,18,-4,1
"2016-17","9697","Purdue","Dominique Oden",11,1,0,630,630,14,21,-7,1
"2016-17","9697","Purdue","Bridget Perry",13,1,0,529,529,14,15,-1,1
"2016-17","9697","Purdue","Ae'Rianna Harris",32,1,0,250,250,7,7,0,1
"2016-17","9697","Purdue","Dominique McBryde",20,1,250,473,223,7,5,2,0
"2016-17","9697","Maryland","S. Walker-Kimbrough",32,2,325,473,148,3,7,-4,0
"2016-17","9697","Maryland","Blair Watson",22,1,473,600,127,6,0,6,0
"2016-17","9697","Purdue","Ae'Rianna Harris",32,2,473,844,371,13,14,-1,0
"2016-17","9697","Maryland","Brianna Fraser",34,1,529,600,71,3,0,3,0
"2016-17","9697","Purdue","Dominique McBryde",20,2,529,600,71,0,3,-3,0
"2016-17","9697","Maryland","Sarah Myers",21,1,592,600,8,0,0,0,0
"2016-17","9697","Purdue","Lamina Cooper",40,1,592,600,8,0,0,0,0
"2016-17","9697","Maryland","Destiny Slocum",5,2,600,1454,854,31,24,7,0
"2016-17","9697","Maryland","Blair Watson",22,2,600,743,143,6,6,0,0
"2016-17","9697","Maryland","S. Walker-Kimbrough",32,3,600,600,0,0,0,0,0
"2016-17","9697","Maryland","Brianna Fraser",34,2,600,743,143,6,6,0,0
"2016-17","9697","Maryland","Brionna Jones",42,2,600,1485,885,31,24,7,0
"2016-17","9697","Purdue","Andreona Keys",10,2,600,600,0,0,0,0,0
"2016-17","9697","Purdue","Bridget Perry",13,2,600,600,0,0,0,0,0
"2016-17","9697","Purdue","Dominique McBryde",20,3,600,844,244,13,8,5,0
"2016-17","9697","Purdue","Lamina Cooper",40,2,600,743,143,6,6,0,0
"2016-17","9697","Purdue","Andreona Keys",10,3,630,1384,754,24,26,-2,0
"2016-17","9697","Maryland","Kaila Charles",3,2,743,814,71,0,4,-4,0
"2016-17","9697","Maryland","S. Walker-Kimbrough",32,4,743,2066,1323,46,31,15,0
"2016-17","9697","Purdue","Dominique Oden",11,2,743,915,172,7,6,1,0
"2016-17","9697","Maryland","Stephanie Jones",24,1,814,1106,292,13,5,8,0
"2016-17","9697","Purdue","Nora Kiesler",12,1,844,984,140,0,7,-7,0
"2016-17","9697","Purdue","Bridget Perry",13,3,844,984,140,0,7,-7,0
"2016-17","9697","Purdue","Lamina Cooper",40,3,844,1049,205,0,9,-9,0
"2016-17","9697","Purdue","Ashley Morrissette",1,2,915,1624,709,15,23,-8,0
"2016-17","9697","Purdue","Dominique McBryde",20,4,984,1001,17,0,0,0,0
"2016-17","9697","Purdue","Ae'Rianna Harris",32,3,984,1571,587,13,20,-7,0
"2016-17","9697","Purdue","Bridget Perry",13,4,1001,1454,453,11,16,-5,0
"2016-17","9697","Purdue","Dominique Oden",11,3,1049,1454,405,11,14,-3,0
"2016-17","9697","Maryland","Brianna Fraser",34,3,1106,1200,94,2,6,-4,0
"2016-17","9697","Maryland","Kaila Charles",3,3,1200,1769,569,18,9,9,0
"2016-17","9697","Purdue","Lamina Cooper",40,4,1384,1571,187,2,6,-4,0
"2016-17","9697","Maryland","Sarah Myers",21,2,1454,1571,117,4,2,2,0
"2016-17","9697","Purdue","Andreona Keys",10,4,1454,2400,946,26,25,1,0
"2016-17","9697","Purdue","Dominique McBryde",20,5,1454,1800,346,8,8,0,0
"2016-17","9697","Maryland","Brianna Fraser",34,4,1485,1571,86,4,2,2,0
"2016-17","9697","Maryland","Destiny Slocum",5,3,1571,2400,829,21,24,-3,0
"2016-17","9697","Maryland","Brionna Jones",42,3,1571,2004,433,14,8,6,0
"2016-17","9697","Purdue","Dominique Oden",11,4,1571,1956,385,8,13,-5,0
"2016-17","9697","Purdue","Bridget Perry",13,5,1571,1769,198,4,4,0,0
"2016-17","9697","Purdue","Lamina Cooper",40,5,1624,1769,145,2,4,-2,0
"2016-17","9697","Maryland","Brianna Fraser",34,5,1769,1800,31,0,2,-2,0
"2016-17","9697","Purdue","Ashley Morrissette",1,3,1769,2361,592,20,17,3,0
"2016-17","9697","Purdue","Ae'Rianna Harris",32,4,1769,1891,122,2,7,-5,0
"2016-17","9697","Maryland","Kaila Charles",3,4,1800,1800,0,0,0,0,0
"2016-17","9697","Maryland","Brianna Fraser",34,6,1800,2066,266,13,5,8,0
"2016-17","9697","Purdue","Bridget Perry",13,6,1800,1800,0,0,0,0,0
"2016-17","9697","Purdue","Dominique McBryde",20,6,1800,1845,45,0,4,-4,0
"2016-17","9697","Purdue","Bridget Perry",13,7,1845,2361,516,18,13,5,0
"2016-17","9697","Purdue","Nora Kiesler",12,2,1891,2107,216,9,6,3,0
"2016-17","9697","Purdue","Lamina Cooper",40,6,1956,2161,205,11,4,7,0
"2016-17","9697","Maryland","Stephanie Jones",24,2,2004,2161,157,3,11,-8,0
"2016-17","9697","Maryland","Blair Watson",22,3,2066,2107,41,0,4,-4,0
"2016-17","9697","Maryland","Brionna Jones",42,4,2066,2372,306,4,13,-9,0
"2016-17","9697","Maryland","S. Walker-Kimbrough",32,5,2107,2372,265,4,9,-5,0
"2016-17","9697","Purdue","Dominique McBryde",20,7,2107,2400,293,9,4,5,0
"2016-17","9697","Maryland","Kaila Charles",3,5,2161,2237,76,0,0,0,0
"2016-17","9697","Purdue","Dominique Oden",11,5,2161,2400,239,5,4,1,0
"2016-17","9697","Maryland","Brianna Fraser",34,7,2237,2400,163,4,5,-1,0
"2016-17","9697","Purdue","Miracle Gray",5,1,2361,2400,39,0,0,0,0
"2016-17","9697","Purdue","Nora Kiesler",12,3,2361,2400,39,0,0,0,0
"2016-17","9697","Maryland","Jenna Staiti",14,1,2371,2400,29,0,0,0,0
"2016-17","9697","Maryland","Kiah Gillespie",15,1,2371,2400,29,0,0,0,0
"2016-17","9698","Bucknell","Kyi English",2,1,0,326,326,7,13,-6,1
"2016-17","9698","Bucknell","Megan McGurk",11,1,0,385,385,7,17,-10,1
"2016-17","9698","Bucknell","Claire DeBoer",12,1,0,1132,1132,20,42,-22,1
"2016-17","9698","Bucknell","Sune Swart",41,1,0,385,385,7,17,-10,1
"2016-17","9698","Bucknell","Kaitlyn Slagus",50,1,0,326,326,7,13,-6,1
"2016-17","9698","Maryland","Kaila Charles",3,1,0,478,478,20,10,10,1
"2016-17","9698","Maryland","Destiny Slocum",5,1,0,1494,1494,63,31,32,1
"2016-17","9698","Maryland","Kristen Confroy",12,1,0,326,326,13,7,6,1
"2016-17","9698","Maryland","S. Walker-Kimbrough",32,1,0,385,385,17,7,10,1
"2016-17","9698","Maryland","Brionna Jones",42,1,0,513,513,22,10,12,1
"2016-17","9698","Bucknell","Gia Hayes",4,1,326,478,152,3,7,-4,0
"2016-17","9698","Bucknell","Kate Walker",20,1,326,533,207,3,9,-6,0
"2016-17","9698","Maryland","Brianna Fraser",34,1,326,385,59,4,0,4,0
"2016-17","9698","Bucknell","Kyi English",2,2,385,2400,2015,54,86,-32,0
"2016-17","9698","Bucknell","Catherine Romaine",32,1,385,478,93,3,3,0,0
"2016-17","9698","Maryland","Kristen Confroy",12,2,385,812,427,9,5,4,0
"2016-17","9698","Maryland","Stephanie Jones",24,1,385,533,148,5,3,2,0
"2016-17","9698","Bucknell","Megan McGurk",11,2,478,812,334,2,6,-4,0
"2016-17","9698","Bucknell","Sune Swart",41,2,478,1068,590,10,14,-4,0
"2016-17","9698","Maryland","Ieshia Small",1,1,478,513,35,2,0,2,0
"2016-17","9698","Maryland","S. Walker-Kimbrough",32,2,513,1669,1156,48,29,19,0
"2016-17","9698","Maryland","Brianna Fraser",34,2,513,600,87,0,0,0,0
"2016-17","9698","Bucknell","Kaitlyn Slagus",50,2,533,907,374,3,6,-3,0
"2016-17","9698","Maryland","Kaila Charles",3,2,533,812,279,4,2,2,0
"2016-17","9698","Maryland","Brionna Jones",42,2,600,1405,805,36,15,21,0
"2016-17","9698","Bucknell","Kate Walker",20,2,812,1200,388,10,19,-9,0
"2016-17","9698","Maryland","Ieshia Small",1,2,812,907,95,2,1,1,0
"2016-17","9698","Maryland","Brianna Fraser",34,3,812,1004,192,6,6,0,0
"2016-17","9698","Bucknell","Catherine Romaine",32,2,907,1004,97,5,4,1,0
"2016-17","9698","Maryland","Kristen Confroy",12,3,907,1438,531,32,15,17,0
"2016-17","9698","Bucknell","Megan McGurk",11,3,1004,1105,101,2,7,-5,0
"2016-17","9698","Maryland","Kaila Charles",3,3,1004,1498,494,31,15,16,0
"2016-17","9698","Bucknell","Kaitlyn Slagus",50,3,1068,1339,271,5,19,-14,0
"2016-17","9698","Bucknell","Gia Hayes",4,2,1105,1200,95,2,6,-4,0
"2016-17","9698","Bucknell","Sune Swart",41,3,1132,1469,337,11,21,-10,0
"2016-17","9698","Bucknell","Megan McGurk",11,4,1200,1726,526,17,26,-9,0
"2016-17","9698","Bucknell","Claire DeBoer",12,2,1200,1498,298,11,18,-7,0
"2016-17","9698","Bucknell","Kate Walker",20,3,1339,1800,461,14,18,-4,0
"2016-17","9698","Maryland","Brianna Fraser",34,4,1405,1469,64,5,6,-1,0
"2016-17","9698","Maryland","Blair Watson",22,1,1438,1559,121,6,9,-3,0
"2016-17","9698","Bucknell","Kaitlyn Slagus",50,4,1469,1559,90,6,3,3,0
"2016-17","9698","Maryland","Kiah Gillespie",15,1,1469,1800,331,8,8,0,0
"2016-17","9698","Maryland","Sarah Myers",21,1,1494,1800,306,8,8,0,0
"2016-17","9698","Bucknell","Catherine Romaine",32,3,1498,1595,97,4,5,-1,0
"2016-17","9698","Maryland","Jenna Staiti",14,1,1498,1559,61,3,4,-1,0
"2016-17","9698","Bucknell","Sune Swart",41,4,1559,1669,110,2,4,-2,0
"2016-17","9698","Maryland","Kristen Confroy",12,4,1559,1798,239,5,2,3,0
"2016-17","9698","Maryland","Brionna Jones",42,3,1559,1726,167,5,2,3,0
"2016-17","9698","Bucknell","Claire DeBoer",12,3,1595,2126,531,10,16,-6,0
"2016-17","9698","Bucknell","Catherine Romaine",32,4,1669,1726,57,0,1,-1,0
"2016-17","9698","Maryland","Ieshia Small",1,3,1669,1800,131,1,0,1,0
"2016-17","9698","Bucknell","Gia Hayes",4,3,1726,1800,74,0,0,0,0
"2016-17","9698","Bucknell","Kaitlyn Slagus",50,5,1726,1800,74,0,0,0,0
"2016-17","9698","Maryland","S. Walker-Kimbrough",32,3,1726,1800,74,0,0,0,0
"2016-17","9698","Maryland","Blair Watson",22,2,1798,1800,2,0,0,0,0
"2016-17","9698","Bucknell","Gia Hayes",4,4,1800,1900,100,3,3,0,0
"2016-17","9698","Bucknell","Megan McGurk",11,5,1800,1800,0,0,0,0,0
"2016-17","9698","Bucknell","Kate Walker",20,4,1800,1955,155,3,5,-2,0
"2016-17","9698","Bucknell","Sune Swart",41,5,1800,1863,63,2,1,1,0
"2016-17","9698","Maryland","Ieshia Small",1,4,1800,2306,506,28,18,10,0
"2016-17","9698","Maryland","Kaila Charles",3,4,1800,1800,0,0,0,0,0
"2016-17","9698","Maryland","Destiny Slocum",5,2,1800,1997,197,5,3,2,0
"2016-17","9698","Maryland","Kristen Confroy",12,5,1800,1800,0,0,0,0,0
"2016-17","9698","Maryland","Blair Watson",22,3,1800,2400,600,32,22,10,0
"2016-17","9698","Maryland","Stephanie Jones",24,2,1800,1955,155,5,3,2,0
"2016-17","9698","Maryland","Brianna Fraser",34,5,1800,1955,155,5,3,2,0
"2016-17","9698","Maryland","Brionna Jones",42,4,1800,1800,0,0,0,0,0
"2016-17","9698","Bucknell","Kaitlyn Slagus",50,6,1863,2063,200,1,8,-7,0
"2016-17","9698","Bucknell","Catherine Romaine",32,5,1900,2063,163,0,6,-6,0
"2016-17","9698","Bucknell","Megan McGurk",11,6,1955,2283,328,13,19,-6,0
"2016-17","9698","Maryland","Jenna Staiti",14,2,1955,2231,276,15,9,6,0
"2016-17","9698","Maryland","Kiah Gillespie",15,2,1955,2126,171,8,5,3,0
"2016-17","9698","Maryland","Sarah Myers",21,2,1997,2400,403,27,19,8,0
"2016-17","9698","Bucknell","Kate Walker",20,5,2063,2306,243,15,19,-4,0
"2016-17","9698","Bucknell","Sune Swart",41,6,2063,2126,63,5,4,1,0
"2016-17","9698","Bucknell","Maegan Mikkelsen",22,1,2126,2231,105,4,7,-3,0
"2016-17","9698","Bucknell","Catherine Romaine",32,6,2126,2231,105,4,7,-3,0
"2016-17","9698","Maryland","Stephanie Jones",24,3,2126,2400,274,19,14,5,0
"2016-17","9698","Bucknell","Claire DeBoer",12,4,2231,2283,52,4,4,0,0
"2016-17","9698","Bucknell","Sune Swart",41,7,2231,2283,52,4,4,0,0
"2016-17","9698","Maryland","Kiah Gillespie",15,3,2231,2400,169,12,10,2,0
"2016-17","9698","Bucknell","Gia Hayes",4,5,2283,2400,117,6,8,-2,0
"2016-17","9698","Bucknell","Maegan Mikkelsen",22,2,2283,2400,117,6,8,-2,0
"2016-17","9698","Bucknell","Catherine Romaine",32,7,2283,2400,117,6,8,-2,0
"2016-17","9698","Bucknell","Carly Richardson",33,1,2306,2400,94,4,4,0,0
"2016-17","9698","Maryland","Jenna Staiti",14,3,2306,2400,94,4,4,0,0
"2016-17","9699","Maryland","Kaila Charles",3,1,0,276,276,5,7,-2,1
"2016-17","9699","Maryland","Destiny Slocum",5,1,0,868,868,23,16,7,1
"2016-17","9699","Maryland","Kristen Confroy",12,1,0,348,348,8,12,-4,1
"2016-17","9699","Maryland","S. Walker-Kimbrough",32,1,0,276,276,5,7,-2,1
"2016-17","9699","Maryland","Brionna Jones",42,1,0,868,868,23,16,7,1
"2016-17","9699","West Virginia","Tynice Martin",5,1,0,600,600,16,12,4,1
"2016-17","9699","West Virginia","Teana Muldrow",11,1,0,868,868,16,23,-7,1
"2016-17","9699","West Virginia","Chania Ray",12,1,0,683,683,16,19,-3,1
"2016-17","9699","West Virginia","Lanay Montgomery",15,1,0,596,596,16,10,6,1
"2016-17","9699","West Virginia","Katrina Pardee",22,1,0,348,348,12,8,4,1
"2016-17","9699","Maryland","Ieshia Small",1,1,276,518,242,5,7,-2,0
"2016-17","9699","Maryland","Brianna Fraser",34,1,276,348,72,3,5,-2,0
"2016-17","9699","Maryland","Kaila Charles",3,2,348,600,252,4,4,0,0
"2016-17","9699","Maryland","S. Walker-Kimbrough",32,2,348,868,520,15,4,11,0
"2016-17","9699","West Virginia","Alexis Brewer",2,1,348,518,170,2,2,0,0
"2016-17","9699","Maryland","Kristen Confroy",12,2,518,1515,997,42,21,21,0
"2016-17","9699","West Virginia","Katrina Pardee",22,2,518,868,350,2,13,-11,0
"2016-17","9699","West Virginia","Kristina King",13,1,596,600,4,0,2,-2,0
"2016-17","9699","Maryland","Stephanie Jones",24,1,600,894,294,11,0,11,0
"2016-17","9699","West Virginia","Kristina King",13,2,600,683,83,0,7,-7,0
"2016-17","9699","West Virginia","Lanay Montgomery",15,2,600,600,0,0,0,0,0
"2016-17","9699","West Virginia","Anja Martin",24,1,600,683,83,0,7,-7,0
"2016-17","9699","West Virginia","Alexis Brewer",2,2,683,1072,389,4,10,-6,0
"2016-17","9699","West Virginia","Tynice Martin",5,2,683,2346,1663,40,64,-24,0
"2016-17","9699","West Virginia","Lanay Montgomery",15,3,683,2065,1382,32,55,-23,0
"2016-17","9699","Maryland","Kaila Charles",3,3,868,1468,600,29,16,13,0
"2016-17","9699","Maryland","Sarah Myers",21,1,868,894,26,0,0,0,0
"2016-17","9699","Maryland","Brianna Fraser",34,2,868,977,109,4,2,2,0
"2016-17","9699","West Virginia","Chania Ray",12,2,868,977,109,2,4,-2,0
"2016-17","9699","West Virginia","Kristina King",13,3,868,1000,132,2,4,-2,0
"2016-17","9699","Maryland","Destiny Slocum",5,2,894,1776,882,40,26,14,0
"2016-17","9699","Maryland","S. Walker-Kimbrough",32,3,894,1468,574,29,16,13,0
"2016-17","9699","Maryland","Brionna Jones",42,2,977,990,13,0,0,0,0
"2016-17","9699","West Virginia","Katrina Pardee",22,3,977,1592,615,21,27,-6,0
"2016-17","9699","Maryland","Brianna Fraser",34,3,990,1200,210,11,6,5,0
"2016-17","9699","West Virginia","Teana Muldrow",11,2,1000,1566,566,21,27,-6,0
"2016-17","9699","West Virginia","Chania Ray",12,3,1072,2346,1274,36,54,-18,0
"2016-17","9699","Maryland","Brionna Jones",42,3,1200,1725,525,20,18,2,0
"2016-17","9699","Maryland","Ieshia Small",1,2,1468,1566,98,2,7,-5,0
"2016-17","9699","Maryland","Stephanie Jones",24,2,1468,1654,186,4,8,-4,0
"2016-17","9699","Maryland","S. Walker-Kimbrough",32,4,1515,2278,763,31,21,10,0
"2016-17","9699","Maryland","Kristen Confroy",12,3,1566,2065,499,20,9,11,0
"2016-17","9699","West Virginia","Kristina King",13,4,1566,1755,189,3,8,-5,0
"2016-17","9699","West Virginia","Alexis Brewer",2,3,1592,1755,163,3,8,-5,0
"2016-17","9699","Maryland","Kiah Gillespie",15,1,1654,1800,146,7,2,5,0
"2016-17","9699","Maryland","Kaila Charles",3,4,1725,1833,108,7,0,7,0
"2016-17","9699","West Virginia","Teana Muldrow",11,3,1755,2278,523,14,21,-7,0
"2016-17","9699","West Virginia","Katrina Pardee",22,4,1755,2115,360,10,14,-4,0
"2016-17","9699","Maryland","Sarah Myers",21,2,1776,1800,24,0,0,0,0
"2016-17","9699","Maryland","Destiny Slocum",5,3,1800,1833,33,2,0,2,0
"2016-17","9699","Maryland","Brionna Jones",42,4,1800,1981,181,6,4,2,0
"2016-17","9699","Maryland","Kiah Gillespie",15,2,1833,2218,385,14,14,0,0
"2016-17","9699","Maryland","Sarah Myers",21,3,1833,1879,46,0,0,0,0
"2016-17","9699","Maryland","Destiny Slocum",5,4,1879,2278,399,18,14,4,0
"2016-17","9699","Maryland","Brianna Fraser",34,4,1981,2065,84,5,2,3,0
"2016-17","9699","Maryland","Kaila Charles",3,5,2065,2087,22,0,2,-2,0
"2016-17","9699","Maryland","Blair Watson",22,1,2065,2400,335,9,8,1,0
"2016-17","9699","West Virginia","Kristina King",13,5,2065,2400,335,8,9,-1,0
"2016-17","9699","Maryland","Jenna Staiti",14,1,2087,2187,100,5,4,1,0
"2016-17","9699","West Virginia","Alexis Brewer",2,4,2115,2400,285,4,7,-3,0
"2016-17","9699","Maryland","Brionna Jones",42,5,2187,2278,91,4,2,2,0
"2016-17","9699","Maryland","Kaila Charles",3,6,2218,2346,128,4,0,4,0
"2016-17","9699","Maryland","Ieshia Small",1,3,2278,2400,122,0,0,0,0
"2016-17","9699","Maryland","Jenna Staiti",14,2,2278,2400,122,0,0,0,0
"2016-17","9699","Maryland","Sarah Myers",21,4,2278,2400,122,0,0,0,0
"2016-17","9699","West Virginia","Desiree Rhodes",20,1,2278,2400,122,0,0,0,0
"2016-17","9699","Maryland","Brianna Fraser",34,5,2346,2400,54,0,0,0,0
"2016-17","9699","West Virginia","Bailey Thomas",14,1,2346,2400,54,0,0,0,0
"2016-17","9699","West Virginia","Katrina Pardee",22,5,2346,2400,54,0,0,0,0
"2016-17","9700","Maryland","Kaila Charles",3,1,0,249,249,2,3,-1,1
"2016-17","9700","Maryland","Destiny Slocum",5,1,0,600,600,16,17,-1,1
"2016-17","9700","Maryland","Kristen Confroy",12,1,0,1093,1093,25,31,-6,1
"2016-17","9700","Maryland","S. Walker-Kimbrough",32,1,0,560,560,14,15,-1,1
"2016-17","9700","Maryland","Brionna Jones",42,1,0,696,696,18,19,-1,1
"2016-17","9700","Oregon","Maite CAZORLA",5,1,0,2390,2390,77,63,14,1
"2016-17","9700","Oregon","Lexi BANDO",10,1,0,696,696,19,18,1,1
"2016-17","9700","Oregon","Sabrina IONESCU",20,1,0,600,600,17,16,1,1
"2016-17","9700","Oregon","Ruthy HEBARD",24,1,0,489,489,11,12,-1,1
"2016-17","9700","Oregon","Mallory MCGWIRE",44,1,0,368,368,7,8,-1,1
"2016-17","9700","Maryland","Stephanie Jones",24,1,249,489,240,10,8,2,0
"2016-17","9700","Oregon","Oti GILDON",32,1,368,600,232,10,8,2,0
"2016-17","9700","Maryland","Kaila Charles",3,2,489,819,330,9,13,-4,0
"2016-17","9700","Oregon","Mallory MCGWIRE",44,2,489,992,503,18,13,5,0
"2016-17","9700","Maryland","Ieshia Small",1,1,560,696,136,4,4,0,0
"2016-17","9700","Maryland","S. Walker-Kimbrough",32,2,600,992,392,9,12,-3,0
"2016-17","9700","Oregon","Justine HALL",3,1,600,819,219,7,5,2,0
"2016-17","9700","Oregon","Ruthy HEBARD",24,2,600,600,0,0,0,0,0
"2016-17","9700","Oregon","Oti GILDON",32,2,600,696,96,2,2,0,0
"2016-17","9700","Maryland","Brianna Fraser",34,1,696,819,123,3,5,-2,0
"2016-17","9700","Oregon","Sabrina IONESCU",20,2,696,2390,1694,58,45,13,0
"2016-17","9700","Oregon","Ruthy HEBARD",24,3,696,1078,382,10,7,3,0
"2016-17","9700","Maryland","Stephanie Jones",24,2,819,850,31,0,0,0,0
"2016-17","9700","Maryland","Brionna Jones",42,2,819,2390,1571,42,53,-11,0
"2016-17","9700","Oregon","Lexi BANDO",10,2,819,2390,1571,53,42,11,0
"2016-17","9700","Maryland","Brianna Fraser",34,2,850,1200,350,6,12,-6,0
"2016-17","9700","Maryland","Sarah Myers",21,1,861,992,131,4,5,-1,0
"2016-17","9700","Maryland","Kaila Charles",3,3,992,1120,128,0,4,-4,0
"2016-17","9700","Maryland","Destiny Slocum",5,2,992,2400,1408,38,48,-10,0
"2016-17","9700","Oregon","Oti GILDON",32,3,992,1200,208,7,2,5,0
"2016-17","9700","Oregon","Mallory MCGWIRE",44,3,1078,1120,42,4,0,4,0
"2016-17","9700","Maryland","S. Walker-Kimbrough",32,3,1093,2059,966,30,36,-6,0
"2016-17","9700","Maryland","Kristen Confroy",12,2,1120,2400,1280,38,44,-6,0
"2016-17","9700","Oregon","Jacinta VANDENBERG",15,1,1120,1192,72,3,2,1,0
"2016-17","9700","Oregon","Mallory MCGWIRE",44,4,1192,1199,7,0,0,0,0
"2016-17","9700","Oregon","Ruthy HEBARD",24,4,1199,2059,860,31,28,3,0
"2016-17","9700","Maryland","Kaila Charles",3,4,1200,1325,125,4,4,0,0
"2016-17","9700","Oregon","Mallory MCGWIRE",44,5,1200,1353,153,4,5,-1,0
"2016-17","9700","Maryland","Brianna Fraser",34,3,1325,1440,115,3,0,3,0
"2016-17","9700","Oregon","Oti GILDON",32,4,1353,1800,447,19,15,4,0
"2016-17","9700","Maryland","Stephanie Jones",24,3,1440,1800,360,13,19,-6,0
"2016-17","9700","Maryland","Kaila Charles",3,5,1800,2120,320,10,10,0,0
"2016-17","9700","Oregon","Oti GILDON",32,5,1800,2120,320,10,10,0,0
"2016-17","9700","Oregon","Mallory MCGWIRE",44,6,1800,1800,0,0,0,0,0
"2016-17","9700","Maryland","Brianna Fraser",34,4,2059,2352,293,8,10,-2,0
"2016-17","9700","Oregon","Mallory MCGWIRE",44,7,2059,2156,97,2,4,-2,0
"2016-17","9700","Maryland","S. Walker-Kimbrough",32,4,2120,2390,270,6,8,-2,0
"2016-17","9700","Oregon","Ruthy HEBARD",24,5,2120,2390,270,8,6,2,0
"2016-17","9700","Oregon","Oti GILDON",32,6,2156,2390,234,8,4,4,0
"2016-17","9700","Maryland","Blair Watson",22,1,2352,2400,48,0,0,0,0
"2016-17","9700","Maryland","Jenna Staiti",14,1,2390,2400,10,0,0,0,0
"2016-17","9700","Maryland","Sarah Myers",21,2,2390,2400,10,0,0,0,0
"2016-17","9700","Oregon","Morgan YAEGER",2,1,2390,2400,10,0,0,0,0
"2016-17","9700","Oregon","Justine HALL",3,2,2390,2400,10,0,0,0,0
"2016-17","9700","Oregon","Mar'Shay MOORE",13,1,2390,2400,10,0,0,0,0
"2016-17","9700","Oregon","Lauren YEARWOOD",22,1,2390,2400,10,0,0,0,0
"2016-17","9700","Oregon","Sierra CAMPISANO",52,1,2390,2400,10,0,0,0,0
