team,games,wins,losses,win_pct,total_points,ppg,points_allowed,off_rating,def_rating,net_rating,fg_made,fg_attempted,fg_pct,three_made,three_attempted,three_pt_pct,ft_made,ft_attempted,ft_pct,efg_pct,ts_pct,ft_rate,total_rebounds,rpg,total_assists,apg,ast_to_ratio,total_steals,spg,total_blocks,bpg,total_turnovers,tpg,total_fouls,fpg
Maryland,5,5,0,100.0,424,84.8,340,84.8,68.0,16.799999999999997,151,308,49.02597402597403,39,104,37.5,83,104,79.8076923076923,55.35714285714286,59.92763455450023,0.33766233766233766,215,43.0,91,18.2,1.0,61,12.2,15,3.0,91,18.2,82,16.4
Towson,1,0,0,0.0,70,70.0,0,70.0,0.0,70.0,28,66,42.42424242424242,6,22,27.27272727272727,8,9,88.88888888888889,46.96969696969697,50.02858776443683,0.13636363636363635,24,24.0,10,10.0,0.5555555555555556,10,10.0,6,6.0,18,18.0,15,15.0
Georgetown,1,0,0,0.0,66,66.0,0,66.0,0.0,66.0,19,50,38.0,8,22,36.36363636363637,20,28,71.42857142857143,46.0,52.95250320924262,0.56,27,27.0,8,8.0,0.4444444444444444,6,6.0,2,2.0,18,18.0,24,24.0
Umbc,1,0,0,0.0,54,54.0,0,54.0,0.0,54.0,19,50,38.0,5,13,38.46153846153847,11,11,100.0,43.0,49.23413566739605,0.22,19,19.0,7,7.0,0.3333333333333333,9,9.0,4,4.0,21,21.0,21,21.0
Loyola Maryland,1,0,0,0.0,26,26.0,0,26.0,0.0,26.0,9,45,20.0,4,19,21.052631578947366,4,6,66.66666666666666,24.444444444444443,27.287993282955497,0.13333333333333333,25,25.0,6,6.0,0.20689655172413793,5,5.0,1,1.0,29,29.0,16,16.0
Princeton,1,0,1,0.0,68,68.0,84,68.0,84.0,-16.0,25,60,41.66666666666667,9,22,40.909090909090914,9,14,64.28571428571429,49.166666666666664,51.39056831922613,0.23333333333333334,28,28.0,13,13.0,0.8666666666666667,11,11.0,3,3.0,15,15.0,17,17.0
