"source_id","file_id","team","lineup","num_players","start_seconds","end_seconds","duration","pts_for","pts_against","plus_minus"
"2017-18","9713","Albany","Bose Aiyalogbe|Heather Forster|Jessica Fequiere|Mackenzie Trpcic|Tiana-Jo Carter",5,0,206,206,10,8,2
"2017-18","9713","Maryland","Blair Watson|Kaila Charles|Kristen Confroy|Sarah Myers|Stephanie Jones",5,0,206,206,8,10,-2
"2017-18","9713","Albany","Alexi Schecter|Bose Aiyalogbe|Emma List|Jessica Fequiere|Tiana-Jo Carter",5,206,216,10,0,0,0
"2017-18","9713","Albany","Alexi Schecter|Emma List|Jessica Fequiere|Kyara Frames|Tiana-Jo Carter",5,216,266,50,0,0,0
"2017-18","9713","Maryland","Brianna Fraser|Ieshia Small|Kaila Charles|Kristen Confroy|Sarah Myers",5,206,277,71,0,0,0
"2017-18","9713","Albany","Alexi Schecter|Chyanna Canada|Emma List|Jessica Fequiere|Kyara Frames",5,266,311,45,0,0,0
"2017-18","9713","Maryland","Brianna Fraser|Ieshia Small|Kristen Confroy|Sarah Myers|Stephanie Jones",5,277,311,34,0,0,0
"2017-18","9713","Maryland","Brianna Fraser|Ieshia Small|Kaila Charles|Kristen Confroy|Stephanie Jones",5,311,367,56,0,2,-2
"2017-18","9713","Albany","Alexi Schecter|Cece Mayo|Chyanna Canada|Emma List|Kyara Frames",5,311,438,127,2,4,-2
"2017-18","9713","Maryland","Blair Watson|Brianna Fraser|Kaila Charles|Kristen Confroy|Stephanie Jones",5,367,511,144,6,0,6
"2017-18","9713","Albany","Cece Mayo|Heather Forster|Jessica Fequiere|Mackenzie Trpcic|Tiana-Jo Carter",5,438,545,107,0,2,-2
"2017-18","9713","Maryland","Blair Watson|Channise Lewis|Kaila Charles|Kristen Confroy|Stephanie Jones",5,511,545,34,0,0,0
"2017-18","9713","Maryland","Ieshia Small|Kaila Charles|Kristen Confroy|Sarah Myers|Stephanie Jones",5,545,600,55,0,2,-2
"2017-18","9713","Albany","Bose Aiyalogbe|Chyanna Canada|Jessica Fequiere|Mackenzie Trpcic|Tiana-Jo Carter",5,545,600,55,2,0,2
"2017-18","9713","Albany","Alexi Schecter|Chyanna Canada|Emma List|Jessica Fequiere|Kyara Frames",5,600,676,76,2,3,-1
"2017-18","9713","Maryland","Blair Watson|Kaila Charles|Kristen Confroy|Sarah Myers|Stephanie Jones",5,600,676,76,3,2,1
"2017-18","9713","Albany","Alexi Schecter|Emma List|Heather Forster|Jessica Fequiere|Kyara Frames",5,676,778,102,0,4,-4
"2017-18","9713","Maryland","Blair Watson|Channise Lewis|Kaila Charles|Kristen Confroy|Stephanie Jones",5,676,778,102,4,0,4
"2017-18","9713","Maryland","Blair Watson|Brianna Fraser|Channise Lewis|Kaila Charles|Kristen Confroy",5,778,863,85,2,0,2
"2017-18","9713","Albany","Cece Mayo|Heather Forster|Jessica Fequiere|Mackenzie Trpcic|Tiana-Jo Carter",5,778,876,98,0,4,-4
"2017-18","9713","Maryland","Blair Watson|Brianna Fraser|Channise Lewis|Kristen Confroy|Stephanie Jones",5,863,876,13,2,0,2
"2017-18","9713","Albany","Cece Mayo|Emma List|Heather Forster|Kyara Frames|Tiana-Jo Carter",5,876,911,35,0,1,-1
"2017-18","9713","Albany","Bose Aiyalogbe|Heather Forster|Kyara Frames|Patricia Conroy|Tiana-Jo Carter",5,911,953,42,0,5,-5
"2017-18","9713","Maryland","Blair Watson|Brianna Fraser|Channise Lewis|Ieshia Small|Stephanie Jones",5,876,964,88,6,0,6
"2017-18","9713","Maryland","Brianna Fraser|Channise Lewis|Ieshia Small|Kristen Confroy|Stephanie Jones",5,964,1026,62,4,0,4
"2017-18","9713","Albany","Bose Aiyalogbe|Heather Forster|Kyara Frames|Mackenzie Trpcic|Tiana-Jo Carter",5,953,1041,88,0,4,-4
"2017-18","9713","Albany","Bose Aiyalogbe|Cece Mayo|Kyara Frames|Mackenzie Trpcic|Tiana-Jo Carter",5,1041,1068,27,0,4,-4
"2017-18","9713","Maryland","Brianna Fraser|Channise Lewis|Ieshia Small|Kaila Charles|Kristen Confroy",5,1026,1151,125,9,2,7
"2017-18","9713","Maryland","Brianna Fraser|Channise Lewis|Ieshia Small|Kristen Confroy|Stephanie Jones",5,1151,1200,49,0,0,0
"2017-18","9713","Albany","Alexi Schecter|Bose Aiyalogbe|Cece Mayo|Mackenzie Trpcic|Tiana-Jo Carter",5,1068,1200,132,2,5,-3
"2017-18","9713","Albany","Bose Aiyalogbe|Heather Forster|Jessica Fequiere|Mackenzie Trpcic|Tiana-Jo Carter",5,1200,1252,52,0,3,-3
"2017-18","9713","Albany","Bose Aiyalogbe|Chyanna Canada|Heather Forster|Jessica Fequiere|Mackenzie Trpcic",5,1252,1324,72,3,7,-4
"2017-18","9713","Maryland","Blair Watson|Channise Lewis|Kaila Charles|Kristen Confroy|Stephanie Jones",5,1200,1335,135,10,3,7
"2017-18","9713","Albany","Chyanna Canada|Emma List|Heather Forster|Jessica Fequiere|Mackenzie Trpcic",5,1324,1388,64,5,5,0
"2017-18","9713","Albany","Alexi Schecter|Chyanna Canada|Emma List|Jessica Fequiere|Mackenzie Trpcic",5,1388,1434,46,2,4,-2
"2017-18","9713","Maryland","Blair Watson|Brianna Fraser|Channise Lewis|Kristen Confroy|Stephanie Jones",5,1335,1434,99,9,7,2
"2017-18","9713","Albany","Alexi Schecter|Emma List|Jessica Fequiere|Kyara Frames|Tiana-Jo Carter",5,1434,1510,76,0,3,-3
"2017-18","9713","Maryland","Blair Watson|Brianna Fraser|Channise Lewis|Ieshia Small|Sarah Myers",5,1434,1510,76,3,0,3
"2017-18","9713","Albany","Alexi Schecter|Cece Mayo|Chyanna Canada|Emma List|Kyara Frames",5,1510,1578,68,4,3,1
"2017-18","9713","Maryland","Aja Ellison|Blair Watson|Brianna Fraser|Ieshia Small|Sarah Myers",5,1510,1578,68,3,4,-1
"2017-18","9713","Maryland","Aja Ellison|Brianna Fraser|Ieshia Small|Kaila Charles|Sarah Myers",5,1578,1645,67,0,0,0
"2017-18","9713","Albany","Alexi Schecter|Cece Mayo|Jessica Fequiere|Mackenzie Trpcic|Tiana-Jo Carter",5,1578,1721,143,3,0,3
"2017-18","9713","Albany","Alexi Schecter|Chyanna Canada|Emma List|Jessica Fequiere|Mackenzie Trpcic",5,1721,1763,42,1,3,-2
"2017-18","9713","Maryland","Ieshia Small|Kaila Charles|Kristen Confroy|Sarah Myers|Stephanie Jones",5,1645,1800,155,5,5,0
"2017-18","9713","Albany","Alexi Schecter|Bose Aiyalogbe|Cece Mayo|Chyanna Canada|Kyara Frames",5,1763,1800,37,1,2,-1
"2017-18","9713","Albany","Bose Aiyalogbe|Heather Forster|Jessica Fequiere|Kyara Frames|Tiana-Jo Carter",5,1800,2034,234,11,7,4
"2017-18","9713","Maryland","Brianna Fraser|Channise Lewis|Ieshia Small|Kaila Charles|Stephanie Jones",5,1800,2034,234,7,11,-4
"2017-18","9713","Maryland","Blair Watson|Brianna Fraser|Channise Lewis|Kaila Charles|Sarah Myers",5,2034,2120,86,0,2,-2
"2017-18","9713","Albany","Alexi Schecter|Chyanna Canada|Emma List|Jessica Fequiere|Mackenzie Trpcic",5,2034,2314,280,8,4,4
"2017-18","9713","Maryland","Aja Ellison|Blair Watson|Brianna Fraser|Channise Lewis|Sarah Myers",5,2120,2314,194,4,6,-2
"2017-18","9713","Albany","Bose Aiyalogbe|Cece Mayo|Kumsal Aslan|Kyara Frames|Tiana-Jo Carter",5,2314,2339,25,2,2,0
"2017-18","9713","Maryland","Aja Ellison|Blair Watson|Brianna Fraser|Ieshia Small|Sarah Myers",5,2314,2391,77,4,2,2
"2017-18","9713","Albany","Cece Mayo|Kumsal Aslan|Kyara Frames|Patricia Conroy|Tiana-Jo Carter",5,2339,2396,57,0,4,-4
"2017-18","9713","Maryland","Aja Ellison|Blair Watson|Channise Lewis|Ieshia Small|Sarah Myers",5,2391,2400,9,2,0,2
"2017-18","9713","Albany","Alexi Schecter|Emma List|Kumsal Aslan|Kyara Frames|Patricia Conroy",5,2396,2400,4,0,0,0
"2017-18","9714","Maryland","Blair Watson|Channise Lewis|Kaila Charles|Kristen Confroy|Stephanie Jones",5,0,65,65,3,3,0
"2017-18","9714","Maryland","Blair Watson|Brianna Fraser|Channise Lewis|Kristen Confroy|Stephanie Jones",5,65,254,189,2,10,-8
"2017-18","9714","Maryland","Blair Watson|Brianna Fraser|Channise Lewis|Ieshia Small|Stephanie Jones",5,254,389,135,2,8,-6
"2017-18","9714","South Carolina","A'ja WILSON|Alexis JENNINGS|Doniyah CLINEY|Lindsey SPANN|Tyasha HARRIS",5,0,390,390,21,7,14
"2017-18","9714","Maryland","Brianna Fraser|Ieshia Small|Kristen Confroy|Sarah Myers|Stephanie Jones",5,389,465,76,2,2,0
"2017-18","9714","South Carolina","A'ja WILSON|Bianca JACKSON|Doniyah CLINEY|M. HERBERT HARRIGAN|Tyasha HARRIS",5,390,577,187,6,6,0
"2017-18","9714","Maryland","Brianna Fraser|Ieshia Small|Kaila Charles|Kristen Confroy|Sarah Myers",5,465,577,112,4,4,0
"2017-18","9714","Maryland","Brianna Fraser|Ieshia Small|Kristen Confroy|Sarah Myers|Stephanie Jones",5,577,600,23,0,2,-2
"2017-18","9714","South Carolina","A'ja WILSON|Bianca JACKSON|Lindsey SPANN|M. HERBERT HARRIGAN|Victoria PATRICK",5,577,600,23,2,0,2
"2017-18","9714","Maryland","Blair Watson|Brianna Fraser|Ieshia Small|Sarah Myers|Stephanie Jones",5,600,676,76,1,3,-2
"2017-18","9714","South Carolina","Bianca JACKSON|LeLe GRISSETT|Lindsey SPANN|M. HERBERT HARRIGAN|Tyasha HARRIS",5,600,707,107,3,1,2
"2017-18","9714","South Carolina","Bianca JACKSON|Doniyah CLINEY|LeLe GRISSETT|Lindsey SPANN|M. HERBERT HARRIGAN",5,707,716,9,0,2,-2
"2017-18","9714","South Carolina","A'ja WILSON|Alexis JENNINGS|Bianca JACKSON|Doniyah CLINEY|Lindsey SPANN",5,716,742,26,2,3,-1
"2017-18","9714","Maryland","Blair Watson|Ieshia Small|Kristen Confroy|Sarah Myers|Stephanie Jones",5,676,742,66,5,2,3
"2017-18","9714","Maryland","Blair Watson|Brianna Fraser|Ieshia Small|Kristen Confroy|Sarah Myers",5,742,792,50,2,0,2
"2017-18","9714","South Carolina","A'ja WILSON|Alexis JENNINGS|Doniyah CLINEY|Lindsey SPANN|Tyasha HARRIS",5,742,944,202,6,11,-5
"2017-18","9714","Maryland","Blair Watson|Brianna Fraser|Kristen Confroy|Sarah Myers|Stephanie Jones",5,792,944,152,9,6,3
"2017-18","9714","South Carolina","A'ja WILSON|Alexis JENNINGS|Bianca JACKSON|Doniyah CLINEY|Tyasha HARRIS",5,944,1062,118,4,2,2
"2017-18","9714","Maryland","Blair Watson|Kaila Charles|Kristen Confroy|Sarah Myers|Stephanie Jones",5,944,1200,256,6,11,-5
"2017-18","9714","South Carolina","A'ja WILSON|Alexis JENNINGS|Bianca JACKSON|Tyasha HARRIS|Victoria PATRICK",5,1062,1200,138,7,4,3
"2017-18","9714","Maryland","Blair Watson|Brianna Fraser|Kristen Confroy|Sarah Myers|Stephanie Jones",5,1200,1281,81,0,2,-2
"2017-18","9714","Maryland","Blair Watson|Brianna Fraser|Kaila Charles|Kristen Confroy|Sarah Myers",5,1281,1306,25,0,2,-2
"2017-18","9714","South Carolina","A'ja WILSON|Alexis JENNINGS|Doniyah CLINEY|Lindsey SPANN|Tyasha HARRIS",5,1200,1467,267,8,5,3
"2017-18","9714","Maryland","Blair Watson|Brianna Fraser|Ieshia Small|Kristen Confroy|Sarah Myers",5,1306,1467,161,5,4,1
"2017-18","9714","Maryland","Ieshia Small|Kaila Charles|Kristen Confroy|Sarah Myers|Stephanie Jones",5,1467,1509,42,0,0,0
"2017-18","9714","South Carolina","A'ja WILSON|Doniyah CLINEY|Lindsey SPANN|M. HERBERT HARRIGAN|Tyasha HARRIS",5,1467,1665,198,12,4,8
"2017-18","9714","Maryland","Brianna Fraser|Ieshia Small|Kaila Charles|Kristen Confroy|Sarah Myers",5,1509,1665,156,4,12,-8
"2017-18","9714","Maryland","Blair Watson|Channise Lewis|Ieshia Small|Kaila Charles|Stephanie Jones",5,1665,1800,135,9,2,7
"2017-18","9714","South Carolina","Bianca JACKSON|Doniyah CLINEY|LeLe GRISSETT|Lindsey SPANN|M. HERBERT HARRIGAN",5,1665,1800,135,2,9,-7
"2017-18","9714","South Carolina","A'ja WILSON|Bianca JACKSON|Lindsey SPANN|M. HERBERT HARRIGAN|Tyasha HARRIS",5,1800,1854,54,2,2,0
"2017-18","9714","Maryland","Blair Watson|Channise Lewis|Ieshia Small|Kaila Charles|Stephanie Jones",5,1800,1854,54,2,2,0
"2017-18","9714","South Carolina","A'ja WILSON|Bianca JACKSON|LeLe GRISSETT|Lindsey SPANN|Tyasha HARRIS",5,1854,1930,76,3,2,1
"2017-18","9714","South Carolina","A'ja WILSON|Alexis JENNINGS|Bianca JACKSON|Lindsey SPANN|Tyasha HARRIS",5,1930,2056,126,2,6,-4
"2017-18","9714","Maryland","Blair Watson|Brianna Fraser|Channise Lewis|Ieshia Small|Kaila Charles",5,1854,2080,226,8,6,2
"2017-18","9714","Maryland","Blair Watson|Channise Lewis|Ieshia Small|Kaila Charles|Stephanie Jones",5,2080,2146,66,4,2,2
"2017-18","9714","Maryland","Blair Watson|Brianna Fraser|Channise Lewis|Ieshia Small|Kaila Charles",5,2146,2218,72,5,0,5
"2017-18","9714","Maryland","Blair Watson|Brianna Fraser|Channise Lewis|Kaila Charles|Kristen Confroy",5,2218,2298,80,5,3,2
"2017-18","9714","Maryland","Blair Watson|Channise Lewis|Kaila Charles|Kristen Confroy|Stephanie Jones",5,2298,2314,16,2,0,2
"2017-18","9714","South Carolina","A'ja WILSON|Alexis JENNINGS|Doniyah CLINEY|Lindsey SPANN|Tyasha HARRIS",5,2056,2352,296,7,18,-11
"2017-18","9714","Maryland","Blair Watson|Channise Lewis|Kaila Charles|Kristen Confroy|Sarah Myers",5,2314,2400,86,6,8,-2
"2017-18","9714","South Carolina","A'ja WILSON|Alexis JENNINGS|Doniyah CLINEY|Lindsey SPANN|M. HERBERT HARRIGAN|Tyasha HARRIS",6,2352,2400,48,7,4,3
"2017-18","9715","Maryland","Blair Watson|Channise Lewis|Kaila Charles|Kristen Confroy|Stephanie Jones",5,0,79,79,4,4,0
"2017-18","9715","Maryland","Blair Watson|Kaila Charles|Kristen Confroy|Sarah Myers|Stephanie Jones",5,79,165,86,0,2,-2
"2017-18","9715","Niagara","Jamie Sherburne|Kaylee Stroemple|Kharysma Bryant|Maggie McIntyre|Victoria Rampado",5,0,255,255,9,10,-1
"2017-18","9715","Maryland","Blair Watson|Brianna Fraser|Kristen Confroy|Sarah Myers|Stephanie Jones",5,165,255,90,6,3,3
"2017-18","9715","Niagara","Diona Johnson|Jai Moore|Kaylee Stroemple|Maggie McIntyre|Victoria Rampado",5,255,277,22,3,3,0
"2017-18","9715","Maryland","Blair Watson|Brianna Fraser|Ieshia Small|Kristen Confroy|Sarah Myers",5,255,277,22,3,3,0
"2017-18","9715","Maryland","Brianna Fraser|Ieshia Small|Kaila Charles|Kristen Confroy|Sarah Myers",5,277,308,31,0,2,-2
"2017-18","9715","Niagara","Adila Gathers|Diona Johnson|Jai Moore|Maggie McIntyre|Victoria Rampado",5,277,400,123,2,4,-2
"2017-18","9715","Maryland","Brianna Fraser|Ieshia Small|Kristen Confroy|Sarah Myers|Stephanie Jones",5,308,400,92,4,0,4
"2017-18","9715","Niagara","Adila Gathers|Diona Johnson|Jai Moore|Jamie Sherburne|Victoria Rampado",5,400,481,81,0,4,-4
"2017-18","9715","Maryland","Brianna Fraser|Ieshia Small|Kaila Charles|Kristen Confroy|Stephanie Jones",5,400,481,81,4,0,4
"2017-18","9715","Niagara","Diona Johnson|Jai Moore|Jamie Sherburne|Kaylee Stroemple|Victoria Rampado",5,481,510,29,0,0,0
"2017-18","9715","Maryland","Blair Watson|Channise Lewis|Ieshia Small|Kaila Charles|Stephanie Jones",5,481,534,53,0,2,-2
"2017-18","9715","Maryland","Blair Watson|Channise Lewis|Ieshia Small|Kaila Charles|Sarah Myers",5,534,535,1,0,0,0
"2017-18","9715","Niagara","Dagny Davidsdottir|Diona Johnson|Jai Moore|Jamie Sherburne|Kaylee Stroemple",5,510,577,67,3,2,1
"2017-18","9715","Maryland","Blair Watson|Brianna Fraser|Ieshia Small|Kaila Charles|Sarah Myers",5,535,577,42,2,1,1
"2017-18","9715","Maryland","Brianna Fraser|Ieshia Small|Kaila Charles|Kristen Confroy|Sarah Myers",5,577,600,23,2,0,2
"2017-18","9715","Niagara","Adila Gathers|Jai Moore|Jamie Sherburne|Kaylee Stroemple|Kharysma Bryant",5,577,600,23,0,2,-2
"2017-18","9715","Maryland","Brianna Fraser|Ieshia Small|Kaila Charles|Kristen Confroy|Sarah Myers",5,600,740,140,4,6,-2
"2017-18","9715","Niagara","Jai Moore|Jamie Sherburne|Kaylee Stroemple|Kharysma Bryant|Victoria Rampado",5,600,799,199,6,6,0
"2017-18","9715","Niagara","Diona Johnson|Jamie Sherburne|Kaylee Stroemple|Maggie McIntyre|Victoria Rampado",5,799,823,24,0,0,0
"2017-18","9715","Maryland","Ieshia Small|Kaila Charles|Kristen Confroy|Sarah Myers|Stephanie Jones",5,740,880,140,4,1,3
"2017-18","9715","Niagara","Adila Gathers|Diona Johnson|Jamie Sherburne|Kaylee Stroemple|Maggie McIntyre",5,823,945,122,1,4,-3
"2017-18","9715","Maryland","Blair Watson|Ieshia Small|Kaila Charles|Sarah Myers|Stephanie Jones",5,880,945,65,2,0,2
"2017-18","9715","Niagara","Adila Gathers|Diona Johnson|Jai Moore|Maggie McIntyre|Victoria Rampado",5,945,1031,86,2,5,-3
"2017-18","9715","Maryland","Blair Watson|Brianna Fraser|Ieshia Small|Sarah Myers|Stephanie Jones",5,945,1031,86,5,2,3
"2017-18","9715","Niagara","Adila Gathers|Jai Moore|Kharysma Bryant|Maggie McIntyre|Victoria Rampado",5,1031,1083,52,5,0,5
"2017-18","9715","Maryland","Blair Watson|Brianna Fraser|Channise Lewis|Kristen Confroy|Stephanie Jones",5,1031,1083,52,0,5,-5
"2017-18","9715","Niagara","Adila Gathers|Jai Moore|Jamie Sherburne|Kharysma Bryant|Victoria Rampado",5,1083,1112,29,3,0,3
"2017-18","9715","Maryland","Blair Watson|Brianna Fraser|Channise Lewis|Ieshia Small|Kristen Confroy",5,1083,1112,29,0,3,-3
"2017-18","9715","Maryland","Blair Watson|Brianna Fraser|Channise Lewis|Ieshia Small|Sarah Myers",5,1112,1200,88,2,2,0
"2017-18","9715","Niagara","Adila Gathers|Jamie Sherburne|Kaylee Stroemple|Kharysma Bryant|Victoria Rampado",5,1112,1200,88,2,2,0
"2017-18","9715","Niagara","Jamie Sherburne|Kaylee Stroemple|Kharysma Bryant|Maggie McIntyre|Victoria Rampado",5,1200,1429,229,7,11,-4
"2017-18","9715","Maryland","Blair Watson|Ieshia Small|Kaila Charles|Kristen Confroy|Sarah Myers",5,1200,1475,275,13,7,6
"2017-18","9715","Niagara","Jai Moore|Jamie Sherburne|Kaylee Stroemple|Maggie McIntyre|Victoria Rampado",5,1429,1581,152,3,8,-5
"2017-18","9715","Niagara","Adila Gathers|Diona Johnson|Jamie Sherburne|Maggie McIntyre|Victoria Rampado",5,1581,1619,38,0,0,0
"2017-18","9715","Maryland","Blair Watson|Ieshia Small|Kristen Confroy|Sarah Myers|Stephanie Jones",5,1475,1670,195,8,3,5
"2017-18","9715","Maryland","Blair Watson|Brianna Fraser|Ieshia Small|Sarah Myers|Stephanie Jones",5,1670,1681,11,0,2,-2
"2017-18","9715","Niagara","Adila Gathers|Diona Johnson|Jamie Sherburne|Kaylee Stroemple|Maggie McIntyre",5,1619,1702,83,2,2,0
"2017-18","9715","Maryland","Blair Watson|Brianna Fraser|Kaila Charles|Sarah Myers|Stephanie Jones",5,1681,1791,110,2,0,2
"2017-18","9715","Maryland","Blair Watson|Brianna Fraser|Ieshia Small|Sarah Myers|Stephanie Jones",5,1791,1800,9,0,0,0
"2017-18","9715","Niagara","Adila Gathers|Diona Johnson|Jamie Sherburne|Kaylee Stroemple|Kharysma Bryant",5,1702,1800,98,0,2,-2
"2017-18","9715","Niagara","Diona Johnson|Kaylee Stroemple|Kharysma Bryant|Maggie McIntyre|Victoria Rampado",5,1800,1900,100,2,4,-2
"2017-18","9715","Maryland","Blair Watson|Brianna Fraser|Ieshia Small|Sarah Myers|Stephanie Jones",5,1800,1946,146,4,5,-1
"2017-18","9715","Maryland","Blair Watson|Brianna Fraser|Channise Lewis|Ieshia Small|Stephanie Jones",5,1946,1976,30,2,0,2
"2017-18","9715","Niagara","Jamie Sherburne|Kaylee Stroemple|Kharysma Bryant|Maggie McIntyre|Victoria Rampado",5,1900,1989,89,3,4,-1
"2017-18","9715","Maryland","Blair Watson|Channise Lewis|Ieshia Small|Kaila Charles|Stephanie Jones",5,1976,1997,21,2,0,2
"2017-18","9715","Niagara","Adila Gathers|Jamie Sherburne|Kaylee Stroemple|Maggie McIntyre|Victoria Rampado",5,1989,2104,115,3,5,-2
"2017-18","9715","Niagara","Adila Gathers|Dagny Davidsdottir|Jamie Sherburne|Kaylee Stroemple|Maggie McIntyre",5,2104,2148,44,2,4,-2
"2017-18","9715","Niagara","Adila Gathers|Diona Johnson|Emerald Ekpiteta|Jamie Sherburne|Kaylee Stroemple",5,2148,2188,40,0,4,-4
"2017-18","9715","Maryland","Blair Watson|Brianna Fraser|Channise Lewis|Ieshia Small|Stephanie Jones",5,1997,2188,191,13,5,8
"2017-18","9715","Niagara","Dagny Davidsdottir|Diona Johnson|Emerald Ekpiteta|Jai Moore|Jamie Sherburne",5,2188,2213,25,3,1,2
"2017-18","9715","Niagara","Claire Wanzer|Dagny Davidsdottir|Diona Johnson|Emerald Ekpiteta|Jai Moore",5,2213,2263,50,0,2,-2
"2017-18","9715","Maryland","Brianna Fraser|Channise Lewis|Kristen Confroy|Sarah Myers|Stephanie Jones",5,2188,2400,212,6,7,-1
"2017-18","9715","Niagara","Adila Gathers|Claire Wanzer|Diona Johnson|Emerald Ekpiteta|Jai Moore",5,2263,2400,137,4,3,1
"2017-18","9716","Maryland","Aja Ellison|Blair Watson|Channise Lewis|Eleanna Christinaki|Ieshia Small|Kaila Charles|Kristen Confroy|Sarah Myers|Stephanie Jones",9,0,94,94,5,7,-2
"2017-18","9716","Maryland","Aja Ellison|Blair Watson|Channise Lewis|Eleanna Christinaki|Ieshia Small|Kaila Charles|Sarah Myers|Stephanie Jones",8,94,123,29,0,0,0
"2017-18","9716","Maryland","Aja Ellison|Blair Watson|Brianna Fraser|Channise Lewis|Eleanna Christinaki|Ieshia Small|Kaila Charles|Sarah Myers",8,123,162,39,2,0,2
"2017-18","9716","Maryland","Aja Ellison|Brianna Fraser|Channise Lewis|Eleanna Christinaki|Ieshia Small|Kaila Charles|Kristen Confroy|Sarah Myers",8,162,216,54,0,2,-2
"2017-18","9716","Maryland","Aja Ellison|Channise Lewis|Eleanna Christinaki|Ieshia Small|Kaila Charles|Kristen Confroy|Sarah Myers|Stephanie Jones",8,216,322,106,0,7,-7
"2017-18","9716","Maryland","Aja Ellison|Brianna Fraser|Channise Lewis|Eleanna Christinaki|Ieshia Small|Kaila Charles|Kristen Confroy|Sarah Myers",8,322,372,50,2,2,0
"2017-18","9716","Maryland","Aja Ellison|Brianna Fraser|Channise Lewis|Eleanna Christinaki|Ieshia Small|Kaila Charles|Kristen Confroy",7,372,434,62,0,2,-2
"2017-18","9716","Maryland","Aja Ellison|Brianna Fraser|Eleanna Christinaki|Ieshia Small|Kaila Charles|Kristen Confroy|Sarah Myers",7,434,477,43,0,4,-4
"2017-18","9716","UConn","And ESPINOZA-HUNTER|Azura STEVENS|Crystal DANGERFIELD|Gabby WILLIAMS|Kia NURSE|Megan WALKER|Mikayla COOMBS|Molly BENT|Napheesa COLLIER",9,0,600,600,32,11,21
"2017-18","9716","Maryland","Aja Ellison|Blair Watson|Eleanna Christinaki|Ieshia Small|Kaila Charles|Sarah Myers|Stephanie Jones",7,477,600,123,2,8,-6
"2017-18","9716","UConn","Azura STEVENS|Crystal DANGERFIELD|Gabby WILLIAMS|Kia NURSE|Napheesa COLLIER",5,600,718,118,2,4,-2
"2017-18","9716","Maryland","Blair Watson|Brianna Fraser|Kaila Charles|Kristen Confroy|Sarah Myers",5,600,807,207,6,5,1
"2017-18","9716","UConn","Crystal DANGERFIELD|Gabby WILLIAMS|Kia NURSE|Megan WALKER|Napheesa COLLIER",5,718,807,89,3,2,1
"2017-18","9716","Maryland","Blair Watson|Kaila Charles|Kristen Confroy|Sarah Myers|Stephanie Jones",5,807,815,8,0,0,0
"2017-18","9716","Maryland","Blair Watson|Ieshia Small|Kaila Charles|Sarah Myers|Stephanie Jones",5,815,921,106,2,2,0
"2017-18","9716","UConn","Azura STEVENS|Crystal DANGERFIELD|Kia NURSE|Megan WALKER|Napheesa COLLIER",5,807,921,114,2,2,0
"2017-18","9716","Maryland","Blair Watson|Brianna Fraser|Ieshia Small|Kaila Charles|Sarah Myers",5,921,967,46,0,2,-2
"2017-18","9716","UConn","Azura STEVENS|Crystal DANGERFIELD|Gabby WILLIAMS|Kia NURSE|Megan WALKER",5,921,1009,88,5,0,5
"2017-18","9716","UConn","Azura STEVENS|Gabby WILLIAMS|Kia NURSE|Megan WALKER|Napheesa COLLIER",5,1009,1131,122,2,2,0
"2017-18","9716","Maryland","Brianna Fraser|Ieshia Small|Kaila Charles|Kristen Confroy|Sarah Myers",5,967,1200,233,2,5,-3
"2017-18","9716","Maryland","Blair Watson|Brianna Fraser|Ieshia Small|Kaila Charles|Sarah Myers",5,1200,1273,73,2,5,-3
"2017-18","9716","Maryland","Brianna Fraser|Ieshia Small|Kaila Charles|Sarah Myers|Stephanie Jones",5,1273,1297,24,0,1,-1
"2017-18","9716","Maryland","Channise Lewis|Ieshia Small|Kaila Charles|Kristen Confroy|Stephanie Jones",5,1297,1376,79,0,5,-5
"2017-18","9716","Maryland","Blair Watson|Channise Lewis|Kaila Charles|Kristen Confroy|Stephanie Jones",5,1376,1487,111,5,2,3
"2017-18","9716","UConn","Azura STEVENS|Crystal DANGERFIELD|Gabby WILLIAMS|Kia NURSE|Napheesa COLLIER",5,1131,1487,356,13,7,6
"2017-18","9716","UConn","Crystal DANGERFIELD|Gabby WILLIAMS|Kia NURSE|Megan WALKER|Napheesa COLLIER",5,1487,1582,95,4,4,0
"2017-18","9716","UConn","And ESPINOZA-HUNTER|Crystal DANGERFIELD|Gabby WILLIAMS|Kia NURSE|Napheesa COLLIER",5,1582,1636,54,2,2,0
"2017-18","9716","Maryland","Blair Watson|Brianna Fraser|Channise Lewis|Kaila Charles|Kristen Confroy",5,1487,1677,190,8,8,0
"2017-18","9716","UConn","And ESPINOZA-HUNTER|Azura STEVENS|Gabby WILLIAMS|Kia NURSE|Napheesa COLLIER",5,1636,1677,41,2,2,0
"2017-18","9716","UConn","And ESPINOZA-HUNTER|Gabby WILLIAMS|Kia NURSE|Megan WALKER|Napheesa COLLIER",5,1677,1797,120,8,2,6
"2017-18","9716","UConn","And ESPINOZA-HUNTER|Gabby WILLIAMS|Megan WALKER|Molly BENT|Napheesa COLLIER",5,1797,1800,3,0,3,-3
"2017-18","9716","Maryland","Blair Watson|Channise Lewis|Ieshia Small|Kaila Charles|Stephanie Jones",5,1677,1800,123,5,8,-3
"2017-18","9716","UConn","And ESPINOZA-HUNTER|Gabby WILLIAMS|Megan WALKER|Molly BENT|Napheesa COLLIER",5,1800,1944,144,7,7,0
"2017-18","9716","UConn","And ESPINOZA-HUNTER|Kyla IRWIN|Megan WALKER|Molly BENT|Napheesa COLLIER",5,1944,1992,48,2,2,0
"2017-18","9716","Maryland","Blair Watson|Brianna Fraser|Channise Lewis|Ieshia Small|Kaila Charles",5,1800,2066,266,13,12,1
"2017-18","9716","UConn","And ESPINOZA-HUNTER|Azura STEVENS|Kyla IRWIN|Megan WALKER|Molly BENT",5,1992,2125,133,3,8,-5
"2017-18","9716","UConn","And ESPINOZA-HUNTER|Azura STEVENS|Kyla IRWIN|Megan WALKER|Mikayla COOMBS",5,2125,2289,164,7,8,-1
"2017-18","9716","UConn","Alexis GORDON|And ESPINOZA-HUNTER|Kyla IRWIN|Megan WALKER|Mikayla COOMBS",5,2289,2362,73,3,4,-1
"2017-18","9716","UConn","Alexis GORDON|And ESPINOZA-HUNTER|Kyla IRWIN|Megan WALKER|Molly BENT",5,2362,2400,38,0,2,-2
"2017-18","9716","Maryland","Blair Watson|Channise Lewis|Ieshia Small|Kaila Charles|Stephanie Jones",5,2066,2400,334,18,10,8
"2017-18","9717","Maryland","Blair Watson|Channise Lewis|Kaila Charles|Kristen Confroy|Stephanie Jones",5,0,133,133,7,2,5
"2017-18","9717","Howard","Asia MCCANTS|Curstyn MOORE|Jayla MYLES|Tajzhane DOPSON|Tariah JOHNSON",5,0,179,179,4,10,-6
"2017-18","9717","Maryland","Channise Lewis|Ieshia Small|Kaila Charles|Kristen Confroy|Stephanie Jones",5,133,179,46,3,2,1
"2017-18","9717","Howard","Asia MCCANTS|Curstyn MOORE|S FITZGERALD-GREER|Tajzhane DOPSON|Tariah JOHNSON",5,179,289,110,0,6,-6
"2017-18","9717","Maryland","Brianna Fraser|Channise Lewis|Ieshia Small|Kaila Charles|Kristen Confroy",5,179,289,110,6,0,6
"2017-18","9717","Howard","Asia MCCANTS|Imani BRYANT|S FITZGERALD-GREER|Tariah JOHNSON",4,289,392,103,2,3,-1
"2017-18","9717","Maryland","Blair Watson|Brianna Fraser|Kristen Confroy|Sarah Myers|Stephanie Jones",5,289,392,103,3,2,1
"2017-18","9717","Howard","Asia MCCANTS|Curstyn MOORE|Jayla MYLES|Tariah JOHNSON",4,392,420,28,0,5,-5
"2017-18","9717","Howard","Asia MCCANTS|Curstyn MOORE|Jayla MYLES|Tajzhane DOPSON|Tariah JOHNSON",5,420,466,46,0,2,-2
"2017-18","9717","Maryland","Blair Watson|Brianna Fraser|Channise Lewis|Kaila Charles|Stephanie Jones",5,392,531,139,9,0,9
"2017-18","9717","Maryland","Blair Watson|Channise Lewis|Ieshia Small|Kaila Charles|Stephanie Jones",5,531,600,69,5,0,5
"2017-18","9717","Howard","Asia MCCANTS|Ayonna WILLIAMS|Curstyn MOORE|Jayla MYLES|Tajzhane DOPSON",5,466,600,134,0,7,-7
"2017-18","9717","Howard","Asia MCCANTS|Ayonna WILLIAMS|Curstyn MOORE|Jayla MYLES|Tajzhane DOPSON",5,600,693,93,4,2,2
"2017-18","9717","Maryland","Blair Watson|Brianna Fraser|Channise Lewis|Ieshia Small|Kaila Charles",5,600,693,93,2,4,-2
"2017-18","9717","Howard","Aminata JOHNSON|Asia MCCANTS|Ayonna WILLIAMS|Curstyn MOORE|Tajzhane DOPSON",5,693,743,50,2,5,-3
"2017-18","9717","Howard","Ayonna WILLIAMS|Curstyn MOORE|Imani BRYANT|Tajzhane DOPSON|Tariah JOHNSON",5,743,817,74,1,5,-4
"2017-18","9717","Maryland","Brianna Fraser|Channise Lewis|Ieshia Small|Kaila Charles|Kristen Confroy",5,693,817,124,10,3,7
"2017-18","9717","Howard","Ayonna WILLIAMS|Curstyn MOORE|Imani BRYANT|Sarah EDMOND|Tariah JOHNSON",5,817,889,72,0,5,-5
"2017-18","9717","Maryland","Blair Watson|Channise Lewis|Kaila Charles|Kristen Confroy|Stephanie Jones",5,817,889,72,5,0,5
"2017-18","9717","Howard","Ayonna WILLIAMS|Danielle GRIFFIN|Imani BRYANT|Sarah EDMOND|Tariah JOHNSON",5,889,1015,126,2,3,-1
"2017-18","9717","Maryland","Aja Ellison|Blair Watson|Channise Lewis|Sarah Myers|Stephanie Jones",5,889,1015,126,3,2,1
"2017-18","9717","Maryland","Aja Ellison|Blair Watson|Ieshia Small|Sarah Myers|Stephanie Jones",5,1015,1041,26,0,2,-2
"2017-18","9717","Maryland","Aja Ellison|Blair Watson|Brianna Fraser|Ieshia Small|Sarah Myers",5,1041,1100,59,0,2,-2
"2017-18","9717","Howard","Asia MCCANTS|Danielle GRIFFIN|Imani BRYANT|Sarah EDMOND|Tajzhane DOPSON",5,1015,1117,102,4,1,3
"2017-18","9717","Maryland","Blair Watson|Brianna Fraser|Channise Lewis|Ieshia Small|Kaila Charles",5,1100,1200,100,3,0,3
"2017-18","9717","Howard","Asia MCCANTS|Danielle GRIFFIN|Jayla MYLES|Sarah EDMOND|Tajzhane DOPSON",5,1117,1200,83,0,2,-2
"2017-18","9717","Howard","Curstyn MOORE|Jayla MYLES|Sarah EDMOND|Tajzhane DOPSON|Tariah JOHNSON",5,1200,1388,188,2,16,-14
"2017-18","9717","Maryland","Blair Watson|Channise Lewis|Kaila Charles|Kristen Confroy|Stephanie Jones",5,1200,1388,188,16,2,14
"2017-18","9717","Howard","Asia MCCANTS|Danielle GRIFFIN|Imani BRYANT|Sarah EDMOND|Tariah JOHNSON",5,1388,1479,91,8,6,2
"2017-18","9717","Maryland","Blair Watson|Brianna Fraser|Kaila Charles|Kristen Confroy|Sarah Myers",5,1388,1479,91,6,8,-2
"2017-18","9717","Howard","Asia MCCANTS|Ayonna WILLIAMS|Danielle GRIFFIN|Imani BRYANT|Sarah EDMOND",5,1479,1643,164,3,7,-4
"2017-18","9717","Maryland","Brianna Fraser|Ieshia Small|Kristen Confroy|Sarah Myers|Stephanie Jones",5,1479,1658,179,7,3,4
"2017-18","9717","Maryland","Aja Ellison|Brianna Fraser|Ieshia Small|Kristen Confroy|Sarah Myers",5,1658,1717,59,2,0,2
"2017-18","9717","Maryland","Aja Ellison|Brianna Fraser|Ieshia Small|Kaila Charles|Sarah Myers",5,1717,1800,83,4,4,0
"2017-18","9717","Howard","Ayonna WILLIAMS|Curstyn MOORE|Jayla MYLES|Kelsie JACOBS|Sarah EDMOND",5,1643,1800,157,4,6,-2
"2017-18","9717","Howard","Ayonna WILLIAMS|Curstyn MOORE|Jayla MYLES|Kelsie JACOBS|Sarah EDMOND",5,1800,1924,124,4,6,-2
"2017-18","9717","Maryland","Brianna Fraser|Ieshia Small|Kaila Charles|Kristen Confroy|Sarah Myers",5,1800,1924,124,6,4,2
"2017-18","9717","Howard","Ayonna WILLIAMS|Curstyn MOORE|Jayla MYLES|Sarah EDMOND|Tariah JOHNSON",5,1924,2000,76,0,2,-2
"2017-18","9717","Maryland","Brianna Fraser|Ieshia Small|Kristen Confroy|Sarah Myers|Stephanie Jones",5,1924,2017,93,2,2,0
"2017-18","9717","Maryland","Aja Ellison|Brianna Fraser|Ieshia Small|Kristen Confroy|Sarah Myers",5,2017,2078,61,3,0,3
"2017-18","9717","Howard","Ayonna WILLIAMS|Imani BRYANT|S FITZGERALD-GREER|Sarah EDMOND|Tariah JOHNSON",5,2000,2082,82,2,3,-1
"2017-18","9717","Howard","Ayonna WILLIAMS|Imani BRYANT|S FITZGERALD-GREER|Sarah EDMOND|Tajzhane DOPSON",5,2082,2182,100,0,5,-5
"2017-18","9717","Howard","Asia MCCANTS|Ayonna WILLIAMS|Imani BRYANT|S FITZGERALD-GREER|Sarah EDMOND",5,2182,2189,7,0,2,-2
"2017-18","9717","Maryland","Aja Ellison|Brianna Fraser|Channise Lewis|Ieshia Small|Sarah Myers",5,2078,2357,279,9,7,2
"2017-18","9717","Maryland","Aja Ellison|Brianna Fraser|Channise Lewis|Kristen Confroy|Sarah Myers",5,2357,2400,43,0,0,0
"2017-18","9717","Howard","Aminata JOHNSON|Asia MCCANTS|Ayonna WILLIAMS|Imani BRYANT|Sarah EDMOND",5,2189,2400,211,7,2,5
"2017-18","9718","Maryland","Aja Ellison|Blair Watson|Channise Lewis|Kaila Charles|Kristen Confroy|Stephanie Jones",6,0,45,45,2,0,2
"2017-18","9718","Maryland","Aja Ellison|Channise Lewis|Ieshia Small|Kaila Charles|Kristen Confroy|Stephanie Jones",6,45,214,169,5,2,3
"2017-18","9718","Kennesaw State","CARLOTTA GIANOLLA|CAROLINE DAN|CLARA YOUNG|ICEIS WALKER|KAMIYAH STREET",5,0,214,214,2,7,-5
"2017-18","9718","Kennesaw State","ALEXIS POOLE|CARLOTTA GIANOLLA|CLARA YOUNG|ICEIS WALKER|KAMIYAH STREET",5,214,241,27,0,0,0
"2017-18","9718","Maryland","Aja Ellison|Brianna Fraser|Channise Lewis|Ieshia Small|Kaila Charles|Kristen Confroy",6,214,250,36,0,0,0
"2017-18","9718","Kennesaw State","ALEXIS POOLE|CLARA YOUNG|ICEIS WALKER|KAMIYAH STREET|LEXI MANN",5,241,325,84,0,0,0
"2017-18","9718","Maryland","Aja Ellison|Brianna Fraser|Channise Lewis|Ieshia Small|Kristen Confroy|Stephanie Jones",6,250,375,125,0,0,0
"2017-18","9718","Maryland","Aja Ellison|Brianna Fraser|Channise Lewis|Ieshia Small|Sarah Myers|Stephanie Jones",6,375,507,132,10,0,10
"2017-18","9718","Maryland","Aja Ellison|Blair Watson|Brianna Fraser|Ieshia Small|Sarah Myers|Stephanie Jones",6,507,544,37,2,3,-1
"2017-18","9718","Kennesaw State","ALEXIS POOLE|CARLOTTA GIANOLLA|CLARA YOUNG|ICEIS WALKER|KAMIYAH STREET",5,325,561,236,3,12,-9
"2017-18","9718","Kennesaw State","ALEXIS POOLE|BREANNA HOOVER|CARLOTTA GIANOLLA|JANAE OMUSI|KAMIYAH STREET",5,561,600,39,3,3,0
"2017-18","9718","Maryland","Aja Ellison|Blair Watson|Brianna Fraser|Channise Lewis|Sarah Myers|Stephanie Jones",6,544,600,56,3,3,0
"2017-18","9718","Maryland","Blair Watson|Brianna Fraser|Kaila Charles|Kristen Confroy|Sarah Myers",5,600,653,53,3,3,0
"2017-18","9718","Maryland","Blair Watson|Kaila Charles|Kristen Confroy|Sarah Myers|Stephanie Jones",5,653,691,38,2,0,2
"2017-18","9718","Kennesaw State","ALEXIS POOLE|BREANNA HOOVER|CARLOTTA GIANOLLA|JANAE OMUSI|KAMIYAH STREET",5,600,691,91,3,5,-2
"2017-18","9718","Kennesaw State","ALEXIS POOLE|BREANNA HOOVER|JANAE OMUSI|KAMIYAH STREET|LEXI MANN",5,691,800,109,2,3,-1
"2017-18","9718","Maryland","Ieshia Small|Kaila Charles|Kristen Confroy|Sarah Myers|Stephanie Jones",5,691,823,132,5,2,3
"2017-18","9718","Maryland","Brianna Fraser|Ieshia Small|Kaila Charles|Kristen Confroy|Sarah Myers",5,823,833,10,0,0,0
"2017-18","9718","Maryland","Brianna Fraser|Ieshia Small|Kristen Confroy|Sarah Myers|Stephanie Jones",5,833,854,21,0,0,0
"2017-18","9718","Kennesaw State","ALEXIS POOLE|CLARA YOUNG|JANAE OMUSI|KAMIYAH STREET|LEXI MANN",5,800,969,169,0,8,-8
"2017-18","9718","Kennesaw State","BREANNA HOOVER|CARLOTTA GIANOLLA|JANAE OMUSI|KAMIYAH STREET|LEXI MANN",5,969,1034,65,0,3,-3
"2017-18","9718","Maryland","Brianna Fraser|Channise Lewis|Ieshia Small|Kristen Confroy|Stephanie Jones",5,854,1064,210,10,0,10
"2017-18","9718","Kennesaw State","BREANNA HOOVER|CARLOTTA GIANOLLA|CAROLINE DAN|ICEIS WALKER|KAMIYAH STREET",5,1034,1198,164,0,6,-6
"2017-18","9718","Kennesaw State","CARLOTTA GIANOLLA|CAROLINE DAN|CLARA YOUNG|JANAE OMUSI|KAMIYAH STREET",5,1198,1200,2,2,0,2
"2017-18","9718","Maryland","Aja Ellison|Brianna Fraser|Channise Lewis|Ieshia Small|Kristen Confroy",5,1064,1200,136,5,2,3
"2017-18","9718","Maryland","Blair Watson|Channise Lewis|Kaila Charles|Kristen Confroy|Stephanie Jones",5,1200,1373,173,11,1,10
"2017-18","9718","Kennesaw State","CARLOTTA GIANOLLA|CAROLINE DAN|CLARA YOUNG|ICEIS WALKER|KAMIYAH STREET",5,1200,1373,173,1,11,-10
"2017-18","9718","Maryland","Blair Watson|Brianna Fraser|Channise Lewis|Kaila Charles|Kristen Confroy",5,1373,1554,181,5,6,-1
"2017-18","9718","Kennesaw State","ALEXIS POOLE|BREANNA HOOVER|CARLOTTA GIANOLLA|CLARA YOUNG|ICEIS WALKER",5,1373,1659,286,7,9,-2
"2017-18","9718","Maryland","Blair Watson|Brianna Fraser|Ieshia Small|Kaila Charles|Sarah Myers",5,1554,1735,181,4,3,1
"2017-18","9718","Kennesaw State","ALEXIS POOLE|BREANNA HOOVER|CLARA YOUNG|ICEIS WALKER|LEXI MANN",5,1659,1793,134,5,0,5
"2017-18","9718","Kennesaw State","ALEXIS POOLE|BREANNA HOOVER|CLARA YOUNG|KAMIYAH STREET|LEXI MANN",5,1793,1800,7,0,0,0
"2017-18","9718","Maryland","Aja Ellison|Blair Watson|Ieshia Small|Sarah Myers|Stephanie Jones",5,1735,1800,65,0,3,-3
"2017-18","9718","Kennesaw State","ALEXIS POOLE|BREANNA HOOVER|CLARA YOUNG|KAMIYAH STREET|LEXI MANN",5,1800,1874,74,3,3,0
"2017-18","9718","Maryland","Aja Ellison|Blair Watson|Channise Lewis|Sarah Myers|Stephanie Jones",5,1800,1892,92,3,3,0
"2017-18","9718","Maryland","Aja Ellison|Blair Watson|Channise Lewis|Kaila Charles|Stephanie Jones",5,1892,1897,5,1,0,1
"2017-18","9718","Maryland","Aja Ellison|Blair Watson|Brianna Fraser|Channise Lewis|Kaila Charles",5,1897,2000,103,5,0,5
"2017-18","9718","Kennesaw State","ALEXIS POOLE|BREANNA HOOVER|JANAE OMUSI|KAMIYAH STREET|LEXI MANN",5,1874,2000,126,0,6,-6
"2017-18","9718","Maryland","Aja Ellison|Blair Watson|Brianna Fraser|Kaila Charles|Sarah Myers",5,2000,2130,130,2,0,2
"2017-18","9718","Kennesaw State","ALEXIS POOLE|BREANNA HOOVER|ICEIS WALKER|KAMIYAH STREET|LEXI MANN",5,2000,2130,130,0,2,-2
"2017-18","9718","Kennesaw State","ALEXIS POOLE|BREANNA HOOVER|JANAE OMUSI|KAMIYAH STREET|LEXI MANN",5,2130,2204,74,2,0,2
"2017-18","9718","Kennesaw State","ALEXANDRA LANDBY|ALEXIS POOLE|BREANNA HOOVER|KAMIYAH STREET|LEXI MANN",5,2204,2400,196,2,11,-9
"2017-18","9718","Maryland","Aja Ellison|Blair Watson|Ieshia Small|Kaila Charles|Sarah Myers",5,2130,2400,270,11,4,7
"2017-18","9719","Maryland","Aja Ellison|Blair Watson|Channise Lewis|Kaila Charles|Kristen Confroy|Stephanie Jones",6,0,201,201,7,7,0
"2017-18","9719","Maryland","Aja Ellison|Blair Watson|Brianna Fraser|Channise Lewis|Kaila Charles|Kristen Confroy",6,201,263,62,3,2,1
"2017-18","9719","Miami","EMESE HOF|ENDIA BANKS|ERYKAH DAVENPORT|KEYANNA HARRIS|MYKEA GRAY",5,0,263,263,9,10,-1
"2017-18","9719","Maryland","Aja Ellison|Brianna Fraser|Channise Lewis|Ieshia Small|Kristen Confroy|Stephanie Jones",6,263,314,51,2,0,2
"2017-18","9719","Miami","EMESE HOF|ENDIA BANKS|ERYKAH DAVENPORT|MYKEA GRAY|NEYDJA PETITHOMME",5,263,314,51,0,2,-2
"2017-18","9719","Maryland","Aja Ellison|Brianna Fraser|Channise Lewis|Ieshia Small|Kaila Charles|Kristen Confroy",6,314,375,61,0,3,-3
"2017-18","9719","Miami","ERYKAH DAVENPORT|MYKEA GRAY|NEYDJA PETITHOMME|SERENA-LYNN GELDOF|SHANEESE BAILEY",5,314,375,61,3,0,3
"2017-18","9719","Miami","MYKEA GRAY|NEYDJA PETITHOMME|SARAH MORTENSEN|SERENA-LYNN GELDOF|SHANEESE BAILEY",5,375,406,31,0,0,0
"2017-18","9719","Maryland","Aja Ellison|Channise Lewis|Ieshia Small|Kaila Charles|Kristen Confroy|Stephanie Jones",6,375,589,214,4,6,-2
"2017-18","9719","Miami","KELSEY MARSHALL|SARAH MORTENSEN|SERENA-LYNN GELDOF|SHANEESE BAILEY|TAYLOR MASON",5,406,589,183,6,4,2
"2017-18","9719","Maryland","Aja Ellison|Blair Watson|Brianna Fraser|Ieshia Small|Sarah Myers|Stephanie Jones",6,589,600,11,0,2,-2
"2017-18","9719","Maryland","Blair Watson|Brianna Fraser|Channise Lewis|Ieshia Small|Kaila Charles",5,600,672,72,2,2,0
"2017-18","9719","Miami","EMESE HOF|ENDIA BANKS|ERYKAH DAVENPORT|KEYANNA HARRIS|MYKEA GRAY",5,589,700,111,4,2,2
"2017-18","9719","Miami","EMESE HOF|ENDIA BANKS|ERYKAH DAVENPORT|KEYANNA HARRIS|NEYDJA PETITHOMME",5,700,745,45,0,4,-4
"2017-18","9719","Miami","EMESE HOF|ENDIA BANKS|ERYKAH DAVENPORT|KELSEY MARSHALL|NEYDJA PETITHOMME",5,745,803,58,0,2,-2
"2017-18","9719","Maryland","Brianna Fraser|Channise Lewis|Ieshia Small|Kaila Charles|Kristen Confroy",5,672,870,198,8,2,6
"2017-18","9719","Miami","ENDIA BANKS|ERYKAH DAVENPORT|KELSEY MARSHALL|NEYDJA PETITHOMME|SERENA-LYNN GELDOF",5,803,870,67,2,2,0
"2017-18","9719","Maryland","Blair Watson|Ieshia Small|Kaila Charles|Sarah Myers|Stephanie Jones",5,870,889,19,0,0,0
"2017-18","9719","Maryland","Blair Watson|Channise Lewis|Ieshia Small|Kaila Charles|Stephanie Jones",5,889,965,76,2,6,-4
"2017-18","9719","Miami","ENDIA BANKS|ERYKAH DAVENPORT|KELSEY MARSHALL|SERENA-LYNN GELDOF|TAYLOR MASON",5,870,1003,133,6,4,2
"2017-18","9719","Maryland","Blair Watson|Channise Lewis|Ieshia Small|Kaila Charles|Kristen Confroy",5,965,1075,110,4,0,4
"2017-18","9719","Miami","ERYKAH DAVENPORT|KELSEY MARSHALL|SERENA-LYNN GELDOF|SHANEESE BAILEY|TAYLOR MASON",5,1003,1075,72,0,2,-2
"2017-18","9719","Maryland","Brianna Fraser|Channise Lewis|Ieshia Small|Kaila Charles|Kristen Confroy",5,1075,1097,22,0,0,0
"2017-18","9719","Maryland","Channise Lewis|Ieshia Small|Kaila Charles|Kristen Confroy|Stephanie Jones",5,1097,1109,12,0,0,0
"2017-18","9719","Miami","ERYKAH DAVENPORT|KELSEY MARSHALL|KEYANNA HARRIS|SHANEESE BAILEY|TAYLOR MASON",5,1075,1109,34,0,0,0
"2017-18","9719","Maryland","Blair Watson|Channise Lewis|Ieshia Small|Kaila Charles|Kristen Confroy",5,1109,1121,12,0,0,0
"2017-18","9719","Miami","ERYKAH DAVENPORT|KELSEY MARSHALL|KEYANNA HARRIS|NEYDJA PETITHOMME|SHANEESE BAILEY",5,1109,1146,37,0,2,-2
"2017-18","9719","Miami","EMESE HOF|KELSEY MARSHALL|KEYANNA HARRIS|NEYDJA PETITHOMME|SARAH MORTENSEN",5,1146,1178,32,3,0,3
"2017-18","9719","Miami","EMESE HOF|KELSEY MARSHALL|KEYANNA HARRIS|NEYDJA PETITHOMME|TAYLOR MASON",5,1178,1191,13,0,2,-2
"2017-18","9719","Miami","EMESE HOF|KELSEY MARSHALL|KEYANNA HARRIS|NEYDJA PETITHOMME|SARAH MORTENSEN",5,1191,1200,9,2,0,2
"2017-18","9719","Maryland","Blair Watson|Channise Lewis|Ieshia Small|Kristen Confroy|Stephanie Jones",5,1121,1200,79,4,5,-1
"2017-18","9719","Miami","EMESE HOF|ENDIA BANKS|ERYKAH DAVENPORT|KEYANNA HARRIS|MYKEA GRAY",5,1200,1289,89,0,4,-4
"2017-18","9719","Maryland","Channise Lewis|Ieshia Small|Kaila Charles|Kristen Confroy|Stephanie Jones",5,1200,1344,144,6,1,5
"2017-18","9719","Miami","EMESE HOF|ENDIA BANKS|KEYANNA HARRIS|MYKEA GRAY|SERENA-LYNN GELDOF",5,1289,1368,79,3,5,-2
"2017-18","9719","Miami","EMESE HOF|ENDIA BANKS|MYKEA GRAY|SERENA-LYNN GELDOF|SHANEESE BAILEY",5,1368,1464,96,4,3,1
"2017-18","9719","Maryland","Brianna Fraser|Channise Lewis|Ieshia Small|Kristen Confroy|Stephanie Jones",5,1344,1510,166,9,9,0
"2017-18","9719","Maryland","Brianna Fraser|Channise Lewis|Ieshia Small|Kaila Charles|Kristen Confroy",5,1510,1584,74,2,2,0
"2017-18","9719","Miami","EMESE HOF|ENDIA BANKS|ERYKAH DAVENPORT|MYKEA GRAY|SHANEESE BAILEY",5,1464,1584,120,5,5,0
"2017-18","9719","Maryland","Blair Watson|Brianna Fraser|Channise Lewis|Kaila Charles|Kristen Confroy",5,1584,1621,37,0,5,-5
"2017-18","9719","Miami","ENDIA BANKS|ERYKAH DAVENPORT|KELSEY MARSHALL|MYKEA GRAY|SARAH MORTENSEN",5,1584,1668,84,5,3,2
"2017-18","9719","Maryland","Blair Watson|Channise Lewis|Kaila Charles|Kristen Confroy|Stephanie Jones",5,1621,1727,106,3,3,0
"2017-18","9719","Miami","ENDIA BANKS|ERYKAH DAVENPORT|KELSEY MARSHALL|NEYDJA PETITHOMME|SARAH MORTENSEN",5,1668,1727,59,3,0,3
"2017-18","9719","Miami","ERYKAH DAVENPORT|KELSEY MARSHALL|NEYDJA PETITHOMME|SARAH MORTENSEN|TAYLOR MASON",5,1727,1800,73,2,2,0
"2017-18","9719","Maryland","Blair Watson|Channise Lewis|Ieshia Small|Kaila Charles|Stephanie Jones",5,1727,1800,73,2,2,0
"2017-18","9719","Maryland","Blair Watson|Channise Lewis|Ieshia Small|Kristen Confroy|Stephanie Jones",5,1800,1829,29,0,0,0
"2017-18","9719","Miami","ERYKAH DAVENPORT|KELSEY MARSHALL|NEYDJA PETITHOMME|SARAH MORTENSEN|TAYLOR MASON",5,1800,1861,61,0,3,-3
"2017-18","9719","Maryland","Channise Lewis|Ieshia Small|Kaila Charles|Kristen Confroy|Stephanie Jones",5,1829,1932,103,5,2,3
"2017-18","9719","Miami","ENDIA BANKS|ERYKAH DAVENPORT|KELSEY MARSHALL|MYKEA GRAY|SARAH MORTENSEN",5,1861,1932,71,2,2,0
"2017-18","9719","Miami","EMESE HOF|ENDIA BANKS|ERYKAH DAVENPORT|KELSEY MARSHALL|MYKEA GRAY",5,1932,2017,85,2,4,-2
"2017-18","9719","Maryland","Brianna Fraser|Channise Lewis|Ieshia Small|Kristen Confroy|Stephanie Jones",5,1932,2152,220,10,4,6
"2017-18","9719","Miami","EMESE HOF|ENDIA BANKS|ERYKAH DAVENPORT|KELSEY MARSHALL|KEYANNA HARRIS",5,2017,2152,135,2,6,-4
"2017-18","9719","Miami","ENDIA BANKS|MYKEA GRAY|SARAH MORTENSEN|SERENA-LYNN GELDOF|TAYLOR MASON",5,2152,2167,15,1,0,1
"2017-18","9719","Miami","ENDIA BANKS|MYKEA GRAY|SERENA-LYNN GELDOF|SHANEESE BAILEY|TAYLOR MASON",5,2167,2241,74,2,2,0
"2017-18","9719","Miami","ENDIA BANKS|ERYKAH DAVENPORT|MYKEA GRAY|SHANEESE BAILEY|TAYLOR MASON",5,2241,2293,52,2,0,2
"2017-18","9719","Miami","EMESE HOF|ENDIA BANKS|ERYKAH DAVENPORT|KELSEY MARSHALL|MYKEA GRAY",5,2293,2354,61,1,4,-3
"2017-18","9719","Miami","ENDIA BANKS|ERYKAH DAVENPORT|MYKEA GRAY|SHANEESE BAILEY|TAYLOR MASON",5,2354,2400,46,2,0,2
"2017-18","9719","Maryland","Channise Lewis|Ieshia Small|Kaila Charles|Kristen Confroy|Stephanie Jones",5,2152,2400,248,6,8,-2
"2017-18","9720","Maryland","Blair Watson|Channise Lewis|Kaila Charles|Kristen Confroy|Stephanie Jones",5,0,116,116,4,3,1
"2017-18","9720","Virginia","Aliyah Huland El|Brianna Tinsley|Dominique Toussaint|Jocelyn Willoughby|Lauren Moses",5,0,116,116,3,4,-1
"2017-18","9720","Maryland","Channise Lewis|Ieshia Small|Kaila Charles|Kristen Confroy|Stephanie Jones",5,116,272,156,8,7,1
"2017-18","9720","Virginia","Brianna Tinsley|Dominique Toussaint|J'Kyra Brown|Jocelyn Willoughby|Lauren Moses",5,116,272,156,7,8,-1
"2017-18","9720","Maryland","Brianna Fraser|Ieshia Small|Kaila Charles|Kristen Confroy|Sarah Myers",5,272,338,66,2,3,-1
"2017-18","9720","Virginia","Aliyah Huland El|Dominique Toussaint|Felicia Aiyeotan|J'Kyra Brown|Jocelyn Willoughby",5,272,338,66,3,2,1
"2017-18","9720","Maryland","Blair Watson|Brianna Fraser|Channise Lewis|Ieshia Small|Kaila Charles",5,338,359,21,0,0,0
"2017-18","9720","Virginia","Aliyah Huland El|Dominique Toussaint|Felicia Aiyeotan|J'Kyra Brown|Lisa Jablonowski",5,338,398,60,0,2,-2
"2017-18","9720","Maryland","Blair Watson|Channise Lewis|Ieshia Small|Kaila Charles|Stephanie Jones",5,359,443,84,2,0,2
"2017-18","9720","Virginia","Dominique Toussaint|Felicia Aiyeotan|J'Kyra Brown|Jocelyn Willoughby|Lisa Jablonowski",5,398,556,158,2,4,-2
"2017-18","9720","Virginia","Brianna Tinsley|Felicia Aiyeotan|J'Kyra Brown|Jocelyn Willoughby|Lauren Moses",5,556,600,44,0,0,0
"2017-18","9720","Maryland","Blair Watson|Channise Lewis|Kaila Charles|Kristen Confroy|Stephanie Jones",5,443,845,402,9,10,-1
"2017-18","9720","Virginia","Brianna Tinsley|Felicia Aiyeotan|J'Kyra Brown|Jocelyn Willoughby|Lauren Moses",5,600,845,245,8,5,3
"2017-18","9720","Maryland","Blair Watson|Ieshia Small|Kaila Charles|Kristen Confroy|Sarah Myers",5,845,919,74,3,0,3
"2017-18","9720","Virginia","Aliyah Huland El|Dominique Toussaint|Jocelyn Willoughby|Lauren Moses|Lisa Jablonowski",5,845,954,109,0,3,-3
"2017-18","9720","Maryland","Blair Watson|Kaila Charles|Kristen Confroy|Sarah Myers|Stephanie Jones",5,919,1076,157,3,2,1
"2017-18","9720","Virginia","Aliyah Huland El|Dominique Toussaint|Felicia Aiyeotan|Jocelyn Willoughby|Lauren Moses",5,954,1076,122,2,3,-1
"2017-18","9720","Maryland","Blair Watson|Brianna Fraser|Kaila Charles|Kristen Confroy|Sarah Myers",5,1076,1129,53,3,0,3
"2017-18","9720","Virginia","Brianna Tinsley|Dominique Toussaint|Felicia Aiyeotan|J'Kyra Brown|Lauren Moses",5,1076,1129,53,0,3,-3
"2017-18","9720","Virginia","Brianna Tinsley|Dominique Toussaint|J'Kyra Brown|Jocelyn Willoughby|Lauren Moses",5,1129,1200,71,0,0,0
"2017-18","9720","Maryland","Blair Watson|Brianna Fraser|Ieshia Small|Kristen Confroy|Sarah Myers",5,1129,1200,71,0,0,0
"2017-18","9720","Virginia","Aliyah Huland El|Brianna Tinsley|Dominique Toussaint|Jocelyn Willoughby|Lauren Moses",5,1200,1391,191,4,5,-1
"2017-18","9720","Maryland","Blair Watson|Channise Lewis|Kaila Charles|Kristen Confroy|Stephanie Jones",5,1200,1446,246,7,6,1
"2017-18","9720","Virginia","Brianna Tinsley|Dominique Toussaint|J'Kyra Brown|Jocelyn Willoughby|Lauren Moses",5,1391,1446,55,2,2,0
"2017-18","9720","Virginia","Aliyah Huland El|Dominique Toussaint|J'Kyra Brown|Jocelyn Willoughby|Lauren Moses",5,1446,1497,51,2,2,0
"2017-18","9720","Maryland","Blair Watson|Channise Lewis|Ieshia Small|Kaila Charles|Kristen Confroy",5,1446,1577,131,2,6,-4
"2017-18","9720","Maryland","Blair Watson|Channise Lewis|Ieshia Small|Kaila Charles|Stephanie Jones",5,1577,1687,110,6,4,2
"2017-18","9720","Virginia","Aliyah Huland El|Dominique Toussaint|Felicia Aiyeotan|J'Kyra Brown|Jocelyn Willoughby",5,1497,1708,211,10,7,3
"2017-18","9720","Virginia","Dominique Toussaint|Felicia Aiyeotan|J'Kyra Brown|Jocelyn Willoughby|Lauren Moses",5,1708,1728,20,0,1,-1
"2017-18","9720","Maryland","Channise Lewis|Ieshia Small|Kaila Charles|Kristen Confroy|Stephanie Jones",5,1687,1747,60,2,4,-2
"2017-18","9720","Virginia","Aliyah Huland El|Dominique Toussaint|Felicia Aiyeotan|J'Kyra Brown|Lauren Moses",5,1728,1800,72,6,0,6
"2017-18","9720","Maryland","Blair Watson|Channise Lewis|Ieshia Small|Kaila Charles|Kristen Confroy",5,1747,1800,53,0,4,-4
"2017-18","9720","Virginia","Aliyah Huland El|Dominique Toussaint|Felicia Aiyeotan|J'Kyra Brown|Lauren Moses",5,1800,2000,200,5,0,5
"2017-18","9720","Virginia","Aliyah Huland El|Dominique Toussaint|Felicia Aiyeotan|Jocelyn Willoughby|Lauren Moses",5,2000,2057,57,2,3,-1
"2017-18","9720","Virginia","Dominique Toussaint|Felicia Aiyeotan|J'Kyra Brown|Jocelyn Willoughby|Lauren Moses",5,2057,2121,64,0,1,-1
"2017-18","9720","Maryland","Channise Lewis|Ieshia Small|Kaila Charles|Kristen Confroy|Stephanie Jones",5,1800,2180,380,6,9,-3
"2017-18","9720","Maryland","Blair Watson|Channise Lewis|Ieshia Small|Kaila Charles|Kristen Confroy",5,2180,2213,33,0,0,0
"2017-18","9720","Virginia","Aliyah Huland El|Dominique Toussaint|Felicia Aiyeotan|J'Kyra Brown|Jocelyn Willoughby",5,2121,2213,92,2,2,0
"2017-18","9720","Maryland","Blair Watson|Channise Lewis|Kaila Charles|Kristen Confroy|Stephanie Jones",5,2213,2281,68,0,0,0
"2017-18","9720","Maryland","Blair Watson|Channise Lewis|Ieshia Small|Kristen Confroy|Stephanie Jones",5,2281,2345,64,0,0,0
"2017-18","9720","Maryland","Blair Watson|Channise Lewis|Kaila Charles|Kristen Confroy|Stephanie Jones",5,2345,2382,37,3,0,3
"2017-18","9720","Virginia","Dominique Toussaint|Felicia Aiyeotan|J'Kyra Brown|Jocelyn Willoughby|Lauren Moses",5,2213,2382,169,0,3,-3
"2017-18","9720","Maryland","Blair Watson|Ieshia Small|Kaila Charles|Kristen Confroy|Stephanie Jones",5,2382,2387,5,0,1,-1
"2017-18","9720","Virginia","Aliyah Huland El|Dominique Toussaint|J'Kyra Brown|Jocelyn Willoughby|Lauren Moses",5,2382,2387,5,1,0,1
"2017-18","9720","Virginia","Aliyah Huland El|Dominique Toussaint|Felicia Aiyeotan|J'Kyra Brown|Jocelyn Willoughby|Lauren Moses|Lisa Jablonowski",7,2387,2400,13,0,0,0
"2017-18","9720","Maryland","Blair Watson|Channise Lewis|Ieshia Small|Kaila Charles|Kristen Confroy|Stephanie Jones",6,2387,2400,13,0,0,0
"2017-18","9721","Maryland","Blair Watson|Channise Lewis|Kaila Charles|Kristen Confroy|Stephanie Jones",5,0,52,52,3,2,1
"2017-18","9721","Maryland","Channise Lewis|Ieshia Small|Kaila Charles|Kristen Confroy|Stephanie Jones",5,52,105,53,7,0,7
"2017-18","9721","Maryland","Brianna Fraser|Channise Lewis|Ieshia Small|Kaila Charles|Kristen Confroy",5,105,214,109,4,2,2
"2017-18","9721","Akron","Alyssa CLAY|Greta BURRY|Haliegh REINOEHL|Shaunay EDMONDS|Shayna HARMON",5,0,214,214,4,14,-10
"2017-18","9721","Maryland","Brianna Fraser|Channise Lewis|Ieshia Small|Kristen Confroy|Stephanie Jones",5,214,236,22,0,0,0
"2017-18","9721","Maryland","Brianna Fraser|Ieshia Small|Kristen Confroy|Sarah Myers|Stephanie Jones",5,236,277,41,0,0,0
"2017-18","9721","Akron","Alyssa CLAY|Caitlin VARI|Destiny PERKINS|Kynnedy AZUBIKE|Shayna HARMON",5,214,300,86,0,3,-3
"2017-18","9721","Akron","Alyssa CLAY|Caitlin VARI|Destiny PERKINS|Kynnedy AZUBIKE|Lauren HUNG",5,300,364,64,0,0,0
"2017-18","9721","Akron","Alyssa CLAY|Caitlin VARI|Kynnedy AZUBIKE|Lauren HUNG",4,364,396,32,2,0,2
"2017-18","9721","Akron","Alyssa CLAY|Caitlin VARI|Kynnedy AZUBIKE|Lauren HUNG|Shaunay EDMONDS",5,396,448,52,0,0,0
"2017-18","9721","Akron","Alyssa CLAY|Kynnedy AZUBIKE|Lauren HUNG|Sarah LEYENDECKER|Shaunay EDMONDS",5,448,478,30,0,2,-2
"2017-18","9721","Akron","Alyssa CLAY|Haliegh REINOEHL|Lauren HUNG|Sarah LEYENDECKER|Shaunay EDMONDS",5,478,600,122,0,5,-5
"2017-18","9721","Maryland","Brianna Fraser|Ieshia Small|Kaila Charles|Kristen Confroy|Sarah Myers",5,277,600,323,10,2,8
"2017-18","9721","Maryland","Brianna Fraser|Ieshia Small|Kaila Charles|Kristen Confroy|Sarah Myers",5,600,739,139,2,6,-4
"2017-18","9721","Akron","Haliegh REINOEHL|Megan SEFCIK|Sarah LEYENDECKER|Shaunay EDMONDS|Shayna HARMON",5,600,739,139,6,2,4
"2017-18","9721","Akron","Greta BURRY|Haliegh REINOEHL|Megan SEFCIK|Shaunay EDMONDS|Shayna HARMON",5,739,876,137,4,4,0
"2017-18","9721","Akron","Caitlin VARI|Destiny PERKINS|Haliegh REINOEHL|Megan SEFCIK|Shayna HARMON",5,876,951,75,4,0,4
"2017-18","9721","Maryland","Blair Watson|Channise Lewis|Kaila Charles|Kristen Confroy|Stephanie Jones",5,739,1017,278,6,8,-2
"2017-18","9721","Akron","Caitlin VARI|Destiny PERKINS|Kynnedy AZUBIKE|Megan SEFCIK|Shayna HARMON",5,951,1017,66,0,2,-2
"2017-18","9721","Akron","Caitlin VARI|Kynnedy AZUBIKE|Megan SEFCIK|Shaunay EDMONDS|Shayna HARMON",5,1017,1047,30,2,0,2
"2017-18","9721","Maryland","Brianna Fraser|Channise Lewis|Ieshia Small|Kaila Charles|Kristen Confroy",5,1017,1060,43,0,2,-2
"2017-18","9721","Akron","Caitlin VARI|Haliegh REINOEHL|Megan SEFCIK|Shaunay EDMONDS|Shayna HARMON",5,1047,1200,153,5,6,-1
"2017-18","9721","Maryland","Brianna Fraser|Channise Lewis|Kaila Charles|Kristen Confroy|Sarah Myers",5,1060,1200,140,6,5,1
"2017-18","9721","Maryland","Blair Watson|Channise Lewis|Kaila Charles|Kristen Confroy|Stephanie Jones",5,1200,1276,76,0,3,-3
"2017-18","9721","Maryland","Blair Watson|Kaila Charles|Kristen Confroy|Sarah Myers|Stephanie Jones",5,1276,1429,153,9,6,3
"2017-18","9721","Akron","Greta BURRY|Haliegh REINOEHL|Megan SEFCIK|Shaunay EDMONDS|Shayna HARMON",5,1200,1429,229,9,9,0
"2017-18","9721","Maryland","Ieshia Small|Kaila Charles|Kristen Confroy|Sarah Myers|Stephanie Jones",5,1429,1475,46,0,0,0
"2017-18","9721","Akron","Greta BURRY|Kynnedy AZUBIKE|Lauren HUNG|Megan SEFCIK|Shaunay EDMONDS",5,1429,1475,46,0,0,0
"2017-18","9721","Akron","Caitlin VARI|Kynnedy AZUBIKE|Lauren HUNG|Megan SEFCIK|Shaunay EDMONDS",5,1475,1548,73,5,4,1
"2017-18","9721","Akron","Caitlin VARI|Destiny PERKINS|Kynnedy AZUBIKE|Lauren HUNG|Megan SEFCIK",5,1548,1592,44,0,6,-6
"2017-18","9721","Akron","Destiny PERKINS|Kynnedy AZUBIKE|Lauren HUNG|Megan SEFCIK|Sarah LEYENDECKER",5,1592,1628,36,0,0,0
"2017-18","9721","Maryland","Brianna Fraser|Ieshia Small|Kaila Charles|Kristen Confroy|Sarah Myers",5,1475,1659,184,12,7,5
"2017-18","9721","Maryland","Blair Watson|Brianna Fraser|Channise Lewis|Kaila Charles|Kristen Confroy",5,1659,1695,36,0,2,-2
"2017-18","9721","Akron","Alyssa CLAY|Kynnedy AZUBIKE|Sarah LEYENDECKER|Shaunay EDMONDS|Shayna HARMON",5,1628,1718,90,4,4,0
"2017-18","9721","Akron","Alyssa CLAY|Caitlin VARI|Kynnedy AZUBIKE|Shaunay EDMONDS|Shayna HARMON",5,1718,1800,82,3,3,0
"2017-18","9721","Maryland","Blair Watson|Channise Lewis|Kaila Charles|Kristen Confroy|Stephanie Jones",5,1695,1866,171,6,3,3
"2017-18","9721","Akron","Alyssa CLAY|Caitlin VARI|Kynnedy AZUBIKE|Shaunay EDMONDS|Shayna HARMON",5,1800,1866,66,0,1,-1
"2017-18","9721","Maryland","Blair Watson|Channise Lewis|Ieshia Small|Kaila Charles|Stephanie Jones",5,1866,1930,64,0,2,-2
"2017-18","9721","Akron","Kynnedy AZUBIKE|Megan SEFCIK|Sarah LEYENDECKER|Shaunay EDMONDS|Shayna HARMON",5,1866,1930,64,2,0,2
"2017-18","9721","Maryland","Channise Lewis|Ieshia Small|Kaila Charles|Kristen Confroy|Stephanie Jones",5,1930,1950,20,0,0,0
"2017-18","9721","Maryland","Ieshia Small|Kaila Charles|Kristen Confroy|Sarah Myers|Stephanie Jones",5,1950,2018,68,4,2,2
"2017-18","9721","Akron","Destiny PERKINS|Haliegh REINOEHL|Megan SEFCIK|Sarah LEYENDECKER|Shayna HARMON",5,1930,2018,88,2,4,-2
"2017-18","9721","Akron","Alyssa CLAY|Destiny PERKINS|Haliegh REINOEHL|Sarah LEYENDECKER|Shayna HARMON",5,2018,2059,41,0,0,0
"2017-18","9721","Akron","Alyssa CLAY|Destiny PERKINS|Greta BURRY|Haliegh REINOEHL|Shayna HARMON",5,2059,2091,32,0,0,0
"2017-18","9721","Maryland","Blair Watson|Ieshia Small|Kristen Confroy|Sarah Myers|Stephanie Jones",5,2018,2151,133,0,2,-2
"2017-18","9721","Akron","Alyssa CLAY|Caitlin VARI|Haliegh REINOEHL|Shaunay EDMONDS|Shayna HARMON",5,2091,2151,60,2,0,2
"2017-18","9721","Akron","Caitlin VARI|Haliegh REINOEHL|Megan SEFCIK|Shaunay EDMONDS|Shayna HARMON",5,2151,2177,26,0,2,-2
"2017-18","9721","Maryland","Blair Watson|Brianna Fraser|Ieshia Small|Kristen Confroy|Sarah Myers",5,2151,2243,92,5,0,5
"2017-18","9721","Akron","Caitlin VARI|Haliegh REINOEHL|Lauren HUNG|Megan SEFCIK|Shaunay EDMONDS",5,2177,2243,66,0,3,-3
"2017-18","9721","Akron","Caitlin VARI|Destiny PERKINS|Haliegh REINOEHL|Lauren HUNG|Megan SEFCIK",5,2243,2257,14,0,0,0
"2017-18","9721","Akron","Caitlin VARI|Destiny PERKINS|Kynnedy AZUBIKE|Lauren HUNG|Megan SEFCIK",5,2257,2326,69,0,1,-1
"2017-18","9721","Akron","Alyssa CLAY|Caitlin VARI|Destiny PERKINS|Kynnedy AZUBIKE|Lauren HUNG",5,2326,2400,74,0,0,0
"2017-18","9721","Maryland","Aja Ellison|Blair Watson|Brianna Fraser|Ieshia Small|Sarah Myers",5,2243,2400,157,1,0,1
"2017-18","9722","Mount St. Mary's","Ashlee WHITE|Caroline HUMMELL|Daly SULLIVAN|Juliette LAWLESS|Katrice DICKSON",5,0,169,169,0,13,-13
"2017-18","9722","Maryland","Blair Watson|Channise Lewis|Kaila Charles|Kristen Confroy|Stephanie Jones",5,0,209,209,15,0,15
"2017-18","9722","Mount St. Mary's","Ashlee WHITE|Caroline HUMMELL|Daly SULLIVAN|Jatarrikah SETTLE|Katrice DICKSON",5,169,253,84,2,4,-2
"2017-18","9722","Maryland","Blair Watson|Channise Lewis|Ieshia Small|Kristen Confroy|Stephanie Jones",5,209,253,44,2,2,0
"2017-18","9722","Mount St. Mary's","Ashlee WHITE|Caroline HUMMELL|Jatarrikah SETTLE|Juliette LAWLESS|Katrice DICKSON",5,253,300,47,0,3,-3
"2017-18","9722","Maryland","Blair Watson|Ieshia Small|Kristen Confroy|Sarah Myers|Stephanie Jones",5,253,354,101,5,0,5
"2017-18","9722","Mount St. Mary's","Ashlee WHITE|Bridget BIRKHEAD|Caroline HUMMELL|Juliette LAWLESS|Katrice DICKSON",5,300,481,181,4,14,-10
"2017-18","9722","Maryland","Blair Watson|Ieshia Small|Kaila Charles|Kristen Confroy|Sarah Myers",5,354,481,127,12,4,8
"2017-18","9722","Mount St. Mary's","Daly SULLIVAN|Hunter ROWSON|Jatarrikah SETTLE|Juliette LAWLESS|Katrice DICKSON",5,481,546,65,0,2,-2
"2017-18","9722","Maryland","Blair Watson|Ieshia Small|Kaila Charles|Sarah Myers|Stephanie Jones",5,481,600,119,3,0,3
"2017-18","9722","Mount St. Mary's","Daly SULLIVAN|Jatarrikah SETTLE|Juliette LAWLESS|Katrice DICKSON|Rebecca LEE",5,546,600,54,0,1,-1
"2017-18","9722","Maryland","Blair Watson|Channise Lewis|Ieshia Small|Kaila Charles|Stephanie Jones",5,600,705,105,3,2,1
"2017-18","9722","Mount St. Mary's","Ashlee WHITE|Daly SULLIVAN|Juliette LAWLESS|Katrice DICKSON|Rebecca LEE",5,600,728,128,2,3,-1
"2017-18","9722","Mount St. Mary's","Ashlee WHITE|Bridget BIRKHEAD|Caroline HUMMELL|Daly SULLIVAN|Katrice DICKSON",5,728,856,128,0,5,-5
"2017-18","9722","Maryland","Blair Watson|Channise Lewis|Kaila Charles|Kristen Confroy|Stephanie Jones",5,705,856,151,5,0,5
"2017-18","9722","Maryland","Blair Watson|Channise Lewis|Ieshia Small|Kristen Confroy|Sarah Myers",5,856,936,80,5,2,3
"2017-18","9722","Mount St. Mary's","Bridget BIRKHEAD|Caroline HUMMELL|Daly SULLIVAN|Jatarrikah SETTLE|Katrice DICKSON",5,856,960,104,3,5,-2
"2017-18","9722","Maryland","Aja Ellison|Blair Watson|Ieshia Small|Kristen Confroy|Sarah Myers",5,936,960,24,0,1,-1
"2017-18","9722","Maryland","Aja Ellison|Channise Lewis|Ieshia Small|Kristen Confroy|Sarah Myers",5,960,1049,89,0,7,-7
"2017-18","9722","Maryland","Aja Ellison|Channise Lewis|Ieshia Small|Kaila Charles|Sarah Myers",5,1049,1086,37,0,2,-2
"2017-18","9722","Mount St. Mary's","Ashlee WHITE|Caroline HUMMELL|Daly SULLIVAN|Juliette LAWLESS|Katrice DICKSON",5,960,1168,208,12,4,8
"2017-18","9722","Maryland","Aja Ellison|Ieshia Small|Kaila Charles|Kristen Confroy|Sarah Myers",5,1086,1200,114,4,3,1
"2017-18","9722","Mount St. Mary's","Caroline HUMMELL|Daly SULLIVAN|Hunter ROWSON|Juliette LAWLESS|Katrice DICKSON",5,1168,1200,32,0,0,0
"2017-18","9722","Mount St. Mary's","Ashlee WHITE|Caroline HUMMELL|Daly SULLIVAN|Juliette LAWLESS|Katrice DICKSON",5,1200,1440,240,7,9,-2
"2017-18","9722","Mount St. Mary's","Ashlee WHITE|Caroline HUMMELL|Daly SULLIVAN|Hunter ROWSON|Katrice DICKSON",5,1440,1531,91,3,3,0
"2017-18","9722","Maryland","Blair Watson|Channise Lewis|Kaila Charles|Kristen Confroy|Stephanie Jones",5,1200,1531,331,12,10,2
"2017-18","9722","Mount St. Mary's","Ashlee WHITE|Daly SULLIVAN|Hunter ROWSON|Katrice DICKSON|Rebecca LEE",5,1531,1592,61,2,0,2
"2017-18","9722","Mount St. Mary's","Bridget BIRKHEAD|Hunter ROWSON|Juliette LAWLESS|Katrice DICKSON|Rebecca LEE",5,1592,1632,40,0,2,-2
"2017-18","9722","Maryland","Channise Lewis|Ieshia Small|Kaila Charles|Kristen Confroy|Sarah Myers",5,1531,1656,125,5,4,1
"2017-18","9722","Mount St. Mary's","Bridget BIRKHEAD|Hunter ROWSON|Juliette LAWLESS|Katrice DICKSON|Katrina SCHEUVRONT",5,1632,1750,118,2,7,-5
"2017-18","9722","Maryland","Ieshia Small|Kaila Charles|Kristen Confroy|Sarah Myers|Stephanie Jones",5,1656,1750,94,4,0,4
"2017-18","9722","Maryland","Aja Ellison|Blair Watson|Ieshia Small|Sarah Myers|Stephanie Jones",5,1750,1800,50,0,0,0
"2017-18","9722","Mount St. Mary's","Caroline HUMMELL|Hunter ROWSON|Jatarrikah SETTLE|Juliette LAWLESS|Katrice DICKSON",5,1750,1800,50,0,0,0
"2017-18","9722","Maryland","Aja Ellison|Blair Watson|Ieshia Small|Sarah Myers|Stephanie Jones",5,1800,1879,79,2,3,-1
"2017-18","9722","Mount St. Mary's","Ashlee WHITE|Caroline HUMMELL|Hunter ROWSON|Juliette LAWLESS|Katrice DICKSON",5,1800,1887,87,3,4,-1
"2017-18","9722","Maryland","Aja Ellison|Blair Watson|Channise Lewis|Sarah Myers|Stephanie Jones",5,1879,1943,64,4,5,-1
"2017-18","9722","Maryland","Aja Ellison|Blair Watson|Channise Lewis|Ieshia Small|Kristen Confroy",5,1943,2015,72,5,0,5
"2017-18","9722","Mount St. Mary's","Ashlee WHITE|Caroline HUMMELL|Daly SULLIVAN|Juliette LAWLESS|Katrice DICKSON",5,1887,2128,241,7,11,-4
"2017-18","9722","Maryland","Blair Watson|Channise Lewis|Ieshia Small|Kaila Charles|Kristen Confroy",5,2015,2128,113,4,2,2
"2017-18","9722","Mount St. Mary's","Bridget BIRKHEAD|Caroline HUMMELL|Daly SULLIVAN|Juliette LAWLESS|Katrice DICKSON",5,2128,2182,54,0,1,-1
"2017-18","9722","Maryland","Aja Ellison|Channise Lewis|Ieshia Small|Kaila Charles|Sarah Myers",5,2128,2182,54,1,0,1
"2017-18","9722","Maryland","Aja Ellison|Channise Lewis|Ieshia Small|Sarah Myers|Stephanie Jones",5,2182,2400,218,6,10,-4
"2017-18","9722","Mount St. Mary's","Bridget BIRKHEAD|Daly SULLIVAN|Juliette LAWLESS|Katrice DICKSON|Rebecca LEE",5,2182,2400,218,10,6,4
"2017-18","9723","George Washington","Brianna CUMMINGS|Camila TAPIAS|Chyna LATIMER|Kelsi MAHONEY|Neila LUMA",5,0,229,229,2,10,-8
"2017-18","9723","George Washington","Brianna CUMMINGS|Chyna LATIMER|Kendall BRESEE|Mei-Lyn BAUTISTA|Neila LUMA",5,229,315,86,0,0,0
"2017-18","9723","Maryland","Blair Watson|Channise Lewis|Kaila Charles|Kristen Confroy|Stephanie Jones",5,0,315,315,10,2,8
"2017-18","9723","George Washington","Brianna CUMMINGS|Kendall BRESEE|Lexus LEVY|Mei-Lyn BAUTISTA|Neila LUMA",5,315,411,96,2,2,0
"2017-18","9723","Maryland","Blair Watson|Channise Lewis|Ieshia Small|Kaila Charles|Kristen Confroy",5,315,411,96,2,2,0
"2017-18","9723","Maryland","Blair Watson|Brianna Fraser|Channise Lewis|Ieshia Small|Kristen Confroy",5,411,473,62,5,2,3
"2017-18","9723","Maryland","Blair Watson|Brianna Fraser|Ieshia Small|Kristen Confroy|Sarah Myers",5,473,600,127,5,4,1
"2017-18","9723","George Washington","Chyna LATIMER|Kelsi MAHONEY|Kendall BRESEE|Lexus LEVY|Mei-Lyn BAUTISTA",5,411,600,189,6,10,-4
"2017-18","9723","Maryland","Blair Watson|Channise Lewis|Ieshia Small|Kaila Charles|Stephanie Jones",5,600,654,54,0,0,0
"2017-18","9723","George Washington","Brianna CUMMINGS|Camila TAPIAS|Kelsi MAHONEY|Lexus LEVY|Neila LUMA",5,600,679,79,0,2,-2
"2017-18","9723","George Washington","Brianna CUMMINGS|Camila TAPIAS|Kelsi MAHONEY|Mei-Lyn BAUTISTA|Neila LUMA",5,679,714,35,0,5,-5
"2017-18","9723","Maryland","Blair Watson|Brianna Fraser|Channise Lewis|Ieshia Small|Stephanie Jones",5,654,761,107,7,2,5
"2017-18","9723","George Washington","Brianna CUMMINGS|Chyna LATIMER|Kelsi MAHONEY|Kendall BRESEE|Taylor CAMPBELL",5,714,870,156,2,4,-2
"2017-18","9723","Maryland","Blair Watson|Brianna Fraser|Ieshia Small|Stephanie Jones",4,761,870,109,4,0,4
"2017-18","9723","George Washington","Brianna CUMMINGS|Kendall BRESEE|Mei-Lyn BAUTISTA|Neila LUMA|Taylor CAMPBELL",5,870,919,49,0,0,0
"2017-18","9723","George Washington","Brianna CUMMINGS|Camila TAPIAS|Kendall BRESEE|Mei-Lyn BAUTISTA|Neila LUMA",5,919,989,70,0,0,0
"2017-18","9723","Maryland","Brianna Fraser|Ieshia Small|Kaila Charles|Stephanie Jones",4,870,989,119,0,0,0
"2017-18","9723","Maryland","Blair Watson|Ieshia Small|Kaila Charles|Sarah Myers|Stephanie Jones",5,989,1053,64,4,4,0
"2017-18","9723","George Washington","Brianna CUMMINGS|Camila TAPIAS|Kelsi MAHONEY|Mei-Lyn BAUTISTA|Neila LUMA",5,989,1162,173,9,8,1
"2017-18","9723","Maryland","Blair Watson|Ieshia Small|Kaila Charles|Kristen Confroy|Sarah Myers",5,1053,1200,147,4,5,-1
"2017-18","9723","George Washington","Brianna CUMMINGS|Camila TAPIAS|Chyna LATIMER|Mei-Lyn BAUTISTA|Neila LUMA",5,1162,1200,38,0,0,0
"2017-18","9723","Maryland","Blair Watson|Channise Lewis|Kaila Charles|Kristen Confroy|Stephanie Jones",5,1200,1362,162,7,2,5
"2017-18","9723","George Washington","Brianna CUMMINGS|Camila TAPIAS|Chyna LATIMER|Kelsi MAHONEY|Neila LUMA",5,1200,1406,206,4,10,-6
"2017-18","9723","George Washington","Camila TAPIAS|Chyna LATIMER|Kelsi MAHONEY|Mei-Lyn BAUTISTA|Neila LUMA",5,1406,1519,113,2,0,2
"2017-18","9723","Maryland","Blair Watson|Brianna Fraser|Channise Lewis|Kaila Charles|Kristen Confroy",5,1362,1519,157,3,4,-1
"2017-18","9723","George Washington","Brianna CUMMINGS|Kelsi MAHONEY|Kendall BRESEE|Lexus LEVY|Mei-Lyn BAUTISTA",5,1519,1647,128,7,6,1
"2017-18","9723","Maryland","Blair Watson|Brianna Fraser|Channise Lewis|Kristen Confroy|Stephanie Jones",5,1519,1647,128,6,7,-1
"2017-18","9723","Maryland","Blair Watson|Brianna Fraser|Channise Lewis|Ieshia Small|Kristen Confroy",5,1647,1691,44,1,0,1
"2017-18","9723","George Washington","Brianna CUMMINGS|Kendall BRESEE|Lexus LEVY|Mei-Lyn BAUTISTA|Neila LUMA",5,1647,1754,107,0,5,-5
"2017-18","9723","Maryland","Blair Watson|Channise Lewis|Ieshia Small|Kaila Charles|Kristen Confroy",5,1691,1800,109,4,2,2
"2017-18","9723","George Washington","Brianna CUMMINGS|Chyna LATIMER|Kelsi MAHONEY|Lexus LEVY|Mei-Lyn BAUTISTA",5,1754,1800,46,2,0,2
"2017-18","9723","Maryland","Blair Watson|Channise Lewis|Ieshia Small|Kaila Charles|Kristen Confroy",5,1800,1843,43,0,0,0
"2017-18","9723","Maryland","Blair Watson|Channise Lewis|Kaila Charles|Kristen Confroy|Stephanie Jones",5,1843,1848,5,0,2,-2
"2017-18","9723","George Washington","Brianna CUMMINGS|Chyna LATIMER|Kelsi MAHONEY|Lexus LEVY|Mei-Lyn BAUTISTA",5,1800,1904,104,2,3,-1
"2017-18","9723","George Washington","Brianna CUMMINGS|Camila TAPIAS|Chyna LATIMER|Kelsi MAHONEY|Lexus LEVY",5,1904,2005,101,0,4,-4
"2017-18","9723","Maryland","Channise Lewis|Ieshia Small|Kaila Charles|Kristen Confroy|Stephanie Jones",5,1848,2005,157,7,0,7
"2017-18","9723","Maryland","Blair Watson|Brianna Fraser|Channise Lewis|Ieshia Small|Kaila Charles",5,2005,2035,30,0,2,-2
"2017-18","9723","George Washington","Camila TAPIAS|Chyna LATIMER|Kendall BRESEE|Mei-Lyn BAUTISTA|Neila LUMA",5,2005,2132,127,4,5,-1
"2017-18","9723","Maryland","Blair Watson|Brianna Fraser|Ieshia Small|Kaila Charles|Sarah Myers",5,2035,2132,97,5,2,3
"2017-18","9723","George Washington","Camila TAPIAS|Kelsi MAHONEY|Kendall BRESEE|Mei-Lyn BAUTISTA|Neila LUMA",5,2132,2220,88,4,4,0
"2017-18","9723","George Washington","Kelsi MAHONEY|Kendall BRESEE|Lexus LEVY|Mei-Lyn BAUTISTA|Neila LUMA",5,2220,2268,48,3,0,3
"2017-18","9723","Maryland","Blair Watson|Brianna Fraser|Ieshia Small|Sarah Myers|Stephanie Jones",5,2132,2268,136,4,7,-3
"2017-18","9723","Maryland","Aja Ellison|Channise Lewis|Ieshia Small|Sarah Myers|Stephanie Jones",5,2268,2400,132,2,5,-3
"2017-18","9723","George Washington","Chyna LATIMER|Kelsi MAHONEY|Kendall BRESEE|Lexus LEVY|Mei-Lyn BAUTISTA",5,2268,2400,132,5,2,3
"2017-18","9724","Maryland","Blair Watson|Channise Lewis|Kaila Charles|Kristen Confroy|Stephanie Jones",5,0,83,83,0,0,0
"2017-18","9724","Maryland","Blair Watson|Channise Lewis|Ieshia Small|Kristen Confroy|Stephanie Jones",5,83,286,203,10,4,6
"2017-18","9724","Maryland","Blair Watson|Brianna Fraser|Channise Lewis|Ieshia Small|Kristen Confroy",5,286,357,71,2,0,2
"2017-18","9724","Loyola","Alexis Gray|Courtney Vannoy|Delaney Connolly|Izzy Therien|Stephanie Karcz",5,0,396,396,4,15,-11
"2017-18","9724","Loyola","Alexis Gray|Ashley Hunter|Delaney Connolly|Izzy Therien|Stephanie Karcz",5,396,455,59,2,1,1
"2017-18","9724","Maryland","Blair Watson|Brianna Fraser|Ieshia Small|Kristen Confroy|Sarah Myers",5,357,455,98,4,2,2
"2017-18","9724","Loyola","Alexis Gray|Ashley Hunter|Delaney Connolly|Izzy Therien|Molly Taylor",5,455,576,121,0,4,-4
"2017-18","9724","Maryland","Blair Watson|Ieshia Small|Kristen Confroy|Sarah Myers|Stephanie Jones",5,455,576,121,4,0,4
"2017-18","9724","Maryland","Ieshia Small|Kaila Charles|Kristen Confroy|Sarah Myers|Stephanie Jones",5,576,600,24,2,2,0
"2017-18","9724","Loyola","Alexis Gray|Ashley Hunter|Izzy Therien|Molly Taylor|Stephanie Karcz",5,576,600,24,2,2,0
"2017-18","9724","Maryland","Ieshia Small|Kaila Charles|Kristen Confroy|Sarah Myers|Stephanie Jones",5,600,698,98,5,2,3
"2017-18","9724","Loyola","Alexis Gray|Ashley Hunter|Izzy Therien|Molly Taylor|Stephanie Karcz",5,600,760,160,4,5,-1
"2017-18","9724","Maryland","Blair Watson|Brianna Fraser|Ieshia Small|Kaila Charles|Sarah Myers",5,698,760,62,0,2,-2
"2017-18","9724","Loyola","Abby Omdahl|Alexis Gray|Ashley Hunter|Izzy Therien|Molly Taylor",5,760,845,85,3,4,-1
"2017-18","9724","Maryland","Blair Watson|Brianna Fraser|Channise Lewis|Ieshia Small|Kaila Charles",5,760,845,85,4,3,1
"2017-18","9724","Loyola","Abby Omdahl|Alexis Gray|Ashley Hunter|Izzy Therien|Madelene McDonald",5,845,907,62,0,4,-4
"2017-18","9724","Loyola","Abby Omdahl|CaLee Gelbaugh|Izzy Therien|Madelene McDonald|Stephanie Karcz",5,907,999,92,0,7,-7
"2017-18","9724","Loyola","Alexis Gray|CaLee Gelbaugh|Izzy Therien|Madelene McDonald|Stephanie Karcz",5,999,1064,65,2,2,0
"2017-18","9724","Loyola","Alexis Gray|Ashley Hunter|Izzy Therien|Madelene McDonald|Stephanie Karcz",5,1064,1156,92,3,7,-4
"2017-18","9724","Maryland","Blair Watson|Brianna Fraser|Channise Lewis|Kaila Charles|Kristen Confroy",5,845,1156,311,20,5,15
"2017-18","9724","Maryland","Blair Watson|Ieshia Small|Kristen Confroy|Sarah Myers|Stephanie Jones",5,1156,1200,44,3,0,3
"2017-18","9724","Loyola","Alexis Gray|Ashley Hunter|Delaney Connolly|Izzy Therien|Stephanie Karcz",5,1156,1200,44,0,3,-3
"2017-18","9724","Maryland","Blair Watson|Channise Lewis|Kaila Charles|Kristen Confroy|Stephanie Jones",5,1200,1278,78,3,2,1
"2017-18","9724","Maryland","Channise Lewis|Ieshia Small|Kaila Charles|Kristen Confroy|Stephanie Jones",5,1278,1319,41,0,2,-2
"2017-18","9724","Loyola","Alexis Gray|Courtney Vannoy|Delaney Connolly|Izzy Therien|Stephanie Karcz",5,1200,1369,169,4,5,-1
"2017-18","9724","Maryland","Brianna Fraser|Channise Lewis|Ieshia Small|Kaila Charles|Kristen Confroy",5,1319,1437,118,6,0,6
"2017-18","9724","Maryland","Brianna Fraser|Channise Lewis|Ieshia Small|Kaila Charles|Sarah Myers",5,1437,1527,90,4,0,4
"2017-18","9724","Loyola","Alexis Gray|Ashley Hunter|Delaney Connolly|Izzy Therien|Stephanie Karcz",5,1369,1571,202,2,11,-9
"2017-18","9724","Loyola","Alexis Gray|Ashley Hunter|Izzy Therien|Molly Taylor|Stephanie Karcz",5,1571,1648,77,3,4,-1
"2017-18","9724","Loyola","Alexis Gray|Ashley Hunter|CaLee Gelbaugh|Izzy Therien|Molly Taylor",5,1648,1709,61,2,2,0
"2017-18","9724","Maryland","Brianna Fraser|Channise Lewis|Ieshia Small|Sarah Myers|Stephanie Jones",5,1527,1709,182,9,7,2
"2017-18","9724","Maryland","Aja Ellison|Channise Lewis|Ieshia Small|Sarah Myers|Stephanie Jones",5,1709,1800,91,4,3,1
"2017-18","9724","Loyola","Abby Omdahl|Alexis Gray|Ashley Hunter|CaLee Gelbaugh|Molly Taylor",5,1709,1800,91,3,4,-1
"2017-18","9724","Maryland","Aja Ellison|Blair Watson|Channise Lewis|Kaila Charles|Sarah Myers",5,1800,1928,128,8,2,6
"2017-18","9724","Maryland","Aja Ellison|Blair Watson|Brianna Fraser|Channise Lewis|Sarah Myers",5,1928,1975,47,3,2,1
"2017-18","9724","Maryland","Aja Ellison|Blair Watson|Brianna Fraser|Kristen Confroy|Sarah Myers",5,1975,2044,69,7,0,7
"2017-18","9724","Maryland","Aja Ellison|Brianna Fraser|Ieshia Small|Kristen Confroy|Sarah Myers",5,2044,2074,30,2,0,2
"2017-18","9724","Loyola","Abby Omdahl|Alexis Gray|CaLee Gelbaugh|Claire Jakaitis|Molly Taylor",5,1800,2097,297,4,20,-16
"2017-18","9724","Maryland","Brianna Fraser|Ieshia Small|Kristen Confroy|Sarah Myers|Stephanie Jones",5,2074,2197,123,6,2,4
"2017-18","9724","Loyola","Abby Omdahl|CaLee Gelbaugh|Claire Jakaitis|Molly Taylor|Stephanie Karcz",5,2097,2232,135,2,8,-6
"2017-18","9724","Maryland","Brianna Fraser|Channise Lewis|Ieshia Small|Sarah Myers|Stephanie Jones",5,2197,2232,35,2,0,2
"2017-18","9724","Loyola","Abby Omdahl|Alexis Gray|CaLee Gelbaugh|Hannah Niles|Stephanie Karcz",5,2232,2262,30,0,2,-2
"2017-18","9724","Maryland","Aja Ellison|Brianna Fraser|Channise Lewis|Ieshia Small|Sarah Myers",5,2232,2400,168,6,5,1
"2017-18","9724","Loyola","Abby Omdahl|Alex Barazotti|Alexis Gray|Hannah Niles|Maria Kilcullen",5,2262,2400,138,5,4,1
"2017-18","9725","Coppin State","Candice BEVERLY|Chance GRAHAM|Genesis LUCAS|Mia CROOMS|Oluwadamilol OLOYEDE",5,0,153,153,2,13,-11
"2017-18","9725","Maryland","Blair Watson|Channise Lewis|Kaila Charles|Kristen Confroy|Stephanie Jones",5,0,192,192,17,4,13
"2017-18","9725","Maryland","Blair Watson|Channise Lewis|Ieshia Small|Kristen Confroy|Stephanie Jones",5,192,210,18,2,2,0
"2017-18","9725","Maryland","Brianna Fraser|Channise Lewis|Eleanna Christinaki|Ieshia Small|Kristen Confroy",5,210,316,106,2,0,2
"2017-18","9725","Maryland","Blair Watson|Brianna Fraser|Channise Lewis|Eleanna Christinaki|Ieshia Small",5,316,380,64,2,3,-1
"2017-18","9725","Coppin State","Candice BEVERLY|Chance GRAHAM|Genesis LUCAS|Maraiyah SMITH|Oluwadamilol OLOYEDE",5,153,380,227,7,10,-3
"2017-18","9725","Coppin State","Alexis TAYLOR|Candice BEVERLY|Chance GRAHAM|Genesis LUCAS|Maraiyah SMITH",5,380,411,31,0,0,0
"2017-18","9725","Maryland","Blair Watson|Brianna Fraser|Channise Lewis|Eleanna Christinaki|Stephanie Jones",5,380,448,68,3,0,3
"2017-18","9725","Maryland","Blair Watson|Channise Lewis|Eleanna Christinaki|Kaila Charles|Stephanie Jones",5,448,458,10,0,0,0
"2017-18","9725","Coppin State","Alexis TAYLOR|Candice BEVERLY|Genesis LUCAS|Mia CROOMS|Patricia ALBERT",5,411,499,88,0,6,-6
"2017-18","9725","Coppin State","Alexis TAYLOR|Candice BEVERLY|Genesis LUCAS|Mia CROOMS|Nadia DAVIDSON",5,499,600,101,4,2,2
"2017-18","9725","Maryland","Eleanna Christinaki|Ieshia Small|Kaila Charles|Kristen Confroy|Sarah Myers",5,458,600,142,5,4,1
"2017-18","9725","Coppin State","Candice BEVERLY|Chance GRAHAM|Genesis LUCAS|Mia CROOMS|Oluwadamilol OLOYEDE",5,600,600,0,0,3,-3
"2017-18","9725","Maryland","Blair Watson|Brianna Fraser|Channise Lewis|Ieshia Small|Kaila Charles",5,600,735,135,7,1,6
"2017-18","9725","Coppin State","Camille DOWNS|Candice BEVERLY|Genesis LUCAS|Maraiyah SMITH|Mia CROOMS|Nadia DAVIDSON",6,600,759,159,1,6,-5
"2017-18","9725","Coppin State","Candice BEVERLY|Chance GRAHAM|Genesis LUCAS|Maraiyah SMITH|Nadia DAVIDSON|Ny'sja BRADFORD",6,759,818,59,0,6,-6
"2017-18","9725","Maryland","Blair Watson|Brianna Fraser|Channise Lewis|Eleanna Christinaki|Ieshia Small|Kaila Charles",6,735,950,215,15,4,11
"2017-18","9725","Coppin State","Candice BEVERLY|Chance GRAHAM|Genesis LUCAS|Jordan Meaur PICKETT|Maraiyah SMITH|Nadia DAVIDSON",6,818,950,132,4,7,-3
"2017-18","9725","Maryland","Blair Watson|Channise Lewis|Eleanna Christinaki|Ieshia Small|Kaila Charles|Stephanie Jones",6,950,1067,117,8,3,5
"2017-18","9725","Maryland","Aja Ellison|Blair Watson|Channise Lewis|Eleanna Christinaki|Ieshia Small|Stephanie Jones",6,1067,1161,94,5,2,3
"2017-18","9725","Coppin State","Candice BEVERLY|Chance GRAHAM|Genesis LUCAS|Jordan Meaur PICKETT|Maraiyah SMITH",5,950,1200,250,7,13,-6
"2017-18","9725","Maryland","Aja Ellison|Blair Watson|Brianna Fraser|Channise Lewis|Eleanna Christinaki|Ieshia Small",6,1161,1200,39,0,2,-2
"2017-18","9725","Coppin State","Alexis TAYLOR|Candice BEVERLY|Chance GRAHAM|Genesis LUCAS|Mia CROOMS",5,1200,1264,64,0,5,-5
"2017-18","9725","Coppin State","Alexis TAYLOR|Candice BEVERLY|Chance GRAHAM|Genesis LUCAS|Maraiyah SMITH",5,1264,1349,85,0,8,-8
"2017-18","9725","Maryland","Blair Watson|Channise Lewis|Kaila Charles|Kristen Confroy|Stephanie Jones",5,1200,1472,272,19,2,17
"2017-18","9725","Coppin State","Candice BEVERLY|Chance GRAHAM|Genesis LUCAS|Maraiyah SMITH|Patricia ALBERT",5,1349,1472,123,2,6,-4
"2017-18","9725","Maryland","Brianna Fraser|Channise Lewis|Eleanna Christinaki|Ieshia Small|Kristen Confroy",5,1472,1574,102,1,0,1
"2017-18","9725","Maryland","Brianna Fraser|Eleanna Christinaki|Ieshia Small|Kristen Confroy|Stephanie Jones",5,1574,1674,100,5,0,5
"2017-18","9725","Coppin State","Candice BEVERLY|Chance GRAHAM|Genesis LUCAS|Maraiyah SMITH|Nadia DAVIDSON",5,1472,1800,328,2,10,-8
"2017-18","9725","Maryland","Brianna Fraser|Eleanna Christinaki|Ieshia Small|Sarah Myers|Stephanie Jones",5,1674,1800,126,4,2,2
"2017-18","9725","Coppin State","Candice BEVERLY|Chance GRAHAM|Genesis LUCAS|Maraiyah SMITH|Nadia DAVIDSON",5,1800,1829,29,2,0,2
"2017-18","9725","Maryland","Brianna Fraser|Eleanna Christinaki|Ieshia Small|Sarah Myers|Stephanie Jones",5,1800,1923,123,4,5,-1
"2017-18","9725","Maryland","Aja Ellison|Brianna Fraser|Eleanna Christinaki|Ieshia Small|Sarah Myers",5,1923,2019,96,0,6,-6
"2017-18","9725","Maryland","Aja Ellison|Brianna Fraser|Channise Lewis|Eleanna Christinaki|Ieshia Small",5,2019,2142,123,5,2,3
"2017-18","9725","Coppin State","Candice BEVERLY|Chance GRAHAM|Genesis LUCAS|Maraiyah SMITH|Mia CROOMS",5,1829,2227,398,15,14,1
"2017-18","9725","Coppin State","Candice BEVERLY|Chance GRAHAM|Genesis LUCAS|Maraiyah SMITH|Nadia DAVIDSON",5,2227,2286,59,3,2,1
"2017-18","9725","Coppin State","Alexis TAYLOR|Jordan Meaur PICKETT|Maraiyah SMITH|Nadia DAVIDSON|Ny'sja BRADFORD",5,2286,2400,114,0,2,-2
"2017-18","9725","Maryland","Aja Ellison|Brianna Fraser|Eleanna Christinaki|Ieshia Small|Sarah Myers",5,2142,2400,258,9,7,2
"2017-18","9726","Illinois","Alex Wittinger|Ali Andrews|Brandi Beasley|Kennedy Cattenhead|Petra Holesinska",5,0,111,111,0,5,-5
"2017-18","9726","Maryland","Blair Watson|Channise Lewis|Kaila Charles|Kristen Confroy|Stephanie Jones",5,0,207,207,7,2,5
"2017-18","9726","Illinois","Alex Wittinger|Ali Andrews|Brandi Beasley|Cierra Rice|Petra Holesinska",5,111,225,114,2,4,-2
"2017-18","9726","Maryland","Brianna Fraser|Channise Lewis|Eleanna Christinaki|Ieshia Small|Kaila Charles",5,207,335,128,4,4,0
"2017-18","9726","Illinois","Alex Wittinger|Alli Ball|Brandi Beasley|Cierra Rice|Kennedy Cattenhead",5,225,394,169,4,4,0
"2017-18","9726","Illinois","Alex Wittinger|Alli Ball|Cierra Rice|Jnaya Walker|Petra Holesinska",5,394,452,58,0,5,-5
"2017-18","9726","Maryland","Blair Watson|Brianna Fraser|Eleanna Christinaki|Ieshia Small|Kaila Charles|Kristen Confroy",6,335,452,117,7,0,7
"2017-18","9726","Maryland","Blair Watson|Brianna Fraser|Channise Lewis|Ieshia Small|Kaila Charles|Kristen Confroy",6,452,501,49,4,3,1
"2017-18","9726","Illinois","Alex Wittinger|Cierra Rice|Courtney Joens|Jnaya Walker|Petra Holesinska",5,452,524,72,3,4,-1
"2017-18","9726","Maryland","Blair Watson|Channise Lewis|Ieshia Small|Kaila Charles|Kristen Confroy|Stephanie Jones",6,501,524,23,0,0,0
"2017-18","9726","Maryland","Blair Watson|Channise Lewis|Eleanna Christinaki|Kaila Charles|Kristen Confroy|Stephanie Jones",6,524,600,76,4,2,2
"2017-18","9726","Illinois","Alex Wittinger|Brandi Beasley|Cierra Rice|Jnaya Walker|Petra Holesinska",5,524,600,76,2,4,-2
"2017-18","9726","Illinois","Alex Wittinger|Brandi Beasley|Cierra Rice|Jnaya Walker|Petra Holesinska",5,600,648,48,0,4,-4
"2017-18","9726","Maryland","Blair Watson|Eleanna Christinaki|Kaila Charles|Kristen Confroy|Stephanie Jones",5,600,698,98,8,2,6
"2017-18","9726","Illinois","Alex Wittinger|Brandi Beasley|Cierra Rice|Kennedy Cattenhead|Lyric Robins",5,648,788,140,4,9,-5
"2017-18","9726","Illinois","Alex Wittinger|Ali Andrews|Brandi Beasley|Cierra Rice|Kennedy Cattenhead",5,788,853,65,3,4,-1
"2017-18","9726","Maryland","Blair Watson|Brianna Fraser|Ieshia Small|Kristen Confroy|Stephanie Jones",5,698,853,155,9,5,4
"2017-18","9726","Illinois","Alex Wittinger|Ali Andrews|Brandi Beasley|Cierra Rice|Lyric Robins",5,853,1007,154,8,10,-2
"2017-18","9726","Maryland","Brianna Fraser|Eleanna Christinaki|Ieshia Small|Kaila Charles|Kristen Confroy",5,853,1007,154,10,8,2
"2017-18","9726","Illinois","Alex Wittinger|Ali Andrews|Brandi Beasley|Courtney Joens|Lyric Robins",5,1007,1119,112,3,3,0
"2017-18","9726","Illinois","Addaya Moore|Alex Wittinger|Brandi Beasley|Courtney Joens|Jnaya Walker",5,1119,1181,62,2,1,1
"2017-18","9726","Maryland","Blair Watson|Ieshia Small|Kaila Charles|Kristen Confroy|Stephanie Jones",5,1007,1181,174,4,5,-1
"2017-18","9726","Maryland","Blair Watson|Brianna Fraser|Ieshia Small|Kaila Charles|Kristen Confroy",5,1181,1200,19,0,0,0
"2017-18","9726","Illinois","Addaya Moore|Alex Wittinger|Courtney Joens|Jnaya Walker|Petra Holesinska",5,1181,1200,19,0,0,0
"2017-18","9726","Illinois","Alex Wittinger|Ali Andrews|Brandi Beasley|Kennedy Cattenhead|Petra Holesinska",5,1200,1213,13,0,0,0
"2017-18","9726","Illinois","Alex Wittinger|Ali Andrews|Brandi Beasley|Cierra Rice|Petra Holesinska",5,1213,1269,56,2,2,0
"2017-18","9726","Maryland","Blair Watson|Channise Lewis|Kaila Charles|Kristen Confroy|Stephanie Jones",5,1200,1363,163,6,6,0
"2017-18","9726","Illinois","Alex Wittinger|Brandi Beasley|Cierra Rice|Kennedy Cattenhead|Petra Holesinska",5,1269,1452,183,8,9,-1
"2017-18","9726","Maryland","Blair Watson|Brianna Fraser|Channise Lewis|Kaila Charles|Kristen Confroy",5,1363,1486,123,7,6,1
"2017-18","9726","Illinois","Alex Wittinger|Ali Andrews|Brandi Beasley|Cierra Rice|Petra Holesinska",5,1452,1548,96,2,6,-4
"2017-18","9726","Maryland","Blair Watson|Brianna Fraser|Channise Lewis|Ieshia Small|Kaila Charles",5,1486,1619,133,7,0,7
"2017-18","9726","Illinois","Alex Wittinger|Ali Andrews|Alli Ball|Cierra Rice|Petra Holesinska",5,1548,1623,75,0,5,-5
"2017-18","9726","Illinois","Alex Wittinger|Alli Ball|Cierra Rice|Jnaya Walker|Petra Holesinska",5,1623,1663,40,0,0,0
"2017-18","9726","Maryland","Brianna Fraser|Channise Lewis|Eleanna Christinaki|Ieshia Small|Stephanie Jones",5,1619,1741,122,2,0,2
"2017-18","9726","Illinois","Alex Wittinger|Alli Ball|Cierra Rice|Kennedy Cattenhead|Petra Holesinska",5,1663,1764,101,3,0,3
"2017-18","9726","Maryland","Blair Watson|Eleanna Christinaki|Kaila Charles|Kristen Confroy|Stephanie Jones",5,1741,1800,59,0,5,-5
"2017-18","9726","Illinois","Alex Wittinger|Alli Ball|Cierra Rice|Courtney Joens|Kennedy Cattenhead",5,1764,1800,36,2,0,2
"2017-18","9726","Illinois","Alex Wittinger|Ali Andrews|Brandi Beasley|Cierra Rice|Petra Holesinska",5,1800,1867,67,0,0,0
"2017-18","9726","Illinois","Alex Wittinger|Brandi Beasley|Cierra Rice|Kennedy Cattenhead|Petra Holesinska",5,1867,1948,81,2,3,-1
"2017-18","9726","Maryland","Blair Watson|Eleanna Christinaki|Kaila Charles|Kristen Confroy|Stephanie Jones",5,1800,1999,199,3,5,-2
"2017-18","9726","Maryland","Blair Watson|Brianna Fraser|Eleanna Christinaki|Kaila Charles|Kristen Confroy",5,1999,2012,13,3,0,3
"2017-18","9726","Maryland","Blair Watson|Brianna Fraser|Eleanna Christinaki|Ieshia Small|Kaila Charles",5,2012,2110,98,8,3,5
"2017-18","9726","Maryland","Blair Watson|Brianna Fraser|Eleanna Christinaki|Ieshia Small|Sarah Myers",5,2110,2140,30,1,2,-1
"2017-18","9726","Illinois","Alex Wittinger|Alli Ball|Brandi Beasley|Courtney Joens|Kennedy Cattenhead",5,1948,2164,216,8,12,-4
"2017-18","9726","Illinois","Addaya Moore|Alex Wittinger|Alli Ball|Brandi Beasley|Courtney Joens",5,2164,2246,82,2,2,0
"2017-18","9726","Maryland","Brianna Fraser|Channise Lewis|Eleanna Christinaki|Ieshia Small|Sarah Myers",5,2140,2246,106,2,2,0
"2017-18","9726","Illinois","Addaya Moore|Alli Ball|Brandi Beasley|Courtney Joens|Cydnee Kinslow",5,2246,2281,35,3,0,3
"2017-18","9726","Maryland","Aja Ellison|Channise Lewis|Eleanna Christinaki|Ieshia Small|Sarah Myers",5,2246,2400,154,4,5,-1
"2017-18","9726","Illinois","Addaya Moore|Alli Ball|Courtney Joens|Cydnee Kinslow|Lyric Robins",5,2281,2400,119,2,4,-2
"2017-18","9727","Maryland","Blair Watson|Channise Lewis|Kaila Charles|Kristen Confroy|Stephanie Jones",5,0,81,81,5,1,4
"2017-18","9727","Maryland","Channise Lewis|Ieshia Small|Kaila Charles|Kristen Confroy|Stephanie Jones",5,81,139,58,5,1,4
"2017-18","9727","Penn State","Amari Carter|De'Janae Boykin|J. Travascio-Green|Jaylen Williams|Teniya Page",5,0,139,139,2,10,-8
"2017-18","9727","Maryland","Eleanna Christinaki|Ieshia Small|Kaila Charles|Kristen Confroy|Stephanie Jones",5,139,287,148,3,6,-3
"2017-18","9727","Penn State","Amari Carter|De'Janae Boykin|J. Travascio-Green|Siyeh Frazier|Teniya Page",5,139,287,148,6,3,3
"2017-18","9727","Maryland","Blair Watson|Brianna Fraser|Channise Lewis|Kaila Charles|Kristen Confroy",5,287,386,99,1,5,-4
"2017-18","9727","Penn State","Amari Carter|J. Travascio-Green|Jaylen Williams|Siyeh Frazier|Teniya Page",5,287,386,99,5,1,4
"2017-18","9727","Penn State","Alisia Smith|Amari Carter|De'Janae Boykin|Kamaria McDaniel|Siyeh Frazier",5,386,411,25,0,0,0
"2017-18","9727","Maryland","Blair Watson|Brianna Fraser|Channise Lewis|Kristen Confroy|Stephanie Jones",5,386,445,59,0,1,-1
"2017-18","9727","Maryland","Blair Watson|Brianna Fraser|Eleanna Christinaki|Kaila Charles|Kristen Confroy",5,445,523,78,2,2,0
"2017-18","9727","Penn State","Alisia Smith|De'Janae Boykin|Kamaria McDaniel|Siyeh Frazier|Teniya Page",5,411,523,112,3,2,1
"2017-18","9727","Penn State","Alisia Smith|Amari Carter|De'Janae Boykin|J. Travascio-Green|Teniya Page",5,523,600,77,2,5,-3
"2017-18","9727","Maryland","Blair Watson|Eleanna Christinaki|Ieshia Small|Kaila Charles|Kristen Confroy",5,523,600,77,5,2,3
"2017-18","9727","Penn State","Amari Carter|De'Janae Boykin|J. Travascio-Green|Jaylen Williams|Teniya Page",5,600,646,46,0,0,0
"2017-18","9727","Penn State","Amari Carter|De'Janae Boykin|J. Travascio-Green|Siyeh Frazier|Teniya Page",5,646,699,53,0,3,-3
"2017-18","9727","Maryland","Blair Watson|Eleanna Christinaki|Ieshia Small|Kaila Charles|Kristen Confroy",5,600,765,165,5,4,1
"2017-18","9727","Penn State","Amari Carter|De'Janae Boykin|J. Travascio-Green|Kamaria McDaniel|Teniya Page",5,699,765,66,4,2,2
"2017-18","9727","Maryland","Blair Watson|Brianna Fraser|Eleanna Christinaki|Kaila Charles|Kristen Confroy",5,765,855,90,5,4,1
"2017-18","9727","Penn State","Amari Carter|De'Janae Boykin|J. Travascio-Green|Jaylen Williams|Teniya Page",5,765,855,90,4,5,-1
"2017-18","9727","Maryland","Blair Watson|Brianna Fraser|Channise Lewis|Kaila Charles|Kristen Confroy",5,855,931,76,2,3,-1
"2017-18","9727","Maryland","Blair Watson|Brianna Fraser|Channise Lewis|Ieshia Small|Kaila Charles",5,931,936,5,0,0,0
"2017-18","9727","Penn State","Alisia Smith|Amari Carter|Kamaria McDaniel|Siyeh Frazier|Teniya Page",5,855,999,144,5,4,1
"2017-18","9727","Maryland","Blair Watson|Brianna Fraser|Ieshia Small|Kaila Charles|Sarah Myers",5,936,1026,90,4,2,2
"2017-18","9727","Maryland","Brianna Fraser|Eleanna Christinaki|Ieshia Small|Kaila Charles|Sarah Myers",5,1026,1065,39,1,5,-4
"2017-18","9727","Penn State","J. Travascio-Green|Jaylen Williams|Kamaria McDaniel|Siyeh Frazier|Teniya Page",5,999,1065,66,5,3,2
"2017-18","9727","Penn State","Amari Carter|J. Travascio-Green|Kamaria McDaniel|Siyeh Frazier|Teniya Page",5,1065,1073,8,0,0,0
"2017-18","9727","Maryland","Eleanna Christinaki|Ieshia Small|Kaila Charles|Kristen Confroy|Sarah Myers",5,1065,1138,73,2,5,-3
"2017-18","9727","Penn State","Amari Carter|De'Janae Boykin|J. Travascio-Green|Kamaria McDaniel|Teniya Page",5,1073,1138,65,5,2,3
"2017-18","9727","Maryland","Brianna Fraser|Ieshia Small|Kaila Charles|Kristen Confroy|Sarah Myers",5,1138,1170,32,0,0,0
"2017-18","9727","Penn State","Amari Carter|De'Janae Boykin|Jaylen Williams|Kamaria McDaniel|Teniya Page",5,1138,1170,32,0,0,0
"2017-18","9727","Penn State","Amari Carter|De'Janae Boykin|J. Travascio-Green|Kamaria McDaniel|Teniya Page",5,1170,1200,30,0,0,0
"2017-18","9727","Maryland","Brianna Fraser|Eleanna Christinaki|Ieshia Small|Kaila Charles|Kristen Confroy",5,1170,1200,30,0,0,0
"2017-18","9727","Penn State","Amari Carter|De'Janae Boykin|J. Travascio-Green|Jaylen Williams|Teniya Page",5,1200,1327,127,4,2,2
"2017-18","9727","Maryland","Blair Watson|Channise Lewis|Kaila Charles|Kristen Confroy|Stephanie Jones",5,1200,1408,208,2,6,-4
"2017-18","9727","Penn State","De'Janae Boykin|J. Travascio-Green|Jaylen Williams|Kamaria McDaniel|Teniya Page",5,1327,1448,121,2,3,-1
"2017-18","9727","Penn State","Amari Carter|De'Janae Boykin|J. Travascio-Green|Jaylen Williams|Teniya Page",5,1448,1634,186,3,9,-6
"2017-18","9727","Maryland","Blair Watson|Brianna Fraser|Channise Lewis|Ieshia Small|Kaila Charles",5,1408,1639,231,12,3,9
"2017-18","9727","Penn State","Amari Carter|De'Janae Boykin|J. Travascio-Green|Jaylen Williams|Siyeh Frazier",5,1634,1664,30,0,0,0
"2017-18","9727","Maryland","Brianna Fraser|Eleanna Christinaki|Ieshia Small|Kaila Charles|Kristen Confroy",5,1639,1712,73,0,5,-5
"2017-18","9727","Maryland","Brianna Fraser|Eleanna Christinaki|Kaila Charles|Kristen Confroy|Stephanie Jones",5,1712,1761,49,0,0,0
"2017-18","9727","Penn State","Amari Carter|De'Janae Boykin|J. Travascio-Green|Jaylen Williams|Kamaria McDaniel",5,1664,1761,97,5,0,5
"2017-18","9727","Maryland","Eleanna Christinaki|Ieshia Small|Kaila Charles|Kristen Confroy|Stephanie Jones",5,1761,1800,39,0,0,0
"2017-18","9727","Maryland","Blair Watson|Channise Lewis|Kaila Charles|Kristen Confroy|Stephanie Jones",5,1800,1852,52,2,0,2
"2017-18","9727","Maryland","Blair Watson|Brianna Fraser|Channise Lewis|Kaila Charles|Kristen Confroy",5,1852,1959,107,3,2,1
"2017-18","9727","Penn State","Amari Carter|De'Janae Boykin|J. Travascio-Green|Jaylen Williams|Teniya Page",5,1761,1959,198,2,5,-3
"2017-18","9727","Maryland","Blair Watson|Brianna Fraser|Ieshia Small|Kristen Confroy|Stephanie Jones",5,1959,2034,75,0,2,-2
"2017-18","9727","Penn State","Amari Carter|De'Janae Boykin|J. Travascio-Green|Jaylen Williams|Siyeh Frazier",5,1959,2034,75,2,0,2
"2017-18","9727","Penn State","Alisia Smith|Amari Carter|De'Janae Boykin|J. Travascio-Green|Teniya Page",5,2034,2077,43,2,2,0
"2017-18","9727","Penn State","Amari Carter|De'Janae Boykin|J. Travascio-Green|Jaylen Williams|Teniya Page",5,2077,2134,57,0,0,0
"2017-18","9727","Maryland","Blair Watson|Ieshia Small|Kaila Charles|Kristen Confroy|Stephanie Jones",5,2034,2148,114,2,2,0
"2017-18","9727","Maryland","Blair Watson|Brianna Fraser|Ieshia Small|Kristen Confroy|Stephanie Jones",5,2148,2164,16,1,2,-1
"2017-18","9727","Penn State","De'Janae Boykin|J. Travascio-Green|Jaylen Williams|Siyeh Frazier|Teniya Page",5,2134,2183,49,2,2,0
"2017-18","9727","Penn State","Alisia Smith|De'Janae Boykin|J. Travascio-Green|Siyeh Frazier|Teniya Page",5,2183,2201,18,0,0,0
"2017-18","9727","Maryland","Brianna Fraser|Channise Lewis|Ieshia Small|Kristen Confroy|Stephanie Jones",5,2164,2265,101,3,2,1
"2017-18","9727","Penn State","Alisia Smith|Amari Carter|De'Janae Boykin|J. Travascio-Green|Teniya Page",5,2201,2265,64,2,2,0
"2017-18","9727","Penn State","Amari Carter|De'Janae Boykin|J. Travascio-Green|Jaylen Williams|Teniya Page",5,2265,2400,135,0,4,-4
"2017-18","9727","Maryland","Blair Watson|Brianna Fraser|Ieshia Small|Kaila Charles|Kristen Confroy",5,2265,2400,135,4,0,4
"2017-18","9728","Iowa","Alexis Sevillian|Amanda Ollinger|Chase Coley|Kathleen Doyle|Megan Gustafson",5,0,228,228,9,17,-8
"2017-18","9728","Maryland","Blair Watson|Channise Lewis|Kaila Charles|Kristen Confroy|Stephanie Jones",5,0,242,242,17,11,6
"2017-18","9728","Maryland","Blair Watson|Brianna Fraser|Channise Lewis|Kaila Charles|Kristen Confroy",5,242,339,97,4,2,2
"2017-18","9728","Iowa","Alexis Sevillian|Amanda Ollinger|Hannah Stewart|Kathleen Doyle|Megan Gustafson",5,228,375,147,4,4,0
"2017-18","9728","Maryland","Blair Watson|Brianna Fraser|Channise Lewis|Ieshia Small|Kristen Confroy",5,339,375,36,0,0,0
"2017-18","9728","Maryland","Blair Watson|Brianna Fraser|Channise Lewis|Kaila Charles|Kristen Confroy",5,375,400,25,0,2,-2
"2017-18","9728","Iowa","Alexis Sevillian|Carly Mohns|Hannah Stewart|Kathleen Doyle|Megan Gustafson",5,375,466,91,2,2,0
"2017-18","9728","Maryland","Brianna Fraser|Channise Lewis|Eleanna Christinaki|Kaila Charles|Kristen Confroy",5,400,600,200,10,2,8
"2017-18","9728","Iowa","Alexis Sevillian|Amanda Ollinger|Chase Coley|Hannah Stewart|Kathleen Doyle",5,466,600,134,2,8,-6
"2017-18","9728","Maryland","Blair Watson|Channise Lewis|Eleanna Christinaki|Kaila Charles|Stephanie Jones",5,600,627,27,0,0,0
"2017-18","9728","Iowa","Alexis Sevillian|Amanda Ollinger|Chase Coley|Kathleen Doyle|Megan Gustafson",5,600,767,167,4,0,4
"2017-18","9728","Maryland","Blair Watson|Brianna Fraser|Channise Lewis|Eleanna Christinaki|Kaila Charles",5,627,767,140,0,4,-4
"2017-18","9728","Iowa","Amanda Ollinger|Chase Coley|Kathleen Doyle|Megan Gustafson|Zion Sanders",5,767,792,25,2,0,2
"2017-18","9728","Iowa","Alexis Sevillian|Amanda Ollinger|Hannah Stewart|Kathleen Doyle|Megan Gustafson",5,792,932,140,6,6,0
"2017-18","9728","Maryland","Blair Watson|Channise Lewis|Ieshia Small|Kaila Charles|Kristen Confroy",5,767,932,165,6,8,-2
"2017-18","9728","Iowa","Alexis Sevillian|Carly Mohns|Hannah Stewart|Kathleen Doyle|Megan Gustafson",5,932,953,21,1,3,-2
"2017-18","9728","Iowa","Alexis Sevillian|Carly Mohns|Chase Coley|Hannah Stewart|Kathleen Doyle",5,953,977,24,2,0,2
"2017-18","9728","Maryland","Blair Watson|Brianna Fraser|Channise Lewis|Kaila Charles|Kristen Confroy",5,932,977,45,3,3,0
"2017-18","9728","Iowa","Alexis Sevillian|Amanda Ollinger|Chase Coley|Hannah Stewart|Kathleen Doyle",5,977,1006,29,0,2,-2
"2017-18","9728","Iowa","Alexis Sevillian|Amanda Ollinger|Chase Coley|Hannah Stewart|Zion Sanders",5,1006,1058,52,0,2,-2
"2017-18","9728","Maryland","Blair Watson|Channise Lewis|Eleanna Christinaki|Kaila Charles|Kristen Confroy",5,977,1061,84,4,2,2
"2017-18","9728","Maryland","Blair Watson|Channise Lewis|Eleanna Christinaki|Kristen Confroy|Stephanie Jones",5,1061,1200,139,5,4,1
"2017-18","9728","Iowa","Alexis Sevillian|Amanda Ollinger|Chase Coley|Kathleen Doyle|Megan Gustafson",5,1058,1318,260,8,6,2
"2017-18","9728","Iowa","Alexis Sevillian|Amanda Ollinger|Hannah Stewart|Kathleen Doyle|Megan Gustafson",5,1318,1338,20,0,1,-1
"2017-18","9728","Maryland","Blair Watson|Channise Lewis|Kaila Charles|Kristen Confroy|Stephanie Jones",5,1200,1420,220,4,4,0
"2017-18","9728","Iowa","Alexis Sevillian|Carly Mohns|Hannah Stewart|Kathleen Doyle|Megan Gustafson",5,1338,1516,178,2,4,-2
"2017-18","9728","Iowa","Alexis Sevillian|Amanda Ollinger|Chase Coley|Kathleen Doyle|Megan Gustafson",5,1516,1663,147,0,3,-3
"2017-18","9728","Maryland","Blair Watson|Eleanna Christinaki|Kaila Charles|Kristen Confroy|Stephanie Jones",5,1420,1663,243,5,0,5
"2017-18","9728","Iowa","Amanda Ollinger|Chase Coley|Kathleen Doyle|Megan Gustafson|Zion Sanders",5,1663,1724,61,1,0,1
"2017-18","9728","Maryland","Blair Watson|Brianna Fraser|Channise Lewis|Kaila Charles|Kristen Confroy",5,1663,1724,61,0,1,-1
"2017-18","9728","Iowa","Amanda Ollinger|Hannah Stewart|Kathleen Doyle|Megan Gustafson|Zion Sanders",5,1724,1756,32,0,1,-1
"2017-18","9728","Maryland","Brianna Fraser|Channise Lewis|Ieshia Small|Kaila Charles|Kristen Confroy",5,1724,1756,32,1,0,1
"2017-18","9728","Maryland","Channise Lewis|Ieshia Small|Kaila Charles|Kristen Confroy|Stephanie Jones",5,1756,1800,44,2,3,-1
"2017-18","9728","Iowa","Carly Mohns|Hannah Stewart|Kathleen Doyle|Megan Gustafson|Zion Sanders",5,1756,1800,44,3,2,1
"2017-18","9728","Iowa","Alexis Sevillian|Amanda Ollinger|Hannah Stewart|Kathleen Doyle|Megan Gustafson",5,1800,1861,61,0,1,-1
"2017-18","9728","Maryland","Channise Lewis|Ieshia Small|Kaila Charles|Kristen Confroy|Stephanie Jones",5,1800,1861,61,1,0,1
"2017-18","9728","Iowa","Alexis Sevillian|Amanda Ollinger|Chase Coley|Kathleen Doyle|Megan Gustafson",5,1861,1988,127,5,11,-6
"2017-18","9728","Iowa","Carly Mohns|Chase Coley|Kathleen Doyle|Megan Gustafson|Zion Sanders",5,1988,2008,20,0,0,0
"2017-18","9728","Iowa","Carly Mohns|Chase Coley|Hannah Stewart|Kathleen Doyle|Zion Sanders",5,2008,2049,41,0,3,-3
"2017-18","9728","Iowa","Alexis Sevillian|Carly Mohns|Chase Coley|Hannah Stewart|Kathleen Doyle",5,2049,2096,47,3,0,3
"2017-18","9728","Maryland","Blair Watson|Channise Lewis|Kaila Charles|Kristen Confroy|Stephanie Jones",5,1861,2176,315,14,13,1
"2017-18","9728","Iowa","Alexis Sevillian|Amanda Ollinger|Chase Coley|Kathleen Doyle|Megan Gustafson",5,2096,2221,125,5,4,1
"2017-18","9728","Maryland","Blair Watson|Brianna Fraser|Channise Lewis|Kaila Charles|Kristen Confroy",5,2176,2247,71,4,0,4
"2017-18","9728","Maryland","Blair Watson|Brianna Fraser|Channise Lewis|Kristen Confroy|Stephanie Jones",5,2247,2269,22,0,0,0
"2017-18","9728","Maryland","Blair Watson|Brianna Fraser|Channise Lewis|Eleanna Christinaki|Stephanie Jones",5,2269,2338,69,0,3,-3
"2017-18","9728","Maryland","Aja Ellison|Brianna Fraser|Eleanna Christinaki|Ieshia Small|Sarah Myers",5,2338,2400,62,0,2,-2
"2017-18","9728","Iowa","Alexis Sevillian|Amanda Ollinger|Hannah Stewart|Kathleen Doyle|Megan Gustafson",5,2221,2400,179,5,0,5
"2017-18","9729","Maryland","Blair Watson|Channise Lewis|Kaila Charles|Kristen Confroy|Stephanie Jones",5,0,210,210,6,2,4
"2017-18","9729","Wisconsin","Abby LASZEWSKI|Courtne FREDRICKSON|Kendra VAN LEEUWEN|Marsha HOWARD|Niya BEVERLEY",5,0,210,210,2,6,-4
"2017-18","9729","Maryland","Blair Watson|Brianna Fraser|Channise Lewis|Kaila Charles|Kristen Confroy",5,210,313,103,4,2,2
"2017-18","9729","Wisconsin","Abby LASZEWSKI|Cayla McMORRIS|Courtne FREDRICKSON|Kendra VAN LEEUWEN|Marsha HOWARD|Niya BEVERLEY",6,210,313,103,2,4,-2
"2017-18","9729","Maryland","Brianna Fraser|Eleanna Christinaki|Ieshia Small|Kaila Charles|Kristen Confroy",5,313,464,151,3,0,3
"2017-18","9729","Wisconsin","Abby LASZEWSKI|Cayla McMORRIS|Kendra VAN LEEUWEN|Marsha HOWARD|Niya BEVERLEY|Suzanne GILREATH",6,313,464,151,0,3,-3
"2017-18","9729","Wisconsin","Abby LASZEWSKI|Cayla McMORRIS|Courtne FREDRICKSON|Kendra VAN LEEUWEN|Roichelle MARBLE",5,464,533,69,0,2,-2
"2017-18","9729","Wisconsin","Abby LASZEWSKI|Cayla McMORRIS|Courtne FREDRICKSON|Roichelle MARBLE|Suzanne GILREATH",5,533,600,67,3,0,3
"2017-18","9729","Maryland","Blair Watson|Brianna Fraser|Eleanna Christinaki|Ieshia Small|Stephanie Jones",5,464,600,136,2,3,-1
"2017-18","9729","Maryland","Blair Watson|Channise Lewis|Kaila Charles|Kristen Confroy|Stephanie Jones",5,600,822,222,6,4,2
"2017-18","9729","Wisconsin","Abby LASZEWSKI|Courtne FREDRICKSON|Marsha HOWARD|Niya BEVERLEY|Suzanne GILREATH",5,600,822,222,4,6,-2
"2017-18","9729","Maryland","Blair Watson|Brianna Fraser|Channise Lewis|Kaila Charles|Kristen Confroy",5,822,888,66,0,2,-2
"2017-18","9729","Wisconsin","Abby LASZEWSKI|Cayla McMORRIS|Kendra VAN LEEUWEN|Marsha HOWARD|Niya BEVERLEY",5,822,892,70,2,0,2
"2017-18","9729","Maryland","Brianna Fraser|Channise Lewis|Eleanna Christinaki|Ieshia Small|Kristen Confroy",5,888,928,40,2,2,0
"2017-18","9729","Maryland","Blair Watson|Brianna Fraser|Eleanna Christinaki|Ieshia Small|Kristen Confroy",5,928,996,68,0,0,0
"2017-18","9729","Wisconsin","Cayla McMORRIS|Courtne FREDRICKSON|Kendra VAN LEEUWEN|Marsha HOWARD|Niya BEVERLEY",5,892,996,104,2,2,0
"2017-18","9729","Wisconsin","Abby LASZEWSKI|Courtne FREDRICKSON|Kendra VAN LEEUWEN|Roichelle MARBLE|Suzanne GILREATH",5,996,1049,53,3,6,-3
"2017-18","9729","Wisconsin","Cayla McMORRIS|Courtne FREDRICKSON|Kendra VAN LEEUWEN|Marsha HOWARD|Suzanne GILREATH",5,1049,1087,38,0,2,-2
"2017-18","9729","Maryland","Blair Watson|Eleanna Christinaki|Ieshia Small|Kristen Confroy|Stephanie Jones",5,996,1135,139,11,3,8
"2017-18","9729","Maryland","Blair Watson|Brianna Fraser|Eleanna Christinaki|Ieshia Small|Kristen Confroy",5,1135,1163,28,3,0,3
"2017-18","9729","Wisconsin","Cayla McMORRIS|Courtne FREDRICKSON|Kendra VAN LEEUWEN|Marsha HOWARD|Niya BEVERLEY",5,1087,1163,76,0,6,-6
"2017-18","9729","Wisconsin","Abby LASZEWSKI|Cayla McMORRIS|Courtne FREDRICKSON|Kendra VAN LEEUWEN|Niya BEVERLEY",5,1163,1200,37,0,0,0
"2017-18","9729","Maryland","Blair Watson|Brianna Fraser|Eleanna Christinaki|Ieshia Small|Kaila Charles",5,1163,1200,37,0,0,0
"2017-18","9729","Wisconsin","Abby LASZEWSKI|Courtne FREDRICKSON|Kendra VAN LEEUWEN|Marsha HOWARD|Niya BEVERLEY",5,1200,1357,157,2,5,-3
"2017-18","9729","Wisconsin","Cayla McMORRIS|Courtne FREDRICKSON|Kendra VAN LEEUWEN|Marsha HOWARD|Niya BEVERLEY",5,1357,1409,52,0,4,-4
"2017-18","9729","Maryland","Blair Watson|Channise Lewis|Kaila Charles|Kristen Confroy|Stephanie Jones",5,1200,1427,227,9,2,7
"2017-18","9729","Maryland","Channise Lewis|Eleanna Christinaki|Kaila Charles|Kristen Confroy|Stephanie Jones",5,1427,1437,10,0,0,0
"2017-18","9729","Maryland","Brianna Fraser|Channise Lewis|Eleanna Christinaki|Kaila Charles|Kristen Confroy",5,1437,1495,58,0,2,-2
"2017-18","9729","Wisconsin","Cayla McMORRIS|Courtne FREDRICKSON|Kendra VAN LEEUWEN|Marsha HOWARD|Suzanne GILREATH",5,1409,1516,107,2,0,2
"2017-18","9729","Wisconsin","Abby LASZEWSKI|Cayla McMORRIS|Courtne FREDRICKSON|Niya BEVERLEY|Roichelle MARBLE",5,1516,1583,67,0,0,0
"2017-18","9729","Maryland","Brianna Fraser|Eleanna Christinaki|Ieshia Small|Kaila Charles|Kristen Confroy",5,1495,1644,149,3,1,2
"2017-18","9729","Wisconsin","Abby LASZEWSKI|Cayla McMORRIS|Kendra VAN LEEUWEN|Niya BEVERLEY|Roichelle MARBLE",5,1583,1644,61,1,3,-2
"2017-18","9729","Wisconsin","Abby LASZEWSKI|Cayla McMORRIS|Kendra VAN LEEUWEN|Marsha HOWARD|Niya BEVERLEY",5,1644,1701,57,0,2,-2
"2017-18","9729","Wisconsin","Abby LASZEWSKI|Courtne FREDRICKSON|Marsha HOWARD|Niya BEVERLEY|Suzanne GILREATH",5,1701,1800,99,4,3,1
"2017-18","9729","Maryland","Blair Watson|Brianna Fraser|Eleanna Christinaki|Ieshia Small|Stephanie Jones",5,1644,1800,156,5,4,1
"2017-18","9729","Maryland","Blair Watson|Brianna Fraser|Ieshia Small|Kaila Charles|Sarah Myers",5,1800,1838,38,1,0,1
"2017-18","9729","Maryland","Blair Watson|Brianna Fraser|Ieshia Small|Sarah Myers|Stephanie Jones",5,1838,1898,60,2,0,2
"2017-18","9729","Wisconsin","Cayla McMORRIS|Courtne FREDRICKSON|Marsha HOWARD|Niya BEVERLEY|Suzanne GILREATH",5,1800,1898,98,0,3,-3
"2017-18","9729","Maryland","Brianna Fraser|Eleanna Christinaki|Ieshia Small|Sarah Myers|Stephanie Jones",5,1898,1947,49,3,3,0
"2017-18","9729","Wisconsin","Cayla McMORRIS|Courtne FREDRICKSON|Kendra VAN LEEUWEN|Marsha HOWARD|Suzanne GILREATH",5,1898,1947,49,3,3,0
"2017-18","9729","Maryland","Brianna Fraser|Eleanna Christinaki|Kristen Confroy|Sarah Myers|Stephanie Jones",5,1947,2019,72,0,2,-2
"2017-18","9729","Wisconsin","Abby LASZEWSKI|Cayla McMORRIS|Kendra VAN LEEUWEN|Marsha HOWARD|Suzanne GILREATH",5,1947,2019,72,2,0,2
"2017-18","9729","Maryland","Brianna Fraser|Eleanna Christinaki|Kaila Charles|Kristen Confroy|Sarah Myers",5,2019,2069,50,0,2,-2
"2017-18","9729","Wisconsin","Abby LASZEWSKI|Cayla McMORRIS|Kendra VAN LEEUWEN|Marsha HOWARD|Roichelle MARBLE",5,2019,2069,50,2,0,2
"2017-18","9729","Wisconsin","Abby LASZEWSKI|Cayla McMORRIS|Courtne FREDRICKSON|Kendra VAN LEEUWEN|Roichelle MARBLE",5,2069,2090,21,2,0,2
"2017-18","9729","Wisconsin","Abby LASZEWSKI|Courtne FREDRICKSON|Kendra VAN LEEUWEN|Niya BEVERLEY|Roichelle MARBLE",5,2090,2115,25,0,2,-2
"2017-18","9729","Maryland","Brianna Fraser|Eleanna Christinaki|Ieshia Small|Kristen Confroy|Sarah Myers",5,2069,2230,161,4,6,-2
"2017-18","9729","Wisconsin","Cayla McMORRIS|Courtne FREDRICKSON|Kendra VAN LEEUWEN|Marsha HOWARD|Niya BEVERLEY",5,2115,2230,115,4,2,2
"2017-18","9729","Maryland","Brianna Fraser|Channise Lewis|Eleanna Christinaki|Ieshia Small|Sarah Myers",5,2230,2287,57,1,2,-1
"2017-18","9729","Wisconsin","Cayla McMORRIS|Courtne FREDRICKSON|Marsha HOWARD|Niya BEVERLEY|Suzanne GILREATH",5,2230,2328,98,4,3,1
"2017-18","9729","Wisconsin","Abby LASZEWSKI|Kara CROWLEY|Lexy RICHARDSON|Lizzie MILLER|Roichelle MARBLE",5,2328,2400,72,0,4,-4
"2017-18","9729","Maryland","Aja Ellison|Channise Lewis|Eleanna Christinaki|Ieshia Small|Sarah Myers",5,2287,2400,113,6,2,4
"2017-18","9730","Michigan State","Jenna Allen|Nia Hollie|Shay Colley|Sidney Cooks|Taryn McCutcheon",5,0,236,236,6,8,-2
"2017-18","9730","Maryland","Channise Lewis|Eleanna Christinaki|Kaila Charles|Kristen Confroy|Stephanie Jones",5,0,236,236,8,6,2
"2017-18","9730","Michigan State","Nia Hollie|Shay Colley|Sidney Cooks|Taryn McCutcheon|Taya Reimer",5,236,261,25,0,0,0
"2017-18","9730","Maryland","Brianna Fraser|Channise Lewis|Eleanna Christinaki|Kaila Charles|Kristen Confroy",5,236,261,25,0,0,0
"2017-18","9730","Maryland","Aja Ellison|Brianna Fraser|Channise Lewis|Eleanna Christinaki|Ieshia Small|Kaila Charles|Kristen Confroy",7,261,266,5,0,0,0
"2017-18","9730","Michigan State","Shay Colley|Sidney Cooks|Taryn McCutcheon|Taya Reimer|Victoria Gaines",5,261,366,105,4,4,0
"2017-18","9730","Maryland","Brianna Fraser|Channise Lewis|Eleanna Christinaki|Ieshia Small|Kaila Charles",5,266,366,100,4,4,0
"2017-18","9730","Maryland","Brianna Fraser|Channise Lewis|Ieshia Small|Kaila Charles|Kristen Confroy",5,366,397,31,2,0,2
"2017-18","9730","Michigan State","Branndais Agee|Jenna Allen|Nia Hollie|Shay Colley|Victoria Gaines",5,366,436,70,0,3,-3
"2017-18","9730","Maryland","Brianna Fraser|Eleanna Christinaki|Ieshia Small|Kaila Charles|Kristen Confroy",5,397,491,94,1,3,-2
"2017-18","9730","Maryland","Brianna Fraser|Channise Lewis|Eleanna Christinaki|Kaila Charles|Kristen Confroy",5,491,525,34,0,2,-2
"2017-18","9730","Maryland","Brianna Fraser|Channise Lewis|Eleanna Christinaki|Kristen Confroy|Stephanie Jones",5,525,600,75,0,2,-2
"2017-18","9730","Michigan State","Branndais Agee|Jenna Allen|Nia Hollie|Sidney Cooks|Taryn McCutcheon",5,436,600,164,7,0,7
"2017-18","9730","Michigan State","Jenna Allen|Shay Colley|Sidney Cooks|Taryn McCutcheon|Victoria Gaines",5,600,650,50,2,2,0
"2017-18","9730","Michigan State","Jenna Allen|Nia Hollie|Shay Colley|Taryn McCutcheon|Taya Reimer",5,650,787,137,2,0,2
"2017-18","9730","Maryland","Channise Lewis|Eleanna Christinaki|Kaila Charles|Kristen Confroy|Stephanie Jones",5,600,787,187,2,4,-2
"2017-18","9730","Maryland","Brianna Fraser|Eleanna Christinaki|Ieshia Small|Kaila Charles|Kristen Confroy",5,787,938,151,4,7,-3
"2017-18","9730","Maryland","Channise Lewis|Ieshia Small|Kaila Charles|Kristen Confroy|Stephanie Jones",5,938,950,12,0,2,-2
"2017-18","9730","Michigan State","Branndais Agee|Kennedy Johnson|Shay Colley|Sidney Cooks|Taryn McCutcheon",5,787,1009,222,9,6,3
"2017-18","9730","Maryland","Brianna Fraser|Channise Lewis|Ieshia Small|Kristen Confroy|Stephanie Jones",5,950,1156,206,7,6,1
"2017-18","9730","Michigan State","Jenna Allen|Nia Hollie|Shay Colley|Taryn McCutcheon|Victoria Gaines",5,1009,1173,164,6,8,-2
"2017-18","9730","Maryland","Brianna Fraser|Channise Lewis|Eleanna Christinaki|Ieshia Small|Kristen Confroy",5,1156,1200,44,3,2,1
"2017-18","9730","Michigan State","Branndais Agee|Jenna Allen|Nia Hollie|Taryn McCutcheon|Victoria Gaines",5,1173,1200,27,2,0,2
"2017-18","9730","Michigan State","Jenna Allen|Nia Hollie|Shay Colley|Sidney Cooks|Taryn McCutcheon",5,1200,1407,207,5,3,2
"2017-18","9730","Maryland","Brianna Fraser|Channise Lewis|Eleanna Christinaki|Kaila Charles|Kristen Confroy",5,1200,1407,207,3,5,-2
"2017-18","9730","Michigan State","Branndais Agee|Jenna Allen|Sidney Cooks|Taryn McCutcheon|Victoria Gaines",5,1407,1441,34,0,2,-2
"2017-18","9730","Michigan State","Branndais Agee|Sidney Cooks|Taryn McCutcheon|Taya Reimer|Victoria Gaines",5,1441,1449,8,0,1,-1
"2017-18","9730","Maryland","Brianna Fraser|Channise Lewis|Ieshia Small|Kaila Charles|Kristen Confroy",5,1407,1451,44,3,0,3
"2017-18","9730","Michigan State","Branndais Agee|Nia Hollie|Shay Colley|Taya Reimer|Victoria Gaines",5,1449,1549,100,2,6,-4
"2017-18","9730","Michigan State","Kennedy Johnson|Nia Hollie|Shay Colley|Taryn McCutcheon|Victoria Gaines",5,1549,1614,65,8,0,8
"2017-18","9730","Maryland","Brianna Fraser|Channise Lewis|Ieshia Small|Kristen Confroy|Stephanie Jones",5,1451,1614,163,6,10,-4
"2017-18","9730","Maryland","Channise Lewis|Eleanna Christinaki|Ieshia Small|Kaila Charles|Stephanie Jones",5,1614,1800,186,6,8,-2
"2017-18","9730","Michigan State","Branndais Agee|Kennedy Johnson|Shay Colley|Taryn McCutcheon|Victoria Gaines",5,1614,1800,186,8,6,2
"2017-18","9730","Maryland","Brianna Fraser|Channise Lewis|Eleanna Christinaki|Kaila Charles|Kristen Confroy",5,1800,1881,81,3,2,1
"2017-18","9730","Michigan State","Branndais Agee|Kennedy Johnson|Shay Colley|Taryn McCutcheon|Victoria Gaines",5,1800,1903,103,2,3,-1
"2017-18","9730","Maryland","Brianna Fraser|Eleanna Christinaki|Kaila Charles|Kristen Confroy|Stephanie Jones",5,1881,1933,52,2,0,2
"2017-18","9730","Michigan State","Branndais Agee|Kennedy Johnson|Shay Colley|Sidney Cooks|Taryn McCutcheon",5,1903,2035,132,6,6,0
"2017-18","9730","Michigan State","Branndais Agee|Jenna Allen|Shay Colley|Sidney Cooks|Taryn McCutcheon",5,2035,2325,290,4,6,-2
"2017-18","9730","Michigan State","Jenna Allen|Nia Hollie|Shay Colley|Sidney Cooks|Taryn McCutcheon",5,2325,2333,8,4,2,2
"2017-18","9730","Maryland","Brianna Fraser|Ieshia Small|Kaila Charles|Kristen Confroy|Stephanie Jones",5,1933,2348,415,12,18,-6
"2017-18","9730","Maryland","Eleanna Christinaki|Ieshia Small|Kaila Charles|Kristen Confroy|Stephanie Jones",5,2348,2400,52,2,1,1
"2017-18","9730","Michigan State","Branndais Agee|Jenna Allen|Nia Hollie|Shay Colley|Taryn McCutcheon|Victoria Gaines",6,2333,2400,67,5,2,3
"2017-18","9731","Maryland","Brianna Fraser|Channise Lewis|Eleanna Christinaki|Kaila Charles|Stephanie Jones",5,0,188,188,5,2,3
"2017-18","9731","Indiana","Amanda Cahill|Bendu Yeaney|Jaelynn Penn|Kym Royster|Tyra Buss",5,0,229,229,5,5,0
"2017-18","9731","Indiana","Amanda Cahill|Bendu Yeaney|Jaelynn Penn|Linsey Marchese|Tyra Buss",5,229,300,71,0,5,-5
"2017-18","9731","Maryland","Brianna Fraser|Channise Lewis|Eleanna Christinaki|Kaila Charles",4,188,300,112,5,3,2
"2017-18","9731","Indiana","Amanda Cahill|Jaelynn Penn|Keyanna Warthen|Linsey Marchese|Tyra Buss",5,300,398,98,6,3,3
"2017-18","9731","Maryland","Channise Lewis|Eleanna Christinaki|Kaila Charles|Stephanie Jones",4,300,398,98,3,6,-3
"2017-18","9731","Indiana","Bre Wickware|Jaelynn Penn|Keyanna Warthen|Kym Royster|Tyra Buss",5,398,445,47,0,2,-2
"2017-18","9731","Maryland","Eleanna Christinaki|Ieshia Small|Sarah Myers|Stephanie Jones",4,398,445,47,2,0,2
"2017-18","9731","Maryland","Brianna Fraser|Eleanna Christinaki|Ieshia Small|Sarah Myers|Stephanie Jones",5,445,489,44,0,0,0
"2017-18","9731","Indiana","Amanda Cahill|Bre Wickware|Jaelynn Penn|Kym Royster|Tyra Buss",5,445,568,123,2,3,-1
"2017-18","9731","Maryland","Eleanna Christinaki|Ieshia Small|Kaila Charles|Sarah Myers|Stephanie Jones",5,489,568,79,3,2,1
"2017-18","9731","Indiana","Amanda Cahill|Bendu Yeaney|Bre Wickware|Kym Royster|Tyra Buss",5,568,587,19,0,0,0
"2017-18","9731","Maryland","Eleanna Christinaki|Ieshia Small|Kaila Charles|Sarah Myers",4,568,600,32,0,0,0
"2017-18","9731","Indiana","Amanda Cahill|Bendu Yeaney|Jaelynn Penn|Kym Royster|Tyra Buss",5,587,775,188,3,4,-1
"2017-18","9731","Indiana","Amanda Cahill|Bendu Yeaney|Jaelynn Penn|Linsey Marchese|Tyra Buss",5,775,844,69,4,0,4
"2017-18","9731","Maryland","Channise Lewis|Eleanna Christinaki|Kaila Charles|Kristen Confroy|Stephanie Jones",5,600,844,244,4,7,-3
"2017-18","9731","Indiana","Amanda Cahill|Bendu Yeaney|Keyanna Warthen|Linsey Marchese|Tyra Buss",5,844,904,60,3,0,3
"2017-18","9731","Maryland","Brianna Fraser|Eleanna Christinaki|Ieshia Small|Kristen Confroy|Sarah Myers",5,844,904,60,0,3,-3
"2017-18","9731","Indiana","Amanda Cahill|Jaelynn Penn|Keyanna Warthen|Kym Royster|Tyra Buss",5,904,978,74,0,2,-2
"2017-18","9731","Maryland","Eleanna Christinaki|Ieshia Small|Kaila Charles|Kristen Confroy|Sarah Myers",5,904,1101,197,3,6,-3
"2017-18","9731","Indiana","Amanda Cahill|Bendu Yeaney|Jaelynn Penn|Kym Royster|Tyra Buss",5,978,1109,131,6,1,5
"2017-18","9731","Indiana","Amanda Cahill|Bendu Yeaney|Bre Wickware|Jaelynn Penn|Tyra Buss",5,1109,1134,25,1,2,-1
"2017-18","9731","Maryland","Channise Lewis|Eleanna Christinaki|Ieshia Small|Kaila Charles|Kristen Confroy",5,1101,1134,33,2,1,1
"2017-18","9731","Indiana","Amanda Cahill|Bendu Yeaney|Jaelynn Penn|Linsey Marchese|Tyra Buss",5,1134,1198,64,3,3,0
"2017-18","9731","Maryland","Aja Ellison|Channise Lewis|Eleanna Christinaki|Ieshia Small|Kristen Confroy",5,1134,1200,66,6,3,3
"2017-18","9731","Indiana","Amanda Cahill|Bre Wickware|Jaelynn Penn|Linsey Marchese|Tyra Buss",5,1198,1200,2,0,3,-3
"2017-18","9731","Indiana","Amanda Cahill|Bendu Yeaney|Jaelynn Penn|Kym Royster|Tyra Buss",5,1200,1387,187,4,7,-3
"2017-18","9731","Maryland","Aja Ellison|Brianna Fraser|Channise Lewis|Kaila Charles|Stephanie Jones",5,1200,1403,203,9,5,4
"2017-18","9731","Indiana","Amanda Cahill|Bendu Yeaney|Jaelynn Penn|Linsey Marchese|Tyra Buss",5,1387,1486,99,3,8,-5
"2017-18","9731","Maryland","Aja Ellison|Channise Lewis|Ieshia Small|Kaila Charles|Stephanie Jones",5,1403,1574,171,6,7,-1
"2017-18","9731","Indiana","Amanda Cahill|Bendu Yeaney|Jaelynn Penn|Kym Royster|Tyra Buss",5,1486,1653,167,8,2,6
"2017-18","9731","Maryland","Aja Ellison|Brianna Fraser|Channise Lewis|Kaila Charles|Stephanie Jones",5,1574,1800,226,4,11,-7
"2017-18","9731","Indiana","Amanda Cahill|Bendu Yeaney|Jaelynn Penn|Linsey Marchese|Tyra Buss",5,1653,1800,147,8,2,6
"2017-18","9731","Indiana","Amanda Cahill|Bendu Yeaney|Bre Wickware|Jaelynn Penn|Tyra Buss",5,1800,1854,54,3,2,1
"2017-18","9731","Indiana","Amanda Cahill|Bendu Yeaney|Bre Wickware|Kym Royster|Tyra Buss",5,1854,1921,67,0,2,-2
"2017-18","9731","Maryland","Brianna Fraser|Channise Lewis|Eleanna Christinaki|Kaila Charles|Kristen Confroy",5,1800,2044,244,10,7,3
"2017-18","9731","Indiana","Amanda Cahill|Bendu Yeaney|Jaelynn Penn|Linsey Marchese|Tyra Buss",5,1921,2058,137,4,6,-2
"2017-18","9731","Indiana","Amanda Cahill|Bendu Yeaney|Bre Wickware|Jaelynn Penn|Linsey Marchese",5,2058,2092,34,0,1,-1
"2017-18","9731","Indiana","Amanda Cahill|Bendu Yeaney|Jaelynn Penn|Linsey Marchese|Tyra Buss",5,2092,2256,164,7,6,1
"2017-18","9731","Maryland","Channise Lewis|Eleanna Christinaki|Kaila Charles|Kristen Confroy|Stephanie Jones",5,2044,2396,352,12,7,5
"2017-18","9731","Maryland","Channise Lewis|Ieshia Small|Kaila Charles|Kristen Confroy|Stephanie Jones",5,2396,2400,4,0,0,0
"2017-18","9731","Indiana","Amanda Cahill|Bendu Yeaney|Jaelynn Penn|Kym Royster|Tyra Buss",5,2256,2400,144,0,5,-5
"2017-18","9732","Ohio State","Asia Doss|Kelsey Mitchell|Linnae Harper|Sierra Calhoun|Stephanie Mavunga",5,0,303,303,5,12,-7
"2017-18","9732","Maryland","Channise Lewis|Eleanna Christinaki|Kaila Charles|Kristen Confroy|Stephanie Jones",5,0,303,303,12,5,7
"2017-18","9732","Maryland","Brianna Fraser|Channise Lewis|Eleanna Christinaki|Kristen Confroy|Stephanie Jones",5,303,460,157,8,10,-2
"2017-18","9732","Ohio State","Asia Doss|Kelsey Mitchell|Makayla Waterman|Sierra Calhoun|Stephanie Mavunga",5,303,486,183,10,10,0
"2017-18","9732","Maryland","Brianna Fraser|Channise Lewis|Ieshia Small|Kaila Charles|Kristen Confroy",5,460,486,26,2,0,2
"2017-18","9732","Ohio State","Alexa Hart|Kelsey Mitchell|Linnae Harper|Makayla Waterman|Sierra Calhoun",5,486,544,58,2,3,-1
"2017-18","9732","Maryland","Brianna Fraser|Channise Lewis|Eleanna Christinaki|Kaila Charles|Kristen Confroy",5,486,544,58,3,2,1
"2017-18","9732","Ohio State","Alexa Hart|Kelsey Mitchell|Linnae Harper|Sierra Calhoun|Stephanie Mavunga",5,544,600,56,2,2,0
"2017-18","9732","Ohio State","Alexa Hart|Asia Doss|Kelsey Mitchell|Linnae Harper|Stephanie Mavunga",5,600,620,20,0,0,0
"2017-18","9732","Ohio State","Alexa Hart|Asia Doss|Kelsey Mitchell|Sierra Calhoun|Stephanie Mavunga",5,620,744,124,2,8,-6
"2017-18","9732","Ohio State","Asia Doss|Kelsey Mitchell|Makayla Waterman|Sierra Calhoun|Stephanie Mavunga",5,744,924,180,4,9,-5
"2017-18","9732","Maryland","Channise Lewis|Eleanna Christinaki|Kaila Charles|Kristen Confroy|Stephanie Jones",5,544,924,380,19,8,11
"2017-18","9732","Maryland","Brianna Fraser|Channise Lewis|Eleanna Christinaki|Kaila Charles|Kristen Confroy",5,924,1016,92,0,3,-3
"2017-18","9732","Ohio State","Jensen Caretti|Kelsey Mitchell|Linnae Harper|Makayla Waterman|Stephanie Mavunga",5,924,1176,252,8,6,2
"2017-18","9732","Maryland","Brianna Fraser|Channise Lewis|Ieshia Small|Kaila Charles|Kristen Confroy",5,1016,1176,160,6,5,1
"2017-18","9732","Maryland","Brianna Fraser|Channise Lewis|Eleanna Christinaki|Ieshia Small|Kristen Confroy",5,1176,1200,24,0,2,-2
"2017-18","9732","Ohio State","Alexa Hart|Asia Doss|Jensen Caretti|Linnae Harper|Sierra Calhoun",5,1176,1200,24,2,0,2
"2017-18","9732","Ohio State","Asia Doss|Kelsey Mitchell|Linnae Harper|Sierra Calhoun|Stephanie Mavunga",5,1200,1329,129,7,6,1
"2017-18","9732","Maryland","Channise Lewis|Eleanna Christinaki|Kaila Charles|Kristen Confroy|Stephanie Jones",5,1200,1329,129,6,7,-1
"2017-18","9732","Ohio State","Alexa Hart|Asia Doss|Kelsey Mitchell|Sierra Calhoun|Stephanie Mavunga",5,1329,1460,131,4,5,-1
"2017-18","9732","Maryland","Brianna Fraser|Channise Lewis|Eleanna Christinaki|Kaila Charles|Kristen Confroy",5,1329,1460,131,5,4,1
"2017-18","9732","Maryland","Brianna Fraser|Channise Lewis|Eleanna Christinaki|Kristen Confroy|Stephanie Jones",5,1460,1465,5,0,0,0
"2017-18","9732","Ohio State","Alexa Hart|Asia Doss|Kelsey Mitchell|Makayla Waterman|Sierra Calhoun",5,1460,1493,33,0,0,0
"2017-18","9732","Ohio State","Alexa Hart|Asia Doss|Kelsey Mitchell|Linnae Harper|Makayla Waterman",5,1493,1560,67,0,3,-3
"2017-18","9732","Maryland","Brianna Fraser|Channise Lewis|Ieshia Small|Kristen Confroy|Stephanie Jones",5,1465,1560,95,3,0,3
"2017-18","9732","Ohio State","Asia Doss|Kelsey Mitchell|Linnae Harper|Makayla Waterman|Stephanie Mavunga",5,1560,1569,9,0,0,0
"2017-18","9732","Maryland","Channise Lewis|Ieshia Small|Kaila Charles|Kristen Confroy|Stephanie Jones",5,1560,1653,93,2,2,0
"2017-18","9732","Maryland","Channise Lewis|Eleanna Christinaki|Ieshia Small|Kaila Charles|Stephanie Jones",5,1653,1706,53,0,2,-2
"2017-18","9732","Maryland","Brianna Fraser|Channise Lewis|Eleanna Christinaki|Ieshia Small|Kaila Charles",5,1706,1800,94,5,4,1
"2017-18","9732","Ohio State","Alexa Hart|Kelsey Mitchell|Linnae Harper|Sierra Calhoun|Stephanie Mavunga",5,1569,1800,231,8,7,1
"2017-18","9732","Ohio State","Alexa Hart|Kelsey Mitchell|Linnae Harper|Sierra Calhoun|Stephanie Mavunga",5,1800,1829,29,2,5,-3
"2017-18","9732","Ohio State","Alexa Hart|Asia Doss|Kelsey Mitchell|Linnae Harper|Stephanie Mavunga",5,1829,1843,14,0,1,-1
"2017-18","9732","Ohio State","Alexa Hart|Asia Doss|Linnae Harper|Sierra Calhoun|Stephanie Mavunga",5,1843,1928,85,2,5,-3
"2017-18","9732","Maryland","Brianna Fraser|Channise Lewis|Eleanna Christinaki|Kaila Charles|Kristen Confroy",5,1800,2031,231,17,11,6
"2017-18","9732","Ohio State","Alexa Hart|Asia Doss|Kelsey Mitchell|Makayla Waterman|Sierra Calhoun",5,1928,2043,115,7,6,1
"2017-18","9732","Ohio State","Asia Doss|Kelsey Mitchell|Makayla Waterman|Sierra Calhoun|Stephanie Mavunga",5,2043,2156,113,0,2,-2
"2017-18","9732","Maryland","Channise Lewis|Eleanna Christinaki|Kaila Charles|Kristen Confroy|Stephanie Jones",5,2031,2156,125,2,0,2
"2017-18","9732","Ohio State","Asia Doss|Jensen Caretti|Makayla Waterman|Sierra Calhoun|Stephanie Mavunga",5,2156,2226,70,0,2,-2
"2017-18","9732","Maryland","Brianna Fraser|Channise Lewis|Ieshia Small|Kaila Charles|Kristen Confroy",5,2156,2226,70,2,0,2
"2017-18","9732","Maryland","Brianna Fraser|Ieshia Small|Kaila Charles|Kristen Confroy|Sarah Myers",5,2226,2281,55,0,0,0
"2017-18","9732","Maryland","Aja Ellison|Brianna Fraser|Ieshia Small|Kristen Confroy|Sarah Myers",5,2281,2302,21,2,0,2
"2017-18","9732","Maryland","Aja Ellison|Brianna Fraser|Ieshia Small|Sarah Myers|Stephanie Jones",5,2302,2400,98,5,4,1
"2017-18","9732","Ohio State","Alexa Hart|Asia Doss|Jensen Caretti|Linnae Harper|Makayla Waterman",5,2226,2400,174,4,7,-3
"2017-18","9733","Maryland","Channise Lewis|Eleanna Christinaki|Kaila Charles|Kristen Confroy|Stephanie Jones",5,0,257,257,11,8,3
"2017-18","9733","Maryland","Brianna Fraser|Channise Lewis|Eleanna Christinaki|Kaila Charles|Kristen Confroy",5,257,315,58,2,5,-3
"2017-18","9733","Northwestern","Abi Scheid|Bryana Hopkins|Jordan Hamilton|Lindsey Pulliam|P. Kunaiyi-Akpanah",5,0,315,315,13,13,0
"2017-18","9733","Northwestern","Abi Scheid|Bryana Hopkins|Jordan Hamilton|Lindsey Pulliam|Oceana Hamilton",5,315,395,80,2,9,-7
"2017-18","9733","Northwestern","Bryana Hopkins|Jordan Hamilton|Lindsey Pulliam|Oceana Hamilton|P. Kunaiyi-Akpanah",5,395,419,24,1,0,1
"2017-18","9733","Maryland","Brianna Fraser|Eleanna Christinaki|Ieshia Small|Kaila Charles|Kristen Confroy",5,315,506,191,13,8,5
"2017-18","9733","Northwestern","Byrdy Galernik|Jordan Hamilton|Lindsey Pulliam|Oceana Hamilton|P. Kunaiyi-Akpanah",5,419,506,87,5,4,1
"2017-18","9733","Northwestern","Abbie Wolf|Bryana Hopkins|Byrdy Galernik|Jordan Hamilton|P. Kunaiyi-Akpanah",5,506,600,94,2,0,2
"2017-18","9733","Maryland","Brianna Fraser|Channise Lewis|Eleanna Christinaki|Kristen Confroy|Stephanie Jones",5,506,600,94,0,2,-2
"2017-18","9733","Maryland","Brianna Fraser|Channise Lewis|Eleanna Christinaki|Kristen Confroy|Stephanie Jones",5,600,709,109,0,2,-2
"2017-18","9733","Northwestern","Abbie Wolf|Byrdy Galernik|Jordan Hamilton|Lindsey Pulliam|P. Kunaiyi-Akpanah",5,600,709,109,2,0,2
"2017-18","9733","Maryland","Channise Lewis|Eleanna Christinaki|Ieshia Small|Kristen Confroy|Stephanie Jones",5,709,900,191,4,4,0
"2017-18","9733","Northwestern","Abbie Wolf|Bryana Hopkins|Jordan Hamilton|Lindsey Pulliam|P. Kunaiyi-Akpanah",5,709,900,191,4,4,0
"2017-18","9733","Maryland","Brianna Fraser|Channise Lewis|Ieshia Small|Kristen Confroy|Stephanie Jones",5,900,1030,130,4,2,2
"2017-18","9733","Maryland","Aja Ellison|Channise Lewis|Ieshia Small|Kristen Confroy|Stephanie Jones",5,1030,1126,96,4,0,4
"2017-18","9733","Northwestern","Bryana Hopkins|Jordan Hamilton|Lindsey Pulliam|Oceana Hamilton|P. Kunaiyi-Akpanah",5,900,1126,226,2,8,-6
"2017-18","9733","Northwestern","Abbie Wolf|Bryana Hopkins|Byrdy Galernik|Lindsey Pulliam|P. Kunaiyi-Akpanah",5,1126,1200,74,2,3,-1
"2017-18","9733","Maryland","Aja Ellison|Channise Lewis|Eleanna Christinaki|Kristen Confroy|Stephanie Jones",5,1126,1200,74,3,2,1
"2017-18","9733","Maryland","Channise Lewis|Eleanna Christinaki|Kaila Charles|Kristen Confroy|Stephanie Jones",5,1200,1343,143,6,2,4
"2017-18","9733","Maryland","Channise Lewis|Eleanna Christinaki|Ieshia Small|Kaila Charles|Stephanie Jones",5,1343,1438,95,0,4,-4
"2017-18","9733","Northwestern","Abi Scheid|Bryana Hopkins|Jordan Hamilton|Lindsey Pulliam|P. Kunaiyi-Akpanah",5,1200,1438,238,6,6,0
"2017-18","9733","Northwestern","Bryana Hopkins|Byrdy Galernik|Jordan Hamilton|Lindsey Pulliam|P. Kunaiyi-Akpanah",5,1438,1468,30,0,2,-2
"2017-18","9733","Maryland","Channise Lewis|Ieshia Small|Kaila Charles|Kristen Confroy|Stephanie Jones",5,1438,1530,92,2,2,0
"2017-18","9733","Maryland","Eleanna Christinaki|Ieshia Small|Kaila Charles|Kristen Confroy|Stephanie Jones",5,1530,1628,98,2,2,0
"2017-18","9733","Northwestern","Abi Scheid|Byrdy Galernik|Jordan Hamilton|Lindsey Pulliam|P. Kunaiyi-Akpanah",5,1468,1628,160,4,2,2
"2017-18","9733","Northwestern","Abbie Wolf|Abi Scheid|Bryana Hopkins|Byrdy Galernik|Jordan Hamilton",5,1628,1685,57,0,0,0
"2017-18","9733","Maryland","Brianna Fraser|Eleanna Christinaki|Ieshia Small|Kaila Charles|Kristen Confroy",5,1628,1748,120,0,2,-2
"2017-18","9733","Northwestern","Abbie Wolf|Abi Scheid|Bryana Hopkins|Byrdy Galernik|Lindsey Pulliam",5,1685,1800,115,4,1,3
"2017-18","9733","Maryland","Brianna Fraser|Channise Lewis|Eleanna Christinaki|Ieshia Small|Stephanie Jones",5,1748,1800,52,1,2,-1
"2017-18","9733","Northwestern","Abbie Wolf|Abi Scheid|Bryana Hopkins|Byrdy Galernik|Lindsey Pulliam",5,1800,1864,64,2,0,2
"2017-18","9733","Maryland","Channise Lewis|Eleanna Christinaki|Kaila Charles|Kristen Confroy|Stephanie Jones",5,1800,1917,117,0,4,-4
"2017-18","9733","Northwestern","Abbie Wolf|Abi Scheid|Byrdy Galernik|Lindsey Pulliam|P. Kunaiyi-Akpanah",5,1864,1917,53,2,0,2
"2017-18","9733","Northwestern","Abbie Wolf|Abi Scheid|Byrdy Galernik|Lindsey Pulliam|Oceana Hamilton",5,1917,1926,9,1,0,1
"2017-18","9733","Maryland","Brianna Fraser|Channise Lewis|Eleanna Christinaki|Kristen Confroy|Stephanie Jones",5,1917,2087,170,6,5,1
"2017-18","9733","Northwestern","Abbie Wolf|Abi Scheid|Bryana Hopkins|Lindsey Pulliam|Oceana Hamilton",5,1926,2087,161,4,6,-2
"2017-18","9733","Maryland","Brianna Fraser|Channise Lewis|Ieshia Small|Kristen Confroy|Stephanie Jones",5,2087,2174,87,2,2,0
"2017-18","9733","Northwestern","Abi Scheid|Bryana Hopkins|Jordan Hamilton|Lindsey Pulliam|P. Kunaiyi-Akpanah",5,2087,2174,87,2,2,0
"2017-18","9733","Northwestern","Abi Scheid|Byrdy Galernik|Jordan Hamilton|Lindsey Pulliam|P. Kunaiyi-Akpanah",5,2174,2218,44,2,1,1
"2017-18","9733","Maryland","Brianna Fraser|Channise Lewis|Ieshia Small|Kaila Charles|Kristen Confroy",5,2174,2329,155,3,2,1
"2017-18","9733","Northwestern","Abbie Wolf|Abi Scheid|Byrdy Galernik|Jordan Hamilton|Lindsey Pulliam",5,2218,2329,111,0,2,-2
"2017-18","9733","Maryland","Brianna Fraser|Eleanna Christinaki|Ieshia Small|Kaila Charles|Kristen Confroy",5,2329,2347,18,0,1,-1
"2017-18","9733","Maryland","Brianna Fraser|Channise Lewis|Eleanna Christinaki|Kaila Charles|Kristen Confroy",5,2347,2373,26,3,0,3
"2017-18","9733","Northwestern","Abi Scheid|Byrdy Galernik|Jordan Hamilton|Lindsey Pulliam|P. Kunaiyi-Akpanah",5,2329,2373,44,1,3,-2
"2017-18","9733","Northwestern","Abi Scheid|Bryana Hopkins|Byrdy Galernik|Jordan Hamilton|Lindsey Pulliam",5,2373,2379,6,0,0,0
"2017-18","9733","Maryland","Brianna Fraser|Channise Lewis|Eleanna Christinaki|Ieshia Small|Kaila Charles|Kristen Confroy",6,2373,2396,23,2,2,0
"2017-18","9733","Northwestern","Abi Scheid|Byrdy Galernik|Jordan Hamilton|Lindsey Pulliam|P. Kunaiyi-Akpanah",5,2379,2400,21,4,2,2
"2017-18","9733","Maryland","Channise Lewis|Eleanna Christinaki|Ieshia Small|Kaila Charles|Kristen Confroy|Stephanie Jones",6,2396,2400,4,0,2,-2
"2017-18","9734","Rutgers","Khadaizha Sanders|Nigia Greene|Stasha Carey|Tyler Scaife|Victoria Harris",5,0,147,147,2,7,-5
"2017-18","9734","Rutgers","Jazlynd Rollins|Khadaizha Sanders|Nigia Greene|Stasha Carey|Victoria Harris",5,147,171,24,0,2,-2
"2017-18","9734","Rutgers","Jazlynd Rollins|Nigia Greene|Stasha Carey|Tyler Scaife|Victoria Harris",5,171,219,48,2,3,-1
"2017-18","9734","Rutgers","Caitlin Jenkins|Jazlynd Rollins|Nigia Greene|Stasha Carey|Tyler Scaife",5,219,308,89,0,4,-4
"2017-18","9734","Rutgers","Caitlin Jenkins|Jazlynd Rollins|Khadaizha Sanders|Stasha Carey|Tyler Scaife",5,308,385,77,2,2,0
"2017-18","9734","Maryland","Channise Lewis|Eleanna Christinaki|Kaila Charles|Kristen Confroy|Stephanie Jones",5,0,385,385,18,6,12
"2017-18","9734","Maryland","Eleanna Christinaki|Ieshia Small|Kaila Charles|Kristen Confroy|Stephanie Jones",5,385,473,88,0,2,-2
"2017-18","9734","Rutgers","Caitlin Jenkins|Jazlynd Rollins|Khadaizha Sanders|Tyler Scaife|Victoria Harris",5,385,498,113,2,2,0
"2017-18","9734","Maryland","Brianna Fraser|Channise Lewis|Eleanna Christinaki|Kaila Charles|Kristen Confroy",5,473,556,83,2,0,2
"2017-18","9734","Rutgers","Caitlin Jenkins|Jazlynd Rollins|Jordan Wallace|Khadaizha Sanders|Tyler Scaife",5,498,582,84,0,3,-3
"2017-18","9734","Maryland","Brianna Fraser|Channise Lewis|Eleanna Christinaki|Kristen Confroy|Stephanie Jones",5,556,582,26,3,0,3
"2017-18","9734","Maryland","Brianna Fraser|Eleanna Christinaki|Kristen Confroy|Sarah Myers|Stephanie Jones",5,582,600,18,0,2,-2
"2017-18","9734","Rutgers","Caitlin Jenkins|Jazlynd Rollins|Khadaizha Sanders|Stasha Carey|Tyler Scaife",5,582,600,18,2,0,2
"2017-18","9734","Maryland","Brianna Fraser|Channise Lewis|Eleanna Christinaki|Kristen Confroy|Stephanie Jones",5,600,644,44,0,2,-2
"2017-18","9734","Rutgers","Caitlin Jenkins|Khadaizha Sanders|Nigia Greene|Stasha Carey|Tyler Scaife",5,600,663,63,2,0,2
"2017-18","9734","Maryland","Eleanna Christinaki|Kaila Charles|Kristen Confroy|Sarah Myers|Stephanie Jones",5,644,690,46,2,1,1
"2017-18","9734","Rutgers","Caitlin Jenkins|Ciani Cryor|Jazlynd Rollins|Nigia Greene|Stasha Carey",5,663,779,116,9,7,2
"2017-18","9734","Rutgers","Caitlin Jenkins|Ciani Cryor|Jazlynd Rollins|Nigia Greene|Tekia Mack",5,779,840,61,0,2,-2
"2017-18","9734","Maryland","Channise Lewis|Eleanna Christinaki|Kaila Charles|Kristen Confroy|Stephanie Jones",5,690,840,150,7,8,-1
"2017-18","9734","Rutgers","Caitlin Jenkins|Ciani Cryor|Khadaizha Sanders|Nigia Greene|Tekia Mack",5,840,921,81,0,2,-2
"2017-18","9734","Maryland","Brianna Fraser|Channise Lewis|Ieshia Small|Kaila Charles|Kristen Confroy",5,840,921,81,2,0,2
"2017-18","9734","Rutgers","Ciani Cryor|Kathleen Fitzpatrick|Khadaizha Sanders|Mael Gilles|Stasha Carey",5,921,967,46,0,0,0
"2017-18","9734","Rutgers","Ciani Cryor|Kathleen Fitzpatrick|Mael Gilles|Stasha Carey|Tyler Scaife",5,967,972,5,0,0,0
"2017-18","9734","Maryland","Brianna Fraser|Channise Lewis|Eleanna Christinaki|Ieshia Small|Kaila Charles",5,921,972,51,0,0,0
"2017-18","9734","Maryland","Brianna Fraser|Eleanna Christinaki|Ieshia Small|Kaila Charles|Kristen Confroy",5,972,1001,29,0,2,-2
"2017-18","9734","Rutgers","Kathleen Fitzpatrick|Khadaizha Sanders|Mael Gilles|Stasha Carey|Tyler Scaife",5,972,1080,108,5,5,0
"2017-18","9734","Rutgers","Jazlynd Rollins|Kathleen Fitzpatrick|Khadaizha Sanders|Mael Gilles|Tyler Scaife",5,1080,1173,93,0,0,0
"2017-18","9734","Maryland","Eleanna Christinaki|Ieshia Small|Kaila Charles|Kristen Confroy|Stephanie Jones",5,1001,1178,177,7,3,4
"2017-18","9734","Maryland","Brianna Fraser|Ieshia Small|Kaila Charles|Kristen Confroy|Stephanie Jones",5,1178,1200,22,0,3,-3
"2017-18","9734","Rutgers","Jazlynd Rollins|Kathleen Fitzpatrick|Khadaizha Sanders|Nigia Greene|Tyler Scaife",5,1173,1200,27,3,2,1
"2017-18","9734","Maryland","Channise Lewis|Eleanna Christinaki|Kaila Charles|Kristen Confroy|Stephanie Jones",5,1200,1338,138,2,2,0
"2017-18","9734","Maryland","Brianna Fraser|Channise Lewis|Eleanna Christinaki|Kaila Charles|Kristen Confroy",5,1338,1520,182,5,6,-1
"2017-18","9734","Rutgers","Caitlin Jenkins|Jazlynd Rollins|Khadaizha Sanders|Nigia Greene|Tyler Scaife",5,1200,1554,354,8,9,-1
"2017-18","9734","Rutgers","Caitlin Jenkins|Ciani Cryor|Khadaizha Sanders|Nigia Greene|Tyler Scaife",5,1554,1569,15,2,0,2
"2017-18","9734","Rutgers","Caitlin Jenkins|Ciani Cryor|Kate Hill|Nigia Greene|Tyler Scaife",5,1569,1588,19,0,0,0
"2017-18","9734","Rutgers","Ciani Cryor|Kate Hill|Nigia Greene|Stasha Carey|Tyler Scaife",5,1588,1629,41,1,4,-3
"2017-18","9734","Maryland","Brianna Fraser|Eleanna Christinaki|Ieshia Small|Kaila Charles|Kristen Confroy",5,1520,1649,129,6,3,3
"2017-18","9734","Rutgers","Ciani Cryor|Khadaizha Sanders|Nigia Greene|Stasha Carey|Tyler Scaife",5,1629,1657,28,0,3,-3
"2017-18","9734","Maryland","Brianna Fraser|Eleanna Christinaki|Ieshia Small|Kristen Confroy|Stephanie Jones",5,1649,1773,124,6,0,6
"2017-18","9734","Maryland","Brianna Fraser|Ieshia Small|Kaila Charles|Kristen Confroy|Stephanie Jones",5,1773,1800,27,2,0,2
"2017-18","9734","Rutgers","Ciani Cryor|Kathleen Fitzpatrick|Khadaizha Sanders|Stasha Carey|Tyler Scaife",5,1657,1800,143,0,5,-5
"2017-18","9734","Rutgers","Caitlin Jenkins|Ciani Cryor|Kathleen Fitzpatrick|Khadaizha Sanders|Tyler Scaife",5,1800,1890,90,4,5,-1
"2017-18","9734","Maryland","Brianna Fraser|Ieshia Small|Kaila Charles|Kristen Confroy|Stephanie Jones",5,1800,1890,90,5,4,1
"2017-18","9734","Rutgers","Caitlin Jenkins|Jazlynd Rollins|Kathleen Fitzpatrick|Khadaizha Sanders|Tyler Scaife",5,1890,1911,21,0,0,0
"2017-18","9734","Rutgers","Caitlin Jenkins|Ciani Cryor|Jazlynd Rollins|Khadaizha Sanders|Tyler Scaife",5,1911,1976,65,0,5,-5
"2017-18","9734","Rutgers","Caitlin Jenkins|Ciani Cryor|Khadaizha Sanders|Tyler Scaife|Victoria Harris",5,1976,2010,34,0,2,-2
"2017-18","9734","Maryland","Brianna Fraser|Eleanna Christinaki|Ieshia Small|Kaila Charles|Stephanie Jones",5,1890,2010,120,7,0,7
"2017-18","9734","Rutgers","Caitlin Jenkins|Khadaizha Sanders|Nigia Greene|Tyler Scaife|Victoria Harris",5,2010,2124,114,3,6,-3
"2017-18","9734","Maryland","Brianna Fraser|Eleanna Christinaki|Ieshia Small|Sarah Myers|Stephanie Jones",5,2010,2124,114,6,3,3
"2017-18","9734","Rutgers","Jazlynd Rollins|Nigia Greene|Stasha Carey|Tyler Scaife|Victoria Harris",5,2124,2167,43,2,0,2
"2017-18","9734","Maryland","Aja Ellison|Eleanna Christinaki|Ieshia Small|Sarah Myers|Stephanie Jones",5,2124,2168,44,0,2,-2
"2017-18","9734","Maryland","Aja Ellison|Channise Lewis|Ieshia Small|Sarah Myers|Stephanie Jones",5,2168,2185,17,0,1,-1
"2017-18","9734","Rutgers","Jazlynd Rollins|Kate Hill|Stasha Carey|Tyler Scaife|Victoria Harris",5,2167,2209,42,3,0,3
"2017-18","9734","Rutgers","Desiree Keeling|Jazlynd Rollins|Kate Hill|Mael Gilles|Tyler Scaife",5,2209,2259,50,0,1,-1
"2017-18","9734","Rutgers","Desiree Keeling|Jazlynd Rollins|Kate Hill|Kathleen Fitzpatrick|Mael Gilles",5,2259,2349,90,5,4,1
"2017-18","9734","Maryland","Aja Ellison|Brianna Fraser|Channise Lewis|Ieshia Small|Sarah Myers",5,2185,2400,215,8,10,-2
"2017-18","9734","Rutgers","Desiree Keeling|Jazlynd Rollins|Jordan Wallace|Kate Hill|Kathleen Fitzpatrick",5,2349,2400,51,3,3,0
"2017-18","9735","Maryland","Channise Lewis|Eleanna Christinaki|Kaila Charles|Kristen Confroy|Stephanie Jones",5,0,109,109,4,0,4
"2017-18","9735","Nebraska","Hannah Whitish|Jasmine Cincore|Kate Cain|Maddie Simon|Nicea Eliely",5,0,212,212,4,9,-5
"2017-18","9735","Maryland","Brianna Fraser|Channise Lewis|Eleanna Christinaki|Kaila Charles|Kristen Confroy|Stephanie Jones",6,109,262,153,7,5,2
"2017-18","9735","Nebraska","Hannah Whitish|Kate Cain|Maddie Simon|Nicea Eliely|Taylor Kissinger",5,212,262,50,1,2,-1
"2017-18","9735","Maryland","Channise Lewis|Eleanna Christinaki|Kaila Charles|Kristen Confroy|Stephanie Jones",5,262,320,58,0,3,-3
"2017-18","9735","Nebraska","Darrien Washington|Hannah Whitish|Maddie Simon|Nicea Eliely|Taylor Kissinger",5,262,320,58,3,0,3
"2017-18","9735","Maryland","Eleanna Christinaki|Ieshia Small|Kaila Charles|Kristen Confroy|Stephanie Jones",5,320,353,33,0,2,-2
"2017-18","9735","Maryland","Brianna Fraser|Eleanna Christinaki|Ieshia Small|Kaila Charles|Kristen Confroy",5,353,430,77,0,0,0
"2017-18","9735","Nebraska","Darrien Washington|Hannah Whitish|Janay Morton|Maddie Simon|Taylor Kissinger",5,320,430,110,2,0,2
"2017-18","9735","Nebraska","Bria Stallworth|Grace Mitchell|Janay Morton|Jasmine Cincore|Rachel Blackburn",5,430,439,9,0,1,-1
"2017-18","9735","Maryland","Brianna Fraser|Channise Lewis|Eleanna Christinaki|Ieshia Small|Kaila Charles",5,430,506,76,1,0,1
"2017-18","9735","Nebraska","Bria Stallworth|Janay Morton|Jasmine Cincore|Nicea Eliely|Rachel Blackburn|Taylor Kissinger",6,439,506,67,0,0,0
"2017-18","9735","Maryland","Aja Ellison|Channise Lewis|Eleanna Christinaki|Ieshia Small|Kaila Charles",5,506,599,93,2,0,2
"2017-18","9735","Nebraska","Bria Stallworth|Janay Morton|Jasmine Cincore|Kate Cain|Nicea Eliely|Taylor Kissinger",6,506,600,94,0,2,-2
"2017-18","9735","Maryland","Aja Ellison|Eleanna Christinaki|Ieshia Small|Kaila Charles|Kristen Confroy",5,599,600,1,0,0,0
"2017-18","9735","Maryland","Eleanna Christinaki|Ieshia Small|Kaila Charles|Kristen Confroy|Stephanie Jones",5,600,617,17,0,0,0
"2017-18","9735","Nebraska","Darrien Washington|Hannah Whitish|Kate Cain|Maddie Simon|Nicea Eliely",5,600,617,17,0,0,0
"2017-18","9735","Nebraska","Darrien Washington|Hannah Whitish|Maddie Simon|Nicea Eliely",4,617,697,80,0,2,-2
"2017-18","9735","Nebraska","Grace Mitchell|Hannah Whitish|Maddie Simon|Taylor Kissinger",4,697,725,28,0,0,0
"2017-18","9735","Maryland","Aja Ellison|Eleanna Christinaki|Ieshia Small|Kaila Charles|Kristen Confroy",5,617,794,177,2,2,0
"2017-18","9735","Nebraska","Hannah Whitish|Maddie Simon|Rachel Blackburn|Taylor Kissinger",4,725,797,72,2,0,2
"2017-18","9735","Nebraska","Hannah Whitish|Janay Morton|Maddie Simon|Rachel Blackburn",4,797,823,26,0,0,0
"2017-18","9735","Nebraska","Hannah Whitish|Janay Morton|Maddie Simon|Rachel Blackburn|Taylor Kissinger",5,823,889,66,0,2,-2
"2017-18","9735","Maryland","Aja Ellison|Ieshia Small|Kaila Charles|Kristen Confroy",4,794,928,134,4,0,4
"2017-18","9735","Maryland","Eleanna Christinaki|Ieshia Small|Kaila Charles|Kristen Confroy",4,928,1023,95,4,4,0
"2017-18","9735","Nebraska","Bria Stallworth|Janay Morton|Maddie Simon|Rachel Blackburn|Taylor Kissinger",5,889,1023,134,4,6,-2
"2017-18","9735","Maryland","Aja Ellison|Ieshia Small|Kaila Charles|Kristen Confroy",4,1023,1092,69,0,4,-4
"2017-18","9735","Nebraska","Darrien Washington|Hannah Whitish|Jasmine Cincore|Nicea Eliely|Taylor Kissinger",5,1023,1200,177,6,3,3
"2017-18","9735","Maryland","Aja Ellison|Eleanna Christinaki|Kaila Charles|Kristen Confroy",4,1092,1200,108,3,2,1
"2017-18","9735","Nebraska","Hannah Whitish|Jasmine Cincore|Kate Cain|Maddie Simon|Nicea Eliely",5,1200,1380,180,2,7,-5
"2017-18","9735","Maryland","Brianna Fraser|Channise Lewis|Kaila Charles|Kristen Confroy|Stephanie Jones",5,1200,1442,242,9,6,3
"2017-18","9735","Nebraska","Hannah Whitish|Jasmine Cincore|Kate Cain|Nicea Eliely|Taylor Kissinger",5,1380,1442,62,4,2,2
"2017-18","9735","Nebraska","Hannah Whitish|Janay Morton|Jasmine Cincore|Kate Cain|Taylor Kissinger",5,1442,1528,86,4,4,0
"2017-18","9735","Nebraska","Darrien Washington|Hannah Whitish|Janay Morton|Jasmine Cincore|Taylor Kissinger",5,1528,1657,129,2,3,-1
"2017-18","9735","Maryland","Brianna Fraser|Channise Lewis|Kaila Charles|Kristen Confroy",4,1442,1773,331,11,9,2
"2017-18","9735","Nebraska","Bria Stallworth|Jasmine Cincore|Kate Cain|Nicea Eliely|Taylor Kissinger",5,1657,1773,116,3,4,-1
"2017-18","9735","Nebraska","Bria Stallworth|Emily Wood|Kate Cain|Maddie Simon|Nicea Eliely",5,1773,1794,21,2,0,2
"2017-18","9735","Nebraska","Bria Stallworth|Darrien Washington|Emily Wood|Maddie Simon|Nicea Eliely",5,1794,1800,6,0,0,0
"2017-18","9735","Maryland","Aja Ellison|Ieshia Small|Kaila Charles|Kristen Confroy|Sarah Myers",5,1773,1800,27,0,2,-2
"2017-18","9735","Nebraska","Emily Wood|Hannah Whitish|Kate Cain|Maddie Simon|Nicea Eliely",5,1800,1871,71,3,4,-1
"2017-18","9735","Maryland","Brianna Fraser|Channise Lewis|Eleanna Christinaki|Kaila Charles|Kristen Confroy",5,1800,1881,81,4,3,1
"2017-18","9735","Maryland","Channise Lewis|Eleanna Christinaki|Kaila Charles|Kristen Confroy|Stephanie Jones",5,1881,1965,84,3,0,3
"2017-18","9735","Maryland","Brianna Fraser|Channise Lewis|Eleanna Christinaki|Kaila Charles|Kristen Confroy",5,1965,2015,50,0,2,-2
"2017-18","9735","Maryland","Aja Ellison|Channise Lewis|Eleanna Christinaki|Kaila Charles|Kristen Confroy",5,2015,2147,132,1,0,1
"2017-18","9735","Nebraska","Hannah Whitish|Jasmine Cincore|Kate Cain|Nicea Eliely|Taylor Kissinger",5,1871,2147,276,2,4,-2
"2017-18","9735","Maryland","Channise Lewis|Ieshia Small|Kaila Charles|Kristen Confroy|Stephanie Jones",5,2147,2234,87,0,5,-5
"2017-18","9735","Nebraska","Bria Stallworth|Janay Morton|Kate Cain|Maddie Simon|Taylor Kissinger",5,2147,2276,129,5,3,2
"2017-18","9735","Nebraska","Bria Stallworth|Janay Morton|Jasmine Cincore|Kate Cain|Maddie Simon",5,2276,2298,22,2,0,2
"2017-18","9735","Maryland","Brianna Fraser|Channise Lewis|Eleanna Christinaki|Kaila Charles|Kristen Confroy",5,2234,2374,140,6,5,1
"2017-18","9735","Nebraska","Bria Stallworth|Hannah Whitish|Jasmine Cincore|Kate Cain|Taylor Kissinger",5,2298,2374,76,3,3,0
"2017-18","9735","Nebraska","Hannah Whitish|Janay Morton|Jasmine Cincore|Kate Cain|Taylor Kissinger",5,2374,2400,26,3,3,0
"2017-18","9735","Maryland","Brianna Fraser|Channise Lewis|Ieshia Small|Kaila Charles|Kristen Confroy",5,2374,2400,26,3,3,0
"2017-18","9736","Michigan State","Branndais Agee|Kennedy Johnson|Nia Hollie|Sidney Cooks|Taryn McCutcheon",5,0,188,188,4,5,-1
"2017-18","9736","Maryland","Channise Lewis|Eleanna Christinaki|Kaila Charles|Kristen Confroy|Stephanie Jones",5,0,323,323,11,4,7
"2017-18","9736","Michigan State","Kennedy Johnson|Lexi Gussert|Nia Hollie|Sidney Cooks|Taryn McCutcheon",5,188,323,135,0,6,-6
"2017-18","9736","Maryland","Brianna Fraser|Channise Lewis|Eleanna Christinaki|Kaila Charles|Kristen Confroy",5,323,383,60,2,3,-1
"2017-18","9736","Michigan State","Jenna Allen|Lexi Gussert|Taryn McCutcheon|Taya Reimer|Victoria Gaines",5,323,417,94,3,4,-1
"2017-18","9736","Maryland","Brianna Fraser|Channise Lewis|Ieshia Small|Kaila Charles|Kristen Confroy",5,383,468,85,4,0,4
"2017-18","9736","Michigan State","Branndais Agee|Jenna Allen|Taryn McCutcheon|Taya Reimer|Victoria Gaines",5,417,495,78,0,2,-2
"2017-18","9736","Maryland","Brianna Fraser|Channise Lewis|Eleanna Christinaki|Kristen Confroy|Stephanie Jones",5,468,506,38,0,0,0
"2017-18","9736","Michigan State","Branndais Agee|Kennedy Johnson|Sidney Cooks|Taryn McCutcheon|Victoria Gaines",5,495,600,105,8,0,8
"2017-18","9736","Maryland","Channise Lewis|Eleanna Christinaki|Kaila Charles|Kristen Confroy|Stephanie Jones",5,506,704,198,2,11,-9
"2017-18","9736","Michigan State","Branndais Agee|Kennedy Johnson|Sidney Cooks|Taryn McCutcheon|Victoria Gaines",5,600,752,152,3,4,-1
"2017-18","9736","Maryland","Channise Lewis|Ieshia Small|Kaila Charles|Kristen Confroy|Stephanie Jones",5,704,785,81,2,0,2
"2017-18","9736","Maryland","Channise Lewis|Eleanna Christinaki|Ieshia Small|Kaila Charles|Kristen Confroy",5,785,877,92,4,2,2
"2017-18","9736","Michigan State","Branndais Agee|Kennedy Johnson|Taryn McCutcheon|Taya Reimer|Victoria Gaines",5,752,877,125,2,4,-2
"2017-18","9736","Maryland","Channise Lewis|Eleanna Christinaki|Ieshia Small|Kristen Confroy|Stephanie Jones",5,877,936,59,0,2,-2
"2017-18","9736","Michigan State","Branndais Agee|Kennedy Johnson|Lexi Gussert|Nia Hollie|Taya Reimer",5,877,951,74,2,0,2
"2017-18","9736","Michigan State","Branndais Agee|Nia Hollie|Sidney Cooks|Taryn McCutcheon|Taya Reimer",5,951,954,3,0,2,-2
"2017-18","9736","Maryland","Brianna Fraser|Channise Lewis|Eleanna Christinaki|Ieshia Small|Kristen Confroy",5,936,1059,123,6,2,4
"2017-18","9736","Michigan State","Nia Hollie|Sidney Cooks|Taryn McCutcheon|Taya Reimer|Victoria Gaines",5,954,1102,148,5,7,-2
"2017-18","9736","Maryland","Channise Lewis|Eleanna Christinaki|Ieshia Small|Kristen Confroy|Stephanie Jones",5,1059,1191,132,3,5,-2
"2017-18","9736","Michigan State","Kennedy Johnson|Nia Hollie|Sidney Cooks|Taryn McCutcheon|Victoria Gaines",5,1102,1191,89,2,0,2
"2017-18","9736","Michigan State","Kennedy Johnson|Nia Hollie|Taryn McCutcheon|Taya Reimer|Victoria Gaines",5,1191,1200,9,0,2,-2
"2017-18","9736","Maryland","Channise Lewis|Ieshia Small|Kristen Confroy|Sarah Myers|Stephanie Jones",5,1191,1200,9,2,0,2
"2017-18","9736","Michigan State","Branndais Agee|Kennedy Johnson|Nia Hollie|Sidney Cooks|Taryn McCutcheon",5,1200,1245,45,0,0,0
"2017-18","9736","Michigan State","Kennedy Johnson|Lexi Gussert|Nia Hollie|Sidney Cooks|Taryn McCutcheon",5,1245,1251,6,0,0,0
"2017-18","9736","Michigan State","Kennedy Johnson|Lexi Gussert|Nia Hollie|Taryn McCutcheon|Taya Reimer",5,1251,1362,111,4,7,-3
"2017-18","9736","Maryland","Channise Lewis|Eleanna Christinaki|Kaila Charles|Kristen Confroy|Stephanie Jones",5,1200,1452,252,16,6,10
"2017-18","9736","Michigan State","Jenna Allen|Lexi Gussert|Taryn McCutcheon|Taya Reimer|Victoria Gaines",5,1362,1452,90,2,9,-7
"2017-18","9736","Maryland","Brianna Fraser|Channise Lewis|Eleanna Christinaki|Kaila Charles|Kristen Confroy",5,1452,1502,50,2,2,0
"2017-18","9736","Michigan State","Kennedy Johnson|Lexi Gussert|Taryn McCutcheon|Taya Reimer|Victoria Gaines",5,1452,1579,127,2,2,0
"2017-18","9736","Maryland","Brianna Fraser|Channise Lewis|Ieshia Small|Kaila Charles|Kristen Confroy",5,1502,1607,105,0,1,-1
"2017-18","9736","Michigan State","Branndais Agee|Kennedy Johnson|Taryn McCutcheon|Taya Reimer|Victoria Gaines",5,1579,1607,28,1,0,1
"2017-18","9736","Maryland","Channise Lewis|Ieshia Small|Kaila Charles|Kristen Confroy|Stephanie Jones",5,1607,1697,90,5,0,5
"2017-18","9736","Michigan State","Branndais Agee|Nia Hollie|Taryn McCutcheon|Victoria Gaines",4,1607,1709,102,0,5,-5
"2017-18","9736","Maryland","Eleanna Christinaki|Ieshia Small|Kaila Charles|Kristen Confroy|Stephanie Jones",5,1697,1722,25,0,1,-1
"2017-18","9736","Michigan State","Branndais Agee|Lexi Gussert|Taryn McCutcheon|Victoria Gaines",4,1709,1797,88,5,2,3
"2017-18","9736","Michigan State","Branndais Agee|Lexi Gussert|Taryn McCutcheon|Taya Reimer|Victoria Gaines",5,1797,1800,3,2,0,2
"2017-18","9736","Maryland","Eleanna Christinaki|Ieshia Small|Kristen Confroy|Sarah Myers|Stephanie Jones",5,1722,1800,78,2,6,-4
"2017-18","9736","Maryland","Channise Lewis|Eleanna Christinaki|Kaila Charles|Kristen Confroy|Stephanie Jones",5,1800,2146,346,6,13,-7
"2017-18","9736","Maryland","Eleanna Christinaki|Ieshia Small|Kaila Charles|Kristen Confroy|Stephanie Jones",5,2146,2203,57,0,0,0
"2017-18","9736","Maryland","Channise Lewis|Eleanna Christinaki|Ieshia Small|Kaila Charles|Stephanie Jones",5,2203,2230,27,1,0,1
"2017-18","9736","Maryland","Channise Lewis|Ieshia Small|Kaila Charles|Kristen Confroy|Stephanie Jones",5,2230,2353,123,2,5,-3
"2017-18","9736","Maryland","Channise Lewis|Eleanna Christinaki|Kaila Charles|Kristen Confroy|Stephanie Jones",5,2353,2366,13,1,3,-2
"2017-18","9736","Michigan State","Branndais Agee|Lexi Gussert|Taryn McCutcheon|Taya Reimer|Victoria Gaines",5,1800,2366,566,21,10,11
"2017-18","9736","Michigan State","Lexi Gussert|Nia Hollie|Sidney Cooks|Taryn McCutcheon|Taya Reimer",5,2366,2367,1,0,1,-1
"2017-18","9736","Michigan State","Branndais Agee|Lexi Gussert|Taryn McCutcheon|Taya Reimer|Victoria Gaines",5,2367,2400,33,2,4,-2
"2017-18","9736","Maryland","Eleanna Christinaki|Ieshia Small|Kaila Charles|Kristen Confroy|Stephanie Jones",5,2366,2400,34,5,2,3
"2017-18","9737","Maryland","Channise Lewis|Eleanna Christinaki|Kaila Charles|Kristen Confroy|Stephanie Jones",5,0,218,218,8,6,2
"2017-18","9737","Maryland","Brianna Fraser|Channise Lewis|Eleanna Christinaki|Kristen Confroy|Stephanie Jones",5,218,241,23,0,0,0
"2017-18","9737","Maryland","Brianna Fraser|Channise Lewis|Eleanna Christinaki|Ieshia Small|Kristen Confroy",5,241,316,75,3,4,-1
"2017-18","9737","Maryland","Brianna Fraser|Channise Lewis|Ieshia Small|Kristen Confroy|Stephanie Jones",5,316,353,37,0,0,0
"2017-18","9737","Maryland","Brianna Fraser|Channise Lewis|Eleanna Christinaki|Kristen Confroy|Stephanie Jones",5,353,451,98,4,2,2
"2017-18","9737","Rutgers","Ciani Cryor|Nigia Greene|Stasha Carey|Tyler Scaife|Victoria Harris",5,0,451,451,12,15,-3
"2017-18","9737","Maryland","Brianna Fraser|Eleanna Christinaki|Kristen Confroy|Sarah Myers|Stephanie Jones",5,451,475,24,0,2,-2
"2017-18","9737","Rutgers","Caitlin Jenkins|Ciani Cryor|Nigia Greene|Stasha Carey|Tyler Scaife",5,451,475,24,2,0,2
"2017-18","9737","Rutgers","Caitlin Jenkins|Ciani Cryor|Jazlynd Rollins|Stasha Carey|Tyler Scaife",5,475,588,113,2,5,-3
"2017-18","9737","Maryland","Eleanna Christinaki|Ieshia Small|Kristen Confroy|Sarah Myers|Stephanie Jones",5,475,597,122,7,2,5
"2017-18","9737","Rutgers","Caitlin Jenkins|Ciani Cryor|Jazlynd Rollins|Kathleen Fitzpatrick|Stasha Carey",5,588,597,9,0,2,-2
"2017-18","9737","Rutgers","Ciani Cryor|Jazlynd Rollins|Kathleen Fitzpatrick|Mael Gilles|Stasha Carey",5,597,600,3,3,0,3
"2017-18","9737","Maryland","Aja Ellison|Ieshia Small|Kristen Confroy|Sarah Myers|Stephanie Jones",5,597,600,3,0,3,-3
"2017-18","9737","Maryland","Channise Lewis|Eleanna Christinaki|Kaila Charles|Kristen Confroy|Stephanie Jones",5,600,696,96,2,0,2
"2017-18","9737","Rutgers","Ciani Cryor|Jazlynd Rollins|Kathleen Fitzpatrick|Mael Gilles|Stasha Carey",5,600,696,96,0,2,-2
"2017-18","9737","Maryland","Eleanna Christinaki|Kaila Charles|Kristen Confroy|Sarah Myers|Stephanie Jones",5,696,759,63,2,2,0
"2017-18","9737","Maryland","Eleanna Christinaki|Ieshia Small|Kaila Charles|Kristen Confroy|Sarah Myers",5,759,934,175,4,2,2
"2017-18","9737","Rutgers","Ciani Cryor|Kathleen Fitzpatrick|Stasha Carey|Tyler Scaife|Victoria Harris",5,696,977,281,7,6,1
"2017-18","9737","Maryland","Ieshia Small|Kaila Charles|Kristen Confroy|Sarah Myers|Stephanie Jones",5,934,1072,138,6,4,2
"2017-18","9737","Rutgers","Ciani Cryor|Kathleen Fitzpatrick|Mael Gilles|Tyler Scaife|Victoria Harris",5,977,1072,95,1,6,-5
"2017-18","9737","Rutgers","Ciani Cryor|Jazlynd Rollins|Kathleen Fitzpatrick|Mael Gilles|Victoria Harris",5,1072,1150,78,0,5,-5
"2017-18","9737","Rutgers","Jazlynd Rollins|Kathleen Fitzpatrick|Mael Gilles|Tyler Scaife|Victoria Harris",5,1150,1200,50,0,2,-2
"2017-18","9737","Maryland","Brianna Fraser|Ieshia Small|Kristen Confroy|Sarah Myers|Stephanie Jones",5,1072,1200,128,7,0,7
"2017-18","9737","Maryland","Channise Lewis|Eleanna Christinaki|Kaila Charles|Kristen Confroy|Stephanie Jones",5,1200,1394,194,6,5,1
"2017-18","9737","Rutgers","Ciani Cryor|Nigia Greene|Stasha Carey|Tyler Scaife|Victoria Harris",5,1200,1483,283,9,8,1
"2017-18","9737","Maryland","Brianna Fraser|Channise Lewis|Eleanna Christinaki|Kaila Charles|Kristen Confroy",5,1394,1493,99,2,4,-2
"2017-18","9737","Maryland","Brianna Fraser|Channise Lewis|Eleanna Christinaki|Ieshia Small|Kristen Confroy",5,1493,1630,137,2,2,0
"2017-18","9737","Rutgers","Kathleen Fitzpatrick|Nigia Greene|Stasha Carey|Tyler Scaife|Victoria Harris",5,1483,1630,147,2,2,0
"2017-18","9737","Maryland","Brianna Fraser|Channise Lewis|Ieshia Small|Kaila Charles|Kristen Confroy",5,1630,1643,13,0,0,0
"2017-18","9737","Maryland","Brianna Fraser|Channise Lewis|Eleanna Christinaki|Kaila Charles|Kristen Confroy",5,1643,1691,48,0,2,-2
"2017-18","9737","Maryland","Eleanna Christinaki|Ieshia Small|Kaila Charles|Sarah Myers|Stephanie Jones",5,1691,1723,32,0,0,0
"2017-18","9737","Maryland","Eleanna Christinaki|Kaila Charles|Kristen Confroy|Sarah Myers|Stephanie Jones",5,1723,1741,18,0,2,-2
"2017-18","9737","Rutgers","Ciani Cryor|Kathleen Fitzpatrick|Stasha Carey|Tyler Scaife|Victoria Harris",5,1630,1741,111,4,0,4
"2017-18","9737","Maryland","Ieshia Small|Kaila Charles|Kristen Confroy|Sarah Myers|Stephanie Jones",5,1741,1796,55,2,2,0
"2017-18","9737","Rutgers","Caitlin Jenkins|Ciani Cryor|Jazlynd Rollins|Mael Gilles|Nigia Greene",5,1741,1800,59,2,2,0
"2017-18","9737","Maryland","Brianna Fraser|Ieshia Small|Kristen Confroy|Sarah Myers|Stephanie Jones",5,1796,1800,4,0,0,0
"2017-18","9737","Rutgers","Caitlin Jenkins|Ciani Cryor|Nigia Greene|Stasha Carey|Tyler Scaife",5,1800,1896,96,0,2,-2
"2017-18","9737","Maryland","Brianna Fraser|Channise Lewis|Ieshia Small|Kristen Confroy|Stephanie Jones",5,1800,1909,109,2,0,2
"2017-18","9737","Rutgers","Ciani Cryor|Jazlynd Rollins|Stasha Carey|Tyler Scaife|Victoria Harris",5,1896,1931,35,0,0,0
"2017-18","9737","Maryland","Channise Lewis|Eleanna Christinaki|Kaila Charles|Kristen Confroy|Stephanie Jones",5,1909,1994,85,0,2,-2
"2017-18","9737","Rutgers","Ciani Cryor|Jazlynd Rollins|Mael Gilles|Tyler Scaife|Victoria Harris",5,1931,1994,63,2,0,2
"2017-18","9737","Maryland","Channise Lewis|Eleanna Christinaki|Ieshia Small|Kristen Confroy|Stephanie Jones",5,1994,2085,91,5,2,3
"2017-18","9737","Rutgers","Ciani Cryor|Nigia Greene|Stasha Carey|Tyler Scaife|Victoria Harris",5,1994,2200,206,6,5,1
"2017-18","9737","Rutgers","Ciani Cryor|Mael Gilles|Nigia Greene|Tyler Scaife|Victoria Harris",5,2200,2254,54,2,5,-3
"2017-18","9737","Rutgers","Ciani Cryor|Nigia Greene|Stasha Carey|Tyler Scaife|Victoria Harris",5,2254,2273,19,0,0,0
"2017-18","9737","Rutgers","Ciani Cryor|Mael Gilles|Nigia Greene|Tyler Scaife|Victoria Harris",5,2273,2293,20,0,0,0
"2017-18","9737","Rutgers","Ciani Cryor|Nigia Greene|Stasha Carey|Tyler Scaife|Victoria Harris",5,2293,2337,44,0,3,-3
"2017-18","9737","Rutgers","Ciani Cryor|Kathleen Fitzpatrick|Nigia Greene|Stasha Carey|Tyler Scaife",5,2337,2400,63,0,2,-2
"2017-18","9737","Maryland","Channise Lewis|Eleanna Christinaki|Kaila Charles|Kristen Confroy|Stephanie Jones",5,2085,2400,315,10,6,4
"2017-18","9738","Maryland","Channise Lewis|Eleanna Christinaki|Kaila Charles|Kristen Confroy|Stephanie Jones",5,0,165,165,4,5,-1
"2017-18","9738","Purdue","Ae'Rianna Harris|Andreona Keys|Dominique Oden|Karissa McLaughlin|Nora Kiesler",5,0,236,236,7,8,-1
"2017-18","9738","Maryland","Brianna Fraser|Channise Lewis|Eleanna Christinaki|Kaila Charles|Kristen Confroy",5,165,266,101,4,5,-1
"2017-18","9738","Maryland","Brianna Fraser|Eleanna Christinaki|Ieshia Small|Kaila Charles|Kristen Confroy",5,266,411,145,5,4,1
"2017-18","9738","Maryland","Brianna Fraser|Eleanna Christinaki|Ieshia Small|Kristen Confroy|Stephanie Jones",5,411,553,142,4,4,0
"2017-18","9738","Maryland","Channise Lewis|Eleanna Christinaki|Ieshia Small|Kristen Confroy|Stephanie Jones",5,553,600,47,0,2,-2
"2017-18","9738","Purdue","Ae'Rianna Harris|Andreona Keys|Dominique Oden|Karissa McLaughlin|Tamara Farquhar",5,236,600,364,13,9,4
"2017-18","9738","Maryland","Channise Lewis|Eleanna Christinaki|Kaila Charles|Kristen Confroy|Stephanie Jones",5,600,722,122,1,3,-2
"2017-18","9738","Purdue","Ae'Rianna Harris|Andreona Keys|Dominique Oden|Karissa McLaughlin|Tamara Farquhar",5,600,821,221,5,6,-1
"2017-18","9738","Maryland","Channise Lewis|Ieshia Small|Kaila Charles|Kristen Confroy|Stephanie Jones",5,722,821,99,5,2,3
"2017-18","9738","Maryland","Channise Lewis|Eleanna Christinaki|Kaila Charles|Kristen Confroy|Stephanie Jones",5,821,868,47,3,0,3
"2017-18","9738","Purdue","Ae'Rianna Harris|Andreona Keys|Dominique Oden|Karissa McLaughlin|Nora Kiesler",5,821,903,82,0,3,-3
"2017-18","9738","Purdue","Andreona Keys|Dominique Oden|Karissa McLaughlin|Nora Kiesler|Tamara Farquhar",5,903,980,77,0,2,-2
"2017-18","9738","Maryland","Brianna Fraser|Channise Lewis|Eleanna Christinaki|Kaila Charles|Kristen Confroy",5,868,980,112,2,0,2
"2017-18","9738","Maryland","Brianna Fraser|Eleanna Christinaki|Kaila Charles|Kristen Confroy|Sarah Myers",5,980,1165,185,4,4,0
"2017-18","9738","Maryland","Brianna Fraser|Eleanna Christinaki|Kristen Confroy|Sarah Myers|Stephanie Jones",5,1165,1200,35,2,0,2
"2017-18","9738","Purdue","Ae'Rianna Harris|Andreona Keys|Karissa McLaughlin|Miracle Gray|Tamara Farquhar",5,980,1200,220,4,6,-2
"2017-18","9738","Maryland","Channise Lewis|Eleanna Christinaki|Kaila Charles|Kristen Confroy|Stephanie Jones",5,1200,1333,133,6,2,4
"2017-18","9738","Purdue","Ae'Rianna Harris|Andreona Keys|Dominique Oden|Karissa McLaughlin|Nora Kiesler",5,1200,1497,297,6,11,-5
"2017-18","9738","Maryland","Brianna Fraser|Channise Lewis|Eleanna Christinaki|Kristen Confroy|Stephanie Jones",5,1333,1497,164,5,4,1
"2017-18","9738","Maryland","Brianna Fraser|Ieshia Small|Kristen Confroy|Sarah Myers|Stephanie Jones",5,1497,1561,64,0,6,-6
"2017-18","9738","Maryland","Brianna Fraser|Channise Lewis|Eleanna Christinaki|Ieshia Small|Kristen Confroy",5,1561,1698,137,2,4,-2
"2017-18","9738","Maryland","Eleanna Christinaki|Ieshia Small|Kaila Charles|Kristen Confroy|Stephanie Jones",5,1698,1765,67,3,4,-1
"2017-18","9738","Maryland","Aja Ellison|Eleanna Christinaki|Ieshia Small|Kristen Confroy|Stephanie Jones",5,1765,1800,35,0,0,0
"2017-18","9738","Purdue","Ae'Rianna Harris|Andreona Keys|Dominique Oden|Karissa McLaughlin|Tamara Farquhar",5,1497,1800,303,14,5,9
"2017-18","9738","Maryland","Channise Lewis|Eleanna Christinaki|Kaila Charles|Kristen Confroy|Stephanie Jones",5,1800,2346,546,15,21,-6
"2017-18","9738","Purdue","Ae'Rianna Harris|Andreona Keys|Dominique Oden|Karissa McLaughlin|Tamara Farquhar",5,1800,2364,564,21,15,6
"2017-18","9738","Purdue","Ae'Rianna Harris|Andreona Keys|Dominique Oden|Karissa McLaughlin|Nora Kiesler",5,2364,2367,3,2,0,2
"2017-18","9738","Maryland","Eleanna Christinaki|Ieshia Small|Kaila Charles|Kristen Confroy|Stephanie Jones",5,2346,2400,54,0,5,-5
"2017-18","9738","Purdue","Ae'Rianna Harris|Andreona Keys|Dominique Oden|Karissa McLaughlin|Tamara Farquhar",5,2367,2400,33,3,0,3
"2017-18","9739","Maryland","Channise Lewis|Eleanna Christinaki|Kaila Charles|Kristen Confroy|Stephanie Jones",5,0,103,103,5,3,2
"2017-18","9739","Minnesota","Bryanna Fernstrom|Carlie Wagner|Destiny Pitts|Gadiva Hubbard|Kenisha Bell",5,0,103,103,3,5,-2
"2017-18","9739","Maryland","Brianna Fraser|Channise Lewis|Eleanna Christinaki|Kaila Charles|Kristen Confroy",5,103,105,2,0,0,0
"2017-18","9739","Maryland","Channise Lewis|Eleanna Christinaki|Kaila Charles|Kristen Confroy|Stephanie Jones",5,105,216,111,5,7,-2
"2017-18","9739","Minnesota","Carlie Wagner|Destiny Pitts|Gadiva Hubbard|Kenisha Bell|Taiye Bello",5,103,217,114,7,7,0
"2017-18","9739","Maryland","Channise Lewis|Ieshia Small|Kaila Charles|Kristen Confroy|Stephanie Jones",5,216,301,85,5,5,0
"2017-18","9739","Maryland","Brianna Fraser|Channise Lewis|Eleanna Christinaki|Ieshia Small|Kristen Confroy",5,301,350,49,0,1,-1
"2017-18","9739","Maryland","Channise Lewis|Eleanna Christinaki|Kaila Charles|Kristen Confroy|Stephanie Jones",5,350,408,58,0,2,-2
"2017-18","9739","Maryland","Channise Lewis|Eleanna Christinaki|Ieshia Small|Kaila Charles|Kristen Confroy",5,408,513,105,4,4,0
"2017-18","9739","Minnesota","Carlie Wagner|Destiny Pitts|Gadiva Hubbard|Jessie Edwards|Kenisha Bell",5,217,513,296,12,7,5
"2017-18","9739","Minnesota","Bryanna Fernstrom|Carlie Wagner|Destiny Pitts|Gadiva Hubbard|Kenisha Bell",5,513,569,56,2,0,2
"2017-18","9739","Minnesota","Bryanna Fernstrom|Carlie Wagner|Destiny Pitts|Gadiva Hubbard|Jasmine Brunson",5,569,573,4,0,0,0
"2017-18","9739","Minnesota","Bryanna Fernstrom|Carlie Wagner|Gadiva Hubbard|Jasmine Brunson|Palma Kaposi",5,573,600,27,0,0,0
"2017-18","9739","Maryland","Channise Lewis|Eleanna Christinaki|Ieshia Small|Kaila Charles|Sarah Myers",5,513,600,87,0,2,-2
"2017-18","9739","Maryland","Channise Lewis|Eleanna Christinaki|Ieshia Small|Kaila Charles|Kristen Confroy|Stephanie Jones",6,600,785,185,7,13,-6
"2017-18","9739","Minnesota","Bryanna Fernstrom|Carlie Wagner|Destiny Pitts|Gadiva Hubbard|Jessie Edwards|Kenisha Bell",6,600,829,229,15,7,8
"2017-18","9739","Maryland","Eleanna Christinaki|Ieshia Small|Kristen Confroy|Sarah Myers|Stephanie Jones",5,785,843,58,3,2,1
"2017-18","9739","Minnesota","Bryanna Fernstrom|Carlie Wagner|Destiny Pitts|Gadiva Hubbard|Kenisha Bell",5,829,843,14,0,3,-3
"2017-18","9739","Minnesota","Carlie Wagner|Gadiva Hubbard|Jessie Edwards|Kenisha Bell|Palma Kaposi",5,843,854,11,0,3,-3
"2017-18","9739","Minnesota","Bryanna Fernstrom|Carlie Wagner|Gadiva Hubbard|Kenisha Bell|Palma Kaposi",5,854,865,11,0,0,0
"2017-18","9739","Maryland","Ieshia Small|Kaila Charles|Kristen Confroy|Sarah Myers|Stephanie Jones",5,843,919,76,3,3,0
"2017-18","9739","Minnesota","Bryanna Fernstrom|Carlie Wagner|Destiny Pitts|Gadiva Hubbard|Kenisha Bell",5,865,919,54,3,0,3
"2017-18","9739","Maryland","Eleanna Christinaki|Ieshia Small|Kaila Charles|Kristen Confroy|Sarah Myers",5,919,1109,190,7,9,-2
"2017-18","9739","Maryland","Eleanna Christinaki|Ieshia Small|Kristen Confroy|Sarah Myers|Stephanie Jones",5,1109,1146,37,0,2,-2
"2017-18","9739","Minnesota","Carlie Wagner|Destiny Pitts|Gadiva Hubbard|Jessie Edwards|Kenisha Bell",5,919,1200,281,11,7,4
"2017-18","9739","Maryland","Eleanna Christinaki|Ieshia Small|Kaila Charles|Kristen Confroy|Sarah Myers",5,1146,1200,54,0,0,0
"2017-18","9739","Maryland","Brianna Fraser|Channise Lewis|Eleanna Christinaki|Kaila Charles|Kristen Confroy|Stephanie Jones",6,1200,1320,120,4,5,-1
"2017-18","9739","Maryland","Brianna Fraser|Eleanna Christinaki|Kaila Charles|Kristen Confroy|Sarah Myers|Stephanie Jones",6,1320,1350,30,0,3,-3
"2017-18","9739","Maryland","Eleanna Christinaki|Kaila Charles|Kristen Confroy|Sarah Myers|Stephanie Jones",5,1350,1464,114,4,5,-1
"2017-18","9739","Minnesota","Bryanna Fernstrom|Carlie Wagner|Destiny Pitts|Gadiva Hubbard|Jessie Edwards|Kenisha Bell",6,1200,1464,264,13,8,5
"2017-18","9739","Minnesota","Bryanna Fernstrom|Carlie Wagner|Destiny Pitts|Gadiva Hubbard|Kenisha Bell|Taiye Bello",6,1464,1484,20,0,1,-1
"2017-18","9739","Minnesota","Bryanna Fernstrom|Carlie Wagner|Destiny Pitts|Gadiva Hubbard|Jasmine Brunson|Taiye Bello",6,1484,1510,26,0,0,0
"2017-18","9739","Maryland","Eleanna Christinaki|Ieshia Small|Kaila Charles|Kristen Confroy|Sarah Myers",5,1464,1583,119,1,6,-5
"2017-18","9739","Minnesota","Bryanna Fernstrom|Carlie Wagner|Destiny Pitts|Gadiva Hubbard|Jessie Edwards|Kenisha Bell",6,1510,1686,176,11,2,9
"2017-18","9739","Maryland","Brianna Fraser|Ieshia Small|Kaila Charles|Kristen Confroy|Sarah Myers",5,1583,1742,159,4,7,-3
"2017-18","9739","Minnesota","Bryanna Fernstrom|Carlie Wagner|Destiny Pitts|Gadiva Hubbard|Kenisha Bell",5,1686,1742,56,2,2,0
"2017-18","9739","Minnesota","Bryanna Fernstrom|Carlie Wagner|Destiny Pitts|Gadiva Hubbard|Jasmine Brunson",5,1742,1800,58,0,2,-2
"2017-18","9739","Maryland","Ieshia Small|Kaila Charles|Kristen Confroy|Sarah Myers|Stephanie Jones",5,1742,1800,58,2,0,2
"2017-18","9739","Minnesota","Bryanna Fernstrom|Carlie Wagner|Destiny Pitts|Gadiva Hubbard|Jessie Edwards|Kenisha Bell",6,1800,1833,33,0,4,-4
"2017-18","9739","Minnesota","Bryanna Fernstrom|Carlie Wagner|Gadiva Hubbard|Jessie Edwards|Kenisha Bell|Taiye Bello",6,1833,1945,112,2,4,-2
"2017-18","9739","Maryland","Eleanna Christinaki|Ieshia Small|Kaila Charles|Kristen Confroy|Sarah Myers|Stephanie Jones",6,1800,2134,334,10,8,2
"2017-18","9739","Maryland","Eleanna Christinaki|Ieshia Small|Kaila Charles|Kristen Confroy|Stephanie Jones",5,2134,2196,62,0,4,-4
"2017-18","9739","Minnesota","Bryanna Fernstrom|Carlie Wagner|Destiny Pitts|Gadiva Hubbard|Jessie Edwards|Kenisha Bell",6,1945,2196,251,10,2,8
"2017-18","9739","Minnesota","Bryanna Fernstrom|Carlie Wagner|Destiny Pitts|Gadiva Hubbard|Jasmine Brunson|Taiye Bello",6,2196,2275,79,0,2,-2
"2017-18","9739","Minnesota","Annalese Lamke|Bryanna Fernstrom|Carlie Wagner|Gadiva Hubbard|Jasmine Brunson|Palma Kaposi",6,2275,2298,23,0,2,-2
"2017-18","9739","Minnesota","Annalese Lamke|Bryanna Fernstrom|Gadiva Hubbard|Irene Garrido|Jasmine Brunson|Kehinde Bello",6,2298,2400,102,2,6,-4
"2017-18","9739","Maryland","Brianna Fraser|Eleanna Christinaki|Ieshia Small|Kaila Charles|Kristen Confroy",5,2196,2400,204,10,2,8
"2017-18","9740","Maryland","Channise Lewis|Eleanna Christinaki|Kaila Charles|Kristen Confroy|Stephanie Jones",5,0,36,36,0,0,0
"2017-18","9740","Maryland","Channise Lewis|Ieshia Small|Kaila Charles|Kristen Confroy|Stephanie Jones",5,36,104,68,2,3,-1
"2017-18","9740","Maryland","Brianna Fraser|Channise Lewis|Ieshia Small|Kaila Charles|Kristen Confroy",5,104,157,53,0,3,-3
"2017-18","9740","Maryland","Brianna Fraser|Channise Lewis|Eleanna Christinaki|Ieshia Small|Kaila Charles",5,157,195,38,2,2,0
"2017-18","9740","Maryland","Channise Lewis|Eleanna Christinaki|Kaila Charles|Kristen Confroy|Stephanie Jones",5,195,271,76,2,3,-1
"2017-18","9740","Michigan","Deja Church|Hallie Thome|Jillian Dunston|Katelynn Flaherty|Nicole Munger",5,0,271,271,11,6,5
"2017-18","9740","Maryland","Brianna Fraser|Channise Lewis|Eleanna Christinaki|Kaila Charles|Kristen Confroy",5,271,291,20,0,0,0
"2017-18","9740","Maryland","Brianna Fraser|Channise Lewis|Ieshia Small|Kaila Charles|Kristen Confroy",5,291,392,101,4,4,0
"2017-18","9740","Michigan","Hallie Thome|Jillian Dunston|Katelynn Flaherty|Kayla Robbins|Nicole Munger",5,271,392,121,4,4,0
"2017-18","9740","Maryland","Channise Lewis|Ieshia Small|Kaila Charles|Kristen Confroy|Stephanie Jones",5,392,492,100,0,2,-2
"2017-18","9740","Michigan","Akienreh Johnson|Jillian Dunston|Katelynn Flaherty|Kayla Robbins|KeAsja Peace",5,392,492,100,2,0,2
"2017-18","9740","Maryland","Channise Lewis|Eleanna Christinaki|Kaila Charles|Kristen Confroy|Stephanie Jones",5,492,562,70,0,4,-4
"2017-18","9740","Michigan","Akienreh Johnson|Deja Church|Katelynn Flaherty|Kayla Robbins|KeAsja Peace",5,492,562,70,4,0,4
"2017-18","9740","Maryland","Channise Lewis|Eleanna Christinaki|Ieshia Small|Kaila Charles|Stephanie Jones",5,562,596,34,2,0,2
"2017-18","9740","Maryland","Aja Ellison|Channise Lewis|Eleanna Christinaki|Ieshia Small|Kaila Charles",5,596,600,4,0,0,0
"2017-18","9740","Maryland","Aja Ellison|Channise Lewis|Eleanna Christinaki|Ieshia Small|Kaila Charles|Kristen Confroy|Stephanie Jones",7,600,628,28,0,2,-2
"2017-18","9740","Maryland","Aja Ellison|Channise Lewis|Ieshia Small|Kaila Charles|Kristen Confroy|Stephanie Jones",6,628,740,112,6,2,4
"2017-18","9740","Michigan","Deja Church|Hallie Thome|Jillian Dunston|Katelynn Flaherty|Nicole Munger",5,562,740,178,4,8,-4
"2017-18","9740","Maryland","Aja Ellison|Brianna Fraser|Ieshia Small|Kaila Charles|Kristen Confroy|Sarah Myers",6,740,846,106,2,5,-3
"2017-18","9740","Michigan","Akienreh Johnson|Deja Church|Hallie Thome|Jillian Dunston|Katelynn Flaherty",5,740,846,106,5,2,3
"2017-18","9740","Maryland","Aja Ellison|Brianna Fraser|Kaila Charles|Kristen Confroy|Sarah Myers|Stephanie Jones",6,846,930,84,4,2,2
"2017-18","9740","Michigan","Akienreh Johnson|Jillian Dunston|Katelynn Flaherty|Kayla Robbins|Nicole Munger",5,846,930,84,2,4,-2
"2017-18","9740","Michigan","Akienreh Johnson|Jillian Dunston|Katelynn Flaherty|KeAsja Peace|Nicole Munger",5,930,1011,81,0,4,-4
"2017-18","9740","Michigan","Deja Church|Hallie Thome|Jillian Dunston|Katelynn Flaherty|Nicole Munger",5,1011,1071,60,0,3,-3
"2017-18","9740","Michigan","Deja Church|Jillian Dunston|Katelynn Flaherty|Kayla Robbins|Nicole Munger",5,1071,1111,40,3,0,3
"2017-18","9740","Michigan","Akienreh Johnson|Jillian Dunston|Katelynn Flaherty|Kayla Robbins|Nicole Munger",5,1111,1200,89,0,2,-2
"2017-18","9740","Maryland","Aja Ellison|Ieshia Small|Kaila Charles|Kristen Confroy|Sarah Myers|Stephanie Jones",6,930,1200,270,9,3,6
"2017-18","9740","Maryland","Channise Lewis|Eleanna Christinaki|Kaila Charles|Kristen Confroy|Stephanie Jones",5,1200,1445,245,5,7,-2
"2017-18","9740","Michigan","Deja Church|Hallie Thome|Jillian Dunston|Katelynn Flaherty|Nicole Munger",5,1200,1445,245,7,5,2
"2017-18","9740","Maryland","Brianna Fraser|Channise Lewis|Eleanna Christinaki|Kaila Charles|Kristen Confroy",5,1445,1499,54,2,0,2
"2017-18","9740","Maryland","Brianna Fraser|Ieshia Small|Kaila Charles|Kristen Confroy|Sarah Myers",5,1499,1528,29,0,2,-2
"2017-18","9740","Michigan","Akienreh Johnson|Hallie Thome|Jillian Dunston|Katelynn Flaherty|Nicole Munger",5,1445,1619,174,4,5,-1
"2017-18","9740","Michigan","Akienreh Johnson|Deja Church|Hallie Thome|Katelynn Flaherty|Kayla Robbins",5,1619,1658,39,0,2,-2
"2017-18","9740","Maryland","Brianna Fraser|Eleanna Christinaki|Kaila Charles|Kristen Confroy|Sarah Myers",5,1528,1705,177,5,6,-1
"2017-18","9740","Michigan","Akienreh Johnson|Hallie Thome|Jillian Dunston|Katelynn Flaherty|Nicole Munger",5,1658,1705,47,4,0,4
"2017-18","9740","Michigan","Akienreh Johnson|Jillian Dunston|Katelynn Flaherty|Kayla Robbins|Nicole Munger",5,1705,1800,95,0,2,-2
"2017-18","9740","Maryland","Ieshia Small|Kaila Charles|Kristen Confroy|Sarah Myers|Stephanie Jones",5,1705,1800,95,2,0,2
"2017-18","9740","Michigan","Deja Church|Hallie Thome|Jillian Dunston|Katelynn Flaherty|Nicole Munger",5,1800,1983,183,6,4,2
"2017-18","9740","Michigan","Akienreh Johnson|Hallie Thome|Jillian Dunston|Katelynn Flaherty|Nicole Munger",5,1983,2014,31,0,0,0
"2017-18","9740","Maryland","Ieshia Small|Kaila Charles|Kristen Confroy|Sarah Myers|Stephanie Jones",5,1800,2122,322,10,8,2
"2017-18","9740","Michigan","Akienreh Johnson|Jillian Dunston|Katelynn Flaherty|Kayla Robbins|Nicole Munger",5,2014,2151,137,2,6,-4
"2017-18","9740","Maryland","Brianna Fraser|Kaila Charles|Kristen Confroy|Sarah Myers|Stephanie Jones",5,2122,2389,267,8,12,-4
"2017-18","9740","Michigan","Akienreh Johnson|Hallie Thome|Jillian Dunston|Katelynn Flaherty|Nicole Munger",5,2151,2395,244,13,8,5
"2017-18","9740","Michigan","Akienreh Johnson|Deja Church|Hallie Thome|Kayla Robbins|Nicole Munger",5,2395,2400,5,0,0,0
"2017-18","9740","Maryland","Brianna Fraser|Kaila Charles|Kristen Confroy|Sarah Myers",4,2389,2400,11,0,1,-1
"2017-18","9741","Nebraska","Hannah Whitish|Jasmine Cincore|Kate Cain|Maddie Simon|Nicea Eliely",5,0,256,256,6,13,-7
"2017-18","9741","Maryland","Channise Lewis|Eleanna Christinaki|Kaila Charles|Kristen Confroy|Stephanie Jones",5,0,256,256,13,6,7
"2017-18","9741","Nebraska","Emily Wood|Maddie Simon|Nicea Eliely|Rachel Blackburn|Taylor Kissinger",5,256,362,106,4,5,-1
"2017-18","9741","Maryland","Eleanna Christinaki|Ieshia Small|Kaila Charles|Kristen Confroy|Stephanie Jones",5,256,362,106,5,4,1
"2017-18","9741","Nebraska","Hannah Whitish|Janay Morton|Jasmine Cincore|Rachel Blackburn|Taylor Kissinger",5,362,458,96,5,2,3
"2017-18","9741","Maryland","Brianna Fraser|Ieshia Small|Kaila Charles|Kristen Confroy|Sarah Myers",5,362,458,96,2,5,-3
"2017-18","9741","Nebraska","Hannah Whitish|Janay Morton|Jasmine Cincore|Kate Cain|Taylor Kissinger",5,458,510,52,0,2,-2
"2017-18","9741","Maryland","Brianna Fraser|Channise Lewis|Eleanna Christinaki|Ieshia Small|Kristen Confroy",5,458,538,80,2,0,2
"2017-18","9741","Maryland","Channise Lewis|Eleanna Christinaki|Ieshia Small|Kaila Charles|Kristen Confroy",5,538,582,44,0,2,-2
"2017-18","9741","Maryland","Channise Lewis|Eleanna Christinaki|Ieshia Small|Kaila Charles|Stephanie Jones",5,582,600,18,0,0,0
"2017-18","9741","Nebraska","Grace Mitchell|Hannah Whitish|Janay Morton|Nicea Eliely|Rachel Blackburn",5,510,600,90,2,0,2
"2017-18","9741","Nebraska","Hannah Whitish|Jasmine Cincore|Maddie Simon|Nicea Eliely|Rachel Blackburn",5,600,701,101,2,3,-1
"2017-18","9741","Maryland","Channise Lewis|Eleanna Christinaki|Kaila Charles|Kristen Confroy|Stephanie Jones",5,600,701,101,3,2,1
"2017-18","9741","Nebraska","Hannah Whitish|Janay Morton|Maddie Simon|Nicea Eliely|Rachel Blackburn",5,701,769,68,2,2,0
"2017-18","9741","Nebraska","Grace Mitchell|Hannah Whitish|Janay Morton|Maddie Simon|Nicea Eliely",5,769,849,80,2,3,-1
"2017-18","9741","Maryland","Eleanna Christinaki|Kaila Charles|Kristen Confroy|Sarah Myers|Stephanie Jones",5,701,849,148,5,4,1
"2017-18","9741","Nebraska","Emily Wood|Grace Mitchell|Janay Morton|Maddie Simon|Nicea Eliely",5,849,892,43,0,4,-4
"2017-18","9741","Nebraska","Emily Wood|Janay Morton|Jasmine Cincore|Kate Cain|Nicea Eliely",5,892,924,32,0,3,-3
"2017-18","9741","Nebraska","Hannah Whitish|Janay Morton|Jasmine Cincore|Nicea Eliely|Rachel Blackburn",5,924,1022,98,3,0,3
"2017-18","9741","Maryland","Brianna Fraser|Ieshia Small|Kaila Charles|Kristen Confroy|Sarah Myers",5,849,1022,173,7,3,4
"2017-18","9741","Nebraska","Emily Wood|Hannah Whitish|Janay Morton|Maddie Simon|Rachel Blackburn",5,1022,1111,89,7,5,2
"2017-18","9741","Maryland","Eleanna Christinaki|Ieshia Small|Kaila Charles|Sarah Myers|Stephanie Jones",5,1022,1124,102,5,7,-2
"2017-18","9741","Maryland","Ieshia Small|Kaila Charles|Kristen Confroy|Sarah Myers|Stephanie Jones",5,1124,1155,31,0,3,-3
"2017-18","9741","Maryland","Channise Lewis|Ieshia Small|Kaila Charles|Kristen Confroy|Stephanie Jones",5,1155,1200,45,2,0,2
"2017-18","9741","Nebraska","Emily Wood|Grace Mitchell|Hannah Whitish|Maddie Simon|Nicea Eliely",5,1111,1200,89,3,2,1
"2017-18","9741","Nebraska","Hannah Whitish|Jasmine Cincore|Kate Cain|Maddie Simon|Nicea Eliely",5,1200,1343,143,6,5,1
"2017-18","9741","Nebraska","Hannah Whitish|Jasmine Cincore|Maddie Simon|Nicea Eliely|Rachel Blackburn",5,1343,1379,36,0,3,-3
"2017-18","9741","Maryland","Channise Lewis|Eleanna Christinaki|Kaila Charles|Kristen Confroy|Stephanie Jones",5,1200,1379,179,8,6,2
"2017-18","9741","Nebraska","Hannah Whitish|Janay Morton|Jasmine Cincore|Nicea Eliely|Rachel Blackburn",5,1379,1468,89,3,3,0
"2017-18","9741","Maryland","Eleanna Christinaki|Ieshia Small|Kaila Charles|Kristen Confroy|Stephanie Jones",5,1379,1513,134,7,3,4
"2017-18","9741","Nebraska","Emily Wood|Hannah Whitish|Janay Morton|Jasmine Cincore|Kate Cain",5,1468,1569,101,3,6,-3
"2017-18","9741","Nebraska","Emily Wood|Hannah Whitish|Janay Morton|Kate Cain|Maddie Simon",5,1569,1626,57,3,1,2
"2017-18","9741","Maryland","Brianna Fraser|Eleanna Christinaki|Ieshia Small|Kaila Charles|Kristen Confroy",5,1513,1626,113,3,6,-3
"2017-18","9741","Nebraska","Emily Wood|Hannah Whitish|Kate Cain|Maddie Simon|Nicea Eliely",5,1626,1717,91,4,0,4
"2017-18","9741","Maryland","Brianna Fraser|Channise Lewis|Ieshia Small|Kaila Charles|Kristen Confroy",5,1626,1717,91,0,4,-4
"2017-18","9741","Nebraska","Hannah Whitish|Janay Morton|Jasmine Cincore|Kate Cain|Nicea Eliely",5,1717,1740,23,0,0,0
"2017-18","9741","Nebraska","Hannah Whitish|Janay Morton|Jasmine Cincore|Nicea Eliely|Rachel Blackburn",5,1740,1752,12,2,0,2
"2017-18","9741","Maryland","Brianna Fraser|Channise Lewis|Ieshia Small|Kaila Charles|Stephanie Jones",5,1717,1800,83,2,4,-2
"2017-18","9741","Nebraska","Hannah Whitish|Janay Morton|Maddie Simon|Nicea Eliely|Rachel Blackburn",5,1752,1800,48,2,2,0
"2017-18","9741","Nebraska","Hannah Whitish|Janay Morton|Maddie Simon|Nicea Eliely|Rachel Blackburn",5,1800,1957,157,0,5,-5
"2017-18","9741","Maryland","Brianna Fraser|Channise Lewis|Eleanna Christinaki|Kaila Charles|Kristen Confroy",5,1800,1957,157,5,0,5
"2017-18","9741","Nebraska","Hannah Whitish|Janay Morton|Jasmine Cincore|Kate Cain|Nicea Eliely",5,1957,1973,16,0,0,0
"2017-18","9741","Nebraska","Emily Wood|Hannah Whitish|Janay Morton|Jasmine Cincore|Kate Cain",5,1973,2077,104,3,0,3
"2017-18","9741","Maryland","Channise Lewis|Eleanna Christinaki|Kaila Charles|Kristen Confroy|Stephanie Jones",5,1957,2077,120,0,3,-3
"2017-18","9741","Nebraska","Emily Wood|Jasmine Cincore|Kate Cain|Maddie Simon|Nicea Eliely",5,2077,2153,76,5,2,3
"2017-18","9741","Maryland","Brianna Fraser|Eleanna Christinaki|Ieshia Small|Kaila Charles|Stephanie Jones",5,2077,2259,182,2,8,-6
"2017-18","9741","Nebraska","Hannah Whitish|Jasmine Cincore|Kate Cain|Maddie Simon|Nicea Eliely",5,2153,2374,221,8,5,3
"2017-18","9741","Nebraska","Hannah Whitish|Jasmine Cincore|Maddie Simon|Nicea Eliely|Rachel Blackburn",5,2374,2387,13,0,1,-1
"2017-18","9741","Maryland","Brianna Fraser|Ieshia Small|Kaila Charles|Kristen Confroy|Stephanie Jones",5,2259,2400,141,6,5,1
"2017-18","9741","Nebraska","Grace Mitchell|Hannah Whitish|Janay Morton|Jasmine Cincore|Kate Cain|Maddie Simon",6,2387,2400,13,0,0,0
"2017-18","9742","Indiana","Amanda Cahill|Bendu Yeaney|Jaelynn Penn|Kym Royster|Tyra Buss",5,0,240,240,4,5,-1
"2017-18","9742","Indiana","Amanda Cahill|Bendu Yeaney|Jaelynn Penn|Linsey Marchese|Tyra Buss",5,240,299,59,2,2,0
"2017-18","9742","Maryland","Channise Lewis|Eleanna Christinaki|Kaila Charles|Kristen Confroy|Stephanie Jones",5,0,299,299,7,6,1
"2017-18","9742","Maryland","Brianna Fraser|Channise Lewis|Ieshia Small|Kaila Charles|Kristen Confroy",5,299,311,12,0,0,0
"2017-18","9742","Indiana","Amanda Cahill|Bendu Yeaney|Keyanna Warthen|Linsey Marchese|Tyra Buss",5,299,335,36,2,0,2
"2017-18","9742","Maryland","Channise Lewis|Ieshia Small|Kaila Charles|Kristen Confroy|Stephanie Jones",5,311,335,24,0,2,-2
"2017-18","9742","Indiana","Bendu Yeaney|Bre Wickware|Keyanna Warthen|Kym Royster|Tyra Buss",5,335,385,50,0,0,0
"2017-18","9742","Indiana","Bre Wickware|Jaelynn Penn|Keyanna Warthen|Kym Royster|Tyra Buss",5,385,400,15,0,0,0
"2017-18","9742","Maryland","Channise Lewis|Eleanna Christinaki|Ieshia Small|Kaila Charles|Kristen Confroy",5,335,511,176,2,4,-2
"2017-18","9742","Indiana","Amanda Cahill|Jaelynn Penn|Keyanna Warthen|Kym Royster|Tyra Buss",5,400,560,160,4,4,0
"2017-18","9742","Indiana","Amanda Cahill|Bendu Yeaney|Jaelynn Penn|Kym Royster|Tyra Buss",5,560,598,38,0,2,-2
"2017-18","9742","Maryland","Brianna Fraser|Eleanna Christinaki|Ieshia Small|Kaila Charles|Sarah Myers",5,511,600,89,4,0,4
"2017-18","9742","Indiana","Amanda Cahill|Bendu Yeaney|Jaelynn Penn|Keyanna Warthen|Kym Royster",5,598,600,2,0,0,0
"2017-18","9742","Indiana","Amanda Cahill|Bendu Yeaney|Jaelynn Penn|Kym Royster|Tyra Buss",5,600,841,241,4,4,0
"2017-18","9742","Maryland","Brianna Fraser|Channise Lewis|Eleanna Christinaki|Kaila Charles|Kristen Confroy",5,600,841,241,4,4,0
"2017-18","9742","Indiana","Bendu Yeaney|Bre Wickware|Jaelynn Penn|Kym Royster|Tyra Buss",5,841,922,81,2,2,0
"2017-18","9742","Maryland","Ieshia Small|Kaila Charles|Kristen Confroy|Sarah Myers|Stephanie Jones",5,841,997,156,4,2,2
"2017-18","9742","Indiana","Amanda Cahill|Bendu Yeaney|Jaelynn Penn|Linsey Marchese|Tyra Buss",5,922,1116,194,7,8,-1
"2017-18","9742","Maryland","Brianna Fraser|Ieshia Small|Kaila Charles|Kristen Confroy|Stephanie Jones",5,997,1116,119,6,7,-1
"2017-18","9742","Maryland","Brianna Fraser|Eleanna Christinaki|Kaila Charles|Kristen Confroy|Stephanie Jones",5,1116,1174,58,2,2,0
"2017-18","9742","Maryland","Aja Ellison|Brianna Fraser|Eleanna Christinaki|Kaila Charles|Kristen Confroy",5,1174,1200,26,0,0,0
"2017-18","9742","Indiana","Bendu Yeaney|Bre Wickware|Jaelynn Penn|Kym Royster|Tyra Buss",5,1116,1200,84,2,2,0
"2017-18","9742","Maryland","Channise Lewis|Eleanna Christinaki|Kaila Charles|Kristen Confroy|Stephanie Jones",5,1200,1398,198,4,7,-3
"2017-18","9742","Indiana","Amanda Cahill|Bendu Yeaney|Jaelynn Penn|Kym Royster|Tyra Buss",5,1200,1409,209,7,6,1
"2017-18","9742","Indiana","Amanda Cahill|Bendu Yeaney|Jaelynn Penn|Linsey Marchese|Tyra Buss",5,1409,1451,42,2,0,2
"2017-18","9742","Indiana","Amanda Cahill|Jaelynn Penn|Keyanna Warthen|Linsey Marchese|Tyra Buss",5,1451,1484,33,0,2,-2
"2017-18","9742","Indiana","Amanda Cahill|Bendu Yeaney|Keyanna Warthen|Kym Royster|Tyra Buss",5,1484,1561,77,2,2,0
"2017-18","9742","Maryland","Brianna Fraser|Channise Lewis|Eleanna Christinaki|Kaila Charles|Kristen Confroy",5,1398,1561,163,6,4,2
"2017-18","9742","Indiana","Amanda Cahill|Bendu Yeaney|Jaelynn Penn|Kym Royster|Tyra Buss",5,1561,1641,80,2,4,-2
"2017-18","9742","Indiana","Amanda Cahill|Bendu Yeaney|Jaelynn Penn|Linsey Marchese|Tyra Buss",5,1641,1691,50,0,3,-3
"2017-18","9742","Maryland","Brianna Fraser|Channise Lewis|Ieshia Small|Kaila Charles|Kristen Confroy",5,1561,1800,239,9,2,7
"2017-18","9742","Maryland","Brianna Fraser|Channise Lewis|Ieshia Small|Kaila Charles|Kristen Confroy",5,1800,1871,71,2,2,0
"2017-18","9742","Maryland","Brianna Fraser|Channise Lewis|Ieshia Small|Kristen Confroy|Stephanie Jones",5,1871,2014,143,0,4,-4
"2017-18","9742","Maryland","Brianna Fraser|Channise Lewis|Kaila Charles|Kristen Confroy|Stephanie Jones",5,2014,2126,112,4,5,-1
"2017-18","9742","Maryland","Channise Lewis|Ieshia Small|Kaila Charles|Kristen Confroy|Stephanie Jones",5,2126,2284,158,4,0,4
"2017-18","9742","Indiana","Amanda Cahill|Bendu Yeaney|Jaelynn Penn|Kym Royster|Tyra Buss",5,1691,2307,616,11,12,-1
"2017-18","9742","Indiana","Amanda Cahill|Bendu Yeaney|Jaelynn Penn|Keyanna Warthen|Kym Royster",5,2307,2311,4,0,0,0
"2017-18","9742","Indiana","Amanda Cahill|Bendu Yeaney|Jaelynn Penn|Kym Royster|Tyra Buss",5,2311,2335,24,3,2,1
"2017-18","9742","Indiana","Bendu Yeaney|Bre Wickware|Jaelynn Penn|Keyanna Warthen|Kym Royster",5,2335,2338,3,0,2,-2
"2017-18","9742","Indiana","Amanda Cahill|Bendu Yeaney|Jaelynn Penn|Kym Royster|Tyra Buss",5,2338,2362,24,0,1,-1
"2017-18","9742","Indiana","Amanda Cahill|Bendu Yeaney|Jaelynn Penn|Keyanna Warthen|Kym Royster",5,2362,2369,7,0,2,-2
"2017-18","9742","Indiana","Amanda Cahill|Bendu Yeaney|Jaelynn Penn|Kym Royster|Tyra Buss",5,2369,2381,12,0,2,-2
"2017-18","9742","Maryland","Brianna Fraser|Channise Lewis|Kaila Charles|Kristen Confroy|Stephanie Jones",5,2284,2400,116,9,3,6
"2017-18","9742","Indiana","Bendu Yeaney|Bre Wickware|Jaelynn Penn|Keyanna Warthen|Kym Royster",5,2381,2400,19,0,0,0
"2017-18","9743","Maryland","Channise Lewis|Eleanna Christinaki|Kaila Charles|Kristen Confroy|Stephanie Jones",5,0,157,157,5,2,3
"2017-18","9743","Nebraska","Hannah Whitish|Jasmine Cincore|Kate Cain|Maddie Simon|Nicea Eliely",5,0,319,319,8,9,-1
"2017-18","9743","Maryland","Brianna Fraser|Channise Lewis|Eleanna Christinaki|Kaila Charles|Kristen Confroy",5,157,319,162,4,6,-2
"2017-18","9743","Nebraska","Darrien Washington|Grace Mitchell|Hannah Whitish|Janay Morton|Jasmine Cincore|Nicea Eliely",6,319,414,95,0,2,-2
"2017-18","9743","Nebraska","Hannah Whitish|Janay Morton|Kate Cain|Maddie Simon|Nicea Eliely",5,414,522,108,6,2,4
"2017-18","9743","Maryland","Brianna Fraser|Channise Lewis|Eleanna Christinaki|Ieshia Small|Kaila Charles",5,319,522,203,4,6,-2
"2017-18","9743","Nebraska","Emily Wood|Janay Morton|Kate Cain|Maddie Simon|Nicea Eliely",5,522,593,71,0,2,-2
"2017-18","9743","Maryland","Channise Lewis|Ieshia Small|Kaila Charles|Kristen Confroy|Stephanie Jones",5,522,593,71,2,0,2
"2017-18","9743","Maryland","Ieshia Small|Kaila Charles|Kristen Confroy|Sarah Myers|Stephanie Jones",5,593,600,7,0,0,0
"2017-18","9743","Nebraska","Emily Wood|Jasmine Cincore|Kate Cain|Maddie Simon|Nicea Eliely",5,593,600,7,0,0,0
"2017-18","9743","Maryland","Channise Lewis|Ieshia Small|Kaila Charles|Kristen Confroy|Stephanie Jones",5,600,691,91,2,0,2
"2017-18","9743","Nebraska","Janay Morton|Jasmine Cincore|Kate Cain|Maddie Simon|Nicea Eliely",5,600,701,101,0,2,-2
"2017-18","9743","Maryland","Channise Lewis|Eleanna Christinaki|Ieshia Small|Kaila Charles|Stephanie Jones",5,691,754,63,0,0,0
"2017-18","9743","Nebraska","Darrien Washington|Janay Morton|Jasmine Cincore|Maddie Simon|Nicea Eliely",5,701,816,115,0,5,-5
"2017-18","9743","Maryland","Brianna Fraser|Channise Lewis|Eleanna Christinaki|Ieshia Small|Kaila Charles",5,754,862,108,5,1,4
"2017-18","9743","Nebraska","Darrien Washington|Janay Morton|Jasmine Cincore|Taylor Kissinger",4,816,908,92,1,2,-1
"2017-18","9743","Nebraska","Janay Morton|Maddie Simon|Nicea Eliely|Rachel Blackburn",4,908,961,53,0,1,-1
"2017-18","9743","Maryland","Brianna Fraser|Channise Lewis|Eleanna Christinaki|Ieshia Small|Stephanie Jones",5,862,961,99,3,0,3
"2017-18","9743","Maryland","Channise Lewis|Eleanna Christinaki|Ieshia Small|Kaila Charles|Stephanie Jones",5,961,970,9,0,2,-2
"2017-18","9743","Nebraska","Emily Wood|Janay Morton|Maddie Simon|Nicea Eliely|Rachel Blackburn",5,961,1006,45,4,2,2
"2017-18","9743","Maryland","Channise Lewis|Eleanna Christinaki|Ieshia Small|Kristen Confroy|Stephanie Jones",5,970,1023,53,3,2,1
"2017-18","9743","Nebraska","Emily Wood|Jasmine Cincore|Maddie Simon|Nicea Eliely|Rachel Blackburn",5,1006,1130,124,3,3,0
"2017-18","9743","Maryland","Brianna Fraser|Channise Lewis|Eleanna Christinaki|Ieshia Small|Stephanie Jones",5,1023,1130,107,2,3,-1
"2017-18","9743","Nebraska","Grace Mitchell|Hannah Whitish|Jasmine Cincore|Nicea Eliely|Rachel Blackburn",5,1130,1154,24,0,2,-2
"2017-18","9743","Maryland","Aja Ellison|Brianna Fraser|Channise Lewis|Eleanna Christinaki|Ieshia Small",5,1130,1197,67,2,0,2
"2017-18","9743","Maryland","Brianna Fraser|Channise Lewis|Eleanna Christinaki|Ieshia Small|Kristen Confroy",5,1197,1200,3,0,0,0
"2017-18","9743","Nebraska","Darrien Washington|Grace Mitchell|Hannah Whitish|Janay Morton|Jasmine Cincore",5,1154,1200,46,0,0,0
"2017-18","9743","Nebraska","Hannah Whitish|Jasmine Cincore|Kate Cain|Maddie Simon|Nicea Eliely",5,1200,1316,116,0,5,-5
"2017-18","9743","Nebraska","Darrien Washington|Hannah Whitish|Janay Morton|Jasmine Cincore|Nicea Eliely",5,1316,1418,102,2,0,2
"2017-18","9743","Maryland","Channise Lewis|Eleanna Christinaki|Kaila Charles|Kristen Confroy|Stephanie Jones",5,1200,1418,218,5,2,3
"2017-18","9743","Nebraska","Darrien Washington|Emily Wood|Janay Morton|Jasmine Cincore|Nicea Eliely",5,1418,1503,85,5,2,3
"2017-18","9743","Maryland","Brianna Fraser|Channise Lewis|Ieshia Small|Kaila Charles|Kristen Confroy",5,1418,1503,85,2,5,-3
"2017-18","9743","Maryland","Brianna Fraser|Channise Lewis|Eleanna Christinaki|Ieshia Small|Kaila Charles",5,1503,1596,93,2,3,-1
"2017-18","9743","Nebraska","Emily Wood|Hannah Whitish|Janay Morton|Kate Cain|Maddie Simon",5,1503,1631,128,3,4,-1
"2017-18","9743","Maryland","Brianna Fraser|Eleanna Christinaki|Ieshia Small|Kaila Charles|Kristen Confroy",5,1596,1644,48,2,0,2
"2017-18","9743","Maryland","Eleanna Christinaki|Ieshia Small|Kaila Charles|Kristen Confroy|Stephanie Jones",5,1644,1656,12,0,0,0
"2017-18","9743","Nebraska","Emily Wood|Hannah Whitish|Janay Morton|Jasmine Cincore|Kate Cain",5,1631,1687,56,0,0,0
"2017-18","9743","Nebraska","Emily Wood|Hannah Whitish|Jasmine Cincore|Kate Cain|Nicea Eliely",5,1687,1696,9,0,2,-2
"2017-18","9743","Maryland","Brianna Fraser|Eleanna Christinaki|Ieshia Small|Kaila Charles|Kristen Confroy",5,1656,1800,144,4,0,4
"2017-18","9743","Nebraska","Emily Wood|Hannah Whitish|Jasmine Cincore|Nicea Eliely|Rachel Blackburn",5,1696,1800,104,0,2,-2
"2017-18","9743","Nebraska","Emily Wood|Hannah Whitish|Jasmine Cincore|Nicea Eliely|Rachel Blackburn",5,1800,1862,62,3,0,3
"2017-18","9743","Maryland","Brianna Fraser|Eleanna Christinaki|Ieshia Small|Kaila Charles|Kristen Confroy",5,1800,1862,62,0,3,-3
"2017-18","9743","Nebraska","Bria Stallworth|Emily Wood|Jasmine Cincore|Nicea Eliely|Rachel Blackburn",5,1862,1903,41,0,1,-1
"2017-18","9743","Nebraska","Bria Stallworth|Emily Wood|Kate Cain|Maddie Simon|Nicea Eliely",5,1903,2058,155,5,4,1
"2017-18","9743","Maryland","Brianna Fraser|Channise Lewis|Eleanna Christinaki|Kaila Charles|Kristen Confroy",5,1862,2058,196,5,5,0
"2017-18","9743","Nebraska","Bria Stallworth|Hannah Whitish|Janay Morton|Kate Cain|Maddie Simon",5,2058,2119,61,2,2,0
"2017-18","9743","Maryland","Channise Lewis|Eleanna Christinaki|Kaila Charles|Kristen Confroy|Stephanie Jones",5,2058,2119,61,2,2,0
"2017-18","9743","Nebraska","Bria Stallworth|Darrien Washington|Hannah Whitish|Janay Morton|Jasmine Cincore",5,2119,2280,161,5,12,-7
"2017-18","9743","Maryland","Brianna Fraser|Channise Lewis|Eleanna Christinaki|Kaila Charles|Kristen Confroy",5,2119,2400,281,12,11,1
"2017-18","9743","Nebraska","Emily Wood|Hannah Whitish|Janay Morton|Jasmine Cincore|Kate Cain",5,2280,2400,120,6,0,6
"2017-18","9744","Maryland","Channise Lewis|Eleanna Christinaki|Kaila Charles|Kristen Confroy|Stephanie Jones",5,0,315,315,10,9,1
"2017-18","9744","Maryland","Brianna Fraser|Channise Lewis|Ieshia Small|Kaila Charles|Kristen Confroy",5,315,397,82,4,0,4
"2017-18","9744","Ohio State","Alexa Hart|Kelsey Mitchell|Linnae Harper|Sierra Calhoun|Stephanie Mavunga",5,0,397,397,9,14,-5
"2017-18","9744","Maryland","Brianna Fraser|Channise Lewis|Ieshia Small|Kristen Confroy|Stephanie Jones",5,397,410,13,0,1,-1
"2017-18","9744","Ohio State","Kelsey Mitchell|Linnae Harper|Makayla Waterman|Sierra Calhoun|Stephanie Mavunga",5,397,410,13,1,0,1
"2017-18","9744","Ohio State","Jensen Caretti|Kelsey Mitchell|Makayla Waterman|Sierra Calhoun|Stephanie Mavunga",5,410,447,37,3,0,3
"2017-18","9744","Maryland","Brianna Fraser|Eleanna Christinaki|Ieshia Small|Kristen Confroy|Stephanie Jones",5,410,526,116,3,6,-3
"2017-18","9744","Ohio State","Alexa Hart|Jensen Caretti|Kelsey Mitchell|Makayla Waterman|Sierra Calhoun",5,447,526,79,3,3,0
"2017-18","9744","Maryland","Brianna Fraser|Channise Lewis|Ieshia Small|Kristen Confroy|Stephanie Jones",5,526,529,3,0,1,-1
"2017-18","9744","Ohio State","Alexa Hart|Jensen Caretti|Kelsey Mitchell|Linnae Harper|Makayla Waterman",5,526,600,74,1,5,-4
"2017-18","9744","Maryland","Aja Ellison|Channise Lewis|Ieshia Small|Kristen Confroy|Stephanie Jones",5,529,600,71,5,0,5
"2017-18","9744","Maryland","Channise Lewis|Ieshia Small|Kaila Charles|Kristen Confroy|Stephanie Jones",5,600,701,101,0,4,-4
"2017-18","9744","Maryland","Eleanna Christinaki|Ieshia Small|Kaila Charles|Kristen Confroy|Stephanie Jones",5,701,743,42,2,0,2
"2017-18","9744","Ohio State","Alexa Hart|Kelsey Mitchell|Linnae Harper|Sierra Calhoun|Stephanie Mavunga",5,600,743,143,4,2,2
"2017-18","9744","Maryland","Brianna Fraser|Eleanna Christinaki|Ieshia Small|Kaila Charles|Kristen Confroy",5,743,788,45,0,3,-3
"2017-18","9744","Maryland","Eleanna Christinaki|Ieshia Small|Kaila Charles|Kristen Confroy|Stephanie Jones",5,788,842,54,0,7,-7
"2017-18","9744","Ohio State","Kelsey Mitchell|Linnae Harper|Makayla Waterman|Sierra Calhoun|Stephanie Mavunga",5,743,1017,274,16,3,13
"2017-18","9744","Maryland","Aja Ellison|Channise Lewis|Eleanna Christinaki|Kaila Charles|Kristen Confroy",5,842,1037,195,3,8,-5
"2017-18","9744","Maryland","Channise Lewis|Eleanna Christinaki|Kaila Charles|Kristen Confroy|Stephanie Jones",5,1037,1111,74,2,2,0
"2017-18","9744","Ohio State","Alexa Hart|Jensen Caretti|Kelsey Mitchell|Linnae Harper|Makayla Waterman|Sierra Calhoun",6,1017,1111,94,4,2,2
"2017-18","9744","Maryland","Brianna Fraser|Channise Lewis|Eleanna Christinaki|Kaila Charles|Kristen Confroy",5,1111,1160,49,2,3,-1
"2017-18","9744","Ohio State","Alexa Hart|Jensen Caretti|Kelsey Mitchell|Linnae Harper|Sierra Calhoun|Stephanie Mavunga",6,1111,1200,89,3,2,1
"2017-18","9744","Maryland","Aja Ellison|Channise Lewis|Eleanna Christinaki|Kaila Charles|Kristen Confroy",5,1160,1200,40,0,0,0
"2017-18","9744","Maryland","Channise Lewis|Eleanna Christinaki|Kaila Charles|Kristen Confroy|Stephanie Jones",5,1200,1373,173,4,6,-2
"2017-18","9744","Ohio State","Alexa Hart|Kelsey Mitchell|Linnae Harper|Sierra Calhoun|Stephanie Mavunga",5,1200,1373,173,6,4,2
"2017-18","9744","Maryland","Channise Lewis|Ieshia Small|Kaila Charles|Kristen Confroy|Stephanie Jones",5,1373,1542,169,4,5,-1
"2017-18","9744","Ohio State","Kelsey Mitchell|Linnae Harper|Makayla Waterman|Sierra Calhoun|Stephanie Mavunga",5,1373,1578,205,5,6,-1
"2017-18","9744","Ohio State","Alexa Hart|Kelsey Mitchell|Linnae Harper|Makayla Waterman|Sierra Calhoun",5,1578,1634,56,0,3,-3
"2017-18","9744","Ohio State","Alexa Hart|Kelsey Mitchell|Linnae Harper|Sierra Calhoun|Stephanie Mavunga",5,1634,1746,112,2,5,-3
"2017-18","9744","Ohio State","Jensen Caretti|Kelsey Mitchell|Linnae Harper|Makayla Waterman|Stephanie Mavunga",5,1746,1800,54,0,0,0
"2017-18","9744","Maryland","Brianna Fraser|Channise Lewis|Ieshia Small|Kaila Charles|Kristen Confroy",5,1542,1800,258,10,2,8
"2017-18","9744","Ohio State","Kelsey Mitchell|Linnae Harper|Makayla Waterman|Sierra Calhoun|Stephanie Mavunga",5,1800,1865,65,0,2,-2
"2017-18","9744","Maryland","Brianna Fraser|Channise Lewis|Ieshia Small|Kaila Charles|Kristen Confroy",5,1800,1886,86,2,2,0
"2017-18","9744","Ohio State","Alexa Hart|Kelsey Mitchell|Linnae Harper|Sierra Calhoun|Stephanie Mavunga",5,1865,1917,52,2,1,1
"2017-18","9744","Ohio State","Kelsey Mitchell|Linnae Harper|Makayla Waterman|Sierra Calhoun|Stephanie Mavunga",5,1917,2042,125,2,7,-5
"2017-18","9744","Maryland","Channise Lewis|Ieshia Small|Kaila Charles|Kristen Confroy|Stephanie Jones",5,1886,2177,291,10,7,3
"2017-18","9744","Ohio State","Alexa Hart|Kelsey Mitchell|Makayla Waterman|Sierra Calhoun|Stephanie Mavunga",5,2042,2177,135,5,2,3
"2017-18","9744","Ohio State","Alexa Hart|Kelsey Mitchell|Linnae Harper|Sierra Calhoun|Stephanie Mavunga",5,2177,2211,34,1,1,0
"2017-18","9744","Maryland","Brianna Fraser|Channise Lewis|Ieshia Small|Kaila Charles|Kristen Confroy",5,2177,2266,89,1,6,-5
"2017-18","9744","Maryland","Channise Lewis|Ieshia Small|Kaila Charles|Kristen Confroy|Stephanie Jones",5,2266,2361,95,5,7,-2
"2017-18","9744","Ohio State","Kelsey Mitchell|Linnae Harper|Makayla Waterman|Sierra Calhoun|Stephanie Mavunga",5,2211,2400,189,12,7,5
"2017-18","9744","Maryland","Aja Ellison|Channise Lewis|Kaila Charles|Sarah Myers|Stephanie Jones",5,2361,2400,39,2,0,2
"2017-18","9745","Princeton","Bella Alarie|Carlie Littlefield|Leslie Robinson|Qalea Ismail|Sydney Jordan",5,0,162,162,2,6,-4
"2017-18","9745","Maryland","Channise Lewis|Eleanna Christinaki|Kaila Charles|Kristen Confroy|Stephanie Jones",5,0,283,283,9,5,4
"2017-18","9745","Maryland","Brianna Fraser|Channise Lewis|Ieshia Small|Kaila Charles|Kristen Confroy",5,283,309,26,0,0,0
"2017-18","9745","Princeton","Abby Meyers|Bella Alarie|Carlie Littlefield|Kenya Holland|Leslie Robinson",5,162,403,241,6,5,1
"2017-18","9745","Maryland","Brianna Fraser|Eleanna Christinaki|Ieshia Small|Kaila Charles|Kristen Confroy",5,309,403,94,2,3,-1
"2017-18","9745","Princeton","Abby Meyers|Bella Alarie|Gabrielle Rush|Kenya Holland|Leslie Robinson",5,403,464,61,0,4,-4
"2017-18","9745","Maryland","Brianna Fraser|Eleanna Christinaki|Ieshia Small|Kristen Confroy|Stephanie Jones",5,403,474,71,4,0,4
"2017-18","9745","Maryland","Brianna Fraser|Eleanna Christinaki|Ieshia Small|Kaila Charles|Kristen Confroy",5,474,600,126,2,3,-1
"2017-18","9745","Princeton","Bella Alarie|Gabrielle Rush|Kenya Holland|Leslie Robinson|Sydney Jordan",5,464,600,136,3,2,1
"2017-18","9745","Maryland","Brianna Fraser|Channise Lewis|Ieshia Small|Kaila Charles|Kristen Confroy|Stephanie Jones",6,600,660,60,0,0,0
"2017-18","9745","Maryland","Brianna Fraser|Eleanna Christinaki|Ieshia Small|Kaila Charles|Kristen Confroy|Stephanie Jones",6,660,718,58,0,3,-3
"2017-18","9745","Maryland","Brianna Fraser|Eleanna Christinaki|Kaila Charles|Kristen Confroy|Sarah Myers|Stephanie Jones",6,718,752,34,2,0,2
"2017-18","9745","Princeton","Bella Alarie|Carlie Littlefield|Gabrielle Rush|Kenya Holland|Leslie Robinson|Sydney Jordan",6,600,851,251,4,4,0
"2017-18","9745","Maryland","Brianna Fraser|Eleanna Christinaki|Kaila Charles|Kristen Confroy|Sarah Myers",5,752,851,99,2,1,1
"2017-18","9745","Princeton","Bella Alarie|Carlie Littlefield|Gabrielle Rush|Kenya Holland|Sydney Jordan|Tia Weledji",6,851,973,122,2,4,-2
"2017-18","9745","Maryland","Brianna Fraser|Eleanna Christinaki|Ieshia Small|Kaila Charles|Sarah Myers",5,851,973,122,4,2,2
"2017-18","9745","Princeton","Abby Meyers|Carlie Littlefield|Kenya Holland|Leslie Robinson|Sydney Jordan|Tia Weledji",6,973,1041,68,1,2,-1
"2017-18","9745","Maryland","Brianna Fraser|Eleanna Christinaki|Kaila Charles|Kristen Confroy|Sarah Myers",5,973,1041,68,2,1,1
"2017-18","9745","Maryland","Brianna Fraser|Eleanna Christinaki|Ieshia Small|Kristen Confroy|Sarah Myers",5,1041,1100,59,0,2,-2
"2017-18","9745","Maryland","Brianna Fraser|Eleanna Christinaki|Kaila Charles|Kristen Confroy|Sarah Myers",5,1100,1183,83,4,4,0
"2017-18","9745","Maryland","Brianna Fraser|Ieshia Small|Kaila Charles|Kristen Confroy|Sarah Myers",5,1183,1200,17,0,2,-2
"2017-18","9745","Princeton","Abby Meyers|Bella Alarie|Carlie Littlefield|Kenya Holland|Leslie Robinson|Tia Weledji",6,1041,1200,159,8,4,4
"2017-18","9745","Princeton","Abby Meyers|Bella Alarie|Carlie Littlefield|Leslie Robinson|Sydney Jordan",5,1200,1397,197,0,8,-8
"2017-18","9745","Maryland","Channise Lewis|Eleanna Christinaki|Kaila Charles|Kristen Confroy|Stephanie Jones",5,1200,1437,237,8,2,6
"2017-18","9745","Princeton","Abby Meyers|Bella Alarie|Kenya Holland|Leslie Robinson|Sydney Jordan",5,1397,1513,116,2,0,2
"2017-18","9745","Princeton","Bella Alarie|Gabrielle Rush|Kenya Holland|Leslie Robinson|Sydney Jordan",5,1513,1585,72,2,3,-1
"2017-18","9745","Princeton","Bella Alarie|Gabrielle Rush|Kenya Holland|Leslie Robinson|Qalea Ismail",5,1585,1669,84,2,8,-6
"2017-18","9745","Maryland","Brianna Fraser|Channise Lewis|Eleanna Christinaki|Kaila Charles|Kristen Confroy",5,1437,1669,232,11,4,7
"2017-18","9745","Princeton","Gabrielle Rush|Kenya Holland|Leslie Robinson|Taylor Baur|Tia Weledji",5,1669,1760,91,2,3,-1
"2017-18","9745","Maryland","Channise Lewis|Eleanna Christinaki|Ieshia Small|Kaila Charles|Kristen Confroy",5,1669,1800,131,3,4,-1
"2017-18","9745","Princeton","Abby Meyers|Bella Alarie|Gabrielle Rush|Kenya Holland|Tia Weledji",5,1760,1800,40,2,0,2
"2017-18","9745","Princeton","Abby Meyers|Bella Alarie|Gabrielle Rush|Kenya Holland|Tia Weledji",5,1800,1875,75,0,0,0
"2017-18","9745","Princeton","Abby Meyers|Bella Alarie|Carlie Littlefield|Gabrielle Rush|Tia Weledji",5,1875,1902,27,0,2,-2
"2017-18","9745","Maryland","Channise Lewis|Eleanna Christinaki|Kaila Charles|Kristen Confroy|Stephanie Jones",5,1800,1929,129,4,2,2
"2017-18","9745","Maryland","Brianna Fraser|Channise Lewis|Eleanna Christinaki|Kaila Charles|Kristen Confroy",5,1929,2022,93,6,2,4
"2017-18","9745","Princeton","Abby Meyers|Bella Alarie|Carlie Littlefield|Leslie Robinson|Tia Weledji",5,1902,2151,249,8,13,-5
"2017-18","9745","Maryland","Brianna Fraser|Ieshia Small|Kaila Charles|Kristen Confroy|Sarah Myers",5,2022,2151,129,5,4,1
"2017-18","9745","Princeton","Abby Meyers|Bella Alarie|Carlie Littlefield|Jordan Stallworth|Tia Weledji",5,2151,2163,12,0,1,-1
"2017-18","9745","Princeton","Abby Meyers|Bella Alarie|Jordan Stallworth|Kenya Holland|Tia Weledji",5,2163,2266,103,7,3,4
"2017-18","9745","Maryland","Brianna Fraser|Channise Lewis|Eleanna Christinaki|Ieshia Small|Sarah Myers|Stephanie Jones",6,2151,2327,176,7,9,-2
"2017-18","9745","Princeton","Abby Meyers|Jordan Stallworth|Kenya Holland|Leslie Robinson|Tia Weledji",5,2266,2355,89,4,3,1
"2017-18","9745","Princeton","Caroline Davis|Jordan Stallworth|Kenya Holland|Leslie Robinson|Tia Weledji",5,2355,2364,9,0,2,-2
"2017-18","9745","Maryland","Aja Ellison|Brianna Fraser|Channise Lewis|Eleanna Christinaki|Ieshia Small|Sarah Myers",6,2327,2364,37,2,2,0
"2017-18","9745","Maryland","Aja Ellison|Brianna Fraser|Eleanna Christinaki|Ieshia Small|Sarah Myers|Stephanie Jones",6,2364,2400,36,0,2,-2
"2017-18","9745","Princeton","Caroline Davis|Jordan Stallworth|Sydney Boyer|Sydney Jordan|Taylor Baur",5,2364,2400,36,2,0,2
"2017-18","9746","Maryland","Channise Lewis|Eleanna Christinaki|Kaila Charles|Kristen Confroy|Stephanie Jones",5,0,160,160,3,4,-1
"2017-18","9746","Maryland","Eleanna Christinaki|Kaila Charles|Kristen Confroy|Sarah Myers|Stephanie Jones",5,160,202,42,0,2,-2
"2017-18","9746","Maryland","Ieshia Small|Kaila Charles|Kristen Confroy|Sarah Myers|Stephanie Jones",5,202,305,103,3,6,-3
"2017-18","9746","Maryland","Brianna Fraser|Channise Lewis|Ieshia Small|Kaila Charles|Kristen Confroy",5,305,369,64,0,0,0
"2017-18","9746","Maryland","Brianna Fraser|Eleanna Christinaki|Ieshia Small|Kaila Charles|Kristen Confroy",5,369,392,23,0,0,0
"2017-18","9746","Maryland","Eleanna Christinaki|Ieshia Small|Kaila Charles|Kristen Confroy|Stephanie Jones",5,392,400,8,0,0,0
"2017-18","9746","Maryland","Brianna Fraser|Eleanna Christinaki|Ieshia Small|Kristen Confroy|Stephanie Jones",5,400,499,99,1,4,-3
"2017-18","9746","Maryland","Eleanna Christinaki|Ieshia Small|Kaila Charles|Kristen Confroy|Stephanie Jones",5,499,595,96,4,2,2
"2017-18","9746","NC State","Aislinn Konig|Akela Maize|Chelsea Nelson|Kaila Ealey|Kiara Leslie",5,0,595,595,18,11,7
"2017-18","9746","NC State","Aislinn Konig|Akela Maize|Armani Hawkins|Chelsea Nelson|Kiara Leslie",5,595,600,5,0,0,0
"2017-18","9746","Maryland","Aja Ellison|Eleanna Christinaki|Ieshia Small|Kristen Confroy|Stephanie Jones",5,595,600,5,0,0,0
"2017-18","9746","Maryland","Brianna Fraser|Channise Lewis|Ieshia Small|Kaila Charles|Stephanie Jones",5,600,600,0,2,0,2
"2017-18","9746","NC State","Akela Maize|Armani Hawkins|Chelsea Nelson|Kaila Ealey|Kiara Leslie",5,600,600,0,0,2,-2
"2017-18","9746","Maryland","Brianna Fraser|Ieshia Small|Kaila Charles|Stephanie Jones",4,600,616,16,0,2,-2
"2017-18","9746","NC State","Akela Maize|Armani Hawkins|Chelsea Nelson|Kiara Leslie",4,600,616,16,2,0,2
"2017-18","9746","Maryland","Brianna Fraser|Channise Lewis|Ieshia Small|Stephanie Jones",4,616,680,64,0,4,-4
"2017-18","9746","NC State","Akela Maize|Armani Hawkins|Kaila Ealey|Kiara Leslie",4,616,680,64,4,0,4
"2017-18","9746","NC State","Akela Maize|Chelsea Nelson|Kaila Ealey|Kiara Leslie",4,680,703,23,0,0,0
"2017-18","9746","NC State","Akela Maize|Erika Cassell|Kaila Ealey|Kiara Leslie",4,703,730,27,0,1,-1
"2017-18","9746","Maryland","Brianna Fraser|Channise Lewis|Ieshia Small|Stephanie Jones",4,680,892,212,6,0,6
"2017-18","9746","NC State","Akela Maize|Armani Hawkins|Erika Cassell|Kiara Leslie",4,730,919,189,0,7,-7
"2017-18","9746","Maryland","Aja Ellison|Channise Lewis|Eleanna Christinaki|Ieshia Small",4,892,959,67,2,2,0
"2017-18","9746","NC State","Akela Maize|DD Rogers|Kai Crutchfield|Kiara Leslie",4,919,1053,134,6,5,1
"2017-18","9746","NC State","DD Rogers|Kai Crutchfield|Kiara Leslie|Nae Nae Cole",4,1053,1200,147,2,0,2
"2017-18","9746","Maryland","Brianna Fraser|Channise Lewis|Eleanna Christinaki|Ieshia Small",4,959,1200,241,5,6,-1
"2017-18","9746","NC State","Aislinn Konig|Akela Maize|Chelsea Nelson|Kaila Ealey|Kiara Leslie",5,1200,1337,137,3,6,-3
"2017-18","9746","Maryland","Channise Lewis|Eleanna Christinaki|Kaila Charles|Kristen Confroy|Stephanie Jones",5,1200,1364,164,6,3,3
"2017-18","9746","Maryland","Brianna Fraser|Channise Lewis|Eleanna Christinaki|Kaila Charles|Kristen Confroy",5,1364,1391,27,0,0,0
"2017-18","9746","Maryland","Brianna Fraser|Channise Lewis|Eleanna Christinaki|Ieshia Small|Kaila Charles",5,1391,1431,40,2,0,2
"2017-18","9746","Maryland","Brianna Fraser|Channise Lewis|Eleanna Christinaki|Ieshia Small|Kristen Confroy",5,1431,1560,129,2,7,-5
"2017-18","9746","Maryland","Brianna Fraser|Channise Lewis|Eleanna Christinaki|Kaila Charles|Kristen Confroy",5,1560,1631,71,0,3,-3
"2017-18","9746","NC State","Aislinn Konig|Chelsea Nelson|DD Rogers|Kaila Ealey|Kiara Leslie",5,1337,1631,294,10,4,6
"2017-18","9746","Maryland","Brianna Fraser|Eleanna Christinaki|Ieshia Small|Kaila Charles|Kristen Confroy",5,1631,1660,29,2,2,0
"2017-18","9746","Maryland","Eleanna Christinaki|Ieshia Small|Kaila Charles|Kristen Confroy|Stephanie Jones",5,1660,1729,69,0,6,-6
"2017-18","9746","NC State","Aislinn Konig|Akela Maize|DD Rogers|Kai Crutchfield|Kiara Leslie",5,1631,1800,169,11,4,7
"2017-18","9746","Maryland","Channise Lewis|Ieshia Small|Kaila Charles|Kristen Confroy|Stephanie Jones",5,1729,1800,71,2,3,-1
"2017-18","9746","Maryland","Brianna Fraser|Channise Lewis|Ieshia Small|Kaila Charles|Stephanie Jones",5,1800,1987,187,4,6,-2
"2017-18","9746","Maryland","Channise Lewis|Ieshia Small|Kaila Charles|Kristen Confroy|Stephanie Jones",5,1987,2058,71,4,0,4
"2017-18","9746","NC State","Aislinn Konig|Chelsea Nelson|DD Rogers|Kai Crutchfield|Kiara Leslie",5,1800,2058,258,6,8,-2
"2017-18","9746","NC State","Aislinn Konig|Akela Maize|DD Rogers|Kaila Ealey|Kiara Leslie",5,2058,2102,44,0,3,-3
"2017-18","9746","Maryland","Brianna Fraser|Channise Lewis|Kaila Charles|Kristen Confroy|Stephanie Jones",5,2058,2251,193,6,4,2
"2017-18","9746","NC State","Aislinn Konig|Akela Maize|Chelsea Nelson|Kaila Ealey|Kiara Leslie",5,2102,2330,228,8,5,3
"2017-18","9746","Maryland","Brianna Fraser|Channise Lewis|Ieshia Small|Kristen Confroy|Stephanie Jones",5,2251,2364,113,6,8,-2
"2017-18","9746","NC State","Aislinn Konig|Chelsea Nelson|DD Rogers|Kaila Ealey|Kiara Leslie",5,2330,2364,34,4,4,0
"2017-18","9746","Maryland","Brianna Fraser|Channise Lewis|Eleanna Christinaki|Ieshia Small|Stephanie Jones",5,2364,2367,3,0,0,0
"2017-18","9746","NC State","Chelsea Nelson|DD Rogers|Kaila Ealey|Kiara Leslie",4,2364,2367,3,0,0,0
"2017-18","9746","NC State","Aislinn Konig|DD Rogers|Erika Cassell|Kaila Ealey|Kiara Leslie",5,2367,2400,33,0,0,0
"2017-18","9746","Maryland","Aja Ellison|Brianna Fraser|Channise Lewis|Eleanna Christinaki|Sarah Myers",5,2367,2400,33,0,0,0
