"source_id","file_id","team","player_name","player_number","stint_index","in_seconds","out_seconds","duration","pts_for","pts_against","plus_minus","starter"
"2017-18","9713","Albany","Mackenzie Trpcic",0,1,0,206,206,10,8,2,1
"2017-18","9713","Albany","Bose Aiyalogbe",13,1,0,216,216,10,8,2,1
"2017-18","9713","Albany","Jessica Fequiere",15,1,0,311,311,10,8,2,1
"2017-18","9713","Albany","Heather Forster",22,1,0,206,206,10,8,2,1
"2017-18","9713","Albany","Tiana-Jo Carter",33,1,0,266,266,10,8,2,1
"2017-18","9713","Maryland","Kaila Charles",5,1,0,277,277,8,10,-2,1
"2017-18","9713","Maryland","Kristen Confroy",12,1,0,876,876,25,16,9,1
"2017-18","9713","Maryland","Sarah Myers",21,1,0,311,311,8,10,-2,1
"2017-18","9713","Maryland","Blair Watson",22,1,0,206,206,8,10,-2,1
"2017-18","9713","Maryland","Stephanie Jones",24,1,0,206,206,8,10,-2,1
"2017-18","9713","Albany","Alexi Schecter",24,1,206,438,232,2,4,-2,0
"2017-18","9713","Albany","Emma List",32,1,206,438,232,2,4,-2,0
"2017-18","9713","Maryland","Ieshia Small",1,1,206,367,161,0,2,-2,0
"2017-18","9713","Maryland","Brianna Fraser",34,1,206,511,305,6,2,4,0
"2017-18","9713","Albany","Kyara Frames",2,1,216,438,222,2,4,-2,0
"2017-18","9713","Albany","Chyanna Canada",44,1,266,438,172,2,4,-2,0
"2017-18","9713","Maryland","Stephanie Jones",24,2,277,778,501,13,6,7,0
"2017-18","9713","Albany","Cece Mayo",34,1,311,545,234,2,6,-4,0
"2017-18","9713","Maryland","Kaila Charles",5,2,311,863,552,15,6,9,0
"2017-18","9713","Maryland","Blair Watson",22,2,367,545,178,6,0,6,0
"2017-18","9713","Albany","Mackenzie Trpcic",0,2,438,600,162,2,2,0,0
"2017-18","9713","Albany","Jessica Fequiere",15,2,438,876,438,4,13,-9,0
"2017-18","9713","Albany","Heather Forster",22,2,438,545,107,0,2,-2,0
"2017-18","9713","Albany","Tiana-Jo Carter",33,2,438,600,162,2,2,0,0
"2017-18","9713","Maryland","Channise Lewis",3,1,511,545,34,0,0,0,0
"2017-18","9713","Albany","Bose Aiyalogbe",13,2,545,600,55,2,0,2,0
"2017-18","9713","Albany","Chyanna Canada",44,2,545,600,55,2,0,2,0
"2017-18","9713","Maryland","Ieshia Small",1,2,545,600,55,0,2,-2,0
"2017-18","9713","Maryland","Sarah Myers",21,2,545,676,131,3,4,-1,0
"2017-18","9713","Albany","Kyara Frames",2,2,600,778,178,2,7,-5,0
"2017-18","9713","Albany","Heather Forster",22,3,600,600,0,0,0,0,0
"2017-18","9713","Albany","Alexi Schecter",24,2,600,778,178,2,7,-5,0
"2017-18","9713","Albany","Emma List",32,2,600,778,178,2,7,-5,0
"2017-18","9713","Albany","Chyanna Canada",44,3,600,676,76,2,3,-1,0
"2017-18","9713","Maryland","Blair Watson",22,3,600,964,364,17,2,15,0
"2017-18","9713","Albany","Heather Forster",22,4,676,1041,365,0,18,-18,0
"2017-18","9713","Maryland","Channise Lewis",3,2,676,1200,524,27,2,25,0
"2017-18","9713","Albany","Mackenzie Trpcic",0,3,778,876,98,0,4,-4,0
"2017-18","9713","Albany","Tiana-Jo Carter",33,3,778,1252,474,2,26,-24,0
"2017-18","9713","Albany","Cece Mayo",34,2,778,911,133,0,5,-5,0
"2017-18","9713","Maryland","Brianna Fraser",34,2,778,1200,422,23,2,21,0
"2017-18","9713","Maryland","Stephanie Jones",24,3,863,1026,163,12,0,12,0
"2017-18","9713","Albany","Kyara Frames",2,3,876,1068,192,0,14,-14,0
"2017-18","9713","Albany","Emma List",32,3,876,911,35,0,1,-1,0
"2017-18","9713","Maryland","Ieshia Small",1,3,876,1200,324,19,2,17,0
"2017-18","9713","Albany","Patricia Conroy",10,1,911,953,42,0,5,-5,0
"2017-18","9713","Albany","Bose Aiyalogbe",13,3,911,1324,413,5,28,-23,0
"2017-18","9713","Albany","Mackenzie Trpcic",0,4,953,1434,481,12,32,-20,0
"2017-18","9713","Maryland","Kristen Confroy",12,2,964,1434,470,32,12,20,0
"2017-18","9713","Maryland","Kaila Charles",5,3,1026,1151,125,9,2,7,0
"2017-18","9713","Albany","Cece Mayo",34,3,1041,1200,159,2,9,-7,0
"2017-18","9713","Albany","Alexi Schecter",24,3,1068,1200,132,2,5,-3,0
"2017-18","9713","Maryland","Stephanie Jones",24,4,1151,1434,283,19,10,9,0
"2017-18","9713","Albany","Jessica Fequiere",15,3,1200,1510,310,10,22,-12,0
"2017-18","9713","Albany","Heather Forster",22,5,1200,1388,188,8,15,-7,0
"2017-18","9713","Maryland","Channise Lewis",3,3,1200,1510,310,22,10,12,0
"2017-18","9713","Maryland","Kaila Charles",5,4,1200,1335,135,10,3,7,0
"2017-18","9713","Maryland","Sarah Myers",21,3,1200,1200,0,0,0,0,0
"2017-18","9713","Maryland","Blair Watson",22,4,1200,1578,378,25,14,11,0
"2017-18","9713","Albany","Chyanna Canada",44,4,1252,1434,182,10,16,-6,0
"2017-18","9713","Albany","Emma List",32,4,1324,1578,254,11,15,-4,0
"2017-18","9713","Maryland","Brianna Fraser",34,3,1335,1645,310,15,11,4,0
"2017-18","9713","Albany","Alexi Schecter",24,4,1388,1800,412,11,15,-4,0
"2017-18","9713","Albany","Kyara Frames",2,4,1434,1578,144,4,6,-2,0
"2017-18","9713","Albany","Tiana-Jo Carter",33,4,1434,1510,76,0,3,-3,0
"2017-18","9713","Maryland","Ieshia Small",1,4,1434,1800,366,11,9,2,0
"2017-18","9713","Maryland","Sarah Myers",21,4,1434,1800,366,11,9,2,0
"2017-18","9713","Albany","Cece Mayo",34,4,1510,1721,211,7,3,4,0
"2017-18","9713","Albany","Chyanna Canada",44,5,1510,1578,68,4,3,1,0
"2017-18","9713","Maryland","Aja Ellison",0,1,1510,1645,135,3,4,-1,0
"2017-18","9713","Albany","Mackenzie Trpcic",0,5,1578,1763,185,4,3,1,0
"2017-18","9713","Albany","Jessica Fequiere",15,4,1578,1763,185,4,3,1,0
"2017-18","9713","Albany","Tiana-Jo Carter",33,5,1578,1721,143,3,0,3,0
"2017-18","9713","Maryland","Kaila Charles",5,5,1578,2120,542,12,18,-6,0
"2017-18","9713","Maryland","Kristen Confroy",12,3,1645,1800,155,5,5,0,0
"2017-18","9713","Maryland","Stephanie Jones",24,5,1645,2034,389,12,16,-4,0
"2017-18","9713","Albany","Emma List",32,5,1721,1763,42,1,3,-2,0
"2017-18","9713","Albany","Chyanna Canada",44,6,1721,1800,79,2,5,-3,0
"2017-18","9713","Albany","Kyara Frames",2,5,1763,1800,37,1,2,-1,0
"2017-18","9713","Albany","Bose Aiyalogbe",13,4,1763,2034,271,12,9,3,0
"2017-18","9713","Albany","Cece Mayo",34,5,1763,1800,37,1,2,-1,0
"2017-18","9713","Albany","Mackenzie Trpcic",0,6,1800,1800,0,0,0,0,0
"2017-18","9713","Albany","Kyara Frames",2,6,1800,2034,234,11,7,4,0
"2017-18","9713","Albany","Jessica Fequiere",15,5,1800,2314,514,19,11,8,0
"2017-18","9713","Albany","Heather Forster",22,6,1800,2034,234,11,7,4,0
"2017-18","9713","Albany","Tiana-Jo Carter",33,6,1800,2034,234,11,7,4,0
"2017-18","9713","Maryland","Ieshia Small",1,5,1800,2034,234,7,11,-4,0
"2017-18","9713","Maryland","Channise Lewis",3,4,1800,2314,514,11,19,-8,0
"2017-18","9713","Maryland","Blair Watson",22,5,1800,1800,0,0,0,0,0
"2017-18","9713","Maryland","Brianna Fraser",34,4,1800,2391,591,15,21,-6,0
"2017-18","9713","Albany","Mackenzie Trpcic",0,7,2034,2314,280,8,4,4,0
"2017-18","9713","Albany","Alexi Schecter",24,5,2034,2314,280,8,4,4,0
"2017-18","9713","Albany","Emma List",32,6,2034,2314,280,8,4,4,0
"2017-18","9713","Albany","Chyanna Canada",44,7,2034,2314,280,8,4,4,0
"2017-18","9713","Maryland","Sarah Myers",21,5,2034,2400,366,10,10,0,0
"2017-18","9713","Maryland","Blair Watson",22,6,2034,2400,366,10,10,0,0
"2017-18","9713","Maryland","Aja Ellison",0,2,2120,2400,280,10,8,2,0
"2017-18","9713","Albany","Kyara Frames",2,7,2314,2400,86,2,6,-4,0
"2017-18","9713","Albany","Bose Aiyalogbe",13,5,2314,2339,25,2,2,0,0
"2017-18","9713","Albany","Kumsal Aslan",20,1,2314,2400,86,2,6,-4,0
"2017-18","9713","Albany","Tiana-Jo Carter",33,7,2314,2396,82,2,6,-4,0
"2017-18","9713","Albany","Cece Mayo",34,6,2314,2396,82,2,6,-4,0
"2017-18","9713","Maryland","Ieshia Small",1,6,2314,2400,86,6,2,4,0
"2017-18","9713","Albany","Patricia Conroy",10,2,2339,2400,61,0,4,-4,0
"2017-18","9713","Maryland","Channise Lewis",3,5,2391,2400,9,2,0,2,0
"2017-18","9713","Albany","Alexi Schecter",24,6,2396,2400,4,0,0,0,0
"2017-18","9713","Albany","Emma List",32,7,2396,2400,4,0,0,0,0
"2017-18","9714","Maryland","Channise Lewis",3,1,0,389,389,7,21,-14,1
"2017-18","9714","Maryland","Kaila Charles",5,1,0,65,65,3,3,0,1
"2017-18","9714","Maryland","Kristen Confroy",12,1,0,254,254,5,13,-8,1
"2017-18","9714","Maryland","Blair Watson",22,1,0,389,389,7,21,-14,1
"2017-18","9714","Maryland","Stephanie Jones",24,1,0,465,465,9,23,-14,1
"2017-18","9714","South Carolina","Doniyah CLINEY",4,1,0,577,577,27,13,14,1
"2017-18","9714","South Carolina","Lindsey SPANN",11,1,0,390,390,21,7,14,1
"2017-18","9714","South Carolina","A'ja WILSON",22,1,0,600,600,29,13,16,1
"2017-18","9714","South Carolina","Alexis JENNINGS",35,1,0,390,390,21,7,14,1
"2017-18","9714","South Carolina","Tyasha HARRIS",52,1,0,577,577,27,13,14,1
"2017-18","9714","Maryland","Brianna Fraser",34,1,65,600,535,10,26,-16,0
"2017-18","9714","Maryland","Ieshia Small",1,1,254,600,346,8,16,-8,0
"2017-18","9714","Maryland","Kristen Confroy",12,2,389,600,211,6,8,-2,0
"2017-18","9714","Maryland","Sarah Myers",21,1,389,600,211,6,8,-2,0
"2017-18","9714","South Carolina","Bianca JACKSON",10,1,390,600,210,8,6,2,0
"2017-18","9714","South Carolina","M. HERBERT HARRIGAN",21,1,390,600,210,8,6,2,0
"2017-18","9714","Maryland","Kaila Charles",5,2,465,577,112,4,4,0,0
"2017-18","9714","Maryland","Stephanie Jones",24,2,577,742,165,6,7,-1,0
"2017-18","9714","South Carolina","Victoria PATRICK",0,1,577,600,23,2,0,2,0
"2017-18","9714","South Carolina","Lindsey SPANN",11,2,577,944,367,13,17,-4,0
"2017-18","9714","Maryland","Ieshia Small",1,2,600,792,192,8,5,3,0
"2017-18","9714","Maryland","Channise Lewis",3,2,600,600,0,0,0,0,0
"2017-18","9714","Maryland","Kaila Charles",5,3,600,600,0,0,0,0,0
"2017-18","9714","Maryland","Sarah Myers",21,2,600,1200,600,23,22,1,0
"2017-18","9714","Maryland","Blair Watson",22,2,600,1467,867,28,30,-2,0
"2017-18","9714","Maryland","Brianna Fraser",34,2,600,676,76,1,3,-2,0
"2017-18","9714","South Carolina","Doniyah CLINEY",4,2,600,600,0,0,0,0,0
"2017-18","9714","South Carolina","Bianca JACKSON",10,2,600,742,142,5,6,-1,0
"2017-18","9714","South Carolina","M. HERBERT HARRIGAN",21,2,600,716,116,3,3,0,0
"2017-18","9714","South Carolina","LeLe GRISSETT",24,1,600,716,116,3,3,0,0
"2017-18","9714","South Carolina","Alexis JENNINGS",35,2,600,600,0,0,0,0,0
"2017-18","9714","South Carolina","Tyasha HARRIS",52,2,600,707,107,3,1,2,0
"2017-18","9714","Maryland","Kristen Confroy",12,3,676,1665,989,31,39,-8,0
"2017-18","9714","South Carolina","Doniyah CLINEY",4,3,707,1062,355,12,18,-6,0
"2017-18","9714","South Carolina","A'ja WILSON",22,2,716,1665,949,39,29,10,0
"2017-18","9714","South Carolina","Alexis JENNINGS",35,3,716,1467,751,27,25,2,0
"2017-18","9714","Maryland","Brianna Fraser",34,3,742,944,202,11,6,5,0
"2017-18","9714","South Carolina","Tyasha HARRIS",52,3,742,1665,923,37,26,11,0
"2017-18","9714","Maryland","Stephanie Jones",24,3,792,1281,489,15,19,-4,0
"2017-18","9714","Maryland","Kaila Charles",5,4,944,1200,256,6,11,-5,0
"2017-18","9714","South Carolina","Bianca JACKSON",10,3,944,1200,256,11,6,5,0
"2017-18","9714","South Carolina","Victoria PATRICK",0,2,1062,1200,138,7,4,3,0
"2017-18","9714","Maryland","Channise Lewis",3,3,1200,1200,0,0,0,0,0
"2017-18","9714","Maryland","Sarah Myers",21,3,1200,1665,465,9,20,-11,0
"2017-18","9714","Maryland","Brianna Fraser",34,4,1200,1467,267,5,8,-3,0
"2017-18","9714","South Carolina","Doniyah CLINEY",4,4,1200,1800,600,22,18,4,0
"2017-18","9714","South Carolina","Lindsey SPANN",11,3,1200,2400,1200,43,50,-7,0
"2017-18","9714","Maryland","Kaila Charles",5,5,1281,1306,25,0,2,-2,0
"2017-18","9714","Maryland","Ieshia Small",1,3,1306,1800,494,18,18,0,0
"2017-18","9714","Maryland","Kaila Charles",5,6,1467,2400,933,45,35,10,0
"2017-18","9714","Maryland","Stephanie Jones",24,4,1467,1509,42,0,0,0,0
"2017-18","9714","South Carolina","M. HERBERT HARRIGAN",21,3,1467,1800,333,14,13,1,0
"2017-18","9714","Maryland","Brianna Fraser",34,5,1509,1665,156,4,12,-8,0
"2017-18","9714","Maryland","Channise Lewis",3,4,1665,2400,735,41,23,18,0
"2017-18","9714","Maryland","Blair Watson",22,3,1665,2400,735,41,23,18,0
"2017-18","9714","Maryland","Stephanie Jones",24,5,1665,1854,189,11,4,7,0
"2017-18","9714","South Carolina","Bianca JACKSON",10,4,1665,1800,135,2,9,-7,0
"2017-18","9714","South Carolina","LeLe GRISSETT",24,2,1665,1800,135,2,9,-7,0
"2017-18","9714","Maryland","Ieshia Small",1,4,1800,2218,418,19,10,9,0
"2017-18","9714","Maryland","Kristen Confroy",12,4,1800,1800,0,0,0,0,0
"2017-18","9714","South Carolina","Bianca JACKSON",10,5,1800,2056,256,7,10,-3,0
"2017-18","9714","South Carolina","M. HERBERT HARRIGAN",21,4,1800,1854,54,2,2,0,0
"2017-18","9714","South Carolina","A'ja WILSON",22,3,1800,2400,600,21,32,-11,0
"2017-18","9714","South Carolina","Alexis JENNINGS",35,4,1800,1800,0,0,0,0,0
"2017-18","9714","South Carolina","Tyasha HARRIS",52,4,1800,2400,600,21,32,-11,0
"2017-18","9714","Maryland","Brianna Fraser",34,6,1854,2080,226,8,6,2,0
"2017-18","9714","South Carolina","LeLe GRISSETT",24,3,1854,1930,76,3,2,1,0
"2017-18","9714","South Carolina","Alexis JENNINGS",35,5,1930,2400,470,16,28,-12,0
"2017-18","9714","South Carolina","Doniyah CLINEY",4,5,2056,2400,344,14,22,-8,0
"2017-18","9714","Maryland","Stephanie Jones",24,6,2080,2146,66,4,2,2,0
"2017-18","9714","Maryland","Brianna Fraser",34,7,2146,2298,152,10,3,7,0
"2017-18","9714","Maryland","Kristen Confroy",12,5,2218,2400,182,13,11,2,0
"2017-18","9714","Maryland","Stephanie Jones",24,7,2298,2314,16,2,0,2,0
"2017-18","9714","Maryland","Sarah Myers",21,4,2314,2400,86,6,8,-2,0
"2017-18","9714","South Carolina","M. HERBERT HARRIGAN",21,5,2352,2400,48,7,4,3,0
"2017-18","9715","Maryland","Channise Lewis",3,1,0,79,79,4,4,0,1
"2017-18","9715","Maryland","Kaila Charles",5,1,0,165,165,4,6,-2,1
"2017-18","9715","Maryland","Kristen Confroy",12,1,0,481,481,21,14,7,1
"2017-18","9715","Maryland","Blair Watson",22,1,0,277,277,13,12,1,1
"2017-18","9715","Maryland","Stephanie Jones",24,1,0,255,255,10,9,1,1
"2017-18","9715","Niagara","Jamie Sherburne",10,1,0,255,255,9,10,-1,1
"2017-18","9715","Niagara","Kharysma Bryant",11,1,0,255,255,9,10,-1,1
"2017-18","9715","Niagara","Maggie McIntyre",21,1,0,400,400,14,17,-3,1
"2017-18","9715","Niagara","Victoria Rampado",22,1,0,510,510,14,21,-7,1
"2017-18","9715","Niagara","Kaylee Stroemple",44,1,0,277,277,12,13,-1,1
"2017-18","9715","Maryland","Sarah Myers",21,1,79,400,321,13,10,3,0
"2017-18","9715","Maryland","Brianna Fraser",34,1,165,481,316,17,8,9,0
"2017-18","9715","Maryland","Ieshia Small",1,1,255,600,345,15,8,7,0
"2017-18","9715","Niagara","Jai Moore",4,1,255,600,345,8,15,-7,0
"2017-18","9715","Niagara","Diona Johnson",32,1,255,577,322,8,13,-5,0
"2017-18","9715","Maryland","Kaila Charles",5,2,277,308,31,0,2,-2,0
"2017-18","9715","Niagara","Adila Gathers",15,1,277,481,204,2,8,-6,0
"2017-18","9715","Maryland","Stephanie Jones",24,2,308,534,226,8,2,6,0
"2017-18","9715","Maryland","Kaila Charles",5,3,400,945,545,18,10,8,0
"2017-18","9715","Niagara","Jamie Sherburne",10,2,400,945,545,10,18,-8,0
"2017-18","9715","Maryland","Channise Lewis",3,2,481,535,54,0,2,-2,0
"2017-18","9715","Maryland","Blair Watson",22,2,481,577,96,2,3,-1,0
"2017-18","9715","Niagara","Kaylee Stroemple",44,2,481,945,464,10,14,-4,0
"2017-18","9715","Niagara","Dagny Davidsdottir",33,1,510,577,67,3,2,1,0
"2017-18","9715","Maryland","Sarah Myers",21,2,534,600,66,4,1,3,0
"2017-18","9715","Maryland","Brianna Fraser",34,2,535,600,65,4,1,3,0
"2017-18","9715","Maryland","Kristen Confroy",12,2,577,880,303,10,7,3,0
"2017-18","9715","Niagara","Kharysma Bryant",11,2,577,799,222,6,8,-2,0
"2017-18","9715","Niagara","Adila Gathers",15,2,577,600,23,0,2,-2,0
"2017-18","9715","Maryland","Ieshia Small",1,2,600,1031,431,15,9,6,0
"2017-18","9715","Maryland","Channise Lewis",3,3,600,600,0,0,0,0,0
"2017-18","9715","Maryland","Sarah Myers",21,3,600,1031,431,15,9,6,0
"2017-18","9715","Maryland","Blair Watson",22,3,600,600,0,0,0,0,0
"2017-18","9715","Maryland","Stephanie Jones",24,3,600,600,0,0,0,0,0
"2017-18","9715","Maryland","Brianna Fraser",34,3,600,740,140,4,6,-2,0
"2017-18","9715","Niagara","Jai Moore",4,2,600,799,199,6,6,0,0
"2017-18","9715","Niagara","Maggie McIntyre",21,2,600,600,0,0,0,0,0
"2017-18","9715","Niagara","Victoria Rampado",22,2,600,823,223,6,6,0,0
"2017-18","9715","Maryland","Stephanie Jones",24,4,740,1083,343,11,8,3,0
"2017-18","9715","Niagara","Maggie McIntyre",21,3,799,1083,284,8,9,-1,0
"2017-18","9715","Niagara","Diona Johnson",32,2,799,1031,232,3,9,-6,0
"2017-18","9715","Niagara","Adila Gathers",15,3,823,1200,377,13,11,2,0
"2017-18","9715","Maryland","Blair Watson",22,4,880,2188,1308,53,34,19,0
"2017-18","9715","Maryland","Brianna Fraser",34,4,945,1200,255,7,12,-5,0
"2017-18","9715","Niagara","Jai Moore",4,3,945,1112,167,10,5,5,0
"2017-18","9715","Niagara","Victoria Rampado",22,3,945,1619,674,22,26,-4,0
"2017-18","9715","Maryland","Channise Lewis",3,4,1031,1200,169,2,10,-8,0
"2017-18","9715","Maryland","Kristen Confroy",12,3,1031,1112,81,0,8,-8,0
"2017-18","9715","Niagara","Kharysma Bryant",11,3,1031,1429,398,17,13,4,0
"2017-18","9715","Maryland","Ieshia Small",1,3,1083,1200,117,2,5,-3,0
"2017-18","9715","Niagara","Jamie Sherburne",10,3,1083,1800,717,17,25,-8,0
"2017-18","9715","Maryland","Sarah Myers",21,4,1112,1200,88,2,2,0,0
"2017-18","9715","Niagara","Kaylee Stroemple",44,3,1112,1581,469,12,21,-9,0
"2017-18","9715","Maryland","Ieshia Small",1,4,1200,1681,481,21,12,9,0
"2017-18","9715","Maryland","Kaila Charles",5,4,1200,1475,275,13,7,6,0
"2017-18","9715","Maryland","Kristen Confroy",12,4,1200,1670,470,21,10,11,0
"2017-18","9715","Maryland","Sarah Myers",21,5,1200,1800,600,23,12,11,0
"2017-18","9715","Maryland","Stephanie Jones",24,5,1200,1200,0,0,0,0,0
"2017-18","9715","Niagara","Maggie McIntyre",21,4,1200,1702,502,12,21,-9,0
"2017-18","9715","Niagara","Jai Moore",4,4,1429,1581,152,3,8,-5,0
"2017-18","9715","Maryland","Stephanie Jones",24,6,1475,2400,925,37,22,15,0
"2017-18","9715","Niagara","Adila Gathers",15,4,1581,1800,219,2,4,-2,0
"2017-18","9715","Niagara","Diona Johnson",32,3,1581,1800,219,2,4,-2,0
"2017-18","9715","Niagara","Kaylee Stroemple",44,4,1619,2188,569,12,25,-13,0
"2017-18","9715","Maryland","Brianna Fraser",34,5,1670,1800,130,2,2,0,0
"2017-18","9715","Maryland","Kaila Charles",5,5,1681,1791,110,2,0,2,0
"2017-18","9715","Niagara","Kharysma Bryant",11,4,1702,1989,287,5,10,-5,0
"2017-18","9715","Maryland","Ieshia Small",1,5,1791,1800,9,0,0,0,0
"2017-18","9715","Maryland","Ieshia Small",1,6,1800,2188,388,21,10,11,0
"2017-18","9715","Maryland","Channise Lewis",3,5,1800,1800,0,0,0,0,0
"2017-18","9715","Maryland","Kaila Charles",5,6,1800,1800,0,0,0,0,0
"2017-18","9715","Maryland","Kristen Confroy",12,5,1800,1800,0,0,0,0,0
"2017-18","9715","Maryland","Sarah Myers",21,6,1800,1946,146,4,5,-1,0
"2017-18","9715","Maryland","Brianna Fraser",34,6,1800,1976,176,6,5,1,0
"2017-18","9715","Niagara","Maggie McIntyre",21,5,1800,2148,348,10,17,-7,0
"2017-18","9715","Niagara","Victoria Rampado",22,4,1800,2104,304,8,13,-5,0
"2017-18","9715","Niagara","Diona Johnson",32,4,1800,1900,100,2,4,-2,0
"2017-18","9715","Niagara","Jamie Sherburne",10,4,1900,2213,313,11,18,-7,0
"2017-18","9715","Maryland","Channise Lewis",3,6,1946,2400,454,23,12,11,0
"2017-18","9715","Maryland","Kaila Charles",5,7,1976,1997,21,2,0,2,0
"2017-18","9715","Niagara","Adila Gathers",15,5,1989,2188,199,5,13,-8,0
"2017-18","9715","Maryland","Brianna Fraser",34,7,1997,2400,403,19,12,7,0
"2017-18","9715","Niagara","Dagny Davidsdottir",33,2,2104,2148,44,2,4,-2,0
"2017-18","9715","Niagara","Emerald Ekpiteta",12,1,2148,2400,252,7,10,-3,0
"2017-18","9715","Niagara","Diona Johnson",32,5,2148,2400,252,7,10,-3,0
"2017-18","9715","Maryland","Kristen Confroy",12,6,2188,2400,212,6,7,-1,0
"2017-18","9715","Maryland","Sarah Myers",21,7,2188,2400,212,6,7,-1,0
"2017-18","9715","Niagara","Jai Moore",4,5,2188,2400,212,7,6,1,0
"2017-18","9715","Niagara","Dagny Davidsdottir",33,3,2188,2263,75,3,3,0,0
"2017-18","9715","Niagara","Claire Wanzer",5,1,2213,2400,187,4,5,-1,0
"2017-18","9715","Niagara","Adila Gathers",15,6,2263,2400,137,4,3,1,0
"2017-18","9716","Maryland","Aja Ellison",0,1,0,600,600,11,32,-21,0
"2017-18","9716","Maryland","Ieshia Small",1,1,0,600,600,11,32,-21,0
"2017-18","9716","Maryland","Channise Lewis",3,1,0,434,434,9,20,-11,0
"2017-18","9716","Maryland","Kaila Charles",5,1,0,2400,2400,72,97,-25,1
"2017-18","9716","Maryland","Eleanna Christinaki",10,1,0,600,600,11,32,-21,0
"2017-18","9716","Maryland","Kristen Confroy",12,1,0,94,94,5,7,-2,1
"2017-18","9716","Maryland","Sarah Myers",21,1,0,372,372,9,18,-9,1
"2017-18","9716","Maryland","Blair Watson",22,1,0,162,162,7,7,0,1
"2017-18","9716","Maryland","Stephanie Jones",24,1,0,123,123,5,7,-2,1
"2017-18","9716","UConn","And ESPINOZA-HUNTER",2,1,0,600,600,32,11,21,0
"2017-18","9716","UConn","Megan WALKER",3,1,0,600,600,32,11,21,0
"2017-18","9716","UConn","Mikayla COOMBS",4,1,0,600,600,32,11,21,0
"2017-18","9716","UConn","Crystal DANGERFIELD",5,1,0,1009,1009,44,19,25,1
"2017-18","9716","UConn","Molly BENT",10,1,0,600,600,32,11,21,0
"2017-18","9716","UConn","Kia NURSE",11,1,0,1797,1797,75,38,37,1
"2017-18","9716","UConn","Gabby WILLIAMS",15,1,0,807,807,37,17,20,1
"2017-18","9716","UConn","Azura STEVENS",23,1,0,718,718,34,15,19,1
"2017-18","9716","UConn","Napheesa COLLIER",24,1,0,921,921,39,19,20,1
"2017-18","9716","Maryland","Brianna Fraser",34,1,123,216,93,2,2,0,0
"2017-18","9716","Maryland","Kristen Confroy",12,2,162,477,315,2,17,-15,0
"2017-18","9716","Maryland","Stephanie Jones",24,2,216,322,106,0,7,-7,0
"2017-18","9716","Maryland","Brianna Fraser",34,2,322,477,155,2,8,-6,0
"2017-18","9716","Maryland","Sarah Myers",21,2,434,1297,863,14,32,-18,0
"2017-18","9716","Maryland","Blair Watson",22,2,477,967,490,10,17,-7,0
"2017-18","9716","Maryland","Stephanie Jones",24,3,477,600,123,2,8,-6,0
"2017-18","9716","Maryland","Kristen Confroy",12,3,600,815,215,6,5,1,0
"2017-18","9716","Maryland","Brianna Fraser",34,3,600,807,207,6,5,1,0
"2017-18","9716","UConn","Megan WALKER",3,2,718,1131,413,12,6,6,0
"2017-18","9716","Maryland","Stephanie Jones",24,4,807,921,114,2,2,0,0
"2017-18","9716","UConn","Azura STEVENS",23,2,807,1487,680,22,11,11,0
"2017-18","9716","Maryland","Ieshia Small",1,2,815,1200,385,4,9,-5,0
"2017-18","9716","Maryland","Brianna Fraser",34,4,921,1200,279,2,7,-5,0
"2017-18","9716","UConn","Gabby WILLIAMS",15,2,921,1944,1023,43,29,14,0
"2017-18","9716","Maryland","Kristen Confroy",12,4,967,1200,233,2,5,-3,0
"2017-18","9716","UConn","Napheesa COLLIER",24,2,1009,1992,983,40,31,9,0
"2017-18","9716","UConn","Crystal DANGERFIELD",5,2,1131,1636,505,19,13,6,0
"2017-18","9716","Maryland","Ieshia Small",1,3,1200,1376,176,2,11,-9,0
"2017-18","9716","Maryland","Blair Watson",22,3,1200,1273,73,2,5,-3,0
"2017-18","9716","Maryland","Stephanie Jones",24,5,1200,1200,0,0,0,0,0
"2017-18","9716","Maryland","Brianna Fraser",34,5,1200,1297,97,2,6,-4,0
"2017-18","9716","Maryland","Stephanie Jones",24,6,1273,1487,214,5,8,-3,0
"2017-18","9716","Maryland","Channise Lewis",3,2,1297,1800,503,18,23,-5,0
"2017-18","9716","Maryland","Kristen Confroy",12,5,1297,1677,380,13,15,-2,0
"2017-18","9716","Maryland","Blair Watson",22,4,1376,2400,1024,49,40,9,0
"2017-18","9716","Maryland","Brianna Fraser",34,6,1487,1677,190,8,8,0,0
"2017-18","9716","UConn","Megan WALKER",3,3,1487,1582,95,4,4,0,0
"2017-18","9716","UConn","And ESPINOZA-HUNTER",2,2,1582,1800,218,12,9,3,0
"2017-18","9716","UConn","Azura STEVENS",23,3,1636,1677,41,2,2,0,0
"2017-18","9716","Maryland","Ieshia Small",1,4,1677,1800,123,5,8,-3,0
"2017-18","9716","Maryland","Stephanie Jones",24,7,1677,1800,123,5,8,-3,0
"2017-18","9716","UConn","Megan WALKER",3,4,1677,1800,123,8,5,3,0
"2017-18","9716","UConn","Molly BENT",10,2,1797,1800,3,0,3,-3,0
"2017-18","9716","Maryland","Ieshia Small",1,5,1800,2400,600,31,22,9,0
"2017-18","9716","Maryland","Channise Lewis",3,3,1800,2400,600,31,22,9,0
"2017-18","9716","Maryland","Kristen Confroy",12,6,1800,1800,0,0,0,0,0
"2017-18","9716","Maryland","Sarah Myers",21,3,1800,1800,0,0,0,0,0
"2017-18","9716","Maryland","Brianna Fraser",34,7,1800,2066,266,13,12,1,0
"2017-18","9716","UConn","And ESPINOZA-HUNTER",2,3,1800,2400,600,22,31,-9,0
"2017-18","9716","UConn","Megan WALKER",3,5,1800,2400,600,22,31,-9,0
"2017-18","9716","UConn","Crystal DANGERFIELD",5,3,1800,1800,0,0,0,0,0
"2017-18","9716","UConn","Molly BENT",10,3,1800,2125,325,12,17,-5,0
"2017-18","9716","UConn","Kia NURSE",11,2,1800,1800,0,0,0,0,0
"2017-18","9716","UConn","Azura STEVENS",23,4,1800,1800,0,0,0,0,0
"2017-18","9716","UConn","Kyla IRWIN",25,1,1944,2400,456,15,24,-9,0
"2017-18","9716","UConn","Azura STEVENS",23,5,1992,2289,297,10,16,-6,0
"2017-18","9716","Maryland","Stephanie Jones",24,8,2066,2400,334,18,10,8,0
"2017-18","9716","UConn","Mikayla COOMBS",4,2,2125,2362,237,10,12,-2,0
"2017-18","9716","UConn","Alexis GORDON",34,1,2289,2400,111,3,6,-3,0
"2017-18","9716","UConn","Molly BENT",10,4,2362,2400,38,0,2,-2,0
"2017-18","9717","Howard","Asia MCCANTS",3,1,0,600,600,6,33,-27,1
"2017-18","9717","Howard","Tajzhane DOPSON",10,1,0,289,289,4,16,-12,1
"2017-18","9717","Howard","Curstyn MOORE",12,1,0,289,289,4,16,-12,1
"2017-18","9717","Howard","Jayla MYLES",20,1,0,179,179,4,10,-6,1
"2017-18","9717","Howard","Tariah JOHNSON",22,1,0,466,466,6,26,-20,1
"2017-18","9717","Maryland","Channise Lewis",3,1,0,289,289,16,4,12,1
"2017-18","9717","Maryland","Kaila Charles",5,1,0,289,289,16,4,12,1
"2017-18","9717","Maryland","Kristen Confroy",12,1,0,392,392,19,6,13,1
"2017-18","9717","Maryland","Blair Watson",22,1,0,133,133,7,2,5,1
"2017-18","9717","Maryland","Stephanie Jones",24,1,0,179,179,10,4,6,1
"2017-18","9717","Maryland","Ieshia Small",1,1,133,289,156,9,2,7,0
"2017-18","9717","Howard","S FITZGERALD-GREER",21,1,179,392,213,2,9,-7,0
"2017-18","9717","Maryland","Brianna Fraser",34,1,179,531,352,18,2,16,0
"2017-18","9717","Howard","Imani BRYANT",14,1,289,392,103,2,3,-1,0
"2017-18","9717","Maryland","Sarah Myers",21,1,289,392,103,3,2,1,0
"2017-18","9717","Maryland","Blair Watson",22,2,289,693,404,19,6,13,0
"2017-18","9717","Maryland","Stephanie Jones",24,2,289,600,311,17,2,15,0
"2017-18","9717","Howard","Curstyn MOORE",12,2,392,889,497,7,31,-24,0
"2017-18","9717","Howard","Jayla MYLES",20,2,392,693,301,4,16,-12,0
"2017-18","9717","Maryland","Channise Lewis",3,2,392,1015,623,34,9,25,0
"2017-18","9717","Maryland","Kaila Charles",5,2,392,889,497,31,7,24,0
"2017-18","9717","Howard","Tajzhane DOPSON",10,2,420,817,397,7,21,-14,0
"2017-18","9717","Howard","Ayonna WILLIAMS",4,1,466,600,134,0,7,-7,0
"2017-18","9717","Maryland","Ieshia Small",1,2,531,600,69,5,0,5,0
"2017-18","9717","Howard","Asia MCCANTS",3,2,600,743,143,6,7,-1,0
"2017-18","9717","Howard","Ayonna WILLIAMS",4,2,600,1015,415,9,20,-11,0
"2017-18","9717","Howard","Sarah EDMOND",5,1,600,600,0,0,0,0,0
"2017-18","9717","Howard","Tariah JOHNSON",22,2,600,600,0,0,0,0,0
"2017-18","9717","Maryland","Ieshia Small",1,3,600,817,217,12,7,5,0
"2017-18","9717","Maryland","Kristen Confroy",12,2,600,600,0,0,0,0,0
"2017-18","9717","Maryland","Brianna Fraser",34,2,600,817,217,12,7,5,0
"2017-18","9717","Howard","Aminata JOHNSON",32,1,693,743,50,2,5,-3,0
"2017-18","9717","Maryland","Kristen Confroy",12,3,693,889,196,15,3,12,0
"2017-18","9717","Howard","Imani BRYANT",14,2,743,1117,374,7,14,-7,0
"2017-18","9717","Howard","Tariah JOHNSON",22,3,743,1015,272,3,13,-10,0
"2017-18","9717","Howard","Sarah EDMOND",5,2,817,2400,1583,36,66,-30,0
"2017-18","9717","Maryland","Blair Watson",22,3,817,1479,662,33,16,17,0
"2017-18","9717","Maryland","Stephanie Jones",24,3,817,1041,224,8,4,4,0
"2017-18","9717","Howard","Danielle GRIFFIN",45,1,889,1200,311,6,6,0,0
"2017-18","9717","Maryland","Aja Ellison",0,1,889,1100,211,3,6,-3,0
"2017-18","9717","Maryland","Sarah Myers",21,2,889,1100,211,3,6,-3,0
"2017-18","9717","Howard","Asia MCCANTS",3,3,1015,1200,185,4,3,1,0
"2017-18","9717","Howard","Tajzhane DOPSON",10,3,1015,1388,373,6,19,-13,0
"2017-18","9717","Maryland","Ieshia Small",1,4,1015,1200,185,3,4,-1,0
"2017-18","9717","Maryland","Brianna Fraser",34,3,1041,1200,159,3,2,1,0
"2017-18","9717","Maryland","Channise Lewis",3,3,1100,1388,288,19,2,17,0
"2017-18","9717","Maryland","Kaila Charles",5,3,1100,1479,379,25,10,15,0
"2017-18","9717","Howard","Jayla MYLES",20,3,1117,1388,271,2,18,-16,0
"2017-18","9717","Howard","Curstyn MOORE",12,3,1200,1388,188,2,16,-14,0
"2017-18","9717","Howard","Tariah JOHNSON",22,4,1200,1479,279,10,22,-12,0
"2017-18","9717","Maryland","Kristen Confroy",12,4,1200,1717,517,31,13,18,0
"2017-18","9717","Maryland","Stephanie Jones",24,4,1200,1388,188,16,2,14,0
"2017-18","9717","Howard","Asia MCCANTS",3,4,1388,1643,255,11,13,-2,0
"2017-18","9717","Howard","Imani BRYANT",14,3,1388,1643,255,11,13,-2,0
"2017-18","9717","Howard","Danielle GRIFFIN",45,2,1388,1643,255,11,13,-2,0
"2017-18","9717","Maryland","Sarah Myers",21,3,1388,1800,412,19,15,4,0
"2017-18","9717","Maryland","Brianna Fraser",34,4,1388,1800,412,19,15,4,0
"2017-18","9717","Howard","Ayonna WILLIAMS",4,3,1479,1800,321,7,13,-6,0
"2017-18","9717","Maryland","Ieshia Small",1,5,1479,1800,321,13,7,6,0
"2017-18","9717","Maryland","Stephanie Jones",24,5,1479,1658,179,7,3,4,0
"2017-18","9717","Howard","Kelsie JACOBS",0,1,1643,1800,157,4,6,-2,0
"2017-18","9717","Howard","Curstyn MOORE",12,4,1643,2000,357,8,14,-6,0
"2017-18","9717","Howard","Jayla MYLES",20,4,1643,2000,357,8,14,-6,0
"2017-18","9717","Maryland","Aja Ellison",0,2,1658,1800,142,6,4,2,0
"2017-18","9717","Maryland","Kaila Charles",5,4,1717,1924,207,10,8,2,0
"2017-18","9717","Howard","Kelsie JACOBS",0,2,1800,1924,124,4,6,-2,0
"2017-18","9717","Howard","Ayonna WILLIAMS",4,4,1800,2400,600,13,20,-7,0
"2017-18","9717","Howard","Tajzhane DOPSON",10,4,1800,1800,0,0,0,0,0
"2017-18","9717","Howard","Tariah JOHNSON",22,5,1800,1800,0,0,0,0,0
"2017-18","9717","Maryland","Ieshia Small",1,6,1800,2357,557,20,13,7,0
"2017-18","9717","Maryland","Channise Lewis",3,4,1800,1800,0,0,0,0,0
"2017-18","9717","Maryland","Kristen Confroy",12,5,1800,2078,278,11,6,5,0
"2017-18","9717","Maryland","Sarah Myers",21,4,1800,2400,600,20,13,7,0
"2017-18","9717","Maryland","Blair Watson",22,4,1800,1800,0,0,0,0,0
"2017-18","9717","Maryland","Stephanie Jones",24,6,1800,1800,0,0,0,0,0
"2017-18","9717","Maryland","Brianna Fraser",34,5,1800,2400,600,20,13,7,0
"2017-18","9717","Howard","Tariah JOHNSON",22,6,1924,2082,158,2,5,-3,0
"2017-18","9717","Maryland","Stephanie Jones",24,7,1924,2017,93,2,2,0,0
"2017-18","9717","Howard","Imani BRYANT",14,4,2000,2400,400,9,12,-3,0
"2017-18","9717","Howard","S FITZGERALD-GREER",21,2,2000,2189,189,2,10,-8,0
"2017-18","9717","Maryland","Aja Ellison",0,3,2017,2400,383,12,7,5,0
"2017-18","9717","Maryland","Channise Lewis",3,5,2078,2400,322,9,7,2,0
"2017-18","9717","Howard","Tajzhane DOPSON",10,5,2082,2182,100,0,5,-5,0
"2017-18","9717","Howard","Asia MCCANTS",3,5,2182,2400,218,7,4,3,0
"2017-18","9717","Howard","Aminata JOHNSON",32,2,2189,2400,211,7,2,5,0
"2017-18","9717","Maryland","Kristen Confroy",12,6,2357,2400,43,0,0,0,0
"2017-18","9718","Kennesaw State","KAMIYAH STREET",2,1,0,1373,1373,16,58,-42,1
"2017-18","9718","Kennesaw State","CLARA YOUNG",11,1,0,561,561,5,19,-14,1
"2017-18","9718","Kennesaw State","CARLOTTA GIANOLLA",13,1,0,241,241,2,7,-5,1
"2017-18","9718","Kennesaw State","ICEIS WALKER",24,1,0,561,561,5,19,-14,1
"2017-18","9718","Kennesaw State","CAROLINE DAN",55,1,0,214,214,2,7,-5,1
"2017-18","9718","Maryland","Aja Ellison",0,1,0,600,600,22,8,14,0
"2017-18","9718","Maryland","Channise Lewis",3,1,0,507,507,17,2,15,1
"2017-18","9718","Maryland","Kaila Charles",5,1,0,250,250,7,2,5,1
"2017-18","9718","Maryland","Kristen Confroy",12,1,0,375,375,7,2,5,1
"2017-18","9718","Maryland","Blair Watson",22,1,0,45,45,2,0,2,1
"2017-18","9718","Maryland","Stephanie Jones",24,1,0,214,214,7,2,5,1
"2017-18","9718","Maryland","Ieshia Small",1,1,45,544,499,17,5,12,0
"2017-18","9718","Kennesaw State","ALEXIS POOLE",10,1,214,600,386,6,15,-9,0
"2017-18","9718","Maryland","Brianna Fraser",34,1,214,600,386,15,6,9,0
"2017-18","9718","Kennesaw State","LEXI MANN",33,1,241,325,84,0,0,0,0
"2017-18","9718","Maryland","Stephanie Jones",24,2,250,600,350,15,6,9,0
"2017-18","9718","Kennesaw State","CARLOTTA GIANOLLA",13,2,325,691,366,9,20,-11,0
"2017-18","9718","Maryland","Sarah Myers",21,1,375,600,225,15,6,9,0
"2017-18","9718","Maryland","Blair Watson",22,2,507,691,184,10,9,1,0
"2017-18","9718","Maryland","Channise Lewis",3,2,544,600,56,3,3,0,0
"2017-18","9718","Kennesaw State","BREANNA HOOVER",21,1,561,600,39,3,3,0,0
"2017-18","9718","Kennesaw State","JANAE OMUSI",32,1,561,600,39,3,3,0,0
"2017-18","9718","Kennesaw State","ALEXIS POOLE",10,2,600,969,369,5,16,-11,0
"2017-18","9718","Kennesaw State","CLARA YOUNG",11,2,600,600,0,0,0,0,0
"2017-18","9718","Kennesaw State","BREANNA HOOVER",21,2,600,800,200,5,8,-3,0
"2017-18","9718","Kennesaw State","ICEIS WALKER",24,2,600,600,0,0,0,0,0
"2017-18","9718","Kennesaw State","JANAE OMUSI",32,2,600,1034,434,5,19,-14,0
"2017-18","9718","Kennesaw State","CAROLINE DAN",55,2,600,600,0,0,0,0,0
"2017-18","9718","Maryland","Kaila Charles",5,2,600,833,233,10,5,5,0
"2017-18","9718","Maryland","Kristen Confroy",12,2,600,1554,954,41,14,27,0
"2017-18","9718","Maryland","Sarah Myers",21,2,600,854,254,10,5,5,0
"2017-18","9718","Maryland","Brianna Fraser",34,2,600,653,53,3,3,0,0
"2017-18","9718","Maryland","Stephanie Jones",24,3,653,823,170,7,2,5,0
"2017-18","9718","Kennesaw State","LEXI MANN",33,2,691,1034,343,2,14,-12,0
"2017-18","9718","Maryland","Ieshia Small",1,2,691,1200,509,20,4,16,0
"2017-18","9718","Kennesaw State","CLARA YOUNG",11,3,800,969,169,0,8,-8,0
"2017-18","9718","Maryland","Brianna Fraser",34,3,823,1200,377,15,2,13,0
"2017-18","9718","Maryland","Stephanie Jones",24,4,833,1064,231,10,0,10,0
"2017-18","9718","Maryland","Channise Lewis",3,3,854,1554,700,31,9,22,0
"2017-18","9718","Kennesaw State","CARLOTTA GIANOLLA",13,3,969,1659,690,10,29,-19,0
"2017-18","9718","Kennesaw State","BREANNA HOOVER",21,3,969,1198,229,0,9,-9,0
"2017-18","9718","Kennesaw State","ICEIS WALKER",24,3,1034,1198,164,0,6,-6,0
"2017-18","9718","Kennesaw State","CAROLINE DAN",55,3,1034,1373,339,3,17,-14,0
"2017-18","9718","Maryland","Aja Ellison",0,2,1064,1200,136,5,2,3,0
"2017-18","9718","Kennesaw State","CLARA YOUNG",11,4,1198,1874,676,18,23,-5,0
"2017-18","9718","Kennesaw State","JANAE OMUSI",32,3,1198,1200,2,2,0,2,0
"2017-18","9718","Kennesaw State","ICEIS WALKER",24,4,1200,1793,593,13,20,-7,0
"2017-18","9718","Maryland","Kaila Charles",5,3,1200,1735,535,20,10,10,0
"2017-18","9718","Maryland","Blair Watson",22,3,1200,2400,1200,42,20,22,0
"2017-18","9718","Maryland","Stephanie Jones",24,5,1200,1373,173,11,1,10,0
"2017-18","9718","Kennesaw State","ALEXIS POOLE",10,3,1373,1800,427,12,9,3,0
"2017-18","9718","Kennesaw State","BREANNA HOOVER",21,4,1373,1800,427,12,9,3,0
"2017-18","9718","Maryland","Brianna Fraser",34,4,1373,1735,362,9,9,0,0
"2017-18","9718","Maryland","Ieshia Small",1,3,1554,1800,246,4,6,-2,0
"2017-18","9718","Maryland","Sarah Myers",21,3,1554,1800,246,4,6,-2,0
"2017-18","9718","Kennesaw State","LEXI MANN",33,3,1659,1800,141,5,0,5,0
"2017-18","9718","Maryland","Aja Ellison",0,3,1735,1800,65,0,3,-3,0
"2017-18","9718","Maryland","Stephanie Jones",24,6,1735,1897,162,4,6,-2,0
"2017-18","9718","Kennesaw State","KAMIYAH STREET",2,2,1793,2400,607,7,22,-15,0
"2017-18","9718","Kennesaw State","ALEXIS POOLE",10,4,1800,2400,600,7,22,-15,0
"2017-18","9718","Kennesaw State","CARLOTTA GIANOLLA",13,4,1800,1800,0,0,0,0,0
"2017-18","9718","Kennesaw State","BREANNA HOOVER",21,5,1800,2400,600,7,22,-15,0
"2017-18","9718","Kennesaw State","ICEIS WALKER",24,5,1800,1800,0,0,0,0,0
"2017-18","9718","Kennesaw State","LEXI MANN",33,4,1800,2400,600,7,22,-15,0
"2017-18","9718","Kennesaw State","CAROLINE DAN",55,4,1800,1800,0,0,0,0,0
"2017-18","9718","Maryland","Aja Ellison",0,4,1800,2400,600,22,7,15,0
"2017-18","9718","Maryland","Channise Lewis",3,4,1800,2000,200,9,3,6,0
"2017-18","9718","Maryland","Kaila Charles",5,4,1800,1800,0,0,0,0,0
"2017-18","9718","Maryland","Kristen Confroy",12,3,1800,1800,0,0,0,0,0
"2017-18","9718","Maryland","Sarah Myers",21,4,1800,1892,92,3,3,0,0
"2017-18","9718","Kennesaw State","JANAE OMUSI",32,4,1874,2000,126,0,6,-6,0
"2017-18","9718","Maryland","Kaila Charles",5,5,1892,2400,508,19,4,15,0
"2017-18","9718","Maryland","Brianna Fraser",34,5,1897,2130,233,7,0,7,0
"2017-18","9718","Kennesaw State","ICEIS WALKER",24,6,2000,2130,130,0,2,-2,0
"2017-18","9718","Maryland","Sarah Myers",21,5,2000,2400,400,13,4,9,0
"2017-18","9718","Kennesaw State","JANAE OMUSI",32,5,2130,2204,74,2,0,2,0
"2017-18","9718","Maryland","Ieshia Small",1,4,2130,2400,270,11,4,7,0
"2017-18","9718","Kennesaw State","ALEXANDRA LANDBY",12,1,2204,2400,196,2,11,-9,0
"2017-18","9719","Maryland","Aja Ellison",0,1,0,600,600,16,20,-4,0
"2017-18","9719","Maryland","Channise Lewis",3,1,0,589,589,16,18,-2,1
"2017-18","9719","Maryland","Kaila Charles",5,1,0,263,263,10,9,1,1
"2017-18","9719","Maryland","Kristen Confroy",12,1,0,589,589,16,18,-2,1
"2017-18","9719","Maryland","Blair Watson",22,1,0,263,263,10,9,1,1
"2017-18","9719","Maryland","Stephanie Jones",24,1,0,201,201,7,7,0,1
"2017-18","9719","Miami","KEYANNA HARRIS",0,1,0,263,263,9,10,-1,1
"2017-18","9719","Miami","ENDIA BANKS",3,1,0,314,314,9,12,-3,1
"2017-18","9719","Miami","MYKEA GRAY",5,1,0,406,406,12,12,0,1
"2017-18","9719","Miami","EMESE HOF",21,1,0,314,314,9,12,-3,1
"2017-18","9719","Miami","ERYKAH DAVENPORT",30,1,0,375,375,12,12,0,1
"2017-18","9719","Maryland","Brianna Fraser",34,1,201,375,174,5,5,0,0
"2017-18","9719","Maryland","Ieshia Small",1,1,263,600,337,6,11,-5,0
"2017-18","9719","Maryland","Stephanie Jones",24,2,263,314,51,2,0,2,0
"2017-18","9719","Miami","NEYDJA PETITHOMME",15,1,263,406,143,3,2,1,0
"2017-18","9719","Maryland","Kaila Charles",5,2,314,589,275,4,9,-5,0
"2017-18","9719","Miami","SHANEESE BAILEY",4,1,314,589,275,9,4,5,0
"2017-18","9719","Miami","SERENA-LYNN GELDOF",51,1,314,589,275,9,4,5,0
"2017-18","9719","Maryland","Stephanie Jones",24,3,375,600,225,4,8,-4,0
"2017-18","9719","Miami","SARAH MORTENSEN",12,1,375,589,214,6,4,2,0
"2017-18","9719","Miami","TAYLOR MASON",13,1,406,589,183,6,4,2,0
"2017-18","9719","Miami","KELSEY MARSHALL",20,1,406,589,183,6,4,2,0
"2017-18","9719","Maryland","Sarah Myers",21,1,589,600,11,0,2,-2,0
"2017-18","9719","Maryland","Blair Watson",22,2,589,672,83,2,4,-2,0
"2017-18","9719","Maryland","Brianna Fraser",34,2,589,600,11,0,2,-2,0
"2017-18","9719","Miami","KEYANNA HARRIS",0,2,589,745,156,4,6,-2,0
"2017-18","9719","Miami","ENDIA BANKS",3,2,589,1003,414,12,14,-2,0
"2017-18","9719","Miami","MYKEA GRAY",5,2,589,700,111,4,2,2,0
"2017-18","9719","Miami","EMESE HOF",21,2,589,803,214,4,8,-4,0
"2017-18","9719","Miami","ERYKAH DAVENPORT",30,2,589,1146,557,12,18,-6,0
"2017-18","9719","Maryland","Ieshia Small",1,2,600,1200,600,20,15,5,0
"2017-18","9719","Maryland","Channise Lewis",3,2,600,870,270,10,4,6,0
"2017-18","9719","Maryland","Kaila Charles",5,3,600,1121,521,16,10,6,0
"2017-18","9719","Maryland","Kristen Confroy",12,2,600,600,0,0,0,0,0
"2017-18","9719","Maryland","Brianna Fraser",34,3,600,870,270,10,4,6,0
"2017-18","9719","Maryland","Kristen Confroy",12,3,672,870,198,8,2,6,0
"2017-18","9719","Miami","NEYDJA PETITHOMME",15,2,700,870,170,2,8,-6,0
"2017-18","9719","Miami","KELSEY MARSHALL",20,2,745,1200,455,13,14,-1,0
"2017-18","9719","Miami","SERENA-LYNN GELDOF",51,2,803,1075,272,8,8,0,0
"2017-18","9719","Maryland","Sarah Myers",21,2,870,889,19,0,0,0,0
"2017-18","9719","Maryland","Blair Watson",22,3,870,1075,205,6,6,0,0
"2017-18","9719","Maryland","Stephanie Jones",24,4,870,965,95,2,6,-4,0
"2017-18","9719","Miami","TAYLOR MASON",13,2,870,1109,239,6,6,0,0
"2017-18","9719","Maryland","Channise Lewis",3,3,889,2400,1511,53,47,6,0
"2017-18","9719","Maryland","Kristen Confroy",12,4,965,1727,762,28,25,3,0
"2017-18","9719","Miami","SHANEESE BAILEY",4,2,1003,1146,143,0,4,-4,0
"2017-18","9719","Maryland","Brianna Fraser",34,4,1075,1097,22,0,0,0,0
"2017-18","9719","Miami","KEYANNA HARRIS",0,3,1075,1368,293,8,13,-5,0
"2017-18","9719","Maryland","Stephanie Jones",24,5,1097,1109,12,0,0,0,0
"2017-18","9719","Maryland","Blair Watson",22,4,1109,1200,91,4,5,-1,0
"2017-18","9719","Miami","NEYDJA PETITHOMME",15,3,1109,1200,91,5,4,1,0
"2017-18","9719","Maryland","Stephanie Jones",24,6,1121,1510,389,19,15,4,0
"2017-18","9719","Miami","SARAH MORTENSEN",12,2,1146,1178,32,3,0,3,0
"2017-18","9719","Miami","EMESE HOF",21,3,1146,1584,438,17,19,-2,0
"2017-18","9719","Miami","TAYLOR MASON",13,3,1178,1191,13,0,2,-2,0
"2017-18","9719","Miami","SARAH MORTENSEN",12,3,1191,1200,9,2,0,2,0
"2017-18","9719","Maryland","Ieshia Small",1,3,1200,1584,384,17,12,5,0
"2017-18","9719","Maryland","Kaila Charles",5,4,1200,1344,144,6,1,5,0
"2017-18","9719","Miami","ENDIA BANKS",3,3,1200,1727,527,20,20,0,0
"2017-18","9719","Miami","MYKEA GRAY",5,3,1200,1668,468,17,20,-3,0
"2017-18","9719","Miami","ERYKAH DAVENPORT",30,3,1200,1289,89,0,4,-4,0
"2017-18","9719","Miami","SERENA-LYNN GELDOF",51,3,1289,1464,175,7,8,-1,0
"2017-18","9719","Maryland","Brianna Fraser",34,5,1344,1621,277,11,16,-5,0
"2017-18","9719","Miami","SHANEESE BAILEY",4,3,1368,1584,216,9,8,1,0
"2017-18","9719","Miami","ERYKAH DAVENPORT",30,4,1464,2152,688,21,25,-4,0
"2017-18","9719","Maryland","Kaila Charles",5,5,1510,1800,290,7,12,-5,0
"2017-18","9719","Maryland","Blair Watson",22,5,1584,1829,245,5,10,-5,0
"2017-18","9719","Miami","SARAH MORTENSEN",12,4,1584,1800,216,10,5,5,0
"2017-18","9719","Miami","KELSEY MARSHALL",20,3,1584,1800,216,10,5,5,0
"2017-18","9719","Maryland","Stephanie Jones",24,7,1621,2400,779,26,19,7,0
"2017-18","9719","Miami","NEYDJA PETITHOMME",15,4,1668,1800,132,5,2,3,0
"2017-18","9719","Maryland","Ieshia Small",1,4,1727,1800,73,2,2,0,0
"2017-18","9719","Miami","TAYLOR MASON",13,4,1727,1800,73,2,2,0,0
"2017-18","9719","Maryland","Ieshia Small",1,5,1800,2400,600,21,14,7,0
"2017-18","9719","Maryland","Kristen Confroy",12,5,1800,2400,600,21,14,7,0
"2017-18","9719","Miami","KEYANNA HARRIS",0,4,1800,1800,0,0,0,0,0
"2017-18","9719","Miami","ENDIA BANKS",3,4,1800,1800,0,0,0,0,0
"2017-18","9719","Miami","MYKEA GRAY",5,4,1800,1800,0,0,0,0,0
"2017-18","9719","Miami","SARAH MORTENSEN",12,5,1800,1932,132,2,5,-3,0
"2017-18","9719","Miami","TAYLOR MASON",13,5,1800,1861,61,0,3,-3,0
"2017-18","9719","Miami","NEYDJA PETITHOMME",15,5,1800,1861,61,0,3,-3,0
"2017-18","9719","Miami","KELSEY MARSHALL",20,4,1800,2152,352,6,15,-9,0
"2017-18","9719","Miami","EMESE HOF",21,4,1800,1800,0,0,0,0,0
"2017-18","9719","Maryland","Kaila Charles",5,6,1829,1932,103,5,2,3,0
"2017-18","9719","Miami","ENDIA BANKS",3,5,1861,2400,539,14,18,-4,0
"2017-18","9719","Miami","MYKEA GRAY",5,5,1861,2017,156,4,6,-2,0
"2017-18","9719","Maryland","Brianna Fraser",34,6,1932,2152,220,10,4,6,0
"2017-18","9719","Miami","EMESE HOF",21,5,1932,2152,220,4,10,-6,0
"2017-18","9719","Miami","KEYANNA HARRIS",0,5,2017,2152,135,2,6,-4,0
"2017-18","9719","Maryland","Kaila Charles",5,7,2152,2400,248,6,8,-2,0
"2017-18","9719","Miami","MYKEA GRAY",5,6,2152,2400,248,8,6,2,0
"2017-18","9719","Miami","SARAH MORTENSEN",12,6,2152,2167,15,1,0,1,0
"2017-18","9719","Miami","TAYLOR MASON",13,6,2152,2293,141,5,2,3,0
"2017-18","9719","Miami","SERENA-LYNN GELDOF",51,4,2152,2241,89,3,2,1,0
"2017-18","9719","Miami","SHANEESE BAILEY",4,4,2167,2293,126,4,2,2,0
"2017-18","9719","Miami","ERYKAH DAVENPORT",30,5,2241,2400,159,5,4,1,0
"2017-18","9719","Miami","KELSEY MARSHALL",20,5,2293,2354,61,1,4,-3,0
"2017-18","9719","Miami","EMESE HOF",21,6,2293,2354,61,1,4,-3,0
"2017-18","9719","Miami","SHANEESE BAILEY",4,5,2354,2400,46,2,0,2,0
"2017-18","9719","Miami","TAYLOR MASON",13,7,2354,2400,46,2,0,2,0
"2017-18","9720","Maryland","Channise Lewis",3,1,0,272,272,12,10,2,1
"2017-18","9720","Maryland","Kaila Charles",5,1,0,1129,1129,34,25,9,1
"2017-18","9720","Maryland","Kristen Confroy",12,1,0,338,338,14,13,1,1
"2017-18","9720","Maryland","Blair Watson",22,1,0,116,116,4,3,1,1
"2017-18","9720","Maryland","Stephanie Jones",24,1,0,272,272,12,10,2,1
"2017-18","9720","Virginia","Brianna Tinsley",1,1,0,272,272,10,12,-2,1
"2017-18","9720","Virginia","Lauren Moses",3,1,0,272,272,10,12,-2,1
"2017-18","9720","Virginia","Dominique Toussaint",4,1,0,556,556,15,20,-5,1
"2017-18","9720","Virginia","Jocelyn Willoughby",13,1,0,338,338,13,14,-1,1
"2017-18","9720","Virginia","Aliyah Huland El",23,1,0,116,116,3,4,-1,1
"2017-18","9720","Maryland","Ieshia Small",1,1,116,443,327,12,10,2,0
"2017-18","9720","Virginia","J'Kyra Brown",10,1,116,600,484,12,16,-4,0
"2017-18","9720","Maryland","Sarah Myers",21,1,272,338,66,2,3,-1,0
"2017-18","9720","Maryland","Brianna Fraser",34,1,272,359,87,2,3,-1,0
"2017-18","9720","Virginia","Aliyah Huland El",23,2,272,398,126,3,4,-1,0
"2017-18","9720","Virginia","Felicia Aiyeotan",30,1,272,600,328,5,8,-3,0
"2017-18","9720","Maryland","Channise Lewis",3,2,338,845,507,11,10,1,0
"2017-18","9720","Maryland","Blair Watson",22,2,338,1687,1349,35,28,7,0
"2017-18","9720","Virginia","Lisa Jablonowski",14,1,338,556,218,2,6,-4,0
"2017-18","9720","Maryland","Stephanie Jones",24,2,359,845,486,11,10,1,0
"2017-18","9720","Virginia","Jocelyn Willoughby",13,2,398,1076,678,12,15,-3,0
"2017-18","9720","Maryland","Kristen Confroy",12,2,443,1577,1134,27,24,3,0
"2017-18","9720","Virginia","Brianna Tinsley",1,2,556,845,289,8,5,3,0
"2017-18","9720","Virginia","Lauren Moses",3,2,556,1497,941,18,23,-5,0
"2017-18","9720","Virginia","Dominique Toussaint",4,2,600,600,0,0,0,0,0
"2017-18","9720","Virginia","J'Kyra Brown",10,2,600,845,245,8,5,3,0
"2017-18","9720","Virginia","Aliyah Huland El",23,3,600,600,0,0,0,0,0
"2017-18","9720","Virginia","Felicia Aiyeotan",30,2,600,845,245,8,5,3,0
"2017-18","9720","Maryland","Ieshia Small",1,2,845,919,74,3,0,3,0
"2017-18","9720","Maryland","Sarah Myers",21,2,845,1200,355,9,2,7,0
"2017-18","9720","Virginia","Dominique Toussaint",4,3,845,2400,1555,36,35,1,0
"2017-18","9720","Virginia","Lisa Jablonowski",14,2,845,954,109,0,3,-3,0
"2017-18","9720","Virginia","Aliyah Huland El",23,4,845,1076,231,2,6,-4,0
"2017-18","9720","Maryland","Stephanie Jones",24,3,919,1076,157,3,2,1,0
"2017-18","9720","Virginia","Felicia Aiyeotan",30,3,954,1129,175,2,6,-4,0
"2017-18","9720","Maryland","Brianna Fraser",34,2,1076,1200,124,3,0,3,0
"2017-18","9720","Virginia","Brianna Tinsley",1,3,1076,1446,370,6,10,-4,0
"2017-18","9720","Virginia","J'Kyra Brown",10,3,1076,1200,124,0,3,-3,0
"2017-18","9720","Maryland","Ieshia Small",1,3,1129,1200,71,0,0,0,0
"2017-18","9720","Virginia","Jocelyn Willoughby",13,3,1129,1728,599,18,17,1,0
"2017-18","9720","Maryland","Channise Lewis",3,3,1200,2382,1182,26,33,-7,0
"2017-18","9720","Maryland","Kaila Charles",5,2,1200,2281,1081,23,33,-10,0
"2017-18","9720","Maryland","Stephanie Jones",24,4,1200,1446,246,7,6,1,0
"2017-18","9720","Virginia","Aliyah Huland El",23,5,1200,1391,191,4,5,-1,0
"2017-18","9720","Virginia","J'Kyra Brown",10,4,1391,1800,409,20,12,8,0
"2017-18","9720","Maryland","Ieshia Small",1,4,1446,1800,354,10,18,-8,0
"2017-18","9720","Virginia","Aliyah Huland El",23,6,1446,1708,262,12,9,3,0
"2017-18","9720","Virginia","Felicia Aiyeotan",30,4,1497,1800,303,16,8,8,0
"2017-18","9720","Maryland","Stephanie Jones",24,5,1577,1747,170,8,8,0,0
"2017-18","9720","Maryland","Kristen Confroy",12,3,1687,2400,713,11,18,-7,0
"2017-18","9720","Virginia","Lauren Moses",3,3,1708,2121,413,13,5,8,0
"2017-18","9720","Virginia","Aliyah Huland El",23,7,1728,2057,329,13,3,10,0
"2017-18","9720","Maryland","Blair Watson",22,3,1747,1800,53,0,4,-4,0
"2017-18","9720","Maryland","Ieshia Small",1,5,1800,2213,413,6,9,-3,0
"2017-18","9720","Maryland","Stephanie Jones",24,6,1800,2180,380,6,9,-3,0
"2017-18","9720","Virginia","Brianna Tinsley",1,4,1800,1800,0,0,0,0,0
"2017-18","9720","Virginia","J'Kyra Brown",10,5,1800,2000,200,5,0,5,0
"2017-18","9720","Virginia","Jocelyn Willoughby",13,4,1800,1800,0,0,0,0,0
"2017-18","9720","Virginia","Felicia Aiyeotan",30,5,1800,2382,582,9,9,0,0
"2017-18","9720","Virginia","Jocelyn Willoughby",13,5,2000,2400,400,5,9,-4,0
"2017-18","9720","Virginia","J'Kyra Brown",10,6,2057,2400,343,3,6,-3,0
"2017-18","9720","Virginia","Aliyah Huland El",23,8,2121,2213,92,2,2,0,0
"2017-18","9720","Maryland","Blair Watson",22,4,2180,2400,220,3,1,2,0
"2017-18","9720","Maryland","Stephanie Jones",24,7,2213,2400,187,3,1,2,0
"2017-18","9720","Virginia","Lauren Moses",3,4,2213,2400,187,1,3,-2,0
"2017-18","9720","Maryland","Ieshia Small",1,6,2281,2345,64,0,0,0,0
"2017-18","9720","Maryland","Kaila Charles",5,3,2345,2400,55,3,1,2,0
"2017-18","9720","Maryland","Ieshia Small",1,7,2382,2400,18,0,1,-1,0
"2017-18","9720","Virginia","Aliyah Huland El",23,9,2382,2400,18,1,0,1,0
"2017-18","9720","Maryland","Channise Lewis",3,4,2387,2400,13,0,0,0,0
"2017-18","9720","Virginia","Lisa Jablonowski",14,3,2387,2400,13,0,0,0,0
"2017-18","9720","Virginia","Felicia Aiyeotan",30,6,2387,2400,13,0,0,0,0
"2017-18","9721","Akron","Alyssa CLAY",2,1,0,600,600,6,24,-18,1
"2017-18","9721","Akron","Shaunay EDMONDS",3,1,0,214,214,4,14,-10,1
"2017-18","9721","Akron","Shayna HARMON",4,1,0,300,300,4,17,-13,1
"2017-18","9721","Akron","Haliegh REINOEHL",5,1,0,214,214,4,14,-10,1
"2017-18","9721","Akron","Greta BURRY",14,1,0,214,214,4,14,-10,1
"2017-18","9721","Maryland","Channise Lewis",3,1,0,236,236,14,4,10,1
"2017-18","9721","Maryland","Kaila Charles",5,1,0,214,214,14,4,10,1
"2017-18","9721","Maryland","Kristen Confroy",12,1,0,1866,1866,65,48,17,1
"2017-18","9721","Maryland","Blair Watson",22,1,0,52,52,3,2,1,1
"2017-18","9721","Maryland","Stephanie Jones",24,1,0,105,105,10,2,8,1
"2017-18","9721","Maryland","Ieshia Small",1,1,52,600,548,21,4,17,0
"2017-18","9721","Maryland","Brianna Fraser",34,1,105,600,495,14,4,10,0
"2017-18","9721","Akron","Kynnedy AZUBIKE",13,1,214,478,264,2,5,-3,0
"2017-18","9721","Akron","Caitlin VARI",24,1,214,448,234,2,3,-1,0
"2017-18","9721","Akron","Destiny PERKINS",32,1,214,364,150,0,3,-3,0
"2017-18","9721","Maryland","Stephanie Jones",24,2,214,277,63,0,0,0,0
"2017-18","9721","Maryland","Sarah Myers",21,1,236,600,364,10,2,8,0
"2017-18","9721","Maryland","Kaila Charles",5,2,277,2018,1741,55,48,7,0
"2017-18","9721","Akron","Lauren HUNG",12,1,300,600,300,2,7,-5,0
"2017-18","9721","Akron","Shaunay EDMONDS",3,2,396,876,480,10,13,-3,0
"2017-18","9721","Akron","Sarah LEYENDECKER",10,1,448,600,152,0,7,-7,0
"2017-18","9721","Akron","Haliegh REINOEHL",5,2,478,951,473,14,11,3,0
"2017-18","9721","Akron","Shayna HARMON",4,2,600,1429,829,30,23,7,0
"2017-18","9721","Akron","Sarah LEYENDECKER",10,2,600,739,139,6,2,4,0
"2017-18","9721","Akron","Megan SEFCIK",11,1,600,1628,1028,35,33,2,0
"2017-18","9721","Akron","Greta BURRY",14,2,600,600,0,0,0,0,0
"2017-18","9721","Maryland","Ieshia Small",1,2,600,739,139,2,6,-4,0
"2017-18","9721","Maryland","Channise Lewis",3,2,600,600,0,0,0,0,0
"2017-18","9721","Maryland","Sarah Myers",21,2,600,739,139,2,6,-4,0
"2017-18","9721","Maryland","Blair Watson",22,2,600,600,0,0,0,0,0
"2017-18","9721","Maryland","Stephanie Jones",24,3,600,600,0,0,0,0,0
"2017-18","9721","Maryland","Brianna Fraser",34,2,600,739,139,2,6,-4,0
"2017-18","9721","Akron","Greta BURRY",14,3,739,876,137,4,4,0,0
"2017-18","9721","Maryland","Channise Lewis",3,3,739,1276,537,12,18,-6,0
"2017-18","9721","Maryland","Blair Watson",22,3,739,1017,278,6,8,-2,0
"2017-18","9721","Maryland","Stephanie Jones",24,4,739,1017,278,6,8,-2,0
"2017-18","9721","Akron","Caitlin VARI",24,2,876,1200,324,11,8,3,0
"2017-18","9721","Akron","Destiny PERKINS",32,2,876,1017,141,4,2,2,0
"2017-18","9721","Akron","Kynnedy AZUBIKE",13,2,951,1047,96,2,2,0,0
"2017-18","9721","Akron","Shaunay EDMONDS",3,3,1017,1548,531,21,19,2,0
"2017-18","9721","Maryland","Ieshia Small",1,3,1017,1060,43,0,2,-2,0
"2017-18","9721","Maryland","Brianna Fraser",34,3,1017,1200,183,6,7,-1,0
"2017-18","9721","Akron","Haliegh REINOEHL",5,3,1047,1429,382,14,15,-1,0
"2017-18","9721","Maryland","Sarah Myers",21,3,1060,1200,140,6,5,1,0
"2017-18","9721","Akron","Greta BURRY",14,4,1200,1475,275,9,9,0,0
"2017-18","9721","Maryland","Blair Watson",22,4,1200,1429,229,9,9,0,0
"2017-18","9721","Maryland","Stephanie Jones",24,5,1200,1475,275,9,9,0,0
"2017-18","9721","Maryland","Sarah Myers",21,4,1276,1659,383,21,13,8,0
"2017-18","9721","Akron","Lauren HUNG",12,2,1429,1628,199,5,10,-5,0
"2017-18","9721","Akron","Kynnedy AZUBIKE",13,3,1429,1800,371,12,17,-5,0
"2017-18","9721","Maryland","Ieshia Small",1,4,1429,1659,230,12,7,5,0
"2017-18","9721","Akron","Caitlin VARI",24,3,1475,1592,117,5,10,-5,0
"2017-18","9721","Maryland","Brianna Fraser",34,4,1475,1695,220,12,9,3,0
"2017-18","9721","Akron","Destiny PERKINS",32,3,1548,1628,80,0,6,-6,0
"2017-18","9721","Akron","Sarah LEYENDECKER",10,3,1592,1718,126,4,4,0,0
"2017-18","9721","Akron","Alyssa CLAY",2,2,1628,1800,172,7,7,0,0
"2017-18","9721","Akron","Shaunay EDMONDS",3,4,1628,1930,302,9,8,1,0
"2017-18","9721","Akron","Shayna HARMON",4,3,1628,2177,549,13,14,-1,0
"2017-18","9721","Maryland","Channise Lewis",3,4,1659,1950,291,6,7,-1,0
"2017-18","9721","Maryland","Blair Watson",22,5,1659,1930,271,6,7,-1,0
"2017-18","9721","Maryland","Stephanie Jones",24,6,1695,2151,456,10,9,1,0
"2017-18","9721","Akron","Caitlin VARI",24,4,1718,1800,82,3,3,0,0
"2017-18","9721","Akron","Alyssa CLAY",2,3,1800,1866,66,0,1,-1,0
"2017-18","9721","Akron","Haliegh REINOEHL",5,4,1800,1800,0,0,0,0,0
"2017-18","9721","Akron","Megan SEFCIK",11,2,1800,1800,0,0,0,0,0
"2017-18","9721","Akron","Kynnedy AZUBIKE",13,4,1800,1930,130,2,1,1,0
"2017-18","9721","Akron","Greta BURRY",14,5,1800,1800,0,0,0,0,0
"2017-18","9721","Akron","Caitlin VARI",24,5,1800,1866,66,0,1,-1,0
"2017-18","9721","Akron","Sarah LEYENDECKER",10,4,1866,2059,193,4,4,0,0
"2017-18","9721","Akron","Megan SEFCIK",11,3,1866,2018,152,4,4,0,0
"2017-18","9721","Maryland","Ieshia Small",1,5,1866,2400,534,10,6,4,0
"2017-18","9721","Akron","Haliegh REINOEHL",5,5,1930,2257,327,4,9,-5,0
"2017-18","9721","Akron","Destiny PERKINS",32,4,1930,2091,161,2,4,-2,0
"2017-18","9721","Maryland","Kristen Confroy",12,2,1930,2243,313,9,4,5,0
"2017-18","9721","Maryland","Sarah Myers",21,5,1950,2400,450,10,4,6,0
"2017-18","9721","Akron","Alyssa CLAY",2,4,2018,2151,133,2,0,2,0
"2017-18","9721","Maryland","Blair Watson",22,6,2018,2400,382,6,2,4,0
"2017-18","9721","Akron","Greta BURRY",14,6,2059,2091,32,0,0,0,0
"2017-18","9721","Akron","Shaunay EDMONDS",3,5,2091,2243,152,2,5,-3,0
"2017-18","9721","Akron","Caitlin VARI",24,6,2091,2400,309,2,6,-4,0
"2017-18","9721","Akron","Megan SEFCIK",11,4,2151,2326,175,0,6,-6,0
"2017-18","9721","Maryland","Brianna Fraser",34,5,2151,2400,249,6,0,6,0
"2017-18","9721","Akron","Lauren HUNG",12,3,2177,2400,223,0,4,-4,0
"2017-18","9721","Akron","Destiny PERKINS",32,5,2243,2400,157,0,1,-1,0
"2017-18","9721","Maryland","Aja Ellison",0,1,2243,2400,157,1,0,1,0
"2017-18","9721","Akron","Kynnedy AZUBIKE",13,5,2257,2400,143,0,1,-1,0
"2017-18","9721","Akron","Alyssa CLAY",2,5,2326,2400,74,0,0,0,0
"2017-18","9722","Maryland","Channise Lewis",3,1,0,253,253,17,2,15,1
"2017-18","9722","Maryland","Kaila Charles",5,1,0,209,209,15,0,15,1
"2017-18","9722","Maryland","Kristen Confroy",12,1,0,481,481,34,6,28,1
"2017-18","9722","Maryland","Blair Watson",22,1,0,960,960,50,11,39,1
"2017-18","9722","Maryland","Stephanie Jones",24,1,0,354,354,22,2,20,1
"2017-18","9722","Mount St. Mary's","Daly SULLIVAN",1,1,0,253,253,2,17,-15,1
"2017-18","9722","Mount St. Mary's","Ashlee WHITE",10,1,0,481,481,6,34,-28,1
"2017-18","9722","Mount St. Mary's","Katrice DICKSON",11,1,0,2400,2400,57,97,-40,1
"2017-18","9722","Mount St. Mary's","Juliette LAWLESS",24,1,0,169,169,0,13,-13,1
"2017-18","9722","Mount St. Mary's","Caroline HUMMELL",32,1,0,481,481,6,34,-28,1
"2017-18","9722","Mount St. Mary's","Jatarrikah SETTLE",4,1,169,300,131,2,7,-5,0
"2017-18","9722","Maryland","Ieshia Small",1,1,209,600,391,22,6,16,0
"2017-18","9722","Maryland","Sarah Myers",21,1,253,600,347,20,4,16,0
"2017-18","9722","Mount St. Mary's","Juliette LAWLESS",24,2,253,728,475,6,23,-17,0
"2017-18","9722","Mount St. Mary's","Bridget BIRKHEAD",3,1,300,481,181,4,14,-10,0
"2017-18","9722","Maryland","Kaila Charles",5,2,354,856,502,23,6,17,0
"2017-18","9722","Maryland","Stephanie Jones",24,2,481,856,375,11,2,9,0
"2017-18","9722","Mount St. Mary's","Daly SULLIVAN",1,2,481,1592,1111,29,32,-3,0
"2017-18","9722","Mount St. Mary's","Jatarrikah SETTLE",4,2,481,600,119,0,3,-3,0
"2017-18","9722","Mount St. Mary's","Hunter ROWSON",20,1,481,546,65,0,2,-2,0
"2017-18","9722","Mount St. Mary's","Rebecca LEE",34,1,546,600,54,0,1,-1,0
"2017-18","9722","Maryland","Ieshia Small",1,2,600,705,105,3,2,1,0
"2017-18","9722","Maryland","Channise Lewis",3,2,600,936,336,13,4,9,0
"2017-18","9722","Maryland","Kristen Confroy",12,2,600,600,0,0,0,0,0
"2017-18","9722","Mount St. Mary's","Ashlee WHITE",10,2,600,856,256,2,8,-6,0
"2017-18","9722","Mount St. Mary's","Caroline HUMMELL",32,2,600,600,0,0,0,0,0
"2017-18","9722","Mount St. Mary's","Rebecca LEE",34,2,600,728,128,2,3,-1,0
"2017-18","9722","Maryland","Kristen Confroy",12,3,705,1049,344,10,10,0,0
"2017-18","9722","Mount St. Mary's","Bridget BIRKHEAD",3,2,728,960,232,3,10,-7,0
"2017-18","9722","Mount St. Mary's","Caroline HUMMELL",32,3,728,1531,803,25,26,-1,0
"2017-18","9722","Maryland","Ieshia Small",1,3,856,1200,344,9,15,-6,0
"2017-18","9722","Maryland","Sarah Myers",21,2,856,1200,344,9,15,-6,0
"2017-18","9722","Mount St. Mary's","Jatarrikah SETTLE",4,3,856,960,104,3,5,-2,0
"2017-18","9722","Maryland","Aja Ellison",0,1,936,1200,264,4,13,-9,0
"2017-18","9722","Maryland","Channise Lewis",3,3,960,1086,126,0,9,-9,0
"2017-18","9722","Mount St. Mary's","Ashlee WHITE",10,3,960,1168,208,12,4,8,0
"2017-18","9722","Mount St. Mary's","Juliette LAWLESS",24,3,960,1440,480,19,13,6,0
"2017-18","9722","Maryland","Kaila Charles",5,3,1049,1750,701,25,19,6,0
"2017-18","9722","Maryland","Kristen Confroy",12,4,1086,1750,664,25,17,8,0
"2017-18","9722","Mount St. Mary's","Hunter ROWSON",20,2,1168,1200,32,0,0,0,0
"2017-18","9722","Maryland","Channise Lewis",3,4,1200,1656,456,17,14,3,0
"2017-18","9722","Maryland","Blair Watson",22,2,1200,1531,331,12,10,2,0
"2017-18","9722","Maryland","Stephanie Jones",24,3,1200,1531,331,12,10,2,0
"2017-18","9722","Mount St. Mary's","Ashlee WHITE",10,4,1200,1592,392,12,12,0,0
"2017-18","9722","Mount St. Mary's","Hunter ROWSON",20,3,1440,1800,360,7,12,-5,0
"2017-18","9722","Maryland","Ieshia Small",1,4,1531,1800,269,9,4,5,0
"2017-18","9722","Maryland","Sarah Myers",21,3,1531,1800,269,9,4,5,0
"2017-18","9722","Mount St. Mary's","Rebecca LEE",34,3,1531,1632,101,2,2,0,0
"2017-18","9722","Mount St. Mary's","Bridget BIRKHEAD",3,3,1592,1750,158,2,9,-7,0
"2017-18","9722","Mount St. Mary's","Juliette LAWLESS",24,4,1592,2400,808,22,31,-9,0
"2017-18","9722","Mount St. Mary's","Katrina SCHEUVRONT",33,1,1632,1750,118,2,7,-5,0
"2017-18","9722","Maryland","Stephanie Jones",24,4,1656,1943,287,10,8,2,0
"2017-18","9722","Maryland","Aja Ellison",0,2,1750,1800,50,0,0,0,0
"2017-18","9722","Maryland","Blair Watson",22,3,1750,2128,378,15,10,5,0
"2017-18","9722","Mount St. Mary's","Jatarrikah SETTLE",4,4,1750,1800,50,0,0,0,0
"2017-18","9722","Mount St. Mary's","Caroline HUMMELL",32,4,1750,2182,432,10,16,-6,0
"2017-18","9722","Maryland","Aja Ellison",0,3,1800,2015,215,11,8,3,0
"2017-18","9722","Maryland","Ieshia Small",1,5,1800,1879,79,2,3,-1,0
"2017-18","9722","Maryland","Channise Lewis",3,5,1800,1800,0,0,0,0,0
"2017-18","9722","Maryland","Kaila Charles",5,4,1800,1800,0,0,0,0,0
"2017-18","9722","Maryland","Kristen Confroy",12,5,1800,1800,0,0,0,0,0
"2017-18","9722","Maryland","Sarah Myers",21,4,1800,1943,143,6,8,-2,0
"2017-18","9722","Mount St. Mary's","Daly SULLIVAN",1,3,1800,1800,0,0,0,0,0
"2017-18","9722","Mount St. Mary's","Ashlee WHITE",10,5,1800,2128,328,10,15,-5,0
"2017-18","9722","Mount St. Mary's","Hunter ROWSON",20,4,1800,1887,87,3,4,-1,0
"2017-18","9722","Maryland","Channise Lewis",3,6,1879,2400,521,20,17,3,0
"2017-18","9722","Mount St. Mary's","Daly SULLIVAN",1,4,1887,2400,513,17,18,-1,0
"2017-18","9722","Maryland","Ieshia Small",1,6,1943,2400,457,16,12,4,0
"2017-18","9722","Maryland","Kristen Confroy",12,6,1943,2128,185,9,2,7,0
"2017-18","9722","Maryland","Kaila Charles",5,5,2015,2182,167,5,2,3,0
"2017-18","9722","Maryland","Aja Ellison",0,4,2128,2400,272,7,10,-3,0
"2017-18","9722","Maryland","Sarah Myers",21,5,2128,2400,272,7,10,-3,0
"2017-18","9722","Mount St. Mary's","Bridget BIRKHEAD",3,4,2128,2400,272,10,7,3,0
"2017-18","9722","Maryland","Stephanie Jones",24,5,2182,2400,218,6,10,-4,0
"2017-18","9722","Mount St. Mary's","Rebecca LEE",34,4,2182,2400,218,10,6,4,0
"2017-18","9723","George Washington","Kelsi MAHONEY",1,1,0,229,229,2,10,-8,1
"2017-18","9723","George Washington","Camila TAPIAS",2,1,0,229,229,2,10,-8,1
"2017-18","9723","George Washington","Chyna LATIMER",3,1,0,315,315,2,10,-8,1
"2017-18","9723","George Washington","Brianna CUMMINGS",5,1,0,411,411,4,12,-8,1
"2017-18","9723","George Washington","Neila LUMA",30,1,0,411,411,4,12,-8,1
"2017-18","9723","Maryland","Channise Lewis",3,1,0,473,473,17,6,11,1
"2017-18","9723","Maryland","Kaila Charles",5,1,0,411,411,12,4,8,1
"2017-18","9723","Maryland","Kristen Confroy",12,1,0,600,600,22,10,12,1
"2017-18","9723","Maryland","Blair Watson",22,1,0,870,870,33,12,21,1
"2017-18","9723","Maryland","Stephanie Jones",24,1,0,315,315,10,2,8,1
"2017-18","9723","George Washington","Mei-Lyn BAUTISTA",21,1,229,600,371,8,12,-4,0
"2017-18","9723","George Washington","Kendall BRESEE",33,1,229,600,371,8,12,-4,0
"2017-18","9723","George Washington","Lexus LEVY",4,1,315,600,285,8,12,-4,0
"2017-18","9723","Maryland","Ieshia Small",1,1,315,1200,885,31,19,12,0
"2017-18","9723","George Washington","Kelsi MAHONEY",1,2,411,870,459,8,21,-13,0
"2017-18","9723","George Washington","Chyna LATIMER",3,2,411,600,189,6,10,-4,0
"2017-18","9723","Maryland","Brianna Fraser",34,1,411,600,189,10,6,4,0
"2017-18","9723","Maryland","Sarah Myers",21,1,473,600,127,5,4,1,0
"2017-18","9723","George Washington","Camila TAPIAS",2,2,600,714,114,0,7,-7,0
"2017-18","9723","George Washington","Lexus LEVY",4,2,600,679,79,0,2,-2,0
"2017-18","9723","George Washington","Brianna CUMMINGS",5,2,600,1406,806,15,29,-14,0
"2017-18","9723","George Washington","Neila LUMA",30,2,600,714,114,0,7,-7,0
"2017-18","9723","Maryland","Channise Lewis",3,2,600,761,161,7,2,5,0
"2017-18","9723","Maryland","Kaila Charles",5,2,600,654,54,0,0,0,0
"2017-18","9723","Maryland","Stephanie Jones",24,2,600,1053,453,15,6,9,0
"2017-18","9723","Maryland","Brianna Fraser",34,2,654,989,335,11,2,9,0
"2017-18","9723","George Washington","Mei-Lyn BAUTISTA",21,2,679,714,35,0,5,-5,0
"2017-18","9723","George Washington","Chyna LATIMER",3,3,714,870,156,2,4,-2,0
"2017-18","9723","George Washington","Taylor CAMPBELL",23,1,714,919,205,2,4,-2,0
"2017-18","9723","George Washington","Kendall BRESEE",33,2,714,989,275,2,4,-2,0
"2017-18","9723","George Washington","Mei-Lyn BAUTISTA",21,3,870,1200,330,9,8,1,0
"2017-18","9723","George Washington","Neila LUMA",30,3,870,1519,649,15,18,-3,0
"2017-18","9723","Maryland","Kaila Charles",5,3,870,1519,649,18,15,3,0
"2017-18","9723","George Washington","Camila TAPIAS",2,3,919,1519,600,15,18,-3,0
"2017-18","9723","George Washington","Kelsi MAHONEY",1,3,989,1162,173,9,8,1,0
"2017-18","9723","Maryland","Sarah Myers",21,2,989,1200,211,8,9,-1,0
"2017-18","9723","Maryland","Blair Watson",22,2,989,1848,859,29,26,3,0
"2017-18","9723","Maryland","Kristen Confroy",12,2,1053,2005,952,32,22,10,0
"2017-18","9723","George Washington","Chyna LATIMER",3,4,1162,1519,357,6,10,-4,0
"2017-18","9723","George Washington","Kelsi MAHONEY",1,4,1200,1647,447,13,16,-3,0
"2017-18","9723","Maryland","Channise Lewis",3,3,1200,2035,835,28,19,9,0
"2017-18","9723","Maryland","Stephanie Jones",24,3,1200,1362,162,7,2,5,0
"2017-18","9723","Maryland","Brianna Fraser",34,3,1362,1691,329,10,11,-1,0
"2017-18","9723","George Washington","Mei-Lyn BAUTISTA",21,4,1406,1800,394,11,11,0,0
"2017-18","9723","George Washington","Lexus LEVY",4,3,1519,1800,281,9,11,-2,0
"2017-18","9723","George Washington","Brianna CUMMINGS",5,3,1519,2005,486,11,18,-7,0
"2017-18","9723","George Washington","Kendall BRESEE",33,3,1519,1754,235,7,11,-4,0
"2017-18","9723","Maryland","Stephanie Jones",24,4,1519,1647,128,6,7,-1,0
"2017-18","9723","George Washington","Neila LUMA",30,4,1647,1754,107,0,5,-5,0
"2017-18","9723","Maryland","Ieshia Small",1,2,1647,1800,153,5,2,3,0
"2017-18","9723","Maryland","Kaila Charles",5,4,1691,2132,441,16,8,8,0
"2017-18","9723","George Washington","Kelsi MAHONEY",1,5,1754,2005,251,4,7,-3,0
"2017-18","9723","George Washington","Chyna LATIMER",3,5,1754,2132,378,8,12,-4,0
"2017-18","9723","George Washington","Camila TAPIAS",2,4,1800,1800,0,0,0,0,0
"2017-18","9723","George Washington","Lexus LEVY",4,4,1800,2005,205,2,7,-5,0
"2017-18","9723","George Washington","Mei-Lyn BAUTISTA",21,5,1800,1904,104,2,3,-1,0
"2017-18","9723","George Washington","Neila LUMA",30,5,1800,1800,0,0,0,0,0
"2017-18","9723","Maryland","Ieshia Small",1,3,1800,1843,43,0,0,0,0
"2017-18","9723","Maryland","Stephanie Jones",24,5,1800,1800,0,0,0,0,0
"2017-18","9723","Maryland","Stephanie Jones",24,6,1843,2005,162,7,2,5,0
"2017-18","9723","Maryland","Ieshia Small",1,4,1848,2400,552,18,16,2,0
"2017-18","9723","George Washington","Camila TAPIAS",2,5,1904,2220,316,8,13,-5,0
"2017-18","9723","George Washington","Mei-Lyn BAUTISTA",21,6,2005,2400,395,16,11,5,0
"2017-18","9723","George Washington","Neila LUMA",30,6,2005,2268,263,11,9,2,0
"2017-18","9723","George Washington","Kendall BRESEE",33,4,2005,2400,395,16,11,5,0
"2017-18","9723","Maryland","Blair Watson",22,3,2005,2268,263,9,11,-2,0
"2017-18","9723","Maryland","Brianna Fraser",34,4,2005,2268,263,9,11,-2,0
"2017-18","9723","Maryland","Sarah Myers",21,3,2035,2400,365,11,14,-3,0
"2017-18","9723","George Washington","Kelsi MAHONEY",1,6,2132,2400,268,12,6,6,0
"2017-18","9723","Maryland","Stephanie Jones",24,7,2132,2400,268,6,12,-6,0
"2017-18","9723","George Washington","Lexus LEVY",4,5,2220,2400,180,8,2,6,0
"2017-18","9723","George Washington","Chyna LATIMER",3,6,2268,2400,132,5,2,3,0
"2017-18","9723","Maryland","Aja Ellison",0,1,2268,2400,132,2,5,-3,0
"2017-18","9723","Maryland","Channise Lewis",3,4,2268,2400,132,2,5,-3,0
"2017-18","9724","Loyola","Stephanie Karcz",10,1,0,455,455,6,16,-10,1
"2017-18","9724","Loyola","Izzy Therien",13,1,0,1709,1709,31,76,-45,1
"2017-18","9724","Loyola","Alexis Gray",20,1,0,907,907,15,35,-20,1
"2017-18","9724","Loyola","Delaney Connolly",44,1,0,576,576,6,20,-14,1
"2017-18","9724","Loyola","Courtney Vannoy",55,1,0,396,396,4,15,-11,1
"2017-18","9724","Maryland","Channise Lewis",3,1,0,357,357,12,4,8,1
"2017-18","9724","Maryland","Kaila Charles",5,1,0,83,83,0,0,0,1
"2017-18","9724","Maryland","Kristen Confroy",12,1,0,698,698,27,10,17,1
"2017-18","9724","Maryland","Blair Watson",22,1,0,576,576,20,6,14,1
"2017-18","9724","Maryland","Stephanie Jones",24,1,0,286,286,10,4,6,1
"2017-18","9724","Maryland","Ieshia Small",1,1,83,600,517,22,8,14,0
"2017-18","9724","Maryland","Brianna Fraser",34,1,286,455,169,6,2,4,0
"2017-18","9724","Maryland","Sarah Myers",21,1,357,600,243,10,4,6,0
"2017-18","9724","Loyola","Ashley Hunter",15,1,396,600,204,4,7,-3,0
"2017-18","9724","Loyola","Molly Taylor",1,1,455,600,145,2,6,-4,0
"2017-18","9724","Maryland","Stephanie Jones",24,2,455,698,243,11,4,7,0
"2017-18","9724","Loyola","Stephanie Karcz",10,2,576,760,184,6,7,-1,0
"2017-18","9724","Maryland","Kaila Charles",5,2,576,1156,580,31,14,17,0
"2017-18","9724","Loyola","Molly Taylor",1,2,600,845,245,7,9,-2,0
"2017-18","9724","Loyola","Ashley Hunter",15,2,600,907,307,7,13,-6,0
"2017-18","9724","Loyola","Delaney Connolly",44,2,600,600,0,0,0,0,0
"2017-18","9724","Loyola","Courtney Vannoy",55,2,600,600,0,0,0,0,0
"2017-18","9724","Maryland","Ieshia Small",1,2,600,845,245,9,7,2,0
"2017-18","9724","Maryland","Channise Lewis",3,2,600,600,0,0,0,0,0
"2017-18","9724","Maryland","Sarah Myers",21,2,600,760,160,5,4,1,0
"2017-18","9724","Maryland","Blair Watson",22,2,600,600,0,0,0,0,0
"2017-18","9724","Maryland","Blair Watson",22,3,698,1278,580,30,12,18,0
"2017-18","9724","Maryland","Brianna Fraser",34,2,698,1156,458,24,10,14,0
"2017-18","9724","Loyola","Abby Omdahl",3,1,760,999,239,3,15,-12,0
"2017-18","9724","Maryland","Channise Lewis",3,3,760,1156,396,24,8,16,0
"2017-18","9724","Loyola","Madelene McDonald",14,1,845,1156,311,5,20,-15,0
"2017-18","9724","Maryland","Kristen Confroy",12,2,845,1437,592,32,9,23,0
"2017-18","9724","Loyola","Stephanie Karcz",10,3,907,1648,741,14,39,-25,0
"2017-18","9724","Loyola","CaLee Gelbaugh",12,1,907,1064,157,2,9,-7,0
"2017-18","9724","Loyola","Alexis Gray",20,2,999,2097,1098,23,58,-35,0
"2017-18","9724","Loyola","Ashley Hunter",15,3,1064,1200,136,3,10,-7,0
"2017-18","9724","Loyola","Delaney Connolly",44,3,1156,1571,415,6,19,-13,0
"2017-18","9724","Maryland","Ieshia Small",1,3,1156,1200,44,3,0,3,0
"2017-18","9724","Maryland","Sarah Myers",21,3,1156,1200,44,3,0,3,0
"2017-18","9724","Maryland","Stephanie Jones",24,3,1156,1319,163,6,4,2,0
"2017-18","9724","Loyola","Courtney Vannoy",55,3,1200,1369,169,4,5,-1,0
"2017-18","9724","Maryland","Channise Lewis",3,4,1200,1975,775,37,18,19,0
"2017-18","9724","Maryland","Kaila Charles",5,3,1200,1527,327,13,4,9,0
"2017-18","9724","Maryland","Ieshia Small",1,4,1278,1800,522,23,12,11,0
"2017-18","9724","Maryland","Brianna Fraser",34,3,1319,1709,390,19,7,12,0
"2017-18","9724","Loyola","Ashley Hunter",15,4,1369,1800,431,10,21,-11,0
"2017-18","9724","Maryland","Sarah Myers",21,4,1437,1800,363,17,10,7,0
"2017-18","9724","Maryland","Stephanie Jones",24,4,1527,1800,273,13,10,3,0
"2017-18","9724","Loyola","Molly Taylor",1,3,1571,1800,229,8,10,-2,0
"2017-18","9724","Loyola","CaLee Gelbaugh",12,2,1648,1800,152,5,6,-1,0
"2017-18","9724","Loyola","Abby Omdahl",3,2,1709,1800,91,3,4,-1,0
"2017-18","9724","Maryland","Aja Ellison",0,1,1709,1800,91,4,3,1,0
"2017-18","9724","Loyola","Molly Taylor",1,4,1800,2232,432,6,28,-22,0
"2017-18","9724","Loyola","Abby Omdahl",3,3,1800,2400,600,11,34,-23,0
"2017-18","9724","Loyola","Claire Jakaitis",4,1,1800,2232,432,6,28,-22,0
"2017-18","9724","Loyola","Stephanie Karcz",10,4,1800,1800,0,0,0,0,0
"2017-18","9724","Loyola","CaLee Gelbaugh",12,3,1800,2262,462,6,30,-24,0
"2017-18","9724","Loyola","Izzy Therien",13,2,1800,1800,0,0,0,0,0
"2017-18","9724","Loyola","Delaney Connolly",44,4,1800,1800,0,0,0,0,0
"2017-18","9724","Loyola","Courtney Vannoy",55,4,1800,1800,0,0,0,0,0
"2017-18","9724","Maryland","Aja Ellison",0,2,1800,2074,274,20,4,16,0
"2017-18","9724","Maryland","Kaila Charles",5,4,1800,1928,128,8,2,6,0
"2017-18","9724","Maryland","Kristen Confroy",12,3,1800,1800,0,0,0,0,0
"2017-18","9724","Maryland","Sarah Myers",21,5,1800,2400,600,34,11,23,0
"2017-18","9724","Maryland","Blair Watson",22,4,1800,2044,244,18,4,14,0
"2017-18","9724","Maryland","Brianna Fraser",34,4,1928,2400,472,26,9,17,0
"2017-18","9724","Maryland","Kristen Confroy",12,4,1975,2197,222,15,2,13,0
"2017-18","9724","Maryland","Ieshia Small",1,5,2044,2400,356,16,7,9,0
"2017-18","9724","Maryland","Stephanie Jones",24,5,2074,2232,158,8,2,6,0
"2017-18","9724","Loyola","Stephanie Karcz",10,5,2097,2262,165,2,10,-8,0
"2017-18","9724","Maryland","Channise Lewis",3,5,2197,2400,203,8,5,3,0
"2017-18","9724","Loyola","Alexis Gray",20,3,2232,2400,168,5,6,-1,0
"2017-18","9724","Loyola","Hannah Niles",32,1,2232,2400,168,5,6,-1,0
"2017-18","9724","Maryland","Aja Ellison",0,3,2232,2400,168,6,5,1,0
"2017-18","9724","Loyola","Alex Barazotti",22,1,2262,2400,138,5,4,1,0
"2017-18","9724","Loyola","Maria Kilcullen",24,1,2262,2400,138,5,4,1,0
"2017-18","9725","Coppin State","Mia CROOMS",1,1,0,153,153,2,13,-11,1
"2017-18","9725","Coppin State","Genesis LUCAS",2,1,0,2286,2286,49,111,-62,1
"2017-18","9725","Coppin State","Candice BEVERLY",11,1,0,2286,2286,49,111,-62,1
"2017-18","9725","Coppin State","Oluwadamilol OLOYEDE",12,1,0,380,380,9,23,-14,1
"2017-18","9725","Coppin State","Chance GRAHAM",23,1,0,411,411,9,23,-14,1
"2017-18","9725","Maryland","Channise Lewis",3,1,0,458,458,26,9,17,1
"2017-18","9725","Maryland","Kaila Charles",5,1,0,192,192,17,4,13,1
"2017-18","9725","Maryland","Kristen Confroy",12,1,0,316,316,21,6,15,1
"2017-18","9725","Maryland","Blair Watson",22,1,0,210,210,19,6,13,1
"2017-18","9725","Maryland","Stephanie Jones",24,1,0,210,210,19,6,13,1
"2017-18","9725","Coppin State","Maraiyah SMITH",3,1,153,411,258,7,10,-3,0
"2017-18","9725","Maryland","Ieshia Small",1,1,192,380,188,6,5,1,0
"2017-18","9725","Maryland","Eleanna Christinaki",10,1,210,600,390,12,7,5,0
"2017-18","9725","Maryland","Brianna Fraser",34,1,210,448,238,7,3,4,0
"2017-18","9725","Maryland","Blair Watson",22,2,316,458,142,5,3,2,0
"2017-18","9725","Coppin State","Alexis TAYLOR",24,1,380,600,220,4,8,-4,0
"2017-18","9725","Maryland","Stephanie Jones",24,2,380,458,78,3,0,3,0
"2017-18","9725","Coppin State","Mia CROOMS",1,2,411,759,348,5,17,-12,0
"2017-18","9725","Coppin State","Patricia ALBERT",15,1,411,499,88,0,6,-6,0
"2017-18","9725","Maryland","Kaila Charles",5,2,448,1067,619,35,12,23,0
"2017-18","9725","Maryland","Ieshia Small",1,2,458,1200,742,40,16,24,0
"2017-18","9725","Maryland","Kristen Confroy",12,2,458,600,142,5,4,1,0
"2017-18","9725","Maryland","Sarah Myers",21,1,458,600,142,5,4,1,0
"2017-18","9725","Coppin State","Nadia DAVIDSON",22,1,499,600,101,4,2,2,0
"2017-18","9725","Coppin State","Maraiyah SMITH",3,2,600,1200,600,12,32,-20,0
"2017-18","9725","Coppin State","Oluwadamilol OLOYEDE",12,2,600,600,0,0,3,-3,0
"2017-18","9725","Coppin State","Nadia DAVIDSON",22,2,600,950,350,5,19,-14,0
"2017-18","9725","Coppin State","Chance GRAHAM",23,2,600,600,0,0,3,-3,0
"2017-18","9725","Coppin State","Camille DOWNS",34,1,600,759,159,1,6,-5,0
"2017-18","9725","Maryland","Channise Lewis",3,2,600,1574,974,55,14,41,0
"2017-18","9725","Maryland","Blair Watson",22,3,600,1472,872,54,14,40,0
"2017-18","9725","Maryland","Brianna Fraser",34,2,600,950,350,22,5,17,0
"2017-18","9725","Maryland","Eleanna Christinaki",10,2,735,1200,465,28,11,17,0
"2017-18","9725","Coppin State","Ny'sja BRADFORD",20,1,759,818,59,0,6,-6,0
"2017-18","9725","Coppin State","Chance GRAHAM",23,3,759,2286,1527,35,71,-36,0
"2017-18","9725","Coppin State","Jordan Meaur PICKETT",25,1,818,1200,382,11,20,-9,0
"2017-18","9725","Maryland","Stephanie Jones",24,3,950,1161,211,13,5,8,0
"2017-18","9725","Maryland","Aja Ellison",0,1,1067,1200,133,5,4,1,0
"2017-18","9725","Maryland","Brianna Fraser",34,3,1161,1200,39,0,2,-2,0
"2017-18","9725","Coppin State","Mia CROOMS",1,3,1200,1264,64,0,5,-5,0
"2017-18","9725","Coppin State","Oluwadamilol OLOYEDE",12,3,1200,1200,0,0,0,0,0
"2017-18","9725","Coppin State","Alexis TAYLOR",24,2,1200,1349,149,0,13,-13,0
"2017-18","9725","Maryland","Kaila Charles",5,3,1200,1472,272,19,2,17,0
"2017-18","9725","Maryland","Kristen Confroy",12,3,1200,1674,474,25,2,23,0
"2017-18","9725","Maryland","Stephanie Jones",24,4,1200,1472,272,19,2,17,0
"2017-18","9725","Coppin State","Maraiyah SMITH",3,3,1264,1800,536,4,24,-20,0
"2017-18","9725","Coppin State","Patricia ALBERT",15,2,1349,1472,123,2,6,-4,0
"2017-18","9725","Coppin State","Nadia DAVIDSON",22,3,1472,1800,328,2,10,-8,0
"2017-18","9725","Maryland","Ieshia Small",1,3,1472,1800,328,10,2,8,0
"2017-18","9725","Maryland","Eleanna Christinaki",10,3,1472,1800,328,10,2,8,0
"2017-18","9725","Maryland","Brianna Fraser",34,4,1472,1800,328,10,2,8,0
"2017-18","9725","Maryland","Stephanie Jones",24,5,1574,1923,349,13,7,6,0
"2017-18","9725","Maryland","Sarah Myers",21,2,1674,1800,126,4,2,2,0
"2017-18","9725","Coppin State","Mia CROOMS",1,4,1800,1800,0,0,0,0,0
"2017-18","9725","Coppin State","Maraiyah SMITH",3,4,1800,2400,600,20,18,2,0
"2017-18","9725","Coppin State","Oluwadamilol OLOYEDE",12,4,1800,1800,0,0,0,0,0
"2017-18","9725","Coppin State","Nadia DAVIDSON",22,4,1800,1829,29,2,0,2,0
"2017-18","9725","Maryland","Ieshia Small",1,4,1800,2400,600,18,20,-2,0
"2017-18","9725","Maryland","Channise Lewis",3,3,1800,1800,0,0,0,0,0
"2017-18","9725","Maryland","Kaila Charles",5,4,1800,1800,0,0,0,0,0
"2017-18","9725","Maryland","Eleanna Christinaki",10,4,1800,2400,600,18,20,-2,0
"2017-18","9725","Maryland","Kristen Confroy",12,4,1800,1800,0,0,0,0,0
"2017-18","9725","Maryland","Sarah Myers",21,3,1800,2019,219,4,11,-7,0
"2017-18","9725","Maryland","Blair Watson",22,4,1800,1800,0,0,0,0,0
"2017-18","9725","Maryland","Brianna Fraser",34,5,1800,2400,600,18,20,-2,0
"2017-18","9725","Coppin State","Mia CROOMS",1,5,1829,2227,398,15,14,1,0
"2017-18","9725","Maryland","Aja Ellison",0,2,1923,2400,477,14,15,-1,0
"2017-18","9725","Maryland","Channise Lewis",3,4,2019,2142,123,5,2,3,0
"2017-18","9725","Maryland","Sarah Myers",21,4,2142,2400,258,9,7,2,0
"2017-18","9725","Coppin State","Nadia DAVIDSON",22,5,2227,2400,173,3,4,-1,0
"2017-18","9725","Coppin State","Ny'sja BRADFORD",20,2,2286,2400,114,0,2,-2,0
"2017-18","9725","Coppin State","Alexis TAYLOR",24,3,2286,2400,114,0,2,-2,0
"2017-18","9725","Coppin State","Jordan Meaur PICKETT",25,2,2286,2400,114,0,2,-2,0
"2017-18","9726","Illinois","Brandi Beasley",1,1,0,394,394,6,13,-7,1
"2017-18","9726","Illinois","Petra Holesinska",13,1,0,225,225,2,9,-7,1
"2017-18","9726","Illinois","Kennedy Cattenhead",25,1,0,111,111,0,5,-5,1
"2017-18","9726","Illinois","Alex Wittinger",35,1,0,2246,2246,60,96,-36,1
"2017-18","9726","Illinois","Ali Andrews",50,1,0,225,225,2,9,-7,1
"2017-18","9726","Maryland","Channise Lewis",3,1,0,335,335,11,6,5,1
"2017-18","9726","Maryland","Kaila Charles",5,1,0,698,698,34,13,21,1
"2017-18","9726","Maryland","Kristen Confroy",12,1,0,207,207,7,2,5,1
"2017-18","9726","Maryland","Blair Watson",22,1,0,207,207,7,2,5,1
"2017-18","9726","Maryland","Stephanie Jones",24,1,0,207,207,7,2,5,1
"2017-18","9726","Illinois","Cierra Rice",5,1,111,600,489,11,21,-10,0
"2017-18","9726","Maryland","Ieshia Small",1,1,207,524,317,15,7,8,0
"2017-18","9726","Maryland","Eleanna Christinaki",10,1,207,452,245,11,4,7,0
"2017-18","9726","Maryland","Brianna Fraser",34,1,207,501,294,15,7,8,0
"2017-18","9726","Illinois","Alli Ball",3,1,225,452,227,4,9,-5,0
"2017-18","9726","Illinois","Kennedy Cattenhead",25,2,225,394,169,4,4,0,0
"2017-18","9726","Maryland","Kristen Confroy",12,2,335,1486,1151,59,37,22,0
"2017-18","9726","Maryland","Blair Watson",22,2,335,853,518,32,12,20,0
"2017-18","9726","Illinois","Petra Holesinska",13,2,394,648,254,5,17,-12,0
"2017-18","9726","Illinois","Jnaya Walker",24,1,394,600,206,5,13,-8,0
"2017-18","9726","Illinois","Courtney Joens",30,1,452,524,72,3,4,-1,0
"2017-18","9726","Maryland","Channise Lewis",3,2,452,600,148,8,5,3,0
"2017-18","9726","Maryland","Stephanie Jones",24,2,501,853,352,21,9,12,0
"2017-18","9726","Illinois","Brandi Beasley",1,2,524,1181,657,22,35,-13,0
"2017-18","9726","Maryland","Eleanna Christinaki",10,2,524,600,76,4,2,2,0
"2017-18","9726","Illinois","Cierra Rice",5,2,600,1007,407,15,27,-12,0
"2017-18","9726","Illinois","Jnaya Walker",24,2,600,648,48,0,4,-4,0
"2017-18","9726","Illinois","Kennedy Cattenhead",25,3,600,600,0,0,0,0,0
"2017-18","9726","Illinois","Ali Andrews",50,2,600,600,0,0,0,0,0
"2017-18","9726","Maryland","Eleanna Christinaki",10,3,600,698,98,8,2,6,0
"2017-18","9726","Illinois","Lyric Robins",2,1,648,788,140,4,9,-5,0
"2017-18","9726","Illinois","Kennedy Cattenhead",25,4,648,853,205,7,13,-6,0
"2017-18","9726","Maryland","Ieshia Small",1,2,698,1200,502,23,18,5,0
"2017-18","9726","Maryland","Brianna Fraser",34,2,698,1007,309,19,13,6,0
"2017-18","9726","Illinois","Ali Andrews",50,3,788,1119,331,14,17,-3,0
"2017-18","9726","Illinois","Lyric Robins",2,2,853,1119,266,11,13,-2,0
"2017-18","9726","Maryland","Kaila Charles",5,2,853,1619,766,34,25,9,0
"2017-18","9726","Maryland","Eleanna Christinaki",10,4,853,1007,154,10,8,2,0
"2017-18","9726","Illinois","Courtney Joens",30,2,1007,1200,193,5,4,1,0
"2017-18","9726","Maryland","Blair Watson",22,3,1007,1619,612,24,17,7,0
"2017-18","9726","Maryland","Stephanie Jones",24,3,1007,1181,174,4,5,-1,0
"2017-18","9726","Illinois","Addaya Moore",14,1,1119,1200,81,2,1,1,0
"2017-18","9726","Illinois","Jnaya Walker",24,3,1119,1200,81,2,1,1,0
"2017-18","9726","Illinois","Petra Holesinska",13,3,1181,1764,583,15,22,-7,0
"2017-18","9726","Maryland","Brianna Fraser",34,3,1181,1200,19,0,0,0,0
"2017-18","9726","Illinois","Brandi Beasley",1,3,1200,1548,348,12,17,-5,0
"2017-18","9726","Illinois","Kennedy Cattenhead",25,5,1200,1213,13,0,0,0,0
"2017-18","9726","Illinois","Ali Andrews",50,4,1200,1269,69,2,2,0,0
"2017-18","9726","Maryland","Channise Lewis",3,3,1200,1741,541,22,12,10,0
"2017-18","9726","Maryland","Stephanie Jones",24,4,1200,1363,163,6,6,0,0
"2017-18","9726","Illinois","Cierra Rice",5,3,1213,1800,587,17,22,-5,0
"2017-18","9726","Illinois","Kennedy Cattenhead",25,6,1269,1452,183,8,9,-1,0
"2017-18","9726","Maryland","Brianna Fraser",34,4,1363,1741,378,16,6,10,0
"2017-18","9726","Illinois","Ali Andrews",50,5,1452,1623,171,2,11,-9,0
"2017-18","9726","Maryland","Ieshia Small",1,3,1486,1741,255,9,0,9,0
"2017-18","9726","Illinois","Alli Ball",3,2,1548,1800,252,5,5,0,0
"2017-18","9726","Maryland","Eleanna Christinaki",10,5,1619,1800,181,2,5,-3,0
"2017-18","9726","Maryland","Stephanie Jones",24,5,1619,1999,380,5,10,-5,0
"2017-18","9726","Illinois","Jnaya Walker",24,4,1623,1663,40,0,0,0,0
"2017-18","9726","Illinois","Kennedy Cattenhead",25,7,1663,1800,137,5,0,5,0
"2017-18","9726","Maryland","Kaila Charles",5,3,1741,2110,369,14,13,1,0
"2017-18","9726","Maryland","Kristen Confroy",12,3,1741,2012,271,6,10,-4,0
"2017-18","9726","Maryland","Blair Watson",22,4,1741,2140,399,15,15,0,0
"2017-18","9726","Illinois","Courtney Joens",30,3,1764,1800,36,2,0,2,0
"2017-18","9726","Illinois","Brandi Beasley",1,4,1800,2281,481,15,17,-2,0
"2017-18","9726","Illinois","Cierra Rice",5,4,1800,1948,148,2,3,-1,0
"2017-18","9726","Illinois","Petra Holesinska",13,4,1800,1948,148,2,3,-1,0
"2017-18","9726","Illinois","Ali Andrews",50,6,1800,1867,67,0,0,0,0
"2017-18","9726","Maryland","Channise Lewis",3,4,1800,1800,0,0,0,0,0
"2017-18","9726","Maryland","Eleanna Christinaki",10,6,1800,2400,600,21,17,4,0
"2017-18","9726","Illinois","Kennedy Cattenhead",25,8,1867,2164,297,10,15,-5,0
"2017-18","9726","Illinois","Alli Ball",3,3,1948,2400,452,15,18,-3,0
"2017-18","9726","Illinois","Courtney Joens",30,4,1948,2400,452,15,18,-3,0
"2017-18","9726","Maryland","Brianna Fraser",34,5,1999,2246,247,14,7,7,0
"2017-18","9726","Maryland","Ieshia Small",1,4,2012,2400,388,15,12,3,0
"2017-18","9726","Maryland","Sarah Myers",21,1,2110,2400,290,7,9,-2,0
"2017-18","9726","Maryland","Channise Lewis",3,5,2140,2400,260,6,7,-1,0
"2017-18","9726","Illinois","Addaya Moore",14,2,2164,2400,236,7,6,1,0
"2017-18","9726","Illinois","Cydnee Kinslow",11,1,2246,2400,154,5,4,1,0
"2017-18","9726","Maryland","Aja Ellison",0,1,2246,2400,154,4,5,-1,0
"2017-18","9726","Illinois","Lyric Robins",2,3,2281,2400,119,2,4,-2,0
"2017-18","9727","Maryland","Channise Lewis",3,1,0,139,139,10,2,8,1
"2017-18","9727","Maryland","Kaila Charles",5,1,0,386,386,14,13,1,1
"2017-18","9727","Maryland","Kristen Confroy",12,1,0,931,931,33,29,4,1
"2017-18","9727","Maryland","Blair Watson",22,1,0,81,81,5,1,4,1
"2017-18","9727","Maryland","Stephanie Jones",24,1,0,287,287,13,8,5,1
"2017-18","9727","Penn State","Amari Carter",2,1,0,411,411,13,14,-1,1
"2017-18","9727","Penn State","Teniya Page",11,1,0,386,386,13,14,-1,1
"2017-18","9727","Penn State","Jaylen Williams",23,1,0,139,139,2,10,-8,1
"2017-18","9727","Penn State","J. Travascio-Green",31,1,0,386,386,13,14,-1,1
"2017-18","9727","Penn State","De'Janae Boykin",35,1,0,287,287,8,13,-5,1
"2017-18","9727","Maryland","Ieshia Small",1,1,81,287,206,8,7,1,0
"2017-18","9727","Maryland","Eleanna Christinaki",10,1,139,287,148,3,6,-3,0
"2017-18","9727","Penn State","Siyeh Frazier",4,1,139,523,384,14,6,8,0
"2017-18","9727","Maryland","Channise Lewis",3,2,287,445,158,1,6,-5,0
"2017-18","9727","Maryland","Blair Watson",22,2,287,1026,739,24,23,1,0
"2017-18","9727","Maryland","Brianna Fraser",34,1,287,523,236,3,8,-5,0
"2017-18","9727","Penn State","Jaylen Williams",23,2,287,386,99,5,1,4,0
"2017-18","9727","Maryland","Stephanie Jones",24,2,386,445,59,0,1,-1,0
"2017-18","9727","Penn State","Alisia Smith",1,1,386,600,214,5,7,-2,0
"2017-18","9727","Penn State","Kamaria McDaniel",5,1,386,523,137,3,2,1,0
"2017-18","9727","Penn State","De'Janae Boykin",35,2,386,855,469,13,17,-4,0
"2017-18","9727","Penn State","Teniya Page",11,2,411,1634,1223,37,40,-3,0
"2017-18","9727","Maryland","Kaila Charles",5,2,445,1959,1514,45,43,2,0
"2017-18","9727","Maryland","Eleanna Christinaki",10,2,445,600,155,7,4,3,0
"2017-18","9727","Maryland","Ieshia Small",1,2,523,600,77,5,2,3,0
"2017-18","9727","Penn State","Amari Carter",2,2,523,999,476,15,19,-4,0
"2017-18","9727","Penn State","J. Travascio-Green",31,2,523,855,332,10,15,-5,0
"2017-18","9727","Maryland","Ieshia Small",1,3,600,765,165,5,4,1,0
"2017-18","9727","Maryland","Channise Lewis",3,3,600,600,0,0,0,0,0
"2017-18","9727","Maryland","Eleanna Christinaki",10,3,600,855,255,10,8,2,0
"2017-18","9727","Maryland","Stephanie Jones",24,3,600,600,0,0,0,0,0
"2017-18","9727","Penn State","Jaylen Williams",23,3,600,646,46,0,0,0,0
"2017-18","9727","Penn State","Siyeh Frazier",4,2,646,699,53,0,3,-3,0
"2017-18","9727","Penn State","Kamaria McDaniel",5,2,699,765,66,4,2,2,0
"2017-18","9727","Maryland","Brianna Fraser",34,2,765,1065,300,12,14,-2,0
"2017-18","9727","Penn State","Jaylen Williams",23,4,765,855,90,4,5,-1,0
"2017-18","9727","Maryland","Channise Lewis",3,4,855,936,81,2,3,-1,0
"2017-18","9727","Penn State","Alisia Smith",1,2,855,999,144,5,4,1,0
"2017-18","9727","Penn State","Siyeh Frazier",4,3,855,1073,218,10,7,3,0
"2017-18","9727","Penn State","Kamaria McDaniel",5,3,855,1200,345,15,9,6,0
"2017-18","9727","Maryland","Ieshia Small",1,4,931,1200,269,7,12,-5,0
"2017-18","9727","Maryland","Sarah Myers",21,1,936,1170,234,7,12,-5,0
"2017-18","9727","Penn State","Jaylen Williams",23,5,999,1065,66,5,3,2,0
"2017-18","9727","Penn State","J. Travascio-Green",31,3,999,1138,139,10,5,5,0
"2017-18","9727","Maryland","Eleanna Christinaki",10,4,1026,1138,112,3,10,-7,0
"2017-18","9727","Maryland","Kristen Confroy",12,2,1065,1408,343,4,11,-7,0
"2017-18","9727","Penn State","Amari Carter",2,3,1065,1327,262,9,4,5,0
"2017-18","9727","Penn State","De'Janae Boykin",35,3,1073,2400,1327,29,31,-2,0
"2017-18","9727","Maryland","Brianna Fraser",34,3,1138,1200,62,0,0,0,0
"2017-18","9727","Penn State","Jaylen Williams",23,6,1138,1170,32,0,0,0,0
"2017-18","9727","Maryland","Eleanna Christinaki",10,5,1170,1200,30,0,0,0,0
"2017-18","9727","Penn State","J. Travascio-Green",31,4,1170,2400,1230,24,29,-5,0
"2017-18","9727","Maryland","Channise Lewis",3,5,1200,1639,439,14,9,5,0
"2017-18","9727","Maryland","Blair Watson",22,3,1200,1639,439,14,9,5,0
"2017-18","9727","Maryland","Stephanie Jones",24,4,1200,1408,208,2,6,-4,0
"2017-18","9727","Penn State","Jaylen Williams",23,7,1200,2034,834,18,19,-1,0
"2017-18","9727","Penn State","Kamaria McDaniel",5,4,1327,1448,121,2,3,-1,0
"2017-18","9727","Maryland","Ieshia Small",1,5,1408,1712,304,12,8,4,0
"2017-18","9727","Maryland","Brianna Fraser",34,4,1408,1761,353,12,8,4,0
"2017-18","9727","Penn State","Amari Carter",2,4,1448,2134,686,14,16,-2,0
"2017-18","9727","Penn State","Siyeh Frazier",4,4,1634,1664,30,0,0,0,0
"2017-18","9727","Maryland","Eleanna Christinaki",10,6,1639,1800,161,0,5,-5,0
"2017-18","9727","Maryland","Kristen Confroy",12,3,1639,2400,761,15,15,0,0
"2017-18","9727","Penn State","Kamaria McDaniel",5,5,1664,1761,97,5,0,5,0
"2017-18","9727","Maryland","Stephanie Jones",24,5,1712,1852,140,2,0,2,0
"2017-18","9727","Maryland","Ieshia Small",1,6,1761,1800,39,0,0,0,0
"2017-18","9727","Penn State","Teniya Page",11,3,1761,1959,198,2,5,-3,0
"2017-18","9727","Maryland","Channise Lewis",3,6,1800,1959,159,5,2,3,0
"2017-18","9727","Maryland","Blair Watson",22,4,1800,2164,364,8,8,0,0
"2017-18","9727","Maryland","Brianna Fraser",34,5,1852,2034,182,3,4,-1,0
"2017-18","9727","Maryland","Ieshia Small",1,7,1959,2400,441,10,8,2,0
"2017-18","9727","Maryland","Stephanie Jones",24,6,1959,2265,306,6,8,-2,0
"2017-18","9727","Penn State","Siyeh Frazier",4,5,1959,2034,75,2,0,2,0
"2017-18","9727","Maryland","Kaila Charles",5,3,2034,2148,114,2,2,0,0
"2017-18","9727","Penn State","Alisia Smith",1,3,2034,2077,43,2,2,0,0
"2017-18","9727","Penn State","Teniya Page",11,4,2034,2400,366,6,10,-4,0
"2017-18","9727","Penn State","Jaylen Williams",23,8,2077,2183,106,2,2,0,0
"2017-18","9727","Penn State","Siyeh Frazier",4,6,2134,2201,67,2,2,0,0
"2017-18","9727","Maryland","Brianna Fraser",34,6,2148,2400,252,8,4,4,0
"2017-18","9727","Maryland","Channise Lewis",3,7,2164,2265,101,3,2,1,0
"2017-18","9727","Penn State","Alisia Smith",1,4,2183,2265,82,2,2,0,0
"2017-18","9727","Penn State","Amari Carter",2,5,2201,2400,199,2,6,-4,0
"2017-18","9727","Maryland","Kaila Charles",5,4,2265,2400,135,4,0,4,0
"2017-18","9727","Maryland","Blair Watson",22,5,2265,2400,135,4,0,4,0
"2017-18","9727","Penn State","Jaylen Williams",23,9,2265,2400,135,0,4,-4,0
"2017-18","9728","Iowa","Chase Coley",4,1,0,228,228,9,17,-8,1
"2017-18","9728","Iowa","Alexis Sevillian",5,1,0,767,767,21,31,-10,1
"2017-18","9728","Iowa","Megan Gustafson",10,1,0,466,466,15,23,-8,1
"2017-18","9728","Iowa","Kathleen Doyle",22,1,0,1006,1006,32,42,-10,1
"2017-18","9728","Iowa","Amanda Ollinger",43,1,0,375,375,13,21,-8,1
"2017-18","9728","Maryland","Channise Lewis",3,1,0,1420,1420,53,42,11,1
"2017-18","9728","Maryland","Kaila Charles",5,1,0,339,339,21,13,8,1
"2017-18","9728","Maryland","Kristen Confroy",12,1,0,600,600,31,17,14,1
"2017-18","9728","Maryland","Blair Watson",22,1,0,400,400,21,15,6,1
"2017-18","9728","Maryland","Stephanie Jones",24,1,0,242,242,17,11,6,1
"2017-18","9728","Iowa","Hannah Stewart",21,1,228,600,372,8,14,-6,0
"2017-18","9728","Maryland","Brianna Fraser",34,1,242,600,358,14,6,8,0
"2017-18","9728","Maryland","Ieshia Small",1,1,339,375,36,0,0,0,0
"2017-18","9728","Iowa","Carly Mohns",34,1,375,466,91,2,2,0,0
"2017-18","9728","Maryland","Kaila Charles",5,2,375,1061,686,23,21,2,0
"2017-18","9728","Maryland","Eleanna Christinaki",10,1,400,600,200,10,2,8,0
"2017-18","9728","Iowa","Chase Coley",4,2,466,792,326,8,8,0,0
"2017-18","9728","Iowa","Amanda Ollinger",43,2,466,932,466,14,14,0,0
"2017-18","9728","Iowa","Megan Gustafson",10,2,600,953,353,13,9,4,0
"2017-18","9728","Maryland","Eleanna Christinaki",10,2,600,767,167,0,4,-4,0
"2017-18","9728","Maryland","Blair Watson",22,2,600,1724,1124,27,26,1,0
"2017-18","9728","Maryland","Stephanie Jones",24,2,600,627,27,0,0,0,0
"2017-18","9728","Maryland","Brianna Fraser",34,2,627,767,140,0,4,-4,0
"2017-18","9728","Iowa","Zion Sanders",24,1,767,792,25,2,0,2,0
"2017-18","9728","Maryland","Ieshia Small",1,2,767,932,165,6,8,-2,0
"2017-18","9728","Maryland","Kristen Confroy",12,2,767,2269,1502,49,38,11,0
"2017-18","9728","Iowa","Alexis Sevillian",5,2,792,1663,871,19,27,-8,0
"2017-18","9728","Iowa","Hannah Stewart",21,2,792,1058,266,9,13,-4,0
"2017-18","9728","Iowa","Carly Mohns",34,2,932,977,45,3,3,0,0
"2017-18","9728","Maryland","Brianna Fraser",34,3,932,977,45,3,3,0,0
"2017-18","9728","Iowa","Chase Coley",4,3,953,1318,365,10,10,0,0
"2017-18","9728","Iowa","Amanda Ollinger",43,3,977,1338,361,8,11,-3,0
"2017-18","9728","Maryland","Eleanna Christinaki",10,3,977,1200,223,9,6,3,0
"2017-18","9728","Iowa","Zion Sanders",24,2,1006,1058,52,0,2,-2,0
"2017-18","9728","Iowa","Megan Gustafson",10,3,1058,2008,950,19,29,-10,0
"2017-18","9728","Iowa","Kathleen Doyle",22,2,1058,2400,1342,32,36,-4,0
"2017-18","9728","Maryland","Stephanie Jones",24,3,1061,1663,602,14,8,6,0
"2017-18","9728","Maryland","Kaila Charles",5,3,1200,2247,1047,31,21,10,0
"2017-18","9728","Iowa","Hannah Stewart",21,3,1318,1516,198,2,5,-3,0
"2017-18","9728","Iowa","Carly Mohns",34,3,1338,1516,178,2,4,-2,0
"2017-18","9728","Maryland","Eleanna Christinaki",10,4,1420,1663,243,5,0,5,0
"2017-18","9728","Iowa","Chase Coley",4,4,1516,1724,208,1,3,-2,0
"2017-18","9728","Iowa","Amanda Ollinger",43,4,1516,1756,240,1,4,-3,0
"2017-18","9728","Iowa","Zion Sanders",24,3,1663,1800,137,4,3,1,0
"2017-18","9728","Maryland","Channise Lewis",3,2,1663,2338,675,22,20,2,0
"2017-18","9728","Maryland","Brianna Fraser",34,4,1663,1756,93,1,1,0,0
"2017-18","9728","Iowa","Hannah Stewart",21,4,1724,1800,76,3,3,0,0
"2017-18","9728","Maryland","Ieshia Small",1,3,1724,1800,76,3,3,0,0
"2017-18","9728","Iowa","Carly Mohns",34,4,1756,1800,44,3,2,1,0
"2017-18","9728","Maryland","Stephanie Jones",24,4,1756,2176,420,17,16,1,0
"2017-18","9728","Iowa","Chase Coley",4,5,1800,1800,0,0,0,0,0
"2017-18","9728","Iowa","Alexis Sevillian",5,3,1800,1988,188,5,12,-7,0
"2017-18","9728","Iowa","Hannah Stewart",21,5,1800,1861,61,0,1,-1,0
"2017-18","9728","Iowa","Amanda Ollinger",43,5,1800,1988,188,5,12,-7,0
"2017-18","9728","Maryland","Ieshia Small",1,4,1800,1861,61,1,0,1,0
"2017-18","9728","Maryland","Blair Watson",22,3,1800,1800,0,0,0,0,0
"2017-18","9728","Iowa","Chase Coley",4,6,1861,2221,360,13,18,-5,0
"2017-18","9728","Maryland","Blair Watson",22,4,1861,2338,477,18,16,2,0
"2017-18","9728","Iowa","Zion Sanders",24,4,1988,2049,61,0,3,-3,0
"2017-18","9728","Iowa","Carly Mohns",34,5,1988,2096,108,3,3,0,0
"2017-18","9728","Iowa","Hannah Stewart",21,6,2008,2096,88,3,3,0,0
"2017-18","9728","Iowa","Alexis Sevillian",5,4,2049,2400,351,13,4,9,0
"2017-18","9728","Iowa","Megan Gustafson",10,4,2096,2400,304,10,4,6,0
"2017-18","9728","Iowa","Amanda Ollinger",43,6,2096,2400,304,10,4,6,0
"2017-18","9728","Maryland","Brianna Fraser",34,5,2176,2400,224,4,5,-1,0
"2017-18","9728","Iowa","Hannah Stewart",21,7,2221,2400,179,5,0,5,0
"2017-18","9728","Maryland","Stephanie Jones",24,5,2247,2338,91,0,3,-3,0
"2017-18","9728","Maryland","Eleanna Christinaki",10,5,2269,2400,131,0,5,-5,0
"2017-18","9728","Maryland","Aja Ellison",0,1,2338,2400,62,0,2,-2,0
"2017-18","9728","Maryland","Ieshia Small",1,5,2338,2400,62,0,2,-2,0
"2017-18","9728","Maryland","Sarah Myers",21,1,2338,2400,62,0,2,-2,0
"2017-18","9729","Maryland","Channise Lewis",3,1,0,313,313,10,4,6,1
"2017-18","9729","Maryland","Kaila Charles",5,1,0,464,464,13,4,9,1
"2017-18","9729","Maryland","Kristen Confroy",12,1,0,464,464,13,4,9,1
"2017-18","9729","Maryland","Blair Watson",22,1,0,313,313,10,4,6,1
"2017-18","9729","Maryland","Stephanie Jones",24,1,0,210,210,6,2,4,1
"2017-18","9729","Wisconsin","Kendra VAN LEEUWEN",10,1,0,533,533,4,15,-11,1
"2017-18","9729","Wisconsin","Marsha HOWARD",11,1,0,464,464,4,13,-9,1
"2017-18","9729","Wisconsin","Abby LASZEWSKI",14,1,0,892,892,13,21,-8,1
"2017-18","9729","Wisconsin","Niya BEVERLEY",22,1,0,464,464,4,13,-9,1
"2017-18","9729","Wisconsin","Courtne FREDRICKSON",33,1,0,313,313,4,10,-6,1
"2017-18","9729","Maryland","Brianna Fraser",34,1,210,600,390,9,5,4,0
"2017-18","9729","Wisconsin","Cayla McMORRIS",23,1,210,600,390,5,9,-4,0
"2017-18","9729","Maryland","Ieshia Small",1,1,313,600,287,5,3,2,0
"2017-18","9729","Maryland","Eleanna Christinaki",10,1,313,600,287,5,3,2,0
"2017-18","9729","Wisconsin","Suzanne GILREATH",3,1,313,464,151,0,3,-3,0
"2017-18","9729","Maryland","Blair Watson",22,2,464,888,424,8,9,-1,0
"2017-18","9729","Maryland","Stephanie Jones",24,2,464,822,358,8,7,1,0
"2017-18","9729","Wisconsin","Roichelle MARBLE",5,1,464,600,136,3,2,1,0
"2017-18","9729","Wisconsin","Courtne FREDRICKSON",33,2,464,822,358,7,8,-1,0
"2017-18","9729","Wisconsin","Suzanne GILREATH",3,2,533,600,67,3,0,3,0
"2017-18","9729","Maryland","Channise Lewis",3,2,600,928,328,8,8,0,0
"2017-18","9729","Maryland","Kaila Charles",5,2,600,888,288,6,6,0,0
"2017-18","9729","Maryland","Kristen Confroy",12,2,600,1163,563,22,11,11,0
"2017-18","9729","Wisconsin","Suzanne GILREATH",3,3,600,822,222,4,6,-2,0
"2017-18","9729","Wisconsin","Kendra VAN LEEUWEN",10,2,600,600,0,0,0,0,0
"2017-18","9729","Wisconsin","Marsha HOWARD",11,2,600,996,396,8,8,0,0
"2017-18","9729","Wisconsin","Niya BEVERLEY",22,2,600,996,396,8,8,0,0
"2017-18","9729","Maryland","Brianna Fraser",34,2,822,996,174,2,4,-2,0
"2017-18","9729","Wisconsin","Kendra VAN LEEUWEN",10,3,822,1516,694,11,25,-14,0
"2017-18","9729","Wisconsin","Cayla McMORRIS",23,2,822,996,174,4,2,2,0
"2017-18","9729","Maryland","Ieshia Small",1,2,888,1200,312,16,5,11,0
"2017-18","9729","Maryland","Eleanna Christinaki",10,2,888,1200,312,16,5,11,0
"2017-18","9729","Wisconsin","Courtne FREDRICKSON",33,3,892,1583,691,9,25,-16,0
"2017-18","9729","Maryland","Blair Watson",22,3,928,1427,499,23,5,18,0
"2017-18","9729","Maryland","Stephanie Jones",24,3,996,1135,139,11,3,8,0
"2017-18","9729","Wisconsin","Suzanne GILREATH",3,4,996,1087,91,3,8,-5,0
"2017-18","9729","Wisconsin","Roichelle MARBLE",5,2,996,1049,53,3,6,-3,0
"2017-18","9729","Wisconsin","Abby LASZEWSKI",14,2,996,1049,53,3,6,-3,0
"2017-18","9729","Wisconsin","Marsha HOWARD",11,3,1049,1163,114,0,8,-8,0
"2017-18","9729","Wisconsin","Cayla McMORRIS",23,3,1049,1200,151,0,8,-8,0
"2017-18","9729","Wisconsin","Niya BEVERLEY",22,3,1087,1409,322,2,15,-13,0
"2017-18","9729","Maryland","Brianna Fraser",34,3,1135,1200,65,3,0,3,0
"2017-18","9729","Maryland","Kaila Charles",5,3,1163,1644,481,12,5,7,0
"2017-18","9729","Wisconsin","Abby LASZEWSKI",14,3,1163,1357,194,2,5,-3,0
"2017-18","9729","Maryland","Channise Lewis",3,3,1200,1495,295,9,4,5,0
"2017-18","9729","Maryland","Kristen Confroy",12,3,1200,1644,444,12,5,7,0
"2017-18","9729","Maryland","Stephanie Jones",24,4,1200,1437,237,9,2,7,0
"2017-18","9729","Wisconsin","Marsha HOWARD",11,4,1200,1516,316,4,9,-5,0
"2017-18","9729","Wisconsin","Cayla McMORRIS",23,4,1357,1701,344,3,9,-6,0
"2017-18","9729","Wisconsin","Suzanne GILREATH",3,5,1409,1516,107,2,0,2,0
"2017-18","9729","Maryland","Eleanna Christinaki",10,3,1427,1800,373,8,7,1,0
"2017-18","9729","Maryland","Brianna Fraser",34,4,1437,1800,363,8,7,1,0
"2017-18","9729","Maryland","Ieshia Small",1,3,1495,1800,305,8,5,3,0
"2017-18","9729","Wisconsin","Roichelle MARBLE",5,3,1516,1644,128,1,3,-2,0
"2017-18","9729","Wisconsin","Abby LASZEWSKI",14,4,1516,1800,284,5,8,-3,0
"2017-18","9729","Wisconsin","Niya BEVERLEY",22,4,1516,1898,382,5,11,-6,0
"2017-18","9729","Wisconsin","Kendra VAN LEEUWEN",10,4,1583,1701,118,1,5,-4,0
"2017-18","9729","Maryland","Blair Watson",22,4,1644,1898,254,8,4,4,0
"2017-18","9729","Maryland","Stephanie Jones",24,5,1644,1800,156,5,4,1,0
"2017-18","9729","Wisconsin","Marsha HOWARD",11,5,1644,2069,425,11,11,0,0
"2017-18","9729","Wisconsin","Suzanne GILREATH",3,6,1701,1800,99,4,3,1,0
"2017-18","9729","Wisconsin","Courtne FREDRICKSON",33,4,1701,1947,246,7,9,-2,0
"2017-18","9729","Maryland","Ieshia Small",1,4,1800,1947,147,6,3,3,0
"2017-18","9729","Maryland","Channise Lewis",3,4,1800,1800,0,0,0,0,0
"2017-18","9729","Maryland","Kaila Charles",5,4,1800,1838,38,1,0,1,0
"2017-18","9729","Maryland","Kristen Confroy",12,4,1800,1800,0,0,0,0,0
"2017-18","9729","Maryland","Sarah Myers",21,1,1800,2400,600,17,17,0,0
"2017-18","9729","Maryland","Brianna Fraser",34,5,1800,2287,487,11,15,-4,0
"2017-18","9729","Wisconsin","Suzanne GILREATH",3,7,1800,2019,219,5,6,-1,0
"2017-18","9729","Wisconsin","Kendra VAN LEEUWEN",10,5,1800,1800,0,0,0,0,0
"2017-18","9729","Wisconsin","Cayla McMORRIS",23,5,1800,2090,290,9,6,3,0
"2017-18","9729","Maryland","Stephanie Jones",24,6,1838,2019,181,5,5,0,0
"2017-18","9729","Maryland","Eleanna Christinaki",10,4,1898,2400,502,14,17,-3,0
"2017-18","9729","Wisconsin","Kendra VAN LEEUWEN",10,6,1898,2230,332,13,7,6,0
"2017-18","9729","Maryland","Kristen Confroy",12,5,1947,2230,283,4,10,-6,0
"2017-18","9729","Wisconsin","Abby LASZEWSKI",14,5,1947,2115,168,6,2,4,0
"2017-18","9729","Maryland","Kaila Charles",5,5,2019,2069,50,0,2,-2,0
"2017-18","9729","Wisconsin","Roichelle MARBLE",5,4,2019,2115,96,4,2,2,0
"2017-18","9729","Maryland","Ieshia Small",1,5,2069,2400,331,11,10,1,0
"2017-18","9729","Wisconsin","Courtne FREDRICKSON",33,5,2069,2328,259,10,7,3,0
"2017-18","9729","Wisconsin","Niya BEVERLEY",22,5,2090,2328,238,8,7,1,0
"2017-18","9729","Wisconsin","Marsha HOWARD",11,6,2115,2328,213,8,5,3,0
"2017-18","9729","Wisconsin","Cayla McMORRIS",23,6,2115,2328,213,8,5,3,0
"2017-18","9729","Maryland","Channise Lewis",3,5,2230,2400,170,7,4,3,0
"2017-18","9729","Wisconsin","Suzanne GILREATH",3,8,2230,2328,98,4,3,1,0
"2017-18","9729","Maryland","Aja Ellison",0,1,2287,2400,113,6,2,4,0
"2017-18","9729","Wisconsin","Roichelle MARBLE",5,5,2328,2400,72,0,4,-4,0
"2017-18","9729","Wisconsin","Abby LASZEWSKI",14,6,2328,2400,72,0,4,-4,0
"2017-18","9729","Wisconsin","Lexy RICHARDSON",15,1,2328,2400,72,0,4,-4,0
"2017-18","9729","Wisconsin","Lizzie MILLER",20,1,2328,2400,72,0,4,-4,0
"2017-18","9729","Wisconsin","Kara CROWLEY",30,1,2328,2400,72,0,4,-4,0
"2017-18","9730","Maryland","Channise Lewis",3,1,0,397,397,14,10,4,1
"2017-18","9730","Maryland","Kaila Charles",5,1,0,525,525,15,15,0,1
"2017-18","9730","Maryland","Eleanna Christinaki",10,1,0,366,366,12,10,2,1
"2017-18","9730","Maryland","Kristen Confroy",12,1,0,266,266,8,6,2,1
"2017-18","9730","Maryland","Stephanie Jones",24,1,0,236,236,8,6,2,1
"2017-18","9730","Michigan State","Shay Colley",0,1,0,436,436,10,15,-5,1
"2017-18","9730","Michigan State","Sidney Cooks",1,1,0,366,366,10,12,-2,1
"2017-18","9730","Michigan State","Taryn McCutcheon",4,1,0,366,366,10,12,-2,1
"2017-18","9730","Michigan State","Nia Hollie",12,1,0,261,261,6,8,-2,1
"2017-18","9730","Michigan State","Jenna Allen",33,1,0,236,236,6,8,-2,1
"2017-18","9730","Maryland","Brianna Fraser",34,1,236,600,364,7,11,-4,0
"2017-18","9730","Michigan State","Taya Reimer",32,1,236,366,130,4,4,0,0
"2017-18","9730","Maryland","Aja Ellison",0,1,261,266,5,0,0,0,0
"2017-18","9730","Maryland","Ieshia Small",1,1,261,491,230,7,7,0,0
"2017-18","9730","Michigan State","Victoria Gaines",15,1,261,436,175,4,7,-3,0
"2017-18","9730","Maryland","Kristen Confroy",12,2,366,1614,1248,31,43,-12,0
"2017-18","9730","Michigan State","Branndais Agee",10,1,366,600,234,7,3,4,0
"2017-18","9730","Michigan State","Nia Hollie",12,2,366,600,234,7,3,4,0
"2017-18","9730","Michigan State","Jenna Allen",33,2,366,787,421,11,5,6,0
"2017-18","9730","Maryland","Eleanna Christinaki",10,2,397,938,541,7,18,-11,0
"2017-18","9730","Michigan State","Sidney Cooks",1,2,436,650,214,9,2,7,0
"2017-18","9730","Michigan State","Taryn McCutcheon",4,2,436,1449,1013,33,22,11,0
"2017-18","9730","Maryland","Channise Lewis",3,2,491,787,296,2,8,-6,0
"2017-18","9730","Maryland","Stephanie Jones",24,2,525,787,262,2,6,-4,0
"2017-18","9730","Maryland","Kaila Charles",5,2,600,950,350,6,13,-7,0
"2017-18","9730","Michigan State","Shay Colley",0,2,600,1173,573,19,16,3,0
"2017-18","9730","Michigan State","Victoria Gaines",15,2,600,650,50,2,2,0,0
"2017-18","9730","Michigan State","Nia Hollie",12,3,650,787,137,2,0,2,0
"2017-18","9730","Michigan State","Taya Reimer",32,2,650,787,137,2,0,2,0
"2017-18","9730","Maryland","Ieshia Small",1,2,787,1200,413,14,17,-3,0
"2017-18","9730","Maryland","Brianna Fraser",34,2,787,938,151,4,7,-3,0
"2017-18","9730","Michigan State","Sidney Cooks",1,3,787,1009,222,9,6,3,0
"2017-18","9730","Michigan State","Branndais Agee",10,2,787,1009,222,9,6,3,0
"2017-18","9730","Michigan State","Kennedy Johnson",55,1,787,1009,222,9,6,3,0
"2017-18","9730","Maryland","Channise Lewis",3,3,938,1881,943,31,35,-4,0
"2017-18","9730","Maryland","Stephanie Jones",24,3,938,1156,218,7,8,-1,0
"2017-18","9730","Maryland","Brianna Fraser",34,3,950,1200,250,10,8,2,0
"2017-18","9730","Michigan State","Nia Hollie",12,4,1009,1407,398,13,11,2,0
"2017-18","9730","Michigan State","Victoria Gaines",15,3,1009,1200,191,8,8,0,0
"2017-18","9730","Michigan State","Jenna Allen",33,3,1009,1441,432,13,13,0,0
"2017-18","9730","Maryland","Eleanna Christinaki",10,3,1156,1407,251,6,7,-1,0
"2017-18","9730","Michigan State","Branndais Agee",10,3,1173,1200,27,2,0,2,0
"2017-18","9730","Maryland","Kaila Charles",5,3,1200,1451,251,6,5,1,0
"2017-18","9730","Maryland","Stephanie Jones",24,4,1200,1200,0,0,0,0,0
"2017-18","9730","Maryland","Brianna Fraser",34,4,1200,1614,414,12,15,-3,0
"2017-18","9730","Michigan State","Shay Colley",0,3,1200,1407,207,5,3,2,0
"2017-18","9730","Michigan State","Sidney Cooks",1,4,1200,1449,249,5,6,-1,0
"2017-18","9730","Maryland","Ieshia Small",1,3,1407,1800,393,15,18,-3,0
"2017-18","9730","Michigan State","Branndais Agee",10,4,1407,1549,142,2,9,-7,0
"2017-18","9730","Michigan State","Victoria Gaines",15,4,1407,1800,393,18,15,3,0
"2017-18","9730","Michigan State","Taya Reimer",32,3,1441,1549,108,2,7,-5,0
"2017-18","9730","Michigan State","Shay Colley",0,4,1449,2400,951,39,31,8,0
"2017-18","9730","Michigan State","Nia Hollie",12,5,1449,1614,165,10,6,4,0
"2017-18","9730","Maryland","Stephanie Jones",24,5,1451,1800,349,12,18,-6,0
"2017-18","9730","Michigan State","Taryn McCutcheon",4,3,1549,2400,851,37,25,12,0
"2017-18","9730","Michigan State","Kennedy Johnson",55,2,1549,1800,251,16,6,10,0
"2017-18","9730","Maryland","Kaila Charles",5,4,1614,2400,786,25,29,-4,0
"2017-18","9730","Maryland","Eleanna Christinaki",10,4,1614,1933,319,11,10,1,0
"2017-18","9730","Michigan State","Branndais Agee",10,5,1614,1800,186,8,6,2,0
"2017-18","9730","Maryland","Kristen Confroy",12,3,1800,2400,600,19,21,-2,0
"2017-18","9730","Maryland","Brianna Fraser",34,5,1800,2348,548,17,20,-3,0
"2017-18","9730","Michigan State","Sidney Cooks",1,5,1800,1800,0,0,0,0,0
"2017-18","9730","Michigan State","Branndais Agee",10,6,1800,2325,525,12,15,-3,0
"2017-18","9730","Michigan State","Nia Hollie",12,6,1800,1800,0,0,0,0,0
"2017-18","9730","Michigan State","Victoria Gaines",15,5,1800,1903,103,2,3,-1,0
"2017-18","9730","Michigan State","Jenna Allen",33,4,1800,1800,0,0,0,0,0
"2017-18","9730","Michigan State","Kennedy Johnson",55,3,1800,2035,235,8,9,-1,0
"2017-18","9730","Maryland","Stephanie Jones",24,6,1881,2400,519,16,19,-3,0
"2017-18","9730","Michigan State","Sidney Cooks",1,6,1903,2333,430,14,14,0,0
"2017-18","9730","Maryland","Ieshia Small",1,4,1933,2400,467,14,19,-5,0
"2017-18","9730","Michigan State","Jenna Allen",33,5,2035,2400,365,13,10,3,0
"2017-18","9730","Michigan State","Nia Hollie",12,7,2325,2400,75,9,4,5,0
"2017-18","9730","Michigan State","Branndais Agee",10,7,2333,2400,67,5,2,3,0
"2017-18","9730","Michigan State","Victoria Gaines",15,6,2333,2400,67,5,2,3,0
"2017-18","9730","Maryland","Eleanna Christinaki",10,5,2348,2400,52,2,1,1,0
"2017-18","9731","Indiana","Bendu Yeaney",1,1,0,300,300,5,10,-5,1
"2017-18","9731","Indiana","Tyra Buss",3,1,0,2058,2058,63,62,1,1
"2017-18","9731","Indiana","Kym Royster",11,1,0,229,229,5,5,0,1
"2017-18","9731","Indiana","Jaelynn Penn",13,1,0,568,568,13,18,-5,1
"2017-18","9731","Indiana","Amanda Cahill",33,1,0,398,398,11,13,-2,1
"2017-18","9731","Maryland","Channise Lewis",3,1,0,398,398,13,11,2,1
"2017-18","9731","Maryland","Kaila Charles",5,1,0,398,398,13,11,2,1
"2017-18","9731","Maryland","Eleanna Christinaki",10,1,0,600,600,18,13,5,1
"2017-18","9731","Maryland","Stephanie Jones",24,1,0,188,188,5,2,3,1
"2017-18","9731","Maryland","Brianna Fraser",34,1,0,300,300,10,5,5,1
"2017-18","9731","Indiana","Linsey Marchese",12,1,229,398,169,6,8,-2,0
"2017-18","9731","Indiana","Keyanna Warthen",2,1,300,445,145,6,5,1,0
"2017-18","9731","Maryland","Stephanie Jones",24,2,300,568,268,8,8,0,0
"2017-18","9731","Indiana","Kym Royster",11,2,398,775,377,5,9,-4,0
"2017-18","9731","Indiana","Bre Wickware",31,1,398,587,189,2,5,-3,0
"2017-18","9731","Maryland","Ieshia Small",1,1,398,600,202,5,2,3,0
"2017-18","9731","Maryland","Sarah Myers",21,1,398,600,202,5,2,3,0
"2017-18","9731","Indiana","Amanda Cahill",33,2,445,2400,1955,59,59,0,0
"2017-18","9731","Maryland","Brianna Fraser",34,2,445,489,44,0,0,0,0
"2017-18","9731","Maryland","Kaila Charles",5,2,489,844,355,7,9,-2,0
"2017-18","9731","Indiana","Bendu Yeaney",1,2,568,904,336,10,4,6,0
"2017-18","9731","Indiana","Jaelynn Penn",13,2,587,844,257,7,4,3,0
"2017-18","9731","Maryland","Channise Lewis",3,2,600,844,244,4,7,-3,0
"2017-18","9731","Maryland","Eleanna Christinaki",10,2,600,1200,600,15,20,-5,0
"2017-18","9731","Maryland","Kristen Confroy",12,1,600,1200,600,15,20,-5,0
"2017-18","9731","Maryland","Stephanie Jones",24,3,600,844,244,4,7,-3,0
"2017-18","9731","Maryland","Brianna Fraser",34,3,600,600,0,0,0,0,0
"2017-18","9731","Indiana","Linsey Marchese",12,2,775,904,129,7,0,7,0
"2017-18","9731","Indiana","Keyanna Warthen",2,2,844,978,134,3,2,1,0
"2017-18","9731","Maryland","Ieshia Small",1,2,844,1200,356,11,13,-2,0
"2017-18","9731","Maryland","Sarah Myers",21,2,844,1101,257,3,9,-6,0
"2017-18","9731","Maryland","Brianna Fraser",34,4,844,904,60,0,3,-3,0
"2017-18","9731","Indiana","Kym Royster",11,3,904,1109,205,6,3,3,0
"2017-18","9731","Indiana","Jaelynn Penn",13,3,904,1854,950,36,32,4,0
"2017-18","9731","Maryland","Kaila Charles",5,3,904,1134,230,5,7,-2,0
"2017-18","9731","Indiana","Bendu Yeaney",1,3,978,1198,220,10,6,4,0
"2017-18","9731","Maryland","Channise Lewis",3,3,1101,2400,1299,49,41,8,0
"2017-18","9731","Indiana","Bre Wickware",31,2,1109,1134,25,1,2,-1,0
"2017-18","9731","Indiana","Linsey Marchese",12,3,1134,1200,66,3,6,-3,0
"2017-18","9731","Maryland","Aja Ellison",0,1,1134,1800,666,25,26,-1,0
"2017-18","9731","Indiana","Bre Wickware",31,3,1198,1200,2,0,3,-3,0
"2017-18","9731","Indiana","Bendu Yeaney",1,4,1200,2400,1200,37,41,-4,0
"2017-18","9731","Indiana","Kym Royster",11,4,1200,1387,187,4,7,-3,0
"2017-18","9731","Maryland","Kaila Charles",5,4,1200,2400,1200,41,37,4,0
"2017-18","9731","Maryland","Stephanie Jones",24,4,1200,1800,600,19,23,-4,0
"2017-18","9731","Maryland","Brianna Fraser",34,5,1200,1403,203,9,5,4,0
"2017-18","9731","Indiana","Linsey Marchese",12,4,1387,1486,99,3,8,-5,0
"2017-18","9731","Maryland","Ieshia Small",1,3,1403,1574,171,6,7,-1,0
"2017-18","9731","Indiana","Kym Royster",11,5,1486,1653,167,8,2,6,0
"2017-18","9731","Maryland","Brianna Fraser",34,6,1574,2044,470,14,18,-4,0
"2017-18","9731","Indiana","Linsey Marchese",12,5,1653,1800,147,8,2,6,0
"2017-18","9731","Indiana","Kym Royster",11,6,1800,1800,0,0,0,0,0
"2017-18","9731","Indiana","Bre Wickware",31,4,1800,1921,121,3,4,-1,0
"2017-18","9731","Maryland","Eleanna Christinaki",10,3,1800,2396,596,22,14,8,0
"2017-18","9731","Maryland","Kristen Confroy",12,2,1800,2400,600,22,14,8,0
"2017-18","9731","Indiana","Kym Royster",11,7,1854,1921,67,0,2,-2,0
"2017-18","9731","Indiana","Linsey Marchese",12,6,1921,2256,335,11,13,-2,0
"2017-18","9731","Indiana","Jaelynn Penn",13,4,1921,2400,479,11,18,-7,0
"2017-18","9731","Maryland","Stephanie Jones",24,5,2044,2400,356,12,7,5,0
"2017-18","9731","Indiana","Bre Wickware",31,5,2058,2092,34,0,1,-1,0
"2017-18","9731","Indiana","Tyra Buss",3,2,2092,2400,308,7,11,-4,0
"2017-18","9731","Indiana","Kym Royster",11,8,2256,2400,144,0,5,-5,0
"2017-18","9731","Maryland","Ieshia Small",1,4,2396,2400,4,0,0,0,0
"2017-18","9732","Maryland","Channise Lewis",3,1,0,2226,2226,92,65,27,1
"2017-18","9732","Maryland","Kaila Charles",5,1,0,303,303,12,5,7,1
"2017-18","9732","Maryland","Eleanna Christinaki",10,1,0,460,460,20,15,5,1
"2017-18","9732","Maryland","Kristen Confroy",12,1,0,1653,1653,66,48,18,1
"2017-18","9732","Maryland","Stephanie Jones",24,1,0,460,460,20,15,5,1
"2017-18","9732","Ohio State","Stephanie Mavunga",1,1,0,486,486,15,22,-7,1
"2017-18","9732","Ohio State","Kelsey Mitchell",3,1,0,1176,1176,33,50,-17,1
"2017-18","9732","Ohio State","Sierra Calhoun",4,1,0,600,600,19,27,-8,1
"2017-18","9732","Ohio State","Linnae Harper",15,1,0,303,303,5,12,-7,1
"2017-18","9732","Ohio State","Asia Doss",20,1,0,486,486,15,22,-7,1
"2017-18","9732","Maryland","Brianna Fraser",34,1,303,544,241,13,12,1,0
"2017-18","9732","Ohio State","Makayla Waterman",24,1,303,544,241,12,13,-1,0
"2017-18","9732","Maryland","Ieshia Small",1,1,460,486,26,2,0,2,0
"2017-18","9732","Maryland","Kaila Charles",5,2,460,1176,716,30,18,12,0
"2017-18","9732","Maryland","Eleanna Christinaki",10,2,486,1016,530,22,13,9,0
"2017-18","9732","Ohio State","Linnae Harper",15,2,486,620,134,4,5,-1,0
"2017-18","9732","Ohio State","Alexa Hart",22,1,486,600,114,4,5,-1,0
"2017-18","9732","Maryland","Stephanie Jones",24,2,544,924,380,19,8,11,0
"2017-18","9732","Ohio State","Stephanie Mavunga",1,2,544,1176,632,16,25,-9,0
"2017-18","9732","Ohio State","Asia Doss",20,2,600,924,324,6,17,-11,0
"2017-18","9732","Ohio State","Alexa Hart",22,2,600,744,144,2,8,-6,0
"2017-18","9732","Ohio State","Sierra Calhoun",4,2,620,924,304,6,17,-11,0
"2017-18","9732","Ohio State","Makayla Waterman",24,2,744,1176,432,12,15,-3,0
"2017-18","9732","Maryland","Brianna Fraser",34,2,924,1200,276,6,10,-4,0
"2017-18","9732","Ohio State","Linnae Harper",15,3,924,1329,405,17,12,5,0
"2017-18","9732","Ohio State","Jensen Caretti",33,1,924,1200,276,10,6,4,0
"2017-18","9732","Maryland","Ieshia Small",1,2,1016,1200,184,6,7,-1,0
"2017-18","9732","Maryland","Eleanna Christinaki",10,3,1176,1465,289,11,13,-2,0
"2017-18","9732","Ohio State","Sierra Calhoun",4,3,1176,1493,317,13,11,2,0
"2017-18","9732","Ohio State","Asia Doss",20,3,1176,1569,393,13,14,-1,0
"2017-18","9732","Ohio State","Alexa Hart",22,3,1176,1200,24,2,0,2,0
"2017-18","9732","Maryland","Kaila Charles",5,3,1200,1460,260,11,11,0,0
"2017-18","9732","Maryland","Stephanie Jones",24,3,1200,1329,129,6,7,-1,0
"2017-18","9732","Ohio State","Stephanie Mavunga",1,3,1200,1460,260,11,11,0,0
"2017-18","9732","Ohio State","Kelsey Mitchell",3,2,1200,1843,643,21,27,-6,0
"2017-18","9732","Maryland","Brianna Fraser",34,3,1329,1560,231,8,4,4,0
"2017-18","9732","Ohio State","Alexa Hart",22,4,1329,1560,231,4,8,-4,0
"2017-18","9732","Maryland","Stephanie Jones",24,4,1460,1706,246,5,4,1,0
"2017-18","9732","Ohio State","Makayla Waterman",24,3,1460,1569,109,0,3,-3,0
"2017-18","9732","Maryland","Ieshia Small",1,3,1465,1800,335,10,8,2,0
"2017-18","9732","Ohio State","Linnae Harper",15,4,1493,1928,435,12,21,-9,0
"2017-18","9732","Maryland","Kaila Charles",5,4,1560,2281,721,28,19,9,0
"2017-18","9732","Ohio State","Stephanie Mavunga",1,4,1560,1928,368,12,18,-6,0
"2017-18","9732","Ohio State","Sierra Calhoun",4,4,1569,1829,260,10,12,-2,0
"2017-18","9732","Ohio State","Alexa Hart",22,5,1569,1800,231,8,7,1,0
"2017-18","9732","Maryland","Eleanna Christinaki",10,4,1653,2156,503,24,17,7,0
"2017-18","9732","Maryland","Brianna Fraser",34,4,1706,1800,94,5,4,1,0
"2017-18","9732","Maryland","Kristen Confroy",12,2,1800,2302,502,23,11,12,0
"2017-18","9732","Maryland","Stephanie Jones",24,5,1800,1800,0,0,0,0,0
"2017-18","9732","Maryland","Brianna Fraser",34,5,1800,2031,231,17,11,6,0
"2017-18","9732","Ohio State","Asia Doss",20,4,1800,1800,0,0,0,0,0
"2017-18","9732","Ohio State","Alexa Hart",22,6,1800,2043,243,11,17,-6,0
"2017-18","9732","Ohio State","Asia Doss",20,5,1829,2400,571,13,23,-10,0
"2017-18","9732","Ohio State","Sierra Calhoun",4,5,1843,2226,383,9,15,-6,0
"2017-18","9732","Ohio State","Kelsey Mitchell",3,3,1928,2156,228,7,8,-1,0
"2017-18","9732","Ohio State","Makayla Waterman",24,4,1928,2400,472,11,17,-6,0
"2017-18","9732","Maryland","Stephanie Jones",24,6,2031,2156,125,2,0,2,0
"2017-18","9732","Ohio State","Stephanie Mavunga",1,5,2043,2226,183,0,4,-4,0
"2017-18","9732","Maryland","Ieshia Small",1,4,2156,2400,244,9,4,5,0
"2017-18","9732","Maryland","Brianna Fraser",34,6,2156,2400,244,9,4,5,0
"2017-18","9732","Ohio State","Jensen Caretti",33,2,2156,2400,244,4,9,-5,0
"2017-18","9732","Maryland","Sarah Myers",21,1,2226,2400,174,7,4,3,0
"2017-18","9732","Ohio State","Linnae Harper",15,5,2226,2400,174,4,7,-3,0
"2017-18","9732","Ohio State","Alexa Hart",22,7,2226,2400,174,4,7,-3,0
"2017-18","9732","Maryland","Aja Ellison",0,1,2281,2400,119,7,4,3,0
"2017-18","9732","Maryland","Stephanie Jones",24,7,2302,2400,98,5,4,1,0
"2017-18","9733","Maryland","Channise Lewis",3,1,0,315,315,13,13,0,1
"2017-18","9733","Maryland","Kaila Charles",5,1,0,506,506,26,21,5,1
"2017-18","9733","Maryland","Eleanna Christinaki",10,1,0,900,900,30,29,1,1
"2017-18","9733","Maryland","Kristen Confroy",12,1,0,1343,1343,47,35,12,1
"2017-18","9733","Maryland","Stephanie Jones",24,1,0,257,257,11,8,3,1
"2017-18","9733","Northwestern","Bryana Hopkins",4,1,0,419,419,16,22,-6,1
"2017-18","9733","Northwestern","Lindsey Pulliam",10,1,0,506,506,21,26,-5,1
"2017-18","9733","Northwestern","P. Kunaiyi-Akpanah",14,1,0,315,315,13,13,0,1
"2017-18","9733","Northwestern","Jordan Hamilton",24,1,0,1126,1126,31,38,-7,1
"2017-18","9733","Northwestern","Abi Scheid",44,1,0,395,395,15,22,-7,1
"2017-18","9733","Maryland","Brianna Fraser",34,1,257,600,343,15,15,0,0
"2017-18","9733","Maryland","Ieshia Small",1,1,315,506,191,13,8,5,0
"2017-18","9733","Northwestern","Oceana Hamilton",34,1,315,506,191,8,13,-5,0
"2017-18","9733","Northwestern","P. Kunaiyi-Akpanah",14,2,395,1628,1233,28,29,-1,0
"2017-18","9733","Northwestern","Byrdy Galernik",22,1,419,600,181,7,4,3,0
"2017-18","9733","Maryland","Channise Lewis",3,2,506,1530,1024,23,20,3,0
"2017-18","9733","Maryland","Stephanie Jones",24,2,506,1628,1122,25,22,3,0
"2017-18","9733","Northwestern","Bryana Hopkins",4,2,506,600,94,2,0,2,0
"2017-18","9733","Northwestern","Abbie Wolf",21,1,506,600,94,2,0,2,0
"2017-18","9733","Maryland","Kaila Charles",5,2,600,600,0,0,0,0,0
"2017-18","9733","Maryland","Brianna Fraser",34,2,600,709,109,0,2,-2,0
"2017-18","9733","Northwestern","Lindsey Pulliam",10,2,600,1628,1028,20,25,-5,0
"2017-18","9733","Northwestern","Abbie Wolf",21,2,600,900,300,6,4,2,0
"2017-18","9733","Northwestern","Byrdy Galernik",22,2,600,709,109,2,0,2,0
"2017-18","9733","Northwestern","Abi Scheid",44,2,600,600,0,0,0,0,0
"2017-18","9733","Maryland","Ieshia Small",1,2,709,1126,417,12,6,6,0
"2017-18","9733","Northwestern","Bryana Hopkins",4,3,709,1468,759,14,23,-9,0
"2017-18","9733","Maryland","Brianna Fraser",34,3,900,1030,130,4,2,2,0
"2017-18","9733","Northwestern","Oceana Hamilton",34,2,900,1126,226,2,8,-6,0
"2017-18","9733","Maryland","Aja Ellison",0,1,1030,1200,170,7,2,5,0
"2017-18","9733","Maryland","Eleanna Christinaki",10,2,1126,1438,312,9,8,1,0
"2017-18","9733","Northwestern","Abbie Wolf",21,3,1126,1200,74,2,3,-1,0
"2017-18","9733","Northwestern","Byrdy Galernik",22,3,1126,1200,74,2,3,-1,0
"2017-18","9733","Maryland","Kaila Charles",5,3,1200,1748,548,10,12,-2,0
"2017-18","9733","Northwestern","Jordan Hamilton",24,2,1200,1685,485,10,10,0,0
"2017-18","9733","Northwestern","Abi Scheid",44,3,1200,1438,238,6,6,0,0
"2017-18","9733","Maryland","Ieshia Small",1,3,1343,1800,457,5,12,-7,0
"2017-18","9733","Maryland","Kristen Confroy",12,2,1438,1748,310,4,6,-2,0
"2017-18","9733","Northwestern","Byrdy Galernik",22,4,1438,1800,362,8,5,3,0
"2017-18","9733","Northwestern","Abi Scheid",44,4,1468,2400,932,26,19,7,0
"2017-18","9733","Maryland","Eleanna Christinaki",10,3,1530,2087,557,9,15,-6,0
"2017-18","9733","Maryland","Brianna Fraser",34,4,1628,1800,172,1,4,-3,0
"2017-18","9733","Northwestern","Bryana Hopkins",4,4,1628,1864,236,6,1,5,0
"2017-18","9733","Northwestern","Abbie Wolf",21,4,1628,1800,172,4,1,3,0
"2017-18","9733","Northwestern","Lindsey Pulliam",10,3,1685,2400,715,22,17,5,0
"2017-18","9733","Maryland","Channise Lewis",3,3,1748,2329,581,12,15,-3,0
"2017-18","9733","Maryland","Stephanie Jones",24,3,1748,2174,426,9,13,-4,0
"2017-18","9733","Maryland","Kaila Charles",5,4,1800,1917,117,0,4,-4,0
"2017-18","9733","Maryland","Kristen Confroy",12,3,1800,2400,600,16,18,-2,0
"2017-18","9733","Northwestern","P. Kunaiyi-Akpanah",14,3,1800,1800,0,0,0,0,0
"2017-18","9733","Northwestern","Abbie Wolf",21,5,1800,2087,287,9,6,3,0
"2017-18","9733","Northwestern","Byrdy Galernik",22,5,1800,1926,126,5,0,5,0
"2017-18","9733","Northwestern","Jordan Hamilton",24,3,1800,1800,0,0,0,0,0
"2017-18","9733","Northwestern","P. Kunaiyi-Akpanah",14,4,1864,1917,53,2,0,2,0
"2017-18","9733","Maryland","Brianna Fraser",34,5,1917,2396,479,16,12,4,0
"2017-18","9733","Northwestern","Oceana Hamilton",34,3,1917,2087,170,5,6,-1,0
"2017-18","9733","Northwestern","Bryana Hopkins",4,5,1926,2174,248,6,8,-2,0
"2017-18","9733","Maryland","Ieshia Small",1,4,2087,2347,260,5,5,0,0
"2017-18","9733","Northwestern","P. Kunaiyi-Akpanah",14,5,2087,2218,131,4,3,1,0
"2017-18","9733","Northwestern","Jordan Hamilton",24,4,2087,2400,313,9,10,-1,0
"2017-18","9733","Maryland","Kaila Charles",5,5,2174,2400,226,8,7,1,0
"2017-18","9733","Northwestern","Byrdy Galernik",22,6,2174,2400,226,7,8,-1,0
"2017-18","9733","Northwestern","Abbie Wolf",21,6,2218,2329,111,0,2,-2,0
"2017-18","9733","Maryland","Eleanna Christinaki",10,4,2329,2400,71,5,5,0,0
"2017-18","9733","Northwestern","P. Kunaiyi-Akpanah",14,6,2329,2373,44,1,3,-2,0
"2017-18","9733","Maryland","Channise Lewis",3,4,2347,2400,53,5,4,1,0
"2017-18","9733","Maryland","Ieshia Small",1,5,2373,2400,27,2,4,-2,0
"2017-18","9733","Northwestern","Bryana Hopkins",4,6,2373,2379,6,0,0,0,0
"2017-18","9733","Northwestern","P. Kunaiyi-Akpanah",14,7,2379,2400,21,4,2,2,0
"2017-18","9733","Maryland","Stephanie Jones",24,4,2396,2400,4,0,2,-2,0
"2017-18","9734","Maryland","Channise Lewis",3,1,0,385,385,18,6,12,1
"2017-18","9734","Maryland","Kaila Charles",5,1,0,556,556,20,8,12,1
"2017-18","9734","Maryland","Eleanna Christinaki",10,1,0,840,840,32,21,11,1
"2017-18","9734","Maryland","Kristen Confroy",12,1,0,921,921,34,21,13,1
"2017-18","9734","Maryland","Stephanie Jones",24,1,0,473,473,18,8,10,1
"2017-18","9734","Rutgers","Tyler Scaife",3,1,0,147,147,2,7,-5,1
"2017-18","9734","Rutgers","Nigia Greene",11,1,0,308,308,4,16,-12,1
"2017-18","9734","Rutgers","Khadaizha Sanders",12,1,0,171,171,2,9,-7,1
"2017-18","9734","Rutgers","Stasha Carey",35,1,0,385,385,6,18,-12,1
"2017-18","9734","Rutgers","Victoria Harris",40,1,0,219,219,4,12,-8,1
"2017-18","9734","Rutgers","Jazlynd Rollins",1,1,147,600,453,8,16,-8,0
"2017-18","9734","Rutgers","Tyler Scaife",3,2,171,663,492,10,14,-4,0
"2017-18","9734","Rutgers","Caitlin Jenkins",15,1,219,600,381,6,11,-5,0
"2017-18","9734","Rutgers","Khadaizha Sanders",12,2,308,663,355,8,7,1,0
"2017-18","9734","Maryland","Ieshia Small",1,1,385,473,88,0,2,-2,0
"2017-18","9734","Rutgers","Victoria Harris",40,2,385,498,113,2,2,0,0
"2017-18","9734","Maryland","Channise Lewis",3,2,473,582,109,5,0,5,0
"2017-18","9734","Maryland","Brianna Fraser",34,1,473,600,127,5,2,3,0
"2017-18","9734","Rutgers","Jordan Wallace",44,1,498,582,84,0,3,-3,0
"2017-18","9734","Maryland","Stephanie Jones",24,2,556,840,284,12,13,-1,0
"2017-18","9734","Maryland","Sarah Myers",21,1,582,600,18,0,2,-2,0
"2017-18","9734","Rutgers","Stasha Carey",35,2,582,779,197,13,7,6,0
"2017-18","9734","Maryland","Channise Lewis",3,3,600,644,44,0,2,-2,0
"2017-18","9734","Maryland","Kaila Charles",5,2,600,600,0,0,0,0,0
"2017-18","9734","Maryland","Brianna Fraser",34,2,600,644,44,0,2,-2,0
"2017-18","9734","Rutgers","Nigia Greene",11,2,600,921,321,11,11,0,0
"2017-18","9734","Rutgers","Caitlin Jenkins",15,2,600,921,321,11,11,0,0
"2017-18","9734","Rutgers","Victoria Harris",40,3,600,600,0,0,0,0,0
"2017-18","9734","Maryland","Kaila Charles",5,3,644,1649,1005,31,28,3,0
"2017-18","9734","Maryland","Sarah Myers",21,2,644,690,46,2,1,1,0
"2017-18","9734","Rutgers","Jazlynd Rollins",1,2,663,840,177,9,9,0,0
"2017-18","9734","Rutgers","Ciani Cryor",5,1,663,972,309,9,11,-2,0
"2017-18","9734","Maryland","Channise Lewis",3,4,690,972,282,9,8,1,0
"2017-18","9734","Rutgers","Tekia Mack",31,1,779,921,142,0,4,-4,0
"2017-18","9734","Maryland","Ieshia Small",1,2,840,1200,360,9,8,1,0
"2017-18","9734","Maryland","Brianna Fraser",34,3,840,1001,161,2,2,0,0
"2017-18","9734","Rutgers","Khadaizha Sanders",12,3,840,967,127,0,2,-2,0
"2017-18","9734","Maryland","Eleanna Christinaki",10,2,921,1178,257,7,5,2,0
"2017-18","9734","Rutgers","Kathleen Fitzpatrick",10,1,921,1200,279,8,7,1,0
"2017-18","9734","Rutgers","Mael Gilles",13,1,921,1173,252,5,5,0,0
"2017-18","9734","Rutgers","Stasha Carey",35,3,921,1080,159,5,5,0,0
"2017-18","9734","Rutgers","Tyler Scaife",3,3,967,2259,1292,31,47,-16,0
"2017-18","9734","Maryland","Kristen Confroy",12,2,972,1890,918,33,23,10,0
"2017-18","9734","Rutgers","Khadaizha Sanders",12,4,972,1569,597,18,16,2,0
"2017-18","9734","Maryland","Stephanie Jones",24,3,1001,1338,337,9,8,1,0
"2017-18","9734","Rutgers","Jazlynd Rollins",1,3,1080,1200,120,3,2,1,0
"2017-18","9734","Rutgers","Nigia Greene",11,3,1173,1657,484,14,18,-4,0
"2017-18","9734","Maryland","Brianna Fraser",34,4,1178,1200,22,0,3,-3,0
"2017-18","9734","Maryland","Channise Lewis",3,5,1200,1520,320,7,8,-1,0
"2017-18","9734","Maryland","Eleanna Christinaki",10,3,1200,1773,573,19,11,8,0
"2017-18","9734","Rutgers","Jazlynd Rollins",1,4,1200,1554,354,8,9,-1,0
"2017-18","9734","Rutgers","Caitlin Jenkins",15,3,1200,1588,388,10,9,1,0
"2017-18","9734","Rutgers","Stasha Carey",35,4,1200,1200,0,0,0,0,0
"2017-18","9734","Rutgers","Victoria Harris",40,4,1200,1200,0,0,0,0,0
"2017-18","9734","Maryland","Brianna Fraser",34,5,1338,1800,462,19,9,10,0
"2017-18","9734","Maryland","Ieshia Small",1,3,1520,1800,280,14,3,11,0
"2017-18","9734","Rutgers","Ciani Cryor",5,2,1554,1800,246,3,12,-9,0
"2017-18","9734","Rutgers","Kate Hill",4,1,1569,1629,60,1,4,-3,0
"2017-18","9734","Rutgers","Stasha Carey",35,5,1588,1800,212,1,12,-11,0
"2017-18","9734","Rutgers","Khadaizha Sanders",12,5,1629,2124,495,7,26,-19,0
"2017-18","9734","Maryland","Stephanie Jones",24,4,1649,2185,536,26,10,16,0
"2017-18","9734","Rutgers","Kathleen Fitzpatrick",10,2,1657,1800,143,0,5,-5,0
"2017-18","9734","Maryland","Kaila Charles",5,4,1773,2010,237,14,4,10,0
"2017-18","9734","Maryland","Ieshia Small",1,4,1800,2400,600,26,20,6,0
"2017-18","9734","Maryland","Channise Lewis",3,6,1800,1800,0,0,0,0,0
"2017-18","9734","Maryland","Eleanna Christinaki",10,4,1800,1800,0,0,0,0,0
"2017-18","9734","Maryland","Brianna Fraser",34,6,1800,2124,324,18,7,11,0
"2017-18","9734","Rutgers","Ciani Cryor",5,3,1800,1890,90,4,5,-1,0
"2017-18","9734","Rutgers","Kathleen Fitzpatrick",10,3,1800,1911,111,4,5,-1,0
"2017-18","9734","Rutgers","Nigia Greene",11,4,1800,1800,0,0,0,0,0
"2017-18","9734","Rutgers","Caitlin Jenkins",15,4,1800,2124,324,7,18,-11,0
"2017-18","9734","Rutgers","Victoria Harris",40,5,1800,1800,0,0,0,0,0
"2017-18","9734","Maryland","Eleanna Christinaki",10,5,1890,2168,278,13,5,8,0
"2017-18","9734","Rutgers","Jazlynd Rollins",1,5,1890,1976,86,0,5,-5,0
"2017-18","9734","Rutgers","Ciani Cryor",5,4,1911,2010,99,0,7,-7,0
"2017-18","9734","Rutgers","Victoria Harris",40,6,1976,2209,233,8,8,0,0
"2017-18","9734","Maryland","Sarah Myers",21,3,2010,2400,390,14,16,-2,0
"2017-18","9734","Rutgers","Nigia Greene",11,5,2010,2167,157,5,6,-1,0
"2017-18","9734","Maryland","Aja Ellison",0,1,2124,2400,276,8,13,-5,0
"2017-18","9734","Rutgers","Jazlynd Rollins",1,6,2124,2400,276,13,8,5,0
"2017-18","9734","Rutgers","Stasha Carey",35,6,2124,2209,85,5,0,5,0
"2017-18","9734","Rutgers","Kate Hill",4,2,2167,2400,233,11,8,3,0
"2017-18","9734","Maryland","Channise Lewis",3,7,2168,2400,232,8,11,-3,0
"2017-18","9734","Maryland","Brianna Fraser",34,7,2185,2400,215,8,10,-2,0
"2017-18","9734","Rutgers","Mael Gilles",13,2,2209,2349,140,5,5,0,0
"2017-18","9734","Rutgers","Desiree Keeling",32,1,2209,2400,191,8,8,0,0
"2017-18","9734","Rutgers","Kathleen Fitzpatrick",10,4,2259,2400,141,8,7,1,0
"2017-18","9734","Rutgers","Jordan Wallace",44,2,2349,2400,51,3,3,0,0
"2017-18","9735","Maryland","Channise Lewis",3,1,0,320,320,11,8,3,1
"2017-18","9735","Maryland","Kaila Charles",5,1,0,2400,2400,64,57,7,1
"2017-18","9735","Maryland","Eleanna Christinaki",10,1,0,794,794,16,12,4,1
"2017-18","9735","Maryland","Kristen Confroy",12,1,0,430,430,11,10,1,1
"2017-18","9735","Maryland","Stephanie Jones",24,1,0,353,353,11,10,1,1
"2017-18","9735","Nebraska","Hannah Whitish",3,1,0,430,430,10,11,-1,1
"2017-18","9735","Nebraska","Nicea Eliely",5,1,0,320,320,8,11,-3,1
"2017-18","9735","Nebraska","Maddie Simon",24,1,0,430,430,10,11,-1,1
"2017-18","9735","Nebraska","Kate Cain",31,1,0,262,262,5,11,-6,1
"2017-18","9735","Nebraska","Jasmine Cincore",34,1,0,212,212,4,9,-5,1
"2017-18","9735","Maryland","Brianna Fraser",34,1,109,262,153,7,5,2,0
"2017-18","9735","Nebraska","Taylor Kissinger",33,1,212,430,218,6,2,4,0
"2017-18","9735","Nebraska","Darrien Washington",50,1,262,430,168,5,0,5,0
"2017-18","9735","Maryland","Ieshia Small",1,1,320,1092,772,13,12,1,0
"2017-18","9735","Nebraska","Janay Morton",13,1,320,600,280,2,3,-1,0
"2017-18","9735","Maryland","Brianna Fraser",34,2,353,506,153,1,0,1,0
"2017-18","9735","Maryland","Channise Lewis",3,2,430,599,169,3,0,3,0
"2017-18","9735","Nebraska","Grace Mitchell",14,1,430,439,9,0,1,-1,0
"2017-18","9735","Nebraska","Bria Stallworth",15,1,430,600,170,0,3,-3,0
"2017-18","9735","Nebraska","Jasmine Cincore",34,2,430,600,170,0,3,-3,0
"2017-18","9735","Nebraska","Rachel Blackburn",43,1,430,506,76,0,1,-1,0
"2017-18","9735","Nebraska","Nicea Eliely",5,2,439,697,258,0,4,-4,0
"2017-18","9735","Nebraska","Taylor Kissinger",33,2,439,600,161,0,2,-2,0
"2017-18","9735","Maryland","Aja Ellison",0,1,506,600,94,2,0,2,0
"2017-18","9735","Nebraska","Kate Cain",31,2,506,617,111,0,2,-2,0
"2017-18","9735","Maryland","Kristen Confroy",12,2,599,2400,1801,50,47,3,0
"2017-18","9735","Maryland","Stephanie Jones",24,2,600,617,17,0,0,0,0
"2017-18","9735","Nebraska","Hannah Whitish",3,2,600,889,289,2,4,-2,0
"2017-18","9735","Nebraska","Maddie Simon",24,2,600,1023,423,6,10,-4,0
"2017-18","9735","Nebraska","Darrien Washington",50,2,600,697,97,0,2,-2,0
"2017-18","9735","Maryland","Aja Ellison",0,2,617,928,311,6,2,4,0
"2017-18","9735","Nebraska","Grace Mitchell",14,2,697,725,28,0,0,0,0
"2017-18","9735","Nebraska","Taylor Kissinger",33,3,697,797,100,2,0,2,0
"2017-18","9735","Nebraska","Rachel Blackburn",43,2,725,1023,298,6,8,-2,0
"2017-18","9735","Nebraska","Janay Morton",13,2,797,1023,226,4,8,-4,0
"2017-18","9735","Nebraska","Taylor Kissinger",33,4,823,1200,377,10,11,-1,0
"2017-18","9735","Nebraska","Bria Stallworth",15,2,889,1023,134,4,6,-2,0
"2017-18","9735","Maryland","Eleanna Christinaki",10,2,928,1023,95,4,4,0,0
"2017-18","9735","Maryland","Aja Ellison",0,3,1023,1200,177,3,6,-3,0
"2017-18","9735","Nebraska","Hannah Whitish",3,3,1023,1657,634,18,19,-1,0
"2017-18","9735","Nebraska","Nicea Eliely",5,3,1023,1442,419,12,12,0,0
"2017-18","9735","Nebraska","Jasmine Cincore",34,3,1023,1773,750,21,23,-2,0
"2017-18","9735","Nebraska","Darrien Washington",50,3,1023,1200,177,6,3,3,0
"2017-18","9735","Maryland","Eleanna Christinaki",10,3,1092,1200,108,3,2,1,0
"2017-18","9735","Maryland","Channise Lewis",3,3,1200,1773,573,20,15,5,0
"2017-18","9735","Maryland","Stephanie Jones",24,3,1200,1442,242,9,6,3,0
"2017-18","9735","Maryland","Brianna Fraser",34,3,1200,1773,573,20,15,5,0
"2017-18","9735","Nebraska","Maddie Simon",24,3,1200,1380,180,2,7,-5,0
"2017-18","9735","Nebraska","Kate Cain",31,3,1200,1528,328,10,13,-3,0
"2017-18","9735","Nebraska","Taylor Kissinger",33,5,1380,1773,393,13,13,0,0
"2017-18","9735","Nebraska","Janay Morton",13,3,1442,1657,215,6,7,-1,0
"2017-18","9735","Nebraska","Darrien Washington",50,4,1528,1657,129,2,3,-1,0
"2017-18","9735","Nebraska","Nicea Eliely",5,4,1657,2147,490,10,12,-2,0
"2017-18","9735","Nebraska","Bria Stallworth",15,3,1657,1800,143,5,4,1,0
"2017-18","9735","Nebraska","Kate Cain",31,4,1657,1794,137,5,4,1,0
"2017-18","9735","Maryland","Aja Ellison",0,4,1773,1800,27,0,2,-2,0
"2017-18","9735","Maryland","Ieshia Small",1,2,1773,1800,27,0,2,-2,0
"2017-18","9735","Maryland","Sarah Myers",21,1,1773,1800,27,0,2,-2,0
"2017-18","9735","Nebraska","Emily Wood",12,1,1773,1800,27,2,0,2,0
"2017-18","9735","Nebraska","Maddie Simon",24,4,1773,1871,98,5,4,1,0
"2017-18","9735","Nebraska","Darrien Washington",50,5,1794,1800,6,0,0,0,0
"2017-18","9735","Maryland","Channise Lewis",3,4,1800,2400,600,17,18,-1,0
"2017-18","9735","Maryland","Eleanna Christinaki",10,4,1800,2147,347,8,5,3,0
"2017-18","9735","Maryland","Stephanie Jones",24,4,1800,1800,0,0,0,0,0
"2017-18","9735","Maryland","Brianna Fraser",34,4,1800,1881,81,4,3,1,0
"2017-18","9735","Nebraska","Hannah Whitish",3,4,1800,2147,347,5,8,-3,0
"2017-18","9735","Nebraska","Emily Wood",12,2,1800,1871,71,3,4,-1,0
"2017-18","9735","Nebraska","Kate Cain",31,5,1800,2400,600,18,17,1,0
"2017-18","9735","Nebraska","Jasmine Cincore",34,4,1800,1800,0,0,0,0,0
"2017-18","9735","Nebraska","Taylor Kissinger",33,6,1871,2276,405,7,7,0,0
"2017-18","9735","Nebraska","Jasmine Cincore",34,5,1871,2147,276,2,4,-2,0
"2017-18","9735","Maryland","Stephanie Jones",24,5,1881,1965,84,3,0,3,0
"2017-18","9735","Maryland","Brianna Fraser",34,5,1965,2015,50,0,2,-2,0
"2017-18","9735","Maryland","Aja Ellison",0,5,2015,2147,132,1,0,1,0
"2017-18","9735","Maryland","Ieshia Small",1,3,2147,2234,87,0,5,-5,0
"2017-18","9735","Maryland","Stephanie Jones",24,6,2147,2234,87,0,5,-5,0
"2017-18","9735","Nebraska","Janay Morton",13,4,2147,2298,151,7,3,4,0
"2017-18","9735","Nebraska","Bria Stallworth",15,4,2147,2374,227,10,6,4,0
"2017-18","9735","Nebraska","Maddie Simon",24,5,2147,2298,151,7,3,4,0
"2017-18","9735","Maryland","Eleanna Christinaki",10,5,2234,2374,140,6,5,1,0
"2017-18","9735","Maryland","Brianna Fraser",34,6,2234,2400,166,9,8,1,0
"2017-18","9735","Nebraska","Jasmine Cincore",34,6,2276,2400,124,8,6,2,0
"2017-18","9735","Nebraska","Hannah Whitish",3,5,2298,2400,102,6,6,0,0
"2017-18","9735","Nebraska","Taylor Kissinger",33,7,2298,2400,102,6,6,0,0
"2017-18","9735","Maryland","Ieshia Small",1,4,2374,2400,26,3,3,0,0
"2017-18","9735","Nebraska","Janay Morton",13,5,2374,2400,26,3,3,0,0
"2017-18","9736","Maryland","Channise Lewis",3,1,0,1697,1697,59,38,21,1
"2017-18","9736","Maryland","Kaila Charles",5,1,0,468,468,17,7,10,1
"2017-18","9736","Maryland","Eleanna Christinaki",10,1,0,383,383,13,7,6,1
"2017-18","9736","Maryland","Kristen Confroy",12,1,0,2203,2203,67,58,9,1
"2017-18","9736","Maryland","Stephanie Jones",24,1,0,323,323,11,4,7,1
"2017-18","9736","Michigan State","Sidney Cooks",1,1,0,323,323,4,11,-7,1
"2017-18","9736","Michigan State","Taryn McCutcheon",4,1,0,877,877,20,25,-5,1
"2017-18","9736","Michigan State","Branndais Agee",10,1,0,188,188,4,5,-1,1
"2017-18","9736","Michigan State","Nia Hollie",12,1,0,323,323,4,11,-7,1
"2017-18","9736","Michigan State","Kennedy Johnson",55,1,0,323,323,4,11,-7,1
"2017-18","9736","Michigan State","Lexi Gussert",24,1,188,417,229,3,10,-7,0
"2017-18","9736","Maryland","Brianna Fraser",34,1,323,506,183,6,3,3,0
"2017-18","9736","Michigan State","Victoria Gaines",15,1,323,600,277,11,6,5,0
"2017-18","9736","Michigan State","Taya Reimer",32,1,323,495,172,3,6,-3,0
"2017-18","9736","Michigan State","Jenna Allen",33,1,323,495,172,3,6,-3,0
"2017-18","9736","Maryland","Ieshia Small",1,1,383,468,85,4,0,4,0
"2017-18","9736","Michigan State","Branndais Agee",10,2,417,954,537,15,12,3,0
"2017-18","9736","Maryland","Eleanna Christinaki",10,2,468,704,236,2,11,-9,0
"2017-18","9736","Maryland","Stephanie Jones",24,2,468,785,317,4,11,-7,0
"2017-18","9736","Michigan State","Sidney Cooks",1,2,495,752,257,11,4,7,0
"2017-18","9736","Michigan State","Kennedy Johnson",55,2,495,951,456,15,8,7,0
"2017-18","9736","Maryland","Kaila Charles",5,2,506,877,371,8,13,-5,0
"2017-18","9736","Michigan State","Nia Hollie",12,2,600,600,0,0,0,0,0
"2017-18","9736","Michigan State","Victoria Gaines",15,2,600,877,277,5,8,-3,0
"2017-18","9736","Maryland","Ieshia Small",1,2,704,1200,496,17,11,6,0
"2017-18","9736","Michigan State","Taya Reimer",32,2,752,1102,350,9,13,-4,0
"2017-18","9736","Maryland","Eleanna Christinaki",10,3,785,1191,406,13,11,2,0
"2017-18","9736","Maryland","Stephanie Jones",24,3,877,936,59,0,2,-2,0
"2017-18","9736","Michigan State","Nia Hollie",12,3,877,1362,485,13,18,-5,0
"2017-18","9736","Michigan State","Lexi Gussert",24,2,877,951,74,2,0,2,0
"2017-18","9736","Maryland","Brianna Fraser",34,2,936,1059,123,6,2,4,0
"2017-18","9736","Michigan State","Sidney Cooks",1,3,951,1191,240,7,9,-2,0
"2017-18","9736","Michigan State","Taryn McCutcheon",4,2,951,2400,1449,46,51,-5,0
"2017-18","9736","Michigan State","Victoria Gaines",15,3,954,1200,246,7,9,-2,0
"2017-18","9736","Maryland","Stephanie Jones",24,4,1059,1452,393,21,11,10,0
"2017-18","9736","Michigan State","Kennedy Johnson",55,3,1102,1362,260,6,9,-3,0
"2017-18","9736","Maryland","Sarah Myers",21,1,1191,1200,9,2,0,2,0
"2017-18","9736","Michigan State","Taya Reimer",32,3,1191,1200,9,0,2,-2,0
"2017-18","9736","Maryland","Kaila Charles",5,3,1200,1722,522,23,10,13,0
"2017-18","9736","Maryland","Eleanna Christinaki",10,4,1200,1502,302,18,8,10,0
"2017-18","9736","Michigan State","Sidney Cooks",1,4,1200,1251,51,0,0,0,0
"2017-18","9736","Michigan State","Branndais Agee",10,3,1200,1245,45,0,0,0,0
"2017-18","9736","Michigan State","Lexi Gussert",24,3,1245,1579,334,8,18,-10,0
"2017-18","9736","Michigan State","Taya Reimer",32,4,1251,1607,356,9,18,-9,0
"2017-18","9736","Michigan State","Victoria Gaines",15,4,1362,1800,438,12,18,-6,0
"2017-18","9736","Michigan State","Jenna Allen",33,2,1362,1452,90,2,9,-7,0
"2017-18","9736","Maryland","Brianna Fraser",34,3,1452,1607,155,2,3,-1,0
"2017-18","9736","Michigan State","Kennedy Johnson",55,4,1452,1607,155,3,2,1,0
"2017-18","9736","Maryland","Ieshia Small",1,3,1502,1800,298,7,8,-1,0
"2017-18","9736","Michigan State","Branndais Agee",10,4,1579,2366,787,29,17,12,0
"2017-18","9736","Maryland","Stephanie Jones",24,5,1607,2400,793,22,30,-8,0
"2017-18","9736","Michigan State","Nia Hollie",12,4,1607,1709,102,0,5,-5,0
"2017-18","9736","Maryland","Eleanna Christinaki",10,5,1697,2230,533,9,20,-11,0
"2017-18","9736","Michigan State","Lexi Gussert",24,4,1709,1800,91,7,2,5,0
"2017-18","9736","Maryland","Sarah Myers",21,2,1722,1800,78,2,6,-4,0
"2017-18","9736","Michigan State","Taya Reimer",32,5,1797,1800,3,2,0,2,0
"2017-18","9736","Maryland","Channise Lewis",3,2,1800,2146,346,6,13,-7,0
"2017-18","9736","Maryland","Kaila Charles",5,4,1800,2400,600,15,23,-8,0
"2017-18","9736","Michigan State","Sidney Cooks",1,5,1800,1800,0,0,0,0,0
"2017-18","9736","Michigan State","Nia Hollie",12,5,1800,1800,0,0,0,0,0
"2017-18","9736","Michigan State","Victoria Gaines",15,5,1800,2366,566,21,10,11,0
"2017-18","9736","Michigan State","Lexi Gussert",24,5,1800,2400,600,23,15,8,0
"2017-18","9736","Michigan State","Taya Reimer",32,6,1800,2400,600,23,15,8,0
"2017-18","9736","Michigan State","Kennedy Johnson",55,5,1800,1800,0,0,0,0,0
"2017-18","9736","Maryland","Ieshia Small",1,4,2146,2353,207,3,5,-2,0
"2017-18","9736","Maryland","Channise Lewis",3,3,2203,2366,163,4,8,-4,0
"2017-18","9736","Maryland","Kristen Confroy",12,2,2230,2400,170,8,10,-2,0
"2017-18","9736","Maryland","Eleanna Christinaki",10,6,2353,2400,47,6,5,1,0
"2017-18","9736","Maryland","Ieshia Small",1,5,2366,2400,34,5,2,3,0
"2017-18","9736","Michigan State","Sidney Cooks",1,6,2366,2367,1,0,1,-1,0
"2017-18","9736","Michigan State","Nia Hollie",12,6,2366,2367,1,0,1,-1,0
"2017-18","9736","Michigan State","Branndais Agee",10,5,2367,2400,33,2,4,-2,0
"2017-18","9736","Michigan State","Victoria Gaines",15,6,2367,2400,33,2,4,-2,0
"2017-18","9737","Maryland","Channise Lewis",3,1,0,451,451,15,12,3,1
"2017-18","9737","Maryland","Kaila Charles",5,1,0,218,218,8,6,2,1
"2017-18","9737","Maryland","Eleanna Christinaki",10,1,0,316,316,11,10,1,1
"2017-18","9737","Maryland","Kristen Confroy",12,1,0,1691,1691,53,40,13,1
"2017-18","9737","Maryland","Stephanie Jones",24,1,0,241,241,8,6,2,1
"2017-18","9737","Rutgers","Tyler Scaife",3,1,0,588,588,16,20,-4,1
"2017-18","9737","Rutgers","Ciani Cryor",5,1,0,1150,1150,27,41,-14,1
"2017-18","9737","Rutgers","Nigia Greene",11,1,0,475,475,14,15,-1,1
"2017-18","9737","Rutgers","Stasha Carey",35,1,0,977,977,26,30,-4,1
"2017-18","9737","Rutgers","Victoria Harris",40,1,0,451,451,12,15,-3,1
"2017-18","9737","Maryland","Brianna Fraser",34,1,218,475,257,7,8,-1,0
"2017-18","9737","Maryland","Ieshia Small",1,1,241,353,112,3,4,-1,0
"2017-18","9737","Maryland","Stephanie Jones",24,2,316,759,443,15,11,4,0
"2017-18","9737","Maryland","Eleanna Christinaki",10,2,353,597,244,11,6,5,0
"2017-18","9737","Maryland","Sarah Myers",21,1,451,600,149,7,7,0,0
"2017-18","9737","Rutgers","Caitlin Jenkins",15,1,451,597,146,4,7,-3,0
"2017-18","9737","Maryland","Ieshia Small",1,2,475,600,125,7,5,2,0
"2017-18","9737","Rutgers","Jazlynd Rollins",1,1,475,600,125,5,7,-2,0
"2017-18","9737","Rutgers","Kathleen Fitzpatrick",10,1,588,600,12,3,2,1,0
"2017-18","9737","Maryland","Aja Ellison",0,1,597,600,3,0,3,-3,0
"2017-18","9737","Rutgers","Mael Gilles",13,1,597,600,3,3,0,3,0
"2017-18","9737","Maryland","Channise Lewis",3,2,600,696,96,2,0,2,0
"2017-18","9737","Maryland","Kaila Charles",5,2,600,1072,472,14,8,6,0
"2017-18","9737","Maryland","Eleanna Christinaki",10,3,600,934,334,8,4,4,0
"2017-18","9737","Rutgers","Jazlynd Rollins",1,2,600,696,96,0,2,-2,0
"2017-18","9737","Rutgers","Tyler Scaife",3,2,600,600,0,0,0,0,0
"2017-18","9737","Rutgers","Kathleen Fitzpatrick",10,2,600,1200,600,8,21,-13,0
"2017-18","9737","Rutgers","Nigia Greene",11,2,600,600,0,0,0,0,0
"2017-18","9737","Rutgers","Mael Gilles",13,2,600,696,96,0,2,-2,0
"2017-18","9737","Rutgers","Victoria Harris",40,2,600,600,0,0,0,0,0
"2017-18","9737","Maryland","Sarah Myers",21,2,696,1200,504,19,8,11,0
"2017-18","9737","Rutgers","Tyler Scaife",3,3,696,1072,376,8,12,-4,0
"2017-18","9737","Rutgers","Victoria Harris",40,3,696,1741,1045,23,29,-6,0
"2017-18","9737","Maryland","Ieshia Small",1,3,759,1200,441,17,6,11,0
"2017-18","9737","Maryland","Stephanie Jones",24,3,934,1394,460,19,9,10,0
"2017-18","9737","Rutgers","Mael Gilles",13,3,977,1200,223,1,13,-12,0
"2017-18","9737","Maryland","Brianna Fraser",34,2,1072,1200,128,7,0,7,0
"2017-18","9737","Rutgers","Jazlynd Rollins",1,3,1072,1200,128,0,7,-7,0
"2017-18","9737","Rutgers","Tyler Scaife",3,4,1150,1741,591,15,12,3,0
"2017-18","9737","Maryland","Channise Lewis",3,3,1200,1691,491,10,13,-3,0
"2017-18","9737","Maryland","Kaila Charles",5,3,1200,1493,293,8,9,-1,0
"2017-18","9737","Maryland","Eleanna Christinaki",10,4,1200,1630,430,10,11,-1,0
"2017-18","9737","Rutgers","Ciani Cryor",5,2,1200,1483,283,9,8,1,0
"2017-18","9737","Rutgers","Nigia Greene",11,3,1200,1630,430,11,10,1,0
"2017-18","9737","Rutgers","Stasha Carey",35,2,1200,1741,541,15,10,5,0
"2017-18","9737","Maryland","Brianna Fraser",34,3,1394,1691,297,4,8,-4,0
"2017-18","9737","Rutgers","Kathleen Fitzpatrick",10,3,1483,1741,258,6,2,4,0
"2017-18","9737","Maryland","Ieshia Small",1,4,1493,1643,150,2,2,0,0
"2017-18","9737","Maryland","Kaila Charles",5,4,1630,1796,166,2,6,-4,0
"2017-18","9737","Rutgers","Ciani Cryor",5,3,1630,2400,770,16,19,-3,0
"2017-18","9737","Maryland","Eleanna Christinaki",10,5,1643,1741,98,0,4,-4,0
"2017-18","9737","Maryland","Ieshia Small",1,5,1691,1723,32,0,0,0,0
"2017-18","9737","Maryland","Sarah Myers",21,3,1691,1800,109,2,4,-2,0
"2017-18","9737","Maryland","Stephanie Jones",24,4,1691,2400,709,19,14,5,0
"2017-18","9737","Maryland","Kristen Confroy",12,2,1723,2400,677,19,14,5,0
"2017-18","9737","Maryland","Ieshia Small",1,6,1741,1800,59,2,2,0,0
"2017-18","9737","Rutgers","Jazlynd Rollins",1,4,1741,1800,59,2,2,0,0
"2017-18","9737","Rutgers","Nigia Greene",11,4,1741,1896,155,2,4,-2,0
"2017-18","9737","Rutgers","Mael Gilles",13,4,1741,1800,59,2,2,0,0
"2017-18","9737","Rutgers","Caitlin Jenkins",15,2,1741,1800,59,2,2,0,0
"2017-18","9737","Maryland","Brianna Fraser",34,4,1796,1800,4,0,0,0,0
"2017-18","9737","Maryland","Ieshia Small",1,7,1800,1909,109,2,0,2,0
"2017-18","9737","Maryland","Channise Lewis",3,4,1800,2400,600,17,10,7,0
"2017-18","9737","Maryland","Kaila Charles",5,5,1800,1800,0,0,0,0,0
"2017-18","9737","Maryland","Eleanna Christinaki",10,6,1800,1800,0,0,0,0,0
"2017-18","9737","Maryland","Brianna Fraser",34,5,1800,1909,109,2,0,2,0
"2017-18","9737","Rutgers","Tyler Scaife",3,5,1800,2400,600,10,17,-7,0
"2017-18","9737","Rutgers","Caitlin Jenkins",15,3,1800,1896,96,0,2,-2,0
"2017-18","9737","Rutgers","Stasha Carey",35,3,1800,1931,131,0,2,-2,0
"2017-18","9737","Rutgers","Victoria Harris",40,4,1800,1800,0,0,0,0,0
"2017-18","9737","Rutgers","Jazlynd Rollins",1,5,1896,1994,98,2,0,2,0
"2017-18","9737","Rutgers","Victoria Harris",40,5,1896,2337,441,10,13,-3,0
"2017-18","9737","Maryland","Kaila Charles",5,6,1909,1994,85,0,2,-2,0
"2017-18","9737","Maryland","Eleanna Christinaki",10,7,1909,2400,491,15,10,5,0
"2017-18","9737","Rutgers","Mael Gilles",13,5,1931,1994,63,2,0,2,0
"2017-18","9737","Maryland","Ieshia Small",1,8,1994,2085,91,5,2,3,0
"2017-18","9737","Rutgers","Nigia Greene",11,5,1994,2400,406,8,15,-7,0
"2017-18","9737","Rutgers","Stasha Carey",35,4,1994,2200,206,6,5,1,0
"2017-18","9737","Maryland","Kaila Charles",5,7,2085,2400,315,10,6,4,0
"2017-18","9737","Rutgers","Mael Gilles",13,6,2200,2254,54,2,5,-3,0
"2017-18","9737","Rutgers","Stasha Carey",35,5,2254,2273,19,0,0,0,0
"2017-18","9737","Rutgers","Mael Gilles",13,7,2273,2293,20,0,0,0,0
"2017-18","9737","Rutgers","Stasha Carey",35,6,2293,2400,107,0,5,-5,0
"2017-18","9737","Rutgers","Kathleen Fitzpatrick",10,4,2337,2400,63,0,2,-2,0
"2017-18","9738","Maryland","Channise Lewis",3,1,0,266,266,8,10,-2,1
"2017-18","9738","Maryland","Kaila Charles",5,1,0,411,411,13,14,-1,1
"2017-18","9738","Maryland","Eleanna Christinaki",10,1,0,722,722,18,23,-5,1
"2017-18","9738","Maryland","Kristen Confroy",12,1,0,2400,2400,65,75,-10,1
"2017-18","9738","Maryland","Stephanie Jones",24,1,0,165,165,4,5,-1,1
"2017-18","9738","Purdue","Karissa McLaughlin",1,1,0,2400,2400,75,65,10,1
"2017-18","9738","Purdue","Andreona Keys",10,1,0,2400,2400,75,65,10,1
"2017-18","9738","Purdue","Dominique Oden",11,1,0,980,980,25,28,-3,1
"2017-18","9738","Purdue","Nora Kiesler",12,1,0,236,236,7,8,-1,1
"2017-18","9738","Purdue","Ae'Rianna Harris",32,1,0,903,903,25,26,-1,1
"2017-18","9738","Maryland","Brianna Fraser",34,1,165,553,388,13,13,0,0
"2017-18","9738","Purdue","Tamara Farquhar",25,1,236,600,364,13,9,4,0
"2017-18","9738","Maryland","Ieshia Small",1,1,266,600,334,9,10,-1,0
"2017-18","9738","Maryland","Stephanie Jones",24,2,411,868,457,13,11,2,0
"2017-18","9738","Maryland","Channise Lewis",3,2,553,980,427,11,7,4,0
"2017-18","9738","Maryland","Kaila Charles",5,2,600,1165,565,15,9,6,0
"2017-18","9738","Purdue","Nora Kiesler",12,2,600,600,0,0,0,0,0
"2017-18","9738","Purdue","Tamara Farquhar",25,2,600,821,221,5,6,-1,0
"2017-18","9738","Maryland","Ieshia Small",1,2,722,821,99,5,2,3,0
"2017-18","9738","Maryland","Eleanna Christinaki",10,2,821,1497,676,22,10,12,0
"2017-18","9738","Purdue","Nora Kiesler",12,3,821,980,159,0,5,-5,0
"2017-18","9738","Maryland","Brianna Fraser",34,2,868,1200,332,8,4,4,0
"2017-18","9738","Purdue","Tamara Farquhar",25,3,903,1200,297,4,8,-4,0
"2017-18","9738","Maryland","Sarah Myers",21,1,980,1200,220,6,4,2,0
"2017-18","9738","Purdue","Miracle Gray",5,1,980,1200,220,4,6,-2,0
"2017-18","9738","Purdue","Ae'Rianna Harris",32,2,980,2400,1420,50,37,13,0
"2017-18","9738","Maryland","Stephanie Jones",24,3,1165,1561,396,13,12,1,0
"2017-18","9738","Maryland","Channise Lewis",3,3,1200,1497,297,11,6,5,0
"2017-18","9738","Maryland","Kaila Charles",5,3,1200,1333,133,6,2,4,0
"2017-18","9738","Purdue","Dominique Oden",11,2,1200,2400,1200,46,31,15,0
"2017-18","9738","Purdue","Nora Kiesler",12,4,1200,1497,297,6,11,-5,0
"2017-18","9738","Maryland","Brianna Fraser",34,3,1333,1698,365,7,14,-7,0
"2017-18","9738","Maryland","Ieshia Small",1,3,1497,1800,303,5,14,-9,0
"2017-18","9738","Maryland","Sarah Myers",21,2,1497,1561,64,0,6,-6,0
"2017-18","9738","Purdue","Tamara Farquhar",25,4,1497,1800,303,14,5,9,0
"2017-18","9738","Maryland","Channise Lewis",3,4,1561,1698,137,2,4,-2,0
"2017-18","9738","Maryland","Eleanna Christinaki",10,3,1561,2400,839,20,34,-14,0
"2017-18","9738","Maryland","Kaila Charles",5,4,1698,1765,67,3,4,-1,0
"2017-18","9738","Maryland","Stephanie Jones",24,4,1698,2400,702,18,30,-12,0
"2017-18","9738","Maryland","Aja Ellison",0,1,1765,1800,35,0,0,0,0
"2017-18","9738","Maryland","Channise Lewis",3,5,1800,2346,546,15,21,-6,0
"2017-18","9738","Maryland","Kaila Charles",5,5,1800,2400,600,15,26,-11,0
"2017-18","9738","Purdue","Nora Kiesler",12,5,1800,1800,0,0,0,0,0
"2017-18","9738","Purdue","Tamara Farquhar",25,5,1800,2364,564,21,15,6,0
"2017-18","9738","Maryland","Ieshia Small",1,4,2346,2400,54,0,5,-5,0
"2017-18","9738","Purdue","Nora Kiesler",12,6,2364,2367,3,2,0,2,0
"2017-18","9738","Purdue","Tamara Farquhar",25,6,2367,2400,33,3,0,3,0
"2017-18","9739","Maryland","Channise Lewis",3,1,0,785,785,26,37,-11,1
"2017-18","9739","Maryland","Kaila Charles",5,1,0,301,301,15,15,0,1
"2017-18","9739","Maryland","Eleanna Christinaki",10,1,0,216,216,10,10,0,1
"2017-18","9739","Maryland","Kristen Confroy",12,1,0,513,513,19,22,-3,1
"2017-18","9739","Maryland","Stephanie Jones",24,1,0,103,103,5,3,2,1
"2017-18","9739","Minnesota","Destiny Pitts",3,1,0,573,573,24,19,5,1
"2017-18","9739","Minnesota","Bryanna Fernstrom",14,1,0,103,103,3,5,-2,1
"2017-18","9739","Minnesota","Kenisha Bell",23,1,0,569,569,24,19,5,1
"2017-18","9739","Minnesota","Carlie Wagner",33,1,0,2298,2298,91,68,23,1
"2017-18","9739","Minnesota","Gadiva Hubbard",34,1,0,2400,2400,93,74,19,1
"2017-18","9739","Maryland","Brianna Fraser",34,1,103,105,2,0,0,0,0
"2017-18","9739","Minnesota","Taiye Bello",5,1,103,217,114,7,7,0,0
"2017-18","9739","Maryland","Stephanie Jones",24,2,105,301,196,10,12,-2,0
"2017-18","9739","Maryland","Ieshia Small",1,1,216,350,134,5,6,-1,0
"2017-18","9739","Minnesota","Jessie Edwards",10,1,217,513,296,12,7,5,0
"2017-18","9739","Maryland","Eleanna Christinaki",10,2,301,843,542,14,24,-10,0
"2017-18","9739","Maryland","Brianna Fraser",34,2,301,350,49,0,1,-1,0
"2017-18","9739","Maryland","Kaila Charles",5,2,350,785,435,11,21,-10,0
"2017-18","9739","Maryland","Stephanie Jones",24,3,350,408,58,0,2,-2,0
"2017-18","9739","Maryland","Ieshia Small",1,2,408,600,192,4,6,-2,0
"2017-18","9739","Maryland","Sarah Myers",21,1,513,600,87,0,2,-2,0
"2017-18","9739","Minnesota","Bryanna Fernstrom",14,2,513,843,330,17,10,7,0
"2017-18","9739","Minnesota","Jasmine Brunson",21,1,569,600,31,0,0,0,0
"2017-18","9739","Minnesota","Palma Kaposi",25,1,573,600,27,0,0,0,0
"2017-18","9739","Maryland","Ieshia Small",1,3,600,1200,600,20,29,-9,0
"2017-18","9739","Maryland","Kristen Confroy",12,2,600,2400,1800,55,69,-14,0
"2017-18","9739","Maryland","Stephanie Jones",24,4,600,919,319,13,18,-5,0
"2017-18","9739","Minnesota","Destiny Pitts",3,2,600,843,243,15,10,5,0
"2017-18","9739","Minnesota","Jessie Edwards",10,2,600,829,229,15,7,8,0
"2017-18","9739","Minnesota","Kenisha Bell",23,2,600,1484,884,42,29,13,0
"2017-18","9739","Maryland","Sarah Myers",21,2,785,1200,415,13,16,-3,0
"2017-18","9739","Maryland","Kaila Charles",5,3,843,1109,266,10,12,-2,0
"2017-18","9739","Minnesota","Jessie Edwards",10,3,843,854,11,0,3,-3,0
"2017-18","9739","Minnesota","Palma Kaposi",25,2,843,865,22,0,3,-3,0
"2017-18","9739","Minnesota","Bryanna Fernstrom",14,3,854,919,65,3,0,3,0
"2017-18","9739","Minnesota","Destiny Pitts",3,3,865,1833,968,40,26,14,0
"2017-18","9739","Maryland","Eleanna Christinaki",10,3,919,1583,664,16,30,-14,0
"2017-18","9739","Minnesota","Jessie Edwards",10,4,919,1200,281,11,7,4,0
"2017-18","9739","Maryland","Stephanie Jones",24,5,1109,1146,37,0,2,-2,0
"2017-18","9739","Maryland","Kaila Charles",5,4,1146,2400,1254,35,40,-5,0
"2017-18","9739","Maryland","Channise Lewis",3,2,1200,1320,120,4,5,-1,0
"2017-18","9739","Maryland","Stephanie Jones",24,6,1200,1464,264,8,13,-5,0
"2017-18","9739","Maryland","Brianna Fraser",34,3,1200,1350,150,4,8,-4,0
"2017-18","9739","Minnesota","Jessie Edwards",10,5,1200,1464,264,13,8,5,0
"2017-18","9739","Minnesota","Bryanna Fernstrom",14,4,1200,2400,1200,40,35,5,0
"2017-18","9739","Maryland","Sarah Myers",21,3,1320,1800,480,11,21,-10,0
"2017-18","9739","Maryland","Ieshia Small",1,4,1464,2400,936,27,27,0,0
"2017-18","9739","Minnesota","Taiye Bello",5,2,1464,1510,46,0,1,-1,0
"2017-18","9739","Minnesota","Jasmine Brunson",21,2,1484,1510,26,0,0,0,0
"2017-18","9739","Minnesota","Jessie Edwards",10,6,1510,1686,176,11,2,9,0
"2017-18","9739","Minnesota","Kenisha Bell",23,3,1510,1742,232,13,4,9,0
"2017-18","9739","Maryland","Brianna Fraser",34,4,1583,1742,159,4,7,-3,0
"2017-18","9739","Maryland","Stephanie Jones",24,7,1742,2196,454,12,12,0,0
"2017-18","9739","Minnesota","Jasmine Brunson",21,3,1742,1800,58,0,2,-2,0
"2017-18","9739","Maryland","Eleanna Christinaki",10,4,1800,2400,600,20,14,6,0
"2017-18","9739","Maryland","Sarah Myers",21,4,1800,2134,334,10,8,2,0
"2017-18","9739","Minnesota","Jessie Edwards",10,7,1800,2196,396,12,10,2,0
"2017-18","9739","Minnesota","Kenisha Bell",23,4,1800,2196,396,12,10,2,0
"2017-18","9739","Minnesota","Taiye Bello",5,3,1833,1945,112,2,4,-2,0
"2017-18","9739","Minnesota","Destiny Pitts",3,4,1945,2275,330,10,4,6,0
"2017-18","9739","Maryland","Brianna Fraser",34,5,2196,2400,204,10,2,8,0
"2017-18","9739","Minnesota","Taiye Bello",5,4,2196,2275,79,0,2,-2,0
"2017-18","9739","Minnesota","Jasmine Brunson",21,4,2196,2400,204,2,10,-8,0
"2017-18","9739","Minnesota","Palma Kaposi",25,3,2275,2298,23,0,2,-2,0
"2017-18","9739","Minnesota","Annalese Lamke",41,1,2275,2400,125,2,8,-6,0
"2017-18","9739","Minnesota","Kehinde Bello",20,1,2298,2400,102,2,6,-4,0
"2017-18","9739","Minnesota","Irene Garrido",31,1,2298,2400,102,2,6,-4,0
"2017-18","9740","Maryland","Channise Lewis",3,1,0,740,740,18,25,-7,1
"2017-18","9740","Maryland","Kaila Charles",5,1,0,2400,2400,65,71,-6,1
"2017-18","9740","Maryland","Eleanna Christinaki",10,1,0,36,36,0,0,0,1
"2017-18","9740","Maryland","Kristen Confroy",12,1,0,157,157,2,6,-4,1
"2017-18","9740","Maryland","Stephanie Jones",24,1,0,104,104,2,3,-1,1
"2017-18","9740","Michigan","Katelynn Flaherty",3,1,0,2395,2395,71,65,6,1
"2017-18","9740","Michigan","Nicole Munger",10,1,0,392,392,15,10,5,1
"2017-18","9740","Michigan","Jillian Dunston",11,1,0,492,492,17,10,7,1
"2017-18","9740","Michigan","Deja Church",20,1,0,271,271,11,6,5,1
"2017-18","9740","Michigan","Hallie Thome",30,1,0,392,392,15,10,5,1
"2017-18","9740","Maryland","Ieshia Small",1,1,36,195,159,4,8,-4,0
"2017-18","9740","Maryland","Brianna Fraser",34,1,104,195,91,2,5,-3,0
"2017-18","9740","Maryland","Eleanna Christinaki",10,2,157,291,134,4,5,-1,0
"2017-18","9740","Maryland","Kristen Confroy",12,2,195,562,367,6,13,-7,0
"2017-18","9740","Maryland","Stephanie Jones",24,2,195,271,76,2,3,-1,0
"2017-18","9740","Maryland","Brianna Fraser",34,2,271,392,121,4,4,0,0
"2017-18","9740","Michigan","Kayla Robbins",5,1,271,562,291,10,4,6,0
"2017-18","9740","Maryland","Ieshia Small",1,2,291,492,201,4,6,-2,0
"2017-18","9740","Maryland","Stephanie Jones",24,3,392,596,204,2,6,-4,0
"2017-18","9740","Michigan","Akienreh Johnson",14,1,392,562,170,6,0,6,0
"2017-18","9740","Michigan","KeAsja Peace",22,1,392,562,170,6,0,6,0
"2017-18","9740","Maryland","Eleanna Christinaki",10,3,492,628,136,2,6,-4,0
"2017-18","9740","Michigan","Deja Church",20,2,492,846,354,13,10,3,0
"2017-18","9740","Maryland","Ieshia Small",1,3,562,600,38,2,0,2,0
"2017-18","9740","Michigan","Nicole Munger",10,2,562,740,178,4,8,-4,0
"2017-18","9740","Michigan","Jillian Dunston",11,2,562,1619,1057,25,33,-8,0
"2017-18","9740","Michigan","Hallie Thome",30,2,562,846,284,9,10,-1,0
"2017-18","9740","Maryland","Aja Ellison",0,1,596,600,4,0,0,0,0
"2017-18","9740","Maryland","Aja Ellison",0,2,600,1200,600,21,14,7,0
"2017-18","9740","Maryland","Ieshia Small",1,4,600,846,246,8,9,-1,0
"2017-18","9740","Maryland","Kristen Confroy",12,3,600,2400,1800,53,50,3,0
"2017-18","9740","Maryland","Stephanie Jones",24,4,600,740,140,6,4,2,0
"2017-18","9740","Maryland","Sarah Myers",21,1,740,1200,460,15,10,5,0
"2017-18","9740","Maryland","Brianna Fraser",34,3,740,930,190,6,7,-1,0
"2017-18","9740","Michigan","Akienreh Johnson",14,2,740,1011,271,7,10,-3,0
"2017-18","9740","Maryland","Stephanie Jones",24,5,846,1445,599,18,12,6,0
"2017-18","9740","Michigan","Kayla Robbins",5,2,846,930,84,2,4,-2,0
"2017-18","9740","Michigan","Nicole Munger",10,3,846,1619,773,16,23,-7,0
"2017-18","9740","Maryland","Ieshia Small",1,5,930,1200,270,9,3,6,0
"2017-18","9740","Michigan","KeAsja Peace",22,2,930,1011,81,0,4,-4,0
"2017-18","9740","Michigan","Deja Church",20,3,1011,1111,100,3,3,0,0
"2017-18","9740","Michigan","Hallie Thome",30,3,1011,1071,60,0,3,-3,0
"2017-18","9740","Michigan","Kayla Robbins",5,3,1071,1200,129,3,2,1,0
"2017-18","9740","Michigan","Akienreh Johnson",14,3,1111,1200,89,0,2,-2,0
"2017-18","9740","Maryland","Channise Lewis",3,2,1200,1499,299,7,7,0,0
"2017-18","9740","Maryland","Eleanna Christinaki",10,4,1200,1499,299,7,7,0,0
"2017-18","9740","Michigan","Deja Church",20,4,1200,1445,245,7,5,2,0
"2017-18","9740","Michigan","Hallie Thome",30,4,1200,1705,505,15,12,3,0
"2017-18","9740","Maryland","Brianna Fraser",34,4,1445,1705,260,7,8,-1,0
"2017-18","9740","Michigan","Akienreh Johnson",14,4,1445,1800,355,8,9,-1,0
"2017-18","9740","Maryland","Ieshia Small",1,6,1499,1528,29,0,2,-2,0
"2017-18","9740","Maryland","Sarah Myers",21,2,1499,2400,901,25,29,-4,0
"2017-18","9740","Maryland","Eleanna Christinaki",10,5,1528,1705,177,5,6,-1,0
"2017-18","9740","Michigan","Kayla Robbins",5,4,1619,1658,39,0,2,-2,0
"2017-18","9740","Michigan","Deja Church",20,5,1619,1658,39,0,2,-2,0
"2017-18","9740","Michigan","Nicole Munger",10,4,1658,2400,742,25,20,5,0
"2017-18","9740","Michigan","Jillian Dunston",11,3,1658,2395,737,25,20,5,0
"2017-18","9740","Maryland","Ieshia Small",1,7,1705,2122,417,12,8,4,0
"2017-18","9740","Maryland","Stephanie Jones",24,6,1705,2389,684,20,20,0,0
"2017-18","9740","Michigan","Kayla Robbins",5,5,1705,1800,95,0,2,-2,0
"2017-18","9740","Michigan","Deja Church",20,6,1800,1983,183,6,4,2,0
"2017-18","9740","Michigan","Hallie Thome",30,5,1800,2014,214,6,4,2,0
"2017-18","9740","Michigan","Akienreh Johnson",14,5,1983,2400,417,15,14,1,0
"2017-18","9740","Michigan","Kayla Robbins",5,6,2014,2151,137,2,6,-4,0
"2017-18","9740","Maryland","Brianna Fraser",34,5,2122,2400,278,8,13,-5,0
"2017-18","9740","Michigan","Hallie Thome",30,6,2151,2400,249,13,8,5,0
"2017-18","9740","Michigan","Kayla Robbins",5,7,2395,2400,5,0,0,0,0
"2017-18","9740","Michigan","Deja Church",20,7,2395,2400,5,0,0,0,0
"2017-18","9741","Maryland","Channise Lewis",3,1,0,256,256,13,6,7,1
"2017-18","9741","Maryland","Kaila Charles",5,1,0,458,458,20,15,5,1
"2017-18","9741","Maryland","Eleanna Christinaki",10,1,0,362,362,18,10,8,1
"2017-18","9741","Maryland","Kristen Confroy",12,1,0,582,582,22,17,5,1
"2017-18","9741","Maryland","Stephanie Jones",24,1,0,362,362,18,10,8,1
"2017-18","9741","Nebraska","Hannah Whitish",3,1,0,256,256,6,13,-7,1
"2017-18","9741","Nebraska","Nicea Eliely",5,1,0,362,362,10,18,-8,1
"2017-18","9741","Nebraska","Maddie Simon",24,1,0,362,362,10,18,-8,1
"2017-18","9741","Nebraska","Kate Cain",31,1,0,256,256,6,13,-7,1
"2017-18","9741","Nebraska","Jasmine Cincore",34,1,0,256,256,6,13,-7,1
"2017-18","9741","Maryland","Ieshia Small",1,1,256,600,344,9,11,-2,0
"2017-18","9741","Nebraska","Emily Wood",12,1,256,362,106,4,5,-1,0
"2017-18","9741","Nebraska","Taylor Kissinger",33,1,256,510,254,9,9,0,0
"2017-18","9741","Nebraska","Rachel Blackburn",43,1,256,458,202,9,7,2,0
"2017-18","9741","Maryland","Sarah Myers",21,1,362,458,96,2,5,-3,0
"2017-18","9741","Maryland","Brianna Fraser",34,1,362,538,176,4,5,-1,0
"2017-18","9741","Nebraska","Hannah Whitish",3,2,362,849,487,13,12,1,0
"2017-18","9741","Nebraska","Janay Morton",13,1,362,600,238,7,4,3,0
"2017-18","9741","Nebraska","Jasmine Cincore",34,2,362,510,148,5,4,1,0
"2017-18","9741","Maryland","Channise Lewis",3,2,458,701,243,5,4,1,0
"2017-18","9741","Maryland","Eleanna Christinaki",10,2,458,849,391,10,8,2,0
"2017-18","9741","Nebraska","Kate Cain",31,2,458,510,52,0,2,-2,0
"2017-18","9741","Nebraska","Nicea Eliely",5,2,510,1022,512,11,15,-4,0
"2017-18","9741","Nebraska","Grace Mitchell",14,1,510,600,90,2,0,2,0
"2017-18","9741","Nebraska","Rachel Blackburn",43,2,510,600,90,2,0,2,0
"2017-18","9741","Maryland","Kaila Charles",5,2,538,2400,1862,55,60,-5,0
"2017-18","9741","Maryland","Stephanie Jones",24,2,582,849,267,8,6,2,0
"2017-18","9741","Maryland","Kristen Confroy",12,2,600,1022,422,15,9,6,0
"2017-18","9741","Nebraska","Maddie Simon",24,2,600,892,292,6,12,-6,0
"2017-18","9741","Nebraska","Kate Cain",31,3,600,600,0,0,0,0,0
"2017-18","9741","Nebraska","Jasmine Cincore",34,3,600,701,101,2,3,-1,0
"2017-18","9741","Nebraska","Rachel Blackburn",43,3,600,769,169,4,5,-1,0
"2017-18","9741","Maryland","Sarah Myers",21,2,701,1155,454,17,17,0,0
"2017-18","9741","Nebraska","Janay Morton",13,2,701,1111,410,14,17,-3,0
"2017-18","9741","Nebraska","Grace Mitchell",14,2,769,892,123,2,7,-5,0
"2017-18","9741","Maryland","Ieshia Small",1,2,849,1200,351,14,13,1,0
"2017-18","9741","Maryland","Brianna Fraser",34,2,849,1022,173,7,3,4,0
"2017-18","9741","Nebraska","Emily Wood",12,2,849,924,75,0,7,-7,0
"2017-18","9741","Nebraska","Kate Cain",31,4,892,924,32,0,3,-3,0
"2017-18","9741","Nebraska","Jasmine Cincore",34,4,892,1022,130,3,3,0,0
"2017-18","9741","Nebraska","Hannah Whitish",3,3,924,2077,1153,39,32,7,0
"2017-18","9741","Nebraska","Rachel Blackburn",43,4,924,1111,187,10,5,5,0
"2017-18","9741","Maryland","Eleanna Christinaki",10,3,1022,1124,102,5,7,-2,0
"2017-18","9741","Maryland","Stephanie Jones",24,3,1022,1513,491,22,19,3,0
"2017-18","9741","Nebraska","Emily Wood",12,3,1022,1200,178,10,7,3,0
"2017-18","9741","Nebraska","Maddie Simon",24,3,1022,1379,357,16,15,1,0
"2017-18","9741","Nebraska","Nicea Eliely",5,3,1111,1468,357,12,13,-1,0
"2017-18","9741","Nebraska","Grace Mitchell",14,3,1111,1200,89,3,2,1,0
"2017-18","9741","Maryland","Kristen Confroy",12,3,1124,1717,593,20,22,-2,0
"2017-18","9741","Maryland","Channise Lewis",3,3,1155,1379,224,10,6,4,0
"2017-18","9741","Maryland","Eleanna Christinaki",10,4,1200,1626,426,18,15,3,0
"2017-18","9741","Nebraska","Kate Cain",31,5,1200,1343,143,6,5,1,0
"2017-18","9741","Nebraska","Jasmine Cincore",34,5,1200,1569,369,12,17,-5,0
"2017-18","9741","Nebraska","Rachel Blackburn",43,5,1343,1468,125,3,6,-3,0
"2017-18","9741","Maryland","Ieshia Small",1,3,1379,1800,421,12,17,-5,0
"2017-18","9741","Nebraska","Janay Morton",13,3,1379,1626,247,9,10,-1,0
"2017-18","9741","Nebraska","Emily Wood",12,4,1468,1717,249,10,7,3,0
"2017-18","9741","Nebraska","Kate Cain",31,6,1468,1740,272,10,7,3,0
"2017-18","9741","Maryland","Brianna Fraser",34,3,1513,1800,287,5,14,-9,0
"2017-18","9741","Nebraska","Maddie Simon",24,4,1569,1717,148,7,1,6,0
"2017-18","9741","Maryland","Channise Lewis",3,4,1626,2077,451,7,11,-4,0
"2017-18","9741","Nebraska","Nicea Eliely",5,4,1626,1973,347,8,7,1,0
"2017-18","9741","Maryland","Stephanie Jones",24,4,1717,1800,83,2,4,-2,0
"2017-18","9741","Nebraska","Janay Morton",13,4,1717,1800,83,4,2,2,0
"2017-18","9741","Nebraska","Jasmine Cincore",34,6,1717,1752,35,2,0,2,0
"2017-18","9741","Nebraska","Rachel Blackburn",43,6,1740,1800,60,4,2,2,0
"2017-18","9741","Nebraska","Maddie Simon",24,5,1752,1957,205,2,7,-5,0
"2017-18","9741","Maryland","Eleanna Christinaki",10,5,1800,2259,459,7,11,-4,0
"2017-18","9741","Maryland","Kristen Confroy",12,4,1800,2077,277,5,3,2,0
"2017-18","9741","Maryland","Brianna Fraser",34,4,1800,1957,157,5,0,5,0
"2017-18","9741","Nebraska","Janay Morton",13,5,1800,2077,277,3,5,-2,0
"2017-18","9741","Nebraska","Kate Cain",31,7,1800,1800,0,0,0,0,0
"2017-18","9741","Nebraska","Jasmine Cincore",34,7,1800,1800,0,0,0,0,0
"2017-18","9741","Nebraska","Rachel Blackburn",43,7,1800,1957,157,0,5,-5,0
"2017-18","9741","Maryland","Stephanie Jones",24,5,1957,2400,443,8,16,-8,0
"2017-18","9741","Nebraska","Kate Cain",31,8,1957,2374,417,16,7,9,0
"2017-18","9741","Nebraska","Jasmine Cincore",34,8,1957,2400,443,16,8,8,0
"2017-18","9741","Nebraska","Emily Wood",12,5,1973,2153,180,8,2,6,0
"2017-18","9741","Maryland","Ieshia Small",1,4,2077,2400,323,8,13,-5,0
"2017-18","9741","Maryland","Brianna Fraser",34,5,2077,2400,323,8,13,-5,0
"2017-18","9741","Nebraska","Nicea Eliely",5,5,2077,2387,310,13,8,5,0
"2017-18","9741","Nebraska","Maddie Simon",24,6,2077,2400,323,13,8,5,0
"2017-18","9741","Nebraska","Hannah Whitish",3,4,2153,2400,247,8,6,2,0
"2017-18","9741","Maryland","Kristen Confroy",12,5,2259,2400,141,6,5,1,0
"2017-18","9741","Nebraska","Rachel Blackburn",43,8,2374,2387,13,0,1,-1,0
"2017-18","9741","Nebraska","Janay Morton",13,6,2387,2400,13,0,0,0,0
"2017-18","9741","Nebraska","Grace Mitchell",14,4,2387,2400,13,0,0,0,0
"2017-18","9741","Nebraska","Kate Cain",31,9,2387,2400,13,0,0,0,0
"2017-18","9742","Indiana","Bendu Yeaney",1,1,0,385,385,8,7,1,1
"2017-18","9742","Indiana","Tyra Buss",3,1,0,598,598,12,13,-1,1
"2017-18","9742","Indiana","Kym Royster",11,1,0,240,240,4,5,-1,1
"2017-18","9742","Indiana","Jaelynn Penn",13,1,0,299,299,6,7,-1,1
"2017-18","9742","Indiana","Amanda Cahill",33,1,0,335,335,8,7,1,1
"2017-18","9742","Maryland","Channise Lewis",3,1,0,511,511,9,12,-3,1
"2017-18","9742","Maryland","Kaila Charles",5,1,0,1871,1871,50,42,8,1
"2017-18","9742","Maryland","Eleanna Christinaki",10,1,0,299,299,7,6,1,1
"2017-18","9742","Maryland","Kristen Confroy",12,1,0,511,511,9,12,-3,1
"2017-18","9742","Maryland","Stephanie Jones",24,1,0,299,299,7,6,1,1
"2017-18","9742","Indiana","Linsey Marchese",12,1,240,335,95,4,2,2,0
"2017-18","9742","Indiana","Keyanna Warthen",2,1,299,560,261,6,4,2,0
"2017-18","9742","Maryland","Ieshia Small",1,1,299,600,301,6,6,0,0
"2017-18","9742","Maryland","Brianna Fraser",34,1,299,311,12,0,0,0,0
"2017-18","9742","Maryland","Stephanie Jones",24,2,311,335,24,0,2,-2,0
"2017-18","9742","Indiana","Kym Royster",11,2,335,922,587,10,12,-2,0
"2017-18","9742","Indiana","Bre Wickware",31,1,335,400,65,0,0,0,0
"2017-18","9742","Maryland","Eleanna Christinaki",10,2,335,841,506,10,8,2,0
"2017-18","9742","Indiana","Jaelynn Penn",13,2,385,1484,1099,28,30,-2,0
"2017-18","9742","Indiana","Amanda Cahill",33,2,400,841,441,8,10,-2,0
"2017-18","9742","Maryland","Sarah Myers",21,1,511,600,89,4,0,4,0
"2017-18","9742","Maryland","Brianna Fraser",34,2,511,600,89,4,0,4,0
"2017-18","9742","Indiana","Bendu Yeaney",1,2,560,1451,891,24,24,0,0
"2017-18","9742","Indiana","Keyanna Warthen",2,2,598,600,2,0,0,0,0
"2017-18","9742","Indiana","Tyra Buss",3,2,600,2307,1707,39,45,-6,0
"2017-18","9742","Maryland","Channise Lewis",3,2,600,841,241,4,4,0,0
"2017-18","9742","Maryland","Kristen Confroy",12,2,600,2400,1800,54,42,12,0
"2017-18","9742","Maryland","Stephanie Jones",24,3,600,600,0,0,0,0,0
"2017-18","9742","Maryland","Brianna Fraser",34,3,600,841,241,4,4,0,0
"2017-18","9742","Indiana","Bre Wickware",31,2,841,922,81,2,2,0,0
"2017-18","9742","Maryland","Ieshia Small",1,2,841,1116,275,10,9,1,0
"2017-18","9742","Maryland","Sarah Myers",21,2,841,997,156,4,2,2,0
"2017-18","9742","Maryland","Stephanie Jones",24,4,841,1174,333,12,11,1,0
"2017-18","9742","Indiana","Linsey Marchese",12,2,922,1116,194,7,8,-1,0
"2017-18","9742","Indiana","Amanda Cahill",33,3,922,1116,194,7,8,-1,0
"2017-18","9742","Maryland","Brianna Fraser",34,4,997,1200,203,8,9,-1,0
"2017-18","9742","Indiana","Kym Royster",11,3,1116,1409,293,9,8,1,0
"2017-18","9742","Indiana","Bre Wickware",31,3,1116,1200,84,2,2,0,0
"2017-18","9742","Maryland","Eleanna Christinaki",10,3,1116,1561,445,12,13,-1,0
"2017-18","9742","Maryland","Aja Ellison",0,1,1174,1200,26,0,0,0,0
"2017-18","9742","Indiana","Amanda Cahill",33,4,1200,2335,1135,27,31,-4,0
"2017-18","9742","Maryland","Channise Lewis",3,3,1200,2400,1200,38,27,11,0
"2017-18","9742","Maryland","Stephanie Jones",24,5,1200,1398,198,4,7,-3,0
"2017-18","9742","Maryland","Brianna Fraser",34,5,1398,1800,402,15,6,9,0
"2017-18","9742","Indiana","Linsey Marchese",12,3,1409,1484,75,2,2,0,0
"2017-18","9742","Indiana","Keyanna Warthen",2,3,1451,1561,110,2,4,-2,0
"2017-18","9742","Indiana","Bendu Yeaney",1,3,1484,2400,916,18,30,-12,0
"2017-18","9742","Indiana","Kym Royster",11,4,1484,1641,157,4,6,-2,0
"2017-18","9742","Indiana","Jaelynn Penn",13,3,1561,2400,839,16,28,-12,0
"2017-18","9742","Maryland","Ieshia Small",1,3,1561,1800,239,9,2,7,0
"2017-18","9742","Indiana","Linsey Marchese",12,4,1641,1691,50,0,3,-3,0
"2017-18","9742","Indiana","Kym Royster",11,5,1691,2400,709,14,21,-7,0
"2017-18","9742","Maryland","Ieshia Small",1,4,1800,2014,214,2,6,-4,0
"2017-18","9742","Maryland","Eleanna Christinaki",10,4,1800,1800,0,0,0,0,0
"2017-18","9742","Maryland","Stephanie Jones",24,6,1800,1800,0,0,0,0,0
"2017-18","9742","Maryland","Brianna Fraser",34,6,1800,2126,326,6,11,-5,0
"2017-18","9742","Maryland","Stephanie Jones",24,7,1871,2400,529,17,12,5,0
"2017-18","9742","Maryland","Kaila Charles",5,2,2014,2400,386,17,8,9,0
"2017-18","9742","Maryland","Ieshia Small",1,5,2126,2284,158,4,0,4,0
"2017-18","9742","Maryland","Brianna Fraser",34,7,2284,2400,116,9,3,6,0
"2017-18","9742","Indiana","Keyanna Warthen",2,4,2307,2311,4,0,0,0,0
"2017-18","9742","Indiana","Tyra Buss",3,3,2311,2335,24,3,2,1,0
"2017-18","9742","Indiana","Keyanna Warthen",2,5,2335,2338,3,0,2,-2,0
"2017-18","9742","Indiana","Bre Wickware",31,4,2335,2338,3,0,2,-2,0
"2017-18","9742","Indiana","Tyra Buss",3,4,2338,2362,24,0,1,-1,0
"2017-18","9742","Indiana","Amanda Cahill",33,5,2338,2381,43,0,5,-5,0
"2017-18","9742","Indiana","Keyanna Warthen",2,6,2362,2369,7,0,2,-2,0
"2017-18","9742","Indiana","Tyra Buss",3,5,2369,2381,12,0,2,-2,0
"2017-18","9742","Indiana","Keyanna Warthen",2,7,2381,2400,19,0,0,0,0
"2017-18","9742","Indiana","Bre Wickware",31,5,2381,2400,19,0,0,0,0
"2017-18","9743","Maryland","Channise Lewis",3,1,0,593,593,15,14,1,1
"2017-18","9743","Maryland","Kaila Charles",5,1,0,862,862,22,15,7,1
"2017-18","9743","Maryland","Eleanna Christinaki",10,1,0,522,522,13,14,-1,1
"2017-18","9743","Maryland","Kristen Confroy",12,1,0,319,319,9,8,1,1
"2017-18","9743","Maryland","Stephanie Jones",24,1,0,157,157,5,2,3,1
"2017-18","9743","Nebraska","Hannah Whitish",3,1,0,522,522,14,13,1,1
"2017-18","9743","Nebraska","Nicea Eliely",11,1,0,816,816,14,22,-8,1
"2017-18","9743","Nebraska","Maddie Simon",24,1,0,319,319,8,9,-1,1
"2017-18","9743","Nebraska","Kate Cain",31,1,0,319,319,8,9,-1,1
"2017-18","9743","Nebraska","Jasmine Cincore",34,1,0,414,414,8,11,-3,1
"2017-18","9743","Maryland","Brianna Fraser",34,1,157,522,365,8,12,-4,0
"2017-18","9743","Maryland","Ieshia Small",1,1,319,600,281,6,6,0,0
"2017-18","9743","Nebraska","Janay Morton",13,1,319,593,274,6,6,0,0
"2017-18","9743","Nebraska","Grace Mitchell",14,1,319,414,95,0,2,-2,0
"2017-18","9743","Nebraska","Darrien Washington",50,1,319,414,95,0,2,-2,0
"2017-18","9743","Nebraska","Maddie Simon",24,2,414,816,402,6,11,-5,0
"2017-18","9743","Nebraska","Kate Cain",31,2,414,701,287,6,6,0,0
"2017-18","9743","Maryland","Kristen Confroy",12,2,522,691,169,4,0,4,0
"2017-18","9743","Maryland","Stephanie Jones",24,2,522,754,232,4,0,4,0
"2017-18","9743","Nebraska","Emily Wood",12,1,522,600,78,0,2,-2,0
"2017-18","9743","Maryland","Sarah Myers",21,1,593,600,7,0,0,0,0
"2017-18","9743","Nebraska","Jasmine Cincore",34,2,593,908,315,1,9,-8,0
"2017-18","9743","Maryland","Ieshia Small",1,2,600,1200,600,17,8,9,0
"2017-18","9743","Maryland","Channise Lewis",3,2,600,1596,996,26,18,8,0
"2017-18","9743","Maryland","Eleanna Christinaki",10,2,600,600,0,0,0,0,0
"2017-18","9743","Nebraska","Janay Morton",13,2,600,1006,406,5,12,-7,0
"2017-18","9743","Maryland","Eleanna Christinaki",10,3,691,1418,727,20,10,10,0
"2017-18","9743","Nebraska","Darrien Washington",50,2,701,908,207,1,7,-6,0
"2017-18","9743","Maryland","Brianna Fraser",34,2,754,961,207,8,1,7,0
"2017-18","9743","Nebraska","Taylor Kissinger",33,1,816,908,92,1,2,-1,0
"2017-18","9743","Maryland","Stephanie Jones",24,3,862,1130,268,8,7,1,0
"2017-18","9743","Nebraska","Nicea Eliely",11,2,908,1154,246,7,8,-1,0
"2017-18","9743","Nebraska","Maddie Simon",24,3,908,1130,222,7,6,1,0
"2017-18","9743","Nebraska","Rachel Blackburn",43,1,908,1154,246,7,8,-1,0
"2017-18","9743","Maryland","Kaila Charles",5,2,961,970,9,0,2,-2,0
"2017-18","9743","Nebraska","Emily Wood",12,2,961,1130,169,7,5,2,0
"2017-18","9743","Maryland","Kristen Confroy",12,3,970,1023,53,3,2,1,0
"2017-18","9743","Nebraska","Jasmine Cincore",34,3,1006,1503,497,10,12,-2,0
"2017-18","9743","Maryland","Brianna Fraser",34,3,1023,1200,177,4,3,1,0
"2017-18","9743","Maryland","Aja Ellison",0,1,1130,1197,67,2,0,2,0
"2017-18","9743","Nebraska","Hannah Whitish",3,2,1130,1418,288,2,7,-5,0
"2017-18","9743","Nebraska","Grace Mitchell",14,2,1130,1200,70,0,2,-2,0
"2017-18","9743","Nebraska","Janay Morton",13,3,1154,1200,46,0,0,0,0
"2017-18","9743","Nebraska","Darrien Washington",50,3,1154,1200,46,0,0,0,0
"2017-18","9743","Maryland","Kristen Confroy",12,4,1197,1503,306,7,7,0,0
"2017-18","9743","Maryland","Kaila Charles",5,3,1200,2400,1200,34,31,3,0
"2017-18","9743","Maryland","Stephanie Jones",24,4,1200,1418,218,5,2,3,0
"2017-18","9743","Nebraska","Nicea Eliely",11,3,1200,1503,303,7,7,0,0
"2017-18","9743","Nebraska","Maddie Simon",24,4,1200,1316,116,0,5,-5,0
"2017-18","9743","Nebraska","Kate Cain",31,3,1200,1316,116,0,5,-5,0
"2017-18","9743","Nebraska","Janay Morton",13,4,1316,1687,371,10,6,4,0
"2017-18","9743","Nebraska","Darrien Washington",50,4,1316,1503,187,7,2,5,0
"2017-18","9743","Maryland","Ieshia Small",1,3,1418,1800,382,10,8,2,0
"2017-18","9743","Maryland","Brianna Fraser",34,4,1418,1644,226,6,8,-2,0
"2017-18","9743","Nebraska","Emily Wood",12,3,1418,1800,382,8,10,-2,0
"2017-18","9743","Maryland","Eleanna Christinaki",10,4,1503,2400,897,27,24,3,0
"2017-18","9743","Nebraska","Hannah Whitish",3,3,1503,1862,359,6,8,-2,0
"2017-18","9743","Nebraska","Maddie Simon",24,5,1503,1631,128,3,4,-1,0
"2017-18","9743","Nebraska","Kate Cain",31,4,1503,1696,193,3,6,-3,0
"2017-18","9743","Maryland","Kristen Confroy",12,5,1596,2400,804,25,21,4,0
"2017-18","9743","Nebraska","Jasmine Cincore",34,4,1631,1903,272,3,5,-2,0
"2017-18","9743","Maryland","Stephanie Jones",24,5,1644,1656,12,0,0,0,0
"2017-18","9743","Maryland","Brianna Fraser",34,5,1656,1800,144,4,0,4,0
"2017-18","9743","Nebraska","Nicea Eliely",11,4,1687,2058,371,8,9,-1,0
"2017-18","9743","Nebraska","Rachel Blackburn",43,2,1696,1800,104,0,2,-2,0
"2017-18","9743","Maryland","Ieshia Small",1,4,1800,1862,62,0,3,-3,0
"2017-18","9743","Maryland","Channise Lewis",3,3,1800,1800,0,0,0,0,0
"2017-18","9743","Maryland","Stephanie Jones",24,6,1800,1800,0,0,0,0,0
"2017-18","9743","Maryland","Brianna Fraser",34,6,1800,2058,258,5,8,-3,0
"2017-18","9743","Nebraska","Emily Wood",12,4,1800,2058,258,8,5,3,0
"2017-18","9743","Nebraska","Maddie Simon",24,6,1800,1800,0,0,0,0,0
"2017-18","9743","Nebraska","Kate Cain",31,5,1800,1800,0,0,0,0,0
"2017-18","9743","Nebraska","Rachel Blackburn",43,3,1800,1903,103,3,1,2,0
"2017-18","9743","Maryland","Channise Lewis",3,4,1862,2400,538,19,18,1,0
"2017-18","9743","Nebraska","Bria Stallworth",15,1,1862,2280,418,12,19,-7,0
"2017-18","9743","Nebraska","Maddie Simon",24,7,1903,2119,216,7,6,1,0
"2017-18","9743","Nebraska","Kate Cain",31,6,1903,2119,216,7,6,1,0
"2017-18","9743","Maryland","Stephanie Jones",24,7,2058,2119,61,2,2,0,0
"2017-18","9743","Nebraska","Hannah Whitish",3,4,2058,2400,342,13,14,-1,0
"2017-18","9743","Nebraska","Janay Morton",13,5,2058,2400,342,13,14,-1,0
"2017-18","9743","Maryland","Brianna Fraser",34,7,2119,2400,281,12,11,1,0
"2017-18","9743","Nebraska","Jasmine Cincore",34,5,2119,2400,281,11,12,-1,0
"2017-18","9743","Nebraska","Darrien Washington",50,5,2119,2280,161,5,12,-7,0
"2017-18","9743","Nebraska","Emily Wood",12,5,2280,2400,120,6,0,6,0
"2017-18","9743","Nebraska","Kate Cain",31,7,2280,2400,120,6,0,6,0
"2017-18","9744","Maryland","Channise Lewis",3,1,0,410,410,14,10,4,1
"2017-18","9744","Maryland","Kaila Charles",5,1,0,397,397,14,9,5,1
"2017-18","9744","Maryland","Eleanna Christinaki",10,1,0,315,315,10,9,1,1
"2017-18","9744","Maryland","Kristen Confroy",12,1,0,2361,2361,67,79,-12,1
"2017-18","9744","Maryland","Stephanie Jones",24,1,0,315,315,10,9,1,1
"2017-18","9744","Ohio State","Stephanie Mavunga",1,1,0,447,447,13,14,-1,1
"2017-18","9744","Ohio State","Kelsey Mitchell",3,1,0,2400,2400,79,69,10,1
"2017-18","9744","Ohio State","Sierra Calhoun",4,1,0,526,526,16,17,-1,1
"2017-18","9744","Ohio State","Linnae Harper",15,1,0,410,410,10,14,-4,1
"2017-18","9744","Ohio State","Alexa Hart",22,1,0,397,397,9,14,-5,1
"2017-18","9744","Maryland","Ieshia Small",1,1,315,600,285,12,8,4,0
"2017-18","9744","Maryland","Brianna Fraser",34,1,315,529,214,7,8,-1,0
"2017-18","9744","Maryland","Stephanie Jones",24,2,397,743,346,10,12,-2,0
"2017-18","9744","Ohio State","Makayla Waterman",24,1,397,600,203,8,8,0,0
"2017-18","9744","Maryland","Eleanna Christinaki",10,2,410,526,116,3,6,-3,0
"2017-18","9744","Ohio State","Jensen Caretti",33,1,410,600,190,7,8,-1,0
"2017-18","9744","Ohio State","Alexa Hart",22,2,447,743,296,8,10,-2,0
"2017-18","9744","Maryland","Channise Lewis",3,2,526,701,175,5,5,0,0
"2017-18","9744","Ohio State","Linnae Harper",15,2,526,2042,1516,45,42,3,0
"2017-18","9744","Maryland","Aja Ellison",0,1,529,600,71,5,0,5,0
"2017-18","9744","Maryland","Ieshia Small",1,2,600,842,242,2,14,-12,0
"2017-18","9744","Maryland","Kaila Charles",5,2,600,2400,1800,47,62,-15,0
"2017-18","9744","Maryland","Eleanna Christinaki",10,3,600,600,0,0,0,0,0
"2017-18","9744","Ohio State","Stephanie Mavunga",1,2,600,1017,417,20,5,15,0
"2017-18","9744","Ohio State","Sierra Calhoun",4,2,600,1746,1146,40,27,13,0
"2017-18","9744","Maryland","Eleanna Christinaki",10,4,701,1373,672,13,29,-16,0
"2017-18","9744","Maryland","Brianna Fraser",34,2,743,788,45,0,3,-3,0
"2017-18","9744","Ohio State","Makayla Waterman",24,2,743,1111,368,20,5,15,0
"2017-18","9744","Maryland","Stephanie Jones",24,3,788,842,54,0,7,-7,0
"2017-18","9744","Maryland","Aja Ellison",0,2,842,1037,195,3,8,-5,0
"2017-18","9744","Maryland","Channise Lewis",3,3,842,2400,1558,45,48,-3,0
"2017-18","9744","Ohio State","Alexa Hart",22,3,1017,1373,356,13,8,5,0
"2017-18","9744","Ohio State","Jensen Caretti",33,2,1017,1200,183,7,4,3,0
"2017-18","9744","Maryland","Stephanie Jones",24,4,1037,1111,74,2,2,0,0
"2017-18","9744","Maryland","Brianna Fraser",34,3,1111,1160,49,2,3,-1,0
"2017-18","9744","Ohio State","Stephanie Mavunga",1,3,1111,1578,467,14,12,2,0
"2017-18","9744","Maryland","Aja Ellison",0,3,1160,1200,40,0,0,0,0
"2017-18","9744","Maryland","Stephanie Jones",24,5,1200,1542,342,8,11,-3,0
"2017-18","9744","Maryland","Ieshia Small",1,3,1373,1800,427,14,7,7,0
"2017-18","9744","Ohio State","Makayla Waterman",24,3,1373,1634,261,5,9,-4,0
"2017-18","9744","Maryland","Brianna Fraser",34,4,1542,1800,258,10,2,8,0
"2017-18","9744","Ohio State","Alexa Hart",22,4,1578,1746,168,2,8,-6,0
"2017-18","9744","Ohio State","Stephanie Mavunga",1,4,1634,2400,766,24,25,-1,0
"2017-18","9744","Ohio State","Makayla Waterman",24,4,1746,1800,54,0,0,0,0
"2017-18","9744","Ohio State","Jensen Caretti",33,3,1746,1800,54,0,0,0,0
"2017-18","9744","Maryland","Ieshia Small",1,4,1800,2361,561,18,22,-4,0
"2017-18","9744","Maryland","Eleanna Christinaki",10,5,1800,1800,0,0,0,0,0
"2017-18","9744","Maryland","Stephanie Jones",24,6,1800,1800,0,0,0,0,0
"2017-18","9744","Maryland","Brianna Fraser",34,5,1800,1886,86,2,2,0,0
"2017-18","9744","Ohio State","Sierra Calhoun",4,3,1800,2400,600,22,20,2,0
"2017-18","9744","Ohio State","Alexa Hart",22,5,1800,1800,0,0,0,0,0
"2017-18","9744","Ohio State","Makayla Waterman",24,5,1800,1865,65,0,2,-2,0
"2017-18","9744","Ohio State","Alexa Hart",22,6,1865,1917,52,2,1,1,0
"2017-18","9744","Maryland","Stephanie Jones",24,7,1886,2177,291,10,7,3,0
"2017-18","9744","Ohio State","Makayla Waterman",24,6,1917,2177,260,7,9,-2,0
"2017-18","9744","Ohio State","Alexa Hart",22,7,2042,2211,169,6,3,3,0
"2017-18","9744","Maryland","Brianna Fraser",34,6,2177,2266,89,1,6,-5,0
"2017-18","9744","Ohio State","Linnae Harper",15,3,2177,2400,223,13,8,5,0
"2017-18","9744","Ohio State","Makayla Waterman",24,7,2211,2400,189,12,7,5,0
"2017-18","9744","Maryland","Stephanie Jones",24,8,2266,2400,134,7,7,0,0
"2017-18","9744","Maryland","Aja Ellison",0,4,2361,2400,39,2,0,2,0
"2017-18","9744","Maryland","Sarah Myers",21,1,2361,2400,39,2,0,2,0
"2017-18","9745","Maryland","Channise Lewis",3,1,0,309,309,9,5,4,1
"2017-18","9745","Maryland","Kaila Charles",5,1,0,403,403,11,8,3,1
"2017-18","9745","Maryland","Eleanna Christinaki",10,1,0,283,283,9,5,4,1
"2017-18","9745","Maryland","Kristen Confroy",12,1,0,851,851,21,15,6,1
"2017-18","9745","Maryland","Stephanie Jones",24,1,0,283,283,9,5,4,1
"2017-18","9745","Princeton","Carlie Littlefield",2,1,0,403,403,8,11,-3,1
"2017-18","9745","Princeton","Sydney Jordan",20,1,0,162,162,2,6,-4,1
"2017-18","9745","Princeton","Qalea Ismail",23,1,0,162,162,2,6,-4,1
"2017-18","9745","Princeton","Bella Alarie",31,1,0,973,973,17,25,-8,1
"2017-18","9745","Princeton","Leslie Robinson",45,1,0,851,851,15,21,-6,1
"2017-18","9745","Princeton","Abby Meyers",1,1,162,464,302,6,9,-3,0
"2017-18","9745","Princeton","Kenya Holland",24,1,162,600,438,9,11,-2,0
"2017-18","9745","Maryland","Ieshia Small",1,1,283,600,317,8,6,2,0
"2017-18","9745","Maryland","Brianna Fraser",34,1,283,600,317,8,6,2,0
"2017-18","9745","Maryland","Eleanna Christinaki",10,2,309,600,291,8,6,2,0
"2017-18","9745","Maryland","Stephanie Jones",24,2,403,474,71,4,0,4,0
"2017-18","9745","Princeton","Gabrielle Rush",25,1,403,600,197,3,6,-3,0
"2017-18","9745","Princeton","Sydney Jordan",20,2,464,1041,577,10,12,-2,0
"2017-18","9745","Maryland","Kaila Charles",5,2,474,1041,567,12,10,2,0
"2017-18","9745","Maryland","Ieshia Small",1,2,600,718,118,0,3,-3,0
"2017-18","9745","Maryland","Channise Lewis",3,2,600,660,60,0,0,0,0
"2017-18","9745","Maryland","Stephanie Jones",24,3,600,752,152,2,3,-1,0
"2017-18","9745","Maryland","Brianna Fraser",34,2,600,1200,600,14,15,-1,0
"2017-18","9745","Princeton","Carlie Littlefield",2,2,600,1397,797,15,22,-7,0
"2017-18","9745","Princeton","Qalea Ismail",23,2,600,600,0,0,0,0,0
"2017-18","9745","Princeton","Kenya Holland",24,2,600,1200,600,15,14,1,0
"2017-18","9745","Princeton","Gabrielle Rush",25,2,600,973,373,6,8,-2,0
"2017-18","9745","Maryland","Eleanna Christinaki",10,3,660,1183,523,14,13,1,0
"2017-18","9745","Maryland","Sarah Myers",21,1,718,1200,482,14,12,2,0
"2017-18","9745","Maryland","Ieshia Small",1,3,851,973,122,4,2,2,0
"2017-18","9745","Princeton","Tia Weledji",32,1,851,1200,349,11,10,1,0
"2017-18","9745","Maryland","Kristen Confroy",12,2,973,2151,1178,43,27,16,0
"2017-18","9745","Princeton","Abby Meyers",1,2,973,1200,227,9,6,3,0
"2017-18","9745","Princeton","Leslie Robinson",45,2,973,1760,787,17,28,-11,0
"2017-18","9745","Maryland","Ieshia Small",1,4,1041,1100,59,0,2,-2,0
"2017-18","9745","Princeton","Bella Alarie",31,2,1041,1669,628,14,23,-9,0
"2017-18","9745","Maryland","Kaila Charles",5,3,1100,2151,1051,41,24,17,0
"2017-18","9745","Maryland","Ieshia Small",1,5,1183,1200,17,0,2,-2,0
"2017-18","9745","Maryland","Channise Lewis",3,3,1200,2022,822,32,14,18,0
"2017-18","9745","Maryland","Eleanna Christinaki",10,4,1200,2022,822,32,14,18,0
"2017-18","9745","Maryland","Stephanie Jones",24,4,1200,1437,237,8,2,6,0
"2017-18","9745","Princeton","Abby Meyers",1,3,1200,1513,313,2,8,-6,0
"2017-18","9745","Princeton","Sydney Jordan",20,3,1200,1585,385,4,11,-7,0
"2017-18","9745","Princeton","Qalea Ismail",23,3,1200,1200,0,0,0,0,0
"2017-18","9745","Princeton","Kenya Holland",24,3,1397,1800,403,10,14,-4,0
"2017-18","9745","Maryland","Brianna Fraser",34,3,1437,1669,232,11,4,7,0
"2017-18","9745","Princeton","Gabrielle Rush",25,3,1513,1800,287,8,14,-6,0
"2017-18","9745","Princeton","Qalea Ismail",23,4,1585,1669,84,2,8,-6,0
"2017-18","9745","Maryland","Ieshia Small",1,6,1669,1800,131,3,4,-1,0
"2017-18","9745","Princeton","Taylor Baur",22,1,1669,1760,91,2,3,-1,0
"2017-18","9745","Princeton","Tia Weledji",32,2,1669,1800,131,4,3,1,0
"2017-18","9745","Princeton","Abby Meyers",1,4,1760,1800,40,2,0,2,0
"2017-18","9745","Princeton","Bella Alarie",31,3,1760,2266,506,17,19,-2,0
"2017-18","9745","Maryland","Stephanie Jones",24,5,1800,1929,129,4,2,2,0
"2017-18","9745","Princeton","Abby Meyers",1,5,1800,2355,555,19,22,-3,0
"2017-18","9745","Princeton","Carlie Littlefield",2,3,1800,1800,0,0,0,0,0
"2017-18","9745","Princeton","Sydney Jordan",20,4,1800,1800,0,0,0,0,0
"2017-18","9745","Princeton","Qalea Ismail",23,5,1800,1800,0,0,0,0,0
"2017-18","9745","Princeton","Kenya Holland",24,4,1800,1875,75,0,0,0,0
"2017-18","9745","Princeton","Gabrielle Rush",25,4,1800,1902,102,0,2,-2,0
"2017-18","9745","Princeton","Tia Weledji",32,3,1800,2364,564,19,24,-5,0
"2017-18","9745","Princeton","Leslie Robinson",45,3,1800,1800,0,0,0,0,0
"2017-18","9745","Princeton","Carlie Littlefield",2,4,1875,2163,288,8,16,-8,0
"2017-18","9745","Princeton","Leslie Robinson",45,4,1902,2151,249,8,13,-5,0
"2017-18","9745","Maryland","Brianna Fraser",34,4,1929,2400,471,20,19,1,0
"2017-18","9745","Maryland","Ieshia Small",1,7,2022,2400,378,14,17,-3,0
"2017-18","9745","Maryland","Sarah Myers",21,2,2022,2400,378,14,17,-3,0
"2017-18","9745","Maryland","Channise Lewis",3,4,2151,2364,213,9,11,-2,0
"2017-18","9745","Maryland","Eleanna Christinaki",10,5,2151,2400,249,9,13,-4,0
"2017-18","9745","Maryland","Stephanie Jones",24,6,2151,2327,176,7,9,-2,0
"2017-18","9745","Princeton","Jordan Stallworth",33,1,2151,2400,249,13,9,4,0
"2017-18","9745","Princeton","Kenya Holland",24,5,2163,2364,201,11,8,3,0
"2017-18","9745","Princeton","Leslie Robinson",45,5,2266,2364,98,4,5,-1,0
"2017-18","9745","Maryland","Aja Ellison",0,1,2327,2400,73,2,4,-2,0
"2017-18","9745","Princeton","Caroline Davis",5,1,2355,2400,45,2,2,0,0
"2017-18","9745","Maryland","Stephanie Jones",24,7,2364,2400,36,0,2,-2,0
"2017-18","9745","Princeton","Sydney Boyer",3,1,2364,2400,36,2,0,2,0
"2017-18","9745","Princeton","Sydney Jordan",20,5,2364,2400,36,2,0,2,0
"2017-18","9745","Princeton","Taylor Baur",22,2,2364,2400,36,2,0,2,0
"2017-18","9746","Maryland","Channise Lewis",3,1,0,160,160,3,4,-1,1
"2017-18","9746","Maryland","Kaila Charles",5,1,0,400,400,6,12,-6,1
"2017-18","9746","Maryland","Eleanna Christinaki",10,1,0,202,202,3,6,-3,1
"2017-18","9746","Maryland","Kristen Confroy",12,1,0,600,600,11,18,-7,1
"2017-18","9746","Maryland","Stephanie Jones",24,1,0,305,305,6,12,-6,1
"2017-18","9746","NC State","Aislinn Konig",1,1,0,600,600,18,11,7,1
"2017-18","9746","NC State","Kaila Ealey",2,1,0,595,595,18,11,7,1
"2017-18","9746","NC State","Chelsea Nelson",5,1,0,616,616,20,13,7,1
"2017-18","9746","NC State","Kiara Leslie",11,1,0,2400,2400,74,60,14,1
"2017-18","9746","NC State","Akela Maize",32,1,0,1053,1053,30,26,4,1
"2017-18","9746","Maryland","Sarah Myers",21,1,160,305,145,3,8,-5,0
"2017-18","9746","Maryland","Ieshia Small",1,1,202,1200,998,23,26,-3,0
"2017-18","9746","Maryland","Channise Lewis",3,2,305,369,64,0,0,0,0
"2017-18","9746","Maryland","Brianna Fraser",34,1,305,392,87,0,0,0,0
"2017-18","9746","Maryland","Eleanna Christinaki",10,2,369,600,231,5,6,-1,0
"2017-18","9746","Maryland","Stephanie Jones",24,2,392,892,500,13,12,1,0
"2017-18","9746","Maryland","Brianna Fraser",34,2,400,499,99,1,4,-3,0
"2017-18","9746","Maryland","Kaila Charles",5,2,499,595,96,4,2,2,0
"2017-18","9746","Maryland","Aja Ellison",0,1,595,600,5,0,0,0,0
"2017-18","9746","NC State","Armani Hawkins",50,1,595,680,85,6,2,4,0
"2017-18","9746","Maryland","Channise Lewis",3,3,600,600,0,2,0,2,0
"2017-18","9746","Maryland","Kaila Charles",5,3,600,616,16,2,2,0,0
"2017-18","9746","Maryland","Brianna Fraser",34,3,600,892,292,8,6,2,0
"2017-18","9746","NC State","Kaila Ealey",2,2,600,600,0,0,2,-2,0
"2017-18","9746","Maryland","Channise Lewis",3,4,616,1631,1015,23,25,-2,0
"2017-18","9746","NC State","Kaila Ealey",2,3,616,730,114,4,1,3,0
"2017-18","9746","NC State","Chelsea Nelson",5,2,680,703,23,0,0,0,0
"2017-18","9746","NC State","Erika Cassell",24,1,703,919,216,0,8,-8,0
"2017-18","9746","NC State","Armani Hawkins",50,2,730,919,189,0,7,-7,0
"2017-18","9746","Maryland","Aja Ellison",0,2,892,959,67,2,2,0,0
"2017-18","9746","Maryland","Eleanna Christinaki",10,3,892,1729,837,19,29,-10,0
"2017-18","9746","NC State","Kai Crutchfield",3,1,919,1200,281,8,5,3,0
"2017-18","9746","NC State","DD Rogers",21,1,919,1200,281,8,5,3,0
"2017-18","9746","Maryland","Brianna Fraser",34,4,959,1200,241,5,6,-1,0
"2017-18","9746","NC State","Nae Nae Cole",44,1,1053,1200,147,2,0,2,0
"2017-18","9746","Maryland","Kaila Charles",5,4,1200,1431,231,8,3,5,0
"2017-18","9746","Maryland","Kristen Confroy",12,2,1200,1391,191,6,3,3,0
"2017-18","9746","Maryland","Stephanie Jones",24,3,1200,1364,164,6,3,3,0
"2017-18","9746","NC State","Aislinn Konig",1,2,1200,2364,1164,42,34,8,0
"2017-18","9746","NC State","Kaila Ealey",2,4,1200,1631,431,13,10,3,0
"2017-18","9746","NC State","Chelsea Nelson",5,3,1200,1631,431,13,10,3,0
"2017-18","9746","NC State","Akela Maize",32,2,1200,1337,137,3,6,-3,0
"2017-18","9746","NC State","DD Rogers",21,2,1337,1800,463,21,8,13,0
"2017-18","9746","Maryland","Brianna Fraser",34,5,1364,1660,296,6,12,-6,0
"2017-18","9746","Maryland","Ieshia Small",1,2,1391,1560,169,4,7,-3,0
"2017-18","9746","Maryland","Kristen Confroy",12,3,1431,1800,369,6,21,-15,0
"2017-18","9746","Maryland","Kaila Charles",5,5,1560,2251,691,18,24,-6,0
"2017-18","9746","Maryland","Ieshia Small",1,3,1631,1800,169,4,11,-7,0
"2017-18","9746","NC State","Kai Crutchfield",3,2,1631,1800,169,11,4,7,0
"2017-18","9746","NC State","Akela Maize",32,3,1631,1800,169,11,4,7,0
"2017-18","9746","Maryland","Stephanie Jones",24,4,1660,2367,707,22,27,-5,0
"2017-18","9746","Maryland","Channise Lewis",3,5,1729,2400,671,22,21,1,0
"2017-18","9746","Maryland","Ieshia Small",1,4,1800,2058,258,8,6,2,0
"2017-18","9746","Maryland","Eleanna Christinaki",10,4,1800,1800,0,0,0,0,0
"2017-18","9746","Maryland","Brianna Fraser",34,6,1800,1987,187,4,6,-2,0
"2017-18","9746","NC State","Kaila Ealey",2,5,1800,1800,0,0,0,0,0
"2017-18","9746","NC State","Kai Crutchfield",3,3,1800,2058,258,6,8,-2,0
"2017-18","9746","NC State","Chelsea Nelson",5,4,1800,2058,258,6,8,-2,0
"2017-18","9746","NC State","DD Rogers",21,3,1800,2102,302,6,11,-5,0
"2017-18","9746","Maryland","Kristen Confroy",12,4,1987,2364,377,16,12,4,0
"2017-18","9746","Maryland","Brianna Fraser",34,7,2058,2400,342,12,12,0,0
"2017-18","9746","NC State","Kaila Ealey",2,6,2058,2400,342,12,12,0,0
"2017-18","9746","NC State","Akela Maize",32,4,2058,2330,272,8,8,0,0
"2017-18","9746","NC State","Chelsea Nelson",5,5,2102,2367,265,12,9,3,0
"2017-18","9746","Maryland","Ieshia Small",1,5,2251,2367,116,6,8,-2,0
"2017-18","9746","NC State","DD Rogers",21,4,2330,2400,70,4,4,0,0
"2017-18","9746","Maryland","Eleanna Christinaki",10,5,2364,2400,36,0,0,0,0
"2017-18","9746","Maryland","Aja Ellison",0,3,2367,2400,33,0,0,0,0
"2017-18","9746","Maryland","Sarah Myers",21,2,2367,2400,33,0,0,0,0
"2017-18","9746","NC State","Aislinn Konig",1,3,2367,2400,33,0,0,0,0
"2017-18","9746","NC State","Erika Cassell",24,2,2367,2400,33,0,0,0,0
