"source_id","file_id","team","lineup","num_players","start_seconds","end_seconds","duration","pts_for","pts_against","plus_minus"
"2021-22","12546","Maryland","Angel Reese|Ashley Owusu|Chloe Bibby|Mimi Collins|Shyanne Sellers",5,0,44,44,0,0,0
"2021-22","12546","Maryland","Angel Reese|Ashley Owusu|Chloe Bibby|Mimi Collins|Taisiya Kozlova",5,44,219,175,4,3,1
"2021-22","12546","NC State","Elissa Cunane|Jakia Brown-Turner|Kai Crutchfield|Kayla Jones|Raina Perez",5,0,280,280,3,7,-4
"2021-22","12546","NC State","Elissa Cunane|Jakia Brown-Turner|Kai Crutchfield|Madison Hayes|Raina Perez",5,280,301,21,0,2,-2
"2021-22","12546","Maryland","Ashley Owusu|Chloe Bibby|Mimi Collins|Shyanne Sellers|Taisiya Kozlova",5,219,433,214,9,6,3
"2021-22","12546","NC State","Diamond Johnson|Elissa Cunane|Jakia Brown-Turner|Madison Hayes|Raina Perez",5,301,433,132,6,4,2
"2021-22","12546","NC State","Diamond Johnson|Elissa Cunane|Jada Boyd|Jakia Brown-Turner|Raina Perez",5,433,522,89,0,5,-5
"2021-22","12546","NC State","Camille Hobby|Diamond Johnson|Jada Boyd|Jakia Brown-Turner|Raina Perez",5,522,562,40,3,0,3
"2021-22","12546","NC State","Aziaha James|Camille Hobby|Diamond Johnson|Jada Boyd|Raina Perez",5,562,600,38,0,4,-4
"2021-22","12546","NC State","Aziaha James|Camille Hobby|Diamond Johnson|Kayla Jones|Raina Perez",5,600,790,190,4,8,-4
"2021-22","12546","Maryland","Angel Reese|Ashley Owusu|Chloe Bibby|Mimi Collins|Shyanne Sellers",5,433,879,446,21,8,13
"2021-22","12546","NC State","Aziaha James|Diamond Johnson|Jakia Brown-Turner|Jessica Timmons|Kayla Jones",5,790,929,139,3,6,-3
"2021-22","12546","NC State","Aziaha James|Diamond Johnson|Elissa Cunane|Jakia Brown-Turner|Kayla Jones",5,929,1041,112,4,6,-2
"2021-22","12546","Maryland","Angel Reese|Chloe Bibby|Mimi Collins|Shyanne Sellers|Taisiya Kozlova",5,879,1062,183,8,8,0
"2021-22","12546","NC State","Aziaha James|Diamond Johnson|Elissa Cunane|Jakia Brown-Turner|Jessica Timmons",5,1041,1062,21,2,0,2
"2021-22","12546","Maryland","Ashley Owusu|Chloe Bibby|Mimi Collins|Shyanne Sellers|Taisiya Kozlova",5,1062,1132,70,2,0,2
"2021-22","12546","NC State","Diamond Johnson|Elissa Cunane|Jada Boyd|Jakia Brown-Turner|Raina Perez",5,1062,1186,124,2,5,-3
"2021-22","12546","NC State","Camille Hobby|Diamond Johnson|Jada Boyd|Jakia Brown-Turner|Raina Perez",5,1186,1200,14,0,2,-2
"2021-22","12546","Maryland","Angel Reese|Ashley Owusu|Chloe Bibby|Mimi Collins|Shyanne Sellers",5,1132,1343,211,11,6,5
"2021-22","12546","NC State","Elissa Cunane|Jakia Brown-Turner|Kai Crutchfield|Kayla Jones|Raina Perez",5,1200,1415,215,8,6,2
"2021-22","12546","Maryland","Ashley Owusu|Chloe Bibby|Mimi Collins|Shyanne Sellers|Taisiya Kozlova",5,1343,1585,242,4,11,-7
"2021-22","12546","NC State","Diamond Johnson|Elissa Cunane|Jakia Brown-Turner|Kayla Jones|Raina Perez",5,1415,1585,170,7,4,3
"2021-22","12546","Maryland","Angel Reese|Ashley Owusu|Chloe Bibby|Mimi Collins|Shyanne Sellers",5,1585,1692,107,4,2,2
"2021-22","12546","Maryland","Ashley Owusu|Chloe Bibby|Mimi Collins|Shyanne Sellers|Taisiya Kozlova",5,1692,1800,108,4,2,2
"2021-22","12546","NC State","Diamond Johnson|Elissa Cunane|Jada Boyd|Jakia Brown-Turner|Raina Perez",5,1585,1800,215,4,8,-4
"2021-22","12546","Maryland","Angel Reese|Ashley Owusu|Chloe Bibby|Mimi Collins|Taisiya Kozlova",5,1800,1847,47,3,0,3
"2021-22","12546","Maryland","Angel Reese|Ashley Owusu|Chloe Bibby|Mimi Collins|Shyanne Sellers",5,1847,1958,111,3,6,-3
"2021-22","12546","NC State","Aziaha James|Camille Hobby|Diamond Johnson|Kai Crutchfield|Madison Hayes",5,1800,1958,158,6,6,0
"2021-22","12546","NC State","Camille Hobby|Jakia Brown-Turner|Kai Crutchfield|Madison Hayes|Raina Perez",5,1958,2057,99,4,0,4
"2021-22","12546","NC State","Elissa Cunane|Jakia Brown-Turner|Kai Crutchfield|Madison Hayes|Raina Perez",5,2057,2097,40,1,0,1
"2021-22","12546","Maryland","Angel Reese|Ashley Owusu|Chloe Bibby|Shyanne Sellers|Taisiya Kozlova",5,1958,2108,150,0,5,-5
"2021-22","12546","Maryland","Angel Reese|Ashley Owusu|Chloe Bibby|Mimi Collins|Shyanne Sellers",5,2108,2145,37,0,1,-1
"2021-22","12546","NC State","Elissa Cunane|Jada Boyd|Jakia Brown-Turner|Kai Crutchfield|Raina Perez",5,2097,2145,48,1,0,1
"2021-22","12546","Maryland","Angel Reese|Chloe Bibby|Mimi Collins|Shyanne Sellers|Taisiya Kozlova",5,2145,2186,41,0,0,0
"2021-22","12546","NC State","Diamond Johnson|Elissa Cunane|Jada Boyd|Jakia Brown-Turner|Raina Perez",5,2145,2186,41,0,0,0
"2021-22","12546","Maryland","Angel Reese|Ashley Owusu|Chloe Bibby|Shyanne Sellers|Taisiya Kozlova",5,2186,2215,29,2,0,2
"2021-22","12546","Maryland","Angel Reese|Chloe Bibby|Mimi Collins|Shyanne Sellers|Taisiya Kozlova",5,2215,2307,92,2,2,0
"2021-22","12546","NC State","Diamond Johnson|Elissa Cunane|Jakia Brown-Turner|Kayla Jones|Raina Perez",5,2186,2309,123,2,4,-2
"2021-22","12546","NC State","Elissa Cunane|Jakia Brown-Turner|Kai Crutchfield|Kayla Jones|Raina Perez",5,2309,2326,17,0,1,-1
"2021-22","12546","NC State","Camille Hobby|Jessica Timmons|Kai Crutchfield|Madison Hayes|Raina Perez",5,2326,2365,39,0,0,0
"2021-22","12546","NC State","Camille Hobby|Genesis Bryant|Jessica Timmons|Kai Crutchfield|Madison Hayes",5,2365,2400,35,0,0,0
"2021-22","12546","Maryland","Chloe Bibby|Emma Chardon|Mimi Collins|Shyanne Sellers|Taisiya Kozlova",5,2307,2400,93,1,0,1
"2021-22","12547","Maryland","Angel Reese|Ashley Owusu|Chloe Bibby|Mimi Collins|Shyanne Sellers",5,0,40,40,3,0,3
"2021-22","12547","Maryland","Ashley Owusu|Chloe Bibby|Mimi Collins|Shyanne Sellers|Taisiya Kozlova",5,40,308,268,6,9,-3
"2021-22","12547","Stanford","Francesca Belibi|Haley Jones|Hannah Jump|Lacie Hull|Lexie Hull",5,0,308,308,9,9,0
"2021-22","12547","Maryland","Angel Reese|Ashley Owusu|Chloe Bibby|Mimi Collins|Shyanne Sellers",5,308,409,101,2,3,-1
"2021-22","12547","Stanford","Haley Jones|Hannah Jump|Jordan Hamilton|Lacie Hull|Lexie Hull",5,308,409,101,3,2,1
"2021-22","12547","Maryland","Angel Reese|Ashley Owusu|Chloe Bibby|Mimi Collins|Taisiya Kozlova",5,409,410,1,0,0,0
"2021-22","12547","Maryland","Angel Reese|Ashley Owusu|Chloe Bibby|Mimi Collins|Shyanne Sellers",5,410,457,47,2,0,2
"2021-22","12547","Stanford","Francesca Belibi|Haley Jones|Kiki Iriafen|Lacie Hull|Lexie Hull",5,409,457,48,0,2,-2
"2021-22","12547","Maryland","Angel Reese|Ashley Owusu|Chloe Bibby|Mimi Collins|Taisiya Kozlova",5,457,462,5,0,0,0
"2021-22","12547","Stanford","Haley Jones|Hannah Jump|Jordan Hamilton|Lacie Hull|Lexie Hull",5,457,462,5,0,0,0
"2021-22","12547","Maryland","Angel Reese|Ashley Owusu|Chloe Bibby|Mimi Collins|Shyanne Sellers",5,462,601,139,2,10,-8
"2021-22","12547","Stanford","Francesca Belibi|Haley Jones|Hannah Jump|Lacie Hull|Lexie Hull",5,462,601,139,10,2,8
"2021-22","12547","Stanford","Haley Jones|Hannah Jump|Kiki Iriafen|Lacie Hull|Lexie Hull",5,601,729,128,3,2,1
"2021-22","12547","Stanford","Anna Wilson|Haley Jones|Hannah Jump|Kiki Iriafen|Lexie Hull",5,729,774,45,2,0,2
"2021-22","12547","Maryland","Ashley Owusu|Chloe Bibby|Emma Chardon|Mimi Collins|Shyanne Sellers",5,601,790,189,2,7,-5
"2021-22","12547","Maryland","Angel Reese|Ashley Owusu|Chloe Bibby|Shyanne Sellers|Taisiya Kozlova",5,790,816,26,0,0,0
"2021-22","12547","Stanford","Anna Wilson|Francesca Belibi|Haley Jones|Hannah Jump|Lexie Hull",5,774,977,203,7,5,2
"2021-22","12547","Maryland","Angel Reese|Ashley Owusu|Chloe Bibby|Mimi Collins|Shyanne Sellers",5,816,1024,208,7,9,-2
"2021-22","12547","Stanford","Anna Wilson|Cameron Brink|Haley Jones|Hannah Jump|Lexie Hull",5,977,1024,47,4,2,2
"2021-22","12547","Stanford","Cameron Brink|Haley Jones|Hannah Jump|Lacie Hull|Lexie Hull",5,1024,1146,122,5,0,5
"2021-22","12547","Maryland","Angel Reese|Chloe Bibby|Mimi Collins|Shyanne Sellers|Taisiya Kozlova",5,1024,1158,134,0,5,-5
"2021-22","12547","Stanford","Francesca Belibi|Haley Jones|Hannah Jump|Lacie Hull|Lexie Hull",5,1146,1192,46,3,0,3
"2021-22","12547","Maryland","Chloe Bibby|Emma Chardon|Mimi Collins|Shyanne Sellers|Taisiya Kozlova",5,1158,1200,42,0,3,-3
"2021-22","12547","Stanford","Anna Wilson|Francesca Belibi|Haley Jones|Hannah Jump|Lexie Hull",5,1192,1200,8,0,0,0
"2021-22","12547","Stanford","Francesca Belibi|Haley Jones|Hannah Jump|Lacie Hull|Lexie Hull",5,1200,1323,123,6,7,-1
"2021-22","12547","Maryland","Angel Reese|Ashley Owusu|Chloe Bibby|Mimi Collins|Shyanne Sellers",5,1200,1327,127,7,6,1
"2021-22","12547","Stanford","Cameron Brink|Haley Jones|Hannah Jump|Lacie Hull|Lexie Hull",5,1323,1489,166,12,2,10
"2021-22","12547","Stanford","Cameron Brink|Haley Jones|Hannah Jump|Jana Van Gytenbeek|Lexie Hull",5,1489,1570,81,3,3,0
"2021-22","12547","Stanford","Francesca Belibi|Haley Jones|Hannah Jump|Jana Van Gytenbeek|Lexie Hull",5,1570,1778,208,8,11,-3
"2021-22","12547","Maryland","Ashley Owusu|Chloe Bibby|Mimi Collins|Shyanne Sellers|Taisiya Kozlova",5,1327,1801,474,17,23,-6
"2021-22","12547","Stanford","Agnes Emma-Nnopu|Francesca Belibi|Haley Jones|Hannah Jump|Jana Van Gytenbeek",5,1778,1801,23,0,1,-1
"2021-22","12547","Stanford","Agnes Emma-Nnopu|Brooke Demetre|Francesca Belibi|Hannah Jump|Jana Van Gytenbeek",5,1801,1899,98,0,1,-1
"2021-22","12547","Maryland","Angel Reese|Ashley Owusu|Chloe Bibby|Mimi Collins|Shyanne Sellers",5,1801,1946,145,5,0,5
"2021-22","12547","Stanford","Agnes Emma-Nnopu|Brooke Demetre|Francesca Belibi|Hannah Jump|Jordan Hamilton",5,1899,1979,80,2,4,-2
"2021-22","12547","Stanford","Cameron Brink|Haley Jones|Hannah Jump|Lacie Hull|Lexie Hull",5,1979,2018,39,0,0,0
"2021-22","12547","Stanford","Cameron Brink|Elena Bosgana|Haley Jones|Lacie Hull|Lexie Hull",5,2018,2029,11,0,0,0
"2021-22","12547","Maryland","Ashley Owusu|Chloe Bibby|Mimi Collins|Shyanne Sellers|Taisiya Kozlova",5,1946,2121,175,2,6,-4
"2021-22","12547","Stanford","Brooke Demetre|Cameron Brink|Elena Bosgana|Lacie Hull|Lexie Hull",5,2029,2121,92,4,2,2
"2021-22","12547","Stanford","Brooke Demetre|Elena Bosgana|Jordan Hamilton|Kiki Iriafen|Lexie Hull",5,2121,2141,20,2,0,2
"2021-22","12547","Stanford","Agnes Emma-Nnopu|Brooke Demetre|Elena Bosgana|Jordan Hamilton|Kiki Iriafen",5,2141,2177,36,1,2,-1
"2021-22","12547","Maryland","Ashley Owusu|Chloe Bibby|Emma Chardon|Shyanne Sellers|Taisiya Kozlova",5,2121,2400,279,13,5,8
"2021-22","12547","Stanford","Agnes Emma-Nnopu|Alyssa Jerome|Brooke Demetre|Elena Bosgana|Jordan Hamilton",5,2177,2400,223,2,11,-9
"2021-22","12548","Maryland","Angel Reese|Ashley Owusu|Chloe Bibby|Katie Benzan|Mimi Collins",5,0,175,175,8,4,4
"2021-22","12548","Maryland","Ashley Owusu|Chloe Bibby|Faith Masonius|Katie Benzan|Mimi Collins",5,175,281,106,5,6,-1
"2021-22","12548","Longwood","Akila Smith|Brooke Anya|Kennedy Calhoun|Kyla McMakin|Tra'dayja Smith",5,0,281,281,10,13,-3
"2021-22","12548","Maryland","Chloe Bibby|Faith Masonius|Katie Benzan|Mimi Collins|Shyanne Sellers",5,281,304,23,1,0,1
"2021-22","12548","Maryland","Angel Reese|Chloe Bibby|Faith Masonius|Katie Benzan|Shyanne Sellers",5,304,340,36,0,0,0
"2021-22","12548","Longwood","Akila Smith|Anne-Hamilton Leroy|Brooke Anya|Kennedy Calhoun|Kyla McMakin",5,281,404,123,2,1,1
"2021-22","12548","Maryland","Angel Reese|Chloe Bibby|Katie Benzan|Mimi Collins|Shyanne Sellers",5,340,476,136,2,9,-7
"2021-22","12548","Longwood","Adriana Shipp|Akila Smith|Anne-Hamilton Leroy|Kyla McMakin|Tra'dayja Smith",5,404,518,114,7,4,3
"2021-22","12548","Longwood","Adriana Shipp|Anne-Hamilton Leroy|Brooke Anya|Kennedy Calhoun|Tra'dayja Smith",5,518,550,32,0,2,-2
"2021-22","12548","Maryland","Angel Reese|Ashley Owusu|Chloe Bibby|Katie Benzan|Shyanne Sellers",5,476,600,124,5,2,3
"2021-22","12548","Longwood","Adriana Shipp|Anne-Hamilton Leroy|Kennedy Calhoun|Kyla McMakin|Tra'dayja Smith",5,550,600,50,2,1,1
"2021-22","12548","Longwood","Akila Smith|Anne-Hamilton Leroy|Kennedy Calhoun|Kyla McMakin|Tra'dayja Smith",5,600,658,58,0,0,0
"2021-22","12548","Maryland","Angel Reese|Ashley Owusu|Katie Benzan|Mimi Collins|Shyanne Sellers",5,600,755,155,2,0,2
"2021-22","12548","Maryland","Angel Reese|Ashley Owusu|Chloe Bibby|Katie Benzan|Mimi Collins",5,755,854,99,3,3,0
"2021-22","12548","Longwood","Akila Smith|Briana Johns|Kennedy Calhoun|Kyla McMakin|Tra'dayja Smith",5,658,889,231,3,8,-5
"2021-22","12548","Maryland","Angel Reese|Ashley Owusu|Chloe Bibby|Mimi Collins|Shyanne Sellers",5,854,915,61,4,0,4
"2021-22","12548","Longwood","Anne-Hamilton Leroy|Briana Johns|Brooke Anya|Kennedy Calhoun|Kyla McMakin",5,889,1012,123,3,5,-2
"2021-22","12548","Longwood","Briana Johns|Brooke Anya|Geassy Germano|Kennedy Calhoun|Kyla McMakin",5,1012,1044,32,2,0,2
"2021-22","12548","Maryland","Ashley Owusu|Chloe Bibby|Katie Benzan|Mimi Collins|Shyanne Sellers",5,915,1200,285,17,10,7
"2021-22","12548","Longwood","Briana Johns|Brooke Anya|Geassy Germano|Kyla McMakin|Tra'dayja Smith",5,1044,1200,156,5,13,-8
"2021-22","12548","Longwood","Akila Smith|Brooke Anya|Kennedy Calhoun|Kyla McMakin|Tra'dayja Smith",5,1200,1384,184,2,10,-8
"2021-22","12548","Maryland","Angel Reese|Ashley Owusu|Chloe Bibby|Katie Benzan|Mimi Collins",5,1200,1438,238,13,2,11
"2021-22","12548","Longwood","Brooke Anya|Cayla Copeland|Kennedy Calhoun|Kyla McMakin|Tra'dayja Smith",5,1384,1438,54,0,3,-3
"2021-22","12548","Maryland","Angel Reese|Ashley Owusu|Katie Benzan|Mimi Collins|Shyanne Sellers",5,1438,1483,45,2,3,-1
"2021-22","12548","Longwood","Adriana Shipp|Cayla Copeland|Kennedy Calhoun|Kyla McMakin|Tra'dayja Smith",5,1438,1511,73,3,2,1
"2021-22","12548","Longwood","Adriana Shipp|Cayla Copeland|Kyla McMakin|Milou Vennema|Tra'dayja Smith",5,1511,1528,17,0,0,0
"2021-22","12548","Maryland","Angel Reese|Ashley Owusu|Faith Masonius|Mimi Collins|Shyanne Sellers",5,1483,1590,107,2,0,2
"2021-22","12548","Longwood","Adriana Shipp|Akila Smith|Kyla McMakin|Milou Vennema|Tra'dayja Smith",5,1528,1590,62,0,2,-2
"2021-22","12548","Maryland","Angel Reese|Faith Masonius|Katie Benzan|Mimi Collins|Shyanne Sellers",5,1590,1779,189,10,8,2
"2021-22","12548","Longwood","Adriana Shipp|Akila Smith|Anne-Hamilton Leroy|Kyla McMakin|Milou Vennema",5,1590,1800,210,8,12,-4
"2021-22","12548","Maryland","Chloe Bibby|Emma Chardon|Katie Benzan|Shyanne Sellers|Taisiya Kozlova",5,1779,1839,60,2,3,-1
"2021-22","12548","Maryland","Chloe Bibby|Faith Masonius|Katie Benzan|Shyanne Sellers|Taisiya Kozlova",5,1839,1871,32,2,3,-1
"2021-22","12548","Maryland","Ashley Owusu|Chloe Bibby|Faith Masonius|Shyanne Sellers|Taisiya Kozlova",5,1871,1936,65,0,1,-1
"2021-22","12548","Longwood","Akila Smith|Brooke Anya|Kennedy Calhoun|Kyla McMakin|Tra'dayja Smith",5,1800,1936,136,7,2,5
"2021-22","12548","Longwood","Akila Smith|Brooke Anya|Kyla McMakin|Milou Vennema|Tra'dayja Smith",5,1936,2001,65,4,0,4
"2021-22","12548","Longwood","Akila Smith|Anne-Hamilton Leroy|Geassy Germano|Kyla McMakin|Milou Vennema",5,2001,2050,49,0,3,-3
"2021-22","12548","Maryland","Angel Reese|Ashley Owusu|Chloe Bibby|Faith Masonius|Shyanne Sellers",5,1936,2189,253,10,10,0
"2021-22","12548","Longwood","Anne-Hamilton Leroy|Brooke Anya|Geassy Germano|Milou Vennema|Tra'dayja Smith",5,2050,2189,139,6,7,-1
"2021-22","12548","Maryland","Angel Reese|Chloe Bibby|Emma Chardon|Faith Masonius|Shyanne Sellers",5,2189,2198,9,0,0,0
"2021-22","12548","Longwood","Anne-Hamilton Leroy|Briana Johns|Geassy Germano|Kennedy Calhoun|Kyla McMakin",5,2189,2305,116,0,6,-6
"2021-22","12548","Maryland","Angel Reese|Emma Chardon|Faith Masonius|Shyanne Sellers|Taisiya Kozlova",5,2198,2400,202,9,3,6
"2021-22","12548","Longwood","Anne-Hamilton Leroy|Briana Johns|Cayla Copeland|Geassy Germano|Kennedy Calhoun",5,2305,2400,95,3,3,0
"2021-22","12549","Maryland","Angel Reese|Ashley Owusu|Chloe Bibby|Katie Benzan|Mimi Collins",5,0,242,242,11,10,1
"2021-22","12549","Maryland","Angel Reese|Ashley Owusu|Chloe Bibby|Faith Masonius|Katie Benzan",5,242,334,92,3,3,0
"2021-22","12549","Villanova","Brianna Herlihy|Brooke Mullin|Lior Garzon|Lucy Olsen|Maddy Siegrist",5,0,334,334,13,14,-1
"2021-22","12549","Maryland","Ashley Owusu|Faith Masonius|Katie Benzan|Mimi Collins|Shyanne Sellers",5,334,398,64,2,2,0
"2021-22","12549","Maryland","Chloe Bibby|Faith Masonius|Katie Benzan|Mimi Collins|Shyanne Sellers",5,398,420,22,0,0,0
"2021-22","12549","Villanova","Brianna Herlihy|Kaitlyn Orihel|Lior Garzon|Lucy Olsen|Maddy Siegrist",5,334,438,104,2,2,0
"2021-22","12549","Villanova","Brianna Herlihy|Kaitlyn Orihel|Kenzie Gardler|Lior Garzon|Maddy Siegrist",5,438,513,75,0,2,-2
"2021-22","12549","Maryland","Angel Reese|Chloe Bibby|Katie Benzan|Mimi Collins|Shyanne Sellers",5,420,555,135,4,2,2
"2021-22","12549","Villanova","Christina Dalce|Kaitlyn Orihel|Kenzie Gardler|Lior Garzon|Maddy Siegrist",5,513,555,42,2,2,0
"2021-22","12549","Maryland","Angel Reese|Faith Masonius|Katie Benzan|Mimi Collins|Shyanne Sellers",5,555,600,45,1,3,-2
"2021-22","12549","Villanova","Anahi-Lee Cauley|Kaitlyn Orihel|Kenzie Gardler|Lior Garzon|Maddy Siegrist",5,555,600,45,3,1,2
"2021-22","12549","Maryland","Angel Reese|Ashley Owusu|Faith Masonius|Katie Benzan|Mimi Collins",5,600,842,242,7,3,4
"2021-22","12549","Villanova","Bella Runyan|Brianna Herlihy|Brooke Mullin|Lucy Olsen|Maddy Siegrist",5,600,842,242,3,7,-4
"2021-22","12549","Villanova","Bella Runyan|Brooke Mullin|Christina Dalce|Kaitlyn Orihel|Lior Garzon",5,842,856,14,0,0,0
"2021-22","12549","Villanova","Bella Runyan|Brooke Mullin|Christina Dalce|Lior Garzon|Maddy Siegrist",5,856,862,6,0,0,0
"2021-22","12549","Maryland","Ashley Owusu|Chloe Bibby|Faith Masonius|Mimi Collins|Shyanne Sellers",5,842,932,90,4,0,4
"2021-22","12549","Villanova","Anahi-Lee Cauley|Bella Runyan|Brooke Mullin|Lior Garzon|Maddy Siegrist",5,862,932,70,0,4,-4
"2021-22","12549","Villanova","Brianna Herlihy|Brooke Mullin|Kenzie Gardler|Lior Garzon|Maddy Siegrist",5,932,957,25,0,2,-2
"2021-22","12549","Villanova","Brianna Herlihy|Brooke Mullin|Lior Garzon|Lucy Olsen|Maddy Siegrist",5,957,977,20,0,2,-2
"2021-22","12549","Maryland","Angel Reese|Ashley Owusu|Chloe Bibby|Faith Masonius|Shyanne Sellers",5,932,1006,74,4,3,1
"2021-22","12549","Maryland","Angel Reese|Ashley Owusu|Faith Masonius|Mimi Collins|Shyanne Sellers",5,1006,1089,83,2,5,-3
"2021-22","12549","Villanova","Bella Runyan|Brianna Herlihy|Lior Garzon|Lucy Olsen|Maddy Siegrist",5,977,1100,123,8,4,4
"2021-22","12549","Maryland","Angel Reese|Ashley Owusu|Faith Masonius|Katie Benzan|Mimi Collins",5,1089,1200,111,9,2,7
"2021-22","12549","Villanova","Bella Runyan|Brianna Herlihy|Kaitlyn Orihel|Lucy Olsen|Maddy Siegrist",5,1100,1200,100,2,7,-5
"2021-22","12549","Villanova","Brianna Herlihy|Brooke Mullin|Lior Garzon|Lucy Olsen|Maddy Siegrist",5,1200,1339,139,4,4,0
"2021-22","12549","Villanova","Anahi-Lee Cauley|Brooke Mullin|Kenzie Gardler|Lior Garzon|Maddy Siegrist",5,1339,1404,65,0,4,-4
"2021-22","12549","Maryland","Angel Reese|Ashley Owusu|Chloe Bibby|Katie Benzan|Mimi Collins",5,1200,1456,256,13,4,9
"2021-22","12549","Villanova","Anahi-Lee Cauley|Bella Runyan|Kenzie Gardler|Lior Garzon|Maddy Siegrist",5,1404,1456,52,0,5,-5
"2021-22","12549","Villanova","Bella Runyan|Brianna Herlihy|Kenzie Gardler|Lior Garzon|Maddy Siegrist",5,1456,1505,49,0,3,-3
"2021-22","12549","Maryland","Ashley Owusu|Chloe Bibby|Faith Masonius|Mimi Collins|Shyanne Sellers",5,1456,1558,102,5,0,5
"2021-22","12549","Villanova","Bella Runyan|Brianna Herlihy|Brooke Mullin|Lior Garzon|Maddy Siegrist",5,1505,1558,53,0,2,-2
"2021-22","12549","Villanova","Bella Runyan|Brianna Herlihy|Brooke Mullin|Kaitlyn Orihel|Maddy Siegrist",5,1558,1583,25,0,4,-4
"2021-22","12549","Maryland","Chloe Bibby|Faith Masonius|Katie Benzan|Mimi Collins|Shyanne Sellers",5,1558,1647,89,4,5,-1
"2021-22","12549","Villanova","Brooke Mullin|Christina Dalce|Kaitlyn Orihel|Lucy Olsen|Maddy Siegrist",5,1583,1708,125,5,4,1
"2021-22","12549","Maryland","Angel Reese|Faith Masonius|Katie Benzan|Shyanne Sellers|Taisiya Kozlova",5,1647,1735,88,4,3,1
"2021-22","12549","Maryland","Emma Chardon|Faith Masonius|Katie Benzan|Shyanne Sellers|Taisiya Kozlova",5,1735,1800,65,0,0,0
"2021-22","12549","Villanova","Anahi-Lee Cauley|Brooke Mullin|Kaitlyn Orihel|Lucy Olsen|Maddy Siegrist",5,1708,1800,92,3,0,3
"2021-22","12549","Villanova","Anahi-Lee Cauley|Brianna Herlihy|Brooke Mullin|Kaitlyn Orihel|Zanai Jones",5,1800,1889,89,0,2,-2
"2021-22","12549","Villanova","Bella Runyan|Brianna Herlihy|Kaitlyn Orihel|Maddy Siegrist|Zanai Jones",5,1889,1892,3,0,0,0
"2021-22","12549","Maryland","Chloe Bibby|Faith Masonius|Katie Benzan|Shyanne Sellers|Taisiya Kozlova",5,1800,2025,225,6,7,-1
"2021-22","12549","Maryland","Chloe Bibby|Emma Chardon|Faith Masonius|Katie Benzan|Taisiya Kozlova",5,2025,2070,45,0,0,0
"2021-22","12549","Villanova","Bella Runyan|Kaitlyn Orihel|Lior Garzon|Maddy Siegrist|Zanai Jones",5,1892,2070,178,7,4,3
"2021-22","12549","Villanova","Bella Runyan|Brianna Herlihy|Kaitlyn Orihel|Lior Garzon|Zanai Jones",5,2070,2200,130,8,5,3
"2021-22","12549","Maryland","Chloe Bibby|Emma Chardon|Mimi Collins|Shyanne Sellers|Taisiya Kozlova",5,2070,2296,226,9,8,1
"2021-22","12549","Villanova","Bella Runyan|Kaitlyn Orihel|Lior Garzon|Lucy Olsen|Maddy Siegrist",5,2200,2296,96,0,4,-4
"2021-22","12549","Maryland","Chloe Bibby|Emma Chardon|Faith Masonius|Shyanne Sellers|Taisiya Kozlova",5,2296,2400,104,0,7,-7
"2021-22","12549","Villanova","Bella Runyan|Christina Dalce|Kaitlyn Orihel|Lior Garzon|Lucy Olsen",5,2296,2400,104,7,0,7
"2021-22","12550","Maryland","Angel Reese|Ashley Owusu|Chloe Bibby|Katie Benzan|Mimi Collins",5,0,74,74,0,0,0
"2021-22","12550","James Madison","Annalicia Goodman|Jamia Hazell|Jaylin Carodine|Kiki Jefferson|Madison Green",5,0,250,250,4,10,-6
"2021-22","12550","Maryland","Ashley Owusu|Chloe Bibby|Faith Masonius|Katie Benzan|Mimi Collins",5,74,250,176,10,4,6
"2021-22","12550","Maryland","Ashley Owusu|Faith Masonius|Katie Benzan|Mimi Collins|Shyanne Sellers",5,250,339,89,5,2,3
"2021-22","12550","James Madison","Brianna Tinsley|Claire Neff|Kiki Jefferson|Madison Green|Steph Ouderkirk",5,250,390,140,2,7,-5
"2021-22","12550","Maryland","Angel Reese|Ashley Owusu|Faith Masonius|Katie Benzan|Shyanne Sellers",5,339,398,59,2,0,2
"2021-22","12550","James Madison","Brianna Tinsley|Claire Neff|Jaylin Carodine|Kiki Jefferson|Madison Green",5,390,420,30,0,2,-2
"2021-22","12550","Maryland","Angel Reese|Ashley Owusu|Katie Benzan|Mimi Collins|Shyanne Sellers",5,398,519,121,8,4,4
"2021-22","12550","James Madison","Annalicia Goodman|Claire Neff|Jamia Hazell|Jaylin Carodine|Madison Green",5,420,600,180,4,10,-6
"2021-22","12550","Maryland","Ashley Owusu|Faith Masonius|Katie Benzan|Mimi Collins|Shyanne Sellers",5,519,653,134,4,0,4
"2021-22","12550","Maryland","Ashley Owusu|Chloe Bibby|Faith Masonius|Katie Benzan|Mimi Collins",5,653,685,32,0,0,0
"2021-22","12550","James Madison","Annalicia Goodman|Jamia Hazell|Jaylin Carodine|Kiki Jefferson|Madison Green",5,600,711,111,0,4,-4
"2021-22","12550","James Madison","Annalicia Goodman|Brianna Tinsley|Jamia Hazell|Jaylin Carodine|Kiki Jefferson",5,711,731,20,0,0,0
"2021-22","12550","Maryland","Angel Reese|Ashley Owusu|Chloe Bibby|Faith Masonius|Katie Benzan",5,685,731,46,4,0,4
"2021-22","12550","Maryland","Angel Reese|Chloe Bibby|Faith Masonius|Katie Benzan|Shyanne Sellers",5,731,831,100,2,6,-4
"2021-22","12550","James Madison","Annalicia Goodman|Brianna Tinsley|Jamia Hazell|Kiki Jefferson|Steph Ouderkirk",5,731,858,127,7,4,3
"2021-22","12550","James Madison","Annalicia Goodman|Brianna Tinsley|Claire Neff|Jamia Hazell|Steph Ouderkirk",5,858,907,49,2,0,2
"2021-22","12550","Maryland","Ashley Owusu|Chloe Bibby|Faith Masonius|Katie Benzan|Mimi Collins",5,831,907,76,2,3,-1
"2021-22","12550","James Madison","Brianna Tinsley|Claire Neff|Jamia Hazell|Mikaya Tynes|Steph Ouderkirk",5,907,994,87,1,2,-1
"2021-22","12550","James Madison","Brianna Tinsley|Claire Neff|Jamia Hazell|Kiki Jefferson|Mikaya Tynes",5,994,1055,61,2,0,2
"2021-22","12550","James Madison","Annalicia Goodman|Brianna Tinsley|Claire Neff|Jamia Hazell|Kiki Jefferson",5,1055,1086,31,0,2,-2
"2021-22","12550","Maryland","Angel Reese|Ashley Owusu|Chloe Bibby|Katie Benzan|Mimi Collins",5,907,1086,179,4,3,1
"2021-22","12550","James Madison","Annalicia Goodman|Claire Neff|Jamia Hazell|Kiki Jefferson|Madison Green",5,1086,1110,24,0,3,-3
"2021-22","12550","Maryland","Ashley Owusu|Chloe Bibby|Katie Benzan|Mimi Collins|Shyanne Sellers",5,1086,1110,24,3,0,3
"2021-22","12550","Maryland","Ashley Owusu|Chloe Bibby|Faith Masonius|Katie Benzan|Shyanne Sellers",5,1110,1236,126,4,1,3
"2021-22","12550","James Madison","Annalicia Goodman|Claire Neff|Jamia Hazell|Jaylin Carodine|Madison Green",5,1110,1264,154,1,7,-6
"2021-22","12550","James Madison","Claire Neff|Jamia Hazell|Jaylin Carodine|Kiki Jefferson|Madison Green",5,1264,1295,31,0,0,0
"2021-22","12550","Maryland","Angel Reese|Ashley Owusu|Chloe Bibby|Katie Benzan|Mimi Collins",5,1236,1295,59,3,0,3
"2021-22","12550","James Madison","Annalicia Goodman|Jamia Hazell|Jaylin Carodine|Kiki Jefferson|Madison Green",5,1295,1315,20,0,0,0
"2021-22","12550","James Madison","Annalicia Goodman|Claire Neff|Jamia Hazell|Kiki Jefferson|Madison Green",5,1315,1417,102,6,2,4
"2021-22","12550","James Madison","Claire Neff|Jamia Hazell|Jaylin Carodine|Madison Green|Steph Ouderkirk",5,1417,1518,101,2,3,-1
"2021-22","12550","Maryland","Angel Reese|Chloe Bibby|Katie Benzan|Mimi Collins|Shyanne Sellers",5,1295,1518,223,5,8,-3
"2021-22","12550","Maryland","Chloe Bibby|Faith Masonius|Katie Benzan|Mimi Collins|Shyanne Sellers",5,1518,1553,35,0,3,-3
"2021-22","12550","James Madison","Claire Neff|Jaylin Carodine|Kiki Jefferson|Madison Green|Mikaya Tynes",5,1518,1594,76,3,2,1
"2021-22","12550","James Madison","Brianna Tinsley|Claire Neff|Jamia Hazell|Jaylin Carodine|Mikaya Tynes",5,1594,1644,50,0,2,-2
"2021-22","12550","James Madison","Annalicia Goodman|Brianna Tinsley|Jamia Hazell|Kiki Jefferson|Steph Ouderkirk",5,1644,1694,50,0,1,-1
"2021-22","12550","Maryland","Angel Reese|Chloe Bibby|Faith Masonius|Katie Benzan|Shyanne Sellers",5,1553,1746,193,9,0,9
"2021-22","12550","James Madison","Annalicia Goodman|Brianna Tinsley|Jamia Hazell|Sherese Pittman|Steph Ouderkirk",5,1694,1800,106,2,7,-5
"2021-22","12550","James Madison","Annalicia Goodman|Brianna Tinsley|Mikaya Tynes|Sherese Pittman|Steph Ouderkirk",5,1800,1896,96,0,0,0
"2021-22","12550","James Madison","Annalicia Goodman|Kiki Jefferson|Madison Green|Mikaya Tynes|Sherese Pittman",5,1896,1959,63,0,2,-2
"2021-22","12550","Maryland","Angel Reese|Chloe Bibby|Faith Masonius|Mimi Collins|Shyanne Sellers",5,1746,1959,213,5,2,3
"2021-22","12550","James Madison","Annalicia Goodman|Bailey Williams|Claire Neff|Kiki Jefferson|Madison Green",5,1959,1981,22,0,1,-1
"2021-22","12550","James Madison","Annalicia Goodman|Bailey Williams|Claire Neff|Jamia Hazell|Kiki Jefferson",5,1981,2021,40,2,0,2
"2021-22","12550","James Madison","Bailey Williams|Claire Neff|Jamia Hazell|Kiki Jefferson|Mikaya Tynes",5,2021,2119,98,0,4,-4
"2021-22","12550","James Madison","Bailey Williams|Claire Neff|Jamia Hazell|Mikaya Tynes|Sherese Pittman",5,2119,2167,48,0,2,-2
"2021-22","12550","Maryland","Angel Reese|Faith Masonius|Mimi Collins|Shyanne Sellers|Taisiya Kozlova",5,1959,2167,208,7,2,5
"2021-22","12550","James Madison","Bailey Williams|Brianna Tinsley|Mikaya Tynes|Sherese Pittman|Steph Ouderkirk",5,2167,2400,233,7,4,3
"2021-22","12550","Maryland","Emma Chardon|Faith Masonius|Mimi Collins|Shyanne Sellers|Taisiya Kozlova",5,2167,2400,233,4,7,-3
"2021-22","12551","Maryland","Angel Reese|Ashley Owusu|Chloe Bibby|Katie Benzan|Mimi Collins",5,0,132,132,3,0,3
"2021-22","12551","Mount St. Mary's","Aryna Taylor|Isabella Hunt|Kayla Agentowicz|Kendall Bresee|Michaela Harrison",5,0,188,188,0,5,-5
"2021-22","12551","Mount St. Mary's","Aryna Taylor|Isabella Hunt|Jessica Tomasetti|Kayla Agentowicz|Kendall Bresee",5,188,268,80,0,3,-3
"2021-22","12551","Maryland","Angel Reese|Ashley Owusu|Chloe Bibby|Mimi Collins|Shyanne Sellers",5,132,389,257,9,0,9
"2021-22","12551","Mount St. Mary's","Aryna Taylor|Jasmine Lindsay-Huskey|Kayla Agentowicz|Kendall Bresee|Michaela Harrison",5,268,389,121,0,4,-4
"2021-22","12551","Mount St. Mary's","Aryna Taylor|Jada Lee|Jasmine Lindsay-Huskey|Kendall Bresee|Michaela Harrison",5,389,432,43,0,2,-2
"2021-22","12551","Maryland","Ashley Owusu|Chloe Bibby|Katie Benzan|Mimi Collins|Shyanne Sellers",5,389,484,95,6,3,3
"2021-22","12551","Mount St. Mary's","Aryna Taylor|Jada Lee|Jasmine Lindsay-Huskey|Jessica Tomasetti|Kayla Agentowicz",5,432,505,73,3,5,-2
"2021-22","12551","Maryland","Angel Reese|Chloe Bibby|Katie Benzan|Mimi Collins|Shyanne Sellers",5,484,600,116,5,4,1
"2021-22","12551","Mount St. Mary's","Isabella Hunt|Jada Lee|Jessica Tomasetti|Kayla Agentowicz|Kendall Bresee",5,505,663,158,6,7,-1
"2021-22","12551","Maryland","Ashley Owusu|Chloe Bibby|Katie Benzan|Mimi Collins|Taisiya Kozlova",5,600,752,152,5,5,0
"2021-22","12551","Mount St. Mary's","Aryna Taylor|Isabella Hunt|Jada Lee|Kayla Agentowicz|Kendall Bresee",5,663,752,89,3,2,1
"2021-22","12551","Maryland","Angel Reese|Ashley Owusu|Chloe Bibby|Katie Benzan|Taisiya Kozlova",5,752,767,15,0,0,0
"2021-22","12551","Maryland","Angel Reese|Ashley Owusu|Chloe Bibby|Katie Benzan|Shyanne Sellers",5,767,895,128,10,2,8
"2021-22","12551","Mount St. Mary's","Aryna Taylor|Isabella Hunt|Kayla Agentowicz|Kendall Bresee|Michaela Harrison",5,752,895,143,2,10,-8
"2021-22","12551","Maryland","Ashley Owusu|Emma Chardon|Katie Benzan|Mimi Collins|Shyanne Sellers",5,895,1024,129,4,7,-3
"2021-22","12551","Mount St. Mary's","Aryna Taylor|Isabella Hunt|Jessica Tomasetti|Kendall Bresee|Michaela Harrison",5,895,1024,129,7,4,3
"2021-22","12551","Mount St. Mary's","Aryna Taylor|Jessica Tomasetti|Kayla Agentowicz|Kendall Bresee|Michaela Harrison",5,1024,1094,70,3,6,-3
"2021-22","12551","Maryland","Angel Reese|Ashley Owusu|Emma Chardon|Katie Benzan|Shyanne Sellers",5,1024,1130,106,6,3,3
"2021-22","12551","Maryland","Angel Reese|Emma Chardon|Katie Benzan|Shyanne Sellers|Taisiya Kozlova",5,1130,1200,70,5,1,4
"2021-22","12551","Mount St. Mary's","Aryna Taylor|Isabella Hunt|Jada Lee|Kendall Bresee|Michaela Harrison",5,1094,1200,106,1,5,-4
"2021-22","12551","Maryland","Angel Reese|Ashley Owusu|Chloe Bibby|Katie Benzan|Mimi Collins",5,1200,1346,146,8,6,2
"2021-22","12551","Maryland","Ashley Owusu|Chloe Bibby|Katie Benzan|Mimi Collins|Shyanne Sellers",5,1346,1380,34,0,2,-2
"2021-22","12551","Mount St. Mary's","Aryna Taylor|Isabella Hunt|Kayla Agentowicz|Kendall Bresee|Michaela Harrison",5,1200,1451,251,8,11,-3
"2021-22","12551","Mount St. Mary's","Aryna Taylor|Isabella Hunt|Jessica Tomasetti|Kendall Bresee|Michaela Harrison",5,1451,1453,2,0,0,0
"2021-22","12551","Mount St. Mary's","Aryna Taylor|Jasmine Lindsay-Huskey|Jessica Tomasetti|Kendall Bresee|Michaela Harrison",5,1453,1537,84,3,5,-2
"2021-22","12551","Mount St. Mary's","Jada Lee|Jasmine Lindsay-Huskey|Jessica Tomasetti|Kayla Agentowicz|Kendall Bresee",5,1537,1551,14,0,0,0
"2021-22","12551","Maryland","Chloe Bibby|Katie Benzan|Mimi Collins|Shyanne Sellers|Taisiya Kozlova",5,1380,1738,358,11,8,3
"2021-22","12551","Mount St. Mary's","Aryna Taylor|Jada Lee|Jessica Tomasetti|Kayla Agentowicz|Kendall Bresee",5,1551,1738,187,5,3,2
"2021-22","12551","Maryland","Angel Reese|Ashley Owusu|Chloe Bibby|Shyanne Sellers|Taisiya Kozlova",5,1738,1747,9,2,0,2
"2021-22","12551","Maryland","Angel Reese|Ashley Owusu|Emma Chardon|Shyanne Sellers|Taisiya Kozlova",5,1747,1800,53,0,3,-3
"2021-22","12551","Mount St. Mary's","Isabella Hunt|Jasmine Lindsay-Huskey|Jessica Tomasetti|Kendall Bresee|Michaela Harrison",5,1738,1906,168,5,5,0
"2021-22","12551","Maryland","Angel Reese|Ashley Owusu|Chloe Bibby|Emma Chardon|Shyanne Sellers",5,1800,1997,197,5,3,2
"2021-22","12551","Mount St. Mary's","Aryna Taylor|Jasmine Lindsay-Huskey|Jessica Tomasetti|Kayla Agentowicz|Michaela Harrison",5,1906,1997,91,1,2,-1
"2021-22","12551","Maryland","Angel Reese|Chloe Bibby|Emma Chardon|Shyanne Sellers|Taisiya Kozlova",5,1997,2043,46,2,2,0
"2021-22","12551","Maryland","Emma Chardon|Katie Benzan|Mimi Collins|Shyanne Sellers|Taisiya Kozlova",5,2043,2143,100,4,2,2
"2021-22","12551","Maryland","Angel Reese|Katie Benzan|Mimi Collins|Shyanne Sellers|Taisiya Kozlova",5,2143,2247,104,5,3,2
"2021-22","12551","Maryland","Angel Reese|Emma Chardon|Katie Benzan|Shyanne Sellers|Taisiya Kozlova",5,2247,2400,153,8,3,5
"2021-22","12551","Mount St. Mary's","Abby Bailey|Aryna Taylor|Jada Lee|Jasmine Lindsay-Huskey|Jessica Tomasetti",5,1997,2400,403,10,19,-9
"2021-22","12552","Maryland","Angel Reese|Ashley Owusu|Chloe Bibby|Katie Benzan|Mimi Collins",5,0,172,172,3,4,-1
"2021-22","12552","Uncw","Carrie Gross|Dejah Carter|Mary McMillan|Micah Hoggatt|Sierra DaCosta",5,0,195,195,4,3,1
"2021-22","12552","Maryland","Ashley Owusu|Chloe Bibby|Diamond Miller|Katie Benzan|Mimi Collins",5,172,238,66,1,0,1
"2021-22","12552","Uncw","Allie Best|Dejah Carter|Mary McMillan|Micah Hoggatt|Sierra DaCosta",5,195,238,43,0,1,-1
"2021-22","12552","Uncw","Allie Best|Mary McMillan|Micah Hoggatt|Sierra DaCosta|Vita Stam",5,238,315,77,0,4,-4
"2021-22","12552","Maryland","Ashley Owusu|Chloe Bibby|Diamond Miller|Mimi Collins|Shyanne Sellers",5,238,315,77,4,0,4
"2021-22","12552","Uncw","Allie Best|Dejah Carter|Mary McMillan|Micah Hoggatt|Sierra DaCosta",5,315,325,10,0,2,-2
"2021-22","12552","Maryland","Ashley Owusu|Chloe Bibby|Katie Benzan|Mimi Collins|Shyanne Sellers",5,315,360,45,2,0,2
"2021-22","12552","Uncw","Allie Best|Dejah Carter|Jayde Gamble|Micah Hoggatt|Sierra DaCosta",5,325,371,46,0,2,-2
"2021-22","12552","Maryland","Chloe Bibby|Diamond Miller|Katie Benzan|Mimi Collins|Shyanne Sellers",5,360,382,22,4,0,4
"2021-22","12552","Uncw","Allie Best|Dejah Carter|Mary McMillan|Micah Hoggatt|Sierra DaCosta",5,371,449,78,1,2,-1
"2021-22","12552","Maryland","Ashley Owusu|Chloe Bibby|Diamond Miller|Mimi Collins|Shyanne Sellers",5,382,464,82,1,1,0
"2021-22","12552","Uncw","Allie Best|Dazia Powell|Dejah Carter|Mary McMillan|Sierra DaCosta",5,449,600,151,5,7,-2
"2021-22","12552","Uncw","Allie Best|Dazia Powell|Evan Miller|Jaliya Sharp|Mary McMillan",5,600,707,107,2,5,-3
"2021-22","12552","Uncw","Allie Best|Dazia Powell|Evan Miller|Jaliya Sharp|Rinnah Green",5,707,755,48,2,3,-1
"2021-22","12552","Uncw","Allie Best|Dazia Powell|Dejah Carter|Evan Miller|Rinnah Green",5,755,800,45,0,2,-2
"2021-22","12552","Uncw","Carrie Gross|Dejah Carter|Mary McMillan|Micah Hoggatt|Sierra DaCosta",5,800,816,16,0,0,0
"2021-22","12552","Maryland","Angel Reese|Ashley Owusu|Chloe Bibby|Mimi Collins|Shyanne Sellers",5,464,842,378,16,9,7
"2021-22","12552","Uncw","Dazia Powell|Dejah Carter|Mary McMillan|Micah Hoggatt|Sierra DaCosta",5,816,1001,185,3,7,-4
"2021-22","12552","Maryland","Angel Reese|Ashley Owusu|Chloe Bibby|Katie Benzan|Shyanne Sellers",5,842,1035,193,11,3,8
"2021-22","12552","Uncw","Allie Best|Dazia Powell|Mary McMillan|Micah Hoggatt|Sierra DaCosta",5,1001,1035,34,0,4,-4
"2021-22","12552","Maryland","Angel Reese|Ashley Owusu|Chloe Bibby|Katie Benzan|Taisiya Kozlova",5,1035,1100,65,2,1,1
"2021-22","12552","Uncw","Allie Best|Evan Miller|Jayde Gamble|Micah Hoggatt|Sierra DaCosta",5,1035,1100,65,1,2,-1
"2021-22","12552","Maryland","Ashley Owusu|Chloe Bibby|Emma Chardon|Katie Benzan|Taisiya Kozlova",5,1100,1139,39,3,2,1
"2021-22","12552","Uncw","Allie Best|Britany Range|Evan Miller|Jayde Gamble|Micah Hoggatt",5,1100,1181,81,2,6,-4
"2021-22","12552","Maryland","Chloe Bibby|Emma Chardon|Katie Benzan|Shyanne Sellers|Taisiya Kozlova",5,1139,1200,61,3,2,1
"2021-22","12552","Uncw","Allie Best|Dazia Powell|Evan Miller|Jayde Gamble|Micah Hoggatt",5,1181,1200,19,2,0,2
"2021-22","12552","Uncw","Carrie Gross|Dejah Carter|Mary McMillan|Micah Hoggatt|Sierra DaCosta",5,1200,1220,20,0,2,-2
"2021-22","12552","Uncw","Allie Best|Carrie Gross|Dejah Carter|Micah Hoggatt|Sierra DaCosta",5,1220,1281,61,3,0,3
"2021-22","12552","Uncw","Allie Best|Carrie Gross|Dejah Carter|Sierra DaCosta|Vita Stam",5,1281,1318,37,0,5,-5
"2021-22","12552","Uncw","Allie Best|Carrie Gross|Dazia Powell|Sierra DaCosta|Vita Stam",5,1318,1327,9,0,2,-2
"2021-22","12552","Maryland","Angel Reese|Ashley Owusu|Chloe Bibby|Katie Benzan|Mimi Collins",5,1200,1370,170,10,3,7
"2021-22","12552","Maryland","Angel Reese|Ashley Owusu|Chloe Bibby|Katie Benzan|Shyanne Sellers",5,1370,1400,30,0,3,-3
"2021-22","12552","Maryland","Angel Reese|Ashley Owusu|Chloe Bibby|Shyanne Sellers|Taisiya Kozlova",5,1400,1542,142,6,6,0
"2021-22","12552","Uncw","Allie Best|Carrie Gross|Evan Miller|Sierra DaCosta|Vita Stam",5,1327,1542,215,9,7,2
"2021-22","12552","Maryland","Angel Reese|Ashley Owusu|Mimi Collins|Shyanne Sellers|Taisiya Kozlova",5,1542,1565,23,2,0,2
"2021-22","12552","Maryland","Angel Reese|Katie Benzan|Mimi Collins|Shyanne Sellers|Taisiya Kozlova",5,1565,1668,103,4,7,-3
"2021-22","12552","Maryland","Angel Reese|Emma Chardon|Katie Benzan|Shyanne Sellers|Taisiya Kozlova",5,1668,1778,110,6,2,4
"2021-22","12552","Uncw","Allie Best|Dejah Carter|Evan Miller|Jayde Gamble|Sierra DaCosta",5,1542,1838,296,11,16,-5
"2021-22","12552","Maryland","Emma Chardon|Katie Benzan|Mimi Collins|Shyanne Sellers|Taisiya Kozlova",5,1778,2005,227,11,9,2
"2021-22","12552","Uncw","Allie Best|Carrie Gross|Dejah Carter|Evan Miller|Jayde Gamble",5,1838,2005,167,7,7,0
"2021-22","12552","Maryland","Angel Reese|Emma Chardon|Katie Benzan|Shyanne Sellers|Taisiya Kozlova",5,2005,2062,57,5,0,5
"2021-22","12552","Uncw","Carrie Gross|Dazia Powell|Jayde Gamble|Mary McMillan|Vita Stam",5,2005,2172,167,2,10,-8
"2021-22","12552","Uncw","Carrie Gross|Dazia Powell|Jaliya Sharp|Jayde Gamble|Mary McMillan",5,2172,2275,103,4,4,0
"2021-22","12552","Maryland","Emma Chardon|Katie Benzan|Mimi Collins|Shyanne Sellers|Taisiya Kozlova",5,2062,2400,338,14,14,0
"2021-22","12552","Uncw","Carrie Gross|Dazia Powell|Jayde Gamble|Mary McMillan|Vita Stam",5,2275,2400,125,8,5,3
"2021-22","12553","Maryland","Angel Reese|Ashley Owusu|Chloe Bibby|Mimi Collins|Shyanne Sellers",5,0,290,290,7,6,1
"2021-22","12553","Baylor","Ja'Mee Asberry|Jordan Lewis|NaLyssa Smith|Queen Egbo|Sarah Andrews",5,0,424,424,11,11,0
"2021-22","12553","Maryland","Ashley Owusu|Chloe Bibby|Diamond Miller|Mimi Collins|Shyanne Sellers",5,290,508,218,6,13,-7
"2021-22","12553","Baylor","Caitlin Bickle|Jaden Owens|Jordan Lewis|NaLyssa Smith|Sarah Andrews",5,424,735,311,15,11,4
"2021-22","12553","Maryland","Angel Reese|Ashley Owusu|Chloe Bibby|Mimi Collins|Shyanne Sellers",5,508,735,227,9,7,2
"2021-22","12553","Baylor","Caitlin Bickle|Jaden Owens|Jordan Lewis|Queen Egbo|Sarah Andrews",5,735,800,65,2,3,-1
"2021-22","12553","Maryland","Ashley Owusu|Chloe Bibby|Diamond Miller|Mimi Collins|Shyanne Sellers",5,735,871,136,5,2,3
"2021-22","12553","Baylor","Caitlin Bickle|Ja'Mee Asberry|Jaden Owens|Queen Egbo|Sarah Andrews",5,800,886,86,0,2,-2
"2021-22","12553","Maryland","Chloe Bibby|Diamond Miller|Mimi Collins|Shyanne Sellers|Taisiya Kozlova",5,871,918,47,2,3,-1
"2021-22","12553","Maryland","Ashley Owusu|Chloe Bibby|Diamond Miller|Mimi Collins|Shyanne Sellers",5,918,1082,164,11,2,9
"2021-22","12553","Baylor","Ja'Mee Asberry|Jaden Owens|NaLyssa Smith|Queen Egbo|Sarah Andrews",5,886,1082,196,5,13,-8
"2021-22","12553","Maryland","Ashley Owusu|Chloe Bibby|Mimi Collins|Shyanne Sellers|Taisiya Kozlova",5,1082,1200,118,2,2,0
"2021-22","12553","Baylor","Caitlin Bickle|Jaden Owens|Jordan Lewis|NaLyssa Smith|Sarah Andrews",5,1082,1200,118,2,2,0
"2021-22","12553","Maryland","Angel Reese|Ashley Owusu|Chloe Bibby|Mimi Collins|Shyanne Sellers",5,1200,1481,281,13,7,6
"2021-22","12553","Baylor","Ja'Mee Asberry|Jordan Lewis|NaLyssa Smith|Queen Egbo|Sarah Andrews",5,1200,1481,281,7,13,-6
"2021-22","12553","Maryland","Ashley Owusu|Chloe Bibby|Diamond Miller|Mimi Collins|Shyanne Sellers",5,1481,1546,65,2,2,0
"2021-22","12553","Baylor","Caitlin Bickle|Ja'Mee Asberry|Jordan Lewis|NaLyssa Smith|Sarah Andrews",5,1481,1706,225,9,6,3
"2021-22","12553","Maryland","Ashley Owusu|Chloe Bibby|Mimi Collins|Shyanne Sellers|Taisiya Kozlova",5,1546,1778,232,7,11,-4
"2021-22","12553","Maryland","Angel Reese|Ashley Owusu|Chloe Bibby|Mimi Collins|Taisiya Kozlova",5,1778,1800,22,0,0,0
"2021-22","12553","Maryland","Angel Reese|Ashley Owusu|Chloe Bibby|Mimi Collins|Shyanne Sellers",5,1800,1834,34,0,0,0
"2021-22","12553","Baylor","Caitlin Bickle|Jaden Owens|Jordan Lewis|NaLyssa Smith|Sarah Andrews",5,1706,2040,334,10,9,1
"2021-22","12553","Maryland","Ashley Owusu|Chloe Bibby|Mimi Collins|Shyanne Sellers|Taisiya Kozlova",5,1834,2103,269,7,8,-1
"2021-22","12553","Baylor","Caitlin Bickle|Ja'Mee Asberry|Jaden Owens|Jordan Lewis|NaLyssa Smith",5,2040,2218,178,4,4,0
"2021-22","12553","Maryland","Angel Reese|Ashley Owusu|Chloe Bibby|Mimi Collins|Shyanne Sellers",5,2103,2400,297,8,13,-5
"2021-22","12553","Baylor","Caitlin Bickle|Ja'Mee Asberry|Jordan Lewis|NaLyssa Smith|Sarah Andrews",5,2218,2400,182,11,5,6
"2021-22","12554","Maryland","Angel Reese|Ashley Owusu|Chloe Bibby|Katie Benzan|Mimi Collins",5,0,283,283,5,4,1
"2021-22","12554","South Carolina","Aliyah Boston|Brea Beal|Laeticia Amihere|Victaria Saxton|Zia Cooke",5,0,283,283,4,5,-1
"2021-22","12554","Maryland","Angel Reese|Ashley Owusu|Katie Benzan|Mimi Collins|Shyanne Sellers",5,283,337,54,2,2,0
"2021-22","12554","South Carolina","Aliyah Boston|Brea Beal|Kamilla Cardoso|Laeticia Amihere|Zia Cooke",5,283,337,54,2,2,0
"2021-22","12554","Maryland","Ashley Owusu|Faith Masonius|Katie Benzan|Mimi Collins|Shyanne Sellers",5,337,449,112,6,4,2
"2021-22","12554","South Carolina","Aliyah Boston|Kamilla Cardoso|Laeticia Amihere|Saniya Rivers|Zia Cooke",5,337,570,233,5,6,-1
"2021-22","12554","South Carolina","Brea Beal|Kamilla Cardoso|LeLe Grissett|Saniya Rivers|Zia Cooke",5,570,600,30,2,0,2
"2021-22","12554","Maryland","Ashley Owusu|Chloe Bibby|Katie Benzan|Mimi Collins|Shyanne Sellers",5,449,600,151,0,3,-3
"2021-22","12554","South Carolina","Aliyah Boston|Brea Beal|Laeticia Amihere|LeLe Grissett|Saniya Rivers",5,600,721,121,4,6,-2
"2021-22","12554","Maryland","Angel Reese|Ashley Owusu|Chloe Bibby|Katie Benzan|Mimi Collins",5,600,721,121,6,4,2
"2021-22","12554","South Carolina","Aliyah Boston|Brea Beal|LeLe Grissett|Saniya Rivers|Zia Cooke",5,721,792,71,5,0,5
"2021-22","12554","Maryland","Angel Reese|Ashley Owusu|Chloe Bibby|Katie Benzan|Shyanne Sellers",5,721,792,71,0,5,-5
"2021-22","12554","South Carolina","Aliyah Boston|Brea Beal|Laeticia Amihere|Saniya Rivers|Zia Cooke",5,792,858,66,3,2,1
"2021-22","12554","Maryland","Angel Reese|Ashley Owusu|Faith Masonius|Katie Benzan|Mimi Collins",5,792,887,95,2,3,-1
"2021-22","12554","Maryland","Ashley Owusu|Chloe Bibby|Faith Masonius|Katie Benzan|Mimi Collins",5,887,907,20,0,2,-2
"2021-22","12554","South Carolina","Brea Beal|Laeticia Amihere|Saniya Rivers|Victaria Saxton|Zia Cooke",5,858,995,137,2,2,0
"2021-22","12554","Maryland","Angel Reese|Ashley Owusu|Chloe Bibby|Faith Masonius|Katie Benzan",5,907,995,88,2,0,2
"2021-22","12554","South Carolina","Aliyah Boston|Brea Beal|Kamilla Cardoso|Saniya Rivers|Zia Cooke",5,995,1134,139,3,5,-2
"2021-22","12554","Maryland","Ashley Owusu|Chloe Bibby|Faith Masonius|Katie Benzan|Mimi Collins",5,995,1134,139,5,3,2
"2021-22","12554","South Carolina","Aliyah Boston|Laeticia Amihere|LeLe Grissett|Saniya Rivers|Zia Cooke",5,1134,1200,66,4,2,2
"2021-22","12554","Maryland","Angel Reese|Chloe Bibby|Faith Masonius|Katie Benzan|Shyanne Sellers",5,1134,1200,66,2,4,-2
"2021-22","12554","Maryland","Angel Reese|Ashley Owusu|Chloe Bibby|Katie Benzan|Mimi Collins",5,1200,1523,323,10,13,-3
"2021-22","12554","South Carolina","Aliyah Boston|Brea Beal|Laeticia Amihere|Victaria Saxton|Zia Cooke",5,1200,1671,471,14,14,0
"2021-22","12554","Maryland","Angel Reese|Faith Masonius|Katie Benzan|Mimi Collins|Shyanne Sellers",5,1523,1671,148,4,1,3
"2021-22","12554","Maryland","Angel Reese|Ashley Owusu|Faith Masonius|Katie Benzan|Mimi Collins",5,1671,1725,54,2,2,0
"2021-22","12554","South Carolina","Aliyah Boston|Brea Beal|Saniya Rivers|Victaria Saxton|Zia Cooke",5,1671,1725,54,2,2,0
"2021-22","12554","South Carolina","Aliyah Boston|Brea Beal|LeLe Grissett|Saniya Rivers|Zia Cooke",5,1725,1748,23,0,0,0
"2021-22","12554","South Carolina","Brea Beal|Laeticia Amihere|LeLe Grissett|Saniya Rivers|Zia Cooke",5,1748,1775,27,0,1,-1
"2021-22","12554","Maryland","Angel Reese|Ashley Owusu|Chloe Bibby|Faith Masonius|Katie Benzan",5,1725,1775,50,1,0,1
"2021-22","12554","Maryland","Ashley Owusu|Chloe Bibby|Faith Masonius|Katie Benzan|Shyanne Sellers",5,1775,1791,16,0,1,-1
"2021-22","12554","South Carolina","Bree Hall|Laeticia Amihere|LeLe Grissett|Saniya Rivers|Zia Cooke",5,1775,1800,25,1,0,1
"2021-22","12554","Maryland","Angel Reese|Ashley Owusu|Chloe Bibby|Faith Masonius|Katie Benzan",5,1791,1800,9,0,0,0
"2021-22","12554","South Carolina","Aliyah Boston|Bree Hall|LeLe Grissett|Saniya Rivers|Zia Cooke",5,1800,1879,79,2,2,0
"2021-22","12554","Maryland","Angel Reese|Ashley Owusu|Chloe Bibby|Katie Benzan|Mimi Collins",5,1800,1949,149,4,2,2
"2021-22","12554","South Carolina","Aliyah Boston|Brea Beal|LeLe Grissett|Saniya Rivers|Zia Cooke",5,1879,1959,80,0,2,-2
"2021-22","12554","Maryland","Ashley Owusu|Chloe Bibby|Faith Masonius|Katie Benzan|Mimi Collins",5,1949,2049,100,4,0,4
"2021-22","12554","Maryland","Angel Reese|Ashley Owusu|Chloe Bibby|Faith Masonius|Katie Benzan",5,2049,2256,207,1,7,-6
"2021-22","12554","Maryland","Angel Reese|Chloe Bibby|Katie Benzan|Mimi Collins|Shyanne Sellers",5,2256,2352,96,3,1,2
"2021-22","12554","South Carolina","Aliyah Boston|Laeticia Amihere|Saniya Rivers|Victaria Saxton|Zia Cooke",5,1959,2352,393,9,8,1
"2021-22","12554","Maryland","Angel Reese|Chloe Bibby|Faith Masonius|Katie Benzan|Shyanne Sellers",5,2352,2368,16,0,1,-1
"2021-22","12554","Maryland","Angel Reese|Ashley Owusu|Chloe Bibby|Faith Masonius|Katie Benzan",5,2368,2375,7,0,2,-2
"2021-22","12554","Maryland","Angel Reese|Ashley Owusu|Chloe Bibby|Katie Benzan|Mimi Collins",5,2375,2382,7,0,0,0
"2021-22","12554","South Carolina","Aliyah Boston|Brea Beal|Laeticia Amihere|Victaria Saxton|Zia Cooke",5,2352,2388,36,2,0,2
"2021-22","12554","Maryland","Angel Reese|Ashley Owusu|Chloe Bibby|Faith Masonius|Katie Benzan",5,2382,2388,6,0,0,0
"2021-22","12554","South Carolina","Brea Beal|Bree Hall|LeLe Grissett|Sania Feagin|Saniya Rivers",5,2388,2400,12,2,0,2
"2021-22","12554","Maryland","Angel Reese|Ashley Owusu|Chloe Bibby|Faith Masonius|Shyanne Sellers",5,2388,2400,12,0,2,-2
"2021-22","12555","Coppin St.","Alexandria Hamilton|Aliyah Lawson|Colleen Bucknor|Jalynda Salley|Mossi Staples",5,0,176,176,3,4,-1
"2021-22","12555","Maryland","Angel Reese|Ashley Owusu|Chloe Bibby|Katie Benzan|Mimi Collins",5,0,176,176,4,3,1
"2021-22","12555","Coppin St.","Alexandria Hamilton|Aliyah Lawson|Colleen Bucknor|Jewel Watkins|Mossi Staples",5,176,222,46,2,2,0
"2021-22","12555","Maryland","Angel Reese|Ashley Owusu|Chloe Bibby|Diamond Miller|Faith Masonius",5,176,222,46,2,2,0
"2021-22","12555","Maryland","Angel Reese|Ashley Owusu|Diamond Miller|Faith Masonius|Katie Benzan",5,222,254,32,3,0,3
"2021-22","12555","Coppin St.","Alexandria Hamilton|Colleen Bucknor|Hope Evans|Jewel Watkins|Mossi Staples",5,222,254,32,0,3,-3
"2021-22","12555","Coppin St.","Colleen Bucknor|Cortney Gardner|Hope Evans|Jewel Watkins|Mossi Staples",5,254,325,71,0,7,-7
"2021-22","12555","Maryland","Ashley Owusu|Diamond Miller|Faith Masonius|Katie Benzan|Mimi Collins",5,254,398,144,9,2,7
"2021-22","12555","Maryland","Diamond Miller|Faith Masonius|Katie Benzan|Mimi Collins|Shyanne Sellers",5,398,438,40,0,2,-2
"2021-22","12555","Coppin St.","Alexandria Hamilton|Aliyah Lawson|Hope Evans|Jalynda Salley|Jewel Watkins",5,325,479,154,4,6,-2
"2021-22","12555","Maryland","Angel Reese|Diamond Miller|Faith Masonius|Katie Benzan|Shyanne Sellers",5,438,479,41,4,0,4
"2021-22","12555","Coppin St.","Alexandria Hamilton|Aliyah Lawson|Colleen Bucknor|Jalynda Salley|Mossi Staples",5,479,517,38,0,4,-4
"2021-22","12555","Maryland","Angel Reese|Chloe Bibby|Faith Masonius|Katie Benzan|Shyanne Sellers",5,479,543,64,4,2,2
"2021-22","12555","Coppin St.","Alexandria Hamilton|Colleen Bucknor|Cortney Gardner|Jalynda Salley|Mossi Staples",5,517,573,56,4,2,2
"2021-22","12555","Coppin St.","Alexandria Hamilton|Colleen Bucknor|Cortney Gardner|Khya Jenkins|Mossi Staples",5,573,600,27,0,0,0
"2021-22","12555","Maryland","Angel Reese|Ashley Owusu|Chloe Bibby|Faith Masonius|Shyanne Sellers",5,543,600,57,2,2,0
"2021-22","12555","Coppin St.","Alexandria Hamilton|Aliyah Lawson|Jalynda Salley|Jewel Watkins|Mossi Staples",5,600,684,84,0,6,-6
"2021-22","12555","Maryland","Angel Reese|Ashley Owusu|Chloe Bibby|Katie Benzan|Mimi Collins",5,600,705,105,9,0,9
"2021-22","12555","Coppin St.","Aliyah Lawson|Colleen Bucknor|Jalynda Salley|Jewel Watkins|Mossi Staples",5,684,740,56,0,3,-3
"2021-22","12555","Maryland","Angel Reese|Ashley Owusu|Chloe Bibby|Diamond Miller|Mimi Collins",5,705,740,35,0,0,0
"2021-22","12555","Coppin St.","Colleen Bucknor|Hope Evans|Jalynda Salley|Jewel Watkins|Mossi Staples",5,740,787,47,4,0,4
"2021-22","12555","Coppin St.","Aliyah Lawson|Colleen Bucknor|Hope Evans|Jewel Watkins|Mossi Staples",5,787,914,127,3,9,-6
"2021-22","12555","Maryland","Angel Reese|Ashley Owusu|Chloe Bibby|Diamond Miller|Shyanne Sellers",5,740,914,174,9,7,2
"2021-22","12555","Maryland","Angel Reese|Ashley Owusu|Faith Masonius|Shyanne Sellers|Taisiya Kozlova",5,914,1067,153,5,4,1
"2021-22","12555","Maryland","Angel Reese|Faith Masonius|Katie Benzan|Mimi Collins|Taisiya Kozlova",5,1067,1068,1,0,0,0
"2021-22","12555","Coppin St.","Alexandria Hamilton|Aliyah Lawson|Colleen Bucknor|Hope Evans|Jalynda Salley",5,914,1111,197,4,8,-4
"2021-22","12555","Coppin St.","Alexandria Hamilton|Colleen Bucknor|Hope Evans|Jalynda Salley|Mossi Staples",5,1111,1200,89,0,2,-2
"2021-22","12555","Maryland","Chloe Bibby|Diamond Miller|Katie Benzan|Mimi Collins|Taisiya Kozlova",5,1068,1200,132,5,0,5
"2021-22","12555","Coppin St.","Alexandria Hamilton|Aliyah Lawson|Colleen Bucknor|Jalynda Salley|Mossi Staples",5,1200,1367,167,3,4,-1
"2021-22","12555","Coppin St.","Alexandria Hamilton|Aliyah Lawson|Colleen Bucknor|Jewel Watkins|Mossi Staples",5,1367,1432,65,2,3,-1
"2021-22","12555","Maryland","Angel Reese|Ashley Owusu|Chloe Bibby|Katie Benzan|Mimi Collins",5,1200,1432,232,7,5,2
"2021-22","12555","Coppin St.","Alexandria Hamilton|Colleen Bucknor|Hope Evans|Jewel Watkins|Mossi Staples",5,1432,1483,51,0,0,0
"2021-22","12555","Maryland","Angel Reese|Chloe Bibby|Diamond Miller|Katie Benzan|Mimi Collins",5,1432,1493,61,0,0,0
"2021-22","12555","Coppin St.","Alexandria Hamilton|Colleen Bucknor|Cortney Gardner|Hope Evans|Jewel Watkins",5,1483,1535,52,0,2,-2
"2021-22","12555","Coppin St.","Aliyah Lawson|Cortney Gardner|Jalynda Salley|Jewel Watkins|Mossi Staples",5,1535,1617,82,4,4,0
"2021-22","12555","Maryland","Diamond Miller|Faith Masonius|Katie Benzan|Mimi Collins|Shyanne Sellers",5,1493,1617,124,6,4,2
"2021-22","12555","Coppin St.","Cortney Gardner|Hope Evans|Jalynda Salley|Jewel Watkins|Mossi Staples",5,1617,1738,121,0,7,-7
"2021-22","12555","Maryland","Chloe Bibby|Diamond Miller|Katie Benzan|Mimi Collins|Shyanne Sellers",5,1617,1738,121,7,0,7
"2021-22","12555","Maryland","Ashley Owusu|Chloe Bibby|Mimi Collins|Shyanne Sellers|Taisiya Kozlova",5,1738,1800,62,2,4,-2
"2021-22","12555","Coppin St.","Aliyah Lawson|Colleen Bucknor|Hope Evans|Jalynda Salley|Mossi Staples",5,1738,1852,114,6,3,3
"2021-22","12555","Coppin St.","Aliyah Lawson|Colleen Bucknor|Hope Evans|Jewel Watkins|Mossi Staples",5,1852,1990,138,3,4,-1
"2021-22","12555","Coppin St.","Alexandria Hamilton|Colleen Bucknor|Hope Evans|Jewel Watkins|Mossi Staples",5,1990,2065,75,0,6,-6
"2021-22","12555","Coppin St.","Alexandria Hamilton|Hope Evans|Jewel Watkins|Khya Jenkins|Mossi Staples",5,2065,2095,30,2,0,2
"2021-22","12555","Maryland","Angel Reese|Ashley Owusu|Faith Masonius|Shyanne Sellers|Taisiya Kozlova",5,1800,2095,295,11,7,4
"2021-22","12555","Coppin St.","Alexandria Hamilton|Cortney Gardner|Hope Evans|Jewel Watkins|Khya Jenkins",5,2095,2195,100,0,2,-2
"2021-22","12555","Maryland","Ashley Owusu|Chloe Bibby|Diamond Miller|Katie Benzan|Mimi Collins",5,2095,2195,100,2,0,2
"2021-22","12555","Maryland","Diamond Miller|Faith Masonius|Katie Benzan|Mimi Collins|Taisiya Kozlova",5,2195,2237,42,0,2,-2
"2021-22","12555","Coppin St.","Cortney Gardner|Hope Evans|Jewel Watkins|Khya Jenkins|Mossi Staples",5,2195,2400,205,8,7,1
"2021-22","12555","Maryland","Diamond Miller|Faith Masonius|Mimi Collins|Shyanne Sellers|Taisiya Kozlova",5,2237,2400,163,7,6,1
"2021-22","12584","Maryland","Angel Reese|Ashley Owusu|Chloe Bibby|Katie Benzan|Mimi Collins",5,0,77,77,0,2,-2
"2021-22","12584","Miami (FL)","Ja'Leah Williams|Karla Erjavec|Kelsey Marshall|Lola Pendande|Naomi Mbandu",5,0,77,77,2,0,2
"2021-22","12584","Maryland","Ashley Owusu|Chloe Bibby|Faith Masonius|Katie Benzan|Mimi Collins",5,77,79,2,0,0,0
"2021-22","12584","Maryland","Angel Reese|Ashley Owusu|Chloe Bibby|Katie Benzan|Mimi Collins",5,79,235,156,4,7,-3
"2021-22","12584","Maryland","Chloe Bibby|Faith Masonius|Katie Benzan|Mimi Collins|Shyanne Sellers",5,235,289,54,0,0,0
"2021-22","12584","Miami (FL)","Ja'Leah Williams|Karla Erjavec|Kelsey Marshall|Maeva Djaldi-Tabdi|Naomi Mbandu",5,77,289,212,7,4,3
"2021-22","12584","Maryland","Ashley Owusu|Faith Masonius|Katie Benzan|Mimi Collins|Shyanne Sellers",5,289,333,44,2,2,0
"2021-22","12584","Miami (FL)","Ja'Leah Williams|Kelsey Marshall|Maeva Djaldi-Tabdi|Moulayna Johnson Sidi Baba|Mykea Gray",5,289,333,44,2,2,0
"2021-22","12584","Maryland","Angel Reese|Ashley Owusu|Faith Masonius|Katie Benzan|Shyanne Sellers",5,333,407,74,4,2,2
"2021-22","12584","Miami (FL)","Ja'Leah Williams|Kelsey Marshall|Lola Pendande|Moulayna Johnson Sidi Baba|Mykea Gray",5,333,427,94,2,4,-2
"2021-22","12584","Maryland","Angel Reese|Ashley Owusu|Chloe Bibby|Faith Masonius|Shyanne Sellers",5,407,429,22,0,0,0
"2021-22","12584","Maryland","Ashley Owusu|Chloe Bibby|Faith Masonius|Mimi Collins|Shyanne Sellers",5,429,520,91,3,0,3
"2021-22","12584","Miami (FL)","Kelsey Marshall|Lashae Dwyer|Moulayna Johnson Sidi Baba|Mykea Gray|Naomi Mbandu",5,427,520,93,0,3,-3
"2021-22","12584","Miami (FL)","Karla Erjavec|Kelsey Marshall|Lashae Dwyer|Moulayna Johnson Sidi Baba|Naomi Mbandu",5,520,540,20,0,0,0
"2021-22","12584","Maryland","Chloe Bibby|Faith Masonius|Katie Benzan|Mimi Collins|Shyanne Sellers",5,520,567,47,2,4,-2
"2021-22","12584","Miami (FL)","Ja'Leah Williams|Karla Erjavec|Lashae Dwyer|Moulayna Johnson Sidi Baba|Naomi Mbandu",5,540,600,60,5,4,1
"2021-22","12584","Maryland","Ashley Owusu|Chloe Bibby|Katie Benzan|Mimi Collins|Shyanne Sellers",5,567,708,141,4,1,3
"2021-22","12584","Maryland","Angel Reese|Ashley Owusu|Faith Masonius|Mimi Collins|Shyanne Sellers",5,708,796,88,4,1,3
"2021-22","12584","Miami (FL)","Ja'Leah Williams|Karla Erjavec|Lashae Dwyer|Maeva Djaldi-Tabdi|Naomi Mbandu",5,600,796,196,1,6,-5
"2021-22","12584","Maryland","Angel Reese|Ashley Owusu|Chloe Bibby|Faith Masonius|Shyanne Sellers",5,796,990,194,7,7,0
"2021-22","12584","Maryland","Angel Reese|Ashley Owusu|Chloe Bibby|Faith Masonius|Mimi Collins",5,990,1056,66,1,5,-4
"2021-22","12584","Miami (FL)","Jasmyne Roberts|Karla Erjavec|Kelsey Marshall|Lola Pendande|Naomi Mbandu",5,796,1056,260,12,8,4
"2021-22","12584","Miami (FL)","Jasmyne Roberts|Karla Erjavec|Kelsey Marshall|Maeva Djaldi-Tabdi|Naomi Mbandu",5,1056,1072,16,0,2,-2
"2021-22","12584","Miami (FL)","Jasmyne Roberts|Karla Erjavec|Kelsey Marshall|Lola Pendande|Naomi Mbandu",5,1072,1171,99,5,2,3
"2021-22","12584","Maryland","Angel Reese|Ashley Owusu|Faith Masonius|Katie Benzan|Mimi Collins",5,1056,1200,144,5,5,0
"2021-22","12584","Miami (FL)","Karla Erjavec|Kelsey Marshall|Lola Pendande|Mykea Gray|Naomi Mbandu",5,1171,1200,29,0,1,-1
"2021-22","12584","Maryland","Angel Reese|Ashley Owusu|Chloe Bibby|Katie Benzan|Mimi Collins",5,1200,1301,101,4,3,1
"2021-22","12584","Maryland","Ashley Owusu|Chloe Bibby|Faith Masonius|Katie Benzan|Mimi Collins",5,1301,1328,27,2,0,2
"2021-22","12584","Miami (FL)","Ja'Leah Williams|Karla Erjavec|Kelsey Marshall|Lola Pendande|Naomi Mbandu",5,1200,1334,134,3,6,-3
"2021-22","12584","Miami (FL)","Ja'Leah Williams|Karla Erjavec|Kelsey Marshall|Maeva Djaldi-Tabdi|Naomi Mbandu",5,1334,1418,84,2,2,0
"2021-22","12584","Maryland","Angel Reese|Ashley Owusu|Faith Masonius|Katie Benzan|Mimi Collins",5,1328,1424,96,3,2,1
"2021-22","12584","Maryland","Ashley Owusu|Chloe Bibby|Faith Masonius|Katie Benzan|Mimi Collins",5,1424,1470,46,0,4,-4
"2021-22","12584","Miami (FL)","Ja'Leah Williams|Karla Erjavec|Kelsey Marshall|Maeva Djaldi-Tabdi|Moulayna Johnson Sidi Baba",5,1418,1470,52,4,3,1
"2021-22","12584","Maryland","Angel Reese|Ashley Owusu|Chloe Bibby|Faith Masonius|Katie Benzan",5,1470,1517,47,4,3,1
"2021-22","12584","Miami (FL)","Ja'Leah Williams|Karla Erjavec|Kelsey Marshall|Lola Pendande|Moulayna Johnson Sidi Baba",5,1470,1517,47,3,2,1
"2021-22","12584","Miami (FL)","Ja'Leah Williams|Karla Erjavec|Kelsey Marshall|Moulayna Johnson Sidi Baba|Naomi Mbandu",5,1517,1539,22,0,0,0
"2021-22","12584","Maryland","Angel Reese|Ashley Owusu|Chloe Bibby|Katie Benzan|Shyanne Sellers",5,1517,1600,83,2,3,-1
"2021-22","12584","Miami (FL)","Ja'Leah Williams|Kelsey Marshall|Lashae Dwyer|Moulayna Johnson Sidi Baba|Naomi Mbandu",5,1539,1620,81,5,2,3
"2021-22","12584","Miami (FL)","Ja'Leah Williams|Kelsey Marshall|Lashae Dwyer|Lola Pendande|Moulayna Johnson Sidi Baba",5,1620,1686,66,2,4,-2
"2021-22","12584","Miami (FL)","Ja'Leah Williams|Karla Erjavec|Lashae Dwyer|Lola Pendande|Moulayna Johnson Sidi Baba",5,1686,1733,47,2,0,2
"2021-22","12584","Miami (FL)","Karla Erjavec|Kelsey Marshall|Lashae Dwyer|Lola Pendande|Moulayna Johnson Sidi Baba",5,1733,1741,8,0,0,0
"2021-22","12584","Maryland","Angel Reese|Ashley Owusu|Faith Masonius|Katie Benzan|Shyanne Sellers",5,1600,1744,144,4,6,-2
"2021-22","12584","Miami (FL)","Ja'Leah Williams|Karla Erjavec|Lashae Dwyer|Lola Pendande|Moulayna Johnson Sidi Baba",5,1741,1744,3,0,0,0
"2021-22","12584","Miami (FL)","Ja'Leah Williams|Kelsey Marshall|Lashae Dwyer|Lola Pendande|Moulayna Johnson Sidi Baba",5,1744,1783,39,3,2,1
"2021-22","12584","Miami (FL)","Chiso Okafor|Ja'Leah Williams|Kelsey Marshall|Lashae Dwyer|Moulayna Johnson Sidi Baba",5,1783,1800,17,0,2,-2
"2021-22","12584","Miami (FL)","Ja'Leah Williams|Kelsey Marshall|Lashae Dwyer|Maeva Djaldi-Tabdi|Moulayna Johnson Sidi Baba",5,1800,1824,24,0,2,-2
"2021-22","12584","Maryland","Angel Reese|Ashley Owusu|Faith Masonius|Katie Benzan|Mimi Collins",5,1744,1941,197,7,6,1
"2021-22","12584","Miami (FL)","Ja'Leah Williams|Karla Erjavec|Kelsey Marshall|Lashae Dwyer|Maeva Djaldi-Tabdi",5,1824,2010,186,5,3,2
"2021-22","12584","Maryland","Angel Reese|Ashley Owusu|Chloe Bibby|Faith Masonius|Mimi Collins",5,1941,2123,182,5,4,1
"2021-22","12584","Miami (FL)","Karla Erjavec|Kelsey Marshall|Lashae Dwyer|Maeva Djaldi-Tabdi|Naomi Mbandu",5,2010,2123,113,2,3,-1
"2021-22","12584","Miami (FL)","Karla Erjavec|Kelsey Marshall|Lashae Dwyer|Lola Pendande|Naomi Mbandu",5,2123,2263,140,3,4,-1
"2021-22","12584","Miami (FL)","Ja'Leah Williams|Karla Erjavec|Kelsey Marshall|Maeva Djaldi-Tabdi|Naomi Mbandu",5,2263,2300,37,2,3,-1
"2021-22","12584","Miami (FL)","Ja'Leah Williams|Karla Erjavec|Kelsey Marshall|Lola Pendande|Maeva Djaldi-Tabdi",5,2300,2324,24,0,3,-3
"2021-22","12584","Miami (FL)","Ja'Leah Williams|Kelsey Marshall|Lashae Dwyer|Lola Pendande|Maeva Djaldi-Tabdi",5,2324,2349,25,2,2,0
"2021-22","12584","Maryland","Angel Reese|Ashley Owusu|Faith Masonius|Katie Benzan|Mimi Collins",5,2123,2357,234,12,7,5
"2021-22","12584","Maryland","Angel Reese|Ashley Owusu|Chloe Bibby|Faith Masonius|Katie Benzan",5,2357,2364,7,0,0,0
"2021-22","12584","Miami (FL)","Ja'Leah Williams|Karla Erjavec|Kelsey Marshall|Lola Pendande|Maeva Djaldi-Tabdi",5,2349,2379,30,0,1,-1
"2021-22","12584","Maryland","Angel Reese|Ashley Owusu|Faith Masonius|Katie Benzan|Mimi Collins",5,2364,2379,15,1,0,1
"2021-22","12584","Maryland","Angel Reese|Ashley Owusu|Chloe Bibby|Faith Masonius|Katie Benzan",5,2379,2380,1,0,0,0
"2021-22","12584","Maryland","Angel Reese|Ashley Owusu|Faith Masonius|Katie Benzan|Mimi Collins",5,2380,2400,20,2,0,2
"2021-22","12584","Miami (FL)","Ja'Leah Williams|Karla Erjavec|Kelsey Marshall|Lashae Dwyer|Lola Pendande",5,2379,2400,21,0,2,-2
"2021-22","12647","Rutgers","Jailyn Mason|Lasha Petree|Osh Brown|Shug Dickson|Tyia Singleton",5,0,76,76,2,6,-4
"2021-22","12647","Maryland","Angel Reese|Ashley Owusu|Chloe Bibby|Katie Benzan|Mimi Collins",5,0,105,105,6,4,2
"2021-22","12647","Maryland","Ashley Owusu|Chloe Bibby|Faith Masonius|Katie Benzan|Mimi Collins",5,105,199,94,2,0,2
"2021-22","12647","Rutgers","Lasha Petree|Osh Brown|Sayawni Lassiter|Shug Dickson|Tyia Singleton",5,76,199,123,2,2,0
"2021-22","12647","Rutgers","Lasha Petree|Osh Brown|Sakima Walker|Sayawni Lassiter|Shug Dickson",5,199,268,69,2,0,2
"2021-22","12647","Rutgers","Jailyn Mason|Lasha Petree|Osh Brown|Sakima Walker|Sayawni Lassiter",5,268,344,76,0,4,-4
"2021-22","12647","Maryland","Chloe Bibby|Faith Masonius|Katie Benzan|Mimi Collins|Shyanne Sellers",5,199,344,145,4,2,2
"2021-22","12647","Maryland","Angel Reese|Faith Masonius|Katie Benzan|Mimi Collins|Shyanne Sellers",5,344,441,97,4,6,-2
"2021-22","12647","Rutgers","Jailyn Mason|Lasha Petree|Sakima Walker|Shug Dickson|Tyia Singleton",5,344,482,138,8,4,4
"2021-22","12647","Rutgers","Jailyn Mason|Osh Brown|Sakima Walker|Shug Dickson|Tyia Singleton",5,482,512,30,0,0,0
"2021-22","12647","Maryland","Angel Reese|Ashley Owusu|Chloe Bibby|Faith Masonius|Katie Benzan",5,441,512,71,0,2,-2
"2021-22","12647","Rutgers","Osh Brown|Sakima Walker|Shug Dickson|Tyia Singleton|Victoria Morris",5,512,553,41,0,2,-2
"2021-22","12647","Maryland","Angel Reese|Ashley Owusu|Chloe Bibby|Mimi Collins|Shyanne Sellers",5,512,600,88,2,2,0
"2021-22","12647","Rutgers","Awa Sidibe|Osh Brown|Sakima Walker|Shug Dickson|Victoria Morris",5,553,689,136,2,4,-2
"2021-22","12647","Maryland","Ashley Owusu|Chloe Bibby|Katie Benzan|Mimi Collins|Shyanne Sellers",5,600,693,93,4,0,4
"2021-22","12647","Rutgers","Awa Sidibe|Osh Brown|Shug Dickson|Tyia Singleton|Victoria Morris",5,689,725,36,0,4,-4
"2021-22","12647","Maryland","Angel Reese|Ashley Owusu|Chloe Bibby|Faith Masonius|Katie Benzan",5,693,758,65,4,3,1
"2021-22","12647","Rutgers","Kierra Sanderlin|Lasha Petree|Osh Brown|Shug Dickson|Tyia Singleton",5,725,820,95,3,1,2
"2021-22","12647","Rutgers","Destiny Marshall|Kierra Sanderlin|Lasha Petree|Shug Dickson|Tyia Singleton",5,820,911,91,2,0,2
"2021-22","12647","Maryland","Angel Reese|Chloe Bibby|Faith Masonius|Katie Benzan|Mimi Collins",5,758,911,153,1,2,-1
"2021-22","12647","Maryland","Ashley Owusu|Chloe Bibby|Faith Masonius|Katie Benzan|Mimi Collins",5,911,958,47,3,0,3
"2021-22","12647","Rutgers","Chyna Cornwell|Destiny Marshall|Kierra Sanderlin|Lasha Petree|Shug Dickson",5,911,1056,145,0,7,-7
"2021-22","12647","Maryland","Angel Reese|Ashley Owusu|Chloe Bibby|Faith Masonius|Katie Benzan",5,958,1056,98,4,0,4
"2021-22","12647","Maryland","Ashley Owusu|Chloe Bibby|Katie Benzan|Mimi Collins|Shyanne Sellers",5,1056,1122,66,1,2,-1
"2021-22","12647","Rutgers","Destiny Marshall|Jailyn Mason|Sakima Walker|Sayawni Lassiter|Tyia Singleton",5,1056,1144,88,2,4,-2
"2021-22","12647","Maryland","Angel Reese|Ashley Owusu|Chloe Bibby|Katie Benzan|Shyanne Sellers",5,1122,1159,37,3,0,3
"2021-22","12647","Rutgers","Jailyn Mason|Liz Martino|Sakima Walker|Sayawni Lassiter|Tyia Singleton",5,1144,1200,56,0,0,0
"2021-22","12647","Maryland","Ashley Owusu|Chloe Bibby|Faith Masonius|Katie Benzan|Shyanne Sellers",5,1159,1200,41,0,0,0
"2021-22","12647","Maryland","Angel Reese|Ashley Owusu|Chloe Bibby|Katie Benzan|Mimi Collins",5,1200,1391,191,3,9,-6
"2021-22","12647","Rutgers","Jailyn Mason|Lasha Petree|Osh Brown|Shug Dickson|Tyia Singleton",5,1200,1509,309,12,8,4
"2021-22","12647","Maryland","Ashley Owusu|Chloe Bibby|Faith Masonius|Katie Benzan|Mimi Collins",5,1391,1509,118,5,3,2
"2021-22","12647","Maryland","Chloe Bibby|Faith Masonius|Katie Benzan|Mimi Collins|Shyanne Sellers",5,1509,1570,61,0,2,-2
"2021-22","12647","Maryland","Angel Reese|Chloe Bibby|Faith Masonius|Katie Benzan|Mimi Collins",5,1570,1648,78,4,4,0
"2021-22","12647","Rutgers","Jailyn Mason|Lasha Petree|Osh Brown|Sayawni Lassiter|Tyia Singleton",5,1509,1710,201,7,6,1
"2021-22","12647","Maryland","Ashley Owusu|Chloe Bibby|Faith Masonius|Katie Benzan|Mimi Collins",5,1648,1800,152,2,3,-1
"2021-22","12647","Maryland","Angel Reese|Ashley Owusu|Chloe Bibby|Faith Masonius|Katie Benzan",5,1800,1866,66,0,0,0
"2021-22","12647","Maryland","Angel Reese|Ashley Owusu|Chloe Bibby|Katie Benzan|Mimi Collins",5,1866,1925,59,4,4,0
"2021-22","12647","Maryland","Ashley Owusu|Chloe Bibby|Katie Benzan|Mimi Collins|Shyanne Sellers",5,1925,2011,86,2,4,-2
"2021-22","12647","Rutgers","Jailyn Mason|Osh Brown|Sayawni Lassiter|Shug Dickson|Tyia Singleton",5,1710,2013,303,10,6,4
"2021-22","12647","Rutgers","Jailyn Mason|Lasha Petree|Sayawni Lassiter|Shug Dickson|Tyia Singleton",5,2013,2140,127,0,4,-4
"2021-22","12647","Maryland","Ashley Owusu|Chloe Bibby|Faith Masonius|Mimi Collins|Shyanne Sellers",5,2011,2140,129,4,0,4
"2021-22","12647","Maryland","Angel Reese|Ashley Owusu|Chloe Bibby|Mimi Collins|Shyanne Sellers",5,2140,2212,72,3,3,0
"2021-22","12647","Rutgers","Jailyn Mason|Lasha Petree|Osh Brown|Sayawni Lassiter|Shug Dickson",5,2140,2232,92,3,5,-2
"2021-22","12647","Maryland","Angel Reese|Ashley Owusu|Chloe Bibby|Katie Benzan|Mimi Collins",5,2212,2246,34,2,0,2
"2021-22","12647","Rutgers","Jailyn Mason|Osh Brown|Sayawni Lassiter|Shug Dickson|Tyia Singleton",5,2232,2310,78,1,2,-1
"2021-22","12647","Maryland","Angel Reese|Ashley Owusu|Chloe Bibby|Faith Masonius|Katie Benzan",5,2246,2326,80,2,1,1
"2021-22","12647","Rutgers","Destiny Marshall|Jailyn Mason|Kierra Sanderlin|Shug Dickson|Tyia Singleton",5,2310,2326,16,2,0,2
"2021-22","12647","Rutgers","Destiny Marshall|Erica Lafayette|Jailyn Mason|Kierra Sanderlin|Tyia Singleton",5,2326,2339,13,0,2,-2
"2021-22","12647","Rutgers","Jailyn Mason|Kierra Sanderlin|Osh Brown|Shug Dickson|Tyia Singleton",5,2339,2350,11,0,0,0
"2021-22","12647","Rutgers","Destiny Marshall|Erica Lafayette|Jailyn Mason|Kierra Sanderlin|Tyia Singleton",5,2350,2400,50,1,2,-1
"2021-22","12647","Maryland","Angel Reese|Chloe Bibby|Faith Masonius|Katie Benzan|Shyanne Sellers",5,2326,2400,74,4,3,1
"2021-22","12648","Maryland","Angel Reese|Ashley Owusu|Chloe Bibby|Katie Benzan|Mimi Collins",5,0,319,319,13,12,1
"2021-22","12648","Purdue","Abbey Ellis|Cassidy Hardin|Jayla Smith|Jeanae Terry|Rickie Woltman",5,0,319,319,12,13,-1
"2021-22","12648","Maryland","Ashley Owusu|Chloe Bibby|Faith Masonius|Katie Benzan|Shyanne Sellers",5,319,420,101,2,5,-3
"2021-22","12648","Maryland","Angel Reese|Ashley Owusu|Chloe Bibby|Faith Masonius|Katie Benzan",5,420,503,83,0,2,-2
"2021-22","12648","Purdue","Abbey Ellis|Brooke Moore|Cassidy Hardin|Nyagoa Gony|Rokia Doumbia",5,319,503,184,7,2,5
"2021-22","12648","Maryland","Angel Reese|Chloe Bibby|Faith Masonius|Katie Benzan|Shyanne Sellers",5,503,600,97,6,3,3
"2021-22","12648","Maryland","Ashley Owusu|Faith Masonius|Katie Benzan|Mimi Collins|Shyanne Sellers",5,600,636,36,0,3,-3
"2021-22","12648","Maryland","Angel Reese|Ashley Owusu|Chloe Bibby|Katie Benzan|Shyanne Sellers",5,636,711,75,3,0,3
"2021-22","12648","Purdue","Brooke Moore|Cassidy Hardin|Jeanae Terry|Rickie Woltman|Rokia Doumbia",5,503,711,208,6,9,-3
"2021-22","12648","Maryland","Ashley Owusu|Chloe Bibby|Katie Benzan|Mimi Collins|Shyanne Sellers",5,711,790,79,2,2,0
"2021-22","12648","Maryland","Angel Reese|Ashley Owusu|Chloe Bibby|Katie Benzan|Shyanne Sellers",5,790,855,65,0,2,-2
"2021-22","12648","Maryland","Angel Reese|Chloe Bibby|Faith Masonius|Katie Benzan|Shyanne Sellers",5,855,918,63,3,0,3
"2021-22","12648","Purdue","Abbey Ellis|Cassidy Hardin|Jayla Smith|Jeanae Terry|Rickie Woltman",5,711,918,207,4,5,-1
"2021-22","12648","Purdue","Abbey Ellis|Brooke Moore|Cassidy Hardin|Rickie Woltman|Rokia Doumbia",5,918,957,39,0,2,-2
"2021-22","12648","Maryland","Angel Reese|Ashley Owusu|Faith Masonius|Katie Benzan|Shyanne Sellers",5,918,1034,116,3,5,-2
"2021-22","12648","Purdue","Abbey Ellis|Brooke Moore|Jeanae Terry|Rickie Woltman|Rokia Doumbia",5,957,1034,77,5,1,4
"2021-22","12648","Purdue","Abbey Ellis|Brooke Moore|Jeanae Terry|Nyagoa Gony|Rokia Doumbia",5,1034,1101,67,3,2,1
"2021-22","12648","Maryland","Ashley Owusu|Faith Masonius|Katie Benzan|Mimi Collins|Shyanne Sellers",5,1034,1200,166,4,6,-2
"2021-22","12648","Purdue","Abbey Ellis|Brooke Moore|Cassidy Hardin|Jeanae Terry|Rokia Doumbia",5,1101,1200,99,3,2,1
"2021-22","12648","Purdue","Abbey Ellis|Cassidy Hardin|Jayla Smith|Jeanae Terry|Rickie Woltman",5,1200,1264,64,0,0,0
"2021-22","12648","Purdue","Abbey Ellis|Cassidy Hardin|Jayla Smith|Jeanae Terry|Nyagoa Gony",5,1264,1390,126,0,7,-7
"2021-22","12648","Maryland","Angel Reese|Ashley Owusu|Chloe Bibby|Katie Benzan|Mimi Collins",5,1200,1515,315,13,5,8
"2021-22","12648","Purdue","Abbey Ellis|Cassidy Hardin|Jayla Smith|Jeanae Terry|Rokia Doumbia",5,1390,1515,125,5,6,-1
"2021-22","12648","Maryland","Chloe Bibby|Faith Masonius|Katie Benzan|Mimi Collins|Shyanne Sellers",5,1515,1608,93,2,2,0
"2021-22","12648","Purdue","Abbey Ellis|Brooke Moore|Cassidy Hardin|Jeanae Terry|Rokia Doumbia",5,1515,1648,133,2,6,-4
"2021-22","12648","Maryland","Angel Reese|Chloe Bibby|Faith Masonius|Katie Benzan|Shyanne Sellers",5,1608,1648,40,4,0,4
"2021-22","12648","Purdue","Brooke Moore|Cassidy Hardin|Jayla Smith|Jeanae Terry|Rickie Woltman",5,1648,1649,1,0,0,0
"2021-22","12648","Purdue","Abbey Ellis|Brooke Moore|Cassidy Hardin|Jeanae Terry|Rickie Woltman",5,1649,1734,85,6,0,6
"2021-22","12648","Maryland","Angel Reese|Ashley Owusu|Chloe Bibby|Faith Masonius|Shyanne Sellers",5,1648,1786,138,2,6,-4
"2021-22","12648","Maryland","Angel Reese|Ashley Owusu|Chloe Bibby|Faith Masonius|Katie Benzan",5,1786,1795,9,0,0,0
"2021-22","12648","Maryland","Angel Reese|Ashley Owusu|Faith Masonius|Katie Benzan|Mimi Collins",5,1795,1800,5,2,0,2
"2021-22","12648","Purdue","Brooke Moore|Cassidy Hardin|Jayla Smith|Jeanae Terry|Nyagoa Gony",5,1734,1800,66,0,4,-4
"2021-22","12648","Purdue","Abbey Ellis|Brooke Moore|Cassidy Hardin|Jeanae Terry|Rickie Woltman",5,1800,1976,176,4,6,-2
"2021-22","12648","Maryland","Angel Reese|Ashley Owusu|Chloe Bibby|Katie Benzan|Mimi Collins",5,1800,2090,290,11,6,5
"2021-22","12648","Purdue","Abbey Ellis|Brooke Moore|Cassidy Hardin|Jeanae Terry|Rokia Doumbia",5,1976,2096,120,2,5,-3
"2021-22","12648","Maryland","Ashley Owusu|Chloe Bibby|Faith Masonius|Katie Benzan|Mimi Collins",5,2090,2355,265,16,10,6
"2021-22","12648","Maryland","Ashley Owusu|Chloe Bibby|Faith Masonius|Mimi Collins|Shyanne Sellers",5,2355,2400,45,0,2,-2
"2021-22","12648","Purdue","Abbey Ellis|Cassidy Hardin|Jayla Smith|Jeanae Terry|Rokia Doumbia",5,2096,2400,304,12,16,-4
"2021-22","12650","Indiana","Aleksa Gulbe|Ali Patberg|Grace Berger|Mackenzie Holmes|Nicole Cardano-Hillary",5,0,248,248,4,7,-3
"2021-22","12650","Maryland","Angel Reese|Ashley Owusu|Chloe Bibby|Katie Benzan|Mimi Collins",5,0,248,248,7,4,3
"2021-22","12650","Indiana","Ali Patberg|Grace Berger|Kiandra Browne|Mackenzie Holmes|Nicole Cardano-Hillary",5,248,323,75,4,2,2
"2021-22","12650","Maryland","Ashley Owusu|Chloe Bibby|Diamond Miller|Faith Masonius|Katie Benzan",5,248,323,75,4,4,0
"2021-22","12650","Maryland","Angel Reese|Ashley Owusu|Diamond Miller|Faith Masonius|Katie Benzan",5,323,425,102,0,2,-2
"2021-22","12650","Indiana","Aleksa Gulbe|Ali Patberg|Grace Berger|Mackenzie Holmes|Nicole Cardano-Hillary",5,323,462,139,2,4,-2
"2021-22","12650","Maryland","Angel Reese|Diamond Miller|Faith Masonius|Katie Benzan|Shyanne Sellers",5,425,462,37,2,0,2
"2021-22","12650","Indiana","Aleksa Gulbe|Ali Patberg|Grace Berger|Kiandra Browne|Nicole Cardano-Hillary",5,462,568,106,2,4,-2
"2021-22","12650","Maryland","Angel Reese|Chloe Bibby|Diamond Miller|Katie Benzan|Shyanne Sellers",5,462,568,106,4,2,2
"2021-22","12650","Indiana","Aleksa Gulbe|Ali Patberg|Grace Berger|Grace Waggoner|Mackenzie Holmes",5,568,581,13,0,0,0
"2021-22","12650","Maryland","Angel Reese|Ashley Owusu|Chloe Bibby|Faith Masonius|Shyanne Sellers",5,568,581,13,0,0,0
"2021-22","12650","Maryland","Ashley Owusu|Chloe Bibby|Faith Masonius|Mimi Collins|Shyanne Sellers",5,581,600,19,0,2,-2
"2021-22","12650","Maryland","Ashley Owusu|Chloe Bibby|Faith Masonius|Katie Benzan|Mimi Collins",5,600,710,110,2,2,0
"2021-22","12650","Maryland","Angel Reese|Ashley Owusu|Diamond Miller|Katie Benzan|Mimi Collins",5,710,742,32,0,3,-3
"2021-22","12650","Indiana","Aleksa Gulbe|Ali Patberg|Grace Berger|Mackenzie Holmes|Nicole Cardano-Hillary",5,581,835,254,10,6,4
"2021-22","12650","Indiana","Ali Patberg|Grace Berger|Kiandra Browne|Mackenzie Holmes|Nicole Cardano-Hillary",5,835,916,81,5,2,3
"2021-22","12650","Indiana","Aleksa Gulbe|Ali Patberg|Grace Berger|Kiandra Browne|Nicole Cardano-Hillary",5,916,977,61,0,2,-2
"2021-22","12650","Maryland","Angel Reese|Diamond Miller|Katie Benzan|Mimi Collins|Shyanne Sellers",5,742,977,235,8,8,0
"2021-22","12650","Maryland","Ashley Owusu|Chloe Bibby|Diamond Miller|Faith Masonius|Shyanne Sellers",5,977,1032,55,0,4,-4
"2021-22","12650","Maryland","Angel Reese|Ashley Owusu|Katie Benzan|Mimi Collins|Shyanne Sellers",5,1032,1116,84,0,0,0
"2021-22","12650","Indiana","Aleksa Gulbe|Ali Patberg|Grace Berger|Mackenzie Holmes|Nicole Cardano-Hillary",5,977,1121,144,6,0,6
"2021-22","12650","Indiana","Aleksa Gulbe|Ali Patberg|Grace Berger|Grace Waggoner|Mackenzie Holmes",5,1121,1200,79,0,2,-2
"2021-22","12650","Maryland","Ashley Owusu|Chloe Bibby|Faith Masonius|Katie Benzan|Shyanne Sellers",5,1116,1200,84,2,2,0
"2021-22","12650","Maryland","Angel Reese|Ashley Owusu|Chloe Bibby|Diamond Miller|Katie Benzan",5,1200,1417,217,5,6,-1
"2021-22","12650","Indiana","Aleksa Gulbe|Ali Patberg|Grace Berger|Mackenzie Holmes|Nicole Cardano-Hillary",5,1200,1417,217,6,5,1
"2021-22","12650","Indiana","Aleksa Gulbe|Ali Patberg|Grace Berger|Kiandra Browne|Nicole Cardano-Hillary",5,1417,1482,65,0,2,-2
"2021-22","12650","Maryland","Ashley Owusu|Faith Masonius|Katie Benzan|Mimi Collins|Shyanne Sellers",5,1417,1482,65,2,0,2
"2021-22","12650","Maryland","Angel Reese|Ashley Owusu|Katie Benzan|Mimi Collins|Shyanne Sellers",5,1482,1534,52,0,0,0
"2021-22","12650","Maryland","Angel Reese|Ashley Owusu|Diamond Miller|Mimi Collins|Shyanne Sellers",5,1534,1584,50,2,0,2
"2021-22","12650","Maryland","Angel Reese|Ashley Owusu|Diamond Miller|Katie Benzan|Mimi Collins",5,1584,1666,82,2,3,-1
"2021-22","12650","Indiana","Aleksa Gulbe|Ali Patberg|Grace Berger|Mackenzie Holmes|Nicole Cardano-Hillary",5,1482,1761,279,3,7,-4
"2021-22","12650","Maryland","Angel Reese|Chloe Bibby|Diamond Miller|Katie Benzan|Mimi Collins",5,1666,1784,118,5,2,3
"2021-22","12650","Indiana","Ali Patberg|Grace Berger|Kiandra Browne|Mackenzie Holmes|Nicole Cardano-Hillary",5,1761,1784,23,2,2,0
"2021-22","12650","Maryland","Chloe Bibby|Diamond Miller|Katie Benzan|Mimi Collins|Shyanne Sellers",5,1784,1828,44,0,3,-3
"2021-22","12650","Maryland","Angel Reese|Chloe Bibby|Diamond Miller|Katie Benzan|Shyanne Sellers",5,1828,1886,58,0,5,-5
"2021-22","12650","Maryland","Angel Reese|Ashley Owusu|Chloe Bibby|Diamond Miller|Shyanne Sellers",5,1886,2059,173,2,0,2
"2021-22","12650","Maryland","Angel Reese|Ashley Owusu|Chloe Bibby|Katie Benzan|Shyanne Sellers",5,2059,2173,114,3,6,-3
"2021-22","12650","Maryland","Ashley Owusu|Chloe Bibby|Diamond Miller|Katie Benzan|Mimi Collins",5,2173,2272,99,4,2,2
"2021-22","12650","Maryland","Angel Reese|Ashley Owusu|Chloe Bibby|Diamond Miller|Katie Benzan",5,2272,2381,109,7,1,6
"2021-22","12650","Maryland","Angel Reese|Ashley Owusu|Diamond Miller|Katie Benzan|Mimi Collins",5,2381,2400,19,0,0,0
"2021-22","12650","Maryland","Angel Reese|Ashley Owusu|Chloe Bibby|Diamond Miller|Katie Benzan",5,2400,2539,139,0,2,-2
"2021-22","12650","Maryland","Ashley Owusu|Chloe Bibby|Diamond Miller|Katie Benzan|Mimi Collins",5,2539,2590,51,1,2,-1
"2021-22","12650","Maryland","Angel Reese|Ashley Owusu|Diamond Miller|Katie Benzan|Mimi Collins",5,2590,2603,13,1,0,1
"2021-22","12650","Maryland","Angel Reese|Ashley Owusu|Chloe Bibby|Diamond Miller|Katie Benzan",5,2603,2678,75,0,2,-2
"2021-22","12650","Indiana","Aleksa Gulbe|Ali Patberg|Grace Berger|Mackenzie Holmes|Nicole Cardano-Hillary",5,1784,2700,916,26,18,8
"2021-22","12650","Maryland","Ashley Owusu|Chloe Bibby|Diamond Miller|Katie Benzan|Mimi Collins",5,2678,2700,22,0,3,-3
"2021-22","12651","Penn St.","Anna Camden|Kelly Jekot|Leilani Kapinus|Makenna Marisa|Shay Hagans",5,0,167,167,2,6,-4
"2021-22","12651","Maryland","Angel Reese|Ashley Owusu|Chloe Bibby|Diamond Miller|Katie Benzan",5,0,186,186,8,2,6
"2021-22","12651","Penn St.","Leilani Kapinus|Maddie Burke|Makenna Marisa|Niya Beverley|Shay Hagans",5,167,300,133,3,6,-3
"2021-22","12651","Maryland","Angel Reese|Chloe Bibby|Diamond Miller|Katie Benzan|Shyanne Sellers",5,186,300,114,4,3,1
"2021-22","12651","Maryland","Ashley Owusu|Chloe Bibby|Katie Benzan|Mimi Collins|Shyanne Sellers",5,300,383,83,0,2,-2
"2021-22","12651","Penn St.","Anna Camden|Maddie Burke|Makenna Marisa|Niya Beverley|Tova Sabel",5,300,383,83,2,0,2
"2021-22","12651","Maryland","Angel Reese|Ashley Owusu|Diamond Miller|Mimi Collins|Shyanne Sellers",5,383,500,117,8,0,8
"2021-22","12651","Penn St.","Anna Camden|Kelly Jekot|Maddie Burke|Makenna Marisa|Niya Beverley",5,383,500,117,0,8,-8
"2021-22","12651","Penn St.","Anna Camden|Kelly Jekot|Leilani Kapinus|Niya Beverley|Shay Hagans",5,500,562,62,2,4,-2
"2021-22","12651","Maryland","Angel Reese|Ashley Owusu|Diamond Miller|Katie Benzan|Mimi Collins",5,500,600,100,6,4,2
"2021-22","12651","Maryland","Angel Reese|Ashley Owusu|Chloe Bibby|Katie Benzan|Shyanne Sellers",5,600,685,85,2,5,-3
"2021-22","12651","Penn St.","Kayla Thomas|Kelly Jekot|Leilani Kapinus|Makenna Marisa|Niya Beverley",5,562,685,123,7,4,3
"2021-22","12651","Penn St.","Kayla Thomas|Kelly Jekot|Leilani Kapinus|Maddie Burke|Makenna Marisa",5,685,710,25,0,2,-2
"2021-22","12651","Maryland","Ashley Owusu|Chloe Bibby|Katie Benzan|Mimi Collins|Shyanne Sellers",5,685,791,106,4,2,2
"2021-22","12651","Penn St.","Kayla Thomas|Kelly Jekot|Maddie Burke|Makenna Marisa|Shay Hagans",5,710,791,81,2,2,0
"2021-22","12651","Maryland","Ashley Owusu|Chloe Bibby|Diamond Miller|Mimi Collins|Shyanne Sellers",5,791,925,134,7,4,3
"2021-22","12651","Penn St.","Kayla Thomas|Kelly Jekot|Maddie Burke|Niya Beverley|Shay Hagans",5,791,925,134,4,7,-3
"2021-22","12651","Maryland","Angel Reese|Ashley Owusu|Katie Benzan|Mimi Collins|Shyanne Sellers",5,925,994,69,2,0,2
"2021-22","12651","Penn St.","Anna Camden|Leilani Kapinus|Makenna Marisa|Niya Beverley|Tova Sabel",5,925,1063,138,0,5,-5
"2021-22","12651","Maryland","Angel Reese|Ashley Owusu|Diamond Miller|Katie Benzan|Mimi Collins",5,994,1200,206,12,6,6
"2021-22","12651","Penn St.","Anna Camden|Leilani Kapinus|Niya Beverley|Shay Hagans|Tova Sabel",5,1063,1200,137,6,9,-3
"2021-22","12651","Maryland","Angel Reese|Ashley Owusu|Chloe Bibby|Diamond Miller|Katie Benzan",5,1200,1272,72,3,4,-1
"2021-22","12651","Penn St.","Anna Camden|Kelly Jekot|Leilani Kapinus|Makenna Marisa|Shay Hagans",5,1200,1290,90,4,5,-1
"2021-22","12651","Maryland","Angel Reese|Ashley Owusu|Chloe Bibby|Katie Benzan|Shyanne Sellers",5,1272,1341,69,2,5,-3
"2021-22","12651","Penn St.","Anna Camden|Kelly Jekot|Leilani Kapinus|Makenna Marisa|Niya Beverley",5,1290,1415,125,6,5,1
"2021-22","12651","Maryland","Chloe Bibby|Diamond Miller|Katie Benzan|Mimi Collins|Shyanne Sellers",5,1341,1482,141,7,7,0
"2021-22","12651","Penn St.","Anna Camden|Maddie Burke|Makenna Marisa|Niya Beverley|Tova Sabel",5,1415,1482,67,6,2,4
"2021-22","12651","Penn St.","Kayla Thomas|Maddie Burke|Makenna Marisa|Niya Beverley|Tova Sabel",5,1482,1502,20,0,2,-2
"2021-22","12651","Maryland","Angel Reese|Ashley Owusu|Diamond Miller|Katie Benzan|Mimi Collins",5,1482,1614,132,9,0,9
"2021-22","12651","Penn St.","Kayla Thomas|Maddie Burke|Makenna Marisa|Shay Hagans|Tova Sabel",5,1502,1614,112,0,7,-7
"2021-22","12651","Maryland","Ashley Owusu|Chloe Bibby|Diamond Miller|Mimi Collins|Shyanne Sellers",5,1614,1719,105,5,4,1
"2021-22","12651","Maryland","Chloe Bibby|Katie Benzan|Mimi Collins|Shyanne Sellers|Taisiya Kozlova",5,1719,1777,58,2,2,0
"2021-22","12651","Maryland","Chloe Bibby|Diamond Miller|Katie Benzan|Mimi Collins|Taisiya Kozlova",5,1777,1800,23,0,0,0
"2021-22","12651","Penn St.","Anna Camden|Kelly Jekot|Leilani Kapinus|Makenna Marisa|Niya Beverley",5,1614,1800,186,6,7,-1
"2021-22","12651","Maryland","Angel Reese|Katie Benzan|Mimi Collins|Shyanne Sellers|Taisiya Kozlova",5,1800,2005,205,9,8,1
"2021-22","12651","Penn St.","Kayla Thomas|Kelly Jekot|Leilani Kapinus|Makenna Marisa|Niya Beverley",5,1800,2005,205,8,9,-1
"2021-22","12651","Penn St.","Anna Camden|Leilani Kapinus|Maddie Burke|Makenna Marisa|Shay Hagans",5,2005,2168,163,6,7,-1
"2021-22","12651","Penn St.","Kayla Thomas|Maddie Burke|Makenna Marisa|Shay Hagans|Tova Sabel",5,2168,2323,155,6,7,-1
"2021-22","12651","Maryland","Diamond Miller|Emma Chardon|Mimi Collins|Shyanne Sellers|Taisiya Kozlova",5,2005,2400,395,16,20,-4
"2021-22","12651","Penn St.","Kayla Thomas|Leilani Kapinus|Maddie Burke|Shay Hagans|Tova Sabel",5,2323,2400,77,8,2,6
"2021-22","12652","Minnesota","Alanna Micheaux|Deja Winters|Gadiva Hubbard|Kadiatou Sissoko|Sara Scalia",5,0,178,178,7,9,-2
"2021-22","12652","Maryland","Angel Reese|Ashley Owusu|Chloe Bibby|Diamond Miller|Katie Benzan",5,0,178,178,9,7,2
"2021-22","12652","Minnesota","Alexia Smith|Bailey Helgren|Deja Winters|Kadiatou Sissoko|Sara Scalia",5,178,329,151,5,5,0
"2021-22","12652","Maryland","Angel Reese|Ashley Owusu|Diamond Miller|Katie Benzan|Mimi Collins",5,178,329,151,5,5,0
"2021-22","12652","Minnesota","Alanna Micheaux|Alexia Smith|Gadiva Hubbard|Kayla Mershon|Sara Scalia",5,329,441,112,2,7,-5
"2021-22","12652","Maryland","Chloe Bibby|Diamond Miller|Katie Benzan|Mimi Collins|Shyanne Sellers",5,329,441,112,7,2,5
"2021-22","12652","Minnesota","Alanna Micheaux|Alexia Smith|Deja Winters|Gadiva Hubbard|Kadiatou Sissoko",5,441,474,33,0,0,0
"2021-22","12652","Maryland","Ashley Owusu|Chloe Bibby|Katie Benzan|Mimi Collins|Shyanne Sellers",5,441,598,157,3,0,3
"2021-22","12652","Minnesota","Alanna Micheaux|Alexia Smith|Deja Winters|Kadiatou Sissoko|Sara Scalia",5,474,600,126,0,3,-3
"2021-22","12652","Maryland","Ashley Owusu|Chloe Bibby|Diamond Miller|Mimi Collins|Shyanne Sellers",5,598,600,2,0,0,0
"2021-22","12652","Maryland","Angel Reese|Ashley Owusu|Diamond Miller|Mimi Collins|Shyanne Sellers",5,600,702,102,0,3,-3
"2021-22","12652","Minnesota","Alexia Smith|Bailey Helgren|Deja Winters|Kadiatou Sissoko|Sara Scalia",5,600,870,270,12,8,4
"2021-22","12652","Maryland","Angel Reese|Ashley Owusu|Chloe Bibby|Diamond Miller|Katie Benzan",5,702,870,168,8,9,-1
"2021-22","12652","Minnesota","Alanna Micheaux|Alexia Smith|Deja Winters|Kayla Mershon|Sara Scalia",5,870,919,49,2,3,-1
"2021-22","12652","Minnesota","Alanna Micheaux|Alexia Smith|Gadiva Hubbard|Kayla Mershon|Sara Scalia",5,919,1054,135,4,1,3
"2021-22","12652","Maryland","Ashley Owusu|Chloe Bibby|Katie Benzan|Mimi Collins|Shyanne Sellers",5,870,1054,184,4,6,-2
"2021-22","12652","Minnesota","Alanna Micheaux|Alexia Smith|Deja Winters|Kayla Mershon|Sara Scalia",5,1054,1121,67,2,2,0
"2021-22","12652","Minnesota","Alexia Smith|Deja Winters|Kadiatou Sissoko|Kayla Mershon|Sara Scalia",5,1121,1200,79,2,3,-1
"2021-22","12652","Maryland","Ashley Owusu|Chloe Bibby|Diamond Miller|Katie Benzan|Mimi Collins",5,1054,1200,146,5,4,1
"2021-22","12652","Maryland","Angel Reese|Ashley Owusu|Chloe Bibby|Diamond Miller|Katie Benzan",5,1200,1307,107,4,2,2
"2021-22","12652","Minnesota","Alanna Micheaux|Deja Winters|Gadiva Hubbard|Kadiatou Sissoko|Sara Scalia",5,1200,1402,202,7,4,3
"2021-22","12652","Maryland","Ashley Owusu|Chloe Bibby|Diamond Miller|Katie Benzan|Mimi Collins",5,1307,1408,101,0,5,-5
"2021-22","12652","Minnesota","Bailey Helgren|Deja Winters|Gadiva Hubbard|Kadiatou Sissoko|Sara Scalia",5,1402,1535,133,5,6,-1
"2021-22","12652","Maryland","Angel Reese|Ashley Owusu|Chloe Bibby|Diamond Miller|Katie Benzan",5,1408,1535,127,6,5,1
"2021-22","12652","Minnesota","Alanna Micheaux|Alexia Smith|Deja Winters|Kayla Mershon|Sara Scalia",5,1535,1587,52,0,4,-4
"2021-22","12652","Minnesota","Alanna Micheaux|Deja Winters|Gadiva Hubbard|Kayla Mershon|Sara Scalia",5,1587,1612,25,0,0,0
"2021-22","12652","Minnesota","Alanna Micheaux|Deja Winters|Gadiva Hubbard|Kadiatou Sissoko|Sara Scalia",5,1612,1800,188,8,8,0
"2021-22","12652","Maryland","Ashley Owusu|Chloe Bibby|Diamond Miller|Katie Benzan|Mimi Collins",5,1535,1800,265,12,8,4
"2021-22","12652","Minnesota","Alexia Smith|Bailey Helgren|Gadiva Hubbard|Kadiatou Sissoko|Sara Scalia",5,1800,1913,113,4,8,-4
"2021-22","12652","Minnesota","Alanna Micheaux|Alexia Smith|Deja Winters|Gadiva Hubbard|Kadiatou Sissoko",5,1913,1977,64,2,2,0
"2021-22","12652","Maryland","Angel Reese|Ashley Owusu|Chloe Bibby|Diamond Miller|Shyanne Sellers",5,1800,1977,177,10,6,4
"2021-22","12652","Maryland","Angel Reese|Chloe Bibby|Diamond Miller|Katie Benzan|Shyanne Sellers",5,1977,2057,80,3,3,0
"2021-22","12652","Minnesota","Alanna Micheaux|Deja Winters|Gadiva Hubbard|Kadiatou Sissoko|Sara Scalia",5,1977,2208,231,5,10,-5
"2021-22","12652","Maryland","Angel Reese|Ashley Owusu|Chloe Bibby|Diamond Miller|Katie Benzan",5,2057,2208,151,7,2,5
"2021-22","12652","Minnesota","Alexia Smith|Bailey Helgren|Gadiva Hubbard|Kadiatou Sissoko|Sara Scalia",5,2208,2348,140,4,4,0
"2021-22","12652","Maryland","Ashley Owusu|Chloe Bibby|Diamond Miller|Katie Benzan|Mimi Collins",5,2208,2348,140,4,4,0
"2021-22","12652","Minnesota","Alexia Smith|Bailey Helgren|Deja Winters|Gadiva Hubbard|Kadiatou Sissoko",5,2348,2400,52,2,0,2
"2021-22","12652","Maryland","Ashley Owusu|Chloe Bibby|Diamond Miller|Mimi Collins|Shyanne Sellers",5,2348,2400,52,0,2,-2
"2021-22","12653","Maryland","Angel Reese|Ashley Owusu|Chloe Bibby|Diamond Miller|Katie Benzan",5,0,223,223,9,10,-1
"2021-22","12653","Maryland","Ashley Owusu|Chloe Bibby|Diamond Miller|Katie Benzan|Mimi Collins",5,223,300,77,2,5,-3
"2021-22","12653","Michigan","Danielle Rauch|Emily Kiser|Leigha Brown|Maddie Nolan|Naz Hillmon",5,0,300,300,15,11,4
"2021-22","12653","Maryland","Ashley Owusu|Chloe Bibby|Katie Benzan|Mimi Collins|Shyanne Sellers",5,300,452,152,2,5,-3
"2021-22","12653","Michigan","Cameron Williams|Danielle Rauch|Emily Kiser|Laila Phelia|Leigha Brown",5,300,452,152,5,2,3
"2021-22","12653","Maryland","Chloe Bibby|Diamond Miller|Katie Benzan|Mimi Collins|Shyanne Sellers",5,452,524,72,3,6,-3
"2021-22","12653","Maryland","Angel Reese|Ashley Owusu|Diamond Miller|Mimi Collins|Shyanne Sellers",5,524,591,67,0,0,0
"2021-22","12653","Maryland","Chloe Bibby|Diamond Miller|Katie Benzan|Mimi Collins|Shyanne Sellers",5,591,600,9,0,0,0
"2021-22","12653","Michigan","Amy Dilk|Elise Stuck|Laila Phelia|Maddie Nolan|Naz Hillmon",5,452,600,148,6,3,3
"2021-22","12653","Maryland","Angel Reese|Ashley Owusu|Chloe Bibby|Diamond Miller|Katie Benzan",5,600,716,116,3,3,0
"2021-22","12653","Michigan","Emily Kiser|Laila Phelia|Leigha Brown|Maddie Nolan|Naz Hillmon",5,600,716,116,3,3,0
"2021-22","12653","Maryland","Chloe Bibby|Diamond Miller|Katie Benzan|Mimi Collins|Shyanne Sellers",5,716,841,125,0,2,-2
"2021-22","12653","Maryland","Angel Reese|Ashley Owusu|Katie Benzan|Mimi Collins|Shyanne Sellers",5,841,1001,160,0,3,-3
"2021-22","12653","Michigan","Danielle Rauch|Emily Kiser|Leigha Brown|Maddie Nolan|Naz Hillmon",5,716,1001,285,5,0,5
"2021-22","12653","Maryland","Ashley Owusu|Chloe Bibby|Diamond Miller|Mimi Collins|Shyanne Sellers",5,1001,1061,60,0,0,0
"2021-22","12653","Maryland","Chloe Bibby|Diamond Miller|Katie Benzan|Mimi Collins|Shyanne Sellers",5,1061,1083,22,0,0,0
"2021-22","12653","Michigan","Cameron Williams|Danielle Rauch|Emily Kiser|Laila Phelia|Maddie Nolan",5,1001,1083,82,0,0,0
"2021-22","12653","Michigan","Danielle Rauch|Elise Stuck|Laila Phelia|Maddie Nolan|Naz Hillmon",5,1083,1120,37,0,0,0
"2021-22","12653","Michigan","Danielle Rauch|Elise Stuck|Laila Phelia|Leigha Brown|Naz Hillmon",5,1120,1191,71,0,0,0
"2021-22","12653","Michigan","Danielle Rauch|Emily Kiser|Laila Phelia|Leigha Brown|Naz Hillmon",5,1191,1200,9,0,0,0
"2021-22","12653","Maryland","Angel Reese|Ashley Owusu|Chloe Bibby|Diamond Miller|Katie Benzan",5,1083,1478,395,4,12,-8
"2021-22","12653","Michigan","Danielle Rauch|Emily Kiser|Leigha Brown|Maddie Nolan|Naz Hillmon",5,1200,1478,278,12,4,8
"2021-22","12653","Maryland","Angel Reese|Chloe Bibby|Diamond Miller|Katie Benzan|Mimi Collins",5,1478,1532,54,0,2,-2
"2021-22","12653","Michigan","Danielle Rauch|Emily Kiser|Laila Phelia|Leigha Brown|Naz Hillmon",5,1478,1532,54,2,0,2
"2021-22","12653","Michigan","Amy Dilk|Danielle Rauch|Emily Kiser|Laila Phelia|Naz Hillmon",5,1532,1590,58,2,2,0
"2021-22","12653","Maryland","Angel Reese|Chloe Bibby|Katie Benzan|Mimi Collins|Shyanne Sellers",5,1532,1633,101,4,2,2
"2021-22","12653","Michigan","Amy Dilk|Cameron Williams|Danielle Rauch|Emily Kiser|Laila Phelia",5,1590,1633,43,0,2,-2
"2021-22","12653","Michigan","Amy Dilk|Danielle Rauch|Laila Phelia|Maddie Nolan|Naz Hillmon",5,1633,1634,1,0,0,0
"2021-22","12653","Michigan","Danielle Rauch|Emily Kiser|Laila Phelia|Maddie Nolan|Naz Hillmon",5,1634,1649,15,0,3,-3
"2021-22","12653","Maryland","Angel Reese|Chloe Bibby|Diamond Miller|Katie Benzan|Mimi Collins",5,1633,1716,83,3,2,1
"2021-22","12653","Maryland","Ashley Owusu|Chloe Bibby|Diamond Miller|Katie Benzan|Mimi Collins",5,1716,1858,142,2,2,0
"2021-22","12653","Michigan","Danielle Rauch|Emily Kiser|Leigha Brown|Maddie Nolan|Naz Hillmon",5,1649,1925,276,5,4,1
"2021-22","12653","Maryland","Angel Reese|Chloe Bibby|Diamond Miller|Katie Benzan|Mimi Collins",5,1858,2051,193,4,3,1
"2021-22","12653","Maryland","Angel Reese|Chloe Bibby|Katie Benzan|Mimi Collins|Shyanne Sellers",5,2051,2141,90,4,5,-1
"2021-22","12653","Michigan","Danielle Rauch|Emily Kiser|Laila Phelia|Maddie Nolan|Naz Hillmon",5,1925,2141,216,7,6,1
"2021-22","12653","Maryland","Angel Reese|Chloe Bibby|Diamond Miller|Katie Benzan|Shyanne Sellers",5,2141,2172,31,0,1,-1
"2021-22","12653","Michigan","Emily Kiser|Laila Phelia|Leigha Brown|Maddie Nolan|Naz Hillmon",5,2141,2172,31,1,0,1
"2021-22","12653","Michigan","Cameron Williams|Laila Phelia|Leigha Brown|Maddie Nolan|Naz Hillmon",5,2172,2201,29,2,0,2
"2021-22","12653","Michigan","Amy Dilk|Cameron Williams|Laila Phelia|Leigha Brown|Naz Hillmon",5,2201,2215,14,1,0,1
"2021-22","12653","Maryland","Angel Reese|Ashley Owusu|Chloe Bibby|Diamond Miller|Katie Benzan",5,2172,2215,43,1,3,-2
"2021-22","12653","Michigan","Amy Dilk|Cameron Williams|Elise Stuck|Izabel Varej?o|Laila Phelia",5,2215,2332,117,1,6,-5
"2021-22","12653","Maryland","Angel Reese|Ashley Owusu|Chloe Bibby|Diamond Miller|Taisiya Kozlova",5,2215,2366,151,5,3,2
"2021-22","12653","Michigan","Ari Wiggins|Elise Stuck|Izabel Varej?o|Jordan Hobbs|Taylor Gibson",5,2332,2366,34,2,0,2
"2021-22","12653","Maryland","Ashley Owusu|Chloe Bibby|Diamond Miller|Emma Chardon|Taisiya Kozlova",5,2366,2400,34,3,0,3
"2021-22","12653","Michigan","Ari Wiggins|Jordan Hobbs|Michelle Sidor|Taylor Gibson|Whitney Sollom",5,2366,2400,34,0,3,-3
"2021-22","12654","Maryland","Angel Reese|Ashley Owusu|Chloe Bibby|Diamond Miller|Katie Benzan",5,0,146,146,4,3,1
"2021-22","12654","Maryland","Angel Reese|Ashley Owusu|Chloe Bibby|Katie Benzan|Shyanne Sellers",5,146,236,90,2,5,-3
"2021-22","12654","Ohio St.","Braxtin Miller|Jacy Sheldon|Rebeka Mikulasikova|Rikki Harris|Taylor Mikesell",5,0,416,416,17,10,7
"2021-22","12654","Maryland","Ashley Owusu|Chloe Bibby|Katie Benzan|Mimi Collins|Shyanne Sellers",5,236,416,180,4,9,-5
"2021-22","12654","Maryland","Angel Reese|Diamond Miller|Katie Benzan|Mimi Collins|Shyanne Sellers",5,416,518,102,2,2,0
"2021-22","12654","Ohio St.","Braxtin Miller|Jacy Sheldon|Rikki Harris|Tanaya Beacham|Taylor Mikesell",5,416,600,184,8,5,3
"2021-22","12654","Maryland","Angel Reese|Ashley Owusu|Diamond Miller|Katie Benzan|Mimi Collins",5,518,600,82,3,6,-3
"2021-22","12654","Ohio St.","Braxtin Miller|Jacy Sheldon|Rebeka Mikulasikova|Rikki Harris|Taylor Mikesell",5,600,722,122,5,4,1
"2021-22","12654","Ohio St.","Braxtin Miller|Jacy Sheldon|Rikki Harris|Tanaya Beacham|Taylor Mikesell",5,722,777,55,0,2,-2
"2021-22","12654","Maryland","Angel Reese|Ashley Owusu|Chloe Bibby|Katie Benzan|Mimi Collins",5,600,777,177,6,5,1
"2021-22","12654","Ohio St.","Braxtin Miller|Jacy Sheldon|Tanaya Beacham|Taylor Mikesell|Taylor Thierry",5,777,852,75,3,2,1
"2021-22","12654","Maryland","Ashley Owusu|Chloe Bibby|Diamond Miller|Katie Benzan|Mimi Collins",5,777,852,75,2,3,-1
"2021-22","12654","Maryland","Angel Reese|Ashley Owusu|Chloe Bibby|Diamond Miller|Katie Benzan",5,852,880,28,0,0,0
"2021-22","12654","Ohio St.","Jacy Sheldon|Rikki Harris|Tanaya Beacham|Taylor Mikesell|Taylor Thierry",5,852,965,113,0,2,-2
"2021-22","12654","Ohio St.","Jacy Sheldon|Rebeka Mikulasikova|Rikki Harris|Taylor Mikesell|Taylor Thierry",5,965,1044,79,2,5,-3
"2021-22","12654","Ohio St.","Braxtin Miller|Jacy Sheldon|Rikki Harris|Tanaya Beacham|Taylor Mikesell",5,1044,1067,23,4,3,1
"2021-22","12654","Maryland","Angel Reese|Ashley Owusu|Chloe Bibby|Katie Benzan|Mimi Collins",5,880,1067,187,10,6,4
"2021-22","12654","Maryland","Ashley Owusu|Chloe Bibby|Katie Benzan|Mimi Collins|Shyanne Sellers",5,1067,1162,95,2,5,-3
"2021-22","12654","Ohio St.","Braxtin Miller|Jacy Sheldon|Rikki Harris|Taylor Mikesell|Taylor Thierry",5,1067,1200,133,6,4,2
"2021-22","12654","Maryland","Ashley Owusu|Emma Chardon|Katie Benzan|Mimi Collins|Shyanne Sellers",5,1162,1200,38,2,1,1
"2021-22","12654","Ohio St.","Braxtin Miller|Jacy Sheldon|Rebeka Mikulasikova|Rikki Harris|Taylor Mikesell",5,1200,1372,172,4,6,-2
"2021-22","12654","Maryland","Angel Reese|Ashley Owusu|Chloe Bibby|Diamond Miller|Katie Benzan",5,1200,1448,248,10,6,4
"2021-22","12654","Maryland","Ashley Owusu|Chloe Bibby|Diamond Miller|Katie Benzan|Mimi Collins",5,1448,1557,109,2,5,-3
"2021-22","12654","Maryland","Angel Reese|Ashley Owusu|Chloe Bibby|Diamond Miller|Katie Benzan",5,1557,1641,84,2,5,-3
"2021-22","12654","Maryland","Angel Reese|Diamond Miller|Katie Benzan|Mimi Collins|Shyanne Sellers",5,1641,1734,93,2,2,0
"2021-22","12654","Ohio St.","Braxtin Miller|Jacy Sheldon|Rikki Harris|Tanaya Beacham|Taylor Mikesell",5,1372,1800,428,16,14,2
"2021-22","12654","Maryland","Angel Reese|Chloe Bibby|Diamond Miller|Katie Benzan|Mimi Collins",5,1734,1800,66,4,2,2
"2021-22","12654","Maryland","Angel Reese|Ashley Owusu|Chloe Bibby|Katie Benzan|Mimi Collins",5,1800,1962,162,3,4,-1
"2021-22","12654","Ohio St.","Braxtin Miller|Jacy Sheldon|Rebeka Mikulasikova|Rikki Harris|Taylor Mikesell",5,1800,2238,438,17,15,2
"2021-22","12654","Maryland","Ashley Owusu|Chloe Bibby|Diamond Miller|Katie Benzan|Mimi Collins",5,1962,2238,276,12,13,-1
"2021-22","12654","Maryland","Angel Reese|Ashley Owusu|Chloe Bibby|Diamond Miller|Katie Benzan",5,2238,2394,156,17,11,6
"2021-22","12654","Ohio St.","Braxtin Miller|Jacy Sheldon|Rikki Harris|Tanaya Beacham|Taylor Mikesell",5,2238,2400,162,13,17,-4
"2021-22","12654","Maryland","Angel Reese|Ashley Owusu|Chloe Bibby|Diamond Miller|Shyanne Sellers",5,2394,2400,6,0,2,-2
"2021-22","12655","Maryland","Angel Reese|Ashley Owusu|Chloe Bibby|Diamond Miller|Katie Benzan",5,0,108,108,0,2,-2
"2021-22","12655","Maryland","Angel Reese|Ashley Owusu|Chloe Bibby|Katie Benzan|Shyanne Sellers",5,108,183,75,3,0,3
"2021-22","12655","Maryland","Angel Reese|Chloe Bibby|Diamond Miller|Katie Benzan|Shyanne Sellers",5,183,279,96,6,2,4
"2021-22","12655","Maryland","Chloe Bibby|Diamond Miller|Katie Benzan|Mimi Collins|Shyanne Sellers",5,279,302,23,0,3,-3
"2021-22","12655","Maryland","Ashley Owusu|Chloe Bibby|Katie Benzan|Mimi Collins|Shyanne Sellers",5,302,345,43,0,2,-2
"2021-22","12655","Maryland","Angel Reese|Ashley Owusu|Chloe Bibby|Katie Benzan|Shyanne Sellers",5,345,473,128,7,3,4
"2021-22","12655","Northwestern","Courtney Shaw|Jillian Brown|Lauryn Satterwhite|Laya Hartman|Veronica Burton",5,0,473,473,12,16,-4
"2021-22","12655","Maryland","Angel Reese|Ashley Owusu|Katie Benzan|Mimi Collins|Shyanne Sellers",5,473,519,46,2,0,2
"2021-22","12655","Northwestern","Courtney Shaw|Laya Hartman|Melannie Daley|Paige Mott|Veronica Burton",5,473,528,55,0,2,-2
"2021-22","12655","Maryland","Angel Reese|Diamond Miller|Katie Benzan|Mimi Collins|Shyanne Sellers",5,519,561,42,0,0,0
"2021-22","12655","Maryland","Angel Reese|Ashley Owusu|Diamond Miller|Katie Benzan|Mimi Collins",5,561,600,39,0,2,-2
"2021-22","12655","Northwestern","Laya Hartman|Melannie Daley|Mercy Ademusayo|Paige Mott|Veronica Burton",5,528,600,72,2,0,2
"2021-22","12655","Northwestern","Jillian Brown|Melannie Daley|Mercy Ademusayo|Paige Mott|Veronica Burton",5,600,635,35,0,0,0
"2021-22","12655","Northwestern","Courtney Shaw|Jillian Brown|Melannie Daley|Paige Mott|Veronica Burton",5,635,668,33,0,3,-3
"2021-22","12655","Northwestern","Courtney Shaw|Jillian Brown|Lauryn Satterwhite|Laya Hartman|Veronica Burton",5,668,763,95,0,2,-2
"2021-22","12655","Northwestern","Courtney Shaw|Lauryn Satterwhite|Laya Hartman|Paige Mott|Veronica Burton",5,763,787,24,0,0,0
"2021-22","12655","Maryland","Angel Reese|Ashley Owusu|Chloe Bibby|Katie Benzan|Shyanne Sellers",5,600,869,269,8,2,6
"2021-22","12655","Maryland","Angel Reese|Ashley Owusu|Diamond Miller|Katie Benzan|Mimi Collins",5,869,998,129,6,2,4
"2021-22","12655","Northwestern","Anna Morris|Courtney Shaw|Lauryn Satterwhite|Laya Hartman|Veronica Burton",5,787,998,211,4,9,-5
"2021-22","12655","Northwestern","Anna Morris|Courtney Shaw|Laya Hartman|Melannie Daley|Veronica Burton",5,998,1018,20,0,3,-3
"2021-22","12655","Maryland","Ashley Owusu|Chloe Bibby|Diamond Miller|Mimi Collins|Shyanne Sellers",5,998,1032,34,3,0,3
"2021-22","12655","Maryland","Angel Reese|Ashley Owusu|Chloe Bibby|Diamond Miller|Shyanne Sellers",5,1032,1076,44,0,0,0
"2021-22","12655","Maryland","Angel Reese|Ashley Owusu|Chloe Bibby|Diamond Miller|Katie Benzan",5,1076,1114,38,0,2,-2
"2021-22","12655","Maryland","Ashley Owusu|Chloe Bibby|Diamond Miller|Katie Benzan|Mimi Collins",5,1114,1200,86,4,3,1
"2021-22","12655","Northwestern","Courtney Shaw|Jillian Brown|Laya Hartman|Melannie Daley|Veronica Burton",5,1018,1200,182,5,4,1
"2021-22","12655","Maryland","Angel Reese|Ashley Owusu|Chloe Bibby|Diamond Miller|Katie Benzan",5,1200,1368,168,4,4,0
"2021-22","12655","Northwestern","Courtney Shaw|Lauryn Satterwhite|Laya Hartman|Paige Mott|Veronica Burton",5,1200,1419,219,4,9,-5
"2021-22","12655","Maryland","Ashley Owusu|Chloe Bibby|Katie Benzan|Mimi Collins|Shyanne Sellers",5,1368,1419,51,5,0,5
"2021-22","12655","Maryland","Ashley Owusu|Chloe Bibby|Diamond Miller|Mimi Collins|Shyanne Sellers",5,1419,1577,158,5,8,-3
"2021-22","12655","Northwestern","Courtney Shaw|Jillian Brown|Lauryn Satterwhite|Paige Mott|Veronica Burton",5,1419,1577,158,8,5,3
"2021-22","12655","Northwestern","Jillian Brown|Lauryn Satterwhite|Laya Hartman|Mercy Ademusayo|Veronica Burton",5,1577,1646,69,0,3,-3
"2021-22","12655","Northwestern","Anna Morris|Jillian Brown|Melannie Daley|Mercy Ademusayo|Veronica Burton",5,1646,1689,43,0,3,-3
"2021-22","12655","Maryland","Angel Reese|Ashley Owusu|Chloe Bibby|Katie Benzan|Shyanne Sellers",5,1577,1788,211,11,4,7
"2021-22","12655","Northwestern","Anna Morris|Jillian Brown|Lauryn Satterwhite|Melannie Daley|Mercy Ademusayo",5,1689,1800,111,4,8,-4
"2021-22","12655","Maryland","Chloe Bibby|Diamond Miller|Katie Benzan|Mimi Collins|Shyanne Sellers",5,1788,1884,96,3,2,1
"2021-22","12655","Maryland","Angel Reese|Diamond Miller|Katie Benzan|Mimi Collins|Shyanne Sellers",5,1884,1909,25,0,0,0
"2021-22","12655","Maryland","Angel Reese|Chloe Bibby|Diamond Miller|Katie Benzan|Shyanne Sellers",5,1909,1977,68,2,4,-2
"2021-22","12655","Maryland","Angel Reese|Chloe Bibby|Diamond Miller|Shyanne Sellers|Taisiya Kozlova",5,1977,2098,121,6,3,3
"2021-22","12655","Northwestern","Courtney Shaw|Jillian Brown|Lauryn Satterwhite|Laya Hartman|Veronica Burton",5,1800,2098,298,10,8,2
"2021-22","12655","Maryland","Angel Reese|Diamond Miller|Mimi Collins|Shyanne Sellers|Taisiya Kozlova",5,2098,2122,24,0,1,-1
"2021-22","12655","Northwestern","Jillian Brown|Lauryn Satterwhite|Laya Hartman|Mercy Ademusayo|Veronica Burton",5,2098,2122,24,0,0,0
"2021-22","12655","Northwestern","Hailey Weaver|Lauryn Satterwhite|Melannie Daley|Mercy Ademusayo|Paige Mott",5,2122,2280,158,5,6,-1
"2021-22","12655","Maryland","Diamond Miller|Emma Chardon|Mimi Collins|Shyanne Sellers|Taisiya Kozlova",5,2122,2400,278,12,10,2
"2021-22","12655","Northwestern","Hailey Weaver|Jasmine McWilliams|Melannie Daley|Mercy Ademusayo|Paige Mott",5,2280,2400,120,5,6,-1
"2021-22","12656","Maryland","Angel Reese|Ashley Owusu|Chloe Bibby|Diamond Miller|Katie Benzan",5,0,168,168,6,3,3
"2021-22","12656","Maryland","Angel Reese|Ashley Owusu|Chloe Bibby|Katie Benzan|Shyanne Sellers",5,168,242,74,2,0,2
"2021-22","12656","Rutgers","Jailyn Mason|Lasha Petree|Osh Brown|Sayawni Lassiter|Tyia Singleton",5,0,242,242,3,8,-5
"2021-22","12656","Maryland","Ashley Owusu|Chloe Bibby|Katie Benzan|Mimi Collins|Shyanne Sellers",5,242,421,179,8,4,4
"2021-22","12656","Rutgers","Jailyn Mason|Osh Brown|Sayawni Lassiter|Shug Dickson|Tyia Singleton",5,242,440,198,4,9,-5
"2021-22","12656","Maryland","Angel Reese|Ashley Owusu|Diamond Miller|Mimi Collins|Shyanne Sellers",5,421,477,56,1,2,-1
"2021-22","12656","Rutgers","Jailyn Mason|Lasha Petree|Osh Brown|Shug Dickson|Tyia Singleton",5,440,535,95,2,2,0
"2021-22","12656","Maryland","Angel Reese|Ashley Owusu|Katie Benzan|Mimi Collins|Shyanne Sellers",5,477,600,123,2,0,2
"2021-22","12656","Rutgers","Awa Sidibe|Chyna Cornwell|Jailyn Mason|Shug Dickson|Victoria Morris",5,535,600,65,0,0,0
"2021-22","12656","Rutgers","Awa Sidibe|Chyna Cornwell|Destiny Marshall|Shug Dickson|Victoria Morris",5,600,657,57,0,0,0
"2021-22","12656","Maryland","Angel Reese|Ashley Owusu|Chloe Bibby|Diamond Miller|Katie Benzan",5,600,793,193,2,6,-4
"2021-22","12656","Rutgers","Destiny Marshall|Joiya Maddox|Osh Brown|Tyia Singleton|Victoria Morris",5,657,812,155,6,5,1
"2021-22","12656","Maryland","Chloe Bibby|Diamond Miller|Katie Benzan|Mimi Collins|Shyanne Sellers",5,793,931,138,7,4,3
"2021-22","12656","Maryland","Ashley Owusu|Chloe Bibby|Katie Benzan|Mimi Collins|Shyanne Sellers",5,931,978,47,0,2,-2
"2021-22","12656","Rutgers","Destiny Marshall|Jailyn Mason|Joiya Maddox|Osh Brown|Tyia Singleton",5,812,978,166,6,4,2
"2021-22","12656","Rutgers","Destiny Marshall|Jailyn Mason|Osh Brown|Shug Dickson|Tyia Singleton",5,978,1025,47,0,0,0
"2021-22","12656","Rutgers","Destiny Marshall|Osh Brown|Sayawni Lassiter|Shug Dickson|Tyia Singleton",5,1025,1055,30,0,0,0
"2021-22","12656","Rutgers","Chyna Cornwell|Destiny Marshall|Osh Brown|Sayawni Lassiter|Shug Dickson",5,1055,1121,66,0,0,0
"2021-22","12656","Rutgers","Destiny Marshall|Lasha Petree|Osh Brown|Sayawni Lassiter|Shug Dickson",5,1121,1200,79,5,2,3
"2021-22","12656","Rutgers","Jailyn Mason|Lasha Petree|Osh Brown|Sayawni Lassiter|Tyia Singleton",5,1200,1258,58,0,3,-3
"2021-22","12656","Maryland","Angel Reese|Ashley Owusu|Chloe Bibby|Diamond Miller|Katie Benzan",5,978,1385,407,9,15,-6
"2021-22","12656","Rutgers","Awa Sidibe|Jailyn Mason|Lasha Petree|Osh Brown|Sayawni Lassiter",5,1258,1449,191,10,8,2
"2021-22","12656","Maryland","Angel Reese|Ashley Owusu|Chloe Bibby|Katie Benzan|Shyanne Sellers",5,1385,1554,169,8,2,6
"2021-22","12656","Rutgers","Jailyn Mason|Lasha Petree|Osh Brown|Sayawni Lassiter|Tyia Singleton",5,1449,1714,265,4,12,-8
"2021-22","12656","Maryland","Ashley Owusu|Chloe Bibby|Katie Benzan|Mimi Collins|Shyanne Sellers",5,1554,1743,189,8,2,6
"2021-22","12656","Rutgers","Destiny Marshall|Jailyn Mason|Osh Brown|Sayawni Lassiter|Tyia Singleton",5,1714,1743,29,0,0,0
"2021-22","12656","Maryland","Chloe Bibby|Diamond Miller|Katie Benzan|Mimi Collins|Shyanne Sellers",5,1743,1870,127,2,4,-2
"2021-22","12656","Rutgers","Destiny Marshall|Osh Brown|Shug Dickson|Tyia Singleton|Victoria Morris",5,1743,1903,160,5,5,0
"2021-22","12656","Maryland","Ashley Owusu|Chloe Bibby|Diamond Miller|Mimi Collins|Shyanne Sellers",5,1870,1982,112,6,3,3
"2021-22","12656","Rutgers","Destiny Marshall|Joiya Maddox|Osh Brown|Tyia Singleton|Victoria Morris",5,1903,1982,79,2,3,-1
"2021-22","12656","Rutgers","Destiny Marshall|Jailyn Mason|Joiya Maddox|Osh Brown|Tyia Singleton",5,1982,2079,97,2,4,-2
"2021-22","12656","Maryland","Ashley Owusu|Chloe Bibby|Diamond Miller|Katie Benzan|Mimi Collins",5,1982,2180,198,4,2,2
"2021-22","12656","Maryland","Angel Reese|Ashley Owusu|Chloe Bibby|Diamond Miller|Katie Benzan",5,2180,2262,82,3,4,-1
"2021-22","12656","Maryland","Angel Reese|Ashley Owusu|Chloe Bibby|Diamond Miller|Shyanne Sellers",5,2262,2299,37,2,0,2
"2021-22","12656","Maryland","Angel Reese|Ashley Owusu|Diamond Miller|Mimi Collins|Shyanne Sellers",5,2299,2320,21,0,0,0
"2021-22","12656","Rutgers","Awa Sidibe|Destiny Marshall|Jailyn Mason|Joiya Maddox|Osh Brown",5,2079,2320,241,4,5,-1
"2021-22","12656","Maryland","Diamond Miller|Emma Chardon|Mimi Collins|Shyanne Sellers|Taisiya Kozlova",5,2320,2400,80,2,2,0
"2021-22","12656","Rutgers","Awa Sidibe|Chyna Cornwell|Destiny Marshall|Jailyn Mason|Joiya Maddox",5,2320,2400,80,2,2,0
"2021-22","12657","Penn St.","Ali Brigham|Kelly Jekot|Leilani Kapinus|Makenna Marisa|Shay Hagans",5,0,177,177,6,4,2
"2021-22","12657","Maryland","Angel Reese|Ashley Owusu|Chloe Bibby|Diamond Miller|Katie Benzan",5,0,177,177,4,6,-2
"2021-22","12657","Maryland","Angel Reese|Ashley Owusu|Diamond Miller|Katie Benzan|Mimi Collins",5,177,207,30,2,0,2
"2021-22","12657","Penn St.","Anna Camden|Kayla Thomas|Kelly Jekot|Makenna Marisa|Tova Sabel",5,177,286,109,2,6,-4
"2021-22","12657","Maryland","Angel Reese|Diamond Miller|Katie Benzan|Mimi Collins|Shyanne Sellers",5,207,286,79,4,2,2
"2021-22","12657","Penn St.","Anna Camden|Kayla Thomas|Leilani Kapinus|Makenna Marisa|Shay Hagans",5,286,323,37,0,0,0
"2021-22","12657","Maryland","Chloe Bibby|Diamond Miller|Katie Benzan|Mimi Collins|Shyanne Sellers",5,286,323,37,0,0,0
"2021-22","12657","Penn St.","Ali Brigham|Leilani Kapinus|Maddie Burke|Makenna Marisa|Shay Hagans",5,323,388,65,0,2,-2
"2021-22","12657","Maryland","Ashley Owusu|Chloe Bibby|Diamond Miller|Mimi Collins|Shyanne Sellers",5,323,388,65,2,0,2
"2021-22","12657","Penn St.","Ali Brigham|Kelly Jekot|Leilani Kapinus|Maddie Burke|Makenna Marisa",5,388,498,110,6,6,0
"2021-22","12657","Maryland","Ashley Owusu|Chloe Bibby|Katie Benzan|Mimi Collins|Shyanne Sellers",5,388,498,110,6,6,0
"2021-22","12657","Penn St.","Kayla Thomas|Kelly Jekot|Leilani Kapinus|Maddie Burke|Makenna Marisa",5,498,529,31,0,5,-5
"2021-22","12657","Penn St.","Kayla Thomas|Kelly Jekot|Maddie Burke|Makenna Marisa|Tova Sabel",5,529,540,11,0,0,0
"2021-22","12657","Penn St.","Kayla Thomas|Kelly Jekot|Maddie Burke|Makenna Marisa|Shay Hagans",5,540,600,60,0,4,-4
"2021-22","12657","Penn St.","Ali Brigham|Kelly Jekot|Leilani Kapinus|Makenna Marisa|Shay Hagans",5,600,735,135,5,3,2
"2021-22","12657","Maryland","Angel Reese|Ashley Owusu|Chloe Bibby|Diamond Miller|Katie Benzan",5,498,735,237,12,5,7
"2021-22","12657","Penn St.","Anna Camden|Kelly Jekot|Leilani Kapinus|Makenna Marisa|Shay Hagans",5,735,861,126,2,2,0
"2021-22","12657","Maryland","Ashley Owusu|Chloe Bibby|Katie Benzan|Mimi Collins|Shyanne Sellers",5,735,861,126,2,2,0
"2021-22","12657","Penn St.","Anna Camden|Leilani Kapinus|Maddie Burke|Makenna Marisa|Tova Sabel",5,861,894,33,0,0,0
"2021-22","12657","Penn St.","Ali Brigham|Leilani Kapinus|Maddie Burke|Makenna Marisa|Tova Sabel",5,894,952,58,2,4,-2
"2021-22","12657","Maryland","Angel Reese|Ashley Owusu|Diamond Miller|Mimi Collins|Shyanne Sellers",5,861,952,91,4,2,2
"2021-22","12657","Maryland","Angel Reese|Chloe Bibby|Diamond Miller|Katie Benzan|Shyanne Sellers",5,952,1081,129,7,4,3
"2021-22","12657","Penn St.","Ali Brigham|Kelly Jekot|Leilani Kapinus|Makenna Marisa|Tova Sabel",5,952,1081,129,5,7,-2
"2021-22","12657","Maryland","Ashley Owusu|Chloe Bibby|Katie Benzan|Mimi Collins|Shyanne Sellers",5,1081,1137,56,2,1,1
"2021-22","12657","Penn St.","Ali Brigham|Kelly Jekot|Makenna Marisa|Shay Hagans|Tova Sabel",5,1081,1200,119,1,5,-4
"2021-22","12657","Maryland","Ashley Owusu|Chloe Bibby|Diamond Miller|Mimi Collins|Shyanne Sellers",5,1137,1200,63,3,1,2
"2021-22","12657","Maryland","Angel Reese|Ashley Owusu|Chloe Bibby|Diamond Miller|Katie Benzan",5,1200,1306,106,2,2,0
"2021-22","12657","Penn St.","Ali Brigham|Kelly Jekot|Leilani Kapinus|Makenna Marisa|Shay Hagans",5,1200,1397,197,7,6,1
"2021-22","12657","Maryland","Ashley Owusu|Chloe Bibby|Diamond Miller|Katie Benzan|Mimi Collins",5,1306,1397,91,4,5,-1
"2021-22","12657","Penn St.","Anna Camden|Kelly Jekot|Leilani Kapinus|Makenna Marisa|Shay Hagans",5,1397,1497,100,4,2,2
"2021-22","12657","Maryland","Chloe Bibby|Diamond Miller|Katie Benzan|Mimi Collins|Shyanne Sellers",5,1397,1497,100,2,4,-2
"2021-22","12657","Penn St.","Anna Camden|Kayla Thomas|Kelly Jekot|Makenna Marisa|Tova Sabel",5,1497,1557,60,3,3,0
"2021-22","12657","Penn St.","Anna Camden|Kayla Thomas|Kelly Jekot|Maddie Burke|Makenna Marisa",5,1557,1624,67,2,2,0
"2021-22","12657","Maryland","Angel Reese|Ashley Owusu|Chloe Bibby|Diamond Miller|Shyanne Sellers",5,1497,1643,146,5,5,0
"2021-22","12657","Maryland","Angel Reese|Chloe Bibby|Diamond Miller|Katie Benzan|Shyanne Sellers",5,1643,1691,48,0,2,-2
"2021-22","12657","Penn St.","Anna Camden|Kayla Thomas|Kelly Jekot|Leilani Kapinus|Maddie Burke",5,1624,1744,120,4,0,4
"2021-22","12657","Penn St.","Anna Camden|Kayla Thomas|Kelly Jekot|Maddie Burke|Makenna Marisa",5,1744,1800,56,3,3,0
"2021-22","12657","Maryland","Ashley Owusu|Chloe Bibby|Katie Benzan|Mimi Collins|Shyanne Sellers",5,1691,1800,109,3,5,-2
"2021-22","12657","Maryland","Chloe Bibby|Diamond Miller|Katie Benzan|Mimi Collins|Shyanne Sellers",5,1800,1868,68,2,2,0
"2021-22","12657","Maryland","Ashley Owusu|Chloe Bibby|Diamond Miller|Mimi Collins|Shyanne Sellers",5,1868,1967,99,3,7,-4
"2021-22","12657","Penn St.","Anna Camden|Kayla Thomas|Kelly Jekot|Leilani Kapinus|Makenna Marisa",5,1800,2118,318,11,9,2
"2021-22","12657","Maryland","Chloe Bibby|Diamond Miller|Katie Benzan|Mimi Collins|Shyanne Sellers",5,1967,2118,151,4,2,2
"2021-22","12657","Penn St.","Ali Brigham|Anna Camden|Kelly Jekot|Leilani Kapinus|Makenna Marisa",5,2118,2186,68,3,2,1
"2021-22","12657","Penn St.","Ali Brigham|Anna Camden|Kelly Jekot|Makenna Marisa|Tova Sabel",5,2186,2201,15,0,2,-2
"2021-22","12657","Penn St.","Kayla Thomas|Kelly Jekot|Leilani Kapinus|Makenna Marisa|Tova Sabel",5,2201,2351,150,2,4,-2
"2021-22","12657","Maryland","Angel Reese|Chloe Bibby|Diamond Miller|Katie Benzan|Shyanne Sellers",5,2118,2351,233,8,6,2
"2021-22","12657","Penn St.","Ali Brigham|Kelly Jekot|Leilani Kapinus|Makenna Marisa|Shay Hagans",5,2351,2365,14,1,1,0
"2021-22","12657","Maryland","Ashley Owusu|Chloe Bibby|Diamond Miller|Katie Benzan|Shyanne Sellers",5,2351,2365,14,1,0,1
"2021-22","12657","Penn St.","Ali Brigham|Anna Camden|Kelly Jekot|Leilani Kapinus|Makenna Marisa",5,2365,2400,35,2,0,2
"2021-22","12657","Maryland","Angel Reese|Diamond Miller|Katie Benzan|Mimi Collins|Shyanne Sellers",5,2365,2400,35,0,2,-2
"2021-22","12658","Maryland","Angel Reese|Ashley Owusu|Chloe Bibby|Diamond Miller|Katie Benzan",5,0,221,221,11,6,5
"2021-22","12658","Michigan St.","Alisia Smith|DeeDee Hagemann|Matilda Ekh|Nia Clouden|Tamara Farquhar",5,0,271,271,6,13,-7
"2021-22","12658","Maryland","Angel Reese|Ashley Owusu|Chloe Bibby|Diamond Miller|Shyanne Sellers",5,221,271,50,2,0,2
"2021-22","12658","Michigan St.","DeeDee Hagemann|Matilda Ekh|Nia Clouden|Taiyier Parks|Tamara Farquhar",5,271,319,48,5,2,3
"2021-22","12658","Maryland","Angel Reese|Ashley Owusu|Chloe Bibby|Katie Benzan|Shyanne Sellers",5,271,319,48,2,5,-3
"2021-22","12658","Michigan St.","Alisia Smith|DeeDee Hagemann|Matilda Ekh|Nia Clouden|Taiyier Parks",5,319,438,119,1,0,1
"2021-22","12658","Maryland","Angel Reese|Ashley Owusu|Chloe Bibby|Diamond Miller|Shyanne Sellers",5,319,438,119,0,1,-1
"2021-22","12658","Maryland","Ashley Owusu|Chloe Bibby|Diamond Miller|Mimi Collins|Shyanne Sellers",5,438,492,54,2,2,0
"2021-22","12658","Michigan St.","Alisia Smith|DeeDee Hagemann|Jayla James|Nia Clouden|Tamara Farquhar",5,438,492,54,2,2,0
"2021-22","12658","Maryland","Angel Reese|Chloe Bibby|Diamond Miller|Katie Benzan|Shyanne Sellers",5,492,527,35,0,1,-1
"2021-22","12658","Michigan St.","Alisia Smith|Jayla James|Matilda Ekh|Nia Clouden|Tamara Farquhar",5,492,592,100,1,3,-2
"2021-22","12658","Maryland","Chloe Bibby|Diamond Miller|Katie Benzan|Mimi Collins|Shyanne Sellers",5,527,592,65,3,0,3
"2021-22","12658","Maryland","Chloe Bibby|Katie Benzan|Mimi Collins|Shyanne Sellers|Taisiya Kozlova",5,592,600,8,1,0,1
"2021-22","12658","Michigan St.","Alisia Smith|DeeDee Hagemann|Matilda Ekh|Nia Clouden|Tamara Farquhar",5,592,737,145,2,5,-3
"2021-22","12658","Maryland","Angel Reese|Chloe Bibby|Diamond Miller|Katie Benzan|Shyanne Sellers",5,600,787,187,4,2,2
"2021-22","12658","Michigan St.","Alisia Smith|DeeDee Hagemann|Matilda Ekh|Nia Clouden|Taiyier Parks",5,737,865,128,3,2,1
"2021-22","12658","Michigan St.","Alisia Smith|Jayla James|Matilda Ekh|Nia Clouden|Taiyier Parks",5,865,934,69,0,0,0
"2021-22","12658","Michigan St.","Alisia Smith|DeeDee Hagemann|Matilda Ekh|Nia Clouden|Taiyier Parks",5,934,990,56,0,0,0
"2021-22","12658","Maryland","Chloe Bibby|Diamond Miller|Katie Benzan|Mimi Collins|Shyanne Sellers",5,787,1200,413,7,8,-1
"2021-22","12658","Michigan St.","Alisia Smith|DeeDee Hagemann|Matilda Ekh|Nia Clouden|Tamara Farquhar",5,990,1466,476,14,13,1
"2021-22","12658","Maryland","Angel Reese|Chloe Bibby|Diamond Miller|Katie Benzan|Shyanne Sellers",5,1200,1466,266,8,9,-1
"2021-22","12658","Maryland","Chloe Bibby|Diamond Miller|Katie Benzan|Mimi Collins|Shyanne Sellers",5,1466,1641,175,5,6,-1
"2021-22","12658","Michigan St.","DeeDee Hagemann|Matilda Ekh|Nia Clouden|Taiyier Parks|Tamara Farquhar",5,1466,1641,175,6,7,-1
"2021-22","12658","Michigan St.","Alisia Smith|Matilda Ekh|Nia Clouden|Taiyier Parks|Tamara Farquhar",5,1641,1712,71,3,5,-2
"2021-22","12658","Maryland","Angel Reese|Chloe Bibby|Diamond Miller|Katie Benzan|Shyanne Sellers",5,1641,1754,113,8,4,4
"2021-22","12658","Michigan St.","Alisia Smith|DeeDee Hagemann|Matilda Ekh|Nia Clouden|Taiyier Parks",5,1712,1776,64,1,1,0
"2021-22","12658","Maryland","Angel Reese|Chloe Bibby|Katie Benzan|Mimi Collins|Shyanne Sellers",5,1754,1800,46,1,3,-2
"2021-22","12658","Michigan St.","DeeDee Hagemann|Isaline Alexander|Matilda Ekh|Nia Clouden|Taiyier Parks",5,1776,1846,70,3,3,0
"2021-22","12658","Michigan St.","Alisia Smith|DeeDee Hagemann|Matilda Ekh|Nia Clouden|Taiyier Parks",5,1846,1927,81,2,2,0
"2021-22","12658","Maryland","Angel Reese|Chloe Bibby|Diamond Miller|Katie Benzan|Shyanne Sellers",5,1800,1927,127,4,2,2
"2021-22","12658","Maryland","Chloe Bibby|Diamond Miller|Katie Benzan|Mimi Collins|Shyanne Sellers",5,1927,2039,112,0,4,-4
"2021-22","12658","Maryland","Angel Reese|Chloe Bibby|Diamond Miller|Katie Benzan|Mimi Collins",5,2039,2124,85,2,2,0
"2021-22","12658","Michigan St.","Alisia Smith|Matilda Ekh|Nia Clouden|Taiyier Parks|Tamara Farquhar",5,1927,2400,473,13,9,4
"2021-22","12658","Maryland","Angel Reese|Chloe Bibby|Diamond Miller|Katie Benzan|Shyanne Sellers",5,2124,2400,276,7,7,0
"2021-22","12659","Maryland","Angel Reese|Chloe Bibby|Diamond Miller|Katie Benzan|Shyanne Sellers",5,0,129,129,4,4,0
"2021-22","12659","Nebraska","Alexis Markowski|Ashley Scoggin|Isabelle Bourne|Jaz Shelley|Sam Haiby",5,0,230,230,4,7,-3
"2021-22","12659","Maryland","Angel Reese|Chloe Bibby|Diamond Miller|Katie Benzan|Mimi Collins",5,129,305,176,8,0,8
"2021-22","12659","Nebraska","Alexis Markowski|Allison Weidner|Bella Cravens|Jaz Shelley|Sam Haiby",5,230,305,75,2,5,-3
"2021-22","12659","Nebraska","Alexis Markowski|Allison Weidner|Bella Cravens|Jaz Shelley|Ruby Porter",5,305,319,14,0,0,0
"2021-22","12659","Nebraska","Allison Weidner|Annika Stewart|Bella Cravens|Jaz Shelley|Ruby Porter",5,319,404,85,2,4,-2
"2021-22","12659","Nebraska","Annika Stewart|Ashley Scoggin|Isabelle Bourne|Ruby Porter|Sam Haiby",5,404,523,119,3,8,-5
"2021-22","12659","Nebraska","Annika Stewart|Ashley Scoggin|Isabelle Bourne|Jaz Shelley|Sam Haiby",5,523,583,60,0,0,0
"2021-22","12659","Maryland","Chloe Bibby|Diamond Miller|Katie Benzan|Mimi Collins|Taisiya Kozlova",5,305,600,295,14,7,7
"2021-22","12659","Maryland","Angel Reese|Chloe Bibby|Diamond Miller|Katie Benzan|Shyanne Sellers",5,600,755,155,2,3,-1
"2021-22","12659","Nebraska","Alexis Markowski|Ashley Scoggin|Isabelle Bourne|Jaz Shelley|Sam Haiby",5,583,755,172,3,4,-1
"2021-22","12659","Nebraska","Alexis Markowski|Allison Weidner|Ashley Scoggin|Isabelle Bourne|Jaz Shelley",5,755,779,24,0,0,0
"2021-22","12659","Nebraska","Alexis Markowski|Allison Weidner|Bella Cravens|Jaz Shelley|Kendall Moriarty",5,779,829,50,0,2,-2
"2021-22","12659","Nebraska","Allison Weidner|Annika Stewart|Bella Cravens|Jaz Shelley|Kendall Moriarty",5,829,836,7,0,0,0
"2021-22","12659","Maryland","Chloe Bibby|Diamond Miller|Katie Benzan|Mimi Collins|Shyanne Sellers",5,755,868,113,4,0,4
"2021-22","12659","Maryland","Chloe Bibby|Katie Benzan|Mimi Collins|Shyanne Sellers|Taisiya Kozlova",5,868,988,120,5,0,5
"2021-22","12659","Nebraska","Annika Stewart|Bella Cravens|Kendall Moriarty|Mi'Cole Cayton|Sam Haiby",5,836,988,152,0,7,-7
"2021-22","12659","Nebraska","Alexis Markowski|Annika Stewart|Ashley Scoggin|Jaz Shelley|Sam Haiby",5,988,1146,158,3,4,-1
"2021-22","12659","Maryland","Angel Reese|Chloe Bibby|Diamond Miller|Katie Benzan|Shyanne Sellers",5,988,1159,171,4,3,1
"2021-22","12659","Maryland","Angel Reese|Chloe Bibby|Diamond Miller|Katie Benzan|Taisiya Kozlova",5,1159,1187,28,2,3,-1
"2021-22","12659","Nebraska","Alexis Markowski|Ashley Scoggin|Isabelle Bourne|Jaz Shelley|Sam Haiby",5,1146,1187,41,3,2,1
"2021-22","12659","Maryland","Chloe Bibby|Diamond Miller|Katie Benzan|Mimi Collins|Taisiya Kozlova",5,1187,1200,13,0,0,0
"2021-22","12659","Nebraska","Ashley Scoggin|Isabelle Bourne|Jaz Shelley|Kendall Coley|Sam Haiby",5,1187,1200,13,0,0,0
"2021-22","12659","Maryland","Angel Reese|Chloe Bibby|Diamond Miller|Katie Benzan|Shyanne Sellers",5,1200,1249,49,0,2,-2
"2021-22","12659","Nebraska","Alexis Markowski|Ashley Scoggin|Isabelle Bourne|Jaz Shelley|Sam Haiby",5,1200,1350,150,2,2,0
"2021-22","12659","Maryland","Angel Reese|Chloe Bibby|Diamond Miller|Katie Benzan|Mimi Collins",5,1249,1450,201,7,3,4
"2021-22","12659","Maryland","Angel Reese|Chloe Bibby|Katie Benzan|Mimi Collins|Taisiya Kozlova",5,1450,1520,70,4,5,-1
"2021-22","12659","Nebraska","Annika Stewart|Ashley Scoggin|Isabelle Bourne|Ruby Porter|Sam Haiby",5,1350,1520,170,8,9,-1
"2021-22","12659","Maryland","Chloe Bibby|Diamond Miller|Katie Benzan|Mimi Collins|Shyanne Sellers",5,1520,1618,98,2,5,-3
"2021-22","12659","Nebraska","Alexis Markowski|Allison Weidner|Ashley Scoggin|Kendall Coley|Ruby Porter",5,1520,1933,413,15,15,0
"2021-22","12659","Maryland","Angel Reese|Chloe Bibby|Diamond Miller|Katie Benzan|Shyanne Sellers",5,1618,1933,315,13,12,1
"2021-22","12659","Maryland","Chloe Bibby|Diamond Miller|Katie Benzan|Mimi Collins|Shyanne Sellers",5,1933,1948,15,0,0,0
"2021-22","12659","Maryland","Chloe Bibby|Katie Benzan|Mimi Collins|Shyanne Sellers|Taisiya Kozlova",5,1948,2105,157,7,9,-2
"2021-22","12659","Nebraska","Allison Weidner|Ashley Scoggin|Bella Cravens|Isabelle Bourne|Jaz Shelley",5,1933,2106,173,11,7,4
"2021-22","12659","Maryland","Angel Reese|Chloe Bibby|Katie Benzan|Mimi Collins|Shyanne Sellers",5,2105,2106,1,0,0,0
"2021-22","12659","Maryland","Angel Reese|Chloe Bibby|Diamond Miller|Katie Benzan|Mimi Collins",5,2106,2142,36,0,2,-2
"2021-22","12659","Nebraska","Bella Cravens|Isabelle Bourne|Jaz Shelley|Kendall Moriarty|Sam Haiby",5,2106,2204,98,4,1,3
"2021-22","12659","Nebraska","Isabelle Bourne|Kendall Coley|Kendall Moriarty|Ruby Porter|Sam Haiby",5,2204,2286,82,2,2,0
"2021-22","12659","Maryland","Angel Reese|Chloe Bibby|Katie Benzan|Mimi Collins|Shyanne Sellers",5,2142,2339,197,4,7,-3
"2021-22","12659","Maryland","Angel Reese|Emma Chardon|Mimi Collins|Shyanne Sellers|Taisiya Kozlova",5,2339,2400,61,0,0,0
"2021-22","12659","Nebraska","Alexis Markowski|Allison Weidner|Ashley Scoggin|Kendall Coley|Ruby Porter",5,2286,2400,114,3,1,2
"2021-22","12660","Maryland","Angel Reese|Chloe Bibby|Diamond Miller|Katie Benzan|Shyanne Sellers",5,0,248,248,9,4,5
"2021-22","12660","Wisconsin","Brooke Schramek|Halle Douglass|Julie Pospisilova|Katie Nelson|Krystyna Ellew",5,0,248,248,4,9,-5
"2021-22","12660","Maryland","Angel Reese|Chloe Bibby|Katie Benzan|Shyanne Sellers|Taisiya Kozlova",5,248,331,83,5,4,1
"2021-22","12660","Maryland","Chloe Bibby|Diamond Miller|Katie Benzan|Mimi Collins|Shyanne Sellers",5,331,433,102,2,0,2
"2021-22","12660","Maryland","Angel Reese|Chloe Bibby|Diamond Miller|Katie Benzan|Mimi Collins",5,433,489,56,3,0,3
"2021-22","12660","Maryland","Angel Reese|Chloe Bibby|Diamond Miller|Mimi Collins|Shyanne Sellers",5,489,565,76,3,0,3
"2021-22","12660","Wisconsin","Brooke Schramek|Halle Douglass|Julie Pospisilova|Katie Nelson|Tara Stauffacher",5,248,565,317,4,13,-9
"2021-22","12660","Maryland","Angel Reese|Chloe Bibby|Diamond Miller|Shyanne Sellers|Taisiya Kozlova",5,565,600,35,0,0,0
"2021-22","12660","Wisconsin","Halle Douglass|Julie Pospisilova|Katie Nelson|Sara Stapleton|Tara Stauffacher",5,565,600,35,0,0,0
"2021-22","12660","Maryland","Angel Reese|Chloe Bibby|Diamond Miller|Katie Benzan|Shyanne Sellers",5,600,754,154,7,2,5
"2021-22","12660","Wisconsin","Brooke Schramek|Julie Pospisilova|Katie Nelson|Krystyna Ellew|Sara Stapleton",5,600,754,154,2,7,-5
"2021-22","12660","Wisconsin","Halle Douglass|Julie Pospisilova|Katie Nelson|Krystyna Ellew|Sara Stapleton",5,754,758,4,0,0,0
"2021-22","12660","Wisconsin","Halle Douglass|Julie Pospisilova|Katie Nelson|Krystyna Ellew|Tara Stauffacher",5,758,803,45,0,2,-2
"2021-22","12660","Maryland","Angel Reese|Chloe Bibby|Diamond Miller|Shyanne Sellers|Taisiya Kozlova",5,754,844,90,4,0,4
"2021-22","12660","Maryland","Angel Reese|Diamond Miller|Mimi Collins|Shyanne Sellers|Taisiya Kozlova",5,844,890,46,0,0,0
"2021-22","12660","Wisconsin","Brooke Schramek|Halle Douglass|Katie Nelson|Krystyna Ellew|Tara Stauffacher",5,803,890,87,0,2,-2
"2021-22","12660","Maryland","Angel Reese|Diamond Miller|Katie Benzan|Mimi Collins|Taisiya Kozlova",5,890,946,56,0,2,-2
"2021-22","12660","Maryland","Angel Reese|Katie Benzan|Mimi Collins|Shyanne Sellers|Taisiya Kozlova",5,946,989,43,0,5,-5
"2021-22","12660","Maryland","Chloe Bibby|Katie Benzan|Mimi Collins|Shyanne Sellers|Taisiya Kozlova",5,989,1111,122,3,0,3
"2021-22","12660","Maryland","Angel Reese|Chloe Bibby|Katie Benzan|Mimi Collins|Shyanne Sellers",5,1111,1126,15,0,0,0
"2021-22","12660","Wisconsin","Brooke Schramek|Halle Douglass|Julie Pospisilova|Katie Nelson|Tara Stauffacher",5,890,1168,278,9,6,3
"2021-22","12660","Maryland","Angel Reese|Chloe Bibby|Emma Chardon|Katie Benzan|Shyanne Sellers",5,1126,1200,74,5,5,0
"2021-22","12660","Wisconsin","Brooke Schramek|Halle Douglass|Katie Nelson|Natalie Leuzinger|Tara Stauffacher",5,1168,1200,32,3,2,1
"2021-22","12660","Wisconsin","Brooke Schramek|Halle Douglass|Julie Pospisilova|Katie Nelson|Tara Stauffacher",5,1200,1436,236,2,5,-3
"2021-22","12660","Wisconsin","Halle Douglass|Julie Pospisilova|Katie Nelson|Natalie Leuzinger|Tara Stauffacher",5,1436,1505,69,0,2,-2
"2021-22","12660","Maryland","Angel Reese|Chloe Bibby|Diamond Miller|Katie Benzan|Shyanne Sellers",5,1200,1639,439,12,4,8
"2021-22","12660","Maryland","Angel Reese|Chloe Bibby|Diamond Miller|Katie Benzan|Taisiya Kozlova",5,1639,1705,66,2,4,-2
"2021-22","12660","Wisconsin","Brooke Schramek|Halle Douglass|Julie Pospisilova|Katie Nelson|Natalie Leuzinger",5,1505,1752,247,6,7,-1
"2021-22","12660","Maryland","Angel Reese|Chloe Bibby|Emma Chardon|Katie Benzan|Taisiya Kozlova",5,1705,1800,95,1,0,1
"2021-22","12660","Maryland","Angel Reese|Chloe Bibby|Katie Benzan|Shyanne Sellers|Taisiya Kozlova",5,1800,1839,39,2,0,2
"2021-22","12660","Wisconsin","Brooke Schramek|Halle Douglass|Katie Nelson|Krystyna Ellew|Natalie Leuzinger",5,1752,1839,87,0,3,-3
"2021-22","12660","Wisconsin","Brooke Schramek|Halle Douglass|Julie Pospisilova|Katie Nelson|Natalie Leuzinger",5,1839,1909,70,5,3,2
"2021-22","12660","Maryland","Angel Reese|Chloe Bibby|Diamond Miller|Shyanne Sellers|Taisiya Kozlova",5,1839,2029,190,3,10,-7
"2021-22","12660","Maryland","Chloe Bibby|Diamond Miller|Katie Benzan|Shyanne Sellers|Taisiya Kozlova",5,2029,2099,70,1,0,1
"2021-22","12660","Maryland","Angel Reese|Chloe Bibby|Diamond Miller|Katie Benzan|Taisiya Kozlova",5,2099,2173,74,2,0,2
"2021-22","12660","Maryland","Angel Reese|Diamond Miller|Emma Chardon|Katie Benzan|Taisiya Kozlova",5,2173,2237,64,2,3,-1
"2021-22","12660","Wisconsin","Brooke Schramek|Halle Douglass|Julie Pospisilova|Katie Nelson|Tara Stauffacher",5,1909,2275,366,8,7,1
"2021-22","12660","Maryland","Chloe Bibby|Diamond Miller|Emma Chardon|Shyanne Sellers|Taisiya Kozlova",5,2237,2400,163,4,0,4
"2021-22","12660","Wisconsin","Halle Douglass|Julie Pospisilova|Natalie Leuzinger|Sara Stapleton|Tara Stauffacher",5,2275,2400,125,0,2,-2
"2021-22","12661","Maryland","Angel Reese|Chloe Bibby|Diamond Miller|Katie Benzan|Shyanne Sellers",5,0,154,154,2,5,-3
"2021-22","12661","Iowa","Caitlin Clark|Gabbie Marshall|Kate Martin|Monika Czinano|Tomi Taiwo",5,0,242,242,9,4,5
"2021-22","12661","Maryland","Angel Reese|Diamond Miller|Katie Benzan|Mimi Collins|Shyanne Sellers",5,154,242,88,2,4,-2
"2021-22","12661","Iowa","Addison O'Grady|Caitlin Clark|Gabbie Marshall|Kate Martin|Kylie Feuerbach",5,242,320,78,2,5,-3
"2021-22","12661","Maryland","Chloe Bibby|Diamond Miller|Katie Benzan|Mimi Collins|Shyanne Sellers",5,242,320,78,5,2,3
"2021-22","12661","Iowa","Caitlin Clark|Gabbie Marshall|Kate Martin|Kylie Feuerbach|Monika Czinano",5,320,413,93,2,5,-3
"2021-22","12661","Maryland","Angel Reese|Chloe Bibby|Diamond Miller|Katie Benzan|Shyanne Sellers",5,320,506,186,9,6,3
"2021-22","12661","Iowa","Caitlin Clark|Gabbie Marshall|Kate Martin|Monika Czinano|Tomi Taiwo",5,413,571,158,4,8,-4
"2021-22","12661","Iowa","Gabbie Marshall|Kate Martin|Kylie Feuerbach|Monika Czinano|Tomi Taiwo",5,571,592,21,0,0,0
"2021-22","12661","Maryland","Angel Reese|Chloe Bibby|Diamond Miller|Katie Benzan|Mimi Collins",5,506,592,86,4,0,4
"2021-22","12661","Maryland","Angel Reese|Chloe Bibby|Katie Benzan|Mimi Collins|Taisiya Kozlova",5,592,595,3,2,0,2
"2021-22","12661","Iowa","Caitlin Clark|Gabbie Marshall|Kate Martin|Monika Czinano|Tomi Taiwo",5,592,595,3,2,2,0
"2021-22","12661","Iowa","Gabbie Marshall|Kate Martin|Kylie Feuerbach|Monika Czinano|Tomi Taiwo",5,595,600,5,0,0,0
"2021-22","12661","Maryland","Angel Reese|Diamond Miller|Katie Benzan|Mimi Collins|Shyanne Sellers",5,595,600,5,0,2,-2
"2021-22","12661","Iowa","Caitlin Clark|Gabbie Marshall|Kate Martin|Monika Czinano|Tomi Taiwo",5,600,717,117,2,4,-2
"2021-22","12661","Maryland","Angel Reese|Chloe Bibby|Diamond Miller|Katie Benzan|Shyanne Sellers",5,600,723,123,4,2,2
"2021-22","12661","Iowa","Addison O'Grady|Caitlin Clark|Gabbie Marshall|Kate Martin|Tomi Taiwo",5,717,788,71,4,2,2
"2021-22","12661","Maryland","Angel Reese|Chloe Bibby|Diamond Miller|Katie Benzan|Mimi Collins",5,723,841,118,4,4,0
"2021-22","12661","Iowa","Addison O'Grady|Caitlin Clark|Gabbie Marshall|Sydney Affolter|Tomi Taiwo",5,788,920,132,2,7,-5
"2021-22","12661","Iowa","Caitlin Clark|Gabbie Marshall|Monika Czinano|Sydney Affolter|Tomi Taiwo",5,920,997,77,0,5,-5
"2021-22","12661","Maryland","Angel Reese|Chloe Bibby|Diamond Miller|Katie Benzan|Taisiya Kozlova",5,841,997,156,10,2,8
"2021-22","12661","Maryland","Chloe Bibby|Diamond Miller|Katie Benzan|Mimi Collins|Taisiya Kozlova",5,997,1051,54,0,2,-2
"2021-22","12661","Iowa","Caitlin Clark|Gabbie Marshall|Kate Martin|Monika Czinano|Tomi Taiwo",5,997,1051,54,2,0,2
"2021-22","12661","Iowa","Caitlin Clark|Gabbie Marshall|Monika Czinano|Sydney Affolter|Tomi Taiwo",5,1051,1200,149,4,6,-2
"2021-22","12661","Maryland","Angel Reese|Chloe Bibby|Diamond Miller|Katie Benzan|Taisiya Kozlova",5,1051,1200,149,6,4,2
"2021-22","12661","Iowa","Caitlin Clark|Gabbie Marshall|Kate Martin|Monika Czinano|Tomi Taiwo",5,1200,1388,188,4,9,-5
"2021-22","12661","Iowa","Caitlin Clark|Gabbie Marshall|Monika Czinano|Sydney Affolter|Tomi Taiwo",5,1388,1479,91,2,0,2
"2021-22","12661","Maryland","Angel Reese|Chloe Bibby|Diamond Miller|Katie Benzan|Shyanne Sellers",5,1200,1493,293,9,9,0
"2021-22","12661","Iowa","Caitlin Clark|Kylie Feuerbach|Monika Czinano|Sydney Affolter|Tomi Taiwo",5,1479,1605,126,3,2,1
"2021-22","12661","Maryland","Chloe Bibby|Diamond Miller|Katie Benzan|Mimi Collins|Shyanne Sellers",5,1493,1800,307,9,13,-4
"2021-22","12661","Iowa","Caitlin Clark|Gabbie Marshall|Kate Martin|Monika Czinano|Tomi Taiwo",5,1605,1840,235,13,7,6
"2021-22","12661","Iowa","Addison O'Grady|Caitlin Clark|Gabbie Marshall|Kate Martin|Tomi Taiwo",5,1840,1970,130,4,0,4
"2021-22","12661","Maryland","Angel Reese|Chloe Bibby|Diamond Miller|Katie Benzan|Shyanne Sellers",5,1800,2034,234,0,6,-6
"2021-22","12661","Iowa","Addison O'Grady|Caitlin Clark|Gabbie Marshall|Sydney Affolter|Tomi Taiwo",5,1970,2215,245,4,10,-6
"2021-22","12661","Maryland","Angel Reese|Chloe Bibby|Diamond Miller|Katie Benzan|Taisiya Kozlova",5,2034,2215,181,10,2,8
"2021-22","12661","Iowa","Caitlin Clark|Gabbie Marshall|Kate Martin|Monika Czinano|Tomi Taiwo",5,2215,2252,37,3,0,3
"2021-22","12661","Maryland","Angel Reese|Chloe Bibby|Diamond Miller|Katie Benzan|Shyanne Sellers",5,2215,2322,107,1,5,-4
"2021-22","12661","Iowa","Addison O'Grady|Caitlin Clark|Gabbie Marshall|Kate Martin|Tomi Taiwo",5,2252,2400,148,3,5,-2
"2021-22","12661","Maryland","Angel Reese|Chloe Bibby|Diamond Miller|Shyanne Sellers|Taisiya Kozlova",5,2322,2400,78,4,1,3
"2021-22","12662","Maryland","Chloe Bibby|Diamond Miller|Katie Benzan|Mimi Collins|Shyanne Sellers",5,0,223,223,4,4,0
"2021-22","12662","Maryland","Chloe Bibby|Katie Benzan|Mimi Collins|Shyanne Sellers|Taisiya Kozlova",5,223,338,115,5,7,-2
"2021-22","12662","Ohio St.","Braxtin Miller|Jacy Sheldon|Rebeka Mikulasikova|Rikki Harris|Taylor Mikesell",5,0,338,338,11,9,2
"2021-22","12662","Ohio St.","Braxtin Miller|Jacy Sheldon|Tanaya Beacham|Taylor Mikesell|Taylor Thierry",5,338,465,127,4,3,1
"2021-22","12662","Ohio St.","Jacy Sheldon|Rikki Harris|Tanaya Beacham|Taylor Mikesell|Taylor Thierry",5,465,543,78,2,0,2
"2021-22","12662","Ohio St.","Braxtin Miller|Jacy Sheldon|Rikki Harris|Tanaya Beacham|Taylor Thierry",5,543,600,57,2,0,2
"2021-22","12662","Maryland","Angel Reese|Chloe Bibby|Diamond Miller|Katie Benzan|Shyanne Sellers",5,338,748,410,8,13,-5
"2021-22","12662","Ohio St.","Braxtin Miller|Jacy Sheldon|Rebeka Mikulasikova|Rikki Harris|Taylor Mikesell",5,600,963,363,16,15,1
"2021-22","12662","Maryland","Chloe Bibby|Diamond Miller|Katie Benzan|Mimi Collins|Shyanne Sellers",5,748,1007,259,13,11,2
"2021-22","12662","Ohio St.","Braxtin Miller|Jacy Sheldon|Tanaya Beacham|Taylor Mikesell|Taylor Thierry",5,963,1019,56,0,3,-3
"2021-22","12662","Maryland","Angel Reese|Chloe Bibby|Diamond Miller|Katie Benzan|Mimi Collins",5,1007,1118,111,0,4,-4
"2021-22","12662","Ohio St.","Jacy Sheldon|Rikki Harris|Tanaya Beacham|Taylor Mikesell|Taylor Thierry",5,1019,1118,99,4,2,2
"2021-22","12662","Ohio St.","Braxtin Miller|Jacy Sheldon|Rikki Harris|Tanaya Beacham|Taylor Mikesell",5,1118,1200,82,0,2,-2
"2021-22","12662","Ohio St.","Braxtin Miller|Jacy Sheldon|Rebeka Mikulasikova|Rikki Harris|Taylor Mikesell",5,1200,1267,67,0,6,-6
"2021-22","12662","Maryland","Angel Reese|Chloe Bibby|Diamond Miller|Katie Benzan|Shyanne Sellers",5,1118,1458,340,17,10,7
"2021-22","12662","Ohio St.","Braxtin Miller|Jacy Sheldon|Rikki Harris|Tanaya Beacham|Taylor Mikesell",5,1267,1495,228,11,9,2
"2021-22","12662","Maryland","Chloe Bibby|Diamond Miller|Katie Benzan|Mimi Collins|Taisiya Kozlova",5,1458,1511,53,2,1,1
"2021-22","12662","Ohio St.","Braxtin Miller|Jacy Sheldon|Rebeka Mikulasikova|Taylor Mikesell|Taylor Thierry",5,1495,1582,87,0,5,-5
"2021-22","12662","Ohio St.","Jacy Sheldon|Rebeka Mikulasikova|Rikki Harris|Taylor Mikesell|Taylor Thierry",5,1582,1622,40,0,4,-4
"2021-22","12662","Ohio St.","Jacy Sheldon|Rikki Harris|Tanaya Beacham|Taylor Mikesell|Taylor Thierry",5,1622,1671,49,0,1,-1
"2021-22","12662","Maryland","Angel Reese|Diamond Miller|Katie Benzan|Mimi Collins|Shyanne Sellers",5,1511,1675,164,10,0,10
"2021-22","12662","Maryland","Angel Reese|Chloe Bibby|Diamond Miller|Katie Benzan|Shyanne Sellers",5,1675,1800,125,0,4,-4
"2021-22","12662","Ohio St.","Braxtin Miller|Jacy Sheldon|Rikki Harris|Tanaya Beacham|Taylor Mikesell",5,1671,1893,222,7,3,4
"2021-22","12662","Ohio St.","Jacy Sheldon|Rikki Harris|Tanaya Beacham|Taylor Mikesell|Taylor Thierry",5,1893,1914,21,0,2,-2
"2021-22","12662","Maryland","Chloe Bibby|Diamond Miller|Katie Benzan|Mimi Collins|Shyanne Sellers",5,1800,2007,207,8,5,3
"2021-22","12662","Ohio St.","Braxtin Miller|Rikki Harris|Tanaya Beacham|Taylor Mikesell|Taylor Thierry",5,1914,2062,148,4,5,-1
"2021-22","12662","Ohio St.","Braxtin Miller|Jacy Sheldon|Tanaya Beacham|Taylor Mikesell|Taylor Thierry",5,2062,2261,199,3,6,-3
"2021-22","12662","Maryland","Angel Reese|Chloe Bibby|Diamond Miller|Katie Benzan|Shyanne Sellers",5,2007,2400,393,10,13,-3
"2021-22","12662","Ohio St.","Braxtin Miller|Jacy Sheldon|Rikki Harris|Tanaya Beacham|Taylor Mikesell",5,2261,2400,139,8,2,6
"2021-22","12663","Maryland","Angel Reese|Chloe Bibby|Diamond Miller|Katie Benzan|Shyanne Sellers",5,0,117,117,0,0,0
"2021-22","12663","Michigan","Danielle Rauch|Emily Kiser|Laila Phelia|Maddie Nolan|Naz Hillmon",5,0,141,141,2,0,2
"2021-22","12663","Michigan","Amy Dilk|Danielle Rauch|Emily Kiser|Maddie Nolan|Naz Hillmon",5,141,196,55,2,2,0
"2021-22","12663","Maryland","Chloe Bibby|Diamond Miller|Katie Benzan|Mimi Collins|Shyanne Sellers",5,117,196,79,2,4,-2
"2021-22","12663","Michigan","Danielle Rauch|Emily Kiser|Laila Phelia|Maddie Nolan|Naz Hillmon",5,196,281,85,3,0,3
"2021-22","12663","Michigan","Amy Dilk|Cameron Williams|Laila Phelia|Maddie Nolan|Naz Hillmon",5,281,321,40,0,4,-4
"2021-22","12663","Maryland","Ashley Owusu|Chloe Bibby|Katie Benzan|Mimi Collins|Shyanne Sellers",5,196,321,125,4,3,1
"2021-22","12663","Maryland","Angel Reese|Diamond Miller|Katie Benzan|Mimi Collins|Shyanne Sellers",5,321,367,46,0,0,0
"2021-22","12663","Michigan","Amy Dilk|Emily Kiser|Laila Phelia|Maddie Nolan|Naz Hillmon",5,321,374,53,0,0,0
"2021-22","12663","Michigan","Amy Dilk|Danielle Rauch|Emily Kiser|Laila Phelia|Naz Hillmon",5,374,475,101,2,2,0
"2021-22","12663","Maryland","Angel Reese|Ashley Owusu|Diamond Miller|Katie Benzan|Mimi Collins",5,367,475,108,2,2,0
"2021-22","12663","Maryland","Ashley Owusu|Chloe Bibby|Diamond Miller|Katie Benzan|Mimi Collins",5,475,599,124,5,2,3
"2021-22","12663","Michigan","Amy Dilk|Danielle Rauch|Emily Kiser|Maddie Nolan|Naz Hillmon",5,475,600,125,2,5,-3
"2021-22","12663","Maryland","Angel Reese|Chloe Bibby|Diamond Miller|Katie Benzan|Mimi Collins",5,599,600,1,0,0,0
"2021-22","12663","Michigan","Amy Dilk|Danielle Rauch|Izabel VarejÃ£o|Maddie Nolan|Naz Hillmon",5,600,658,58,0,0,0
"2021-22","12663","Michigan","Danielle Rauch|Izabel VarejÃ£o|Jordan Hobbs|Maddie Nolan|Naz Hillmon",5,658,676,18,0,2,-2
"2021-22","12663","Michigan","Danielle Rauch|Emily Kiser|Jordan Hobbs|Maddie Nolan|Naz Hillmon",5,676,722,46,3,2,1
"2021-22","12663","Maryland","Angel Reese|Chloe Bibby|Diamond Miller|Katie Benzan|Shyanne Sellers",5,600,748,148,4,5,-1
"2021-22","12663","Michigan","Danielle Rauch|Emily Kiser|Jordan Hobbs|Laila Phelia|Naz Hillmon",5,722,776,54,2,2,0
"2021-22","12663","Michigan","Amy Dilk|Danielle Rauch|Emily Kiser|Laila Phelia|Naz Hillmon",5,776,867,91,0,2,-2
"2021-22","12663","Maryland","Ashley Owusu|Chloe Bibby|Diamond Miller|Katie Benzan|Mimi Collins",5,748,867,119,4,0,4
"2021-22","12663","Michigan","Danielle Rauch|Emily Kiser|Laila Phelia|Maddie Nolan|Naz Hillmon",5,867,915,48,2,0,2
"2021-22","12663","Maryland","Ashley Owusu|Chloe Bibby|Katie Benzan|Mimi Collins|Shyanne Sellers",5,867,915,48,0,2,-2
"2021-22","12663","Maryland","Angel Reese|Ashley Owusu|Chloe Bibby|Katie Benzan|Shyanne Sellers",5,915,940,25,0,0,0
"2021-22","12663","Michigan","Cameron Williams|Danielle Rauch|Emily Kiser|Laila Phelia|Maddie Nolan",5,915,1007,92,0,0,0
"2021-22","12663","Michigan","Danielle Rauch|Emily Kiser|Laila Phelia|Maddie Nolan|Naz Hillmon",5,1007,1062,55,0,0,0
"2021-22","12663","Maryland","Ashley Owusu|Chloe Bibby|Katie Benzan|Mimi Collins|Shyanne Sellers",5,940,1125,185,1,2,-1
"2021-22","12663","Michigan","Amy Dilk|Danielle Rauch|Emily Kiser|Maddie Nolan|Naz Hillmon",5,1062,1200,138,6,3,3
"2021-22","12663","Maryland","Ashley Owusu|Chloe Bibby|Diamond Miller|Katie Benzan|Mimi Collins",5,1125,1200,75,2,4,-2
"2021-22","12663","Maryland","Angel Reese|Chloe Bibby|Diamond Miller|Katie Benzan|Shyanne Sellers",5,1200,1387,187,6,2,4
"2021-22","12663","Michigan","Danielle Rauch|Emily Kiser|Laila Phelia|Maddie Nolan|Naz Hillmon",5,1200,1468,268,7,8,-1
"2021-22","12663","Maryland","Chloe Bibby|Diamond Miller|Katie Benzan|Mimi Collins|Shyanne Sellers",5,1387,1468,81,2,5,-3
"2021-22","12663","Maryland","Ashley Owusu|Chloe Bibby|Diamond Miller|Mimi Collins|Shyanne Sellers",5,1468,1516,48,0,2,-2
"2021-22","12663","Michigan","Danielle Rauch|Elise Stuck|Laila Phelia|Maddie Nolan|Naz Hillmon",5,1468,1554,86,4,4,0
"2021-22","12663","Maryland","Ashley Owusu|Chloe Bibby|Diamond Miller|Katie Benzan|Mimi Collins",5,1516,1605,89,5,4,1
"2021-22","12663","Michigan","Amy Dilk|Danielle Rauch|Elise Stuck|Maddie Nolan|Naz Hillmon",5,1554,1650,96,3,1,2
"2021-22","12663","Michigan","Amy Dilk|Danielle Rauch|Emily Kiser|Maddie Nolan|Naz Hillmon",5,1650,1676,26,0,0,0
"2021-22","12663","Michigan","Danielle Rauch|Emily Kiser|Laila Phelia|Maddie Nolan|Naz Hillmon",5,1676,1726,50,4,2,2
"2021-22","12663","Michigan","Cameron Williams|Danielle Rauch|Emily Kiser|Laila Phelia|Maddie Nolan",5,1726,1800,74,3,2,1
"2021-22","12663","Maryland","Ashley Owusu|Chloe Bibby|Katie Benzan|Mimi Collins|Shyanne Sellers",5,1605,1800,195,4,8,-4
"2021-22","12663","Maryland","Angel Reese|Chloe Bibby|Diamond Miller|Katie Benzan|Shyanne Sellers",5,1800,1890,90,2,2,0
"2021-22","12663","Michigan","Danielle Rauch|Emily Kiser|Laila Phelia|Maddie Nolan|Naz Hillmon",5,1800,2043,243,10,4,6
"2021-22","12663","Michigan","Amy Dilk|Danielle Rauch|Emily Kiser|Maddie Nolan|Naz Hillmon",5,2043,2099,56,0,2,-2
"2021-22","12663","Maryland","Chloe Bibby|Diamond Miller|Katie Benzan|Mimi Collins|Shyanne Sellers",5,1890,2146,256,4,9,-5
"2021-22","12663","Maryland","Angel Reese|Chloe Bibby|Diamond Miller|Katie Benzan|Shyanne Sellers",5,2146,2227,81,4,3,1
"2021-22","12663","Maryland","Chloe Bibby|Diamond Miller|Katie Benzan|Mimi Collins|Shyanne Sellers",5,2227,2274,47,0,2,-2
"2021-22","12663","Michigan","Danielle Rauch|Emily Kiser|Laila Phelia|Maddie Nolan|Naz Hillmon",5,2099,2400,301,16,12,4
"2021-22","12663","Maryland","Ashley Owusu|Chloe Bibby|Diamond Miller|Katie Benzan|Shyanne Sellers",5,2274,2400,126,8,10,-2
"2021-22","12664","Maryland","Angel Reese|Chloe Bibby|Diamond Miller|Katie Benzan|Shyanne Sellers",5,0,186,186,6,4,2
"2021-22","12664","Indiana","Aleksa Gulbe|Ali Patberg|Grace Berger|Mackenzie Holmes|Nicole Cardano-Hillary",5,0,204,204,4,6,-2
"2021-22","12664","Indiana","Aleksa Gulbe|Ali Patberg|Chloe Moore-McNeil|Grace Berger|Mackenzie Holmes",5,204,282,78,2,0,2
"2021-22","12664","Maryland","Chloe Bibby|Diamond Miller|Katie Benzan|Mimi Collins|Shyanne Sellers",5,186,307,121,3,2,1
"2021-22","12664","Indiana","Aleksa Gulbe|Ali Patberg|Chloe Moore-McNeil|Grace Berger|Kiandra Browne",5,282,307,25,0,3,-3
"2021-22","12664","Maryland","Angel Reese|Chloe Bibby|Diamond Miller|Katie Benzan|Mimi Collins",5,307,425,118,5,0,5
"2021-22","12664","Indiana","Aleksa Gulbe|Chloe Moore-McNeil|Grace Berger|Kiandra Browne|Nicole Cardano-Hillary",5,307,425,118,0,5,-5
"2021-22","12664","Maryland","Angel Reese|Chloe Bibby|Katie Benzan|Mimi Collins|Shyanne Sellers",5,425,453,28,2,0,2
"2021-22","12664","Maryland","Angel Reese|Chloe Bibby|Diamond Miller|Katie Benzan|Mimi Collins",5,453,491,38,0,2,-2
"2021-22","12664","Indiana","Aleksa Gulbe|Ali Patberg|Chloe Moore-McNeil|Mackenzie Holmes|Nicole Cardano-Hillary",5,425,491,66,2,2,0
"2021-22","12664","Indiana","Aleksa Gulbe|Ali Patberg|Grace Berger|Mackenzie Holmes|Nicole Cardano-Hillary",5,491,600,109,0,3,-3
"2021-22","12664","Indiana","Aleksa Gulbe|Chloe Moore-McNeil|Grace Berger|Grace Waggoner|Mackenzie Holmes|Nicole Cardano-Hillary",6,600,600,0,2,0,2
"2021-22","12664","Maryland","Chloe Bibby|Diamond Miller|Katie Benzan|Mimi Collins|Shyanne Sellers",5,491,600,109,3,2,1
"2021-22","12664","Indiana","Aleksa Gulbe|Chloe Moore-McNeil|Grace Berger|Mackenzie Holmes|Nicole Cardano-Hillary",5,600,717,117,7,3,4
"2021-22","12664","Maryland","Angel Reese|Chloe Bibby|Diamond Miller|Katie Benzan|Shyanne Sellers",5,600,828,228,9,9,0
"2021-22","12664","Indiana","Aleksa Gulbe|Chloe Moore-McNeil|Grace Berger|Kiandra Browne|Nicole Cardano-Hillary",5,717,828,111,2,6,-4
"2021-22","12664","Indiana","Aleksa Gulbe|Ali Patberg|Chloe Moore-McNeil|Grace Berger|Kiandra Browne",5,828,881,53,2,2,0
"2021-22","12664","Maryland","Angel Reese|Chloe Bibby|Katie Benzan|Mimi Collins|Shyanne Sellers",5,828,1154,326,9,8,1
"2021-22","12664","Maryland","Angel Reese|Chloe Bibby|Emma Chardon|Katie Benzan|Shyanne Sellers",5,1154,1200,46,0,5,-5
"2021-22","12664","Indiana","Aleksa Gulbe|Ali Patberg|Chloe Moore-McNeil|Grace Berger|Mackenzie Holmes",5,881,1200,319,11,7,4
"2021-22","12664","Indiana","Aleksa Gulbe|Ali Patberg|Grace Berger|Mackenzie Holmes|Nicole Cardano-Hillary",5,1200,1390,190,6,10,-4
"2021-22","12664","Indiana","Aleksa Gulbe|Ali Patberg|Grace Berger|Kiandra Browne|Nicole Cardano-Hillary",5,1390,1418,28,0,0,0
"2021-22","12664","Maryland","Angel Reese|Chloe Bibby|Diamond Miller|Katie Benzan|Shyanne Sellers",5,1200,1518,318,10,6,4
"2021-22","12664","Indiana","Aleksa Gulbe|Chloe Moore-McNeil|Grace Berger|Kiandra Browne|Nicole Cardano-Hillary",5,1418,1518,100,0,0,0
"2021-22","12664","Maryland","Chloe Bibby|Diamond Miller|Katie Benzan|Mimi Collins|Shyanne Sellers",5,1518,1800,282,8,13,-5
"2021-22","12664","Indiana","Aleksa Gulbe|Ali Patberg|Chloe Moore-McNeil|Grace Berger|Mackenzie Holmes",5,1518,1930,412,13,10,3
"2021-22","12664","Maryland","Angel Reese|Diamond Miller|Katie Benzan|Mimi Collins|Shyanne Sellers",5,1800,1944,144,2,0,2
"2021-22","12664","Indiana","Aleksa Gulbe|Ali Patberg|Chloe Moore-McNeil|Grace Berger|Kiandra Browne",5,1930,1974,44,2,0,2
"2021-22","12664","Indiana","Aleksa Gulbe|Ali Patberg|Chloe Moore-McNeil|Grace Berger|Mackenzie Holmes",5,1974,2131,157,2,6,-4
"2021-22","12664","Maryland","Angel Reese|Chloe Bibby|Diamond Miller|Katie Benzan|Shyanne Sellers",5,1944,2166,222,6,8,-2
"2021-22","12664","Maryland","Angel Reese|Chloe Bibby|Diamond Miller|Katie Benzan|Mimi Collins",5,2166,2255,89,2,2,0
"2021-22","12664","Indiana","Aleksa Gulbe|Ali Patberg|Grace Berger|Mackenzie Holmes|Nicole Cardano-Hillary",5,2131,2274,143,6,2,4
"2021-22","12664","Maryland","Angel Reese|Diamond Miller|Katie Benzan|Mimi Collins|Shyanne Sellers",5,2255,2350,95,0,0,0
"2021-22","12664","Indiana","Aleksa Gulbe|Ali Patberg|Chloe Moore-McNeil|Grace Berger|Mackenzie Holmes",5,2274,2350,76,0,0,0
"2021-22","12664","Maryland","Angel Reese|Chloe Bibby|Diamond Miller|Katie Benzan|Shyanne Sellers",5,2350,2389,39,2,3,-1
"2021-22","12664","Maryland","Angel Reese|Diamond Miller|Katie Benzan|Mimi Collins|Shyanne Sellers",5,2389,2400,11,0,0,0
"2021-22","12664","Indiana","Aleksa Gulbe|Ali Patberg|Chloe Moore-McNeil|Grace Berger|Nicole Cardano-Hillary",5,2350,2400,50,3,2,1
"2021-22","12706","Delaware","Jasmine Dickey|Lizzie Oleary|Paris McBride|Ty Battle|Tyi Skinner",5,0,158,158,4,11,-7
"2021-22","12706","Maryland","Angel Reese|Ashley Owusu|Chloe Bibby|Diamond Miller|Katie Benzan",5,0,241,241,13,6,7
"2021-22","12706","Maryland","Chloe Bibby|Diamond Miller|Katie Benzan|Mimi Collins|Shyanne Sellers",5,241,362,121,6,5,1
"2021-22","12706","Delaware","Jasmine Dickey|Makayla Pippin|Paris McBride|Ty Battle|Tyi Skinner",5,158,427,269,9,10,-1
"2021-22","12706","Maryland","Angel Reese|Ashley Owusu|Katie Benzan|Mimi Collins|Shyanne Sellers",5,362,440,78,3,2,1
"2021-22","12706","Maryland","Angel Reese|Ashley Owusu|Diamond Miller|Mimi Collins|Shyanne Sellers",5,440,545,105,2,4,-2
"2021-22","12706","Delaware","Jasmine Dickey|Jewel Smalls|Makayla Pippin|Ty Battle|Tyi Skinner",5,427,545,118,4,3,1
"2021-22","12706","Maryland","Angel Reese|Ashley Owusu|Chloe Bibby|Diamond Miller|Shyanne Sellers",5,545,568,23,1,0,1
"2021-22","12706","Maryland","Angel Reese|Chloe Bibby|Diamond Miller|Katie Benzan|Shyanne Sellers",5,568,586,18,0,0,0
"2021-22","12706","Maryland","Angel Reese|Ashley Owusu|Chloe Bibby|Diamond Miller|Shyanne Sellers",5,586,600,14,2,0,2
"2021-22","12706","Maryland","Angel Reese|Ashley Owusu|Chloe Bibby|Katie Benzan|Shyanne Sellers",5,600,723,123,3,0,3
"2021-22","12706","Delaware","Jasmine Dickey|Jewel Smalls|Lizzie Oleary|Makayla Pippin|Paris McBride",5,545,723,178,0,6,-6
"2021-22","12706","Maryland","Angel Reese|Chloe Bibby|Diamond Miller|Katie Benzan|Shyanne Sellers",5,723,733,10,0,0,0
"2021-22","12706","Delaware","Jasmine Dickey|Jewel Smalls|Lizzie Oleary|Paris McBride|Ty Battle",5,723,879,156,8,6,2
"2021-22","12706","Delaware","Jasmine Dickey|Jewel Smalls|Lizzie Oleary|Ty Battle|Tyi Skinner",5,879,913,34,1,0,1
"2021-22","12706","Maryland","Angel Reese|Diamond Miller|Katie Benzan|Mimi Collins|Shyanne Sellers",5,733,1010,277,9,11,-2
"2021-22","12706","Delaware","Jasmine Dickey|Jewel Smalls|Makayla Pippin|Ty Battle|Tyi Skinner",5,913,1010,97,2,3,-1
"2021-22","12706","Maryland","Ashley Owusu|Chloe Bibby|Katie Benzan|Mimi Collins|Shyanne Sellers",5,1010,1200,190,10,11,-1
"2021-22","12706","Delaware","Jasmine Dickey|Jewel Smalls|Lizzie Oleary|Ty Battle|Tyi Skinner",5,1010,1200,190,11,10,1
"2021-22","12706","Maryland","Angel Reese|Ashley Owusu|Chloe Bibby|Diamond Miller|Katie Benzan",5,1200,1260,60,3,0,3
"2021-22","12706","Delaware","Jasmine Dickey|Lizzie Oleary|Paris McBride|Ty Battle|Tyi Skinner",5,1200,1393,193,5,6,-1
"2021-22","12706","Maryland","Angel Reese|Ashley Owusu|Chloe Bibby|Katie Benzan|Shyanne Sellers",5,1260,1393,133,5,5,0
"2021-22","12706","Delaware","Jasmine Dickey|Makayla Pippin|Paris McBride|Ty Battle|Tyi Skinner",5,1393,1428,35,2,4,-2
"2021-22","12706","Maryland","Ashley Owusu|Chloe Bibby|Katie Benzan|Mimi Collins|Shyanne Sellers",5,1393,1428,35,3,2,1
"2021-22","12706","Maryland","Chloe Bibby|Diamond Miller|Katie Benzan|Mimi Collins|Shyanne Sellers",5,1428,1502,74,3,0,3
"2021-22","12706","Maryland","Angel Reese|Ashley Owusu|Chloe Bibby|Diamond Miller|Shyanne Sellers",5,1502,1641,139,9,3,6
"2021-22","12706","Delaware","Jasmine Dickey|Jewel Smalls|Makayla Pippin|Ty Battle|Tyi Skinner",5,1428,1641,213,3,13,-10
"2021-22","12706","Maryland","Angel Reese|Ashley Owusu|Diamond Miller|Mimi Collins|Shyanne Sellers",5,1641,1750,109,4,5,-1
"2021-22","12706","Maryland","Angel Reese|Ashley Owusu|Diamond Miller|Katie Benzan|Mimi Collins",5,1750,1800,50,4,2,2
"2021-22","12706","Delaware","Jasmine Dickey|Lizzie Oleary|Makayla Pippin|Paris McBride|Tyi Skinner",5,1641,1804,163,7,10,-3
"2021-22","12706","Maryland","Ashley Owusu|Chloe Bibby|Diamond Miller|Katie Benzan|Mimi Collins",5,1800,1840,40,4,0,4
"2021-22","12706","Delaware","Jasmine Dickey|Lizzie Oleary|Makayla Pippin|Tee Johnson|Tyi Skinner",5,1804,1840,36,0,2,-2
"2021-22","12706","Maryland","Ashley Owusu|Chloe Bibby|Katie Benzan|Mimi Collins|Shyanne Sellers",5,1840,1887,47,3,0,3
"2021-22","12706","Delaware","Jasmine Dickey|Makayla Pippin|Tee Johnson|Ty Battle|Tyi Skinner",5,1840,1887,47,0,3,-3
"2021-22","12706","Delaware","Jasmine Dickey|Makayla Pippin|Paris McBride|Tee Johnson|Ty Battle",5,1887,1927,40,2,0,2
"2021-22","12706","Maryland","Ashley Owusu|Chloe Bibby|Mimi Collins|Shyanne Sellers|Taisiya Kozlova",5,1887,1975,88,0,4,-4
"2021-22","12706","Maryland","Angel Reese|Ashley Owusu|Diamond Miller|Mimi Collins|Taisiya Kozlova",5,1975,2244,269,9,11,-2
"2021-22","12706","Delaware","Jasmine Dickey|Lizzie Oleary|Paris McBride|Tee Johnson|Ty Battle",5,1927,2244,317,13,9,4
"2021-22","12706","Delaware","Jasmine Dickey|Maddie Sims|Paris McBride|Tee Johnson|Ty Battle",5,2244,2294,50,0,2,-2
"2021-22","12706","Maryland","Ashley Owusu|Diamond Miller|Emma Chardon|Mimi Collins|Taisiya Kozlova",5,2244,2400,156,6,0,6
"2021-22","12706","Delaware","Jewel Smalls|Maddie Sims|Makayla Pippin|Mar Tejedor|Tara Cousins",5,2294,2400,106,0,4,-4
"2021-22","12707","Maryland","Angel Reese|Ashley Owusu|Chloe Bibby|Diamond Miller|Katie Benzan",5,0,124,124,0,3,-3
"2021-22","12707","Stanford","Anna Wilson|Cameron Brink|Haley Jones|Lacie Hull|Lexie Hull",5,0,145,145,3,0,3
"2021-22","12707","Maryland","Chloe Bibby|Diamond Miller|Katie Benzan|Mimi Collins|Shyanne Sellers",5,124,216,92,2,5,-3
"2021-22","12707","Stanford","Anna Wilson|Cameron Brink|Francesca Belibi|Haley Jones|Lacie Hull",5,145,399,254,11,8,3
"2021-22","12707","Maryland","Angel Reese|Ashley Owusu|Diamond Miller|Katie Benzan|Mimi Collins",5,216,399,183,6,6,0
"2021-22","12707","Maryland","Ashley Owusu|Chloe Bibby|Diamond Miller|Katie Benzan|Mimi Collins",5,399,441,42,0,2,-2
"2021-22","12707","Stanford","Anna Wilson|Ashten Prechtel|Francesca Belibi|Haley Jones|Lacie Hull",5,399,490,91,4,0,4
"2021-22","12707","Stanford","Anna Wilson|Cameron Brink|Francesca Belibi|Haley Jones|Lacie Hull",5,490,552,62,2,0,2
"2021-22","12707","Maryland","Angel Reese|Ashley Owusu|Chloe Bibby|Katie Benzan|Shyanne Sellers",5,441,552,111,0,4,-4
"2021-22","12707","Maryland","Angel Reese|Chloe Bibby|Diamond Miller|Katie Benzan|Shyanne Sellers",5,552,564,12,2,0,2
"2021-22","12707","Stanford","Anna Wilson|Cameron Brink|Francesca Belibi|Hannah Jump|Lacie Hull",5,552,600,48,2,2,0
"2021-22","12707","Maryland","Angel Reese|Chloe Bibby|Katie Benzan|Mimi Collins|Shyanne Sellers",5,564,600,36,0,2,-2
"2021-22","12707","Stanford","Anna Wilson|Cameron Brink|Haley Jones|Hannah Jump|Lexie Hull",5,600,751,151,2,6,-4
"2021-22","12707","Maryland","Angel Reese|Ashley Owusu|Chloe Bibby|Katie Benzan|Shyanne Sellers",5,600,751,151,6,2,4
"2021-22","12707","Stanford","Anna Wilson|Cameron Brink|Francesca Belibi|Haley Jones|Lexie Hull",5,751,759,8,0,0,0
"2021-22","12707","Maryland","Chloe Bibby|Diamond Miller|Katie Benzan|Mimi Collins|Shyanne Sellers",5,751,833,82,0,0,0
"2021-22","12707","Stanford","Cameron Brink|Francesca Belibi|Haley Jones|Lacie Hull|Lexie Hull",5,759,897,138,3,0,3
"2021-22","12707","Maryland","Angel Reese|Diamond Miller|Katie Benzan|Mimi Collins|Shyanne Sellers",5,833,897,64,0,3,-3
"2021-22","12707","Stanford","Ashten Prechtel|Francesca Belibi|Haley Jones|Lacie Hull|Lexie Hull",5,897,960,63,0,1,-1
"2021-22","12707","Maryland","Angel Reese|Ashley Owusu|Katie Benzan|Mimi Collins|Shyanne Sellers",5,897,960,63,1,0,1
"2021-22","12707","Stanford","Anna Wilson|Haley Jones|Kiki Iriafen|Lacie Hull|Lexie Hull",5,960,1036,76,5,2,3
"2021-22","12707","Maryland","Angel Reese|Chloe Bibby|Katie Benzan|Mimi Collins|Shyanne Sellers",5,960,1089,129,2,5,-3
"2021-22","12707","Maryland","Ashley Owusu|Chloe Bibby|Katie Benzan|Mimi Collins|Shyanne Sellers",5,1089,1195,106,4,6,-2
"2021-22","12707","Stanford","Anna Wilson|Haley Jones|Hannah Jump|Kiki Iriafen|Lexie Hull",5,1036,1195,159,6,4,2
"2021-22","12707","Stanford","Agnes Emma-Nnopu|Anna Wilson|Haley Jones|Kiki Iriafen|Lexie Hull",5,1195,1200,5,1,0,1
"2021-22","12707","Maryland","Ashley Owusu|Chloe Bibby|Katie Benzan|Mimi Collins|Taisiya Kozlova",5,1195,1200,5,0,1,-1
"2021-22","12707","Stanford","Anna Wilson|Cameron Brink|Haley Jones|Lacie Hull|Lexie Hull",5,1200,1317,117,2,2,0
"2021-22","12707","Stanford","Anna Wilson|Francesca Belibi|Haley Jones|Lacie Hull|Lexie Hull",5,1317,1363,46,3,3,0
"2021-22","12707","Maryland","Angel Reese|Ashley Owusu|Chloe Bibby|Diamond Miller|Katie Benzan",5,1200,1399,199,7,5,2
"2021-22","12707","Stanford","Anna Wilson|Francesca Belibi|Haley Jones|Hannah Jump|Lexie Hull",5,1363,1497,134,4,2,2
"2021-22","12707","Maryland","Angel Reese|Ashley Owusu|Chloe Bibby|Katie Benzan|Shyanne Sellers",5,1399,1497,98,0,4,-4
"2021-22","12707","Maryland","Ashley Owusu|Chloe Bibby|Katie Benzan|Mimi Collins|Shyanne Sellers",5,1497,1588,91,2,2,0
"2021-22","12707","Maryland","Chloe Bibby|Diamond Miller|Katie Benzan|Mimi Collins|Shyanne Sellers",5,1588,1610,22,0,0,0
"2021-22","12707","Stanford","Anna Wilson|Haley Jones|Hannah Jump|Kiki Iriafen|Lexie Hull",5,1497,1729,232,11,3,8
"2021-22","12707","Maryland","Angel Reese|Chloe Bibby|Diamond Miller|Katie Benzan|Shyanne Sellers",5,1610,1729,119,1,9,-8
"2021-22","12707","Maryland","Chloe Bibby|Diamond Miller|Katie Benzan|Mimi Collins|Shyanne Sellers",5,1729,1748,19,1,0,1
"2021-22","12707","Stanford","Anna Wilson|Francesca Belibi|Haley Jones|Hannah Jump|Lexie Hull",5,1729,1800,71,0,3,-3
"2021-22","12707","Maryland","Ashley Owusu|Chloe Bibby|Diamond Miller|Katie Benzan|Mimi Collins",5,1748,1800,52,2,0,2
"2021-22","12707","Stanford","Anna Wilson|Cameron Brink|Haley Jones|Lacie Hull|Lexie Hull",5,1800,1866,66,0,5,-5
"2021-22","12707","Maryland","Ashley Owusu|Chloe Bibby|Katie Benzan|Mimi Collins|Shyanne Sellers",5,1800,1905,105,7,3,4
"2021-22","12707","Maryland","Chloe Bibby|Diamond Miller|Katie Benzan|Mimi Collins|Shyanne Sellers",5,1905,1927,22,0,0,0
"2021-22","12707","Maryland","Angel Reese|Chloe Bibby|Diamond Miller|Katie Benzan|Shyanne Sellers",5,1927,1971,44,0,0,0
"2021-22","12707","Stanford","Anna Wilson|Cameron Brink|Haley Jones|Hannah Jump|Lexie Hull",5,1866,1997,131,5,4,1
"2021-22","12707","Maryland","Angel Reese|Ashley Owusu|Chloe Bibby|Diamond Miller|Katie Benzan",5,1971,2054,83,5,2,3
"2021-22","12707","Maryland","Angel Reese|Chloe Bibby|Diamond Miller|Katie Benzan|Shyanne Sellers",5,2054,2085,31,0,0,0
"2021-22","12707","Stanford","Anna Wilson|Haley Jones|Hannah Jump|Kiki Iriafen|Lexie Hull",5,1997,2105,108,0,5,-5
"2021-22","12707","Stanford","Anna Wilson|Cameron Brink|Haley Jones|Lacie Hull|Lexie Hull",5,2105,2150,45,2,1,1
"2021-22","12707","Stanford","Anna Wilson|Francesca Belibi|Haley Jones|Lacie Hull|Lexie Hull",5,2150,2383,233,5,10,-5
"2021-22","12707","Stanford","Agnes Emma-Nnopu|Anna Wilson|Francesca Belibi|Lacie Hull|Lexie Hull",5,2383,2389,6,0,0,0
"2021-22","12707","Maryland","Angel Reese|Chloe Bibby|Katie Benzan|Mimi Collins|Shyanne Sellers",5,2085,2392,307,15,7,8
"2021-22","12707","Stanford","Agnes Emma-Nnopu|Alyssa Jerome|Anna Wilson|Francesca Belibi|Lexie Hull",5,2389,2392,3,0,2,-2
"2021-22","12707","Stanford","Agnes Emma-Nnopu|Alyssa Jerome|Brooke Demetre|Francesca Belibi|Lexie Hull",5,2392,2400,8,1,3,-2
"2021-22","12707","Maryland","Angel Reese|Chloe Bibby|Katie Benzan|Mimi Collins|Taisiya Kozlova",5,2392,2400,8,3,1,2
"2021-22","12966","Maryland","Angel Reese|Chloe Bibby|Diamond Miller|Katie Benzan|Shyanne Sellers",5,0,101,101,2,2,0
"2021-22","12966","Indiana","Aleksa Gulbe|Ali Patberg|Grace Berger|Mackenzie Holmes|Nicole Cardano-Hillary",5,0,145,145,2,2,0
"2021-22","12966","Indiana","Aleksa Gulbe|Ali Patberg|Arielle Wisne|Grace Berger|Nicole Cardano-Hillary",5,145,214,69,2,2,0
"2021-22","12966","Maryland","Angel Reese|Ashley Owusu|Chloe Bibby|Diamond Miller|Katie Benzan",5,101,214,113,2,2,0
"2021-22","12966","Indiana","Aleksa Gulbe|Chloe Moore-McNeil|Grace Berger|Mackenzie Holmes|Nicole Cardano-Hillary",5,214,366,152,4,3,1
"2021-22","12966","Maryland","Ashley Owusu|Chloe Bibby|Diamond Miller|Katie Benzan|Mimi Collins",5,214,447,233,5,6,-1
"2021-22","12966","Indiana","Aleksa Gulbe|Ali Patberg|Chloe Moore-McNeil|Grace Berger|Mackenzie Holmes",5,366,518,152,6,4,2
"2021-22","12966","Maryland","Chloe Bibby|Diamond Miller|Katie Benzan|Mimi Collins|Shyanne Sellers",5,447,600,153,4,8,-4
"2021-22","12966","Indiana","Aleksa Gulbe|Ali Patberg|Chloe Moore-McNeil|Mackenzie Holmes|Nicole Cardano-Hillary",5,518,600,82,4,2,2
"2021-22","12966","Maryland","Angel Reese|Ashley Owusu|Katie Benzan|Mimi Collins|Shyanne Sellers",5,600,738,138,0,4,-4
"2021-22","12966","Indiana","Aleksa Gulbe|Ali Patberg|Grace Berger|Mackenzie Holmes|Nicole Cardano-Hillary",5,600,738,138,4,0,4
"2021-22","12966","Maryland","Chloe Bibby|Diamond Miller|Katie Benzan|Mimi Collins|Shyanne Sellers",5,738,791,53,0,0,0
"2021-22","12966","Indiana","Aleksa Gulbe|Ali Patberg|Arielle Wisne|Grace Berger|Nicole Cardano-Hillary",5,738,791,53,0,0,0
"2021-22","12966","Indiana","Aleksa Gulbe|Arielle Wisne|Chloe Moore-McNeil|Grace Berger|Nicole Cardano-Hillary",5,791,856,65,2,4,-2
"2021-22","12966","Maryland","Angel Reese|Ashley Owusu|Chloe Bibby|Diamond Miller|Katie Benzan",5,791,968,177,8,6,2
"2021-22","12966","Indiana","Aleksa Gulbe|Ali Patberg|Chloe Moore-McNeil|Mackenzie Holmes|Nicole Cardano-Hillary",5,856,968,112,4,4,0
"2021-22","12966","Indiana","Aleksa Gulbe|Ali Patberg|Chloe Moore-McNeil|Grace Berger|Mackenzie Holmes",5,968,1035,67,0,2,-2
"2021-22","12966","Indiana","Aleksa Gulbe|Ali Patberg|Chloe Moore-McNeil|Grace Berger|Kiandra Browne",5,1035,1054,19,0,0,0
"2021-22","12966","Indiana","Aleksa Gulbe|Ali Patberg|Grace Berger|Grace Waggoner|Nicole Cardano-Hillary",5,1054,1066,12,0,0,0
"2021-22","12966","Maryland","Angel Reese|Chloe Bibby|Diamond Miller|Katie Benzan|Shyanne Sellers",5,968,1158,190,4,6,-2
"2021-22","12966","Maryland","Chloe Bibby|Diamond Miller|Katie Benzan|Mimi Collins|Shyanne Sellers",5,1158,1200,42,0,0,0
"2021-22","12966","Indiana","Aleksa Gulbe|Ali Patberg|Grace Berger|Mackenzie Holmes|Nicole Cardano-Hillary",5,1066,1368,302,9,4,5
"2021-22","12966","Maryland","Angel Reese|Chloe Bibby|Diamond Miller|Katie Benzan|Shyanne Sellers",5,1200,1392,192,2,3,-1
"2021-22","12966","Indiana","Aleksa Gulbe|Ali Patberg|Arielle Wisne|Grace Berger|Nicole Cardano-Hillary",5,1368,1392,24,0,0,0
"2021-22","12966","Indiana","Aleksa Gulbe|Chloe Moore-McNeil|Grace Berger|Mackenzie Holmes|Nicole Cardano-Hillary",5,1392,1446,54,0,2,-2
"2021-22","12966","Maryland","Angel Reese|Ashley Owusu|Chloe Bibby|Katie Benzan|Shyanne Sellers",5,1392,1455,63,2,0,2
"2021-22","12966","Indiana","Aleksa Gulbe|Ali Patberg|Chloe Moore-McNeil|Grace Berger|Mackenzie Holmes",5,1446,1498,52,0,2,-2
"2021-22","12966","Maryland","Ashley Owusu|Chloe Bibby|Katie Benzan|Mimi Collins|Shyanne Sellers",5,1455,1564,109,6,2,4
"2021-22","12966","Indiana","Aleksa Gulbe|Ali Patberg|Chloe Moore-McNeil|Mackenzie Holmes|Nicole Cardano-Hillary",5,1498,1564,66,2,4,-2
"2021-22","12966","Maryland","Angel Reese|Ashley Owusu|Diamond Miller|Katie Benzan|Mimi Collins",5,1564,1619,55,0,0,0
"2021-22","12966","Maryland","Angel Reese|Ashley Owusu|Chloe Bibby|Diamond Miller|Katie Benzan",5,1619,1688,69,4,4,0
"2021-22","12966","Indiana","Aleksa Gulbe|Ali Patberg|Grace Berger|Mackenzie Holmes|Nicole Cardano-Hillary",5,1564,1688,124,5,4,1
"2021-22","12966","Maryland","Angel Reese|Ashley Owusu|Chloe Bibby|Diamond Miller|Shyanne Sellers",5,1688,1696,8,0,1,-1
"2021-22","12966","Maryland","Ashley Owusu|Chloe Bibby|Diamond Miller|Mimi Collins|Shyanne Sellers",5,1696,1731,35,0,1,-1
"2021-22","12966","Maryland","Angel Reese|Ashley Owusu|Chloe Bibby|Diamond Miller|Shyanne Sellers",5,1731,1800,69,2,2,0
"2021-22","12966","Indiana","Aleksa Gulbe|Ali Patberg|Chloe Moore-McNeil|Grace Berger|Nicole Cardano-Hillary",5,1688,1800,112,3,2,1
"2021-22","12966","Maryland","Angel Reese|Chloe Bibby|Diamond Miller|Katie Benzan|Shyanne Sellers",5,1800,1872,72,0,2,-2
"2021-22","12966","Indiana","Aleksa Gulbe|Chloe Moore-McNeil|Grace Berger|Mackenzie Holmes|Nicole Cardano-Hillary",5,1800,1951,151,5,2,3
"2021-22","12966","Maryland","Angel Reese|Ashley Owusu|Chloe Bibby|Diamond Miller|Katie Benzan",5,1872,2010,138,4,3,1
"2021-22","12966","Indiana","Aleksa Gulbe|Ali Patberg|Chloe Moore-McNeil|Grace Berger|Nicole Cardano-Hillary",5,1951,2080,129,0,4,-4
"2021-22","12966","Maryland","Angel Reese|Ashley Owusu|Diamond Miller|Katie Benzan|Shyanne Sellers",5,2010,2113,103,2,2,0
"2021-22","12966","Maryland","Ashley Owusu|Chloe Bibby|Diamond Miller|Katie Benzan|Shyanne Sellers",5,2113,2176,63,0,0,0
"2021-22","12966","Maryland","Angel Reese|Ashley Owusu|Chloe Bibby|Diamond Miller|Katie Benzan",5,2176,2242,66,0,0,0
"2021-22","12966","Indiana","Aleksa Gulbe|Ali Patberg|Grace Berger|Mackenzie Holmes|Nicole Cardano-Hillary",5,2080,2272,192,2,0,2
"2021-22","12966","Indiana","Aleksa Gulbe|Ali Patberg|Chloe Moore-McNeil|Grace Berger|Nicole Cardano-Hillary",5,2272,2322,50,0,2,-2
"2021-22","12966","Maryland","Angel Reese|Ashley Owusu|Diamond Miller|Katie Benzan|Mimi Collins",5,2242,2336,94,2,0,2
"2021-22","12966","Indiana","Aleksa Gulbe|Ali Patberg|Grace Berger|Mackenzie Holmes|Nicole Cardano-Hillary",5,2322,2336,14,0,0,0
"2021-22","12966","Indiana","Aleksa Gulbe|Ali Patberg|Chloe Moore-McNeil|Grace Berger|Nicole Cardano-Hillary",5,2336,2337,1,0,0,0
"2021-22","12966","Maryland","Angel Reese|Ashley Owusu|Diamond Miller|Mimi Collins|Shyanne Sellers",5,2336,2349,13,0,1,-1
"2021-22","12966","Indiana","Aleksa Gulbe|Ali Patberg|Grace Berger|Mackenzie Holmes|Nicole Cardano-Hillary",5,2337,2349,12,1,0,1
"2021-22","12966","Maryland","Angel Reese|Chloe Bibby|Diamond Miller|Katie Benzan|Shyanne Sellers",5,2349,2356,7,0,2,-2
"2021-22","12966","Indiana","Aleksa Gulbe|Ali Patberg|Chloe Moore-McNeil|Grace Berger|Nicole Cardano-Hillary",5,2349,2373,24,6,0,6
"2021-22","12966","Maryland","Ashley Owusu|Chloe Bibby|Diamond Miller|Katie Benzan|Shyanne Sellers",5,2356,2400,44,2,5,-3
"2021-22","12966","Indiana","Ali Patberg|Chloe Moore-McNeil|Grace Waggoner|Kaitlin Peterson|Nicole Cardano-Hillary",5,2373,2400,27,1,2,-1
"2021-22","12970","Maryland","Angel Reese|Ashley Owusu|Chloe Bibby|Diamond Miller|Katie Benzan",5,0,182,182,9,5,4
"2021-22","12970","Maryland","Ashley Owusu|Chloe Bibby|Diamond Miller|Katie Benzan|Mimi Collins",5,182,325,143,5,6,-1
"2021-22","12970","Fgcu","Emma List|Kendall Spray|Kerstie Phills|Kierstan Bell|Tishara Morehouse",5,0,325,325,11,14,-3
"2021-22","12970","Maryland","Chloe Bibby|Diamond Miller|Katie Benzan|Mimi Collins|Shyanne Sellers",5,325,377,52,2,0,2
"2021-22","12970","Fgcu","Andrea Cecil|Emma List|Karli Seay|Kendall Spray|Tyra Cox",5,325,377,52,0,2,-2
"2021-22","12970","Maryland","Ashley Owusu|Chloe Bibby|Katie Benzan|Mimi Collins|Shyanne Sellers",5,377,600,223,7,12,-5
"2021-22","12970","Fgcu","Andrea Cecil|Karli Seay|Kierstan Bell|Tishara Morehouse|Tyra Cox",5,377,600,223,12,7,5
"2021-22","12970","Fgcu","Emma List|Kaela Webb|Kendall Spray|Kerstie Phills|Kierstan Bell",5,600,654,54,0,1,-1
"2021-22","12970","Fgcu","Emma List|Kendall Spray|Kerstie Phills|Kierstan Bell|Tishara Morehouse",5,654,731,77,3,2,1
"2021-22","12970","Maryland","Angel Reese|Chloe Bibby|Diamond Miller|Katie Benzan|Shyanne Sellers",5,600,731,131,3,3,0
"2021-22","12970","Maryland","Angel Reese|Ashley Owusu|Chloe Bibby|Diamond Miller|Katie Benzan",5,731,851,120,7,3,4
"2021-22","12970","Fgcu","Andrea Cecil|Kendall Spray|Kerstie Phills|Kierstan Bell|Tishara Morehouse",5,731,851,120,3,7,-4
"2021-22","12970","Maryland","Chloe Bibby|Diamond Miller|Katie Benzan|Mimi Collins|Shyanne Sellers",5,851,911,60,0,3,-3
"2021-22","12970","Fgcu","Andrea Cecil|Emma List|Karli Seay|Kendall Spray|Tishara Morehouse",5,851,911,60,3,0,3
"2021-22","12970","Maryland","Angel Reese|Ashley Owusu|Katie Benzan|Mimi Collins|Shyanne Sellers",5,911,973,62,3,4,-1
"2021-22","12970","Maryland","Angel Reese|Ashley Owusu|Chloe Bibby|Katie Benzan|Shyanne Sellers",5,973,1053,80,4,3,1
"2021-22","12970","Fgcu","Emma List|Karli Seay|Kendall Spray|Kierstan Bell|Tishara Morehouse",5,911,1053,142,7,7,0
"2021-22","12970","Fgcu","Andrea Cecil|Karli Seay|Kendall Spray|Kerstie Phills|Tishara Morehouse",5,1053,1085,32,0,2,-2
"2021-22","12970","Fgcu","Andrea Cecil|Emma List|Kendall Spray|Kerstie Phills|Tishara Morehouse",5,1085,1146,61,0,2,-2
"2021-22","12970","Maryland","Ashley Owusu|Chloe Bibby|Diamond Miller|Katie Benzan|Shyanne Sellers",5,1053,1200,147,7,0,7
"2021-22","12970","Fgcu","Emma List|Karli Seay|Kendall Spray|Kierstan Bell|Tishara Morehouse",5,1146,1200,54,0,3,-3
"2021-22","12970","Fgcu","Emma List|Kendall Spray|Kerstie Phills|Kierstan Bell|Tishara Morehouse",5,1200,1266,66,0,2,-2
"2021-22","12970","Fgcu","Emma List|Karli Seay|Kerstie Phills|Kierstan Bell|Tishara Morehouse",5,1266,1357,91,0,4,-4
"2021-22","12970","Maryland","Angel Reese|Ashley Owusu|Chloe Bibby|Diamond Miller|Katie Benzan",5,1200,1443,243,11,2,9
"2021-22","12970","Fgcu","Andrea Cecil|Karli Seay|Kendall Spray|Kerstie Phills|Tishara Morehouse",5,1357,1443,86,2,5,-3
"2021-22","12970","Fgcu","Andrea Cecil|Karli Seay|Kierstan Bell|Tishara Morehouse|Tyra Cox",5,1443,1506,63,1,0,1
"2021-22","12970","Maryland","Chloe Bibby|Diamond Miller|Katie Benzan|Mimi Collins|Shyanne Sellers",5,1443,1540,97,2,1,1
"2021-22","12970","Fgcu","Andrea Cecil|Karli Seay|Kerstie Phills|Tishara Morehouse|Tyra Cox",5,1506,1540,34,0,2,-2
"2021-22","12970","Fgcu","Andrea Cecil|Karli Seay|Kendall Spray|Kerstie Phills|Tishara Morehouse",5,1540,1570,30,2,4,-2
"2021-22","12970","Maryland","Angel Reese|Ashley Owusu|Katie Benzan|Mimi Collins|Shyanne Sellers",5,1540,1647,107,5,2,3
"2021-22","12970","Fgcu","Emma List|Kaela Webb|Kendall Spray|Kerstie Phills|Kierstan Bell",5,1570,1647,77,0,1,-1
"2021-22","12970","Maryland","Angel Reese|Ashley Owusu|Diamond Miller|Mimi Collins|Shyanne Sellers",5,1647,1762,115,4,8,-4
"2021-22","12970","Fgcu","Emma List|Kaela Webb|Karli Seay|Kerstie Phills|Kierstan Bell",5,1647,1762,115,8,4,4
"2021-22","12970","Fgcu","Andrea Cecil|Kaela Webb|Karli Seay|Seneca Hackley|Tishara Morehouse",5,1762,1796,34,0,2,-2
"2021-22","12970","Fgcu","Andrea Cecil|Karli Seay|Kendall Spray|Seneca Hackley|Tishara Morehouse",5,1796,1800,4,0,0,0
"2021-22","12970","Fgcu","Andrea Cecil|Emma List|Karli Seay|Kendall Spray|Tishara Morehouse",5,1800,1832,32,0,0,0
"2021-22","12970","Fgcu","Emma List|Karli Seay|Kendall Spray|Kierstan Bell|Tishara Morehouse",5,1832,1875,43,0,3,-3
"2021-22","12970","Fgcu","Emma List|Karli Seay|Kierstan Bell|Tishara Morehouse|Tyra Cox",5,1875,1906,31,0,0,0
"2021-22","12970","Maryland","Angel Reese|Ashley Owusu|Chloe Bibby|Diamond Miller|Katie Benzan",5,1762,2010,248,9,2,7
"2021-22","12970","Fgcu","Emma List|Kerstie Phills|Kierstan Bell|Tishara Morehouse|Tyra Cox",5,1906,2010,104,2,4,-2
"2021-22","12970","Fgcu","Emma List|Kaela Webb|Kendall Spray|Kerstie Phills|Kierstan Bell",5,2010,2075,65,5,2,3
"2021-22","12970","Fgcu","Kaela Webb|Karli Seay|Kendall Spray|Kerstie Phills|Kierstan Bell",5,2075,2141,66,2,4,-2
"2021-22","12970","Maryland","Chloe Bibby|Diamond Miller|Katie Benzan|Mimi Collins|Shyanne Sellers",5,2010,2141,131,6,7,-1
"2021-22","12970","Maryland","Ashley Owusu|Chloe Bibby|Diamond Miller|Mimi Collins|Shyanne Sellers",5,2141,2185,44,0,3,-3
"2021-22","12970","Maryland","Ashley Owusu|Chloe Bibby|Katie Benzan|Mimi Collins|Shyanne Sellers",5,2185,2265,80,1,0,1
"2021-22","12970","Fgcu","Andrea Cecil|Karli Seay|Kendall Spray|Kerstie Phills|Tishara Morehouse",5,2141,2265,124,3,1,2
"2021-22","12970","Fgcu","Kierra Adams|Maddie Antenucci|Milan Schimmel|Seneca Hackley|Tanner Bryant",5,2265,2365,100,0,4,-4
"2021-22","12970","Maryland","Ashley Owusu|Emma Chardon|Mimi Collins|Shyanne Sellers|Taisiya Kozlova",5,2265,2400,135,4,1,3
"2021-22","12970","Fgcu","Kierra Adams|Maddie Antenucci|Milan Schimmel|Tanner Bryant|Tyra Cox",5,2365,2400,35,1,0,1
