"source_id","file_id","team","player_name","player_number","stint_index","in_seconds","out_seconds","duration","pts_for","pts_against","plus_minus","starter"
"2021-22","12546","Maryland","Shyanne Sellers",0,1,0,44,44,0,0,0,1
"2021-22","12546","Maryland","Mimi Collins",2,1,0,1958,1958,73,52,21,1
"2021-22","12546","Maryland","Angel Reese",10,1,0,219,219,4,3,1,1
"2021-22","12546","Maryland","Ashley Owusu",15,1,0,879,879,34,17,17,1
"2021-22","12546","Maryland","Chloe Bibby",55,1,0,2400,2400,78,60,18,1
"2021-22","12546","NC State","Raina Perez",2,1,0,790,790,16,30,-14,1
"2021-22","12546","NC State","Kai Crutchfield",3,1,0,301,301,3,9,-6,1
"2021-22","12546","NC State","Jakia Brown-Turner",11,1,0,562,562,12,18,-6,1
"2021-22","12546","NC State","Kayla Jones",25,1,0,280,280,3,7,-4,1
"2021-22","12546","NC State","Elissa Cunane",33,1,0,522,522,9,18,-9,1
"2021-22","12546","Maryland","Taisiya Kozlova",14,1,44,433,389,13,9,4,0
"2021-22","12546","Maryland","Shyanne Sellers",0,2,219,1800,1581,63,43,20,0
"2021-22","12546","NC State","Madison Hayes",21,1,280,433,153,6,6,0,0
"2021-22","12546","NC State","Diamond Johnson",0,1,301,1200,899,24,40,-16,0
"2021-22","12546","Maryland","Angel Reese",10,2,433,1062,629,29,16,13,0
"2021-22","12546","NC State","Jada Boyd",5,1,433,600,167,3,9,-6,0
"2021-22","12546","NC State","Camille Hobby",41,1,522,790,268,7,12,-5,0
"2021-22","12546","NC State","Aziaha James",10,1,562,1062,500,13,24,-11,0
"2021-22","12546","NC State","Kayla Jones",25,2,600,1041,441,11,20,-9,0
"2021-22","12546","NC State","Jakia Brown-Turner",11,2,790,1800,1010,30,37,-7,0
"2021-22","12546","NC State","Jessica Timmons",23,1,790,929,139,3,6,-3,0
"2021-22","12546","Maryland","Taisiya Kozlova",14,2,879,1132,253,10,8,2,0
"2021-22","12546","NC State","Elissa Cunane",33,2,929,1186,257,8,11,-3,0
"2021-22","12546","NC State","Jessica Timmons",23,2,1041,1062,21,2,0,2,0
"2021-22","12546","Maryland","Ashley Owusu",15,2,1062,2145,1083,31,33,-2,0
"2021-22","12546","NC State","Raina Perez",2,2,1062,1800,738,21,25,-4,0
"2021-22","12546","NC State","Jada Boyd",5,2,1062,1200,138,2,7,-5,0
"2021-22","12546","Maryland","Angel Reese",10,3,1132,1343,211,11,6,5,0
"2021-22","12546","NC State","Camille Hobby",41,2,1186,1200,14,0,2,-2,0
"2021-22","12546","NC State","Kai Crutchfield",3,2,1200,1415,215,8,6,2,0
"2021-22","12546","NC State","Kayla Jones",25,3,1200,1585,385,15,10,5,0
"2021-22","12546","NC State","Elissa Cunane",33,3,1200,1800,600,19,18,1,0
"2021-22","12546","Maryland","Taisiya Kozlova",14,3,1343,1585,242,4,11,-7,0
"2021-22","12546","NC State","Diamond Johnson",0,2,1415,1958,543,17,18,-1,0
"2021-22","12546","Maryland","Angel Reese",10,4,1585,1692,107,4,2,2,0
"2021-22","12546","NC State","Jada Boyd",5,3,1585,1800,215,4,8,-4,0
"2021-22","12546","Maryland","Taisiya Kozlova",14,4,1692,1847,155,7,2,5,0
"2021-22","12546","Maryland","Angel Reese",10,5,1800,2307,507,10,14,-4,0
"2021-22","12546","NC State","Kai Crutchfield",3,3,1800,2145,345,12,6,6,0
"2021-22","12546","NC State","Aziaha James",10,2,1800,1958,158,6,6,0,0
"2021-22","12546","NC State","Madison Hayes",21,2,1800,2097,297,11,6,5,0
"2021-22","12546","NC State","Camille Hobby",41,3,1800,2057,257,10,6,4,0
"2021-22","12546","Maryland","Shyanne Sellers",0,3,1847,2400,553,8,14,-6,0
"2021-22","12546","Maryland","Taisiya Kozlova",14,5,1958,2108,150,0,5,-5,0
"2021-22","12546","NC State","Raina Perez",2,3,1958,2365,407,8,5,3,0
"2021-22","12546","NC State","Jakia Brown-Turner",11,3,1958,2326,368,8,5,3,0
"2021-22","12546","NC State","Elissa Cunane",33,4,2057,2326,269,4,5,-1,0
"2021-22","12546","NC State","Jada Boyd",5,4,2097,2186,89,1,0,1,0
"2021-22","12546","Maryland","Mimi Collins",2,2,2108,2186,78,0,1,-1,0
"2021-22","12546","Maryland","Taisiya Kozlova",14,6,2145,2400,255,5,2,3,0
"2021-22","12546","NC State","Diamond Johnson",0,3,2145,2309,164,2,4,-2,0
"2021-22","12546","Maryland","Ashley Owusu",15,3,2186,2215,29,2,0,2,0
"2021-22","12546","NC State","Kayla Jones",25,4,2186,2326,140,2,5,-3,0
"2021-22","12546","Maryland","Mimi Collins",2,3,2215,2400,185,3,2,1,0
"2021-22","12546","Maryland","Emma Chardon",21,1,2307,2400,93,1,0,1,0
"2021-22","12546","NC State","Kai Crutchfield",3,4,2309,2400,91,0,1,-1,0
"2021-22","12546","NC State","Madison Hayes",21,3,2326,2400,74,0,0,0,0
"2021-22","12546","NC State","Jessica Timmons",23,3,2326,2400,74,0,0,0,0
"2021-22","12546","NC State","Camille Hobby",41,4,2326,2400,74,0,0,0,0
"2021-22","12546","NC State","Genesis Bryant",1,1,2365,2400,35,0,0,0,0
"2021-22","12547","Maryland","Shyanne Sellers",0,1,0,409,409,11,12,-1,1
"2021-22","12547","Maryland","Mimi Collins",2,1,0,790,790,17,29,-12,1
"2021-22","12547","Maryland","Angel Reese",10,1,0,40,40,3,0,3,1
"2021-22","12547","Maryland","Ashley Owusu",15,1,0,1024,1024,24,38,-14,1
"2021-22","12547","Maryland","Chloe Bibby",55,1,0,2400,2400,68,86,-18,1
"2021-22","12547","Stanford","Francesca Belibi",5,1,0,308,308,9,9,0,1
"2021-22","12547","Stanford","Lexie Hull",12,1,0,1778,1778,75,47,28,1
"2021-22","12547","Stanford","Lacie Hull",24,1,0,729,729,25,17,8,1
"2021-22","12547","Stanford","Haley Jones",30,1,0,1801,1801,75,48,27,1
"2021-22","12547","Stanford","Hannah Jump",33,1,0,409,409,12,11,1,1
"2021-22","12547","Maryland","Taisiya Kozlova",14,1,40,308,268,6,9,-3,0
"2021-22","12547","Maryland","Angel Reese",10,2,308,601,293,6,13,-7,0
"2021-22","12547","Stanford","Jordan Hamilton",14,1,308,409,101,3,2,1,0
"2021-22","12547","Maryland","Taisiya Kozlova",14,2,409,410,1,0,0,0,0
"2021-22","12547","Stanford","Francesca Belibi",5,2,409,457,48,0,2,-2,0
"2021-22","12547","Stanford","Kiki Iriafen",44,1,409,457,48,0,2,-2,0
"2021-22","12547","Maryland","Shyanne Sellers",0,2,410,457,47,2,0,2,0
"2021-22","12547","Maryland","Taisiya Kozlova",14,3,457,462,5,0,0,0,0
"2021-22","12547","Stanford","Jordan Hamilton",14,2,457,462,5,0,0,0,0
"2021-22","12547","Stanford","Hannah Jump",33,2,457,2018,1561,65,40,25,0
"2021-22","12547","Maryland","Shyanne Sellers",0,3,462,2400,1938,55,74,-19,0
"2021-22","12547","Stanford","Francesca Belibi",5,3,462,601,139,10,2,8,0
"2021-22","12547","Maryland","Emma Chardon",21,1,601,790,189,2,7,-5,0
"2021-22","12547","Stanford","Kiki Iriafen",44,2,601,774,173,5,2,3,0
"2021-22","12547","Stanford","Anna Wilson",3,1,729,1024,295,13,7,6,0
"2021-22","12547","Stanford","Francesca Belibi",5,4,774,977,203,7,5,2,0
"2021-22","12547","Maryland","Angel Reese",10,3,790,1158,368,7,14,-7,0
"2021-22","12547","Maryland","Taisiya Kozlova",14,4,790,816,26,0,0,0,0
"2021-22","12547","Maryland","Mimi Collins",2,2,816,2121,1305,38,52,-14,0
"2021-22","12547","Stanford","Cameron Brink",22,1,977,1146,169,9,2,7,0
"2021-22","12547","Maryland","Taisiya Kozlova",14,5,1024,1200,176,0,8,-8,0
"2021-22","12547","Stanford","Lacie Hull",24,2,1024,1192,168,8,0,8,0
"2021-22","12547","Stanford","Francesca Belibi",5,5,1146,1323,177,9,7,2,0
"2021-22","12547","Maryland","Emma Chardon",21,2,1158,1200,42,0,3,-3,0
"2021-22","12547","Stanford","Anna Wilson",3,2,1192,1200,8,0,0,0,0
"2021-22","12547","Maryland","Angel Reese",10,4,1200,1327,127,7,6,1,0
"2021-22","12547","Maryland","Ashley Owusu",15,2,1200,2400,1200,44,40,4,0
"2021-22","12547","Stanford","Lacie Hull",24,3,1200,1489,289,18,9,9,0
"2021-22","12547","Stanford","Cameron Brink",22,2,1323,1570,247,15,5,10,0
"2021-22","12547","Maryland","Taisiya Kozlova",14,6,1327,1801,474,17,23,-6,0
"2021-22","12547","Stanford","Jana Van Gytenbeek",4,1,1489,1899,410,11,16,-5,0
"2021-22","12547","Stanford","Francesca Belibi",5,6,1570,1979,409,10,17,-7,0
"2021-22","12547","Stanford","Agnes Emma-Nnopu",2,1,1778,1979,201,2,6,-4,0
"2021-22","12547","Maryland","Angel Reese",10,5,1801,1946,145,5,0,5,0
"2021-22","12547","Stanford","Brooke Demetre",21,1,1801,1979,178,2,5,-3,0
"2021-22","12547","Stanford","Jordan Hamilton",14,3,1899,1979,80,2,4,-2,0
"2021-22","12547","Maryland","Taisiya Kozlova",14,7,1946,2400,454,15,11,4,0
"2021-22","12547","Stanford","Lexie Hull",12,2,1979,2141,162,6,2,4,0
"2021-22","12547","Stanford","Cameron Brink",22,3,1979,2121,142,4,2,2,0
"2021-22","12547","Stanford","Lacie Hull",24,4,1979,2121,142,4,2,2,0
"2021-22","12547","Stanford","Haley Jones",30,2,1979,2029,50,0,0,0,0
"2021-22","12547","Stanford","Elena Bosgana",20,1,2018,2400,382,9,15,-6,0
"2021-22","12547","Stanford","Brooke Demetre",21,2,2029,2400,371,9,15,-6,0
"2021-22","12547","Maryland","Emma Chardon",21,3,2121,2400,279,13,5,8,0
"2021-22","12547","Stanford","Jordan Hamilton",14,4,2121,2400,279,5,13,-8,0
"2021-22","12547","Stanford","Kiki Iriafen",44,3,2121,2177,56,3,2,1,0
"2021-22","12547","Stanford","Agnes Emma-Nnopu",2,2,2141,2400,259,3,13,-10,0
"2021-22","12547","Stanford","Alyssa Jerome",10,1,2177,2400,223,2,11,-9,0
"2021-22","12548","Longwood","Brooke Anya",0,1,0,404,404,12,14,-2,1
"2021-22","12548","Longwood","Kyla McMakin",1,1,0,518,518,19,18,1,1
"2021-22","12548","Longwood","Kennedy Calhoun",4,1,0,404,404,12,14,-2,1
"2021-22","12548","Longwood","Akila Smith",13,1,0,518,518,19,18,1,1
"2021-22","12548","Longwood","Tra'dayja Smith",14,1,0,281,281,10,13,-3,1
"2021-22","12548","Maryland","Mimi Collins",2,1,0,304,304,14,10,4,1
"2021-22","12548","Maryland","Angel Reese",10,1,0,175,175,8,4,4,1
"2021-22","12548","Maryland","Katie Benzan",11,1,0,854,854,26,24,2,1
"2021-22","12548","Maryland","Ashley Owusu",15,1,0,281,281,13,10,3,1
"2021-22","12548","Maryland","Chloe Bibby",55,1,0,600,600,21,21,0,1
"2021-22","12548","Maryland","Faith Masonius",13,1,175,340,165,6,6,0,0
"2021-22","12548","Longwood","Anne-Hamilton Leroy",30,1,281,658,377,11,8,3,0
"2021-22","12548","Maryland","Shyanne Sellers",0,1,281,755,474,10,11,-1,0
"2021-22","12548","Maryland","Angel Reese",10,2,304,915,611,16,14,2,0
"2021-22","12548","Maryland","Mimi Collins",2,2,340,476,136,2,9,-7,0
"2021-22","12548","Longwood","Adriana Shipp",3,1,404,600,196,9,7,2,0
"2021-22","12548","Longwood","Tra'dayja Smith",14,2,404,889,485,12,15,-3,0
"2021-22","12548","Maryland","Ashley Owusu",15,2,476,1590,1114,48,20,28,0
"2021-22","12548","Longwood","Brooke Anya",0,2,518,550,32,0,2,-2,0
"2021-22","12548","Longwood","Kennedy Calhoun",4,2,518,1044,526,10,16,-6,0
"2021-22","12548","Longwood","Kyla McMakin",1,2,550,2050,1500,39,61,-22,0
"2021-22","12548","Longwood","Akila Smith",13,2,600,889,289,3,8,-5,0
"2021-22","12548","Maryland","Mimi Collins",2,3,600,1779,1179,53,26,27,0
"2021-22","12548","Longwood","Briana Johns",35,1,658,1200,542,13,26,-13,0
"2021-22","12548","Maryland","Chloe Bibby",55,2,755,1438,683,37,15,22,0
"2021-22","12548","Maryland","Shyanne Sellers",0,2,854,1200,346,21,10,11,0
"2021-22","12548","Longwood","Brooke Anya",0,3,889,1438,549,12,31,-19,0
"2021-22","12548","Longwood","Anne-Hamilton Leroy",30,2,889,1012,123,3,5,-2,0
"2021-22","12548","Maryland","Katie Benzan",11,2,915,1483,568,32,15,17,0
"2021-22","12548","Longwood","Geassy Germano",24,1,1012,1200,188,7,13,-6,0
"2021-22","12548","Longwood","Tra'dayja Smith",14,3,1044,1590,546,10,30,-20,0
"2021-22","12548","Longwood","Kennedy Calhoun",4,3,1200,1511,311,5,15,-10,0
"2021-22","12548","Longwood","Akila Smith",13,3,1200,1384,184,2,10,-8,0
"2021-22","12548","Maryland","Angel Reese",10,3,1200,1779,579,27,13,14,0
"2021-22","12548","Longwood","Cayla Copeland",11,1,1384,1528,144,3,5,-2,0
"2021-22","12548","Longwood","Adriana Shipp",3,2,1438,1800,362,11,16,-5,0
"2021-22","12548","Maryland","Shyanne Sellers",0,3,1438,2400,962,37,31,6,0
"2021-22","12548","Maryland","Faith Masonius",13,2,1483,1779,296,12,8,4,0
"2021-22","12548","Longwood","Milou Vennema",2,1,1511,1800,289,8,14,-6,0
"2021-22","12548","Longwood","Akila Smith",13,4,1528,2050,522,19,19,0,0
"2021-22","12548","Longwood","Anne-Hamilton Leroy",30,3,1590,1800,210,8,12,-4,0
"2021-22","12548","Maryland","Katie Benzan",11,3,1590,1871,281,14,14,0,0
"2021-22","12548","Maryland","Taisiya Kozlova",14,1,1779,1936,157,4,7,-3,0
"2021-22","12548","Maryland","Emma Chardon",21,1,1779,1839,60,2,3,-1,0
"2021-22","12548","Maryland","Chloe Bibby",55,3,1779,2198,419,14,17,-3,0
"2021-22","12548","Longwood","Brooke Anya",0,4,1800,2001,201,11,2,9,0
"2021-22","12548","Longwood","Kennedy Calhoun",4,4,1800,1936,136,7,2,5,0
"2021-22","12548","Longwood","Tra'dayja Smith",14,4,1800,2001,201,11,2,9,0
"2021-22","12548","Maryland","Faith Masonius",13,3,1839,2400,561,21,17,4,0
"2021-22","12548","Maryland","Ashley Owusu",15,3,1871,2189,318,10,11,-1,0
"2021-22","12548","Longwood","Milou Vennema",2,2,1936,2189,253,10,10,0,0
"2021-22","12548","Maryland","Angel Reese",10,4,1936,2400,464,19,13,6,0
"2021-22","12548","Longwood","Geassy Germano",24,2,2001,2400,399,9,19,-10,0
"2021-22","12548","Longwood","Anne-Hamilton Leroy",30,4,2001,2400,399,9,19,-10,0
"2021-22","12548","Longwood","Brooke Anya",0,5,2050,2189,139,6,7,-1,0
"2021-22","12548","Longwood","Tra'dayja Smith",14,5,2050,2189,139,6,7,-1,0
"2021-22","12548","Longwood","Kyla McMakin",1,3,2189,2305,116,0,6,-6,0
"2021-22","12548","Longwood","Kennedy Calhoun",4,5,2189,2400,211,3,9,-6,0
"2021-22","12548","Longwood","Briana Johns",35,2,2189,2400,211,3,9,-6,0
"2021-22","12548","Maryland","Emma Chardon",21,2,2189,2400,211,9,3,6,0
"2021-22","12548","Maryland","Taisiya Kozlova",14,2,2198,2400,202,9,3,6,0
"2021-22","12548","Longwood","Cayla Copeland",11,2,2305,2400,95,3,3,0,0
"2021-22","12549","Maryland","Mimi Collins",2,1,0,242,242,11,10,1,1
"2021-22","12549","Maryland","Angel Reese",10,1,0,334,334,14,13,1,1
"2021-22","12549","Maryland","Katie Benzan",11,1,0,842,842,28,23,5,1
"2021-22","12549","Maryland","Ashley Owusu",15,1,0,398,398,16,15,1,1
"2021-22","12549","Maryland","Chloe Bibby",55,1,0,334,334,14,13,1,1
"2021-22","12549","Villanova","Lucy Olsen",3,1,0,438,438,15,16,-1,1
"2021-22","12549","Villanova","Lior Garzon",12,1,0,600,600,20,21,-1,1
"2021-22","12549","Villanova","Brianna Herlihy",14,1,0,513,513,15,18,-3,1
"2021-22","12549","Villanova","Brooke Mullin",15,1,0,334,334,13,14,-1,1
"2021-22","12549","Villanova","Maddy Siegrist",20,1,0,842,842,23,28,-5,1
"2021-22","12549","Maryland","Faith Masonius",13,1,242,420,178,5,5,0,0
"2021-22","12549","Maryland","Shyanne Sellers",0,1,334,600,266,7,7,0,0
"2021-22","12549","Maryland","Mimi Collins",2,2,334,932,598,18,10,8,0
"2021-22","12549","Villanova","Kaitlyn Orihel",2,1,334,600,266,7,7,0,0
"2021-22","12549","Maryland","Chloe Bibby",55,2,398,555,157,4,2,2,0
"2021-22","12549","Maryland","Angel Reese",10,2,420,842,422,12,8,4,0
"2021-22","12549","Villanova","Kenzie Gardler",4,1,438,600,162,5,5,0,0
"2021-22","12549","Villanova","Christina Dalce",10,1,513,555,42,2,2,0,0
"2021-22","12549","Maryland","Faith Masonius",13,2,555,1200,645,27,16,11,0
"2021-22","12549","Villanova","Anahi-Lee Cauley",5,1,555,600,45,3,1,2,0
"2021-22","12549","Maryland","Ashley Owusu",15,2,600,1558,958,44,17,27,0
"2021-22","12549","Villanova","Lucy Olsen",3,2,600,842,242,3,7,-4,0
"2021-22","12549","Villanova","Brianna Herlihy",14,2,600,842,242,3,7,-4,0
"2021-22","12549","Villanova","Brooke Mullin",15,2,600,977,377,3,15,-12,0
"2021-22","12549","Villanova","Bella Runyan",32,1,600,932,332,3,11,-8,0
"2021-22","12549","Maryland","Shyanne Sellers",0,2,842,1089,247,10,8,2,0
"2021-22","12549","Maryland","Chloe Bibby",55,3,842,1006,164,8,3,5,0
"2021-22","12549","Villanova","Kaitlyn Orihel",2,2,842,856,14,0,0,0,0
"2021-22","12549","Villanova","Christina Dalce",10,2,842,862,20,0,0,0,0
"2021-22","12549","Villanova","Lior Garzon",12,2,842,1100,258,8,12,-4,0
"2021-22","12549","Villanova","Maddy Siegrist",20,2,856,1800,944,22,45,-23,0
"2021-22","12549","Villanova","Anahi-Lee Cauley",5,2,862,932,70,0,4,-4,0
"2021-22","12549","Maryland","Angel Reese",10,3,932,1456,524,28,14,14,0
"2021-22","12549","Villanova","Kenzie Gardler",4,2,932,957,25,0,2,-2,0
"2021-22","12549","Villanova","Brianna Herlihy",14,3,932,1339,407,14,19,-5,0
"2021-22","12549","Villanova","Lucy Olsen",3,3,957,1339,382,14,17,-3,0
"2021-22","12549","Villanova","Bella Runyan",32,2,977,1200,223,10,11,-1,0
"2021-22","12549","Maryland","Mimi Collins",2,3,1006,1647,641,33,16,17,0
"2021-22","12549","Maryland","Katie Benzan",11,2,1089,1456,367,22,6,16,0
"2021-22","12549","Villanova","Kaitlyn Orihel",2,3,1100,1200,100,2,7,-5,0
"2021-22","12549","Maryland","Chloe Bibby",55,4,1200,1647,447,22,9,13,0
"2021-22","12549","Villanova","Lior Garzon",12,3,1200,1558,358,4,18,-14,0
"2021-22","12549","Villanova","Brooke Mullin",15,3,1200,1404,204,4,8,-4,0
"2021-22","12549","Villanova","Kenzie Gardler",4,3,1339,1505,166,0,12,-12,0
"2021-22","12549","Villanova","Anahi-Lee Cauley",5,3,1339,1456,117,0,9,-9,0
"2021-22","12549","Villanova","Bella Runyan",32,3,1404,1583,179,0,14,-14,0
"2021-22","12549","Maryland","Shyanne Sellers",0,3,1456,2025,569,19,15,4,0
"2021-22","12549","Maryland","Faith Masonius",13,3,1456,2070,614,19,15,4,0
"2021-22","12549","Villanova","Brianna Herlihy",14,4,1456,1583,127,0,9,-9,0
"2021-22","12549","Villanova","Brooke Mullin",15,4,1505,1889,384,8,12,-4,0
"2021-22","12549","Maryland","Katie Benzan",11,3,1558,2070,512,14,15,-1,0
"2021-22","12549","Villanova","Kaitlyn Orihel",2,4,1558,2400,842,30,23,7,0
"2021-22","12549","Villanova","Lucy Olsen",3,4,1583,1800,217,8,4,4,0
"2021-22","12549","Villanova","Christina Dalce",10,3,1583,1708,125,5,4,1,0
"2021-22","12549","Maryland","Angel Reese",10,4,1647,1735,88,4,3,1,0
"2021-22","12549","Maryland","Taisiya Kozlova",14,1,1647,2400,753,19,25,-6,0
"2021-22","12549","Villanova","Anahi-Lee Cauley",5,4,1708,1889,181,3,2,1,0
"2021-22","12549","Maryland","Emma Chardon",21,1,1735,1800,65,0,0,0,0
"2021-22","12549","Maryland","Chloe Bibby",55,5,1800,2400,600,15,22,-7,0
"2021-22","12549","Villanova","Zanai Jones",1,1,1800,2200,400,15,11,4,0
"2021-22","12549","Villanova","Brianna Herlihy",14,5,1800,1892,92,0,2,-2,0
"2021-22","12549","Villanova","Maddy Siegrist",20,3,1889,2070,181,7,4,3,0
"2021-22","12549","Villanova","Bella Runyan",32,4,1889,2400,511,22,13,9,0
"2021-22","12549","Villanova","Lior Garzon",12,4,1892,2400,508,22,13,9,0
"2021-22","12549","Maryland","Emma Chardon",21,2,2025,2400,375,9,15,-6,0
"2021-22","12549","Maryland","Shyanne Sellers",0,4,2070,2400,330,9,15,-6,0
"2021-22","12549","Maryland","Mimi Collins",2,4,2070,2296,226,9,8,1,0
"2021-22","12549","Villanova","Brianna Herlihy",14,6,2070,2200,130,8,5,3,0
"2021-22","12549","Villanova","Lucy Olsen",3,5,2200,2400,200,7,4,3,0
"2021-22","12549","Villanova","Maddy Siegrist",20,4,2200,2296,96,0,4,-4,0
"2021-22","12549","Maryland","Faith Masonius",13,4,2296,2400,104,0,7,-7,0
"2021-22","12549","Villanova","Christina Dalce",10,4,2296,2400,104,7,0,7,0
"2021-22","12550","James Madison","Jaylin Carodine",2,1,0,250,250,4,10,-6,1
"2021-22","12550","James Madison","Madison Green",4,1,0,711,711,10,33,-23,1
"2021-22","12550","James Madison","Annalicia Goodman",14,1,0,250,250,4,10,-6,1
"2021-22","12550","James Madison","Jamia Hazell",25,1,0,250,250,4,10,-6,1
"2021-22","12550","James Madison","Kiki Jefferson",30,1,0,420,420,6,19,-13,1
"2021-22","12550","Maryland","Mimi Collins",2,1,0,339,339,15,6,9,1
"2021-22","12550","Maryland","Angel Reese",10,1,0,74,74,0,0,0,1
"2021-22","12550","Maryland","Katie Benzan",11,1,0,1746,1746,65,34,31,1
"2021-22","12550","Maryland","Ashley Owusu",15,1,0,731,731,33,10,23,1
"2021-22","12550","Maryland","Chloe Bibby",55,1,0,250,250,10,4,6,1
"2021-22","12550","Maryland","Faith Masonius",13,1,74,398,324,17,6,11,0
"2021-22","12550","James Madison","Brianna Tinsley",3,1,250,420,170,2,9,-7,0
"2021-22","12550","James Madison","Claire Neff",11,1,250,600,350,6,19,-13,0
"2021-22","12550","James Madison","Steph Ouderkirk",33,1,250,390,140,2,7,-5,0
"2021-22","12550","Maryland","Shyanne Sellers",0,1,250,653,403,19,6,13,0
"2021-22","12550","Maryland","Angel Reese",10,2,339,519,180,10,4,6,0
"2021-22","12550","James Madison","Jaylin Carodine",2,2,390,731,341,4,16,-12,0
"2021-22","12550","Maryland","Mimi Collins",2,2,398,685,287,12,4,8,0
"2021-22","12550","James Madison","Annalicia Goodman",14,2,420,907,487,13,18,-5,0
"2021-22","12550","James Madison","Jamia Hazell",25,2,420,1518,1098,25,37,-12,0
"2021-22","12550","Maryland","Faith Masonius",13,2,519,907,388,12,9,3,0
"2021-22","12550","James Madison","Kiki Jefferson",30,2,600,858,258,7,8,-1,0
"2021-22","12550","Maryland","Chloe Bibby",55,2,653,1959,1306,41,26,15,0
"2021-22","12550","Maryland","Angel Reese",10,3,685,831,146,6,6,0,0
"2021-22","12550","James Madison","Brianna Tinsley",3,2,711,1086,375,12,8,4,0
"2021-22","12550","James Madison","Steph Ouderkirk",33,2,731,994,263,10,6,4,0
"2021-22","12550","Maryland","Shyanne Sellers",0,2,731,831,100,2,6,-4,0
"2021-22","12550","Maryland","Mimi Collins",2,3,831,1110,279,9,6,3,0
"2021-22","12550","Maryland","Ashley Owusu",15,2,831,1295,464,16,7,9,0
"2021-22","12550","James Madison","Claire Neff",11,2,858,1295,437,6,14,-8,0
"2021-22","12550","James Madison","Mikaya Tynes",23,1,907,1055,148,3,2,1,0
"2021-22","12550","Maryland","Angel Reese",10,4,907,1086,179,4,3,1,0
"2021-22","12550","James Madison","Kiki Jefferson",30,3,994,1110,116,2,5,-3,0
"2021-22","12550","James Madison","Annalicia Goodman",14,3,1055,1264,209,1,12,-11,0
"2021-22","12550","James Madison","Madison Green",4,2,1086,1594,508,12,17,-5,0
"2021-22","12550","Maryland","Shyanne Sellers",0,3,1086,1236,150,7,1,6,0
"2021-22","12550","James Madison","Jaylin Carodine",2,3,1110,1315,205,1,7,-6,0
"2021-22","12550","Maryland","Faith Masonius",13,3,1110,1236,126,4,1,3,0
"2021-22","12550","Maryland","Mimi Collins",2,4,1236,1553,317,8,11,-3,0
"2021-22","12550","Maryland","Angel Reese",10,5,1236,1518,282,8,8,0,0
"2021-22","12550","James Madison","Kiki Jefferson",30,4,1264,1417,153,6,2,4,0
"2021-22","12550","James Madison","Annalicia Goodman",14,4,1295,1417,122,6,2,4,0
"2021-22","12550","Maryland","Shyanne Sellers",0,4,1295,2400,1105,30,22,8,0
"2021-22","12550","James Madison","Claire Neff",11,3,1315,1644,329,11,9,2,0
"2021-22","12550","James Madison","Jaylin Carodine",2,4,1417,1644,227,5,7,-2,0
"2021-22","12550","James Madison","Steph Ouderkirk",33,3,1417,1518,101,2,3,-1,0
"2021-22","12550","James Madison","Mikaya Tynes",23,2,1518,1644,126,3,4,-1,0
"2021-22","12550","James Madison","Kiki Jefferson",30,5,1518,1594,76,3,2,1,0
"2021-22","12550","Maryland","Faith Masonius",13,4,1518,2400,882,25,14,11,0
"2021-22","12550","Maryland","Angel Reese",10,6,1553,2167,614,21,4,17,0
"2021-22","12550","James Madison","Brianna Tinsley",3,3,1594,1896,302,2,10,-8,0
"2021-22","12550","James Madison","Jamia Hazell",25,3,1594,1800,206,2,10,-8,0
"2021-22","12550","James Madison","Annalicia Goodman",14,5,1644,2021,377,4,11,-7,0
"2021-22","12550","James Madison","Kiki Jefferson",30,6,1644,1694,50,0,1,-1,0
"2021-22","12550","James Madison","Steph Ouderkirk",33,4,1644,1896,252,2,8,-6,0
"2021-22","12550","James Madison","Sherese Pittman",12,1,1694,1959,265,2,9,-7,0
"2021-22","12550","Maryland","Mimi Collins",2,5,1746,2400,654,16,11,5,0
"2021-22","12550","James Madison","Mikaya Tynes",23,3,1800,1959,159,0,2,-2,0
"2021-22","12550","James Madison","Madison Green",4,3,1896,1981,85,0,3,-3,0
"2021-22","12550","James Madison","Kiki Jefferson",30,7,1896,2119,223,2,7,-5,0
"2021-22","12550","James Madison","Bailey Williams",5,1,1959,2400,441,9,11,-2,0
"2021-22","12550","James Madison","Claire Neff",11,4,1959,2167,208,2,7,-5,0
"2021-22","12550","Maryland","Taisiya Kozlova",14,1,1959,2400,441,11,9,2,0
"2021-22","12550","James Madison","Jamia Hazell",25,4,1981,2167,186,2,6,-4,0
"2021-22","12550","James Madison","Mikaya Tynes",23,4,2021,2400,379,7,10,-3,0
"2021-22","12550","James Madison","Sherese Pittman",12,2,2119,2400,281,7,6,1,0
"2021-22","12550","James Madison","Brianna Tinsley",3,4,2167,2400,233,7,4,3,0
"2021-22","12550","James Madison","Steph Ouderkirk",33,5,2167,2400,233,7,4,3,0
"2021-22","12550","Maryland","Emma Chardon",21,1,2167,2400,233,4,7,-3,0
"2021-22","12551","Maryland","Mimi Collins",2,1,0,752,752,28,12,16,1
"2021-22","12551","Maryland","Angel Reese",10,1,0,389,389,12,0,12,1
"2021-22","12551","Maryland","Katie Benzan",11,1,0,132,132,3,0,3,1
"2021-22","12551","Maryland","Ashley Owusu",15,1,0,484,484,18,3,15,1
"2021-22","12551","Maryland","Chloe Bibby",55,1,0,895,895,38,14,24,1
"2021-22","12551","Mount St. Mary's","Isabella Hunt",0,1,0,268,268,0,8,-8,1
"2021-22","12551","Mount St. Mary's","Kendall Bresee",3,1,0,432,432,0,14,-14,1
"2021-22","12551","Mount St. Mary's","Michaela Harrison",10,1,0,188,188,0,5,-5,1
"2021-22","12551","Mount St. Mary's","Aryna Taylor",13,1,0,505,505,3,19,-16,1
"2021-22","12551","Mount St. Mary's","Kayla Agentowicz",21,1,0,389,389,0,12,-12,1
"2021-22","12551","Maryland","Shyanne Sellers",0,1,132,600,468,20,7,13,0
"2021-22","12551","Mount St. Mary's","Jessica Tomasetti",14,1,188,268,80,0,3,-3,0
"2021-22","12551","Mount St. Mary's","Michaela Harrison",10,2,268,432,164,0,6,-6,0
"2021-22","12551","Mount St. Mary's","Jasmine Lindsay-Huskey",15,1,268,505,237,3,11,-8,0
"2021-22","12551","Maryland","Katie Benzan",11,2,389,1738,1349,60,41,19,0
"2021-22","12551","Mount St. Mary's","Jada Lee",11,1,389,752,363,12,16,-4,0
"2021-22","12551","Mount St. Mary's","Jessica Tomasetti",14,2,432,663,231,9,12,-3,0
"2021-22","12551","Mount St. Mary's","Kayla Agentowicz",21,2,432,895,463,14,24,-10,0
"2021-22","12551","Maryland","Angel Reese",10,2,484,600,116,5,4,1,0
"2021-22","12551","Mount St. Mary's","Isabella Hunt",0,2,505,1024,519,18,23,-5,0
"2021-22","12551","Mount St. Mary's","Kendall Bresee",3,2,505,1906,1401,43,58,-15,0
"2021-22","12551","Maryland","Taisiya Kozlova",14,1,600,767,167,5,5,0,0
"2021-22","12551","Maryland","Ashley Owusu",15,2,600,1130,530,25,17,8,0
"2021-22","12551","Mount St. Mary's","Aryna Taylor",13,2,663,1537,874,27,43,-16,0
"2021-22","12551","Maryland","Angel Reese",10,3,752,895,143,10,2,8,0
"2021-22","12551","Mount St. Mary's","Michaela Harrison",10,3,752,1537,785,24,41,-17,0
"2021-22","12551","Maryland","Shyanne Sellers",0,2,767,1200,433,25,13,12,0
"2021-22","12551","Maryland","Mimi Collins",2,2,895,1024,129,4,7,-3,0
"2021-22","12551","Maryland","Emma Chardon",21,1,895,1200,305,15,11,4,0
"2021-22","12551","Mount St. Mary's","Jessica Tomasetti",14,3,895,1094,199,10,10,0,0
"2021-22","12551","Maryland","Angel Reese",10,4,1024,1346,322,19,10,9,0
"2021-22","12551","Mount St. Mary's","Kayla Agentowicz",21,3,1024,1094,70,3,6,-3,0
"2021-22","12551","Mount St. Mary's","Isabella Hunt",0,3,1094,1453,359,9,16,-7,0
"2021-22","12551","Mount St. Mary's","Jada Lee",11,2,1094,1200,106,1,5,-4,0
"2021-22","12551","Maryland","Taisiya Kozlova",14,2,1130,1200,70,5,1,4,0
"2021-22","12551","Maryland","Mimi Collins",2,3,1200,1738,538,19,16,3,0
"2021-22","12551","Maryland","Ashley Owusu",15,3,1200,1380,180,8,8,0,0
"2021-22","12551","Maryland","Chloe Bibby",55,2,1200,1747,547,21,16,5,0
"2021-22","12551","Mount St. Mary's","Kayla Agentowicz",21,4,1200,1451,251,8,11,-3,0
"2021-22","12551","Maryland","Shyanne Sellers",0,3,1346,2400,1054,37,26,11,0
"2021-22","12551","Maryland","Taisiya Kozlova",14,3,1380,1800,420,13,11,2,0
"2021-22","12551","Mount St. Mary's","Jessica Tomasetti",14,4,1451,2400,949,24,34,-10,0
"2021-22","12551","Mount St. Mary's","Jasmine Lindsay-Huskey",15,2,1453,1551,98,3,5,-2,0
"2021-22","12551","Mount St. Mary's","Jada Lee",11,3,1537,1738,201,5,3,2,0
"2021-22","12551","Mount St. Mary's","Kayla Agentowicz",21,5,1537,1738,201,5,3,2,0
"2021-22","12551","Mount St. Mary's","Aryna Taylor",13,3,1551,1738,187,5,3,2,0
"2021-22","12551","Maryland","Angel Reese",10,5,1738,2043,305,9,8,1,0
"2021-22","12551","Maryland","Ashley Owusu",15,4,1738,1997,259,7,6,1,0
"2021-22","12551","Mount St. Mary's","Isabella Hunt",0,4,1738,1906,168,5,5,0,0
"2021-22","12551","Mount St. Mary's","Michaela Harrison",10,4,1738,1997,259,6,7,-1,0
"2021-22","12551","Mount St. Mary's","Jasmine Lindsay-Huskey",15,3,1738,2400,662,16,26,-10,0
"2021-22","12551","Maryland","Emma Chardon",21,2,1747,2143,396,11,10,1,0
"2021-22","12551","Maryland","Chloe Bibby",55,3,1800,2043,243,7,5,2,0
"2021-22","12551","Mount St. Mary's","Aryna Taylor",13,4,1906,2400,494,11,21,-10,0
"2021-22","12551","Mount St. Mary's","Kayla Agentowicz",21,6,1906,1997,91,1,2,-1,0
"2021-22","12551","Maryland","Taisiya Kozlova",14,4,1997,2400,403,19,10,9,0
"2021-22","12551","Mount St. Mary's","Abby Bailey",5,1,1997,2400,403,10,19,-9,0
"2021-22","12551","Mount St. Mary's","Jada Lee",11,4,1997,2400,403,10,19,-9,0
"2021-22","12551","Maryland","Mimi Collins",2,4,2043,2247,204,9,5,4,0
"2021-22","12551","Maryland","Katie Benzan",11,3,2043,2400,357,17,8,9,0
"2021-22","12551","Maryland","Angel Reese",10,6,2143,2400,257,13,6,7,0
"2021-22","12551","Maryland","Emma Chardon",21,3,2247,2400,153,8,3,5,0
"2021-22","12552","Maryland","Mimi Collins",2,1,0,842,842,31,14,17,1
"2021-22","12552","Maryland","Angel Reese",10,1,0,172,172,3,4,-1,1
"2021-22","12552","Maryland","Katie Benzan",11,1,0,238,238,4,4,0,1
"2021-22","12552","Maryland","Ashley Owusu",15,1,0,360,360,10,4,6,1
"2021-22","12552","Maryland","Chloe Bibby",55,1,0,1542,1542,66,34,32,1
"2021-22","12552","Uncw","Mary McMillan",3,1,0,325,325,4,10,-6,1
"2021-22","12552","Uncw","Carrie Gross",13,1,0,195,195,4,3,1,1
"2021-22","12552","Uncw","Dejah Carter",14,1,0,238,238,4,4,0,1
"2021-22","12552","Uncw","Sierra DaCosta",20,1,0,600,600,10,21,-11,1
"2021-22","12552","Uncw","Micah Hoggatt",25,1,0,449,449,5,14,-9,1
"2021-22","12552","Maryland","Diamond Miller",1,1,172,315,143,5,0,5,0
"2021-22","12552","Uncw","Allie Best",2,1,195,800,605,10,28,-18,0
"2021-22","12552","Maryland","Shyanne Sellers",0,1,238,1035,797,38,13,25,0
"2021-22","12552","Uncw","Vita Stam",21,1,238,315,77,0,4,-4,0
"2021-22","12552","Maryland","Katie Benzan",11,2,315,382,67,6,0,6,0
"2021-22","12552","Uncw","Dejah Carter",14,2,315,600,285,6,13,-7,0
"2021-22","12552","Uncw","Jayde Gamble",1,1,325,371,46,0,2,-2,0
"2021-22","12552","Maryland","Diamond Miller",1,2,360,464,104,5,1,4,0
"2021-22","12552","Uncw","Mary McMillan",3,2,371,707,336,8,14,-6,0
"2021-22","12552","Maryland","Ashley Owusu",15,2,382,1139,757,33,16,17,0
"2021-22","12552","Uncw","Dazia Powell",11,1,449,800,351,9,17,-8,0
"2021-22","12552","Maryland","Angel Reese",10,2,464,1100,636,29,13,16,0
"2021-22","12552","Uncw","Jaliya Sharp",12,1,600,755,155,4,8,-4,0
"2021-22","12552","Uncw","Evan Miller",22,1,600,800,200,4,10,-6,0
"2021-22","12552","Uncw","Rinnah Green",10,1,707,800,93,2,5,-3,0
"2021-22","12552","Uncw","Dejah Carter",14,3,755,1001,246,3,9,-6,0
"2021-22","12552","Uncw","Mary McMillan",3,3,800,1035,235,3,11,-8,0
"2021-22","12552","Uncw","Carrie Gross",13,2,800,816,16,0,0,0,0
"2021-22","12552","Uncw","Sierra DaCosta",20,2,800,1100,300,4,13,-9,0
"2021-22","12552","Uncw","Micah Hoggatt",25,2,800,816,16,0,0,0,0
"2021-22","12552","Uncw","Dazia Powell",11,2,816,1035,219,3,11,-8,0
"2021-22","12552","Uncw","Micah Hoggatt",25,3,816,1281,465,11,21,-10,0
"2021-22","12552","Maryland","Katie Benzan",11,3,842,1400,558,29,14,15,0
"2021-22","12552","Uncw","Allie Best",2,2,1001,1200,199,5,12,-7,0
"2021-22","12552","Maryland","Taisiya Kozlova",14,1,1035,1200,165,8,5,3,0
"2021-22","12552","Uncw","Jayde Gamble",1,2,1035,1200,165,5,8,-3,0
"2021-22","12552","Uncw","Evan Miller",22,2,1035,1200,165,5,8,-3,0
"2021-22","12552","Maryland","Emma Chardon",21,1,1100,1200,100,6,4,2,0
"2021-22","12552","Uncw","Britany Range",0,1,1100,1181,81,2,6,-4,0
"2021-22","12552","Maryland","Shyanne Sellers",0,2,1139,1200,61,3,2,1,0
"2021-22","12552","Uncw","Dazia Powell",11,3,1181,1200,19,2,0,2,0
"2021-22","12552","Maryland","Mimi Collins",2,2,1200,1370,170,10,3,7,0
"2021-22","12552","Maryland","Angel Reese",10,3,1200,1778,578,28,21,7,0
"2021-22","12552","Maryland","Ashley Owusu",15,3,1200,1565,365,18,12,6,0
"2021-22","12552","Uncw","Mary McMillan",3,4,1200,1220,20,0,2,-2,0
"2021-22","12552","Uncw","Carrie Gross",13,3,1200,1542,342,12,16,-4,0
"2021-22","12552","Uncw","Dejah Carter",14,4,1200,1281,81,3,2,1,0
"2021-22","12552","Uncw","Sierra DaCosta",20,3,1200,1838,638,23,32,-9,0
"2021-22","12552","Uncw","Allie Best",2,3,1220,2005,785,30,37,-7,0
"2021-22","12552","Uncw","Dejah Carter",14,5,1281,1318,37,0,5,-5,0
"2021-22","12552","Uncw","Vita Stam",21,2,1281,1542,261,9,14,-5,0
"2021-22","12552","Uncw","Dazia Powell",11,4,1318,1327,9,0,2,-2,0
"2021-22","12552","Uncw","Evan Miller",22,3,1327,2005,678,27,30,-3,0
"2021-22","12552","Maryland","Shyanne Sellers",0,3,1370,2400,1030,48,41,7,0
"2021-22","12552","Maryland","Taisiya Kozlova",14,2,1400,2400,1000,48,38,10,0
"2021-22","12552","Maryland","Mimi Collins",2,3,1542,1668,126,6,7,-1,0
"2021-22","12552","Uncw","Jayde Gamble",1,3,1542,2400,858,32,42,-10,0
"2021-22","12552","Uncw","Dejah Carter",14,6,1542,2005,463,18,23,-5,0
"2021-22","12552","Maryland","Katie Benzan",11,4,1565,2400,835,40,32,8,0
"2021-22","12552","Maryland","Emma Chardon",21,2,1668,2400,732,36,25,11,0
"2021-22","12552","Maryland","Mimi Collins",2,4,1778,2005,227,11,9,2,0
"2021-22","12552","Uncw","Carrie Gross",13,4,1838,2400,562,21,26,-5,0
"2021-22","12552","Maryland","Angel Reese",10,4,2005,2062,57,5,0,5,0
"2021-22","12552","Uncw","Mary McMillan",3,5,2005,2400,395,14,19,-5,0
"2021-22","12552","Uncw","Dazia Powell",11,5,2005,2400,395,14,19,-5,0
"2021-22","12552","Uncw","Vita Stam",21,3,2005,2172,167,2,10,-8,0
"2021-22","12552","Maryland","Mimi Collins",2,5,2062,2400,338,14,14,0,0
"2021-22","12552","Uncw","Jaliya Sharp",12,2,2172,2275,103,4,4,0,0
"2021-22","12552","Uncw","Vita Stam",21,4,2275,2400,125,8,5,3,0
"2021-22","12553","Baylor","NaLyssa Smith",1,1,0,735,735,26,22,4,1
"2021-22","12553","Baylor","Jordan Lewis",3,1,0,800,800,28,25,3,1
"2021-22","12553","Baylor","Queen Egbo",4,1,0,424,424,11,11,0,1
"2021-22","12553","Baylor","Ja'Mee Asberry",21,1,0,424,424,11,11,0,1
"2021-22","12553","Baylor","Sarah Andrews",24,1,0,2040,2040,61,70,-9,1
"2021-22","12553","Maryland","Shyanne Sellers",0,1,0,1778,1778,64,55,9,1
"2021-22","12553","Maryland","Mimi Collins",2,1,0,2400,2400,79,76,3,1
"2021-22","12553","Maryland","Angel Reese",10,1,0,290,290,7,6,1,1
"2021-22","12553","Maryland","Ashley Owusu",15,1,0,871,871,27,28,-1,1
"2021-22","12553","Maryland","Chloe Bibby",55,1,0,2400,2400,79,76,3,1
"2021-22","12553","Maryland","Diamond Miller",1,1,290,508,218,6,13,-7,0
"2021-22","12553","Baylor","Jaden Owens",10,1,424,1200,776,24,31,-7,0
"2021-22","12553","Baylor","Caitlin Bickle",51,1,424,886,462,17,16,1,0
"2021-22","12553","Maryland","Angel Reese",10,2,508,735,227,9,7,2,0
"2021-22","12553","Baylor","Queen Egbo",4,2,735,1082,347,7,18,-11,0
"2021-22","12553","Maryland","Diamond Miller",1,2,735,1082,347,18,7,11,0
"2021-22","12553","Baylor","Ja'Mee Asberry",21,2,800,1082,282,5,15,-10,0
"2021-22","12553","Maryland","Taisiya Kozlova",14,1,871,918,47,2,3,-1,0
"2021-22","12553","Baylor","NaLyssa Smith",1,2,886,2400,1514,48,52,-4,0
"2021-22","12553","Maryland","Ashley Owusu",15,2,918,2400,1482,50,45,5,0
"2021-22","12553","Baylor","Jordan Lewis",3,2,1082,2400,1318,43,39,4,0
"2021-22","12553","Baylor","Caitlin Bickle",51,2,1082,1200,118,2,2,0,0
"2021-22","12553","Maryland","Taisiya Kozlova",14,2,1082,1200,118,2,2,0,0
"2021-22","12553","Baylor","Queen Egbo",4,3,1200,1481,281,7,13,-6,0
"2021-22","12553","Baylor","Ja'Mee Asberry",21,3,1200,1706,506,16,19,-3,0
"2021-22","12553","Maryland","Angel Reese",10,3,1200,1481,281,13,7,6,0
"2021-22","12553","Baylor","Caitlin Bickle",51,3,1481,2400,919,34,24,10,0
"2021-22","12553","Maryland","Diamond Miller",1,3,1481,1546,65,2,2,0,0
"2021-22","12553","Maryland","Taisiya Kozlova",14,3,1546,1800,254,7,11,-4,0
"2021-22","12553","Baylor","Jaden Owens",10,2,1706,2218,512,14,13,1,0
"2021-22","12553","Maryland","Angel Reese",10,4,1778,1834,56,0,0,0,0
"2021-22","12553","Maryland","Shyanne Sellers",0,2,1800,2400,600,15,21,-6,0
"2021-22","12553","Maryland","Taisiya Kozlova",14,4,1834,2103,269,7,8,-1,0
"2021-22","12553","Baylor","Ja'Mee Asberry",21,4,2040,2400,360,15,9,6,0
"2021-22","12553","Maryland","Angel Reese",10,5,2103,2400,297,8,13,-5,0
"2021-22","12553","Baylor","Sarah Andrews",24,2,2218,2400,182,11,5,6,0
"2021-22","12554","Maryland","Mimi Collins",2,1,0,721,721,19,17,2,1
"2021-22","12554","Maryland","Angel Reese",10,1,0,337,337,7,6,1,1
"2021-22","12554","Maryland","Katie Benzan",11,1,0,2388,2388,59,64,-5,1
"2021-22","12554","Maryland","Ashley Owusu",15,1,0,1134,1134,28,30,-2,1
"2021-22","12554","Maryland","Chloe Bibby",55,1,0,283,283,5,4,1,1
"2021-22","12554","South Carolina","Zia Cooke",1,1,0,600,600,13,13,0,1
"2021-22","12554","South Carolina","Aliyah Boston",4,1,0,570,570,11,13,-2,1
"2021-22","12554","South Carolina","Victaria Saxton",5,1,0,283,283,4,5,-1,1
"2021-22","12554","South Carolina","Brea Beal",12,1,0,337,337,6,7,-1,1
"2021-22","12554","South Carolina","Laeticia Amihere",15,1,0,570,570,11,13,-2,1
"2021-22","12554","Maryland","Shyanne Sellers",0,1,283,600,317,8,9,-1,0
"2021-22","12554","South Carolina","Kamilla Cardoso",10,1,283,600,317,9,8,1,0
"2021-22","12554","Maryland","Faith Masonius",13,1,337,449,112,6,4,2,0
"2021-22","12554","South Carolina","Saniya Rivers",44,1,337,1200,863,28,23,5,0
"2021-22","12554","Maryland","Chloe Bibby",55,2,449,792,343,6,12,-6,0
"2021-22","12554","South Carolina","Brea Beal",12,2,570,1134,564,19,15,4,0
"2021-22","12554","South Carolina","LeLe Grissett",24,1,570,792,222,11,6,5,0
"2021-22","12554","Maryland","Angel Reese",10,2,600,887,287,8,12,-4,0
"2021-22","12554","South Carolina","Aliyah Boston",4,2,600,858,258,12,8,4,0
"2021-22","12554","South Carolina","Laeticia Amihere",15,2,600,721,121,4,6,-2,0
"2021-22","12554","Maryland","Shyanne Sellers",0,2,721,792,71,0,5,-5,0
"2021-22","12554","South Carolina","Zia Cooke",1,2,721,2388,1667,47,40,7,0
"2021-22","12554","Maryland","Mimi Collins",2,2,792,907,115,2,5,-3,0
"2021-22","12554","Maryland","Faith Masonius",13,2,792,1200,408,11,12,-1,0
"2021-22","12554","South Carolina","Laeticia Amihere",15,3,792,995,203,5,4,1,0
"2021-22","12554","South Carolina","Victaria Saxton",5,2,858,995,137,2,2,0,0
"2021-22","12554","Maryland","Chloe Bibby",55,3,887,1523,636,19,22,-3,0
"2021-22","12554","Maryland","Angel Reese",10,3,907,995,88,2,0,2,0
"2021-22","12554","Maryland","Mimi Collins",2,3,995,1134,139,5,3,2,0
"2021-22","12554","South Carolina","Aliyah Boston",4,3,995,1748,753,23,23,0,0
"2021-22","12554","South Carolina","Kamilla Cardoso",10,2,995,1134,139,3,5,-2,0
"2021-22","12554","Maryland","Shyanne Sellers",0,3,1134,1200,66,2,4,-2,0
"2021-22","12554","Maryland","Angel Reese",10,4,1134,1775,641,19,20,-1,0
"2021-22","12554","South Carolina","Laeticia Amihere",15,4,1134,1671,537,18,16,2,0
"2021-22","12554","South Carolina","LeLe Grissett",24,2,1134,1200,66,4,2,2,0
"2021-22","12554","Maryland","Mimi Collins",2,4,1200,1725,525,16,16,0,0
"2021-22","12554","Maryland","Ashley Owusu",15,2,1200,1523,323,10,13,-3,0
"2021-22","12554","South Carolina","Victaria Saxton",5,3,1200,1725,525,16,16,0,0
"2021-22","12554","South Carolina","Brea Beal",12,3,1200,1775,575,16,17,-1,0
"2021-22","12554","Maryland","Shyanne Sellers",0,4,1523,1671,148,4,1,3,0
"2021-22","12554","Maryland","Faith Masonius",13,3,1523,1800,277,7,4,3,0
"2021-22","12554","Maryland","Ashley Owusu",15,3,1671,2256,585,12,12,0,0
"2021-22","12554","South Carolina","Saniya Rivers",44,2,1671,2352,681,14,15,-1,0
"2021-22","12554","Maryland","Chloe Bibby",55,4,1725,2400,675,13,16,-3,0
"2021-22","12554","South Carolina","LeLe Grissett",24,3,1725,1959,234,3,5,-2,0
"2021-22","12554","South Carolina","Laeticia Amihere",15,5,1748,1800,52,1,1,0,0
"2021-22","12554","Maryland","Shyanne Sellers",0,5,1775,1791,16,0,1,-1,0
"2021-22","12554","South Carolina","Bree Hall",23,1,1775,1879,104,3,2,1,0
"2021-22","12554","Maryland","Angel Reese",10,5,1791,1949,158,4,2,2,0
"2021-22","12554","Maryland","Mimi Collins",2,5,1800,2049,249,8,2,6,0
"2021-22","12554","South Carolina","Aliyah Boston",4,4,1800,2388,588,13,12,1,0
"2021-22","12554","South Carolina","Brea Beal",12,4,1879,1959,80,0,2,-2,0
"2021-22","12554","Maryland","Faith Masonius",13,4,1949,2256,307,5,7,-2,0
"2021-22","12554","South Carolina","Victaria Saxton",5,4,1959,2388,429,11,8,3,0
"2021-22","12554","South Carolina","Laeticia Amihere",15,6,1959,2388,429,11,8,3,0
"2021-22","12554","Maryland","Angel Reese",10,6,2049,2400,351,4,13,-9,0
"2021-22","12554","Maryland","Shyanne Sellers",0,6,2256,2368,112,3,2,1,0
"2021-22","12554","Maryland","Mimi Collins",2,6,2256,2352,96,3,1,2,0
"2021-22","12554","Maryland","Faith Masonius",13,5,2352,2375,23,0,3,-3,0
"2021-22","12554","South Carolina","Brea Beal",12,5,2352,2400,48,4,0,4,0
"2021-22","12554","Maryland","Ashley Owusu",15,4,2368,2400,32,0,4,-4,0
"2021-22","12554","Maryland","Mimi Collins",2,7,2375,2382,7,0,0,0,0
"2021-22","12554","Maryland","Faith Masonius",13,6,2382,2400,18,0,2,-2,0
"2021-22","12554","Maryland","Shyanne Sellers",0,7,2388,2400,12,0,2,-2,0
"2021-22","12554","South Carolina","Sania Feagin",20,1,2388,2400,12,2,0,2,0
"2021-22","12554","South Carolina","Bree Hall",23,2,2388,2400,12,2,0,2,0
"2021-22","12554","South Carolina","LeLe Grissett",24,4,2388,2400,12,2,0,2,0
"2021-22","12554","South Carolina","Saniya Rivers",44,3,2388,2400,12,2,0,2,0
"2021-22","12555","Coppin St.","Mossi Staples",1,1,0,325,325,5,16,-11,1
"2021-22","12555","Coppin St.","Alexandria Hamilton",2,1,0,254,254,5,9,-4,1
"2021-22","12555","Coppin St.","Aliyah Lawson",3,1,0,222,222,5,6,-1,1
"2021-22","12555","Coppin St.","Colleen Bucknor",21,1,0,325,325,5,16,-11,1
"2021-22","12555","Coppin St.","Jalynda Salley",45,1,0,176,176,3,4,-1,1
"2021-22","12555","Maryland","Mimi Collins",2,1,0,176,176,4,3,1,1
"2021-22","12555","Maryland","Angel Reese",10,1,0,254,254,9,5,4,1
"2021-22","12555","Maryland","Katie Benzan",11,1,0,176,176,4,3,1,1
"2021-22","12555","Maryland","Ashley Owusu",15,1,0,398,398,18,7,11,1
"2021-22","12555","Maryland","Chloe Bibby",55,1,0,222,222,6,5,1,1
"2021-22","12555","Coppin St.","Jewel Watkins",10,1,176,479,303,6,18,-12,0
"2021-22","12555","Maryland","Diamond Miller",1,1,176,479,303,18,6,12,0
"2021-22","12555","Maryland","Faith Masonius",13,1,176,600,424,24,10,14,0
"2021-22","12555","Coppin St.","Hope Evans",13,1,222,479,257,4,16,-12,0
"2021-22","12555","Maryland","Katie Benzan",11,2,222,543,321,20,6,14,0
"2021-22","12555","Coppin St.","Cortney Gardner",24,1,254,325,71,0,7,-7,0
"2021-22","12555","Maryland","Mimi Collins",2,2,254,438,184,9,4,5,0
"2021-22","12555","Coppin St.","Alexandria Hamilton",2,2,325,684,359,8,18,-10,0
"2021-22","12555","Coppin St.","Aliyah Lawson",3,2,325,517,192,4,10,-6,0
"2021-22","12555","Coppin St.","Jalynda Salley",45,2,325,573,248,8,12,-4,0
"2021-22","12555","Maryland","Shyanne Sellers",0,1,398,600,202,10,6,4,0
"2021-22","12555","Maryland","Angel Reese",10,2,438,1068,630,33,15,18,0
"2021-22","12555","Coppin St.","Mossi Staples",1,2,479,914,435,11,24,-13,0
"2021-22","12555","Coppin St.","Colleen Bucknor",21,2,479,600,121,4,6,-2,0
"2021-22","12555","Maryland","Chloe Bibby",55,2,479,914,435,24,11,13,0
"2021-22","12555","Coppin St.","Cortney Gardner",24,2,517,600,83,4,2,2,0
"2021-22","12555","Maryland","Ashley Owusu",15,2,543,1067,524,25,13,12,0
"2021-22","12555","Coppin St.","Khya Jenkins",23,1,573,600,27,0,0,0,0
"2021-22","12555","Coppin St.","Aliyah Lawson",3,3,600,740,140,0,9,-9,0
"2021-22","12555","Coppin St.","Jewel Watkins",10,2,600,914,314,7,18,-11,0
"2021-22","12555","Coppin St.","Jalynda Salley",45,3,600,787,187,4,9,-5,0
"2021-22","12555","Maryland","Mimi Collins",2,3,600,740,140,9,0,9,0
"2021-22","12555","Maryland","Katie Benzan",11,3,600,705,105,9,0,9,0
"2021-22","12555","Coppin St.","Colleen Bucknor",21,3,684,1535,851,16,31,-15,0
"2021-22","12555","Maryland","Diamond Miller",1,2,705,914,209,9,7,2,0
"2021-22","12555","Coppin St.","Hope Evans",13,2,740,1200,460,11,19,-8,0
"2021-22","12555","Maryland","Shyanne Sellers",0,2,740,1067,327,14,11,3,0
"2021-22","12555","Coppin St.","Aliyah Lawson",3,4,787,1111,324,7,17,-10,0
"2021-22","12555","Coppin St.","Alexandria Hamilton",2,3,914,1535,621,9,19,-10,0
"2021-22","12555","Coppin St.","Jalynda Salley",45,4,914,1367,453,7,14,-7,0
"2021-22","12555","Maryland","Faith Masonius",13,2,914,1068,154,5,4,1,0
"2021-22","12555","Maryland","Taisiya Kozlova",14,1,914,1200,286,10,4,6,0
"2021-22","12555","Maryland","Mimi Collins",2,4,1067,1800,733,27,13,14,0
"2021-22","12555","Maryland","Katie Benzan",11,4,1067,1738,671,25,9,16,0
"2021-22","12555","Maryland","Diamond Miller",1,3,1068,1200,132,5,0,5,0
"2021-22","12555","Maryland","Chloe Bibby",55,3,1068,1493,425,12,5,7,0
"2021-22","12555","Coppin St.","Mossi Staples",1,3,1111,1483,372,5,9,-4,0
"2021-22","12555","Coppin St.","Aliyah Lawson",3,5,1200,1432,232,5,7,-2,0
"2021-22","12555","Maryland","Angel Reese",10,3,1200,1493,293,7,5,2,0
"2021-22","12555","Maryland","Ashley Owusu",15,3,1200,1432,232,7,5,2,0
"2021-22","12555","Coppin St.","Jewel Watkins",10,3,1367,1738,371,6,16,-10,0
"2021-22","12555","Coppin St.","Hope Evans",13,3,1432,1535,103,0,2,-2,0
"2021-22","12555","Maryland","Diamond Miller",1,4,1432,1738,306,13,4,9,0
"2021-22","12555","Coppin St.","Cortney Gardner",24,3,1483,1738,255,4,13,-9,0
"2021-22","12555","Maryland","Shyanne Sellers",0,3,1493,2095,602,26,15,11,0
"2021-22","12555","Maryland","Faith Masonius",13,3,1493,1617,124,6,4,2,0
"2021-22","12555","Coppin St.","Mossi Staples",1,4,1535,2095,560,15,24,-9,0
"2021-22","12555","Coppin St.","Aliyah Lawson",3,6,1535,1617,82,4,4,0,0
"2021-22","12555","Coppin St.","Jalynda Salley",45,5,1535,1852,317,10,14,-4,0
"2021-22","12555","Coppin St.","Hope Evans",13,4,1617,2400,783,19,29,-10,0
"2021-22","12555","Maryland","Chloe Bibby",55,4,1617,1800,183,9,4,5,0
"2021-22","12555","Coppin St.","Aliyah Lawson",3,7,1738,1990,252,9,7,2,0
"2021-22","12555","Coppin St.","Colleen Bucknor",21,4,1738,2065,327,9,13,-4,0
"2021-22","12555","Maryland","Taisiya Kozlova",14,2,1738,2095,357,13,11,2,0
"2021-22","12555","Maryland","Ashley Owusu",15,4,1738,2195,457,15,11,4,0
"2021-22","12555","Maryland","Angel Reese",10,4,1800,2095,295,11,7,4,0
"2021-22","12555","Maryland","Faith Masonius",13,4,1800,2095,295,11,7,4,0
"2021-22","12555","Coppin St.","Jewel Watkins",10,4,1852,2400,548,13,19,-6,0
"2021-22","12555","Coppin St.","Alexandria Hamilton",2,4,1990,2195,205,2,8,-6,0
"2021-22","12555","Coppin St.","Khya Jenkins",23,2,2065,2400,335,10,9,1,0
"2021-22","12555","Coppin St.","Cortney Gardner",24,4,2095,2400,305,8,9,-1,0
"2021-22","12555","Maryland","Diamond Miller",1,5,2095,2400,305,9,8,1,0
"2021-22","12555","Maryland","Mimi Collins",2,5,2095,2400,305,9,8,1,0
"2021-22","12555","Maryland","Katie Benzan",11,5,2095,2237,142,2,2,0,0
"2021-22","12555","Maryland","Chloe Bibby",55,5,2095,2195,100,2,0,2,0
"2021-22","12555","Coppin St.","Mossi Staples",1,5,2195,2400,205,8,7,1,0
"2021-22","12555","Maryland","Faith Masonius",13,5,2195,2400,205,7,8,-1,0
"2021-22","12555","Maryland","Taisiya Kozlova",14,3,2195,2400,205,7,8,-1,0
"2021-22","12555","Maryland","Shyanne Sellers",0,4,2237,2400,163,7,6,1,0
"2021-22","12584","Maryland","Mimi Collins",2,1,0,333,333,6,11,-5,1
"2021-22","12584","Maryland","Angel Reese",10,1,0,77,77,0,2,-2,1
"2021-22","12584","Maryland","Katie Benzan",11,1,0,407,407,10,13,-3,1
"2021-22","12584","Maryland","Ashley Owusu",15,1,0,235,235,4,9,-5,1
"2021-22","12584","Maryland","Chloe Bibby",55,1,0,289,289,4,9,-5,1
"2021-22","12584","Miami (FL)","Ja'Leah Williams",12,1,0,427,427,13,10,3,1
"2021-22","12584","Miami (FL)","Kelsey Marshall",20,1,0,540,540,13,13,0,1
"2021-22","12584","Miami (FL)","Lola Pendande",21,1,0,77,77,2,0,2,1
"2021-22","12584","Miami (FL)","Karla Erjavec",25,1,0,289,289,9,4,5,1
"2021-22","12584","Miami (FL)","Naomi Mbandu",35,1,0,289,289,9,4,5,1
"2021-22","12584","Maryland","Faith Masonius",13,1,77,79,2,0,0,0,0
"2021-22","12584","Miami (FL)","Maeva Djaldi-Tabdi",33,1,77,333,256,9,6,3,0
"2021-22","12584","Maryland","Angel Reese",10,2,79,235,156,4,7,-3,0
"2021-22","12584","Maryland","Shyanne Sellers",0,1,235,990,755,26,17,9,0
"2021-22","12584","Maryland","Faith Masonius",13,2,235,567,332,11,8,3,0
"2021-22","12584","Maryland","Ashley Owusu",15,2,289,520,231,9,4,5,0
"2021-22","12584","Miami (FL)","Moulayna Johnson Sidi Baba",1,1,289,600,311,9,13,-4,0
"2021-22","12584","Miami (FL)","Mykea Gray",5,1,289,520,231,4,9,-5,0
"2021-22","12584","Maryland","Angel Reese",10,3,333,429,96,4,2,2,0
"2021-22","12584","Miami (FL)","Lola Pendande",21,2,333,427,94,2,4,-2,0
"2021-22","12584","Maryland","Chloe Bibby",55,2,407,708,301,9,5,4,0
"2021-22","12584","Miami (FL)","Lashae Dwyer",13,1,427,796,369,6,13,-7,0
"2021-22","12584","Miami (FL)","Naomi Mbandu",35,2,427,1418,991,28,34,-6,0
"2021-22","12584","Maryland","Mimi Collins",2,2,429,796,367,13,6,7,0
"2021-22","12584","Maryland","Katie Benzan",11,2,520,708,188,6,5,1,0
"2021-22","12584","Miami (FL)","Karla Erjavec",25,2,520,1539,1019,35,36,-1,0
"2021-22","12584","Miami (FL)","Ja'Leah Williams",12,2,540,796,256,6,10,-4,0
"2021-22","12584","Maryland","Ashley Owusu",15,3,567,2400,1833,67,57,10,0
"2021-22","12584","Miami (FL)","Maeva Djaldi-Tabdi",33,2,600,796,196,1,6,-5,0
"2021-22","12584","Maryland","Angel Reese",10,4,708,1301,593,21,21,0,0
"2021-22","12584","Maryland","Faith Masonius",13,3,708,1200,492,17,18,-1,0
"2021-22","12584","Maryland","Chloe Bibby",55,3,796,1056,260,8,12,-4,0
"2021-22","12584","Miami (FL)","Jasmyne Roberts",4,1,796,1171,375,17,12,5,0
"2021-22","12584","Miami (FL)","Kelsey Marshall",20,2,796,1686,890,36,32,4,0
"2021-22","12584","Miami (FL)","Lola Pendande",21,3,796,1056,260,12,8,4,0
"2021-22","12584","Maryland","Mimi Collins",2,3,990,1328,338,12,13,-1,0
"2021-22","12584","Maryland","Katie Benzan",11,3,1056,1941,885,31,32,-1,0
"2021-22","12584","Miami (FL)","Maeva Djaldi-Tabdi",33,3,1056,1072,16,0,2,-2,0
"2021-22","12584","Miami (FL)","Lola Pendande",21,4,1072,1334,262,8,9,-1,0
"2021-22","12584","Miami (FL)","Mykea Gray",5,2,1171,1200,29,0,1,-1,0
"2021-22","12584","Maryland","Chloe Bibby",55,4,1200,1328,128,6,3,3,0
"2021-22","12584","Miami (FL)","Ja'Leah Williams",12,3,1200,1733,533,21,19,2,0
"2021-22","12584","Maryland","Faith Masonius",13,4,1301,1517,216,9,9,0,0
"2021-22","12584","Maryland","Mimi Collins",2,4,1328,1470,142,3,6,-3,0
"2021-22","12584","Maryland","Angel Reese",10,5,1328,1424,96,3,2,1,0
"2021-22","12584","Miami (FL)","Maeva Djaldi-Tabdi",33,4,1334,1470,136,6,5,1,0
"2021-22","12584","Miami (FL)","Moulayna Johnson Sidi Baba",1,2,1418,1824,406,19,17,2,0
"2021-22","12584","Maryland","Chloe Bibby",55,5,1424,1600,176,6,10,-4,0
"2021-22","12584","Maryland","Angel Reese",10,6,1470,2400,930,37,29,8,0
"2021-22","12584","Miami (FL)","Lola Pendande",21,5,1470,1517,47,3,2,1,0
"2021-22","12584","Maryland","Shyanne Sellers",0,2,1517,1744,227,6,9,-3,0
"2021-22","12584","Miami (FL)","Naomi Mbandu",35,3,1517,1620,103,5,2,3,0
"2021-22","12584","Miami (FL)","Lashae Dwyer",13,2,1539,2263,724,22,22,0,0
"2021-22","12584","Maryland","Faith Masonius",13,5,1600,2357,757,28,23,5,0
"2021-22","12584","Miami (FL)","Lola Pendande",21,6,1620,1783,163,7,6,1,0
"2021-22","12584","Miami (FL)","Karla Erjavec",25,3,1686,1744,58,2,0,2,0
"2021-22","12584","Miami (FL)","Kelsey Marshall",20,3,1733,1741,8,0,0,0,0
"2021-22","12584","Miami (FL)","Ja'Leah Williams",12,4,1741,2010,269,8,9,-1,0
"2021-22","12584","Maryland","Mimi Collins",2,5,1744,2357,613,24,17,7,0
"2021-22","12584","Miami (FL)","Kelsey Marshall",20,4,1744,2400,656,17,27,-10,0
"2021-22","12584","Miami (FL)","Chiso Okafor",22,1,1783,1800,17,0,2,-2,0
"2021-22","12584","Miami (FL)","Maeva Djaldi-Tabdi",33,5,1800,2123,323,7,8,-1,0
"2021-22","12584","Miami (FL)","Karla Erjavec",25,4,1824,2324,500,12,16,-4,0
"2021-22","12584","Maryland","Chloe Bibby",55,6,1941,2123,182,5,4,1,0
"2021-22","12584","Miami (FL)","Naomi Mbandu",35,4,2010,2300,290,7,10,-3,0
"2021-22","12584","Maryland","Katie Benzan",11,4,2123,2400,277,15,7,8,0
"2021-22","12584","Miami (FL)","Lola Pendande",21,7,2123,2263,140,3,4,-1,0
"2021-22","12584","Miami (FL)","Ja'Leah Williams",12,5,2263,2400,137,4,11,-7,0
"2021-22","12584","Miami (FL)","Maeva Djaldi-Tabdi",33,6,2263,2379,116,4,9,-5,0
"2021-22","12584","Miami (FL)","Lola Pendande",21,8,2300,2400,100,2,8,-6,0
"2021-22","12584","Miami (FL)","Lashae Dwyer",13,3,2324,2349,25,2,2,0,0
"2021-22","12584","Miami (FL)","Karla Erjavec",25,5,2349,2400,51,0,3,-3,0
"2021-22","12584","Maryland","Faith Masonius",13,6,2357,2400,43,3,0,3,0
"2021-22","12584","Maryland","Chloe Bibby",55,7,2357,2364,7,0,0,0,0
"2021-22","12584","Maryland","Mimi Collins",2,6,2364,2379,15,1,0,1,0
"2021-22","12584","Maryland","Chloe Bibby",55,8,2379,2380,1,0,0,0,0
"2021-22","12584","Miami (FL)","Lashae Dwyer",13,4,2379,2400,21,0,2,-2,0
"2021-22","12584","Maryland","Mimi Collins",2,7,2380,2400,20,2,0,2,0
"2021-22","12647","Maryland","Mimi Collins",2,1,0,441,441,16,12,4,1
"2021-22","12647","Maryland","Angel Reese",10,1,0,105,105,6,4,2,1
"2021-22","12647","Maryland","Katie Benzan",11,1,0,512,512,16,14,2,1
"2021-22","12647","Maryland","Ashley Owusu",15,1,0,199,199,8,4,4,1
"2021-22","12647","Maryland","Chloe Bibby",55,1,0,344,344,12,6,6,1
"2021-22","12647","Rutgers","Lasha Petree",0,1,0,482,482,14,16,-2,1
"2021-22","12647","Rutgers","Shug Dickson",3,1,0,268,268,6,8,-2,1
"2021-22","12647","Rutgers","Jailyn Mason",14,1,0,76,76,2,6,-4,1
"2021-22","12647","Rutgers","Tyia Singleton",22,1,0,199,199,4,8,-4,1
"2021-22","12647","Rutgers","Osh Brown",32,1,0,344,344,6,12,-6,1
"2021-22","12647","Rutgers","Sayawni Lassiter",35,1,76,344,268,4,6,-2,0
"2021-22","12647","Maryland","Faith Masonius",13,1,105,512,407,10,10,0,0
"2021-22","12647","Maryland","Shyanne Sellers",0,1,199,441,242,8,8,0,0
"2021-22","12647","Rutgers","Sakima Walker",12,1,199,689,490,12,14,-2,0
"2021-22","12647","Rutgers","Jailyn Mason",14,2,268,512,244,8,8,0,0
"2021-22","12647","Maryland","Angel Reese",10,2,344,600,256,6,10,-4,0
"2021-22","12647","Rutgers","Shug Dickson",3,2,344,1056,712,15,22,-7,0
"2021-22","12647","Rutgers","Tyia Singleton",22,2,344,553,209,8,6,2,0
"2021-22","12647","Maryland","Ashley Owusu",15,2,441,758,317,10,7,3,0
"2021-22","12647","Maryland","Chloe Bibby",55,2,441,2400,1959,57,47,10,0
"2021-22","12647","Rutgers","Osh Brown",32,2,482,820,338,5,11,-6,0
"2021-22","12647","Maryland","Shyanne Sellers",0,2,512,693,181,6,2,4,0
"2021-22","12647","Maryland","Mimi Collins",2,2,512,693,181,6,2,4,0
"2021-22","12647","Rutgers","Victoria Morris",5,1,512,725,213,2,10,-8,0
"2021-22","12647","Rutgers","Awa Sidibe",15,1,553,725,172,2,8,-6,0
"2021-22","12647","Maryland","Katie Benzan",11,2,600,2011,1411,40,36,4,0
"2021-22","12647","Rutgers","Tyia Singleton",22,3,689,911,222,5,5,0,0
"2021-22","12647","Maryland","Angel Reese",10,3,693,911,218,5,5,0,0
"2021-22","12647","Maryland","Faith Masonius",13,2,693,1056,363,12,5,7,0
"2021-22","12647","Rutgers","Lasha Petree",0,2,725,1056,331,5,8,-3,0
"2021-22","12647","Rutgers","Kierra Sanderlin",24,1,725,1056,331,5,8,-3,0
"2021-22","12647","Maryland","Mimi Collins",2,3,758,958,200,4,2,2,0
"2021-22","12647","Rutgers","Destiny Marshall",1,1,820,1144,324,4,11,-7,0
"2021-22","12647","Maryland","Ashley Owusu",15,3,911,1509,598,19,14,5,0
"2021-22","12647","Rutgers","Chyna Cornwell",54,1,911,1056,145,0,7,-7,0
"2021-22","12647","Maryland","Angel Reese",10,4,958,1056,98,4,0,4,0
"2021-22","12647","Maryland","Shyanne Sellers",0,3,1056,1200,144,4,2,2,0
"2021-22","12647","Maryland","Mimi Collins",2,4,1056,1122,66,1,2,-1,0
"2021-22","12647","Rutgers","Sakima Walker",12,2,1056,1200,144,2,4,-2,0
"2021-22","12647","Rutgers","Jailyn Mason",14,3,1056,2400,1344,38,39,-1,0
"2021-22","12647","Rutgers","Tyia Singleton",22,4,1056,2140,1084,31,28,3,0
"2021-22","12647","Rutgers","Sayawni Lassiter",35,2,1056,1200,144,2,4,-2,0
"2021-22","12647","Maryland","Angel Reese",10,5,1122,1159,37,3,0,3,0
"2021-22","12647","Rutgers","Liz Martino",2,1,1144,1200,56,0,0,0,0
"2021-22","12647","Maryland","Faith Masonius",13,3,1159,1200,41,0,0,0,0
"2021-22","12647","Maryland","Mimi Collins",2,5,1200,1800,600,14,21,-7,0
"2021-22","12647","Maryland","Angel Reese",10,6,1200,1391,191,3,9,-6,0
"2021-22","12647","Rutgers","Lasha Petree",0,3,1200,1710,510,19,14,5,0
"2021-22","12647","Rutgers","Shug Dickson",3,3,1200,1509,309,12,8,4,0
"2021-22","12647","Rutgers","Osh Brown",32,3,1200,2013,813,29,20,9,0
"2021-22","12647","Maryland","Faith Masonius",13,4,1391,1866,475,11,12,-1,0
"2021-22","12647","Maryland","Shyanne Sellers",0,4,1509,1570,61,0,2,-2,0
"2021-22","12647","Rutgers","Sayawni Lassiter",35,3,1509,2310,801,21,23,-2,0
"2021-22","12647","Maryland","Angel Reese",10,7,1570,1648,78,4,4,0,0
"2021-22","12647","Maryland","Ashley Owusu",15,4,1648,2326,678,19,15,4,0
"2021-22","12647","Rutgers","Shug Dickson",3,4,1710,2326,616,16,17,-1,0
"2021-22","12647","Maryland","Angel Reese",10,8,1800,1925,125,4,4,0,0
"2021-22","12647","Maryland","Mimi Collins",2,6,1866,2246,380,15,11,4,0
"2021-22","12647","Maryland","Shyanne Sellers",0,5,1925,2212,287,9,7,2,0
"2021-22","12647","Maryland","Faith Masonius",13,5,2011,2140,129,4,0,4,0
"2021-22","12647","Rutgers","Lasha Petree",0,4,2013,2232,219,3,9,-6,0
"2021-22","12647","Maryland","Angel Reese",10,9,2140,2400,260,11,7,4,0
"2021-22","12647","Rutgers","Osh Brown",32,4,2140,2310,170,4,7,-3,0
"2021-22","12647","Maryland","Katie Benzan",11,3,2212,2400,188,8,4,4,0
"2021-22","12647","Rutgers","Tyia Singleton",22,5,2232,2400,168,4,6,-2,0
"2021-22","12647","Maryland","Faith Masonius",13,6,2246,2400,154,6,4,2,0
"2021-22","12647","Rutgers","Destiny Marshall",1,2,2310,2339,29,2,2,0,0
"2021-22","12647","Rutgers","Kierra Sanderlin",24,2,2310,2400,90,3,4,-1,0
"2021-22","12647","Maryland","Shyanne Sellers",0,6,2326,2400,74,4,3,1,0
"2021-22","12647","Rutgers","Erica Lafayette",10,1,2326,2339,13,0,2,-2,0
"2021-22","12647","Rutgers","Shug Dickson",3,5,2339,2350,11,0,0,0,0
"2021-22","12647","Rutgers","Osh Brown",32,5,2339,2350,11,0,0,0,0
"2021-22","12647","Rutgers","Destiny Marshall",1,3,2350,2400,50,1,2,-1,0
"2021-22","12647","Rutgers","Erica Lafayette",10,2,2350,2400,50,1,2,-1,0
"2021-22","12648","Maryland","Mimi Collins",2,1,0,319,319,13,12,1,1
"2021-22","12648","Maryland","Angel Reese",10,1,0,319,319,13,12,1,1
"2021-22","12648","Maryland","Katie Benzan",11,1,0,1648,1648,55,47,8,1
"2021-22","12648","Maryland","Ashley Owusu",15,1,0,503,503,15,19,-4,1
"2021-22","12648","Maryland","Chloe Bibby",55,1,0,600,600,21,22,-1,1
"2021-22","12648","Purdue","Jayla Smith",3,1,0,319,319,12,13,-1,1
"2021-22","12648","Purdue","Cassidy Hardin",5,1,0,957,957,29,31,-2,1
"2021-22","12648","Purdue","Jeanae Terry",10,1,0,319,319,12,13,-1,1
"2021-22","12648","Purdue","Abbey Ellis",23,1,0,503,503,19,15,4,1
"2021-22","12648","Purdue","Rickie Woltman",35,1,0,319,319,12,13,-1,1
"2021-22","12648","Maryland","Shyanne Sellers",0,1,319,420,101,2,5,-3,0
"2021-22","12648","Maryland","Faith Masonius",13,1,319,636,317,8,13,-5,0
"2021-22","12648","Purdue","Brooke Moore",0,1,319,711,392,13,11,2,0
"2021-22","12648","Purdue","Rokia Doumbia",2,1,319,711,392,13,11,2,0
"2021-22","12648","Purdue","Nyagoa Gony",30,1,319,503,184,7,2,5,0
"2021-22","12648","Maryland","Angel Reese",10,2,420,600,180,6,5,1,0
"2021-22","12648","Maryland","Shyanne Sellers",0,2,503,1200,697,21,21,0,0
"2021-22","12648","Purdue","Jeanae Terry",10,2,503,918,415,10,14,-4,0
"2021-22","12648","Purdue","Rickie Woltman",35,2,503,1034,531,15,17,-2,0
"2021-22","12648","Maryland","Mimi Collins",2,2,600,636,36,0,3,-3,0
"2021-22","12648","Maryland","Ashley Owusu",15,2,600,855,255,5,7,-2,0
"2021-22","12648","Maryland","Angel Reese",10,3,636,711,75,3,0,3,0
"2021-22","12648","Maryland","Chloe Bibby",55,2,636,918,282,8,4,4,0
"2021-22","12648","Maryland","Mimi Collins",2,3,711,790,79,2,2,0,0
"2021-22","12648","Purdue","Jayla Smith",3,2,711,918,207,4,5,-1,0
"2021-22","12648","Purdue","Abbey Ellis",23,2,711,1648,937,22,31,-9,0
"2021-22","12648","Maryland","Angel Reese",10,4,790,1034,244,6,7,-1,0
"2021-22","12648","Maryland","Faith Masonius",13,2,855,1200,345,10,11,-1,0
"2021-22","12648","Maryland","Ashley Owusu",15,3,918,1515,597,20,16,4,0
"2021-22","12648","Purdue","Brooke Moore",0,2,918,1200,282,11,7,4,0
"2021-22","12648","Purdue","Rokia Doumbia",2,2,918,1200,282,11,7,4,0
"2021-22","12648","Purdue","Jeanae Terry",10,3,957,2400,1443,42,55,-13,0
"2021-22","12648","Maryland","Mimi Collins",2,4,1034,1608,574,19,13,6,0
"2021-22","12648","Purdue","Nyagoa Gony",30,2,1034,1101,67,3,2,1,0
"2021-22","12648","Purdue","Cassidy Hardin",5,2,1101,2400,1299,34,52,-18,0
"2021-22","12648","Maryland","Angel Reese",10,5,1200,1515,315,13,5,8,0
"2021-22","12648","Maryland","Chloe Bibby",55,3,1200,1795,595,21,13,8,0
"2021-22","12648","Purdue","Jayla Smith",3,3,1200,1515,315,5,13,-8,0
"2021-22","12648","Purdue","Rickie Woltman",35,3,1200,1264,64,0,0,0,0
"2021-22","12648","Purdue","Nyagoa Gony",30,3,1264,1390,126,0,7,-7,0
"2021-22","12648","Purdue","Rokia Doumbia",2,3,1390,1648,258,7,12,-5,0
"2021-22","12648","Maryland","Shyanne Sellers",0,3,1515,1786,271,8,8,0,0
"2021-22","12648","Maryland","Faith Masonius",13,3,1515,1800,285,10,8,2,0
"2021-22","12648","Purdue","Brooke Moore",0,3,1515,2096,581,14,21,-7,0
"2021-22","12648","Maryland","Angel Reese",10,6,1608,2090,482,19,12,7,0
"2021-22","12648","Maryland","Ashley Owusu",15,4,1648,2400,752,31,24,7,0
"2021-22","12648","Purdue","Jayla Smith",3,4,1648,1649,1,0,0,0,0
"2021-22","12648","Purdue","Rickie Woltman",35,4,1648,1734,86,6,0,6,0
"2021-22","12648","Purdue","Abbey Ellis",23,3,1649,1734,85,6,0,6,0
"2021-22","12648","Purdue","Jayla Smith",3,5,1734,1800,66,0,4,-4,0
"2021-22","12648","Purdue","Nyagoa Gony",30,4,1734,1800,66,0,4,-4,0
"2021-22","12648","Maryland","Katie Benzan",11,2,1786,2355,569,29,16,13,0
"2021-22","12648","Maryland","Mimi Collins",2,5,1795,2400,605,29,18,11,0
"2021-22","12648","Maryland","Chloe Bibby",55,4,1800,2400,600,27,18,9,0
"2021-22","12648","Purdue","Abbey Ellis",23,4,1800,2400,600,18,27,-9,0
"2021-22","12648","Purdue","Rickie Woltman",35,5,1800,1976,176,4,6,-2,0
"2021-22","12648","Purdue","Rokia Doumbia",2,4,1976,2400,424,14,21,-7,0
"2021-22","12648","Maryland","Faith Masonius",13,4,2090,2400,310,16,12,4,0
"2021-22","12648","Purdue","Jayla Smith",3,6,2096,2400,304,12,16,-4,0
"2021-22","12648","Maryland","Shyanne Sellers",0,4,2355,2400,45,0,2,-2,0
"2021-22","12650","Indiana","Nicole Cardano-Hillary",4,1,0,568,568,12,17,-5,1
"2021-22","12650","Indiana","Aleksa Gulbe",10,1,0,248,248,4,7,-3,1
"2021-22","12650","Indiana","Ali Patberg",14,1,0,2700,2700,70,63,7,1
"2021-22","12650","Indiana","Grace Berger",34,1,0,2700,2700,70,63,7,1
"2021-22","12650","Indiana","Mackenzie Holmes",54,1,0,462,462,10,13,-3,1
"2021-22","12650","Maryland","Mimi Collins",2,1,0,248,248,7,4,3,1
"2021-22","12650","Maryland","Angel Reese",10,1,0,248,248,7,4,3,1
"2021-22","12650","Maryland","Katie Benzan",11,1,0,568,568,17,12,5,1
"2021-22","12650","Maryland","Ashley Owusu",15,1,0,425,425,11,10,1,1
"2021-22","12650","Maryland","Chloe Bibby",55,1,0,323,323,11,8,3,1
"2021-22","12650","Indiana","Kiandra Browne",23,1,248,323,75,4,2,2,0
"2021-22","12650","Maryland","Diamond Miller",1,1,248,568,320,10,8,2,0
"2021-22","12650","Maryland","Faith Masonius",13,1,248,462,214,6,6,0,0
"2021-22","12650","Indiana","Aleksa Gulbe",10,2,323,835,512,14,14,0,0
"2021-22","12650","Maryland","Angel Reese",10,2,323,581,258,6,4,2,0
"2021-22","12650","Maryland","Shyanne Sellers",0,1,425,600,175,6,4,2,0
"2021-22","12650","Indiana","Kiandra Browne",23,2,462,568,106,2,4,-2,0
"2021-22","12650","Maryland","Chloe Bibby",55,2,462,710,248,6,6,0,0
"2021-22","12650","Indiana","Grace Waggoner",3,1,568,581,13,0,0,0,0
"2021-22","12650","Indiana","Mackenzie Holmes",54,2,568,916,348,15,8,7,0
"2021-22","12650","Maryland","Faith Masonius",13,2,568,710,142,2,4,-2,0
"2021-22","12650","Maryland","Ashley Owusu",15,2,568,742,174,2,7,-5,0
"2021-22","12650","Indiana","Nicole Cardano-Hillary",4,2,581,1121,540,21,10,11,0
"2021-22","12650","Maryland","Mimi Collins",2,2,581,977,396,10,15,-5,0
"2021-22","12650","Maryland","Katie Benzan",11,2,600,977,377,10,13,-3,0
"2021-22","12650","Maryland","Diamond Miller",1,2,710,1032,322,8,15,-7,0
"2021-22","12650","Maryland","Angel Reese",10,3,710,977,267,8,11,-3,0
"2021-22","12650","Maryland","Shyanne Sellers",0,2,742,1200,458,10,14,-4,0
"2021-22","12650","Indiana","Kiandra Browne",23,3,835,977,142,5,4,1,0
"2021-22","12650","Indiana","Aleksa Gulbe",10,3,916,1761,845,15,18,-3,0
"2021-22","12650","Indiana","Mackenzie Holmes",54,3,977,1417,440,12,7,5,0
"2021-22","12650","Maryland","Faith Masonius",13,3,977,1032,55,0,4,-4,0
"2021-22","12650","Maryland","Ashley Owusu",15,3,977,1666,689,13,15,-2,0
"2021-22","12650","Maryland","Chloe Bibby",55,3,977,1032,55,0,4,-4,0
"2021-22","12650","Maryland","Mimi Collins",2,3,1032,1116,84,0,0,0,0
"2021-22","12650","Maryland","Angel Reese",10,4,1032,1116,84,0,0,0,0
"2021-22","12650","Maryland","Katie Benzan",11,3,1032,1534,502,9,8,1,0
"2021-22","12650","Maryland","Faith Masonius",13,4,1116,1200,84,2,2,0,0
"2021-22","12650","Maryland","Chloe Bibby",55,4,1116,1417,301,7,8,-1,0
"2021-22","12650","Indiana","Grace Waggoner",3,2,1121,1200,79,0,2,-2,0
"2021-22","12650","Indiana","Nicole Cardano-Hillary",4,3,1200,2700,1500,37,34,3,0
"2021-22","12650","Maryland","Diamond Miller",1,3,1200,1417,217,5,6,-1,0
"2021-22","12650","Maryland","Angel Reese",10,5,1200,1417,217,5,6,-1,0
"2021-22","12650","Indiana","Kiandra Browne",23,4,1417,1482,65,0,2,-2,0
"2021-22","12650","Maryland","Shyanne Sellers",0,3,1417,1584,167,4,0,4,0
"2021-22","12650","Maryland","Mimi Collins",2,4,1417,1828,411,11,8,3,0
"2021-22","12650","Maryland","Faith Masonius",13,5,1417,1482,65,2,0,2,0
"2021-22","12650","Indiana","Mackenzie Holmes",54,4,1482,2700,1218,31,27,4,0
"2021-22","12650","Maryland","Angel Reese",10,6,1482,1784,302,9,5,4,0
"2021-22","12650","Maryland","Diamond Miller",1,4,1534,2059,525,11,13,-2,0
"2021-22","12650","Maryland","Katie Benzan",11,4,1584,1886,302,7,13,-6,0
"2021-22","12650","Maryland","Chloe Bibby",55,5,1666,2381,715,21,19,2,0
"2021-22","12650","Indiana","Kiandra Browne",23,5,1761,1784,23,2,2,0,0
"2021-22","12650","Indiana","Aleksa Gulbe",10,4,1784,2700,916,26,18,8,0
"2021-22","12650","Maryland","Shyanne Sellers",0,4,1784,2173,389,5,14,-9,0
"2021-22","12650","Maryland","Angel Reese",10,7,1828,2173,345,5,11,-6,0
"2021-22","12650","Maryland","Ashley Owusu",15,4,1886,2700,814,18,18,0,0
"2021-22","12650","Maryland","Katie Benzan",11,5,2059,2700,641,16,18,-2,0
"2021-22","12650","Maryland","Diamond Miller",1,5,2173,2700,527,13,12,1,0
"2021-22","12650","Maryland","Mimi Collins",2,5,2173,2272,99,4,2,2,0
"2021-22","12650","Maryland","Angel Reese",10,8,2272,2539,267,7,3,4,0
"2021-22","12650","Maryland","Mimi Collins",2,6,2381,2400,19,0,0,0,0
"2021-22","12650","Maryland","Chloe Bibby",55,6,2400,2590,190,1,4,-3,0
"2021-22","12650","Maryland","Mimi Collins",2,7,2539,2603,64,2,2,0,0
"2021-22","12650","Maryland","Angel Reese",10,9,2590,2678,88,1,2,-1,0
"2021-22","12650","Maryland","Chloe Bibby",55,7,2603,2700,97,0,5,-5,0
"2021-22","12650","Maryland","Mimi Collins",2,8,2678,2700,22,0,3,-3,0
"2021-22","12651","Maryland","Angel Reese",10,1,0,300,300,12,5,7,1
"2021-22","12651","Maryland","Katie Benzan",11,1,0,383,383,12,7,5,1
"2021-22","12651","Maryland","Ashley Owusu",15,1,0,186,186,8,2,6,1
"2021-22","12651","Maryland","Diamond Miller",30,1,0,300,300,12,5,7,1
"2021-22","12651","Maryland","Chloe Bibby",55,1,0,383,383,12,7,5,1
"2021-22","12651","Penn St.","Leilani Kapinus",5,1,0,300,300,5,12,-7,1
"2021-22","12651","Penn St.","Anna Camden",11,1,0,167,167,2,6,-4,1
"2021-22","12651","Penn St.","Makenna Marisa",20,1,0,500,500,7,20,-13,1
"2021-22","12651","Penn St.","Shay Hagans",23,1,0,300,300,5,12,-7,1
"2021-22","12651","Penn St.","Kelly Jekot",25,1,0,167,167,2,6,-4,1
"2021-22","12651","Penn St.","Niya Beverley",4,1,167,685,518,14,22,-8,0
"2021-22","12651","Penn St.","Maddie Burke",15,1,167,500,333,5,14,-9,0
"2021-22","12651","Maryland","Shyanne Sellers",0,1,186,500,314,12,5,7,0
"2021-22","12651","Maryland","Mimi Collins",2,1,300,600,300,14,6,8,0
"2021-22","12651","Maryland","Ashley Owusu",15,2,300,600,300,14,6,8,0
"2021-22","12651","Penn St.","Tova Sabel",10,1,300,383,83,2,0,2,0
"2021-22","12651","Penn St.","Anna Camden",11,2,300,562,262,4,12,-8,0
"2021-22","12651","Maryland","Angel Reese",10,2,383,685,302,16,9,7,0
"2021-22","12651","Maryland","Diamond Miller",30,2,383,600,217,14,4,10,0
"2021-22","12651","Penn St.","Kelly Jekot",25,2,383,925,542,15,27,-12,0
"2021-22","12651","Maryland","Katie Benzan",11,2,500,791,291,12,11,1,0
"2021-22","12651","Penn St.","Leilani Kapinus",5,2,500,710,210,9,10,-1,0
"2021-22","12651","Penn St.","Shay Hagans",23,2,500,562,62,2,4,-2,0
"2021-22","12651","Penn St.","Kayla Thomas",12,1,562,925,363,13,15,-2,0
"2021-22","12651","Penn St.","Makenna Marisa",20,2,562,791,229,9,8,1,0
"2021-22","12651","Maryland","Shyanne Sellers",0,2,600,994,394,15,11,4,0
"2021-22","12651","Maryland","Ashley Owusu",15,3,600,1341,741,32,26,6,0
"2021-22","12651","Maryland","Chloe Bibby",55,2,600,925,325,13,11,2,0
"2021-22","12651","Maryland","Mimi Collins",2,2,685,1200,515,25,12,13,0
"2021-22","12651","Penn St.","Maddie Burke",15,2,685,925,240,6,11,-5,0
"2021-22","12651","Penn St.","Shay Hagans",23,3,710,925,215,6,9,-3,0
"2021-22","12651","Maryland","Diamond Miller",30,3,791,925,134,7,4,3,0
"2021-22","12651","Penn St.","Niya Beverley",4,2,791,1200,409,10,21,-11,0
"2021-22","12651","Maryland","Angel Reese",10,3,925,1341,416,19,15,4,0
"2021-22","12651","Maryland","Katie Benzan",11,3,925,1614,689,35,22,13,0
"2021-22","12651","Penn St.","Leilani Kapinus",5,3,925,1415,490,16,24,-8,0
"2021-22","12651","Penn St.","Tova Sabel",10,2,925,1200,275,6,14,-8,0
"2021-22","12651","Penn St.","Anna Camden",11,3,925,1482,557,22,26,-4,0
"2021-22","12651","Penn St.","Makenna Marisa",20,3,925,1063,138,0,5,-5,0
"2021-22","12651","Maryland","Diamond Miller",30,4,994,1272,278,15,10,5,0
"2021-22","12651","Penn St.","Shay Hagans",23,4,1063,1290,227,10,14,-4,0
"2021-22","12651","Maryland","Chloe Bibby",55,3,1200,1482,282,12,16,-4,0
"2021-22","12651","Penn St.","Makenna Marisa",20,4,1200,2323,1123,42,51,-9,0
"2021-22","12651","Penn St.","Kelly Jekot",25,3,1200,1415,215,10,10,0,0
"2021-22","12651","Maryland","Shyanne Sellers",0,3,1272,1482,210,9,12,-3,0
"2021-22","12651","Penn St.","Niya Beverley",4,3,1290,1502,212,12,9,3,0
"2021-22","12651","Maryland","Mimi Collins",2,3,1341,2400,1059,48,41,7,0
"2021-22","12651","Maryland","Diamond Miller",30,5,1341,1719,378,21,11,10,0
"2021-22","12651","Penn St.","Tova Sabel",10,3,1415,1614,199,6,11,-5,0
"2021-22","12651","Penn St.","Maddie Burke",15,3,1415,1614,199,6,11,-5,0
"2021-22","12651","Maryland","Angel Reese",10,4,1482,1614,132,9,0,9,0
"2021-22","12651","Maryland","Ashley Owusu",15,4,1482,1719,237,14,4,10,0
"2021-22","12651","Penn St.","Kayla Thomas",12,2,1482,1614,132,0,9,-9,0
"2021-22","12651","Penn St.","Shay Hagans",23,5,1502,1614,112,0,7,-7,0
"2021-22","12651","Maryland","Shyanne Sellers",0,4,1614,1777,163,7,6,1,0
"2021-22","12651","Maryland","Chloe Bibby",55,4,1614,1800,186,7,6,1,0
"2021-22","12651","Penn St.","Niya Beverley",4,4,1614,2005,391,14,16,-2,0
"2021-22","12651","Penn St.","Leilani Kapinus",5,4,1614,2168,554,20,23,-3,0
"2021-22","12651","Penn St.","Anna Camden",11,4,1614,1800,186,6,7,-1,0
"2021-22","12651","Penn St.","Kelly Jekot",25,4,1614,2005,391,14,16,-2,0
"2021-22","12651","Maryland","Katie Benzan",11,4,1719,2005,286,11,10,1,0
"2021-22","12651","Maryland","Taisiya Kozlova",14,1,1719,2400,681,27,30,-3,0
"2021-22","12651","Maryland","Diamond Miller",30,6,1777,1800,23,0,0,0,0
"2021-22","12651","Maryland","Shyanne Sellers",0,5,1800,2400,600,25,28,-3,0
"2021-22","12651","Maryland","Angel Reese",10,5,1800,2005,205,9,8,1,0
"2021-22","12651","Penn St.","Kayla Thomas",12,3,1800,2005,205,8,9,-1,0
"2021-22","12651","Maryland","Emma Chardon",21,1,2005,2400,395,16,20,-4,0
"2021-22","12651","Maryland","Diamond Miller",30,7,2005,2400,395,16,20,-4,0
"2021-22","12651","Penn St.","Anna Camden",11,5,2005,2168,163,6,7,-1,0
"2021-22","12651","Penn St.","Maddie Burke",15,4,2005,2168,163,6,7,-1,0
"2021-22","12651","Penn St.","Shay Hagans",23,6,2005,2400,395,20,16,4,0
"2021-22","12651","Penn St.","Tova Sabel",10,4,2168,2400,232,14,9,5,0
"2021-22","12651","Penn St.","Kayla Thomas",12,4,2168,2400,232,14,9,5,0
"2021-22","12651","Penn St.","Maddie Burke",15,5,2168,2400,232,14,9,5,0
"2021-22","12651","Penn St.","Leilani Kapinus",5,5,2323,2400,77,8,2,6,0
"2021-22","12652","Maryland","Diamond Miller",1,1,0,441,441,21,14,7,1
"2021-22","12652","Maryland","Angel Reese",10,1,0,329,329,14,12,2,1
"2021-22","12652","Maryland","Katie Benzan",11,1,0,598,598,24,14,10,1
"2021-22","12652","Maryland","Ashley Owusu",15,1,0,329,329,14,12,2,1
"2021-22","12652","Maryland","Chloe Bibby",55,1,0,178,178,9,7,2,1
"2021-22","12652","Minnesota","Deja Winters",3,1,0,329,329,12,14,-2,1
"2021-22","12652","Minnesota","Gadiva Hubbard",13,1,0,178,178,7,9,-2,1
"2021-22","12652","Minnesota","Sara Scalia",14,1,0,441,441,14,21,-7,1
"2021-22","12652","Minnesota","Kadiatou Sissoko",30,1,0,329,329,12,14,-2,1
"2021-22","12652","Minnesota","Alanna Micheaux",54,1,0,178,178,7,9,-2,1
"2021-22","12652","Maryland","Mimi Collins",2,1,178,702,524,15,10,5,0
"2021-22","12652","Minnesota","Alexia Smith",1,1,178,1200,1022,29,32,-3,0
"2021-22","12652","Minnesota","Bailey Helgren",35,1,178,329,151,5,5,0,0
"2021-22","12652","Maryland","Shyanne Sellers",0,1,329,702,373,10,5,5,0
"2021-22","12652","Maryland","Chloe Bibby",55,2,329,600,271,10,2,8,0
"2021-22","12652","Minnesota","Gadiva Hubbard",13,2,329,474,145,2,7,-5,0
"2021-22","12652","Minnesota","Kayla Mershon",15,1,329,441,112,2,7,-5,0
"2021-22","12652","Minnesota","Alanna Micheaux",54,2,329,600,271,2,10,-8,0
"2021-22","12652","Maryland","Ashley Owusu",15,2,441,1977,1536,52,48,4,0
"2021-22","12652","Minnesota","Deja Winters",3,2,441,919,478,14,14,0,0
"2021-22","12652","Minnesota","Kadiatou Sissoko",30,2,441,870,429,12,11,1,0
"2021-22","12652","Minnesota","Sara Scalia",14,2,474,1913,1439,46,50,-4,0
"2021-22","12652","Maryland","Diamond Miller",1,2,598,870,272,8,12,-4,0
"2021-22","12652","Maryland","Angel Reese",10,2,600,870,270,8,12,-4,0
"2021-22","12652","Minnesota","Bailey Helgren",35,2,600,870,270,12,8,4,0
"2021-22","12652","Maryland","Katie Benzan",11,2,702,1800,1098,39,39,0,0
"2021-22","12652","Maryland","Chloe Bibby",55,3,702,2400,1698,63,56,7,0
"2021-22","12652","Maryland","Shyanne Sellers",0,2,870,1054,184,4,6,-2,0
"2021-22","12652","Maryland","Mimi Collins",2,2,870,1200,330,9,10,-1,0
"2021-22","12652","Minnesota","Kayla Mershon",15,2,870,1200,330,10,9,1,0
"2021-22","12652","Minnesota","Alanna Micheaux",54,3,870,1121,251,8,6,2,0
"2021-22","12652","Minnesota","Gadiva Hubbard",13,3,919,1054,135,4,1,3,0
"2021-22","12652","Maryland","Diamond Miller",1,3,1054,2400,1346,51,41,10,0
"2021-22","12652","Minnesota","Deja Winters",3,3,1054,1800,746,24,27,-3,0
"2021-22","12652","Minnesota","Kadiatou Sissoko",30,3,1121,1535,414,14,13,1,0
"2021-22","12652","Maryland","Angel Reese",10,3,1200,1307,107,4,2,2,0
"2021-22","12652","Minnesota","Gadiva Hubbard",13,4,1200,1535,335,12,10,2,0
"2021-22","12652","Minnesota","Alanna Micheaux",54,4,1200,1402,202,7,4,3,0
"2021-22","12652","Maryland","Mimi Collins",2,3,1307,1408,101,0,5,-5,0
"2021-22","12652","Minnesota","Bailey Helgren",35,3,1402,1535,133,5,6,-1,0
"2021-22","12652","Maryland","Angel Reese",10,4,1408,1535,127,6,5,1,0
"2021-22","12652","Maryland","Mimi Collins",2,4,1535,1800,265,12,8,4,0
"2021-22","12652","Minnesota","Alexia Smith",1,2,1535,1587,52,0,4,-4,0
"2021-22","12652","Minnesota","Kayla Mershon",15,3,1535,1612,77,0,4,-4,0
"2021-22","12652","Minnesota","Alanna Micheaux",54,5,1535,1800,265,8,12,-4,0
"2021-22","12652","Minnesota","Gadiva Hubbard",13,5,1587,2400,813,25,32,-7,0
"2021-22","12652","Minnesota","Kadiatou Sissoko",30,4,1612,2400,788,25,32,-7,0
"2021-22","12652","Maryland","Shyanne Sellers",0,3,1800,2057,257,13,9,4,0
"2021-22","12652","Maryland","Angel Reese",10,5,1800,2208,408,20,11,9,0
"2021-22","12652","Minnesota","Alexia Smith",1,3,1800,1977,177,6,10,-4,0
"2021-22","12652","Minnesota","Bailey Helgren",35,4,1800,1913,113,4,8,-4,0
"2021-22","12652","Minnesota","Deja Winters",3,4,1913,2208,295,7,12,-5,0
"2021-22","12652","Minnesota","Alanna Micheaux",54,6,1913,2208,295,7,12,-5,0
"2021-22","12652","Maryland","Katie Benzan",11,3,1977,2348,371,14,9,5,0
"2021-22","12652","Minnesota","Sara Scalia",14,3,1977,2348,371,9,14,-5,0
"2021-22","12652","Maryland","Ashley Owusu",15,3,2057,2400,343,11,8,3,0
"2021-22","12652","Maryland","Mimi Collins",2,5,2208,2400,192,4,6,-2,0
"2021-22","12652","Minnesota","Alexia Smith",1,4,2208,2400,192,6,4,2,0
"2021-22","12652","Minnesota","Bailey Helgren",35,5,2208,2400,192,6,4,2,0
"2021-22","12652","Maryland","Shyanne Sellers",0,4,2348,2400,52,0,2,-2,0
"2021-22","12652","Minnesota","Deja Winters",3,5,2348,2400,52,2,0,2,0
"2021-22","12653","Maryland","Diamond Miller",1,1,0,300,300,11,15,-4,1
"2021-22","12653","Maryland","Angel Reese",10,1,0,223,223,9,10,-1,1
"2021-22","12653","Maryland","Katie Benzan",11,1,0,524,524,16,26,-10,1
"2021-22","12653","Maryland","Ashley Owusu",15,1,0,452,452,13,20,-7,1
"2021-22","12653","Maryland","Chloe Bibby",55,1,0,524,524,16,26,-10,1
"2021-22","12653","Michigan","Naz Hillmon",0,1,0,300,300,15,11,4,1
"2021-22","12653","Michigan","Maddie Nolan",3,1,0,300,300,15,11,4,1
"2021-22","12653","Michigan","Danielle Rauch",23,1,0,452,452,20,13,7,1
"2021-22","12653","Michigan","Leigha Brown",32,1,0,452,452,20,13,7,1
"2021-22","12653","Michigan","Emily Kiser",33,1,0,452,452,20,13,7,1
"2021-22","12653","Maryland","Mimi Collins",2,1,223,600,377,7,16,-9,0
"2021-22","12653","Maryland","Shyanne Sellers",0,1,300,600,300,5,11,-6,0
"2021-22","12653","Michigan","Laila Phelia",5,1,300,716,416,14,8,6,0
"2021-22","12653","Michigan","Cameron Williams",44,1,300,452,152,5,2,3,0
"2021-22","12653","Maryland","Diamond Miller",1,2,452,841,389,6,11,-5,0
"2021-22","12653","Michigan","Naz Hillmon",0,2,452,1001,549,14,6,8,0
"2021-22","12653","Michigan","Amy Dilk",1,1,452,600,148,6,3,3,0
"2021-22","12653","Michigan","Maddie Nolan",3,2,452,1120,668,14,6,8,0
"2021-22","12653","Michigan","Elise Stuck",30,1,452,600,148,6,3,3,0
"2021-22","12653","Maryland","Angel Reese",10,2,524,591,67,0,0,0,0
"2021-22","12653","Maryland","Ashley Owusu",15,2,524,591,67,0,0,0,0
"2021-22","12653","Maryland","Katie Benzan",11,2,591,1001,410,3,8,-5,0
"2021-22","12653","Maryland","Chloe Bibby",55,2,591,841,250,3,5,-2,0
"2021-22","12653","Maryland","Angel Reese",10,3,600,716,116,3,3,0,0
"2021-22","12653","Maryland","Ashley Owusu",15,3,600,716,116,3,3,0,0
"2021-22","12653","Michigan","Leigha Brown",32,2,600,1001,401,8,3,5,0
"2021-22","12653","Michigan","Emily Kiser",33,2,600,1083,483,8,3,5,0
"2021-22","12653","Maryland","Shyanne Sellers",0,2,716,1083,367,0,5,-5,0
"2021-22","12653","Maryland","Mimi Collins",2,2,716,1083,367,0,5,-5,0
"2021-22","12653","Michigan","Danielle Rauch",23,2,716,2141,1425,33,21,12,0
"2021-22","12653","Maryland","Angel Reese",10,4,841,1001,160,0,3,-3,0
"2021-22","12653","Maryland","Ashley Owusu",15,4,841,1061,220,0,3,-3,0
"2021-22","12653","Maryland","Diamond Miller",1,3,1001,1532,531,4,14,-10,0
"2021-22","12653","Maryland","Chloe Bibby",55,3,1001,2400,1399,30,35,-5,0
"2021-22","12653","Michigan","Laila Phelia",5,2,1001,1200,199,0,0,0,0
"2021-22","12653","Michigan","Cameron Williams",44,2,1001,1083,82,0,0,0,0
"2021-22","12653","Maryland","Katie Benzan",11,3,1061,2215,1154,22,32,-10,0
"2021-22","12653","Maryland","Angel Reese",10,5,1083,1716,633,11,18,-7,0
"2021-22","12653","Maryland","Ashley Owusu",15,5,1083,1478,395,4,12,-8,0
"2021-22","12653","Michigan","Naz Hillmon",0,3,1083,1590,507,16,6,10,0
"2021-22","12653","Michigan","Elise Stuck",30,2,1083,1191,108,0,0,0,0
"2021-22","12653","Michigan","Leigha Brown",32,3,1120,1532,412,14,4,10,0
"2021-22","12653","Michigan","Emily Kiser",33,3,1191,1633,442,16,8,8,0
"2021-22","12653","Michigan","Maddie Nolan",3,3,1200,1478,278,12,4,8,0
"2021-22","12653","Maryland","Mimi Collins",2,3,1478,2141,663,17,16,1,0
"2021-22","12653","Michigan","Laila Phelia",5,3,1478,1649,171,4,7,-3,0
"2021-22","12653","Maryland","Shyanne Sellers",0,3,1532,1633,101,4,2,2,0
"2021-22","12653","Michigan","Amy Dilk",1,2,1532,1634,102,2,4,-2,0
"2021-22","12653","Michigan","Cameron Williams",44,3,1590,1633,43,0,2,-2,0
"2021-22","12653","Maryland","Diamond Miller",1,4,1633,2051,418,9,7,2,0
"2021-22","12653","Michigan","Naz Hillmon",0,4,1633,2215,582,16,13,3,0
"2021-22","12653","Michigan","Maddie Nolan",3,4,1633,2201,568,15,13,2,0
"2021-22","12653","Michigan","Emily Kiser",33,4,1634,2172,538,13,13,0,0
"2021-22","12653","Michigan","Leigha Brown",32,4,1649,1925,276,5,4,1,0
"2021-22","12653","Maryland","Ashley Owusu",15,6,1716,1858,142,2,2,0,0
"2021-22","12653","Maryland","Angel Reese",10,6,1858,2366,508,14,15,-1,0
"2021-22","12653","Michigan","Laila Phelia",5,4,1925,2332,407,12,12,0,0
"2021-22","12653","Maryland","Shyanne Sellers",0,4,2051,2172,121,4,6,-2,0
"2021-22","12653","Maryland","Diamond Miller",1,5,2141,2400,259,9,7,2,0
"2021-22","12653","Michigan","Leigha Brown",32,5,2141,2215,74,4,0,4,0
"2021-22","12653","Maryland","Ashley Owusu",15,7,2172,2400,228,9,6,3,0
"2021-22","12653","Michigan","Cameron Williams",44,4,2172,2332,160,4,6,-2,0
"2021-22","12653","Michigan","Amy Dilk",1,3,2201,2332,131,2,6,-4,0
"2021-22","12653","Maryland","Taisiya Kozlova",14,1,2215,2400,185,8,3,5,0
"2021-22","12653","Michigan","Elise Stuck",30,3,2215,2366,151,3,6,-3,0
"2021-22","12653","Michigan","Izabel Varej?o",34,1,2215,2366,151,3,6,-3,0
"2021-22","12653","Michigan","Jordan Hobbs",10,1,2332,2400,68,2,3,-1,0
"2021-22","12653","Michigan","Ari Wiggins",12,1,2332,2400,68,2,3,-1,0
"2021-22","12653","Michigan","Taylor Gibson",15,1,2332,2400,68,2,3,-1,0
"2021-22","12653","Maryland","Emma Chardon",21,1,2366,2400,34,3,0,3,0
"2021-22","12653","Michigan","Michelle Sidor",24,1,2366,2400,34,0,3,-3,0
"2021-22","12653","Michigan","Whitney Sollom",25,1,2366,2400,34,0,3,-3,0
"2021-22","12654","Maryland","Diamond Miller",1,1,0,146,146,4,3,1,1
"2021-22","12654","Maryland","Angel Reese",10,1,0,236,236,6,8,-2,1
"2021-22","12654","Maryland","Katie Benzan",11,1,0,2394,2394,89,93,-4,1
"2021-22","12654","Maryland","Ashley Owusu",15,1,0,416,416,10,17,-7,1
"2021-22","12654","Maryland","Chloe Bibby",55,1,0,416,416,10,17,-7,1
"2021-22","12654","Ohio St.","Rikki Harris",1,1,0,777,777,30,21,9,1
"2021-22","12654","Ohio St.","Jacy Sheldon",4,1,0,2400,2400,95,89,6,1
"2021-22","12654","Ohio St.","Braxtin Miller",10,1,0,852,852,33,23,10,1
"2021-22","12654","Ohio St.","Rebeka Mikulasikova",23,1,0,416,416,17,10,7,1
"2021-22","12654","Ohio St.","Taylor Mikesell",24,1,0,2400,2400,95,89,6,1
"2021-22","12654","Maryland","Shyanne Sellers",0,1,146,518,372,8,16,-8,0
"2021-22","12654","Maryland","Mimi Collins",2,1,236,852,616,17,25,-8,0
"2021-22","12654","Maryland","Diamond Miller",1,2,416,600,184,5,8,-3,0
"2021-22","12654","Maryland","Angel Reese",10,2,416,777,361,11,13,-2,0
"2021-22","12654","Ohio St.","Tanaya Beacham",35,1,416,600,184,8,5,3,0
"2021-22","12654","Maryland","Ashley Owusu",15,2,518,1641,1123,39,42,-3,0
"2021-22","12654","Maryland","Chloe Bibby",55,2,600,1162,562,20,19,1,0
"2021-22","12654","Ohio St.","Rebeka Mikulasikova",23,2,600,722,122,5,4,1,0
"2021-22","12654","Ohio St.","Tanaya Beacham",35,2,722,965,243,3,6,-3,0
"2021-22","12654","Maryland","Diamond Miller",1,3,777,880,103,2,3,-1,0
"2021-22","12654","Ohio St.","Taylor Thierry",14,1,777,1044,267,5,9,-4,0
"2021-22","12654","Maryland","Angel Reese",10,3,852,1067,215,10,6,4,0
"2021-22","12654","Ohio St.","Rikki Harris",1,2,852,2400,1548,62,66,-4,0
"2021-22","12654","Maryland","Mimi Collins",2,2,880,1200,320,14,12,2,0
"2021-22","12654","Ohio St.","Rebeka Mikulasikova",23,3,965,1044,79,2,5,-3,0
"2021-22","12654","Ohio St.","Braxtin Miller",10,2,1044,2400,1356,60,59,1,0
"2021-22","12654","Ohio St.","Tanaya Beacham",35,3,1044,1067,23,4,3,1,0
"2021-22","12654","Maryland","Shyanne Sellers",0,2,1067,1200,133,4,6,-2,0
"2021-22","12654","Ohio St.","Taylor Thierry",14,2,1067,1200,133,6,4,2,0
"2021-22","12654","Maryland","Emma Chardon",21,1,1162,1200,38,2,1,1,0
"2021-22","12654","Maryland","Diamond Miller",1,4,1200,1800,600,20,20,0,0
"2021-22","12654","Maryland","Angel Reese",10,4,1200,1448,248,10,6,4,0
"2021-22","12654","Maryland","Chloe Bibby",55,3,1200,1641,441,14,16,-2,0
"2021-22","12654","Ohio St.","Rebeka Mikulasikova",23,4,1200,1372,172,4,6,-2,0
"2021-22","12654","Ohio St.","Tanaya Beacham",35,4,1372,1800,428,16,14,2,0
"2021-22","12654","Maryland","Mimi Collins",2,3,1448,1557,109,2,5,-3,0
"2021-22","12654","Maryland","Angel Reese",10,5,1557,1962,405,11,13,-2,0
"2021-22","12654","Maryland","Shyanne Sellers",0,3,1641,1734,93,2,2,0,0
"2021-22","12654","Maryland","Mimi Collins",2,4,1641,2238,597,21,21,0,0
"2021-22","12654","Maryland","Chloe Bibby",55,4,1734,2400,666,36,32,4,0
"2021-22","12654","Maryland","Ashley Owusu",15,3,1800,2400,600,32,30,2,0
"2021-22","12654","Ohio St.","Rebeka Mikulasikova",23,5,1800,2238,438,17,15,2,0
"2021-22","12654","Maryland","Diamond Miller",1,5,1962,2400,438,29,26,3,0
"2021-22","12654","Maryland","Angel Reese",10,6,2238,2400,162,17,13,4,0
"2021-22","12654","Ohio St.","Tanaya Beacham",35,5,2238,2400,162,13,17,-4,0
"2021-22","12654","Maryland","Shyanne Sellers",0,4,2394,2400,6,0,2,-2,0
"2021-22","12655","Maryland","Diamond Miller",1,1,0,108,108,0,2,-2,1
"2021-22","12655","Maryland","Angel Reese",10,1,0,279,279,9,4,5,1
"2021-22","12655","Maryland","Katie Benzan",11,1,0,998,998,32,18,14,1
"2021-22","12655","Maryland","Ashley Owusu",15,1,0,183,183,3,2,1,1
"2021-22","12655","Maryland","Chloe Bibby",55,1,0,473,473,16,12,4,1
"2021-22","12655","Northwestern","Lauryn Satterwhite",2,1,0,473,473,12,16,-4,1
"2021-22","12655","Northwestern","Jillian Brown",4,1,0,473,473,12,16,-4,1
"2021-22","12655","Northwestern","Veronica Burton",12,1,0,1689,1689,35,59,-24,1
"2021-22","12655","Northwestern","Courtney Shaw",15,1,0,528,528,12,18,-6,1
"2021-22","12655","Northwestern","Laya Hartman",33,1,0,600,600,14,18,-4,1
"2021-22","12655","Maryland","Shyanne Sellers",0,1,108,561,453,18,10,8,0
"2021-22","12655","Maryland","Diamond Miller",1,2,183,302,119,6,5,1,0
"2021-22","12655","Maryland","Mimi Collins",2,1,279,345,66,0,5,-5,0
"2021-22","12655","Maryland","Ashley Owusu",15,2,302,519,217,9,5,4,0
"2021-22","12655","Maryland","Angel Reese",10,2,345,998,653,23,9,14,0
"2021-22","12655","Maryland","Mimi Collins",2,2,473,600,127,2,2,0,0
"2021-22","12655","Northwestern","Paige Mott",20,1,473,668,195,2,5,-3,0
"2021-22","12655","Northwestern","Melannie Daley",21,1,473,668,195,2,5,-3,0
"2021-22","12655","Maryland","Diamond Miller",1,3,519,600,81,0,2,-2,0
"2021-22","12655","Northwestern","Mercy Ademusayo",13,1,528,635,107,2,0,2,0
"2021-22","12655","Maryland","Ashley Owusu",15,3,561,1788,1227,46,27,19,0
"2021-22","12655","Maryland","Shyanne Sellers",0,2,600,869,269,8,2,6,0
"2021-22","12655","Maryland","Chloe Bibby",55,2,600,869,269,8,2,6,0
"2021-22","12655","Northwestern","Jillian Brown",4,2,600,668,68,0,3,-3,0
"2021-22","12655","Northwestern","Courtney Shaw",15,2,635,1577,942,21,35,-14,0
"2021-22","12655","Northwestern","Lauryn Satterwhite",2,2,668,998,330,4,11,-7,0
"2021-22","12655","Northwestern","Jillian Brown",4,3,668,763,95,0,2,-2,0
"2021-22","12655","Northwestern","Laya Hartman",33,2,668,1419,751,13,27,-14,0
"2021-22","12655","Northwestern","Paige Mott",20,2,763,787,24,0,0,0,0
"2021-22","12655","Northwestern","Anna Morris",42,1,787,1018,231,4,12,-8,0
"2021-22","12655","Maryland","Diamond Miller",1,4,869,1368,499,17,11,6,0
"2021-22","12655","Maryland","Mimi Collins",2,3,869,1032,163,9,2,7,0
"2021-22","12655","Maryland","Shyanne Sellers",0,3,998,1076,78,3,0,3,0
"2021-22","12655","Maryland","Chloe Bibby",55,3,998,1884,886,35,23,12,0
"2021-22","12655","Northwestern","Melannie Daley",21,2,998,1200,202,5,7,-2,0
"2021-22","12655","Northwestern","Jillian Brown",4,4,1018,1200,182,5,4,1,0
"2021-22","12655","Maryland","Angel Reese",10,3,1032,1114,82,0,2,-2,0
"2021-22","12655","Maryland","Katie Benzan",11,2,1076,1419,343,13,9,4,0
"2021-22","12655","Maryland","Mimi Collins",2,4,1114,1200,86,4,3,1,0
"2021-22","12655","Maryland","Angel Reese",10,4,1200,1368,168,4,4,0,0
"2021-22","12655","Northwestern","Lauryn Satterwhite",2,3,1200,1646,446,12,17,-5,0
"2021-22","12655","Northwestern","Paige Mott",20,3,1200,1577,377,12,14,-2,0
"2021-22","12655","Maryland","Shyanne Sellers",0,4,1368,2122,754,32,22,10,0
"2021-22","12655","Maryland","Mimi Collins",2,5,1368,1577,209,10,8,2,0
"2021-22","12655","Maryland","Diamond Miller",1,5,1419,1577,158,5,8,-3,0
"2021-22","12655","Northwestern","Jillian Brown",4,5,1419,2122,703,22,27,-5,0
"2021-22","12655","Maryland","Angel Reese",10,5,1577,1788,211,11,4,7,0
"2021-22","12655","Maryland","Katie Benzan",11,3,1577,1977,400,16,10,6,0
"2021-22","12655","Northwestern","Mercy Ademusayo",13,2,1577,1800,223,4,14,-10,0
"2021-22","12655","Northwestern","Laya Hartman",33,3,1577,1646,69,0,3,-3,0
"2021-22","12655","Northwestern","Melannie Daley",21,3,1646,1800,154,4,11,-7,0
"2021-22","12655","Northwestern","Anna Morris",42,2,1646,1800,154,4,11,-7,0
"2021-22","12655","Northwestern","Lauryn Satterwhite",2,4,1689,2280,591,19,22,-3,0
"2021-22","12655","Maryland","Diamond Miller",1,6,1788,2400,612,23,20,3,0
"2021-22","12655","Maryland","Mimi Collins",2,6,1788,1909,121,3,2,1,0
"2021-22","12655","Northwestern","Veronica Burton",12,2,1800,2122,322,10,8,2,0
"2021-22","12655","Northwestern","Courtney Shaw",15,3,1800,2098,298,10,8,2,0
"2021-22","12655","Northwestern","Laya Hartman",33,4,1800,2122,322,10,8,2,0
"2021-22","12655","Maryland","Angel Reese",10,6,1884,2122,238,8,8,0,0
"2021-22","12655","Maryland","Chloe Bibby",55,4,1909,2098,189,8,7,1,0
"2021-22","12655","Maryland","Taisiya Kozlova",14,1,1977,2400,423,18,14,4,0
"2021-22","12655","Maryland","Mimi Collins",2,7,2098,2400,302,12,11,1,0
"2021-22","12655","Northwestern","Mercy Ademusayo",13,3,2098,2400,302,10,12,-2,0
"2021-22","12655","Maryland","Shyanne Sellers",0,5,2122,2400,278,12,10,2,0
"2021-22","12655","Maryland","Emma Chardon",21,1,2122,2400,278,12,10,2,0
"2021-22","12655","Northwestern","Hailey Weaver",11,1,2122,2400,278,10,12,-2,0
"2021-22","12655","Northwestern","Paige Mott",20,4,2122,2400,278,10,12,-2,0
"2021-22","12655","Northwestern","Melannie Daley",21,4,2122,2400,278,10,12,-2,0
"2021-22","12655","Northwestern","Jasmine McWilliams",23,1,2280,2400,120,5,6,-1,0
"2021-22","12656","Maryland","Diamond Miller",1,1,0,168,168,6,3,3,1
"2021-22","12656","Maryland","Angel Reese",10,1,0,242,242,8,3,5,1
"2021-22","12656","Maryland","Katie Benzan",11,1,0,421,421,16,7,9,1
"2021-22","12656","Maryland","Ashley Owusu",15,1,0,793,793,21,15,6,1
"2021-22","12656","Maryland","Chloe Bibby",55,1,0,421,421,16,7,9,1
"2021-22","12656","Rutgers","Lasha Petree",0,1,0,242,242,3,8,-5,1
"2021-22","12656","Rutgers","Jailyn Mason",14,1,0,600,600,9,19,-10,1
"2021-22","12656","Rutgers","Tyia Singleton",22,1,0,535,535,9,19,-10,1
"2021-22","12656","Rutgers","Osh Brown",32,1,0,535,535,9,19,-10,1
"2021-22","12656","Rutgers","Sayawni Lassiter",35,1,0,440,440,7,17,-10,1
"2021-22","12656","Maryland","Shyanne Sellers",0,1,168,600,432,13,6,7,0
"2021-22","12656","Maryland","Mimi Collins",2,1,242,600,358,11,6,5,0
"2021-22","12656","Rutgers","Shug Dickson",3,1,242,657,415,6,11,-5,0
"2021-22","12656","Maryland","Diamond Miller",1,2,421,477,56,1,2,-1,0
"2021-22","12656","Maryland","Angel Reese",10,2,421,793,372,5,8,-3,0
"2021-22","12656","Rutgers","Lasha Petree",0,2,440,535,95,2,2,0,0
"2021-22","12656","Maryland","Katie Benzan",11,2,477,1870,1393,38,35,3,0
"2021-22","12656","Rutgers","Victoria Morris",5,1,535,812,277,6,5,1,0
"2021-22","12656","Rutgers","Awa Sidibe",15,1,535,657,122,0,0,0,0
"2021-22","12656","Rutgers","Chyna Cornwell",54,1,535,657,122,0,0,0,0
"2021-22","12656","Maryland","Diamond Miller",1,3,600,931,331,9,10,-1,0
"2021-22","12656","Maryland","Chloe Bibby",55,2,600,2299,1699,51,44,7,0
"2021-22","12656","Rutgers","Destiny Marshall",1,1,600,1200,600,17,11,6,0
"2021-22","12656","Rutgers","Joiya Maddox",20,1,657,978,321,12,9,3,0
"2021-22","12656","Rutgers","Tyia Singleton",22,2,657,1055,398,12,9,3,0
"2021-22","12656","Rutgers","Osh Brown",32,2,657,2320,1663,44,51,-7,0
"2021-22","12656","Maryland","Shyanne Sellers",0,2,793,978,185,7,6,1,0
"2021-22","12656","Maryland","Mimi Collins",2,2,793,978,185,7,6,1,0
"2021-22","12656","Rutgers","Jailyn Mason",14,2,812,1025,213,6,4,2,0
"2021-22","12656","Maryland","Ashley Owusu",15,2,931,1743,812,25,21,4,0
"2021-22","12656","Maryland","Diamond Miller",1,4,978,1385,407,9,15,-6,0
"2021-22","12656","Maryland","Angel Reese",10,3,978,1554,576,17,17,0,0
"2021-22","12656","Rutgers","Shug Dickson",3,2,978,1200,222,5,2,3,0
"2021-22","12656","Rutgers","Sayawni Lassiter",35,2,1025,1743,718,19,25,-6,0
"2021-22","12656","Rutgers","Chyna Cornwell",54,2,1055,1121,66,0,0,0,0
"2021-22","12656","Rutgers","Lasha Petree",0,3,1121,1714,593,19,25,-6,0
"2021-22","12656","Rutgers","Jailyn Mason",14,3,1200,1743,543,14,23,-9,0
"2021-22","12656","Rutgers","Tyia Singleton",22,3,1200,1258,58,0,3,-3,0
"2021-22","12656","Rutgers","Awa Sidibe",15,2,1258,1449,191,10,8,2,0
"2021-22","12656","Maryland","Shyanne Sellers",0,3,1385,1982,597,24,11,13,0
"2021-22","12656","Rutgers","Tyia Singleton",22,4,1449,2079,630,13,24,-11,0
"2021-22","12656","Maryland","Mimi Collins",2,3,1554,2180,626,20,11,9,0
"2021-22","12656","Rutgers","Destiny Marshall",1,2,1714,2400,686,15,19,-4,0
"2021-22","12656","Maryland","Diamond Miller",1,5,1743,2400,657,19,15,4,0
"2021-22","12656","Rutgers","Shug Dickson",3,3,1743,1903,160,5,5,0,0
"2021-22","12656","Rutgers","Victoria Morris",5,2,1743,1982,239,7,8,-1,0
"2021-22","12656","Maryland","Ashley Owusu",15,3,1870,2320,450,15,9,6,0
"2021-22","12656","Rutgers","Joiya Maddox",20,2,1903,2400,497,10,14,-4,0
"2021-22","12656","Maryland","Katie Benzan",11,3,1982,2262,280,7,6,1,0
"2021-22","12656","Rutgers","Jailyn Mason",14,4,1982,2400,418,8,11,-3,0
"2021-22","12656","Rutgers","Awa Sidibe",15,3,2079,2400,321,6,7,-1,0
"2021-22","12656","Maryland","Angel Reese",10,4,2180,2320,140,5,4,1,0
"2021-22","12656","Maryland","Shyanne Sellers",0,4,2262,2400,138,4,2,2,0
"2021-22","12656","Maryland","Mimi Collins",2,4,2299,2400,101,2,2,0,0
"2021-22","12656","Maryland","Taisiya Kozlova",14,1,2320,2400,80,2,2,0,0
"2021-22","12656","Maryland","Emma Chardon",21,1,2320,2400,80,2,2,0,0
"2021-22","12656","Rutgers","Chyna Cornwell",54,3,2320,2400,80,2,2,0,0
"2021-22","12657","Maryland","Diamond Miller",1,1,0,388,388,12,8,4,1
"2021-22","12657","Maryland","Angel Reese",10,1,0,286,286,10,8,2,1
"2021-22","12657","Maryland","Katie Benzan",11,1,0,323,323,10,8,2,1
"2021-22","12657","Maryland","Ashley Owusu",15,1,0,207,207,6,6,0,1
"2021-22","12657","Maryland","Chloe Bibby",55,1,0,177,177,4,6,-2,1
"2021-22","12657","Penn St.","Ali Brigham",1,1,0,177,177,6,4,2,1
"2021-22","12657","Penn St.","Leilani Kapinus",5,1,0,177,177,6,4,2,1
"2021-22","12657","Penn St.","Makenna Marisa",20,1,0,1624,1624,45,61,-16,1
"2021-22","12657","Penn St.","Shay Hagans",23,1,0,177,177,6,4,2,1
"2021-22","12657","Penn St.","Kelly Jekot",25,1,0,286,286,8,10,-2,1
"2021-22","12657","Maryland","Mimi Collins",2,1,177,498,321,14,8,6,0
"2021-22","12657","Penn St.","Tova Sabel",10,1,177,286,109,2,6,-4,0
"2021-22","12657","Penn St.","Anna Camden",11,1,177,323,146,2,6,-4,0
"2021-22","12657","Penn St.","Kayla Thomas",12,1,177,323,146,2,6,-4,0
"2021-22","12657","Maryland","Shyanne Sellers",0,1,207,498,291,12,8,4,0
"2021-22","12657","Maryland","Chloe Bibby",55,2,286,861,575,22,13,9,0
"2021-22","12657","Penn St.","Leilani Kapinus",5,2,286,529,243,6,13,-7,0
"2021-22","12657","Penn St.","Shay Hagans",23,2,286,388,102,0,2,-2,0
"2021-22","12657","Maryland","Ashley Owusu",15,2,323,952,629,26,15,11,0
"2021-22","12657","Penn St.","Ali Brigham",1,2,323,498,175,6,8,-2,0
"2021-22","12657","Penn St.","Maddie Burke",15,1,323,600,277,6,17,-11,0
"2021-22","12657","Maryland","Katie Benzan",11,2,388,861,473,20,13,7,0
"2021-22","12657","Penn St.","Kelly Jekot",25,2,388,861,473,13,20,-7,0
"2021-22","12657","Maryland","Diamond Miller",1,2,498,735,237,12,5,7,0
"2021-22","12657","Maryland","Angel Reese",10,2,498,735,237,12,5,7,0
"2021-22","12657","Penn St.","Kayla Thomas",12,2,498,600,102,0,9,-9,0
"2021-22","12657","Penn St.","Tova Sabel",10,2,529,540,11,0,0,0,0
"2021-22","12657","Penn St.","Shay Hagans",23,3,540,861,321,7,9,-2,0
"2021-22","12657","Penn St.","Ali Brigham",1,3,600,735,135,5,3,2,0
"2021-22","12657","Penn St.","Leilani Kapinus",5,3,600,1081,481,14,16,-2,0
"2021-22","12657","Maryland","Shyanne Sellers",0,2,735,1200,465,18,10,8,0
"2021-22","12657","Maryland","Mimi Collins",2,2,735,952,217,6,4,2,0
"2021-22","12657","Penn St.","Anna Camden",11,2,735,894,159,2,2,0,0
"2021-22","12657","Maryland","Diamond Miller",1,3,861,1081,220,11,6,5,0
"2021-22","12657","Maryland","Angel Reese",10,3,861,1081,220,11,6,5,0
"2021-22","12657","Penn St.","Tova Sabel",10,3,861,1200,339,8,16,-8,0
"2021-22","12657","Penn St.","Maddie Burke",15,2,861,952,91,2,4,-2,0
"2021-22","12657","Penn St.","Ali Brigham",1,4,894,1397,503,15,22,-7,0
"2021-22","12657","Maryland","Katie Benzan",11,3,952,1137,185,9,5,4,0
"2021-22","12657","Maryland","Chloe Bibby",55,3,952,2365,1413,46,46,0,0
"2021-22","12657","Penn St.","Kelly Jekot",25,3,952,2400,1448,48,46,2,0
"2021-22","12657","Maryland","Mimi Collins",2,3,1081,1200,119,5,2,3,0
"2021-22","12657","Maryland","Ashley Owusu",15,3,1081,1397,316,11,9,2,0
"2021-22","12657","Penn St.","Shay Hagans",23,4,1081,1497,416,12,13,-1,0
"2021-22","12657","Maryland","Diamond Miller",1,4,1137,1691,554,16,19,-3,0
"2021-22","12657","Maryland","Angel Reese",10,4,1200,1306,106,2,2,0,0
"2021-22","12657","Maryland","Katie Benzan",11,4,1200,1497,297,8,11,-3,0
"2021-22","12657","Penn St.","Leilani Kapinus",5,4,1200,1497,297,11,8,3,0
"2021-22","12657","Maryland","Mimi Collins",2,4,1306,1497,191,6,9,-3,0
"2021-22","12657","Maryland","Shyanne Sellers",0,3,1397,2400,1003,28,35,-7,0
"2021-22","12657","Penn St.","Anna Camden",11,3,1397,2201,804,30,23,7,0
"2021-22","12657","Maryland","Angel Reese",10,5,1497,1691,194,5,7,-2,0
"2021-22","12657","Maryland","Ashley Owusu",15,4,1497,1643,146,5,5,0,0
"2021-22","12657","Penn St.","Tova Sabel",10,4,1497,1557,60,3,3,0,0
"2021-22","12657","Penn St.","Kayla Thomas",12,3,1497,2118,621,23,17,6,0
"2021-22","12657","Penn St.","Maddie Burke",15,3,1557,1800,243,9,5,4,0
"2021-22","12657","Penn St.","Leilani Kapinus",5,5,1624,1744,120,4,0,4,0
"2021-22","12657","Maryland","Katie Benzan",11,5,1643,1868,225,5,9,-4,0
"2021-22","12657","Maryland","Mimi Collins",2,5,1691,2118,427,12,16,-4,0
"2021-22","12657","Maryland","Ashley Owusu",15,5,1691,1800,109,3,5,-2,0
"2021-22","12657","Penn St.","Makenna Marisa",20,2,1744,2400,656,22,21,1,0
"2021-22","12657","Maryland","Diamond Miller",1,5,1800,2400,600,18,19,-1,0
"2021-22","12657","Penn St.","Leilani Kapinus",5,6,1800,2186,386,14,11,3,0
"2021-22","12657","Maryland","Ashley Owusu",15,6,1868,1967,99,3,7,-4,0
"2021-22","12657","Maryland","Katie Benzan",11,6,1967,2400,433,13,10,3,0
"2021-22","12657","Maryland","Angel Reese",10,6,2118,2351,233,8,6,2,0
"2021-22","12657","Penn St.","Ali Brigham",1,5,2118,2201,83,3,4,-1,0
"2021-22","12657","Penn St.","Tova Sabel",10,5,2186,2351,165,2,6,-4,0
"2021-22","12657","Penn St.","Leilani Kapinus",5,7,2201,2400,199,5,5,0,0
"2021-22","12657","Penn St.","Kayla Thomas",12,4,2201,2351,150,2,4,-2,0
"2021-22","12657","Maryland","Ashley Owusu",15,7,2351,2365,14,1,0,1,0
"2021-22","12657","Penn St.","Ali Brigham",1,6,2351,2400,49,3,1,2,0
"2021-22","12657","Penn St.","Shay Hagans",23,5,2351,2365,14,1,1,0,0
"2021-22","12657","Maryland","Mimi Collins",2,6,2365,2400,35,0,2,-2,0
"2021-22","12657","Maryland","Angel Reese",10,7,2365,2400,35,0,2,-2,0
"2021-22","12657","Penn St.","Anna Camden",11,4,2365,2400,35,2,0,2,0
"2021-22","12658","Maryland","Diamond Miller",1,1,0,271,271,13,6,7,1
"2021-22","12658","Maryland","Angel Reese",10,1,0,438,438,15,12,3,1
"2021-22","12658","Maryland","Katie Benzan",11,1,0,221,221,11,6,5,1
"2021-22","12658","Maryland","Ashley Owusu",15,1,0,492,492,17,14,3,1
"2021-22","12658","Maryland","Chloe Bibby",55,1,0,2400,2400,67,62,5,1
"2021-22","12658","Michigan St.","DeeDee Hagemann",0,1,0,492,492,14,17,-3,1
"2021-22","12658","Michigan St.","Tamara Farquhar",2,1,0,319,319,11,15,-4,1
"2021-22","12658","Michigan St.","Alisia Smith",4,1,0,271,271,6,13,-7,1
"2021-22","12658","Michigan St.","Matilda Ekh",11,1,0,438,438,12,15,-3,1
"2021-22","12658","Michigan St.","Nia Clouden",24,1,0,2400,2400,62,67,-5,1
"2021-22","12658","Maryland","Shyanne Sellers",0,1,221,2039,1818,47,47,0,0
"2021-22","12658","Maryland","Katie Benzan",11,2,271,319,48,2,5,-3,0
"2021-22","12658","Michigan St.","Taiyier Parks",14,1,271,438,167,6,2,4,0
"2021-22","12658","Maryland","Diamond Miller",1,2,319,592,273,5,4,1,0
"2021-22","12658","Michigan St.","Alisia Smith",4,2,319,1466,1147,23,25,-2,0
"2021-22","12658","Maryland","Mimi Collins",2,1,438,492,54,2,2,0,0
"2021-22","12658","Michigan St.","Tamara Farquhar",2,2,438,737,299,5,10,-5,0
"2021-22","12658","Michigan St.","Jayla James",20,1,438,592,154,3,5,-2,0
"2021-22","12658","Maryland","Angel Reese",10,2,492,527,35,0,1,-1,0
"2021-22","12658","Maryland","Katie Benzan",11,3,492,2400,1908,50,48,2,0
"2021-22","12658","Michigan St.","Matilda Ekh",11,2,492,2400,1908,48,50,-2,0
"2021-22","12658","Maryland","Mimi Collins",2,2,527,600,73,4,0,4,0
"2021-22","12658","Maryland","Taisiya Kozlova",14,1,592,600,8,1,0,1,0
"2021-22","12658","Michigan St.","DeeDee Hagemann",0,2,592,865,273,5,7,-2,0
"2021-22","12658","Maryland","Diamond Miller",1,3,600,1754,1154,32,29,3,0
"2021-22","12658","Maryland","Angel Reese",10,3,600,787,187,4,2,2,0
"2021-22","12658","Michigan St.","Taiyier Parks",14,2,737,990,253,3,2,1,0
"2021-22","12658","Maryland","Mimi Collins",2,3,787,1200,413,7,8,-1,0
"2021-22","12658","Michigan St.","Jayla James",20,2,865,934,69,0,0,0,0
"2021-22","12658","Michigan St.","DeeDee Hagemann",0,3,934,1641,707,20,20,0,0
"2021-22","12658","Michigan St.","Tamara Farquhar",2,3,990,1712,722,23,25,-2,0
"2021-22","12658","Maryland","Angel Reese",10,4,1200,1466,266,8,9,-1,0
"2021-22","12658","Maryland","Mimi Collins",2,4,1466,1641,175,5,6,-1,0
"2021-22","12658","Michigan St.","Taiyier Parks",14,3,1466,2400,934,28,27,1,0
"2021-22","12658","Maryland","Angel Reese",10,5,1641,1927,286,13,9,4,0
"2021-22","12658","Michigan St.","Alisia Smith",4,3,1641,1776,135,4,6,-2,0
"2021-22","12658","Michigan St.","DeeDee Hagemann",0,4,1712,1927,215,6,6,0,0
"2021-22","12658","Maryland","Mimi Collins",2,5,1754,1800,46,1,3,-2,0
"2021-22","12658","Michigan St.","Isaline Alexander",12,1,1776,1846,70,3,3,0,0
"2021-22","12658","Maryland","Diamond Miller",1,4,1800,2400,600,13,15,-2,0
"2021-22","12658","Michigan St.","Alisia Smith",4,4,1846,2400,554,15,11,4,0
"2021-22","12658","Maryland","Mimi Collins",2,6,1927,2124,197,2,6,-4,0
"2021-22","12658","Michigan St.","Tamara Farquhar",2,4,1927,2400,473,13,9,4,0
"2021-22","12658","Maryland","Angel Reese",10,6,2039,2400,361,9,9,0,0
"2021-22","12658","Maryland","Shyanne Sellers",0,2,2124,2400,276,7,7,0,0
"2021-22","12659","Maryland","Shyanne Sellers",0,1,0,129,129,4,4,0,1
"2021-22","12659","Maryland","Diamond Miller",1,1,0,868,868,32,14,18,1
"2021-22","12659","Maryland","Angel Reese",10,1,0,305,305,12,4,8,1
"2021-22","12659","Maryland","Katie Benzan",11,1,0,2339,2339,80,65,15,1
"2021-22","12659","Maryland","Chloe Bibby",55,1,0,2339,2339,80,65,15,1
"2021-22","12659","Nebraska","Ashley Scoggin",0,1,0,230,230,4,7,-3,1
"2021-22","12659","Nebraska","Jaz Shelley",1,1,0,404,404,8,16,-8,1
"2021-22","12659","Nebraska","Sam Haiby",4,1,0,305,305,6,12,-6,1
"2021-22","12659","Nebraska","Isabelle Bourne",34,1,0,230,230,4,7,-3,1
"2021-22","12659","Nebraska","Alexis Markowski",40,1,0,319,319,6,12,-6,1
"2021-22","12659","Maryland","Mimi Collins",2,1,129,600,471,22,7,15,0
"2021-22","12659","Nebraska","Allison Weidner",3,1,230,404,174,4,9,-5,0
"2021-22","12659","Nebraska","Bella Cravens",14,1,230,404,174,4,9,-5,0
"2021-22","12659","Maryland","Taisiya Kozlova",14,1,305,600,295,14,7,7,0
"2021-22","12659","Nebraska","Ruby Porter",11,1,305,523,218,5,12,-7,0
"2021-22","12659","Nebraska","Annika Stewart",21,1,319,583,264,5,12,-7,0
"2021-22","12659","Nebraska","Ashley Scoggin",0,2,404,779,375,6,12,-6,0
"2021-22","12659","Nebraska","Sam Haiby",4,2,404,755,351,6,12,-6,0
"2021-22","12659","Nebraska","Isabelle Bourne",34,2,404,779,375,6,12,-6,0
"2021-22","12659","Nebraska","Jaz Shelley",1,2,523,836,313,3,6,-3,0
"2021-22","12659","Nebraska","Alexis Markowski",40,2,583,829,246,3,6,-3,0
"2021-22","12659","Maryland","Shyanne Sellers",0,2,600,1159,559,15,6,9,0
"2021-22","12659","Maryland","Angel Reese",10,2,600,755,155,2,3,-1,0
"2021-22","12659","Maryland","Mimi Collins",2,2,755,988,233,9,0,9,0
"2021-22","12659","Nebraska","Allison Weidner",3,2,755,836,81,0,2,-2,0
"2021-22","12659","Nebraska","Bella Cravens",14,2,779,988,209,0,9,-9,0
"2021-22","12659","Nebraska","Kendall Moriarty",15,1,779,988,209,0,9,-9,0
"2021-22","12659","Nebraska","Annika Stewart",21,2,829,1146,317,3,11,-8,0
"2021-22","12659","Nebraska","Sam Haiby",4,3,836,1520,684,16,24,-8,0
"2021-22","12659","Nebraska","Mi'Cole Cayton",5,1,836,988,152,0,7,-7,0
"2021-22","12659","Maryland","Taisiya Kozlova",14,2,868,988,120,5,0,5,0
"2021-22","12659","Maryland","Diamond Miller",1,2,988,1450,462,13,11,2,0
"2021-22","12659","Maryland","Angel Reese",10,3,988,1187,199,6,6,0,0
"2021-22","12659","Nebraska","Ashley Scoggin",0,3,988,2106,1118,42,39,3,0
"2021-22","12659","Nebraska","Jaz Shelley",1,3,988,1350,362,8,8,0,0
"2021-22","12659","Nebraska","Alexis Markowski",40,3,988,1187,199,6,6,0,0
"2021-22","12659","Nebraska","Isabelle Bourne",34,3,1146,1520,374,13,13,0,0
"2021-22","12659","Maryland","Taisiya Kozlova",14,3,1159,1200,41,2,3,-1,0
"2021-22","12659","Maryland","Mimi Collins",2,3,1187,1200,13,0,0,0,0
"2021-22","12659","Nebraska","Kendall Coley",32,1,1187,1200,13,0,0,0,0
"2021-22","12659","Maryland","Shyanne Sellers",0,3,1200,1249,49,0,2,-2,0
"2021-22","12659","Maryland","Angel Reese",10,4,1200,1520,320,11,10,1,0
"2021-22","12659","Nebraska","Alexis Markowski",40,4,1200,1350,150,2,2,0,0
"2021-22","12659","Maryland","Mimi Collins",2,4,1249,1618,369,13,13,0,0
"2021-22","12659","Nebraska","Ruby Porter",11,2,1350,1933,583,23,24,-1,0
"2021-22","12659","Nebraska","Annika Stewart",21,3,1350,1520,170,8,9,-1,0
"2021-22","12659","Maryland","Taisiya Kozlova",14,4,1450,1520,70,4,5,-1,0
"2021-22","12659","Maryland","Shyanne Sellers",0,4,1520,2106,586,22,26,-4,0
"2021-22","12659","Maryland","Diamond Miller",1,3,1520,1948,428,15,17,-2,0
"2021-22","12659","Nebraska","Allison Weidner",3,3,1520,2106,586,26,22,4,0
"2021-22","12659","Nebraska","Kendall Coley",32,2,1520,1933,413,15,15,0,0
"2021-22","12659","Nebraska","Alexis Markowski",40,5,1520,1933,413,15,15,0,0
"2021-22","12659","Maryland","Angel Reese",10,5,1618,1933,315,13,12,1,0
"2021-22","12659","Maryland","Mimi Collins",2,5,1933,2400,467,11,18,-7,0
"2021-22","12659","Nebraska","Jaz Shelley",1,4,1933,2204,271,15,8,7,0
"2021-22","12659","Nebraska","Bella Cravens",14,3,1933,2204,271,15,8,7,0
"2021-22","12659","Nebraska","Isabelle Bourne",34,4,1933,2286,353,17,10,7,0
"2021-22","12659","Maryland","Taisiya Kozlova",14,5,1948,2105,157,7,9,-2,0
"2021-22","12659","Maryland","Angel Reese",10,6,2105,2400,295,4,9,-5,0
"2021-22","12659","Maryland","Diamond Miller",1,4,2106,2142,36,0,2,-2,0
"2021-22","12659","Nebraska","Sam Haiby",4,4,2106,2286,180,6,3,3,0
"2021-22","12659","Nebraska","Kendall Moriarty",15,2,2106,2286,180,6,3,3,0
"2021-22","12659","Maryland","Shyanne Sellers",0,5,2142,2400,258,4,7,-3,0
"2021-22","12659","Nebraska","Ruby Porter",11,3,2204,2400,196,5,3,2,0
"2021-22","12659","Nebraska","Kendall Coley",32,3,2204,2400,196,5,3,2,0
"2021-22","12659","Nebraska","Ashley Scoggin",0,4,2286,2400,114,3,1,2,0
"2021-22","12659","Nebraska","Allison Weidner",3,4,2286,2400,114,3,1,2,0
"2021-22","12659","Nebraska","Alexis Markowski",40,6,2286,2400,114,3,1,2,0
"2021-22","12659","Maryland","Taisiya Kozlova",14,6,2339,2400,61,0,0,0,0
"2021-22","12659","Maryland","Emma Chardon",21,1,2339,2400,61,0,0,0,0
"2021-22","12660","Maryland","Shyanne Sellers",0,1,0,433,433,16,8,8,1
"2021-22","12660","Maryland","Diamond Miller",1,1,0,248,248,9,4,5,1
"2021-22","12660","Maryland","Angel Reese",10,1,0,331,331,14,8,6,1
"2021-22","12660","Maryland","Katie Benzan",11,1,0,489,489,19,8,11,1
"2021-22","12660","Maryland","Chloe Bibby",55,1,0,844,844,33,10,23,1
"2021-22","12660","Wisconsin","Katie Nelson",2,1,0,2275,2275,43,68,-25,1
"2021-22","12660","Wisconsin","Brooke Schramek",3,1,0,565,565,8,22,-14,1
"2021-22","12660","Wisconsin","Julie Pospisilova",5,1,0,803,803,10,31,-21,1
"2021-22","12660","Wisconsin","Halle Douglass",10,1,0,600,600,8,22,-14,1
"2021-22","12660","Wisconsin","Krystyna Ellew",14,1,0,248,248,4,9,-5,1
"2021-22","12660","Maryland","Taisiya Kozlova",14,1,248,331,83,5,4,1,0
"2021-22","12660","Wisconsin","Tara Stauffacher",40,1,248,600,352,4,13,-9,0
"2021-22","12660","Maryland","Diamond Miller",1,2,331,946,615,19,4,15,0
"2021-22","12660","Maryland","Mimi Collins",2,1,331,565,234,8,0,8,0
"2021-22","12660","Maryland","Angel Reese",10,2,433,989,556,17,9,8,0
"2021-22","12660","Maryland","Shyanne Sellers",0,2,489,890,401,14,2,12,0
"2021-22","12660","Maryland","Taisiya Kozlova",14,2,565,600,35,0,0,0,0
"2021-22","12660","Wisconsin","Sara Stapleton",41,1,565,758,193,2,7,-5,0
"2021-22","12660","Maryland","Katie Benzan",11,2,600,754,154,7,2,5,0
"2021-22","12660","Wisconsin","Brooke Schramek",3,2,600,754,154,2,7,-5,0
"2021-22","12660","Wisconsin","Krystyna Ellew",14,2,600,890,290,2,11,-9,0
"2021-22","12660","Maryland","Taisiya Kozlova",14,3,754,1111,357,7,7,0,0
"2021-22","12660","Wisconsin","Halle Douglass",10,2,754,2400,1646,33,41,-8,0
"2021-22","12660","Wisconsin","Tara Stauffacher",40,2,758,1505,747,14,19,-5,0
"2021-22","12660","Wisconsin","Brooke Schramek",3,3,803,1436,633,14,15,-1,0
"2021-22","12660","Maryland","Mimi Collins",2,2,844,1126,282,3,7,-4,0
"2021-22","12660","Maryland","Katie Benzan",11,3,890,1839,949,25,20,5,0
"2021-22","12660","Wisconsin","Julie Pospisilova",5,2,890,1168,278,9,6,3,0
"2021-22","12660","Maryland","Shyanne Sellers",0,3,946,1639,693,20,14,6,0
"2021-22","12660","Maryland","Chloe Bibby",55,2,989,2173,1184,31,23,8,0
"2021-22","12660","Maryland","Angel Reese",10,3,1111,1839,728,22,13,9,0
"2021-22","12660","Maryland","Emma Chardon",21,1,1126,1200,74,5,5,0,0
"2021-22","12660","Wisconsin","Natalie Leuzinger",24,1,1168,1200,32,3,2,1,0
"2021-22","12660","Maryland","Diamond Miller",1,3,1200,1705,505,14,8,6,0
"2021-22","12660","Wisconsin","Julie Pospisilova",5,3,1200,1752,552,8,14,-6,0
"2021-22","12660","Wisconsin","Natalie Leuzinger",24,2,1436,1909,473,11,15,-4,0
"2021-22","12660","Wisconsin","Brooke Schramek",3,4,1505,2275,770,19,20,-1,0
"2021-22","12660","Maryland","Taisiya Kozlova",14,4,1639,2400,761,17,17,0,0
"2021-22","12660","Maryland","Emma Chardon",21,2,1705,1800,95,1,0,1,0
"2021-22","12660","Wisconsin","Krystyna Ellew",14,3,1752,1839,87,0,3,-3,0
"2021-22","12660","Maryland","Shyanne Sellers",0,4,1800,2099,299,6,10,-4,0
"2021-22","12660","Maryland","Diamond Miller",1,4,1839,2400,561,12,13,-1,0
"2021-22","12660","Maryland","Angel Reese",10,4,1839,2029,190,3,10,-7,0
"2021-22","12660","Wisconsin","Julie Pospisilova",5,4,1839,2400,561,13,12,1,0
"2021-22","12660","Wisconsin","Tara Stauffacher",40,3,1909,2400,491,8,9,-1,0
"2021-22","12660","Maryland","Katie Benzan",11,4,2029,2237,208,5,3,2,0
"2021-22","12660","Maryland","Angel Reese",10,5,2099,2237,138,4,3,1,0
"2021-22","12660","Maryland","Emma Chardon",21,3,2173,2400,227,6,3,3,0
"2021-22","12660","Maryland","Shyanne Sellers",0,5,2237,2400,163,4,0,4,0
"2021-22","12660","Maryland","Chloe Bibby",55,3,2237,2400,163,4,0,4,0
"2021-22","12660","Wisconsin","Natalie Leuzinger",24,3,2275,2400,125,0,2,-2,0
"2021-22","12660","Wisconsin","Sara Stapleton",41,2,2275,2400,125,0,2,-2,0
"2021-22","12661","Iowa","Tomi Taiwo",1,1,0,242,242,9,4,5,1
"2021-22","12661","Iowa","Kate Martin",20,1,0,788,788,25,30,-5,1
"2021-22","12661","Iowa","Caitlin Clark",22,1,0,571,571,17,22,-5,1
"2021-22","12661","Iowa","Gabbie Marshall",24,1,0,1479,1479,39,57,-18,1
"2021-22","12661","Iowa","Monika Czinano",25,1,0,242,242,9,4,5,1
"2021-22","12661","Maryland","Shyanne Sellers",0,1,0,506,506,18,17,1,1
"2021-22","12661","Maryland","Diamond Miller",1,1,0,592,592,22,17,5,1
"2021-22","12661","Maryland","Angel Reese",10,1,0,242,242,4,9,-5,1
"2021-22","12661","Maryland","Katie Benzan",11,1,0,2322,2322,77,68,9,1
"2021-22","12661","Maryland","Chloe Bibby",55,1,0,154,154,2,5,-3,1
"2021-22","12661","Maryland","Mimi Collins",2,1,154,320,166,7,6,1,0
"2021-22","12661","Iowa","Kylie Feuerbach",4,1,242,413,171,4,10,-6,0
"2021-22","12661","Iowa","Addison O'Grady",44,1,242,320,78,2,5,-3,0
"2021-22","12661","Maryland","Chloe Bibby",55,2,242,595,353,20,8,12,0
"2021-22","12661","Iowa","Monika Czinano",25,2,320,717,397,10,19,-9,0
"2021-22","12661","Maryland","Angel Reese",10,2,320,997,677,33,16,17,0
"2021-22","12661","Iowa","Tomi Taiwo",1,2,413,2400,1987,56,67,-11,0
"2021-22","12661","Maryland","Mimi Collins",2,2,506,600,94,6,2,4,0
"2021-22","12661","Iowa","Kylie Feuerbach",4,2,571,592,21,0,0,0,0
"2021-22","12661","Iowa","Caitlin Clark",22,2,592,595,3,2,2,0,0
"2021-22","12661","Maryland","Taisiya Kozlova",14,1,592,595,3,2,0,2,0
"2021-22","12661","Iowa","Kylie Feuerbach",4,3,595,600,5,0,0,0,0
"2021-22","12661","Maryland","Shyanne Sellers",0,2,595,723,128,4,4,0,0
"2021-22","12661","Maryland","Diamond Miller",1,2,595,2400,1805,57,52,5,0
"2021-22","12661","Iowa","Caitlin Clark",22,3,600,2400,1800,50,57,-7,0
"2021-22","12661","Maryland","Chloe Bibby",55,3,600,2400,1800,57,50,7,0
"2021-22","12661","Iowa","Addison O'Grady",44,2,717,920,203,6,9,-3,0
"2021-22","12661","Maryland","Mimi Collins",2,3,723,841,118,4,4,0,0
"2021-22","12661","Iowa","Sydney Affolter",3,1,788,997,209,2,12,-10,0
"2021-22","12661","Maryland","Taisiya Kozlova",14,2,841,1200,359,16,8,8,0
"2021-22","12661","Iowa","Monika Czinano",25,3,920,1840,920,28,29,-1,0
"2021-22","12661","Iowa","Kate Martin",20,2,997,1051,54,2,0,2,0
"2021-22","12661","Maryland","Mimi Collins",2,4,997,1051,54,0,2,-2,0
"2021-22","12661","Iowa","Sydney Affolter",3,2,1051,1200,149,4,6,-2,0
"2021-22","12661","Maryland","Angel Reese",10,3,1051,1493,442,15,13,2,0
"2021-22","12661","Iowa","Kate Martin",20,3,1200,1388,188,4,9,-5,0
"2021-22","12661","Maryland","Shyanne Sellers",0,3,1200,2034,834,18,28,-10,0
"2021-22","12661","Iowa","Sydney Affolter",3,3,1388,1605,217,5,2,3,0
"2021-22","12661","Iowa","Kylie Feuerbach",4,4,1479,1605,126,3,2,1,0
"2021-22","12661","Maryland","Mimi Collins",2,5,1493,1800,307,9,13,-4,0
"2021-22","12661","Iowa","Kate Martin",20,4,1605,1970,365,17,7,10,0
"2021-22","12661","Iowa","Gabbie Marshall",24,2,1605,2400,795,27,22,5,0
"2021-22","12661","Maryland","Angel Reese",10,4,1800,2400,600,15,14,1,0
"2021-22","12661","Iowa","Addison O'Grady",44,3,1840,2215,375,8,10,-2,0
"2021-22","12661","Iowa","Sydney Affolter",3,4,1970,2215,245,4,10,-6,0
"2021-22","12661","Maryland","Taisiya Kozlova",14,3,2034,2215,181,10,2,8,0
"2021-22","12661","Iowa","Kate Martin",20,5,2215,2400,185,6,5,1,0
"2021-22","12661","Iowa","Monika Czinano",25,4,2215,2252,37,3,0,3,0
"2021-22","12661","Maryland","Shyanne Sellers",0,4,2215,2400,185,5,6,-1,0
"2021-22","12661","Iowa","Addison O'Grady",44,4,2252,2400,148,3,5,-2,0
"2021-22","12661","Maryland","Taisiya Kozlova",14,4,2322,2400,78,4,1,3,0
"2021-22","12662","Maryland","Shyanne Sellers",0,1,0,1007,1007,30,35,-5,1
"2021-22","12662","Maryland","Diamond Miller",1,1,0,223,223,4,4,0,1
"2021-22","12662","Maryland","Mimi Collins",2,1,0,338,338,9,11,-2,1
"2021-22","12662","Maryland","Katie Benzan",11,1,0,1118,1118,30,39,-9,1
"2021-22","12662","Maryland","Chloe Bibby",55,1,0,1511,1511,49,50,-1,1
"2021-22","12662","Ohio St.","Rikki Harris",1,1,0,338,338,11,9,2,1
"2021-22","12662","Ohio St.","Jacy Sheldon",4,1,0,1914,1914,57,64,-7,1
"2021-22","12662","Ohio St.","Braxtin Miller",10,1,0,465,465,15,12,3,1
"2021-22","12662","Ohio St.","Rebeka Mikulasikova",23,1,0,338,338,11,9,2,1
"2021-22","12662","Ohio St.","Taylor Mikesell",24,1,0,543,543,17,12,5,1
"2021-22","12662","Maryland","Taisiya Kozlova",14,1,223,338,115,5,7,-2,0
"2021-22","12662","Maryland","Diamond Miller",1,2,338,2400,2062,68,61,7,0
"2021-22","12662","Maryland","Angel Reese",10,1,338,748,410,8,13,-5,0
"2021-22","12662","Ohio St.","Taylor Thierry",14,1,338,600,262,8,3,5,0
"2021-22","12662","Ohio St.","Tanaya Beacham",35,1,338,600,262,8,3,5,0
"2021-22","12662","Ohio St.","Rikki Harris",1,2,465,963,498,20,15,5,0
"2021-22","12662","Ohio St.","Braxtin Miller",10,2,543,1019,476,18,18,0,0
"2021-22","12662","Ohio St.","Rebeka Mikulasikova",23,2,600,963,363,16,15,1,0
"2021-22","12662","Ohio St.","Taylor Mikesell",24,2,600,2400,1800,53,65,-12,0
"2021-22","12662","Maryland","Mimi Collins",2,2,748,1118,370,13,15,-2,0
"2021-22","12662","Ohio St.","Taylor Thierry",14,2,963,1118,155,4,5,-1,0
"2021-22","12662","Ohio St.","Tanaya Beacham",35,2,963,1200,237,4,7,-3,0
"2021-22","12662","Maryland","Angel Reese",10,2,1007,1458,451,17,14,3,0
"2021-22","12662","Ohio St.","Rikki Harris",1,3,1019,1495,476,15,19,-4,0
"2021-22","12662","Maryland","Shyanne Sellers",0,2,1118,1458,340,17,10,7,0
"2021-22","12662","Maryland","Katie Benzan",11,2,1118,2400,1282,47,33,14,0
"2021-22","12662","Ohio St.","Braxtin Miller",10,3,1118,1582,464,11,22,-11,0
"2021-22","12662","Ohio St.","Rebeka Mikulasikova",23,3,1200,1267,67,0,6,-6,0
"2021-22","12662","Ohio St.","Tanaya Beacham",35,3,1267,1495,228,11,9,2,0
"2021-22","12662","Maryland","Mimi Collins",2,3,1458,1675,217,12,1,11,0
"2021-22","12662","Maryland","Taisiya Kozlova",14,2,1458,1511,53,2,1,1,0
"2021-22","12662","Ohio St.","Taylor Thierry",14,3,1495,1671,176,0,10,-10,0
"2021-22","12662","Ohio St.","Rebeka Mikulasikova",23,4,1495,1622,127,0,9,-9,0
"2021-22","12662","Maryland","Shyanne Sellers",0,3,1511,2400,889,28,22,6,0
"2021-22","12662","Maryland","Angel Reese",10,3,1511,1800,289,10,4,6,0
"2021-22","12662","Ohio St.","Rikki Harris",1,4,1582,2062,480,11,15,-4,0
"2021-22","12662","Ohio St.","Tanaya Beacham",35,4,1622,2400,778,22,19,3,0
"2021-22","12662","Ohio St.","Braxtin Miller",10,4,1671,1893,222,7,3,4,0
"2021-22","12662","Maryland","Chloe Bibby",55,2,1675,2400,725,18,22,-4,0
"2021-22","12662","Maryland","Mimi Collins",2,4,1800,2007,207,8,5,3,0
"2021-22","12662","Ohio St.","Taylor Thierry",14,4,1893,2261,368,7,13,-6,0
"2021-22","12662","Ohio St.","Braxtin Miller",10,5,1914,2400,486,15,13,2,0
"2021-22","12662","Maryland","Angel Reese",10,4,2007,2400,393,10,13,-3,0
"2021-22","12662","Ohio St.","Jacy Sheldon",4,2,2062,2400,338,11,8,3,0
"2021-22","12662","Ohio St.","Rikki Harris",1,5,2261,2400,139,8,2,6,0
"2021-22","12663","Maryland","Shyanne Sellers",0,1,0,367,367,6,7,-1,1
"2021-22","12663","Maryland","Diamond Miller",1,1,0,196,196,2,4,-2,1
"2021-22","12663","Maryland","Angel Reese",10,1,0,117,117,0,0,0,1
"2021-22","12663","Maryland","Katie Benzan",11,1,0,1468,1468,32,31,1,1
"2021-22","12663","Maryland","Chloe Bibby",55,1,0,321,321,6,7,-1,1
"2021-22","12663","Michigan","Naz Hillmon",0,1,0,915,915,18,21,-3,1
"2021-22","12663","Michigan","Maddie Nolan",3,1,0,374,374,7,6,1,1
"2021-22","12663","Michigan","Laila Phelia",5,1,0,141,141,2,0,2,1
"2021-22","12663","Michigan","Danielle Rauch",23,1,0,281,281,7,2,5,1
"2021-22","12663","Michigan","Emily Kiser",33,1,0,281,281,7,2,5,1
"2021-22","12663","Maryland","Mimi Collins",2,1,117,600,483,13,11,2,0
"2021-22","12663","Michigan","Amy Dilk",1,1,141,196,55,2,2,0,0
"2021-22","12663","Maryland","Ashley Owusu",15,1,196,321,125,4,3,1,0
"2021-22","12663","Michigan","Laila Phelia",5,2,196,475,279,5,6,-1,0
"2021-22","12663","Michigan","Amy Dilk",1,2,281,658,377,4,11,-7,0
"2021-22","12663","Michigan","Cameron Williams",44,1,281,321,40,0,4,-4,0
"2021-22","12663","Maryland","Diamond Miller",1,2,321,867,546,15,9,6,0
"2021-22","12663","Maryland","Angel Reese",10,2,321,475,154,2,2,0,0
"2021-22","12663","Michigan","Emily Kiser",33,2,321,600,279,4,7,-3,0
"2021-22","12663","Maryland","Ashley Owusu",15,2,367,599,232,7,4,3,0
"2021-22","12663","Michigan","Danielle Rauch",23,2,374,2400,2026,64,53,11,0
"2021-22","12663","Maryland","Chloe Bibby",55,2,475,2400,1925,51,62,-11,0
"2021-22","12663","Michigan","Maddie Nolan",3,2,475,722,247,5,9,-4,0
"2021-22","12663","Maryland","Angel Reese",10,3,599,748,149,4,5,-1,0
"2021-22","12663","Maryland","Shyanne Sellers",0,2,600,748,148,4,5,-1,0
"2021-22","12663","Michigan","Izabel VarejÃ£o",34,1,600,676,76,0,2,-2,0
"2021-22","12663","Michigan","Jordan Hobbs",10,1,658,776,118,5,6,-1,0
"2021-22","12663","Michigan","Emily Kiser",33,3,676,1468,792,20,17,3,0
"2021-22","12663","Michigan","Laila Phelia",5,3,722,1062,340,4,4,0,0
"2021-22","12663","Maryland","Mimi Collins",2,2,748,915,167,4,2,2,0
"2021-22","12663","Maryland","Ashley Owusu",15,3,748,1200,452,7,8,-1,0
"2021-22","12663","Michigan","Amy Dilk",1,3,776,867,91,0,2,-2,0
"2021-22","12663","Maryland","Shyanne Sellers",0,3,867,1125,258,1,4,-3,0
"2021-22","12663","Michigan","Maddie Nolan",3,3,867,2400,1533,55,38,17,0
"2021-22","12663","Maryland","Angel Reese",10,4,915,940,25,0,0,0,0
"2021-22","12663","Michigan","Cameron Williams",44,2,915,1007,92,0,0,0,0
"2021-22","12663","Maryland","Mimi Collins",2,3,940,1200,260,3,6,-3,0
"2021-22","12663","Michigan","Naz Hillmon",0,2,1007,1726,719,24,18,6,0
"2021-22","12663","Michigan","Amy Dilk",1,4,1062,1200,138,6,3,3,0
"2021-22","12663","Maryland","Diamond Miller",1,3,1125,1605,480,15,17,-2,0
"2021-22","12663","Maryland","Shyanne Sellers",0,4,1200,1516,316,8,9,-1,0
"2021-22","12663","Maryland","Angel Reese",10,5,1200,1387,187,6,2,4,0
"2021-22","12663","Michigan","Laila Phelia",5,4,1200,1554,354,11,12,-1,0
"2021-22","12663","Maryland","Mimi Collins",2,4,1387,1800,413,11,19,-8,0
"2021-22","12663","Maryland","Ashley Owusu",15,4,1468,1800,332,9,14,-5,0
"2021-22","12663","Michigan","Elise Stuck",30,1,1468,1650,182,7,5,2,0
"2021-22","12663","Maryland","Katie Benzan",11,2,1516,2400,884,27,38,-11,0
"2021-22","12663","Michigan","Amy Dilk",1,5,1554,1676,122,3,1,2,0
"2021-22","12663","Maryland","Shyanne Sellers",0,5,1605,2400,795,22,34,-12,0
"2021-22","12663","Michigan","Emily Kiser",33,4,1650,2400,750,33,22,11,0
"2021-22","12663","Michigan","Laila Phelia",5,5,1676,2043,367,17,8,9,0
"2021-22","12663","Michigan","Cameron Williams",44,3,1726,1800,74,3,2,1,0
"2021-22","12663","Maryland","Diamond Miller",1,4,1800,2400,600,18,26,-8,0
"2021-22","12663","Maryland","Angel Reese",10,6,1800,1890,90,2,2,0,0
"2021-22","12663","Michigan","Naz Hillmon",0,3,1800,2400,600,26,18,8,0
"2021-22","12663","Maryland","Mimi Collins",2,5,1890,2146,256,4,9,-5,0
"2021-22","12663","Michigan","Amy Dilk",1,6,2043,2099,56,0,2,-2,0
"2021-22","12663","Michigan","Laila Phelia",5,6,2099,2400,301,16,12,4,0
"2021-22","12663","Maryland","Angel Reese",10,7,2146,2227,81,4,3,1,0
"2021-22","12663","Maryland","Mimi Collins",2,6,2227,2274,47,0,2,-2,0
"2021-22","12663","Maryland","Ashley Owusu",15,5,2274,2400,126,8,10,-2,0
"2021-22","12664","Indiana","Nicole Cardano-Hillary",4,1,0,204,204,4,6,-2,1
"2021-22","12664","Indiana","Aleksa Gulbe",10,1,0,2400,2400,64,67,-3,1
"2021-22","12664","Indiana","Ali Patberg",14,1,0,307,307,6,9,-3,1
"2021-22","12664","Indiana","Grace Berger",34,1,0,425,425,6,14,-8,1
"2021-22","12664","Indiana","Mackenzie Holmes",54,1,0,282,282,6,6,0,1
"2021-22","12664","Maryland","Shyanne Sellers",0,1,0,307,307,9,6,3,1
"2021-22","12664","Maryland","Diamond Miller",1,1,0,425,425,14,6,8,1
"2021-22","12664","Maryland","Katie Benzan",11,1,0,2400,2400,67,64,3,1
"2021-22","12664","Maryland","Angel Reese",30,1,0,186,186,6,4,2,1
"2021-22","12664","Maryland","Chloe Bibby",55,1,0,1800,1800,55,51,4,1
"2021-22","12664","Maryland","Mimi Collins",2,1,186,600,414,13,6,7,0
"2021-22","12664","Indiana","Chloe Moore-McNeil",22,1,204,491,287,4,10,-6,0
"2021-22","12664","Indiana","Kiandra Browne",23,1,282,425,143,0,8,-8,0
"2021-22","12664","Indiana","Nicole Cardano-Hillary",4,2,307,828,521,13,19,-6,0
"2021-22","12664","Maryland","Angel Reese",30,2,307,491,184,7,2,5,0
"2021-22","12664","Indiana","Ali Patberg",14,2,425,600,175,2,5,-3,0
"2021-22","12664","Indiana","Mackenzie Holmes",54,2,425,717,292,11,8,3,0
"2021-22","12664","Maryland","Shyanne Sellers",0,2,425,453,28,2,0,2,0
"2021-22","12664","Maryland","Diamond Miller",1,2,453,828,375,12,13,-1,0
"2021-22","12664","Indiana","Grace Berger",34,2,491,600,109,0,3,-3,0
"2021-22","12664","Maryland","Shyanne Sellers",0,3,491,2166,1675,47,51,-4,0
"2021-22","12664","Indiana","Grace Waggoner",3,1,600,600,0,2,0,2,0
"2021-22","12664","Indiana","Chloe Moore-McNeil",22,2,600,1200,600,24,18,6,0
"2021-22","12664","Indiana","Grace Berger",34,3,600,2400,1800,56,48,8,0
"2021-22","12664","Maryland","Angel Reese",30,3,600,1518,918,28,28,0,0
"2021-22","12664","Indiana","Kiandra Browne",23,2,717,881,164,4,8,-4,0
"2021-22","12664","Indiana","Ali Patberg",14,3,828,1418,590,19,19,0,0
"2021-22","12664","Maryland","Mimi Collins",2,2,828,1154,326,9,8,1,0
"2021-22","12664","Indiana","Mackenzie Holmes",54,3,881,1390,509,17,17,0,0
"2021-22","12664","Maryland","Emma Chardon",21,1,1154,1200,46,0,5,-5,0
"2021-22","12664","Indiana","Nicole Cardano-Hillary",4,3,1200,1518,318,6,10,-4,0
"2021-22","12664","Maryland","Diamond Miller",1,3,1200,2400,1200,30,32,-2,0
"2021-22","12664","Indiana","Kiandra Browne",23,3,1390,1518,128,0,0,0,0
"2021-22","12664","Indiana","Chloe Moore-McNeil",22,3,1418,2131,713,17,16,1,0
"2021-22","12664","Indiana","Ali Patberg",14,4,1518,2400,882,26,20,6,0
"2021-22","12664","Indiana","Mackenzie Holmes",54,4,1518,1930,412,13,10,3,0
"2021-22","12664","Maryland","Mimi Collins",2,3,1518,1944,426,10,13,-3,0
"2021-22","12664","Maryland","Angel Reese",30,4,1800,2400,600,12,13,-1,0
"2021-22","12664","Indiana","Kiandra Browne",23,4,1930,1974,44,2,0,2,0
"2021-22","12664","Maryland","Chloe Bibby",55,2,1944,2255,311,8,10,-2,0
"2021-22","12664","Indiana","Mackenzie Holmes",54,5,1974,2350,376,8,8,0,0
"2021-22","12664","Indiana","Nicole Cardano-Hillary",4,4,2131,2274,143,6,2,4,0
"2021-22","12664","Maryland","Mimi Collins",2,4,2166,2350,184,2,2,0,0
"2021-22","12664","Maryland","Shyanne Sellers",0,4,2255,2400,145,2,3,-1,0
"2021-22","12664","Indiana","Chloe Moore-McNeil",22,4,2274,2400,126,3,2,1,0
"2021-22","12664","Indiana","Nicole Cardano-Hillary",4,5,2350,2400,50,3,2,1,0
"2021-22","12664","Maryland","Chloe Bibby",55,3,2350,2389,39,2,3,-1,0
"2021-22","12664","Maryland","Mimi Collins",2,5,2389,2400,11,0,0,0,0
"2021-22","12706","Delaware","Tyi Skinner",3,1,0,545,545,17,24,-7,1
"2021-22","12706","Delaware","Paris McBride",4,1,0,427,427,13,21,-8,1
"2021-22","12706","Delaware","Lizzie Oleary",12,1,0,158,158,4,11,-7,1
"2021-22","12706","Delaware","Jasmine Dickey",20,1,0,2294,2294,71,98,-27,1
"2021-22","12706","Delaware","Ty Battle",33,1,0,545,545,17,24,-7,1
"2021-22","12706","Maryland","Diamond Miller",1,1,0,362,362,19,11,8,1
"2021-22","12706","Maryland","Angel Reese",10,1,0,241,241,13,6,7,1
"2021-22","12706","Maryland","Katie Benzan",11,1,0,440,440,22,13,9,1
"2021-22","12706","Maryland","Ashley Owusu",15,1,0,241,241,13,6,7,1
"2021-22","12706","Maryland","Chloe Bibby",55,1,0,362,362,19,11,8,1
"2021-22","12706","Delaware","Makayla Pippin",14,1,158,723,565,13,19,-6,0
"2021-22","12706","Maryland","Shyanne Sellers",0,1,241,1200,959,36,33,3,0
"2021-22","12706","Maryland","Mimi Collins",2,1,241,545,304,11,11,0,0
"2021-22","12706","Maryland","Angel Reese",10,2,362,1010,648,20,17,3,0
"2021-22","12706","Maryland","Ashley Owusu",15,2,362,568,206,6,6,0,0
"2021-22","12706","Delaware","Jewel Smalls",30,1,427,1200,773,26,28,-2,0
"2021-22","12706","Maryland","Diamond Miller",1,2,440,600,160,5,4,1,0
"2021-22","12706","Delaware","Paris McBride",4,2,545,879,334,8,12,-4,0
"2021-22","12706","Delaware","Lizzie Oleary",12,2,545,913,368,9,12,-3,0
"2021-22","12706","Maryland","Chloe Bibby",55,2,545,733,188,6,0,6,0
"2021-22","12706","Maryland","Katie Benzan",11,2,568,586,18,0,0,0,0
"2021-22","12706","Maryland","Ashley Owusu",15,3,586,723,137,5,0,5,0
"2021-22","12706","Maryland","Katie Benzan",11,3,600,1502,902,36,29,7,0
"2021-22","12706","Delaware","Ty Battle",33,2,723,1641,918,32,42,-10,0
"2021-22","12706","Maryland","Diamond Miller",1,3,723,1010,287,9,11,-2,0
"2021-22","12706","Maryland","Mimi Collins",2,2,733,1200,467,19,22,-3,0
"2021-22","12706","Delaware","Tyi Skinner",3,2,879,1887,1008,31,51,-20,0
"2021-22","12706","Delaware","Makayla Pippin",14,2,913,1010,97,2,3,-1,0
"2021-22","12706","Delaware","Lizzie Oleary",12,3,1010,1393,383,16,16,0,0
"2021-22","12706","Maryland","Ashley Owusu",15,4,1010,1428,418,21,18,3,0
"2021-22","12706","Maryland","Chloe Bibby",55,3,1010,1641,631,33,21,12,0
"2021-22","12706","Delaware","Paris McBride",4,3,1200,1428,228,7,10,-3,0
"2021-22","12706","Maryland","Diamond Miller",1,4,1200,1260,60,3,0,3,0
"2021-22","12706","Maryland","Angel Reese",10,3,1200,1393,193,8,5,3,0
"2021-22","12706","Maryland","Shyanne Sellers",0,2,1260,1750,490,24,15,9,0
"2021-22","12706","Delaware","Makayla Pippin",14,3,1393,1927,534,14,32,-18,0
"2021-22","12706","Maryland","Mimi Collins",2,3,1393,1502,109,6,2,4,0
"2021-22","12706","Delaware","Jewel Smalls",30,2,1428,1641,213,3,13,-10,0
"2021-22","12706","Maryland","Diamond Miller",1,5,1428,1840,412,24,10,14,0
"2021-22","12706","Maryland","Angel Reese",10,4,1502,1800,298,17,10,7,0
"2021-22","12706","Maryland","Ashley Owusu",15,5,1502,2400,898,39,25,14,0
"2021-22","12706","Delaware","Paris McBride",4,4,1641,1804,163,7,10,-3,0
"2021-22","12706","Delaware","Lizzie Oleary",12,4,1641,1840,199,7,12,-5,0
"2021-22","12706","Maryland","Mimi Collins",2,4,1641,2400,759,30,22,8,0
"2021-22","12706","Maryland","Katie Benzan",11,4,1750,1887,137,11,2,9,0
"2021-22","12706","Maryland","Chloe Bibby",55,4,1800,1975,175,7,4,3,0
"2021-22","12706","Delaware","Tee Johnson",10,1,1804,2294,490,15,16,-1,0
"2021-22","12706","Delaware","Ty Battle",33,3,1840,2294,454,15,14,1,0
"2021-22","12706","Maryland","Shyanne Sellers",0,3,1840,1975,135,3,4,-1,0
"2021-22","12706","Delaware","Paris McBride",4,5,1887,2294,407,15,11,4,0
"2021-22","12706","Maryland","Taisiya Kozlova",14,1,1887,2400,513,15,15,0,0
"2021-22","12706","Delaware","Lizzie Oleary",12,5,1927,2244,317,13,9,4,0
"2021-22","12706","Maryland","Diamond Miller",1,6,1975,2400,425,15,11,4,0
"2021-22","12706","Maryland","Angel Reese",10,5,1975,2244,269,9,11,-2,0
"2021-22","12706","Delaware","Maddie Sims",25,1,2244,2400,156,0,6,-6,0
"2021-22","12706","Maryland","Emma Chardon",21,1,2244,2400,156,6,0,6,0
"2021-22","12706","Delaware","Tara Cousins",2,1,2294,2400,106,0,4,-4,0
"2021-22","12706","Delaware","Makayla Pippin",14,4,2294,2400,106,0,4,-4,0
"2021-22","12706","Delaware","Mar Tejedor",22,1,2294,2400,106,0,4,-4,0
"2021-22","12706","Delaware","Jewel Smalls",30,3,2294,2400,106,0,4,-4,0
"2021-22","12707","Maryland","Diamond Miller",1,1,0,124,124,0,3,-3,1
"2021-22","12707","Maryland","Angel Reese",10,1,0,124,124,0,3,-3,1
"2021-22","12707","Maryland","Katie Benzan",11,1,0,2400,2400,66,72,-6,1
"2021-22","12707","Maryland","Ashley Owusu",15,1,0,124,124,0,3,-3,1
"2021-22","12707","Maryland","Chloe Bibby",55,1,0,216,216,2,8,-6,1
"2021-22","12707","Stanford","Anna Wilson",3,1,0,759,759,24,16,8,1
"2021-22","12707","Stanford","Lexie Hull",12,1,0,145,145,3,0,3,1
"2021-22","12707","Stanford","Cameron Brink",22,1,0,399,399,14,8,6,1
"2021-22","12707","Stanford","Lacie Hull",24,1,0,600,600,22,10,12,1
"2021-22","12707","Stanford","Haley Jones",30,1,0,552,552,20,8,12,1
"2021-22","12707","Maryland","Shyanne Sellers",0,1,124,216,92,2,5,-3,0
"2021-22","12707","Maryland","Diamond Miller",1,2,124,216,92,2,5,-3,0
"2021-22","12707","Maryland","Mimi Collins",2,1,124,441,317,8,13,-5,0
"2021-22","12707","Stanford","Francesca Belibi",5,1,145,600,455,19,10,9,0
"2021-22","12707","Maryland","Diamond Miller",1,3,216,441,225,6,8,-2,0
"2021-22","12707","Maryland","Angel Reese",10,2,216,399,183,6,6,0,0
"2021-22","12707","Maryland","Ashley Owusu",15,2,216,552,336,6,12,-6,0
"2021-22","12707","Maryland","Chloe Bibby",55,2,399,833,434,8,10,-2,0
"2021-22","12707","Stanford","Ashten Prechtel",11,1,399,490,91,4,0,4,0
"2021-22","12707","Maryland","Shyanne Sellers",0,2,441,1195,754,15,22,-7,0
"2021-22","12707","Maryland","Angel Reese",10,3,441,751,310,8,8,0,0
"2021-22","12707","Stanford","Cameron Brink",22,2,490,897,407,9,8,1,0
"2021-22","12707","Maryland","Diamond Miller",1,4,552,564,12,2,0,2,0
"2021-22","12707","Stanford","Hannah Jump",33,1,552,751,199,4,8,-4,0
"2021-22","12707","Maryland","Mimi Collins",2,2,564,600,36,0,2,-2,0
"2021-22","12707","Maryland","Ashley Owusu",15,3,600,751,151,6,2,4,0
"2021-22","12707","Stanford","Lexie Hull",12,2,600,2400,1800,50,56,-6,0
"2021-22","12707","Stanford","Haley Jones",30,2,600,2383,1783,49,51,-2,0
"2021-22","12707","Maryland","Diamond Miller",1,5,751,897,146,0,3,-3,0
"2021-22","12707","Maryland","Mimi Collins",2,3,751,1200,449,7,15,-8,0
"2021-22","12707","Stanford","Francesca Belibi",5,2,751,960,209,3,1,2,0
"2021-22","12707","Stanford","Lacie Hull",24,2,759,1036,277,8,3,5,0
"2021-22","12707","Maryland","Angel Reese",10,4,833,1089,256,3,8,-5,0
"2021-22","12707","Maryland","Ashley Owusu",15,4,897,960,63,1,0,1,0
"2021-22","12707","Stanford","Ashten Prechtel",11,2,897,960,63,0,1,-1,0
"2021-22","12707","Maryland","Chloe Bibby",55,3,960,2400,1440,49,45,4,0
"2021-22","12707","Stanford","Anna Wilson",3,2,960,2392,1432,44,46,-2,0
"2021-22","12707","Stanford","Kiki Iriafen",44,1,960,1200,240,12,6,6,0
"2021-22","12707","Stanford","Hannah Jump",33,2,1036,1195,159,6,4,2,0
"2021-22","12707","Maryland","Ashley Owusu",15,5,1089,1588,499,13,18,-5,0
"2021-22","12707","Maryland","Taisiya Kozlova",14,1,1195,1200,5,0,1,-1,0
"2021-22","12707","Stanford","Agnes Emma-Nnopu",2,1,1195,1200,5,1,0,1,0
"2021-22","12707","Maryland","Diamond Miller",1,6,1200,1399,199,7,5,2,0
"2021-22","12707","Maryland","Angel Reese",10,5,1200,1497,297,7,9,-2,0
"2021-22","12707","Stanford","Cameron Brink",22,3,1200,1317,117,2,2,0,0
"2021-22","12707","Stanford","Lacie Hull",24,3,1200,1363,163,5,5,0,0
"2021-22","12707","Stanford","Francesca Belibi",5,3,1317,1497,180,7,5,2,0
"2021-22","12707","Stanford","Hannah Jump",33,3,1363,1800,437,15,8,7,0
"2021-22","12707","Maryland","Shyanne Sellers",0,3,1399,1748,349,4,15,-11,0
"2021-22","12707","Maryland","Mimi Collins",2,4,1497,1610,113,2,2,0,0
"2021-22","12707","Stanford","Kiki Iriafen",44,2,1497,1729,232,11,3,8,0
"2021-22","12707","Maryland","Diamond Miller",1,7,1588,1800,212,4,9,-5,0
"2021-22","12707","Maryland","Angel Reese",10,6,1610,1729,119,1,9,-8,0
"2021-22","12707","Maryland","Mimi Collins",2,5,1729,1927,198,10,3,7,0
"2021-22","12707","Stanford","Francesca Belibi",5,4,1729,1800,71,0,3,-3,0
"2021-22","12707","Maryland","Ashley Owusu",15,6,1748,1905,157,9,3,6,0
"2021-22","12707","Maryland","Shyanne Sellers",0,4,1800,1971,171,7,3,4,0
"2021-22","12707","Stanford","Cameron Brink",22,4,1800,1997,197,5,9,-4,0
"2021-22","12707","Stanford","Lacie Hull",24,4,1800,1866,66,0,5,-5,0
"2021-22","12707","Stanford","Hannah Jump",33,4,1866,2105,239,5,9,-4,0
"2021-22","12707","Maryland","Diamond Miller",1,8,1905,2085,180,5,2,3,0
"2021-22","12707","Maryland","Angel Reese",10,7,1927,2400,473,23,10,13,0
"2021-22","12707","Maryland","Ashley Owusu",15,7,1971,2054,83,5,2,3,0
"2021-22","12707","Stanford","Kiki Iriafen",44,3,1997,2105,108,0,5,-5,0
"2021-22","12707","Maryland","Shyanne Sellers",0,5,2054,2392,338,15,7,8,0
"2021-22","12707","Maryland","Mimi Collins",2,6,2085,2400,315,18,8,10,0
"2021-22","12707","Stanford","Cameron Brink",22,5,2105,2150,45,2,1,1,0
"2021-22","12707","Stanford","Lacie Hull",24,5,2105,2389,284,7,11,-4,0
"2021-22","12707","Stanford","Francesca Belibi",5,5,2150,2400,250,6,15,-9,0
"2021-22","12707","Stanford","Agnes Emma-Nnopu",2,2,2383,2400,17,1,5,-4,0
"2021-22","12707","Stanford","Alyssa Jerome",10,1,2389,2400,11,1,5,-4,0
"2021-22","12707","Maryland","Taisiya Kozlova",14,2,2392,2400,8,3,1,2,0
"2021-22","12707","Stanford","Brooke Demetre",21,1,2392,2400,8,1,3,-2,0
"2021-22","12966","Indiana","Nicole Cardano-Hillary",4,1,0,366,366,8,7,1,1
"2021-22","12966","Indiana","Aleksa Gulbe",10,1,0,2373,2373,61,49,12,1
"2021-22","12966","Indiana","Ali Patberg",14,1,0,214,214,4,4,0,1
"2021-22","12966","Indiana","Grace Berger",34,1,0,518,518,14,11,3,1
"2021-22","12966","Indiana","Mackenzie Holmes",54,1,0,145,145,2,2,0,1
"2021-22","12966","Maryland","Shyanne Sellers",0,1,0,101,101,2,2,0,1
"2021-22","12966","Maryland","Diamond Miller",1,1,0,600,600,13,18,-5,1
"2021-22","12966","Maryland","Angel Reese",10,1,0,214,214,4,4,0,1
"2021-22","12966","Maryland","Katie Benzan",11,1,0,1688,1688,39,43,-4,1
"2021-22","12966","Maryland","Chloe Bibby",55,1,0,600,600,13,18,-5,1
"2021-22","12966","Maryland","Ashley Owusu",15,1,101,447,346,7,8,-1,0
"2021-22","12966","Indiana","Arielle Wisne",25,1,145,214,69,2,2,0,0
"2021-22","12966","Indiana","Chloe Moore-McNeil",22,1,214,600,386,14,9,5,0
"2021-22","12966","Indiana","Mackenzie Holmes",54,2,214,738,524,18,9,9,0
"2021-22","12966","Maryland","Mimi Collins",2,1,214,791,577,9,18,-9,0
"2021-22","12966","Indiana","Ali Patberg",14,2,366,791,425,14,6,8,0
"2021-22","12966","Maryland","Shyanne Sellers",0,2,447,791,344,4,12,-8,0
"2021-22","12966","Indiana","Nicole Cardano-Hillary",4,2,518,968,450,14,10,4,0
"2021-22","12966","Indiana","Grace Berger",34,2,600,856,256,6,4,2,0
"2021-22","12966","Maryland","Angel Reese",10,2,600,738,138,0,4,-4,0
"2021-22","12966","Maryland","Ashley Owusu",15,2,600,738,138,0,4,-4,0
"2021-22","12966","Indiana","Arielle Wisne",25,2,738,856,118,2,4,-2,0
"2021-22","12966","Maryland","Diamond Miller",1,2,738,1392,654,14,15,-1,0
"2021-22","12966","Maryland","Chloe Bibby",55,2,738,1564,826,22,17,5,0
"2021-22","12966","Indiana","Chloe Moore-McNeil",22,2,791,1054,263,6,10,-4,0
"2021-22","12966","Maryland","Angel Reese",10,3,791,1158,367,12,12,0,0
"2021-22","12966","Maryland","Ashley Owusu",15,3,791,968,177,8,6,2,0
"2021-22","12966","Indiana","Ali Patberg",14,3,856,1392,536,13,10,3,0
"2021-22","12966","Indiana","Mackenzie Holmes",54,3,856,1035,179,4,6,-2,0
"2021-22","12966","Indiana","Grace Berger",34,3,968,1498,530,9,10,-1,0
"2021-22","12966","Maryland","Shyanne Sellers",0,3,968,1564,596,14,11,3,0
"2021-22","12966","Indiana","Kiandra Browne",23,1,1035,1054,19,0,0,0,0
"2021-22","12966","Indiana","Grace Waggoner",3,1,1054,1066,12,0,0,0,0
"2021-22","12966","Indiana","Nicole Cardano-Hillary",4,3,1054,1446,392,9,6,3,0
"2021-22","12966","Indiana","Mackenzie Holmes",54,4,1066,1368,302,9,4,5,0
"2021-22","12966","Maryland","Mimi Collins",2,2,1158,1200,42,0,0,0,0
"2021-22","12966","Maryland","Angel Reese",10,4,1200,1455,255,4,3,1,0
"2021-22","12966","Indiana","Arielle Wisne",25,3,1368,1392,24,0,0,0,0
"2021-22","12966","Indiana","Chloe Moore-McNeil",22,3,1392,1564,172,2,8,-6,0
"2021-22","12966","Indiana","Mackenzie Holmes",54,5,1392,1688,296,7,12,-5,0
"2021-22","12966","Maryland","Ashley Owusu",15,4,1392,1800,408,14,10,4,0
"2021-22","12966","Indiana","Ali Patberg",14,4,1446,1800,354,10,12,-2,0
"2021-22","12966","Maryland","Mimi Collins",2,3,1455,1619,164,6,2,4,0
"2021-22","12966","Indiana","Nicole Cardano-Hillary",4,4,1498,2349,851,18,18,0,0
"2021-22","12966","Indiana","Grace Berger",34,4,1564,2373,809,22,14,8,0
"2021-22","12966","Maryland","Diamond Miller",1,3,1564,2400,836,16,23,-7,0
"2021-22","12966","Maryland","Angel Reese",10,5,1564,1696,132,4,5,-1,0
"2021-22","12966","Maryland","Chloe Bibby",55,3,1619,2010,391,10,13,-3,0
"2021-22","12966","Indiana","Chloe Moore-McNeil",22,4,1688,2080,392,8,8,0,0
"2021-22","12966","Maryland","Shyanne Sellers",0,4,1688,1872,184,2,6,-4,0
"2021-22","12966","Maryland","Mimi Collins",2,4,1696,1731,35,0,1,-1,0
"2021-22","12966","Maryland","Angel Reese",10,6,1731,2113,382,8,9,-1,0
"2021-22","12966","Indiana","Mackenzie Holmes",54,6,1800,1951,151,5,2,3,0
"2021-22","12966","Maryland","Katie Benzan",11,2,1800,2336,536,8,7,1,0
"2021-22","12966","Maryland","Ashley Owusu",15,5,1872,2349,477,8,6,2,0
"2021-22","12966","Indiana","Ali Patberg",14,5,1951,2400,449,10,8,2,0
"2021-22","12966","Maryland","Shyanne Sellers",0,5,2010,2176,166,2,2,0,0
"2021-22","12966","Indiana","Mackenzie Holmes",54,7,2080,2272,192,2,0,2,0
"2021-22","12966","Maryland","Chloe Bibby",55,4,2113,2242,129,0,0,0,0
"2021-22","12966","Maryland","Angel Reese",10,7,2176,2356,180,2,3,-1,0
"2021-22","12966","Maryland","Mimi Collins",2,5,2242,2349,107,2,1,1,0
"2021-22","12966","Indiana","Chloe Moore-McNeil",22,5,2272,2322,50,0,2,-2,0
"2021-22","12966","Indiana","Mackenzie Holmes",54,8,2322,2336,14,0,0,0,0
"2021-22","12966","Indiana","Chloe Moore-McNeil",22,6,2336,2337,1,0,0,0,0
"2021-22","12966","Maryland","Shyanne Sellers",0,6,2336,2349,13,0,1,-1,0
"2021-22","12966","Indiana","Mackenzie Holmes",54,9,2337,2349,12,1,0,1,0
"2021-22","12966","Indiana","Nicole Cardano-Hillary",4,5,2349,2400,51,7,2,5,0
"2021-22","12966","Indiana","Chloe Moore-McNeil",22,7,2349,2400,51,7,2,5,0
"2021-22","12966","Maryland","Shyanne Sellers",0,7,2349,2400,51,2,7,-5,0
"2021-22","12966","Maryland","Katie Benzan",11,3,2349,2400,51,2,7,-5,0
"2021-22","12966","Maryland","Chloe Bibby",55,5,2349,2400,51,2,7,-5,0
"2021-22","12966","Maryland","Ashley Owusu",15,6,2356,2400,44,2,5,-3,0
"2021-22","12966","Indiana","Kaitlin Peterson",1,1,2373,2400,27,1,2,-1,0
"2021-22","12966","Indiana","Grace Waggoner",3,2,2373,2400,27,1,2,-1,0
"2021-22","12970","Fgcu","Kierstan Bell",1,1,0,325,325,11,14,-3,1
"2021-22","12970","Fgcu","Tishara Morehouse",4,1,0,325,325,11,14,-3,1
"2021-22","12970","Fgcu","Kendall Spray",10,1,0,377,377,11,16,-5,1
"2021-22","12970","Fgcu","Kerstie Phills",13,1,0,325,325,11,14,-3,1
"2021-22","12970","Fgcu","Emma List",32,1,0,377,377,11,16,-5,1
"2021-22","12970","Maryland","Diamond Miller",1,1,0,377,377,16,11,5,1
"2021-22","12970","Maryland","Angel Reese",10,1,0,182,182,9,5,4,1
"2021-22","12970","Maryland","Katie Benzan",11,1,0,1647,1647,65,44,21,1
"2021-22","12970","Maryland","Ashley Owusu",15,1,0,325,325,14,11,3,1
"2021-22","12970","Maryland","Chloe Bibby",55,1,0,911,911,33,32,1,1
"2021-22","12970","Maryland","Mimi Collins",2,1,182,600,418,14,18,-4,0
"2021-22","12970","Fgcu","Andrea Cecil",3,1,325,600,275,12,9,3,0
"2021-22","12970","Fgcu","Tyra Cox",15,1,325,600,275,12,9,3,0
"2021-22","12970","Fgcu","Karli Seay",23,1,325,600,275,12,9,3,0
"2021-22","12970","Maryland","Shyanne Sellers",0,1,325,731,406,12,15,-3,0
"2021-22","12970","Fgcu","Kierstan Bell",1,2,377,851,474,18,17,1,0
"2021-22","12970","Fgcu","Tishara Morehouse",4,2,377,600,223,12,7,5,0
"2021-22","12970","Maryland","Ashley Owusu",15,2,377,600,223,7,12,-5,0
"2021-22","12970","Fgcu","Kaela Webb",0,1,600,654,54,0,1,-1,0
"2021-22","12970","Fgcu","Kendall Spray",10,2,600,1266,666,16,26,-10,0
"2021-22","12970","Fgcu","Kerstie Phills",13,2,600,851,251,6,10,-4,0
"2021-22","12970","Fgcu","Emma List",32,2,600,731,131,3,3,0,0
"2021-22","12970","Maryland","Diamond Miller",1,2,600,911,311,10,9,1,0
"2021-22","12970","Maryland","Angel Reese",10,2,600,851,251,10,6,4,0
"2021-22","12970","Fgcu","Tishara Morehouse",4,3,654,1570,916,21,40,-19,0
"2021-22","12970","Fgcu","Andrea Cecil",3,2,731,911,180,6,7,-1,0
"2021-22","12970","Maryland","Ashley Owusu",15,3,731,851,120,7,3,4,0
"2021-22","12970","Fgcu","Karli Seay",23,2,851,1085,234,10,9,1,0
"2021-22","12970","Fgcu","Emma List",32,3,851,1053,202,10,7,3,0
"2021-22","12970","Maryland","Shyanne Sellers",0,2,851,1200,349,14,10,4,0
"2021-22","12970","Maryland","Mimi Collins",2,2,851,973,122,3,7,-4,0
"2021-22","12970","Fgcu","Kierstan Bell",1,3,911,1053,142,7,7,0,0
"2021-22","12970","Maryland","Angel Reese",10,3,911,1053,142,7,7,0,0
"2021-22","12970","Maryland","Ashley Owusu",15,4,911,1443,532,25,9,16,0
"2021-22","12970","Maryland","Chloe Bibby",55,2,973,1540,567,24,6,18,0
"2021-22","12970","Fgcu","Andrea Cecil",3,3,1053,1146,93,0,4,-4,0
"2021-22","12970","Fgcu","Kerstie Phills",13,3,1053,1146,93,0,4,-4,0
"2021-22","12970","Maryland","Diamond Miller",1,3,1053,1540,487,20,3,17,0
"2021-22","12970","Fgcu","Emma List",32,4,1085,1357,272,0,11,-11,0
"2021-22","12970","Fgcu","Kierstan Bell",1,4,1146,1357,211,0,9,-9,0
"2021-22","12970","Fgcu","Karli Seay",23,3,1146,1200,54,0,3,-3,0
"2021-22","12970","Fgcu","Kerstie Phills",13,4,1200,1443,243,2,11,-9,0
"2021-22","12970","Maryland","Angel Reese",10,4,1200,1443,243,11,2,9,0
"2021-22","12970","Fgcu","Karli Seay",23,4,1266,1570,304,5,15,-10,0
"2021-22","12970","Fgcu","Andrea Cecil",3,4,1357,1570,213,5,11,-6,0
"2021-22","12970","Fgcu","Kendall Spray",10,3,1357,1443,86,2,5,-3,0
"2021-22","12970","Fgcu","Kierstan Bell",1,5,1443,1506,63,1,0,1,0
"2021-22","12970","Fgcu","Tyra Cox",15,2,1443,1540,97,1,2,-1,0
"2021-22","12970","Maryland","Shyanne Sellers",0,3,1443,1762,319,11,11,0,0
"2021-22","12970","Maryland","Mimi Collins",2,3,1443,1762,319,11,11,0,0
"2021-22","12970","Fgcu","Kerstie Phills",13,5,1506,1762,256,10,11,-1,0
"2021-22","12970","Fgcu","Kendall Spray",10,4,1540,1647,107,2,5,-3,0
"2021-22","12970","Maryland","Angel Reese",10,5,1540,2010,470,18,12,6,0
"2021-22","12970","Maryland","Ashley Owusu",15,5,1540,2010,470,18,12,6,0
"2021-22","12970","Fgcu","Kaela Webb",0,2,1570,1796,226,8,7,1,0
"2021-22","12970","Fgcu","Kierstan Bell",1,6,1570,1762,192,8,5,3,0
"2021-22","12970","Fgcu","Emma List",32,5,1570,1762,192,8,5,3,0
"2021-22","12970","Fgcu","Karli Seay",23,5,1647,1906,259,8,9,-1,0
"2021-22","12970","Maryland","Diamond Miller",1,4,1647,2185,538,19,20,-1,0
"2021-22","12970","Fgcu","Andrea Cecil",3,5,1762,1832,70,0,2,-2,0
"2021-22","12970","Fgcu","Tishara Morehouse",4,4,1762,2010,248,2,9,-7,0
"2021-22","12970","Fgcu","Seneca Hackley",24,1,1762,1800,38,0,2,-2,0
"2021-22","12970","Maryland","Katie Benzan",11,2,1762,2141,379,15,9,6,0
"2021-22","12970","Maryland","Chloe Bibby",55,3,1762,2265,503,16,12,4,0
"2021-22","12970","Fgcu","Kendall Spray",10,5,1796,1875,79,0,3,-3,0
"2021-22","12970","Fgcu","Emma List",32,6,1800,2075,275,7,9,-2,0
"2021-22","12970","Fgcu","Kierstan Bell",1,7,1832,2141,309,9,13,-4,0
"2021-22","12970","Fgcu","Tyra Cox",15,3,1875,2010,135,2,4,-2,0
"2021-22","12970","Fgcu","Kerstie Phills",13,6,1906,2265,359,12,11,1,0
"2021-22","12970","Fgcu","Kaela Webb",0,3,2010,2141,131,7,6,1,0
"2021-22","12970","Fgcu","Kendall Spray",10,6,2010,2265,255,10,7,3,0
"2021-22","12970","Maryland","Shyanne Sellers",0,4,2010,2400,390,11,11,0,0
"2021-22","12970","Maryland","Mimi Collins",2,4,2010,2400,390,11,11,0,0
"2021-22","12970","Fgcu","Karli Seay",23,6,2075,2265,190,5,5,0,0
"2021-22","12970","Fgcu","Andrea Cecil",3,6,2141,2265,124,3,1,2,0
"2021-22","12970","Fgcu","Tishara Morehouse",4,5,2141,2265,124,3,1,2,0
"2021-22","12970","Maryland","Ashley Owusu",15,6,2141,2400,259,5,4,1,0
"2021-22","12970","Maryland","Katie Benzan",11,3,2185,2265,80,1,0,1,0
"2021-22","12970","Fgcu","Maddie Antenucci",11,1,2265,2400,135,1,4,-3,0
"2021-22","12970","Fgcu","Tanner Bryant",20,1,2265,2400,135,1,4,-3,0
"2021-22","12970","Fgcu","Kierra Adams",21,1,2265,2400,135,1,4,-3,0
"2021-22","12970","Fgcu","Seneca Hackley",24,2,2265,2365,100,0,4,-4,0
"2021-22","12970","Fgcu","Milan Schimmel",31,1,2265,2400,135,1,4,-3,0
"2021-22","12970","Maryland","Taisiya Kozlova",14,1,2265,2400,135,4,1,3,0
"2021-22","12970","Maryland","Emma Chardon",21,1,2265,2400,135,4,1,3,0
"2021-22","12970","Fgcu","Tyra Cox",15,4,2365,2400,35,1,0,1,0
