"source_id","file_id","team","lineup","num_players","start_seconds","end_seconds","duration","pts_for","pts_against","plus_minus"
"2014-15","9555","Maryland","Brionna Jones|Laurin Mincy|Lexie Brown|Malina Howard|S. Walker-Kimbrough",5,0,110,110,5,0,5
"2014-15","9555","Mount St. Mary's","Jacqueline BREWER|Jenn CARNEY|Jody CHICKEY|Kaitlyn EISENHARD|Kayla BATES",5,0,147,147,0,9,-9
"2014-15","9555","Maryland","Brionna Jones|Kristen Confroy|Laurin Mincy|Lexie Brown|Malina Howard",5,110,286,176,9,5,4
"2014-15","9555","Mount St. Mary's","Jacqueline BREWER|Jenn CARNEY|Jody CHICKEY|Kayla BATES|S. ARTHUR-WILLIAMS",5,147,338,191,5,9,-4
"2014-15","9555","Mount St. Mary's","Jacqueline BREWER|Jenn CARNEY|Jessica HARRIS|Jody CHICKEY|S. ARTHUR-WILLIAMS",5,338,352,14,0,0,0
"2014-15","9555","Maryland","Kiara Leslie|Kristen Confroy|Laurin Mincy|Lexie Brown|Tierney Pfirman",5,286,384,98,4,2,2
"2014-15","9555","Maryland","Kristen Confroy|Laurin Mincy|Lexie Brown|Malina Howard|Tierney Pfirman",5,384,440,56,4,0,4
"2014-15","9555","Mount St. Mary's","Jacqueline BREWER|Jenn CARNEY|Jessica HARRIS|K. BELANGER-FINN|S. ARTHUR-WILLIAMS",5,352,497,145,4,9,-5
"2014-15","9555","Maryland","Brene Moseley|Kristen Confroy|Laurin Mincy|Malina Howard|Tierney Pfirman",5,440,497,57,5,2,3
"2014-15","9555","Mount St. Mary's","Jacqueline BREWER|Jenn CARNEY|Jessica HARRIS|K. BELANGER-FINN|Kaitlyn EISENHARD",5,497,599,102,3,4,-1
"2014-15","9555","Maryland","Brene Moseley|Brionna Jones|Laurin Mincy|Malina Howard|S. Walker-Kimbrough",5,497,637,140,5,3,2
"2014-15","9555","Maryland","Brene Moseley|Lexie Brown|Malina Howard|S. Walker-Kimbrough|Tierney Pfirman",5,637,696,59,3,2,1
"2014-15","9555","Maryland","Brene Moseley|Kiara Leslie|Lexie Brown|Malina Howard|Tierney Pfirman",5,696,698,2,0,1,-1
"2014-15","9555","Mount St. Mary's","Jacqueline BREWER|Jenn CARNEY|Jessica HARRIS|Jody CHICKEY|Kaitlyn EISENHARD",5,599,713,114,3,4,-1
"2014-15","9555","Maryland","Aja Ellison|Brene Moseley|Kiara Leslie|Lexie Brown|Malina Howard",5,698,750,52,0,0,0
"2014-15","9555","Mount St. Mary's","Jenn CARNEY|Jessica HARRIS|Jody CHICKEY|Kaitlyn EISENHARD|Katrice DICKSON",5,713,770,57,0,0,0
"2014-15","9555","Mount St. Mary's","Caroline HUMMELL|Jenn CARNEY|Jessica HARRIS|Jody CHICKEY|Katrice DICKSON",5,770,771,1,0,0,0
"2014-15","9555","Maryland","Aja Ellison|Kiara Leslie|Kristen Confroy|Lexie Brown|Malina Howard",5,750,774,24,0,0,0
"2014-15","9555","Maryland","Brionna Jones|Kiara Leslie|Kristen Confroy|Lexie Brown|Malina Howard",5,774,784,10,0,2,-2
"2014-15","9555","Mount St. Mary's","Caroline HUMMELL|Jacqueline BREWER|Jenn CARNEY|Jody CHICKEY|Katrice DICKSON",5,771,860,89,2,6,-4
"2014-15","9555","Maryland","Brionna Jones|Chloe Pavlech|Kiara Leslie|Kristen Confroy|Malina Howard",5,784,906,122,8,0,8
"2014-15","9555","Mount St. Mary's","Caroline HUMMELL|Jacqueline BREWER|Jody CHICKEY|Katrice DICKSON|Kayla BATES",5,860,1105,245,4,12,-8
"2014-15","9555","Maryland","Kiara Leslie|Kristen Confroy|Laurin Mincy|Malina Howard|Tierney Pfirman",5,906,1105,199,10,4,6
"2014-15","9555","Maryland","Aja Ellison|Brene Moseley|Brionna Jones|Laurin Mincy|Lexie Brown",5,1105,1200,95,4,4,0
"2014-15","9555","Mount St. Mary's","Jacqueline BREWER|Jenn CARNEY|K. BELANGER-FINN|Katrice DICKSON|Stacey KOUTRIS",5,1105,1200,95,4,4,0
"2014-15","9555","Mount St. Mary's","Jacqueline BREWER|Jenn CARNEY|Jody CHICKEY|Kaitlyn EISENHARD|Kayla BATES",5,1200,1345,145,2,2,0
"2014-15","9555","Mount St. Mary's","Jacqueline BREWER|Jenn CARNEY|Jessica HARRIS|Jody CHICKEY|Kaitlyn EISENHARD",5,1345,1354,9,0,2,-2
"2014-15","9555","Mount St. Mary's","Jacqueline BREWER|Jenn CARNEY|Jessica HARRIS|Jody CHICKEY|S. ARTHUR-WILLIAMS",5,1354,1401,47,2,4,-2
"2014-15","9555","Maryland","Brionna Jones|Laurin Mincy|Lexie Brown|Malina Howard|S. Walker-Kimbrough",5,1200,1440,240,10,4,6
"2014-15","9555","Maryland","Laurin Mincy|Lexie Brown|Malina Howard|S. Walker-Kimbrough|Tierney Pfirman",5,1440,1530,90,4,0,4
"2014-15","9555","Mount St. Mary's","Jacqueline BREWER|Jenn CARNEY|Jessica HARRIS|K. BELANGER-FINN|S. ARTHUR-WILLIAMS",5,1401,1582,181,0,12,-12
"2014-15","9555","Maryland","Kiara Leslie|Kristen Confroy|Lexie Brown|S. Walker-Kimbrough|Tierney Pfirman",5,1530,1613,83,7,3,4
"2014-15","9555","Mount St. Mary's","Jacqueline BREWER|Jenn CARNEY|Jessica HARRIS|Kayla BATES|S. ARTHUR-WILLIAMS",5,1582,1626,44,3,1,2
"2014-15","9555","Mount St. Mary's","Caroline HUMMELL|Jacqueline BREWER|Jenn CARNEY|Katrice DICKSON|S. ARTHUR-WILLIAMS",5,1626,1742,116,4,6,-2
"2014-15","9555","Maryland","Brene Moseley|Chloe Pavlech|Kiara Leslie|Kristen Confroy|Tierney Pfirman",5,1613,1742,129,6,4,2
"2014-15","9555","Mount St. Mary's","Caroline HUMMELL|Jacqueline BREWER|Katrice DICKSON|S. ARTHUR-WILLIAMS",4,1742,1835,93,1,4,-3
"2014-15","9555","Mount St. Mary's","Caroline HUMMELL|Jacqueline BREWER|Jody CHICKEY|Katrice DICKSON|S. ARTHUR-WILLIAMS",5,1835,1918,83,2,0,2
"2014-15","9555","Maryland","Aja Ellison|Brene Moseley|Chloe Pavlech|Kristen Confroy|S. Walker-Kimbrough",5,1742,1918,176,4,3,1
"2014-15","9555","Mount St. Mary's","Caroline HUMMELL|Jacqueline BREWER|Jenn CARNEY|Jody CHICKEY|S. ARTHUR-WILLIAMS",5,1918,1954,36,0,0,0
"2014-15","9555","Mount St. Mary's","Caroline HUMMELL|Jacqueline BREWER|Jody CHICKEY|Kaitlyn EISENHARD|Kayla BATES",5,1954,2149,195,5,8,-3
"2014-15","9555","Maryland","Aja Ellison|Brene Moseley|Chloe Pavlech|Kiara Leslie|Kristen Confroy",5,1918,2149,231,8,5,3
"2014-15","9555","Mount St. Mary's","Caroline HUMMELL|Jacqueline BREWER|Jody CHICKEY|Kayla BATES|S. ARTHUR-WILLIAMS",5,2149,2155,6,0,0,0
"2014-15","9555","Maryland","Brene Moseley|Brionna Jones|Chloe Pavlech|Kiara Leslie|Tierney Pfirman",5,2149,2184,35,0,0,0
"2014-15","9555","Mount St. Mary's","Caroline HUMMELL|Jacqueline BREWER|K. BELANGER-FINN|Kayla BATES|S. ARTHUR-WILLIAMS",5,2155,2281,126,1,5,-4
"2014-15","9555","Mount St. Mary's","Caroline HUMMELL|Jacqueline BREWER|Jody CHICKEY|Kayla BATES|S. ARTHUR-WILLIAMS",5,2281,2349,68,0,5,-5
"2014-15","9555","Maryland","Aja Ellison|Brene Moseley|Chloe Pavlech|Kiara Leslie|Tierney Pfirman",5,2184,2400,216,13,1,12
"2014-15","9555","Mount St. Mary's","Caroline HUMMELL|Jackie BUZAID|Jody CHICKEY|Kayla BATES|Stacey KOUTRIS",5,2349,2400,51,0,3,-3
"2014-15","9556","Maryland","Brionna Jones|Laurin Mincy|Lexie Brown|Malina Howard|S. Walker-Kimbrough",5,0,183,183,11,2,9
"2014-15","9556","Wagner","Jackie DLUHI|Jasmine NWAJEI|Jordyn PECK|Lyndsay ROWE|Ugo NWAIGWE",5,0,281,281,4,17,-13
"2014-15","9556","Maryland","Brene Moseley|Brionna Jones|Laurin Mincy|Malina Howard|S. Walker-Kimbrough",5,183,281,98,6,2,4
"2014-15","9556","Maryland","Brene Moseley|Kristen Confroy|Malina Howard|S. Walker-Kimbrough|Tierney Pfirman",5,281,355,74,0,0,0
"2014-15","9556","Wagner","Jackie DLUHI|Jasmine NWAJEI|Jordyn PECK|Sofia ROMA|Tanasia RUSSELL",5,281,426,145,0,4,-4
"2014-15","9556","Maryland","A'Lexus Harrison|Brene Moseley|Kiara Leslie|Kristen Confroy|Malina Howard",5,355,426,71,4,0,4
"2014-15","9556","Wagner","Jackie DLUHI|Jordyn PECK|Lyndsay ROWE|Sofia ROMA|Tanasia RUSSELL",5,426,447,21,1,0,1
"2014-15","9556","Maryland","A'Lexus Harrison|Brene Moseley|Brionna Jones|Kiara Leslie|Kristen Confroy",5,426,447,21,0,1,-1
"2014-15","9556","Maryland","A'Lexus Harrison|Brene Moseley|Brionna Jones|Chloe Pavlech|Kiara Leslie",5,447,502,55,0,0,0
"2014-15","9556","Wagner","Jordyn PECK|Lyndsay ROWE|M. CONYERS-JORDAN|Samantha SULLIVAN|Ugo NWAIGWE",5,447,608,161,2,2,0
"2014-15","9556","Maryland","A'Lexus Harrison|Brionna Jones|Chloe Pavlech|Kiara Leslie|S. Walker-Kimbrough",5,502,608,106,2,2,0
"2014-15","9556","Maryland","A'Lexus Harrison|Brionna Jones|Laurin Mincy|Lexie Brown|S. Walker-Kimbrough",5,608,650,42,2,0,2
"2014-15","9556","Wagner","Jasmine NWAJEI|Jordyn PECK|M. CONYERS-JORDAN|Samantha SULLIVAN|Ugo NWAIGWE",5,608,690,82,0,4,-4
"2014-15","9556","Wagner","Jordyn PECK|Lyndsay ROWE|M. CONYERS-JORDAN|Samantha SULLIVAN|Sofia ROMA",5,690,789,99,0,6,-6
"2014-15","9556","Maryland","Brionna Jones|Kristen Confroy|Lexie Brown|S. Walker-Kimbrough|Tierney Pfirman",5,650,789,139,8,0,8
"2014-15","9556","Wagner","Jackie DLUHI|Jordyn PECK|Lyndsay ROWE|Sofia ROMA|Tanasia RUSSELL",5,789,875,86,0,4,-4
"2014-15","9556","Maryland","Kristen Confroy|Lexie Brown|Malina Howard|S. Walker-Kimbrough|Tierney Pfirman",5,789,875,86,4,0,4
"2014-15","9556","Maryland","Aja Ellison|Kristen Confroy|Lexie Brown|Malina Howard|S. Walker-Kimbrough",5,875,893,18,0,0,0
"2014-15","9556","Wagner","Jackie DLUHI|Lyndsay ROWE|Sofia ROMA|Tanasia RUSSELL|Tessa WADE",5,875,1009,134,0,4,-4
"2014-15","9556","Maryland","Aja Ellison|Kiara Leslie|Laurin Mincy|Lexie Brown|Malina Howard",5,893,1009,116,4,0,4
"2014-15","9556","Maryland","Aja Ellison|Brene Moseley|Kiara Leslie|Laurin Mincy|Malina Howard",5,1009,1035,26,0,0,0
"2014-15","9556","Maryland","A'Lexus Harrison|Brene Moseley|Laurin Mincy|Malina Howard|Tierney Pfirman",5,1035,1128,93,6,0,6
"2014-15","9556","Wagner","Jackie DLUHI|Lyndsay ROWE|M. CONYERS-JORDAN|Sofia ROMA|Tessa WADE",5,1009,1143,134,0,6,-6
"2014-15","9556","Maryland","A'Lexus Harrison|Brene Moseley|Kiara Leslie|Kristen Confroy|Laurin Mincy",5,1128,1200,72,2,0,2
"2014-15","9556","Wagner","Jackie DLUHI|Lyndsay ROWE|M. CONYERS-JORDAN|Samantha SULLIVAN|Tessa WADE",5,1143,1200,57,0,2,-2
"2014-15","9556","Wagner","Jackie DLUHI|Jasmine NWAJEI|Jordyn PECK|Lyndsay ROWE|Sofia ROMA",5,1200,1491,291,4,17,-13
"2014-15","9556","Maryland","Brionna Jones|Laurin Mincy|Lexie Brown|Malina Howard|S. Walker-Kimbrough",5,1200,1491,291,17,4,13
"2014-15","9556","Maryland","Chloe Pavlech|Kristen Confroy|Laurin Mincy|Malina Howard|Tierney Pfirman",5,1491,1502,11,0,1,-1
"2014-15","9556","Wagner","Jasmine NWAJEI|Lyndsay ROWE|M. CONYERS-JORDAN|Samantha SULLIVAN|Ugo NWAIGWE",5,1491,1583,92,1,2,-1
"2014-15","9556","Maryland","Chloe Pavlech|Kiara Leslie|Kristen Confroy|Malina Howard|Tierney Pfirman",5,1502,1583,81,2,0,2
"2014-15","9556","Wagner","Jordyn PECK|Lyndsay ROWE|M. CONYERS-JORDAN|Samantha SULLIVAN|Ugo NWAIGWE",5,1583,1688,105,0,2,-2
"2014-15","9556","Maryland","Aja Ellison|Chloe Pavlech|Kiara Leslie|Kristen Confroy|Tierney Pfirman",5,1583,1838,255,6,3,3
"2014-15","9556","Wagner","Jackie DLUHI|Jasmine NWAJEI|Jordyn PECK|Sofia ROMA|Tessa WADE",5,1688,1911,223,5,6,-1
"2014-15","9556","Wagner","Jasmine NWAJEI|Jordyn PECK|Lyndsay ROWE|Samantha SULLIVAN|Tanasia RUSSELL",5,1911,2120,209,3,11,-8
"2014-15","9556","Maryland","Brene Moseley|Chloe Pavlech|Kiara Leslie|Malina Howard|Tierney Pfirman",5,1838,2120,282,13,5,8
"2014-15","9556","Wagner","Jordyn PECK|Lyndsay ROWE|M. CONYERS-JORDAN|Sofia ROMA|Tanasia RUSSELL",5,2120,2190,70,0,5,-5
"2014-15","9556","Maryland","A'Lexus Harrison|Brene Moseley|Chloe Pavlech|Kristen Confroy|Laurin Mincy",5,2120,2204,84,5,0,5
"2014-15","9556","Maryland","Aja Ellison|Brene Moseley|Chloe Pavlech|Kristen Confroy|Laurin Mincy",5,2204,2294,90,2,2,0
"2014-15","9556","Maryland","Aja Ellison|Brene Moseley|Chloe Pavlech|Kiara Leslie|Kristen Confroy",5,2294,2400,106,3,2,1
"2014-15","9556","Wagner","M. CONYERS-JORDAN|Samantha SULLIVAN|Sofia ROMA|Tanasia RUSSELL|Tessa WADE",5,2190,2400,210,4,5,-1
"2014-15","9557","Maryland","Brionna Jones|Laurin Mincy|Lexie Brown|Malina Howard|S. Walker-Kimbrough",5,0,160,160,7,0,7
"2014-15","9557","Maryland","A'Lexus Harrison|Laurin Mincy|Lexie Brown|Malina Howard|S. Walker-Kimbrough",5,160,185,25,2,0,2
"2014-15","9557","South Florida","Alisia JENKINS|Courtney WILLIAMS|Katelyn WEBER|Laura FERREIRA|Laura MARCOS CANEDO",5,0,224,224,2,9,-7
"2014-15","9557","South Florida","Alisia JENKINS|Courtney WILLIAMS|Katelyn WEBER|Laura FERREIRA|Shaleth STRINGFIELD",5,224,234,10,0,3,-3
"2014-15","9557","Maryland","A'Lexus Harrison|Brene Moseley|Laurin Mincy|Malina Howard|S. Walker-Kimbrough",5,185,293,108,5,4,1
"2014-15","9557","South Florida","Alisia JENKINS|Courtney WILLIAMS|Laura FERREIRA|Paige CASHIN|Shaleth STRINGFIELD",5,234,350,116,4,4,0
"2014-15","9557","Maryland","A'Lexus Harrison|Brene Moseley|Kiara Leslie|Malina Howard|S. Walker-Kimbrough",5,293,350,57,2,2,0
"2014-15","9557","Maryland","A'Lexus Harrison|Brionna Jones|Kiara Leslie|Lexie Brown|S. Walker-Kimbrough",5,350,385,35,2,2,0
"2014-15","9557","Maryland","A'Lexus Harrison|Brionna Jones|Kiara Leslie|Kristen Confroy|Lexie Brown",5,385,423,38,3,2,1
"2014-15","9557","Maryland","Brionna Jones|Kiara Leslie|Kristen Confroy|Lexie Brown|Tierney Pfirman",5,423,476,53,3,2,1
"2014-15","9557","South Florida","Alisia JENKINS|Courtney WILLIAMS|Maria JESPERSEN|Shaleth STRINGFIELD|Tamara TAYLOR",5,350,482,132,9,8,1
"2014-15","9557","Maryland","Brene Moseley|Kiara Leslie|Kristen Confroy|Malina Howard|Tierney Pfirman",5,476,482,6,0,3,-3
"2014-15","9557","Maryland","Brionna Jones|Kiara Leslie|Kristen Confroy|Lexie Brown|Malina Howard",5,482,522,40,0,3,-3
"2014-15","9557","South Florida","Alisia JENKINS|Courtney WILLIAMS|Laura FERREIRA|Maria JESPERSEN|Shaleth STRINGFIELD",5,482,559,77,3,0,3
"2014-15","9557","Maryland","A'Lexus Harrison|Kristen Confroy|Lexie Brown|Malina Howard|S. Walker-Kimbrough",5,522,601,79,0,0,0
"2014-15","9557","South Florida","Alisia JENKINS|Courtney WILLIAMS|Katelyn WEBER|Laura FERREIRA|Shaleth STRINGFIELD",5,559,656,97,2,5,-3
"2014-15","9557","Maryland","Brionna Jones|Laurin Mincy|Lexie Brown|Malina Howard|S. Walker-Kimbrough",5,601,656,55,5,2,3
"2014-15","9557","South Florida","Courtney WILLIAMS|Katelyn WEBER|Laura FERREIRA|Maria JESPERSEN|Shaleth STRINGFIELD",5,656,732,76,5,4,1
"2014-15","9557","Maryland","Laurin Mincy|Lexie Brown|Malina Howard|S. Walker-Kimbrough|Tierney Pfirman",5,656,732,76,4,5,-1
"2014-15","9557","South Florida","Courtney WILLIAMS|Katelyn WEBER|Laia FLORES|Laura FERREIRA|Maria JESPERSEN",5,732,785,53,4,2,2
"2014-15","9557","Maryland","Kiara Leslie|Laurin Mincy|Lexie Brown|Malina Howard|S. Walker-Kimbrough",5,732,785,53,2,4,-2
"2014-15","9557","South Florida","Courtney WILLIAMS|Laia FLORES|Laura FERREIRA|Maria JESPERSEN|Paige CASHIN",5,785,854,69,0,0,0
"2014-15","9557","Maryland","Brionna Jones|Laurin Mincy|Lexie Brown|Malina Howard|S. Walker-Kimbrough",5,785,872,87,2,1,1
"2014-15","9557","South Florida","Bre BROOKS|Courtney WILLIAMS|Maria JESPERSEN|Paige CASHIN|Tamara TAYLOR",5,854,955,101,1,8,-7
"2014-15","9557","Maryland","Brene Moseley|Brionna Jones|Laurin Mincy|Malina Howard|S. Walker-Kimbrough",5,872,1008,136,6,0,6
"2014-15","9557","South Florida","Courtney WILLIAMS|Laura FERREIRA|Paige CASHIN|Shaleth STRINGFIELD|Tamara TAYLOR",5,955,1083,128,2,2,0
"2014-15","9557","Maryland","Brene Moseley|Kiara Leslie|Laurin Mincy|Malina Howard|S. Walker-Kimbrough",5,1008,1083,75,2,2,0
"2014-15","9557","Maryland","Brene Moseley|Kristen Confroy|Laurin Mincy|Malina Howard|S. Walker-Kimbrough",5,1083,1200,117,5,1,4
"2014-15","9557","South Florida","Ariadna PUJOL|Courtney WILLIAMS|Laura FERREIRA|Paige CASHIN|Shaleth STRINGFIELD",5,1083,1200,117,1,5,-4
"2014-15","9557","South Florida","Alisia JENKINS|Courtney WILLIAMS|Laura FERREIRA|Laura MARCOS CANEDO|Maria JESPERSEN",5,1200,1291,91,0,6,-6
"2014-15","9557","South Florida","Alisia JENKINS|Ariadna PUJOL|Laura FERREIRA|Laura MARCOS CANEDO|Maria JESPERSEN",5,1291,1404,113,5,4,1
"2014-15","9557","Maryland","Brionna Jones|Laurin Mincy|Lexie Brown|Malina Howard|S. Walker-Kimbrough",5,1200,1404,204,10,5,5
"2014-15","9557","Maryland","Brionna Jones|Kristen Confroy|Laurin Mincy|Lexie Brown|Malina Howard",5,1404,1440,36,0,2,-2
"2014-15","9557","South Florida","Ariadna PUJOL|Laura MARCOS CANEDO|Maria JESPERSEN|Shavontae NAYLOR|Tamara TAYLOR",5,1404,1507,103,2,3,-1
"2014-15","9557","South Florida","Ariadna PUJOL|Maria JESPERSEN|Shaleth STRINGFIELD|Shavontae NAYLOR|Tamara TAYLOR",5,1507,1527,20,0,0,0
"2014-15","9557","Maryland","A'Lexus Harrison|Kristen Confroy|Laurin Mincy|Lexie Brown|Malina Howard",5,1440,1527,87,3,0,3
"2014-15","9557","Maryland","A'Lexus Harrison|Kristen Confroy|Lexie Brown|Malina Howard|S. Walker-Kimbrough",5,1527,1600,73,0,3,-3
"2014-15","9557","South Florida","Alisia JENKINS|Ariadna PUJOL|Courtney WILLIAMS|Maria JESPERSEN|Shaleth STRINGFIELD",5,1527,1612,85,5,0,5
"2014-15","9557","Maryland","Kiara Leslie|Kristen Confroy|Lexie Brown|Malina Howard|S. Walker-Kimbrough",5,1600,1658,58,0,4,-4
"2014-15","9557","Maryland","Kristen Confroy|Laurin Mincy|Lexie Brown|Malina Howard|S. Walker-Kimbrough",5,1658,1675,17,0,0,0
"2014-15","9557","Maryland","Brionna Jones|Kristen Confroy|Laurin Mincy|Lexie Brown|S. Walker-Kimbrough",5,1675,1804,129,2,4,-2
"2014-15","9557","Maryland","Kristen Confroy|Laurin Mincy|Lexie Brown|Malina Howard|S. Walker-Kimbrough",5,1804,1818,14,0,2,-2
"2014-15","9557","South Florida","Alisia JENKINS|Ariadna PUJOL|Courtney WILLIAMS|Shaleth STRINGFIELD|Shavontae NAYLOR",5,1612,1885,273,8,7,1
"2014-15","9557","South Florida","Alisia JENKINS|Courtney WILLIAMS|Laura FERREIRA|Maria JESPERSEN|Shaleth STRINGFIELD",5,1885,1944,59,0,2,-2
"2014-15","9557","South Florida","Alisia JENKINS|Courtney WILLIAMS|Laura FERREIRA|Laura MARCOS CANEDO|Maria JESPERSEN",5,1944,2153,209,9,5,4
"2014-15","9557","Maryland","A'Lexus Harrison|Kristen Confroy|Laurin Mincy|Lexie Brown|S. Walker-Kimbrough",5,1818,2153,335,12,9,3
"2014-15","9557","South Florida","Courtney WILLIAMS|Laura FERREIRA|Laura MARCOS CANEDO|Maria JESPERSEN|Shavontae NAYLOR",5,2153,2195,42,0,2,-2
"2014-15","9557","Maryland","Brene Moseley|Brionna Jones|Laurin Mincy|Lexie Brown|Malina Howard",5,2153,2196,43,2,0,2
"2014-15","9557","South Florida","Courtney WILLIAMS|Laura FERREIRA|Maria JESPERSEN|Shaleth STRINGFIELD|Shavontae NAYLOR",5,2195,2215,20,0,0,0
"2014-15","9557","Maryland","A'Lexus Harrison|Brene Moseley|Laurin Mincy|Lexie Brown|Malina Howard",5,2196,2297,101,4,3,1
"2014-15","9557","Maryland","A'Lexus Harrison|Kristen Confroy|Lexie Brown|Malina Howard|S. Walker-Kimbrough",5,2297,2400,103,2,2,0
"2014-15","9557","South Florida","Alisia JENKINS|Courtney WILLIAMS|Laura FERREIRA|Shaleth STRINGFIELD|Shavontae NAYLOR",5,2215,2400,185,5,6,-1
"2014-15","9558","Maryland","Brionna Jones|Laurin Mincy|Lexie Brown|Malina Howard|S. Walker-Kimbrough",5,0,54,54,0,2,-2
"2014-15","9558","George Washington","Caira Washington|Hannah Schaible|Jonquel Jones|Kelli Prange|Lauren Chase",5,0,101,101,4,4,0
"2014-15","9558","Maryland","Brene Moseley|Brionna Jones|Laurin Mincy|Malina Howard|S. Walker-Kimbrough",5,54,208,154,6,6,0
"2014-15","9558","George Washington","Hannah Schaible|Jonquel Jones|Kelli Prange|Lauren Chase",4,101,244,143,4,2,2
"2014-15","9558","Maryland","Brene Moseley|Brionna Jones|Kristen Confroy|Laurin Mincy|Malina Howard",5,208,249,41,0,0,0
"2014-15","9558","Maryland","A'Lexus Harrison|Brene Moseley|Brionna Jones|Kristen Confroy|Laurin Mincy",5,249,335,86,7,2,5
"2014-15","9558","George Washington","Brianna Cummings|Hannah Schaible|Jonquel Jones|Kelli Prange|Lauren Chase",5,244,335,91,2,7,-5
"2014-15","9558","Maryland","A'Lexus Harrison|Brene Moseley|Brionna Jones|Kristen Confroy|S. Walker-Kimbrough",5,335,361,26,0,3,-3
"2014-15","9558","Maryland","A'Lexus Harrison|Brionna Jones|Chloe Pavlech|Kristen Confroy|S. Walker-Kimbrough",5,361,425,64,2,0,2
"2014-15","9558","George Washington","Brianna Cummings|Jonquel Jones|Kelli Prange|Lauren Chase|Shannon Cranshaw",5,335,425,90,3,2,1
"2014-15","9558","Maryland","A'Lexus Harrison|Chloe Pavlech|Kristen Confroy|S. Walker-Kimbrough|Tierney Pfirman",5,425,464,39,0,2,-2
"2014-15","9558","Maryland","A'Lexus Harrison|Kiara Leslie|Kristen Confroy|S. Walker-Kimbrough|Tierney Pfirman",5,464,491,27,0,0,0
"2014-15","9558","Maryland","A'Lexus Harrison|Brionna Jones|Kiara Leslie|Kristen Confroy|S. Walker-Kimbrough",5,491,514,23,0,0,0
"2014-15","9558","Maryland","A'Lexus Harrison|Brionna Jones|Kristen Confroy|Lexie Brown|S. Walker-Kimbrough",5,514,553,39,0,0,0
"2014-15","9558","George Washington","Brianna Cummings|Caira Washington|Chakecia Miller|Hannah Schaible|Shannon Cranshaw",5,425,553,128,2,0,2
"2014-15","9558","Maryland","A'Lexus Harrison|Kristen Confroy|Lexie Brown|Malina Howard|S. Walker-Kimbrough",5,553,594,41,0,2,-2
"2014-15","9558","George Washington","Brianna Cummings|Caira Washington|Chakecia Miller|Hannah Schaible|Lauren Chase",5,553,594,41,2,0,2
"2014-15","9558","Maryland","Kristen Confroy|Lexie Brown|Malina Howard|S. Walker-Kimbrough|Tierney Pfirman",5,594,622,28,0,0,0
"2014-15","9558","George Washington","Caira Washington|Chakecia Miller|Hannah Schaible|Jonquel Jones|Lauren Chase",5,594,622,28,0,0,0
"2014-15","9558","George Washington","Chakecia Miller|Hannah Schaible|Jonquel Jones|Kelli Prange|Lauren Chase",5,622,754,132,4,7,-3
"2014-15","9558","Maryland","Laurin Mincy|Lexie Brown|Malina Howard|S. Walker-Kimbrough|Tierney Pfirman",5,622,915,293,11,7,4
"2014-15","9558","George Washington","Brianna Cummings|Hannah Schaible|Jonquel Jones|Kelli Prange|Lauren Chase",5,754,915,161,3,4,-1
"2014-15","9558","Maryland","A'Lexus Harrison|Kristen Confroy|Lexie Brown|Malina Howard|S. Walker-Kimbrough",5,915,984,69,0,2,-2
"2014-15","9558","George Washington","Brianna Cummings|Caira Washington|Chakecia Miller|Jonquel Jones|Shannon Cranshaw",5,915,999,84,2,0,2
"2014-15","9558","Maryland","A'Lexus Harrison|Brionna Jones|Kristen Confroy|Lexie Brown|S. Walker-Kimbrough",5,984,1093,109,2,2,0
"2014-15","9558","George Washington","Brianna Cummings|Caira Washington|Jonquel Jones|Lauren Chase|Shannon Cranshaw",5,999,1093,94,2,2,0
"2014-15","9558","George Washington","Brianna Cummings|Caira Washington|Hannah Schaible|Kelli Prange|Lauren Chase",5,1093,1104,11,0,0,0
"2014-15","9558","Maryland","A'Lexus Harrison|Kristen Confroy|Laurin Mincy|Lexie Brown|Malina Howard",5,1093,1170,77,1,2,-1
"2014-15","9558","Maryland","Kristen Confroy|Laurin Mincy|Lexie Brown|Malina Howard|Tierney Pfirman",5,1170,1197,27,0,0,0
"2014-15","9558","George Washington","Brianna Cummings|Hannah Schaible|Jonquel Jones|Kelli Prange|Lauren Chase",5,1104,1200,96,2,1,1
"2014-15","9558","Maryland","Laurin Mincy|Lexie Brown|Malina Howard|S. Walker-Kimbrough|Tierney Pfirman",5,1197,1200,3,0,0,0
"2014-15","9558","Maryland","Brionna Jones|Laurin Mincy|Lexie Brown|Malina Howard|S. Walker-Kimbrough",5,1200,1401,201,6,2,4
"2014-15","9558","George Washington","Caira Washington|Hannah Schaible|Jonquel Jones|Kelli Prange|Lauren Chase",5,1200,1401,201,2,6,-4
"2014-15","9558","George Washington","Caira Washington|Hannah Schaible|Jonquel Jones|Kelli Prange|Lauren Chase|Shannon Cranshaw",6,1401,1483,82,2,6,-4
"2014-15","9558","George Washington","Brianna Cummings|Hannah Schaible|Jonquel Jones|Kelli Prange|Lauren Chase",5,1483,1607,124,6,7,-1
"2014-15","9558","George Washington","Alexis Chandler|Brianna Cummings|Jonquel Jones|Kelli Prange",4,1607,1641,34,2,1,1
"2014-15","9558","George Washington","Alexis Chandler|Brianna Cummings|Jonquel Jones|Kelli Prange|Lauren Chase",5,1641,1712,71,0,2,-2
"2014-15","9558","George Washington","Caira Washington|Hannah Schaible|Jonquel Jones|Kelli Prange|Lauren Chase",5,1712,1745,33,2,0,2
"2014-15","9558","Maryland","Laurin Mincy|Lexie Brown|Malina Howard|S. Walker-Kimbrough|Tierney Pfirman",5,1401,1753,352,16,12,4
"2014-15","9558","George Washington","Alexis Chandler|Caira Washington|Hannah Schaible|Jonquel Jones|Lauren Chase",5,1745,1791,46,0,2,-2
"2014-15","9558","George Washington","Brianna Cummings|Caira Washington|Hannah Schaible|Kelli Prange|Lauren Chase",5,1791,1868,77,2,3,-1
"2014-15","9558","George Washington","Brianna Cummings|Caira Washington|Chakecia Miller|Kelli Prange|Lauren Chase",5,1868,1946,78,0,3,-3
"2014-15","9558","Maryland","A'Lexus Harrison|Brionna Jones|Laurin Mincy|Lexie Brown|S. Walker-Kimbrough",5,1753,1984,231,8,4,4
"2014-15","9558","George Washington","Chakecia Miller|Jonquel Jones|Kelli Prange|Lauren Chase|Shannon Cranshaw",5,1946,2035,89,2,0,2
"2014-15","9558","George Washington","Caira Washington|Chakecia Miller|Jonquel Jones|Lauren Chase|Shannon Cranshaw",5,2035,2094,59,2,5,-3
"2014-15","9558","Maryland","Brionna Jones|Laurin Mincy|Lexie Brown|S. Walker-Kimbrough|Tierney Pfirman",5,1984,2146,162,5,4,1
"2014-15","9558","Maryland","Laurin Mincy|Lexie Brown|Malina Howard|S. Walker-Kimbrough|Tierney Pfirman",5,2146,2151,5,0,0,0
"2014-15","9558","George Washington","Caira Washington|Chakecia Miller|Hannah Schaible|Jonquel Jones|Shannon Cranshaw",5,2094,2172,78,2,0,2
"2014-15","9558","Maryland","Kristen Confroy|Laurin Mincy|Lexie Brown|Malina Howard|S. Walker-Kimbrough",5,2151,2209,58,0,0,0
"2014-15","9558","George Washington","Brianna Cummings|Caira Washington|Chakecia Miller|Jonquel Jones|Lauren Chase",5,2172,2275,103,2,2,0
"2014-15","9558","George Washington","Caira Washington|Chakecia Miller|Hannah Schaible|Kelli Prange|Lauren Chase",5,2275,2294,19,3,2,1
"2014-15","9558","George Washington","Alexis Chandler|Brianna Cummings|Caira Washington|Jonquel Jones|Lauren Chase",5,2294,2295,1,0,2,-2
"2014-15","9558","George Washington","Caira Washington|Chakecia Miller|Hannah Schaible|Jonquel Jones|Lauren Chase",5,2295,2310,15,2,0,2
"2014-15","9558","Maryland","Brionna Jones|Laurin Mincy|Lexie Brown|Malina Howard|S. Walker-Kimbrough",5,2209,2312,103,6,7,-1
"2014-15","9558","Maryland","Kristen Confroy|Laurin Mincy|Lexie Brown|Malina Howard|S. Walker-Kimbrough",5,2312,2315,3,2,0,2
"2014-15","9558","George Washington","Alexis Chandler|Brianna Cummings|Chakecia Miller|Jonquel Jones|Lauren Chase",5,2310,2315,5,0,2,-2
"2014-15","9558","Maryland","Brionna Jones|Laurin Mincy|Lexie Brown|Malina Howard|S. Walker-Kimbrough",5,2315,2322,7,0,2,-2
"2014-15","9558","George Washington","Caira Washington|Hannah Schaible|Jonquel Jones|Lauren Chase|Shannon Cranshaw",5,2315,2326,11,2,0,2
"2014-15","9558","George Washington","Alexis Chandler|Brianna Cummings|Chakecia Miller|Jonquel Jones|Lauren Chase",5,2326,2330,4,0,1,-1
"2014-15","9558","George Washington","Hannah Schaible|Jonquel Jones|Kelli Prange|Lauren Chase|Shannon Cranshaw",5,2330,2351,21,0,2,-2
"2014-15","9558","George Washington","Alexis Chandler|Brianna Cummings|Chakecia Miller|Hannah Schaible|Jonquel Jones",5,2351,2386,35,2,0,2
"2014-15","9558","George Washington","Hannah Schaible|Jonquel Jones|Kelli Prange|Lauren Chase|Shannon Cranshaw",5,2386,2400,14,2,0,2
"2014-15","9558","Maryland","Kristen Confroy|Laurin Mincy|Lexie Brown|Malina Howard|S. Walker-Kimbrough",5,2322,2400,78,3,4,-1
"2014-15","9559","Maryland","Brionna Jones|Laurin Mincy|Lexie Brown|Malina Howard|S. Walker-Kimbrough",5,0,35,35,0,1,-1
"2014-15","9559","Loyola","Bri Betz-White|Colleen Marshall|Jeneh Perry|Lisa Mirarchi|Steph Smith",5,0,194,194,3,11,-8
"2014-15","9559","Maryland","Brionna Jones|Laurin Mincy|Lexie Brown|S. Walker-Kimbrough|Tierney Pfirman",5,35,194,159,11,2,9
"2014-15","9559","Maryland","A'Lexus Harrison|Laurin Mincy|Lexie Brown|S. Walker-Kimbrough|Tierney Pfirman",5,194,282,88,2,0,2
"2014-15","9559","Maryland","A'Lexus Harrison|Kristen Confroy|Laurin Mincy|Lexie Brown|Tierney Pfirman",5,282,371,89,4,8,-4
"2014-15","9559","Loyola","Bri Betz-White|Colleen Marshall|Lauren Daugherty|Lisa Mirarchi|Steph Smith",5,194,438,244,8,8,0
"2014-15","9559","Loyola","Bri Betz-White|Colleen Marshall|Diana Logan|Lauren Daugherty|Steph Smith",5,438,471,33,3,0,3
"2014-15","9559","Maryland","A'Lexus Harrison|Brene Moseley|Brionna Jones|Kristen Confroy|Laurin Mincy",5,371,471,100,2,3,-1
"2014-15","9559","Maryland","A'Lexus Harrison|Kiara Leslie|Kristen Confroy|Laurin Mincy|Malina Howard",5,471,492,21,0,0,0
"2014-15","9559","Loyola","Colleen Marshall|Diana Logan|Karley Kolberg|Lauren Daugherty|Lisa Mirarchi",5,471,689,218,4,4,0
"2014-15","9559","Maryland","Brene Moseley|Kiara Leslie|Laurin Mincy|Malina Howard|S. Walker-Kimbrough",5,492,689,197,4,4,0
"2014-15","9559","Loyola","Colleen Marshall|Diana Logan|Lauren Daugherty|Lisa Mirarchi|Steph Smith",5,689,708,19,3,0,3
"2014-15","9559","Loyola","Bri Betz-White|Colleen Marshall|Lauren Daugherty|Lisa Mirarchi|Steph Smith",5,708,891,183,3,6,-3
"2014-15","9559","Maryland","A'Lexus Harrison|Laurin Mincy|Lexie Brown|Malina Howard|S. Walker-Kimbrough",5,689,891,202,6,6,0
"2014-15","9559","Loyola","Bri Betz-White|Colleen Marshall|Diana Logan|Karley Kolberg|Lauren Daugherty",5,891,996,105,0,2,-2
"2014-15","9559","Maryland","Kristen Confroy|Laurin Mincy|Lexie Brown|Malina Howard|Tierney Pfirman",5,891,1135,244,7,2,5
"2014-15","9559","Maryland","Brionna Jones|Laurin Mincy|Lexie Brown|Malina Howard|S. Walker-Kimbrough",5,1135,1145,10,0,0,0
"2014-15","9559","Maryland","A'Lexus Harrison|Brionna Jones|Laurin Mincy|Lexie Brown|S. Walker-Kimbrough",5,1145,1200,55,2,0,2
"2014-15","9559","Loyola","Bri Betz-White|Colleen Marshall|Lauren Daugherty|Lisa Mirarchi|Steph Smith",5,996,1200,204,2,7,-5
"2014-15","9559","Loyola","Colleen Marshall|Diana Logan|Jeneh Perry|Lisa Mirarchi|Steph Smith",5,1200,1321,121,4,5,-1
"2014-15","9559","Maryland","Brionna Jones|Chloe Pavlech|Laurin Mincy|Lexie Brown|S. Walker-Kimbrough",5,1200,1326,126,8,4,4
"2014-15","9559","Maryland","Brionna Jones|Chloe Pavlech|Laurin Mincy|S. Walker-Kimbrough",4,1326,1456,130,2,0,2
"2014-15","9559","Loyola","Colleen Marshall|Diana Logan|Jeneh Perry|Steph Smith",4,1321,1563,242,0,7,-7
"2014-15","9559","Maryland","A'Lexus Harrison|Brionna Jones|Chloe Pavlech|Laurin Mincy|S. Walker-Kimbrough",5,1456,1653,197,4,2,2
"2014-15","9559","Maryland","A'Lexus Harrison|Chloe Pavlech|Kiara Leslie|S. Walker-Kimbrough|Tierney Pfirman",5,1653,1705,52,2,0,2
"2014-15","9559","Loyola","Colleen Marshall|Diana Logan|Lauren Daugherty|Steph Smith",4,1563,1717,154,2,4,-2
"2014-15","9559","Maryland","A'Lexus Harrison|Brene Moseley|Kiara Leslie|S. Walker-Kimbrough|Tierney Pfirman",5,1705,1846,141,2,2,0
"2014-15","9559","Maryland","A'Lexus Harrison|Brene Moseley|Kiara Leslie|Kristen Confroy|Tierney Pfirman",5,1846,1917,71,2,0,2
"2014-15","9559","Loyola","Carly Monzo|Colleen Marshall|Diana Logan|Lauren Daugherty|Steph Smith",5,1717,2091,374,4,8,-4
"2014-15","9559","Maryland","Aja Ellison|Brene Moseley|Kiara Leslie|Kristen Confroy|Tierney Pfirman",5,1917,2120,203,4,6,-2
"2014-15","9559","Loyola","Carly Monzo|Diana Logan|Lauren Daugherty|Lisa Mirarchi|Steph Smith",5,2091,2183,92,4,0,4
"2014-15","9559","Maryland","Brene Moseley|Brionna Jones|Chloe Pavlech|Kiara Leslie|Kristen Confroy",5,2120,2251,131,3,3,0
"2014-15","9559","Maryland","Aja Ellison|Brene Moseley|Chloe Pavlech|Kiara Leslie|Kristen Confroy",5,2251,2400,149,0,0,0
"2014-15","9559","Loyola","Carly Monzo|Diana Logan|Karley Kolberg|Lauren Daugherty|Lisa Mirarchi",5,2183,2400,217,3,3,0
"2014-15","9560","James Madison","ANGELA MICKENS|JAZMON GWATHMEY|LAUREN OKAFOR|PRECIOUS HALL|TOIA GIGGETTS",5,0,202,202,2,3,-1
"2014-15","9560","James Madison","ANGELA MICKENS|DA'LISHIA GRIFFIN|JAZMON GWATHMEY|LAUREN OKAFOR|PRECIOUS HALL",5,202,241,39,0,2,-2
"2014-15","9560","Maryland","Brionna Jones|Laurin Mincy|Lexie Brown|Malina Howard|S. Walker-Kimbrough",5,0,282,282,7,4,3
"2014-15","9560","James Madison","ANGELA MICKENS|DA'LISHIA GRIFFIN|DESTINY JONES|JAZMON GWATHMEY|PRECIOUS HALL",5,241,289,48,2,2,0
"2014-15","9560","James Madison","ANGELA MICKENS|DA'LISHIA GRIFFIN|DESTINY JONES|LAUREN OKAFOR|PRECIOUS HALL",5,289,312,23,0,2,-2
"2014-15","9560","Maryland","Brionna Jones|Kristen Confroy|Laurin Mincy|Lexie Brown|Malina Howard",5,282,359,77,4,3,1
"2014-15","9560","James Madison","ANGELA MICKENS|DESTINY JONES|LAUREN OKAFOR|PRECIOUS HALL|TOIA GIGGETTS",5,312,367,55,6,2,4
"2014-15","9560","Maryland","A'Lexus Harrison|Kristen Confroy|Laurin Mincy|Lexie Brown|Malina Howard",5,359,379,20,0,3,-3
"2014-15","9560","James Madison","ANGELA MICKENS|JAZMON GWATHMEY|LAUREN OKAFOR|PRECIOUS HALL|TOIA GIGGETTS",5,367,389,22,0,0,0
"2014-15","9560","Maryland","A'Lexus Harrison|Brene Moseley|Kristen Confroy|Laurin Mincy|Malina Howard",5,379,537,158,5,0,5
"2014-15","9560","James Madison","ANGELA MICKENS|DESTINY JONES|JAZMON GWATHMEY|LAUREN OKAFOR|PRECIOUS HALL",5,389,551,162,0,5,-5
"2014-15","9560","James Madison","DESTINY JONES|HAILEE BARRON|JAZMON GWATHMEY|LAUREN OKAFOR|PRECIOUS HALL",5,551,629,78,0,4,-4
"2014-15","9560","James Madison","ANGELA MICKENS|CARLEY BREW|JAZMON GWATHMEY|LAUREN OKAFOR|PRECIOUS HALL",5,629,647,18,0,2,-2
"2014-15","9560","Maryland","A'Lexus Harrison|Brene Moseley|Brionna Jones|Kristen Confroy|Laurin Mincy",5,537,647,110,6,0,6
"2014-15","9560","Maryland","A'Lexus Harrison|Brene Moseley|Brionna Jones|Kristen Confroy|S. Walker-Kimbrough",5,647,655,8,0,1,-1
"2014-15","9560","James Madison","ANGELA MICKENS|CARLEY BREW|JAZMON GWATHMEY|PRECIOUS HALL|TOIA GIGGETTS",5,647,687,40,1,0,1
"2014-15","9560","Maryland","A'Lexus Harrison|Brene Moseley|Kristen Confroy|Malina Howard|S. Walker-Kimbrough",5,655,739,84,3,2,1
"2014-15","9560","James Madison","ANGELA MICKENS|CARLEY BREW|DESTINY JONES|PRECIOUS HALL|TOIA GIGGETTS",5,687,775,88,2,5,-3
"2014-15","9560","James Madison","ANGELA MICKENS|CARLEY BREW|HAILEE BARRON|PRECIOUS HALL|TOIA GIGGETTS",5,775,836,61,2,2,0
"2014-15","9560","Maryland","Brene Moseley|Lexie Brown|Malina Howard|S. Walker-Kimbrough|Tierney Pfirman",5,739,836,97,4,2,2
"2014-15","9560","James Madison","ANGELA MICKENS|DA'LISHIA GRIFFIN|HAILEE BARRON|JAZMON GWATHMEY|LAUREN OKAFOR",5,836,920,84,4,3,1
"2014-15","9560","Maryland","A'Lexus Harrison|Brene Moseley|Brionna Jones|Laurin Mincy|Lexie Brown|S. Walker-Kimbrough|Tierney Pfirman",7,836,965,129,5,6,-1
"2014-15","9560","James Madison","DA'LISHIA GRIFFIN|HAILEE BARRON|JAZMON GWATHMEY|LAUREN OKAFOR|PRECIOUS HALL",5,920,1028,108,2,2,0
"2014-15","9560","Maryland","A'Lexus Harrison|Brene Moseley|Laurin Mincy|Lexie Brown|Malina Howard|Tierney Pfirman",6,965,1028,63,0,0,0
"2014-15","9560","Maryland","A'Lexus Harrison|Brene Moseley|Laurin Mincy|Lexie Brown|Malina Howard",5,1028,1106,78,4,4,0
"2014-15","9560","Maryland","A'Lexus Harrison|Laurin Mincy|Lexie Brown|Malina Howard|S. Walker-Kimbrough",5,1106,1200,94,2,2,0
"2014-15","9560","James Madison","ANGELA MICKENS|CARLEY BREW|JAZMON GWATHMEY|PRECIOUS HALL|TOIA GIGGETTS",5,1028,1200,172,6,6,0
"2014-15","9560","James Madison","ANGELA MICKENS|JAZMON GWATHMEY|LAUREN OKAFOR|PRECIOUS HALL|TOIA GIGGETTS",5,1200,1338,138,4,6,-2
"2014-15","9560","James Madison","ANGELA MICKENS|DA'LISHIA GRIFFIN|JAZMON GWATHMEY|PRECIOUS HALL|TOIA GIGGETTS",5,1338,1531,193,11,7,4
"2014-15","9560","Maryland","Brionna Jones|Laurin Mincy|Lexie Brown|Malina Howard|S. Walker-Kimbrough",5,1200,1542,342,13,17,-4
"2014-15","9560","James Madison","ANGELA MICKENS|DA'LISHIA GRIFFIN|DESTINY JONES|JAZMON GWATHMEY|PRECIOUS HALL",5,1531,1605,74,2,0,2
"2014-15","9560","Maryland","A'Lexus Harrison|Laurin Mincy|Lexie Brown|Malina Howard|S. Walker-Kimbrough",5,1542,1605,63,0,0,0
"2014-15","9560","James Madison","ANGELA MICKENS|DA'LISHIA GRIFFIN|DESTINY JONES|PRECIOUS HALL|TOIA GIGGETTS",5,1605,1651,46,0,0,0
"2014-15","9560","James Madison","ANGELA MICKENS|DESTINY JONES|JAZMON GWATHMEY|LAUREN OKAFOR|TOIA GIGGETTS",5,1651,1747,96,0,4,-4
"2014-15","9560","James Madison","DESTINY JONES|JAZMON GWATHMEY|LAUREN OKAFOR|PRECIOUS HALL|TOIA GIGGETTS",5,1747,1810,63,2,0,2
"2014-15","9560","James Madison","DESTINY JONES|HAILEE BARRON|LAUREN OKAFOR|PRECIOUS HALL|TOIA GIGGETTS",5,1810,1848,38,0,3,-3
"2014-15","9560","Maryland","A'Lexus Harrison|Brionna Jones|Laurin Mincy|Lexie Brown|S. Walker-Kimbrough",5,1605,1866,261,7,4,3
"2014-15","9560","James Madison","ANGELA MICKENS|DA'LISHIA GRIFFIN|DESTINY JONES|HAILEE BARRON|PRECIOUS HALL",5,1848,1918,70,2,0,2
"2014-15","9560","James Madison","ANGELA MICKENS|DA'LISHIA GRIFFIN|HAILEE BARRON|PRECIOUS HALL|TOIA GIGGETTS",5,1918,1983,65,2,3,-1
"2014-15","9560","Maryland","Brionna Jones|Laurin Mincy|Lexie Brown|Malina Howard|S. Walker-Kimbrough",5,1866,1983,117,3,2,1
"2014-15","9560","James Madison","ANGELA MICKENS|DA'LISHIA GRIFFIN|JAZMON GWATHMEY|PRECIOUS HALL|TOIA GIGGETTS",5,1983,2154,171,5,4,1
"2014-15","9560","Maryland","Brionna Jones|Laurin Mincy|Lexie Brown|S. Walker-Kimbrough|Tierney Pfirman",5,1983,2154,171,4,5,-1
"2014-15","9560","James Madison","ANGELA MICKENS|CARLEY BREW|JAZMON GWATHMEY|LAUREN OKAFOR|PRECIOUS HALL",5,2154,2273,119,0,2,-2
"2014-15","9560","James Madison","ANGELA MICKENS|CARLEY BREW|DA'LISHIA GRIFFIN|JAZMON GWATHMEY|PRECIOUS HALL",5,2273,2277,4,0,0,0
"2014-15","9560","James Madison","ANGELA MICKENS|CARLEY BREW|DA'LISHIA GRIFFIN|HAILEE BARRON|PRECIOUS HALL",5,2277,2296,19,0,0,0
"2014-15","9560","James Madison","ANGELA MICKENS|CARLEY BREW|DESTINY JONES|HAILEE BARRON|PRECIOUS HALL",5,2296,2303,7,0,2,-2
"2014-15","9560","Maryland","Brene Moseley|Brionna Jones|Laurin Mincy|Lexie Brown|Tierney Pfirman",5,2154,2400,246,13,9,4
"2014-15","9560","James Madison","ANGELA MICKENS|DESTINY JONES|HAILEE BARRON|PRECIOUS HALL|TOIA GIGGETTS",5,2303,2400,97,9,9,0
"2014-15","9561","Washington State","DAWNYELLE AWA|LIA GALDEIRA|MARIAH COOKS|SHALIE DHEENSAW|TIA PRESLEY",5,0,169,169,4,8,-4
"2014-15","9561","Washington State","LIA GALDEIRA|LOUISE BROWN|PINELOPI PAVLOPOULOU|SHALIE DHEENSAW|TIA PRESLEY",5,169,180,11,0,0,0
"2014-15","9561","Maryland","Brionna Jones|Laurin Mincy|Lexie Brown|Malina Howard|S. Walker-Kimbrough",5,0,193,193,8,4,4
"2014-15","9561","Maryland","Brionna Jones|Laurin Mincy|Lexie Brown|S. Walker-Kimbrough|Tierney Pfirman",5,193,261,68,0,0,0
"2014-15","9561","Washington State","LOUISE BROWN|PINELOPI PAVLOPOULOU|SHALIE DHEENSAW|TAYLOR EDMONDSON|TIA PRESLEY",5,180,261,81,0,0,0
"2014-15","9561","Maryland","A'Lexus Harrison|Brene Moseley|Laurin Mincy|Lexie Brown|Tierney Pfirman",5,261,318,57,0,0,0
"2014-15","9561","Washington State","BIANCA BLANARUC|LIA GALDEIRA|LOUISE BROWN|PINELOPI PAVLOPOULOU|TAYLOR EDMONDSON",5,261,368,107,0,2,-2
"2014-15","9561","Maryland","Brene Moseley|Laurin Mincy|Lexie Brown|Malina Howard|Tierney Pfirman",5,318,431,113,4,0,4
"2014-15","9561","Washington State","DAWNYELLE AWA|LIA GALDEIRA|LOUISE BROWN|SHALIE DHEENSAW|TIA PRESLEY",5,368,431,63,0,2,-2
"2014-15","9561","Maryland","Brene Moseley|Kristen Confroy|Lexie Brown|Malina Howard|Tierney Pfirman",5,431,469,38,0,0,0
"2014-15","9561","Washington State","DAWNYELLE AWA|LOUISE BROWN|SHALIE DHEENSAW|TAYLOR EDMONDSON|TIA PRESLEY",5,431,469,38,0,0,0
"2014-15","9561","Maryland","Brene Moseley|Brionna Jones|Kristen Confroy|Lexie Brown|Tierney Pfirman",5,469,499,30,0,2,-2
"2014-15","9561","Maryland","Brionna Jones|Kristen Confroy|Laurin Mincy|Lexie Brown|Tierney Pfirman",5,499,551,52,2,2,0
"2014-15","9561","Washington State","DAWNYELLE AWA|MARIAH COOKS|SHALIE DHEENSAW|TAYLOR EDMONDSON|TIA PRESLEY",5,469,578,109,4,2,2
"2014-15","9561","Maryland","Kristen Confroy|Laurin Mincy|Lexie Brown|S. Walker-Kimbrough|Tierney Pfirman",5,551,591,40,0,0,0
"2014-15","9561","Washington State","DAWNYELLE AWA|LIA GALDEIRA|MARIAH COOKS|SHALIE DHEENSAW|TIA PRESLEY",5,578,655,77,2,0,2
"2014-15","9561","Maryland","A'Lexus Harrison|Kristen Confroy|Laurin Mincy|Lexie Brown|S. Walker-Kimbrough",5,591,657,66,0,2,-2
"2014-15","9561","Washington State","DAWNYELLE AWA|LIA GALDEIRA|MARIAH COOKS|SHALIE DHEENSAW|TAYLOR EDMONDSON",5,655,681,26,0,0,0
"2014-15","9561","Maryland","A'Lexus Harrison|Kiara Leslie|Kristen Confroy|Laurin Mincy|Lexie Brown",5,657,732,75,0,5,-5
"2014-15","9561","Washington State","DAWNYELLE AWA|LIA GALDEIRA|LOUISE BROWN|SHALIE DHEENSAW|TAYLOR EDMONDSON",5,681,732,51,5,0,5
"2014-15","9561","Washington State","BIANCA BLANARUC|DAWNYELLE AWA|LIA GALDEIRA|LOUISE BROWN|TAYLOR EDMONDSON",5,732,778,46,0,0,0
"2014-15","9561","Washington State","BIANCA BLANARUC|CAILA HALIEY|DAWNYELLE AWA|LOUISE BROWN|TAYLOR EDMONDSON",5,778,790,12,0,2,-2
"2014-15","9561","Maryland","Brene Moseley|Brionna Jones|Kristen Confroy|Laurin Mincy|Lexie Brown",5,732,806,74,2,1,1
"2014-15","9561","Maryland","Brionna Jones|Chloe Pavlech|Kiara Leslie|Kristen Confroy|Laurin Mincy|Lexie Brown",6,806,833,27,0,0,0
"2014-15","9561","Washington State","CAILA HALIEY|DAWNYELLE AWA|LOUISE BROWN|SHALIE DHEENSAW|TAYLOR EDMONDSON",5,790,908,118,3,0,3
"2014-15","9561","Maryland","Brionna Jones|Chloe Pavlech|Kiara Leslie|Laurin Mincy|Lexie Brown",5,833,973,140,2,6,-4
"2014-15","9561","Washington State","LIA GALDEIRA|LOUISE BROWN|PINELOPI PAVLOPOULOU|SHALIE DHEENSAW|TAYLOR EDMONDSON",5,908,973,65,4,2,2
"2014-15","9561","Washington State","CAILA HALIEY|LIA GALDEIRA|MARIAH COOKS|PINELOPI PAVLOPOULOU|SHALIE DHEENSAW",5,973,1103,130,3,4,-1
"2014-15","9561","Maryland","Brionna Jones|Chloe Pavlech|Laurin Mincy|Lexie Brown|Tierney Pfirman",5,973,1199,226,9,9,0
"2014-15","9561","Washington State","CAILA HALIEY|DAWNYELLE AWA|LIA GALDEIRA|LOUISE BROWN|SHALIE DHEENSAW",5,1103,1200,97,6,5,1
"2014-15","9561","Maryland","Chloe Pavlech|Kristen Confroy|Laurin Mincy|Lexie Brown|Tierney Pfirman",5,1199,1200,1,0,0,0
"2014-15","9561","Washington State","DAWNYELLE AWA|LIA GALDEIRA|MARIAH COOKS|SHALIE DHEENSAW|TIA PRESLEY",5,1200,1368,168,6,4,2
"2014-15","9561","Washington State","DAWNYELLE AWA|LIA GALDEIRA|MARIAH COOKS|SHALIE DHEENSAW|TAYLOR EDMONDSON",5,1368,1495,127,4,2,2
"2014-15","9561","Washington State","LIA GALDEIRA|MARIAH COOKS|PINELOPI PAVLOPOULOU|SHALIE DHEENSAW|TAYLOR EDMONDSON",5,1495,1512,17,2,0,2
"2014-15","9561","Maryland","Brionna Jones|Laurin Mincy|Lexie Brown|Malina Howard|S. Walker-Kimbrough",5,1200,1590,390,7,12,-5
"2014-15","9561","Maryland","Brionna Jones|Laurin Mincy|Lexie Brown|S. Walker-Kimbrough|Tierney Pfirman",5,1590,1682,92,2,3,-1
"2014-15","9561","Washington State","LIA GALDEIRA|LOUISE BROWN|PINELOPI PAVLOPOULOU|SHALIE DHEENSAW|TAYLOR EDMONDSON",5,1512,1682,170,3,3,0
"2014-15","9561","Maryland","A'Lexus Harrison|Kristen Confroy|Laurin Mincy|Lexie Brown|S. Walker-Kimbrough",5,1682,1749,67,2,2,0
"2014-15","9561","Maryland","A'Lexus Harrison|Chloe Pavlech|Kristen Confroy|Laurin Mincy|S. Walker-Kimbrough",5,1749,1760,11,0,0,0
"2014-15","9561","Washington State","DAWNYELLE AWA|LOUISE BROWN|MARIAH COOKS|TAYLOR EDMONDSON|TIA PRESLEY",5,1682,1789,107,2,4,-2
"2014-15","9561","Maryland","A'Lexus Harrison|Brionna Jones|Chloe Pavlech|Kristen Confroy|Laurin Mincy|Tierney Pfirman",6,1760,2026,266,11,8,3
"2014-15","9561","Washington State","DAWNYELLE AWA|LIA GALDEIRA|LOUISE BROWN|MARIAH COOKS|TAYLOR EDMONDSON",5,1789,2026,237,8,9,-1
"2014-15","9561","Washington State","LIA GALDEIRA|MARIAH COOKS|PINELOPI PAVLOPOULOU|SHALIE DHEENSAW|TAYLOR EDMONDSON",5,2026,2142,116,2,2,0
"2014-15","9561","Maryland","A'Lexus Harrison|Brionna Jones|Chloe Pavlech|Kristen Confroy|Lexie Brown|Tierney Pfirman",6,2026,2164,138,2,2,0
"2014-15","9561","Maryland","A'Lexus Harrison|Brene Moseley|Brionna Jones|Chloe Pavlech|Laurin Mincy|Tierney Pfirman",6,2164,2293,129,4,4,0
"2014-15","9561","Washington State","LIA GALDEIRA|LOUISE BROWN|PINELOPI PAVLOPOULOU|SHALIE DHEENSAW|TIA PRESLEY",5,2142,2293,151,4,4,0
"2014-15","9561","Maryland","Brene Moseley|Brionna Jones|Chloe Pavlech|Laurin Mincy|Malina Howard|Tierney Pfirman",6,2293,2302,9,0,0,0
"2014-15","9561","Maryland","A'Lexus Harrison|Brene Moseley|Chloe Pavlech|Laurin Mincy|Malina Howard",5,2302,2318,16,0,2,-2
"2014-15","9561","Maryland","A'Lexus Harrison|Brene Moseley|Chloe Pavlech|Laurin Mincy|S. Walker-Kimbrough",5,2318,2347,29,3,2,1
"2014-15","9561","Maryland","A'Lexus Harrison|Brene Moseley|Brionna Jones|Chloe Pavlech|Laurin Mincy",5,2347,2351,4,3,0,3
"2014-15","9561","Maryland","A'Lexus Harrison|Brene Moseley|Chloe Pavlech|Laurin Mincy|Malina Howard",5,2351,2355,4,0,1,-1
"2014-15","9561","Maryland","A'Lexus Harrison|Brene Moseley|Brionna Jones|Chloe Pavlech|Laurin Mincy",5,2355,2395,40,3,3,0
"2014-15","9561","Washington State","DAWNYELLE AWA|LIA GALDEIRA|LOUISE BROWN|SHALIE DHEENSAW|TIA PRESLEY",5,2293,2400,107,8,9,-1
"2014-15","9561","Maryland","Brene Moseley|Brionna Jones|Chloe Pavlech|Laurin Mincy|Malina Howard",5,2395,2400,5,0,0,0
"2014-15","9562","Maryland","Brionna Jones|Laurin Mincy|Lexie Brown|Malina Howard|S. Walker-Kimbrough",5,0,186,186,4,6,-2
"2014-15","9562","Notre Dame","Brianna Turner|Jewell Loyd|Lindsay Allen|Michaela Mabrey|Taya Reimer",5,0,225,225,9,4,5
"2014-15","9562","Notre Dame","Jewell Loyd|Kathryn Westbeld|Lindsay Allen|Michaela Mabrey|Taya Reimer",5,225,331,106,4,2,2
"2014-15","9562","Maryland","A'Lexus Harrison|Laurin Mincy|Lexie Brown|Malina Howard|S. Walker-Kimbrough",5,186,384,198,2,7,-5
"2014-15","9562","Notre Dame","Jewell Loyd|Kathryn Westbeld|Lindsay Allen|Markisha Wright|Michaela Mabrey",5,331,384,53,0,0,0
"2014-15","9562","Maryland","A'Lexus Harrison|Brionna Jones|Kiara Leslie|Kristen Confroy|S. Walker-Kimbrough",5,384,467,83,0,5,-5
"2014-15","9562","Notre Dame","Jewell Loyd|Kathryn Westbeld|Lindsay Allen|Madison Cable|Markisha Wright",5,384,467,83,5,0,5
"2014-15","9562","Maryland","Brionna Jones|Kiara Leslie|Kristen Confroy|S. Walker-Kimbrough|Tierney Pfirman",5,467,510,43,0,1,-1
"2014-15","9562","Maryland","Brene Moseley|Brionna Jones|Kiara Leslie|S. Walker-Kimbrough|Tierney Pfirman",5,510,569,59,0,2,-2
"2014-15","9562","Notre Dame","Jewell Loyd|Kathryn Westbeld|Madison Cable|Markisha Wright|Michaela Mabrey",5,467,569,102,3,0,3
"2014-15","9562","Maryland","Brene Moseley|Brionna Jones|Laurin Mincy|Lexie Brown|S. Walker-Kimbrough",5,569,573,4,0,0,0
"2014-15","9562","Notre Dame","Kathryn Westbeld|Lindsay Allen|Madison Cable|Markisha Wright|Michaela Mabrey",5,569,593,24,0,0,0
"2014-15","9562","Notre Dame","Lindsay Allen|Madison Cable|Markisha Wright|Michaela Mabrey|Taya Reimer",5,593,621,28,2,2,0
"2014-15","9562","Maryland","Brene Moseley|Laurin Mincy|Lexie Brown|Malina Howard|S. Walker-Kimbrough",5,573,679,106,4,2,2
"2014-15","9562","Notre Dame","Hannah Huffman|Kathryn Westbeld|Lindsay Allen|Madison Cable|Taya Reimer",5,621,679,58,0,2,-2
"2014-15","9562","Maryland","A'Lexus Harrison|Laurin Mincy|Lexie Brown|Malina Howard|S. Walker-Kimbrough",5,679,796,117,0,6,-6
"2014-15","9562","Notre Dame","Hannah Huffman|Jewell Loyd|Kathryn Westbeld|Lindsay Allen|Taya Reimer",5,679,911,232,10,3,7
"2014-15","9562","Notre Dame","Jewell Loyd|Kathryn Westbeld|Lindsay Allen|Markisha Wright|Michaela Mabrey",5,911,941,30,2,0,2
"2014-15","9562","Notre Dame","Hannah Huffman|Kathryn Westbeld|Lindsay Allen|Markisha Wright|Michaela Mabrey",5,941,958,17,2,0,2
"2014-15","9562","Notre Dame","Hannah Huffman|Kathryn Westbeld|Lindsay Allen|Markisha Wright|Mychal Johnson",5,958,975,17,0,0,0
"2014-15","9562","Notre Dame","Kathryn Westbeld|Lindsay Allen|Markisha Wright|Michaela Mabrey|Mychal Johnson",5,975,980,5,0,2,-2
"2014-15","9562","Notre Dame","Lindsay Allen|Markisha Wright|Michaela Mabrey|Mychal Johnson|Taya Reimer",5,980,990,10,0,0,0
"2014-15","9562","Maryland","A'Lexus Harrison|Kiara Leslie|Laurin Mincy|Lexie Brown|Malina Howard",5,796,1031,235,10,12,-2
"2014-15","9562","Notre Dame","Jewell Loyd|Lindsay Allen|Markisha Wright|Mychal Johnson|Taya Reimer",5,990,1031,41,4,5,-1
"2014-15","9562","Maryland","Kiara Leslie|Kristen Confroy|Laurin Mincy|Lexie Brown|Malina Howard",5,1031,1083,52,2,4,-2
"2014-15","9562","Notre Dame","Jewell Loyd|Lindsay Allen|Markisha Wright|Michaela Mabrey|Taya Reimer",5,1031,1083,52,4,2,2
"2014-15","9562","Notre Dame","Hannah Huffman|Jewell Loyd|Lindsay Allen|Markisha Wright|Michaela Mabrey",5,1083,1177,94,2,5,-3
"2014-15","9562","Notre Dame","Jewell Loyd|Lindsay Allen|Madison Cable|Markisha Wright|Michaela Mabrey",5,1177,1200,23,0,0,0
"2014-15","9562","Maryland","Kiara Leslie|Kristen Confroy|Laurin Mincy|Malina Howard|S. Walker-Kimbrough",5,1083,1200,117,5,2,3
"2014-15","9562","Notre Dame","Jewell Loyd|Lindsay Allen|Markisha Wright|Michaela Mabrey|Taya Reimer",5,1200,1304,104,2,3,-1
"2014-15","9562","Maryland","Brionna Jones|Laurin Mincy|Lexie Brown|Malina Howard|S. Walker-Kimbrough",5,1200,1420,220,5,9,-4
"2014-15","9562","Notre Dame","Jewell Loyd|Markisha Wright|Michaela Mabrey|Mychal Johnson|Taya Reimer",5,1304,1420,116,7,2,5
"2014-15","9562","Notre Dame","Jewell Loyd|Kathryn Westbeld|Michaela Mabrey|Mychal Johnson|Taya Reimer",5,1420,1488,68,2,5,-3
"2014-15","9562","Maryland","Brionna Jones|Kiara Leslie|Laurin Mincy|Lexie Brown|Malina Howard",5,1420,1529,109,5,5,0
"2014-15","9562","Notre Dame","Jewell Loyd|Kathryn Westbeld|Markisha Wright|Michaela Mabrey|Mychal Johnson",5,1488,1529,41,3,0,3
"2014-15","9562","Maryland","Kiara Leslie|Laurin Mincy|Lexie Brown|Malina Howard|Tierney Pfirman",5,1529,1579,50,0,4,-4
"2014-15","9562","Maryland","Kristen Confroy|Laurin Mincy|Lexie Brown|Malina Howard|Tierney Pfirman",5,1579,1648,69,2,5,-3
"2014-15","9562","Notre Dame","Jewell Loyd|Kathryn Westbeld|Madison Cable|Markisha Wright|Michaela Mabrey",5,1529,1648,119,9,2,7
"2014-15","9562","Maryland","Brionna Jones|Kristen Confroy|Laurin Mincy|Lexie Brown|Tierney Pfirman",5,1648,1761,113,6,3,3
"2014-15","9562","Notre Dame","Madison Cable|Markisha Wright|Michaela Mabrey|Mychal Johnson|Taya Reimer",5,1648,1761,113,3,6,-3
"2014-15","9562","Maryland","Brionna Jones|Kristen Confroy|Laurin Mincy|Lexie Brown|Malina Howard",5,1761,1789,28,2,3,-1
"2014-15","9562","Notre Dame","Jewell Loyd|Kathryn Westbeld|Lindsay Allen|Mychal Johnson|Taya Reimer",5,1761,1808,47,3,4,-1
"2014-15","9562","Notre Dame","Hannah Huffman|Jewell Loyd|Lindsay Allen|Mychal Johnson|Taya Reimer",5,1808,1832,24,0,2,-2
"2014-15","9562","Maryland","Brionna Jones|Kiara Leslie|Kristen Confroy|Laurin Mincy|Lexie Brown",5,1789,1909,120,4,2,2
"2014-15","9562","Notre Dame","Hannah Huffman|Jewell Loyd|Lindsay Allen|Michaela Mabrey|Taya Reimer",5,1832,1909,77,2,0,2
"2014-15","9562","Maryland","Brionna Jones|Kiara Leslie|Kristen Confroy|Lexie Brown|S. Walker-Kimbrough",5,1909,1971,62,4,2,2
"2014-15","9562","Notre Dame","Hannah Huffman|Lindsay Allen|Markisha Wright|Michaela Mabrey|Taya Reimer",5,1909,1971,62,2,4,-2
"2014-15","9562","Notre Dame","Jewell Loyd|Kathryn Westbeld|Lindsay Allen|Markisha Wright|Michaela Mabrey",5,1971,2078,107,3,0,3
"2014-15","9562","Maryland","Brionna Jones|Kiara Leslie|Kristen Confroy|Laurin Mincy|Lexie Brown",5,1971,2130,159,3,7,-4
"2014-15","9562","Notre Dame","Hannah Huffman|Kathryn Westbeld|Lindsay Allen|Markisha Wright|Michaela Mabrey",5,2078,2130,52,4,3,1
"2014-15","9562","Maryland","Brionna Jones|Kristen Confroy|Laurin Mincy|Lexie Brown|Malina Howard",5,2130,2195,65,5,2,3
"2014-15","9562","Notre Dame","Hannah Huffman|Kathryn Westbeld|Lindsay Allen|Madison Cable|Markisha Wright",5,2130,2195,65,2,5,-3
"2014-15","9562","Notre Dame","Hannah Huffman|Kathryn Westbeld|Madison Cable|Markisha Wright|Mychal Johnson",5,2195,2276,81,1,6,-5
"2014-15","9562","Notre Dame","Diamond Thompson|Madison Cable|Markisha Wright|Mychal Johnson|Whitney Holloway",5,2276,2400,124,2,3,-1
"2014-15","9562","Maryland","Brionna Jones|Kiara Leslie|Kristen Confroy|Laurin Mincy|Lexie Brown",5,2195,2400,205,9,3,6
"2014-15","9563","Maryland","Brionna Jones|Laurin Mincy|Lexie Brown|Malina Howard|S. Walker-Kimbrough",5,0,141,141,5,6,-1
"2014-15","9563","Maryland","A'Lexus Harrison|Brionna Jones|Laurin Mincy|Lexie Brown|S. Walker-Kimbrough",5,141,221,80,2,4,-2
"2014-15","9563","Towson","Breonn Hughey|Camille Alberson|Dominique Johnson|LaTorri Hines-Allen|Markell Smith",5,0,351,351,10,7,3
"2014-15","9563","Maryland","A'Lexus Harrison|Kristen Confroy|Laurin Mincy|Lexie Brown|Malina Howard",5,221,351,130,0,0,0
"2014-15","9563","Maryland","Kristen Confroy|Laurin Mincy|Lexie Brown|Malina Howard|Tierney Pfirman",5,351,384,33,0,0,0
"2014-15","9563","Towson","Breonn Hughey|Camille Alberson|Dominique Johnson|LaTorri Hines-Allen|Shanea Butler",5,351,434,83,0,6,-6
"2014-15","9563","Towson","Breonn Hughey|Brianna Bush|Camille Alberson|Dominique Johnson|Shanea Butler",5,434,498,64,2,4,-2
"2014-15","9563","Towson","Breonn Hughey|Camille Alberson|Dominique Johnson|LaTorri Hines-Allen|Markell Smith",5,498,562,64,0,2,-2
"2014-15","9563","Maryland","Brionna Jones|Kristen Confroy|Laurin Mincy|S. Walker-Kimbrough|Tierney Pfirman",5,384,562,178,12,2,10
"2014-15","9563","Maryland","Brionna Jones|Kristen Confroy|Lexie Brown|S. Walker-Kimbrough|Tierney Pfirman",5,562,666,104,4,0,4
"2014-15","9563","Maryland","Kiara Leslie|Kristen Confroy|Lexie Brown|Malina Howard|Tierney Pfirman",5,666,748,82,4,0,4
"2014-15","9563","Towson","Breonn Hughey|Camille Alberson|Dominique Johnson|LaTorri Hines-Allen|Shanea Butler",5,562,804,242,0,10,-10
"2014-15","9563","Maryland","A'Lexus Harrison|Kiara Leslie|Kristen Confroy|Lexie Brown|Malina Howard",5,748,864,116,4,2,2
"2014-15","9563","Maryland","A'Lexus Harrison|Brene Moseley|Kiara Leslie|Lexie Brown|Malina Howard",5,864,928,64,4,0,4
"2014-15","9563","Towson","Breonn Hughey|Daijha Thomas|Dominique Johnson|LaTorri Hines-Allen|Shanea Butler",5,804,970,166,4,6,-2
"2014-15","9563","Maryland","Brene Moseley|Kiara Leslie|Lexie Brown|Malina Howard|Tierney Pfirman",5,928,970,42,0,2,-2
"2014-15","9563","Maryland","Brene Moseley|Brionna Jones|Chloe Pavlech|Kiara Leslie|Tierney Pfirman",5,970,1069,99,3,0,3
"2014-15","9563","Towson","Breonn Hughey|Daijha Thomas|Dominique Johnson|LaTorri Hines-Allen|Markell Smith",5,970,1097,127,0,3,-3
"2014-15","9563","Maryland","Aja Ellison|Brene Moseley|Chloe Pavlech|Kiara Leslie|Tierney Pfirman",5,1069,1200,131,2,4,-2
"2014-15","9563","Towson","Breonn Hughey|Camille Alberson|Dominique Johnson|LaTorri Hines-Allen|Markell Smith",5,1097,1351,254,6,11,-5
"2014-15","9563","Towson","Breonn Hughey|Camille Alberson|Ciara Webb|Dominique Johnson|LaTorri Hines-Allen",5,1351,1427,76,2,3,-1
"2014-15","9563","Maryland","Brionna Jones|Laurin Mincy|Lexie Brown|Malina Howard|S. Walker-Kimbrough",5,1200,1427,227,12,4,8
"2014-15","9563","Maryland","Laurin Mincy|Lexie Brown|Malina Howard|S. Walker-Kimbrough|Tierney Pfirman",5,1427,1485,58,0,0,0
"2014-15","9563","Maryland","Kristen Confroy|Laurin Mincy|Lexie Brown|S. Walker-Kimbrough|Tierney Pfirman",5,1485,1632,147,4,3,1
"2014-15","9563","Maryland","Chloe Pavlech|Kiara Leslie|Kristen Confroy|S. Walker-Kimbrough|Tierney Pfirman",5,1632,1646,14,0,3,-3
"2014-15","9563","Maryland","A'Lexus Harrison|Chloe Pavlech|Kiara Leslie|Kristen Confroy|S. Walker-Kimbrough",5,1646,1745,99,5,2,3
"2014-15","9563","Towson","Breonn Hughey|Camille Alberson|Ciara Webb|Ece Yurdakul|LaTorri Hines-Allen",5,1427,1891,464,10,13,-3
"2014-15","9563","Maryland","A'Lexus Harrison|Brionna Jones|Chloe Pavlech|Kiara Leslie|S. Walker-Kimbrough",5,1745,1891,146,4,2,2
"2014-15","9563","Maryland","A'Lexus Harrison|Brene Moseley|Chloe Pavlech|Kiara Leslie|Tierney Pfirman",5,1891,1918,27,2,1,1
"2014-15","9563","Maryland","Brene Moseley|Chloe Pavlech|Kiara Leslie|Laurin Mincy|Tierney Pfirman",5,1918,1976,58,0,2,-2
"2014-15","9563","Towson","Breonn Hughey|Brianna Bush|Ciara Webb|Dominique Johnson|LaTorri Hines-Allen",5,1891,2084,193,4,4,0
"2014-15","9563","Maryland","Brene Moseley|Chloe Pavlech|Laurin Mincy|Malina Howard|Tierney Pfirman",5,1976,2084,108,2,1,1
"2014-15","9563","Maryland","Brene Moseley|Chloe Pavlech|Kristen Confroy|Laurin Mincy|Tierney Pfirman",5,2084,2116,32,2,0,2
"2014-15","9563","Towson","Breonn Hughey|Brianna Bush|Camille Alberson|Ciara Webb|Dominique Johnson",5,2084,2358,274,14,12,2
"2014-15","9563","Maryland","Brene Moseley|Chloe Pavlech|Kiara Leslie|Kristen Confroy|Tierney Pfirman",5,2116,2358,242,10,14,-4
"2014-15","9563","Maryland","Aja Ellison|Brene Moseley|Chloe Pavlech|Kiara Leslie|Kristen Confroy",5,2358,2400,42,0,0,0
"2014-15","9563","Towson","Breonn Hughey|Brianna Bush|Camille Alberson|Ciara Webb|Ece Yurdakul",5,2358,2400,42,0,0,0
"2014-15","9564","American","Arron Zimmerman|Jen Dumiak|Jordan Light|Michelle Holmes|Shaquilla Curtis",5,0,160,160,0,13,-13
"2014-15","9564","American","Ari Booth|Arron Zimmerman|Jen Dumiak|Jordan Light|Michelle Holmes",5,160,235,75,3,2,1
"2014-15","9564","Maryland","Brionna Jones|Laurin Mincy|Lexie Brown|Malina Howard|S. Walker-Kimbrough",5,0,235,235,15,3,12
"2014-15","9564","American","Ari Booth|Jen Dumiak|Jordan Light|Lauren Crisler|Michelle Holmes",5,235,285,50,3,2,1
"2014-15","9564","Maryland","Brionna Jones|Laurin Mincy|Lexie Brown|S. Walker-Kimbrough|Tierney Pfirman",5,235,285,50,2,3,-1
"2014-15","9564","American","Ari Booth|Arron Zimmerman|Jen Dumiak|Jordan Light|Lauren Crisler",5,285,366,81,0,2,-2
"2014-15","9564","Maryland","Laurin Mincy|Lexie Brown|Malina Howard|S. Walker-Kimbrough|Tierney Pfirman",5,285,366,81,2,0,2
"2014-15","9564","Maryland","Kristen Confroy|Laurin Mincy|Lexie Brown|Malina Howard|Tierney Pfirman",5,366,417,51,0,0,0
"2014-15","9564","American","Ari Booth|Arron Zimmerman|Jen Dumiak|Lauren Crisler|Shaquilla Curtis",5,366,523,157,0,7,-7
"2014-15","9564","Maryland","Brionna Jones|Kristen Confroy|Laurin Mincy|Lexie Brown|Tierney Pfirman",5,417,523,106,7,0,7
"2014-15","9564","Maryland","Brionna Jones|Chloe Pavlech|Kiara Leslie|Kristen Confroy|S. Walker-Kimbrough",5,523,553,30,0,0,0
"2014-15","9564","American","Arron Zimmerman|Emily Kinneston|Jen Dumiak|Lauren Crisler|Shaquilla Curtis",5,523,688,165,2,4,-2
"2014-15","9564","Maryland","Chloe Pavlech|Kiara Leslie|Kristen Confroy|Malina Howard|S. Walker-Kimbrough",5,553,688,135,4,2,2
"2014-15","9564","Maryland","A'Lexus Harrison|Chloe Pavlech|Kiara Leslie|Kristen Confroy|Laurin Mincy",5,688,703,15,0,2,-2
"2014-15","9564","Maryland","A'Lexus Harrison|Chloe Pavlech|Kiara Leslie|Laurin Mincy|Lexie Brown",5,703,775,72,0,2,-2
"2014-15","9564","American","Ari Booth|Arron Zimmerman|Jen Dumiak|Jordan Light|Lauren Crisler",5,688,795,107,5,0,5
"2014-15","9564","Maryland","A'Lexus Harrison|Kiara Leslie|Laurin Mincy|Lexie Brown|S. Walker-Kimbrough",5,775,795,20,0,1,-1
"2014-15","9564","American","Ari Booth|Arron Zimmerman|Jordan Light|Lauren Crisler|Maria Liddane",5,795,880,85,0,10,-10
"2014-15","9564","American","Arron Zimmerman|Jen Dumiak|Lauren Crisler|Maria Liddane|Shaquilla Curtis",5,880,935,55,3,0,3
"2014-15","9564","Maryland","Kristen Confroy|Laurin Mincy|Lexie Brown|S. Walker-Kimbrough|Tierney Pfirman",5,795,935,140,10,3,7
"2014-15","9564","American","Emily Kinneston|Jen Dumiak|Lauren Crisler|Maria Liddane|Shaquilla Curtis",5,935,1027,92,2,2,0
"2014-15","9564","American","Ari Booth|Emily Kinneston|Jen Dumiak|Lauren Crisler|Shaquilla Curtis",5,1027,1062,35,0,3,-3
"2014-15","9564","American","Ari Booth|Jen Dumiak|Jordan Light|Lauren Crisler|Shaquilla Curtis",5,1062,1158,96,0,0,0
"2014-15","9564","Maryland","A'Lexus Harrison|Brene Moseley|Laurin Mincy|Lexie Brown|S. Walker-Kimbrough",5,935,1158,223,5,2,3
"2014-15","9564","Maryland","Aja Ellison|Brene Moseley|Kiara Leslie|Kristen Confroy|S. Walker-Kimbrough",5,1158,1200,42,3,1,2
"2014-15","9564","American","Ari Booth|Arron Zimmerman|Jen Dumiak|Jordan Light|Shaquilla Curtis",5,1158,1200,42,1,3,-2
"2014-15","9564","American","Arron Zimmerman|Jen Dumiak|Jordan Light|Michelle Holmes|Shaquilla Curtis",5,1200,1434,234,6,10,-4
"2014-15","9564","Maryland","Brionna Jones|Laurin Mincy|Lexie Brown|Malina Howard|S. Walker-Kimbrough",5,1200,1434,234,10,6,4
"2014-15","9564","American","Jen Dumiak|Jordan Light|Lauren Crisler|Michelle Holmes|Shaquilla Curtis",5,1434,1515,81,5,4,1
"2014-15","9564","Maryland","Laurin Mincy|Lexie Brown|Malina Howard|S. Walker-Kimbrough|Tierney Pfirman",5,1434,1515,81,4,5,-1
"2014-15","9564","American","Ari Booth|Jen Dumiak|Lauren Crisler|Michelle Holmes|Shaquilla Curtis",5,1515,1605,90,2,1,1
"2014-15","9564","Maryland","Aja Ellison|Laurin Mincy|Lexie Brown|Malina Howard|S. Walker-Kimbrough|Tierney Pfirman",6,1515,1614,99,1,2,-1
"2014-15","9564","American","Ari Booth|Jen Dumiak|Jordan Light|Lauren Crisler|Michelle Holmes",5,1605,1652,47,0,0,0
"2014-15","9564","Maryland","Aja Ellison|Kristen Confroy|Laurin Mincy|Malina Howard|S. Walker-Kimbrough|Tierney Pfirman",6,1614,1652,38,0,0,0
"2014-15","9564","American","Ari Booth|Arron Zimmerman|Jen Dumiak|Jordan Light|Lauren Crisler",5,1652,1759,107,6,7,-1
"2014-15","9564","Maryland","A'Lexus Harrison|Aja Ellison|Kristen Confroy|Laurin Mincy|S. Walker-Kimbrough|Tierney Pfirman",6,1652,1759,107,7,6,1
"2014-15","9564","American","Ari Booth|Arron Zimmerman|Jen Dumiak|Jordan Light|Michelle Holmes",5,1759,1844,85,0,2,-2
"2014-15","9564","Maryland","A'Lexus Harrison|Aja Ellison|Brionna Jones|Kiara Leslie|Kristen Confroy|Laurin Mincy",6,1759,1844,85,2,0,2
"2014-15","9564","American","Ari Booth|Arron Zimmerman|Jen Dumiak|Michelle Holmes|Shaquilla Curtis",5,1844,1864,20,0,2,-2
"2014-15","9564","American","Ari Booth|Arron Zimmerman|Emily Kinneston|Jen Dumiak|Michelle Holmes",5,1864,1932,68,0,2,-2
"2014-15","9564","Maryland","A'Lexus Harrison|Aja Ellison|Chloe Pavlech|Kiara Leslie|Kristen Confroy|S. Walker-Kimbrough",6,1844,1957,113,4,0,4
"2014-15","9564","American","Ari Booth|Arron Zimmerman|Jen Dumiak|Maria Liddane|Michelle Holmes",5,1932,1969,37,0,0,0
"2014-15","9564","American","Ari Booth|Jen Dumiak|Lauren Crisler|Maria Liddane|Michelle Holmes",5,1969,2082,113,2,4,-2
"2014-15","9564","Maryland","Aja Ellison|Brene Moseley|Chloe Pavlech|Kiara Leslie|Kristen Confroy|Malina Howard",6,1957,2123,166,4,6,-2
"2014-15","9564","American","Jen Dumiak|Lauren Crisler|Maria Liddane|Michelle Holmes|Shaquilla Curtis",5,2082,2267,185,8,9,-1
"2014-15","9564","Maryland","Aja Ellison|Brene Moseley|Chloe Pavlech|Kiara Leslie|Malina Howard",5,2123,2267,144,9,4,5
"2014-15","9564","American","Arron Zimmerman|Jen Dumiak|Maria Liddane|Michelle Holmes|Shaquilla Curtis",5,2267,2271,4,2,0,2
"2014-15","9564","Maryland","Aja Ellison|Brene Moseley|Chloe Pavlech|Kiara Leslie|Kristen Confroy",5,2267,2288,21,0,2,-2
"2014-15","9564","American","Arron Zimmerman|Jen Dumiak|Kate Bond|Michael Harris|Shaquilla Curtis",5,2271,2293,22,0,2,-2
"2014-15","9564","American","Ari Booth|Arron Zimmerman|Jen Dumiak|Kate Bond|Michael Harris",5,2293,2335,42,0,0,0
"2014-15","9564","Maryland","Aja Ellison|Brene Moseley|Chloe Pavlech|Kiara Leslie|Tierney Pfirman",5,2288,2351,63,2,0,2
"2014-15","9564","Maryland","Brene Moseley|Chloe Pavlech|Kiara Leslie|Kristen Confroy|Tierney Pfirman",5,2351,2400,49,3,0,3
"2014-15","9564","American","Ari Booth|Arron Zimmerman|Kate Bond|Maria Liddane|Michael Harris",5,2335,2400,65,0,3,-3
"2014-15","9565","Coppin State","Amber GRIFFIN|Bria HARRIS|Janelle LANE|Jordan SWAILS|Tanaysa HENDERSON",5,0,59,59,0,4,-4
"2014-15","9565","Maryland","Brionna Jones|Kristen Confroy|Laurin Mincy|Malina Howard|S. Walker-Kimbrough",5,0,139,139,7,0,7
"2014-15","9565","Maryland","Brionna Jones|Kristen Confroy|Laurin Mincy|S. Walker-Kimbrough|Tierney Pfirman",5,139,186,47,2,5,-3
"2014-15","9565","Maryland","Brionna Jones|Chloe Pavlech|Kristen Confroy|Laurin Mincy|Tierney Pfirman",5,186,211,25,0,0,0
"2014-15","9565","Maryland","Chloe Pavlech|Kristen Confroy|Laurin Mincy|Malina Howard|Tierney Pfirman",5,211,246,35,0,0,0
"2014-15","9565","Coppin State","Amber GRIFFIN|Bria HARRIS|Jordan SWAILS|Omaah TAYONG|Tanaysa HENDERSON",5,59,298,239,5,7,-2
"2014-15","9565","Maryland","Chloe Pavlech|Laurin Mincy|Malina Howard|S. Walker-Kimbrough|Tierney Pfirman",5,246,332,86,4,0,4
"2014-15","9565","Maryland","A'Lexus Harrison|Chloe Pavlech|Laurin Mincy|Malina Howard|S. Walker-Kimbrough",5,332,403,71,4,2,2
"2014-15","9565","Coppin State","Amber GRIFFIN|Bria HARRIS|Janelle LANE|Jordan SWAILS|Tanaysa HENDERSON",5,298,403,105,2,6,-4
"2014-15","9565","Coppin State","Amber GRIFFIN|Janelle LANE|Jordan SWAILS|Omaah TAYONG|Tanaysa HENDERSON",5,403,434,31,0,0,0
"2014-15","9565","Maryland","A'Lexus Harrison|Brionna Jones|Chloe Pavlech|Laurin Mincy|S. Walker-Kimbrough",5,403,516,113,2,3,-1
"2014-15","9565","Coppin State","Amber GRIFFIN|Janelle LANE|Jordan SWAILS|Keena SAMUELS|Omaah TAYONG",5,434,542,108,3,2,1
"2014-15","9565","Maryland","A'Lexus Harrison|Brene Moseley|Brionna Jones|Kristen Confroy|Laurin Mincy",5,516,580,64,2,2,0
"2014-15","9565","Coppin State","Genesis LUCAS|Janelle LANE|Keena SAMUELS|Omaah TAYONG|Tanaysa HENDERSON",5,542,580,38,2,2,0
"2014-15","9565","Maryland","A'Lexus Harrison|Brene Moseley|Brionna Jones|Kristen Confroy|S. Walker-Kimbrough",5,580,619,39,4,0,4
"2014-15","9565","Maryland","A'Lexus Harrison|Brene Moseley|Brionna Jones|Kiara Leslie|S. Walker-Kimbrough",5,619,658,39,4,2,2
"2014-15","9565","Coppin State","Bria HARRIS|Genesis LUCAS|Keena SAMUELS|Omaah TAYONG|Tanaysa HENDERSON",5,580,694,114,2,10,-8
"2014-15","9565","Coppin State","Amber GRIFFIN|Bria HARRIS|Genesis LUCAS|Omaah TAYONG|Tanaysa HENDERSON",5,694,730,36,0,2,-2
"2014-15","9565","Coppin State","Amber GRIFFIN|Bria HARRIS|Genesis LUCAS|Jordan SWAILS|Omaah TAYONG",5,730,748,18,0,2,-2
"2014-15","9565","Maryland","A'Lexus Harrison|Brene Moseley|Kiara Leslie|S. Walker-Kimbrough|Tierney Pfirman",5,658,816,158,8,2,6
"2014-15","9565","Coppin State","Amber GRIFFIN|Bria HARRIS|Genesis LUCAS|Jordan SWAILS|Tanaysa HENDERSON",5,748,873,125,2,4,-2
"2014-15","9565","Maryland","A'Lexus Harrison|Brene Moseley|Brionna Jones|Kiara Leslie|Laurin Mincy",5,816,919,103,4,2,2
"2014-15","9565","Coppin State","Amber GRIFFIN|Bria HARRIS|Genesis LUCAS|Janelle LANE|Tanaysa HENDERSON",5,873,966,93,2,6,-4
"2014-15","9565","Coppin State","Amber GRIFFIN|Bria HARRIS|Janelle LANE|Keena SAMUELS|Tanaysa HENDERSON",5,966,1038,72,2,6,-4
"2014-15","9565","Maryland","Brene Moseley|Laurin Mincy|Malina Howard|S. Walker-Kimbrough|Tierney Pfirman",5,919,1082,163,14,2,12
"2014-15","9565","Maryland","A'Lexus Harrison|Brene Moseley|Laurin Mincy|S. Walker-Kimbrough|Tierney Pfirman",5,1082,1105,23,0,0,0
"2014-15","9565","Coppin State","Amber GRIFFIN|Bria HARRIS|Keena SAMUELS|Omaah TAYONG|Tanaysa HENDERSON",5,1038,1105,67,0,4,-4
"2014-15","9565","Maryland","A'Lexus Harrison|Brene Moseley|Chloe Pavlech|Kiara Leslie|Tierney Pfirman",5,1105,1142,37,2,3,-1
"2014-15","9565","Coppin State","Amber GRIFFIN|Bria HARRIS|Keena SAMUELS|Oluwaseun ADEJINI|Tanaysa HENDERSON",5,1105,1148,43,3,2,1
"2014-15","9565","Coppin State","Amber GRIFFIN|Bria HARRIS|Genesis LUCAS|Oluwaseun ADEJINI|Tanaysa HENDERSON",5,1148,1200,52,2,2,0
"2014-15","9565","Maryland","Brene Moseley|Brionna Jones|Chloe Pavlech|Kiara Leslie|Tierney Pfirman",5,1142,1200,58,2,2,0
"2014-15","9565","Maryland","Brene Moseley|Brionna Jones|Laurin Mincy|Malina Howard|Tierney Pfirman",5,1200,1206,6,0,0,0
"2014-15","9565","Maryland","Brene Moseley|Brionna Jones|Laurin Mincy|Tierney Pfirman",4,1206,1389,183,7,2,5
"2014-15","9565","Maryland","A'Lexus Harrison|Brene Moseley|Laurin Mincy|Tierney Pfirman",4,1389,1487,98,8,3,5
"2014-15","9565","Maryland","A'Lexus Harrison|Chloe Pavlech|Kristen Confroy|Laurin Mincy",4,1487,1573,86,2,4,-2
"2014-15","9565","Maryland","A'Lexus Harrison|Chloe Pavlech|Kiara Leslie|Kristen Confroy",4,1573,1615,42,3,2,1
"2014-15","9565","Coppin State","Amber GRIFFIN|Bria HARRIS|Janelle LANE|Jordan SWAILS|Tanaysa HENDERSON",5,1200,1615,415,11,20,-9
"2014-15","9565","Maryland","A'Lexus Harrison|Aja Ellison|Chloe Pavlech|Kiara Leslie|Kristen Confroy",5,1615,1698,83,0,2,-2
"2014-15","9565","Coppin State","Amber GRIFFIN|Bria HARRIS|Genesis LUCAS|Janelle LANE|Jordan SWAILS",5,1615,1698,83,2,0,2
"2014-15","9565","Coppin State","Amber GRIFFIN|Bria HARRIS|Candice BEVERLY|Genesis LUCAS|Janelle LANE",5,1698,1749,51,2,4,-2
"2014-15","9565","Maryland","A'Lexus Harrison|Aja Ellison|Brene Moseley|Chloe Pavlech|Kiara Leslie",5,1698,1762,64,4,3,1
"2014-15","9565","Maryland","A'Lexus Harrison|Brene Moseley|Brionna Jones|Chloe Pavlech|Kiara Leslie",5,1762,1930,168,9,4,5
"2014-15","9565","Coppin State","Amber GRIFFIN|Bria HARRIS|Candice BEVERLY|Genesis LUCAS|Omaah TAYONG",5,1749,2010,261,5,12,-7
"2014-15","9565","Maryland","Aja Ellison|Brene Moseley|Brionna Jones|Chloe Pavlech|Kiara Leslie",5,1930,2035,105,5,0,5
"2014-15","9565","Maryland","A'Lexus Harrison|Aja Ellison|Brene Moseley|Chloe Pavlech|Kiara Leslie",5,2035,2153,118,4,3,1
"2014-15","9565","Coppin State","Amber GRIFFIN|Bria HARRIS|Janelle LANE|Jordan SWAILS|Tanaysa HENDERSON",5,2010,2153,143,3,6,-3
"2014-15","9565","Maryland","A'Lexus Harrison|Chloe Pavlech|Kiara Leslie|Kristen Confroy|Tierney Pfirman",5,2153,2244,91,3,0,3
"2014-15","9565","Coppin State","Bria HARRIS|Genesis LUCAS|Janelle LANE|Jordan SWAILS|Tanaysa HENDERSON",5,2153,2244,91,0,3,-3
"2014-15","9565","Coppin State","Amber GRIFFIN|Bria HARRIS|Genesis LUCAS|Janelle LANE|Jordan SWAILS",5,2244,2280,36,1,2,-1
"2014-15","9565","Coppin State","Amber GRIFFIN|Bria HARRIS|Genesis LUCAS|Janelle LANE|Keena SAMUELS",5,2280,2343,63,0,4,-4
"2014-15","9565","Coppin State","Amber GRIFFIN|Genesis LUCAS|Janelle LANE|Keena SAMUELS|Omaah TAYONG",5,2343,2400,57,2,0,2
"2014-15","9565","Maryland","A'Lexus Harrison|Aja Ellison|Chloe Pavlech|Kiara Leslie|Kristen Confroy",5,2244,2400,156,6,3,3
"2014-15","9566","Maryland","Brionna Jones|Laurin Mincy|Lexie Brown|Malina Howard|S. Walker-Kimbrough",5,0,133,133,4,5,-1
"2014-15","9566","Ohio State","Alexa Hart|Ameryst Alston|Asia Doss|Cait Craft|Kelsey Mitchell",5,0,229,229,7,7,0
"2014-15","9566","Ohio State","Alexa Hart|Ameryst Alston|Cait Craft|Kelsey Mitchell|Shayla Cooper",5,229,278,49,0,0,0
"2014-15","9566","Maryland","Brionna Jones|Kristen Confroy|Laurin Mincy|Lexie Brown|Malina Howard",5,133,278,145,3,2,1
"2014-15","9566","Maryland","Brionna Jones|Kristen Confroy|Laurin Mincy|Lexie Brown|Malina Howard|Tierney Pfirman",6,278,324,46,2,0,2
"2014-15","9566","Maryland","Brionna Jones|Laurin Mincy|Lexie Brown|Malina Howard|S. Walker-Kimbrough|Tierney Pfirman",6,324,345,21,0,2,-2
"2014-15","9566","Ohio State","Ameryst Alston|Cait Craft|Kelsey Mitchell|Lisa Blair|Shayla Cooper",5,278,464,186,6,9,-3
"2014-15","9566","Maryland","Brene Moseley|Laurin Mincy|Malina Howard|S. Walker-Kimbrough|Tierney Pfirman",5,345,464,119,7,4,3
"2014-15","9566","Ohio State","Alexa Hart|Ameryst Alston|Cait Craft|Kelsey Mitchell|Shayla Cooper",5,464,469,5,0,0,0
"2014-15","9566","Maryland","A'Lexus Harrison|Brene Moseley|Laurin Mincy|Malina Howard|S. Walker-Kimbrough",5,464,469,5,0,0,0
"2014-15","9566","Maryland","A'Lexus Harrison|Laurin Mincy|Lexie Brown|Malina Howard|S. Walker-Kimbrough",5,469,531,62,2,2,0
"2014-15","9566","Ohio State","Alexa Hart|Ameryst Alston|Asia Doss|Kelsey Mitchell|Shayla Cooper",5,469,585,116,4,5,-1
"2014-15","9566","Ohio State","Alexa Hart|Ameryst Alston|Asia Doss|Cait Craft|Kelsey Mitchell",5,585,670,85,6,4,2
"2014-15","9566","Maryland","Brionna Jones|Laurin Mincy|Lexie Brown|S. Walker-Kimbrough|Tierney Pfirman",5,531,670,139,7,8,-1
"2014-15","9566","Ohio State","Alexa Hart|Ameryst Alston|Amy Scullion|Asia Doss|Cait Craft",5,670,703,33,0,2,-2
"2014-15","9566","Maryland","Brionna Jones|Kristen Confroy|Laurin Mincy|Lexie Brown|S. Walker-Kimbrough",5,670,703,33,2,0,2
"2014-15","9566","Ohio State","Alexa Hart|Amy Scullion|Asia Doss|Cait Craft|Kelsey Mitchell",5,703,779,76,3,6,-3
"2014-15","9566","Maryland","Brene Moseley|Brionna Jones|Kristen Confroy|Lexie Brown|S. Walker-Kimbrough",5,703,838,135,6,6,0
"2014-15","9566","Maryland","Brene Moseley|Brionna Jones|Laurin Mincy|Lexie Brown|S. Walker-Kimbrough",5,838,860,22,0,0,0
"2014-15","9566","Ohio State","Alexa Hart|Ameryst Alston|Asia Doss|Cait Craft|Kelsey Mitchell",5,779,864,85,3,0,3
"2014-15","9566","Maryland","Brene Moseley|Brionna Jones|Laurin Mincy|Lexie Brown|Tierney Pfirman",5,860,870,10,0,0,0
"2014-15","9566","Maryland","Brionna Jones|Laurin Mincy|Lexie Brown|S. Walker-Kimbrough|Tierney Pfirman",5,870,926,56,2,1,1
"2014-15","9566","Maryland","Laurin Mincy|Lexie Brown|Malina Howard|S. Walker-Kimbrough|Tierney Pfirman",5,926,966,40,0,3,-3
"2014-15","9566","Maryland","Kiara Leslie|Laurin Mincy|Lexie Brown|S. Walker-Kimbrough|Tierney Pfirman",5,966,1200,234,8,7,1
"2014-15","9566","Ohio State","Alexa Hart|Ameryst Alston|Cait Craft|Kelsey Mitchell|Lisa Blair",5,864,1200,336,11,10,1
"2014-15","9566","Ohio State","Alexa Hart|Ameryst Alston|Asia Doss|Cait Craft|Kelsey Mitchell",5,1200,1428,228,9,12,-3
"2014-15","9566","Maryland","Brionna Jones|Laurin Mincy|Lexie Brown|S. Walker-Kimbrough|Tierney Pfirman",5,1200,1428,228,12,9,3
"2014-15","9566","Ohio State","Ameryst Alston|Asia Doss|Cait Craft|Kelsey Mitchell|Shayla Cooper",5,1428,1442,14,0,0,0
"2014-15","9566","Maryland","Brionna Jones|Kristen Confroy|Laurin Mincy|Lexie Brown|Tierney Pfirman",5,1428,1554,126,4,6,-2
"2014-15","9566","Ohio State","Ameryst Alston|Cait Craft|Kelsey Mitchell|Lisa Blair|Shayla Cooper",5,1442,1623,181,6,7,-1
"2014-15","9566","Ohio State","Alexa Hart|Ameryst Alston|Cait Craft|Kelsey Mitchell|Lisa Blair",5,1623,1704,81,0,3,-3
"2014-15","9566","Maryland","Brene Moseley|Laurin Mincy|Lexie Brown|Malina Howard|S. Walker-Kimbrough",5,1554,1704,150,6,0,6
"2014-15","9566","Ohio State","Alexa Hart|Ameryst Alston|Cait Craft|Kelsey Mitchell|Shayla Cooper",5,1704,1832,128,2,5,-3
"2014-15","9566","Maryland","Brionna Jones|Laurin Mincy|Lexie Brown|Malina Howard|S. Walker-Kimbrough",5,1704,1846,142,5,3,2
"2014-15","9566","Maryland","Laurin Mincy|Lexie Brown|Malina Howard|S. Walker-Kimbrough|Tierney Pfirman",5,1846,1907,61,2,3,-1
"2014-15","9566","Maryland","Brene Moseley|Lexie Brown|Malina Howard|S. Walker-Kimbrough|Tierney Pfirman",5,1907,2022,115,3,5,-2
"2014-15","9566","Ohio State","Ameryst Alston|Cait Craft|Kelsey Mitchell|Lisa Blair|Shayla Cooper",5,1832,2077,245,11,7,4
"2014-15","9566","Maryland","Brene Moseley|Brionna Jones|Laurin Mincy|S. Walker-Kimbrough|Tierney Pfirman",5,2022,2077,55,2,2,0
"2014-15","9566","Maryland","Brionna Jones|Laurin Mincy|Lexie Brown|S. Walker-Kimbrough|Tierney Pfirman",5,2077,2149,72,0,0,0
"2014-15","9566","Maryland","A'Lexus Harrison|Brionna Jones|Laurin Mincy|Lexie Brown|S. Walker-Kimbrough",5,2149,2184,35,0,2,-2
"2014-15","9566","Ohio State","Alexa Hart|Ameryst Alston|Cait Craft|Kelsey Mitchell|Shayla Cooper",5,2077,2342,265,7,5,2
"2014-15","9566","Maryland","Brionna Jones|Laurin Mincy|Lexie Brown|S. Walker-Kimbrough|Tierney Pfirman",5,2184,2400,216,10,8,2
"2014-15","9566","Ohio State","Alexa Hart|Ameryst Alston|Asia Doss|Cait Craft|Kelsey Mitchell",5,2342,2400,58,3,5,-2
"2014-15","9567","Maryland","Brionna Jones|Laurin Mincy|Lexie Brown|Malina Howard|S. Walker-Kimbrough",5,0,134,134,2,4,-2
"2014-15","9567","Maryland","Kristen Confroy|Lexie Brown|Malina Howard|S. Walker-Kimbrough|Tierney Pfirman",5,134,276,142,4,4,0
"2014-15","9567","Nebraska","Brandi Jeffery|Emily Cady|Hailie Sample|Rachel Theriot|Tear'a Laudermill",5,0,276,276,8,6,2
"2014-15","9567","Maryland","Kristen Confroy|Laurin Mincy|Lexie Brown|Malina Howard|Tierney Pfirman",5,276,403,127,3,2,1
"2014-15","9567","Nebraska","Emily Cady|Hailie Sample|Natalie Romeo|Rachel Theriot|Tear'a Laudermill",5,276,403,127,2,3,-1
"2014-15","9567","Maryland","Brionna Jones|Kristen Confroy|Lexie Brown|S. Walker-Kimbrough|Tierney Pfirman",5,403,433,30,0,3,-3
"2014-15","9567","Nebraska","Allie Havers|Hailie Sample|Natalie Romeo|Rachel Theriot|Tear'a Laudermill",5,403,477,74,3,2,1
"2014-15","9567","Maryland","A'Lexus Harrison|Kristen Confroy|Lexie Brown|S. Walker-Kimbrough|Tierney Pfirman",5,433,490,57,2,0,2
"2014-15","9567","Nebraska","Allie Havers|Brandi Jeffery|Emily Cady|Rachel Theriot|Tear'a Laudermill",5,477,490,13,0,0,0
"2014-15","9567","Maryland","A'Lexus Harrison|Kristen Confroy|Lexie Brown|Malina Howard|S. Walker-Kimbrough",5,490,511,21,0,0,0
"2014-15","9567","Maryland","Laurin Mincy|Lexie Brown|Malina Howard|S. Walker-Kimbrough|Tierney Pfirman",5,511,651,140,2,4,-2
"2014-15","9567","Nebraska","Brandi Jeffery|Emily Cady|Hailie Sample|Rachel Theriot|Tear'a Laudermill",5,490,651,161,4,2,2
"2014-15","9567","Nebraska","Brandi Jeffery|Emily Cady|Hailie Sample|Natalie Romeo|Rachel Theriot",5,651,683,32,0,2,-2
"2014-15","9567","Nebraska","Allie Havers|Brandi Jeffery|Emily Cady|Natalie Romeo|Rachel Theriot",5,683,724,41,0,2,-2
"2014-15","9567","Maryland","A'Lexus Harrison|Chloe Pavlech|Laurin Mincy|S. Walker-Kimbrough|Tierney Pfirman",5,651,769,118,4,0,4
"2014-15","9567","Nebraska","Allie Havers|Brandi Jeffery|Emily Cady|Rachel Theriot|Tear'a Laudermill",5,724,790,66,2,0,2
"2014-15","9567","Maryland","A'Lexus Harrison|Chloe Pavlech|Kiara Leslie|S. Walker-Kimbrough|Tierney Pfirman",5,769,832,63,0,2,-2
"2014-15","9567","Maryland","A'Lexus Harrison|Chloe Pavlech|Kiara Leslie|Lexie Brown|S. Walker-Kimbrough",5,832,864,32,0,2,-2
"2014-15","9567","Nebraska","Brandi Jeffery|Emily Cady|Hailie Sample|Rachel Theriot|Tear'a Laudermill",5,790,899,109,2,2,0
"2014-15","9567","Maryland","Chloe Pavlech|Kiara Leslie|Lexie Brown|Malina Howard|S. Walker-Kimbrough",5,864,921,57,4,0,4
"2014-15","9567","Nebraska","Brandi Jeffery|Emily Cady|Hailie Sample|Natalie Romeo|Rachel Theriot",5,899,921,22,0,2,-2
"2014-15","9567","Nebraska","Allie Havers|Brandi Jeffery|Hailie Sample|Natalie Romeo|Rachel Theriot",5,921,1019,98,2,4,-2
"2014-15","9567","Maryland","Kiara Leslie|Laurin Mincy|Lexie Brown|Malina Howard|S. Walker-Kimbrough",5,921,1117,196,4,4,0
"2014-15","9567","Maryland","Laurin Mincy|Lexie Brown|Malina Howard|S. Walker-Kimbrough|Tierney Pfirman",5,1117,1200,83,2,2,0
"2014-15","9567","Nebraska","Brandi Jeffery|Emily Cady|Hailie Sample|Rachel Theriot|Tear'a Laudermill",5,1019,1390,371,6,13,-7
"2014-15","9567","Nebraska","Emily Cady|Hailie Sample|Natalie Romeo|Rachel Theriot|Tear'a Laudermill",5,1390,1405,15,0,0,0
"2014-15","9567","Maryland","Brionna Jones|Laurin Mincy|Lexie Brown|Malina Howard|S. Walker-Kimbrough",5,1200,1472,272,13,5,8
"2014-15","9567","Nebraska","Allie Havers|Hailie Sample|Natalie Romeo|Rachel Theriot|Tear'a Laudermill",5,1405,1472,67,3,2,1
"2014-15","9567","Maryland","Brionna Jones|Laurin Mincy|Lexie Brown|Malina Howard|S. Walker-Kimbrough|Tierney Pfirman",6,1472,1480,8,0,0,0
"2014-15","9567","Maryland","Brionna Jones|Laurin Mincy|Lexie Brown|S. Walker-Kimbrough|Tierney Pfirman",5,1480,1602,122,4,0,4
"2014-15","9567","Nebraska","Allie Havers|Emily Cady|Natalie Romeo|Rachel Theriot|Tear'a Laudermill",5,1472,1602,130,0,4,-4
"2014-15","9567","Maryland","A'Lexus Harrison|Kiara Leslie|Laurin Mincy|Lexie Brown|Malina Howard",5,1602,1653,51,0,2,-2
"2014-15","9567","Nebraska","Allie Havers|Brandi Jeffery|Emily Cady|Rachel Theriot|Tear'a Laudermill",5,1602,1653,51,2,0,2
"2014-15","9567","Nebraska","Brandi Jeffery|Emily Cady|Hailie Sample|Rachel Theriot|Tear'a Laudermill",5,1653,1668,15,2,0,2
"2014-15","9567","Maryland","A'Lexus Harrison|Chloe Pavlech|Kiara Leslie|Lexie Brown|Malina Howard",5,1653,1721,68,2,2,0
"2014-15","9567","Nebraska","Brandi Jeffery|Emily Cady|Hailie Sample|Natalie Romeo|Rachel Theriot",5,1668,1721,53,0,2,-2
"2014-15","9567","Nebraska","Brandi Jeffery|Emily Cady|Hailie Sample|Rachel Theriot|Tear'a Laudermill",5,1721,1761,40,2,2,0
"2014-15","9567","Nebraska","Brandi Jeffery|Emily Cady|Hailie Sample|Natalie Romeo|Rachel Theriot",5,1761,1764,3,0,0,0
"2014-15","9567","Nebraska","Allie Havers|Brandi Jeffery|Emily Cady|Natalie Romeo|Rachel Theriot",5,1764,1813,49,0,5,-5
"2014-15","9567","Nebraska","Allie Havers|Brandi Jeffery|Emily Cady|Rachel Theriot|Tear'a Laudermill",5,1813,1836,23,0,1,-1
"2014-15","9567","Nebraska","Brandi Jeffery|Emily Cady|Hailie Sample|Rachel Theriot|Tear'a Laudermill",5,1836,1858,22,2,0,2
"2014-15","9567","Maryland","Brionna Jones|Laurin Mincy|Lexie Brown|Malina Howard|S. Walker-Kimbrough",5,1721,1936,215,13,4,9
"2014-15","9567","Maryland","Brionna Jones|Laurin Mincy|Lexie Brown|S. Walker-Kimbrough|Tierney Pfirman",5,1936,2025,89,2,2,0
"2014-15","9567","Nebraska","Allie Havers|Emily Cady|Hailie Sample|Rachel Theriot|Tear'a Laudermill",5,1858,2128,270,4,10,-6
"2014-15","9567","Nebraska","Brandi Jeffery|Emily Cady|Hailie Sample|Rachel Theriot|Tear'a Laudermill",5,2128,2133,5,0,2,-2
"2014-15","9567","Maryland","Laurin Mincy|Lexie Brown|Malina Howard|S. Walker-Kimbrough|Tierney Pfirman",5,2025,2291,266,10,5,5
"2014-15","9567","Nebraska","Brandi Jeffery|Emily Cady|Hailie Sample|Natalie Romeo|Rachel Theriot",5,2133,2291,158,3,5,-2
"2014-15","9567","Maryland","Brionna Jones|Laurin Mincy|Lexie Brown|Malina Howard|S. Walker-Kimbrough",5,2291,2316,25,0,0,0
"2014-15","9567","Maryland","A'Lexus Harrison|Brene Moseley|Brionna Jones|Kiara Leslie|Kristen Confroy",5,2316,2370,54,4,0,4
"2014-15","9567","Nebraska","Allie Havers|Brandi Jeffery|Hailie Sample|Natalie Romeo|Rachel Theriot",5,2291,2370,79,0,4,-4
"2014-15","9567","Nebraska","Allie Havers|Brandi Jeffery|Esther Ramacieri|Hailie Sample|Natalie Romeo",5,2370,2400,30,0,0,0
"2014-15","9567","Maryland","A'Lexus Harrison|Aja Ellison|Brene Moseley|Kiara Leslie|Kristen Confroy",5,2370,2400,30,0,0,0
"2014-15","9568","Maryland","Brionna Jones|Laurin Mincy|Lexie Brown|Malina Howard|S. Walker-Kimbrough",5,0,130,130,2,8,-6
"2014-15","9568","Purdue","April Wilson|Ashley Morrissette|Bridget Perry|Liza Clemons|Whitney Bays",5,0,139,139,8,2,6
"2014-15","9568","Maryland","Brionna Jones|Laurin Mincy|Lexie Brown|S. Walker-Kimbrough|Tierney Pfirman",5,130,139,9,0,0,0
"2014-15","9568","Purdue","Andreona Keys|April Wilson|Ashley Morrissette|Liza Clemons|Whitney Bays",5,139,229,90,2,4,-2
"2014-15","9568","Purdue","Andreona Keys|Ashley Morrissette|Hayden Hamby|Liza Clemons|Whitney Bays",5,229,301,72,0,2,-2
"2014-15","9568","Maryland","Brionna Jones|Kristen Confroy|Lexie Brown|S. Walker-Kimbrough|Tierney Pfirman",5,139,319,180,6,2,4
"2014-15","9568","Purdue","Andreona Keys|April Wilson|Ashley Morrissette|Liza Clemons|Whitney Bays",5,301,333,32,0,0,0
"2014-15","9568","Maryland","Brionna Jones|Laurin Mincy|Lexie Brown|S. Walker-Kimbrough|Tierney Pfirman",5,319,333,14,0,0,0
"2014-15","9568","Maryland","Brionna Jones|Chloe Pavlech|Laurin Mincy|S. Walker-Kimbrough|Tierney Pfirman",5,333,378,45,2,0,2
"2014-15","9568","Purdue","April Wilson|Ashley Morrissette|Liza Clemons|Torrie Thornton|Whitney Bays",5,333,404,71,2,3,-1
"2014-15","9568","Purdue","April Wilson|Ashley Morrissette|Bree Horrocks|Torrie Thornton|Whitney Bays",5,404,453,49,0,3,-3
"2014-15","9568","Maryland","Chloe Pavlech|Laurin Mincy|Malina Howard|S. Walker-Kimbrough|Tierney Pfirman",5,378,453,75,4,2,2
"2014-15","9568","Purdue","April Wilson|Ashley Morrissette|Bree Horrocks|Liza Clemons|Torrie Thornton",5,453,529,76,2,3,-1
"2014-15","9568","Maryland","A'Lexus Harrison|Chloe Pavlech|Laurin Mincy|Lexie Brown|Malina Howard",5,453,529,76,3,2,1
"2014-15","9568","Purdue","April Wilson|Ashley Morrissette|Bridget Perry|Liza Clemons|Whitney Bays",5,529,666,137,4,9,-5
"2014-15","9568","Maryland","Brionna Jones|Chloe Pavlech|Laurin Mincy|Lexie Brown|Tierney Pfirman",5,529,740,211,11,6,5
"2014-15","9568","Purdue","Andreona Keys|April Wilson|Hayden Hamby|Liza Clemons|Whitney Bays",5,666,802,136,2,5,-3
"2014-15","9568","Purdue","Andreona Keys|April Wilson|Ashley Morrissette|Torrie Thornton|Whitney Bays",5,802,894,92,0,2,-2
"2014-15","9568","Maryland","Brionna Jones|Laurin Mincy|Lexie Brown|S. Walker-Kimbrough|Tierney Pfirman",5,740,894,154,5,0,5
"2014-15","9568","Maryland","Brionna Jones|Laurin Mincy|Lexie Brown|Malina Howard|S. Walker-Kimbrough",5,894,951,57,2,0,2
"2014-15","9568","Purdue","Andreona Keys|April Wilson|Ashley Morrissette|Liza Clemons|Torrie Thornton",5,894,987,93,0,4,-4
"2014-15","9568","Maryland","Brionna Jones|Chloe Pavlech|Laurin Mincy|Malina Howard|S. Walker-Kimbrough",5,951,987,36,2,0,2
"2014-15","9568","Purdue","Andreona Keys|April Wilson|Ashley Morrissette|Bree Horrocks|Liza Clemons",5,987,1105,118,3,4,-1
"2014-15","9568","Maryland","Chloe Pavlech|Laurin Mincy|Malina Howard|S. Walker-Kimbrough|Tierney Pfirman",5,987,1105,118,4,3,1
"2014-15","9568","Maryland","A'Lexus Harrison|Brionna Jones|Laurin Mincy|Lexie Brown|S. Walker-Kimbrough",5,1105,1200,95,4,3,1
"2014-15","9568","Purdue","Andreona Keys|April Wilson|Ashley Morrissette|Liza Clemons|Torrie Thornton",5,1105,1200,95,3,4,-1
"2014-15","9568","Maryland","Brionna Jones|Laurin Mincy|Lexie Brown|Malina Howard|S. Walker-Kimbrough",5,1200,1336,136,5,6,-1
"2014-15","9568","Maryland","Brionna Jones|Laurin Mincy|Lexie Brown|S. Walker-Kimbrough|Tierney Pfirman",5,1336,1409,73,0,4,-4
"2014-15","9568","Maryland","Brionna Jones|Chloe Pavlech|Lexie Brown|S. Walker-Kimbrough|Tierney Pfirman",5,1409,1447,38,0,2,-2
"2014-15","9568","Maryland","Brionna Jones|Laurin Mincy|Lexie Brown|S. Walker-Kimbrough|Tierney Pfirman",5,1447,1508,61,2,2,0
"2014-15","9568","Purdue","Andreona Keys|April Wilson|Ashley Morrissette|Liza Clemons|Whitney Bays",5,1200,1627,427,17,12,5
"2014-15","9568","Maryland","A'Lexus Harrison|Brene Moseley|Brionna Jones|Laurin Mincy|S. Walker-Kimbrough",5,1508,1627,119,5,3,2
"2014-15","9568","Maryland","Brene Moseley|Brionna Jones|Kiara Leslie|Laurin Mincy|S. Walker-Kimbrough",5,1627,1684,57,0,2,-2
"2014-15","9568","Purdue","Andreona Keys|April Wilson|Ashley Morrissette|Torrie Thornton|Whitney Bays",5,1627,1753,126,2,0,2
"2014-15","9568","Maryland","A'Lexus Harrison|Brionna Jones|Kiara Leslie|Laurin Mincy|S. Walker-Kimbrough",5,1684,1802,118,0,1,-1
"2014-15","9568","Purdue","April Wilson|Ashley Morrissette|Liza Clemons|Torrie Thornton|Whitney Bays",5,1753,1934,181,6,7,-1
"2014-15","9568","Purdue","Andreona Keys|April Wilson|Ashley Morrissette|Liza Clemons|Whitney Bays",5,1934,2069,135,5,6,-1
"2014-15","9568","Purdue","Andreona Keys|April Wilson|Ashley Morrissette|Liza Clemons|Torrie Thornton",5,2069,2164,95,2,6,-4
"2014-15","9568","Maryland","Brionna Jones|Laurin Mincy|Lexie Brown|S. Walker-Kimbrough|Tierney Pfirman",5,1802,2164,362,19,12,7
"2014-15","9568","Purdue","Andreona Keys|April Wilson|Ashley Morrissette|Bree Horrocks|Whitney Bays",5,2164,2211,47,2,2,0
"2014-15","9568","Maryland","Brionna Jones|Kiara Leslie|Kristen Confroy|Laurin Mincy|Lexie Brown",5,2164,2240,76,5,2,3
"2014-15","9568","Purdue","April Wilson|Ashley Morrissette|Bree Horrocks|Justine Hall|Whitney Bays",5,2211,2285,74,0,6,-6
"2014-15","9568","Maryland","A'Lexus Harrison|Kiara Leslie|Kristen Confroy|Laurin Mincy|Lexie Brown",5,2240,2285,45,3,0,3
"2014-15","9568","Maryland","A'Lexus Harrison|Brene Moseley|Chloe Pavlech|Kiara Leslie|Kristen Confroy",5,2285,2342,57,2,4,-2
"2014-15","9568","Maryland","A'Lexus Harrison|Aja Ellison|Brene Moseley|Kiara Leslie|Kristen Confroy",5,2342,2400,58,2,0,2
"2014-15","9568","Purdue","Ashley Morrissette|Bree Horrocks|Hayden Hamby|Justine Hall|Torrie Thornton",5,2285,2400,115,4,4,0
"2014-15","9569","Maryland","Brionna Jones|Laurin Mincy|Lexie Brown|Malina Howard|S. Walker-Kimbrough",5,0,194,194,4,6,-2
"2014-15","9569","Maryland","Brionna Jones|Laurin Mincy|Lexie Brown|S. Walker-Kimbrough|Tierney Pfirman",5,194,378,184,2,4,-2
"2014-15","9569","Maryland","Brionna Jones|Chloe Pavlech|Laurin Mincy|Lexie Brown|S. Walker-Kimbrough",5,378,485,107,2,3,-1
"2014-15","9569","Minnesota","Amanda Zahui|Carlie Wagner|Mikayla Bailey|Shae Kelley|Shayne Mullaney",5,0,485,485,13,8,5
"2014-15","9569","Minnesota","Amanda Zahui|Carlie Wagner|Kayla Hirt|Mikayla Bailey|Shayne Mullaney",5,485,528,43,0,2,-2
"2014-15","9569","Maryland","Chloe Pavlech|Laurin Mincy|Lexie Brown|Malina Howard|S. Walker-Kimbrough",5,485,529,44,2,0,2
"2014-15","9569","Maryland","Brionna Jones|Chloe Pavlech|Laurin Mincy|Lexie Brown|S. Walker-Kimbrough",5,529,598,69,6,2,4
"2014-15","9569","Minnesota","Carlie Wagner|Kayla Hirt|Mikayla Bailey|Shae Kelley|Shayne Mullaney",5,528,598,70,2,6,-4
"2014-15","9569","Maryland","Brionna Jones|Kristen Confroy|Laurin Mincy|Lexie Brown|S. Walker-Kimbrough",5,598,624,26,0,0,0
"2014-15","9569","Minnesota","Amanda Zahui|Carlie Wagner|Mikayla Bailey|Shae Kelley|Shayne Mullaney",5,598,624,26,0,0,0
"2014-15","9569","Maryland","Kristen Confroy|Laurin Mincy|Lexie Brown|Malina Howard|S. Walker-Kimbrough",5,624,916,292,13,10,3
"2014-15","9569","Minnesota","Amanda Zahui|Carlie Wagner|Shae Kelley|Shayne Mullaney|Stabresa McDaniel",5,624,916,292,10,13,-3
"2014-15","9569","Maryland","Brionna Jones|Kiara Leslie|Laurin Mincy|Lexie Brown|Tierney Pfirman",5,916,990,74,5,3,2
"2014-15","9569","Maryland","Kiara Leslie|Laurin Mincy|Lexie Brown|Malina Howard|Tierney Pfirman",5,990,1075,85,0,2,-2
"2014-15","9569","Minnesota","Amanda Zahui|Carlie Wagner|Shae Kelley|Stabresa McDaniel|Tory Jacobs",5,916,1075,159,5,5,0
"2014-15","9569","Minnesota","Amanda Zahui|Carlie Wagner|Shae Kelley|Shayne Mullaney|Stabresa McDaniel",5,1075,1200,125,4,5,-1
"2014-15","9569","Maryland","Laurin Mincy|Lexie Brown|Malina Howard|S. Walker-Kimbrough|Tierney Pfirman",5,1075,1200,125,5,4,1
"2014-15","9569","Maryland","Brionna Jones|Laurin Mincy|Lexie Brown|Malina Howard|S. Walker-Kimbrough",5,1200,1326,126,3,4,-1
"2014-15","9569","Maryland","Laurin Mincy|Lexie Brown|Malina Howard|S. Walker-Kimbrough|Tierney Pfirman",5,1326,1447,121,0,2,-2
"2014-15","9569","Maryland","Brene Moseley|Laurin Mincy|Lexie Brown|Malina Howard|S. Walker-Kimbrough",5,1447,1603,156,3,7,-4
"2014-15","9569","Maryland","A'Lexus Harrison|Brene Moseley|Laurin Mincy|Lexie Brown|S. Walker-Kimbrough",5,1603,1717,114,7,5,2
"2014-15","9569","Minnesota","Amanda Zahui|Carlie Wagner|Mikayla Bailey|Shae Kelley|Shayne Mullaney",5,1200,1717,517,18,13,5
"2014-15","9569","Maryland","A'Lexus Harrison|Brene Moseley|Lexie Brown|Malina Howard|S. Walker-Kimbrough",5,1717,1760,43,3,4,-1
"2014-15","9569","Maryland","Brene Moseley|Brionna Jones|Lexie Brown|Malina Howard|S. Walker-Kimbrough",5,1760,1834,74,3,2,1
"2014-15","9569","Minnesota","Amanda Zahui|Carlie Wagner|Shae Kelley|Shayne Mullaney|Stabresa McDaniel",5,1717,1972,255,10,10,0
"2014-15","9569","Maryland","Brene Moseley|Brionna Jones|Laurin Mincy|Lexie Brown|S. Walker-Kimbrough",5,1834,2081,247,6,4,2
"2014-15","9569","Minnesota","Amanda Zahui|Carlie Wagner|Mikayla Bailey|Shae Kelley|Shayne Mullaney",5,1972,2097,125,0,4,-4
"2014-15","9569","Minnesota","Amanda Zahui|Carlie Wagner|Kayla Hirt|Mikayla Bailey|Shayne Mullaney",5,2097,2210,113,2,2,0
"2014-15","9569","Maryland","Brene Moseley|Laurin Mincy|Lexie Brown|Malina Howard|S. Walker-Kimbrough",5,2081,2330,249,6,8,-2
"2014-15","9569","Maryland","Brene Moseley|Brionna Jones|Laurin Mincy|Lexie Brown|S. Walker-Kimbrough",5,2330,2398,68,5,3,2
"2014-15","9569","Minnesota","Amanda Zahui|Carlie Wagner|Mikayla Bailey|Shae Kelley|Shayne Mullaney",5,2210,2400,190,9,9,0
"2014-15","9569","Maryland","A'Lexus Harrison|Brene Moseley|Laurin Mincy|Lexie Brown|Malina Howard|S. Walker-Kimbrough",6,2398,2400,2,2,0,2
"2014-15","9570","Rutgers","Ariel Butts|Kahleah Copper|Rachel Hollivay|Syessence Davis|Tyler Scaife",5,0,122,122,0,10,-10
"2014-15","9570","Maryland","Brionna Jones|Laurin Mincy|Lexie Brown|Malina Howard|S. Walker-Kimbrough",5,0,299,299,19,7,12
"2014-15","9570","Rutgers","Briyona Canty|Kahleah Copper|Rachel Hollivay|Tyler Scaife",4,122,317,195,7,9,-2
"2014-15","9570","Maryland","Brionna Jones|Kristen Confroy|Laurin Mincy|Lexie Brown|Malina Howard",5,299,428,129,6,0,6
"2014-15","9570","Rutgers","Briyona Canty|Kahleah Copper|Rachel Hollivay|Syessence Davis",4,317,428,111,0,6,-6
"2014-15","9570","Maryland","Brionna Jones|Kristen Confroy|Lexie Brown|S. Walker-Kimbrough|Tierney Pfirman",5,428,560,132,0,6,-6
"2014-15","9570","Rutgers","Kahleah Copper|Rachel Hollivay|Syessence Davis|Tyler Scaife",4,428,637,209,11,4,7
"2014-15","9570","Rutgers","Briyona Canty|Kahleah Copper|Rachel Hollivay|Tyler Scaife",4,637,710,73,2,2,0
"2014-15","9570","Maryland","A'Lexus Harrison|Brionna Jones|Laurin Mincy|Lexie Brown|S. Walker-Kimbrough",5,560,848,288,10,11,-1
"2014-15","9570","Rutgers","Kahleah Copper|Rachel Hollivay|Syessence Davis|Tyler Scaife",4,710,848,138,4,4,0
"2014-15","9570","Rutgers","Christa Evans|Kahleah Copper|Rachel Hollivay|Shrita Parker|Tyler Scaife",5,848,941,93,2,2,0
"2014-15","9570","Maryland","Brionna Jones|Kiara Leslie|Laurin Mincy|Lexie Brown|S. Walker-Kimbrough",5,848,1036,188,2,4,-2
"2014-15","9570","Rutgers","Kahleah Copper|Rachel Hollivay|Shrita Parker|Tyler Scaife",4,941,1114,173,6,1,5
"2014-15","9570","Rutgers","Kahleah Copper|Rachel Hollivay|Shrita Parker|Syessence Davis|Tyler Scaife",5,1114,1200,86,4,2,2
"2014-15","9570","Maryland","Brene Moseley|Brionna Jones|Laurin Mincy|Lexie Brown|S. Walker-Kimbrough",5,1036,1200,164,3,8,-5
"2014-15","9570","Maryland","Brionna Jones|Laurin Mincy|Lexie Brown|Malina Howard|S. Walker-Kimbrough",5,1200,1412,212,4,7,-3
"2014-15","9570","Rutgers","Betnijah Laney|Briyona Canty|Rachel Hollivay|Syessence Davis|Tyler Scaife",5,1200,1412,212,7,4,3
"2014-15","9570","Rutgers","Ariel Butts|Briyona Canty|Syessence Davis|Tyler Scaife",4,1412,1471,59,0,4,-4
"2014-15","9570","Rutgers","Ariel Butts|Briyona Canty|Shrita Parker|Syessence Davis",4,1471,1571,100,2,0,2
"2014-15","9570","Maryland","A'Lexus Harrison|Brionna Jones|Laurin Mincy|Lexie Brown|S. Walker-Kimbrough",5,1412,1602,190,4,3,1
"2014-15","9570","Rutgers","Briyona Canty|Rachel Hollivay|Shrita Parker|Syessence Davis",4,1571,1602,31,1,0,1
"2014-15","9570","Rutgers","Rachel Hollivay|Shrita Parker|Syessence Davis|Tyler Scaife",4,1602,1724,122,2,4,-2
"2014-15","9570","Rutgers","Briyona Canty|Rachel Hollivay|Syessence Davis|Tyler Scaife",4,1724,1833,109,2,4,-2
"2014-15","9570","Rutgers","Ariel Butts|Betnijah Laney|Briyona Canty|Syessence Davis",4,1833,1870,37,0,2,-2
"2014-15","9570","Rutgers","Ariel Butts|Betnijah Laney|Briyona Canty|Tyler Scaife",4,1870,1890,20,0,2,-2
"2014-15","9570","Maryland","Brionna Jones|Laurin Mincy|Lexie Brown|Malina Howard|S. Walker-Kimbrough",5,1602,1918,316,14,4,10
"2014-15","9570","Rutgers","Betnijah Laney|Briyona Canty|Rachel Hollivay|Tyler Scaife",4,1890,1919,29,0,2,-2
"2014-15","9570","Maryland","Brene Moseley|Brionna Jones|Laurin Mincy|Lexie Brown|Malina Howard",5,1918,1947,29,0,2,-2
"2014-15","9570","Rutgers","Ariel Butts|Briyona Canty|Rachel Hollivay|Tyler Scaife",4,1919,1947,28,2,0,2
"2014-15","9570","Rutgers","Ariel Butts|Rachel Hollivay|Syessence Davis|Tyler Scaife",4,1947,2037,90,0,0,0
"2014-15","9570","Maryland","Brionna Jones|Laurin Mincy|Lexie Brown|Malina Howard|S. Walker-Kimbrough",5,1947,2072,125,2,0,2
"2014-15","9570","Rutgers","Betnijah Laney|Rachel Hollivay|Syessence Davis|Tyler Scaife",4,2037,2072,35,0,2,-2
"2014-15","9570","Maryland","A'Lexus Harrison|Brionna Jones|Laurin Mincy|Lexie Brown|S. Walker-Kimbrough",5,2072,2157,85,2,1,1
"2014-15","9570","Maryland","A'Lexus Harrison|Aja Ellison|Laurin Mincy|Lexie Brown|S. Walker-Kimbrough",5,2157,2202,45,0,2,-2
"2014-15","9570","Maryland","A'Lexus Harrison|Laurin Mincy|Lexie Brown|Malina Howard|S. Walker-Kimbrough",5,2202,2292,90,0,2,-2
"2014-15","9570","Maryland","Brionna Jones|Laurin Mincy|Lexie Brown|Malina Howard|S. Walker-Kimbrough",5,2292,2336,44,3,2,1
"2014-15","9570","Rutgers","Betnijah Laney|Briyona Canty|Rachel Hollivay|Tyler Scaife",4,2072,2336,264,7,5,2
"2014-15","9570","Rutgers","Betnijah Laney|Briyona Canty|Rachel Hollivay|Syessence Davis",4,2336,2350,14,0,2,-2
"2014-15","9570","Rutgers","Betnijah Laney|Briyona Canty|Rachel Hollivay|Tyler Scaife",4,2350,2400,50,0,0,0
"2014-15","9570","Maryland","A'Lexus Harrison|Laurin Mincy|Lexie Brown|Malina Howard|S. Walker-Kimbrough",5,2336,2400,64,2,0,2
"2014-15","9571","Illinois","Amarah Coleman|Brittany Carter|Chatrice White|Jacqui Grant|Kyley Simmons",5,0,144,144,5,1,4
"2014-15","9571","Maryland","Brionna Jones|Laurin Mincy|Lexie Brown|Malina Howard|S. Walker-Kimbrough",5,0,228,228,8,5,3
"2014-15","9571","Illinois","Ashley McConnell|Brittany Carter|Chatrice White|Jacqui Grant|Kyley Simmons",5,144,268,124,0,11,-11
"2014-15","9571","Illinois","Amarah Coleman|Brittany Carter|Chatrice White|Jacqui Grant|Kyley Simmons",5,268,399,131,2,2,0
"2014-15","9571","Maryland","Laurin Mincy|Lexie Brown|Malina Howard|S. Walker-Kimbrough|Tierney Pfirman",5,228,399,171,6,2,4
"2014-15","9571","Maryland","A'Lexus Harrison|Brionna Jones|Kristen Confroy|Laurin Mincy|Lexie Brown",5,399,472,73,4,3,1
"2014-15","9571","Maryland","A'Lexus Harrison|Kristen Confroy|Laurin Mincy|Lexie Brown|Malina Howard",5,472,488,16,0,0,0
"2014-15","9571","Illinois","Amarah Coleman|Chatrice White|Jacqui Grant|Kyley Simmons|Taylor Tuck",5,399,549,150,5,7,-2
"2014-15","9571","Maryland","Brionna Jones|Kristen Confroy|Laurin Mincy|Lexie Brown|Malina Howard",5,488,549,61,3,2,1
"2014-15","9571","Maryland","Brionna Jones|Kristen Confroy|Lexie Brown|Malina Howard|S. Walker-Kimbrough",5,549,580,31,0,0,0
"2014-15","9571","Maryland","Brionna Jones|Laurin Mincy|Lexie Brown|Malina Howard|S. Walker-Kimbrough",5,580,664,84,2,2,0
"2014-15","9571","Illinois","Amarah Coleman|Ashley McConnell|Brittany Carter|Chatrice White|Jacqui Grant",5,549,737,188,4,4,0
"2014-15","9571","Maryland","A'Lexus Harrison|Laurin Mincy|Lexie Brown|Malina Howard|S. Walker-Kimbrough",5,664,737,73,2,2,0
"2014-15","9571","Illinois","Amarah Coleman|Brittany Carter|Chatrice White|Kyley Simmons|Nia Oden",5,737,800,63,2,3,-1
"2014-15","9571","Maryland","A'Lexus Harrison|Brionna Jones|Laurin Mincy|Lexie Brown|S. Walker-Kimbrough",5,737,800,63,3,2,1
"2014-15","9571","Illinois","Amarah Coleman|Chatrice White|Jacqui Grant|Kyley Simmons|Nia Oden",5,800,927,127,4,4,0
"2014-15","9571","Maryland","A'Lexus Harrison|Brene Moseley|Brionna Jones|Lexie Brown|S. Walker-Kimbrough",5,800,980,180,4,4,0
"2014-15","9571","Maryland","Brene Moseley|Brionna Jones|Lexie Brown|Malina Howard|S. Walker-Kimbrough",5,980,1062,82,0,2,-2
"2014-15","9571","Illinois","Brittany Carter|Chatrice White|Jacqui Grant|Kyley Simmons|Sarah Hartwell",5,927,1200,273,4,4,0
"2014-15","9571","Maryland","Brionna Jones|Laurin Mincy|Lexie Brown|Malina Howard|S. Walker-Kimbrough",5,1062,1378,316,8,9,-1
"2014-15","9571","Illinois","Amarah Coleman|Brittany Carter|Chatrice White|Jacqui Grant|Kyley Simmons",5,1200,1397,197,7,4,3
"2014-15","9571","Maryland","Brionna Jones|Kristen Confroy|Lexie Brown|Malina Howard|S. Walker-Kimbrough",5,1378,1397,19,0,0,0
"2014-15","9571","Maryland","Brionna Jones|Chloe Pavlech|Kristen Confroy|Lexie Brown|Malina Howard",5,1397,1431,34,1,2,-1
"2014-15","9571","Illinois","Amarah Coleman|Chatrice White|Jacqui Grant|Kyley Simmons|Nia Oden",5,1397,1497,100,2,2,0
"2014-15","9571","Illinois","Amarah Coleman|Brittany Carter|Chatrice White|Jacqui Grant|Nia Oden",5,1497,1572,75,4,0,4
"2014-15","9571","Maryland","Brionna Jones|Kristen Confroy|Lexie Brown|Malina Howard|S. Walker-Kimbrough",5,1431,1572,141,1,4,-3
"2014-15","9571","Illinois","Amarah Coleman|Brittany Carter|Chatrice White|Jacqui Grant|Kyley Simmons",5,1572,1635,63,0,4,-4
"2014-15","9571","Illinois","Amarah Coleman|Brittany Carter|Jacqui Grant|Kyley Simmons|Nia Oden",5,1635,1666,31,0,3,-3
"2014-15","9571","Illinois","Amarah Coleman|Chatrice White|Jacqui Grant|Kyley Simmons|Nia Oden",5,1666,1826,160,2,5,-3
"2014-15","9571","Maryland","Brene Moseley|Brionna Jones|Kristen Confroy|Malina Howard|S. Walker-Kimbrough",5,1572,1861,289,14,2,12
"2014-15","9571","Illinois","Amarah Coleman|Jacqui Grant|Kyley Simmons|Nia Oden|Sarah Hartwell",5,1826,1898,72,0,2,-2
"2014-15","9571","Maryland","Brene Moseley|Brionna Jones|Kristen Confroy|Lexie Brown|Malina Howard",5,1861,1914,53,2,2,0
"2014-15","9571","Illinois","Amarah Coleman|Chatrice White|Kyley Simmons|Nia Oden|Sarah Hartwell",5,1898,2044,146,2,6,-4
"2014-15","9571","Illinois","Amarah Coleman|Chatrice White|Kennedy Cattenhead|Kyley Simmons|Sarah Hartwell",5,2044,2072,28,0,4,-4
"2014-15","9571","Illinois","Amarah Coleman|Chatrice White|Jacqui Grant|Kennedy Cattenhead|Kyley Simmons",5,2072,2101,29,0,2,-2
"2014-15","9571","Maryland","Brene Moseley|Brionna Jones|Lexie Brown|Malina Howard|S. Walker-Kimbrough",5,1914,2101,187,10,0,10
"2014-15","9571","Maryland","Brene Moseley|Brionna Jones|Kiara Leslie|Lexie Brown|Tierney Pfirman",5,2101,2135,34,0,3,-3
"2014-15","9571","Illinois","Amarah Coleman|Ashley McConnell|Chatrice White|Jacqui Grant|Kyley Simmons",5,2101,2192,91,3,0,3
"2014-15","9571","Maryland","A'Lexus Harrison|Brene Moseley|Kiara Leslie|Lexie Brown|Tierney Pfirman",5,2135,2192,57,0,0,0
"2014-15","9571","Illinois","Amarah Coleman|Ashley McConnell|Chatrice White|Kyley Simmons|Nia Oden",5,2192,2297,105,8,6,2
"2014-15","9571","Maryland","A'Lexus Harrison|Brene Moseley|Kiara Leslie|Kristen Confroy|Tierney Pfirman",5,2192,2297,105,6,8,-2
"2014-15","9571","Maryland","A'Lexus Harrison|Aja Ellison|Kiara Leslie|Kristen Confroy|Tierney Pfirman",5,2297,2400,103,0,0,0
"2014-15","9571","Illinois","Amarah Coleman|Ashley McConnell|Brooke Kissinger|Chatrice White|Nia Oden",5,2297,2400,103,0,0,0
"2014-15","9572","Maryland","Brionna Jones|Laurin Mincy|Lexie Brown|Malina Howard|S. Walker-Kimbrough",5,0,157,157,3,5,-2
"2014-15","9572","Maryland","Brionna Jones|Kristen Confroy|Laurin Mincy|Lexie Brown|Malina Howard",5,157,256,99,0,0,0
"2014-15","9572","Maryland","Kristen Confroy|Laurin Mincy|Lexie Brown|Malina Howard|Tierney Pfirman",5,256,314,58,2,3,-1
"2014-15","9572","Michigan State","Aerial Powers|Anna Morrissey|Becca Mills|Cara Miller|Tori Jankoska",5,0,461,461,11,11,0
"2014-15","9572","Maryland","Laurin Mincy|Lexie Brown|Malina Howard|S. Walker-Kimbrough|Tierney Pfirman",5,314,461,147,6,3,3
"2014-15","9572","Michigan State","Aerial Powers|Anna Morrissey|Cara Miller|Kennedy Johnson|Tori Jankoska",5,461,555,94,2,7,-5
"2014-15","9572","Michigan State","Aerial Powers|Anna Morrissey|Becca Mills|Cara Miller|Tori Jankoska",5,555,599,44,0,0,0
"2014-15","9572","Maryland","Brene Moseley|Brionna Jones|Laurin Mincy|Lexie Brown|S. Walker-Kimbrough",5,461,683,222,9,5,4
"2014-15","9572","Michigan State","Aerial Powers|Becca Mills|Cara Miller|Lexi Gussert|Tori Jankoska",5,599,762,163,5,5,0
"2014-15","9572","Maryland","Brene Moseley|Brionna Jones|Kiara Leslie|Laurin Mincy|Lexie Brown",5,683,836,153,5,4,1
"2014-15","9572","Maryland","Brionna Jones|Kiara Leslie|Laurin Mincy|Lexie Brown|Malina Howard",5,836,856,20,0,2,-2
"2014-15","9572","Michigan State","Aerial Powers|Becca Mills|Kennedy Johnson|Lexi Gussert|Tori Jankoska",5,762,1009,247,4,8,-4
"2014-15","9572","Maryland","Kiara Leslie|Laurin Mincy|Lexie Brown|Malina Howard|Tierney Pfirman",5,856,1200,344,12,4,8
"2014-15","9572","Michigan State","Aerial Powers|Anna Morrissey|Becca Mills|Lexi Gussert|Tori Jankoska",5,1009,1200,191,4,6,-2
"2014-15","9572","Michigan State","Aerial Powers|Anna Morrissey|Becca Mills|Cara Miller|Tori Jankoska",5,1200,1300,100,0,5,-5
"2014-15","9572","Maryland","Brionna Jones|Laurin Mincy|Lexie Brown|Malina Howard|S. Walker-Kimbrough",5,1200,1355,155,5,2,3
"2014-15","9572","Michigan State","Aerial Powers|Anna Morrissey|Cara Miller|Kennedy Johnson|Tori Jankoska",5,1300,1453,153,4,6,-2
"2014-15","9572","Michigan State","Aerial Powers|Cara Miller|Kennedy Johnson|Lexi Gussert|Tori Jankoska",5,1453,1524,71,0,5,-5
"2014-15","9572","Maryland","A'Lexus Harrison|Laurin Mincy|Lexie Brown|Malina Howard|S. Walker-Kimbrough",5,1355,1579,224,14,8,6
"2014-15","9572","Michigan State","Aerial Powers|Anna Morrissey|Becca Mills|Cara Miller|Lexi Gussert",5,1524,1639,115,6,6,0
"2014-15","9572","Maryland","Kiara Leslie|Laurin Mincy|Lexie Brown|Malina Howard|S. Walker-Kimbrough",5,1579,1639,60,3,0,3
"2014-15","9572","Michigan State","Anna Morrissey|Cara Miller|Kennedy Johnson|Lexi Gussert|Tori Jankoska",5,1639,1659,20,3,0,3
"2014-15","9572","Maryland","Kiara Leslie|Kristen Confroy|Lexie Brown|S. Walker-Kimbrough|Tierney Pfirman",5,1639,1659,20,0,3,-3
"2014-15","9572","Michigan State","Aerial Powers|Anna Morrissey|Cara Miller|Kennedy Johnson|Tori Jankoska",5,1659,1827,168,4,5,-1
"2014-15","9572","Maryland","Brionna Jones|Kristen Confroy|Lexie Brown|S. Walker-Kimbrough|Tierney Pfirman",5,1659,1827,168,5,4,1
"2014-15","9572","Maryland","Brene Moseley|Brionna Jones|Kiara Leslie|Kristen Confroy|Malina Howard",5,1827,1839,12,0,0,0
"2014-15","9572","Michigan State","Aerial Powers|Cara Miller|Kennedy Johnson|Lexi Gussert|Tori Jankoska",5,1827,1905,78,0,2,-2
"2014-15","9572","Maryland","Brene Moseley|Brionna Jones|Kristen Confroy|Laurin Mincy|Malina Howard",5,1839,1921,82,2,0,2
"2014-15","9572","Maryland","Brene Moseley|Brionna Jones|Kristen Confroy|Malina Howard|S. Walker-Kimbrough",5,1921,2031,110,4,0,4
"2014-15","9572","Maryland","A'Lexus Harrison|Brene Moseley|Brionna Jones|Kiara Leslie|Kristen Confroy",5,2031,2099,68,5,0,5
"2014-15","9572","Michigan State","Aerial Powers|Anna Morrissey|Becca Mills|Lexi Gussert|Tori Jankoska",5,1905,2131,226,4,9,-5
"2014-15","9572","Maryland","A'Lexus Harrison|Brene Moseley|Chloe Pavlech|Kiara Leslie|Kristen Confroy",5,2099,2131,32,0,4,-4
"2014-15","9572","Maryland","A'Lexus Harrison|Brene Moseley|Chloe Pavlech|Kristen Confroy|Tierney Pfirman",5,2131,2284,153,6,5,1
"2014-15","9572","Maryland","Brene Moseley|Chloe Pavlech|Kristen Confroy|S. Walker-Kimbrough|Tierney Pfirman",5,2284,2400,116,4,4,0
"2014-15","9572","Michigan State","Aerial Powers|Anna Morrissey|Kennedy Johnson|Lexi Gussert|Tori Jankoska",5,2131,2400,269,9,10,-1
"2014-15","9573","Maryland","Brionna Jones|Laurin Mincy|Lexie Brown|Malina Howard|S. Walker-Kimbrough",5,0,166,166,1,5,-4
"2014-15","9573","Maryland","Brionna Jones|Kristen Confroy|Lexie Brown|Malina Howard|S. Walker-Kimbrough",5,166,225,59,4,2,2
"2014-15","9573","Indiana","Alexis Gassion|Amanda Cahill|Jenn Anderson|Larryn Brooks|Tyra Buss",5,0,225,225,7,5,2
"2014-15","9573","Indiana","Alexis Gassion|Amanda Cahill|Jess Walter|Karlee McBride|Larryn Brooks",5,225,251,26,0,1,-1
"2014-15","9573","Indiana","Alexis Gassion|Amanda Cahill|Jess Walter|Karlee McBride",4,251,355,104,4,5,-1
"2014-15","9573","Maryland","A'Lexus Harrison|Kristen Confroy|Lexie Brown|Malina Howard|S. Walker-Kimbrough",5,225,413,188,8,6,2
"2014-15","9573","Indiana","Alexis Gassion|Jenn Anderson|Jess Walter|Taylor Agler",4,355,413,58,2,2,0
"2014-15","9573","Maryland","A'Lexus Harrison|Brionna Jones|Kristen Confroy|Lexie Brown|S. Walker-Kimbrough",5,413,461,48,4,2,2
"2014-15","9573","Maryland","Brionna Jones|Kristen Confroy|Lexie Brown|Malina Howard|S. Walker-Kimbrough",5,461,502,41,2,1,1
"2014-15","9573","Indiana","Amanda Cahill|Jenn Anderson|Jess Walter|Taylor Agler",4,413,502,89,3,6,-3
"2014-15","9573","Indiana","Alexis Gassion|Amanda Cahill|Jess Walter|Taylor Agler",4,502,568,66,2,2,0
"2014-15","9573","Indiana","Alexis Gassion|Amanda Cahill|Jenn Anderson|Jess Walter",4,568,657,89,2,4,-2
"2014-15","9573","Maryland","Brionna Jones|Laurin Mincy|Lexie Brown|Malina Howard|S. Walker-Kimbrough",5,502,775,273,10,4,6
"2014-15","9573","Indiana","Alexis Gassion|Amanda Cahill|Jenn Anderson|Larryn Brooks|Taylor Agler",5,657,787,130,1,4,-3
"2014-15","9573","Indiana","Alexis Gassion|Amanda Cahill|Jenn Anderson|Jess Walter|Tyra Buss",5,787,794,7,0,1,-1
"2014-15","9573","Indiana","Amanda Cahill|Jenn Anderson|Jess Walter|Larryn Brooks|Tyra Buss",5,794,852,58,0,2,-2
"2014-15","9573","Indiana","Amanda Cahill|Jenn Anderson|Jess Walter|Karlee McBride|Tyra Buss",5,852,897,45,0,2,-2
"2014-15","9573","Indiana","Alexis Gassion|Amanda Cahill|Jess Walter|Karlee McBride|Tyra Buss",5,897,937,40,0,2,-2
"2014-15","9573","Maryland","Kristen Confroy|Laurin Mincy|Lexie Brown|Malina Howard|S. Walker-Kimbrough",5,775,951,176,7,3,4
"2014-15","9573","Indiana","Alexis Gassion|Amanda Cahill|Karlee McBride|Larryn Brooks|Tyra Buss",5,937,951,14,2,0,2
"2014-15","9573","Indiana","Alexis Gassion|Jenn Anderson|Karlee McBride|Larryn Brooks|Tyra Buss",5,951,986,35,0,0,0
"2014-15","9573","Indiana","Alexis Gassion|Amanda Cahill|Karlee McBride|Larryn Brooks|Tyra Buss",5,986,1019,33,0,5,-5
"2014-15","9573","Indiana","Alexis Gassion|Jenn Anderson|Karlee McBride|Larryn Brooks|Tyra Buss",5,1019,1040,21,0,1,-1
"2014-15","9573","Indiana","Alexis Gassion|Jenn Anderson|Jess Walter|Larryn Brooks|Tyra Buss",5,1040,1057,17,0,0,0
"2014-15","9573","Maryland","Brene Moseley|Kristen Confroy|Laurin Mincy|Lexie Brown|Malina Howard",5,951,1067,116,6,0,6
"2014-15","9573","Indiana","Alexis Gassion|Jenn Anderson|Jess Walter|Larryn Brooks|Taylor Agler",5,1057,1093,36,0,0,0
"2014-15","9573","Maryland","Brene Moseley|Kristen Confroy|Lexie Brown|Malina Howard|S. Walker-Kimbrough",5,1067,1156,89,2,4,-2
"2014-15","9573","Indiana","Alexis Gassion|Jenn Anderson|Jess Walter|Larryn Brooks|Tyra Buss",5,1093,1156,63,4,2,2
"2014-15","9573","Maryland","Brene Moseley|Kristen Confroy|Laurin Mincy|Malina Howard|S. Walker-Kimbrough",5,1156,1197,41,3,2,1
"2014-15","9573","Indiana","Jess Walter|Karlee McBride|Lyndsay Leikem|Taylor Agler|Tyra Buss",5,1156,1200,44,2,3,-1
"2014-15","9573","Maryland","Aja Ellison|Brene Moseley|Kristen Confroy|Malina Howard|S. Walker-Kimbrough",5,1197,1200,3,0,0,0
"2014-15","9573","Maryland","Brionna Jones|Laurin Mincy|Lexie Brown|Malina Howard|S. Walker-Kimbrough",5,1200,1464,264,8,4,4
"2014-15","9573","Indiana","Alexis Gassion|Amanda Cahill|Jenn Anderson|Larryn Brooks|Tyra Buss",5,1200,1464,264,4,8,-4
"2014-15","9573","Maryland","Brionna Jones|Kristen Confroy|Laurin Mincy|Lexie Brown|Malina Howard",5,1464,1552,88,4,3,1
"2014-15","9573","Indiana","Alexis Gassion|Amanda Cahill|Jess Walter|Karlee McBride|Tyra Buss",5,1464,1588,124,7,4,3
"2014-15","9573","Maryland","Kiara Leslie|Kristen Confroy|Laurin Mincy|Lexie Brown|Malina Howard",5,1552,1670,118,2,4,-2
"2014-15","9573","Maryland","Brene Moseley|Kiara Leslie|Kristen Confroy|Laurin Mincy|Malina Howard",5,1670,1680,10,0,0,0
"2014-15","9573","Indiana","Alexis Gassion|Jenn Anderson|Jess Walter|Karlee McBride|Tyra Buss",5,1588,1680,92,0,2,-2
"2014-15","9573","Maryland","A'Lexus Harrison|Brene Moseley|Kiara Leslie|Kristen Confroy|Laurin Mincy",5,1680,1693,13,0,3,-3
"2014-15","9573","Maryland","A'Lexus Harrison|Brene Moseley|Kristen Confroy|Laurin Mincy|S. Walker-Kimbrough",5,1693,1713,20,0,0,0
"2014-15","9573","Indiana","Amanda Cahill|Jenn Anderson|Jess Walter|Larryn Brooks|Tyra Buss",5,1680,1752,72,3,2,1
"2014-15","9573","Indiana","Alexis Gassion|Amanda Cahill|Jess Walter|Larryn Brooks|Tyra Buss",5,1752,1772,20,0,0,0
"2014-15","9573","Maryland","Brene Moseley|Brionna Jones|Kristen Confroy|Laurin Mincy|S. Walker-Kimbrough",5,1713,1851,138,4,2,2
"2014-15","9573","Maryland","Brene Moseley|Brionna Jones|Kristen Confroy|Laurin Mincy|Lexie Brown",5,1851,1874,23,0,3,-3
"2014-15","9573","Maryland","A'Lexus Harrison|Brene Moseley|Kristen Confroy|Laurin Mincy|Lexie Brown",5,1874,1934,60,0,2,-2
"2014-15","9573","Maryland","Kristen Confroy|Laurin Mincy|Lexie Brown|Malina Howard|S. Walker-Kimbrough",5,1934,1987,53,3,2,1
"2014-15","9573","Indiana","Alexis Gassion|Amanda Cahill|Larryn Brooks|Taylor Agler|Tyra Buss",5,1772,1987,215,9,5,4
"2014-15","9573","Maryland","Brionna Jones|Laurin Mincy|Lexie Brown|Malina Howard|S. Walker-Kimbrough",5,1987,2151,164,2,7,-5
"2014-15","9573","Indiana","Alexis Gassion|Jenn Anderson|Karlee McBride|Larryn Brooks|Tyra Buss",5,1987,2151,164,7,2,5
"2014-15","9573","Indiana","Alexis Gassion|Amanda Cahill|Karlee McBride|Larryn Brooks|Tyra Buss",5,2151,2308,157,2,6,-4
"2014-15","9573","Maryland","Brene Moseley|Brionna Jones|Laurin Mincy|Lexie Brown|S. Walker-Kimbrough",5,2151,2336,185,7,5,2
"2014-15","9573","Indiana","Alexis Gassion|Amanda Cahill|Jess Walter|Larryn Brooks|Tyra Buss",5,2308,2400,92,13,8,5
"2014-15","9573","Maryland","A'Lexus Harrison|Brene Moseley|Laurin Mincy|Lexie Brown|S. Walker-Kimbrough",5,2336,2400,64,7,10,-3
"2014-15","9574","Michigan","Cyesha Goree|Danielle Williams|Nicole Elmblad|Shannon Smith|Siera Thompson",5,0,145,145,2,11,-9
"2014-15","9574","Maryland","Brionna Jones|Laurin Mincy|Lexie Brown|Malina Howard|S. Walker-Kimbrough",5,0,216,216,13,6,7
"2014-15","9574","Michigan","Cyesha Goree|Katelynn Flaherty|Nicole Elmblad|Shannon Smith|Siera Thompson",5,145,256,111,6,2,4
"2014-15","9574","Maryland","Kristen Confroy|Laurin Mincy|Lexie Brown|Malina Howard|Tierney Pfirman",5,216,277,61,2,2,0
"2014-15","9574","Maryland","Laurin Mincy|Lexie Brown|Malina Howard|S. Walker-Kimbrough|Tierney Pfirman",5,277,391,114,2,8,-6
"2014-15","9574","Michigan","Cyesha Goree|Madison Ristovski|Nicole Elmblad|Shannon Smith|Siera Thompson",5,256,391,135,8,4,4
"2014-15","9574","Maryland","Brionna Jones|Laurin Mincy|Lexie Brown|S. Walker-Kimbrough|Tierney Pfirman",5,391,515,124,4,2,2
"2014-15","9574","Michigan","Cyesha Goree|Katelynn Flaherty|Madison Ristovski|Nicole Elmblad|Shannon Smith",5,391,515,124,2,4,-2
"2014-15","9574","Maryland","Brene Moseley|Lexie Brown|Malina Howard|S. Walker-Kimbrough|Tierney Pfirman",5,515,562,47,0,0,0
"2014-15","9574","Michigan","Cyesha Goree|Katelynn Flaherty|Madison Ristovski|Nicole Elmblad|Siera Thompson",5,515,562,47,0,0,0
"2014-15","9574","Maryland","Brene Moseley|Laurin Mincy|Lexie Brown|Malina Howard|Tierney Pfirman",5,562,594,32,0,0,0
"2014-15","9574","Maryland","Brene Moseley|Brionna Jones|Laurin Mincy|Lexie Brown|Tierney Pfirman",5,594,696,102,4,2,2
"2014-15","9574","Michigan","Cyesha Goree|Katelynn Flaherty|Nicole Elmblad|Shannon Smith|Siera Thompson",5,562,696,134,2,4,-2
"2014-15","9574","Michigan","Cyesha Goree|Katelynn Flaherty|Madison Ristovski|Nicole Elmblad|Siera Thompson",5,696,799,103,2,5,-3
"2014-15","9574","Michigan","Katelynn Flaherty|Madison Ristovski|Nicole Elmblad|Siera Thompson|Terra Stapleton",5,799,844,45,0,2,-2
"2014-15","9574","Maryland","Brene Moseley|Brionna Jones|Laurin Mincy|Lexie Brown|S. Walker-Kimbrough",5,696,950,254,11,4,7
"2014-15","9574","Michigan","Cyesha Goree|Jillian Dunston|Katelynn Flaherty|Shannon Smith|Siera Thompson",5,844,950,106,2,4,-2
"2014-15","9574","Maryland","Brene Moseley|Kristen Confroy|Laurin Mincy|Malina Howard|S. Walker-Kimbrough",5,950,980,30,0,3,-3
"2014-15","9574","Maryland","Brene Moseley|Laurin Mincy|Lexie Brown|Malina Howard|S. Walker-Kimbrough",5,980,1027,47,4,0,4
"2014-15","9574","Maryland","Brionna Jones|Laurin Mincy|Lexie Brown|S. Walker-Kimbrough|Tierney Pfirman",5,1027,1166,139,8,7,1
"2014-15","9574","Michigan","Cyesha Goree|Katelynn Flaherty|Nicole Elmblad|Shannon Smith|Siera Thompson",5,950,1166,216,10,12,-2
"2014-15","9574","Michigan","Katelynn Flaherty|Kelsey Mitchell|Nicole Elmblad|Shannon Smith|Siera Thompson",5,1166,1200,34,2,0,2
"2014-15","9574","Maryland","Brene Moseley|Laurin Mincy|Lexie Brown|S. Walker-Kimbrough|Tierney Pfirman",5,1166,1200,34,0,2,-2
"2014-15","9574","Maryland","Brionna Jones|Laurin Mincy|Lexie Brown|Malina Howard|S. Walker-Kimbrough",5,1200,1388,188,9,7,2
"2014-15","9574","Michigan","Cyesha Goree|Danielle Williams|Nicole Elmblad|Shannon Smith|Siera Thompson",5,1200,1388,188,7,9,-2
"2014-15","9574","Maryland","Brionna Jones|Kristen Confroy|Laurin Mincy|Lexie Brown|Malina Howard",5,1388,1445,57,0,0,0
"2014-15","9574","Maryland","Brionna Jones|Laurin Mincy|Lexie Brown|Malina Howard|S. Walker-Kimbrough",5,1445,1523,78,0,5,-5
"2014-15","9574","Michigan","Cyesha Goree|Katelynn Flaherty|Nicole Elmblad|Shannon Smith|Siera Thompson",5,1388,1588,200,5,5,0
"2014-15","9574","Maryland","Brionna Jones|Laurin Mincy|Lexie Brown|S. Walker-Kimbrough|Tierney Pfirman",5,1523,1653,130,5,2,3
"2014-15","9574","Michigan","Cyesha Goree|Katelynn Flaherty|Madison Ristovski|Nicole Elmblad|Shannon Smith",5,1588,1653,65,2,0,2
"2014-15","9574","Maryland","Laurin Mincy|Lexie Brown|Malina Howard|S. Walker-Kimbrough|Tierney Pfirman",5,1653,1690,37,2,0,2
"2014-15","9574","Michigan","Cyesha Goree|Katelynn Flaherty|Madison Ristovski|Nicole Elmblad|Siera Thompson",5,1653,1690,37,0,2,-2
"2014-15","9574","Michigan","Katelynn Flaherty|Kelsey Mitchell|Madison Ristovski|Nicole Elmblad|Siera Thompson",5,1690,1703,13,0,0,0
"2014-15","9574","Michigan","Cyesha Goree|Katelynn Flaherty|Madison Ristovski|Nicole Elmblad|Siera Thompson",5,1703,1758,55,0,2,-2
"2014-15","9574","Maryland","Brene Moseley|Laurin Mincy|Lexie Brown|Malina Howard|S. Walker-Kimbrough",5,1690,1836,146,4,4,0
"2014-15","9574","Michigan","Cyesha Goree|Madison Ristovski|Nicole Elmblad|Shannon Smith|Siera Thompson",5,1758,1898,140,6,6,0
"2014-15","9574","Michigan","Cyesha Goree|Katelynn Flaherty|Madison Ristovski|Shannon Smith|Siera Thompson",5,1898,2012,114,2,4,-2
"2014-15","9574","Maryland","Brionna Jones|Laurin Mincy|Lexie Brown|S. Walker-Kimbrough|Tierney Pfirman",5,1836,2106,270,10,4,6
"2014-15","9574","Michigan","Cyesha Goree|Katelynn Flaherty|Nicole Elmblad|Shannon Smith|Siera Thompson",5,2012,2134,122,2,4,-2
"2014-15","9574","Maryland","A'Lexus Harrison|Brene Moseley|Brionna Jones|Laurin Mincy|S. Walker-Kimbrough",5,2106,2233,127,7,5,2
"2014-15","9574","Michigan","Cyesha Goree|Jillian Dunston|Katelynn Flaherty|Shannon Smith|Siera Thompson",5,2134,2233,99,3,5,-2
"2014-15","9574","Michigan","Cyesha Goree|Jillian Dunston|Katelynn Flaherty|Madison Ristovski|Siera Thompson",5,2233,2243,10,0,0,0
"2014-15","9574","Michigan","Jillian Dunston|Katelynn Flaherty|Kelsey Mitchell|Madison Ristovski|Paige Rakers",5,2243,2298,55,0,3,-3
"2014-15","9574","Michigan","Danielle Williams|Jillian Dunston|Katelynn Flaherty|Madison Ristovski|Paige Rakers",5,2298,2400,102,2,3,-1
"2014-15","9574","Maryland","A'Lexus Harrison|Aja Ellison|Chloe Pavlech|Kiara Leslie|Kristen Confroy",5,2233,2400,167,6,2,4
"2014-15","9575","Maryland","Brionna Jones|Laurin Mincy|Lexie Brown|Malina Howard|S. Walker-Kimbrough",5,0,151,151,1,8,-7
"2014-15","9575","Iowa","Ally Disterhoft|Bethany Doolittle|Melissa Dixon|Samantha Logic|Whitney Jennings",5,0,241,241,11,6,5
"2014-15","9575","Maryland","Brionna Jones|Laurin Mincy|Lexie Brown|S. Walker-Kimbrough|Tierney Pfirman",5,151,276,125,5,5,0
"2014-15","9575","Iowa","Claire Till|Kali Peschel|Melissa Dixon|Samantha Logic|Whitney Jennings",5,241,281,40,2,3,-1
"2014-15","9575","Maryland","Laurin Mincy|Lexie Brown|Malina Howard|S. Walker-Kimbrough|Tierney Pfirman",5,276,353,77,3,6,-3
"2014-15","9575","Iowa","Ally Disterhoft|Bethany Doolittle|Kali Peschel|Melissa Dixon|Samantha Logic",5,281,377,96,6,2,4
"2014-15","9575","Iowa","Ally Disterhoft|Bethany Doolittle|Kali Peschel|Samantha Logic|Whitney Jennings",5,377,422,45,0,0,0
"2014-15","9575","Maryland","Brene Moseley|Laurin Mincy|Malina Howard|S. Walker-Kimbrough|Tierney Pfirman",5,353,422,69,2,0,2
"2014-15","9575","Iowa","Ally Disterhoft|Claire Till|Kali Peschel|Melissa Dixon|Whitney Jennings",5,422,450,28,0,2,-2
"2014-15","9575","Iowa","Ally Disterhoft|Claire Till|Kali Peschel|Melissa Dixon|Samantha Logic",5,450,481,31,0,0,0
"2014-15","9575","Iowa","Ally Disterhoft|Bethany Doolittle|Christina Buttenham|Melissa Dixon|Samantha Logic",5,481,560,79,0,2,-2
"2014-15","9575","Maryland","Brene Moseley|Kiara Leslie|Laurin Mincy|Malina Howard|S. Walker-Kimbrough",5,422,560,138,4,0,4
"2014-15","9575","Iowa","Alexa Kastanek|Bethany Doolittle|Kali Peschel|Melissa Dixon|Samantha Logic",5,560,712,152,9,8,1
"2014-15","9575","Maryland","Brene Moseley|Kiara Leslie|Laurin Mincy|Malina Howard|Tierney Pfirman",5,560,712,152,8,9,-1
"2014-15","9575","Iowa","Alexa Kastanek|Ally Disterhoft|Bethany Doolittle|Kali Peschel|Samantha Logic",5,712,756,44,2,2,0
"2014-15","9575","Iowa","Ally Disterhoft|Bethany Doolittle|Christina Buttenham|Kali Peschel|Samantha Logic",5,756,794,38,0,0,0
"2014-15","9575","Maryland","Brionna Jones|Kristen Confroy|Laurin Mincy|Lexie Brown|S. Walker-Kimbrough",5,712,794,82,2,2,0
"2014-15","9575","Iowa","Ally Disterhoft|Bethany Doolittle|Christina Buttenham|Melissa Dixon|Samantha Logic",5,794,964,170,5,10,-5
"2014-15","9575","Maryland","Brionna Jones|Kiara Leslie|Kristen Confroy|Laurin Mincy|Lexie Brown",5,794,964,170,10,5,5
"2014-15","9575","Maryland","Brionna Jones|Kiara Leslie|Kristen Confroy|Laurin Mincy|S. Walker-Kimbrough",5,964,982,18,0,3,-3
"2014-15","9575","Iowa","Ally Disterhoft|Bethany Doolittle|Kali Peschel|Melissa Dixon|Whitney Jennings",5,964,1076,112,3,4,-1
"2014-15","9575","Iowa","Ally Disterhoft|Bethany Doolittle|Kali Peschel|Melissa Dixon|Samantha Logic",5,1076,1091,15,2,0,2
"2014-15","9575","Maryland","Kiara Leslie|Kristen Confroy|Laurin Mincy|Malina Howard|S. Walker-Kimbrough",5,982,1091,109,4,2,2
"2014-15","9575","Iowa","Ally Disterhoft|Bethany Doolittle|Christina Buttenham|Melissa Dixon|Samantha Logic",5,1091,1166,75,3,3,0
"2014-15","9575","Maryland","Kiara Leslie|Kristen Confroy|Laurin Mincy|S. Walker-Kimbrough|Tierney Pfirman",5,1091,1166,75,3,3,0
"2014-15","9575","Maryland","Chloe Pavlech|Kristen Confroy|Laurin Mincy|S. Walker-Kimbrough|Tierney Pfirman",5,1166,1199,33,2,2,0
"2014-15","9575","Maryland","A'Lexus Harrison|Kristen Confroy|Laurin Mincy|S. Walker-Kimbrough|Tierney Pfirman",5,1199,1200,1,0,0,0
"2014-15","9575","Iowa","Ally Disterhoft|Christina Buttenham|Claire Till|Melissa Dixon|Samantha Logic",5,1166,1200,34,2,2,0
"2014-15","9575","Iowa","Ally Disterhoft|Bethany Doolittle|Melissa Dixon|Samantha Logic|Whitney Jennings",5,1200,1358,158,3,7,-4
"2014-15","9575","Maryland","Brionna Jones|Laurin Mincy|Lexie Brown|Malina Howard|S. Walker-Kimbrough",5,1200,1369,169,7,3,4
"2014-15","9575","Iowa","Ally Disterhoft|Claire Till|Melissa Dixon|Samantha Logic|Whitney Jennings",5,1358,1391,33,0,1,-1
"2014-15","9575","Maryland","Brionna Jones|Kiara Leslie|Laurin Mincy|Lexie Brown|Malina Howard",5,1369,1397,28,1,0,1
"2014-15","9575","Maryland","Brionna Jones|Kiara Leslie|Laurin Mincy|Lexie Brown|Tierney Pfirman",5,1397,1443,46,0,4,-4
"2014-15","9575","Iowa","Alexa Kastanek|Ally Disterhoft|Claire Till|Melissa Dixon|Samantha Logic",5,1391,1578,187,6,4,2
"2014-15","9575","Maryland","Brionna Jones|Kristen Confroy|Laurin Mincy|Lexie Brown|Tierney Pfirman",5,1443,1578,135,4,2,2
"2014-15","9575","Iowa","Alexa Kastanek|Bethany Doolittle|Kali Peschel|Samantha Logic|Whitney Jennings",5,1578,1651,73,5,0,5
"2014-15","9575","Maryland","Kiara Leslie|Kristen Confroy|Laurin Mincy|Lexie Brown|Malina Howard",5,1578,1651,73,0,5,-5
"2014-15","9575","Maryland","Brionna Jones|Kiara Leslie|Laurin Mincy|Lexie Brown|S. Walker-Kimbrough",5,1651,1668,17,0,3,-3
"2014-15","9575","Iowa","Bethany Doolittle|Kali Peschel|Melissa Dixon|Samantha Logic|Whitney Jennings",5,1651,1774,123,7,7,0
"2014-15","9575","Iowa","Ally Disterhoft|Bethany Doolittle|Melissa Dixon|Samantha Logic|Whitney Jennings",5,1774,1934,160,4,9,-5
"2014-15","9575","Maryland","Brene Moseley|Brionna Jones|Kiara Leslie|Lexie Brown|S. Walker-Kimbrough",5,1668,1934,266,16,8,8
"2014-15","9575","Iowa","Alexa Kastanek|Ally Disterhoft|Bethany Doolittle|Melissa Dixon|Samantha Logic",5,1934,2022,88,2,6,-4
"2014-15","9575","Maryland","Brionna Jones|Kiara Leslie|Laurin Mincy|Lexie Brown|S. Walker-Kimbrough",5,1934,2165,231,10,9,1
"2014-15","9575","Maryland","Kiara Leslie|Laurin Mincy|Lexie Brown|Malina Howard|S. Walker-Kimbrough",5,2165,2215,50,0,0,0
"2014-15","9575","Maryland","Brionna Jones|Kiara Leslie|Laurin Mincy|Lexie Brown|S. Walker-Kimbrough",5,2215,2232,17,0,1,-1
"2014-15","9575","Maryland","Brene Moseley|Brionna Jones|Laurin Mincy|Lexie Brown|S. Walker-Kimbrough",5,2232,2313,81,4,2,2
"2014-15","9575","Maryland","Brene Moseley|Kiara Leslie|Laurin Mincy|Lexie Brown|Malina Howard",5,2313,2337,24,0,2,-2
"2014-15","9575","Iowa","Ally Disterhoft|Bethany Doolittle|Kali Peschel|Melissa Dixon|Samantha Logic",5,2022,2373,351,12,12,0
"2014-15","9575","Maryland","Brene Moseley|Brionna Jones|Laurin Mincy|Lexie Brown|S. Walker-Kimbrough",5,2337,2373,36,4,0,4
"2014-15","9575","Iowa","Ally Disterhoft|Bethany Doolittle|Melissa Dixon|Samantha Logic|Whitney Jennings",5,2373,2377,4,2,0,2
"2014-15","9575","Maryland","Brene Moseley|Kiara Leslie|Laurin Mincy|Lexie Brown|Malina Howard",5,2373,2377,4,0,2,-2
"2014-15","9575","Iowa","Ally Disterhoft|Claire Till|Melissa Dixon|Samantha Logic|Whitney Jennings",5,2377,2378,1,0,2,-2
"2014-15","9575","Maryland","Brene Moseley|Brionna Jones|Laurin Mincy|Lexie Brown|S. Walker-Kimbrough",5,2377,2378,1,2,0,2
"2014-15","9575","Iowa","Ally Disterhoft|Bethany Doolittle|Melissa Dixon|Samantha Logic|Whitney Jennings",5,2378,2384,6,0,1,-1
"2014-15","9575","Maryland","Brene Moseley|Kiara Leslie|Laurin Mincy|Lexie Brown|Malina Howard",5,2378,2384,6,1,0,1
"2014-15","9575","Maryland","Brene Moseley|Brionna Jones|Kiara Leslie|Laurin Mincy|Lexie Brown|Malina Howard|S. Walker-Kimbrough",7,2384,2400,16,0,2,-2
"2014-15","9575","Iowa","Ally Disterhoft|Bethany Doolittle|Claire Till|Melissa Dixon|Samantha Logic|Whitney Jennings",6,2384,2400,16,2,0,2
"2014-15","9576","Maryland","Brionna Jones|Laurin Mincy|Lexie Brown|Malina Howard|S. Walker-Kimbrough",5,0,130,130,5,4,1
"2014-15","9576","Penn State","Candice Agee|Kaliyah Mitchell|Keke Sevillian|Sierra Moore|Tori Waldner",5,0,130,130,4,5,-1
"2014-15","9576","Penn State","Kaliyah Mitchell|Keke Sevillian|Peyton Whitted|Sierra Moore|Tori Waldner",5,130,195,65,0,2,-2
"2014-15","9576","Penn State","Kaliyah Mitchell|Lindsey Spann|Peyton Whitted|Sierra Moore|Tori Waldner",5,195,256,61,3,1,2
"2014-15","9576","Maryland","Laurin Mincy|Lexie Brown|Malina Howard|S. Walker-Kimbrough|Tierney Pfirman",5,130,330,200,3,5,-2
"2014-15","9576","Maryland","Kiara Leslie|Lexie Brown|Malina Howard|S. Walker-Kimbrough|Tierney Pfirman",5,330,375,45,0,2,-2
"2014-15","9576","Penn State","Candice Agee|Kaliyah Mitchell|Keke Sevillian|Lindsey Spann|Peyton Whitted",5,256,375,119,4,0,4
"2014-15","9576","Penn State","Candice Agee|Keke Sevillian|Lindsey Spann|Peyton Whitted|Sierra Moore",5,375,402,27,0,0,0
"2014-15","9576","Maryland","Brene Moseley|Kiara Leslie|Malina Howard|S. Walker-Kimbrough|Tierney Pfirman",5,375,427,52,0,0,0
"2014-15","9576","Penn State","Candice Agee|Jenny DeGraaf|Lindsey Spann|Peyton Whitted|Sierra Moore",5,402,427,25,0,0,0
"2014-15","9576","Maryland","Brene Moseley|Brionna Jones|Kiara Leslie|S. Walker-Kimbrough|Tierney Pfirman",5,427,500,73,2,2,0
"2014-15","9576","Penn State","Jenny DeGraaf|Lindsey Spann|Peyton Whitted|Sierra Moore|Tori Waldner",5,427,516,89,4,2,2
"2014-15","9576","Maryland","Brene Moseley|Laurin Mincy|Lexie Brown|Malina Howard|S. Walker-Kimbrough",5,500,558,58,0,4,-4
"2014-15","9576","Maryland","Laurin Mincy|Lexie Brown|Malina Howard|S. Walker-Kimbrough|Tierney Pfirman",5,558,600,42,1,0,1
"2014-15","9576","Penn State","Candice Agee|Jenny DeGraaf|Kaliyah Mitchell|Lindsey Spann|Sierra Moore",5,516,600,84,2,1,1
"2014-15","9576","Penn State","Candice Agee|Kaliyah Mitchell|Keke Sevillian|Peyton Whitted|Sierra Moore",5,600,662,62,0,2,-2
"2014-15","9576","Penn State","Keke Sevillian|Lindsey Spann|Peyton Whitted|Sierra Moore|Tori Waldner",5,662,811,149,1,8,-7
"2014-15","9576","Maryland","A'Lexus Harrison|Laurin Mincy|Lexie Brown|Malina Howard|S. Walker-Kimbrough",5,600,900,300,19,1,18
"2014-15","9576","Penn State","Candice Agee|Jenny DeGraaf|Lindsey Spann|Sierra Moore|Tori Waldner",5,811,900,89,0,9,-9
"2014-15","9576","Maryland","A'Lexus Harrison|Kristen Confroy|Lexie Brown|Malina Howard|S. Walker-Kimbrough",5,900,939,39,0,0,0
"2014-15","9576","Penn State","Candice Agee|Jenny DeGraaf|Kaliyah Mitchell|Keke Sevillian|Sierra Moore",5,900,962,62,0,0,0
"2014-15","9576","Maryland","A'Lexus Harrison|Aja Ellison|Kristen Confroy|Lexie Brown|S. Walker-Kimbrough",5,939,971,32,1,0,1
"2014-15","9576","Maryland","Aja Ellison|Kristen Confroy|Lexie Brown|S. Walker-Kimbrough|Tierney Pfirman",5,971,1021,50,2,2,0
"2014-15","9576","Penn State","Candice Agee|Jenny DeGraaf|Kaliyah Mitchell|Peyton Whitted|Sierra Moore",5,962,1021,59,2,3,-1
"2014-15","9576","Maryland","Kristen Confroy|Laurin Mincy|Lexie Brown|Malina Howard|Tierney Pfirman",5,1021,1083,62,2,2,0
"2014-15","9576","Penn State","Jenny DeGraaf|Kaliyah Mitchell|Peyton Whitted|Sierra Moore|Tori Waldner",5,1021,1113,92,2,2,0
"2014-15","9576","Maryland","Laurin Mincy|Lexie Brown|Malina Howard|S. Walker-Kimbrough|Tierney Pfirman",5,1083,1181,98,6,0,6
"2014-15","9576","Penn State","Kaliyah Mitchell|Keke Sevillian|Peyton Whitted|Sierra Moore|Tori Waldner",5,1113,1200,87,2,6,-4
"2014-15","9576","Maryland","A'Lexus Harrison|Laurin Mincy|Lexie Brown|Malina Howard|S. Walker-Kimbrough",5,1181,1200,19,0,2,-2
"2014-15","9576","Maryland","Brionna Jones|Laurin Mincy|Lexie Brown|Malina Howard|S. Walker-Kimbrough",5,1200,1387,187,5,6,-1
"2014-15","9576","Penn State","Candice Agee|Kaliyah Mitchell|Lindsey Spann|Sierra Moore|Tori Waldner",5,1200,1433,233,6,7,-1
"2014-15","9576","Maryland","Brionna Jones|Kiara Leslie|Lexie Brown|Malina Howard|S. Walker-Kimbrough",5,1387,1482,95,5,2,3
"2014-15","9576","Penn State","Candice Agee|Lindsey Spann|Peyton Whitted|Sierra Moore|Tori Waldner",5,1433,1557,124,2,5,-3
"2014-15","9576","Maryland","Brionna Jones|Laurin Mincy|Lexie Brown|Malina Howard|S. Walker-Kimbrough",5,1482,1642,160,2,0,2
"2014-15","9576","Penn State","Candice Agee|Jenny DeGraaf|Lindsey Spann|Peyton Whitted|Sierra Moore",5,1557,1702,145,2,4,-2
"2014-15","9576","Maryland","Brene Moseley|Brionna Jones|Laurin Mincy|S. Walker-Kimbrough|Tierney Pfirman",5,1642,1780,138,4,2,2
"2014-15","9576","Penn State","Jenny DeGraaf|Lindsey Spann|Peyton Whitted|Sierra Moore|Tori Waldner",5,1702,1780,78,0,0,0
"2014-15","9576","Maryland","A'Lexus Harrison|Brene Moseley|Laurin Mincy|S. Walker-Kimbrough|Tierney Pfirman",5,1780,1832,52,1,2,-1
"2014-15","9576","Penn State","Jenny DeGraaf|Keke Sevillian|Lindsey Spann|Peyton Whitted|Tori Waldner",5,1780,1832,52,2,1,1
"2014-15","9576","Maryland","A'Lexus Harrison|Brene Moseley|Kristen Confroy|S. Walker-Kimbrough|Tierney Pfirman",5,1832,1937,105,4,6,-2
"2014-15","9576","Maryland","A'Lexus Harrison|Aja Ellison|Brene Moseley|Kristen Confroy|Lexie Brown",5,1937,2017,80,2,3,-1
"2014-15","9576","Maryland","A'Lexus Harrison|Aja Ellison|Brene Moseley|Kiara Leslie|Lexie Brown",5,2017,2052,35,0,2,-2
"2014-15","9576","Penn State","Jenny DeGraaf|Keke Sevillian|Lindsey Spann|Sierra Moore|Tori Waldner",5,1832,2052,220,11,6,5
"2014-15","9576","Maryland","Brene Moseley|Brionna Jones|Kiara Leslie|Lexie Brown|Tierney Pfirman",5,2052,2065,13,0,1,-1
"2014-15","9576","Penn State","Candice Agee|Jenny DeGraaf|Keke Sevillian|Lindsey Spann|Sierra Moore",5,2052,2081,29,1,2,-1
"2014-15","9576","Penn State","Candice Agee|Jenny DeGraaf|Lindsey Spann|Peyton Whitted|Sierra Moore",5,2081,2111,30,0,2,-2
"2014-15","9576","Maryland","Brionna Jones|Kiara Leslie|Lexie Brown|S. Walker-Kimbrough|Tierney Pfirman",5,2065,2196,131,8,4,4
"2014-15","9576","Maryland","Aja Ellison|Chloe Pavlech|Kiara Leslie|Kristen Confroy|Tierney Pfirman",5,2196,2340,144,5,6,-1
"2014-15","9576","Penn State","Candice Agee|Jenny DeGraaf|Lindsey Spann|Sierra Moore|Tori Waldner",5,2111,2400,289,14,9,5
"2014-15","9576","Maryland","A'Lexus Harrison|Aja Ellison|Chloe Pavlech|Kiara Leslie|Kristen Confroy",5,2340,2400,60,0,4,-4
"2014-15","9577","Nebraska","Brandi Jeffery|Emily Cady|Hailie Sample|Natalie Romeo|Tear'a Laudermill",5,0,293,293,6,5,1
"2014-15","9577","Maryland","Brionna Jones|Laurin Mincy|Lexie Brown|Malina Howard|S. Walker-Kimbrough",5,0,293,293,5,6,-1
"2014-15","9577","Maryland","Brene Moseley|Brionna Jones|Laurin Mincy|Malina Howard|S. Walker-Kimbrough",5,293,347,54,0,0,0
"2014-15","9577","Nebraska","Chandler Smith|Emily Cady|Hailie Sample|Natalie Romeo|Tear'a Laudermill",5,293,436,143,0,0,0
"2014-15","9577","Nebraska","Allie Havers|Brandi Jeffery|Chandler Smith|Emily Cady|Tear'a Laudermill",5,436,550,114,2,7,-5
"2014-15","9577","Maryland","Brionna Jones|Kristen Confroy|Lexie Brown|Malina Howard|S. Walker-Kimbrough",5,347,550,203,7,2,5
"2014-15","9577","Maryland","Kristen Confroy|Laurin Mincy|Lexie Brown|Malina Howard|Tierney Pfirman",5,550,616,66,0,0,0
"2014-15","9577","Nebraska","Allie Havers|Brandi Jeffery|Hailie Sample|Jasmine Cincore|Natalie Romeo",5,550,695,145,3,3,0
"2014-15","9577","Maryland","Brionna Jones|Kristen Confroy|Laurin Mincy|Lexie Brown|Tierney Pfirman",5,616,710,94,3,5,-2
"2014-15","9577","Nebraska","Allie Havers|Emily Cady|Jasmine Cincore|Natalie Romeo|Tear'a Laudermill",5,695,795,100,4,2,2
"2014-15","9577","Maryland","Brionna Jones|Laurin Mincy|Lexie Brown|S. Walker-Kimbrough|Tierney Pfirman",5,710,795,85,2,2,0
"2014-15","9577","Maryland","Brionna Jones|Laurin Mincy|Lexie Brown|Malina Howard|S. Walker-Kimbrough",5,795,868,73,2,0,2
"2014-15","9577","Nebraska","Brandi Jeffery|Chandler Smith|Emily Cady|Hailie Sample|Natalie Romeo",5,795,958,163,5,4,1
"2014-15","9577","Maryland","Brionna Jones|Kristen Confroy|Lexie Brown|Malina Howard|S. Walker-Kimbrough",5,868,973,105,2,5,-3
"2014-15","9577","Nebraska","Allie Havers|Brandi Jeffery|Chandler Smith|Emily Cady|Natalie Romeo",5,958,1074,116,2,4,-2
"2014-15","9577","Nebraska","Allie Havers|Chandler Smith|Emily Cady|Natalie Romeo|Tear'a Laudermill",5,1074,1085,11,2,0,2
"2014-15","9577","Maryland","A'Lexus Harrison|Kristen Confroy|Lexie Brown|Malina Howard|S. Walker-Kimbrough",5,973,1085,112,4,4,0
"2014-15","9577","Maryland","A'Lexus Harrison|Kiara Leslie|Lexie Brown|Malina Howard|S. Walker-Kimbrough",5,1085,1144,59,2,0,2
"2014-15","9577","Maryland","Brionna Jones|Kiara Leslie|Lexie Brown|Malina Howard|S. Walker-Kimbrough",5,1144,1200,56,2,0,2
"2014-15","9577","Nebraska","Brandi Jeffery|Chandler Smith|Emily Cady|Hailie Sample|Natalie Romeo",5,1085,1200,115,0,4,-4
"2014-15","9577","Nebraska","Brandi Jeffery|Emily Cady|Hailie Sample|Natalie Romeo|Tear'a Laudermill",5,1200,1392,192,4,8,-4
"2014-15","9577","Nebraska","Chandler Smith|Emily Cady|Hailie Sample|Natalie Romeo|Tear'a Laudermill",5,1392,1472,80,3,0,3
"2014-15","9577","Maryland","Brionna Jones|Laurin Mincy|Lexie Brown|Malina Howard|S. Walker-Kimbrough",5,1200,1472,272,8,7,1
"2014-15","9577","Nebraska","Allie Havers|Chandler Smith|Emily Cady|Jasmine Cincore|Tear'a Laudermill",5,1472,1589,117,0,4,-4
"2014-15","9577","Maryland","Brionna Jones|Kiara Leslie|Kristen Confroy|Lexie Brown|Malina Howard",5,1472,1589,117,4,0,4
"2014-15","9577","Nebraska","Allie Havers|Chandler Smith|Hailie Sample|Jasmine Cincore|Natalie Romeo|Tear'a Laudermill",6,1589,1601,12,0,0,0
"2014-15","9577","Maryland","Brene Moseley|Brionna Jones|Kiara Leslie|Lexie Brown|Malina Howard",5,1589,1621,32,0,0,0
"2014-15","9577","Nebraska","Allie Havers|Chandler Smith|Hailie Sample|Natalie Romeo|Tear'a Laudermill",5,1601,1697,96,2,0,2
"2014-15","9577","Nebraska","Chandler Smith|Emily Cady|Hailie Sample|Natalie Romeo|Tear'a Laudermill",5,1697,1785,88,0,2,-2
"2014-15","9577","Maryland","Brene Moseley|Brionna Jones|Kiara Leslie|Laurin Mincy|Lexie Brown",5,1621,1785,164,2,2,0
"2014-15","9577","Nebraska","Brandi Jeffery|Emily Cady|Hailie Sample|Natalie Romeo|Tear'a Laudermill",5,1785,1818,33,0,0,0
"2014-15","9577","Maryland","Brionna Jones|Kiara Leslie|Laurin Mincy|Lexie Brown|S. Walker-Kimbrough",5,1785,1853,68,0,2,-2
"2014-15","9577","Nebraska","Allie Havers|Brandi Jeffery|Emily Cady|Natalie Romeo|Tear'a Laudermill",5,1818,1868,50,2,0,2
"2014-15","9577","Maryland","Kiara Leslie|Laurin Mincy|Lexie Brown|Malina Howard|S. Walker-Kimbrough",5,1853,1920,67,0,2,-2
"2014-15","9577","Nebraska","Allie Havers|Chandler Smith|Emily Cady|Natalie Romeo|Tear'a Laudermill",5,1868,1949,81,2,0,2
"2014-15","9577","Maryland","A'Lexus Harrison|Laurin Mincy|Lexie Brown|Malina Howard|S. Walker-Kimbrough",5,1920,1949,29,0,0,0
"2014-15","9577","Nebraska","Allie Havers|Chandler Smith|Hailie Sample|Natalie Romeo|Tear'a Laudermill",5,1949,2058,109,0,5,-5
"2014-15","9577","Nebraska","Chandler Smith|Emily Cady|Hailie Sample|Natalie Romeo|Tear'a Laudermill",5,2058,2082,24,0,2,-2
"2014-15","9577","Maryland","Brionna Jones|Laurin Mincy|Lexie Brown|Malina Howard|S. Walker-Kimbrough",5,1949,2131,182,9,0,9
"2014-15","9577","Nebraska","Brandi Jeffery|Chandler Smith|Emily Cady|Hailie Sample|Tear'a Laudermill",5,2082,2194,112,3,4,-1
"2014-15","9577","Maryland","A'Lexus Harrison|Brionna Jones|Laurin Mincy|Lexie Brown|S. Walker-Kimbrough",5,2131,2194,63,2,3,-1
"2014-15","9577","Maryland","A'Lexus Harrison|Kiara Leslie|Lexie Brown|Malina Howard|S. Walker-Kimbrough",5,2194,2308,114,4,5,-1
"2014-15","9577","Nebraska","Brandi Jeffery|Emily Cady|Hailie Sample|Natalie Romeo|Tear'a Laudermill",5,2194,2330,136,5,5,0
"2014-15","9577","Maryland","A'Lexus Harrison|Aja Ellison|Kiara Leslie|Kristen Confroy|S. Walker-Kimbrough",5,2308,2330,22,1,0,1
"2014-15","9577","Maryland","A'Lexus Harrison|Aja Ellison|Chloe Pavlech|Kiara Leslie|Kristen Confroy",5,2330,2400,70,0,2,-2
"2014-15","9577","Nebraska","Allie Havers|Anya Kalenta|Chandler Smith|Esther Ramacieri|Jasmine Cincore",5,2330,2400,70,2,0,2
"2014-15","9578","Maryland","Brionna Jones|Laurin Mincy|Lexie Brown|Malina Howard|S. Walker-Kimbrough",5,0,147,147,4,7,-3
"2014-15","9578","Rutgers","Ariel Butts|Betnijah Laney|Kahleah Copper|Syessence Davis|Tyler Scaife",5,0,203,203,9,4,5
"2014-15","9578","Maryland","A'Lexus Harrison|Laurin Mincy|Lexie Brown|Malina Howard|S. Walker-Kimbrough",5,147,203,56,0,2,-2
"2014-15","9578","Maryland","A'Lexus Harrison|Kiara Leslie|Lexie Brown|Malina Howard|S. Walker-Kimbrough",5,203,253,50,3,2,1
"2014-15","9578","Rutgers","Betnijah Laney|Briyona Canty|Christa Evans|Kahleah Copper|Tyler Scaife",5,203,334,131,2,5,-3
"2014-15","9578","Rutgers","Betnijah Laney|Kahleah Copper|Rachel Hollivay|Syessence Davis|Tyler Scaife",5,334,500,166,6,5,1
"2014-15","9578","Rutgers","Ariel Butts|Betnijah Laney|Briyona Canty|Kahleah Copper|Syessence Davis",5,500,559,59,0,4,-4
"2014-15","9578","Rutgers","Ariel Butts|Betnijah Laney|Kahleah Copper|Syessence Davis|Tyler Scaife",5,559,596,37,0,2,-2
"2014-15","9578","Maryland","A'Lexus Harrison|Laurin Mincy|Lexie Brown|Malina Howard|S. Walker-Kimbrough",5,253,664,411,15,8,7
"2014-15","9578","Rutgers","Betnijah Laney|Christa Evans|Kahleah Copper|Syessence Davis|Tyler Scaife",5,596,723,127,2,4,-2
"2014-15","9578","Maryland","A'Lexus Harrison|Aja Ellison|Brene Moseley|Laurin Mincy|S. Walker-Kimbrough",5,664,723,59,2,0,2
"2014-15","9578","Maryland","A'Lexus Harrison|Kiara Leslie|Laurin Mincy|Lexie Brown|Malina Howard",5,723,777,54,3,0,3
"2014-15","9578","Rutgers","Christa Evans|Kahleah Copper|Shrita Parker|Syessence Davis|Tyler Scaife",5,723,811,88,0,5,-5
"2014-15","9578","Rutgers","Ariel Butts|Betnijah Laney|Briyona Canty|Syessence Davis|Tyler Scaife",5,811,928,117,2,4,-2
"2014-15","9578","Maryland","A'Lexus Harrison|Laurin Mincy|Lexie Brown|Malina Howard|S. Walker-Kimbrough",5,777,928,151,6,2,4
"2014-15","9578","Maryland","A'Lexus Harrison|Aja Ellison|Brene Moseley|Lexie Brown|S. Walker-Kimbrough",5,928,986,58,0,0,0
"2014-15","9578","Rutgers","Ariel Butts|Betnijah Laney|Briyona Canty|Kahleah Copper|Tyler Scaife",5,928,1106,178,6,2,4
"2014-15","9578","Maryland","A'Lexus Harrison|Laurin Mincy|Lexie Brown|Malina Howard|S. Walker-Kimbrough",5,986,1200,214,4,8,-4
"2014-15","9578","Rutgers","Ariel Butts|Betnijah Laney|Kahleah Copper|Syessence Davis|Tyler Scaife",5,1106,1200,94,2,2,0
"2014-15","9578","Maryland","Brionna Jones|Laurin Mincy|Lexie Brown|Malina Howard|S. Walker-Kimbrough",5,1200,1383,183,4,6,-2
"2014-15","9578","Rutgers","Betnijah Laney|Kahleah Copper|Rachel Hollivay|Syessence Davis|Tyler Scaife",5,1200,1499,299,10,9,1
"2014-15","9578","Rutgers","Betnijah Laney|Briyona Canty|Kahleah Copper|Rachel Hollivay|Tyler Scaife",5,1499,1651,152,4,6,-2
"2014-15","9578","Maryland","A'Lexus Harrison|Laurin Mincy|Lexie Brown|Malina Howard|S. Walker-Kimbrough",5,1383,1651,268,11,8,3
"2014-15","9578","Rutgers","Betnijah Laney|Kahleah Copper|Rachel Hollivay|Shrita Parker|Syessence Davis",5,1651,1791,140,7,7,0
"2014-15","9578","Maryland","A'Lexus Harrison|Brionna Jones|Laurin Mincy|Lexie Brown|S. Walker-Kimbrough",5,1651,1791,140,7,7,0
"2014-15","9578","Rutgers","Ariel Butts|Betnijah Laney|Kahleah Copper|Syessence Davis|Tyler Scaife",5,1791,1877,86,0,4,-4
"2014-15","9578","Maryland","Brionna Jones|Laurin Mincy|Lexie Brown|Malina Howard|S. Walker-Kimbrough",5,1791,1920,129,4,5,-1
"2014-15","9578","Maryland","Brionna Jones|Kiara Leslie|Laurin Mincy|Lexie Brown|Malina Howard",5,1920,1984,64,2,3,-1
"2014-15","9578","Rutgers","Betnijah Laney|Kahleah Copper|Rachel Hollivay|Syessence Davis|Tyler Scaife",5,1877,2055,178,10,6,4
"2014-15","9578","Maryland","Brionna Jones|Laurin Mincy|Lexie Brown|Malina Howard|S. Walker-Kimbrough",5,1984,2055,71,4,2,2
"2014-15","9578","Rutgers","Betnijah Laney|Christa Evans|Kahleah Copper|Syessence Davis|Tyler Scaife",5,2055,2074,19,0,0,0
"2014-15","9578","Maryland","A'Lexus Harrison|Brionna Jones|Laurin Mincy|Lexie Brown|S. Walker-Kimbrough",5,2055,2123,68,3,0,3
"2014-15","9578","Rutgers","Betnijah Laney|Briyona Canty|Christa Evans|Kahleah Copper|Tyler Scaife",5,2074,2198,124,0,6,-6
"2014-15","9578","Maryland","A'Lexus Harrison|Laurin Mincy|Lexie Brown|Malina Howard|S. Walker-Kimbrough",5,2123,2198,75,3,0,3
"2014-15","9578","Maryland","Brionna Jones|Laurin Mincy|Lexie Brown|Malina Howard|S. Walker-Kimbrough",5,2198,2266,68,0,4,-4
"2014-15","9578","Maryland","Brene Moseley|Laurin Mincy|Lexie Brown|Malina Howard|S. Walker-Kimbrough",5,2266,2349,83,4,3,1
"2014-15","9578","Maryland","Brionna Jones|Laurin Mincy|Lexie Brown|Malina Howard|S. Walker-Kimbrough",5,2349,2361,12,1,2,-1
"2014-15","9578","Maryland","Brene Moseley|Brionna Jones|Laurin Mincy|Lexie Brown|Malina Howard|S. Walker-Kimbrough",6,2361,2380,19,0,0,0
"2014-15","9578","Maryland","Brene Moseley|Laurin Mincy|Lexie Brown|Malina Howard|S. Walker-Kimbrough",5,2380,2400,20,0,0,0
"2014-15","9578","Rutgers","Betnijah Laney|Kahleah Copper|Rachel Hollivay|Syessence Davis|Tyler Scaife",5,2198,2400,202,9,5,4
"2014-15","9579","Maryland","Brionna Jones|Laurin Mincy|Lexie Brown|Malina Howard|S. Walker-Kimbrough",5,0,134,134,5,2,3
"2014-15","9579","Maryland","Kiara Leslie|Laurin Mincy|Lexie Brown|Malina Howard|S. Walker-Kimbrough",5,134,180,46,0,2,-2
"2014-15","9579","Michigan State","Aerial Powers|Becca Mills|Cara Miller|Lexi Gussert|Tori Jankoska",5,0,226,226,4,5,-1
"2014-15","9579","Maryland","Brionna Jones|Kiara Leslie|Lexie Brown|Malina Howard|S. Walker-Kimbrough",5,180,286,106,4,0,4
"2014-15","9579","Michigan State","Aerial Powers|Anna Morrissey|Becca Mills|Cara Miller|Tori Jankoska",5,226,286,60,0,4,-4
"2014-15","9579","Maryland","Brionna Jones|Kiara Leslie|Laurin Mincy|Lexie Brown|Malina Howard",5,286,395,109,2,2,0
"2014-15","9579","Michigan State","Aerial Powers|Anna Morrissey|Becca Mills|Kennedy Johnson|Tori Jankoska",5,286,395,109,2,2,0
"2014-15","9579","Maryland","Brionna Jones|Laurin Mincy|Lexie Brown|Malina Howard|S. Walker-Kimbrough",5,395,417,22,0,0,0
"2014-15","9579","Maryland","A'Lexus Harrison|Laurin Mincy|Lexie Brown|Malina Howard|S. Walker-Kimbrough",5,417,494,77,0,4,-4
"2014-15","9579","Maryland","A'Lexus Harrison|Brionna Jones|Laurin Mincy|Lexie Brown|Malina Howard|S. Walker-Kimbrough",6,494,566,72,3,3,0
"2014-15","9579","Michigan State","Aerial Powers|Anna Morrissey|Becca Mills|Cara Miller|Tori Jankoska",5,395,658,263,7,9,-2
"2014-15","9579","Michigan State","Aerial Powers|Anna Morrissey|Cara Miller|Kennedy Johnson|Tori Jankoska",5,658,710,52,3,0,3
"2014-15","9579","Maryland","A'Lexus Harrison|Brionna Jones|Kristen Confroy|Laurin Mincy|Lexie Brown|Malina Howard",6,566,753,187,6,5,1
"2014-15","9579","Maryland","A'Lexus Harrison|Aja Ellison|Brionna Jones|Kristen Confroy|Laurin Mincy|Lexie Brown|Malina Howard",7,753,805,52,0,0,0
"2014-15","9579","Michigan State","Anna Morrissey|Becca Mills|Cara Miller|Kennedy Johnson|Tori Jankoska",5,710,805,95,2,0,2
"2014-15","9579","Maryland","A'Lexus Harrison|Aja Ellison|Brionna Jones|Laurin Mincy|Lexie Brown|Malina Howard|S. Walker-Kimbrough",7,805,876,71,0,3,-3
"2014-15","9579","Michigan State","Aerial Powers|Anna Morrissey|Becca Mills|Kennedy Johnson|Tori Jankoska",5,805,901,96,3,0,3
"2014-15","9579","Maryland","A'Lexus Harrison|Aja Ellison|Brionna Jones|Kiara Leslie|Lexie Brown|Malina Howard|S. Walker-Kimbrough",7,876,921,45,2,0,2
"2014-15","9579","Michigan State","Aerial Powers|Anna Morrissey|Becca Mills|Cara Miller|Kennedy Johnson",5,901,939,38,2,2,0
"2014-15","9579","Maryland","Aja Ellison|Brionna Jones|Kiara Leslie|Lexie Brown|Malina Howard|S. Walker-Kimbrough|Tierney Pfirman",7,921,1013,92,4,3,1
"2014-15","9579","Michigan State","Aerial Powers|Anna Morrissey|Becca Mills|Cara Miller|Tori Jankoska",5,939,1144,205,1,11,-10
"2014-15","9579","Maryland","A'Lexus Harrison|Aja Ellison|Kiara Leslie|Lexie Brown|Malina Howard|S. Walker-Kimbrough|Tierney Pfirman",7,1013,1200,187,7,2,5
"2014-15","9579","Maryland","Brionna Jones|Laurin Mincy|Lexie Brown|Malina Howard|S. Walker-Kimbrough",5,1200,1505,305,9,16,-7
"2014-15","9579","Maryland","Brene Moseley|Brionna Jones|Lexie Brown|Malina Howard|S. Walker-Kimbrough",5,1505,1672,167,3,2,1
"2014-15","9579","Maryland","Brene Moseley|Brionna Jones|Lexie Brown|S. Walker-Kimbrough|Tierney Pfirman",5,1672,1677,5,0,0,0
"2014-15","9579","Maryland","Brene Moseley|Brionna Jones|Kiara Leslie|S. Walker-Kimbrough|Tierney Pfirman",5,1677,1687,10,0,0,0
"2014-15","9579","Maryland","Brene Moseley|Kiara Leslie|Malina Howard|S. Walker-Kimbrough|Tierney Pfirman",5,1687,1741,54,2,2,0
"2014-15","9579","Maryland","Kiara Leslie|Lexie Brown|Malina Howard|S. Walker-Kimbrough|Tierney Pfirman",5,1741,1802,61,2,4,-2
"2014-15","9579","Michigan State","Aerial Powers|Becca Mills|Cara Miller|Lexi Gussert|Tori Jankoska",5,1144,1840,696,26,18,8
"2014-15","9579","Michigan State","Aerial Powers|Cara Miller|Kennedy Johnson|Lexi Gussert|Tori Jankoska",5,1840,1886,46,0,2,-2
"2014-15","9579","Michigan State","Aerial Powers|Anna Morrissey|Cara Miller|Kennedy Johnson|Tori Jankoska",5,1886,2039,153,2,10,-8
"2014-15","9579","Maryland","Brionna Jones|Laurin Mincy|Lexie Brown|S. Walker-Kimbrough|Tierney Pfirman",5,1802,2343,541,19,11,8
"2014-15","9579","Michigan State","Aerial Powers|Becca Mills|Cara Miller|Lexi Gussert|Tori Jankoska",5,2039,2343,304,9,5,4
"2014-15","9579","Maryland","Brene Moseley|Brionna Jones|Kiara Leslie|Laurin Mincy|Lexie Brown|Tierney Pfirman",6,2343,2381,38,4,6,-2
"2014-15","9579","Michigan State","Aerial Powers|Becca Mills|Cara Miller|Kennedy Johnson|Kiara Carter|Lexi Gussert|Tori Jankoska",7,2343,2381,38,6,4,2
"2014-15","9579","Maryland","Brene Moseley|Kristen Confroy|Laurin Mincy|Lexie Brown|Tierney Pfirman",5,2381,2382,1,0,0,0
"2014-15","9579","Michigan State","Aerial Powers|Anna Morrissey|Kennedy Johnson|Kiara Carter|Lexi Gussert|Tori Jankoska",6,2381,2382,1,0,0,0
"2014-15","9579","Maryland","Brionna Jones|Kiara Leslie|Laurin Mincy|Lexie Brown|Tierney Pfirman",5,2382,2394,12,2,2,0
"2014-15","9579","Maryland","Brene Moseley|Kristen Confroy|Laurin Mincy|Lexie Brown|Tierney Pfirman",5,2394,2395,1,1,0,1
"2014-15","9579","Michigan State","Aerial Powers|Becca Mills|Cara Miller|Kiara Carter|Lexi Gussert|Tori Jankoska",6,2382,2400,18,2,3,-1
"2014-15","9579","Maryland","Brionna Jones|Kiara Leslie|Laurin Mincy|Lexie Brown|Tierney Pfirman",5,2395,2400,5,0,0,0
"2014-15","9580","Maryland","Brionna Jones|Laurin Mincy|Lexie Brown|Malina Howard|S. Walker-Kimbrough",5,0,179,179,10,2,8
"2014-15","9580","Wisconsin","Cassie Rochel|Dakota Whyte|Jacki Gulczynski|Nicole Bauman|Tessa Cichy",5,0,279,279,4,14,-10
"2014-15","9580","Maryland","Brionna Jones|Laurin Mincy|Lexie Brown|Malina Howard|S. Walker-Kimbrough|Tierney Pfirman",6,179,422,243,9,4,5
"2014-15","9580","Wisconsin","AnnMarie Brown|Cassie Rochel|Jacki Gulczynski|Nicole Bauman|Tessa Cichy",5,279,422,143,2,5,-3
"2014-15","9580","Maryland","A'Lexus Harrison|Kiara Leslie|Laurin Mincy|Lexie Brown|Malina Howard",5,422,500,78,2,2,0
"2014-15","9580","Maryland","Brionna Jones|Laurin Mincy|Lexie Brown|Malina Howard|S. Walker-Kimbrough",5,500,559,59,0,2,-2
"2014-15","9580","Wisconsin","AnnMarie Brown|Jacki Gulczynski|Malayna Johnson|Nicole Bauman|Tessa Cichy",5,422,668,246,8,6,2
"2014-15","9580","Maryland","Brionna Jones|Kristen Confroy|Lexie Brown|S. Walker-Kimbrough|Tierney Pfirman",5,559,740,181,8,4,4
"2014-15","9580","Wisconsin","AnnMarie Brown|Cassie Rochel|Cayla McMorris|Dakota Whyte|Malayna Johnson",5,668,746,78,0,4,-4
"2014-15","9580","Maryland","Brionna Jones|Laurin Mincy|Lexie Brown|S. Walker-Kimbrough|Tierney Pfirman",5,740,925,185,6,6,0
"2014-15","9580","Wisconsin","Cassie Rochel|Cayla McMorris|Malayna Johnson|Nicole Bauman|Tessa Cichy",5,746,925,179,6,6,0
"2014-15","9580","Maryland","A'Lexus Harrison|Aja Ellison|Brene Moseley|Laurin Mincy|S. Walker-Kimbrough",5,925,967,42,2,2,0
"2014-15","9580","Wisconsin","Cayla McMorris|Jacki Gulczynski|Malayna Johnson|Nicole Bauman|Tessa Cichy",5,925,1013,88,2,2,0
"2014-15","9580","Maryland","A'Lexus Harrison|Brene Moseley|Brionna Jones|Lexie Brown|S. Walker-Kimbrough",5,967,1063,96,2,3,-1
"2014-15","9580","Maryland","Brene Moseley|Brionna Jones|Lexie Brown|S. Walker-Kimbrough|Tierney Pfirman",5,1063,1131,68,4,2,2
"2014-15","9580","Maryland","A'Lexus Harrison|Brene Moseley|Brionna Jones|Lexie Brown|S. Walker-Kimbrough",5,1131,1139,8,0,0,0
"2014-15","9580","Maryland","Brene Moseley|Brionna Jones|Lexie Brown|S. Walker-Kimbrough|Tierney Pfirman",5,1139,1178,39,0,0,0
"2014-15","9580","Wisconsin","Cayla McMorris|Dakota Whyte|Jacki Gulczynski|Malayna Johnson|Nicole Bauman",5,1013,1200,187,8,6,2
"2014-15","9580","Maryland","Brionna Jones|Laurin Mincy|Lexie Brown|S. Walker-Kimbrough|Tierney Pfirman",5,1178,1200,22,0,3,-3
"2014-15","9580","Maryland","Brionna Jones|Laurin Mincy|Lexie Brown|Malina Howard|S. Walker-Kimbrough",5,1200,1400,200,4,9,-5
"2014-15","9580","Maryland","Brionna Jones|Kiara Leslie|Laurin Mincy|Lexie Brown|S. Walker-Kimbrough",5,1400,1472,72,2,5,-3
"2014-15","9580","Wisconsin","Cassie Rochel|Dakota Whyte|Jacki Gulczynski|Nicole Bauman|Tessa Cichy",5,1200,1472,272,14,6,8
"2014-15","9580","Maryland","Brionna Jones|Kiara Leslie|Kristen Confroy|Laurin Mincy|Lexie Brown",5,1472,1499,27,0,2,-2
"2014-15","9580","Wisconsin","AnnMarie Brown|Cassie Rochel|Dakota Whyte|Nicole Bauman|Tessa Cichy",5,1472,1706,234,5,12,-7
"2014-15","9580","Maryland","Brionna Jones|Kristen Confroy|Laurin Mincy|Lexie Brown|S. Walker-Kimbrough",5,1499,1748,249,12,3,9
"2014-15","9580","Maryland","Brionna Jones|Kristen Confroy|Laurin Mincy|Lexie Brown|Tierney Pfirman",5,1748,1891,143,6,3,3
"2014-15","9580","Wisconsin","Cassie Rochel|Dakota Whyte|Jacki Gulczynski|Nicole Bauman|Tessa Cichy",5,1706,1891,185,3,6,-3
"2014-15","9580","Maryland","Kristen Confroy|Lexie Brown|Malina Howard|S. Walker-Kimbrough|Tierney Pfirman",5,1891,2071,180,4,6,-2
"2014-15","9580","Wisconsin","Cassie Rochel|Cayla McMorris|Jacki Gulczynski|Nicole Bauman|Tessa Cichy",5,1891,2139,248,6,4,2
"2014-15","9580","Maryland","Brionna Jones|Laurin Mincy|Lexie Brown|S. Walker-Kimbrough|Tierney Pfirman",5,2071,2210,139,2,4,-2
"2014-15","9580","Maryland","Brionna Jones|Kristen Confroy|Laurin Mincy|Lexie Brown|Tierney Pfirman",5,2210,2280,70,1,2,-1
"2014-15","9580","Maryland","Kristen Confroy|Laurin Mincy|Lexie Brown|Malina Howard|Tierney Pfirman",5,2280,2348,68,3,3,0
"2014-15","9580","Maryland","Brene Moseley|Kristen Confroy|Laurin Mincy|Lexie Brown|Malina Howard",5,2348,2360,12,2,2,0
"2014-15","9580","Maryland","Kristen Confroy|Laurin Mincy|Lexie Brown|Malina Howard|Tierney Pfirman",5,2360,2364,4,0,1,-1
"2014-15","9580","Maryland","Brene Moseley|Kristen Confroy|Laurin Mincy|Lexie Brown|Malina Howard",5,2364,2366,2,2,0,2
"2014-15","9580","Maryland","Kristen Confroy|Laurin Mincy|Lexie Brown|Malina Howard|Tierney Pfirman",5,2366,2384,18,0,0,0
"2014-15","9580","Wisconsin","Dakota Whyte|Jacki Gulczynski|Malayna Johnson|Nicole Bauman|Tessa Cichy",5,2139,2400,261,12,10,2
"2014-15","9580","Maryland","Brene Moseley|Kristen Confroy|Laurin Mincy|Lexie Brown|Malina Howard",5,2384,2400,16,0,0,0
"2014-15","9581","Penn State","Candice Agee|Kaliyah Mitchell|Keke Sevillian|Sierra Moore|Tori Waldner",5,0,134,134,0,2,-2
"2014-15","9581","Maryland","Brionna Jones|Laurin Mincy|Lexie Brown|Malina Howard|S. Walker-Kimbrough",5,0,248,248,10,2,8
"2014-15","9581","Maryland","Brionna Jones|Laurin Mincy|Lexie Brown|S. Walker-Kimbrough|Tierney Pfirman",5,248,279,31,0,0,0
"2014-15","9581","Penn State","Kaliyah Mitchell|Keke Sevillian|Lindsey Spann|Peyton Whitted|Tori Waldner",5,134,341,207,2,10,-8
"2014-15","9581","Maryland","Brionna Jones|Kristen Confroy|Lexie Brown|S. Walker-Kimbrough|Tierney Pfirman",5,279,383,104,2,0,2
"2014-15","9581","Penn State","Candice Agee|Kaliyah Mitchell|Lindsey Spann|Peyton Whitted|Sierra Moore",5,341,441,100,2,0,2
"2014-15","9581","Penn State","Candice Agee|Kaliyah Mitchell|Keke Sevillian|Peyton Whitted|Sierra Moore",5,441,454,13,0,1,-1
"2014-15","9581","Penn State","Alex Harris|Candice Agee|Kaliyah Mitchell|Keke Sevillian|Sierra Moore",5,454,565,111,2,3,-1
"2014-15","9581","Maryland","A'Lexus Harrison|Kristen Confroy|Laurin Mincy|Lexie Brown|Malina Howard",5,383,565,182,4,4,0
"2014-15","9581","Penn State","Alex Harris|Candice Agee|Keke Sevillian|Lindsey Spann|Sierra Moore",5,565,683,118,2,4,-2
"2014-15","9581","Maryland","Brionna Jones|Laurin Mincy|Lexie Brown|S. Walker-Kimbrough|Tierney Pfirman",5,565,683,118,4,2,2
"2014-15","9581","Maryland","A'Lexus Harrison|Laurin Mincy|Lexie Brown|Malina Howard|S. Walker-Kimbrough",5,683,717,34,0,0,0
"2014-15","9581","Penn State","Alex Harris|Keke Sevillian|Lindsey Spann|Sierra Moore|Tori Waldner",5,683,750,67,0,0,0
"2014-15","9581","Maryland","A'Lexus Harrison|Brene Moseley|Laurin Mincy|Malina Howard|S. Walker-Kimbrough",5,717,750,33,0,0,0
"2014-15","9581","Penn State","Alex Harris|Kaliyah Mitchell|Keke Sevillian|Lindsey Spann|Tori Waldner",5,750,827,77,0,3,-3
"2014-15","9581","Maryland","A'Lexus Harrison|Kristen Confroy|Lexie Brown|Malina Howard|S. Walker-Kimbrough",5,750,827,77,3,0,3
"2014-15","9581","Maryland","Brionna Jones|Kristen Confroy|Lexie Brown|Malina Howard|S. Walker-Kimbrough",5,827,834,7,0,0,0
"2014-15","9581","Penn State","Candice Agee|Kaliyah Mitchell|Keke Sevillian|Lindsey Spann|Peyton Whitted",5,827,885,58,0,0,0
"2014-15","9581","Maryland","Brionna Jones|Kiara Leslie|Kristen Confroy|Lexie Brown|Tierney Pfirman",5,834,912,78,0,2,-2
"2014-15","9581","Maryland","A'Lexus Harrison|Brionna Jones|Kiara Leslie|Kristen Confroy|Lexie Brown",5,912,959,47,5,0,5
"2014-15","9581","Penn State","Candice Agee|Keke Sevillian|Lindsey Spann|Peyton Whitted|Sierra Moore",5,885,984,99,2,5,-3
"2014-15","9581","Maryland","A'Lexus Harrison|Brionna Jones|Chloe Pavlech|Kiara Leslie|Kristen Confroy",5,959,984,25,0,0,0
"2014-15","9581","Penn State","Jenny DeGraaf|Kaliyah Mitchell|Lindsey Spann|Peyton Whitted|Tori Waldner",5,984,1051,67,0,2,-2
"2014-15","9581","Penn State","Alex Harris|Jenny DeGraaf|Kaliyah Mitchell|Lindsey Spann|Tori Waldner",5,1051,1095,44,2,1,1
"2014-15","9581","Maryland","Brionna Jones|Chloe Pavlech|Kiara Leslie|Laurin Mincy|S. Walker-Kimbrough",5,984,1095,111,3,2,1
"2014-15","9581","Maryland","Brionna Jones|Chloe Pavlech|Laurin Mincy|Lexie Brown|S. Walker-Kimbrough",5,1095,1200,105,4,2,2
"2014-15","9581","Penn State","Alex Harris|Candice Agee|Jenny DeGraaf|Kaliyah Mitchell|Lindsey Spann",5,1095,1200,105,2,4,-2
"2014-15","9581","Penn State","Candice Agee|Kaliyah Mitchell|Keke Sevillian|Lindsey Spann|Tori Waldner",5,1200,1319,119,2,0,2
"2014-15","9581","Maryland","Brionna Jones|Laurin Mincy|Lexie Brown|Malina Howard|S. Walker-Kimbrough",5,1200,1363,163,3,4,-1
"2014-15","9581","Maryland","Brionna Jones|Kristen Confroy|Lexie Brown|Malina Howard|S. Walker-Kimbrough",5,1363,1412,49,0,2,-2
"2014-15","9581","Penn State","Candice Agee|Kaliyah Mitchell|Keke Sevillian|Lindsey Spann|Peyton Whitted",5,1319,1568,249,6,9,-3
"2014-15","9581","Penn State","Kaliyah Mitchell|Keke Sevillian|Lindsey Spann|Peyton Whitted|Tori Waldner",5,1568,1649,81,2,2,0
"2014-15","9581","Maryland","Kristen Confroy|Lexie Brown|Malina Howard|S. Walker-Kimbrough|Tierney Pfirman",5,1412,1649,237,8,4,4
"2014-15","9581","Maryland","Brionna Jones|Kiara Leslie|Lexie Brown|S. Walker-Kimbrough|Tierney Pfirman",5,1649,1711,62,0,2,-2
"2014-15","9581","Penn State","Jenny DeGraaf|Kaliyah Mitchell|Peyton Whitted|Sierra Moore|Tori Waldner",5,1649,1759,110,2,2,0
"2014-15","9581","Penn State","Candice Agee|Jenny DeGraaf|Lindsey Spann|Sierra Moore|Tori Waldner",5,1759,1877,118,0,2,-2
"2014-15","9581","Maryland","Brionna Jones|Laurin Mincy|Lexie Brown|S. Walker-Kimbrough|Tierney Pfirman",5,1711,1877,166,4,0,4
"2014-15","9581","Maryland","Brionna Jones|Chloe Pavlech|Laurin Mincy|Malina Howard|Tierney Pfirman",5,1877,1902,25,0,0,0
"2014-15","9581","Maryland","A'Lexus Harrison|Brionna Jones|Chloe Pavlech|Laurin Mincy|Malina Howard",5,1902,1965,63,5,0,5
"2014-15","9581","Penn State","Alex Harris|Candice Agee|Lindsey Spann|Sierra Moore|Tori Waldner",5,1877,1970,93,0,5,-5
"2014-15","9581","Penn State","Candice Agee|Kaliyah Mitchell|Lindsey Spann|Sierra Moore|Tori Waldner",5,1970,2046,76,2,2,0
"2014-15","9581","Maryland","A'Lexus Harrison|Chloe Pavlech|Laurin Mincy|Malina Howard|S. Walker-Kimbrough",5,1965,2046,81,2,2,0
"2014-15","9581","Maryland","A'Lexus Harrison|Chloe Pavlech|Kristen Confroy|Laurin Mincy|Malina Howard",5,2046,2071,25,0,2,-2
"2014-15","9581","Maryland","Chloe Pavlech|Kristen Confroy|Laurin Mincy|Malina Howard|Tierney Pfirman",5,2071,2104,33,0,0,0
"2014-15","9581","Penn State","Candice Agee|Kaliyah Mitchell|Lindsey Spann|Peyton Whitted|Sierra Moore",5,2046,2111,65,2,0,2
"2014-15","9581","Penn State","Candice Agee|Kaliyah Mitchell|Keke Sevillian|Lindsey Spann|Peyton Whitted",5,2111,2213,102,0,8,-8
"2014-15","9581","Maryland","Chloe Pavlech|Kiara Leslie|Kristen Confroy|Malina Howard|Tierney Pfirman",5,2104,2213,109,8,0,8
"2014-15","9581","Penn State","Candice Agee|Kaliyah Mitchell|Keke Sevillian|Peyton Whitted|Sierra Moore",5,2213,2263,50,0,0,0
"2014-15","9581","Maryland","Aja Ellison|Brene Moseley|Chloe Pavlech|Kiara Leslie|Kristen Confroy",5,2213,2400,187,0,4,-4
"2014-15","9581","Penn State","Candice Agee|Keke Sevillian|Lindsey Spann|Peyton Whitted|Sierra Moore",5,2263,2400,137,4,0,4
"2014-15","9582","Indiana","Alexis Gassion|Amanda Cahill|Jenn Anderson|Larryn Brooks|Tyra Buss",5,0,236,236,2,6,-4
"2014-15","9582","Maryland","Brionna Jones|Laurin Mincy|Lexie Brown|Malina Howard|S. Walker-Kimbrough",5,0,236,236,6,2,4
"2014-15","9582","Maryland","Brionna Jones|Kristen Confroy|Laurin Mincy|Lexie Brown|Malina Howard",5,236,253,17,2,3,-1
"2014-15","9582","Maryland","Brionna Jones|Kristen Confroy|Laurin Mincy|Lexie Brown",4,253,299,46,0,0,0
"2014-15","9582","Indiana","Alexis Gassion|Amanda Cahill|Karlee McBride|Larryn Brooks|Tyra Buss",5,236,333,97,3,2,1
"2014-15","9582","Maryland","Brionna Jones|Kristen Confroy|Laurin Mincy|Lexie Brown|Malina Howard",5,299,333,34,0,0,0
"2014-15","9582","Indiana","Alexis Gassion|Amanda Cahill|Jess Walter|Karlee McBride|Larryn Brooks",5,333,458,125,9,8,1
"2014-15","9582","Maryland","Kristen Confroy|Laurin Mincy|Lexie Brown|Malina Howard|Tierney Pfirman",5,333,458,125,8,9,-1
"2014-15","9582","Indiana","Amanda Cahill|Jenn Anderson|Jess Walter|Taylor Agler|Tyra Buss",5,458,507,49,0,1,-1
"2014-15","9582","Maryland","Brionna Jones|Kiara Leslie|Laurin Mincy|Lexie Brown|Tierney Pfirman",5,458,544,86,1,2,-1
"2014-15","9582","Indiana","Alexis Gassion|Jenn Anderson|Jess Walter|Taylor Agler|Tyra Buss",5,507,641,134,2,3,-1
"2014-15","9582","Maryland","Brionna Jones|Kiara Leslie|Laurin Mincy|Lexie Brown|Malina Howard",5,544,641,97,3,0,3
"2014-15","9582","Indiana","Amanda Cahill|Karlee McBride|Larryn Brooks|Lyndsay Leikem|Tyra Buss",5,641,678,37,0,2,-2
"2014-15","9582","Indiana","Alexis Gassion|Amanda Cahill|Karlee McBride|Larryn Brooks|Tyra Buss",5,678,753,75,5,2,3
"2014-15","9582","Maryland","A'Lexus Harrison|Brionna Jones|Laurin Mincy|Lexie Brown|S. Walker-Kimbrough",5,641,753,112,4,5,-1
"2014-15","9582","Maryland","Brionna Jones|Laurin Mincy|Lexie Brown|S. Walker-Kimbrough|Tierney Pfirman",5,753,798,45,5,0,5
"2014-15","9582","Indiana","Alexis Gassion|Amanda Cahill|Larryn Brooks|Lyndsay Leikem|Tyra Buss",5,753,809,56,0,5,-5
"2014-15","9582","Maryland","Laurin Mincy|Lexie Brown|Malina Howard|S. Walker-Kimbrough|Tierney Pfirman",5,798,864,66,5,4,1
"2014-15","9582","Indiana","Alexis Gassion|Jenn Anderson|Jess Walter|Larryn Brooks|Tyra Buss",5,809,909,100,4,7,-3
"2014-15","9582","Indiana","Alexis Gassion|Jenn Anderson|Jess Walter|Karlee McBride|Larryn Brooks",5,909,933,24,0,2,-2
"2014-15","9582","Indiana","Amanda Cahill|Jenn Anderson|Jess Walter|Karlee McBride|Larryn Brooks",5,933,939,6,2,0,2
"2014-15","9582","Indiana","Amanda Cahill|Jenn Anderson|Jess Walter|Larryn Brooks|Tyra Buss",5,939,942,3,0,0,0
"2014-15","9582","Indiana","Amanda Cahill|Jenn Anderson|Karlee McBride|Larryn Brooks|Tyra Buss",5,942,954,12,1,0,1
"2014-15","9582","Maryland","Kiara Leslie|Laurin Mincy|Lexie Brown|Malina Howard|S. Walker-Kimbrough",5,864,1014,150,6,6,0
"2014-15","9582","Indiana","Amanda Cahill|Jess Walter|Larryn Brooks|Lyndsay Leikem|Tyra Buss",5,954,1108,154,5,2,3
"2014-15","9582","Maryland","A'Lexus Harrison|Brionna Jones|Laurin Mincy|Lexie Brown|S. Walker-Kimbrough",5,1014,1200,186,7,4,3
"2014-15","9582","Indiana","Amanda Cahill|Jess Walter|Lyndsay Leikem|Taylor Agler|Tyra Buss",5,1108,1200,92,2,7,-5
"2014-15","9582","Maryland","Brionna Jones|Laurin Mincy|Lexie Brown|Malina Howard|S. Walker-Kimbrough",5,1200,1234,34,0,2,-2
"2014-15","9582","Maryland","Laurin Mincy|Lexie Brown|Malina Howard|S. Walker-Kimbrough|Tierney Pfirman",5,1234,1333,99,0,0,0
"2014-15","9582","Indiana","Alexis Gassion|Amanda Cahill|Jenn Anderson|Larryn Brooks|Tyra Buss",5,1200,1476,276,6,8,-2
"2014-15","9582","Maryland","Brionna Jones|Laurin Mincy|Lexie Brown|S. Walker-Kimbrough|Tierney Pfirman",5,1333,1476,143,8,4,4
"2014-15","9582","Indiana","Alexis Gassion|Karlee McBride|Larryn Brooks|Lyndsay Leikem|Tyra Buss",5,1476,1513,37,0,2,-2
"2014-15","9582","Indiana","Amanda Cahill|Karlee McBride|Larryn Brooks|Lyndsay Leikem|Tyra Buss",5,1513,1595,82,6,3,3
"2014-15","9582","Maryland","Brionna Jones|Kiara Leslie|Laurin Mincy|Lexie Brown|S. Walker-Kimbrough",5,1476,1613,137,5,6,-1
"2014-15","9582","Indiana","Alexis Gassion|Amanda Cahill|Jenn Anderson|Jess Walter|Tyra Buss",5,1595,1725,130,3,0,3
"2014-15","9582","Indiana","Alexis Gassion|Amanda Cahill|Karlee McBride|Larryn Brooks|Lyndsay Leikem",5,1725,1850,125,5,2,3
"2014-15","9582","Maryland","Brionna Jones|Laurin Mincy|Lexie Brown|Malina Howard|S. Walker-Kimbrough",5,1613,1851,238,2,8,-6
"2014-15","9582","Maryland","Kristen Confroy|Laurin Mincy|Lexie Brown|Malina Howard|S. Walker-Kimbrough",5,1851,1910,59,2,3,-1
"2014-15","9582","Indiana","Alexis Gassion|Jess Walter|Karlee McBride|Larryn Brooks|Lyndsay Leikem",5,1850,2002,152,5,4,1
"2014-15","9582","Indiana","Alexis Gassion|Amanda Cahill|Jess Walter|Larryn Brooks|Lyndsay Leikem",5,2002,2072,70,0,2,-2
"2014-15","9582","Indiana","Alexis Gassion|Amanda Cahill|Larryn Brooks|Lyndsay Leikem|Tyra Buss",5,2072,2142,70,1,3,-2
"2014-15","9582","Indiana","Amanda Cahill|Karlee McBride|Larryn Brooks|Lyndsay Leikem|Tyra Buss",5,2142,2176,34,1,2,-1
"2014-15","9582","Indiana","Alexis Gassion|Amanda Cahill|Karlee McBride|Larryn Brooks|Tyra Buss",5,2176,2216,40,2,1,1
"2014-15","9582","Indiana","Alexis Gassion|Amanda Cahill|Jess Walter|Larryn Brooks|Taylor Agler",5,2216,2254,38,0,3,-3
"2014-15","9582","Indiana","Alexis Gassion|Amanda Cahill|Jess Walter|Larryn Brooks|Tyra Buss",5,2254,2261,7,0,2,-2
"2014-15","9582","Indiana","Alexis Gassion|Amanda Cahill|Karlee McBride|Larryn Brooks|Tyra Buss",5,2261,2282,21,2,0,2
"2014-15","9582","Indiana","Alexis Gassion|Amanda Cahill|Jess Walter|Larryn Brooks|Taylor Agler",5,2282,2289,7,0,2,-2
"2014-15","9582","Indiana","Alexis Gassion|Jess Walter|Karlee McBride|Larryn Brooks|Lyndsay Leikem",5,2289,2341,52,4,0,4
"2014-15","9582","Maryland","A'Lexus Harrison|Laurin Mincy|Lexie Brown|Malina Howard|S. Walker-Kimbrough",5,1910,2341,431,17,12,5
"2014-15","9582","Indiana","Alexis Gassion|Jess Walter|Larryn Brooks|Lyndsay Leikem|Tyra Buss",5,2341,2356,15,0,0,0
"2014-15","9582","Maryland","Kristen Confroy|Laurin Mincy|Lexie Brown|Malina Howard|S. Walker-Kimbrough",5,2341,2356,15,0,0,0
"2014-15","9582","Maryland","A'Lexus Harrison|Laurin Mincy|Lexie Brown|Malina Howard|S. Walker-Kimbrough",5,2356,2400,44,2,2,0
"2014-15","9582","Indiana","Alexis Gassion|Jess Walter|Karlee McBride|Larryn Brooks|Lyndsay Leikem",5,2356,2400,44,2,2,0
"2014-15","9583","Maryland","Brionna Jones|Laurin Mincy|Lexie Brown|Malina Howard|S. Walker-Kimbrough",5,0,382,382,12,9,3
"2014-15","9583","Northwestern","Alex Cohen|Ashley Deary|Karly Roser|Maggie Lyon|Nia Coffey",5,0,382,382,9,12,-3
"2014-15","9583","Northwestern","Ashley Deary|Karly Roser|Lauren Douglas|Maggie Lyon|Nia Coffey",5,382,451,69,0,2,-2
"2014-15","9583","Maryland","A'Lexus Harrison|Laurin Mincy|Lexie Brown|Malina Howard|S. Walker-Kimbrough",5,382,467,85,4,0,4
"2014-15","9583","Northwestern","Ashley Deary|Christen Inman|Lauren Douglas|Maggie Lyon|Nia Coffey",5,451,608,157,4,5,-1
"2014-15","9583","Maryland","A'Lexus Harrison|Brionna Jones|Laurin Mincy|Lexie Brown|S. Walker-Kimbrough",5,467,650,183,3,6,-3
"2014-15","9583","Maryland","Brionna Jones|Laurin Mincy|Lexie Brown|Malina Howard|S. Walker-Kimbrough",5,650,742,92,2,6,-4
"2014-15","9583","Maryland","Brionna Jones|Chloe Pavlech|Laurin Mincy|Malina Howard|S. Walker-Kimbrough",5,742,838,96,3,0,3
"2014-15","9583","Northwestern","Christen Inman|Karly Roser|Lauren Douglas|Maggie Lyon|Nia Coffey",5,608,838,230,8,5,3
"2014-15","9583","Maryland","Chloe Pavlech|Laurin Mincy|Malina Howard|S. Walker-Kimbrough|Tierney Pfirman",5,838,989,151,3,3,0
"2014-15","9583","Northwestern","Alex Cohen|Ashley Deary|Christen Inman|Maggie Lyon|Nia Coffey",5,838,989,151,3,3,0
"2014-15","9583","Maryland","A'Lexus Harrison|Brene Moseley|Brionna Jones|Laurin Mincy|S. Walker-Kimbrough",5,989,1087,98,3,2,1
"2014-15","9583","Northwestern","Alex Cohen|Ashley Deary|Christen Inman|Lauren Douglas|Maggie Lyon",5,989,1087,98,2,3,-1
"2014-15","9583","Northwestern","Alex Cohen|Ashley Deary|Christen Inman|Maggie Lyon|Nia Coffey",5,1087,1200,113,0,2,-2
"2014-15","9583","Maryland","A'Lexus Harrison|Brene Moseley|Brionna Jones|Kristen Confroy|S. Walker-Kimbrough",5,1087,1200,113,2,0,2
"2014-15","9583","Maryland","Brionna Jones|Laurin Mincy|Lexie Brown|Malina Howard|S. Walker-Kimbrough",5,1200,1405,205,4,4,0
"2014-15","9583","Maryland","Brene Moseley|Brionna Jones|Laurin Mincy|Malina Howard|S. Walker-Kimbrough",5,1405,1547,142,5,1,4
"2014-15","9583","Northwestern","Alex Cohen|Ashley Deary|Karly Roser|Maggie Lyon|Nia Coffey",5,1200,1547,347,5,9,-4
"2014-15","9583","Northwestern","Alex Cohen|Christen Inman|Karly Roser|Maggie Lyon|Nia Coffey",5,1547,1593,46,2,0,2
"2014-15","9583","Maryland","Brene Moseley|Brionna Jones|Kristen Confroy|S. Walker-Kimbrough|Tierney Pfirman",5,1547,1711,164,6,2,4
"2014-15","9583","Maryland","Brene Moseley|Kristen Confroy|Malina Howard|S. Walker-Kimbrough|Tierney Pfirman",5,1711,1728,17,0,2,-2
"2014-15","9583","Northwestern","Christen Inman|Karly Roser|Lauren Douglas|Maggie Lyon|Nia Coffey",5,1593,1728,135,2,6,-4
"2014-15","9583","Maryland","Brene Moseley|Brionna Jones|Kristen Confroy|Malina Howard|S. Walker-Kimbrough",5,1728,1891,163,6,4,2
"2014-15","9583","Northwestern","Alex Cohen|Ashley Deary|Lauren Douglas|Maggie Lyon|Nia Coffey",5,1728,2027,299,4,13,-9
"2014-15","9583","Northwestern","Alex Cohen|Ashley Deary|Karly Roser|Maggie Lyon|Nia Coffey",5,2027,2172,145,4,2,2
"2014-15","9583","Northwestern","Ashley Deary|Karly Roser|Lauren Douglas|Maggie Lyon|Nia Coffey",5,2172,2204,32,3,2,1
"2014-15","9583","Maryland","Brene Moseley|Brionna Jones|Lexie Brown|Malina Howard|S. Walker-Kimbrough",5,1891,2219,328,12,7,5
"2014-15","9583","Northwestern","Alex Cohen|Ashley Deary|Karly Roser|Maggie Lyon|Nia Coffey",5,2204,2292,88,0,1,-1
"2014-15","9583","Northwestern","Ashley Deary|Karly Roser|Lauren Douglas|Maggie Lyon|Nia Coffey",5,2292,2293,1,0,2,-2
"2014-15","9583","Northwestern","Alex Cohen|Ashley Deary|Karly Roser|Maggie Lyon|Nia Coffey",5,2293,2343,50,2,0,2
"2014-15","9583","Maryland","Brene Moseley|Laurin Mincy|Lexie Brown|Malina Howard|S. Walker-Kimbrough",5,2219,2395,176,4,2,2
"2014-15","9583","Northwestern","Ashley Deary|Christen Johnson|Lydia Rohde|Maggie Lyon|Nia Coffey",5,2343,2400,57,0,2,-2
"2014-15","9583","Maryland","Brene Moseley|Kristen Confroy|Lexie Brown|Malina Howard|S. Walker-Kimbrough",5,2395,2400,5,0,0,0
"2014-15","9584","Michigan State","Aerial Powers|Anna Morrissey|Becca Mills|Lexi Gussert|Tori Jankoska",5,0,214,214,0,7,-7
"2014-15","9584","Maryland","Brionna Jones|Laurin Mincy|Lexie Brown|Malina Howard|S. Walker-Kimbrough",5,0,214,214,7,0,7
"2014-15","9584","Maryland","A'Lexus Harrison|Laurin Mincy|Lexie Brown|Malina Howard|S. Walker-Kimbrough",5,214,231,17,0,0,0
"2014-15","9584","Maryland","A'Lexus Harrison|Brene Moseley|Lexie Brown|Malina Howard|S. Walker-Kimbrough",5,231,237,6,0,2,-2
"2014-15","9584","Maryland","Brene Moseley|Lexie Brown|Malina Howard|S. Walker-Kimbrough|Tierney Pfirman",5,237,268,31,0,0,0
"2014-15","9584","Maryland","Brene Moseley|Brionna Jones|Lexie Brown|S. Walker-Kimbrough|Tierney Pfirman",5,268,275,7,0,2,-2
"2014-15","9584","Michigan State","Aerial Powers|Anna Morrissey|Becca Mills|Cara Miller|Tori Jankoska",5,214,357,143,4,2,2
"2014-15","9584","Maryland","Brionna Jones|Kiara Leslie|Lexie Brown|S. Walker-Kimbrough|Tierney Pfirman",5,275,357,82,2,0,2
"2014-15","9584","Maryland","Brionna Jones|Kristen Confroy|Lexie Brown|S. Walker-Kimbrough|Tierney Pfirman",5,357,387,30,0,0,0
"2014-15","9584","Michigan State","Aerial Powers|Cara Miller|Kennedy Johnson|Lexi Gussert|Tori Jankoska",5,357,473,116,2,3,-1
"2014-15","9584","Maryland","Brionna Jones|Kristen Confroy|Laurin Mincy|Lexie Brown|Malina Howard",5,387,473,86,3,2,1
"2014-15","9584","Maryland","A'Lexus Harrison|Kristen Confroy|Laurin Mincy|Lexie Brown|Malina Howard",5,473,501,28,0,0,0
"2014-15","9584","Michigan State","Becca Mills|Cara Miller|Kennedy Johnson|Lexi Gussert|Tori Jankoska",5,473,534,61,0,2,-2
"2014-15","9584","Maryland","Brionna Jones|Kristen Confroy|Laurin Mincy|Lexie Brown|Malina Howard",5,501,655,154,9,2,7
"2014-15","9584","Michigan State","Anna Morrissey|Becca Mills|Kennedy Johnson|Lexi Gussert|Tori Jankoska",5,534,685,151,2,9,-7
"2014-15","9584","Maryland","Brionna Jones|Kristen Confroy|Lexie Brown|Malina Howard|S. Walker-Kimbrough",5,655,698,43,2,0,2
"2014-15","9584","Maryland","Chloe Pavlech|Kristen Confroy|Malina Howard|S. Walker-Kimbrough|Tierney Pfirman",5,698,814,116,0,5,-5
"2014-15","9584","Michigan State","Aerial Powers|Anna Morrissey|Becca Mills|Kennedy Johnson|Tori Jankoska",5,685,963,278,10,4,6
"2014-15","9584","Maryland","Brionna Jones|Chloe Pavlech|Lexie Brown|S. Walker-Kimbrough|Tierney Pfirman",5,814,963,149,4,5,-1
"2014-15","9584","Michigan State","Aerial Powers|Anna Morrissey|Cara Miller|Kennedy Johnson|Tori Jankoska",5,963,1139,176,4,4,0
"2014-15","9584","Maryland","Brionna Jones|Kristen Confroy|Lexie Brown|Malina Howard|S. Walker-Kimbrough",5,963,1183,220,6,6,0
"2014-15","9584","Maryland","Brionna Jones|Kiara Leslie|Kristen Confroy|Lexie Brown|Tierney Pfirman",5,1183,1200,17,0,0,0
"2014-15","9584","Michigan State","Anna Morrissey|Cara Miller|Kennedy Johnson|Lexi Gussert|Tori Jankoska",5,1139,1200,61,2,2,0
"2014-15","9584","Maryland","Brionna Jones|Laurin Mincy|Lexie Brown|Malina Howard|S. Walker-Kimbrough",5,1200,1260,60,4,3,1
"2014-15","9584","Michigan State","Aerial Powers|Anna Morrissey|Kennedy Johnson|Lexi Gussert|Tori Jankoska",5,1200,1348,148,5,6,-1
"2014-15","9584","Michigan State","Aerial Powers|Anna Morrissey|Kennedy Johnson|Lexi Gussert|Tori Jankoska",5,1348,1377,29,1,0,1
"2014-15","9584","Maryland","Brionna Jones|Kristen Confroy|Laurin Mincy|Lexie Brown|Malina Howard",5,1260,1472,212,4,5,-1
"2014-15","9584","Maryland","Kristen Confroy|Laurin Mincy|Lexie Brown|Malina Howard|Tierney Pfirman",5,1472,1503,31,0,2,-2
"2014-15","9584","Michigan State","Aerial Powers|Anna Morrissey|Becca Mills|Lexi Gussert|Tori Jankoska",5,1377,1617,240,9,9,0
"2014-15","9584","Maryland","Brionna Jones|Kristen Confroy|Laurin Mincy|Lexie Brown|S. Walker-Kimbrough",5,1503,1617,114,7,5,2
"2014-15","9584","Michigan State","Anna Morrissey|Becca Mills|Cara Miller|Lexi Gussert|Tori Jankoska",5,1617,1659,42,0,4,-4
"2014-15","9584","Michigan State","Aerial Powers|Becca Mills|Cara Miller|Lexi Gussert|Tori Jankoska",5,1659,1693,34,0,0,0
"2014-15","9584","Maryland","Brene Moseley|Brionna Jones|Kristen Confroy|Lexie Brown|S. Walker-Kimbrough",5,1617,1745,128,4,0,4
"2014-15","9584","Michigan State","Aerial Powers|Cara Miller|Kennedy Johnson|Lexi Gussert|Tori Jankoska",5,1693,1857,164,2,6,-4
"2014-15","9584","Maryland","Brene Moseley|Brionna Jones|Kristen Confroy|Lexie Brown|Malina Howard",5,1745,1857,112,6,2,4
"2014-15","9584","Maryland","Brene Moseley|Kiara Leslie|Kristen Confroy|Lexie Brown|Malina Howard",5,1857,2000,143,4,4,0
"2014-15","9584","Maryland","Brene Moseley|Brionna Jones|Kristen Confroy|Lexie Brown|Malina Howard",5,2000,2032,32,0,3,-3
"2014-15","9584","Maryland","Brene Moseley|Brionna Jones|Lexie Brown|Malina Howard|S. Walker-Kimbrough",5,2032,2107,75,4,4,0
"2014-15","9584","Maryland","Brene Moseley|Brionna Jones|Laurin Mincy|Lexie Brown|Malina Howard",5,2107,2231,124,2,3,-1
"2014-15","9584","Maryland","Brene Moseley|Brionna Jones|Kristen Confroy|Laurin Mincy|Malina Howard",5,2231,2316,85,2,1,1
"2014-15","9584","Michigan State","Aerial Powers|Becca Mills|Cara Miller|Lexi Gussert|Tori Jankoska",5,1857,2335,478,17,12,5
"2014-15","9584","Michigan State","Aerial Powers|Cara Miller|Kennedy Johnson|Lexi Gussert|Tori Jankoska",5,2335,2370,35,2,0,2
"2014-15","9584","Maryland","A'Lexus Harrison|Brene Moseley|Kristen Confroy|Laurin Mincy|Malina Howard",5,2316,2400,84,0,4,-4
"2014-15","9584","Michigan State","Aerial Powers|Anna Morrissey|Cara Miller|Kennedy Johnson|Lexi Gussert",5,2370,2400,30,0,0,0
"2014-15","9585","Northwestern","Alex Cohen|Ashley Deary|Karly Roser|Maggie Lyon|Nia Coffey",5,0,370,370,11,12,-1
"2014-15","9585","Maryland","Brionna Jones|Laurin Mincy|Lexie Brown|Malina Howard|S. Walker-Kimbrough",5,0,370,370,12,11,1
"2014-15","9585","Northwestern","Alex Cohen|Ashley Deary|Christen Inman|Maggie Lyon|Nia Coffey",5,370,462,92,7,0,7
"2014-15","9585","Maryland","Kristen Confroy|Laurin Mincy|Lexie Brown|Malina Howard|Tierney Pfirman",5,370,462,92,0,7,-7
"2014-15","9585","Maryland","Brionna Jones|Kristen Confroy|Lexie Brown|S. Walker-Kimbrough|Tierney Pfirman",5,462,492,30,0,0,0
"2014-15","9585","Northwestern","Alex Cohen|Christen Inman|Karly Roser|Lauren Douglas|Maggie Lyon",5,462,526,64,0,0,0
"2014-15","9585","Maryland","A'Lexus Harrison|Brionna Jones|Kristen Confroy|Lexie Brown|S. Walker-Kimbrough",5,492,526,34,0,0,0
"2014-15","9585","Maryland","A'Lexus Harrison|Brene Moseley|Lexie Brown|Malina Howard|S. Walker-Kimbrough",5,526,535,9,0,3,-3
"2014-15","9585","Northwestern","Christen Inman|Karly Roser|Lauren Douglas|Maggie Lyon|Nia Coffey",5,526,634,108,7,5,2
"2014-15","9585","Northwestern","Ashley Deary|Christen Inman|Karly Roser|Lauren Douglas|Nia Coffey",5,634,693,59,0,2,-2
"2014-15","9585","Northwestern","Alex Cohen|Ashley Deary|Karly Roser|Lauren Douglas|Nia Coffey",5,693,764,71,2,0,2
"2014-15","9585","Maryland","Brene Moseley|Lexie Brown|Malina Howard|S. Walker-Kimbrough|Tierney Pfirman",5,535,764,229,7,6,1
"2014-15","9585","Northwestern","Alex Cohen|Ashley Deary|Lauren Douglas|Maggie Lyon|Nia Coffey",5,764,855,91,0,2,-2
"2014-15","9585","Maryland","Brene Moseley|Laurin Mincy|Malina Howard|S. Walker-Kimbrough|Tierney Pfirman",5,764,855,91,2,0,2
"2014-15","9585","Northwestern","Alex Cohen|Ashley Deary|Christen Inman|Maggie Lyon|Nia Coffey",5,855,918,63,2,2,0
"2014-15","9585","Maryland","Brene Moseley|Kristen Confroy|Laurin Mincy|Malina Howard|S. Walker-Kimbrough",5,855,940,85,2,2,0
"2014-15","9585","Northwestern","Alex Cohen|Ashley Deary|Karly Roser|Maggie Lyon|Nia Coffey",5,918,1117,199,0,7,-7
"2014-15","9585","Maryland","Brene Moseley|Kiara Leslie|Kristen Confroy|Laurin Mincy|Tierney Pfirman",5,940,1162,222,11,0,11
"2014-15","9585","Maryland","Brene Moseley|Kiara Leslie|Kristen Confroy|Laurin Mincy|Malina Howard",5,1162,1184,22,0,2,-2
"2014-15","9585","Maryland","Brene Moseley|Kiara Leslie|Kristen Confroy|Laurin Mincy|Tierney Pfirman",5,1184,1200,16,2,0,2
"2014-15","9585","Northwestern","Alex Cohen|Christen Inman|Karly Roser|Maggie Lyon|Nia Coffey",5,1117,1200,83,2,6,-4
"2014-15","9585","Northwestern","Alex Cohen|Ashley Deary|Karly Roser|Maggie Lyon|Nia Coffey",5,1200,1486,286,4,12,-8
"2014-15","9585","Maryland","Brionna Jones|Laurin Mincy|Lexie Brown|Malina Howard|S. Walker-Kimbrough",5,1200,1630,430,19,6,13
"2014-15","9585","Maryland","Brene Moseley|Kristen Confroy|Laurin Mincy|Malina Howard|Tierney Pfirman",5,1630,1677,47,0,0,0
"2014-15","9585","Northwestern","Alex Cohen|Ashley Deary|Lauren Douglas|Maggie Lyon|Nia Coffey",5,1486,1748,262,2,7,-5
"2014-15","9585","Maryland","Brene Moseley|Kiara Leslie|Kristen Confroy|Malina Howard|Tierney Pfirman",5,1677,1804,127,1,0,1
"2014-15","9585","Maryland","Brene Moseley|Brionna Jones|Kiara Leslie|Kristen Confroy|Malina Howard",5,1804,1846,42,0,2,-2
"2014-15","9585","Northwestern","Alex Cohen|Karly Roser|Lauren Douglas|Maggie Lyon|Nia Coffey",5,1748,1905,157,4,1,3
"2014-15","9585","Maryland","Brionna Jones|Kristen Confroy|Laurin Mincy|Lexie Brown|S. Walker-Kimbrough",5,1846,1905,59,0,2,-2
"2014-15","9585","Maryland","Brionna Jones|Laurin Mincy|Lexie Brown|S. Walker-Kimbrough|Tierney Pfirman",5,1905,2034,129,2,4,-2
"2014-15","9585","Northwestern","Alex Cohen|Ashley Deary|Karly Roser|Maggie Lyon|Nia Coffey",5,1905,2188,283,7,2,5
"2014-15","9585","Northwestern","Alex Cohen|Ashley Deary|Karly Roser|Lauren Douglas|Maggie Lyon",5,2188,2217,29,2,0,2
"2014-15","9585","Maryland","Brene Moseley|Brionna Jones|Laurin Mincy|Lexie Brown|Malina Howard",5,2034,2217,183,0,5,-5
"2014-15","9585","Northwestern","Ashley Deary|Christen Inman|Karly Roser|Lauren Douglas|Maggie Lyon",5,2217,2263,46,0,2,-2
"2014-15","9585","Maryland","Brene Moseley|Lexie Brown|Malina Howard|S. Walker-Kimbrough|Tierney Pfirman",5,2217,2268,51,2,2,0
"2014-15","9585","Northwestern","Alex Cohen|Ashley Deary|Karly Roser|Lauren Douglas|Maggie Lyon",5,2263,2297,34,4,4,0
"2014-15","9585","Northwestern","Alex Cohen|Ashley Deary|Christen Inman|Karly Roser|Lauren Douglas",5,2297,2345,48,2,3,-1
"2014-15","9585","Maryland","Brene Moseley|Laurin Mincy|Lexie Brown|Malina Howard|Tierney Pfirman",5,2268,2400,132,14,11,3
"2014-15","9585","Northwestern","Alex Cohen|Ashley Deary|Karly Roser|Lauren Douglas|Lydia Rohde",5,2345,2400,55,7,7,0
"2014-15","9586","Ohio State","Alexa Hart|Ameryst Alston|Asia Doss|Cait Craft|Kelsey Mitchell",5,0,177,177,7,5,2
"2014-15","9586","Maryland","Brionna Jones|Laurin Mincy|Lexie Brown|Malina Howard|S. Walker-Kimbrough",5,0,177,177,5,7,-2
"2014-15","9586","Maryland","Laurin Mincy|Lexie Brown|Malina Howard|S. Walker-Kimbrough|Tierney Pfirman",5,177,296,119,5,2,3
"2014-15","9586","Ohio State","Alexa Hart|Asia Doss|Cait Craft|Kelsey Mitchell|Shayla Cooper",5,177,305,128,2,5,-3
"2014-15","9586","Maryland","Kiara Leslie|Laurin Mincy|Lexie Brown|S. Walker-Kimbrough|Tierney Pfirman",5,296,369,73,2,3,-1
"2014-15","9586","Ohio State","Alexa Hart|Ameryst Alston|Cait Craft|Kelsey Mitchell|Shayla Cooper",5,305,470,165,3,7,-4
"2014-15","9586","Maryland","Kiara Leslie|Laurin Mincy|Lexie Brown|Malina Howard|S. Walker-Kimbrough",5,369,555,186,7,4,3
"2014-15","9586","Ohio State","Alexa Hart|Ameryst Alston|Asia Doss|Kelsey Mitchell|Shayla Cooper",5,470,596,126,4,5,-1
"2014-15","9586","Ohio State","Alexa Hart|Ameryst Alston|Cait Craft|Kelsey Mitchell|Shayla Cooper",5,596,682,86,6,2,4
"2014-15","9586","Maryland","Brionna Jones|Kiara Leslie|Kristen Confroy|Laurin Mincy|Lexie Brown",5,555,682,127,5,6,-1
"2014-15","9586","Ohio State","Alexa Hart|Ameryst Alston|Cait Craft|Kelsey Mitchell|Lisa Blair",5,682,809,127,5,3,2
"2014-15","9586","Maryland","Kristen Confroy|Laurin Mincy|Lexie Brown|Malina Howard|Tierney Pfirman",5,682,809,127,3,5,-2
"2014-15","9586","Ohio State","Alexa Hart|Ameryst Alston|Asia Doss|Cait Craft|Shayla Cooper",5,809,844,35,0,3,-3
"2014-15","9586","Maryland","A'Lexus Harrison|Kristen Confroy|Laurin Mincy|Lexie Brown|Malina Howard",5,809,844,35,3,0,3
"2014-15","9586","Maryland","A'Lexus Harrison|Laurin Mincy|Lexie Brown|Malina Howard|S. Walker-Kimbrough",5,844,897,53,3,2,1
"2014-15","9586","Maryland","A'Lexus Harrison|Kristen Confroy|Lexie Brown|Malina Howard|S. Walker-Kimbrough",5,897,963,66,0,0,0
"2014-15","9586","Maryland","Kiara Leslie|Kristen Confroy|Lexie Brown|Malina Howard|S. Walker-Kimbrough",5,963,997,34,0,2,-2
"2014-15","9586","Maryland","Kiara Leslie|Laurin Mincy|Lexie Brown|Malina Howard|S. Walker-Kimbrough",5,997,1011,14,0,1,-1
"2014-15","9586","Ohio State","Alexa Hart|Ameryst Alston|Asia Doss|Kelsey Mitchell|Shayla Cooper",5,844,1052,208,5,4,1
"2014-15","9586","Maryland","Brene Moseley|Kiara Leslie|Laurin Mincy|Malina Howard|S. Walker-Kimbrough",5,1011,1200,189,9,2,7
"2014-15","9586","Ohio State","Alexa Hart|Ameryst Alston|Asia Doss|Cait Craft|Kelsey Mitchell",5,1052,1200,148,2,8,-6
"2014-15","9586","Maryland","Brionna Jones|Laurin Mincy|Lexie Brown|Malina Howard|S. Walker-Kimbrough",5,1200,1357,157,5,1,4
"2014-15","9586","Maryland","Kiara Leslie|Laurin Mincy|Lexie Brown|Malina Howard|S. Walker-Kimbrough",5,1357,1398,41,0,0,0
"2014-15","9586","Maryland","Kiara Leslie|Laurin Mincy|Lexie Brown|S. Walker-Kimbrough|Tierney Pfirman",5,1398,1519,121,5,10,-5
"2014-15","9586","Ohio State","Alexa Hart|Ameryst Alston|Cait Craft|Kelsey Mitchell|Shayla Cooper",5,1200,1522,322,11,10,1
"2014-15","9586","Maryland","Brene Moseley|Laurin Mincy|Lexie Brown|Malina Howard|S. Walker-Kimbrough",5,1519,1666,147,2,6,-4
"2014-15","9586","Maryland","Brionna Jones|Laurin Mincy|Lexie Brown|Malina Howard|S. Walker-Kimbrough",5,1666,1755,89,2,0,2
"2014-15","9586","Ohio State","Alexa Hart|Ameryst Alston|Asia Doss|Kelsey Mitchell|Shayla Cooper",5,1522,1924,402,11,8,3
"2014-15","9586","Maryland","Kiara Leslie|Laurin Mincy|Lexie Brown|Malina Howard|S. Walker-Kimbrough",5,1755,1973,218,5,7,-2
"2014-15","9586","Ohio State","Alexa Hart|Ameryst Alston|Asia Doss|Cait Craft|Kelsey Mitchell",5,1924,2017,93,4,3,1
"2014-15","9586","Maryland","Brene Moseley|Kiara Leslie|Laurin Mincy|Malina Howard|S. Walker-Kimbrough",5,1973,2025,52,2,4,-2
"2014-15","9586","Maryland","Brene Moseley|Brionna Jones|Kiara Leslie|Lexie Brown|S. Walker-Kimbrough",5,2025,2058,33,2,1,1
"2014-15","9586","Ohio State","Ameryst Alston|Asia Doss|Cait Craft|Kelsey Mitchell|Shayla Cooper",5,2017,2192,175,8,10,-2
"2014-15","9586","Maryland","Brionna Jones|Kiara Leslie|Laurin Mincy|Lexie Brown|S. Walker-Kimbrough",5,2058,2222,164,8,5,3
"2014-15","9586","Maryland","Kiara Leslie|Laurin Mincy|Lexie Brown|Malina Howard|S. Walker-Kimbrough",5,2222,2246,24,0,3,-3
"2014-15","9586","Maryland","Brionna Jones|Kiara Leslie|Laurin Mincy|Lexie Brown|S. Walker-Kimbrough",5,2246,2253,7,2,0,2
"2014-15","9586","Maryland","Kiara Leslie|Laurin Mincy|Lexie Brown|Malina Howard|S. Walker-Kimbrough",5,2253,2274,21,0,0,0
"2014-15","9586","Maryland","Brionna Jones|Kiara Leslie|Laurin Mincy|Lexie Brown|S. Walker-Kimbrough",5,2274,2305,31,0,0,0
"2014-15","9586","Maryland","Kiara Leslie|Laurin Mincy|Lexie Brown|Malina Howard|S. Walker-Kimbrough",5,2305,2343,38,0,3,-3
"2014-15","9586","Maryland","Brionna Jones|Kiara Leslie|Laurin Mincy|Lexie Brown|S. Walker-Kimbrough",5,2343,2393,50,0,0,0
"2014-15","9586","Maryland","Kiara Leslie|Kristen Confroy|Laurin Mincy|Lexie Brown|S. Walker-Kimbrough",5,2393,2396,3,2,0,2
"2014-15","9586","Maryland","Brionna Jones|Kiara Leslie|Laurin Mincy|Lexie Brown|S. Walker-Kimbrough",5,2396,2400,4,0,0,0
"2014-15","9586","Ohio State","Alexa Hart|Ameryst Alston|Cait Craft|Kelsey Mitchell|Shayla Cooper",5,2192,2400,208,6,4,2
"2014-15","9587","Maryland","Brionna Jones|Laurin Mincy|Lexie Brown|Malina Howard|S. Walker-Kimbrough",5,0,157,157,4,4,0
"2014-15","9587","Maryland","Brionna Jones|Kristen Confroy|Laurin Mincy|Lexie Brown|Malina Howard",5,157,263,106,5,2,3
"2014-15","9587","New Mexico State","Abby Scott|Brianna Freeman|Moriah Mack|Sasha Weber|Shanice Davis",5,0,362,362,8,9,-1
"2014-15","9587","Maryland","Kristen Confroy|Laurin Mincy|Lexie Brown|Malina Howard|Tierney Pfirman",5,263,362,99,0,2,-2
"2014-15","9587","New Mexico State","Brianna Freeman|Jasmine Cooper|Moriah Mack|Shanice Davis|Tamera William",5,362,424,62,0,4,-4
"2014-15","9587","Maryland","Brionna Jones|Laurin Mincy|Lexie Brown|S. Walker-Kimbrough|Tierney Pfirman",5,362,424,62,4,0,4
"2014-15","9587","New Mexico State","Brianna Freeman|Moriah Mack|Sasha Weber|Shanice Davis|Tamera William",5,424,525,101,2,2,0
"2014-15","9587","Maryland","Brene Moseley|Brionna Jones|Laurin Mincy|S. Walker-Kimbrough|Tierney Pfirman",5,424,525,101,2,2,0
"2014-15","9587","New Mexico State","Sasha Weber|Shanice Davis|Tamera William|Tyler Ellis|Zaire Williams",5,525,616,91,2,5,-3
"2014-15","9587","Maryland","Brene Moseley|Brionna Jones|Laurin Mincy|Malina Howard|S. Walker-Kimbrough",5,525,616,91,5,2,3
"2014-15","9587","New Mexico State","Brianna Freeman|Moriah Mack|Sasha Weber|Shanice Davis|Tamera William",5,616,757,141,4,7,-3
"2014-15","9587","Maryland","Brene Moseley|Brionna Jones|Laurin Mincy|Lexie Brown|S. Walker-Kimbrough",5,616,757,141,7,4,3
"2014-15","9587","New Mexico State","Brianna Freeman|Jasmine Cooper|Moriah Mack|Shanice Davis|Tamera William",5,757,900,143,6,6,0
"2014-15","9587","Maryland","Brene Moseley|Brionna Jones|Kristen Confroy|Lexie Brown|S. Walker-Kimbrough",5,757,900,143,6,6,0
"2014-15","9587","New Mexico State","Brianna Freeman|Moriah Mack|Sasha Weber|Shanice Davis|Tamera William",5,900,1162,262,7,9,-2
"2014-15","9587","Maryland","Brene Moseley|Brionna Jones|Kristen Confroy|Laurin Mincy|S. Walker-Kimbrough",5,900,1162,262,9,7,2
"2014-15","9587","Maryland","Brene Moseley|Kristen Confroy|Laurin Mincy|Malina Howard|S. Walker-Kimbrough",5,1162,1200,38,0,3,-3
"2014-15","9587","New Mexico State","Kassandra Harris|Moriah Mack|Sasha Weber|Shanice Davis|Zaire Williams",5,1162,1200,38,3,0,3
"2014-15","9587","New Mexico State","Abby Scott|Brianna Freeman|Moriah Mack|Shanice Davis|Tamera William",5,1200,1373,173,4,4,0
"2014-15","9587","New Mexico State","Abby Scott|Brianna Freeman|Shanice Davis|Tamera William",4,1373,1436,63,2,2,0
"2014-15","9587","Maryland","Brionna Jones|Laurin Mincy|Lexie Brown|Malina Howard|S. Walker-Kimbrough",5,1200,1436,236,6,6,0
"2014-15","9587","New Mexico State","Abby Scott|Brianna Freeman|Shanice Davis|Tamera William|Zaire Williams",5,1436,1475,39,0,3,-3
"2014-15","9587","Maryland","Kiara Leslie|Kristen Confroy|Laurin Mincy|Lexie Brown|Malina Howard",5,1436,1481,45,3,0,3
"2014-15","9587","New Mexico State","Brianna Freeman|Moriah Mack|Shanice Davis|Tamera William|Zaire Williams",5,1475,1551,76,0,2,-2
"2014-15","9587","Maryland","Brionna Jones|Kiara Leslie|Kristen Confroy|Laurin Mincy|Lexie Brown",5,1481,1616,135,4,2,2
"2014-15","9587","New Mexico State","Moriah Mack|Shanice Davis|Tamera William|Tyler Ellis|Zaire Williams",5,1551,1677,126,2,7,-5
"2014-15","9587","Maryland","Kiara Leslie|Kristen Confroy|Laurin Mincy|Lexie Brown|Malina Howard",5,1616,1677,61,5,0,5
"2014-15","9587","New Mexico State","Kassandra Harris|Shanice Davis|Tamera William|Zaire Williams",4,1677,1791,114,2,5,-3
"2014-15","9587","Maryland","Brene Moseley|Kiara Leslie|Kristen Confroy|Malina Howard|S. Walker-Kimbrough",5,1677,1791,114,5,2,3
"2014-15","9587","New Mexico State","Brianna Freeman|Moriah Mack|Shanice Davis|Tamera William|Zaire Williams",5,1791,1817,26,0,2,-2
"2014-15","9587","New Mexico State","Jasmine Cooper|Moriah Mack|Shanice Davis|Tamera William|Zaire Williams",5,1817,1894,77,2,0,2
"2014-15","9587","New Mexico State","Jasmine Cooper|Moriah Mack|Sasha Weber|Tamera William|Zaire Williams",5,1894,1989,95,0,0,0
"2014-15","9587","New Mexico State","Kassandra Harris|Moriah Mack|Sasha Weber|Shanice Davis|Tamera William",5,1989,2035,46,2,3,-1
"2014-15","9587","New Mexico State","Jasmine Cooper|Moriah Mack|Sasha Weber|Shanice Davis|Tamera William",5,2035,2048,13,0,0,0
"2014-15","9587","Maryland","Brionna Jones|Kristen Confroy|Laurin Mincy|Lexie Brown|S. Walker-Kimbrough",5,1791,2048,257,5,4,1
"2014-15","9587","New Mexico State","Emily Hardin|Jasmine Cooper|Moriah Mack|Sasha Weber|Shanice Davis|Tamera William",6,2048,2056,8,3,0,3
"2014-15","9587","Maryland","Kiara Leslie|Kristen Confroy|Lexie Brown|Malina Howard|S. Walker-Kimbrough",5,2048,2110,62,0,3,-3
"2014-15","9587","New Mexico State","Jasmine Cooper|Moriah Mack|Sasha Weber|Shanice Davis|Tamera William",5,2056,2177,121,0,0,0
"2014-15","9587","Maryland","Brene Moseley|Kiara Leslie|Kristen Confroy|Lexie Brown|Malina Howard",5,2110,2192,82,0,0,0
"2014-15","9587","New Mexico State","Brianna Freeman|Moriah Mack|Sasha Weber|Shanice Davis|Tamera William",5,2177,2234,57,0,2,-2
"2014-15","9587","Maryland","Brene Moseley|Chloe Pavlech|Kiara Leslie|Kristen Confroy|Malina Howard",5,2192,2234,42,2,0,2
"2014-15","9587","Maryland","Brene Moseley|Chloe Pavlech|Kiara Leslie|Kristen Confroy|Tierney Pfirman",5,2234,2326,92,3,5,-2
"2014-15","9587","Maryland","A'Lexus Harrison|Brene Moseley|Chloe Pavlech|Kiara Leslie|Tierney Pfirman",5,2326,2400,74,0,3,-3
"2014-15","9587","New Mexico State","Abby Scott|Brianna Freeman|Moriah Mack|Sasha Weber|Tamera William",5,2234,2400,166,8,3,5
"2014-15","9588","Maryland","Brionna Jones|Laurin Mincy|Lexie Brown|Malina Howard|S. Walker-Kimbrough",5,0,131,131,0,2,-2
"2014-15","9588","Maryland","Laurin Mincy|Lexie Brown|Malina Howard|S. Walker-Kimbrough|Tierney Pfirman",5,131,344,213,12,6,6
"2014-15","9588","Princeton","Alex Wheatley|Amanda Berntsen|Annie Tarakchian|Blake Dietrick|Michelle Miller",5,0,437,437,12,16,-4
"2014-15","9588","Maryland","Brionna Jones|Kiara Leslie|Kristen Confroy|Lexie Brown|S. Walker-Kimbrough",5,344,437,93,4,4,0
"2014-15","9588","Maryland","Brionna Jones|Kiara Leslie|Kristen Confroy|Lexie Brown|Malina Howard",5,437,492,55,0,2,-2
"2014-15","9588","Princeton","Annie Tarakchian|Blake Dietrick|Mariah Smith|Michelle Miller|Vanessa Smith",5,437,527,90,5,1,4
"2014-15","9588","Maryland","Brionna Jones|Kiara Leslie|Lexie Brown|Malina Howard",4,492,602,110,1,5,-4
"2014-15","9588","Princeton","Alex Wheatley|Annie Tarakchian|Blake Dietrick|Mariah Smith|Vanessa Smith",5,527,652,125,4,3,1
"2014-15","9588","Maryland","Brionna Jones|Lexie Brown|Malina Howard|S. Walker-Kimbrough",4,602,665,63,3,2,1
"2014-15","9588","Maryland","Brionna Jones|Lexie Brown|S. Walker-Kimbrough|Tierney Pfirman",4,665,749,84,2,2,0
"2014-15","9588","Maryland","A'Lexus Harrison|Lexie Brown|Malina Howard|S. Walker-Kimbrough",4,749,842,93,2,5,-3
"2014-15","9588","Princeton","Alex Wheatley|Annie Tarakchian|Blake Dietrick|Michelle Miller|Vanessa Smith",5,652,903,251,9,8,1
"2014-15","9588","Maryland","Lexie Brown|Malina Howard|S. Walker-Kimbrough|Tierney Pfirman",4,842,976,134,9,2,7
"2014-15","9588","Princeton","Annie Tarakchian|Blake Dietrick|Michelle Miller|Taylor Williams|Vanessa Smith",5,903,1166,263,8,12,-4
"2014-15","9588","Maryland","Brionna Jones|Lexie Brown|S. Walker-Kimbrough|Tierney Pfirman",4,976,1166,190,7,8,-1
"2014-15","9588","Maryland","Kiara Leslie|Lexie Brown|Malina Howard|S. Walker-Kimbrough",4,1166,1200,34,2,0,2
"2014-15","9588","Princeton","Alex Wheatley|Amanda Berntsen|Annie Tarakchian|Blake Dietrick|Vanessa Smith",5,1166,1200,34,0,2,-2
"2014-15","9588","Princeton","Alex Wheatley|Amanda Berntsen|Annie Tarakchian|Blake Dietrick|Michelle Miller",5,1200,1504,304,2,15,-13
"2014-15","9588","Maryland","Brionna Jones|Laurin Mincy|Lexie Brown|Malina Howard|S. Walker-Kimbrough",5,1200,1512,312,15,2,13
"2014-15","9588","Princeton","Alex Wheatley|Annie Tarakchian|Blake Dietrick|Michelle Miller|Vanessa Smith",5,1504,1624,120,2,5,-3
"2014-15","9588","Maryland","Laurin Mincy|Lexie Brown|Malina Howard|S. Walker-Kimbrough|Tierney Pfirman",5,1512,1624,112,5,2,3
"2014-15","9588","Maryland","Brionna Jones|Laurin Mincy|Lexie Brown|Malina Howard|S. Walker-Kimbrough",5,1624,1668,44,0,5,-5
"2014-15","9588","Princeton","Alex Wheatley|Annie Tarakchian|Blake Dietrick|Mariah Smith|Vanessa Smith",5,1624,1750,126,7,2,5
"2014-15","9588","Maryland","Brionna Jones|Laurin Mincy|Lexie Brown|S. Walker-Kimbrough|Tierney Pfirman",5,1668,1820,152,5,4,1
"2014-15","9588","Princeton","Annie Tarakchian|Blake Dietrick|Mariah Smith|Taylor Williams|Vanessa Smith",5,1750,1915,165,2,8,-6
"2014-15","9588","Maryland","Brionna Jones|Laurin Mincy|Lexie Brown|Malina Howard|S. Walker-Kimbrough",5,1820,1915,95,5,0,5
"2014-15","9588","Maryland","Brene Moseley|Brionna Jones|Laurin Mincy|Malina Howard|S. Walker-Kimbrough",5,1915,1996,81,3,2,1
"2014-15","9588","Princeton","Annie Tarakchian|Blake Dietrick|Mariah Smith|Michelle Miller|Vanessa Smith",5,1915,2061,146,5,3,2
"2014-15","9588","Maryland","Brene Moseley|Brionna Jones|Lexie Brown|Malina Howard|S. Walker-Kimbrough",5,1996,2061,65,0,3,-3
"2014-15","9588","Maryland","Brionna Jones|Laurin Mincy|Lexie Brown|S. Walker-Kimbrough|Tierney Pfirman",5,2061,2264,203,5,7,-2
"2014-15","9588","Maryland","Laurin Mincy|Lexie Brown|Malina Howard|S. Walker-Kimbrough|Tierney Pfirman",5,2264,2309,45,0,5,-5
"2014-15","9588","Maryland","Brionna Jones|Kristen Confroy|Laurin Mincy|Lexie Brown|Malina Howard",5,2309,2400,91,5,2,3
"2014-15","9588","Princeton","Alex Wheatley|Annie Tarakchian|Blake Dietrick|Michelle Miller|Vanessa Smith",5,2061,2400,339,14,10,4
"2014-15","9589","Duke","Amber Henson|Azura Stevens|Elizabeth Williams|Ka'lia Johnson|Rebecca Greenwell",5,0,189,189,4,7,-3
"2014-15","9589","Maryland","Brionna Jones|Laurin Mincy|Lexie Brown|Malina Howard|S. Walker-Kimbrough",5,0,262,262,9,6,3
"2014-15","9589","Duke","Azura Stevens|Elizabeth Williams|Ka'lia Johnson|Kendall Cooper|Rebecca Greenwell",5,189,403,214,7,5,2
"2014-15","9589","Maryland","Brionna Jones|Laurin Mincy|Lexie Brown|S. Walker-Kimbrough|Tierney Pfirman",5,262,403,141,3,5,-2
"2014-15","9589","Maryland","Kiara Leslie|Laurin Mincy|Lexie Brown|Malina Howard|Tierney Pfirman",5,403,421,18,0,0,0
"2014-15","9589","Duke","Amber Henson|Elizabeth Williams|Kendall Cooper|Mercedes Riggs|Rebecca Greenwell",5,403,485,82,0,0,0
"2014-15","9589","Maryland","Brionna Jones|Kiara Leslie|Laurin Mincy|Lexie Brown|Malina Howard",5,421,485,64,0,0,0
"2014-15","9589","Duke","Amber Henson|Azura Stevens|Elizabeth Williams|Ka'lia Johnson|Mercedes Riggs",5,485,586,101,0,2,-2
"2014-15","9589","Maryland","Kiara Leslie|Laurin Mincy|Lexie Brown|Malina Howard|Tierney Pfirman",5,485,586,101,2,0,2
"2014-15","9589","Maryland","Brionna Jones|Kiara Leslie|Laurin Mincy|Lexie Brown|S. Walker-Kimbrough",5,586,636,50,0,2,-2
"2014-15","9589","Duke","Amber Henson|Azura Stevens|Elizabeth Williams|Ka'lia Johnson|Rebecca Greenwell",5,586,704,118,2,0,2
"2014-15","9589","Maryland","Brene Moseley|Brionna Jones|Kiara Leslie|Laurin Mincy|S. Walker-Kimbrough",5,636,704,68,0,0,0
"2014-15","9589","Duke","Amber Henson|Elizabeth Williams|Ka'lia Johnson|Kendall Cooper|Rebecca Greenwell",5,704,853,149,2,5,-3
"2014-15","9589","Duke","Amber Henson|Azura Stevens|Ka'lia Johnson|Kendall Cooper|Rebecca Greenwell",5,853,879,26,0,0,0
"2014-15","9589","Maryland","Brene Moseley|Brionna Jones|Kristen Confroy|Laurin Mincy|S. Walker-Kimbrough",5,704,916,212,5,2,3
"2014-15","9589","Maryland","Brionna Jones|Kristen Confroy|Laurin Mincy|Lexie Brown|S. Walker-Kimbrough",5,916,945,29,0,0,0
"2014-15","9589","Maryland","Kristen Confroy|Laurin Mincy|Lexie Brown|Malina Howard|S. Walker-Kimbrough",5,945,960,15,0,0,0
"2014-15","9589","Maryland","Kiara Leslie|Kristen Confroy|Lexie Brown|Malina Howard|S. Walker-Kimbrough",5,960,980,20,0,0,0
"2014-15","9589","Duke","Amber Henson|Azura Stevens|Elizabeth Williams|Ka'lia Johnson|Rebecca Greenwell",5,879,1072,193,2,7,-5
"2014-15","9589","Duke","Azura Stevens|Elizabeth Williams|Ka'lia Johnson|Kendall Cooper|Rebecca Greenwell",5,1072,1093,21,2,0,2
"2014-15","9589","Duke","Azura Stevens|Elizabeth Williams|Ka'lia Johnson|Kendall Cooper|Mercedes Riggs",5,1093,1111,18,0,0,0
"2014-15","9589","Maryland","Brionna Jones|Kristen Confroy|Laurin Mincy|Lexie Brown|S. Walker-Kimbrough",5,980,1111,131,7,4,3
"2014-15","9589","Duke","Azura Stevens|Elizabeth Williams|Kendall Cooper|Mercedes Riggs|Rebecca Greenwell",5,1111,1122,11,2,0,2
"2014-15","9589","Duke","Amber Henson|Azura Stevens|Elizabeth Williams|Mercedes Riggs|Rebecca Greenwell",5,1122,1149,27,0,3,-3
"2014-15","9589","Maryland","Brionna Jones|Kiara Leslie|Laurin Mincy|Lexie Brown|S. Walker-Kimbrough",5,1111,1149,38,3,2,1
"2014-15","9589","Maryland","A'Lexus Harrison|Brionna Jones|Kiara Leslie|Laurin Mincy|Lexie Brown",5,1149,1200,51,2,2,0
"2014-15","9589","Duke","Amber Henson|Azura Stevens|Elizabeth Williams|Ka'lia Johnson|Rebecca Greenwell",5,1149,1380,231,8,6,2
"2014-15","9589","Duke","Amber Henson|Azura Stevens|Elizabeth Williams|Mercedes Riggs|Rebecca Greenwell",5,1380,1423,43,0,0,0
"2014-15","9589","Maryland","Brionna Jones|Laurin Mincy|Lexie Brown|Malina Howard|S. Walker-Kimbrough",5,1200,1423,223,4,6,-2
"2014-15","9589","Duke","Amber Henson|Azura Stevens|Elizabeth Williams|Ka'lia Johnson|Mercedes Riggs",5,1423,1471,48,3,2,1
"2014-15","9589","Maryland","Laurin Mincy|Lexie Brown|Malina Howard|S. Walker-Kimbrough|Tierney Pfirman",5,1423,1471,48,2,3,-1
"2014-15","9589","Duke","Amber Henson|Azura Stevens|Elizabeth Williams|Ka'lia Johnson|Rebecca Greenwell",5,1471,1521,50,2,3,-1
"2014-15","9589","Duke","Azura Stevens|Elizabeth Williams|Ka'lia Johnson|Kendall Cooper|Rebecca Greenwell",5,1521,1597,76,5,2,3
"2014-15","9589","Maryland","Brionna Jones|Laurin Mincy|Lexie Brown|S. Walker-Kimbrough|Tierney Pfirman",5,1471,1654,183,5,9,-4
"2014-15","9589","Duke","Amber Henson|Elizabeth Williams|Ka'lia Johnson|Kendall Cooper|Rebecca Greenwell",5,1597,1712,115,2,2,0
"2014-15","9589","Maryland","Brionna Jones|Laurin Mincy|Lexie Brown|Malina Howard|S. Walker-Kimbrough",5,1654,1712,58,2,0,2
"2014-15","9589","Duke","Amber Henson|Azura Stevens|Elizabeth Williams|Ka'lia Johnson|Rebecca Greenwell",5,1712,1767,55,0,3,-3
"2014-15","9589","Duke","Amber Henson|Azura Stevens|Ka'lia Johnson|Kendall Cooper|Rebecca Greenwell",5,1767,1835,68,3,2,1
"2014-15","9589","Duke","Amber Henson|Azura Stevens|Kendall Cooper|Mercedes Riggs|Rebecca Greenwell",5,1835,1851,16,0,0,0
"2014-15","9589","Duke","Amber Henson|Azura Stevens|Elizabeth Williams|Mercedes Riggs|Rebecca Greenwell",5,1851,1903,52,0,2,-2
"2014-15","9589","Maryland","Brene Moseley|Brionna Jones|Laurin Mincy|Malina Howard|S. Walker-Kimbrough",5,1712,1903,191,7,3,4
"2014-15","9589","Duke","Azura Stevens|Elizabeth Williams|Ka'lia Johnson|Kendall Cooper|Rebecca Greenwell",5,1903,1961,58,2,1,1
"2014-15","9589","Maryland","Brene Moseley|Kiara Leslie|Laurin Mincy|Malina Howard|S. Walker-Kimbrough",5,1903,2064,161,6,4,2
"2014-15","9589","Duke","Amber Henson|Azura Stevens|Elizabeth Williams|Ka'lia Johnson|Rebecca Greenwell",5,1961,2298,337,5,8,-3
"2014-15","9589","Maryland","Brene Moseley|Brionna Jones|Kiara Leslie|Laurin Mincy|S. Walker-Kimbrough",5,2064,2373,309,7,5,2
"2014-15","9589","Maryland","Brene Moseley|Kiara Leslie|Kristen Confroy|Laurin Mincy|Lexie Brown",5,2373,2384,11,1,0,1
"2014-15","9589","Maryland","Brene Moseley|Kiara Leslie|Laurin Mincy|Lexie Brown|Malina Howard",5,2384,2385,1,0,2,-2
"2014-15","9589","Maryland","Brene Moseley|Kiara Leslie|Kristen Confroy|Laurin Mincy|S. Walker-Kimbrough",5,2385,2400,15,0,0,0
"2014-15","9589","Duke","Azura Stevens|Elizabeth Williams|Ka'lia Johnson|Kendall Cooper|Rebecca Greenwell",5,2298,2400,102,4,5,-1
"2014-15","9590","Maryland","Brionna Jones|Laurin Mincy|Lexie Brown|Malina Howard|S. Walker-Kimbrough",5,0,94,94,0,5,-5
"2014-15","9590","Tennessee","Andraya Carter|Ariel Massengale|Bashaara Graves|Cierra Burdick|Jordan Reynolds",5,0,268,268,7,2,5
"2014-15","9590","Maryland","Brene Moseley|Brionna Jones|Laurin Mincy|Malina Howard|S. Walker-Kimbrough",5,94,268,174,2,2,0
"2014-15","9590","Tennessee","Andraya Carter|Ariel Massengale|Cierra Burdick|Jaime Nared|Jordan Reynolds",5,268,344,76,2,0,2
"2014-15","9590","Maryland","Laurin Mincy|Lexie Brown|Malina Howard|S. Walker-Kimbrough|Tierney Pfirman",5,268,361,93,0,2,-2
"2014-15","9590","Tennessee","Alexa Middleton|Andraya Carter|Ariel Massengale|Cierra Burdick|Jaime Nared",5,344,440,96,0,5,-5
"2014-15","9590","Maryland","Brionna Jones|Laurin Mincy|Lexie Brown|S. Walker-Kimbrough|Tierney Pfirman",5,361,440,79,5,0,5
"2014-15","9590","Maryland","Brionna Jones|Kiara Leslie|Laurin Mincy|Lexie Brown|Tierney Pfirman",5,440,509,69,0,0,0
"2014-15","9590","Tennessee","Alexa Middleton|Ariel Massengale|Bashaara Graves|Jaime Nared|Jordan Reynolds",5,440,668,228,6,4,2
"2014-15","9590","Maryland","Kiara Leslie|Laurin Mincy|Lexie Brown|Malina Howard|S. Walker-Kimbrough",5,509,668,159,4,6,-2
"2014-15","9590","Tennessee","Alexa Middleton|Andraya Carter|Ariel Massengale|Cierra Burdick|Nia Moore",5,668,720,52,0,3,-3
"2014-15","9590","Maryland","Brene Moseley|Brionna Jones|Laurin Mincy|Lexie Brown|S. Walker-Kimbrough",5,668,720,52,3,0,3
"2014-15","9590","Maryland","Brene Moseley|Brionna Jones|Kiara Leslie|Lexie Brown|S. Walker-Kimbrough",5,720,747,27,0,0,0
"2014-15","9590","Maryland","Brionna Jones|Kiara Leslie|Lexie Brown|Malina Howard|S. Walker-Kimbrough",5,747,785,38,0,0,0
"2014-15","9590","Tennessee","Alexa Middleton|Andraya Carter|Ariel Massengale|Bashaara Graves|Cierra Burdick",5,720,815,95,0,0,0
"2014-15","9590","Maryland","Brionna Jones|Kiara Leslie|Laurin Mincy|Lexie Brown|Malina Howard",5,785,914,129,4,2,2
"2014-15","9590","Tennessee","Andraya Carter|Ariel Massengale|Bashaara Graves|Cierra Burdick|Jordan Reynolds",5,815,1060,245,4,6,-2
"2014-15","9590","Maryland","Brionna Jones|Laurin Mincy|Lexie Brown|S. Walker-Kimbrough|Tierney Pfirman",5,914,1060,146,2,2,0
"2014-15","9590","Maryland","Brionna Jones|Kiara Leslie|Laurin Mincy|Lexie Brown|S. Walker-Kimbrough",5,1060,1100,40,0,0,0
"2014-15","9590","Maryland","Brene Moseley|Brionna Jones|Laurin Mincy|Lexie Brown|S. Walker-Kimbrough",5,1100,1200,100,2,2,0
"2014-15","9590","Tennessee","Andraya Carter|Ariel Massengale|Cierra Burdick|Jaime Nared|Jordan Reynolds",5,1060,1200,140,2,2,0
"2014-15","9590","Maryland","Brionna Jones|Kristen Confroy|Laurin Mincy|Lexie Brown|S. Walker-Kimbrough",5,1200,1393,193,2,6,-4
"2014-15","9590","Maryland","Brionna Jones|Kristen Confroy|Laurin Mincy|Lexie Brown",4,1393,1466,73,5,2,3
"2014-15","9590","Maryland","A'Lexus Harrison|Brionna Jones|Kristen Confroy|Laurin Mincy|Lexie Brown",5,1466,1552,86,0,5,-5
"2014-15","9590","Tennessee","Andraya Carter|Ariel Massengale|Bashaara Graves|Cierra Burdick|Jordan Reynolds",5,1200,1675,475,13,12,1
"2014-15","9590","Tennessee","Andraya Carter|Ariel Massengale|Cierra Burdick|Jaime Nared|Jordan Reynolds",5,1675,1862,187,8,7,1
"2014-15","9590","Maryland","A'Lexus Harrison|Brionna Jones|Kristen Confroy|Laurin Mincy|Lexie Brown|S. Walker-Kimbrough",6,1552,1862,310,12,8,4
"2014-15","9590","Maryland","A'Lexus Harrison|Kristen Confroy|Laurin Mincy|Lexie Brown|Malina Howard|S. Walker-Kimbrough",6,1862,1879,17,0,2,-2
"2014-15","9590","Tennessee","Alexa Middleton|Andraya Carter|Ariel Massengale|Cierra Burdick|Jaime Nared",5,1862,2039,177,2,3,-1
"2014-15","9590","Tennessee","Alexa Middleton|Ariel Massengale|Bashaara Graves|Jaime Nared|Jordan Reynolds",5,2039,2107,68,2,0,2
"2014-15","9590","Maryland","Brionna Jones|Kiara Leslie|Kristen Confroy|Laurin Mincy|Lexie Brown|S. Walker-Kimbrough",6,1879,2302,423,8,2,6
"2014-15","9590","Maryland","Brionna Jones|Kristen Confroy|Laurin Mincy|Lexie Brown|Malina Howard|S. Walker-Kimbrough",6,2302,2340,38,2,2,0
"2014-15","9590","Maryland","Brene Moseley|Brionna Jones|Kristen Confroy|Laurin Mincy|Lexie Brown|Malina Howard",6,2340,2361,21,1,0,1
"2014-15","9590","Maryland","Brene Moseley|Brionna Jones|Kiara Leslie|Kristen Confroy|Laurin Mincy|Lexie Brown|S. Walker-Kimbrough",7,2361,2363,2,2,0,2
"2014-15","9590","Tennessee","Andraya Carter|Ariel Massengale|Bashaara Graves|Cierra Burdick|Jordan Reynolds",5,2107,2377,270,2,12,-10
"2014-15","9590","Maryland","Brionna Jones|Kiara Leslie|Kristen Confroy|Laurin Mincy|Lexie Brown|Malina Howard",6,2363,2400,37,4,0,4
"2014-15","9590","Tennessee","Andraya Carter|Ariel Massengale|Cierra Burdick|Jordan Reynolds|Nia Moore",5,2377,2400,23,0,2,-2
"2014-15","9591","Maryland","Brionna Jones|Laurin Mincy|Lexie Brown|Malina Howard|S. Walker-Kimbrough",5,0,236,236,10,10,0
"2014-15","9591","Maryland","Kiara Leslie|Laurin Mincy|Lexie Brown|Malina Howard|S. Walker-Kimbrough",5,236,289,53,0,0,0
"2014-15","9591","Maryland","Laurin Mincy|Lexie Brown|Malina Howard|S. Walker-Kimbrough|Tierney Pfirman",5,289,476,187,6,12,-6
"2014-15","9591","Maryland","A'Lexus Harrison|Chloe Pavlech|Kiara Leslie|Laurin Mincy|Lexie Brown",5,476,491,15,0,0,0
"2014-15","9591","Maryland","A'Lexus Harrison|Chloe Pavlech|Laurin Mincy|Lexie Brown|Malina Howard",5,491,540,49,0,0,0
"2014-15","9591","UConn","Breanna STEWART|K. MOSQUEDA-LEWIS|Kia NURSE|Morgan TUCK|Moriah JEFFERSON",5,0,574,574,22,16,6
"2014-15","9591","Maryland","A'Lexus Harrison|Chloe Pavlech|Lexie Brown|Malina Howard|S. Walker-Kimbrough",5,540,678,138,3,0,3
"2014-15","9591","Maryland","A'Lexus Harrison|Chloe Pavlech|Laurin Mincy|Lexie Brown|S. Walker-Kimbrough",5,678,681,3,0,2,-2
"2014-15","9591","Maryland","Chloe Pavlech|Laurin Mincy|Lexie Brown|S. Walker-Kimbrough|Tierney Pfirman",5,681,829,148,2,8,-6
"2014-15","9591","Maryland","Laurin Mincy|Lexie Brown|Malina Howard|S. Walker-Kimbrough|Tierney Pfirman",5,829,882,53,2,2,0
"2014-15","9591","Maryland","Brene Moseley|Brionna Jones|Laurin Mincy|Malina Howard|S. Walker-Kimbrough",5,882,944,62,2,0,2
"2014-15","9591","Maryland","Brene Moseley|Brionna Jones|Lexie Brown|Malina Howard|S. Walker-Kimbrough",5,944,1014,70,5,4,1
"2014-15","9591","UConn","Breanna STEWART|K. MOSQUEDA-LEWIS|Kiah STOKES|Morgan TUCK|Moriah JEFFERSON",5,574,1014,440,16,14,2
"2014-15","9591","Maryland","A'Lexus Harrison|Brene Moseley|Kiara Leslie|Lexie Brown|Malina Howard",5,1014,1170,156,3,6,-3
"2014-15","9591","UConn","Breanna STEWART|Kia NURSE|Kiah STOKES|Morgan TUCK|Moriah JEFFERSON",5,1014,1170,156,6,3,3
"2014-15","9591","UConn","K. MOSQUEDA-LEWIS|Kia NURSE|Kiah STOKES|Morgan TUCK|Moriah JEFFERSON",5,1170,1200,30,0,0,0
"2014-15","9591","Maryland","Brene Moseley|Brionna Jones|Laurin Mincy|Lexie Brown|Malina Howard",5,1170,1200,30,0,0,0
"2014-15","9591","Maryland","Brionna Jones|Laurin Mincy|Lexie Brown|Malina Howard|S. Walker-Kimbrough",5,1200,1335,135,0,5,-5
"2014-15","9591","Maryland","Brionna Jones|Chloe Pavlech|Lexie Brown|Malina Howard|S. Walker-Kimbrough",5,1335,1481,146,2,4,-2
"2014-15","9591","Maryland","Brene Moseley|Brionna Jones|Lexie Brown|S. Walker-Kimbrough|Tierney Pfirman",5,1481,1662,181,7,7,0
"2014-15","9591","UConn","Breanna STEWART|K. MOSQUEDA-LEWIS|Kia NURSE|Morgan TUCK|Moriah JEFFERSON",5,1200,1662,462,16,9,7
"2014-15","9591","Maryland","A'Lexus Harrison|Brene Moseley|Kristen Confroy|Lexie Brown|Malina Howard",5,1662,1705,43,2,0,2
"2014-15","9591","Maryland","A'Lexus Harrison|Brene Moseley|Brionna Jones|Kristen Confroy|Lexie Brown",5,1705,1776,71,2,2,0
"2014-15","9591","UConn","Breanna STEWART|Kia NURSE|Kiah STOKES|Morgan TUCK|Moriah JEFFERSON",5,1662,1776,114,2,4,-2
"2014-15","9591","Maryland","Brene Moseley|Brionna Jones|Kristen Confroy|Lexie Brown|Tierney Pfirman",5,1776,1831,55,0,2,-2
"2014-15","9591","Maryland","Brene Moseley|Brionna Jones|Lexie Brown|S. Walker-Kimbrough|Tierney Pfirman",5,1831,1834,3,0,2,-2
"2014-15","9591","UConn","Breanna STEWART|K. MOSQUEDA-LEWIS|Kiah STOKES|Morgan TUCK|Moriah JEFFERSON",5,1776,1834,58,4,0,4
"2014-15","9591","Maryland","A'Lexus Harrison|Brene Moseley|Lexie Brown|S. Walker-Kimbrough|Tierney Pfirman",5,1834,1959,125,3,2,1
"2014-15","9591","UConn","Breanna STEWART|Gabby WILLIAMS|K. MOSQUEDA-LEWIS|Morgan TUCK|Moriah JEFFERSON",5,1834,2099,265,8,8,0
"2014-15","9591","UConn","Breanna STEWART|K. MOSQUEDA-LEWIS|Kiah STOKES|Morgan TUCK|Moriah JEFFERSON",5,2099,2190,91,1,2,-1
"2014-15","9591","Maryland","Brene Moseley|Brionna Jones|Laurin Mincy|Lexie Brown|Tierney Pfirman",5,1959,2289,330,7,10,-3
"2014-15","9591","UConn","Breanna STEWART|Kia NURSE|Kiah STOKES|Morgan TUCK|Moriah JEFFERSON",5,2190,2289,99,3,0,3
"2014-15","9591","UConn","Breanna STEWART|Gabby WILLIAMS|Kia NURSE|Kiah STOKES|Saniya CHONG",5,2289,2328,39,2,0,2
"2014-15","9591","Maryland","Brene Moseley|Brionna Jones|Lexie Brown|S. Walker-Kimbrough|Tierney Pfirman",5,2289,2337,48,0,3,-3
"2014-15","9591","UConn","Courtney EKMARK|Gabby WILLIAMS|Kia NURSE|Kiah STOKES|Saniya CHONG",5,2328,2400,72,1,2,-1
"2014-15","9591","Maryland","Brene Moseley|Brionna Jones|Kristen Confroy|S. Walker-Kimbrough|Tierney Pfirman",5,2337,2400,63,2,0,2
