"source_id","file_id","team","player_name","player_number","stint_index","in_seconds","out_seconds","duration","pts_for","pts_against","plus_minus","starter"
"2014-15","9555","Maryland","Laurin Mincy",1,1,0,637,637,32,12,20,1
"2014-15","9555","Maryland","Lexie Brown",4,1,0,440,440,22,7,15,1
"2014-15","9555","Maryland","Malina Howard",5,1,0,286,286,14,5,9,1
"2014-15","9555","Maryland","S. Walker-Kimbrough",32,1,0,110,110,5,0,5,1
"2014-15","9555","Maryland","Brionna Jones",42,1,0,286,286,14,5,9,1
"2014-15","9555","Mount St. Mary's","Kayla BATES",12,1,0,338,338,5,18,-13,1
"2014-15","9555","Mount St. Mary's","Jody CHICKEY",21,1,0,352,352,5,18,-13,1
"2014-15","9555","Mount St. Mary's","Jacqueline BREWER",24,1,0,713,713,15,35,-20,1
"2014-15","9555","Mount St. Mary's","Jenn CARNEY",42,1,0,860,860,17,41,-24,1
"2014-15","9555","Mount St. Mary's","Kaitlyn EISENHARD",45,1,0,147,147,0,9,-9,1
"2014-15","9555","Maryland","Kristen Confroy",12,1,110,497,387,22,9,13,0
"2014-15","9555","Mount St. Mary's","S. ARTHUR-WILLIAMS",44,1,147,497,350,9,18,-9,0
"2014-15","9555","Maryland","Kiara Leslie",2,1,286,384,98,4,2,2,0
"2014-15","9555","Maryland","Tierney Pfirman",22,1,286,497,211,13,4,9,0
"2014-15","9555","Mount St. Mary's","Jessica HARRIS",25,1,338,771,433,10,17,-7,0
"2014-15","9555","Mount St. Mary's","K. BELANGER-FINN",3,1,352,599,247,7,13,-6,0
"2014-15","9555","Maryland","Malina Howard",5,2,384,1105,721,35,14,21,0
"2014-15","9555","Maryland","Brene Moseley",3,1,440,750,310,13,8,5,0
"2014-15","9555","Maryland","S. Walker-Kimbrough",32,2,497,696,199,8,5,3,0
"2014-15","9555","Maryland","Brionna Jones",42,2,497,637,140,5,3,2,0
"2014-15","9555","Mount St. Mary's","Kaitlyn EISENHARD",45,2,497,770,273,6,8,-2,0
"2014-15","9555","Mount St. Mary's","Jody CHICKEY",21,2,599,1105,506,9,22,-13,0
"2014-15","9555","Maryland","Lexie Brown",4,2,637,784,147,3,5,-2,0
"2014-15","9555","Maryland","Tierney Pfirman",22,2,637,698,61,3,3,0,0
"2014-15","9555","Maryland","Kiara Leslie",2,2,696,1105,409,18,7,11,0
"2014-15","9555","Maryland","Aja Ellison",0,1,698,774,76,0,0,0,0
"2014-15","9555","Mount St. Mary's","Katrice DICKSON",11,1,713,1200,487,10,22,-12,0
"2014-15","9555","Maryland","Kristen Confroy",12,2,750,1105,355,18,6,12,0
"2014-15","9555","Mount St. Mary's","Caroline HUMMELL",32,1,770,1105,335,6,18,-12,0
"2014-15","9555","Mount St. Mary's","Jacqueline BREWER",24,2,771,2349,1578,30,71,-41,0
"2014-15","9555","Maryland","Brionna Jones",42,3,774,906,132,8,2,6,0
"2014-15","9555","Maryland","Chloe Pavlech",15,1,784,906,122,8,0,8,0
"2014-15","9555","Mount St. Mary's","Kayla BATES",12,2,860,1105,245,4,12,-8,0
"2014-15","9555","Maryland","Laurin Mincy",1,2,906,1530,624,28,12,16,0
"2014-15","9555","Maryland","Tierney Pfirman",22,3,906,1105,199,10,4,6,0
"2014-15","9555","Maryland","Aja Ellison",0,2,1105,1200,95,4,4,0,0
"2014-15","9555","Maryland","Brene Moseley",3,2,1105,1200,95,4,4,0,0
"2014-15","9555","Maryland","Lexie Brown",4,3,1105,1613,508,25,11,14,0
"2014-15","9555","Maryland","Brionna Jones",42,4,1105,1440,335,14,8,6,0
"2014-15","9555","Mount St. Mary's","K. BELANGER-FINN",3,2,1105,1200,95,4,4,0,0
"2014-15","9555","Mount St. Mary's","Stacey KOUTRIS",13,1,1105,1200,95,4,4,0,0
"2014-15","9555","Mount St. Mary's","Jenn CARNEY",42,2,1105,1742,637,15,31,-16,0
"2014-15","9555","Maryland","Malina Howard",5,3,1200,1530,330,14,4,10,0
"2014-15","9555","Maryland","S. Walker-Kimbrough",32,3,1200,1613,413,21,7,14,0
"2014-15","9555","Mount St. Mary's","Kayla BATES",12,3,1200,1345,145,2,2,0,0
"2014-15","9555","Mount St. Mary's","Jody CHICKEY",21,3,1200,1401,201,4,8,-4,0
"2014-15","9555","Mount St. Mary's","Kaitlyn EISENHARD",45,3,1200,1354,154,2,4,-2,0
"2014-15","9555","Mount St. Mary's","Jessica HARRIS",25,2,1345,1626,281,5,19,-14,0
"2014-15","9555","Mount St. Mary's","S. ARTHUR-WILLIAMS",44,2,1354,1954,600,12,27,-15,0
"2014-15","9555","Mount St. Mary's","K. BELANGER-FINN",3,3,1401,1582,181,0,12,-12,0
"2014-15","9555","Maryland","Tierney Pfirman",22,4,1440,1742,302,17,7,10,0
"2014-15","9555","Maryland","Kiara Leslie",2,3,1530,1742,212,13,7,6,0
"2014-15","9555","Maryland","Kristen Confroy",12,3,1530,2149,619,25,15,10,0
"2014-15","9555","Mount St. Mary's","Kayla BATES",12,4,1582,1626,44,3,1,2,0
"2014-15","9555","Maryland","Brene Moseley",3,3,1613,2400,787,31,13,18,0
"2014-15","9555","Maryland","Chloe Pavlech",15,2,1613,2400,787,31,13,18,0
"2014-15","9555","Mount St. Mary's","Katrice DICKSON",11,2,1626,1918,292,7,10,-3,0
"2014-15","9555","Mount St. Mary's","Caroline HUMMELL",32,2,1626,2400,774,13,31,-18,0
"2014-15","9555","Maryland","Aja Ellison",0,3,1742,2149,407,12,8,4,0
"2014-15","9555","Maryland","S. Walker-Kimbrough",32,4,1742,1918,176,4,3,1,0
"2014-15","9555","Mount St. Mary's","Jody CHICKEY",21,4,1835,2155,320,7,8,-1,0
"2014-15","9555","Maryland","Kiara Leslie",2,4,1918,2400,482,21,6,15,0
"2014-15","9555","Mount St. Mary's","Jenn CARNEY",42,3,1918,1954,36,0,0,0,0
"2014-15","9555","Mount St. Mary's","Kayla BATES",12,5,1954,2400,446,6,21,-15,0
"2014-15","9555","Mount St. Mary's","Kaitlyn EISENHARD",45,4,1954,2149,195,5,8,-3,0
"2014-15","9555","Maryland","Tierney Pfirman",22,5,2149,2400,251,13,1,12,0
"2014-15","9555","Maryland","Brionna Jones",42,5,2149,2184,35,0,0,0,0
"2014-15","9555","Mount St. Mary's","S. ARTHUR-WILLIAMS",44,3,2149,2349,200,1,10,-9,0
"2014-15","9555","Mount St. Mary's","K. BELANGER-FINN",3,4,2155,2281,126,1,5,-4,0
"2014-15","9555","Maryland","Aja Ellison",0,4,2184,2400,216,13,1,12,0
"2014-15","9555","Mount St. Mary's","Jody CHICKEY",21,5,2281,2400,119,0,8,-8,0
"2014-15","9555","Mount St. Mary's","Stacey KOUTRIS",13,2,2349,2400,51,0,3,-3,0
"2014-15","9555","Mount St. Mary's","Jackie BUZAID",22,1,2349,2400,51,0,3,-3,0
"2014-15","9556","Maryland","Laurin Mincy",1,1,0,281,281,17,4,13,1
"2014-15","9556","Maryland","Lexie Brown",4,1,0,183,183,11,2,9,1
"2014-15","9556","Maryland","Malina Howard",5,1,0,426,426,21,4,17,1
"2014-15","9556","Maryland","S. Walker-Kimbrough",32,1,0,355,355,17,4,13,1
"2014-15","9556","Maryland","Brionna Jones",42,1,0,281,281,17,4,13,1
"2014-15","9556","Wagner","Jasmine NWAJEI",1,1,0,426,426,4,21,-17,1
"2014-15","9556","Wagner","Lyndsay ROWE",14,1,0,281,281,4,17,-13,1
"2014-15","9556","Wagner","Jackie DLUHI",20,1,0,447,447,5,21,-16,1
"2014-15","9556","Wagner","Jordyn PECK",24,1,0,875,875,7,37,-30,1
"2014-15","9556","Wagner","Ugo NWAIGWE",33,1,0,281,281,4,17,-13,1
"2014-15","9556","Maryland","Brene Moseley",3,1,183,502,319,10,3,7,0
"2014-15","9556","Maryland","Kristen Confroy",12,1,281,447,166,4,1,3,0
"2014-15","9556","Maryland","Tierney Pfirman",22,1,281,355,74,0,0,0,0
"2014-15","9556","Wagner","Tanasia RUSSELL",3,1,281,447,166,1,4,-3,0
"2014-15","9556","Wagner","Sofia ROMA",13,1,281,447,166,1,4,-3,0
"2014-15","9556","Maryland","Kiara Leslie",2,1,355,608,253,6,3,3,0
"2014-15","9556","Maryland","A'Lexus Harrison",33,1,355,650,295,8,3,5,0
"2014-15","9556","Maryland","Brionna Jones",42,2,426,789,363,12,3,9,0
"2014-15","9556","Wagner","Lyndsay ROWE",14,2,426,608,182,3,2,1,0
"2014-15","9556","Maryland","Chloe Pavlech",15,1,447,608,161,2,2,0,0
"2014-15","9556","Wagner","Samantha SULLIVAN",21,1,447,789,342,2,12,-10,0
"2014-15","9556","Wagner","M. CONYERS-JORDAN",25,1,447,789,342,2,12,-10,0
"2014-15","9556","Wagner","Ugo NWAIGWE",33,2,447,690,243,2,6,-4,0
"2014-15","9556","Maryland","S. Walker-Kimbrough",32,2,502,893,391,16,2,14,0
"2014-15","9556","Maryland","Laurin Mincy",1,2,608,650,42,2,0,2,0
"2014-15","9556","Maryland","Lexie Brown",4,2,608,1009,401,18,0,18,0
"2014-15","9556","Wagner","Jasmine NWAJEI",1,2,608,690,82,0,4,-4,0
"2014-15","9556","Maryland","Kristen Confroy",12,2,650,893,243,12,0,12,0
"2014-15","9556","Maryland","Tierney Pfirman",22,2,650,875,225,12,0,12,0
"2014-15","9556","Wagner","Sofia ROMA",13,2,690,1143,453,0,20,-20,0
"2014-15","9556","Wagner","Lyndsay ROWE",14,3,690,1688,998,5,43,-38,0
"2014-15","9556","Maryland","Malina Howard",5,2,789,1128,339,14,0,14,0
"2014-15","9556","Wagner","Tanasia RUSSELL",3,2,789,1009,220,0,8,-8,0
"2014-15","9556","Wagner","Jackie DLUHI",20,2,789,1491,702,4,33,-29,0
"2014-15","9556","Maryland","Aja Ellison",0,1,875,1035,160,4,0,4,0
"2014-15","9556","Wagner","Tessa WADE",5,1,875,1200,325,0,12,-12,0
"2014-15","9556","Maryland","Laurin Mincy",1,3,893,1502,609,29,5,24,0
"2014-15","9556","Maryland","Kiara Leslie",2,2,893,1035,142,4,0,4,0
"2014-15","9556","Maryland","Brene Moseley",3,2,1009,1200,191,8,0,8,0
"2014-15","9556","Wagner","M. CONYERS-JORDAN",25,2,1009,1200,191,0,8,-8,0
"2014-15","9556","Maryland","Tierney Pfirman",22,3,1035,1128,93,6,0,6,0
"2014-15","9556","Maryland","A'Lexus Harrison",33,2,1035,1200,165,8,0,8,0
"2014-15","9556","Maryland","Kiara Leslie",2,3,1128,1200,72,2,0,2,0
"2014-15","9556","Maryland","Kristen Confroy",12,3,1128,1200,72,2,0,2,0
"2014-15","9556","Wagner","Samantha SULLIVAN",21,2,1143,1200,57,0,2,-2,0
"2014-15","9556","Maryland","Lexie Brown",4,3,1200,1491,291,17,4,13,0
"2014-15","9556","Maryland","Malina Howard",5,3,1200,1583,383,19,5,14,0
"2014-15","9556","Maryland","S. Walker-Kimbrough",32,3,1200,1491,291,17,4,13,0
"2014-15","9556","Maryland","Brionna Jones",42,3,1200,1491,291,17,4,13,0
"2014-15","9556","Wagner","Jasmine NWAJEI",1,3,1200,1583,383,5,19,-14,0
"2014-15","9556","Wagner","Sofia ROMA",13,3,1200,1491,291,4,17,-13,0
"2014-15","9556","Wagner","Jordyn PECK",24,2,1200,1491,291,4,17,-13,0
"2014-15","9556","Wagner","Ugo NWAIGWE",33,3,1200,1200,0,0,0,0,0
"2014-15","9556","Maryland","Kristen Confroy",12,4,1491,1838,347,8,4,4,0
"2014-15","9556","Maryland","Chloe Pavlech",15,2,1491,2400,909,31,13,18,0
"2014-15","9556","Maryland","Tierney Pfirman",22,4,1491,2120,629,21,9,12,0
"2014-15","9556","Wagner","Samantha SULLIVAN",21,3,1491,1688,197,1,4,-3,0
"2014-15","9556","Wagner","M. CONYERS-JORDAN",25,3,1491,1688,197,1,4,-3,0
"2014-15","9556","Wagner","Ugo NWAIGWE",33,4,1491,1688,197,1,4,-3,0
"2014-15","9556","Maryland","Kiara Leslie",2,4,1502,2120,618,21,8,13,0
"2014-15","9556","Maryland","Aja Ellison",0,2,1583,1838,255,6,3,3,0
"2014-15","9556","Wagner","Jordyn PECK",24,3,1583,2190,607,8,24,-16,0
"2014-15","9556","Wagner","Jasmine NWAJEI",1,4,1688,2120,432,8,17,-9,0
"2014-15","9556","Wagner","Tessa WADE",5,2,1688,1911,223,5,6,-1,0
"2014-15","9556","Wagner","Sofia ROMA",13,4,1688,1911,223,5,6,-1,0
"2014-15","9556","Wagner","Jackie DLUHI",20,3,1688,1911,223,5,6,-1,0
"2014-15","9556","Maryland","Brene Moseley",3,3,1838,2400,562,23,9,14,0
"2014-15","9556","Maryland","Malina Howard",5,4,1838,2120,282,13,5,8,0
"2014-15","9556","Wagner","Tanasia RUSSELL",3,3,1911,2400,489,7,21,-14,0
"2014-15","9556","Wagner","Lyndsay ROWE",14,4,1911,2190,279,3,16,-13,0
"2014-15","9556","Wagner","Samantha SULLIVAN",21,4,1911,2120,209,3,11,-8,0
"2014-15","9556","Maryland","Laurin Mincy",1,4,2120,2294,174,7,2,5,0
"2014-15","9556","Maryland","Kristen Confroy",12,5,2120,2400,280,10,4,6,0
"2014-15","9556","Maryland","A'Lexus Harrison",33,3,2120,2204,84,5,0,5,0
"2014-15","9556","Wagner","Sofia ROMA",13,5,2120,2400,280,4,10,-6,0
"2014-15","9556","Wagner","M. CONYERS-JORDAN",25,4,2120,2400,280,4,10,-6,0
"2014-15","9556","Wagner","Tessa WADE",5,3,2190,2400,210,4,5,-1,0
"2014-15","9556","Wagner","Samantha SULLIVAN",21,5,2190,2400,210,4,5,-1,0
"2014-15","9556","Maryland","Aja Ellison",0,3,2204,2400,196,5,4,1,0
"2014-15","9556","Maryland","Kiara Leslie",2,5,2294,2400,106,3,2,1,0
"2014-15","9557","Maryland","Laurin Mincy",1,1,0,293,293,14,4,10,1
"2014-15","9557","Maryland","Lexie Brown",4,1,0,185,185,9,0,9,1
"2014-15","9557","Maryland","Malina Howard",5,1,0,350,350,16,6,10,1
"2014-15","9557","Maryland","S. Walker-Kimbrough",32,1,0,385,385,18,8,10,1
"2014-15","9557","Maryland","Brionna Jones",42,1,0,160,160,7,0,7,1
"2014-15","9557","South Florida","Courtney WILLIAMS",10,1,0,1291,1291,33,56,-23,1
"2014-15","9557","South Florida","Laura MARCOS CANEDO",13,1,0,224,224,2,9,-7,1
"2014-15","9557","South Florida","Laura FERREIRA",20,1,0,350,350,6,16,-10,1
"2014-15","9557","South Florida","Alisia JENKINS",24,1,0,656,656,20,29,-9,1
"2014-15","9557","South Florida","Katelyn WEBER",45,1,0,234,234,2,12,-10,1
"2014-15","9557","Maryland","A'Lexus Harrison",33,1,160,423,263,14,10,4,0
"2014-15","9557","Maryland","Brene Moseley",3,1,185,350,165,7,6,1,0
"2014-15","9557","South Florida","Shaleth STRINGFIELD",23,1,224,732,508,23,24,-1,0
"2014-15","9557","South Florida","Paige CASHIN",14,1,234,350,116,4,4,0,0
"2014-15","9557","Maryland","Kiara Leslie",2,1,293,522,229,10,14,-4,0
"2014-15","9557","Maryland","Lexie Brown",4,2,350,476,126,8,6,2,0
"2014-15","9557","Maryland","Brionna Jones",42,2,350,476,126,8,6,2,0
"2014-15","9557","South Florida","Tamara TAYLOR",3,1,350,482,132,9,8,1,0
"2014-15","9557","South Florida","Maria JESPERSEN",32,1,350,559,209,12,8,4,0
"2014-15","9557","Maryland","Kristen Confroy",12,1,385,601,216,6,10,-4,0
"2014-15","9557","Maryland","Tierney Pfirman",22,1,423,482,59,3,5,-2,0
"2014-15","9557","Maryland","Brene Moseley",3,2,476,482,6,0,3,-3,0
"2014-15","9557","Maryland","Malina Howard",5,2,476,1675,1199,39,35,4,0
"2014-15","9557","Maryland","Lexie Brown",4,3,482,872,390,13,15,-2,0
"2014-15","9557","Maryland","Brionna Jones",42,3,482,522,40,0,3,-3,0
"2014-15","9557","South Florida","Laura FERREIRA",20,2,482,854,372,14,11,3,0
"2014-15","9557","Maryland","S. Walker-Kimbrough",32,2,522,1404,882,36,20,16,0
"2014-15","9557","Maryland","A'Lexus Harrison",33,2,522,601,79,0,0,0,0
"2014-15","9557","South Florida","Katelyn WEBER",45,2,559,785,226,11,11,0,0
"2014-15","9557","Maryland","Laurin Mincy",1,2,601,1527,926,39,22,17,0
"2014-15","9557","Maryland","Brionna Jones",42,4,601,656,55,5,2,3,0
"2014-15","9557","Maryland","Tierney Pfirman",22,2,656,732,76,4,5,-1,0
"2014-15","9557","South Florida","Maria JESPERSEN",32,2,656,955,299,10,14,-4,0
"2014-15","9557","Maryland","Kiara Leslie",2,2,732,785,53,2,4,-2,0
"2014-15","9557","South Florida","Laia FLORES",22,1,732,854,122,4,2,2,0
"2014-15","9557","Maryland","Brionna Jones",42,5,785,1008,223,8,1,7,0
"2014-15","9557","South Florida","Paige CASHIN",14,2,785,1200,415,4,15,-11,0
"2014-15","9557","South Florida","Tamara TAYLOR",3,2,854,1083,229,3,10,-7,0
"2014-15","9557","South Florida","Bre BROOKS",12,1,854,955,101,1,8,-7,0
"2014-15","9557","Maryland","Brene Moseley",3,3,872,1200,328,13,3,10,0
"2014-15","9557","South Florida","Laura FERREIRA",20,3,955,1404,449,8,17,-9,0
"2014-15","9557","South Florida","Shaleth STRINGFIELD",23,2,955,1200,245,3,7,-4,0
"2014-15","9557","Maryland","Kiara Leslie",2,3,1008,1083,75,2,2,0,0
"2014-15","9557","Maryland","Kristen Confroy",12,2,1083,1200,117,5,1,4,0
"2014-15","9557","South Florida","Ariadna PUJOL",11,1,1083,1200,117,1,5,-4,0
"2014-15","9557","Maryland","Lexie Brown",4,4,1200,2400,1200,35,34,1,0
"2014-15","9557","Maryland","Brionna Jones",42,6,1200,1440,240,10,7,3,0
"2014-15","9557","South Florida","Laura MARCOS CANEDO",13,2,1200,1507,307,7,13,-6,0
"2014-15","9557","South Florida","Alisia JENKINS",24,2,1200,1404,204,5,10,-5,0
"2014-15","9557","South Florida","Maria JESPERSEN",32,3,1200,1612,412,12,13,-1,0
"2014-15","9557","South Florida","Katelyn WEBER",45,3,1200,1200,0,0,0,0,0
"2014-15","9557","South Florida","Ariadna PUJOL",11,2,1291,1885,594,20,14,6,0
"2014-15","9557","Maryland","Kristen Confroy",12,3,1404,2153,749,17,24,-7,0
"2014-15","9557","South Florida","Tamara TAYLOR",3,3,1404,1527,123,2,3,-1,0
"2014-15","9557","South Florida","Shavontae NAYLOR",15,1,1404,1527,123,2,3,-1,0
"2014-15","9557","Maryland","A'Lexus Harrison",33,3,1440,1600,160,3,3,0,0
"2014-15","9557","South Florida","Shaleth STRINGFIELD",23,3,1507,1944,437,13,9,4,0
"2014-15","9557","Maryland","S. Walker-Kimbrough",32,3,1527,2153,626,14,22,-8,0
"2014-15","9557","South Florida","Courtney WILLIAMS",10,2,1527,2400,873,27,22,5,0
"2014-15","9557","South Florida","Alisia JENKINS",24,3,1527,2153,626,22,14,8,0
"2014-15","9557","Maryland","Kiara Leslie",2,4,1600,1658,58,0,4,-4,0
"2014-15","9557","South Florida","Shavontae NAYLOR",15,2,1612,1885,273,8,7,1,0
"2014-15","9557","Maryland","Laurin Mincy",1,3,1658,2297,639,20,18,2,0
"2014-15","9557","Maryland","Brionna Jones",42,7,1675,1804,129,2,4,-2,0
"2014-15","9557","Maryland","Malina Howard",5,3,1804,1818,14,0,2,-2,0
"2014-15","9557","Maryland","A'Lexus Harrison",33,4,1818,2153,335,12,9,3,0
"2014-15","9557","South Florida","Laura FERREIRA",20,4,1885,2400,515,14,15,-1,0
"2014-15","9557","South Florida","Maria JESPERSEN",32,4,1885,2215,330,9,9,0,0
"2014-15","9557","South Florida","Laura MARCOS CANEDO",13,3,1944,2195,251,9,7,2,0
"2014-15","9557","Maryland","Brene Moseley",3,4,2153,2297,144,6,3,3,0
"2014-15","9557","Maryland","Malina Howard",5,4,2153,2400,247,8,5,3,0
"2014-15","9557","Maryland","Brionna Jones",42,8,2153,2196,43,2,0,2,0
"2014-15","9557","South Florida","Shavontae NAYLOR",15,3,2153,2400,247,5,8,-3,0
"2014-15","9557","South Florida","Shaleth STRINGFIELD",23,4,2195,2400,205,5,6,-1,0
"2014-15","9557","Maryland","A'Lexus Harrison",33,5,2196,2400,204,6,5,1,0
"2014-15","9557","South Florida","Alisia JENKINS",24,4,2215,2400,185,5,6,-1,0
"2014-15","9557","Maryland","Kristen Confroy",12,4,2297,2400,103,2,2,0,0
"2014-15","9557","Maryland","S. Walker-Kimbrough",32,4,2297,2400,103,2,2,0,0
"2014-15","9558","George Washington","Caira Washington",3,1,0,101,101,4,4,0,1
"2014-15","9558","George Washington","Lauren Chase",4,1,0,425,425,13,15,-2,1
"2014-15","9558","George Washington","Hannah Schaible",20,1,0,335,335,10,13,-3,1
"2014-15","9558","George Washington","Kelli Prange",25,1,0,425,425,13,15,-2,1
"2014-15","9558","George Washington","Jonquel Jones",35,1,0,425,425,13,15,-2,1
"2014-15","9558","Maryland","Laurin Mincy",1,1,0,335,335,13,10,3,1
"2014-15","9558","Maryland","Lexie Brown",4,1,0,54,54,0,2,-2,1
"2014-15","9558","Maryland","Malina Howard",5,1,0,249,249,6,8,-2,1
"2014-15","9558","Maryland","S. Walker-Kimbrough",32,1,0,208,208,6,8,-2,1
"2014-15","9558","Maryland","Brionna Jones",42,1,0,425,425,15,13,2,1
"2014-15","9558","Maryland","Brene Moseley",3,1,54,361,307,13,11,2,0
"2014-15","9558","Maryland","Kristen Confroy",12,1,208,622,414,9,9,0,0
"2014-15","9558","George Washington","Brianna Cummings",34,1,244,594,350,9,9,0,0
"2014-15","9558","Maryland","A'Lexus Harrison",33,1,249,594,345,9,9,0,0
"2014-15","9558","George Washington","Shannon Cranshaw",13,1,335,553,218,5,2,3,0
"2014-15","9558","Maryland","S. Walker-Kimbrough",32,2,335,1093,758,15,18,-3,0
"2014-15","9558","Maryland","Chloe Pavlech",15,1,361,464,103,2,2,0,0
"2014-15","9558","George Washington","Chakecia Miller",1,1,425,754,329,8,7,1,0
"2014-15","9558","George Washington","Caira Washington",3,2,425,622,197,4,0,4,0
"2014-15","9558","George Washington","Hannah Schaible",20,2,425,915,490,11,11,0,0
"2014-15","9558","Maryland","Tierney Pfirman",22,1,425,491,66,0,2,-2,0
"2014-15","9558","Maryland","Kiara Leslie",2,1,464,514,50,0,0,0,0
"2014-15","9558","Maryland","Brionna Jones",42,2,491,553,62,0,0,0,0
"2014-15","9558","Maryland","Lexie Brown",4,2,514,2400,1886,60,50,10,0
"2014-15","9558","George Washington","Lauren Chase",4,2,553,915,362,9,11,-2,0
"2014-15","9558","Maryland","Malina Howard",5,2,553,984,431,11,11,0,0
"2014-15","9558","George Washington","Jonquel Jones",35,2,594,1093,499,11,13,-2,0
"2014-15","9558","Maryland","Tierney Pfirman",22,2,594,915,321,11,7,4,0
"2014-15","9558","George Washington","Kelli Prange",25,2,622,915,293,7,11,-4,0
"2014-15","9558","Maryland","Laurin Mincy",1,2,622,915,293,11,7,4,0
"2014-15","9558","George Washington","Brianna Cummings",34,2,754,1200,446,9,7,2,0
"2014-15","9558","George Washington","Chakecia Miller",1,2,915,999,84,2,0,2,0
"2014-15","9558","George Washington","Caira Washington",3,3,915,1104,189,4,2,2,0
"2014-15","9558","George Washington","Shannon Cranshaw",13,2,915,1093,178,4,2,2,0
"2014-15","9558","Maryland","Kristen Confroy",12,2,915,1197,282,3,6,-3,0
"2014-15","9558","Maryland","A'Lexus Harrison",33,2,915,1170,255,3,6,-3,0
"2014-15","9558","Maryland","Brionna Jones",42,3,984,1093,109,2,2,0,0
"2014-15","9558","George Washington","Lauren Chase",4,3,999,1607,608,14,22,-8,0
"2014-15","9558","George Washington","Hannah Schaible",20,3,1093,1607,514,12,20,-8,0
"2014-15","9558","George Washington","Kelli Prange",25,3,1093,1745,652,16,23,-7,0
"2014-15","9558","Maryland","Laurin Mincy",1,3,1093,2400,1307,47,37,10,0
"2014-15","9558","Maryland","Malina Howard",5,3,1093,1753,660,23,16,7,0
"2014-15","9558","George Washington","Jonquel Jones",35,3,1104,1791,687,16,25,-9,0
"2014-15","9558","Maryland","Tierney Pfirman",22,3,1170,1200,30,0,0,0,0
"2014-15","9558","Maryland","S. Walker-Kimbrough",32,3,1197,2400,1203,46,35,11,0
"2014-15","9558","George Washington","Caira Washington",3,4,1200,1483,283,4,12,-8,0
"2014-15","9558","Maryland","Brionna Jones",42,4,1200,1401,201,6,2,4,0
"2014-15","9558","George Washington","Shannon Cranshaw",13,3,1401,1483,82,2,6,-4,0
"2014-15","9558","Maryland","Tierney Pfirman",22,4,1401,1753,352,16,12,4,0
"2014-15","9558","George Washington","Brianna Cummings",34,3,1483,1712,229,8,10,-2,0
"2014-15","9558","George Washington","Alexis Chandler",24,1,1607,1712,105,2,3,-1,0
"2014-15","9558","George Washington","Lauren Chase",4,4,1641,2094,453,8,15,-7,0
"2014-15","9558","George Washington","Caira Washington",3,5,1712,1946,234,4,8,-4,0
"2014-15","9558","George Washington","Hannah Schaible",20,4,1712,1868,156,4,5,-1,0
"2014-15","9558","George Washington","Alexis Chandler",24,2,1745,1791,46,0,2,-2,0
"2014-15","9558","Maryland","A'Lexus Harrison",33,3,1753,1984,231,8,4,4,0
"2014-15","9558","Maryland","Brionna Jones",42,5,1753,2146,393,13,8,5,0
"2014-15","9558","George Washington","Kelli Prange",25,4,1791,2035,244,4,6,-2,0
"2014-15","9558","George Washington","Brianna Cummings",34,4,1791,1946,155,2,6,-4,0
"2014-15","9558","George Washington","Chakecia Miller",1,3,1868,2294,426,11,12,-1,0
"2014-15","9558","George Washington","Shannon Cranshaw",13,4,1946,2172,226,6,5,1,0
"2014-15","9558","George Washington","Jonquel Jones",35,4,1946,2275,329,8,7,1,0
"2014-15","9558","Maryland","Tierney Pfirman",22,5,1984,2151,167,5,4,1,0
"2014-15","9558","George Washington","Caira Washington",3,6,2035,2310,275,11,11,0,0
"2014-15","9558","George Washington","Hannah Schaible",20,5,2094,2172,78,2,0,2,0
"2014-15","9558","Maryland","Malina Howard",5,4,2146,2400,254,11,13,-2,0
"2014-15","9558","Maryland","Kristen Confroy",12,3,2151,2209,58,0,0,0,0
"2014-15","9558","George Washington","Lauren Chase",4,5,2172,2351,179,9,11,-2,0
"2014-15","9558","George Washington","Brianna Cummings",34,5,2172,2275,103,2,2,0,0
"2014-15","9558","Maryland","Brionna Jones",42,6,2209,2312,103,6,7,-1,0
"2014-15","9558","George Washington","Hannah Schaible",20,6,2275,2294,19,3,2,1,0
"2014-15","9558","George Washington","Kelli Prange",25,5,2275,2294,19,3,2,1,0
"2014-15","9558","George Washington","Alexis Chandler",24,3,2294,2295,1,0,2,-2,0
"2014-15","9558","George Washington","Brianna Cummings",34,6,2294,2295,1,0,2,-2,0
"2014-15","9558","George Washington","Jonquel Jones",35,5,2294,2400,106,8,7,1,0
"2014-15","9558","George Washington","Chakecia Miller",1,4,2295,2315,20,2,2,0,0
"2014-15","9558","George Washington","Hannah Schaible",20,7,2295,2310,15,2,0,2,0
"2014-15","9558","George Washington","Alexis Chandler",24,4,2310,2315,5,0,2,-2,0
"2014-15","9558","George Washington","Brianna Cummings",34,7,2310,2315,5,0,2,-2,0
"2014-15","9558","Maryland","Kristen Confroy",12,4,2312,2315,3,2,0,2,0
"2014-15","9558","George Washington","Caira Washington",3,7,2315,2326,11,2,0,2,0
"2014-15","9558","George Washington","Shannon Cranshaw",13,5,2315,2326,11,2,0,2,0
"2014-15","9558","George Washington","Hannah Schaible",20,8,2315,2326,11,2,0,2,0
"2014-15","9558","Maryland","Brionna Jones",42,7,2315,2322,7,0,2,-2,0
"2014-15","9558","Maryland","Kristen Confroy",12,5,2322,2400,78,3,4,-1,0
"2014-15","9558","George Washington","Chakecia Miller",1,5,2326,2330,4,0,1,-1,0
"2014-15","9558","George Washington","Alexis Chandler",24,5,2326,2330,4,0,1,-1,0
"2014-15","9558","George Washington","Brianna Cummings",34,8,2326,2330,4,0,1,-1,0
"2014-15","9558","George Washington","Shannon Cranshaw",13,6,2330,2351,21,0,2,-2,0
"2014-15","9558","George Washington","Hannah Schaible",20,9,2330,2400,70,4,2,2,0
"2014-15","9558","George Washington","Kelli Prange",25,6,2330,2351,21,0,2,-2,0
"2014-15","9558","George Washington","Chakecia Miller",1,6,2351,2386,35,2,0,2,0
"2014-15","9558","George Washington","Alexis Chandler",24,6,2351,2386,35,2,0,2,0
"2014-15","9558","George Washington","Brianna Cummings",34,9,2351,2386,35,2,0,2,0
"2014-15","9558","George Washington","Lauren Chase",4,6,2386,2400,14,2,0,2,0
"2014-15","9558","George Washington","Shannon Cranshaw",13,7,2386,2400,14,2,0,2,0
"2014-15","9558","George Washington","Kelli Prange",25,7,2386,2400,14,2,0,2,0
"2014-15","9559","Loyola","Colleen Marshall",5,1,0,2091,2091,36,62,-26,1
"2014-15","9559","Loyola","Bri Betz-White",11,1,0,471,471,14,19,-5,1
"2014-15","9559","Loyola","Lisa Mirarchi",23,1,0,438,438,11,19,-8,1
"2014-15","9559","Loyola","Steph Smith",32,1,0,471,471,14,19,-5,1
"2014-15","9559","Loyola","Jeneh Perry",42,1,0,194,194,3,11,-8,1
"2014-15","9559","Maryland","Laurin Mincy",1,1,0,1653,1653,52,32,20,1
"2014-15","9559","Maryland","Lexie Brown",4,1,0,371,371,17,11,6,1
"2014-15","9559","Maryland","Malina Howard",5,1,0,35,35,0,1,-1,1
"2014-15","9559","Maryland","S. Walker-Kimbrough",32,1,0,282,282,13,3,10,1
"2014-15","9559","Maryland","Brionna Jones",42,1,0,194,194,11,3,8,1
"2014-15","9559","Maryland","Tierney Pfirman",22,1,35,371,336,17,10,7,0
"2014-15","9559","Loyola","Lauren Daugherty",21,1,194,1200,1006,23,27,-4,0
"2014-15","9559","Maryland","A'Lexus Harrison",33,1,194,492,298,8,11,-3,0
"2014-15","9559","Maryland","Kristen Confroy",12,1,282,492,210,6,11,-5,0
"2014-15","9559","Maryland","Brene Moseley",3,1,371,471,100,2,3,-1,0
"2014-15","9559","Maryland","Brionna Jones",42,2,371,471,100,2,3,-1,0
"2014-15","9559","Loyola","Diana Logan",20,1,438,708,270,10,4,6,0
"2014-15","9559","Loyola","Lisa Mirarchi",23,2,471,891,420,10,10,0,0
"2014-15","9559","Loyola","Karley Kolberg",30,1,471,689,218,4,4,0,0
"2014-15","9559","Maryland","Kiara Leslie",2,1,471,689,218,4,4,0,0
"2014-15","9559","Maryland","Malina Howard",5,2,471,1145,674,17,12,5,0
"2014-15","9559","Maryland","Brene Moseley",3,2,492,689,197,4,4,0,0
"2014-15","9559","Maryland","S. Walker-Kimbrough",32,2,492,891,399,10,10,0,0
"2014-15","9559","Loyola","Steph Smith",32,2,689,891,202,6,6,0,0
"2014-15","9559","Maryland","Lexie Brown",4,2,689,1326,637,23,12,11,0
"2014-15","9559","Maryland","A'Lexus Harrison",33,2,689,891,202,6,6,0,0
"2014-15","9559","Loyola","Bri Betz-White",11,2,708,1200,492,5,15,-10,0
"2014-15","9559","Loyola","Diana Logan",20,2,891,996,105,0,2,-2,0
"2014-15","9559","Loyola","Karley Kolberg",30,2,891,996,105,0,2,-2,0
"2014-15","9559","Maryland","Kristen Confroy",12,2,891,1135,244,7,2,5,0
"2014-15","9559","Maryland","Tierney Pfirman",22,2,891,1135,244,7,2,5,0
"2014-15","9559","Loyola","Lisa Mirarchi",23,3,996,1321,325,6,12,-6,0
"2014-15","9559","Loyola","Steph Smith",32,3,996,2183,1187,16,31,-15,0
"2014-15","9559","Maryland","S. Walker-Kimbrough",32,3,1135,1846,711,20,8,12,0
"2014-15","9559","Maryland","Brionna Jones",42,3,1135,1653,518,16,6,10,0
"2014-15","9559","Maryland","A'Lexus Harrison",33,3,1145,1200,55,2,0,2,0
"2014-15","9559","Loyola","Diana Logan",20,3,1200,2400,1200,17,27,-10,0
"2014-15","9559","Loyola","Jeneh Perry",42,2,1200,1563,363,4,12,-8,0
"2014-15","9559","Maryland","Chloe Pavlech",15,1,1200,1705,505,16,6,10,0
"2014-15","9559","Maryland","A'Lexus Harrison",33,4,1456,1917,461,10,4,6,0
"2014-15","9559","Loyola","Lauren Daugherty",21,2,1563,2400,837,13,15,-2,0
"2014-15","9559","Maryland","Kiara Leslie",2,2,1653,2400,747,13,11,2,0
"2014-15","9559","Maryland","Tierney Pfirman",22,3,1653,2120,467,10,8,2,0
"2014-15","9559","Maryland","Brene Moseley",3,3,1705,2400,695,11,11,0,0
"2014-15","9559","Loyola","Carly Monzo",33,1,1717,2400,683,11,11,0,0
"2014-15","9559","Maryland","Kristen Confroy",12,3,1846,2400,554,9,9,0,0
"2014-15","9559","Maryland","Aja Ellison",0,1,1917,2120,203,4,6,-2,0
"2014-15","9559","Loyola","Lisa Mirarchi",23,4,2091,2400,309,7,3,4,0
"2014-15","9559","Maryland","Chloe Pavlech",15,2,2120,2400,280,3,3,0,0
"2014-15","9559","Maryland","Brionna Jones",42,4,2120,2251,131,3,3,0,0
"2014-15","9559","Loyola","Karley Kolberg",30,3,2183,2400,217,3,3,0,0
"2014-15","9559","Maryland","Aja Ellison",0,2,2251,2400,149,0,0,0,0
"2014-15","9560","James Madison","TOIA GIGGETTS",3,1,0,202,202,2,3,-1,1
"2014-15","9560","James Madison","PRECIOUS HALL",12,1,0,836,836,15,29,-14,1
"2014-15","9560","James Madison","JAZMON GWATHMEY",24,1,0,289,289,4,7,-3,1
"2014-15","9560","James Madison","ANGELA MICKENS",32,1,0,551,551,10,16,-6,1
"2014-15","9560","James Madison","LAUREN OKAFOR",33,1,0,241,241,2,5,-3,1
"2014-15","9560","Maryland","Laurin Mincy",1,1,0,647,647,22,10,12,1
"2014-15","9560","Maryland","Lexie Brown",4,1,0,379,379,11,10,1,1
"2014-15","9560","Maryland","Malina Howard",5,1,0,537,537,16,10,6,1
"2014-15","9560","Maryland","S. Walker-Kimbrough",32,1,0,282,282,7,4,3,1
"2014-15","9560","Maryland","Brionna Jones",42,1,0,359,359,11,7,4,1
"2014-15","9560","James Madison","DA'LISHIA GRIFFIN",40,1,202,312,110,2,6,-4,0
"2014-15","9560","James Madison","DESTINY JONES",2,1,241,367,126,8,6,2,0
"2014-15","9560","Maryland","Kristen Confroy",12,1,282,739,457,18,9,9,0
"2014-15","9560","James Madison","LAUREN OKAFOR",33,2,289,647,358,6,15,-9,0
"2014-15","9560","James Madison","TOIA GIGGETTS",3,2,312,389,77,6,2,4,0
"2014-15","9560","Maryland","A'Lexus Harrison",33,1,359,739,380,14,6,8,0
"2014-15","9560","James Madison","JAZMON GWATHMEY",24,2,367,687,320,1,11,-10,0
"2014-15","9560","Maryland","Brene Moseley",3,1,379,1106,727,27,15,12,0
"2014-15","9560","James Madison","DESTINY JONES",2,2,389,629,240,0,9,-9,0
"2014-15","9560","Maryland","Brionna Jones",42,2,537,655,118,6,1,5,0
"2014-15","9560","James Madison","HAILEE BARRON",14,1,551,629,78,0,4,-4,0
"2014-15","9560","James Madison","ANGELA MICKENS",32,2,629,920,291,9,12,-3,0
"2014-15","9560","James Madison","CARLEY BREW",42,1,629,836,207,5,9,-4,0
"2014-15","9560","James Madison","TOIA GIGGETTS",3,3,647,836,189,5,7,-2,0
"2014-15","9560","Maryland","S. Walker-Kimbrough",32,2,647,965,318,12,11,1,0
"2014-15","9560","Maryland","Malina Howard",5,2,655,836,181,7,4,3,0
"2014-15","9560","James Madison","DESTINY JONES",2,3,687,775,88,2,5,-3,0
"2014-15","9560","Maryland","Lexie Brown",4,2,739,2400,1661,55,51,4,0
"2014-15","9560","Maryland","Tierney Pfirman",22,1,739,1028,289,9,8,1,0
"2014-15","9560","James Madison","HAILEE BARRON",14,2,775,1028,253,8,7,1,0
"2014-15","9560","James Madison","JAZMON GWATHMEY",24,3,836,1605,769,29,24,5,0
"2014-15","9560","James Madison","LAUREN OKAFOR",33,3,836,1028,192,6,5,1,0
"2014-15","9560","James Madison","DA'LISHIA GRIFFIN",40,2,836,1028,192,6,5,1,0
"2014-15","9560","Maryland","Laurin Mincy",1,2,836,2400,1564,51,49,2,0
"2014-15","9560","Maryland","A'Lexus Harrison",33,2,836,1200,364,11,12,-1,0
"2014-15","9560","Maryland","Brionna Jones",42,3,836,965,129,5,6,-1,0
"2014-15","9560","James Madison","PRECIOUS HALL",12,2,920,1651,731,25,21,4,0
"2014-15","9560","Maryland","Malina Howard",5,3,965,1605,640,19,23,-4,0
"2014-15","9560","James Madison","TOIA GIGGETTS",3,4,1028,1531,503,21,19,2,0
"2014-15","9560","James Madison","ANGELA MICKENS",32,3,1028,1747,719,23,23,0,0
"2014-15","9560","James Madison","CARLEY BREW",42,2,1028,1200,172,6,6,0,0
"2014-15","9560","Maryland","S. Walker-Kimbrough",32,3,1106,2154,1048,29,30,-1,0
"2014-15","9560","James Madison","LAUREN OKAFOR",33,4,1200,1338,138,4,6,-2,0
"2014-15","9560","Maryland","Brionna Jones",42,4,1200,1542,342,13,17,-4,0
"2014-15","9560","James Madison","DA'LISHIA GRIFFIN",40,3,1338,1651,313,13,7,6,0
"2014-15","9560","James Madison","DESTINY JONES",2,4,1531,1918,387,6,7,-1,0
"2014-15","9560","Maryland","A'Lexus Harrison",33,3,1542,1866,324,7,4,3,0
"2014-15","9560","James Madison","TOIA GIGGETTS",3,5,1605,1848,243,2,7,-5,0
"2014-15","9560","Maryland","Brionna Jones",42,5,1605,2400,795,27,20,7,0
"2014-15","9560","James Madison","JAZMON GWATHMEY",24,4,1651,1810,159,2,4,-2,0
"2014-15","9560","James Madison","LAUREN OKAFOR",33,5,1651,1848,197,2,7,-5,0
"2014-15","9560","James Madison","PRECIOUS HALL",12,3,1747,2400,653,20,23,-3,0
"2014-15","9560","James Madison","HAILEE BARRON",14,3,1810,1983,173,4,6,-2,0
"2014-15","9560","James Madison","ANGELA MICKENS",32,4,1848,2400,552,18,20,-2,0
"2014-15","9560","James Madison","DA'LISHIA GRIFFIN",40,4,1848,2154,306,9,7,2,0
"2014-15","9560","Maryland","Malina Howard",5,4,1866,1983,117,3,2,1,0
"2014-15","9560","James Madison","TOIA GIGGETTS",3,6,1918,2154,236,7,7,0,0
"2014-15","9560","James Madison","JAZMON GWATHMEY",24,5,1983,2277,294,5,6,-1,0
"2014-15","9560","Maryland","Tierney Pfirman",22,2,1983,2400,417,17,14,3,0
"2014-15","9560","James Madison","LAUREN OKAFOR",33,6,2154,2273,119,0,2,-2,0
"2014-15","9560","James Madison","CARLEY BREW",42,3,2154,2303,149,0,4,-4,0
"2014-15","9560","Maryland","Brene Moseley",3,2,2154,2400,246,13,9,4,0
"2014-15","9560","James Madison","DA'LISHIA GRIFFIN",40,5,2273,2296,23,0,0,0,0
"2014-15","9560","James Madison","HAILEE BARRON",14,4,2277,2400,123,9,11,-2,0
"2014-15","9560","James Madison","DESTINY JONES",2,5,2296,2400,104,9,11,-2,0
"2014-15","9560","James Madison","TOIA GIGGETTS",3,7,2303,2400,97,9,9,0,0
"2014-15","9561","Maryland","Laurin Mincy",1,1,0,431,431,12,4,8,1
"2014-15","9561","Maryland","Lexie Brown",4,1,0,1749,1749,38,48,-10,1
"2014-15","9561","Maryland","Malina Howard",5,1,0,193,193,8,4,4,1
"2014-15","9561","Maryland","S. Walker-Kimbrough",32,1,0,261,261,8,4,4,1
"2014-15","9561","Maryland","Brionna Jones",42,1,0,261,261,8,4,4,1
"2014-15","9561","Washington State","LIA GALDEIRA",3,1,0,180,180,4,8,-4,1
"2014-15","9561","Washington State","TIA PRESLEY",5,1,0,261,261,4,8,-4,1
"2014-15","9561","Washington State","DAWNYELLE AWA",11,1,0,169,169,4,8,-4,1
"2014-15","9561","Washington State","SHALIE DHEENSAW",23,1,0,261,261,4,8,-4,1
"2014-15","9561","Washington State","MARIAH COOKS",34,1,0,169,169,4,8,-4,1
"2014-15","9561","Washington State","PINELOPI PAVLOPOULOU",22,1,169,368,199,0,2,-2,0
"2014-15","9561","Washington State","LOUISE BROWN",42,1,169,469,300,0,4,-4,0
"2014-15","9561","Washington State","TAYLOR EDMONDSON",12,1,180,368,188,0,2,-2,0
"2014-15","9561","Maryland","Tierney Pfirman",22,1,193,591,398,6,4,2,0
"2014-15","9561","Maryland","Brene Moseley",3,1,261,499,238,4,2,2,0
"2014-15","9561","Maryland","A'Lexus Harrison",33,1,261,318,57,0,0,0,0
"2014-15","9561","Washington State","LIA GALDEIRA",3,2,261,431,170,0,4,-4,0
"2014-15","9561","Washington State","BIANCA BLANARUC",24,1,261,368,107,0,2,-2,0
"2014-15","9561","Maryland","Malina Howard",5,2,318,469,151,4,0,4,0
"2014-15","9561","Washington State","TIA PRESLEY",5,2,368,655,287,6,4,2,0
"2014-15","9561","Washington State","DAWNYELLE AWA",11,2,368,908,540,14,6,8,0
"2014-15","9561","Washington State","SHALIE DHEENSAW",23,2,368,732,364,11,4,7,0
"2014-15","9561","Maryland","Kristen Confroy",12,1,431,833,402,4,12,-8,0
"2014-15","9561","Washington State","TAYLOR EDMONDSON",12,2,431,578,147,4,2,2,0
"2014-15","9561","Maryland","Brionna Jones",42,2,469,551,82,2,4,-2,0
"2014-15","9561","Washington State","MARIAH COOKS",34,2,469,681,212,6,2,4,0
"2014-15","9561","Maryland","Laurin Mincy",1,2,499,2026,1527,37,50,-13,0
"2014-15","9561","Maryland","S. Walker-Kimbrough",32,2,551,657,106,0,2,-2,0
"2014-15","9561","Washington State","LIA GALDEIRA",3,3,578,778,200,7,0,7,0
"2014-15","9561","Maryland","A'Lexus Harrison",33,2,591,732,141,0,7,-7,0
"2014-15","9561","Washington State","TAYLOR EDMONDSON",12,3,655,973,318,12,4,8,0
"2014-15","9561","Maryland","Kiara Leslie",2,1,657,732,75,0,5,-5,0
"2014-15","9561","Washington State","LOUISE BROWN",42,2,681,973,292,12,4,8,0
"2014-15","9561","Maryland","Brene Moseley",3,2,732,806,74,2,1,1,0
"2014-15","9561","Maryland","Brionna Jones",42,3,732,1199,467,13,16,-3,0
"2014-15","9561","Washington State","BIANCA BLANARUC",24,2,732,790,58,0,2,-2,0
"2014-15","9561","Washington State","CAILA HALIEY",1,1,778,908,130,3,2,1,0
"2014-15","9561","Washington State","SHALIE DHEENSAW",23,3,790,1682,892,31,20,11,0
"2014-15","9561","Maryland","Kiara Leslie",2,2,806,973,167,2,6,-4,0
"2014-15","9561","Maryland","Chloe Pavlech",15,1,806,1200,394,11,15,-4,0
"2014-15","9561","Washington State","LIA GALDEIRA",3,4,908,1682,774,28,20,8,0
"2014-15","9561","Washington State","PINELOPI PAVLOPOULOU",22,2,908,1103,195,7,6,1,0
"2014-15","9561","Maryland","Tierney Pfirman",22,2,973,1200,227,9,9,0,0
"2014-15","9561","Washington State","CAILA HALIEY",1,2,973,1200,227,9,9,0,0
"2014-15","9561","Washington State","MARIAH COOKS",34,3,973,1103,130,3,4,-1,0
"2014-15","9561","Washington State","DAWNYELLE AWA",11,3,1103,1495,392,16,11,5,0
"2014-15","9561","Washington State","LOUISE BROWN",42,3,1103,1200,97,6,5,1,0
"2014-15","9561","Maryland","Kristen Confroy",12,2,1199,1200,1,0,0,0,0
"2014-15","9561","Maryland","Malina Howard",5,3,1200,1590,390,7,12,-5,0
"2014-15","9561","Maryland","S. Walker-Kimbrough",32,3,1200,1760,560,11,17,-6,0
"2014-15","9561","Maryland","Brionna Jones",42,4,1200,1682,482,9,15,-6,0
"2014-15","9561","Washington State","TIA PRESLEY",5,3,1200,1368,168,6,4,2,0
"2014-15","9561","Washington State","MARIAH COOKS",34,4,1200,1512,312,12,6,6,0
"2014-15","9561","Washington State","TAYLOR EDMONDSON",12,4,1368,2142,774,21,20,1,0
"2014-15","9561","Washington State","PINELOPI PAVLOPOULOU",22,3,1495,1682,187,5,3,2,0
"2014-15","9561","Washington State","LOUISE BROWN",42,4,1512,2026,514,13,16,-3,0
"2014-15","9561","Maryland","Tierney Pfirman",22,3,1590,1682,92,2,3,-1,0
"2014-15","9561","Maryland","Kristen Confroy",12,3,1682,2164,482,15,12,3,0
"2014-15","9561","Maryland","A'Lexus Harrison",33,3,1682,2293,611,19,16,3,0
"2014-15","9561","Washington State","TIA PRESLEY",5,4,1682,1789,107,2,4,-2,0
"2014-15","9561","Washington State","DAWNYELLE AWA",11,4,1682,2026,344,10,13,-3,0
"2014-15","9561","Washington State","MARIAH COOKS",34,5,1682,2142,460,12,15,-3,0
"2014-15","9561","Maryland","Chloe Pavlech",15,2,1749,2400,651,26,22,4,0
"2014-15","9561","Maryland","Tierney Pfirman",22,4,1760,2302,542,17,14,3,0
"2014-15","9561","Maryland","Brionna Jones",42,5,1760,2302,542,17,14,3,0
"2014-15","9561","Washington State","LIA GALDEIRA",3,5,1789,2400,611,22,24,-2,0
"2014-15","9561","Maryland","Lexie Brown",4,2,2026,2164,138,2,2,0,0
"2014-15","9561","Washington State","PINELOPI PAVLOPOULOU",22,4,2026,2293,267,6,6,0,0
"2014-15","9561","Washington State","SHALIE DHEENSAW",23,4,2026,2400,374,14,15,-1,0
"2014-15","9561","Washington State","TIA PRESLEY",5,5,2142,2400,258,12,13,-1,0
"2014-15","9561","Washington State","LOUISE BROWN",42,5,2142,2400,258,12,13,-1,0
"2014-15","9561","Maryland","Laurin Mincy",1,3,2164,2400,236,13,12,1,0
"2014-15","9561","Maryland","Brene Moseley",3,3,2164,2400,236,13,12,1,0
"2014-15","9561","Maryland","Malina Howard",5,4,2293,2318,25,0,2,-2,0
"2014-15","9561","Washington State","DAWNYELLE AWA",11,5,2293,2400,107,8,9,-1,0
"2014-15","9561","Maryland","A'Lexus Harrison",33,4,2302,2395,93,9,8,1,0
"2014-15","9561","Maryland","S. Walker-Kimbrough",32,4,2318,2347,29,3,2,1,0
"2014-15","9561","Maryland","Brionna Jones",42,6,2347,2351,4,3,0,3,0
"2014-15","9561","Maryland","Malina Howard",5,5,2351,2355,4,0,1,-1,0
"2014-15","9561","Maryland","Brionna Jones",42,7,2355,2400,45,3,3,0,0
"2014-15","9561","Maryland","Malina Howard",5,6,2395,2400,5,0,0,0,0
"2014-15","9562","Maryland","Laurin Mincy",1,1,0,384,384,6,13,-7,1
"2014-15","9562","Maryland","Lexie Brown",4,1,0,384,384,6,13,-7,1
"2014-15","9562","Maryland","Malina Howard",5,1,0,384,384,6,13,-7,1
"2014-15","9562","Maryland","S. Walker-Kimbrough",32,1,0,796,796,10,29,-19,1
"2014-15","9562","Maryland","Brionna Jones",42,1,0,186,186,4,6,-2,1
"2014-15","9562","Notre Dame","Brianna Turner",11,1,0,225,225,9,4,5,1
"2014-15","9562","Notre Dame","Taya Reimer",12,1,0,331,331,13,6,7,1
"2014-15","9562","Notre Dame","Lindsay Allen",15,1,0,467,467,18,6,12,1
"2014-15","9562","Notre Dame","Michaela Mabrey",23,1,0,384,384,13,6,7,1
"2014-15","9562","Notre Dame","Jewell Loyd",32,1,0,569,569,21,6,15,1
"2014-15","9562","Maryland","A'Lexus Harrison",33,1,186,467,281,2,12,-10,0
"2014-15","9562","Notre Dame","Kathryn Westbeld",33,1,225,593,368,12,2,10,0
"2014-15","9562","Notre Dame","Markisha Wright",34,1,331,621,290,10,2,8,0
"2014-15","9562","Maryland","Kiara Leslie",2,1,384,569,185,0,8,-8,0
"2014-15","9562","Maryland","Kristen Confroy",12,1,384,510,126,0,6,-6,0
"2014-15","9562","Maryland","Brionna Jones",42,2,384,573,189,0,8,-8,0
"2014-15","9562","Notre Dame","Madison Cable",22,1,384,679,295,10,4,6,0
"2014-15","9562","Maryland","Tierney Pfirman",22,1,467,569,102,0,3,-3,0
"2014-15","9562","Notre Dame","Michaela Mabrey",23,2,467,621,154,5,2,3,0
"2014-15","9562","Maryland","Brene Moseley",3,1,510,679,169,4,4,0,0
"2014-15","9562","Maryland","Laurin Mincy",1,2,569,1909,1340,45,57,-12,0
"2014-15","9562","Maryland","Lexie Brown",4,2,569,1083,514,16,24,-8,0
"2014-15","9562","Notre Dame","Lindsay Allen",15,2,569,1304,735,28,24,4,0
"2014-15","9562","Maryland","Malina Howard",5,2,573,1648,1075,33,49,-16,0
"2014-15","9562","Notre Dame","Taya Reimer",12,2,593,911,318,12,7,5,0
"2014-15","9562","Notre Dame","Hannah Huffman",24,1,621,911,290,10,5,5,0
"2014-15","9562","Notre Dame","Kathryn Westbeld",33,2,621,980,359,14,7,7,0
"2014-15","9562","Maryland","A'Lexus Harrison",33,2,679,1031,352,10,18,-8,0
"2014-15","9562","Notre Dame","Jewell Loyd",32,2,679,941,262,12,3,9,0
"2014-15","9562","Maryland","Kiara Leslie",2,2,796,1200,404,17,18,-1,0
"2014-15","9562","Notre Dame","Michaela Mabrey",23,3,911,958,47,4,0,4,0
"2014-15","9562","Notre Dame","Markisha Wright",34,2,911,1200,289,14,14,0,0
"2014-15","9562","Notre Dame","Hannah Huffman",24,2,941,975,34,2,0,2,0
"2014-15","9562","Notre Dame","Mychal Johnson",14,1,958,1031,73,4,7,-3,0
"2014-15","9562","Notre Dame","Michaela Mabrey",23,4,975,990,15,0,2,-2,0
"2014-15","9562","Notre Dame","Taya Reimer",12,3,980,1083,103,8,7,1,0
"2014-15","9562","Notre Dame","Jewell Loyd",32,3,990,1648,658,33,24,9,0
"2014-15","9562","Maryland","Kristen Confroy",12,2,1031,1200,169,7,6,1,0
"2014-15","9562","Notre Dame","Michaela Mabrey",23,5,1031,1761,730,32,25,7,0
"2014-15","9562","Maryland","S. Walker-Kimbrough",32,2,1083,1420,337,10,11,-1,0
"2014-15","9562","Notre Dame","Hannah Huffman",24,3,1083,1177,94,2,5,-3,0
"2014-15","9562","Notre Dame","Madison Cable",22,2,1177,1200,23,0,0,0,0
"2014-15","9562","Maryland","Lexie Brown",4,3,1200,2400,1200,45,45,0,0
"2014-15","9562","Maryland","Brionna Jones",42,3,1200,1529,329,10,14,-4,0
"2014-15","9562","Notre Dame","Brianna Turner",11,2,1200,1200,0,0,0,0,0
"2014-15","9562","Notre Dame","Taya Reimer",12,4,1200,1488,288,11,10,1,0
"2014-15","9562","Notre Dame","Markisha Wright",34,3,1200,1420,220,9,5,4,0
"2014-15","9562","Notre Dame","Mychal Johnson",14,2,1304,1529,225,12,7,5,0
"2014-15","9562","Maryland","Kiara Leslie",2,3,1420,1579,159,5,9,-4,0
"2014-15","9562","Notre Dame","Kathryn Westbeld",33,3,1420,1648,228,14,7,7,0
"2014-15","9562","Notre Dame","Markisha Wright",34,4,1488,1761,273,15,8,7,0
"2014-15","9562","Maryland","Tierney Pfirman",22,2,1529,1761,232,8,12,-4,0
"2014-15","9562","Notre Dame","Madison Cable",22,3,1529,1761,232,12,8,4,0
"2014-15","9562","Maryland","Kristen Confroy",12,3,1579,2400,821,35,27,8,0
"2014-15","9562","Maryland","Brionna Jones",42,4,1648,2400,752,33,22,11,0
"2014-15","9562","Notre Dame","Taya Reimer",12,5,1648,1971,323,10,16,-6,0
"2014-15","9562","Notre Dame","Mychal Johnson",14,3,1648,1832,184,6,12,-6,0
"2014-15","9562","Maryland","Malina Howard",5,3,1761,1789,28,2,3,-1,0
"2014-15","9562","Notre Dame","Lindsay Allen",15,3,1761,2195,434,16,18,-2,0
"2014-15","9562","Notre Dame","Jewell Loyd",32,4,1761,1909,148,5,6,-1,0
"2014-15","9562","Notre Dame","Kathryn Westbeld",33,4,1761,1808,47,3,4,-1,0
"2014-15","9562","Maryland","Kiara Leslie",2,4,1789,2130,341,11,11,0,0
"2014-15","9562","Notre Dame","Hannah Huffman",24,4,1808,1971,163,4,6,-2,0
"2014-15","9562","Notre Dame","Michaela Mabrey",23,6,1832,2130,298,11,7,4,0
"2014-15","9562","Maryland","S. Walker-Kimbrough",32,3,1909,1971,62,4,2,2,0
"2014-15","9562","Notre Dame","Markisha Wright",34,5,1909,2400,491,14,21,-7,0
"2014-15","9562","Maryland","Laurin Mincy",1,3,1971,2400,429,17,12,5,0
"2014-15","9562","Notre Dame","Jewell Loyd",32,5,1971,2078,107,3,0,3,0
"2014-15","9562","Notre Dame","Kathryn Westbeld",33,5,1971,2276,305,10,14,-4,0
"2014-15","9562","Notre Dame","Hannah Huffman",24,5,2078,2276,198,7,14,-7,0
"2014-15","9562","Maryland","Malina Howard",5,4,2130,2195,65,5,2,3,0
"2014-15","9562","Notre Dame","Madison Cable",22,4,2130,2400,270,5,14,-9,0
"2014-15","9562","Maryland","Kiara Leslie",2,5,2195,2400,205,9,3,6,0
"2014-15","9562","Notre Dame","Mychal Johnson",14,4,2195,2400,205,3,9,-6,0
"2014-15","9562","Notre Dame","Whitney Holloway",3,1,2276,2400,124,2,3,-1,0
"2014-15","9562","Notre Dame","Diamond Thompson",35,1,2276,2400,124,2,3,-1,0
"2014-15","9563","Maryland","Laurin Mincy",1,1,0,562,562,19,12,7,1
"2014-15","9563","Maryland","Lexie Brown",4,1,0,384,384,7,10,-3,1
"2014-15","9563","Maryland","Malina Howard",5,1,0,141,141,5,6,-1,1
"2014-15","9563","Maryland","S. Walker-Kimbrough",32,1,0,221,221,7,10,-3,1
"2014-15","9563","Maryland","Brionna Jones",42,1,0,221,221,7,10,-3,1
"2014-15","9563","Towson","LaTorri Hines-Allen",0,1,0,434,434,10,13,-3,1
"2014-15","9563","Towson","Dominique Johnson",1,1,0,1427,1427,24,52,-28,1
"2014-15","9563","Towson","Breonn Hughey",2,1,0,2400,2400,52,81,-29,1
"2014-15","9563","Towson","Camille Alberson",13,1,0,804,804,12,29,-17,1
"2014-15","9563","Towson","Markell Smith",20,1,0,351,351,10,7,3,1
"2014-15","9563","Maryland","A'Lexus Harrison",33,1,141,351,210,2,4,-2,0
"2014-15","9563","Maryland","Malina Howard",5,2,221,384,163,0,0,0,0
"2014-15","9563","Maryland","Kristen Confroy",12,1,221,864,643,24,4,20,0
"2014-15","9563","Maryland","Tierney Pfirman",22,1,351,748,397,20,2,18,0
"2014-15","9563","Towson","Shanea Butler",32,1,351,498,147,2,10,-8,0
"2014-15","9563","Maryland","S. Walker-Kimbrough",32,2,384,666,282,16,2,14,0
"2014-15","9563","Maryland","Brionna Jones",42,2,384,666,282,16,2,14,0
"2014-15","9563","Towson","Brianna Bush",14,1,434,498,64,2,4,-2,0
"2014-15","9563","Towson","LaTorri Hines-Allen",0,2,498,2084,1586,26,52,-26,0
"2014-15","9563","Towson","Markell Smith",20,2,498,562,64,0,2,-2,0
"2014-15","9563","Maryland","Lexie Brown",4,2,562,970,408,16,4,12,0
"2014-15","9563","Towson","Shanea Butler",32,2,562,970,408,4,16,-12,0
"2014-15","9563","Maryland","Kiara Leslie",2,1,666,1200,534,17,8,9,0
"2014-15","9563","Maryland","Malina Howard",5,3,666,970,304,12,4,8,0
"2014-15","9563","Maryland","A'Lexus Harrison",33,2,748,928,180,8,2,6,0
"2014-15","9563","Towson","Daijha Thomas",33,1,804,1097,293,4,9,-5,0
"2014-15","9563","Maryland","Brene Moseley",3,1,864,1200,336,9,6,3,0
"2014-15","9563","Maryland","Tierney Pfirman",22,2,928,1200,272,5,6,-1,0
"2014-15","9563","Maryland","Chloe Pavlech",15,1,970,1200,230,5,4,1,0
"2014-15","9563","Maryland","Brionna Jones",42,3,970,1069,99,3,0,3,0
"2014-15","9563","Towson","Markell Smith",20,3,970,1351,381,6,14,-8,0
"2014-15","9563","Maryland","Aja Ellison",0,1,1069,1200,131,2,4,-2,0
"2014-15","9563","Towson","Camille Alberson",13,2,1097,1891,794,18,27,-9,0
"2014-15","9563","Maryland","Laurin Mincy",1,2,1200,1632,432,16,7,9,0
"2014-15","9563","Maryland","Lexie Brown",4,3,1200,1632,432,16,7,9,0
"2014-15","9563","Maryland","Malina Howard",5,4,1200,1485,285,12,4,8,0
"2014-15","9563","Maryland","S. Walker-Kimbrough",32,3,1200,1891,691,25,14,11,0
"2014-15","9563","Maryland","Brionna Jones",42,4,1200,1427,227,12,4,8,0
"2014-15","9563","Towson","Ciara Webb",3,1,1351,2400,1049,30,32,-2,0
"2014-15","9563","Maryland","Tierney Pfirman",22,3,1427,1646,219,4,6,-2,0
"2014-15","9563","Towson","Ece Yurdakul",23,1,1427,1891,464,10,13,-3,0
"2014-15","9563","Maryland","Kristen Confroy",12,2,1485,1745,260,9,8,1,0
"2014-15","9563","Maryland","Kiara Leslie",2,2,1632,1976,344,11,10,1,0
"2014-15","9563","Maryland","Chloe Pavlech",15,2,1632,2400,768,25,25,0,0
"2014-15","9563","Maryland","A'Lexus Harrison",33,3,1646,1918,272,11,5,6,0
"2014-15","9563","Maryland","Brionna Jones",42,5,1745,1891,146,4,2,2,0
"2014-15","9563","Maryland","Brene Moseley",3,2,1891,2400,509,16,18,-2,0
"2014-15","9563","Maryland","Tierney Pfirman",22,4,1891,2358,467,16,18,-2,0
"2014-15","9563","Towson","Dominique Johnson",1,2,1891,2358,467,18,16,2,0
"2014-15","9563","Towson","Brianna Bush",14,2,1891,2400,509,18,16,2,0
"2014-15","9563","Maryland","Laurin Mincy",1,3,1918,2116,198,4,3,1,0
"2014-15","9563","Maryland","Malina Howard",5,5,1976,2084,108,2,1,1,0
"2014-15","9563","Maryland","Kristen Confroy",12,3,2084,2400,316,12,14,-2,0
"2014-15","9563","Towson","Camille Alberson",13,3,2084,2400,316,14,12,2,0
"2014-15","9563","Maryland","Kiara Leslie",2,3,2116,2400,284,10,14,-4,0
"2014-15","9563","Maryland","Aja Ellison",0,2,2358,2400,42,0,0,0,0
"2014-15","9563","Towson","Ece Yurdakul",23,2,2358,2400,42,0,0,0,0
"2014-15","9564","American","Shaquilla Curtis",2,1,0,160,160,0,13,-13,1
"2014-15","9564","American","Jen Dumiak",3,1,0,795,795,13,30,-17,1
"2014-15","9564","American","Michelle Holmes",12,1,0,285,285,6,17,-11,1
"2014-15","9564","American","Arron Zimmerman",13,1,0,235,235,3,15,-12,1
"2014-15","9564","American","Jordan Light",20,1,0,366,366,6,19,-13,1
"2014-15","9564","Maryland","Laurin Mincy",1,1,0,523,523,26,6,20,1
"2014-15","9564","Maryland","Lexie Brown",4,1,0,523,523,26,6,20,1
"2014-15","9564","Maryland","Malina Howard",5,1,0,235,235,15,3,12,1
"2014-15","9564","Maryland","S. Walker-Kimbrough",32,1,0,366,366,19,6,13,1
"2014-15","9564","Maryland","Brionna Jones",42,1,0,285,285,17,6,11,1
"2014-15","9564","American","Ari Booth",32,1,160,523,363,6,13,-7,0
"2014-15","9564","American","Lauren Crisler",10,1,235,1158,923,15,30,-15,0
"2014-15","9564","Maryland","Tierney Pfirman",22,1,235,523,288,11,3,8,0
"2014-15","9564","American","Arron Zimmerman",13,2,285,935,650,10,23,-13,0
"2014-15","9564","Maryland","Malina Howard",5,2,285,417,132,2,0,2,0
"2014-15","9564","American","Shaquilla Curtis",2,2,366,688,322,2,11,-9,0
"2014-15","9564","Maryland","Kristen Confroy",12,1,366,703,337,11,4,7,0
"2014-15","9564","Maryland","Brionna Jones",42,2,417,553,136,7,0,7,0
"2014-15","9564","American","Emily Kinneston",4,1,523,688,165,2,4,-2,0
"2014-15","9564","Maryland","Kiara Leslie",2,1,523,795,272,4,7,-3,0
"2014-15","9564","Maryland","Chloe Pavlech",15,1,523,775,252,4,6,-2,0
"2014-15","9564","Maryland","S. Walker-Kimbrough",32,2,523,688,165,4,2,2,0
"2014-15","9564","Maryland","Malina Howard",5,3,553,688,135,4,2,2,0
"2014-15","9564","American","Jordan Light",20,2,688,880,192,5,10,-5,0
"2014-15","9564","American","Ari Booth",32,2,688,880,192,5,10,-5,0
"2014-15","9564","Maryland","Laurin Mincy",1,2,688,1158,470,15,10,5,0
"2014-15","9564","Maryland","A'Lexus Harrison",33,1,688,795,107,0,5,-5,0
"2014-15","9564","Maryland","Lexie Brown",4,2,703,1158,455,15,8,7,0
"2014-15","9564","Maryland","S. Walker-Kimbrough",32,3,775,1759,984,40,26,14,0
"2014-15","9564","American","Maria Liddane",14,1,795,1027,232,5,12,-7,0
"2014-15","9564","Maryland","Kristen Confroy",12,2,795,935,140,10,3,7,0
"2014-15","9564","Maryland","Tierney Pfirman",22,2,795,935,140,10,3,7,0
"2014-15","9564","American","Shaquilla Curtis",2,3,880,1605,725,19,23,-4,0
"2014-15","9564","American","Jen Dumiak",3,2,880,2335,1455,37,51,-14,0
"2014-15","9564","American","Emily Kinneston",4,2,935,1062,127,2,5,-3,0
"2014-15","9564","Maryland","Brene Moseley",3,1,935,1200,265,8,3,5,0
"2014-15","9564","Maryland","A'Lexus Harrison",33,2,935,1158,223,5,2,3,0
"2014-15","9564","American","Ari Booth",32,3,1027,1200,173,1,6,-5,0
"2014-15","9564","American","Jordan Light",20,3,1062,1515,453,12,17,-5,0
"2014-15","9564","American","Arron Zimmerman",13,3,1158,1434,276,7,13,-6,0
"2014-15","9564","Maryland","Aja Ellison",0,1,1158,1200,42,3,1,2,0
"2014-15","9564","Maryland","Kiara Leslie",2,2,1158,1200,42,3,1,2,0
"2014-15","9564","Maryland","Kristen Confroy",12,3,1158,1200,42,3,1,2,0
"2014-15","9564","American","Michelle Holmes",12,2,1200,1652,452,13,15,-2,0
"2014-15","9564","Maryland","Laurin Mincy",1,3,1200,1844,644,24,19,5,0
"2014-15","9564","Maryland","Lexie Brown",4,3,1200,1614,414,15,13,2,0
"2014-15","9564","Maryland","Malina Howard",5,4,1200,1652,452,15,13,2,0
"2014-15","9564","Maryland","Brionna Jones",42,3,1200,1434,234,10,6,4,0
"2014-15","9564","American","Lauren Crisler",10,2,1434,1759,325,13,12,1,0
"2014-15","9564","Maryland","Tierney Pfirman",22,3,1434,1759,325,12,13,-1,0
"2014-15","9564","American","Ari Booth",32,4,1515,2082,567,10,18,-8,0
"2014-15","9564","Maryland","Aja Ellison",0,2,1515,2351,836,29,20,9,0
"2014-15","9564","American","Jordan Light",20,4,1605,1844,239,6,9,-3,0
"2014-15","9564","Maryland","Kristen Confroy",12,4,1614,2123,509,17,12,5,0
"2014-15","9564","American","Arron Zimmerman",13,4,1652,1969,317,6,13,-7,0
"2014-15","9564","Maryland","A'Lexus Harrison",33,3,1652,1957,305,13,6,7,0
"2014-15","9564","American","Michelle Holmes",12,3,1759,2271,512,12,19,-7,0
"2014-15","9564","Maryland","Kiara Leslie",2,3,1759,2400,641,24,12,12,0
"2014-15","9564","Maryland","Brionna Jones",42,4,1759,1844,85,2,0,2,0
"2014-15","9564","American","Shaquilla Curtis",2,4,1844,1864,20,0,2,-2,0
"2014-15","9564","Maryland","Chloe Pavlech",15,2,1844,2400,556,22,12,10,0
"2014-15","9564","Maryland","S. Walker-Kimbrough",32,4,1844,1957,113,4,0,4,0
"2014-15","9564","American","Emily Kinneston",4,3,1864,1932,68,0,2,-2,0
"2014-15","9564","American","Maria Liddane",14,2,1932,2271,339,12,13,-1,0
"2014-15","9564","Maryland","Brene Moseley",3,2,1957,2400,443,18,12,6,0
"2014-15","9564","Maryland","Malina Howard",5,5,1957,2267,310,13,10,3,0
"2014-15","9564","American","Lauren Crisler",10,3,1969,2267,298,10,13,-3,0
"2014-15","9564","American","Shaquilla Curtis",2,5,2082,2293,211,10,11,-1,0
"2014-15","9564","American","Arron Zimmerman",13,5,2267,2400,133,2,5,-3,0
"2014-15","9564","Maryland","Kristen Confroy",12,5,2267,2288,21,0,2,-2,0
"2014-15","9564","American","Kate Bond",21,1,2271,2400,129,0,5,-5,0
"2014-15","9564","American","Michael Harris",33,1,2271,2400,129,0,5,-5,0
"2014-15","9564","Maryland","Tierney Pfirman",22,4,2288,2400,112,5,0,5,0
"2014-15","9564","American","Ari Booth",32,5,2293,2400,107,0,3,-3,0
"2014-15","9564","American","Maria Liddane",14,3,2335,2400,65,0,3,-3,0
"2014-15","9564","Maryland","Kristen Confroy",12,6,2351,2400,49,3,0,3,0
"2014-15","9565","Coppin State","Janelle LANE",1,1,0,59,59,0,4,-4,1
"2014-15","9565","Coppin State","Tanaysa HENDERSON",3,1,0,434,434,7,17,-10,1
"2014-15","9565","Coppin State","Amber GRIFFIN",10,1,0,542,542,10,19,-9,1
"2014-15","9565","Coppin State","Jordan SWAILS",23,1,0,542,542,10,19,-9,1
"2014-15","9565","Coppin State","Bria HARRIS",24,1,0,403,403,7,17,-10,1
"2014-15","9565","Maryland","Laurin Mincy",1,1,0,580,580,21,12,9,1
"2014-15","9565","Maryland","Malina Howard",5,1,0,139,139,7,0,7,1
"2014-15","9565","Maryland","Kristen Confroy",12,1,0,246,246,9,5,4,1
"2014-15","9565","Maryland","S. Walker-Kimbrough",32,1,0,186,186,9,5,4,1
"2014-15","9565","Maryland","Brionna Jones",42,1,0,211,211,9,5,4,1
"2014-15","9565","Coppin State","Omaah TAYONG",32,1,59,298,239,5,7,-2,0
"2014-15","9565","Maryland","Tierney Pfirman",22,1,139,332,193,6,5,1,0
"2014-15","9565","Maryland","Chloe Pavlech",15,1,186,516,330,10,5,5,0
"2014-15","9565","Maryland","Malina Howard",5,2,211,403,192,8,2,6,0
"2014-15","9565","Maryland","S. Walker-Kimbrough",32,2,246,516,270,10,5,5,0
"2014-15","9565","Coppin State","Janelle LANE",1,2,298,580,282,7,10,-3,0
"2014-15","9565","Maryland","A'Lexus Harrison",33,1,332,919,587,28,13,15,0
"2014-15","9565","Coppin State","Omaah TAYONG",32,2,403,748,345,7,18,-11,0
"2014-15","9565","Maryland","Brionna Jones",42,2,403,658,255,12,7,5,0
"2014-15","9565","Coppin State","Keena SAMUELS",21,1,434,694,260,7,14,-7,0
"2014-15","9565","Maryland","Brene Moseley",3,1,516,1200,684,40,15,25,0
"2014-15","9565","Maryland","Kristen Confroy",12,2,516,619,103,6,2,4,0
"2014-15","9565","Coppin State","Genesis LUCAS",2,1,542,966,424,8,26,-18,0
"2014-15","9565","Coppin State","Tanaysa HENDERSON",3,2,542,730,188,4,14,-10,0
"2014-15","9565","Coppin State","Bria HARRIS",24,2,580,2343,1763,37,89,-52,0
"2014-15","9565","Maryland","S. Walker-Kimbrough",32,3,580,816,236,16,4,12,0
"2014-15","9565","Maryland","Kiara Leslie",2,1,619,919,300,16,6,10,0
"2014-15","9565","Maryland","Tierney Pfirman",22,2,658,816,158,8,2,6,0
"2014-15","9565","Coppin State","Amber GRIFFIN",10,2,694,2153,1459,34,70,-36,0
"2014-15","9565","Coppin State","Jordan SWAILS",23,2,730,873,143,2,6,-4,0
"2014-15","9565","Coppin State","Tanaysa HENDERSON",3,3,748,1615,867,22,44,-22,0
"2014-15","9565","Maryland","Laurin Mincy",1,2,816,1105,289,18,4,14,0
"2014-15","9565","Maryland","Brionna Jones",42,3,816,919,103,4,2,2,0
"2014-15","9565","Coppin State","Janelle LANE",1,3,873,1038,165,4,12,-8,0
"2014-15","9565","Maryland","Malina Howard",5,3,919,1082,163,14,2,12,0
"2014-15","9565","Maryland","Tierney Pfirman",22,3,919,1487,568,33,12,21,0
"2014-15","9565","Maryland","S. Walker-Kimbrough",32,4,919,1105,186,14,2,12,0
"2014-15","9565","Coppin State","Keena SAMUELS",21,2,966,1148,182,5,12,-7,0
"2014-15","9565","Coppin State","Omaah TAYONG",32,3,1038,1105,67,0,4,-4,0
"2014-15","9565","Maryland","A'Lexus Harrison",33,2,1082,1142,60,2,3,-1,0
"2014-15","9565","Coppin State","Oluwaseun ADEJINI",34,1,1105,1200,95,5,4,1,0
"2014-15","9565","Maryland","Kiara Leslie",2,2,1105,1200,95,4,5,-1,0
"2014-15","9565","Maryland","Chloe Pavlech",15,2,1105,1200,95,4,5,-1,0
"2014-15","9565","Maryland","Brionna Jones",42,4,1142,1389,247,9,4,5,0
"2014-15","9565","Coppin State","Genesis LUCAS",2,2,1148,1200,52,2,2,0,0
"2014-15","9565","Coppin State","Janelle LANE",1,4,1200,1749,549,15,24,-9,0
"2014-15","9565","Coppin State","Jordan SWAILS",23,3,1200,1698,498,13,20,-7,0
"2014-15","9565","Maryland","Laurin Mincy",1,3,1200,1573,373,17,9,8,0
"2014-15","9565","Maryland","Brene Moseley",3,2,1200,1487,287,15,5,10,0
"2014-15","9565","Maryland","Malina Howard",5,4,1200,1206,6,0,0,0,0
"2014-15","9565","Maryland","Kristen Confroy",12,3,1200,1200,0,0,0,0,0
"2014-15","9565","Maryland","A'Lexus Harrison",33,3,1389,1930,541,26,18,8,0
"2014-15","9565","Maryland","Kristen Confroy",12,4,1487,1698,211,5,8,-3,0
"2014-15","9565","Maryland","Chloe Pavlech",15,3,1487,2400,913,36,21,15,0
"2014-15","9565","Maryland","Kiara Leslie",2,3,1573,2400,827,34,17,17,0
"2014-15","9565","Coppin State","Genesis LUCAS",2,3,1615,2010,395,9,16,-7,0
"2014-15","9565","Maryland","Aja Ellison",0,1,1615,1762,147,4,5,-1,0
"2014-15","9565","Coppin State","Candice BEVERLY",11,1,1698,2010,312,7,16,-9,0
"2014-15","9565","Maryland","Brene Moseley",3,3,1698,2153,455,22,10,12,0
"2014-15","9565","Coppin State","Omaah TAYONG",32,4,1749,2010,261,5,12,-7,0
"2014-15","9565","Maryland","Brionna Jones",42,5,1762,2035,273,14,4,10,0
"2014-15","9565","Maryland","Aja Ellison",0,2,1930,2153,223,9,3,6,0
"2014-15","9565","Coppin State","Janelle LANE",1,5,2010,2400,390,6,15,-9,0
"2014-15","9565","Coppin State","Tanaysa HENDERSON",3,4,2010,2244,234,3,9,-6,0
"2014-15","9565","Coppin State","Jordan SWAILS",23,4,2010,2280,270,4,11,-7,0
"2014-15","9565","Maryland","A'Lexus Harrison",33,4,2035,2400,365,13,6,7,0
"2014-15","9565","Coppin State","Genesis LUCAS",2,4,2153,2400,247,3,9,-6,0
"2014-15","9565","Maryland","Kristen Confroy",12,5,2153,2400,247,9,3,6,0
"2014-15","9565","Maryland","Tierney Pfirman",22,4,2153,2244,91,3,0,3,0
"2014-15","9565","Coppin State","Amber GRIFFIN",10,3,2244,2400,156,3,6,-3,0
"2014-15","9565","Maryland","Aja Ellison",0,3,2244,2400,156,6,3,3,0
"2014-15","9565","Coppin State","Keena SAMUELS",21,3,2280,2400,120,2,4,-2,0
"2014-15","9565","Coppin State","Omaah TAYONG",32,5,2343,2400,57,2,0,2,0
"2014-15","9566","Maryland","Laurin Mincy",1,1,0,703,703,27,23,4,1
"2014-15","9566","Maryland","Lexie Brown",4,1,0,345,345,9,9,0,1
"2014-15","9566","Maryland","Malina Howard",5,1,0,531,531,18,15,3,1
"2014-15","9566","Maryland","S. Walker-Kimbrough",32,1,0,133,133,4,5,-1,1
"2014-15","9566","Maryland","Brionna Jones",42,1,0,345,345,9,9,0,1
"2014-15","9566","Ohio State","Kelsey Mitchell",3,1,0,670,670,23,25,-2,1
"2014-15","9566","Ohio State","Cait Craft",13,1,0,469,469,13,16,-3,1
"2014-15","9566","Ohio State","Ameryst Alston",14,1,0,703,703,23,27,-4,1
"2014-15","9566","Ohio State","Asia Doss",20,1,0,229,229,7,7,0,1
"2014-15","9566","Ohio State","Alexa Hart",22,1,0,278,278,7,7,0,1
"2014-15","9566","Maryland","Kristen Confroy",12,1,133,324,191,5,2,3,0
"2014-15","9566","Ohio State","Shayla Cooper",32,1,229,585,356,10,14,-4,0
"2014-15","9566","Maryland","Tierney Pfirman",22,1,278,464,186,9,6,3,0
"2014-15","9566","Ohio State","Lisa Blair",21,1,278,464,186,6,9,-3,0
"2014-15","9566","Maryland","S. Walker-Kimbrough",32,2,324,860,536,24,22,2,0
"2014-15","9566","Maryland","Brene Moseley",3,1,345,469,124,7,4,3,0
"2014-15","9566","Maryland","A'Lexus Harrison",33,1,464,531,67,2,2,0,0
"2014-15","9566","Ohio State","Alexa Hart",22,2,464,1428,964,36,39,-3,0
"2014-15","9566","Maryland","Lexie Brown",4,2,469,2022,1553,59,53,6,0
"2014-15","9566","Ohio State","Asia Doss",20,2,469,864,395,16,17,-1,0
"2014-15","9566","Maryland","Tierney Pfirman",22,2,531,670,139,7,8,-1,0
"2014-15","9566","Maryland","Brionna Jones",42,2,531,926,395,17,15,2,0
"2014-15","9566","Ohio State","Cait Craft",13,2,585,2400,1815,61,66,-5,0
"2014-15","9566","Maryland","Kristen Confroy",12,2,670,838,168,8,6,2,0
"2014-15","9566","Ohio State","Amy Scullion",25,1,670,779,109,3,8,-5,0
"2014-15","9566","Maryland","Brene Moseley",3,2,703,870,167,6,6,0,0
"2014-15","9566","Ohio State","Kelsey Mitchell",3,2,703,2400,1697,55,60,-5,0
"2014-15","9566","Ohio State","Ameryst Alston",14,2,779,2400,1621,52,54,-2,0
"2014-15","9566","Maryland","Laurin Mincy",1,2,838,1907,1069,39,32,7,0
"2014-15","9566","Maryland","Tierney Pfirman",22,3,860,1200,340,10,11,-1,0
"2014-15","9566","Ohio State","Lisa Blair",21,2,864,1200,336,11,10,1,0
"2014-15","9566","Maryland","S. Walker-Kimbrough",32,3,870,1428,558,22,20,2,0
"2014-15","9566","Maryland","Malina Howard",5,2,926,966,40,0,3,-3,0
"2014-15","9566","Maryland","Kiara Leslie",2,1,966,1200,234,8,7,1,0
"2014-15","9566","Maryland","Malina Howard",5,3,1200,1200,0,0,0,0,0
"2014-15","9566","Maryland","Tierney Pfirman",22,4,1200,1554,354,16,15,1,0
"2014-15","9566","Maryland","Brionna Jones",42,3,1200,1554,354,16,15,1,0
"2014-15","9566","Ohio State","Asia Doss",20,3,1200,1442,242,9,12,-3,0
"2014-15","9566","Maryland","Kristen Confroy",12,3,1428,1554,126,4,6,-2,0
"2014-15","9566","Ohio State","Shayla Cooper",32,2,1428,1623,195,6,7,-1,0
"2014-15","9566","Ohio State","Lisa Blair",21,3,1442,1704,262,6,10,-4,0
"2014-15","9566","Maryland","Brene Moseley",3,3,1554,1704,150,6,0,6,0
"2014-15","9566","Maryland","Malina Howard",5,4,1554,2022,468,16,11,5,0
"2014-15","9566","Maryland","S. Walker-Kimbrough",32,4,1554,2400,846,28,23,5,0
"2014-15","9566","Ohio State","Alexa Hart",22,3,1623,1832,209,2,8,-6,0
"2014-15","9566","Maryland","Brionna Jones",42,4,1704,1846,142,5,3,2,0
"2014-15","9566","Ohio State","Shayla Cooper",32,3,1704,2342,638,20,17,3,0
"2014-15","9566","Ohio State","Lisa Blair",21,4,1832,2077,245,11,7,4,0
"2014-15","9566","Maryland","Tierney Pfirman",22,5,1846,2149,303,7,10,-3,0
"2014-15","9566","Maryland","Brene Moseley",3,4,1907,2077,170,5,7,-2,0
"2014-15","9566","Maryland","Laurin Mincy",1,3,2022,2400,378,12,12,0,0
"2014-15","9566","Maryland","Brionna Jones",42,5,2022,2400,378,12,12,0,0
"2014-15","9566","Maryland","Lexie Brown",4,3,2077,2400,323,10,10,0,0
"2014-15","9566","Ohio State","Alexa Hart",22,4,2077,2400,323,10,10,0,0
"2014-15","9566","Maryland","A'Lexus Harrison",33,2,2149,2184,35,0,2,-2,0
"2014-15","9566","Maryland","Tierney Pfirman",22,6,2184,2400,216,10,8,2,0
"2014-15","9566","Ohio State","Asia Doss",20,4,2342,2400,58,3,5,-2,0
"2014-15","9567","Maryland","Laurin Mincy",1,1,0,134,134,2,4,-2,1
"2014-15","9567","Maryland","Lexie Brown",4,1,0,651,651,13,17,-4,1
"2014-15","9567","Maryland","Malina Howard",5,1,0,403,403,9,10,-1,1
"2014-15","9567","Maryland","S. Walker-Kimbrough",32,1,0,276,276,6,8,-2,1
"2014-15","9567","Maryland","Brionna Jones",42,1,0,134,134,2,4,-2,1
"2014-15","9567","Nebraska","Tear'a Laudermill",1,1,0,651,651,17,13,4,1
"2014-15","9567","Nebraska","Hailie Sample",3,1,0,477,477,13,11,2,1
"2014-15","9567","Nebraska","Brandi Jeffery",13,1,0,276,276,8,6,2,1
"2014-15","9567","Nebraska","Emily Cady",23,1,0,403,403,10,9,1,1
"2014-15","9567","Nebraska","Rachel Theriot",33,1,0,2370,2370,47,75,-28,1
"2014-15","9567","Maryland","Kristen Confroy",12,1,134,511,377,9,9,0,0
"2014-15","9567","Maryland","Tierney Pfirman",22,1,134,490,356,9,9,0,0
"2014-15","9567","Maryland","Laurin Mincy",1,2,276,403,127,3,2,1,0
"2014-15","9567","Nebraska","Natalie Romeo",5,1,276,477,201,5,5,0,0
"2014-15","9567","Maryland","S. Walker-Kimbrough",32,2,403,1602,1199,35,22,13,0
"2014-15","9567","Maryland","Brionna Jones",42,2,403,433,30,0,3,-3,0
"2014-15","9567","Nebraska","Allie Havers",22,1,403,490,87,3,2,1,0
"2014-15","9567","Maryland","A'Lexus Harrison",33,1,433,511,78,2,0,2,0
"2014-15","9567","Nebraska","Brandi Jeffery",13,2,477,1390,913,16,27,-11,0
"2014-15","9567","Nebraska","Emily Cady",23,2,477,921,444,8,10,-2,0
"2014-15","9567","Maryland","Malina Howard",5,2,490,651,161,2,4,-2,0
"2014-15","9567","Nebraska","Hailie Sample",3,2,490,683,193,4,4,0,0
"2014-15","9567","Maryland","Laurin Mincy",1,3,511,769,258,6,4,2,0
"2014-15","9567","Maryland","Tierney Pfirman",22,2,511,832,321,6,6,0,0
"2014-15","9567","Maryland","Chloe Pavlech",15,1,651,921,270,8,4,4,0
"2014-15","9567","Maryland","A'Lexus Harrison",33,2,651,864,213,4,4,0,0
"2014-15","9567","Nebraska","Natalie Romeo",5,2,651,724,73,0,4,-4,0
"2014-15","9567","Nebraska","Allie Havers",22,2,683,790,107,2,2,0,0
"2014-15","9567","Nebraska","Tear'a Laudermill",1,2,724,899,175,4,2,2,0
"2014-15","9567","Maryland","Kiara Leslie",2,1,769,1117,348,8,8,0,0
"2014-15","9567","Nebraska","Hailie Sample",3,3,790,1472,682,13,23,-10,0
"2014-15","9567","Maryland","Lexie Brown",4,2,832,2316,1484,54,28,26,0
"2014-15","9567","Maryland","Malina Howard",5,3,864,1480,616,23,11,12,0
"2014-15","9567","Nebraska","Natalie Romeo",5,3,899,1019,120,2,6,-4,0
"2014-15","9567","Maryland","Laurin Mincy",1,4,921,1653,732,23,13,10,0
"2014-15","9567","Nebraska","Allie Havers",22,3,921,1019,98,2,4,-2,0
"2014-15","9567","Nebraska","Tear'a Laudermill",1,3,1019,1668,649,13,19,-6,0
"2014-15","9567","Nebraska","Emily Cady",23,3,1019,1405,386,6,13,-7,0
"2014-15","9567","Maryland","Tierney Pfirman",22,3,1117,1200,83,2,2,0,0
"2014-15","9567","Maryland","Brionna Jones",42,3,1200,1602,402,17,5,12,0
"2014-15","9567","Nebraska","Natalie Romeo",5,4,1390,1602,212,3,6,-3,0
"2014-15","9567","Nebraska","Allie Havers",22,4,1405,1653,248,5,6,-1,0
"2014-15","9567","Maryland","Tierney Pfirman",22,4,1472,1602,130,4,0,4,0
"2014-15","9567","Nebraska","Emily Cady",23,4,1472,2291,819,15,31,-16,0
"2014-15","9567","Maryland","Kiara Leslie",2,2,1602,1721,119,2,4,-2,0
"2014-15","9567","Maryland","Malina Howard",5,4,1602,1936,334,15,8,7,0
"2014-15","9567","Maryland","A'Lexus Harrison",33,3,1602,1721,119,2,4,-2,0
"2014-15","9567","Nebraska","Brandi Jeffery",13,3,1602,1858,256,8,10,-2,0
"2014-15","9567","Maryland","Chloe Pavlech",15,2,1653,1721,68,2,2,0,0
"2014-15","9567","Nebraska","Hailie Sample",3,4,1653,1764,111,4,4,0,0
"2014-15","9567","Nebraska","Natalie Romeo",5,5,1668,1721,53,0,2,-2,0
"2014-15","9567","Maryland","Laurin Mincy",1,5,1721,2316,595,25,11,14,0
"2014-15","9567","Maryland","S. Walker-Kimbrough",32,3,1721,2316,595,25,11,14,0
"2014-15","9567","Maryland","Brionna Jones",42,4,1721,2025,304,15,6,9,0
"2014-15","9567","Nebraska","Tear'a Laudermill",1,4,1721,1761,40,2,2,0,0
"2014-15","9567","Nebraska","Natalie Romeo",5,6,1761,1813,52,0,5,-5,0
"2014-15","9567","Nebraska","Allie Havers",22,5,1764,1836,72,0,6,-6,0
"2014-15","9567","Nebraska","Tear'a Laudermill",1,5,1813,2133,320,6,13,-7,0
"2014-15","9567","Nebraska","Hailie Sample",3,5,1836,2400,564,9,21,-12,0
"2014-15","9567","Nebraska","Allie Havers",22,6,1858,2128,270,4,10,-6,0
"2014-15","9567","Maryland","Tierney Pfirman",22,5,1936,2291,355,12,7,5,0
"2014-15","9567","Maryland","Malina Howard",5,5,2025,2316,291,10,5,5,0
"2014-15","9567","Nebraska","Brandi Jeffery",13,4,2128,2400,272,3,11,-8,0
"2014-15","9567","Nebraska","Natalie Romeo",5,7,2133,2400,267,3,9,-6,0
"2014-15","9567","Maryland","Brionna Jones",42,5,2291,2370,79,4,0,4,0
"2014-15","9567","Nebraska","Allie Havers",22,7,2291,2400,109,0,4,-4,0
"2014-15","9567","Maryland","Kiara Leslie",2,3,2316,2400,84,4,0,4,0
"2014-15","9567","Maryland","Brene Moseley",3,1,2316,2400,84,4,0,4,0
"2014-15","9567","Maryland","Kristen Confroy",12,2,2316,2400,84,4,0,4,0
"2014-15","9567","Maryland","A'Lexus Harrison",33,4,2316,2400,84,4,0,4,0
"2014-15","9567","Maryland","Aja Ellison",0,1,2370,2400,30,0,0,0,0
"2014-15","9567","Nebraska","Esther Ramacieri",11,1,2370,2400,30,0,0,0,0
"2014-15","9568","Maryland","Laurin Mincy",1,1,0,139,139,2,8,-6,1
"2014-15","9568","Maryland","Lexie Brown",4,1,0,333,333,8,10,-2,1
"2014-15","9568","Maryland","Malina Howard",5,1,0,130,130,2,8,-6,1
"2014-15","9568","Maryland","S. Walker-Kimbrough",32,1,0,453,453,14,12,2,1
"2014-15","9568","Maryland","Brionna Jones",42,1,0,378,378,10,10,0,1
"2014-15","9568","Purdue","Ashley Morrissette",1,1,0,666,666,18,26,-8,1
"2014-15","9568","Purdue","Bridget Perry",13,1,0,139,139,8,2,6,1
"2014-15","9568","Purdue","Liza Clemons",23,1,0,404,404,12,11,1,1
"2014-15","9568","Purdue","April Wilson",25,1,0,229,229,10,6,4,1
"2014-15","9568","Purdue","Whitney Bays",32,1,0,453,453,12,14,-2,1
"2014-15","9568","Maryland","Tierney Pfirman",22,1,130,453,323,12,4,8,0
"2014-15","9568","Maryland","Kristen Confroy",12,1,139,319,180,6,2,4,0
"2014-15","9568","Purdue","Andreona Keys",24,1,139,333,194,2,6,-4,0
"2014-15","9568","Purdue","Hayden Hamby",10,1,229,301,72,0,2,-2,0
"2014-15","9568","Purdue","April Wilson",25,2,301,2285,1984,50,76,-26,0
"2014-15","9568","Maryland","Laurin Mincy",1,2,319,1409,1090,42,26,16,0
"2014-15","9568","Maryland","Chloe Pavlech",15,1,333,740,407,20,10,10,0
"2014-15","9568","Purdue","Torrie Thornton",4,1,333,529,196,4,9,-5,0
"2014-15","9568","Maryland","Malina Howard",5,2,378,529,151,7,4,3,0
"2014-15","9568","Purdue","Bree Horrocks",22,1,404,529,125,2,6,-4,0
"2014-15","9568","Maryland","Lexie Brown",4,2,453,951,498,21,8,13,0
"2014-15","9568","Maryland","A'Lexus Harrison",33,1,453,529,76,3,2,1,0
"2014-15","9568","Purdue","Liza Clemons",23,2,453,802,349,8,17,-9,0
"2014-15","9568","Maryland","Tierney Pfirman",22,2,529,894,365,16,6,10,0
"2014-15","9568","Maryland","Brionna Jones",42,2,529,987,458,20,6,14,0
"2014-15","9568","Purdue","Bridget Perry",13,2,529,666,137,4,9,-5,0
"2014-15","9568","Purdue","Whitney Bays",32,2,529,894,365,6,16,-10,0
"2014-15","9568","Purdue","Hayden Hamby",10,2,666,802,136,2,5,-3,0
"2014-15","9568","Purdue","Andreona Keys",24,2,666,1200,534,8,19,-11,0
"2014-15","9568","Maryland","S. Walker-Kimbrough",32,2,740,2164,1424,48,38,10,0
"2014-15","9568","Purdue","Ashley Morrissette",1,2,802,2400,1598,44,57,-13,0
"2014-15","9568","Purdue","Torrie Thornton",4,2,802,987,185,0,6,-6,0
"2014-15","9568","Maryland","Malina Howard",5,3,894,1105,211,8,3,5,0
"2014-15","9568","Purdue","Liza Clemons",23,3,894,1627,733,23,24,-1,0
"2014-15","9568","Maryland","Chloe Pavlech",15,2,951,1105,154,6,3,3,0
"2014-15","9568","Maryland","Tierney Pfirman",22,3,987,1105,118,4,3,1,0
"2014-15","9568","Purdue","Bree Horrocks",22,2,987,1105,118,3,4,-1,0
"2014-15","9568","Maryland","Lexie Brown",4,3,1105,1508,403,11,17,-6,0
"2014-15","9568","Maryland","A'Lexus Harrison",33,2,1105,1200,95,4,3,1,0
"2014-15","9568","Maryland","Brionna Jones",42,3,1105,2240,1135,40,37,3,0
"2014-15","9568","Purdue","Torrie Thornton",4,3,1105,1200,95,3,4,-1,0
"2014-15","9568","Maryland","Malina Howard",5,4,1200,1336,136,5,6,-1,0
"2014-15","9568","Purdue","Bridget Perry",13,3,1200,1200,0,0,0,0,0
"2014-15","9568","Purdue","Andreona Keys",24,3,1200,1753,553,19,12,7,0
"2014-15","9568","Purdue","Whitney Bays",32,3,1200,2069,869,30,25,5,0
"2014-15","9568","Maryland","Tierney Pfirman",22,4,1336,1508,172,2,8,-6,0
"2014-15","9568","Maryland","Chloe Pavlech",15,3,1409,1447,38,0,2,-2,0
"2014-15","9568","Maryland","Laurin Mincy",1,3,1447,2285,838,34,22,12,0
"2014-15","9568","Maryland","Brene Moseley",3,1,1508,1684,176,5,5,0,0
"2014-15","9568","Maryland","A'Lexus Harrison",33,3,1508,1627,119,5,3,2,0
"2014-15","9568","Maryland","Kiara Leslie",2,1,1627,1802,175,0,3,-3,0
"2014-15","9568","Purdue","Torrie Thornton",4,4,1627,1934,307,8,7,1,0
"2014-15","9568","Maryland","A'Lexus Harrison",33,4,1684,1802,118,0,1,-1,0
"2014-15","9568","Purdue","Liza Clemons",23,4,1753,2164,411,13,19,-6,0
"2014-15","9568","Maryland","Lexie Brown",4,4,1802,2285,483,27,14,13,0
"2014-15","9568","Maryland","Tierney Pfirman",22,5,1802,2164,362,19,12,7,0
"2014-15","9568","Purdue","Andreona Keys",24,4,1934,2211,277,9,14,-5,0
"2014-15","9568","Purdue","Torrie Thornton",4,5,2069,2164,95,2,6,-4,0
"2014-15","9568","Maryland","Kiara Leslie",2,2,2164,2400,236,12,6,6,0
"2014-15","9568","Maryland","Kristen Confroy",12,2,2164,2400,236,12,6,6,0
"2014-15","9568","Purdue","Bree Horrocks",22,3,2164,2400,236,6,12,-6,0
"2014-15","9568","Purdue","Whitney Bays",32,4,2164,2285,121,2,8,-6,0
"2014-15","9568","Purdue","Justine Hall",5,1,2211,2400,189,4,10,-6,0
"2014-15","9568","Maryland","A'Lexus Harrison",33,5,2240,2400,160,7,4,3,0
"2014-15","9568","Maryland","Brene Moseley",3,2,2285,2400,115,4,4,0,0
"2014-15","9568","Maryland","Chloe Pavlech",15,4,2285,2342,57,2,4,-2,0
"2014-15","9568","Purdue","Torrie Thornton",4,6,2285,2400,115,4,4,0,0
"2014-15","9568","Purdue","Hayden Hamby",10,3,2285,2400,115,4,4,0,0
"2014-15","9568","Maryland","Aja Ellison",0,1,2342,2400,58,2,0,2,0
"2014-15","9569","Maryland","Laurin Mincy",1,1,0,1717,1717,52,52,0,1
"2014-15","9569","Maryland","Lexie Brown",4,1,0,2400,2400,77,73,4,1
"2014-15","9569","Maryland","Malina Howard",5,1,0,194,194,4,6,-2,1
"2014-15","9569","Maryland","S. Walker-Kimbrough",32,1,0,916,916,29,25,4,1
"2014-15","9569","Maryland","Brionna Jones",42,1,0,485,485,8,13,-5,1
"2014-15","9569","Minnesota","Shayne Mullaney",3,1,0,916,916,25,29,-4,1
"2014-15","9569","Minnesota","Shae Kelley",23,1,0,485,485,13,8,5,1
"2014-15","9569","Minnesota","Mikayla Bailey",24,1,0,624,624,15,16,-1,1
"2014-15","9569","Minnesota","Amanda Zahui",32,1,0,528,528,13,10,3,1
"2014-15","9569","Minnesota","Carlie Wagner",33,1,0,2400,2400,73,77,-4,1
"2014-15","9569","Maryland","Tierney Pfirman",22,1,194,378,184,2,4,-2,0
"2014-15","9569","Maryland","Chloe Pavlech",15,1,378,598,220,10,5,5,0
"2014-15","9569","Maryland","Malina Howard",5,2,485,529,44,2,0,2,0
"2014-15","9569","Minnesota","Kayla Hirt",20,1,485,598,113,2,8,-6,0
"2014-15","9569","Minnesota","Shae Kelley",23,2,528,2097,1569,49,56,-7,0
"2014-15","9569","Maryland","Brionna Jones",42,2,529,624,95,6,2,4,0
"2014-15","9569","Maryland","Kristen Confroy",12,1,598,916,318,13,10,3,0
"2014-15","9569","Minnesota","Amanda Zahui",32,2,598,2400,1802,58,61,-3,0
"2014-15","9569","Maryland","Malina Howard",5,3,624,916,292,13,10,3,0
"2014-15","9569","Minnesota","Stabresa McDaniel",2,1,624,1200,576,19,23,-4,0
"2014-15","9569","Maryland","Kiara Leslie",2,1,916,1075,159,5,5,0,0
"2014-15","9569","Maryland","Tierney Pfirman",22,2,916,1200,284,10,9,1,0
"2014-15","9569","Maryland","Brionna Jones",42,3,916,990,74,5,3,2,0
"2014-15","9569","Minnesota","Tory Jacobs",5,1,916,1075,159,5,5,0,0
"2014-15","9569","Maryland","Malina Howard",5,4,990,1603,613,11,19,-8,0
"2014-15","9569","Maryland","S. Walker-Kimbrough",32,2,1075,2400,1325,43,43,0,0
"2014-15","9569","Minnesota","Shayne Mullaney",3,2,1075,2400,1325,43,43,0,0
"2014-15","9569","Maryland","Brionna Jones",42,4,1200,1326,126,3,4,-1,0
"2014-15","9569","Minnesota","Mikayla Bailey",24,2,1200,1717,517,18,13,5,0
"2014-15","9569","Maryland","Tierney Pfirman",22,3,1326,1447,121,0,2,-2,0
"2014-15","9569","Maryland","Brene Moseley",3,1,1447,2400,953,35,33,2,0
"2014-15","9569","Maryland","A'Lexus Harrison",33,1,1603,1760,157,10,9,1,0
"2014-15","9569","Maryland","Malina Howard",5,5,1717,1834,117,6,6,0,0
"2014-15","9569","Minnesota","Stabresa McDaniel",2,2,1717,1972,255,10,10,0,0
"2014-15","9569","Maryland","Brionna Jones",42,5,1760,2081,321,9,6,3,0
"2014-15","9569","Maryland","Laurin Mincy",1,2,1834,2400,566,19,15,4,0
"2014-15","9569","Minnesota","Mikayla Bailey",24,3,1972,2400,428,11,15,-4,0
"2014-15","9569","Maryland","Malina Howard",5,6,2081,2330,249,6,8,-2,0
"2014-15","9569","Minnesota","Kayla Hirt",20,2,2097,2210,113,2,2,0,0
"2014-15","9569","Minnesota","Shae Kelley",23,3,2210,2400,190,9,9,0,0
"2014-15","9569","Maryland","Brionna Jones",42,6,2330,2398,68,5,3,2,0
"2014-15","9569","Maryland","Malina Howard",5,7,2398,2400,2,2,0,2,0
"2014-15","9569","Maryland","A'Lexus Harrison",33,2,2398,2400,2,2,0,2,0
"2014-15","9570","Maryland","Laurin Mincy",1,1,0,428,428,25,7,18,1
"2014-15","9570","Maryland","Lexie Brown",4,1,0,2400,2400,71,59,12,1
"2014-15","9570","Maryland","Malina Howard",5,1,0,428,428,25,7,18,1
"2014-15","9570","Maryland","S. Walker-Kimbrough",32,1,0,299,299,19,7,12,1
"2014-15","9570","Maryland","Brionna Jones",42,1,0,2157,2157,66,53,13,1
"2014-15","9570","Rutgers","Rachel Hollivay",1,1,0,1200,1200,36,40,-4,1
"2014-15","9570","Rutgers","Kahleah Copper",2,1,0,1200,1200,36,40,-4,1
"2014-15","9570","Rutgers","Tyler Scaife",3,1,0,317,317,7,19,-12,1
"2014-15","9570","Rutgers","Syessence Davis",15,1,0,122,122,0,10,-10,1
"2014-15","9570","Rutgers","Ariel Butts",43,1,0,122,122,0,10,-10,1
"2014-15","9570","Rutgers","Briyona Canty",4,1,122,428,306,7,15,-8,0
"2014-15","9570","Maryland","Kristen Confroy",12,1,299,560,261,6,6,0,0
"2014-15","9570","Rutgers","Syessence Davis",15,2,317,637,320,11,10,1,0
"2014-15","9570","Maryland","Tierney Pfirman",22,1,428,560,132,0,6,-6,0
"2014-15","9570","Maryland","S. Walker-Kimbrough",32,2,428,1918,1490,37,43,-6,0
"2014-15","9570","Rutgers","Tyler Scaife",3,2,428,1471,1043,36,23,13,0
"2014-15","9570","Maryland","Laurin Mincy",1,2,560,2400,1840,46,46,0,0
"2014-15","9570","Maryland","A'Lexus Harrison",33,1,560,848,288,10,11,-1,0
"2014-15","9570","Rutgers","Briyona Canty",4,2,637,710,73,2,2,0,0
"2014-15","9570","Rutgers","Syessence Davis",15,3,710,848,138,4,4,0,0
"2014-15","9570","Maryland","Kiara Leslie",2,1,848,1036,188,2,4,-2,0
"2014-15","9570","Rutgers","Shrita Parker",10,1,848,1200,352,12,5,7,0
"2014-15","9570","Rutgers","Christa Evans",20,1,848,941,93,2,2,0,0
"2014-15","9570","Maryland","Brene Moseley",3,1,1036,1200,164,3,8,-5,0
"2014-15","9570","Rutgers","Syessence Davis",15,4,1114,1870,756,18,20,-2,0
"2014-15","9570","Maryland","Malina Howard",5,2,1200,1412,212,4,7,-3,0
"2014-15","9570","Rutgers","Rachel Hollivay",1,2,1200,1412,212,7,4,3,0
"2014-15","9570","Rutgers","Briyona Canty",4,3,1200,1602,402,10,8,2,0
"2014-15","9570","Rutgers","Ariel Butts",43,2,1200,1200,0,0,0,0,0
"2014-15","9570","Rutgers","Betnijah Laney",44,1,1200,1412,212,7,4,3,0
"2014-15","9570","Maryland","A'Lexus Harrison",33,2,1412,1602,190,4,3,1,0
"2014-15","9570","Rutgers","Ariel Butts",43,3,1412,1571,159,2,4,-2,0
"2014-15","9570","Rutgers","Shrita Parker",10,2,1471,1724,253,5,4,1,0
"2014-15","9570","Rutgers","Rachel Hollivay",1,3,1571,1833,262,5,8,-3,0
"2014-15","9570","Maryland","Malina Howard",5,3,1602,2072,470,16,6,10,0
"2014-15","9570","Rutgers","Tyler Scaife",3,3,1602,1833,231,4,8,-4,0
"2014-15","9570","Rutgers","Briyona Canty",4,4,1724,1947,223,4,10,-6,0
"2014-15","9570","Rutgers","Ariel Butts",43,4,1833,1890,57,0,4,-4,0
"2014-15","9570","Rutgers","Betnijah Laney",44,2,1833,1919,86,0,6,-6,0
"2014-15","9570","Rutgers","Tyler Scaife",3,4,1870,2336,466,9,11,-2,0
"2014-15","9570","Rutgers","Rachel Hollivay",1,4,1890,2400,510,9,11,-2,0
"2014-15","9570","Maryland","Brene Moseley",3,2,1918,1947,29,0,2,-2,0
"2014-15","9570","Rutgers","Ariel Butts",43,5,1919,2037,118,2,0,2,0
"2014-15","9570","Maryland","S. Walker-Kimbrough",32,3,1947,2400,453,9,7,2,0
"2014-15","9570","Rutgers","Syessence Davis",15,5,1947,2072,125,0,2,-2,0
"2014-15","9570","Rutgers","Betnijah Laney",44,3,2037,2400,363,7,9,-2,0
"2014-15","9570","Maryland","A'Lexus Harrison",33,3,2072,2292,220,2,5,-3,0
"2014-15","9570","Rutgers","Briyona Canty",4,5,2072,2400,328,7,7,0,0
"2014-15","9570","Maryland","Aja Ellison",0,1,2157,2202,45,0,2,-2,0
"2014-15","9570","Maryland","Malina Howard",5,4,2202,2400,198,5,4,1,0
"2014-15","9570","Maryland","Brionna Jones",42,2,2292,2336,44,3,2,1,0
"2014-15","9570","Maryland","A'Lexus Harrison",33,4,2336,2400,64,2,0,2,0
"2014-15","9570","Rutgers","Syessence Davis",15,6,2336,2350,14,0,2,-2,0
"2014-15","9570","Rutgers","Tyler Scaife",3,5,2350,2400,50,0,0,0,0
"2014-15","9571","Illinois","Amarah Coleman",10,1,0,144,144,5,1,4,1
"2014-15","9571","Illinois","Kyley Simmons",15,1,0,549,549,12,21,-9,1
"2014-15","9571","Illinois","Brittany Carter",20,1,0,399,399,7,14,-7,1
"2014-15","9571","Illinois","Chatrice White",32,1,0,1635,1635,39,46,-7,1
"2014-15","9571","Illinois","Jacqui Grant",34,1,0,737,737,16,25,-9,1
"2014-15","9571","Maryland","Laurin Mincy",1,1,0,549,549,21,12,9,1
"2014-15","9571","Maryland","Lexie Brown",4,1,0,1572,1572,42,39,3,1
"2014-15","9571","Maryland","Malina Howard",5,1,0,399,399,14,7,7,1
"2014-15","9571","Maryland","S. Walker-Kimbrough",32,1,0,399,399,14,7,7,1
"2014-15","9571","Maryland","Brionna Jones",42,1,0,228,228,8,5,3,1
"2014-15","9571","Illinois","Ashley McConnell",12,1,144,268,124,0,11,-11,0
"2014-15","9571","Maryland","Tierney Pfirman",22,1,228,399,171,6,2,4,0
"2014-15","9571","Illinois","Amarah Coleman",10,2,268,927,659,17,20,-3,0
"2014-15","9571","Illinois","Taylor Tuck",3,1,399,549,150,5,7,-2,0
"2014-15","9571","Maryland","Kristen Confroy",12,1,399,580,181,7,5,2,0
"2014-15","9571","Maryland","A'Lexus Harrison",33,1,399,488,89,4,3,1,0
"2014-15","9571","Maryland","Brionna Jones",42,2,399,472,73,4,3,1,0
"2014-15","9571","Maryland","Malina Howard",5,2,472,737,265,7,6,1,0
"2014-15","9571","Maryland","Brionna Jones",42,3,488,664,176,5,4,1,0
"2014-15","9571","Illinois","Ashley McConnell",12,2,549,737,188,4,4,0,0
"2014-15","9571","Illinois","Brittany Carter",20,2,549,800,251,6,7,-1,0
"2014-15","9571","Maryland","S. Walker-Kimbrough",32,2,549,1397,848,19,21,-2,0
"2014-15","9571","Maryland","Laurin Mincy",1,2,580,800,220,7,6,1,0
"2014-15","9571","Maryland","A'Lexus Harrison",33,2,664,980,316,9,8,1,0
"2014-15","9571","Illinois","Nia Oden",5,1,737,927,190,6,7,-1,0
"2014-15","9571","Illinois","Kyley Simmons",15,2,737,1497,760,19,17,2,0
"2014-15","9571","Maryland","Brionna Jones",42,4,737,2135,1398,43,30,13,0
"2014-15","9571","Illinois","Jacqui Grant",34,2,800,1898,1098,23,28,-5,0
"2014-15","9571","Maryland","Brene Moseley",3,1,800,1062,262,4,6,-2,0
"2014-15","9571","Illinois","Sarah Hartwell",0,1,927,1200,273,4,4,0,0
"2014-15","9571","Illinois","Brittany Carter",20,3,927,1397,470,11,8,3,0
"2014-15","9571","Maryland","Malina Howard",5,3,980,2101,1121,36,21,15,0
"2014-15","9571","Maryland","Laurin Mincy",1,3,1062,1378,316,8,9,-1,0
"2014-15","9571","Illinois","Amarah Coleman",10,3,1200,2400,1200,28,38,-10,0
"2014-15","9571","Maryland","Kristen Confroy",12,2,1378,1914,536,18,10,8,0
"2014-15","9571","Illinois","Nia Oden",5,2,1397,1572,175,6,2,4,0
"2014-15","9571","Maryland","Chloe Pavlech",15,1,1397,1431,34,1,2,-1,0
"2014-15","9571","Maryland","S. Walker-Kimbrough",32,3,1431,1861,430,15,6,9,0
"2014-15","9571","Illinois","Brittany Carter",20,4,1497,1666,169,4,7,-3,0
"2014-15","9571","Illinois","Kyley Simmons",15,3,1572,2297,725,15,32,-17,0
"2014-15","9571","Maryland","Brene Moseley",3,2,1572,2297,725,32,15,17,0
"2014-15","9571","Illinois","Nia Oden",5,3,1635,2044,409,4,16,-12,0
"2014-15","9571","Illinois","Chatrice White",32,2,1666,1826,160,2,5,-3,0
"2014-15","9571","Illinois","Sarah Hartwell",0,2,1826,2072,246,2,12,-10,0
"2014-15","9571","Maryland","Lexie Brown",4,2,1861,2192,331,12,5,7,0
"2014-15","9571","Illinois","Chatrice White",32,3,1898,2400,502,13,18,-5,0
"2014-15","9571","Maryland","S. Walker-Kimbrough",32,4,1914,2101,187,10,0,10,0
"2014-15","9571","Illinois","Kennedy Cattenhead",25,1,2044,2101,57,0,6,-6,0
"2014-15","9571","Illinois","Jacqui Grant",34,3,2072,2192,120,3,2,1,0
"2014-15","9571","Illinois","Ashley McConnell",12,3,2101,2400,299,11,6,5,0
"2014-15","9571","Maryland","Kiara Leslie",2,1,2101,2400,299,6,11,-5,0
"2014-15","9571","Maryland","Tierney Pfirman",22,2,2101,2400,299,6,11,-5,0
"2014-15","9571","Maryland","A'Lexus Harrison",33,3,2135,2400,265,6,8,-2,0
"2014-15","9571","Illinois","Nia Oden",5,4,2192,2400,208,8,6,2,0
"2014-15","9571","Maryland","Kristen Confroy",12,3,2192,2400,208,6,8,-2,0
"2014-15","9571","Illinois","Brooke Kissinger",21,1,2297,2400,103,0,0,0,0
"2014-15","9571","Maryland","Aja Ellison",0,1,2297,2400,103,0,0,0,0
"2014-15","9572","Maryland","Laurin Mincy",1,1,0,1639,1639,59,36,23,1
"2014-15","9572","Maryland","Lexie Brown",4,1,0,1827,1827,64,43,21,1
"2014-15","9572","Maryland","Malina Howard",5,1,0,461,461,11,11,0,1
"2014-15","9572","Maryland","S. Walker-Kimbrough",32,1,0,157,157,3,5,-2,1
"2014-15","9572","Maryland","Brionna Jones",42,1,0,256,256,3,5,-2,1
"2014-15","9572","Michigan State","Tori Jankoska",1,1,0,1524,1524,30,53,-23,1
"2014-15","9572","Michigan State","Cara Miller",2,1,0,762,762,18,23,-5,1
"2014-15","9572","Michigan State","Anna Morrissey",14,1,0,599,599,13,18,-5,1
"2014-15","9572","Michigan State","Aerial Powers",23,1,0,1639,1639,36,59,-23,1
"2014-15","9572","Michigan State","Becca Mills",52,1,0,461,461,11,11,0,1
"2014-15","9572","Maryland","Kristen Confroy",12,1,157,314,157,2,3,-1,0
"2014-15","9572","Maryland","Tierney Pfirman",22,1,256,461,205,8,6,2,0
"2014-15","9572","Maryland","S. Walker-Kimbrough",32,2,314,683,369,15,8,7,0
"2014-15","9572","Maryland","Brene Moseley",3,1,461,836,375,14,9,5,0
"2014-15","9572","Maryland","Brionna Jones",42,2,461,856,395,14,11,3,0
"2014-15","9572","Michigan State","Kennedy Johnson",55,1,461,555,94,2,7,-5,0
"2014-15","9572","Michigan State","Becca Mills",52,2,555,1300,745,13,24,-11,0
"2014-15","9572","Michigan State","Lexi Gussert",24,1,599,1200,601,13,19,-6,0
"2014-15","9572","Maryland","Kiara Leslie",2,1,683,1200,517,17,10,7,0
"2014-15","9572","Michigan State","Kennedy Johnson",55,2,762,1009,247,4,8,-4,0
"2014-15","9572","Maryland","Malina Howard",5,2,836,1639,803,34,16,18,0
"2014-15","9572","Maryland","Tierney Pfirman",22,2,856,1200,344,12,4,8,0
"2014-15","9572","Michigan State","Anna Morrissey",14,2,1009,1453,444,8,17,-9,0
"2014-15","9572","Maryland","S. Walker-Kimbrough",32,3,1200,1827,627,27,17,10,0
"2014-15","9572","Maryland","Brionna Jones",42,3,1200,1355,155,5,2,3,0
"2014-15","9572","Michigan State","Cara Miller",2,2,1200,1905,705,17,29,-12,0
"2014-15","9572","Michigan State","Kennedy Johnson",55,3,1300,1524,224,4,11,-7,0
"2014-15","9572","Maryland","A'Lexus Harrison",33,1,1355,1579,224,14,8,6,0
"2014-15","9572","Michigan State","Lexi Gussert",24,2,1453,1659,206,9,11,-2,0
"2014-15","9572","Michigan State","Anna Morrissey",14,3,1524,1827,303,13,11,2,0
"2014-15","9572","Michigan State","Becca Mills",52,3,1524,1639,115,6,6,0,0
"2014-15","9572","Maryland","Kiara Leslie",2,2,1579,1659,80,3,3,0,0
"2014-15","9572","Maryland","Kristen Confroy",12,2,1639,2400,761,26,20,6,0
"2014-15","9572","Maryland","Tierney Pfirman",22,3,1639,1827,188,5,7,-2,0
"2014-15","9572","Michigan State","Tori Jankoska",1,2,1639,2400,761,20,26,-6,0
"2014-15","9572","Michigan State","Kennedy Johnson",55,4,1639,1905,266,7,7,0,0
"2014-15","9572","Maryland","Brionna Jones",42,4,1659,2099,440,16,4,12,0
"2014-15","9572","Michigan State","Aerial Powers",23,2,1659,2400,741,17,26,-9,0
"2014-15","9572","Maryland","Kiara Leslie",2,3,1827,1839,12,0,0,0,0
"2014-15","9572","Maryland","Brene Moseley",3,2,1827,2400,573,21,13,8,0
"2014-15","9572","Maryland","Malina Howard",5,3,1827,2031,204,6,0,6,0
"2014-15","9572","Michigan State","Lexi Gussert",24,3,1827,2400,573,13,21,-8,0
"2014-15","9572","Maryland","Laurin Mincy",1,2,1839,1921,82,2,0,2,0
"2014-15","9572","Michigan State","Anna Morrissey",14,4,1905,2400,495,13,19,-6,0
"2014-15","9572","Michigan State","Becca Mills",52,4,1905,2131,226,4,9,-5,0
"2014-15","9572","Maryland","S. Walker-Kimbrough",32,4,1921,2031,110,4,0,4,0
"2014-15","9572","Maryland","Kiara Leslie",2,4,2031,2131,100,5,4,1,0
"2014-15","9572","Maryland","A'Lexus Harrison",33,2,2031,2284,253,11,9,2,0
"2014-15","9572","Maryland","Chloe Pavlech",15,1,2099,2400,301,10,13,-3,0
"2014-15","9572","Maryland","Tierney Pfirman",22,4,2131,2400,269,10,9,1,0
"2014-15","9572","Michigan State","Kennedy Johnson",55,5,2131,2400,269,9,10,-1,0
"2014-15","9572","Maryland","S. Walker-Kimbrough",32,5,2284,2400,116,4,4,0,0
"2014-15","9573","Indiana","Tyra Buss",3,1,0,225,225,7,5,2,1
"2014-15","9573","Indiana","Larryn Brooks",5,1,0,251,251,7,6,1,1
"2014-15","9573","Indiana","Alexis Gassion",23,1,0,413,413,13,13,0,1
"2014-15","9573","Indiana","Amanda Cahill",33,1,0,355,355,11,11,0,1
"2014-15","9573","Indiana","Jenn Anderson",43,1,0,225,225,7,5,2,1
"2014-15","9573","Maryland","Laurin Mincy",1,1,0,166,166,1,5,-4,1
"2014-15","9573","Maryland","Lexie Brown",4,1,0,1156,1156,44,27,17,1
"2014-15","9573","Maryland","Malina Howard",5,1,0,413,413,13,13,0,1
"2014-15","9573","Maryland","S. Walker-Kimbrough",32,1,0,951,951,36,23,13,1
"2014-15","9573","Maryland","Brionna Jones",42,1,0,225,225,5,7,-2,1
"2014-15","9573","Maryland","Kristen Confroy",12,1,166,502,336,18,11,7,0
"2014-15","9573","Indiana","Jess Walter",2,1,225,657,432,13,20,-7,0
"2014-15","9573","Indiana","Karlee McBride",21,1,225,355,130,4,6,-2,0
"2014-15","9573","Maryland","A'Lexus Harrison",33,1,225,461,236,12,8,4,0
"2014-15","9573","Indiana","Taylor Agler",10,1,355,568,213,7,10,-3,0
"2014-15","9573","Indiana","Jenn Anderson",43,2,355,502,147,5,8,-3,0
"2014-15","9573","Indiana","Amanda Cahill",33,2,413,951,538,10,23,-13,0
"2014-15","9573","Maryland","Brionna Jones",42,2,413,775,362,16,7,9,0
"2014-15","9573","Maryland","Malina Howard",5,2,461,1680,1219,44,25,19,0
"2014-15","9573","Indiana","Alexis Gassion",23,2,502,794,292,5,11,-6,0
"2014-15","9573","Maryland","Laurin Mincy",1,2,502,1067,565,23,7,16,0
"2014-15","9573","Indiana","Jenn Anderson",43,3,568,897,329,3,13,-10,0
"2014-15","9573","Indiana","Larryn Brooks",5,2,657,787,130,1,4,-3,0
"2014-15","9573","Indiana","Taylor Agler",10,2,657,787,130,1,4,-3,0
"2014-15","9573","Maryland","Kristen Confroy",12,2,775,1200,425,18,9,9,0
"2014-15","9573","Indiana","Jess Walter",2,2,787,937,150,0,7,-7,0
"2014-15","9573","Indiana","Tyra Buss",3,2,787,1057,270,2,13,-11,0
"2014-15","9573","Indiana","Larryn Brooks",5,3,794,852,58,0,2,-2,0
"2014-15","9573","Indiana","Karlee McBride",21,2,852,1040,188,2,10,-8,0
"2014-15","9573","Indiana","Alexis Gassion",23,3,897,1156,259,6,10,-4,0
"2014-15","9573","Indiana","Larryn Brooks",5,4,937,1156,219,6,8,-2,0
"2014-15","9573","Indiana","Jenn Anderson",43,4,951,986,35,0,0,0,0
"2014-15","9573","Maryland","Brene Moseley",3,1,951,1200,249,11,6,5,0
"2014-15","9573","Indiana","Amanda Cahill",33,3,986,1019,33,0,5,-5,0
"2014-15","9573","Indiana","Jenn Anderson",43,5,1019,1156,137,4,3,1,0
"2014-15","9573","Indiana","Jess Walter",2,3,1040,1200,160,6,5,1,0
"2014-15","9573","Indiana","Taylor Agler",10,3,1057,1093,36,0,0,0,0
"2014-15","9573","Maryland","S. Walker-Kimbrough",32,2,1067,1464,397,13,10,3,0
"2014-15","9573","Indiana","Tyra Buss",3,3,1093,2400,1307,51,42,9,0
"2014-15","9573","Indiana","Taylor Agler",10,4,1156,1200,44,2,3,-1,0
"2014-15","9573","Indiana","Karlee McBride",21,3,1156,1200,44,2,3,-1,0
"2014-15","9573","Indiana","Lyndsay Leikem",40,1,1156,1200,44,2,3,-1,0
"2014-15","9573","Maryland","Laurin Mincy",1,3,1156,1197,41,3,2,1,0
"2014-15","9573","Maryland","Aja Ellison",0,1,1197,1200,3,0,0,0,0
"2014-15","9573","Indiana","Larryn Brooks",5,5,1200,1464,264,4,8,-4,0
"2014-15","9573","Indiana","Alexis Gassion",23,4,1200,1680,480,11,14,-3,0
"2014-15","9573","Indiana","Amanda Cahill",33,4,1200,1588,388,11,12,-1,0
"2014-15","9573","Indiana","Jenn Anderson",43,6,1200,1464,264,4,8,-4,0
"2014-15","9573","Maryland","Laurin Mincy",1,4,1200,2400,1200,37,45,-8,0
"2014-15","9573","Maryland","Lexie Brown",4,2,1200,1670,470,14,11,3,0
"2014-15","9573","Maryland","Brionna Jones",42,3,1200,1552,352,12,7,5,0
"2014-15","9573","Indiana","Jess Walter",2,4,1464,1772,308,10,8,2,0
"2014-15","9573","Indiana","Karlee McBride",21,4,1464,1680,216,7,6,1,0
"2014-15","9573","Maryland","Kristen Confroy",12,3,1464,1987,523,13,19,-6,0
"2014-15","9573","Maryland","Kiara Leslie",2,1,1552,1693,141,2,7,-5,0
"2014-15","9573","Indiana","Jenn Anderson",43,7,1588,1752,164,3,4,-1,0
"2014-15","9573","Maryland","Brene Moseley",3,2,1670,1934,264,4,10,-6,0
"2014-15","9573","Indiana","Larryn Brooks",5,6,1680,2400,720,34,23,11,0
"2014-15","9573","Indiana","Amanda Cahill",33,5,1680,1987,307,12,7,5,0
"2014-15","9573","Maryland","A'Lexus Harrison",33,2,1680,1713,33,0,3,-3,0
"2014-15","9573","Maryland","S. Walker-Kimbrough",32,3,1693,1851,158,4,2,2,0
"2014-15","9573","Maryland","Brionna Jones",42,4,1713,1874,161,4,5,-1,0
"2014-15","9573","Indiana","Alexis Gassion",23,5,1752,2400,648,31,21,10,0
"2014-15","9573","Indiana","Taylor Agler",10,5,1772,1987,215,9,5,4,0
"2014-15","9573","Maryland","Lexie Brown",4,3,1851,2400,549,19,29,-10,0
"2014-15","9573","Maryland","A'Lexus Harrison",33,3,1874,1934,60,0,2,-2,0
"2014-15","9573","Maryland","Malina Howard",5,3,1934,2151,217,5,9,-4,0
"2014-15","9573","Maryland","S. Walker-Kimbrough",32,4,1934,2400,466,19,24,-5,0
"2014-15","9573","Indiana","Karlee McBride",21,5,1987,2308,321,9,8,1,0
"2014-15","9573","Indiana","Jenn Anderson",43,8,1987,2151,164,7,2,5,0
"2014-15","9573","Maryland","Brionna Jones",42,5,1987,2336,349,9,12,-3,0
"2014-15","9573","Indiana","Amanda Cahill",33,6,2151,2400,249,15,14,1,0
"2014-15","9573","Maryland","Brene Moseley",3,3,2151,2400,249,14,15,-1,0
"2014-15","9573","Indiana","Jess Walter",2,5,2308,2400,92,13,8,5,0
"2014-15","9573","Maryland","A'Lexus Harrison",33,4,2336,2400,64,7,10,-3,0
"2014-15","9574","Maryland","Laurin Mincy",1,1,0,515,515,21,18,3,1
"2014-15","9574","Maryland","Lexie Brown",4,1,0,950,950,36,24,12,1
"2014-15","9574","Maryland","Malina Howard",5,1,0,391,391,17,16,1,1
"2014-15","9574","Maryland","S. Walker-Kimbrough",32,1,0,216,216,13,6,7,1
"2014-15","9574","Maryland","Brionna Jones",42,1,0,216,216,13,6,7,1
"2014-15","9574","Michigan","Siera Thompson",2,1,0,391,391,16,17,-1,1
"2014-15","9574","Michigan","Shannon Smith",5,1,0,515,515,18,21,-3,1
"2014-15","9574","Michigan","Nicole Elmblad",14,1,0,844,844,22,32,-10,1
"2014-15","9574","Michigan","Danielle Williams",20,1,0,145,145,2,11,-9,1
"2014-15","9574","Michigan","Cyesha Goree",22,1,0,799,799,22,30,-8,1
"2014-15","9574","Michigan","Katelynn Flaherty",3,1,145,256,111,6,2,4,0
"2014-15","9574","Maryland","Kristen Confroy",12,1,216,277,61,2,2,0,0
"2014-15","9574","Maryland","Tierney Pfirman",22,1,216,696,480,12,14,-2,0
"2014-15","9574","Michigan","Madison Ristovski",1,1,256,562,306,10,8,2,0
"2014-15","9574","Maryland","S. Walker-Kimbrough",32,2,277,562,285,6,10,-4,0
"2014-15","9574","Maryland","Brionna Jones",42,2,391,515,124,4,2,2,0
"2014-15","9574","Michigan","Katelynn Flaherty",3,2,391,1200,809,20,31,-11,0
"2014-15","9574","Maryland","Brene Moseley",3,1,515,1027,512,19,9,10,0
"2014-15","9574","Maryland","Malina Howard",5,2,515,594,79,0,0,0,0
"2014-15","9574","Michigan","Siera Thompson",2,2,515,1588,1073,30,41,-11,0
"2014-15","9574","Maryland","Laurin Mincy",1,2,562,2233,1671,64,45,19,0
"2014-15","9574","Michigan","Shannon Smith",5,2,562,696,134,2,4,-2,0
"2014-15","9574","Maryland","Brionna Jones",42,3,594,950,356,15,6,9,0
"2014-15","9574","Maryland","S. Walker-Kimbrough",32,3,696,1388,692,32,23,9,0
"2014-15","9574","Michigan","Madison Ristovski",1,2,696,844,148,2,7,-5,0
"2014-15","9574","Michigan","Terra Stapleton",12,1,799,844,45,0,2,-2,0
"2014-15","9574","Michigan","Shannon Smith",5,3,844,1653,809,28,30,-2,0
"2014-15","9574","Michigan","Jillian Dunston",11,1,844,950,106,2,4,-2,0
"2014-15","9574","Michigan","Cyesha Goree",22,2,844,1166,322,12,16,-4,0
"2014-15","9574","Maryland","Malina Howard",5,3,950,1027,77,4,3,1,0
"2014-15","9574","Maryland","Kristen Confroy",12,2,950,980,30,0,3,-3,0
"2014-15","9574","Michigan","Nicole Elmblad",14,2,950,1898,948,32,36,-4,0
"2014-15","9574","Maryland","Lexie Brown",4,2,980,2106,1126,42,31,11,0
"2014-15","9574","Maryland","Tierney Pfirman",22,2,1027,1200,173,8,9,-1,0
"2014-15","9574","Maryland","Brionna Jones",42,4,1027,1166,139,8,7,1,0
"2014-15","9574","Maryland","Brene Moseley",3,2,1166,1200,34,0,2,-2,0
"2014-15","9574","Michigan","Kelsey Mitchell",32,1,1166,1200,34,2,0,2,0
"2014-15","9574","Maryland","Malina Howard",5,4,1200,1523,323,9,12,-3,0
"2014-15","9574","Maryland","Brionna Jones",42,5,1200,1653,453,14,14,0,0
"2014-15","9574","Michigan","Danielle Williams",20,2,1200,1388,188,7,9,-2,0
"2014-15","9574","Michigan","Cyesha Goree",22,3,1200,1690,490,14,16,-2,0
"2014-15","9574","Maryland","Kristen Confroy",12,3,1388,1445,57,0,0,0,0
"2014-15","9574","Michigan","Katelynn Flaherty",3,3,1388,1758,370,7,9,-2,0
"2014-15","9574","Maryland","S. Walker-Kimbrough",32,4,1445,2233,788,28,20,8,0
"2014-15","9574","Maryland","Tierney Pfirman",22,3,1523,1690,167,7,2,5,0
"2014-15","9574","Michigan","Madison Ristovski",1,3,1588,2012,424,10,14,-4,0
"2014-15","9574","Maryland","Malina Howard",5,5,1653,1836,183,6,4,2,0
"2014-15","9574","Michigan","Siera Thompson",2,3,1653,2243,590,13,23,-10,0
"2014-15","9574","Maryland","Brene Moseley",3,3,1690,1836,146,4,4,0,0
"2014-15","9574","Michigan","Kelsey Mitchell",32,2,1690,1703,13,0,0,0,0
"2014-15","9574","Michigan","Cyesha Goree",22,4,1703,2243,540,13,21,-8,0
"2014-15","9574","Michigan","Shannon Smith",5,4,1758,2233,475,13,19,-6,0
"2014-15","9574","Maryland","Tierney Pfirman",22,4,1836,2106,270,10,4,6,0
"2014-15","9574","Maryland","Brionna Jones",42,6,1836,2233,397,17,9,8,0
"2014-15","9574","Michigan","Katelynn Flaherty",3,4,1898,2400,502,9,19,-10,0
"2014-15","9574","Michigan","Nicole Elmblad",14,3,2012,2134,122,2,4,-2,0
"2014-15","9574","Maryland","Brene Moseley",3,4,2106,2233,127,7,5,2,0
"2014-15","9574","Maryland","A'Lexus Harrison",33,1,2106,2400,294,13,7,6,0
"2014-15","9574","Michigan","Jillian Dunston",11,2,2134,2400,266,5,11,-6,0
"2014-15","9574","Maryland","Aja Ellison",0,1,2233,2400,167,6,2,4,0
"2014-15","9574","Maryland","Kiara Leslie",2,1,2233,2400,167,6,2,4,0
"2014-15","9574","Maryland","Kristen Confroy",12,4,2233,2400,167,6,2,4,0
"2014-15","9574","Maryland","Chloe Pavlech",15,1,2233,2400,167,6,2,4,0
"2014-15","9574","Michigan","Madison Ristovski",1,4,2233,2400,167,2,6,-4,0
"2014-15","9574","Michigan","Paige Rakers",15,1,2243,2400,157,2,6,-4,0
"2014-15","9574","Michigan","Kelsey Mitchell",32,3,2243,2298,55,0,3,-3,0
"2014-15","9574","Michigan","Danielle Williams",20,3,2298,2400,102,2,3,-1,0
"2014-15","9575","Iowa","Ally Disterhoft",2,1,0,241,241,11,6,5,1
"2014-15","9575","Iowa","Whitney Jennings",15,1,0,281,281,13,9,4,1
"2014-15","9575","Iowa","Melissa Dixon",21,1,0,377,377,19,11,8,1
"2014-15","9575","Iowa","Samantha Logic",22,1,0,422,422,19,11,8,1
"2014-15","9575","Iowa","Bethany Doolittle",51,1,0,241,241,11,6,5,1
"2014-15","9575","Maryland","Laurin Mincy",1,1,0,1668,1668,56,62,-6,1
"2014-15","9575","Maryland","Lexie Brown",4,1,0,353,353,9,19,-10,1
"2014-15","9575","Maryland","Malina Howard",5,1,0,151,151,1,8,-7,1
"2014-15","9575","Maryland","S. Walker-Kimbrough",32,1,0,560,560,15,19,-4,1
"2014-15","9575","Maryland","Brionna Jones",42,1,0,276,276,6,13,-7,1
"2014-15","9575","Maryland","Tierney Pfirman",22,1,151,422,271,10,11,-1,0
"2014-15","9575","Iowa","Claire Till",3,1,241,281,40,2,3,-1,0
"2014-15","9575","Iowa","Kali Peschel",25,1,241,481,240,8,7,1,0
"2014-15","9575","Maryland","Malina Howard",5,2,276,712,436,17,15,2,0
"2014-15","9575","Iowa","Ally Disterhoft",2,2,281,560,279,6,6,0,0
"2014-15","9575","Iowa","Bethany Doolittle",51,2,281,422,141,6,2,4,0
"2014-15","9575","Maryland","Brene Moseley",3,1,353,712,359,14,9,5,0
"2014-15","9575","Iowa","Whitney Jennings",15,2,377,450,73,0,2,-2,0
"2014-15","9575","Iowa","Claire Till",3,2,422,481,59,0,2,-2,0
"2014-15","9575","Iowa","Melissa Dixon",21,2,422,712,290,9,12,-3,0
"2014-15","9575","Maryland","Kiara Leslie",2,1,422,712,290,12,9,3,0
"2014-15","9575","Iowa","Samantha Logic",22,2,450,964,514,16,22,-6,0
"2014-15","9575","Iowa","Christina Buttenham",23,1,481,560,79,0,2,-2,0
"2014-15","9575","Iowa","Bethany Doolittle",51,3,481,1166,685,24,29,-5,0
"2014-15","9575","Iowa","Alexa Kastanek",1,1,560,756,196,11,10,1,0
"2014-15","9575","Iowa","Kali Peschel",25,2,560,794,234,11,10,1,0
"2014-15","9575","Maryland","Tierney Pfirman",22,2,560,712,152,8,9,-1,0
"2014-15","9575","Iowa","Ally Disterhoft",2,3,712,1578,866,26,33,-7,0
"2014-15","9575","Maryland","Lexie Brown",4,2,712,964,252,12,7,5,0
"2014-15","9575","Maryland","Kristen Confroy",12,1,712,1200,488,21,17,4,0
"2014-15","9575","Maryland","S. Walker-Kimbrough",32,2,712,794,82,2,2,0,0
"2014-15","9575","Maryland","Brionna Jones",42,2,712,982,270,12,10,2,0
"2014-15","9575","Iowa","Christina Buttenham",23,2,756,964,208,5,10,-5,0
"2014-15","9575","Iowa","Melissa Dixon",21,3,794,1578,784,24,31,-7,0
"2014-15","9575","Maryland","Kiara Leslie",2,2,794,1166,372,17,13,4,0
"2014-15","9575","Iowa","Whitney Jennings",15,3,964,1076,112,3,4,-1,0
"2014-15","9575","Iowa","Kali Peschel",25,3,964,1091,127,5,4,1,0
"2014-15","9575","Maryland","S. Walker-Kimbrough",32,3,964,1369,405,16,13,3,0
"2014-15","9575","Maryland","Malina Howard",5,3,982,1091,109,4,2,2,0
"2014-15","9575","Iowa","Samantha Logic",22,3,1076,2400,1324,50,54,-4,0
"2014-15","9575","Iowa","Christina Buttenham",23,3,1091,1200,109,5,5,0,0
"2014-15","9575","Maryland","Tierney Pfirman",22,3,1091,1200,109,5,5,0,0
"2014-15","9575","Iowa","Claire Till",3,3,1166,1200,34,2,2,0,0
"2014-15","9575","Maryland","Chloe Pavlech",15,1,1166,1199,33,2,2,0,0
"2014-15","9575","Maryland","A'Lexus Harrison",33,1,1199,1200,1,0,0,0,0
"2014-15","9575","Iowa","Whitney Jennings",15,4,1200,1391,191,3,8,-5,0
"2014-15","9575","Iowa","Bethany Doolittle",51,4,1200,1358,158,3,7,-4,0
"2014-15","9575","Maryland","Lexie Brown",4,3,1200,2400,1200,49,43,6,0
"2014-15","9575","Maryland","Malina Howard",5,4,1200,1397,197,8,3,5,0
"2014-15","9575","Maryland","Brionna Jones",42,3,1200,1578,378,12,9,3,0
"2014-15","9575","Iowa","Claire Till",3,4,1358,1578,220,6,5,1,0
"2014-15","9575","Maryland","Kiara Leslie",2,3,1369,1443,74,1,4,-3,0
"2014-15","9575","Iowa","Alexa Kastanek",1,2,1391,1651,260,11,4,7,0
"2014-15","9575","Maryland","Tierney Pfirman",22,4,1397,1578,181,4,6,-2,0
"2014-15","9575","Maryland","Kristen Confroy",12,2,1443,1651,208,4,7,-3,0
"2014-15","9575","Iowa","Whitney Jennings",15,5,1578,1934,356,16,16,0,0
"2014-15","9575","Iowa","Kali Peschel",25,4,1578,1774,196,12,7,5,0
"2014-15","9575","Iowa","Bethany Doolittle",51,5,1578,2377,799,32,34,-2,0
"2014-15","9575","Maryland","Kiara Leslie",2,4,1578,2232,654,26,26,0,0
"2014-15","9575","Maryland","Malina Howard",5,5,1578,1651,73,0,5,-5,0
"2014-15","9575","Iowa","Melissa Dixon",21,4,1651,2400,749,29,37,-8,0
"2014-15","9575","Maryland","S. Walker-Kimbrough",32,4,1651,2313,662,30,23,7,0
"2014-15","9575","Maryland","Brionna Jones",42,4,1651,2165,514,26,20,6,0
"2014-15","9575","Maryland","Brene Moseley",3,2,1668,1934,266,16,8,8,0
"2014-15","9575","Iowa","Ally Disterhoft",2,4,1774,2400,626,22,30,-8,0
"2014-15","9575","Iowa","Alexa Kastanek",1,3,1934,2022,88,2,6,-4,0
"2014-15","9575","Maryland","Laurin Mincy",1,2,1934,2400,466,21,18,3,0
"2014-15","9575","Iowa","Kali Peschel",25,5,2022,2373,351,12,12,0,0
"2014-15","9575","Maryland","Malina Howard",5,6,2165,2215,50,0,0,0,0
"2014-15","9575","Maryland","Brionna Jones",42,5,2215,2313,98,4,3,1,0
"2014-15","9575","Maryland","Brene Moseley",3,3,2232,2400,168,11,8,3,0
"2014-15","9575","Maryland","Kiara Leslie",2,5,2313,2337,24,0,2,-2,0
"2014-15","9575","Maryland","Malina Howard",5,7,2313,2337,24,0,2,-2,0
"2014-15","9575","Maryland","S. Walker-Kimbrough",32,5,2337,2373,36,4,0,4,0
"2014-15","9575","Maryland","Brionna Jones",42,6,2337,2373,36,4,0,4,0
"2014-15","9575","Iowa","Whitney Jennings",15,6,2373,2400,27,4,3,1,0
"2014-15","9575","Maryland","Kiara Leslie",2,6,2373,2377,4,0,2,-2,0
"2014-15","9575","Maryland","Malina Howard",5,8,2373,2377,4,0,2,-2,0
"2014-15","9575","Iowa","Claire Till",3,5,2377,2378,1,0,2,-2,0
"2014-15","9575","Maryland","S. Walker-Kimbrough",32,6,2377,2378,1,2,0,2,0
"2014-15","9575","Maryland","Brionna Jones",42,7,2377,2378,1,2,0,2,0
"2014-15","9575","Iowa","Bethany Doolittle",51,6,2378,2400,22,2,1,1,0
"2014-15","9575","Maryland","Kiara Leslie",2,7,2378,2400,22,1,2,-1,0
"2014-15","9575","Maryland","Malina Howard",5,9,2378,2400,22,1,2,-1,0
"2014-15","9575","Iowa","Claire Till",3,6,2384,2400,16,2,0,2,0
"2014-15","9575","Maryland","S. Walker-Kimbrough",32,7,2384,2400,16,0,2,-2,0
"2014-15","9575","Maryland","Brionna Jones",42,8,2384,2400,16,0,2,-2,0
"2014-15","9576","Maryland","Laurin Mincy",1,1,0,330,330,8,9,-1,1
"2014-15","9576","Maryland","Lexie Brown",4,1,0,375,375,8,11,-3,1
"2014-15","9576","Maryland","Malina Howard",5,1,0,427,427,8,11,-3,1
"2014-15","9576","Maryland","S. Walker-Kimbrough",32,1,0,1021,1021,33,20,13,1
"2014-15","9576","Maryland","Brionna Jones",42,1,0,130,130,5,4,1,1
"2014-15","9576","Penn State","Candice Agee",1,1,0,130,130,4,5,-1,1
"2014-15","9576","Penn State","Sierra Moore",5,1,0,256,256,7,8,-1,1
"2014-15","9576","Penn State","Keke Sevillian",10,1,0,195,195,4,7,-3,1
"2014-15","9576","Penn State","Kaliyah Mitchell",15,1,0,375,375,11,8,3,1
"2014-15","9576","Penn State","Tori Waldner",44,1,0,256,256,7,8,-1,1
"2014-15","9576","Maryland","Tierney Pfirman",22,1,130,500,370,5,9,-4,0
"2014-15","9576","Penn State","Peyton Whitted",25,1,130,516,386,11,5,6,0
"2014-15","9576","Penn State","Lindsey Spann",12,1,195,600,405,13,4,9,0
"2014-15","9576","Penn State","Candice Agee",1,2,256,427,171,4,0,4,0
"2014-15","9576","Penn State","Keke Sevillian",10,2,256,402,146,4,0,4,0
"2014-15","9576","Maryland","Kiara Leslie",2,1,330,500,170,2,4,-2,0
"2014-15","9576","Maryland","Brene Moseley",3,1,375,558,183,2,6,-4,0
"2014-15","9576","Penn State","Sierra Moore",5,2,375,1780,1405,23,49,-26,0
"2014-15","9576","Penn State","Jenny DeGraaf",41,1,402,600,198,6,3,3,0
"2014-15","9576","Maryland","Brionna Jones",42,2,427,500,73,2,2,0,0
"2014-15","9576","Penn State","Tori Waldner",44,2,427,516,89,4,2,2,0
"2014-15","9576","Maryland","Laurin Mincy",1,2,500,900,400,20,5,15,0
"2014-15","9576","Maryland","Lexie Brown",4,2,500,1642,1142,43,19,24,0
"2014-15","9576","Maryland","Malina Howard",5,2,500,939,439,20,5,15,0
"2014-15","9576","Penn State","Candice Agee",1,3,516,662,146,2,3,-1,0
"2014-15","9576","Penn State","Kaliyah Mitchell",15,2,516,662,146,2,3,-1,0
"2014-15","9576","Maryland","Tierney Pfirman",22,2,558,600,42,1,0,1,0
"2014-15","9576","Maryland","A'Lexus Harrison",33,1,600,971,371,20,1,19,0
"2014-15","9576","Penn State","Keke Sevillian",10,3,600,811,211,1,10,-9,0
"2014-15","9576","Penn State","Peyton Whitted",25,2,600,811,211,1,10,-9,0
"2014-15","9576","Penn State","Lindsey Spann",12,2,662,900,238,1,17,-16,0
"2014-15","9576","Penn State","Tori Waldner",44,3,662,900,238,1,17,-16,0
"2014-15","9576","Penn State","Candice Agee",1,4,811,1021,210,2,12,-10,0
"2014-15","9576","Penn State","Jenny DeGraaf",41,2,811,1113,302,4,14,-10,0
"2014-15","9576","Maryland","Kristen Confroy",12,1,900,1083,183,5,4,1,0
"2014-15","9576","Penn State","Keke Sevillian",10,4,900,962,62,0,0,0,0
"2014-15","9576","Penn State","Kaliyah Mitchell",15,3,900,1433,533,12,18,-6,0
"2014-15","9576","Maryland","Aja Ellison",0,1,939,1021,82,3,2,1,0
"2014-15","9576","Penn State","Peyton Whitted",25,3,962,1200,238,6,11,-5,0
"2014-15","9576","Maryland","Tierney Pfirman",22,3,971,1181,210,10,4,6,0
"2014-15","9576","Maryland","Laurin Mincy",1,3,1021,1387,366,13,10,3,0
"2014-15","9576","Maryland","Malina Howard",5,3,1021,1642,621,20,12,8,0
"2014-15","9576","Penn State","Tori Waldner",44,4,1021,1557,536,12,20,-8,0
"2014-15","9576","Maryland","S. Walker-Kimbrough",32,2,1083,1937,854,27,20,7,0
"2014-15","9576","Penn State","Keke Sevillian",10,5,1113,1200,87,2,6,-4,0
"2014-15","9576","Maryland","A'Lexus Harrison",33,2,1181,1200,19,0,2,-2,0
"2014-15","9576","Maryland","Brionna Jones",42,3,1200,1780,580,16,10,6,0
"2014-15","9576","Penn State","Candice Agee",1,5,1200,1702,502,10,16,-6,0
"2014-15","9576","Penn State","Lindsey Spann",12,3,1200,2400,1200,38,36,2,0
"2014-15","9576","Maryland","Kiara Leslie",2,2,1387,1482,95,5,2,3,0
"2014-15","9576","Penn State","Peyton Whitted",25,4,1433,1832,399,6,10,-4,0
"2014-15","9576","Maryland","Laurin Mincy",1,4,1482,1832,350,7,4,3,0
"2014-15","9576","Penn State","Jenny DeGraaf",41,3,1557,2400,843,30,24,6,0
"2014-15","9576","Maryland","Brene Moseley",3,2,1642,2065,423,11,16,-5,0
"2014-15","9576","Maryland","Tierney Pfirman",22,4,1642,1937,295,9,10,-1,0
"2014-15","9576","Penn State","Tori Waldner",44,5,1702,2052,350,13,7,6,0
"2014-15","9576","Maryland","A'Lexus Harrison",33,3,1780,2052,272,7,13,-6,0
"2014-15","9576","Penn State","Keke Sevillian",10,6,1780,2081,301,14,9,5,0
"2014-15","9576","Maryland","Kristen Confroy",12,2,1832,2017,185,6,9,-3,0
"2014-15","9576","Penn State","Sierra Moore",5,3,1832,2400,568,26,19,7,0
"2014-15","9576","Maryland","Aja Ellison",0,2,1937,2052,115,2,5,-3,0
"2014-15","9576","Maryland","Lexie Brown",4,3,1937,2196,259,10,10,0,0
"2014-15","9576","Maryland","Kiara Leslie",2,3,2017,2400,383,13,17,-4,0
"2014-15","9576","Maryland","Tierney Pfirman",22,5,2052,2340,288,13,11,2,0
"2014-15","9576","Maryland","Brionna Jones",42,4,2052,2196,144,8,5,3,0
"2014-15","9576","Penn State","Candice Agee",1,6,2052,2400,348,15,13,2,0
"2014-15","9576","Maryland","S. Walker-Kimbrough",32,3,2065,2196,131,8,4,4,0
"2014-15","9576","Penn State","Peyton Whitted",25,5,2081,2111,30,0,2,-2,0
"2014-15","9576","Penn State","Tori Waldner",44,6,2111,2400,289,14,9,5,0
"2014-15","9576","Maryland","Aja Ellison",0,3,2196,2400,204,5,10,-5,0
"2014-15","9576","Maryland","Kristen Confroy",12,3,2196,2400,204,5,10,-5,0
"2014-15","9576","Maryland","Chloe Pavlech",15,1,2196,2400,204,5,10,-5,0
"2014-15","9576","Maryland","A'Lexus Harrison",33,4,2340,2400,60,0,4,-4,0
"2014-15","9577","Maryland","Laurin Mincy",1,1,0,347,347,5,6,-1,1
"2014-15","9577","Maryland","Lexie Brown",4,1,0,293,293,5,6,-1,1
"2014-15","9577","Maryland","Malina Howard",5,1,0,616,616,12,8,4,1
"2014-15","9577","Maryland","S. Walker-Kimbrough",32,1,0,550,550,12,8,4,1
"2014-15","9577","Maryland","Brionna Jones",42,1,0,550,550,12,8,4,1
"2014-15","9577","Nebraska","Tear'a Laudermill",1,1,0,550,550,8,12,-4,1
"2014-15","9577","Nebraska","Hailie Sample",3,1,0,436,436,6,5,1,1
"2014-15","9577","Nebraska","Natalie Romeo",5,1,0,436,436,6,5,1,1
"2014-15","9577","Nebraska","Brandi Jeffery",13,1,0,293,293,6,5,1,1
"2014-15","9577","Nebraska","Emily Cady",23,1,0,550,550,8,12,-4,1
"2014-15","9577","Maryland","Brene Moseley",3,1,293,347,54,0,0,0,0
"2014-15","9577","Nebraska","Chandler Smith",30,1,293,550,257,2,7,-5,0
"2014-15","9577","Maryland","Lexie Brown",4,2,347,2308,1961,53,39,14,0
"2014-15","9577","Maryland","Kristen Confroy",12,1,347,710,363,10,7,3,0
"2014-15","9577","Nebraska","Brandi Jeffery",13,2,436,695,259,5,10,-5,0
"2014-15","9577","Nebraska","Allie Havers",22,1,436,795,359,9,12,-3,0
"2014-15","9577","Maryland","Laurin Mincy",1,2,550,868,318,7,7,0,0
"2014-15","9577","Maryland","Tierney Pfirman",22,1,550,795,245,5,7,-2,0
"2014-15","9577","Nebraska","Hailie Sample",3,2,550,695,145,3,3,0,0
"2014-15","9577","Nebraska","Natalie Romeo",5,2,550,1472,922,23,25,-2,0
"2014-15","9577","Nebraska","Jasmine Cincore",34,1,550,795,245,7,5,2,0
"2014-15","9577","Maryland","Brionna Jones",42,2,616,973,357,9,12,-3,0
"2014-15","9577","Nebraska","Tear'a Laudermill",1,2,695,795,100,4,2,2,0
"2014-15","9577","Nebraska","Emily Cady",23,2,695,1589,894,20,26,-6,0
"2014-15","9577","Maryland","S. Walker-Kimbrough",32,2,710,1472,762,22,18,4,0
"2014-15","9577","Maryland","Malina Howard",5,2,795,1621,826,24,16,8,0
"2014-15","9577","Nebraska","Hailie Sample",3,3,795,958,163,5,4,1,0
"2014-15","9577","Nebraska","Brandi Jeffery",13,3,795,1074,279,7,8,-1,0
"2014-15","9577","Nebraska","Chandler Smith",30,2,795,1200,405,9,12,-3,0
"2014-15","9577","Maryland","Kristen Confroy",12,2,868,1085,217,6,9,-3,0
"2014-15","9577","Nebraska","Allie Havers",22,2,958,1085,127,4,4,0,0
"2014-15","9577","Maryland","A'Lexus Harrison",33,1,973,1144,171,6,4,2,0
"2014-15","9577","Nebraska","Tear'a Laudermill",1,3,1074,1085,11,2,0,2,0
"2014-15","9577","Maryland","Kiara Leslie",2,1,1085,1200,115,4,0,4,0
"2014-15","9577","Nebraska","Hailie Sample",3,4,1085,1472,387,7,12,-5,0
"2014-15","9577","Nebraska","Brandi Jeffery",13,4,1085,1392,307,4,12,-8,0
"2014-15","9577","Maryland","Brionna Jones",42,3,1144,1853,709,16,11,5,0
"2014-15","9577","Maryland","Laurin Mincy",1,3,1200,1472,272,8,7,1,0
"2014-15","9577","Nebraska","Tear'a Laudermill",1,4,1200,2330,1130,21,30,-9,0
"2014-15","9577","Nebraska","Chandler Smith",30,3,1392,1785,393,5,6,-1,0
"2014-15","9577","Maryland","Kiara Leslie",2,2,1472,1920,448,6,6,0,0
"2014-15","9577","Maryland","Kristen Confroy",12,3,1472,1589,117,4,0,4,0
"2014-15","9577","Nebraska","Allie Havers",22,3,1472,1697,225,2,4,-2,0
"2014-15","9577","Nebraska","Jasmine Cincore",34,2,1472,1601,129,0,4,-4,0
"2014-15","9577","Maryland","Brene Moseley",3,2,1589,1785,196,2,2,0,0
"2014-15","9577","Nebraska","Hailie Sample",3,5,1589,1818,229,2,2,0,0
"2014-15","9577","Nebraska","Natalie Romeo",5,3,1589,2082,493,6,9,-3,0
"2014-15","9577","Maryland","Laurin Mincy",1,4,1621,2194,573,13,9,4,0
"2014-15","9577","Nebraska","Emily Cady",23,3,1697,1949,252,4,2,2,0
"2014-15","9577","Maryland","S. Walker-Kimbrough",32,3,1785,2330,545,16,12,4,0
"2014-15","9577","Nebraska","Brandi Jeffery",13,5,1785,1868,83,2,0,2,0
"2014-15","9577","Nebraska","Allie Havers",22,4,1818,2058,240,4,5,-1,0
"2014-15","9577","Maryland","Malina Howard",5,3,1853,2131,278,9,2,7,0
"2014-15","9577","Nebraska","Chandler Smith",30,4,1868,2194,326,5,11,-6,0
"2014-15","9577","Maryland","A'Lexus Harrison",33,2,1920,1949,29,0,0,0,0
"2014-15","9577","Maryland","Brionna Jones",42,4,1949,2194,245,11,3,8,0
"2014-15","9577","Nebraska","Hailie Sample",3,6,1949,2330,381,8,16,-8,0
"2014-15","9577","Nebraska","Emily Cady",23,4,2058,2330,272,8,11,-3,0
"2014-15","9577","Nebraska","Brandi Jeffery",13,6,2082,2330,248,8,9,-1,0
"2014-15","9577","Maryland","A'Lexus Harrison",33,3,2131,2400,269,7,10,-3,0
"2014-15","9577","Maryland","Kiara Leslie",2,3,2194,2400,206,5,7,-2,0
"2014-15","9577","Maryland","Malina Howard",5,4,2194,2308,114,4,5,-1,0
"2014-15","9577","Nebraska","Natalie Romeo",5,4,2194,2330,136,5,5,0,0
"2014-15","9577","Maryland","Aja Ellison",0,1,2308,2400,92,1,2,-1,0
"2014-15","9577","Maryland","Kristen Confroy",12,4,2308,2400,92,1,2,-1,0
"2014-15","9577","Maryland","Chloe Pavlech",15,1,2330,2400,70,0,2,-2,0
"2014-15","9577","Nebraska","Esther Ramacieri",11,1,2330,2400,70,2,0,2,0
"2014-15","9577","Nebraska","Allie Havers",22,5,2330,2400,70,2,0,2,0
"2014-15","9577","Nebraska","Chandler Smith",30,5,2330,2400,70,2,0,2,0
"2014-15","9577","Nebraska","Anya Kalenta",31,1,2330,2400,70,2,0,2,0
"2014-15","9577","Nebraska","Jasmine Cincore",34,3,2330,2400,70,2,0,2,0
"2014-15","9578","Maryland","Laurin Mincy",1,1,0,203,203,4,9,-5,1
"2014-15","9578","Maryland","Lexie Brown",4,1,0,664,664,22,19,3,1
"2014-15","9578","Maryland","Malina Howard",5,1,0,664,664,22,19,3,1
"2014-15","9578","Maryland","S. Walker-Kimbrough",32,1,0,723,723,24,19,5,1
"2014-15","9578","Maryland","Brionna Jones",42,1,0,147,147,4,7,-3,1
"2014-15","9578","Rutgers","Kahleah Copper",2,1,0,811,811,19,29,-10,1
"2014-15","9578","Rutgers","Tyler Scaife",3,1,0,500,500,17,14,3,1
"2014-15","9578","Rutgers","Syessence Davis",15,1,0,203,203,9,4,5,1
"2014-15","9578","Rutgers","Ariel Butts",43,1,0,203,203,9,4,5,1
"2014-15","9578","Rutgers","Betnijah Laney",44,1,0,723,723,19,24,-5,1
"2014-15","9578","Maryland","A'Lexus Harrison",33,1,147,1200,1053,33,22,11,0
"2014-15","9578","Maryland","Kiara Leslie",2,1,203,253,50,3,2,1,0
"2014-15","9578","Rutgers","Briyona Canty",4,1,203,334,131,2,5,-3,0
"2014-15","9578","Rutgers","Christa Evans",20,1,203,334,131,2,5,-3,0
"2014-15","9578","Maryland","Laurin Mincy",1,2,253,928,675,26,10,16,0
"2014-15","9578","Rutgers","Rachel Hollivay",1,1,334,500,166,6,5,1,0
"2014-15","9578","Rutgers","Syessence Davis",15,2,334,928,594,10,24,-14,0
"2014-15","9578","Rutgers","Briyona Canty",4,2,500,559,59,0,4,-4,0
"2014-15","9578","Rutgers","Ariel Butts",43,2,500,596,96,0,6,-6,0
"2014-15","9578","Rutgers","Tyler Scaife",3,2,559,1651,1092,26,34,-8,0
"2014-15","9578","Rutgers","Christa Evans",20,2,596,811,215,2,9,-7,0
"2014-15","9578","Maryland","Aja Ellison",0,1,664,723,59,2,0,2,0
"2014-15","9578","Maryland","Brene Moseley",3,1,664,723,59,2,0,2,0
"2014-15","9578","Maryland","Kiara Leslie",2,2,723,777,54,3,0,3,0
"2014-15","9578","Maryland","Lexie Brown",4,2,723,2400,1677,56,50,6,0
"2014-15","9578","Maryland","Malina Howard",5,2,723,928,205,9,2,7,0
"2014-15","9578","Rutgers","Shrita Parker",10,1,723,811,88,0,5,-5,0
"2014-15","9578","Maryland","S. Walker-Kimbrough",32,2,777,1920,1143,36,36,0,0
"2014-15","9578","Rutgers","Briyona Canty",4,3,811,1106,295,8,6,2,0
"2014-15","9578","Rutgers","Ariel Butts",43,3,811,1200,389,10,8,2,0
"2014-15","9578","Rutgers","Betnijah Laney",44,2,811,2400,1589,50,51,-1,0
"2014-15","9578","Maryland","Aja Ellison",0,2,928,986,58,0,0,0,0
"2014-15","9578","Maryland","Brene Moseley",3,2,928,986,58,0,0,0,0
"2014-15","9578","Rutgers","Kahleah Copper",2,2,928,2400,1472,48,47,1,0
"2014-15","9578","Maryland","Laurin Mincy",1,3,986,2400,1414,47,48,-1,0
"2014-15","9578","Maryland","Malina Howard",5,3,986,1651,665,19,22,-3,0
"2014-15","9578","Rutgers","Syessence Davis",15,3,1106,1499,393,12,11,1,0
"2014-15","9578","Maryland","Brionna Jones",42,2,1200,1383,183,4,6,-2,0
"2014-15","9578","Rutgers","Rachel Hollivay",1,2,1200,1791,591,21,22,-1,0
"2014-15","9578","Maryland","A'Lexus Harrison",33,2,1383,1791,408,18,15,3,0
"2014-15","9578","Rutgers","Briyona Canty",4,4,1499,1651,152,4,6,-2,0
"2014-15","9578","Maryland","Brionna Jones",42,3,1651,2123,472,20,17,3,0
"2014-15","9578","Rutgers","Shrita Parker",10,2,1651,1791,140,7,7,0,0
"2014-15","9578","Rutgers","Syessence Davis",15,4,1651,2074,423,17,17,0,0
"2014-15","9578","Maryland","Malina Howard",5,4,1791,2055,264,10,10,0,0
"2014-15","9578","Rutgers","Tyler Scaife",3,3,1791,2400,609,19,21,-2,0
"2014-15","9578","Rutgers","Ariel Butts",43,4,1791,1877,86,0,4,-4,0
"2014-15","9578","Rutgers","Rachel Hollivay",1,3,1877,2055,178,10,6,4,0
"2014-15","9578","Maryland","Kiara Leslie",2,3,1920,1984,64,2,3,-1,0
"2014-15","9578","Maryland","S. Walker-Kimbrough",32,3,1984,2400,416,15,11,4,0
"2014-15","9578","Maryland","A'Lexus Harrison",33,3,2055,2198,143,6,0,6,0
"2014-15","9578","Rutgers","Christa Evans",20,3,2055,2198,143,0,6,-6,0
"2014-15","9578","Rutgers","Briyona Canty",4,5,2074,2198,124,0,6,-6,0
"2014-15","9578","Maryland","Malina Howard",5,5,2123,2400,277,8,9,-1,0
"2014-15","9578","Maryland","Brionna Jones",42,4,2198,2266,68,0,4,-4,0
"2014-15","9578","Rutgers","Rachel Hollivay",1,4,2198,2400,202,9,5,4,0
"2014-15","9578","Rutgers","Syessence Davis",15,5,2198,2400,202,9,5,4,0
"2014-15","9578","Maryland","Brene Moseley",3,3,2266,2349,83,4,3,1,0
"2014-15","9578","Maryland","Brionna Jones",42,5,2349,2380,31,1,2,-1,0
"2014-15","9578","Maryland","Brene Moseley",3,4,2361,2400,39,0,0,0,0
"2014-15","9579","Maryland","Laurin Mincy",1,1,0,180,180,5,4,1,1
"2014-15","9579","Maryland","Lexie Brown",4,1,0,1677,1677,45,44,1,1
"2014-15","9579","Maryland","Malina Howard",5,1,0,1672,1672,45,44,1,1
"2014-15","9579","Maryland","S. Walker-Kimbrough",32,1,0,286,286,9,4,5,1
"2014-15","9579","Maryland","Brionna Jones",42,1,0,134,134,5,2,3,1
"2014-15","9579","Michigan State","Tori Jankoska",1,1,0,901,901,21,20,1,1
"2014-15","9579","Michigan State","Cara Miller",2,1,0,286,286,4,9,-5,1
"2014-15","9579","Michigan State","Aerial Powers",23,1,0,710,710,16,20,-4,1
"2014-15","9579","Michigan State","Lexi Gussert",24,1,0,226,226,4,5,-1,1
"2014-15","9579","Michigan State","Becca Mills",52,1,0,658,658,13,20,-7,1
"2014-15","9579","Maryland","Kiara Leslie",2,1,134,395,261,6,4,2,0
"2014-15","9579","Maryland","Brionna Jones",42,2,180,417,237,6,2,4,0
"2014-15","9579","Michigan State","Anna Morrissey",14,1,226,1144,918,20,28,-8,0
"2014-15","9579","Maryland","Laurin Mincy",1,2,286,876,590,11,17,-6,0
"2014-15","9579","Michigan State","Kennedy Johnson",55,1,286,395,109,2,2,0,0
"2014-15","9579","Maryland","S. Walker-Kimbrough",32,2,395,566,171,3,7,-4,0
"2014-15","9579","Michigan State","Cara Miller",2,2,395,805,410,12,9,3,0
"2014-15","9579","Maryland","A'Lexus Harrison",33,1,417,921,504,11,15,-4,0
"2014-15","9579","Maryland","Brionna Jones",42,3,494,1013,519,15,14,1,0
"2014-15","9579","Maryland","Kristen Confroy",12,1,566,805,239,6,5,1,0
"2014-15","9579","Michigan State","Kennedy Johnson",55,2,658,939,281,10,2,8,0
"2014-15","9579","Michigan State","Becca Mills",52,2,710,1840,1130,34,31,3,0
"2014-15","9579","Maryland","Aja Ellison",0,1,753,1200,447,13,8,5,0
"2014-15","9579","Maryland","S. Walker-Kimbrough",32,3,805,2343,1538,48,43,5,0
"2014-15","9579","Michigan State","Aerial Powers",23,2,805,2400,1595,51,55,-4,0
"2014-15","9579","Maryland","Kiara Leslie",2,2,876,1200,324,13,5,8,0
"2014-15","9579","Michigan State","Cara Miller",2,3,901,2381,1480,46,52,-6,0
"2014-15","9579","Maryland","Tierney Pfirman",22,1,921,1200,279,11,5,6,0
"2014-15","9579","Michigan State","Tori Jankoska",1,2,939,2400,1461,46,53,-7,0
"2014-15","9579","Maryland","A'Lexus Harrison",33,2,1013,1200,187,7,2,5,0
"2014-15","9579","Michigan State","Lexi Gussert",24,2,1144,1886,742,26,20,6,0
"2014-15","9579","Maryland","Laurin Mincy",1,3,1200,1505,305,9,16,-7,0
"2014-15","9579","Maryland","Brionna Jones",42,4,1200,1687,487,12,18,-6,0
"2014-15","9579","Maryland","Brene Moseley",3,1,1505,1741,236,5,4,1,0
"2014-15","9579","Maryland","Tierney Pfirman",22,2,1672,2400,728,30,25,5,0
"2014-15","9579","Maryland","Kiara Leslie",2,3,1677,1802,125,4,6,-2,0
"2014-15","9579","Maryland","Malina Howard",5,2,1687,1802,115,4,6,-2,0
"2014-15","9579","Maryland","Lexie Brown",4,2,1741,2400,659,28,23,5,0
"2014-15","9579","Maryland","Laurin Mincy",1,4,1802,2400,598,26,19,7,0
"2014-15","9579","Maryland","Brionna Jones",42,5,1802,2381,579,23,17,6,0
"2014-15","9579","Michigan State","Kennedy Johnson",55,3,1840,2039,199,2,12,-10,0
"2014-15","9579","Michigan State","Anna Morrissey",14,2,1886,2039,153,2,10,-8,0
"2014-15","9579","Michigan State","Lexi Gussert",24,3,2039,2400,361,17,12,5,0
"2014-15","9579","Michigan State","Becca Mills",52,3,2039,2381,342,15,9,6,0
"2014-15","9579","Maryland","Kiara Leslie",2,4,2343,2381,38,4,6,-2,0
"2014-15","9579","Maryland","Brene Moseley",3,2,2343,2382,39,4,6,-2,0
"2014-15","9579","Michigan State","Kiara Carter",3,1,2343,2400,57,8,7,1,0
"2014-15","9579","Michigan State","Kennedy Johnson",55,4,2343,2382,39,6,4,2,0
"2014-15","9579","Maryland","Kristen Confroy",12,2,2381,2382,1,0,0,0,0
"2014-15","9579","Michigan State","Anna Morrissey",14,3,2381,2382,1,0,0,0,0
"2014-15","9579","Maryland","Kiara Leslie",2,5,2382,2394,12,2,2,0,0
"2014-15","9579","Maryland","Brionna Jones",42,6,2382,2394,12,2,2,0,0
"2014-15","9579","Michigan State","Cara Miller",2,4,2382,2400,18,2,3,-1,0
"2014-15","9579","Michigan State","Becca Mills",52,4,2382,2400,18,2,3,-1,0
"2014-15","9579","Maryland","Brene Moseley",3,3,2394,2395,1,1,0,1,0
"2014-15","9579","Maryland","Kristen Confroy",12,3,2394,2395,1,1,0,1,0
"2014-15","9579","Maryland","Kiara Leslie",2,6,2395,2400,5,0,0,0,0
"2014-15","9579","Maryland","Brionna Jones",42,7,2395,2400,5,0,0,0,0
"2014-15","9580","Maryland","Laurin Mincy",1,1,0,559,559,21,10,11,1
"2014-15","9580","Maryland","Lexie Brown",4,1,0,925,925,35,20,15,1
"2014-15","9580","Maryland","Malina Howard",5,1,0,559,559,21,10,11,1
"2014-15","9580","Maryland","S. Walker-Kimbrough",32,1,0,422,422,19,6,13,1
"2014-15","9580","Maryland","Brionna Jones",42,1,0,422,422,19,6,13,1
"2014-15","9580","Wisconsin","Dakota Whyte",1,1,0,279,279,4,14,-10,1
"2014-15","9580","Wisconsin","Nicole Bauman",4,1,0,668,668,14,25,-11,1
"2014-15","9580","Wisconsin","Tessa Cichy",22,1,0,668,668,14,25,-11,1
"2014-15","9580","Wisconsin","Jacki Gulczynski",35,1,0,668,668,14,25,-11,1
"2014-15","9580","Wisconsin","Cassie Rochel",43,1,0,422,422,6,19,-13,1
"2014-15","9580","Maryland","Tierney Pfirman",22,1,179,422,243,9,4,5,0
"2014-15","9580","Wisconsin","AnnMarie Brown",3,1,279,746,467,10,15,-5,0
"2014-15","9580","Maryland","Kiara Leslie",2,1,422,500,78,2,2,0,0
"2014-15","9580","Maryland","A'Lexus Harrison",33,1,422,500,78,2,2,0,0
"2014-15","9580","Wisconsin","Malayna Johnson",24,1,422,1200,778,24,24,0,0
"2014-15","9580","Maryland","S. Walker-Kimbrough",32,2,500,1472,972,28,36,-8,0
"2014-15","9580","Maryland","Brionna Jones",42,2,500,925,425,14,12,2,0
"2014-15","9580","Maryland","Kristen Confroy",12,1,559,740,181,8,4,4,0
"2014-15","9580","Maryland","Tierney Pfirman",22,2,559,925,366,14,10,4,0
"2014-15","9580","Wisconsin","Dakota Whyte",1,2,668,746,78,0,4,-4,0
"2014-15","9580","Wisconsin","Cayla McMorris",23,1,668,1200,532,16,18,-2,0
"2014-15","9580","Wisconsin","Cassie Rochel",43,2,668,925,257,6,10,-4,0
"2014-15","9580","Maryland","Laurin Mincy",1,2,740,967,227,8,8,0,0
"2014-15","9580","Wisconsin","Nicole Bauman",4,2,746,2400,1654,56,52,4,0
"2014-15","9580","Wisconsin","Tessa Cichy",22,2,746,1013,267,8,8,0,0
"2014-15","9580","Maryland","Aja Ellison",0,1,925,967,42,2,2,0,0
"2014-15","9580","Maryland","Brene Moseley",3,1,925,1178,253,8,7,1,0
"2014-15","9580","Maryland","A'Lexus Harrison",33,2,925,1063,138,4,5,-1,0
"2014-15","9580","Wisconsin","Jacki Gulczynski",35,2,925,1472,547,24,14,10,0
"2014-15","9580","Maryland","Lexie Brown",4,2,967,2400,1433,44,48,-4,0
"2014-15","9580","Maryland","Brionna Jones",42,3,967,1891,924,30,30,0,0
"2014-15","9580","Wisconsin","Dakota Whyte",1,3,1013,1891,878,30,30,0,0
"2014-15","9580","Maryland","Tierney Pfirman",22,3,1063,1131,68,4,2,2,0
"2014-15","9580","Maryland","A'Lexus Harrison",33,3,1131,1139,8,0,0,0,0
"2014-15","9580","Maryland","Tierney Pfirman",22,4,1139,1200,61,0,3,-3,0
"2014-15","9580","Maryland","Laurin Mincy",1,3,1178,1891,713,24,25,-1,0
"2014-15","9580","Maryland","Malina Howard",5,2,1200,1400,200,4,9,-5,0
"2014-15","9580","Wisconsin","Tessa Cichy",22,3,1200,2400,1200,40,38,2,0
"2014-15","9580","Wisconsin","Cassie Rochel",43,3,1200,2139,939,28,28,0,0
"2014-15","9580","Maryland","Kiara Leslie",2,2,1400,1499,99,2,7,-5,0
"2014-15","9580","Maryland","Kristen Confroy",12,2,1472,2071,599,22,14,8,0
"2014-15","9580","Wisconsin","AnnMarie Brown",3,2,1472,1706,234,5,12,-7,0
"2014-15","9580","Maryland","S. Walker-Kimbrough",32,3,1499,1748,249,12,3,9,0
"2014-15","9580","Wisconsin","Jacki Gulczynski",35,3,1706,2400,694,21,20,1,0
"2014-15","9580","Maryland","Tierney Pfirman",22,5,1748,2348,600,16,18,-2,0
"2014-15","9580","Maryland","Malina Howard",5,3,1891,2071,180,4,6,-2,0
"2014-15","9580","Maryland","S. Walker-Kimbrough",32,4,1891,2210,319,6,10,-4,0
"2014-15","9580","Wisconsin","Cayla McMorris",23,2,1891,2139,248,6,4,2,0
"2014-15","9580","Maryland","Laurin Mincy",1,4,2071,2400,329,10,12,-2,0
"2014-15","9580","Maryland","Brionna Jones",42,4,2071,2280,209,3,6,-3,0
"2014-15","9580","Wisconsin","Dakota Whyte",1,4,2139,2400,261,12,10,2,0
"2014-15","9580","Wisconsin","Malayna Johnson",24,2,2139,2400,261,12,10,2,0
"2014-15","9580","Maryland","Kristen Confroy",12,3,2210,2400,190,8,8,0,0
"2014-15","9580","Maryland","Malina Howard",5,4,2280,2400,120,7,6,1,0
"2014-15","9580","Maryland","Brene Moseley",3,2,2348,2360,12,2,2,0,0
"2014-15","9580","Maryland","Tierney Pfirman",22,6,2360,2364,4,0,1,-1,0
"2014-15","9580","Maryland","Brene Moseley",3,3,2364,2366,2,2,0,2,0
"2014-15","9580","Maryland","Tierney Pfirman",22,7,2366,2384,18,0,0,0,0
"2014-15","9580","Maryland","Brene Moseley",3,4,2384,2400,16,0,0,0,0
"2014-15","9581","Maryland","Laurin Mincy",1,1,0,279,279,10,2,8,1
"2014-15","9581","Maryland","Lexie Brown",4,1,0,717,717,20,8,12,1
"2014-15","9581","Maryland","Malina Howard",5,1,0,248,248,10,2,8,1
"2014-15","9581","Maryland","S. Walker-Kimbrough",32,1,0,383,383,12,2,10,1
"2014-15","9581","Maryland","Brionna Jones",42,1,0,383,383,12,2,10,1
"2014-15","9581","Penn State","Candice Agee",1,1,0,134,134,0,2,-2,1
"2014-15","9581","Penn State","Sierra Moore",5,1,0,134,134,0,2,-2,1
"2014-15","9581","Penn State","Keke Sevillian",10,1,0,341,341,2,12,-10,1
"2014-15","9581","Penn State","Kaliyah Mitchell",15,1,0,565,565,6,16,-10,1
"2014-15","9581","Penn State","Tori Waldner",44,1,0,341,341,2,12,-10,1
"2014-15","9581","Penn State","Lindsey Spann",12,1,134,441,307,4,10,-6,0
"2014-15","9581","Penn State","Peyton Whitted",25,1,134,454,320,4,11,-7,0
"2014-15","9581","Maryland","Tierney Pfirman",22,1,248,383,135,2,0,2,0
"2014-15","9581","Maryland","Kristen Confroy",12,1,279,565,286,6,4,2,0
"2014-15","9581","Penn State","Candice Agee",1,2,341,683,342,6,8,-2,0
"2014-15","9581","Penn State","Sierra Moore",5,2,341,750,409,6,8,-2,0
"2014-15","9581","Maryland","Laurin Mincy",1,2,383,750,367,8,6,2,0
"2014-15","9581","Maryland","Malina Howard",5,2,383,565,182,4,4,0,0
"2014-15","9581","Maryland","A'Lexus Harrison",33,1,383,565,182,4,4,0,0
"2014-15","9581","Penn State","Keke Sevillian",10,2,441,984,543,6,16,-10,0
"2014-15","9581","Penn State","Alex Harris",11,1,454,827,373,4,10,-6,0
"2014-15","9581","Maryland","Tierney Pfirman",22,2,565,683,118,4,2,2,0
"2014-15","9581","Maryland","S. Walker-Kimbrough",32,2,565,834,269,7,2,5,0
"2014-15","9581","Maryland","Brionna Jones",42,2,565,683,118,4,2,2,0
"2014-15","9581","Penn State","Lindsey Spann",12,2,565,1200,635,8,19,-11,0
"2014-15","9581","Maryland","Malina Howard",5,3,683,834,151,3,0,3,0
"2014-15","9581","Maryland","A'Lexus Harrison",33,2,683,827,144,3,0,3,0
"2014-15","9581","Penn State","Tori Waldner",44,2,683,827,144,0,3,-3,0
"2014-15","9581","Maryland","Brene Moseley",3,1,717,750,33,0,0,0,0
"2014-15","9581","Maryland","Lexie Brown",4,2,750,959,209,8,2,6,0
"2014-15","9581","Maryland","Kristen Confroy",12,2,750,984,234,8,2,6,0
"2014-15","9581","Penn State","Kaliyah Mitchell",15,2,750,885,135,0,3,-3,0
"2014-15","9581","Maryland","Brionna Jones",42,3,827,1412,585,15,12,3,0
"2014-15","9581","Penn State","Candice Agee",1,3,827,984,157,2,5,-3,0
"2014-15","9581","Penn State","Peyton Whitted",25,2,827,1051,224,2,7,-5,0
"2014-15","9581","Maryland","Kiara Leslie",2,1,834,1095,261,8,4,4,0
"2014-15","9581","Maryland","Tierney Pfirman",22,3,834,912,78,0,2,-2,0
"2014-15","9581","Penn State","Sierra Moore",5,3,885,984,99,2,5,-3,0
"2014-15","9581","Maryland","A'Lexus Harrison",33,3,912,984,72,5,0,5,0
"2014-15","9581","Maryland","Chloe Pavlech",15,1,959,1200,241,7,4,3,0
"2014-15","9581","Maryland","Laurin Mincy",1,3,984,1363,379,10,8,2,0
"2014-15","9581","Maryland","S. Walker-Kimbrough",32,3,984,1877,893,22,16,6,0
"2014-15","9581","Penn State","Kaliyah Mitchell",15,3,984,1759,775,16,20,-4,0
"2014-15","9581","Penn State","Jenny DeGraaf",41,1,984,1200,216,4,7,-3,0
"2014-15","9581","Penn State","Tori Waldner",44,3,984,1095,111,2,3,-1,0
"2014-15","9581","Penn State","Alex Harris",11,2,1051,1200,149,4,5,-1,0
"2014-15","9581","Maryland","Lexie Brown",4,3,1095,1877,782,19,14,5,0
"2014-15","9581","Penn State","Candice Agee",1,4,1095,1568,473,10,13,-3,0
"2014-15","9581","Maryland","Malina Howard",5,4,1200,1649,449,11,10,1,0
"2014-15","9581","Penn State","Sierra Moore",5,4,1200,1200,0,0,0,0,0
"2014-15","9581","Penn State","Keke Sevillian",10,3,1200,1649,449,10,11,-1,0
"2014-15","9581","Penn State","Lindsey Spann",12,3,1200,1649,449,10,11,-1,0
"2014-15","9581","Penn State","Tori Waldner",44,4,1200,1319,119,2,0,2,0
"2014-15","9581","Penn State","Peyton Whitted",25,3,1319,1759,440,10,13,-3,0
"2014-15","9581","Maryland","Kristen Confroy",12,3,1363,1649,286,8,6,2,0
"2014-15","9581","Maryland","Tierney Pfirman",22,4,1412,1902,490,12,6,6,0
"2014-15","9581","Penn State","Tori Waldner",44,5,1568,2046,478,6,13,-7,0
"2014-15","9581","Maryland","Kiara Leslie",2,2,1649,1711,62,0,2,-2,0
"2014-15","9581","Maryland","Brionna Jones",42,4,1649,1965,316,9,2,7,0
"2014-15","9581","Penn State","Sierra Moore",5,5,1649,2111,462,6,11,-5,0
"2014-15","9581","Penn State","Jenny DeGraaf",41,2,1649,1877,228,2,4,-2,0
"2014-15","9581","Maryland","Laurin Mincy",1,4,1711,2104,393,11,4,7,0
"2014-15","9581","Penn State","Candice Agee",1,5,1759,2400,641,8,17,-9,0
"2014-15","9581","Penn State","Lindsey Spann",12,4,1759,2213,454,4,17,-13,0
"2014-15","9581","Maryland","Malina Howard",5,5,1877,2213,336,15,4,11,0
"2014-15","9581","Maryland","Chloe Pavlech",15,2,1877,2400,523,15,8,7,0
"2014-15","9581","Penn State","Alex Harris",11,3,1877,1970,93,0,5,-5,0
"2014-15","9581","Maryland","A'Lexus Harrison",33,4,1902,2071,169,7,4,3,0
"2014-15","9581","Maryland","S. Walker-Kimbrough",32,4,1965,2046,81,2,2,0,0
"2014-15","9581","Penn State","Kaliyah Mitchell",15,4,1970,2263,293,4,10,-6,0
"2014-15","9581","Maryland","Kristen Confroy",12,4,2046,2400,354,8,6,2,0
"2014-15","9581","Penn State","Peyton Whitted",25,4,2046,2400,354,6,8,-2,0
"2014-15","9581","Maryland","Tierney Pfirman",22,5,2071,2213,142,8,0,8,0
"2014-15","9581","Maryland","Kiara Leslie",2,3,2104,2400,296,8,4,4,0
"2014-15","9581","Penn State","Keke Sevillian",10,4,2111,2400,289,4,8,-4,0
"2014-15","9581","Maryland","Aja Ellison",0,1,2213,2400,187,0,4,-4,0
"2014-15","9581","Maryland","Brene Moseley",3,2,2213,2400,187,0,4,-4,0
"2014-15","9581","Penn State","Sierra Moore",5,6,2213,2400,187,4,0,4,0
"2014-15","9581","Penn State","Lindsey Spann",12,5,2263,2400,137,4,0,4,0
"2014-15","9582","Indiana","Tyra Buss",3,1,0,333,333,5,8,-3,1
"2014-15","9582","Indiana","Larryn Brooks",5,1,0,458,458,14,16,-2,1
"2014-15","9582","Indiana","Alexis Gassion",23,1,0,458,458,14,16,-2,1
"2014-15","9582","Indiana","Amanda Cahill",33,1,0,507,507,14,17,-3,1
"2014-15","9582","Indiana","Jenn Anderson",43,1,0,236,236,2,6,-4,1
"2014-15","9582","Maryland","Laurin Mincy",1,1,0,2400,2400,83,72,11,1
"2014-15","9582","Maryland","Lexie Brown",4,1,0,2400,2400,83,72,11,1
"2014-15","9582","Maryland","Malina Howard",5,1,0,253,253,8,5,3,1
"2014-15","9582","Maryland","S. Walker-Kimbrough",32,1,0,236,236,6,2,4,1
"2014-15","9582","Maryland","Brionna Jones",42,1,0,333,333,8,5,3,1
"2014-15","9582","Indiana","Karlee McBride",21,1,236,458,222,12,10,2,0
"2014-15","9582","Maryland","Kristen Confroy",12,1,236,458,222,10,12,-2,0
"2014-15","9582","Maryland","Malina Howard",5,2,299,458,159,8,9,-1,0
"2014-15","9582","Indiana","Jess Walter",2,1,333,641,308,11,12,-1,0
"2014-15","9582","Maryland","Tierney Pfirman",22,1,333,544,211,9,11,-2,0
"2014-15","9582","Indiana","Tyra Buss",3,2,458,909,451,11,20,-9,0
"2014-15","9582","Indiana","Taylor Agler",10,1,458,641,183,2,4,-2,0
"2014-15","9582","Indiana","Jenn Anderson",43,2,458,641,183,2,4,-2,0
"2014-15","9582","Maryland","Kiara Leslie",2,1,458,641,183,4,2,2,0
"2014-15","9582","Maryland","Brionna Jones",42,2,458,798,340,13,7,6,0
"2014-15","9582","Indiana","Alexis Gassion",23,2,507,641,134,2,3,-1,0
"2014-15","9582","Maryland","Malina Howard",5,3,544,641,97,3,0,3,0
"2014-15","9582","Indiana","Larryn Brooks",5,2,641,1108,467,17,20,-3,0
"2014-15","9582","Indiana","Karlee McBride",21,2,641,753,112,5,4,1,0
"2014-15","9582","Indiana","Amanda Cahill",33,2,641,809,168,5,9,-4,0
"2014-15","9582","Indiana","Lyndsay Leikem",40,1,641,678,37,0,2,-2,0
"2014-15","9582","Maryland","S. Walker-Kimbrough",32,2,641,2400,1759,63,56,7,0
"2014-15","9582","Maryland","A'Lexus Harrison",33,1,641,753,112,4,5,-1,0
"2014-15","9582","Indiana","Alexis Gassion",23,3,678,933,255,9,16,-7,0
"2014-15","9582","Indiana","Lyndsay Leikem",40,2,753,809,56,0,5,-5,0
"2014-15","9582","Maryland","Tierney Pfirman",22,2,753,864,111,10,4,6,0
"2014-15","9582","Maryland","Malina Howard",5,4,798,1014,216,11,10,1,0
"2014-15","9582","Indiana","Jess Walter",2,2,809,942,133,6,9,-3,0
"2014-15","9582","Indiana","Jenn Anderson",43,3,809,954,145,7,9,-2,0
"2014-15","9582","Maryland","Kiara Leslie",2,2,864,1014,150,6,6,0,0
"2014-15","9582","Indiana","Karlee McBride",21,3,909,939,30,2,2,0,0
"2014-15","9582","Indiana","Amanda Cahill",33,3,933,1476,543,16,17,-1,0
"2014-15","9582","Indiana","Tyra Buss",3,3,939,1725,786,23,22,1,0
"2014-15","9582","Indiana","Karlee McBride",21,4,942,954,12,1,0,1,0
"2014-15","9582","Indiana","Jess Walter",2,3,954,1200,246,7,9,-2,0
"2014-15","9582","Indiana","Lyndsay Leikem",40,3,954,1200,246,7,9,-2,0
"2014-15","9582","Maryland","A'Lexus Harrison",33,2,1014,1200,186,7,4,3,0
"2014-15","9582","Maryland","Brionna Jones",42,3,1014,1234,220,7,6,1,0
"2014-15","9582","Indiana","Taylor Agler",10,2,1108,1200,92,2,7,-5,0
"2014-15","9582","Indiana","Larryn Brooks",5,3,1200,1595,395,12,13,-1,0
"2014-15","9582","Indiana","Alexis Gassion",23,4,1200,1513,313,6,10,-4,0
"2014-15","9582","Indiana","Jenn Anderson",43,4,1200,1476,276,6,8,-2,0
"2014-15","9582","Maryland","Malina Howard",5,5,1200,1333,133,0,2,-2,0
"2014-15","9582","Maryland","Tierney Pfirman",22,3,1234,1476,242,8,4,4,0
"2014-15","9582","Maryland","Brionna Jones",42,4,1333,1851,518,15,18,-3,0
"2014-15","9582","Indiana","Karlee McBride",21,5,1476,1595,119,6,5,1,0
"2014-15","9582","Indiana","Lyndsay Leikem",40,4,1476,1595,119,6,5,1,0
"2014-15","9582","Maryland","Kiara Leslie",2,3,1476,1613,137,5,6,-1,0
"2014-15","9582","Indiana","Amanda Cahill",33,4,1513,1850,337,14,5,9,0
"2014-15","9582","Indiana","Jess Walter",2,4,1595,1725,130,3,0,3,0
"2014-15","9582","Indiana","Alexis Gassion",23,5,1595,2142,547,14,11,3,0
"2014-15","9582","Indiana","Jenn Anderson",43,5,1595,1725,130,3,0,3,0
"2014-15","9582","Maryland","Malina Howard",5,6,1613,2400,787,23,25,-2,0
"2014-15","9582","Indiana","Larryn Brooks",5,4,1725,2400,675,22,23,-1,0
"2014-15","9582","Indiana","Karlee McBride",21,6,1725,2002,277,10,6,4,0
"2014-15","9582","Indiana","Lyndsay Leikem",40,5,1725,2176,451,12,13,-1,0
"2014-15","9582","Indiana","Jess Walter",2,5,1850,2072,222,5,6,-1,0
"2014-15","9582","Maryland","Kristen Confroy",12,2,1851,1910,59,2,3,-1,0
"2014-15","9582","Maryland","A'Lexus Harrison",33,3,1910,2341,431,17,12,5,0
"2014-15","9582","Indiana","Amanda Cahill",33,5,2002,2289,287,6,15,-9,0
"2014-15","9582","Indiana","Tyra Buss",3,4,2072,2216,144,4,6,-2,0
"2014-15","9582","Indiana","Karlee McBride",21,7,2142,2216,74,3,3,0,0
"2014-15","9582","Indiana","Alexis Gassion",23,6,2176,2400,224,10,10,0,0
"2014-15","9582","Indiana","Jess Walter",2,6,2216,2261,45,0,5,-5,0
"2014-15","9582","Indiana","Taylor Agler",10,3,2216,2254,38,0,3,-3,0
"2014-15","9582","Indiana","Tyra Buss",3,5,2254,2282,28,2,2,0,0
"2014-15","9582","Indiana","Karlee McBride",21,8,2261,2282,21,2,0,2,0
"2014-15","9582","Indiana","Jess Walter",2,7,2282,2400,118,6,4,2,0
"2014-15","9582","Indiana","Taylor Agler",10,4,2282,2289,7,0,2,-2,0
"2014-15","9582","Indiana","Karlee McBride",21,9,2289,2341,52,4,0,4,0
"2014-15","9582","Indiana","Lyndsay Leikem",40,6,2289,2400,111,6,2,4,0
"2014-15","9582","Indiana","Tyra Buss",3,6,2341,2356,15,0,0,0,0
"2014-15","9582","Maryland","Kristen Confroy",12,3,2341,2356,15,0,0,0,0
"2014-15","9582","Indiana","Karlee McBride",21,10,2356,2400,44,2,2,0,0
"2014-15","9582","Maryland","A'Lexus Harrison",33,4,2356,2400,44,2,2,0,0
"2014-15","9583","Maryland","Laurin Mincy",1,1,0,1087,1087,30,26,4,1
"2014-15","9583","Maryland","Lexie Brown",4,1,0,742,742,21,21,0,1
"2014-15","9583","Maryland","Malina Howard",5,1,0,467,467,16,9,7,1
"2014-15","9583","Maryland","S. Walker-Kimbrough",32,1,0,2400,2400,69,48,21,1
"2014-15","9583","Maryland","Brionna Jones",42,1,0,382,382,12,9,3,1
"2014-15","9583","Northwestern","Ashley Deary",3,1,0,608,608,13,19,-6,1
"2014-15","9583","Northwestern","Alex Cohen",5,1,0,382,382,9,12,-3,1
"2014-15","9583","Northwestern","Nia Coffey",10,1,0,989,989,24,27,-3,1
"2014-15","9583","Northwestern","Maggie Lyon",25,1,0,2400,2400,48,69,-21,1
"2014-15","9583","Northwestern","Karly Roser",42,1,0,451,451,9,14,-5,1
"2014-15","9583","Maryland","A'Lexus Harrison",33,1,382,650,268,7,6,1,0
"2014-15","9583","Northwestern","Lauren Douglas",11,1,382,838,456,12,12,0,0
"2014-15","9583","Northwestern","Christen Inman",24,1,451,1200,749,17,18,-1,0
"2014-15","9583","Maryland","Brionna Jones",42,2,467,838,371,8,12,-4,0
"2014-15","9583","Northwestern","Karly Roser",42,2,608,838,230,8,5,3,0
"2014-15","9583","Maryland","Malina Howard",5,2,650,989,339,8,9,-1,0
"2014-15","9583","Maryland","Chloe Pavlech",15,1,742,989,247,6,3,3,0
"2014-15","9583","Maryland","Tierney Pfirman",22,1,838,989,151,3,3,0,0
"2014-15","9583","Northwestern","Ashley Deary",3,2,838,1547,709,10,17,-7,0
"2014-15","9583","Northwestern","Alex Cohen",5,2,838,1593,755,12,17,-5,0
"2014-15","9583","Maryland","Brene Moseley",3,1,989,1200,211,5,2,3,0
"2014-15","9583","Maryland","A'Lexus Harrison",33,2,989,1200,211,5,2,3,0
"2014-15","9583","Maryland","Brionna Jones",42,3,989,1711,722,20,9,11,0
"2014-15","9583","Northwestern","Lauren Douglas",11,2,989,1087,98,2,3,-1,0
"2014-15","9583","Maryland","Kristen Confroy",12,1,1087,1200,113,2,0,2,0
"2014-15","9583","Northwestern","Nia Coffey",10,2,1087,2400,1313,22,39,-17,0
"2014-15","9583","Maryland","Laurin Mincy",1,2,1200,1547,347,9,5,4,0
"2014-15","9583","Maryland","Lexie Brown",4,2,1200,1405,205,4,4,0,0
"2014-15","9583","Maryland","Malina Howard",5,3,1200,1547,347,9,5,4,0
"2014-15","9583","Northwestern","Karly Roser",42,3,1200,1728,528,9,15,-6,0
"2014-15","9583","Maryland","Brene Moseley",3,2,1405,2400,995,33,18,15,0
"2014-15","9583","Maryland","Kristen Confroy",12,2,1547,1891,344,12,8,4,0
"2014-15","9583","Maryland","Tierney Pfirman",22,2,1547,1728,181,6,4,2,0
"2014-15","9583","Northwestern","Christen Inman",24,2,1547,1728,181,4,6,-2,0
"2014-15","9583","Northwestern","Lauren Douglas",11,3,1593,2027,434,6,19,-13,0
"2014-15","9583","Maryland","Malina Howard",5,4,1711,2400,689,22,15,7,0
"2014-15","9583","Maryland","Brionna Jones",42,4,1728,2219,491,18,11,7,0
"2014-15","9583","Northwestern","Ashley Deary",3,3,1728,2400,672,13,22,-9,0
"2014-15","9583","Northwestern","Alex Cohen",5,3,1728,2172,444,8,15,-7,0
"2014-15","9583","Maryland","Lexie Brown",4,3,1891,2400,509,16,9,7,0
"2014-15","9583","Northwestern","Karly Roser",42,4,2027,2343,316,9,7,2,0
"2014-15","9583","Northwestern","Lauren Douglas",11,4,2172,2204,32,3,2,1,0
"2014-15","9583","Northwestern","Alex Cohen",5,4,2204,2292,88,0,1,-1,0
"2014-15","9583","Maryland","Laurin Mincy",1,3,2219,2395,176,4,2,2,0
"2014-15","9583","Northwestern","Lauren Douglas",11,5,2292,2293,1,0,2,-2,0
"2014-15","9583","Northwestern","Alex Cohen",5,5,2293,2343,50,2,0,2,0
"2014-15","9583","Northwestern","Lydia Rohde",12,1,2343,2400,57,0,2,-2,0
"2014-15","9583","Northwestern","Christen Johnson",32,1,2343,2400,57,0,2,-2,0
"2014-15","9583","Maryland","Kristen Confroy",12,3,2395,2400,5,0,0,0,0
"2014-15","9584","Maryland","Laurin Mincy",1,1,0,231,231,7,0,7,1
"2014-15","9584","Maryland","Lexie Brown",4,1,0,698,698,23,8,15,1
"2014-15","9584","Maryland","Malina Howard",5,1,0,268,268,7,2,5,1
"2014-15","9584","Maryland","S. Walker-Kimbrough",32,1,0,387,387,9,4,5,1
"2014-15","9584","Maryland","Brionna Jones",42,1,0,214,214,7,0,7,1
"2014-15","9584","Michigan State","Tori Jankoska",1,1,0,2370,2370,60,70,-10,1
"2014-15","9584","Michigan State","Anna Morrissey",14,1,0,357,357,4,9,-5,1
"2014-15","9584","Michigan State","Aerial Powers",23,1,0,473,473,6,12,-6,1
"2014-15","9584","Michigan State","Lexi Gussert",24,1,0,214,214,0,7,-7,1
"2014-15","9584","Michigan State","Becca Mills",52,1,0,357,357,4,9,-5,1
"2014-15","9584","Maryland","A'Lexus Harrison",33,1,214,237,23,0,2,-2,0
"2014-15","9584","Michigan State","Cara Miller",2,1,214,534,320,6,7,-1,0
"2014-15","9584","Maryland","Brene Moseley",3,1,231,275,44,0,4,-4,0
"2014-15","9584","Maryland","Tierney Pfirman",22,1,237,387,150,2,2,0,0
"2014-15","9584","Maryland","Brionna Jones",42,2,268,473,205,5,4,1,0
"2014-15","9584","Maryland","Kiara Leslie",2,1,275,357,82,2,0,2,0
"2014-15","9584","Maryland","Kristen Confroy",12,1,357,814,457,14,9,5,0
"2014-15","9584","Michigan State","Lexi Gussert",24,2,357,685,328,4,14,-10,0
"2014-15","9584","Michigan State","Kennedy Johnson",55,1,357,1377,1020,26,30,-4,0
"2014-15","9584","Maryland","Laurin Mincy",1,2,387,655,268,12,4,8,0
"2014-15","9584","Maryland","Malina Howard",5,2,387,814,427,14,9,5,0
"2014-15","9584","Maryland","A'Lexus Harrison",33,2,473,501,28,0,0,0,0
"2014-15","9584","Michigan State","Becca Mills",52,2,473,963,490,12,15,-3,0
"2014-15","9584","Maryland","Brionna Jones",42,3,501,698,197,11,2,9,0
"2014-15","9584","Michigan State","Anna Morrissey",14,2,534,1659,1125,33,38,-5,0
"2014-15","9584","Maryland","S. Walker-Kimbrough",32,2,655,1183,528,12,16,-4,0
"2014-15","9584","Michigan State","Aerial Powers",23,2,685,1139,454,14,8,6,0
"2014-15","9584","Maryland","Chloe Pavlech",15,1,698,963,265,4,10,-6,0
"2014-15","9584","Maryland","Tierney Pfirman",22,2,698,963,265,4,10,-6,0
"2014-15","9584","Maryland","Lexie Brown",4,2,814,2231,1417,45,42,3,0
"2014-15","9584","Maryland","Brionna Jones",42,4,814,1472,658,18,19,-1,0
"2014-15","9584","Maryland","Malina Howard",5,3,963,1183,220,6,6,0,0
"2014-15","9584","Maryland","Kristen Confroy",12,2,963,1200,237,6,6,0,0
"2014-15","9584","Michigan State","Cara Miller",2,2,963,1200,237,6,6,0,0
"2014-15","9584","Michigan State","Lexi Gussert",24,3,1139,2400,1261,38,39,-1,0
"2014-15","9584","Maryland","Kiara Leslie",2,2,1183,1200,17,0,0,0,0
"2014-15","9584","Maryland","Tierney Pfirman",22,3,1183,1200,17,0,0,0,0
"2014-15","9584","Maryland","Laurin Mincy",1,3,1200,1617,417,15,15,0,0
"2014-15","9584","Maryland","Malina Howard",5,4,1200,1503,303,8,10,-2,0
"2014-15","9584","Maryland","S. Walker-Kimbrough",32,3,1200,1260,60,4,3,1,0
"2014-15","9584","Michigan State","Aerial Powers",23,3,1200,1617,417,15,15,0,0
"2014-15","9584","Maryland","Kristen Confroy",12,3,1260,2032,772,25,21,4,0
"2014-15","9584","Michigan State","Becca Mills",52,3,1377,1693,316,9,13,-4,0
"2014-15","9584","Maryland","Tierney Pfirman",22,4,1472,1503,31,0,2,-2,0
"2014-15","9584","Maryland","S. Walker-Kimbrough",32,4,1503,1745,242,11,5,6,0
"2014-15","9584","Maryland","Brionna Jones",42,5,1503,1857,354,17,7,10,0
"2014-15","9584","Maryland","Brene Moseley",3,2,1617,2400,783,22,21,1,0
"2014-15","9584","Michigan State","Cara Miller",2,3,1617,2400,783,21,22,-1,0
"2014-15","9584","Michigan State","Aerial Powers",23,4,1659,2400,741,21,18,3,0
"2014-15","9584","Michigan State","Kennedy Johnson",55,2,1693,1857,164,2,6,-4,0
"2014-15","9584","Maryland","Malina Howard",5,5,1745,2400,655,18,21,-3,0
"2014-15","9584","Maryland","Kiara Leslie",2,3,1857,2000,143,4,4,0,0
"2014-15","9584","Michigan State","Becca Mills",52,4,1857,2335,478,17,12,5,0
"2014-15","9584","Maryland","Brionna Jones",42,6,2000,2316,316,8,11,-3,0
"2014-15","9584","Maryland","S. Walker-Kimbrough",32,5,2032,2107,75,4,4,0,0
"2014-15","9584","Maryland","Laurin Mincy",1,4,2107,2400,293,4,8,-4,0
"2014-15","9584","Maryland","Kristen Confroy",12,4,2231,2400,169,2,5,-3,0
"2014-15","9584","Maryland","A'Lexus Harrison",33,3,2316,2400,84,0,4,-4,0
"2014-15","9584","Michigan State","Kennedy Johnson",55,3,2335,2400,65,2,0,2,0
"2014-15","9584","Michigan State","Anna Morrissey",14,3,2370,2400,30,0,0,0,0
"2014-15","9585","Maryland","Laurin Mincy",1,1,0,462,462,12,18,-6,1
"2014-15","9585","Maryland","Lexie Brown",4,1,0,764,764,19,27,-8,1
"2014-15","9585","Maryland","Malina Howard",5,1,0,462,462,12,18,-6,1
"2014-15","9585","Maryland","S. Walker-Kimbrough",32,1,0,370,370,12,11,1,1
"2014-15","9585","Maryland","Brionna Jones",42,1,0,370,370,12,11,1,1
"2014-15","9585","Northwestern","Ashley Deary",3,1,0,462,462,18,12,6,1
"2014-15","9585","Northwestern","Alex Cohen",5,1,0,526,526,18,12,6,1
"2014-15","9585","Northwestern","Nia Coffey",10,1,0,462,462,18,12,6,1
"2014-15","9585","Northwestern","Maggie Lyon",25,1,0,634,634,25,17,8,1
"2014-15","9585","Northwestern","Karly Roser",42,1,0,370,370,11,12,-1,1
"2014-15","9585","Maryland","Kristen Confroy",12,1,370,526,156,0,7,-7,0
"2014-15","9585","Maryland","Tierney Pfirman",22,1,370,492,122,0,7,-7,0
"2014-15","9585","Northwestern","Christen Inman",24,1,370,693,323,14,7,7,0
"2014-15","9585","Maryland","S. Walker-Kimbrough",32,2,462,940,478,11,11,0,0
"2014-15","9585","Maryland","Brionna Jones",42,2,462,526,64,0,0,0,0
"2014-15","9585","Northwestern","Lauren Douglas",11,1,462,855,393,9,9,0,0
"2014-15","9585","Northwestern","Karly Roser",42,2,462,764,302,9,7,2,0
"2014-15","9585","Maryland","A'Lexus Harrison",33,1,492,535,43,0,3,-3,0
"2014-15","9585","Maryland","Brene Moseley",3,1,526,1200,674,24,13,11,0
"2014-15","9585","Maryland","Malina Howard",5,2,526,940,414,11,11,0,0
"2014-15","9585","Northwestern","Nia Coffey",10,2,526,2188,1662,30,46,-16,0
"2014-15","9585","Maryland","Tierney Pfirman",22,2,535,855,320,9,6,3,0
"2014-15","9585","Northwestern","Ashley Deary",3,2,634,1117,483,4,13,-9,0
"2014-15","9585","Northwestern","Alex Cohen",5,2,693,2217,1524,25,39,-14,0
"2014-15","9585","Maryland","Laurin Mincy",1,2,764,1677,913,36,10,26,0
"2014-15","9585","Northwestern","Maggie Lyon",25,2,764,2297,1533,27,45,-18,0
"2014-15","9585","Maryland","Kristen Confroy",12,2,855,1200,345,15,4,11,0
"2014-15","9585","Northwestern","Christen Inman",24,2,855,918,63,2,2,0,0
"2014-15","9585","Northwestern","Karly Roser",42,3,918,1486,568,6,25,-19,0
"2014-15","9585","Maryland","Kiara Leslie",2,1,940,1200,260,13,2,11,0
"2014-15","9585","Maryland","Tierney Pfirman",22,3,940,1162,222,11,0,11,0
"2014-15","9585","Northwestern","Christen Inman",24,3,1117,1200,83,2,6,-4,0
"2014-15","9585","Maryland","Malina Howard",5,3,1162,1184,22,0,2,-2,0
"2014-15","9585","Maryland","Tierney Pfirman",22,4,1184,1200,16,2,0,2,0
"2014-15","9585","Maryland","Lexie Brown",4,2,1200,1630,430,19,6,13,0
"2014-15","9585","Maryland","Malina Howard",5,4,1200,1846,646,20,8,12,0
"2014-15","9585","Maryland","S. Walker-Kimbrough",32,3,1200,1630,430,19,6,13,0
"2014-15","9585","Maryland","Brionna Jones",42,3,1200,1630,430,19,6,13,0
"2014-15","9585","Northwestern","Ashley Deary",3,3,1200,1748,548,6,19,-13,0
"2014-15","9585","Northwestern","Lauren Douglas",11,2,1486,1905,419,6,8,-2,0
"2014-15","9585","Maryland","Brene Moseley",3,2,1630,1846,216,1,2,-1,0
"2014-15","9585","Maryland","Kristen Confroy",12,3,1630,1905,275,1,4,-3,0
"2014-15","9585","Maryland","Tierney Pfirman",22,5,1630,1804,174,1,0,1,0
"2014-15","9585","Maryland","Kiara Leslie",2,2,1677,1846,169,1,2,-1,0
"2014-15","9585","Northwestern","Karly Roser",42,4,1748,2400,652,26,19,7,0
"2014-15","9585","Maryland","Brionna Jones",42,4,1804,2217,413,2,13,-11,0
"2014-15","9585","Maryland","Laurin Mincy",1,3,1846,2217,371,2,11,-9,0
"2014-15","9585","Maryland","Lexie Brown",4,3,1846,2400,554,18,24,-6,0
"2014-15","9585","Maryland","S. Walker-Kimbrough",32,4,1846,2034,188,2,6,-4,0
"2014-15","9585","Maryland","Tierney Pfirman",22,6,1905,2034,129,2,4,-2,0
"2014-15","9585","Northwestern","Ashley Deary",3,4,1905,2400,495,22,18,4,0
"2014-15","9585","Maryland","Brene Moseley",3,3,2034,2400,366,16,18,-2,0
"2014-15","9585","Maryland","Malina Howard",5,5,2034,2400,366,16,18,-2,0
"2014-15","9585","Northwestern","Lauren Douglas",11,3,2188,2400,212,15,16,-1,0
"2014-15","9585","Maryland","Tierney Pfirman",22,7,2217,2400,183,16,13,3,0
"2014-15","9585","Maryland","S. Walker-Kimbrough",32,5,2217,2268,51,2,2,0,0
"2014-15","9585","Northwestern","Christen Inman",24,4,2217,2263,46,0,2,-2,0
"2014-15","9585","Northwestern","Alex Cohen",5,3,2263,2400,137,13,14,-1,0
"2014-15","9585","Maryland","Laurin Mincy",1,4,2268,2400,132,14,11,3,0
"2014-15","9585","Northwestern","Christen Inman",24,5,2297,2345,48,2,3,-1,0
"2014-15","9585","Northwestern","Lydia Rohde",12,1,2345,2400,55,7,7,0,0
"2014-15","9586","Maryland","Laurin Mincy",1,1,0,897,897,33,29,4,1
"2014-15","9586","Maryland","Lexie Brown",4,1,0,1011,1011,33,32,1,1
"2014-15","9586","Maryland","Malina Howard",5,1,0,296,296,10,9,1,1
"2014-15","9586","Maryland","S. Walker-Kimbrough",32,1,0,555,555,19,16,3,1
"2014-15","9586","Maryland","Brionna Jones",42,1,0,177,177,5,7,-2,1
"2014-15","9586","Ohio State","Kelsey Mitchell",3,1,0,809,809,27,27,0,1
"2014-15","9586","Ohio State","Cait Craft",13,1,0,470,470,12,17,-5,1
"2014-15","9586","Ohio State","Ameryst Alston",14,1,0,177,177,7,5,2,1
"2014-15","9586","Ohio State","Asia Doss",20,1,0,305,305,9,10,-1,1
"2014-15","9586","Ohio State","Alexa Hart",22,1,0,2017,2017,60,63,-3,1
"2014-15","9586","Maryland","Tierney Pfirman",22,1,177,369,192,7,5,2,0
"2014-15","9586","Ohio State","Shayla Cooper",32,1,177,682,505,15,19,-4,0
"2014-15","9586","Maryland","Kiara Leslie",2,1,296,682,386,14,13,1,0
"2014-15","9586","Ohio State","Ameryst Alston",14,2,305,2400,2095,65,67,-2,0
"2014-15","9586","Maryland","Malina Howard",5,2,369,555,186,7,4,3,0
"2014-15","9586","Ohio State","Asia Doss",20,2,470,596,126,4,5,-1,0
"2014-15","9586","Maryland","Kristen Confroy",12,1,555,844,289,11,11,0,0
"2014-15","9586","Maryland","Brionna Jones",42,2,555,682,127,5,6,-1,0
"2014-15","9586","Ohio State","Cait Craft",13,2,596,844,248,11,8,3,0
"2014-15","9586","Maryland","Malina Howard",5,3,682,1398,716,23,13,10,0
"2014-15","9586","Maryland","Tierney Pfirman",22,2,682,809,127,3,5,-2,0
"2014-15","9586","Ohio State","Lisa Blair",21,1,682,809,127,5,3,2,0
"2014-15","9586","Maryland","A'Lexus Harrison",33,1,809,963,154,6,2,4,0
"2014-15","9586","Ohio State","Asia Doss",20,3,809,1200,391,7,15,-8,0
"2014-15","9586","Ohio State","Shayla Cooper",32,2,809,1052,243,5,7,-2,0
"2014-15","9586","Maryland","S. Walker-Kimbrough",32,2,844,2400,1556,47,47,0,0
"2014-15","9586","Ohio State","Kelsey Mitchell",3,2,844,2400,1556,47,47,0,0
"2014-15","9586","Maryland","Kristen Confroy",12,2,897,997,100,0,2,-2,0
"2014-15","9586","Maryland","Kiara Leslie",2,2,963,1200,237,9,5,4,0
"2014-15","9586","Maryland","Laurin Mincy",1,2,997,2025,1028,30,31,-1,0
"2014-15","9586","Maryland","Brene Moseley",3,1,1011,1200,189,9,2,7,0
"2014-15","9586","Ohio State","Cait Craft",13,3,1052,1522,470,13,18,-5,0
"2014-15","9586","Maryland","Lexie Brown",4,2,1200,1973,773,19,24,-5,0
"2014-15","9586","Maryland","Brionna Jones",42,3,1200,1357,157,5,1,4,0
"2014-15","9586","Ohio State","Shayla Cooper",32,3,1200,1924,724,22,18,4,0
"2014-15","9586","Maryland","Kiara Leslie",2,3,1357,1519,162,5,10,-5,0
"2014-15","9586","Maryland","Tierney Pfirman",22,3,1398,1519,121,5,10,-5,0
"2014-15","9586","Maryland","Brene Moseley",3,2,1519,1666,147,2,6,-4,0
"2014-15","9586","Maryland","Malina Howard",5,4,1519,2025,506,11,17,-6,0
"2014-15","9586","Ohio State","Asia Doss",20,4,1522,2192,670,23,21,2,0
"2014-15","9586","Maryland","Brionna Jones",42,4,1666,1755,89,2,0,2,0
"2014-15","9586","Maryland","Kiara Leslie",2,4,1755,2400,645,21,23,-2,0
"2014-15","9586","Ohio State","Cait Craft",13,4,1924,2400,476,18,17,1,0
"2014-15","9586","Maryland","Brene Moseley",3,3,1973,2058,85,4,5,-1,0
"2014-15","9586","Ohio State","Shayla Cooper",32,4,2017,2400,383,14,14,0,0
"2014-15","9586","Maryland","Lexie Brown",4,3,2025,2400,375,14,12,2,0
"2014-15","9586","Maryland","Brionna Jones",42,5,2025,2222,197,10,6,4,0
"2014-15","9586","Maryland","Laurin Mincy",1,3,2058,2400,342,12,11,1,0
"2014-15","9586","Ohio State","Alexa Hart",22,2,2192,2400,208,6,4,2,0
"2014-15","9586","Maryland","Malina Howard",5,5,2222,2246,24,0,3,-3,0
"2014-15","9586","Maryland","Brionna Jones",42,6,2246,2253,7,2,0,2,0
"2014-15","9586","Maryland","Malina Howard",5,6,2253,2274,21,0,0,0,0
"2014-15","9586","Maryland","Brionna Jones",42,7,2274,2305,31,0,0,0,0
"2014-15","9586","Maryland","Malina Howard",5,7,2305,2343,38,0,3,-3,0
"2014-15","9586","Maryland","Brionna Jones",42,8,2343,2393,50,0,0,0,0
"2014-15","9586","Maryland","Kristen Confroy",12,3,2393,2396,3,2,0,2,0
"2014-15","9586","Maryland","Brionna Jones",42,9,2396,2400,4,0,0,0,0
"2014-15","9587","Maryland","Laurin Mincy",1,1,0,757,757,27,16,11,1
"2014-15","9587","Maryland","Lexie Brown",4,1,0,424,424,13,8,5,1
"2014-15","9587","Maryland","Malina Howard",5,1,0,362,362,9,8,1,1
"2014-15","9587","Maryland","S. Walker-Kimbrough",32,1,0,157,157,4,4,0,1
"2014-15","9587","Maryland","Brionna Jones",42,1,0,263,263,9,6,3,1
"2014-15","9587","New Mexico State","Sasha Weber",4,1,0,362,362,8,9,-1,1
"2014-15","9587","New Mexico State","Shanice Davis",11,1,0,1894,1894,44,67,-23,1
"2014-15","9587","New Mexico State","Abby Scott",23,1,0,362,362,8,9,-1,1
"2014-15","9587","New Mexico State","Brianna Freeman",24,1,0,525,525,10,15,-5,1
"2014-15","9587","New Mexico State","Moriah Mack",35,1,0,525,525,10,15,-5,1
"2014-15","9587","Maryland","Kristen Confroy",12,1,157,362,205,5,4,1,0
"2014-15","9587","Maryland","Tierney Pfirman",22,1,263,525,262,6,4,2,0
"2014-15","9587","Maryland","S. Walker-Kimbrough",32,2,362,1436,1074,39,30,9,0
"2014-15","9587","Maryland","Brionna Jones",42,2,362,1162,800,33,21,12,0
"2014-15","9587","New Mexico State","Jasmine Cooper",1,1,362,424,62,0,4,-4,0
"2014-15","9587","New Mexico State","Tamera William",21,1,362,1162,800,21,33,-12,0
"2014-15","9587","Maryland","Brene Moseley",3,1,424,1200,776,29,24,5,0
"2014-15","9587","New Mexico State","Sasha Weber",4,2,424,757,333,8,14,-6,0
"2014-15","9587","Maryland","Malina Howard",5,2,525,616,91,5,2,3,0
"2014-15","9587","New Mexico State","Zaire Williams",12,1,525,616,91,2,5,-3,0
"2014-15","9587","New Mexico State","Tyler Ellis",22,1,525,616,91,2,5,-3,0
"2014-15","9587","Maryland","Lexie Brown",4,2,616,900,284,13,10,3,0
"2014-15","9587","New Mexico State","Brianna Freeman",24,2,616,1162,546,17,22,-5,0
"2014-15","9587","New Mexico State","Moriah Mack",35,2,616,1373,757,24,26,-2,0
"2014-15","9587","Maryland","Kristen Confroy",12,2,757,1200,443,15,16,-1,0
"2014-15","9587","New Mexico State","Jasmine Cooper",1,2,757,900,143,6,6,0,0
"2014-15","9587","Maryland","Laurin Mincy",1,2,900,1677,777,27,18,9,0
"2014-15","9587","New Mexico State","Sasha Weber",4,3,900,1200,300,10,9,1,0
"2014-15","9587","Maryland","Malina Howard",5,3,1162,1481,319,9,9,0,0
"2014-15","9587","New Mexico State","Zaire Williams",12,2,1162,1200,38,3,0,3,0
"2014-15","9587","New Mexico State","Kassandra Harris",13,1,1162,1200,38,3,0,3,0
"2014-15","9587","Maryland","Lexie Brown",4,3,1200,1677,477,18,8,10,0
"2014-15","9587","Maryland","Brionna Jones",42,3,1200,1436,236,6,6,0,0
"2014-15","9587","New Mexico State","Tamera William",21,2,1200,2400,1200,25,33,-8,0
"2014-15","9587","New Mexico State","Abby Scott",23,2,1200,1475,275,6,9,-3,0
"2014-15","9587","New Mexico State","Brianna Freeman",24,3,1200,1551,351,6,11,-5,0
"2014-15","9587","Maryland","Kiara Leslie",2,1,1436,1791,355,17,4,13,0
"2014-15","9587","Maryland","Kristen Confroy",12,3,1436,2326,890,27,16,11,0
"2014-15","9587","New Mexico State","Zaire Williams",12,3,1436,1989,553,6,19,-13,0
"2014-15","9587","New Mexico State","Moriah Mack",35,3,1475,1677,202,2,9,-7,0
"2014-15","9587","Maryland","Brionna Jones",42,4,1481,1616,135,4,2,2,0
"2014-15","9587","New Mexico State","Tyler Ellis",22,2,1551,1677,126,2,7,-5,0
"2014-15","9587","Maryland","Malina Howard",5,4,1616,1791,175,10,2,8,0
"2014-15","9587","Maryland","Brene Moseley",3,2,1677,1791,114,5,2,3,0
"2014-15","9587","Maryland","S. Walker-Kimbrough",32,3,1677,2110,433,10,9,1,0
"2014-15","9587","New Mexico State","Kassandra Harris",13,2,1677,1791,114,2,5,-3,0
"2014-15","9587","Maryland","Laurin Mincy",1,3,1791,2048,257,5,4,1,0
"2014-15","9587","Maryland","Lexie Brown",4,4,1791,2192,401,5,7,-2,0
"2014-15","9587","Maryland","Brionna Jones",42,5,1791,2048,257,5,4,1,0
"2014-15","9587","New Mexico State","Brianna Freeman",24,4,1791,1817,26,0,2,-2,0
"2014-15","9587","New Mexico State","Moriah Mack",35,4,1791,2400,609,15,10,5,0
"2014-15","9587","New Mexico State","Jasmine Cooper",1,3,1817,1989,172,2,0,2,0
"2014-15","9587","New Mexico State","Sasha Weber",4,4,1894,2400,506,13,8,5,0
"2014-15","9587","New Mexico State","Shanice Davis",11,2,1989,2234,245,5,5,0,0
"2014-15","9587","New Mexico State","Kassandra Harris",13,3,1989,2035,46,2,3,-1,0
"2014-15","9587","New Mexico State","Jasmine Cooper",1,4,2035,2177,142,3,0,3,0
"2014-15","9587","Maryland","Kiara Leslie",2,2,2048,2400,352,5,11,-6,0
"2014-15","9587","Maryland","Malina Howard",5,5,2048,2234,186,2,3,-1,0
"2014-15","9587","New Mexico State","Emily Hardin",10,1,2048,2056,8,3,0,3,0
"2014-15","9587","Maryland","Brene Moseley",3,3,2110,2400,290,5,8,-3,0
"2014-15","9587","New Mexico State","Brianna Freeman",24,5,2177,2400,223,8,5,3,0
"2014-15","9587","Maryland","Chloe Pavlech",15,1,2192,2400,208,5,8,-3,0
"2014-15","9587","Maryland","Tierney Pfirman",22,2,2234,2400,166,3,8,-5,0
"2014-15","9587","New Mexico State","Abby Scott",23,3,2234,2400,166,8,3,5,0
"2014-15","9587","Maryland","A'Lexus Harrison",33,1,2326,2400,74,0,3,-3,0
"2014-15","9588","Maryland","Laurin Mincy",1,1,0,344,344,12,8,4,1
"2014-15","9588","Maryland","Lexie Brown",4,1,0,1915,1915,72,51,21,1
"2014-15","9588","Maryland","Malina Howard",5,1,0,344,344,12,8,4,1
"2014-15","9588","Maryland","S. Walker-Kimbrough",32,1,0,437,437,16,12,4,1
"2014-15","9588","Maryland","Brionna Jones",42,1,0,131,131,0,2,-2,1
"2014-15","9588","Princeton","Blake Dietrick",11,1,0,2400,2400,70,85,-15,1
"2014-15","9588","Princeton","Amanda Berntsen",14,1,0,437,437,12,16,-4,1
"2014-15","9588","Princeton","Annie Tarakchian",15,1,0,2400,2400,70,85,-15,1
"2014-15","9588","Princeton","Alex Wheatley",21,1,0,437,437,12,16,-4,1
"2014-15","9588","Princeton","Michelle Miller",34,1,0,527,527,17,17,0,1
"2014-15","9588","Maryland","Tierney Pfirman",22,1,131,344,213,12,6,6,0
"2014-15","9588","Maryland","Kiara Leslie",2,1,344,602,258,5,11,-6,0
"2014-15","9588","Maryland","Kristen Confroy",12,1,344,492,148,4,6,-2,0
"2014-15","9588","Maryland","Brionna Jones",42,2,344,749,405,10,15,-5,0
"2014-15","9588","Maryland","Malina Howard",5,2,437,665,228,4,9,-5,0
"2014-15","9588","Princeton","Vanessa Smith",13,1,437,1200,763,26,26,0,0
"2014-15","9588","Princeton","Mariah Smith",25,1,437,652,215,9,4,5,0
"2014-15","9588","Princeton","Alex Wheatley",21,2,527,903,376,13,11,2,0
"2014-15","9588","Maryland","S. Walker-Kimbrough",32,2,602,2309,1707,63,49,14,0
"2014-15","9588","Princeton","Michelle Miller",34,2,652,1166,514,17,20,-3,0
"2014-15","9588","Maryland","Tierney Pfirman",22,2,665,749,84,2,2,0,0
"2014-15","9588","Maryland","Malina Howard",5,3,749,976,227,11,7,4,0
"2014-15","9588","Maryland","A'Lexus Harrison",33,1,749,842,93,2,5,-3,0
"2014-15","9588","Maryland","Tierney Pfirman",22,3,842,1166,324,16,10,6,0
"2014-15","9588","Princeton","Taylor Williams",22,1,903,1166,263,8,12,-4,0
"2014-15","9588","Maryland","Brionna Jones",42,3,976,1166,190,7,8,-1,0
"2014-15","9588","Maryland","Kiara Leslie",2,2,1166,1200,34,2,0,2,0
"2014-15","9588","Maryland","Malina Howard",5,4,1166,1668,502,22,9,13,0
"2014-15","9588","Princeton","Amanda Berntsen",14,2,1166,1504,338,2,17,-15,0
"2014-15","9588","Princeton","Alex Wheatley",21,3,1166,1750,584,11,24,-13,0
"2014-15","9588","Maryland","Laurin Mincy",1,2,1200,1996,796,33,15,18,0
"2014-15","9588","Maryland","Brionna Jones",42,4,1200,1512,312,15,2,13,0
"2014-15","9588","Princeton","Michelle Miller",34,3,1200,1624,424,4,20,-16,0
"2014-15","9588","Princeton","Vanessa Smith",13,2,1504,2400,896,30,28,2,0
"2014-15","9588","Maryland","Tierney Pfirman",22,4,1512,1624,112,5,2,3,0
"2014-15","9588","Maryland","Brionna Jones",42,5,1624,2264,640,18,21,-3,0
"2014-15","9588","Princeton","Mariah Smith",25,2,1624,2061,437,14,13,1,0
"2014-15","9588","Maryland","Tierney Pfirman",22,5,1668,1820,152,5,4,1,0
"2014-15","9588","Princeton","Taylor Williams",22,2,1750,1915,165,2,8,-6,0
"2014-15","9588","Maryland","Malina Howard",5,5,1820,2061,241,8,5,3,0
"2014-15","9588","Maryland","Brene Moseley",3,1,1915,2061,146,3,5,-2,0
"2014-15","9588","Princeton","Michelle Miller",34,4,1915,2400,485,19,13,6,0
"2014-15","9588","Maryland","Lexie Brown",4,2,1996,2400,404,10,17,-7,0
"2014-15","9588","Maryland","Laurin Mincy",1,3,2061,2400,339,10,14,-4,0
"2014-15","9588","Maryland","Tierney Pfirman",22,6,2061,2309,248,5,12,-7,0
"2014-15","9588","Princeton","Alex Wheatley",21,4,2061,2400,339,14,10,4,0
"2014-15","9588","Maryland","Malina Howard",5,6,2264,2400,136,5,7,-2,0
"2014-15","9588","Maryland","Kristen Confroy",12,2,2309,2400,91,5,2,3,0
"2014-15","9588","Maryland","Brionna Jones",42,6,2309,2400,91,5,2,3,0
"2014-15","9589","Duke","Elizabeth Williams",1,1,0,853,853,15,19,-4,1
"2014-15","9589","Duke","Azura Stevens",11,1,0,403,403,11,12,-1,1
"2014-15","9589","Duke","Ka'lia Johnson",14,1,0,403,403,11,12,-1,1
"2014-15","9589","Duke","Rebecca Greenwell",23,1,0,485,485,11,12,-1,1
"2014-15","9589","Duke","Amber Henson",30,1,0,189,189,4,7,-3,1
"2014-15","9589","Maryland","Laurin Mincy",1,1,0,960,960,19,15,4,1
"2014-15","9589","Maryland","Lexie Brown",4,1,0,636,636,14,13,1,1
"2014-15","9589","Maryland","Malina Howard",5,1,0,262,262,9,6,3,1
"2014-15","9589","Maryland","S. Walker-Kimbrough",32,1,0,403,403,12,11,1,1
"2014-15","9589","Maryland","Brionna Jones",42,1,0,403,403,12,11,1,1
"2014-15","9589","Duke","Kendall Cooper",21,1,189,485,296,7,5,2,0
"2014-15","9589","Maryland","Tierney Pfirman",22,1,262,421,159,3,5,-2,0
"2014-15","9589","Duke","Mercedes Riggs",12,1,403,586,183,0,2,-2,0
"2014-15","9589","Duke","Amber Henson",30,2,403,1072,669,6,14,-8,0
"2014-15","9589","Maryland","Kiara Leslie",2,1,403,704,301,2,2,0,0
"2014-15","9589","Maryland","Malina Howard",5,2,403,586,183,2,0,2,0
"2014-15","9589","Maryland","Brionna Jones",42,2,421,485,64,0,0,0,0
"2014-15","9589","Duke","Azura Stevens",11,2,485,704,219,2,2,0,0
"2014-15","9589","Duke","Ka'lia Johnson",14,2,485,1111,626,8,14,-6,0
"2014-15","9589","Maryland","Tierney Pfirman",22,2,485,586,101,2,0,2,0
"2014-15","9589","Duke","Rebecca Greenwell",23,2,586,1093,507,8,12,-4,0
"2014-15","9589","Maryland","S. Walker-Kimbrough",32,2,586,1149,563,15,10,5,0
"2014-15","9589","Maryland","Brionna Jones",42,3,586,945,359,5,4,1,0
"2014-15","9589","Maryland","Brene Moseley",3,1,636,916,280,5,2,3,0
"2014-15","9589","Duke","Kendall Cooper",21,2,704,879,175,2,5,-3,0
"2014-15","9589","Maryland","Kristen Confroy",12,1,704,1111,407,12,6,6,0
"2014-15","9589","Duke","Azura Stevens",11,3,853,1597,744,24,23,1,0
"2014-15","9589","Duke","Elizabeth Williams",1,2,879,1767,888,26,28,-2,0
"2014-15","9589","Maryland","Lexie Brown",4,2,916,1712,796,25,26,-1,0
"2014-15","9589","Maryland","Malina Howard",5,3,945,980,35,0,0,0,0
"2014-15","9589","Maryland","Kiara Leslie",2,2,960,980,20,0,0,0,0
"2014-15","9589","Maryland","Laurin Mincy",1,2,980,2400,1420,46,40,6,0
"2014-15","9589","Maryland","Brionna Jones",42,4,980,1423,443,16,14,2,0
"2014-15","9589","Duke","Kendall Cooper",21,3,1072,1122,50,4,0,4,0
"2014-15","9589","Duke","Mercedes Riggs",12,2,1093,1149,56,2,3,-1,0
"2014-15","9589","Duke","Rebecca Greenwell",23,3,1111,1423,312,10,9,1,0
"2014-15","9589","Maryland","Kiara Leslie",2,3,1111,1200,89,5,4,1,0
"2014-15","9589","Duke","Amber Henson",30,3,1122,1521,399,13,14,-1,0
"2014-15","9589","Duke","Ka'lia Johnson",14,3,1149,1380,231,8,6,2,0
"2014-15","9589","Maryland","A'Lexus Harrison",33,1,1149,1200,51,2,2,0,0
"2014-15","9589","Maryland","Malina Howard",5,4,1200,1471,271,6,9,-3,0
"2014-15","9589","Maryland","S. Walker-Kimbrough",32,3,1200,2373,1173,33,30,3,0
"2014-15","9589","Duke","Mercedes Riggs",12,3,1380,1471,91,3,2,1,0
"2014-15","9589","Duke","Ka'lia Johnson",14,4,1423,1835,412,15,14,1,0
"2014-15","9589","Maryland","Tierney Pfirman",22,3,1423,1654,231,7,12,-5,0
"2014-15","9589","Duke","Rebecca Greenwell",23,4,1471,2400,929,23,28,-5,0
"2014-15","9589","Maryland","Brionna Jones",42,5,1471,1903,432,14,12,2,0
"2014-15","9589","Duke","Kendall Cooper",21,4,1521,1712,191,7,4,3,0
"2014-15","9589","Duke","Amber Henson",30,4,1597,1903,306,5,9,-4,0
"2014-15","9589","Maryland","Malina Howard",5,5,1654,2064,410,15,7,8,0
"2014-15","9589","Duke","Azura Stevens",11,4,1712,2400,688,14,21,-7,0
"2014-15","9589","Maryland","Brene Moseley",3,2,1712,2400,688,21,14,7,0
"2014-15","9589","Duke","Kendall Cooper",21,5,1767,1851,84,3,2,1,0
"2014-15","9589","Duke","Mercedes Riggs",12,4,1835,1903,68,0,2,-2,0
"2014-15","9589","Duke","Elizabeth Williams",1,3,1851,2400,549,11,16,-5,0
"2014-15","9589","Duke","Ka'lia Johnson",14,5,1903,2400,497,11,14,-3,0
"2014-15","9589","Duke","Kendall Cooper",21,6,1903,1961,58,2,1,1,0
"2014-15","9589","Maryland","Kiara Leslie",2,4,1903,2400,497,14,11,3,0
"2014-15","9589","Duke","Amber Henson",30,5,1961,2298,337,5,8,-3,0
"2014-15","9589","Maryland","Brionna Jones",42,6,2064,2373,309,7,5,2,0
"2014-15","9589","Duke","Kendall Cooper",21,7,2298,2400,102,4,5,-1,0
"2014-15","9589","Maryland","Lexie Brown",4,3,2373,2385,12,1,2,-1,0
"2014-15","9589","Maryland","Kristen Confroy",12,2,2373,2384,11,1,0,1,0
"2014-15","9589","Maryland","Malina Howard",5,6,2384,2385,1,0,2,-2,0
"2014-15","9589","Maryland","Kristen Confroy",12,3,2385,2400,15,0,0,0,0
"2014-15","9589","Maryland","S. Walker-Kimbrough",32,4,2385,2400,15,0,0,0,0
"2014-15","9590","Maryland","Laurin Mincy",1,1,0,720,720,14,15,-1,1
"2014-15","9590","Maryland","Lexie Brown",4,1,0,94,94,0,5,-5,1
"2014-15","9590","Maryland","Malina Howard",5,1,0,361,361,2,9,-7,1
"2014-15","9590","Maryland","S. Walker-Kimbrough",32,1,0,440,440,7,9,-2,1
"2014-15","9590","Maryland","Brionna Jones",42,1,0,268,268,2,7,-5,1
"2014-15","9590","Tennessee","Jordan Reynolds",0,1,0,344,344,9,2,7,1
"2014-15","9590","Tennessee","Ariel Massengale",5,1,0,2400,2400,48,58,-10,1
"2014-15","9590","Tennessee","Cierra Burdick",11,1,0,440,440,9,7,2,1
"2014-15","9590","Tennessee","Bashaara Graves",12,1,0,268,268,7,2,5,1
"2014-15","9590","Tennessee","Andraya Carter",14,1,0,440,440,9,7,2,1
"2014-15","9590","Maryland","Brene Moseley",3,1,94,268,174,2,2,0,0
"2014-15","9590","Maryland","Lexie Brown",4,2,268,2400,2132,56,41,15,0
"2014-15","9590","Maryland","Tierney Pfirman",22,1,268,509,241,5,2,3,0
"2014-15","9590","Tennessee","Jaime Nared",31,1,268,668,400,8,9,-1,0
"2014-15","9590","Tennessee","Alexa Middleton",33,1,344,815,471,6,12,-6,0
"2014-15","9590","Maryland","Brionna Jones",42,2,361,509,148,5,0,5,0
"2014-15","9590","Maryland","Kiara Leslie",2,1,440,668,228,4,6,-2,0
"2014-15","9590","Tennessee","Jordan Reynolds",0,2,440,668,228,6,4,2,0
"2014-15","9590","Tennessee","Bashaara Graves",12,2,440,668,228,6,4,2,0
"2014-15","9590","Maryland","Malina Howard",5,2,509,668,159,4,6,-2,0
"2014-15","9590","Maryland","S. Walker-Kimbrough",32,2,509,785,276,7,6,1,0
"2014-15","9590","Maryland","Brene Moseley",3,2,668,747,79,3,0,3,0
"2014-15","9590","Maryland","Brionna Jones",42,3,668,1862,1194,30,27,3,0
"2014-15","9590","Tennessee","Nia Moore",1,1,668,720,52,0,3,-3,0
"2014-15","9590","Tennessee","Cierra Burdick",11,2,668,2039,1371,29,33,-4,0
"2014-15","9590","Tennessee","Andraya Carter",14,2,668,2039,1371,29,33,-4,0
"2014-15","9590","Maryland","Kiara Leslie",2,2,720,914,194,4,2,2,0
"2014-15","9590","Tennessee","Bashaara Graves",12,3,720,1060,340,4,6,-2,0
"2014-15","9590","Maryland","Malina Howard",5,3,747,914,167,4,2,2,0
"2014-15","9590","Maryland","Laurin Mincy",1,2,785,2400,1615,44,33,11,0
"2014-15","9590","Tennessee","Jordan Reynolds",0,3,815,1862,1047,27,27,0,0
"2014-15","9590","Maryland","Tierney Pfirman",22,2,914,1060,146,2,2,0,0
"2014-15","9590","Maryland","S. Walker-Kimbrough",32,3,914,1393,479,6,10,-4,0
"2014-15","9590","Maryland","Kiara Leslie",2,3,1060,1100,40,0,0,0,0
"2014-15","9590","Tennessee","Jaime Nared",31,2,1060,1200,140,2,2,0,0
"2014-15","9590","Maryland","Brene Moseley",3,3,1100,1200,100,2,2,0,0
"2014-15","9590","Maryland","Kristen Confroy",12,1,1200,2400,1200,36,27,9,0
"2014-15","9590","Tennessee","Bashaara Graves",12,4,1200,1675,475,13,12,1,0
"2014-15","9590","Maryland","A'Lexus Harrison",33,1,1466,1879,413,12,15,-3,0
"2014-15","9590","Maryland","S. Walker-Kimbrough",32,4,1552,2340,788,22,14,8,0
"2014-15","9590","Tennessee","Jaime Nared",31,3,1675,2107,432,12,10,2,0
"2014-15","9590","Maryland","Malina Howard",5,4,1862,1879,17,0,2,-2,0
"2014-15","9590","Tennessee","Alexa Middleton",33,2,1862,2107,245,4,3,1,0
"2014-15","9590","Maryland","Kiara Leslie",2,4,1879,2302,423,8,2,6,0
"2014-15","9590","Maryland","Brionna Jones",42,4,1879,2400,521,17,4,13,0
"2014-15","9590","Tennessee","Jordan Reynolds",0,4,2039,2400,361,4,14,-10,0
"2014-15","9590","Tennessee","Bashaara Graves",12,5,2039,2377,338,4,12,-8,0
"2014-15","9590","Tennessee","Cierra Burdick",11,3,2107,2400,293,2,14,-12,0
"2014-15","9590","Tennessee","Andraya Carter",14,3,2107,2400,293,2,14,-12,0
"2014-15","9590","Maryland","Malina Howard",5,5,2302,2361,59,3,2,1,0
"2014-15","9590","Maryland","Brene Moseley",3,4,2340,2363,23,3,0,3,0
"2014-15","9590","Maryland","Kiara Leslie",2,5,2361,2400,39,6,0,6,0
"2014-15","9590","Maryland","S. Walker-Kimbrough",32,5,2361,2363,2,2,0,2,0
"2014-15","9590","Maryland","Malina Howard",5,6,2363,2400,37,4,0,4,0
"2014-15","9590","Tennessee","Nia Moore",1,2,2377,2400,23,0,2,-2,0
"2014-15","9591","Maryland","Laurin Mincy",1,1,0,540,540,16,22,-6,1
"2014-15","9591","Maryland","Lexie Brown",4,1,0,882,882,23,34,-11,1
"2014-15","9591","Maryland","Malina Howard",5,1,0,476,476,16,22,-6,1
"2014-15","9591","Maryland","S. Walker-Kimbrough",32,1,0,476,476,16,22,-6,1
"2014-15","9591","Maryland","Brionna Jones",42,1,0,236,236,10,10,0,1
"2014-15","9591","UConn","Morgan TUCK",3,1,0,2289,2289,78,56,22,1
"2014-15","9591","UConn","Moriah JEFFERSON",4,1,0,2289,2289,78,56,22,1
"2014-15","9591","UConn","Kia NURSE",11,1,0,574,574,22,16,6,1
"2014-15","9591","UConn","K. MOSQUEDA-LEWIS",23,1,0,1014,1014,38,30,8,1
"2014-15","9591","UConn","Breanna STEWART",30,1,0,1170,1170,44,33,11,1
"2014-15","9591","Maryland","Kiara Leslie",2,1,236,289,53,0,0,0,0
"2014-15","9591","Maryland","Tierney Pfirman",22,1,289,476,187,6,12,-6,0
"2014-15","9591","Maryland","Kiara Leslie",2,2,476,491,15,0,0,0,0
"2014-15","9591","Maryland","Chloe Pavlech",15,1,476,829,353,5,10,-5,0
"2014-15","9591","Maryland","A'Lexus Harrison",33,1,476,681,205,3,2,1,0
"2014-15","9591","Maryland","Malina Howard",5,2,491,678,187,3,0,3,0
"2014-15","9591","Maryland","S. Walker-Kimbrough",32,2,540,1014,474,14,16,-2,0
"2014-15","9591","UConn","Kiah STOKES",41,1,574,1200,626,22,17,5,0
"2014-15","9591","Maryland","Laurin Mincy",1,2,678,944,266,6,12,-6,0
"2014-15","9591","Maryland","Tierney Pfirman",22,2,681,882,201,4,10,-6,0
"2014-15","9591","Maryland","Malina Howard",5,3,829,1481,652,14,21,-7,0
"2014-15","9591","Maryland","Brene Moseley",3,1,882,1200,318,10,10,0,0
"2014-15","9591","Maryland","Brionna Jones",42,2,882,1014,132,7,4,3,0
"2014-15","9591","Maryland","Lexie Brown",4,2,944,2337,1393,31,47,-16,0
"2014-15","9591","Maryland","Kiara Leslie",2,3,1014,1170,156,3,6,-3,0
"2014-15","9591","Maryland","A'Lexus Harrison",33,2,1014,1170,156,3,6,-3,0
"2014-15","9591","UConn","Kia NURSE",11,2,1014,1776,762,24,16,8,0
"2014-15","9591","Maryland","Laurin Mincy",1,3,1170,1335,165,0,5,-5,0
"2014-15","9591","Maryland","Brionna Jones",42,3,1170,1662,492,9,16,-7,0
"2014-15","9591","UConn","K. MOSQUEDA-LEWIS",23,2,1170,1662,492,16,9,7,0
"2014-15","9591","Maryland","S. Walker-Kimbrough",32,3,1200,1662,462,9,16,-7,0
"2014-15","9591","UConn","Breanna STEWART",30,2,1200,2328,1128,36,23,13,0
"2014-15","9591","Maryland","Chloe Pavlech",15,2,1335,1481,146,2,4,-2,0
"2014-15","9591","Maryland","Brene Moseley",3,2,1481,2400,919,23,28,-5,0
"2014-15","9591","Maryland","Tierney Pfirman",22,3,1481,1662,181,7,7,0,0
"2014-15","9591","Maryland","Malina Howard",5,4,1662,1705,43,2,0,2,0
"2014-15","9591","Maryland","Kristen Confroy",12,1,1662,1831,169,4,4,0,0
"2014-15","9591","Maryland","A'Lexus Harrison",33,3,1662,1776,114,4,2,2,0
"2014-15","9591","UConn","Kiah STOKES",41,2,1662,1834,172,6,4,2,0
"2014-15","9591","Maryland","Brionna Jones",42,4,1705,1834,129,2,6,-4,0
"2014-15","9591","Maryland","Tierney Pfirman",22,4,1776,2400,624,12,19,-7,0
"2014-15","9591","UConn","K. MOSQUEDA-LEWIS",23,3,1776,2190,414,13,10,3,0
"2014-15","9591","Maryland","S. Walker-Kimbrough",32,4,1831,1959,128,3,4,-1,0
"2014-15","9591","Maryland","A'Lexus Harrison",33,4,1834,1959,125,3,2,1,0
"2014-15","9591","UConn","Gabby WILLIAMS",15,1,1834,2099,265,8,8,0,0
"2014-15","9591","Maryland","Laurin Mincy",1,4,1959,2289,330,7,10,-3,0
"2014-15","9591","Maryland","Brionna Jones",42,5,1959,2400,441,9,13,-4,0
"2014-15","9591","UConn","Kiah STOKES",41,3,2099,2400,301,7,4,3,0
"2014-15","9591","UConn","Kia NURSE",11,3,2190,2400,210,6,2,4,0
"2014-15","9591","Maryland","S. Walker-Kimbrough",32,5,2289,2400,111,2,3,-1,0
"2014-15","9591","UConn","Saniya CHONG",12,1,2289,2400,111,3,2,1,0
"2014-15","9591","UConn","Gabby WILLIAMS",15,2,2289,2400,111,3,2,1,0
"2014-15","9591","UConn","Courtney EKMARK",22,1,2328,2400,72,1,2,-1,0
"2014-15","9591","Maryland","Kristen Confroy",12,2,2337,2400,63,2,0,2,0
