"source_id","file_id","team","lineup","num_players","start_seconds","end_seconds","duration","pts_for","pts_against","plus_minus"
"2024-25","18281","Coppin St.","Angel Jones|Dani McTeer|Laila Lawrence|Tiffany Hammond|Tyler Gray",5,0,121,121,4,5,-1
"2024-25","18281","Maryland","Allie Kubek|Christina Dalce|Kaylene Smikle|Sarah Te-Biasu|Shyanne Sellers",5,0,171,171,8,4,4
"2024-25","18281","Maryland","Allie Kubek|Kaylene Smikle|Sarah Te-Biasu|Saylor Poffenbarger|Shyanne Sellers",5,171,271,100,0,4,-4
"2024-25","18281","Coppin St.","Angel Jones|Khya Jenkins|Laila Lawrence|Tiffany Hammond|Tyler Gray",5,121,271,150,4,3,1
"2024-25","18281","Maryland","Bri McDaniel|Kaylene Smikle|Mir McLean|Saylor Poffenbarger|Shyanne Sellers",5,271,407,136,4,2,2
"2024-25","18281","Coppin St.","Angel Jones|Arielle-Vadrelle Belinga|Khya Jenkins|Tiffany Hammond|Tyler Gray",5,271,407,136,2,4,-2
"2024-25","18281","Maryland","Allie Kubek|Amari DeBerry|Bri McDaniel|Mir McLean|Sarah Te-Biasu",5,407,512,105,0,2,-2
"2024-25","18281","Coppin St.","Angel Jones|Arielle-Vadrelle Belinga|Cire Worley|Dani McTeer|Tyler Gray",5,407,512,105,2,0,2
"2024-25","18281","Maryland","Allie Kubek|Amari DeBerry|Bri McDaniel|Kaylene Smikle|Sarah Te-Biasu",5,512,600,88,3,0,3
"2024-25","18281","Coppin St.","Angel Jones|Arielle-Vadrelle Belinga|Cire Worley|Laila Lawrence|Tiffany Hammond",5,512,639,127,0,3,-3
"2024-25","18281","Maryland","Christina Dalce|Kaylene Smikle|Sarah Te-Biasu|Saylor Poffenbarger|Shyanne Sellers",5,600,788,188,8,3,5
"2024-25","18281","Coppin St.","Angel Jones|Cire Worley|Khya Jenkins|Laila Lawrence|Tiffany Hammond",5,639,788,149,3,8,-5
"2024-25","18281","Maryland","Bri McDaniel|Christina Dalce|Sarah Te-Biasu|Saylor Poffenbarger|Shyanne Sellers",5,788,860,72,2,0,2
"2024-25","18281","Maryland","Bri McDaniel|Christina Dalce|Kaylene Smikle|Sarah Te-Biasu|Saylor Poffenbarger",5,860,946,86,5,0,5
"2024-25","18281","Coppin St.","Angel Jones|Khya Jenkins|Laila Lawrence|Tiffany Hammond|Tyler Gray",5,788,946,158,0,7,-7
"2024-25","18281","Coppin St.","Angel Jones|Arielle-Vadrelle Belinga|Laila Lawrence|Tiffany Hammond|Tyler Gray",5,946,975,29,0,0,0
"2024-25","18281","Maryland","Allie Kubek|Bri McDaniel|Kaylene Smikle|Mir McLean|Sarah Te-Biasu",5,946,992,46,2,0,2
"2024-25","18281","Coppin St.","Angel Jones|Arielle-Vadrelle Belinga|Dani McTeer|Tiffany Hammond|Tyler Gray",5,975,1033,58,1,4,-3
"2024-25","18281","Maryland","Amari DeBerry|Bri McDaniel|Kaylene Smikle|Mir McLean|Shyanne Sellers",5,992,1112,120,2,1,1
"2024-25","18281","Coppin St.","Angel Jones|Arielle-Vadrelle Belinga|Dani McTeer|Niyah Gaston|Tyler Gray",5,1033,1112,79,0,0,0
"2024-25","18281","Coppin St.","Angel Jones|Arielle-Vadrelle Belinga|Khya Jenkins|Niyah Gaston|Tyler Gray",5,1112,1170,58,0,4,-4
"2024-25","18281","Maryland","Amari DeBerry|Ava McKennie|Bri McDaniel|Emily Fisher|Shyanne Sellers",5,1112,1200,88,6,0,6
"2024-25","18281","Coppin St.","Angel Jones|Arielle-Vadrelle Belinga|Khya Jenkins|Tiffany Hammond|Tyler Gray",5,1170,1200,30,0,2,-2
"2024-25","18281","Coppin St.","Angel Jones|Dani McTeer|Laila Lawrence|Tiffany Hammond|Tyler Gray",5,1200,1331,131,4,4,0
"2024-25","18281","Coppin St.","Angel Jones|Arielle-Vadrelle Belinga|Dani McTeer|Tiffany Hammond|Tyler Gray",5,1331,1384,53,0,3,-3
"2024-25","18281","Coppin St.","Angel Jones|Arielle-Vadrelle Belinga|Khya Jenkins|Tiffany Hammond|Tyler Gray",5,1384,1409,25,0,2,-2
"2024-25","18281","Coppin St.","Angel Jones|Arielle-Vadrelle Belinga|Laila Lawrence|Tiffany Hammond|Tyler Gray",5,1409,1453,44,0,0,0
"2024-25","18281","Maryland","Allie Kubek|Christina Dalce|Kaylene Smikle|Sarah Te-Biasu|Shyanne Sellers",5,1200,1526,326,12,4,8
"2024-25","18281","Maryland","Allie Kubek|Kaylene Smikle|Sarah Te-Biasu|Saylor Poffenbarger|Shyanne Sellers",5,1526,1529,3,0,0,0
"2024-25","18281","Coppin St.","Angel Jones|Charia Roberts|Laila Lawrence|Tiffany Hammond|Tyler Gray",5,1453,1701,248,8,8,0
"2024-25","18281","Maryland","Allie Kubek|Bri McDaniel|Mir McLean|Sarah Te-Biasu|Saylor Poffenbarger",5,1529,1703,174,5,8,-3
"2024-25","18281","Maryland","Bri McDaniel|Christina Dalce|Mir McLean|Saylor Poffenbarger|Shyanne Sellers",5,1703,1719,16,2,0,2
"2024-25","18281","Coppin St.","Angel Jones|Arielle-Vadrelle Belinga|Laila Lawrence|Mickelle Lowry|Tiffany Hammond",5,1701,1762,61,0,2,-2
"2024-25","18281","Maryland","Ava McKennie|Christina Dalce|Mir McLean|Saylor Poffenbarger|Shyanne Sellers",5,1719,1800,81,0,0,0
"2024-25","18281","Coppin St.","Angel Jones|Dani McTeer|Laila Lawrence|Mickelle Lowry|Tiffany Hammond",5,1762,1800,38,0,0,0
"2024-25","18281","Coppin St.","Khya Jenkins|Laila Lawrence|Mickelle Lowry|Tiffany Hammond|Tyler Gray",5,1800,1887,87,2,4,-2
"2024-25","18281","Maryland","Amari DeBerry|Ava McKennie|Christina Dalce|Mir McLean|Shyanne Sellers",5,1800,1955,155,5,2,3
"2024-25","18281","Maryland","Amari DeBerry|Ava McKennie|Mir McLean|Saylor Poffenbarger|Shyanne Sellers",5,1955,2035,80,2,6,-4
"2024-25","18281","Coppin St.","Angel Jones|Charia Roberts|Laila Lawrence|Mickelle Lowry|Tyler Gray",5,1887,2035,148,6,3,3
"2024-25","18281","Maryland","Amari DeBerry|Ava McKennie|Mir McLean|Sarah Te-Biasu|Saylor Poffenbarger",5,2035,2243,208,3,6,-3
"2024-25","18281","Coppin St.","Angel Jones|Arielle-Vadrelle Belinga|Laila Lawrence|Mickelle Lowry|Tyler Gray",5,2035,2243,208,6,3,3
"2024-25","18281","Coppin St.","Angel Jones|Charia Roberts|Laila Lawrence|Mickelle Lowry|Tyler Gray",5,2243,2307,64,3,0,3
"2024-25","18281","Maryland","Ava McKennie|Bri McDaniel|Emily Fisher|Mir McLean|Saylor Poffenbarger",5,2243,2400,157,1,5,-4
"2024-25","18281","Coppin St.","Angel Jones|Charia Roberts|Kylah Moore|Laila Lawrence|Mickelle Lowry",5,2307,2400,93,2,1,1
"2024-25","18282","Maryland","Allie Kubek|Christina Dalce|Kaylene Smikle|Sarah Te-Biasu|Shyanne Sellers",5,0,95,95,2,0,2
"2024-25","18282","Duke","Ashlon Jackson|Delaney Thomas|Jadyn Donovan|Reigan Richardson|Taina Mair",5,0,157,157,0,6,-6
"2024-25","18282","Maryland","Allie Kubek|Christina Dalce|Kaylene Smikle|Saylor Poffenbarger|Shyanne Sellers",5,95,240,145,7,2,5
"2024-25","18282","Maryland","Allie Kubek|Bri McDaniel|Mir McLean|Saylor Poffenbarger|Shyanne Sellers",5,240,283,43,2,2,0
"2024-25","18282","Duke","Ashlon Jackson|Delaney Thomas|Jadyn Donovan|Oluchi Okananwa|Reigan Richardson",5,157,295,138,7,5,2
"2024-25","18282","Maryland","Allie Kubek|Bri McDaniel|Christina Dalce|Mir McLean|Shyanne Sellers",5,283,304,21,0,3,-3
"2024-25","18282","Duke","Delaney Thomas|Jadyn Donovan|Oluchi Okananwa|Reigan Richardson|Vanessa de Jesus",5,295,304,9,0,0,0
"2024-25","18282","Maryland","Allie Kubek|Bri McDaniel|Christina Dalce|Kaylene Smikle|Shyanne Sellers",5,304,322,18,1,0,1
"2024-25","18282","Maryland","Allie Kubek|Christina Dalce|Kaylene Smikle|Mir McLean|Shyanne Sellers",5,322,330,8,0,0,0
"2024-25","18282","Duke","Jadyn Donovan|Oluchi Okananwa|Reigan Richardson|Toby Fournier|Vanessa de Jesus",5,304,373,69,2,1,1
"2024-25","18282","Duke","Delaney Thomas|Oluchi Okananwa|Reigan Richardson|Toby Fournier|Vanessa de Jesus",5,373,433,60,0,4,-4
"2024-25","18282","Duke","Delaney Thomas|Oluchi Okananwa|Taina Mair|Toby Fournier|Vanessa de Jesus",5,433,437,4,0,1,-1
"2024-25","18282","Maryland","Allie Kubek|Christina Dalce|Kaylene Smikle|Mir McLean|Sarah Te-Biasu",5,330,600,270,9,6,3
"2024-25","18282","Duke","Jordan Wood|Oluchi Okananwa|Taina Mair|Toby Fournier|Vanessa de Jesus",5,437,600,163,4,4,0
"2024-25","18282","Maryland","Christina Dalce|Mir McLean|Sarah Te-Biasu|Saylor Poffenbarger|Shyanne Sellers",5,600,672,72,5,5,0
"2024-25","18282","Duke","Ashlon Jackson|Emma Koabel|Jordan Wood|Taina Mair|Toby Fournier",5,600,672,72,5,5,0
"2024-25","18282","Maryland","Bri McDaniel|Christina Dalce|Sarah Te-Biasu|Saylor Poffenbarger|Shyanne Sellers",5,672,714,42,0,0,0
"2024-25","18282","Maryland","Allie Kubek|Bri McDaniel|Sarah Te-Biasu|Saylor Poffenbarger|Shyanne Sellers",5,714,773,59,3,4,-1
"2024-25","18282","Duke","Ashlon Jackson|Emma Koabel|Jadyn Donovan|Taina Mair|Toby Fournier",5,672,773,101,4,3,1
"2024-25","18282","Duke","Ashlon Jackson|Emma Koabel|Jadyn Donovan|Oluchi Okananwa|Toby Fournier",5,773,806,33,1,0,1
"2024-25","18282","Maryland","Allie Kubek|Bri McDaniel|Kaylene Smikle|Saylor Poffenbarger|Shyanne Sellers",5,773,826,53,0,3,-3
"2024-25","18282","Maryland","Allie Kubek|Bri McDaniel|Christina Dalce|Kaylene Smikle|Shyanne Sellers",5,826,920,94,5,3,2
"2024-25","18282","Maryland","Allie Kubek|Bri McDaniel|Christina Dalce|Kaylene Smikle|Sarah Te-Biasu",5,920,972,52,0,0,0
"2024-25","18282","Maryland","Allie Kubek|Christina Dalce|Kaylene Smikle|Sarah Te-Biasu|Shyanne Sellers",5,972,1004,32,0,0,0
"2024-25","18282","Maryland","Allie Kubek|Bri McDaniel|Christina Dalce|Kaylene Smikle|Sarah Te-Biasu",5,1004,1200,196,6,5,1
"2024-25","18282","Duke","Ashlon Jackson|Delaney Thomas|Emma Koabel|Oluchi Okananwa|Toby Fournier",5,806,1200,394,10,11,-1
"2024-25","18282","Duke","Ashlon Jackson|Delaney Thomas|Jadyn Donovan|Reigan Richardson|Taina Mair",5,1200,1272,72,3,0,3
"2024-25","18282","Maryland","Allie Kubek|Christina Dalce|Kaylene Smikle|Sarah Te-Biasu|Shyanne Sellers",5,1200,1402,202,8,5,3
"2024-25","18282","Duke","Ashlon Jackson|Delaney Thomas|Jadyn Donovan|Oluchi Okananwa|Taina Mair",5,1272,1402,130,2,8,-6
"2024-25","18282","Maryland","Allie Kubek|Bri McDaniel|Christina Dalce|Kaylene Smikle|Sarah Te-Biasu",5,1402,1433,31,0,2,-2
"2024-25","18282","Maryland","Allie Kubek|Bri McDaniel|Sarah Te-Biasu|Saylor Poffenbarger|Shyanne Sellers",5,1433,1447,14,0,0,0
"2024-25","18282","Maryland","Bri McDaniel|Mir McLean|Sarah Te-Biasu|Saylor Poffenbarger|Shyanne Sellers",5,1447,1489,42,0,0,0
"2024-25","18282","Maryland","Bri McDaniel|Christina Dalce|Kaylene Smikle|Sarah Te-Biasu|Saylor Poffenbarger",5,1489,1545,56,2,3,-1
"2024-25","18282","Duke","Ashlon Jackson|Jadyn Donovan|Oluchi Okananwa|Taina Mair|Toby Fournier",5,1402,1592,190,6,5,1
"2024-25","18282","Duke","Ashlon Jackson|Jadyn Donovan|Oluchi Okananwa|Toby Fournier|Vanessa de Jesus",5,1592,1653,61,3,6,-3
"2024-25","18282","Maryland","Allie Kubek|Bri McDaniel|Kaylene Smikle|Sarah Te-Biasu|Saylor Poffenbarger",5,1545,1726,181,11,6,5
"2024-25","18282","Maryland","Bri McDaniel|Kaylene Smikle|Mir McLean|Sarah Te-Biasu|Saylor Poffenbarger",5,1726,1800,74,4,3,1
"2024-25","18282","Duke","Ashlon Jackson|Delaney Thomas|Jordan Wood|Oluchi Okananwa|Vanessa de Jesus",5,1653,1800,147,5,6,-1
"2024-25","18282","Maryland","Bri McDaniel|Christina Dalce|Kaylene Smikle|Saylor Poffenbarger|Shyanne Sellers",5,1800,1942,142,4,4,0
"2024-25","18282","Maryland","Allie Kubek|Bri McDaniel|Christina Dalce|Kaylene Smikle|Shyanne Sellers",5,1942,2035,93,2,5,-3
"2024-25","18282","Maryland","Bri McDaniel|Christina Dalce|Sarah Te-Biasu|Saylor Poffenbarger|Shyanne Sellers",5,2035,2086,51,3,2,1
"2024-25","18282","Maryland","Bri McDaniel|Kaylene Smikle|Sarah Te-Biasu|Saylor Poffenbarger|Shyanne Sellers",5,2086,2142,56,2,2,0
"2024-25","18282","Maryland","Kaylene Smikle|Mir McLean|Sarah Te-Biasu|Saylor Poffenbarger|Shyanne Sellers",5,2142,2229,87,4,3,1
"2024-25","18282","Duke","Ashlon Jackson|Delaney Thomas|Jadyn Donovan|Reigan Richardson|Vanessa de Jesus",5,1800,2229,429,16,15,1
"2024-25","18282","Maryland","Bri McDaniel|Christina Dalce|Sarah Te-Biasu|Saylor Poffenbarger|Shyanne Sellers",5,2229,2265,36,0,2,-2
"2024-25","18282","Maryland","Bri McDaniel|Christina Dalce|Kaylene Smikle|Sarah Te-Biasu|Shyanne Sellers",5,2265,2349,84,4,3,1
"2024-25","18282","Duke","Ashlon Jackson|Delaney Thomas|Reigan Richardson|Taina Mair|Toby Fournier",5,2229,2349,120,6,4,2
"2024-25","18282","Maryland","Bri McDaniel|Kaylene Smikle|Sarah Te-Biasu|Saylor Poffenbarger|Shyanne Sellers",5,2349,2386,37,1,3,-2
"2024-25","18282","Maryland","Bri McDaniel|Mir McLean|Sarah Te-Biasu|Saylor Poffenbarger|Shyanne Sellers",5,2386,2400,14,0,4,-4
"2024-25","18282","Duke","Ashlon Jackson|Jadyn Donovan|Reigan Richardson|Taina Mair|Toby Fournier",5,2349,2400,51,6,1,5
"2024-25","18283","Maryland","Allie Kubek|Christina Dalce|Kaylene Smikle|Sarah Te-Biasu|Shyanne Sellers",5,0,177,177,9,2,7
"2024-25","18283","Saint Francis","Ineivi Plata|Julianna Gibson|Marina Artero|Marissa Shelton|Yanessa Boyd",5,0,177,177,2,9,-7
"2024-25","18283","Maryland","Bri McDaniel|Christina Dalce|Sarah Te-Biasu|Saylor Poffenbarger|Shyanne Sellers",5,177,211,34,2,0,2
"2024-25","18283","Maryland","Bri McDaniel|Christina Dalce|Kaylene Smikle|Sarah Te-Biasu|Saylor Poffenbarger",5,211,286,75,5,1,4
"2024-25","18283","Saint Francis","Airah Lavy|Harris Robinson|Ineivi Plata|Julianna Gibson|Natalie Johnson",5,177,286,109,1,7,-6
"2024-25","18283","Saint Francis","Airah Lavy|Giselle Eke|Harris Robinson|Natalie Johnson|Yanessa Boyd",5,286,308,22,0,0,0
"2024-25","18283","Saint Francis","Airah Lavy|Giselle Eke|Marina Artero|Natalie Johnson|Yanessa Boyd",5,308,377,69,0,2,-2
"2024-25","18283","Maryland","Allie Kubek|Ava McKennie|Kaylene Smikle|Saylor Poffenbarger|Shyanne Sellers",5,286,444,158,9,0,9
"2024-25","18283","Maryland","Bri McDaniel|Christina Dalce|Mir McLean|Sarah Te-Biasu|Saylor Poffenbarger",5,444,562,118,5,0,5
"2024-25","18283","Saint Francis","Airah Lavy|Harris Robinson|Ineivi Plata|Julianna Gibson|Marina Artero",5,377,562,185,0,12,-12
"2024-25","18283","Saint Francis","Giselle Eke|Harris Robinson|Ineivi Plata|Marina Artero|Marissa Shelton",5,562,600,38,0,2,-2
"2024-25","18283","Maryland","Ava McKennie|Bri McDaniel|Christina Dalce|Mir McLean|Sarah Te-Biasu",5,562,677,115,3,0,3
"2024-25","18283","Saint Francis","Giselle Eke|Harris Robinson|Ineivi Plata|Marissa Shelton|Yanessa Boyd",5,600,677,77,0,1,-1
"2024-25","18283","Saint Francis","Giselle Eke|Ineivi Plata|Marina Artero|Marissa Shelton|Yanessa Boyd",5,677,729,52,2,0,2
"2024-25","18283","Maryland","Ava McKennie|Bri McDaniel|Christina Dalce|Kaylene Smikle|Sarah Te-Biasu",5,677,808,131,8,2,6
"2024-25","18283","Saint Francis","Airah Lavy|Ineivi Plata|Jade Campbell|Marina Artero|Yanessa Boyd",5,729,808,79,0,8,-8
"2024-25","18283","Saint Francis","Airah Lavy|Harris Robinson|Julianna Gibson|Natalie Johnson|Yanessa Boyd",5,808,894,86,0,5,-5
"2024-25","18283","Maryland","Allie Kubek|Amari DeBerry|Kaylene Smikle|Saylor Poffenbarger|Shyanne Sellers",5,808,937,129,9,0,9
"2024-25","18283","Saint Francis","Julianna Gibson|Marina Artero|Marissa Shelton|Natalie Johnson|Yanessa Boyd",5,894,976,82,0,7,-7
"2024-25","18283","Saint Francis","Giselle Eke|Marina Artero|Marissa Shelton|Natalie Johnson|Yanessa Boyd",5,976,1060,84,2,4,-2
"2024-25","18283","Saint Francis","Giselle Eke|Ineivi Plata|Marina Artero|Marissa Shelton|Yanessa Boyd",5,1060,1200,140,2,9,-7
"2024-25","18283","Maryland","Allie Kubek|Amari DeBerry|Mir McLean|Saylor Poffenbarger|Shyanne Sellers",5,937,1200,263,16,4,12
"2024-25","18283","Saint Francis","Harris Robinson|Ineivi Plata|Julianna Gibson|Marissa Shelton|Yanessa Boyd",5,1200,1277,77,0,2,-2
"2024-25","18283","Saint Francis","Airah Lavy|Harris Robinson|Ineivi Plata|Julianna Gibson|Yanessa Boyd",5,1277,1437,160,3,6,-3
"2024-25","18283","Maryland","Allie Kubek|Christina Dalce|Kaylene Smikle|Sarah Te-Biasu|Shyanne Sellers",5,1200,1523,323,13,3,10
"2024-25","18283","Saint Francis","Ineivi Plata|Julianna Gibson|Marina Artero|Natalie Johnson|Yanessa Boyd",5,1437,1523,86,0,5,-5
"2024-25","18283","Maryland","Bri McDaniel|Christina Dalce|Mir McLean|Saylor Poffenbarger|Shyanne Sellers",5,1523,1694,171,8,6,2
"2024-25","18283","Saint Francis","Airah Lavy|Harris Robinson|Ineivi Plata|Julianna Gibson|Marina Artero",5,1523,1694,171,6,8,-2
"2024-25","18283","Maryland","Ava McKennie|Bri McDaniel|Mir McLean|Saylor Poffenbarger|Shyanne Sellers",5,1694,1728,34,0,0,0
"2024-25","18283","Maryland","Ava McKennie|Bri McDaniel|Mir McLean|Sarah Te-Biasu|Saylor Poffenbarger",5,1728,1800,72,2,2,0
"2024-25","18283","Saint Francis","Airah Lavy|Giselle Eke|Julianna Gibson|Natalie Johnson|Yanessa Boyd",5,1694,1859,165,2,4,-2
"2024-25","18283","Saint Francis","Airah Lavy|Giselle Eke|Harris Robinson|Julianna Gibson|Yanessa Boyd",5,1859,1896,37,0,0,0
"2024-25","18283","Saint Francis","Airah Lavy|Harris Robinson|Jade Campbell|Julianna Gibson|Yanessa Boyd",5,1896,1901,5,0,0,0
"2024-25","18283","Maryland","Amari DeBerry|Bri McDaniel|Mir McLean|Sarah Te-Biasu|Saylor Poffenbarger",5,1800,1919,119,2,0,2
"2024-25","18283","Saint Francis","Airah Lavy|Harris Robinson|Ineivi Plata|Jade Campbell|Julianna Gibson",5,1901,1982,81,4,2,2
"2024-25","18283","Saint Francis","Harris Robinson|Ineivi Plata|Jade Campbell|Julianna Gibson|Marissa Shelton",5,1982,2019,37,0,2,-2
"2024-25","18283","Saint Francis","Giselle Eke|Harris Robinson|Ineivi Plata|Marina Artero|Marissa Shelton",5,2019,2078,59,0,1,-1
"2024-25","18283","Maryland","Amari DeBerry|Bri McDaniel|Emily Fisher|Mir McLean|Sarah Te-Biasu",5,1919,2078,159,5,4,1
"2024-25","18283","Maryland","Amari DeBerry|Ava McKennie|Bri McDaniel|Emily Fisher|Mir McLean",5,2078,2130,52,0,0,0
"2024-25","18283","Saint Francis","Giselle Eke|Ineivi Plata|Marina Artero|Marissa Shelton|Yanessa Boyd",5,2078,2130,52,2,0,2
"2024-25","18283","Maryland","Allie Kubek|Christina Dalce|Kaylene Smikle|Sarah Te-Biasu|Shyanne Sellers",5,2130,2171,41,0,4,-4
"2024-25","18283","Maryland","Christina Dalce|Kaylene Smikle|Sarah Te-Biasu|Saylor Poffenbarger|Shyanne Sellers",5,2171,2268,97,5,2,3
"2024-25","18283","Saint Francis","Ineivi Plata|Jade Campbell|Marina Artero|Marissa Shelton|Yanessa Boyd",5,2130,2268,138,4,5,-1
"2024-25","18283","Maryland","Amari DeBerry|Ava McKennie|Mir McLean|Saylor Poffenbarger|Shyanne Sellers",5,2268,2400,132,6,5,1
"2024-25","18283","Saint Francis","Giselle Eke|Ineivi Plata|Jade Campbell|Marissa Shelton|Yanessa Boyd",5,2268,2400,132,5,6,-1
"2024-25","18285","Mount St. Mary's","Anna LeMaster|Gabrielle Kennerly|Giana Hoddinott|Jaedyn Jamison|Jo Raflo",5,0,118,118,0,1,-1
"2024-25","18285","Maryland","Allie Kubek|Kaylene Smikle|Sarah Te-Biasu|Saylor Poffenbarger|Shyanne Sellers",5,0,226,226,4,4,0
"2024-25","18285","Mount St. Mary's","Anna LeMaster|Jo Raflo|Madison Ruff|Rosa Revueltas Pareja|Tessa Engelman",5,118,289,171,4,7,-3
"2024-25","18285","Maryland","Bri McDaniel|Christina Dalce|Mir McLean|Sarah Te-Biasu|Saylor Poffenbarger",5,226,325,99,4,0,4
"2024-25","18285","Maryland","Christina Dalce|Kaylene Smikle|Mir McLean|Sarah Te-Biasu|Saylor Poffenbarger",5,325,454,129,3,4,-1
"2024-25","18285","Mount St. Mary's","Gabrielle Kennerly|Jaedyn Jamison|Madison Ruff|Rosa Revueltas Pareja|Tessa Engelman",5,289,454,165,4,3,1
"2024-25","18285","Mount St. Mary's","Anna LeMaster|Gabrielle Kennerly|Giana Hoddinott|Jaedyn Jamison|Tessa Engelman",5,454,466,12,0,1,-1
"2024-25","18285","Maryland","Allie Kubek|Kaylene Smikle|Mir McLean|Saylor Poffenbarger|Shyanne Sellers",5,454,541,87,2,0,2
"2024-25","18285","Maryland","Allie Kubek|Mir McLean|Sarah Te-Biasu|Saylor Poffenbarger|Shyanne Sellers",5,541,557,16,0,0,0
"2024-25","18285","Mount St. Mary's","Anna LeMaster|Gabrielle Kennerly|Giana Hoddinott|Jaedyn Jamison|Jo Raflo",5,466,600,134,0,3,-3
"2024-25","18285","Maryland","Allie Kubek|Christina Dalce|Sarah Te-Biasu|Saylor Poffenbarger|Shyanne Sellers",5,557,684,127,4,0,4
"2024-25","18285","Mount St. Mary's","Gabrielle Kennerly|Giana Hoddinott|Jo Raflo|Madison Ruff|Tessa Engelman",5,600,700,100,0,4,-4
"2024-25","18285","Maryland","Allie Kubek|Christina Dalce|Kaylene Smikle|Sarah Te-Biasu|Shyanne Sellers",5,684,799,115,6,0,6
"2024-25","18285","Mount St. Mary's","Anna LeMaster|Giana Hoddinott|Jaedyn Jamison|Rosa Revueltas Pareja|Tessa Engelman",5,700,799,99,0,4,-4
"2024-25","18285","Mount St. Mary's","Anna LeMaster|Giana Hoddinott|Jo Raflo|Rosa Revueltas Pareja|Wesleigh Fergsuon",5,799,857,58,2,4,-2
"2024-25","18285","Mount St. Mary's","Anna LeMaster|Giana Hoddinott|Madison Ruff|Tessa Engelman|Wesleigh Fergsuon",5,857,898,41,0,2,-2
"2024-25","18285","Maryland","Allie Kubek|Bri McDaniel|Christina Dalce|Sarah Te-Biasu|Shyanne Sellers",5,799,911,112,7,2,5
"2024-25","18285","Maryland","Allie Kubek|Bri McDaniel|Christina Dalce|Sarah Te-Biasu|Saylor Poffenbarger",5,911,985,74,2,2,0
"2024-25","18285","Maryland","Allie Kubek|Bri McDaniel|Mir McLean|Sarah Te-Biasu|Saylor Poffenbarger",5,985,999,14,0,3,-3
"2024-25","18285","Mount St. Mary's","Gabrielle Kennerly|Giana Hoddinott|Madison Ruff|Tessa Engelman|Wesleigh Fergsuon",5,898,999,101,5,3,2
"2024-25","18285","Maryland","Allie Kubek|Bri McDaniel|Kaylene Smikle|Mir McLean|Saylor Poffenbarger",5,999,1066,67,2,0,2
"2024-25","18285","Maryland","Ava McKennie|Bri McDaniel|Kaylene Smikle|Mir McLean|Saylor Poffenbarger",5,1066,1142,76,4,3,1
"2024-25","18285","Mount St. Mary's","Giana Hoddinott|Jo Raflo|Madison Ruff|Tessa Engelman|Wesleigh Fergsuon",5,999,1142,143,3,6,-3
"2024-25","18285","Mount St. Mary's","Anna LeMaster|Jo Raflo|Madison Ruff|Tessa Engelman|Wesleigh Fergsuon",5,1142,1182,40,1,2,-1
"2024-25","18285","Maryland","Ava McKennie|Bri McDaniel|Kaylene Smikle|Mir McLean|Shyanne Sellers",5,1142,1200,58,2,1,1
"2024-25","18285","Mount St. Mary's","Anna LeMaster|Gabrielle Kennerly|Madison Ruff|Tessa Engelman|Wesleigh Fergsuon",5,1182,1200,18,0,0,0
"2024-25","18285","Maryland","Allie Kubek|Kaylene Smikle|Sarah Te-Biasu|Saylor Poffenbarger|Shyanne Sellers",5,1200,1263,63,2,0,2
"2024-25","18285","Mount St. Mary's","Anna LeMaster|Gabrielle Kennerly|Giana Hoddinott|Jo Raflo|Tessa Engelman",5,1200,1263,63,0,2,-2
"2024-25","18285","Maryland","Allie Kubek|Bri McDaniel|Sarah Te-Biasu|Saylor Poffenbarger|Shyanne Sellers",5,1263,1378,115,2,0,2
"2024-25","18285","Mount St. Mary's","Anna LeMaster|Gabrielle Kennerly|Giana Hoddinott|Tessa Engelman|Wesleigh Fergsuon",5,1263,1378,115,0,2,-2
"2024-25","18285","Mount St. Mary's","Gabrielle Kennerly|Madison Ruff|Rosa Revueltas Pareja|Tessa Engelman|Wesleigh Fergsuon",5,1378,1454,76,4,5,-1
"2024-25","18285","Maryland","Allie Kubek|Bri McDaniel|Christina Dalce|Sarah Te-Biasu|Shyanne Sellers",5,1378,1493,115,7,7,0
"2024-25","18285","Mount St. Mary's","Gabrielle Kennerly|Jaedyn Jamison|Madison Ruff|Rosa Revueltas Pareja|Wesleigh Fergsuon",5,1454,1514,60,5,2,3
"2024-25","18285","Maryland","Allie Kubek|Ava McKennie|Bri McDaniel|Sarah Te-Biasu|Shyanne Sellers",5,1493,1646,153,4,7,-3
"2024-25","18285","Mount St. Mary's","Gabrielle Kennerly|Jaedyn Jamison|Jo Raflo|Madison Ruff|Rosa Revueltas Pareja",5,1514,1646,132,5,4,1
"2024-25","18285","Mount St. Mary's","Anna LeMaster|Giana Hoddinott|Jaedyn Jamison|Jo Raflo|Rosa Revueltas Pareja",5,1646,1722,76,5,6,-1
"2024-25","18285","Mount St. Mary's","Anna LeMaster|Giana Hoddinott|Jo Raflo|Rosa Revueltas Pareja|Tessa Engelman",5,1722,1739,17,0,2,-2
"2024-25","18285","Mount St. Mary's","Anna LeMaster|Jo Raflo|Madison Ruff|Rosa Revueltas Pareja|Tessa Engelman",5,1739,1800,61,2,2,0
"2024-25","18285","Maryland","Ava McKennie|Christina Dalce|Kaylene Smikle|Saylor Poffenbarger|Shyanne Sellers",5,1646,1883,237,12,10,2
"2024-25","18285","Mount St. Mary's","Anna LeMaster|Gabrielle Kennerly|Jo Raflo|Madison Ruff|Tessa Engelman",5,1800,1932,132,3,4,-1
"2024-25","18285","Mount St. Mary's","Gabrielle Kennerly|Jo Raflo|Madison Ruff|Tessa Engelman|Wesleigh Fergsuon",5,1932,2001,69,0,0,0
"2024-25","18285","Maryland","Amari DeBerry|Ava McKennie|Kaylene Smikle|Mir McLean|Shyanne Sellers",5,1883,2037,154,6,2,4
"2024-25","18285","Mount St. Mary's","Jo Raflo|Madison Ruff|Rosa Revueltas Pareja|Tessa Engelman|Wesleigh Fergsuon",5,2001,2037,36,2,4,-2
"2024-25","18285","Mount St. Mary's","Jaedyn Jamison|Madison Ruff|Rosa Revueltas Pareja|Tessa Engelman|Wesleigh Fergsuon",5,2037,2138,101,2,3,-1
"2024-25","18285","Mount St. Mary's","Giana Hoddinott|Madison Ruff|Rosa Revueltas Pareja|Tessa Engelman|Wesleigh Fergsuon",5,2138,2355,217,5,8,-3
"2024-25","18285","Maryland","Amari DeBerry|Ava McKennie|Kaylene Smikle|Mir McLean|Sarah Te-Biasu",5,2037,2400,363,14,7,7
"2024-25","18285","Mount St. Mary's","Giana Hoddinott|Jaedyn Jamison|Rosa Revueltas Pareja|Tessa Engelman|Wesleigh Fergsuon",5,2355,2400,45,0,3,-3
"2024-25","18286","Maryland","Allie Kubek|Christina Dalce|Kaylene Smikle|Sarah Te-Biasu|Shyanne Sellers",5,0,40,40,3,0,3
"2024-25","18286","Maryland","Allie Kubek|Bri McDaniel|Christina Dalce|Sarah Te-Biasu|Saylor Poffenbarger",5,40,208,168,10,6,4
"2024-25","18286","Towson","Deja Bristol|India Johnston|Khady Leye|Semaya Turner|Shariah Baynes",5,0,208,208,6,13,-7
"2024-25","18286","Maryland","Allie Kubek|Bri McDaniel|Kaylene Smikle|Sarah Te-Biasu|Saylor Poffenbarger",5,208,328,120,5,2,3
"2024-25","18286","Towson","Deja Bristol|India Johnston|Jordan Wakefield|Khady Leye|Shariah Baynes",5,208,328,120,2,5,-3
"2024-25","18286","Maryland","Christina Dalce|Kaylene Smikle|Mir McLean|Sarah Te-Biasu|Shyanne Sellers",5,328,359,31,0,0,0
"2024-25","18286","Maryland","Ava McKennie|Christina Dalce|Kaylene Smikle|Mir McLean|Shyanne Sellers",5,359,406,47,3,2,1
"2024-25","18286","Maryland","Bri McDaniel|Christina Dalce|Kaylene Smikle|Mir McLean|Shyanne Sellers",5,406,468,62,4,5,-1
"2024-25","18286","Towson","Aminata Diakite|Anaiah Jenkins|India Johnston|Jordan Wakefield|Khady Leye",5,328,468,140,7,7,0
"2024-25","18286","Maryland","Bri McDaniel|Christina Dalce|Mir McLean|Saylor Poffenbarger|Shyanne Sellers",5,468,600,132,8,3,5
"2024-25","18286","Towson","Aminata Diakite|Anaiah Jenkins|Deja Bristol|India Johnston|Jordan Wakefield",5,468,600,132,3,8,-5
"2024-25","18286","Towson","Aminata Diakite|Anaiah Jenkins|Deja Bristol|India Johnston|Shariah Baynes",5,600,685,85,4,0,4
"2024-25","18286","Maryland","Allie Kubek|Amari DeBerry|Bri McDaniel|Sarah Te-Biasu|Saylor Poffenbarger",5,600,730,130,3,4,-1
"2024-25","18286","Towson","Aminata Diakite|Anaiah Jenkins|India Johnston|Khady Leye|Shariah Baynes",5,685,730,45,0,3,-3
"2024-25","18286","Towson","Anaiah Jenkins|India Johnston|Khady Leye|Semaya Turner|Shariah Baynes",5,730,762,32,0,0,0
"2024-25","18286","Maryland","Amari DeBerry|Bri McDaniel|Kaylene Smikle|Sarah Te-Biasu|Saylor Poffenbarger",5,730,835,105,3,5,-2
"2024-25","18286","Towson","Deja Bristol|India Johnston|Jordan Wakefield|Semaya Turner|Shariah Baynes",5,762,897,135,5,5,0
"2024-25","18286","Maryland","Christina Dalce|Kaylene Smikle|Mir McLean|Sarah Te-Biasu|Shyanne Sellers",5,835,897,62,2,0,2
"2024-25","18286","Towson","Caydence Hadley|Deja Bristol|India Johnston|Semaya Turner|Shariah Baynes",5,897,945,48,3,7,-4
"2024-25","18286","Maryland","Christina Dalce|Emily Fisher|Kaylene Smikle|Mir McLean|Shyanne Sellers",5,897,1029,132,9,5,4
"2024-25","18286","Towson","Aminata Diakite|Caydence Hadley|Deja Bristol|India Johnston|Shariah Baynes",5,945,1029,84,2,2,0
"2024-25","18286","Maryland","Christina Dalce|Emily Fisher|Mir McLean|Sarah Te-Biasu|Shyanne Sellers",5,1029,1055,26,2,2,0
"2024-25","18286","Maryland","Amari DeBerry|Emily Fisher|Mir McLean|Sarah Te-Biasu|Shyanne Sellers",5,1055,1148,93,2,4,-2
"2024-25","18286","Maryland","Amari DeBerry|Ava McKennie|Emily Fisher|Mir McLean|Sarah Te-Biasu",5,1148,1200,52,0,2,-2
"2024-25","18286","Towson","Aminata Diakite|Caydence Hadley|Deja Bristol|India Johnston|Jordan Wakefield",5,1029,1200,171,8,4,4
"2024-25","18286","Towson","Deja Bristol|India Johnston|Khady Leye|Semaya Turner|Shariah Baynes",5,1200,1392,192,0,4,-4
"2024-25","18286","Maryland","Allie Kubek|Christina Dalce|Kaylene Smikle|Sarah Te-Biasu|Shyanne Sellers",5,1200,1418,218,6,3,3
"2024-25","18286","Towson","Deja Bristol|India Johnston|Jordan Wakefield|Semaya Turner|Shariah Baynes",5,1392,1449,57,3,2,1
"2024-25","18286","Maryland","Allie Kubek|Bri McDaniel|Christina Dalce|Kaylene Smikle|Shyanne Sellers",5,1418,1502,84,2,0,2
"2024-25","18286","Towson","Aminata Diakite|Deja Bristol|India Johnston|Jordan Wakefield|Shariah Baynes",5,1449,1502,53,0,2,-2
"2024-25","18286","Towson","Aminata Diakite|Deja Bristol|India Johnston|Jordan Wakefield|Khady Leye",5,1502,1617,115,2,7,-5
"2024-25","18286","Towson","Aminata Diakite|Caydence Hadley|India Johnston|Jordan Wakefield|Khady Leye",5,1617,1627,10,0,0,0
"2024-25","18286","Maryland","Bri McDaniel|Mir McLean|Sarah Te-Biasu|Saylor Poffenbarger|Shyanne Sellers",5,1502,1638,136,7,2,5
"2024-25","18286","Maryland","Allie Kubek|Bri McDaniel|Mir McLean|Sarah Te-Biasu|Saylor Poffenbarger",5,1638,1715,77,3,6,-3
"2024-25","18286","Towson","Aminata Diakite|Caydence Hadley|India Johnston|Khady Leye|Shariah Baynes",5,1627,1759,132,6,3,3
"2024-25","18286","Maryland","Allie Kubek|Kaylene Smikle|Mir McLean|Sarah Te-Biasu|Saylor Poffenbarger",5,1715,1800,85,2,0,2
"2024-25","18286","Towson","Aminata Diakite|Anaiah Jenkins|Caydence Hadley|India Johnston|Shariah Baynes",5,1759,1800,41,0,2,-2
"2024-25","18286","Maryland","Allie Kubek|Kaylene Smikle|Mir McLean|Saylor Poffenbarger|Shyanne Sellers",5,1800,1922,122,9,0,9
"2024-25","18286","Towson","Aminata Diakite|Anaiah Jenkins|India Johnston|Khady Leye|Shariah Baynes",5,1800,1922,122,0,9,-9
"2024-25","18286","Maryland","Allie Kubek|Ava McKennie|Bri McDaniel|Saylor Poffenbarger|Shyanne Sellers",5,1922,1989,67,2,2,0
"2024-25","18286","Maryland","Ava McKennie|Bri McDaniel|Christina Dalce|Saylor Poffenbarger|Shyanne Sellers",5,1989,2039,50,2,0,2
"2024-25","18286","Maryland","Amari DeBerry|Ava McKennie|Bri McDaniel|Christina Dalce|Saylor Poffenbarger",5,2039,2148,109,2,2,0
"2024-25","18286","Towson","Deja Bristol|India Johnston|Khady Leye|Semaya Turner|Shariah Baynes",5,1922,2148,226,4,6,-2
"2024-25","18286","Maryland","Amari DeBerry|Ava McKennie|Bri McDaniel|Christina Dalce|Emily Fisher",5,2148,2282,134,3,4,-1
"2024-25","18286","Towson","Aminata Diakite|Deja Bristol|India Johnston|Khady Leye|Shariah Baynes",5,2148,2367,219,8,7,1
"2024-25","18286","Maryland","Amari DeBerry|Ava McKennie|Bri McDaniel|Emily Fisher|Mir McLean",5,2282,2400,118,6,4,2
"2024-25","18286","Towson","Aminata Diakite|Caydence Hadley|Deja Bristol|India Johnston|Shariah Baynes",5,2367,2400,33,0,2,-2
"2024-25","18289","Maryland","Christina Dalce|Kaylene Smikle|Sarah Te-Biasu|Saylor Poffenbarger|Shyanne Sellers",5,0,250,250,11,5,6
"2024-25","18289","William & Mary","Anahi-Lee Cauley|Bella Nascimento|Cassidy Geddes|Kayla Rolph|Rebekah Frisby-Smith",5,0,250,250,5,11,-6
"2024-25","18289","Maryland","Allie Kubek|Bri McDaniel|Sarah Te-Biasu|Saylor Poffenbarger|Shyanne Sellers",5,250,334,84,1,2,-1
"2024-25","18289","William & Mary","Bella Nascimento|Cassidy Geddes|Jana Sallman|Kayla Rolph|Monet Dance",5,250,334,84,2,1,1
"2024-25","18289","Maryland","Allie Kubek|Bri McDaniel|Christina Dalce|Mir McLean|Shyanne Sellers",5,334,440,106,8,5,3
"2024-25","18289","William & Mary","Aislinn Gibson|Anahi-Lee Cauley|Cassidy Geddes|Jana Sallman|Monet Dance",5,334,440,106,5,8,-3
"2024-25","18289","Maryland","Allie Kubek|Bri McDaniel|Christina Dalce|Kaylene Smikle|Mir McLean",5,440,516,76,1,2,-1
"2024-25","18289","Maryland","Allie Kubek|Bri McDaniel|Kaylene Smikle|Sarah Te-Biasu|Saylor Poffenbarger",5,516,600,84,2,0,2
"2024-25","18289","William & Mary","Aislinn Gibson|Anahi-Lee Cauley|Bella Nascimento|Kayla Rolph|Monet Dance",5,440,600,160,2,3,-1
"2024-25","18289","Maryland","Christina Dalce|Kaylene Smikle|Sarah Te-Biasu|Saylor Poffenbarger|Shyanne Sellers",5,600,705,105,2,5,-3
"2024-25","18289","William & Mary","Anahi-Lee Cauley|Cassidy Geddes|Emma West|Jana Sallman|Rebekah Frisby-Smith",5,600,708,108,5,2,3
"2024-25","18289","Maryland","Allie Kubek|Christina Dalce|Kaylene Smikle|Sarah Te-Biasu|Shyanne Sellers",5,705,734,29,0,0,0
"2024-25","18289","William & Mary","Cassidy Geddes|Emma West|Jana Sallman|Marley Long|Rebekah Frisby-Smith",5,708,769,61,0,0,0
"2024-25","18289","Maryland","Allie Kubek|Kaylene Smikle|Sarah Te-Biasu|Saylor Poffenbarger|Shyanne Sellers",5,734,887,153,8,2,6
"2024-25","18289","William & Mary","Anahi-Lee Cauley|Cassidy Geddes|Emma West|Kayla Rolph|Marley Long",5,769,887,118,2,8,-6
"2024-25","18289","William & Mary","Aislinn Gibson|Anahi-Lee Cauley|Jana Sallman|Monet Dance|Sophia LeGoullon",5,887,945,58,0,3,-3
"2024-25","18289","Maryland","Ava McKennie|Bri McDaniel|Mir McLean|Saylor Poffenbarger|Shyanne Sellers",5,887,1017,130,8,0,8
"2024-25","18289","Maryland","Ava McKennie|Bri McDaniel|Kaylene Smikle|Mir McLean|Shyanne Sellers",5,1017,1084,67,3,0,3
"2024-25","18289","William & Mary","Aislinn Gibson|Anahi-Lee Cauley|Bella Nascimento|Cassidy Geddes|Sophia LeGoullon",5,945,1084,139,0,8,-8
"2024-25","18289","Maryland","Ava McKennie|Bri McDaniel|Kaylene Smikle|Mir McLean|Sarah Te-Biasu",5,1084,1200,116,5,9,-4
"2024-25","18289","William & Mary","Anahi-Lee Cauley|Cassidy Geddes|Jana Sallman|Kayla Rolph|Monet Dance",5,1084,1200,116,9,5,4
"2024-25","18289","Maryland","Christina Dalce|Kaylene Smikle|Sarah Te-Biasu|Saylor Poffenbarger|Shyanne Sellers",5,1200,1252,52,0,3,-3
"2024-25","18289","Maryland","Bri McDaniel|Christina Dalce|Kaylene Smikle|Sarah Te-Biasu|Saylor Poffenbarger",5,1252,1291,39,0,3,-3
"2024-25","18289","Maryland","Allie Kubek|Bri McDaniel|Kaylene Smikle|Sarah Te-Biasu|Saylor Poffenbarger",5,1291,1325,34,2,0,2
"2024-25","18289","William & Mary","Anahi-Lee Cauley|Bella Nascimento|Cassidy Geddes|Kayla Rolph|Rebekah Frisby-Smith",5,1200,1369,169,7,4,3
"2024-25","18289","Maryland","Allie Kubek|Bri McDaniel|Sarah Te-Biasu|Saylor Poffenbarger|Shyanne Sellers",5,1325,1394,69,2,5,-3
"2024-25","18289","William & Mary","Anahi-Lee Cauley|Bella Nascimento|Cassidy Geddes|Jana Sallman|Rebekah Frisby-Smith",5,1369,1394,25,4,0,4
"2024-25","18289","William & Mary","Anahi-Lee Cauley|Bella Nascimento|Cassidy Geddes|Emma West|Jana Sallman",5,1394,1418,24,1,2,-1
"2024-25","18289","William & Mary","Bella Nascimento|Cassidy Geddes|Emma West|Jana Sallman|Kayla Rolph",5,1418,1469,51,0,4,-4
"2024-25","18289","Maryland","Allie Kubek|Bri McDaniel|Kaylene Smikle|Saylor Poffenbarger|Shyanne Sellers",5,1394,1547,153,10,3,7
"2024-25","18289","William & Mary","Anahi-Lee Cauley|Cassidy Geddes|Emma West|Jana Sallman|Kayla Rolph",5,1469,1547,78,2,4,-2
"2024-25","18289","Maryland","Allie Kubek|Kaylene Smikle|Mir McLean|Saylor Poffenbarger|Shyanne Sellers",5,1547,1636,89,5,4,1
"2024-25","18289","William & Mary","Bella Nascimento|Cassidy Geddes|Jana Sallman|Kayla Rolph|Rebekah Frisby-Smith",5,1547,1636,89,4,5,-1
"2024-25","18289","Maryland","Allie Kubek|Christina Dalce|Kaylene Smikle|Mir McLean|Shyanne Sellers",5,1636,1663,27,0,0,0
"2024-25","18289","William & Mary","Bella Nascimento|Cassidy Geddes|Kayla Rolph|Marley Long|Rebekah Frisby-Smith",5,1636,1663,27,0,1,-1
"2024-25","18289","Maryland","Allie Kubek|Bri McDaniel|Christina Dalce|Mir McLean|Sarah Te-Biasu",5,1663,1736,73,6,0,6
"2024-25","18289","William & Mary","Bella Nascimento|Cassidy Geddes|Kayla Rolph|Marley Long|Sophia LeGoullon",5,1663,1736,73,0,5,-5
"2024-25","18289","William & Mary","Bella Nascimento|Cassidy Geddes|Jana Sallman|Marley Long|Sophia LeGoullon",5,1736,1800,64,2,5,-3
"2024-25","18289","William & Mary","Aislinn Gibson|Anahi-Lee Cauley|Bella Nascimento|Cassidy Geddes|Jana Sallman",5,1800,2002,202,6,10,-4
"2024-25","18289","William & Mary","Aislinn Gibson|Bella Nascimento|Cassidy Geddes|Emma West|Jana Sallman",5,2002,2005,3,0,0,0
"2024-25","18289","Maryland","Ava McKennie|Bri McDaniel|Christina Dalce|Mir McLean|Sarah Te-Biasu",5,1736,2005,269,15,8,7
"2024-25","18289","William & Mary","Bella Nascimento|Cassidy Geddes|Emma West|Jana Sallman|Marley Long",5,2005,2123,118,0,3,-3
"2024-25","18289","William & Mary","Cassidy Geddes|Emma West|Kayla Rolph|Marley Long|Sophia LeGoullon",5,2123,2124,1,0,1,-1
"2024-25","18289","William & Mary","Anahi-Lee Cauley|Cassidy Geddes|Emma West|Marley Long|Sophia LeGoullon",5,2124,2195,71,0,2,-2
"2024-25","18289","William & Mary","Anahi-Lee Cauley|Cassidy Geddes|Emma West|Kayla Rolph|Sophia LeGoullon",5,2195,2239,44,0,4,-4
"2024-25","18289","Maryland","Allie Kubek|Ava McKennie|Bri McDaniel|Christina Dalce|Mir McLean",5,2005,2400,395,18,1,17
"2024-25","18289","William & Mary","Anahi-Lee Cauley|Cassidy Geddes|Emma West|Jana Sallman|Sophia LeGoullon",5,2239,2400,161,1,8,-7
"2024-25","18346","Umbc","Alaina Williams|Carmen Yanez|Jaliena Sanchez|Jordon Lewis|Talia Davis",5,0,125,125,0,5,-5
"2024-25","18346","Maryland","Allie Kubek|Christina Dalce|Kaylene Smikle|Sarah Te-Biasu|Shyanne Sellers",5,0,125,125,5,0,5
"2024-25","18346","Umbc","Carmen Yanez|Jaliena Sanchez|Jordon Lewis|Laura Lacambra|Talia Davis",5,125,271,146,2,2,0
"2024-25","18346","Maryland","Allie Kubek|Kaylene Smikle|Sarah Te-Biasu|Saylor Poffenbarger|Shyanne Sellers",5,125,271,146,2,2,0
"2024-25","18346","Maryland","Allie Kubek|Bri McDaniel|Mir McLean|Saylor Poffenbarger|Shyanne Sellers",5,271,282,11,0,0,0
"2024-25","18346","Umbc","Jaliena Sanchez|Laura Lacambra|Talia Davis|Tiara Bellamy|Yasmin Ott",5,271,299,28,0,0,0
"2024-25","18346","Maryland","Amari DeBerry|Bri McDaniel|Mir McLean|Saylor Poffenbarger|Shyanne Sellers",5,282,317,35,0,0,0
"2024-25","18346","Umbc","Alaina Williams|Jaliena Sanchez|Laura Lacambra|Talia Davis|Tiara Bellamy|Yasmin Ott",6,299,350,51,0,2,-2
"2024-25","18346","Umbc","Alaina Williams|Carmen Yanez|Laura Lacambra|Talia Davis|Tiara Bellamy|Yasmin Ott",6,350,434,84,4,3,1
"2024-25","18346","Maryland","Allie Kubek|Amari DeBerry|Bri McDaniel|Kaylene Smikle|Shyanne Sellers",5,317,434,117,5,4,1
"2024-25","18346","Umbc","Alaina Williams|Carmen Yanez|Jordon Lewis|Laura Lacambra|Talia Davis|Yasmin Ott",6,434,445,11,2,1,1
"2024-25","18346","Maryland","Allie Kubek|Bri McDaniel|Kaylene Smikle|Mir McLean|Shyanne Sellers",5,434,487,53,3,2,1
"2024-25","18346","Maryland","Allie Kubek|Kaylene Smikle|Mir McLean|Sarah Te-Biasu|Shyanne Sellers",5,487,496,9,0,0,0
"2024-25","18346","Umbc","Alaina Williams|Carmen Yanez|Jordon Lewis|Talia Davis|Yasmin Ott",5,445,496,51,0,2,-2
"2024-25","18346","Umbc","Alaina Williams|Carmen Yanez|Jaliena Sanchez|Jordon Lewis|Talia Davis",5,496,511,15,0,0,0
"2024-25","18346","Maryland","Allie Kubek|Amari DeBerry|Kaylene Smikle|Sarah Te-Biasu|Shyanne Sellers",5,496,600,104,3,0,3
"2024-25","18346","Maryland","Allie Kubek|Christina Dalce|Kaylene Smikle|Sarah Te-Biasu|Saylor Poffenbarger",5,600,695,95,2,0,2
"2024-25","18346","Umbc","Carmen Yanez|Jaliena Sanchez|Jordon Lewis|Laura Lacambra|Talia Davis",5,511,762,251,3,5,-2
"2024-25","18346","Maryland","Allie Kubek|Amari DeBerry|Kaylene Smikle|Sarah Te-Biasu|Saylor Poffenbarger",5,695,762,67,0,3,-3
"2024-25","18346","Umbc","Carmen Yanez|Jaliena Sanchez|Jordon Lewis|Laura Lacambra|Yasmin Ott",5,762,833,71,5,2,3
"2024-25","18346","Maryland","Allie Kubek|Amari DeBerry|Sarah Te-Biasu|Saylor Poffenbarger|Shyanne Sellers",5,762,833,71,2,5,-3
"2024-25","18346","Umbc","Carmen Yanez|Jaliena Sanchez|Laura Lacambra|Talia Davis|Yasmin Ott",5,833,883,50,0,0,0
"2024-25","18346","Maryland","Allie Kubek|Ava McKennie|Sarah Te-Biasu|Saylor Poffenbarger|Shyanne Sellers",5,833,986,153,2,3,-1
"2024-25","18346","Maryland","Allie Kubek|Kaylene Smikle|Sarah Te-Biasu|Saylor Poffenbarger|Shyanne Sellers",5,986,1036,50,2,0,2
"2024-25","18346","Umbc","Carmen Yanez|Jaliena Sanchez|Jordon Lewis|Talia Davis|Yasmin Ott",5,883,1084,201,4,6,-2
"2024-25","18346","Umbc","Jaliena Sanchez|Jordon Lewis|Laura Lacambra|Talia Davis|Yasmin Ott",5,1084,1147,63,2,2,0
"2024-25","18346","Umbc","Alaina Williams|Carmen Yanez|Jaliena Sanchez|Laura Lacambra|Yasmin Ott",5,1147,1200,53,0,3,-3
"2024-25","18346","Maryland","Allie Kubek|Emily Fisher|Kaylene Smikle|Sarah Te-Biasu|Shyanne Sellers",5,1036,1200,164,7,3,4
"2024-25","18346","Umbc","Alaina Williams|Carmen Yanez|Jaliena Sanchez|Jordon Lewis|Talia Davis",5,1200,1211,11,0,0,0
"2024-25","18346","Maryland","Allie Kubek|Christina Dalce|Kaylene Smikle|Sarah Te-Biasu|Shyanne Sellers",5,1200,1300,100,3,2,1
"2024-25","18346","Umbc","Carmen Yanez|Jaliena Sanchez|Jordon Lewis|Laura Lacambra|Talia Davis",5,1211,1368,157,2,3,-1
"2024-25","18346","Maryland","Christina Dalce|Kaylene Smikle|Sarah Te-Biasu|Saylor Poffenbarger|Shyanne Sellers",5,1300,1463,163,2,2,0
"2024-25","18346","Umbc","Carmen Yanez|Jaliena Sanchez|Laura Lacambra|Talia Davis|Tiara Bellamy",5,1368,1641,273,2,8,-6
"2024-25","18346","Maryland","Allie Kubek|Bri McDaniel|Christina Dalce|Sarah Te-Biasu|Shyanne Sellers",5,1463,1641,178,6,0,6
"2024-25","18346","Umbc","Carmen Yanez|Jaliena Sanchez|Jordon Lewis|Lauren Thompson|Talia Davis",5,1641,1665,24,0,0,0
"2024-25","18346","Umbc","Jaliena Sanchez|Jordon Lewis|Lauren Thompson|Talia Davis|Yasmin Ott",5,1665,1800,135,3,6,-3
"2024-25","18346","Maryland","Allie Kubek|Bri McDaniel|Christina Dalce|Kaylene Smikle|Sarah Te-Biasu",5,1641,1800,159,6,3,3
"2024-25","18346","Umbc","Carmen Yanez|Jaliena Sanchez|Jordon Lewis|Laura Lacambra|Talia Davis",5,1800,1907,107,0,2,-2
"2024-25","18346","Umbc","Carmen Yanez|Jaliena Sanchez|Jordon Lewis|Talia Davis|Tiara Bellamy",5,1907,2017,110,2,7,-5
"2024-25","18346","Maryland","Bri McDaniel|Christina Dalce|Mir McLean|Saylor Poffenbarger|Shyanne Sellers",5,1800,2017,217,9,2,7
"2024-25","18346","Umbc","Carmen Yanez|Jaliena Sanchez|Talia Davis|Tiara Bellamy|Yasmin Ott",5,2017,2098,81,1,3,-2
"2024-25","18346","Umbc","Alaina Williams|Carmen Yanez|Jaliena Sanchez|Tiara Bellamy|Yasmin Ott",5,2098,2152,54,0,3,-3
"2024-25","18346","Maryland","Ava McKennie|Bri McDaniel|Christina Dalce|Mir McLean|Shyanne Sellers",5,2017,2152,135,7,1,6
"2024-25","18346","Maryland","Amari DeBerry|Ava McKennie|Bri McDaniel|Christina Dalce|Mir McLean",5,2152,2209,57,0,0,0
"2024-25","18346","Umbc","Alaina Williams|Carmen Yanez|Jaliena Sanchez|Talia Davis|Yasmin Ott",5,2152,2235,83,0,1,-1
"2024-25","18346","Umbc","Alaina Williams|Carmen Yanez|Kenya Ramsey|Lauren Thompson|Yasmin Ott",5,2235,2294,59,0,2,-2
"2024-25","18346","Umbc","Alaina Williams|Kenya Ramsey|Lauren Thompson|Riley Donahue|Yasmin Ott",5,2294,2400,106,0,6,-6
"2024-25","18346","Maryland","Amari DeBerry|Ava McKennie|Bri McDaniel|Emily Fisher|Mir McLean",5,2209,2400,191,8,0,8
"2024-25","18347","Maryland","Allie Kubek|Christina Dalce|Kaylene Smikle|Sarah Te-Biasu|Shyanne Sellers",5,0,103,103,2,3,-1
"2024-25","18347","Maryland","Allie Kubek|Kaylene Smikle|Sarah Te-Biasu|Saylor Poffenbarger|Shyanne Sellers",5,103,266,163,5,5,0
"2024-25","18347","Maryland","Allie Kubek|Bri McDaniel|Mir McLean|Sarah Te-Biasu|Shyanne Sellers",5,266,313,47,0,0,0
"2024-25","18347","Syracuse","Angelica Velez|Georgia Woolley|Izabel VarejÃ£o|Kyra Wood|Sophie Burrows",5,0,371,371,10,7,3
"2024-25","18347","Maryland","Allie Kubek|Bri McDaniel|Kaylene Smikle|Mir McLean|Sarah Te-Biasu",5,313,371,58,0,2,-2
"2024-25","18347","Syracuse","Angelica Velez|Georgia Woolley|Journey Thompson|Kyra Wood|Sophie Burrows",5,371,425,54,2,2,0
"2024-25","18347","Syracuse","Georgia Woolley|Journey Thompson|Kyra Wood|Olivia Schmitt|Sophie Burrows",5,425,505,80,5,0,5
"2024-25","18347","Maryland","Amari DeBerry|Bri McDaniel|Mir McLean|Sarah Te-Biasu|Shyanne Sellers",5,371,506,135,2,7,-5
"2024-25","18347","Syracuse","Georgia Woolley|Journey Thompson|Keira Scott|Olivia Schmitt|Sophie Burrows",5,505,600,95,3,5,-2
"2024-25","18347","Maryland","Allie Kubek|Bri McDaniel|Kaylene Smikle|Mir McLean|Shyanne Sellers",5,506,600,94,5,3,2
"2024-25","18347","Syracuse","Georgia Woolley|Journey Thompson|Kyra Wood|Olivia Schmitt|Sophie Burrows",5,600,697,97,2,0,2
"2024-25","18347","Maryland","Allie Kubek|Christina Dalce|Kaylene Smikle|Sarah Te-Biasu|Shyanne Sellers",5,600,697,97,0,2,-2
"2024-25","18347","Syracuse","Georgia Woolley|Keira Scott|Kyra Wood|Olivia Schmitt|Sophie Burrows",5,697,835,138,2,7,-5
"2024-25","18347","Syracuse","Angelica Velez|Georgia Woolley|Keira Scott|Kyra Wood|Shy Hawkins",5,835,881,46,0,4,-4
"2024-25","18347","Syracuse","Angelica Velez|Georgia Woolley|Kyra Wood|Shy Hawkins|Sophie Burrows",5,881,1003,122,2,7,-5
"2024-25","18347","Maryland","Allie Kubek|Bri McDaniel|Christina Dalce|Saylor Poffenbarger|Shyanne Sellers",5,697,1003,306,18,4,14
"2024-25","18347","Syracuse","Angelica Velez|Georgia Woolley|Journey Thompson|Kyra Wood|Sophie Burrows",5,1003,1132,129,3,7,-4
"2024-25","18347","Syracuse","Georgia Woolley|Journey Thompson|Kyra Wood|Olivia Schmitt|Sophie Burrows",5,1132,1200,68,2,3,-1
"2024-25","18347","Maryland","Allie Kubek|Christina Dalce|Kaylene Smikle|Saylor Poffenbarger|Shyanne Sellers",5,1003,1200,197,10,5,5
"2024-25","18347","Syracuse","Angelica Velez|Georgia Woolley|Izabel VarejÃ£o|Kyra Wood|Sophie Burrows",5,1200,1265,65,2,2,0
"2024-25","18347","Maryland","Allie Kubek|Bri McDaniel|Christina Dalce|Kaylene Smikle|Shyanne Sellers",5,1200,1302,102,2,4,-2
"2024-25","18347","Syracuse","Dominique Camp|Georgia Woolley|Izabel VarejÃ£o|Kyra Wood|Sophie Burrows",5,1265,1344,79,2,0,2
"2024-25","18347","Maryland","Allie Kubek|Bri McDaniel|Kaylene Smikle|Saylor Poffenbarger|Shyanne Sellers",5,1302,1430,128,6,5,1
"2024-25","18347","Maryland","Allie Kubek|Bri McDaniel|Kaylene Smikle|Sarah Te-Biasu|Saylor Poffenbarger",5,1430,1500,70,2,4,-2
"2024-25","18347","Syracuse","Dominique Camp|Georgia Woolley|Kyra Wood|Saniaa Wilson|Sophie Burrows",5,1344,1614,270,11,11,0
"2024-25","18347","Maryland","Allie Kubek|Bri McDaniel|Christina Dalce|Sarah Te-Biasu|Saylor Poffenbarger",5,1500,1621,121,4,2,2
"2024-25","18347","Maryland","Allie Kubek|Bri McDaniel|Sarah Te-Biasu|Saylor Poffenbarger|Shyanne Sellers",5,1621,1785,164,4,4,0
"2024-25","18347","Maryland","Allie Kubek|Bri McDaniel|Kaylene Smikle|Saylor Poffenbarger|Shyanne Sellers",5,1785,1797,12,1,2,-1
"2024-25","18347","Syracuse","Dominique Camp|Georgia Woolley|Journey Thompson|Kyra Wood|Sophie Burrows",5,1614,1800,186,6,6,0
"2024-25","18347","Maryland","Bri McDaniel|Kaylene Smikle|Mir McLean|Saylor Poffenbarger|Shyanne Sellers",5,1797,1800,3,0,0,0
"2024-25","18347","Maryland","Bri McDaniel|Christina Dalce|Kaylene Smikle|Saylor Poffenbarger|Shyanne Sellers",5,1800,1873,73,0,0,0
"2024-25","18347","Maryland","Bri McDaniel|Christina Dalce|Kaylene Smikle|Sarah Te-Biasu|Saylor Poffenbarger",5,1873,1897,24,1,0,1
"2024-25","18347","Syracuse","Dominique Camp|Georgia Woolley|Journey Thompson|Kyra Wood|Madeline Potts",5,1800,1897,97,1,1,0
"2024-25","18347","Syracuse","Dominique Camp|Georgia Woolley|Izabel VarejÃ£o|Journey Thompson|Madeline Potts",5,1897,2011,114,5,4,1
"2024-25","18347","Maryland","Allie Kubek|Bri McDaniel|Christina Dalce|Kaylene Smikle|Sarah Te-Biasu",5,1897,2011,114,4,6,-2
"2024-25","18347","Syracuse","Dominique Camp|Georgia Woolley|Izabel VarejÃ£o|Journey Thompson|Sophie Burrows",5,2011,2085,74,2,2,0
"2024-25","18347","Maryland","Allie Kubek|Bri McDaniel|Kaylene Smikle|Sarah Te-Biasu|Saylor Poffenbarger",5,2011,2139,128,4,4,0
"2024-25","18347","Syracuse","Dominique Camp|Georgia Woolley|Izabel VarejÃ£o|Kyra Wood|Sophie Burrows",5,2085,2223,138,6,2,4
"2024-25","18347","Maryland","Allie Kubek|Bri McDaniel|Kaylene Smikle|Saylor Poffenbarger|Shyanne Sellers",5,2139,2343,204,11,9,2
"2024-25","18347","Maryland","Allie Kubek|Bri McDaniel|Christina Dalce|Saylor Poffenbarger|Shyanne Sellers",5,2343,2351,8,0,2,-2
"2024-25","18347","Maryland","Allie Kubek|Bri McDaniel|Kaylene Smikle|Saylor Poffenbarger|Shyanne Sellers",5,2351,2359,8,1,0,1
"2024-25","18347","Maryland","Allie Kubek|Bri McDaniel|Christina Dalce|Saylor Poffenbarger|Shyanne Sellers",5,2359,2364,5,2,0,2
"2024-25","18347","Syracuse","Dominique Camp|Georgia Woolley|Journey Thompson|Kyra Wood|Sophie Burrows",5,2223,2400,177,7,14,-7
"2024-25","18347","Maryland","Allie Kubek|Bri McDaniel|Christina Dalce|Mir McLean|Shyanne Sellers",5,2364,2400,36,0,0,0
"2024-25","18348","Maryland","Allie Kubek|Christina Dalce|Kaylene Smikle|Sarah Te-Biasu|Shyanne Sellers",5,0,194,194,9,3,6
"2024-25","18348","Maryland","Allie Kubek|Bri McDaniel|Christina Dalce|Kaylene Smikle|Shyanne Sellers",5,194,207,13,0,0,0
"2024-25","18348","Maryland","Allie Kubek|Bri McDaniel|Kaylene Smikle|Saylor Poffenbarger|Shyanne Sellers",5,207,279,72,0,0,0
"2024-25","18348","George Mason","Kennedy Harris|Nalani Kaysia|Paula Suarez|Ta'Viyanna Habib|Zahirah Walton",5,0,324,324,3,11,-8
"2024-25","18348","Maryland","Allie Kubek|Christina Dalce|Kaylene Smikle|Saylor Poffenbarger|Shyanne Sellers",5,279,439,160,7,0,7
"2024-25","18348","George Mason","Kennedy Harris|Louis Volker|Paula Suarez|Trinity Massenberg|Zahirah Walton",5,324,439,115,0,5,-5
"2024-25","18348","Maryland","Allie Kubek|Christina Dalce|Mir McLean|Saylor Poffenbarger|Shyanne Sellers",5,439,473,34,0,3,-3
"2024-25","18348","George Mason","Jada Brown|Kennedy Harris|Louis Volker|Trinity Massenberg|Zahirah Walton",5,439,593,154,5,2,3
"2024-25","18348","Maryland","Allie Kubek|Mir McLean|Sarah Te-Biasu|Saylor Poffenbarger|Shyanne Sellers",5,473,600,127,2,2,0
"2024-25","18348","Maryland","Allie Kubek|Kaylene Smikle|Mir McLean|Sarah Te-Biasu|Saylor Poffenbarger",5,600,713,113,7,4,3
"2024-25","18348","George Mason","Jada Brown|Louis Volker|Nalani Kaysia|Paula Suarez|Zahirah Walton",5,593,713,120,4,7,-3
"2024-25","18348","George Mason","Jada Brown|Louis Volker|Nalani Kaysia|Nekhu Mitchell|Paula Suarez",5,713,802,89,2,4,-2
"2024-25","18348","George Mason","Jada Brown|Kennedy Harris|Louis Volker|Trinity Massenberg|Zahirah Walton",5,802,873,71,3,0,3
"2024-25","18348","George Mason","Jada Brown|Kennedy Harris|Paula Suarez|Trinity Massenberg|Zahirah Walton",5,873,874,1,0,1,-1
"2024-25","18348","George Mason","Jada Brown|Kennedy Harris|Nalani Kaysia|Paula Suarez|Zahirah Walton",5,874,949,75,2,0,2
"2024-25","18348","Maryland","Kaylene Smikle|Mir McLean|Sarah Te-Biasu|Saylor Poffenbarger|Shyanne Sellers",5,713,1056,343,8,7,1
"2024-25","18348","George Mason","Jada Brown|Kennedy Harris|Paula Suarez|Trinity Massenberg|Zahirah Walton",5,949,1068,119,0,3,-3
"2024-25","18348","George Mason","Kennedy Harris|Khamya McNeal|Paula Suarez|Trinity Massenberg|Zahirah Walton",5,1068,1171,103,5,3,2
"2024-25","18348","Maryland","Allie Kubek|Mir McLean|Sarah Te-Biasu|Saylor Poffenbarger|Shyanne Sellers",5,1056,1171,115,4,5,-1
"2024-25","18348","Maryland","Allie Kubek|Ava McKennie|Mir McLean|Sarah Te-Biasu|Saylor Poffenbarger",5,1171,1200,29,0,3,-3
"2024-25","18348","George Mason","Jada Brown|Kennedy Harris|Khamya McNeal|Nalani Kaysia|Paula Suarez",5,1171,1200,29,3,1,2
"2024-25","18348","Maryland","Allie Kubek|Christina Dalce|Kaylene Smikle|Sarah Te-Biasu|Shyanne Sellers",5,1200,1281,81,0,3,-3
"2024-25","18348","George Mason","Kennedy Harris|Louis Volker|Nalani Kaysia|Paula Suarez|Ta'Viyanna Habib",5,1200,1281,81,3,0,3
"2024-25","18348","Maryland","Allie Kubek|Bri McDaniel|Kaylene Smikle|Sarah Te-Biasu|Saylor Poffenbarger",5,1281,1331,50,2,3,-1
"2024-25","18348","Maryland","Allie Kubek|Bri McDaniel|Sarah Te-Biasu|Saylor Poffenbarger|Shyanne Sellers",5,1331,1374,43,2,2,0
"2024-25","18348","Maryland","Bri McDaniel|Mir McLean|Sarah Te-Biasu|Saylor Poffenbarger|Shyanne Sellers",5,1374,1450,76,0,3,-3
"2024-25","18348","Maryland","Allie Kubek|Bri McDaniel|Mir McLean|Sarah Te-Biasu|Saylor Poffenbarger",5,1450,1522,72,0,0,0
"2024-25","18348","Maryland","Allie Kubek|Bri McDaniel|Sarah Te-Biasu|Saylor Poffenbarger|Shyanne Sellers",5,1522,1547,25,0,0,0
"2024-25","18348","Maryland","Allie Kubek|Bri McDaniel|Mir McLean|Sarah Te-Biasu|Saylor Poffenbarger",5,1547,1614,67,0,2,-2
"2024-25","18348","Maryland","Allie Kubek|Mir McLean|Sarah Te-Biasu|Saylor Poffenbarger|Shyanne Sellers",5,1614,1686,72,0,3,-3
"2024-25","18348","Maryland","Allie Kubek|Kaylene Smikle|Mir McLean|Sarah Te-Biasu|Shyanne Sellers",5,1686,1715,29,0,0,0
"2024-25","18348","Maryland","Allie Kubek|Kaylene Smikle|Sarah Te-Biasu|Saylor Poffenbarger|Shyanne Sellers",5,1715,1800,85,3,2,1
"2024-25","18348","George Mason","Jada Brown|Kennedy Harris|Louis Volker|Nalani Kaysia|Paula Suarez",5,1281,1800,519,15,7,8
"2024-25","18348","George Mason","Kennedy Harris|Louis Volker|Nalani Kaysia|Paula Suarez|Zahirah Walton",5,1800,2032,232,4,4,0
"2024-25","18348","George Mason","Jada Brown|Nalani Kaysia|Paula Suarez|Ta'Viyanna Habib|Zahirah Walton",5,2032,2102,70,2,5,-3
"2024-25","18348","George Mason","Kennedy Harris|Louis Volker|Nalani Kaysia|Paula Suarez|Zahirah Walton",5,2102,2336,234,5,10,-5
"2024-25","18348","George Mason","Kennedy Harris|Louis Volker|Paula Suarez|Trinity Massenberg|Zahirah Walton",5,2336,2363,27,0,2,-2
"2024-25","18348","Maryland","Christina Dalce|Kaylene Smikle|Sarah Te-Biasu|Saylor Poffenbarger|Shyanne Sellers",5,1800,2373,573,22,11,11
"2024-25","18348","Maryland","Bri McDaniel|Christina Dalce|Sarah Te-Biasu|Saylor Poffenbarger|Shyanne Sellers",5,2373,2400,27,0,0,0
"2024-25","18348","George Mason","Kennedy Harris|Louis Volker|Paula Suarez|Ta'Viyanna Habib|Zahirah Walton",5,2363,2400,37,0,1,-1
"2024-25","18349","Toledo","Cadence Dykstra|Jessica Cook|Kendall Carruthers|Khera Goss|Sammi Mikonowicz",5,0,185,185,3,8,-5
"2024-25","18349","Maryland","Allie Kubek|Christina Dalce|Kaylene Smikle|Sarah Te-Biasu|Shyanne Sellers",5,0,185,185,8,3,5
"2024-25","18349","Toledo","Cadence Dykstra|Destiny Robinson|Khera Goss|Nan Garcia|Sammi Mikonowicz",5,185,269,84,4,0,4
"2024-25","18349","Maryland","Allie Kubek|Kaylene Smikle|Sarah Te-Biasu|Saylor Poffenbarger|Shyanne Sellers",5,185,269,84,0,4,-4
"2024-25","18349","Maryland","Bri McDaniel|Mir McLean|Sarah Te-Biasu|Saylor Poffenbarger|Shyanne Sellers",5,269,291,22,2,0,2
"2024-25","18349","Toledo","Destiny Robinson|Evalyse Cole|Kendall Carruthers|Khera Goss|Nan Garcia",5,269,298,29,0,2,-2
"2024-25","18349","Maryland","Kaylene Smikle|Mir McLean|Sarah Te-Biasu|Saylor Poffenbarger|Shyanne Sellers",5,291,298,7,0,0,0
"2024-25","18349","Toledo","Destiny Robinson|Evalyse Cole|Kendall Carruthers|Nan Garcia|Sammi Mikonowicz",5,298,383,85,4,4,0
"2024-25","18349","Maryland","Allie Kubek|Kaylene Smikle|Mir McLean|Sarah Te-Biasu|Saylor Poffenbarger",5,298,383,85,4,4,0
"2024-25","18349","Toledo","Cadence Dykstra|Destiny Robinson|Hannah Noveroske|Kendall Carruthers|Sammi Mikonowicz",5,383,507,124,8,7,1
"2024-25","18349","Maryland","Amari DeBerry|Kaylene Smikle|Mir McLean|Saylor Poffenbarger|Shyanne Sellers",5,383,507,124,7,8,-1
"2024-25","18349","Toledo","Ella Weaver|Hannah Noveroske|Kendall Carruthers|Khera Goss|Sammi Mikonowicz",5,507,595,88,2,4,-2
"2024-25","18349","Maryland","Amari DeBerry|Mir McLean|Sarah Te-Biasu|Saylor Poffenbarger|Shyanne Sellers",5,507,595,88,4,2,2
"2024-25","18349","Maryland","Allie Kubek|Mir McLean|Sarah Te-Biasu|Saylor Poffenbarger|Shyanne Sellers",5,595,600,5,0,0,0
"2024-25","18349","Toledo","Ella Weaver|Kendall Carruthers|Khera Goss|Nan Garcia|Sammi Mikonowicz",5,595,640,45,0,3,-3
"2024-25","18349","Toledo","Cadence Dykstra|Ella Weaver|Khera Goss|Nan Garcia|Sammi Mikonowicz",5,640,743,103,3,2,1
"2024-25","18349","Toledo","Cadence Dykstra|Ella Weaver|Evalyse Cole|Khera Goss|Nan Garcia",5,743,836,93,2,4,-2
"2024-25","18349","Maryland","Allie Kubek|Bri McDaniel|Christina Dalce|Sarah Te-Biasu|Shyanne Sellers",5,600,836,236,9,5,4
"2024-25","18349","Maryland","Bri McDaniel|Kaylene Smikle|Mir McLean|Saylor Poffenbarger|Shyanne Sellers",5,836,841,5,0,0,0
"2024-25","18349","Toledo","Cadence Dykstra|Evalyse Cole|Hannah Noveroske|Khera Goss|Sammi Mikonowicz",5,836,857,21,0,0,0
"2024-25","18349","Toledo","Cadence Dykstra|Evalyse Cole|Faith Fedd-Robinson|Hannah Noveroske|Sammi Mikonowicz",5,857,977,120,4,5,-1
"2024-25","18349","Maryland","Ava McKennie|Kaylene Smikle|Mir McLean|Saylor Poffenbarger|Shyanne Sellers",5,841,977,136,5,4,1
"2024-25","18349","Toledo","Cadence Dykstra|Evalyse Cole|Faith Fedd-Robinson|Jessica Cook|Khera Goss",5,977,1004,27,0,2,-2
"2024-25","18349","Maryland","Allie Kubek|Mir McLean|Sarah Te-Biasu|Saylor Poffenbarger|Shyanne Sellers",5,977,1066,89,4,0,4
"2024-25","18349","Maryland","Allie Kubek|Kaylene Smikle|Mir McLean|Sarah Te-Biasu|Saylor Poffenbarger",5,1066,1161,95,6,2,4
"2024-25","18349","Toledo","Cadence Dykstra|Ella Weaver|Jessica Cook|Khera Goss|Sammi Mikonowicz",5,1004,1200,196,3,10,-7
"2024-25","18349","Maryland","Allie Kubek|Christina Dalce|Kaylene Smikle|Sarah Te-Biasu|Saylor Poffenbarger",5,1161,1200,39,2,1,1
"2024-25","18349","Toledo","Cadence Dykstra|Jessica Cook|Kendall Carruthers|Khera Goss|Sammi Mikonowicz",5,1200,1303,103,2,3,-1
"2024-25","18349","Toledo","Cadence Dykstra|Hannah Noveroske|Kendall Carruthers|Khera Goss|Sammi Mikonowicz",5,1303,1326,23,0,0,0
"2024-25","18349","Maryland","Allie Kubek|Kaylene Smikle|Sarah Te-Biasu|Saylor Poffenbarger|Shyanne Sellers",5,1200,1345,145,3,2,1
"2024-25","18349","Toledo","Cadence Dykstra|Ella Weaver|Hannah Noveroske|Khera Goss|Sammi Mikonowicz",5,1326,1345,19,0,2,-2
"2024-25","18349","Maryland","Amari DeBerry|Kaylene Smikle|Sarah Te-Biasu|Saylor Poffenbarger|Shyanne Sellers",5,1345,1391,46,2,2,0
"2024-25","18349","Toledo","Destiny Robinson|Ella Weaver|Hannah Noveroske|Khera Goss|Sammi Mikonowicz",5,1345,1416,71,4,0,4
"2024-25","18349","Maryland","Amari DeBerry|Bri McDaniel|Kaylene Smikle|Sarah Te-Biasu|Saylor Poffenbarger",5,1391,1416,25,0,2,-2
"2024-25","18349","Maryland","Amari DeBerry|Bri McDaniel|Mir McLean|Sarah Te-Biasu|Saylor Poffenbarger",5,1416,1490,74,2,0,2
"2024-25","18349","Toledo","Cadence Dykstra|Destiny Robinson|Evalyse Cole|Nan Garcia|Sammi Mikonowicz",5,1416,1529,113,2,2,0
"2024-25","18349","Toledo","Cadence Dykstra|Destiny Robinson|Faith Fedd-Robinson|Kendall Carruthers|Nan Garcia",5,1529,1616,87,0,4,-4
"2024-25","18349","Maryland","Bri McDaniel|Christina Dalce|Mir McLean|Sarah Te-Biasu|Saylor Poffenbarger",5,1490,1616,126,4,2,2
"2024-25","18349","Toledo","Cadence Dykstra|Ella Weaver|Hannah Noveroske|Khera Goss|Sammi Mikonowicz",5,1616,1696,80,2,1,1
"2024-25","18349","Toledo","Cadence Dykstra|Ella Weaver|Evalyse Cole|Hannah Noveroske|Khera Goss",5,1696,1717,21,0,2,-2
"2024-25","18349","Maryland","Amari DeBerry|Bri McDaniel|Kaylene Smikle|Mir McLean|Sarah Te-Biasu",5,1616,1717,101,3,2,1
"2024-25","18349","Toledo","Destiny Robinson|Ella Weaver|Evalyse Cole|Hannah Noveroske|Khera Goss",5,1717,1763,46,0,3,-3
"2024-25","18349","Maryland","Amari DeBerry|Bri McDaniel|Kaylene Smikle|Mir McLean|Shyanne Sellers",5,1717,1796,79,3,2,1
"2024-25","18349","Toledo","Destiny Robinson|Ella Weaver|Evalyse Cole|Faith Fedd-Robinson|Hannah Noveroske",5,1763,1800,37,3,0,3
"2024-25","18349","Maryland","Amari DeBerry|Bri McDaniel|Christina Dalce|Kaylene Smikle|Shyanne Sellers",5,1796,1800,4,0,1,-1
"2024-25","18349","Maryland","Allie Kubek|Bri McDaniel|Christina Dalce|Kaylene Smikle|Shyanne Sellers",5,1800,1826,26,0,0,0
"2024-25","18349","Toledo","Cadence Dykstra|Jessica Cook|Kendall Carruthers|Khera Goss|Sammi Mikonowicz",5,1800,1888,88,2,2,0
"2024-25","18349","Maryland","Allie Kubek|Christina Dalce|Kaylene Smikle|Saylor Poffenbarger|Shyanne Sellers",5,1826,1904,78,2,3,-1
"2024-25","18349","Toledo","Cadence Dykstra|Hannah Noveroske|Kendall Carruthers|Khera Goss|Sammi Mikonowicz",5,1888,1941,53,2,1,1
"2024-25","18349","Maryland","Ava McKennie|Christina Dalce|Kaylene Smikle|Saylor Poffenbarger|Shyanne Sellers",5,1904,1983,79,3,1,2
"2024-25","18349","Toledo","Cadence Dykstra|Ella Weaver|Hannah Noveroske|Kendall Carruthers|Sammi Mikonowicz",5,1941,2009,68,1,4,-3
"2024-25","18349","Toledo","Cadence Dykstra|Ella Weaver|Evalyse Cole|Hannah Noveroske|Kendall Braden",5,2009,2116,107,2,6,-4
"2024-25","18349","Maryland","Amari DeBerry|Ava McKennie|Kaylene Smikle|Saylor Poffenbarger|Shyanne Sellers",5,1983,2116,133,8,3,5
"2024-25","18349","Toledo","Destiny Robinson|Ella Weaver|Evalyse Cole|Kendall Braden|Nan Garcia",5,2116,2222,106,4,5,-1
"2024-25","18349","Maryland","Amari DeBerry|Ava McKennie|Bri McDaniel|Mir McLean|Shyanne Sellers",5,2116,2222,106,5,4,1
"2024-25","18349","Maryland","Amari DeBerry|Ava McKennie|Bri McDaniel|Christina Dalce|Mir McLean",5,2222,2248,26,0,5,-5
"2024-25","18349","Toledo","Destiny Robinson|Evalyse Cole|Faith Fedd-Robinson|Kendall Braden|Nan Garcia",5,2222,2308,86,9,2,7
"2024-25","18349","Toledo","Destiny Robinson|Ella Weaver|Evalyse Cole|Faith Fedd-Robinson|Kendall Braden",5,2308,2400,92,4,4,0
"2024-25","18349","Maryland","Ava McKennie|Bri McDaniel|Christina Dalce|Mir McLean|Saylor Poffenbarger",5,2248,2400,152,6,8,-2
"2024-25","18350","Maryland","Allie Kubek|Christina Dalce|Kaylene Smikle|Saylor Poffenbarger|Shyanne Sellers",5,0,48,48,0,0,0
"2024-25","18350","Maryland","Allie Kubek|Christina Dalce|Kaylene Smikle|Sarah Te-Biasu|Saylor Poffenbarger",5,48,181,133,2,4,-2
"2024-25","18350","Maryland","Allie Kubek|Bri McDaniel|Christina Dalce|Sarah Te-Biasu|Saylor Poffenbarger",5,181,256,75,0,0,0
"2024-25","18350","Purdue","Amiyah Reynolds|Destini Lombard|Ella Collier|Lana McCarthy|Reagan Bass",5,0,274,274,4,2,2
"2024-25","18350","Maryland","Bri McDaniel|Christina Dalce|Kaylene Smikle|Mir McLean|Sarah Te-Biasu",5,256,357,101,0,3,-3
"2024-25","18350","Purdue","Destini Lombard|Ella Collier|Lana McCarthy|Rashunda Jones|Reagan Bass",5,274,377,103,3,0,3
"2024-25","18350","Purdue","Ella Collier|Lana McCarthy|Rashunda Jones|Reagan Bass|Sophie Swanson",5,377,465,88,4,2,2
"2024-25","18350","Maryland","Bri McDaniel|Christina Dalce|Kaylene Smikle|Sarah Te-Biasu|Saylor Poffenbarger",5,357,465,108,2,4,-2
"2024-25","18350","Maryland","Allie Kubek|Bri McDaniel|Kaylene Smikle|Sarah Te-Biasu|Saylor Poffenbarger",5,465,600,135,2,7,-5
"2024-25","18350","Purdue","Ella Collier|Kendall Puryear|Rashunda Jones|Reagan Bass|Sophie Swanson",5,465,630,165,7,4,3
"2024-25","18350","Purdue","Destini Lombard|Ella Collier|Kendall Puryear|Rashunda Jones|Reagan Bass",5,630,722,92,7,2,5
"2024-25","18350","Maryland","Allie Kubek|Bri McDaniel|Christina Dalce|Kaylene Smikle|Shyanne Sellers",5,600,722,122,4,7,-3
"2024-25","18350","Purdue","Amiyah Reynolds|Destini Lombard|Ella Collier|Kendall Puryear|Reagan Bass",5,722,802,80,0,4,-4
"2024-25","18350","Purdue","Amiyah Reynolds|Destini Lombard|Ella Collier|Lana McCarthy|Reagan Bass",5,802,823,21,3,1,2
"2024-25","18350","Purdue","Amiyah Reynolds|Destini Lombard|Lana McCarthy|Rashunda Jones|Reagan Bass",5,823,901,78,3,3,0
"2024-25","18350","Purdue","Destini Lombard|Lana McCarthy|Rashunda Jones|Reagan Bass|Sophie Swanson",5,901,924,23,0,0,0
"2024-25","18350","Maryland","Allie Kubek|Bri McDaniel|Christina Dalce|Saylor Poffenbarger|Shyanne Sellers",5,722,924,202,8,6,2
"2024-25","18350","Maryland","Bri McDaniel|Christina Dalce|Kaylene Smikle|Saylor Poffenbarger|Shyanne Sellers",5,924,975,51,2,2,0
"2024-25","18350","Purdue","Destini Lombard|Kendall Puryear|Rashunda Jones|Reagan Bass|Sophie Swanson",5,924,1061,137,2,7,-5
"2024-25","18350","Maryland","Bri McDaniel|Christina Dalce|Kaylene Smikle|Sarah Te-Biasu|Saylor Poffenbarger",5,975,1088,113,5,0,5
"2024-25","18350","Purdue","Amiyah Reynolds|Destini Lombard|Ella Collier|Kendall Puryear|Reagan Bass",5,1061,1088,27,0,0,0
"2024-25","18350","Maryland","Bri McDaniel|Christina Dalce|Kaylene Smikle|Sarah Te-Biasu|Shyanne Sellers",5,1088,1112,24,2,2,0
"2024-25","18350","Purdue","Amiyah Reynolds|Destini Lombard|Kendall Puryear|Rashunda Jones|Reagan Bass",5,1088,1200,112,5,4,1
"2024-25","18350","Maryland","Bri McDaniel|Christina Dalce|Mir McLean|Sarah Te-Biasu|Shyanne Sellers",5,1112,1200,88,2,3,-1
"2024-25","18350","Purdue","Amiyah Reynolds|Destini Lombard|Ella Collier|Lana McCarthy|Reagan Bass",5,1200,1260,60,0,2,-2
"2024-25","18350","Purdue","Amiyah Reynolds|Destini Lombard|Ella Collier|Kendall Puryear|Reagan Bass",5,1260,1366,106,2,5,-3
"2024-25","18350","Maryland","Allie Kubek|Bri McDaniel|Christina Dalce|Saylor Poffenbarger|Shyanne Sellers",5,1200,1376,176,9,2,7
"2024-25","18350","Purdue","Destini Lombard|Ella Collier|Kendall Puryear|Rashunda Jones|Reagan Bass",5,1366,1485,119,4,4,0
"2024-25","18350","Maryland","Bri McDaniel|Christina Dalce|Kaylene Smikle|Saylor Poffenbarger|Shyanne Sellers",5,1376,1498,122,2,6,-4
"2024-25","18350","Maryland","Christina Dalce|Kaylene Smikle|Sarah Te-Biasu|Saylor Poffenbarger|Shyanne Sellers",5,1498,1604,106,4,0,4
"2024-25","18350","Purdue","Alaina Harper|Destini Lombard|Ella Collier|Rashunda Jones|Reagan Bass",5,1485,1700,215,3,10,-7
"2024-25","18350","Purdue","Destini Lombard|Ella Collier|Kendall Puryear|Rashunda Jones|Sophie Swanson",5,1700,1781,81,3,3,0
"2024-25","18350","Maryland","Bri McDaniel|Christina Dalce|Kaylene Smikle|Sarah Te-Biasu|Saylor Poffenbarger",5,1604,1781,177,9,4,5
"2024-25","18350","Purdue","Amiyah Reynolds|Destini Lombard|Kendall Puryear|Rashunda Jones|Sophie Swanson",5,1781,1800,19,2,2,0
"2024-25","18350","Maryland","Allie Kubek|Bri McDaniel|Kaylene Smikle|Sarah Te-Biasu|Saylor Poffenbarger",5,1781,1800,19,2,2,0
"2024-25","18350","Purdue","Amiyah Reynolds|Destini Lombard|Ella Collier|Lana McCarthy|Sophie Swanson",5,1800,1831,31,3,2,1
"2024-25","18350","Purdue","Destini Lombard|Ella Collier|Lana McCarthy|Reagan Bass|Sophie Swanson",5,1831,2003,172,4,10,-6
"2024-25","18350","Maryland","Allie Kubek|Kaylene Smikle|Sarah Te-Biasu|Saylor Poffenbarger|Shyanne Sellers",5,1800,2003,203,12,7,5
"2024-25","18350","Maryland","Bri McDaniel|Christina Dalce|Kaylene Smikle|Saylor Poffenbarger|Shyanne Sellers",5,2003,2058,55,2,0,2
"2024-25","18350","Purdue","Ella Collier|Kendall Puryear|Rashunda Jones|Reagan Bass|Sophie Swanson",5,2003,2078,75,0,2,-2
"2024-25","18350","Maryland","Bri McDaniel|Christina Dalce|Kaylene Smikle|Mir McLean|Shyanne Sellers",5,2058,2145,87,0,2,-2
"2024-25","18350","Maryland","Bri McDaniel|Christina Dalce|Sarah Te-Biasu|Saylor Poffenbarger|Shyanne Sellers",5,2145,2171,26,0,0,0
"2024-25","18350","Purdue","Destini Lombard|Ella Collier|Kendall Puryear|Rashunda Jones|Reagan Bass",5,2078,2400,322,10,9,1
"2024-25","18350","Maryland","Bri McDaniel|Christina Dalce|Kaylene Smikle|Sarah Te-Biasu|Saylor Poffenbarger",5,2171,2400,229,9,8,1
"2024-25","18351","Maryland","Christina Dalce|Kaylene Smikle|Sarah Te-Biasu|Saylor Poffenbarger|Shyanne Sellers",5,0,139,139,0,5,-5
"2024-25","18351","Michigan St.","Grace VanSlooten|Jaddan Simmons|Jocelyn Tate|Julia Ayrault|Theryn Hallock",5,0,210,210,5,2,3
"2024-25","18351","Maryland","Allie Kubek|Bri McDaniel|Kaylene Smikle|Sarah Te-Biasu|Saylor Poffenbarger",5,139,210,71,4,0,4
"2024-25","18351","Maryland","Allie Kubek|Bri McDaniel|Mir McLean|Sarah Te-Biasu|Saylor Poffenbarger",5,210,269,59,3,0,3
"2024-25","18351","Michigan St.","Emma Shumate|Jaddan Simmons|Jocelyn Tate|Julia Ayrault|Nyla Hampton",5,210,269,59,0,5,-5
"2024-25","18351","Michigan St.","Emma Shumate|Ines Sotelo|Julia Ayrault|Nyla Hampton|Theryn Hallock",5,269,297,28,4,0,4
"2024-25","18351","Maryland","Allie Kubek|Kaylene Smikle|Mir McLean|Saylor Poffenbarger|Shyanne Sellers",5,269,347,78,4,4,0
"2024-25","18351","Michigan St.","Emma Shumate|Grace VanSlooten|Ines Sotelo|Nyla Hampton|Theryn Hallock",5,297,387,90,0,4,-4
"2024-25","18351","Maryland","Allie Kubek|Christina Dalce|Kaylene Smikle|Sarah Te-Biasu|Shyanne Sellers",5,347,421,74,2,0,2
"2024-25","18351","Michigan St.","Emma Shumate|Grace VanSlooten|Julia Ayrault|Nyla Hampton|Theryn Hallock",5,387,421,34,0,2,-2
"2024-25","18351","Michigan St.","Grace VanSlooten|Jaddan Simmons|Jocelyn Tate|Julia Ayrault|Theryn Hallock",5,421,493,72,0,1,-1
"2024-25","18351","Maryland","Allie Kubek|Mir McLean|Sarah Te-Biasu|Saylor Poffenbarger|Shyanne Sellers",5,421,600,179,7,2,5
"2024-25","18351","Michigan St.","Emma Shumate|Grace VanSlooten|Jaddan Simmons|Jocelyn Tate|Julia Ayrault",5,493,600,107,2,6,-4
"2024-25","18351","Michigan St.","Emma Shumate|Jaddan Simmons|Jocelyn Tate|Julia Ayrault|Theryn Hallock",5,600,674,74,3,3,0
"2024-25","18351","Maryland","Bri McDaniel|Christina Dalce|Kaylene Smikle|Sarah Te-Biasu|Saylor Poffenbarger",5,600,713,113,4,3,1
"2024-25","18351","Michigan St.","Emma Shumate|Grace VanSlooten|Jaddan Simmons|Jocelyn Tate|Theryn Hallock",5,674,731,57,0,1,-1
"2024-25","18351","Maryland","Allie Kubek|Bri McDaniel|Kaylene Smikle|Saylor Poffenbarger|Shyanne Sellers",5,713,741,28,2,0,2
"2024-25","18351","Maryland","Bri McDaniel|Kaylene Smikle|Sarah Te-Biasu|Saylor Poffenbarger|Shyanne Sellers",5,741,808,67,5,2,3
"2024-25","18351","Maryland","Allie Kubek|Kaylene Smikle|Sarah Te-Biasu|Saylor Poffenbarger|Shyanne Sellers",5,808,885,77,0,2,-2
"2024-25","18351","Michigan St.","Emma Shumate|Jocelyn Tate|Julia Ayrault|Nyla Hampton|Theryn Hallock",5,731,898,167,4,7,-3
"2024-25","18351","Michigan St.","Emma Shumate|Grace VanSlooten|Ines Sotelo|Nyla Hampton|Theryn Hallock",5,898,941,43,2,2,0
"2024-25","18351","Michigan St.","Emma Shumate|Grace VanSlooten|Ines Sotelo|Jaddan Simmons|Nyla Hampton",5,941,951,10,0,2,-2
"2024-25","18351","Michigan St.","Grace VanSlooten|Ines Sotelo|Jaddan Simmons|Jocelyn Tate|Nyla Hampton",5,951,989,38,2,2,0
"2024-25","18351","Michigan St.","Ines Sotelo|Jaddan Simmons|Jocelyn Tate|Julia Ayrault|Nyla Hampton",5,989,1002,13,0,0,0
"2024-25","18351","Maryland","Allie Kubek|Bri McDaniel|Sarah Te-Biasu|Saylor Poffenbarger|Shyanne Sellers",5,885,1099,214,8,8,0
"2024-25","18351","Michigan St.","Jaddan Simmons|Jocelyn Tate|Julia Ayrault|Juliann Woodard|Nyla Hampton",5,1002,1166,164,6,2,4
"2024-25","18351","Maryland","Bri McDaniel|Christina Dalce|Sarah Te-Biasu|Saylor Poffenbarger|Shyanne Sellers",5,1099,1166,67,0,2,-2
"2024-25","18351","Maryland","Ava McKennie|Mir McLean|Sarah Te-Biasu|Saylor Poffenbarger|Shyanne Sellers",5,1166,1200,34,2,2,0
"2024-25","18351","Michigan St.","Grace VanSlooten|Ines Sotelo|Jocelyn Tate|Nyla Hampton|Theryn Hallock",5,1166,1200,34,2,2,0
"2024-25","18351","Maryland","Christina Dalce|Kaylene Smikle|Sarah Te-Biasu|Saylor Poffenbarger|Shyanne Sellers",5,1200,1312,112,0,5,-5
"2024-25","18351","Michigan St.","Grace VanSlooten|Jaddan Simmons|Jocelyn Tate|Julia Ayrault|Theryn Hallock",5,1200,1361,161,5,2,3
"2024-25","18351","Michigan St.","Ines Sotelo|Jaddan Simmons|Jocelyn Tate|Julia Ayrault|Theryn Hallock",5,1361,1491,130,6,4,2
"2024-25","18351","Michigan St.","Ines Sotelo|Jaddan Simmons|Julia Ayrault|Nyla Hampton|Theryn Hallock",5,1491,1618,127,3,3,0
"2024-25","18351","Maryland","Allie Kubek|Bri McDaniel|Kaylene Smikle|Saylor Poffenbarger|Shyanne Sellers",5,1312,1717,405,16,11,5
"2024-25","18351","Michigan St.","Grace VanSlooten|Ines Sotelo|Jocelyn Tate|Nyla Hampton|Theryn Hallock",5,1618,1717,99,2,7,-5
"2024-25","18351","Michigan St.","Emma Shumate|Grace VanSlooten|Jocelyn Tate|Julia Ayrault|Nyla Hampton",5,1717,1734,17,0,0,0
"2024-25","18351","Maryland","Allie Kubek|Bri McDaniel|Sarah Te-Biasu|Saylor Poffenbarger|Shyanne Sellers",5,1717,1800,83,0,2,-2
"2024-25","18351","Maryland","Allie Kubek|Bri McDaniel|Kaylene Smikle|Sarah Te-Biasu|Saylor Poffenbarger",5,1800,1841,41,0,2,-2
"2024-25","18351","Michigan St.","Emma Shumate|Grace VanSlooten|Jaddan Simmons|Jocelyn Tate|Julia Ayrault",5,1734,1910,176,6,0,6
"2024-25","18351","Maryland","Allie Kubek|Bri McDaniel|Kaylene Smikle|Saylor Poffenbarger|Shyanne Sellers",5,1841,1945,104,0,2,-2
"2024-25","18351","Michigan St.","Emma Shumate|Grace VanSlooten|Ines Sotelo|Jaddan Simmons|Jocelyn Tate",5,1910,1945,35,0,0,0
"2024-25","18351","Maryland","Allie Kubek|Christina Dalce|Kaylene Smikle|Saylor Poffenbarger|Shyanne Sellers",5,1945,2078,133,0,5,-5
"2024-25","18351","Maryland","Christina Dalce|Kaylene Smikle|Sarah Te-Biasu|Saylor Poffenbarger|Shyanne Sellers",5,2078,2110,32,3,0,3
"2024-25","18351","Michigan St.","Grace VanSlooten|Ines Sotelo|Jaddan Simmons|Jocelyn Tate|Theryn Hallock",5,1945,2110,165,5,3,2
"2024-25","18351","Maryland","Bri McDaniel|Christina Dalce|Sarah Te-Biasu|Saylor Poffenbarger|Shyanne Sellers",5,2110,2309,199,5,6,-1
"2024-25","18351","Maryland","Christina Dalce|Kaylene Smikle|Sarah Te-Biasu|Saylor Poffenbarger|Shyanne Sellers",5,2309,2329,20,2,0,2
"2024-25","18351","Maryland","Bri McDaniel|Christina Dalce|Kaylene Smikle|Saylor Poffenbarger|Shyanne Sellers",5,2329,2374,45,3,3,0
"2024-25","18351","Michigan St.","Ines Sotelo|Jaddan Simmons|Jocelyn Tate|Julia Ayrault|Theryn Hallock",5,2110,2374,264,9,10,-1
"2024-25","18351","Maryland","Allie Kubek|Kaylene Smikle|Sarah Te-Biasu|Saylor Poffenbarger|Shyanne Sellers",5,2374,2379,5,0,0,0
"2024-25","18351","Michigan St.","Grace VanSlooten|Ines Sotelo|Jaddan Simmons|Jocelyn Tate|Nyla Hampton",5,2374,2379,5,0,0,0
"2024-25","18351","Michigan St.","Ines Sotelo|Jaddan Simmons|Jocelyn Tate|Julia Ayrault|Theryn Hallock",5,2379,2389,10,0,2,-2
"2024-25","18351","Maryland","Bri McDaniel|Christina Dalce|Kaylene Smikle|Saylor Poffenbarger|Shyanne Sellers",5,2379,2400,21,2,0,2
"2024-25","18351","Michigan St.","Emma Shumate|Jaddan Simmons|Jocelyn Tate|Julia Ayrault|Theryn Hallock",5,2389,2400,11,0,0,0
"2024-25","18352","Maryland","Christina Dalce|Kaylene Smikle|Sarah Te-Biasu|Saylor Poffenbarger|Shyanne Sellers",5,0,139,139,3,2,1
"2024-25","18352","Rutgers","Destiny Adams|JoJo Lacey|Kiyomi McMiller|Lisa Thompson|Zachara Perkins",5,0,139,139,2,3,-1
"2024-25","18352","Maryland","Allie Kubek|Kaylene Smikle|Sarah Te-Biasu|Saylor Poffenbarger|Shyanne Sellers",5,139,258,119,5,3,2
"2024-25","18352","Maryland","Allie Kubek|Bri McDaniel|Kaylene Smikle|Saylor Poffenbarger|Shyanne Sellers",5,258,284,26,0,2,-2
"2024-25","18352","Rutgers","Awa Sidibe|Destiny Adams|JoJo Lacey|Kiyomi McMiller|Zachara Perkins",5,139,284,145,5,5,0
"2024-25","18352","Rutgers","Awa Sidibe|Destiny Adams|JoJo Lacey|Kiyomi McMiller|Mya Petticord",5,284,368,84,0,5,-5
"2024-25","18352","Rutgers","Chyna Cornwell|Destiny Adams|JoJo Lacey|Kiyomi McMiller|Mya Petticord",5,368,392,24,0,0,0
"2024-25","18352","Maryland","Allie Kubek|Bri McDaniel|Mir McLean|Saylor Poffenbarger|Shyanne Sellers",5,284,500,216,9,3,6
"2024-25","18352","Rutgers","Awa Sidibe|Chyna Cornwell|Destiny Adams|Kiyomi McMiller|Mya Petticord",5,392,500,108,3,4,-1
"2024-25","18352","Maryland","Allie Kubek|Kaylene Smikle|Mir McLean|Saylor Poffenbarger|Shyanne Sellers",5,500,595,95,2,0,2
"2024-25","18352","Maryland","Allie Kubek|Christina Dalce|Kaylene Smikle|Saylor Poffenbarger|Shyanne Sellers",5,595,600,5,0,3,-3
"2024-25","18352","Rutgers","Awa Sidibe|Chyna Cornwell|Kiyomi McMiller|Lisa Thompson|Zachara Perkins",5,500,600,100,3,2,1
"2024-25","18352","Maryland","Allie Kubek|Christina Dalce|Kaylene Smikle|Sarah Te-Biasu|Shyanne Sellers",5,600,711,111,2,3,-1
"2024-25","18352","Rutgers","Destiny Adams|JoJo Lacey|Kiyomi McMiller|Lisa Thompson|Zachara Perkins",5,600,739,139,5,2,3
"2024-25","18352","Rutgers","Destiny Adams|Kiyomi McMiller|Lisa Thompson|Mya Petticord|Zachara Perkins",5,739,772,33,0,3,-3
"2024-25","18352","Maryland","Allie Kubek|Bri McDaniel|Kaylene Smikle|Sarah Te-Biasu|Saylor Poffenbarger",5,711,838,127,5,2,3
"2024-25","18352","Maryland","Allie Kubek|Bri McDaniel|Kaylene Smikle|Sarah Te-Biasu|Shyanne Sellers",5,838,880,42,0,0,0
"2024-25","18352","Rutgers","Awa Sidibe|Destiny Adams|Kiyomi McMiller|Mya Petticord|Zachara Perkins",5,772,880,108,0,2,-2
"2024-25","18352","Maryland","Bri McDaniel|Kaylene Smikle|Mir McLean|Sarah Te-Biasu|Shyanne Sellers",5,880,916,36,2,0,2
"2024-25","18352","Rutgers","Awa Sidibe|Destiny Adams|Kiyomi McMiller|Lisa Thompson|Mya Petticord",5,880,966,86,2,6,-4
"2024-25","18352","Maryland","Kaylene Smikle|Mir McLean|Sarah Te-Biasu|Saylor Poffenbarger|Shyanne Sellers",5,916,999,83,4,2,2
"2024-25","18352","Rutgers","Awa Sidibe|Chyna Cornwell|Destiny Adams|Kiyomi McMiller|Zachara Perkins",5,966,1010,44,0,0,0
"2024-25","18352","Maryland","Allie Kubek|Mir McLean|Sarah Te-Biasu|Saylor Poffenbarger|Shyanne Sellers",5,999,1045,46,2,0,2
"2024-25","18352","Maryland","Allie Kubek|Bri McDaniel|Mir McLean|Saylor Poffenbarger|Shyanne Sellers",5,1045,1200,155,6,2,4
"2024-25","18352","Rutgers","Awa Sidibe|Chyna Cornwell|Kiyomi McMiller|Mya Petticord|Zachara Perkins",5,1010,1200,190,2,8,-6
"2024-25","18352","Rutgers","Awa Sidibe|Destiny Adams|JoJo Lacey|Lisa Thompson|Zachara Perkins",5,1200,1220,20,0,0,0
"2024-25","18352","Maryland","Christina Dalce|Kaylene Smikle|Sarah Te-Biasu|Saylor Poffenbarger|Shyanne Sellers",5,1200,1369,169,6,7,-1
"2024-25","18352","Maryland","Allie Kubek|Kaylene Smikle|Sarah Te-Biasu|Saylor Poffenbarger|Shyanne Sellers",5,1369,1418,49,2,2,0
"2024-25","18352","Rutgers","Awa Sidibe|Destiny Adams|JoJo Lacey|Kiyomi McMiller|Zachara Perkins",5,1220,1418,198,9,8,1
"2024-25","18352","Maryland","Allie Kubek|Bri McDaniel|Sarah Te-Biasu|Saylor Poffenbarger|Shyanne Sellers",5,1418,1487,69,2,2,0
"2024-25","18352","Rutgers","Awa Sidibe|Chyna Cornwell|Destiny Adams|JoJo Lacey|Kiyomi McMiller",5,1418,1487,69,2,2,0
"2024-25","18352","Rutgers","Awa Sidibe|Chyna Cornwell|Destiny Adams|JoJo Lacey|Lisa Thompson",5,1487,1494,7,0,0,0
"2024-25","18352","Rutgers","Awa Sidibe|Chyna Cornwell|Destiny Adams|Lisa Thompson|Zachara Perkins",5,1494,1581,87,3,6,-3
"2024-25","18352","Rutgers","Chyna Cornwell|Destiny Adams|Lisa Thompson|Mya Petticord|Zachara Perkins",5,1581,1658,77,5,2,3
"2024-25","18352","Maryland","Allie Kubek|Bri McDaniel|Mir McLean|Saylor Poffenbarger|Shyanne Sellers",5,1487,1658,171,10,8,2
"2024-25","18352","Maryland","Allie Kubek|Kaylene Smikle|Mir McLean|Saylor Poffenbarger|Shyanne Sellers",5,1658,1708,50,1,0,1
"2024-25","18352","Rutgers","Awa Sidibe|Chyna Cornwell|Lisa Thompson|Mya Petticord|Zachara Perkins",5,1658,1785,127,2,5,-3
"2024-25","18352","Maryland","Allie Kubek|Ava McKennie|Kaylene Smikle|Mir McLean|Shyanne Sellers",5,1708,1800,92,3,2,1
"2024-25","18352","Rutgers","Chyna Cornwell|Destiny Adams|Lisa Thompson|Mya Petticord|Zachara Perkins",5,1785,1800,15,0,1,-1
"2024-25","18352","Rutgers","Chyna Cornwell|Destiny Adams|JoJo Lacey|Lisa Thompson|Zachara Perkins",5,1800,1832,32,0,0,0
"2024-25","18352","Rutgers","Awa Sidibe|Chyna Cornwell|Destiny Adams|Lisa Thompson|Zachara Perkins",5,1832,1849,17,0,0,0
"2024-25","18352","Rutgers","Awa Sidibe|Destiny Adams|Janae Walker|Lisa Thompson|Zachara Perkins",5,1849,1887,38,0,1,-1
"2024-25","18352","Rutgers","Awa Sidibe|Destiny Adams|Janae Walker|Lisa Thompson|Mya Petticord",5,1887,1933,46,0,3,-3
"2024-25","18352","Maryland","Amari DeBerry|Ava McKennie|Kaylene Smikle|Mir McLean|Shyanne Sellers",5,1800,1980,180,7,0,7
"2024-25","18352","Rutgers","Awa Sidibe|Janae Walker|Lisa Thompson|Mya Petticord|Zachara Perkins",5,1933,2160,227,7,6,1
"2024-25","18352","Maryland","Amari DeBerry|Ava McKennie|Mir McLean|Sarah Te-Biasu|Saylor Poffenbarger",5,1980,2257,277,5,12,-7
"2024-25","18352","Rutgers","Awa Sidibe|Chyna Cornwell|Lisa Thompson|Mya Petticord|Zachara Perkins",5,2160,2257,97,5,2,3
"2024-25","18352","Rutgers","Awa Sidibe|Janae Walker|Lisa Thompson|Mya Petticord|Zachara Perkins",5,2257,2304,47,3,0,3
"2024-25","18352","Maryland","Allie Kubek|Amari DeBerry|Ava McKennie|Mir McLean|Sarah Te-Biasu",5,2257,2400,143,2,6,-4
"2024-25","18352","Rutgers","Awa Sidibe|Janae Walker|Kennedy Brandt|Lisa Thompson|Zachara Perkins",5,2304,2400,96,3,2,1
"2024-25","18353","Maryland","Christina Dalce|Kaylene Smikle|Sarah Te-Biasu|Saylor Poffenbarger|Shyanne Sellers",5,0,188,188,8,2,6
"2024-25","18353","Iowa","Addison O'Grady|Hannah Stuelke|Kylie Feuerbach|Lucy Olsen|Sydney Affolter",5,0,242,242,2,10,-8
"2024-25","18353","Iowa","Addison O'Grady|Hannah Stuelke|Kylie Feuerbach|Lucy Olsen|Taylor Stremlow",5,242,340,98,4,6,-2
"2024-25","18353","Maryland","Allie Kubek|Kaylene Smikle|Sarah Te-Biasu|Saylor Poffenbarger|Shyanne Sellers",5,188,340,152,8,4,4
"2024-25","18353","Iowa","Addison O'Grady|Lucy Olsen|Taylor McCabe|Taylor Stremlow|Teagan Mallegni",5,340,387,47,0,3,-3
"2024-25","18353","Maryland","Bri McDaniel|Christina Dalce|Kaylene Smikle|Saylor Poffenbarger|Shyanne Sellers",5,340,387,47,3,0,3
"2024-25","18353","Iowa","Ava Heiden|Lucy Olsen|Taylor McCabe|Taylor Stremlow|Teagan Mallegni",5,387,426,39,0,0,0
"2024-25","18353","Maryland","Bri McDaniel|Christina Dalce|Kaylene Smikle|Mir McLean|Shyanne Sellers",5,387,465,78,0,2,-2
"2024-25","18353","Iowa","Aaliyah Guyton|Ava Heiden|Taylor McCabe|Taylor Stremlow|Teagan Mallegni",5,426,504,78,4,3,1
"2024-25","18353","Maryland","Bri McDaniel|Christina Dalce|Mir McLean|Saylor Poffenbarger|Shyanne Sellers",5,465,504,39,3,2,1
"2024-25","18353","Maryland","Allie Kubek|Bri McDaniel|Christina Dalce|Saylor Poffenbarger|Shyanne Sellers",5,504,569,65,0,5,-5
"2024-25","18353","Iowa","AJ Ediger|Aaliyah Guyton|Taylor McCabe|Taylor Stremlow|Teagan Mallegni",5,504,600,96,5,0,5
"2024-25","18353","Maryland","Allie Kubek|Christina Dalce|Kaylene Smikle|Saylor Poffenbarger|Shyanne Sellers",5,569,600,31,0,0,0
"2024-25","18353","Iowa","Addison O'Grady|Kylie Feuerbach|Lucy Olsen|Sydney Affolter|Teagan Mallegni",5,600,672,72,2,2,0
"2024-25","18353","Maryland","Allie Kubek|Christina Dalce|Kaylene Smikle|Sarah Te-Biasu|Saylor Poffenbarger",5,600,672,72,2,2,0
"2024-25","18353","Maryland","Allie Kubek|Bri McDaniel|Kaylene Smikle|Sarah Te-Biasu|Saylor Poffenbarger",5,672,720,48,0,0,0
"2024-25","18353","Iowa","Addison O'Grady|Lucy Olsen|Sydney Affolter|Taylor McCabe|Teagan Mallegni",5,672,800,128,0,6,-6
"2024-25","18353","Iowa","Aaliyah Guyton|Ava Heiden|Sydney Affolter|Taylor McCabe|Taylor Stremlow",5,800,862,62,0,0,0
"2024-25","18353","Iowa","Aaliyah Guyton|Ava Heiden|Hannah Stuelke|Taylor McCabe|Taylor Stremlow",5,862,912,50,1,5,-4
"2024-25","18353","Iowa","Aaliyah Guyton|Ava Heiden|Lucy Olsen|Taylor McCabe|Taylor Stremlow",5,912,929,17,0,0,0
"2024-25","18353","Maryland","Allie Kubek|Bri McDaniel|Kaylene Smikle|Saylor Poffenbarger|Shyanne Sellers",5,720,982,262,14,1,13
"2024-25","18353","Iowa","Aaliyah Guyton|Addison O'Grady|Lucy Olsen|Sydney Affolter|Taylor Stremlow",5,929,992,63,0,3,-3
"2024-25","18353","Maryland","Bri McDaniel|Kaylene Smikle|Mir McLean|Saylor Poffenbarger|Shyanne Sellers",5,982,992,10,0,0,0
"2024-25","18353","Maryland","Kaylene Smikle|Mir McLean|Sarah Te-Biasu|Saylor Poffenbarger|Shyanne Sellers",5,992,1002,10,1,0,1
"2024-25","18353","Iowa","AJ Ediger|Aaliyah Guyton|Lucy Olsen|Sydney Affolter|Taylor Stremlow",5,992,1062,70,0,1,-1
"2024-25","18353","Maryland","Christina Dalce|Kaylene Smikle|Mir McLean|Sarah Te-Biasu|Shyanne Sellers",5,1002,1062,60,0,0,0
"2024-25","18353","Iowa","AJ Ediger|Kylie Feuerbach|Lucy Olsen|Sydney Affolter|Taylor Stremlow",5,1062,1147,85,3,7,-4
"2024-25","18353","Maryland","Bri McDaniel|Christina Dalce|Mir McLean|Sarah Te-Biasu|Shyanne Sellers",5,1062,1147,85,7,3,4
"2024-25","18353","Iowa","AJ Ediger|Lucy Olsen|Sydney Affolter|Taylor McCabe|Taylor Stremlow",5,1147,1200,53,6,2,4
"2024-25","18353","Maryland","Bri McDaniel|Christina Dalce|Kaylene Smikle|Mir McLean|Sarah Te-Biasu",5,1147,1200,53,2,6,-4
"2024-25","18353","Maryland","Christina Dalce|Kaylene Smikle|Sarah Te-Biasu|Saylor Poffenbarger|Shyanne Sellers",5,1200,1342,142,3,7,-4
"2024-25","18353","Maryland","Allie Kubek|Kaylene Smikle|Sarah Te-Biasu|Saylor Poffenbarger|Shyanne Sellers",5,1342,1382,40,0,3,-3
"2024-25","18353","Iowa","Addison O'Grady|Hannah Stuelke|Kylie Feuerbach|Lucy Olsen|Sydney Affolter",5,1200,1479,279,12,3,9
"2024-25","18353","Iowa","Addison O'Grady|Hannah Stuelke|Lucy Olsen|Sydney Affolter|Taylor McCabe",5,1479,1514,35,0,1,-1
"2024-25","18353","Iowa","Addison O'Grady|Lucy Olsen|Sydney Affolter|Taylor McCabe|Teagan Mallegni",5,1514,1567,53,0,2,-2
"2024-25","18353","Iowa","Aaliyah Guyton|Addison O'Grady|Taylor McCabe|Taylor Stremlow|Teagan Mallegni",5,1567,1630,63,0,2,-2
"2024-25","18353","Maryland","Allie Kubek|Bri McDaniel|Kaylene Smikle|Saylor Poffenbarger|Shyanne Sellers",5,1382,1630,248,5,2,3
"2024-25","18353","Iowa","Aaliyah Guyton|Ava Heiden|Taylor McCabe|Taylor Stremlow|Teagan Mallegni",5,1630,1661,31,2,0,2
"2024-25","18353","Iowa","Aaliyah Guyton|Ava Heiden|Hannah Stuelke|Taylor McCabe|Taylor Stremlow",5,1661,1699,38,0,2,-2
"2024-25","18353","Iowa","Aaliyah Guyton|Ava Heiden|Sydney Affolter|Taylor McCabe|Taylor Stremlow",5,1699,1722,23,0,0,0
"2024-25","18353","Maryland","Allie Kubek|Bri McDaniel|Mir McLean|Saylor Poffenbarger|Shyanne Sellers",5,1630,1773,143,2,4,-2
"2024-25","18353","Iowa","Aaliyah Guyton|Ava Heiden|Lucy Olsen|Sydney Affolter|Taylor Stremlow",5,1722,1800,78,2,1,1
"2024-25","18353","Maryland","Bri McDaniel|Christina Dalce|Mir McLean|Saylor Poffenbarger|Shyanne Sellers",5,1773,1800,27,1,0,1
"2024-25","18353","Iowa","Addison O'Grady|Kylie Feuerbach|Lucy Olsen|Sydney Affolter|Taylor Stremlow",5,1800,1911,111,5,2,3
"2024-25","18353","Maryland","Christina Dalce|Kaylene Smikle|Mir McLean|Sarah Te-Biasu|Saylor Poffenbarger",5,1800,1911,111,2,5,-3
"2024-25","18353","Iowa","Aaliyah Guyton|Hannah Stuelke|Kylie Feuerbach|Lucy Olsen|Sydney Affolter",5,1911,1996,85,5,2,3
"2024-25","18353","Maryland","Allie Kubek|Bri McDaniel|Kaylene Smikle|Saylor Poffenbarger|Shyanne Sellers",5,1911,1996,85,2,5,-3
"2024-25","18353","Maryland","Allie Kubek|Bri McDaniel|Kaylene Smikle|Sarah Te-Biasu|Saylor Poffenbarger",5,1996,2094,98,0,4,-4
"2024-25","18353","Maryland","Allie Kubek|Bri McDaniel|Kaylene Smikle|Sarah Te-Biasu|Shyanne Sellers",5,2094,2152,58,0,1,-1
"2024-25","18353","Iowa","Hannah Stuelke|Kylie Feuerbach|Lucy Olsen|Sydney Affolter|Taylor McCabe",5,1996,2189,193,5,0,5
"2024-25","18353","Iowa","Aaliyah Guyton|Hannah Stuelke|Kylie Feuerbach|Lucy Olsen|Sydney Affolter",5,2189,2208,19,2,3,-1
"2024-25","18353","Iowa","Aaliyah Guyton|Addison O'Grady|Hannah Stuelke|Lucy Olsen|Sydney Affolter",5,2208,2312,104,0,5,-5
"2024-25","18353","Iowa","Aaliyah Guyton|Hannah Stuelke|Lucy Olsen|Sydney Affolter|Taylor McCabe",5,2312,2356,44,6,0,6
"2024-25","18353","Iowa","Aaliyah Guyton|Hannah Stuelke|Kylie Feuerbach|Lucy Olsen|Sydney Affolter",5,2356,2364,8,0,0,0
"2024-25","18353","Maryland","Bri McDaniel|Kaylene Smikle|Sarah Te-Biasu|Saylor Poffenbarger|Shyanne Sellers",5,2152,2364,212,8,8,0
"2024-25","18353","Iowa","Aaliyah Guyton|Hannah Stuelke|Lucy Olsen|Sydney Affolter|Taylor McCabe",5,2364,2386,22,0,2,-2
"2024-25","18353","Iowa","Aaliyah Guyton|Hannah Stuelke|Kylie Feuerbach|Sydney Affolter|Taylor McCabe",5,2386,2400,14,0,1,-1
"2024-25","18353","Maryland","Bri McDaniel|Christina Dalce|Kaylene Smikle|Saylor Poffenbarger|Shyanne Sellers",5,2364,2400,36,3,0,3
"2024-25","18354","Maryland","Christina Dalce|Kaylene Smikle|Sarah Te-Biasu|Saylor Poffenbarger|Shyanne Sellers",5,0,180,180,9,3,6
"2024-25","18354","Maryland","Bri McDaniel|Christina Dalce|Kaylene Smikle|Saylor Poffenbarger|Shyanne Sellers",5,180,222,42,0,0,0
"2024-25","18354","Southern California","JuJu Watkins|Kennedy Smith|Kiki Iriafen|Malia Samuels|Rayah Marshall",5,0,222,222,3,9,-6
"2024-25","18354","Southern California","Avery Howell|JuJu Watkins|Kennedy Smith|Kiki Iriafen|Rayah Marshall",5,222,263,41,2,0,2
"2024-25","18354","Maryland","Allie Kubek|Bri McDaniel|Christina Dalce|Sarah Te-Biasu|Shyanne Sellers",5,222,289,67,2,2,0
"2024-25","18354","Maryland","Allie Kubek|Bri McDaniel|Sarah Te-Biasu|Saylor Poffenbarger|Shyanne Sellers",5,289,336,47,2,2,0
"2024-25","18354","Southern California","Avery Howell|Clarice Akunwafo|JuJu Watkins|Kennedy Smith|Rayah Marshall",5,263,336,73,2,4,-2
"2024-25","18354","Maryland","Allie Kubek|Bri McDaniel|Kaylene Smikle|Saylor Poffenbarger|Shyanne Sellers",5,336,431,95,3,2,1
"2024-25","18354","Southern California","Avery Howell|Clarice Akunwafo|JuJu Watkins|Kayleigh Heckel|Kennedy Smith",5,336,431,95,2,3,-1
"2024-25","18354","Maryland","Bri McDaniel|Christina Dalce|Kaylene Smikle|Saylor Poffenbarger|Shyanne Sellers",5,431,508,77,2,4,-2
"2024-25","18354","Southern California","Avery Howell|JuJu Watkins|Kayleigh Heckel|Kennedy Smith|Rayah Marshall",5,431,508,77,4,2,2
"2024-25","18354","Maryland","Bri McDaniel|Christina Dalce|Kaylene Smikle|Mir McLean|Shyanne Sellers",5,508,600,92,2,5,-3
"2024-25","18354","Maryland","Bri McDaniel|Christina Dalce|Kaylene Smikle|Sarah Te-Biasu|Saylor Poffenbarger",5,600,699,99,0,2,-2
"2024-25","18354","Southern California","Avery Howell|JuJu Watkins|Kayleigh Heckel|Kiki Iriafen|Rayah Marshall",5,508,787,279,9,6,3
"2024-25","18354","Maryland","Allie Kubek|Bri McDaniel|Christina Dalce|Saylor Poffenbarger|Shyanne Sellers",5,699,827,128,4,2,2
"2024-25","18354","Maryland","Allie Kubek|Christina Dalce|Kaylene Smikle|Saylor Poffenbarger|Shyanne Sellers",5,827,947,120,2,5,-3
"2024-25","18354","Maryland","Allie Kubek|Bri McDaniel|Christina Dalce|Saylor Poffenbarger|Shyanne Sellers",5,947,954,7,0,0,0
"2024-25","18354","Southern California","JuJu Watkins|Kennedy Smith|Kiki Iriafen|Malia Samuels|Rayah Marshall",5,787,962,175,7,2,5
"2024-25","18354","Maryland","Bri McDaniel|Christina Dalce|Kaylene Smikle|Saylor Poffenbarger|Shyanne Sellers",5,954,1064,110,2,6,-4
"2024-25","18354","Southern California","JuJu Watkins|Kayleigh Heckel|Kennedy Smith|Kiki Iriafen|Rayah Marshall",5,962,1064,102,4,2,2
"2024-25","18354","Maryland","Bri McDaniel|Christina Dalce|Sarah Te-Biasu|Saylor Poffenbarger|Shyanne Sellers",5,1064,1157,93,5,2,3
"2024-25","18354","Southern California","Avery Howell|Clarice Akunwafo|JuJu Watkins|Kayleigh Heckel|Kennedy Smith",5,1064,1157,93,2,5,-3
"2024-25","18354","Southern California","Avery Howell|Clarice Akunwafo|Kayleigh Heckel|Kennedy Smith|Malia Samuels",5,1157,1169,12,0,0,0
"2024-25","18354","Maryland","Bri McDaniel|Mir McLean|Sarah Te-Biasu|Saylor Poffenbarger|Shyanne Sellers",5,1157,1169,12,1,0,1
"2024-25","18354","Maryland","Ava McKennie|Mir McLean|Sarah Te-Biasu|Saylor Poffenbarger|Shyanne Sellers",5,1169,1200,31,0,0,0
"2024-25","18354","Southern California","Avery Howell|JuJu Watkins|Kayleigh Heckel|Kennedy Smith|Rayah Marshall",5,1169,1200,31,0,1,-1
"2024-25","18354","Maryland","Bri McDaniel|Christina Dalce|Sarah Te-Biasu|Saylor Poffenbarger|Shyanne Sellers",5,1200,1228,28,0,0,0
"2024-25","18354","Southern California","JuJu Watkins|Kennedy Smith|Kiki Iriafen|Malia Samuels|Rayah Marshall",5,1200,1316,116,5,2,3
"2024-25","18354","Southern California","Avery Howell|JuJu Watkins|Kennedy Smith|Malia Samuels|Rayah Marshall",5,1316,1457,141,3,6,-3
"2024-25","18354","Maryland","Christina Dalce|Kaylene Smikle|Sarah Te-Biasu|Saylor Poffenbarger|Shyanne Sellers",5,1228,1464,236,8,8,0
"2024-25","18354","Southern California","Avery Howell|Clarice Akunwafo|JuJu Watkins|Kayleigh Heckel|Kennedy Smith",5,1457,1492,35,2,0,2
"2024-25","18354","Southern California","Avery Howell|Clarice Akunwafo|JuJu Watkins|Kayleigh Heckel|Rayah Marshall",5,1492,1540,48,0,4,-4
"2024-25","18354","Southern California","Avery Howell|JuJu Watkins|Kayleigh Heckel|Kennedy Smith|Rayah Marshall",5,1540,1628,88,4,4,0
"2024-25","18354","Maryland","Christina Dalce|Kaylene Smikle|Mir McLean|Sarah Te-Biasu|Shyanne Sellers",5,1464,1661,197,11,8,3
"2024-25","18354","Southern California","Avery Howell|JuJu Watkins|Kayleigh Heckel|Kennedy Smith|Kiki Iriafen",5,1628,1799,171,8,8,0
"2024-25","18354","Maryland","Bri McDaniel|Christina Dalce|Kaylene Smikle|Sarah Te-Biasu|Shyanne Sellers",5,1661,1799,138,5,6,-1
"2024-25","18354","Southern California","JuJu Watkins|Kennedy Smith|Kiki Iriafen|Malia Samuels|Rayah Marshall",5,1799,1899,100,1,6,-5
"2024-25","18354","Maryland","Bri McDaniel|Kaylene Smikle|Sarah Te-Biasu|Saylor Poffenbarger|Shyanne Sellers",5,1799,1919,120,6,1,5
"2024-25","18354","Southern California","Avery Howell|JuJu Watkins|Kayleigh Heckel|Kennedy Smith|Kiki Iriafen",5,1899,2062,163,3,2,1
"2024-25","18354","Southern California","Avery Howell|Kayleigh Heckel|Kennedy Smith|Kiki Iriafen|Rayah Marshall",5,2062,2115,53,2,2,0
"2024-25","18354","Maryland","Christina Dalce|Kaylene Smikle|Sarah Te-Biasu|Saylor Poffenbarger|Shyanne Sellers",5,1919,2141,222,4,7,-3
"2024-25","18354","Maryland","Bri McDaniel|Christina Dalce|Kaylene Smikle|Saylor Poffenbarger|Shyanne Sellers",5,2141,2256,115,4,5,-1
"2024-25","18354","Southern California","JuJu Watkins|Kayleigh Heckel|Kennedy Smith|Kiki Iriafen|Rayah Marshall",5,2115,2369,254,12,4,8
"2024-25","18354","Maryland","Christina Dalce|Kaylene Smikle|Sarah Te-Biasu|Saylor Poffenbarger|Shyanne Sellers",5,2256,2387,131,0,7,-7
"2024-25","18354","Southern California","Avery Howell|Kayleigh Heckel|Kennedy Smith|Kiki Iriafen|Rayah Marshall",5,2369,2388,19,2,0,2
"2024-25","18354","Maryland","Allie Kubek|Kaylene Smikle|Sarah Te-Biasu|Saylor Poffenbarger|Shyanne Sellers",5,2387,2389,2,0,0,0
"2024-25","18354","Maryland","Christina Dalce|Kaylene Smikle|Sarah Te-Biasu|Saylor Poffenbarger|Shyanne Sellers",5,2389,2392,3,0,2,-2
"2024-25","18354","Maryland","Allie Kubek|Kaylene Smikle|Sarah Te-Biasu|Saylor Poffenbarger|Shyanne Sellers",5,2392,2400,8,2,0,2
"2024-25","18354","Southern California","Avery Howell|Kayleigh Heckel|Kiki Iriafen|Malia Samuels|Rayah Marshall",5,2388,2400,12,2,2,0
"2024-25","18355","Wisconsin","Carter McCray|Natalie Leuzinger|Ronnie Porter|Serah Williams|Tess Myers",5,0,256,256,4,6,-2
"2024-25","18355","Maryland","Allie Kubek|Bri McDaniel|Christina Dalce|Kaylene Smikle|Shyanne Sellers",5,0,256,256,6,4,2
"2024-25","18355","Wisconsin","Carter McCray|Halle Douglass|Lily Krahn|Natalie Leuzinger|Ronnie Porter",5,256,315,59,0,1,-1
"2024-25","18355","Maryland","Bri McDaniel|Christina Dalce|Kaylene Smikle|Mir McLean|Shyanne Sellers",5,256,315,59,1,0,1
"2024-25","18355","Maryland","Allie Kubek|Bri McDaniel|Kaylene Smikle|Mir McLean|Shyanne Sellers",5,315,347,32,1,3,-2
"2024-25","18355","Wisconsin","Halle Douglass|Lily Krahn|Ronnie Porter|Serah Williams|Tess Myers",5,315,476,161,6,9,-3
"2024-25","18355","Maryland","Allie Kubek|Bri McDaniel|Christina Dalce|Kaylene Smikle|Shyanne Sellers",5,347,476,129,9,3,6
"2024-25","18355","Maryland","Allie Kubek|Ava McKennie|Bri McDaniel|Christina Dalce|Kaylene Smikle",5,476,506,30,3,0,3
"2024-25","18355","Maryland","Allie Kubek|Ava McKennie|Bri McDaniel|Christina Dalce|Shyanne Sellers",5,506,519,13,0,0,0
"2024-25","18355","Wisconsin","Carter McCray|Jovana Spasovski|Lily Krahn|Natalie Leuzinger|Ronnie Porter",5,476,530,54,0,4,-4
"2024-25","18355","Wisconsin","Carter McCray|Lily Krahn|Natalie Leuzinger|Ronnie Porter|Serah Williams",5,530,544,14,0,0,0
"2024-25","18355","Maryland","Ava McKennie|Bri McDaniel|Christina Dalce|Mir McLean|Shyanne Sellers",5,519,544,25,0,0,0
"2024-25","18355","Maryland","Ava McKennie|Bri McDaniel|Christina Dalce|Kaylene Smikle|Mir McLean",5,544,600,56,0,3,-3
"2024-25","18355","Maryland","Allie Kubek|Bri McDaniel|Christina Dalce|Kaylene Smikle|Shyanne Sellers",5,600,717,117,2,5,-3
"2024-25","18355","Maryland","Amari DeBerry|Bri McDaniel|Christina Dalce|Kaylene Smikle|Shyanne Sellers",5,717,767,50,4,2,2
"2024-25","18355","Wisconsin","Carter McCray|Halle Douglass|Natalie Leuzinger|Ronnie Porter|Serah Williams",5,544,767,223,10,6,4
"2024-25","18355","Wisconsin","D'Yanis Jimenez|Halle Douglass|Natalie Leuzinger|Serah Williams|Tess Myers",5,767,839,72,4,2,2
"2024-25","18355","Maryland","Amari DeBerry|Ava McKennie|Bri McDaniel|Kaylene Smikle|Shyanne Sellers",5,767,853,86,2,4,-2
"2024-25","18355","Maryland","Allie Kubek|Ava McKennie|Bri McDaniel|Kaylene Smikle|Shyanne Sellers",5,853,884,31,2,3,-1
"2024-25","18355","Wisconsin","D'Yanis Jimenez|Jovana Spasovski|Natalie Leuzinger|Serah Williams|Tess Myers",5,839,977,138,8,6,2
"2024-25","18355","Wisconsin","Carter McCray|Lily Krahn|Ronnie Porter|Serah Williams|Tess Myers",5,977,1030,53,0,2,-2
"2024-25","18355","Wisconsin","Carter McCray|Halle Douglass|Lily Krahn|Ronnie Porter|Tess Myers",5,1030,1054,24,0,2,-2
"2024-25","18355","Wisconsin","Carter McCray|Halle Douglass|Lily Krahn|Ronnie Porter|Serah Williams",5,1054,1162,108,4,7,-3
"2024-25","18355","Wisconsin","Carter McCray|Lily Krahn|Natalie Leuzinger|Ronnie Porter|Serah Williams",5,1162,1188,26,2,0,2
"2024-25","18355","Wisconsin","Halle Douglass|Lily Krahn|Natalie Leuzinger|Ronnie Porter|Serah Williams",5,1188,1200,12,0,0,0
"2024-25","18355","Maryland","Ava McKennie|Bri McDaniel|Kaylene Smikle|Mir McLean|Shyanne Sellers",5,884,1200,316,15,11,4
"2024-25","18355","Maryland","Bri McDaniel|Christina Dalce|Kaylene Smikle|Mir McLean|Shyanne Sellers",5,1200,1352,152,2,11,-9
"2024-25","18355","Wisconsin","Carter McCray|Lily Krahn|Natalie Leuzinger|Ronnie Porter|Serah Williams",5,1200,1429,229,15,4,11
"2024-25","18355","Wisconsin","Halle Douglass|Lily Krahn|Natalie Leuzinger|Ronnie Porter|Serah Williams",5,1429,1478,49,0,3,-3
"2024-25","18355","Maryland","Allie Kubek|Bri McDaniel|Christina Dalce|Kaylene Smikle|Shyanne Sellers",5,1352,1520,168,6,4,2
"2024-25","18355","Wisconsin","Halle Douglass|Natalie Leuzinger|Ronnie Porter|Serah Williams|Tess Myers",5,1478,1572,94,0,3,-3
"2024-25","18355","Wisconsin","Carter McCray|Lily Krahn|Ronnie Porter|Serah Williams|Tess Myers",5,1572,1578,6,0,0,0
"2024-25","18355","Maryland","Allie Kubek|Ava McKennie|Bri McDaniel|Christina Dalce|Shyanne Sellers",5,1520,1578,58,2,0,2
"2024-25","18355","Maryland","Allie Kubek|Ava McKennie|Christina Dalce|Kaylene Smikle|Shyanne Sellers",5,1578,1651,73,3,2,1
"2024-25","18355","Wisconsin","Halle Douglass|Lily Krahn|Ronnie Porter|Serah Williams|Tess Myers",5,1578,1720,142,5,5,0
"2024-25","18355","Wisconsin","Halle Douglass|Lily Krahn|Natalie Leuzinger|Serah Williams|Tess Myers",5,1720,1796,76,2,2,0
"2024-25","18355","Maryland","Allie Kubek|Bri McDaniel|Christina Dalce|Kaylene Smikle|Shyanne Sellers",5,1651,1796,145,4,5,-1
"2024-25","18355","Wisconsin","D'Yanis Jimenez|Halle Douglass|Lily Krahn|Ronnie Porter|Serah Williams",5,1796,1800,4,0,0,0
"2024-25","18355","Wisconsin","Halle Douglass|Lily Krahn|Natalie Leuzinger|Ronnie Porter|Serah Williams",5,1800,1994,194,4,7,-3
"2024-25","18355","Wisconsin","Carter McCray|Halle Douglass|Lily Krahn|Natalie Leuzinger|Ronnie Porter",5,1994,2017,23,0,2,-2
"2024-25","18355","Maryland","Allie Kubek|Bri McDaniel|Kaylene Smikle|Mir McLean|Shyanne Sellers",5,1796,2085,289,11,4,7
"2024-25","18355","Wisconsin","Carter McCray|Natalie Leuzinger|Ronnie Porter|Serah Williams|Tess Myers",5,2017,2110,93,0,2,-2
"2024-25","18355","Wisconsin","Carter McCray|Lily Krahn|Natalie Leuzinger|Ronnie Porter|Serah Williams",5,2110,2141,31,0,4,-4
"2024-25","18355","Maryland","Bri McDaniel|Christina Dalce|Kaylene Smikle|Mir McLean|Shyanne Sellers",5,2085,2205,120,6,2,4
"2024-25","18355","Wisconsin","Halle Douglass|Lily Krahn|Natalie Leuzinger|Ronnie Porter|Serah Williams",5,2141,2278,137,4,2,2
"2024-25","18355","Wisconsin","Lily Krahn|Natalie Leuzinger|Ronnie Porter|Serah Williams|Tess Myers",5,2278,2304,26,0,0,0
"2024-25","18355","Wisconsin","Halle Douglass|Lily Krahn|Natalie Leuzinger|Ronnie Porter|Serah Williams",5,2304,2321,17,0,0,0
"2024-25","18355","Wisconsin","Halle Douglass|Lily Krahn|Ronnie Porter|Serah Williams|Tess Myers",5,2321,2400,79,0,4,-4
"2024-25","18355","Maryland","Allie Kubek|Bri McDaniel|Kaylene Smikle|Mir McLean|Shyanne Sellers",5,2205,2400,195,4,2,2
"2024-25","18356","Minnesota","Amaya Battle|Grace Grocholski|Mallory Heyer|Sophie Hart|Tori McKinney",5,0,162,162,6,4,2
"2024-25","18356","Maryland","Bri McDaniel|Christina Dalce|Kaylene Smikle|Saylor Poffenbarger|Shyanne Sellers",5,0,162,162,4,6,-2
"2024-25","18356","Maryland","Bri McDaniel|Christina Dalce|Kaylene Smikle|Sarah Te-Biasu|Saylor Poffenbarger",5,162,205,43,2,0,2
"2024-25","18356","Minnesota","Amaya Battle|Annika Stewart|Grace Grocholski|Mallory Heyer|Tori McKinney",5,162,205,43,0,2,-2
"2024-25","18356","Maryland","Bri McDaniel|Christina Dalce|Sarah Te-Biasu|Saylor Poffenbarger|Shyanne Sellers",5,205,237,32,3,0,3
"2024-25","18356","Minnesota","Alexsia Rose|Amaya Battle|Annika Stewart|Grace Grocholski|Mallory Heyer",5,205,289,84,2,5,-3
"2024-25","18356","Maryland","Allie Kubek|Christina Dalce|Sarah Te-Biasu|Saylor Poffenbarger|Shyanne Sellers",5,237,345,108,2,7,-5
"2024-25","18356","Minnesota","Alexsia Rose|Amaya Battle|Grace Grocholski|Mallory Heyer|Sophie Hart",5,289,345,56,5,0,5
"2024-25","18356","Maryland","Allie Kubek|Bri McDaniel|Christina Dalce|Sarah Te-Biasu|Saylor Poffenbarger",5,345,409,64,2,2,0
"2024-25","18356","Minnesota","Amaya Battle|Grace Grocholski|Mallory Heyer|Sophie Hart|Tori McKinney",5,345,409,64,2,2,0
"2024-25","18356","Maryland","Allie Kubek|Bri McDaniel|Christina Dalce|Sarah Te-Biasu|Shyanne Sellers",5,409,600,191,4,4,0
"2024-25","18356","Maryland","Allie Kubek|Kaylene Smikle|Sarah Te-Biasu|Saylor Poffenbarger|Shyanne Sellers",5,600,684,84,3,3,0
"2024-25","18356","Minnesota","Alexsia Rose|Amaya Battle|Grace Grocholski|Mallory Heyer|Sophie Hart",5,409,740,331,8,7,1
"2024-25","18356","Minnesota","Alexsia Rose|Amaya Battle|Grace Grocholski|Maggie Czinano|Sophie Hart",5,740,758,18,0,0,0
"2024-25","18356","Maryland","Christina Dalce|Kaylene Smikle|Sarah Te-Biasu|Saylor Poffenbarger|Shyanne Sellers",5,684,873,189,6,3,3
"2024-25","18356","Minnesota","Amaya Battle|Annika Stewart|Grace Grocholski|Maggie Czinano|Tori McKinney",5,758,873,115,2,6,-4
"2024-25","18356","Minnesota","Alexsia Rose|Grace Grocholski|Mallory Heyer|Sophie Hart|Tori McKinney",5,873,881,8,2,0,2
"2024-25","18356","Maryland","Allie Kubek|Kaylene Smikle|Mir McLean|Sarah Te-Biasu|Shyanne Sellers",5,873,915,42,0,2,-2
"2024-25","18356","Minnesota","Alexsia Rose|Mallory Heyer|McKenna Johnson|Sophie Hart|Tori McKinney",5,881,915,34,0,0,0
"2024-25","18356","Minnesota","Alexsia Rose|Amaya Battle|Grace Grocholski|Mallory Heyer|Sophie Hart",5,915,971,56,2,5,-3
"2024-25","18356","Minnesota","Alexsia Rose|Amaya Battle|Grace Grocholski|Maggie Czinano|Sophie Hart",5,971,994,23,0,2,-2
"2024-25","18356","Maryland","Allie Kubek|Kaylene Smikle|Mir McLean|Saylor Poffenbarger|Shyanne Sellers",5,915,1062,147,9,4,5
"2024-25","18356","Maryland","Allie Kubek|Kaylene Smikle|Mir McLean|Sarah Te-Biasu|Saylor Poffenbarger",5,1062,1107,45,2,0,2
"2024-25","18356","Maryland","Christina Dalce|Kaylene Smikle|Mir McLean|Sarah Te-Biasu|Saylor Poffenbarger",5,1107,1114,7,0,0,0
"2024-25","18356","Minnesota","Amaya Battle|Grace Grocholski|Maggie Czinano|McKenna Johnson|Sophie Hart",5,994,1114,120,4,4,0
"2024-25","18356","Minnesota","Amaya Battle|Grace Grocholski|McKenna Johnson|Niamya Holloway|Sophie Hart",5,1114,1189,75,4,3,1
"2024-25","18356","Maryland","Kaylene Smikle|Mir McLean|Sarah Te-Biasu|Saylor Poffenbarger|Shyanne Sellers",5,1114,1200,86,5,6,-1
"2024-25","18356","Minnesota","Amaya Battle|Grace Grocholski|Kennedy Klick|Niamya Holloway|Sophie Hart",5,1189,1200,11,0,2,-2
"2024-25","18356","Maryland","Christina Dalce|Kaylene Smikle|Sarah Te-Biasu|Saylor Poffenbarger|Shyanne Sellers",5,1200,1338,138,5,5,0
"2024-25","18356","Minnesota","Amaya Battle|Grace Grocholski|Mallory Heyer|McKenna Johnson|Sophie Hart",5,1200,1385,185,5,9,-4
"2024-25","18356","Minnesota","Grace Grocholski|Mallory Heyer|McKenna Johnson|Sophie Hart|Tori McKinney",5,1385,1417,32,2,0,2
"2024-25","18356","Maryland","Christina Dalce|Kaylene Smikle|Mir McLean|Sarah Te-Biasu|Shyanne Sellers",5,1338,1441,103,6,2,4
"2024-25","18356","Minnesota","Alexsia Rose|Grace Grocholski|Maggie Czinano|Sophie Hart|Tori McKinney",5,1417,1467,50,0,2,-2
"2024-25","18356","Minnesota","Alexsia Rose|Annika Stewart|Grace Grocholski|Niamya Holloway|Tori McKinney",5,1467,1503,36,0,2,-2
"2024-25","18356","Minnesota","Amaya Battle|Grace Grocholski|Niamya Holloway|Sophie Hart|Tori McKinney",5,1503,1603,100,4,5,-1
"2024-25","18356","Maryland","Allie Kubek|Kaylene Smikle|Mir McLean|Sarah Te-Biasu|Shyanne Sellers",5,1441,1656,215,7,6,1
"2024-25","18356","Minnesota","Amaya Battle|Grace Grocholski|Mallory Heyer|Sophie Hart|Tori McKinney",5,1603,1686,83,2,2,0
"2024-25","18356","Minnesota","Amaya Battle|Annika Stewart|Grace Grocholski|Mallory Heyer|Tori McKinney",5,1686,1740,54,5,4,1
"2024-25","18356","Maryland","Allie Kubek|Kaylene Smikle|Sarah Te-Biasu|Saylor Poffenbarger|Shyanne Sellers",5,1656,1797,141,11,10,1
"2024-25","18356","Minnesota","Amaya Battle|Annika Stewart|Mallory Heyer|McKenna Johnson|Tori McKinney",5,1740,1797,57,5,5,0
"2024-25","18356","Minnesota","Amaya Battle|Annika Stewart|Grace Grocholski|Mallory Heyer|Tori McKinney",5,1797,1800,3,0,0,0
"2024-25","18356","Maryland","Allie Kubek|Kaylene Smikle|Mir McLean|Sarah Te-Biasu|Saylor Poffenbarger",5,1797,1884,87,5,1,4
"2024-25","18356","Minnesota","Amaya Battle|Mallory Heyer|McKenna Johnson|Sophie Hart|Tori McKinney",5,1800,1884,84,1,5,-4
"2024-25","18356","Maryland","Allie Kubek|Kaylene Smikle|Mir McLean|Sarah Te-Biasu|Shyanne Sellers",5,1884,1944,60,0,4,-4
"2024-25","18356","Minnesota","Amaya Battle|Grace Grocholski|Mallory Heyer|Sophie Hart|Tori McKinney",5,1884,2121,237,10,9,1
"2024-25","18356","Minnesota","Amaya Battle|Grace Grocholski|Mallory Heyer|McKenna Johnson|Sophie Hart",5,2121,2201,80,2,5,-3
"2024-25","18356","Minnesota","Alexsia Rose|Amaya Battle|Grace Grocholski|Mallory Heyer|Sophie Hart",5,2201,2299,98,8,3,5
"2024-25","18356","Maryland","Allie Kubek|Christina Dalce|Kaylene Smikle|Sarah Te-Biasu|Shyanne Sellers",5,1944,2351,407,17,22,-5
"2024-25","18356","Maryland","Allie Kubek|Kaylene Smikle|Sarah Te-Biasu|Saylor Poffenbarger|Shyanne Sellers",5,2351,2371,20,2,2,0
"2024-25","18356","Minnesota","Alexsia Rose|Amaya Battle|Grace Grocholski|McKenna Johnson|Sophie Hart",5,2299,2371,72,8,2,6
"2024-25","18356","Maryland","Christina Dalce|Kaylene Smikle|Sarah Te-Biasu|Saylor Poffenbarger|Shyanne Sellers",5,2371,2380,9,0,3,-3
"2024-25","18356","Minnesota","Alexsia Rose|Amaya Battle|Annika Stewart|Grace Grocholski|McKenna Johnson",5,2371,2380,9,3,0,3
"2024-25","18356","Maryland","Allie Kubek|Kaylene Smikle|Sarah Te-Biasu|Saylor Poffenbarger|Shyanne Sellers",5,2380,2381,1,0,0,0
"2024-25","18356","Minnesota","Alexsia Rose|Amaya Battle|Annika Stewart|McKenna Johnson|Niamya Holloway",5,2380,2381,1,0,0,0
"2024-25","18356","Minnesota","Alexsia Rose|Amaya Battle|Annika Stewart|Grace Grocholski|McKenna Johnson",5,2381,2398,17,0,2,-2
"2024-25","18356","Maryland","Christina Dalce|Kaylene Smikle|Mir McLean|Saylor Poffenbarger|Shyanne Sellers",5,2381,2400,19,4,0,4
"2024-25","18356","Minnesota","Alexsia Rose|Amaya Battle|Annika Stewart|McKenna Johnson|Niamya Holloway",5,2398,2400,2,0,2,-2
"2024-25","18357","Maryland","Christina Dalce|Kaylene Smikle|Sarah Te-Biasu|Saylor Poffenbarger|Shyanne Sellers",5,0,156,156,1,5,-4
"2024-25","18357","Texas","Aaliyah Moore|Madison Booker|Rori Harmon|Shay Holle|Taylor Jones",5,0,262,262,10,5,5
"2024-25","18357","Maryland","Allie Kubek|Kaylene Smikle|Mir McLean|Sarah Te-Biasu|Shyanne Sellers",5,156,334,178,4,10,-6
"2024-25","18357","Texas","Madison Booker|Ndjakalenga Mwenentanda|Rori Harmon|Shay Holle|Taylor Jones",5,262,357,95,7,0,7
"2024-25","18357","Maryland","Christina Dalce|Kaylene Smikle|Mir McLean|Saylor Poffenbarger|Shyanne Sellers",5,334,412,78,2,4,-2
"2024-25","18357","Maryland","Christina Dalce|Kaylene Smikle|Sarah Te-Biasu|Saylor Poffenbarger|Shyanne Sellers",5,412,512,100,1,7,-6
"2024-25","18357","Texas","Kyla Oldacre|Madison Booker|Ndjakalenga Mwenentanda|Rori Harmon|Shay Holle",5,357,607,250,11,7,4
"2024-25","18357","Maryland","Allie Kubek|Kaylene Smikle|Sarah Te-Biasu|Saylor Poffenbarger|Shyanne Sellers",5,512,696,184,4,4,0
"2024-25","18357","Texas","Madison Booker|Ndjakalenga Mwenentanda|Rori Harmon|Shay Holle|Taylor Jones",5,607,721,114,4,0,4
"2024-25","18357","Maryland","Allie Kubek|Christina Dalce|Kaylene Smikle|Sarah Te-Biasu|Shyanne Sellers",5,696,755,59,0,2,-2
"2024-25","18357","Maryland","Allie Kubek|Christina Dalce|Sarah Te-Biasu|Saylor Poffenbarger|Shyanne Sellers",5,755,812,57,2,1,1
"2024-25","18357","Maryland","Allie Kubek|Christina Dalce|Mir McLean|Sarah Te-Biasu|Saylor Poffenbarger",5,812,895,83,0,4,-4
"2024-25","18357","Maryland","Allie Kubek|Christina Dalce|Kaylene Smikle|Mir McLean|Sarah Te-Biasu",5,895,1024,129,2,2,0
"2024-25","18357","Texas","Jordan Lee|Madison Booker|Ndjakalenga Mwenentanda|Rori Harmon|Taylor Jones",5,721,1024,303,7,4,3
"2024-25","18357","Maryland","Allie Kubek|Christina Dalce|Kaylene Smikle|Mir McLean|Shyanne Sellers",5,1024,1058,34,2,3,-1
"2024-25","18357","Texas","Bryanna Preston|Jordan Lee|Madison Booker|Ndjakalenga Mwenentanda|Taylor Jones",5,1024,1107,83,5,2,3
"2024-25","18357","Maryland","Allie Kubek|Christina Dalce|Kaylene Smikle|Mir McLean|Sarah Te-Biasu",5,1058,1200,142,0,6,-6
"2024-25","18357","Texas","Bryanna Preston|Jordan Lee|Ndjakalenga Mwenentanda|Rori Harmon|Taylor Jones",5,1107,1200,93,4,0,4
"2024-25","18357","Texas","Aaliyah Moore|Madison Booker|Rori Harmon|Shay Holle|Taylor Jones",5,1200,1445,245,8,6,2
"2024-25","18357","Maryland","Allie Kubek|Christina Dalce|Kaylene Smikle|Sarah Te-Biasu|Saylor Poffenbarger",5,1200,1477,277,8,13,-5
"2024-25","18357","Texas","Aaliyah Moore|Jordan Lee|Rori Harmon|Shay Holle|Taylor Jones",5,1445,1538,93,7,4,3
"2024-25","18357","Maryland","Allie Kubek|Ava McKennie|Christina Dalce|Kaylene Smikle|Sarah Te-Biasu",5,1477,1630,153,5,4,1
"2024-25","18357","Maryland","Allie Kubek|Ava McKennie|Kaylene Smikle|Sarah Te-Biasu|Saylor Poffenbarger",5,1630,1710,80,6,5,1
"2024-25","18357","Maryland","Allie Kubek|Ava McKennie|Christina Dalce|Sarah Te-Biasu|Saylor Poffenbarger",5,1710,1800,90,2,3,-1
"2024-25","18357","Texas","Aaliyah Moore|Jordan Lee|Kyla Oldacre|Rori Harmon|Shay Holle",5,1538,1800,262,10,11,-1
"2024-25","18357","Texas","Aaliyah Moore|Kyla Oldacre|Madison Booker|Rori Harmon|Shay Holle",5,1800,1971,171,4,4,0
"2024-25","18357","Texas","Aaliyah Moore|Bryanna Preston|Kyla Oldacre|Madison Booker|Shay Holle",5,1971,1980,9,1,0,1
"2024-25","18357","Maryland","Amari DeBerry|Ava McKennie|Christina Dalce|Kaylene Smikle|Sarah Te-Biasu",5,1800,2082,282,6,9,-3
"2024-25","18357","Texas","Bryanna Preston|Justice Carlton|Kyla Oldacre|Madison Booker|Shay Holle",5,1980,2082,102,4,2,2
"2024-25","18357","Maryland","Amari DeBerry|Ava McKennie|Emily Fisher|Kaylene Smikle|Sarah Te-Biasu",5,2082,2148,66,2,2,0
"2024-25","18357","Texas","Bryanna Preston|Jordan Lee|Justice Carlton|Kyla Oldacre|Ndjakalenga Mwenentanda",5,2082,2148,66,2,2,0
"2024-25","18357","Maryland","Amari DeBerry|Ava McKennie|Emily Fisher|Mir McLean|Sarah Te-Biasu",5,2148,2400,252,4,5,-1
"2024-25","18357","Texas","Bryanna Preston|Jordana Codio|Justice Carlton|Kyla Oldacre|Ndjakalenga Mwenentanda",5,2148,2400,252,5,4,1
"2024-25","18358","Ohio St.","Ajae Petty|Chance Gray|Cotie McMahon|Jaloni Cambridge|Taylor Thierry",5,0,201,201,2,7,-5
"2024-25","18358","Ohio St.","Chance Gray|Cotie McMahon|Elsa LemmilÃ¤|Jaloni Cambridge|Taylor Thierry",5,201,294,93,2,4,-2
"2024-25","18358","Ohio St.","Ava Watson|Cotie McMahon|Elsa LemmilÃ¤|Madison Greene|Taylor Thierry",5,294,379,85,4,6,-2
"2024-25","18358","Ohio St.","Ava Watson|Cotie McMahon|Eboni Walker|Kennedy Cambridge|Madison Greene",5,379,505,126,2,3,-1
"2024-25","18358","Maryland","Allie Kubek|Christina Dalce|Kaylene Smikle|Sarah Te-Biasu|Saylor Poffenbarger",5,0,505,505,22,10,12
"2024-25","18358","Maryland","Allie Kubek|Christina Dalce|Mir McLean|Sarah Te-Biasu|Saylor Poffenbarger",5,505,590,85,0,2,-2
"2024-25","18358","Ohio St.","Ava Watson|Eboni Walker|Kennedy Cambridge|Madison Greene|Taylor Thierry",5,505,600,95,2,2,0
"2024-25","18358","Maryland","Allie Kubek|Ava McKennie|Mir McLean|Sarah Te-Biasu|Saylor Poffenbarger",5,590,600,10,0,0,0
"2024-25","18358","Ohio St.","Ajae Petty|Chance Gray|Cotie McMahon|Jaloni Cambridge|Taylor Thierry",5,600,683,83,0,4,-4
"2024-25","18358","Maryland","Allie Kubek|Kaylene Smikle|Mir McLean|Sarah Te-Biasu|Saylor Poffenbarger",5,600,683,83,4,0,4
"2024-25","18358","Ohio St.","Chance Gray|Cotie McMahon|Jaloni Cambridge|Kennedy Cambridge|Taylor Thierry",5,683,741,58,5,3,2
"2024-25","18358","Maryland","Allie Kubek|Christina Dalce|Mir McLean|Sarah Te-Biasu|Saylor Poffenbarger",5,683,741,58,4,5,-1
"2024-25","18358","Ohio St.","Chance Gray|Cotie McMahon|Elsa LemmilÃ¤|Jaloni Cambridge|Kennedy Cambridge",5,741,904,163,3,3,0
"2024-25","18358","Maryland","Amari DeBerry|Christina Dalce|Mir McLean|Sarah Te-Biasu|Saylor Poffenbarger",5,741,904,163,2,3,-1
"2024-25","18358","Maryland","Allie Kubek|Christina Dalce|Mir McLean|Sarah Te-Biasu|Saylor Poffenbarger",5,904,963,59,0,2,-2
"2024-25","18358","Ohio St.","Cotie McMahon|Elsa LemmilÃ¤|Jaloni Cambridge|Kennedy Cambridge|Taylor Thierry",5,904,998,94,3,0,3
"2024-25","18358","Ohio St.","Chance Gray|Cotie McMahon|Eboni Walker|Jaloni Cambridge|Taylor Thierry",5,998,1103,105,2,0,2
"2024-25","18358","Maryland","Allie Kubek|Amari DeBerry|Mir McLean|Sarah Te-Biasu|Saylor Poffenbarger",5,963,1103,140,0,3,-3
"2024-25","18358","Ohio St.","Chance Gray|Cotie McMahon|Eboni Walker|Madison Greene|Taylor Thierry",5,1103,1200,97,2,2,0
"2024-25","18358","Maryland","Allie Kubek|Ava McKennie|Mir McLean|Sarah Te-Biasu|Saylor Poffenbarger",5,1103,1200,97,2,2,0
"2024-25","18358","Ohio St.","Ajae Petty|Chance Gray|Cotie McMahon|Jaloni Cambridge|Taylor Thierry",5,1200,1450,250,13,16,-3
"2024-25","18358","Maryland","Allie Kubek|Christina Dalce|Kaylene Smikle|Sarah Te-Biasu|Saylor Poffenbarger",5,1200,1450,250,16,13,3
"2024-25","18358","Maryland","Christina Dalce|Kaylene Smikle|Mir McLean|Sarah Te-Biasu|Saylor Poffenbarger",5,1450,1493,43,0,6,-6
"2024-25","18358","Maryland","Allie Kubek|Christina Dalce|Kaylene Smikle|Sarah Te-Biasu|Saylor Poffenbarger",5,1493,1638,145,0,5,-5
"2024-25","18358","Maryland","Allie Kubek|Christina Dalce|Emily Fisher|Sarah Te-Biasu|Saylor Poffenbarger",5,1638,1652,14,0,2,-2
"2024-25","18358","Maryland","Christina Dalce|Emily Fisher|Kaylene Smikle|Sarah Te-Biasu|Saylor Poffenbarger",5,1652,1800,148,4,4,0
"2024-25","18358","Maryland","Allie Kubek|Christina Dalce|Emily Fisher|Kaylene Smikle|Sarah Te-Biasu",5,1800,1931,131,0,7,-7
"2024-25","18358","Ohio St.","Cotie McMahon|Elsa LemmilÃ¤|Jaloni Cambridge|Kennedy Cambridge|Taylor Thierry",5,1450,1991,541,24,5,19
"2024-25","18358","Ohio St.","Chance Gray|Elsa LemmilÃ¤|Jaloni Cambridge|Kennedy Cambridge|Taylor Thierry",5,1991,2026,35,2,0,2
"2024-25","18358","Maryland","Allie Kubek|Christina Dalce|Kaylene Smikle|Sarah Te-Biasu|Saylor Poffenbarger",5,1931,2102,171,3,2,1
"2024-25","18358","Ohio St.","Chance Gray|Elsa LemmilÃ¤|Kennedy Cambridge|Madison Greene|Taylor Thierry",5,2026,2183,157,2,5,-3
"2024-25","18358","Maryland","Allie Kubek|Christina Dalce|Emily Fisher|Sarah Te-Biasu|Saylor Poffenbarger",5,2102,2183,81,3,2,1
"2024-25","18358","Ohio St.","Cotie McMahon|Elsa LemmilÃ¤|Jaloni Cambridge|Kennedy Cambridge|Taylor Thierry",5,2183,2251,68,0,2,-2
"2024-25","18358","Ohio St.","Chance Gray|Cotie McMahon|Elsa LemmilÃ¤|Jaloni Cambridge|Taylor Thierry",5,2251,2276,25,2,0,2
"2024-25","18358","Ohio St.","Cotie McMahon|Elsa LemmilÃ¤|Jaloni Cambridge|Kennedy Cambridge|Taylor Thierry",5,2276,2400,124,4,4,0
"2024-25","18358","Maryland","Allie Kubek|Christina Dalce|Kaylene Smikle|Sarah Te-Biasu|Saylor Poffenbarger",5,2183,2400,217,6,6,0
"2024-25","18359","Ucla","Angela DugaliÄ‡|Gabriela Jaquez|Kiki Rice|Lauren Betts|Londynn Jones",5,0,220,220,6,6,0
"2024-25","18359","Maryland","Amari DeBerry|Christina Dalce|Kaylene Smikle|Sarah Te-Biasu|Saylor Poffenbarger",5,0,284,284,8,10,-2
"2024-25","18359","Ucla","Janiah Barker|Kiki Rice|Lauren Betts|Londynn Jones|Timea Gardiner",5,220,284,64,4,2,2
"2024-25","18359","Maryland","Allie Kubek|Christina Dalce|Kaylene Smikle|Sarah Te-Biasu|Saylor Poffenbarger",5,284,334,50,2,0,2
"2024-25","18359","Ucla","Elina Aarnisalo|Janiah Barker|Lauren Betts|Londynn Jones|Timea Gardiner",5,284,334,50,0,2,-2
"2024-25","18359","Ucla","Elina Aarnisalo|Janiah Barker|Kiki Rice|Lauren Betts|Timea Gardiner",5,334,381,47,0,0,0
"2024-25","18359","Maryland","Christina Dalce|Kaylene Smikle|Mir McLean|Sarah Te-Biasu|Saylor Poffenbarger",5,334,443,109,0,2,-2
"2024-25","18359","Ucla","Angela DugaliÄ‡|Elina Aarnisalo|Kiki Rice|Lauren Betts|Timea Gardiner",5,381,443,62,2,0,2
"2024-25","18359","Ucla","Angela DugaliÄ‡|Elina Aarnisalo|Gabriela Jaquez|Kiki Rice|Lauren Betts",5,443,559,116,8,5,3
"2024-25","18359","Ucla","Angela DugaliÄ‡|Gabriela Jaquez|Janiah Barker|Kiki Rice|Londynn Jones",5,559,588,29,0,0,0
"2024-25","18359","Maryland","Amari DeBerry|Kaylene Smikle|Mir McLean|Sarah Te-Biasu|Saylor Poffenbarger",5,443,600,157,5,8,-3
"2024-25","18359","Ucla","Angela DugaliÄ‡|Gabriela Jaquez|Janiah Barker|Kendall Dudley|Londynn Jones",5,588,600,12,0,0,0
"2024-25","18359","Maryland","Allie Kubek|Amari DeBerry|Kaylene Smikle|Sarah Te-Biasu|Saylor Poffenbarger",5,600,660,60,0,3,-3
"2024-25","18359","Ucla","Angela DugaliÄ‡|Janiah Barker|Kendall Dudley|Kiki Rice|Londynn Jones",5,600,660,60,3,0,3
"2024-25","18359","Ucla","Angela DugaliÄ‡|Gabriela Jaquez|Kiki Rice|Lauren Betts|Londynn Jones",5,660,746,86,2,2,0
"2024-25","18359","Maryland","Amari DeBerry|Christina Dalce|Kaylene Smikle|Sarah Te-Biasu|Saylor Poffenbarger",5,660,839,179,4,4,0
"2024-25","18359","Maryland","Amari DeBerry|Christina Dalce|Mir McLean|Sarah Te-Biasu|Saylor Poffenbarger",5,839,861,22,0,2,-2
"2024-25","18359","Ucla","Gabriela Jaquez|Kiki Rice|Lauren Betts|Londynn Jones|Timea Gardiner",5,746,892,146,8,4,4
"2024-25","18359","Maryland","Allie Kubek|Christina Dalce|Mir McLean|Sarah Te-Biasu|Saylor Poffenbarger",5,861,998,137,10,6,4
"2024-25","18359","Ucla","Elina Aarnisalo|Janiah Barker|Kiki Rice|Lauren Betts|Timea Gardiner",5,892,998,106,2,8,-6
"2024-25","18359","Ucla","Angela DugaliÄ‡|Elina Aarnisalo|Kiki Rice|Lauren Betts|Timea Gardiner",5,998,1006,8,0,0,0
"2024-25","18359","Ucla","Angela DugaliÄ‡|Elina Aarnisalo|Gabriela Jaquez|Kiki Rice|Lauren Betts",5,1006,1114,108,2,4,-2
"2024-25","18359","Maryland","Allie Kubek|Christina Dalce|Kaylene Smikle|Mir McLean|Sarah Te-Biasu",5,998,1114,116,4,2,2
"2024-25","18359","Maryland","Christina Dalce|Kaylene Smikle|Mir McLean|Sarah Te-Biasu|Saylor Poffenbarger",5,1114,1172,58,1,2,-1
"2024-25","18359","Maryland","Allie Kubek|Christina Dalce|Kaylene Smikle|Sarah Te-Biasu|Saylor Poffenbarger",5,1172,1198,26,0,0,0
"2024-25","18359","Maryland","Christina Dalce|Kaylene Smikle|Mir McLean|Sarah Te-Biasu|Saylor Poffenbarger",5,1198,1200,2,0,0,0
"2024-25","18359","Ucla","Angela DugaliÄ‡|Kendall Dudley|Kiki Rice|Lauren Betts|Londynn Jones",5,1114,1200,86,2,1,1
"2024-25","18359","Maryland","Amari DeBerry|Christina Dalce|Kaylene Smikle|Sarah Te-Biasu|Saylor Poffenbarger",5,1200,1263,63,0,4,-4
"2024-25","18359","Maryland","Allie Kubek|Christina Dalce|Kaylene Smikle|Sarah Te-Biasu|Saylor Poffenbarger",5,1263,1417,154,2,4,-2
"2024-25","18359","Ucla","Angela DugaliÄ‡|Gabriela Jaquez|Kiki Rice|Lauren Betts|Londynn Jones",5,1200,1452,252,10,4,6
"2024-25","18359","Ucla","Angela DugaliÄ‡|Kiki Rice|Lauren Betts|Londynn Jones|Timea Gardiner",5,1452,1503,51,4,3,1
"2024-25","18359","Maryland","Allie Kubek|Kaylene Smikle|Mir McLean|Sarah Te-Biasu|Saylor Poffenbarger",5,1417,1629,212,10,12,-2
"2024-25","18359","Ucla","Angela DugaliÄ‡|Elina Aarnisalo|Kiki Rice|Lauren Betts|Timea Gardiner",5,1503,1629,126,6,5,1
"2024-25","18359","Ucla","Elina Aarnisalo|Janiah Barker|Kiki Rice|Lauren Betts|Timea Gardiner",5,1629,1775,146,5,2,3
"2024-25","18359","Maryland","Allie Kubek|Amari DeBerry|Kaylene Smikle|Sarah Te-Biasu|Saylor Poffenbarger",5,1629,1800,171,2,6,-4
"2024-25","18359","Ucla","Janiah Barker|Kendall Dudley|Kiki Rice|Lauren Betts|Timea Gardiner",5,1775,1889,114,1,0,1
"2024-25","18359","Ucla","Angela DugaliÄ‡|Gabriela Jaquez|Janiah Barker|Kiki Rice|Lauren Betts",5,1889,1951,62,2,4,-2
"2024-25","18359","Ucla","Angela DugaliÄ‡|Gabriela Jaquez|Kiki Rice|Lauren Betts|Londynn Jones",5,1951,2038,87,5,3,2
"2024-25","18359","Ucla","Angela DugaliÄ‡|Avary Cain|Gabriela Jaquez|Kiki Rice|Lauren Betts",5,2038,2129,91,3,2,1
"2024-25","18359","Maryland","Allie Kubek|Christina Dalce|Kaylene Smikle|Sarah Te-Biasu|Saylor Poffenbarger",5,1800,2129,329,9,12,-3
"2024-25","18359","Ucla","Angela DugaliÄ‡|Avary Cain|Kendall Dudley|Kiki Rice|Lauren Betts",5,2129,2191,62,5,0,5
"2024-25","18359","Maryland","Christina Dalce|Kaylene Smikle|Mir McLean|Sarah Te-Biasu|Saylor Poffenbarger",5,2129,2218,89,0,5,-5
"2024-25","18359","Ucla","Angela DugaliÄ‡|Avary Cain|Kendall Dudley|Kiki Rice|Zania Socka-Nguemen",5,2191,2218,27,2,0,2
"2024-25","18359","Ucla","Kendall Dudley|Kiki Rice|Londynn Jones|Timea Gardiner|Zania Socka-Nguemen",5,2218,2242,24,0,0,0
"2024-25","18359","Maryland","Ava McKennie|Christina Dalce|Kaylene Smikle|Mir McLean|Saylor Poffenbarger",5,2218,2254,36,2,0,2
"2024-25","18359","Maryland","Amari DeBerry|Ava McKennie|Emily Fisher|Kaylene Smikle|Mir McLean",5,2254,2400,146,8,0,8
"2024-25","18359","Ucla","Avary Cain|Elina Aarnisalo|Kendall Dudley|Timea Gardiner|Zania Socka-Nguemen",5,2242,2400,158,0,10,-10
"2024-25","18360","Penn St.","Alli Campbell|Gabby Elliott|Grace Hall|Gracie Merkle|Moriah Murray",5,0,78,78,0,5,-5
"2024-25","18360","Penn St.","Alli Campbell|Gabby Elliott|Grace Hall|Moriah Murray|Tamera Johnson",5,78,101,23,0,3,-3
"2024-25","18360","Maryland","Christina Dalce|Kaylene Smikle|Sarah Te-Biasu|Saylor Poffenbarger|Shyanne Sellers",5,0,101,101,8,0,8
"2024-25","18360","Maryland","Allie Kubek|Christina Dalce|Kaylene Smikle|Sarah Te-Biasu|Saylor Poffenbarger",5,101,124,23,0,0,0
"2024-25","18360","Penn St.","Alli Campbell|Gabby Elliott|Gracie Merkle|Jayla Oden|Moriah Murray",5,101,165,64,2,0,2
"2024-25","18360","Penn St.","Alli Campbell|Gabby Elliott|Jayla Oden|Moriah Murray|Tamera Johnson",5,165,222,57,2,5,-3
"2024-25","18360","Maryland","Allie Kubek|Ava McKennie|Christina Dalce|Sarah Te-Biasu|Saylor Poffenbarger",5,124,222,98,5,4,1
"2024-25","18360","Penn St.","Grace Hall|Jayla Oden|Moriah Murray|Talayah Walker|Tamera Johnson",5,222,241,19,0,0,0
"2024-25","18360","Penn St.","Grace Hall|Gracie Merkle|Jayla Oden|Moriah Murray|Talayah Walker",5,241,321,80,2,4,-2
"2024-25","18360","Maryland","Allie Kubek|Ava McKennie|Kaylene Smikle|Sarah Te-Biasu|Saylor Poffenbarger",5,222,321,99,4,2,2
"2024-25","18360","Penn St.","Gabby Elliott|Gracie Merkle|Moriah Murray|Talayah Walker|Tamera Johnson",5,321,358,37,0,0,0
"2024-25","18360","Penn St.","Alli Campbell|Gabby Elliott|Moriah Murray|Talayah Walker|Tamera Johnson",5,358,454,96,0,4,-4
"2024-25","18360","Maryland","Allie Kubek|Kaylene Smikle|Mir McLean|Sarah Te-Biasu|Saylor Poffenbarger",5,321,454,133,4,0,4
"2024-25","18360","Penn St.","Gabby Elliott|Grace Hall|Jayla Oden|Moriah Murray|Talayah Walker",5,454,495,41,0,0,0
"2024-25","18360","Penn St.","Alli Campbell|Grace Hall|Jayla Oden|Moriah Murray|Talayah Walker",5,495,531,36,0,0,0
"2024-25","18360","Penn St.","Alli Campbell|Grace Hall|Gracie Merkle|Jayla Oden|Moriah Murray",5,531,581,50,0,2,-2
"2024-25","18360","Penn St.","Alli Campbell|Grace Hall|Gracie Merkle|Moriah Murray|Talayah Walker",5,581,582,1,1,0,1
"2024-25","18360","Maryland","Allie Kubek|Ava McKennie|Kaylene Smikle|Mir McLean|Shyanne Sellers",5,454,600,146,2,1,1
"2024-25","18360","Penn St.","Alli Campbell|Grace Hall|Moriah Murray|Talayah Walker|Tamera Johnson",5,582,623,41,0,0,0
"2024-25","18360","Penn St.","Alli Campbell|Grace Hall|Gracie Merkle|Moriah Murray|Talayah Walker",5,623,817,194,8,5,3
"2024-25","18360","Maryland","Allie Kubek|Christina Dalce|Kaylene Smikle|Sarah Te-Biasu|Saylor Poffenbarger",5,600,817,217,5,8,-3
"2024-25","18360","Penn St.","Alli Campbell|Gracie Merkle|Jayla Oden|Moriah Murray|Talayah Walker",5,817,862,45,0,2,-2
"2024-25","18360","Penn St.","Alli Campbell|Jayla Oden|Moriah Murray|Talayah Walker|Tamera Johnson",5,862,867,5,0,0,0
"2024-25","18360","Maryland","Amari DeBerry|Christina Dalce|Kaylene Smikle|Sarah Te-Biasu|Saylor Poffenbarger",5,817,944,127,4,4,0
"2024-25","18360","Penn St.","Alli Campbell|Gracie Merkle|Jayla Oden|Moriah Murray|Talayah Walker",5,867,1017,150,6,4,2
"2024-25","18360","Penn St.","Alli Campbell|Jayla Oden|Moriah Murray|Talayah Walker|Tamera Johnson",5,1017,1060,43,0,3,-3
"2024-25","18360","Maryland","Allie Kubek|Christina Dalce|Sarah Te-Biasu|Saylor Poffenbarger|Shyanne Sellers",5,944,1060,116,5,2,3
"2024-25","18360","Penn St.","Alli Campbell|Grace Hall|Moriah Murray|Talayah Walker|Tamera Johnson",5,1060,1117,57,2,2,0
"2024-25","18360","Maryland","Allie Kubek|Christina Dalce|Kaylene Smikle|Sarah Te-Biasu|Saylor Poffenbarger",5,1060,1167,107,4,2,2
"2024-25","18360","Penn St.","Alli Campbell|Grace Hall|Gracie Merkle|Moriah Murray|Tamera Johnson",5,1117,1194,77,1,2,-1
"2024-25","18360","Maryland","Allie Kubek|Christina Dalce|Kaylene Smikle|Sarah Te-Biasu|Shyanne Sellers",5,1167,1194,27,0,1,-1
"2024-25","18360","Penn St.","Alli Campbell|Gracie Merkle|Jayla Oden|Moriah Murray|Talayah Walker",5,1194,1200,6,0,0,0
"2024-25","18360","Maryland","Allie Kubek|Ava McKennie|Christina Dalce|Kaylene Smikle|Sarah Te-Biasu",5,1194,1200,6,0,0,0
"2024-25","18360","Maryland","Christina Dalce|Kaylene Smikle|Sarah Te-Biasu|Saylor Poffenbarger|Shyanne Sellers",5,1200,1338,138,6,5,1
"2024-25","18360","Penn St.","Alli Campbell|Gabby Elliott|Grace Hall|Gracie Merkle|Moriah Murray",5,1200,1377,177,7,8,-1
"2024-25","18360","Penn St.","Gabby Elliott|Grace Hall|Gracie Merkle|Jayla Oden|Moriah Murray",5,1377,1443,66,2,4,-2
"2024-25","18360","Maryland","Allie Kubek|Christina Dalce|Kaylene Smikle|Sarah Te-Biasu|Shyanne Sellers",5,1338,1495,157,6,6,0
"2024-25","18360","Penn St.","Grace Hall|Gracie Merkle|Jayla Oden|Moriah Murray|Tamera Johnson",5,1443,1557,114,2,2,0
"2024-25","18360","Maryland","Allie Kubek|Mir McLean|Sarah Te-Biasu|Saylor Poffenbarger|Shyanne Sellers",5,1495,1557,62,2,0,2
"2024-25","18360","Penn St.","Alli Campbell|Gabby Elliott|Gracie Merkle|Moriah Murray|Tamera Johnson",5,1557,1596,39,2,0,2
"2024-25","18360","Maryland","Allie Kubek|Ava McKennie|Mir McLean|Sarah Te-Biasu|Saylor Poffenbarger",5,1557,1642,85,2,5,-3
"2024-25","18360","Penn St.","Alli Campbell|Gabby Elliott|Grace Hall|Moriah Murray|Tamera Johnson",5,1596,1655,59,4,2,2
"2024-25","18360","Penn St.","Alli Campbell|Gabby Elliott|Grace Hall|Gracie Merkle|Moriah Murray",5,1655,1670,15,0,0,0
"2024-25","18360","Penn St.","Alli Campbell|Gabby Elliott|Gracie Merkle|Moriah Murray|Tamera Johnson",5,1670,1724,54,2,3,-1
"2024-25","18360","Penn St.","Alli Campbell|Gabby Elliott|Jayla Oden|Moriah Murray|Tamera Johnson",5,1724,1755,31,2,0,2
"2024-25","18360","Maryland","Christina Dalce|Kaylene Smikle|Mir McLean|Sarah Te-Biasu|Saylor Poffenbarger",5,1642,1755,113,3,5,-2
"2024-25","18360","Maryland","Ava McKennie|Christina Dalce|Kaylene Smikle|Mir McLean|Saylor Poffenbarger",5,1755,1756,1,0,0,0
"2024-25","18360","Penn St.","Gabby Elliott|Grace Hall|Jayla Oden|Talayah Walker|Tamera Johnson",5,1755,1760,5,0,0,0
"2024-25","18360","Maryland","Ava McKennie|Christina Dalce|Kaylene Smikle|Saylor Poffenbarger|Shyanne Sellers",5,1756,1760,4,0,0,0
"2024-25","18360","Penn St.","Alli Campbell|Gabby Elliott|Gracie Merkle|Jayla Oden|Moriah Murray",5,1760,1775,15,0,0,0
"2024-25","18360","Penn St.","Gabby Elliott|Grace Hall|Jayla Oden|Talayah Walker|Tamera Johnson",5,1775,1779,4,2,0,2
"2024-25","18360","Maryland","Allie Kubek|Ava McKennie|Christina Dalce|Kaylene Smikle|Mir McLean",5,1760,1779,19,0,2,-2
"2024-25","18360","Maryland","Allie Kubek|Christina Dalce|Kaylene Smikle|Mir McLean|Sarah Te-Biasu",5,1779,1800,21,2,2,0
"2024-25","18360","Penn St.","Alli Campbell|Gabby Elliott|Gracie Merkle|Jayla Oden|Moriah Murray",5,1779,1848,69,2,2,0
"2024-25","18360","Maryland","Christina Dalce|Kaylene Smikle|Sarah Te-Biasu|Saylor Poffenbarger|Shyanne Sellers",5,1800,1848,48,0,0,0
"2024-25","18360","Maryland","Allie Kubek|Christina Dalce|Kaylene Smikle|Sarah Te-Biasu|Shyanne Sellers",5,1848,1891,43,0,4,-4
"2024-25","18360","Maryland","Christina Dalce|Kaylene Smikle|Sarah Te-Biasu|Saylor Poffenbarger|Shyanne Sellers",5,1891,1987,96,2,4,-2
"2024-25","18360","Penn St.","Gabby Elliott|Grace Hall|Jayla Oden|Talayah Walker|Tamera Johnson",5,1848,1987,139,9,2,7
"2024-25","18360","Penn St.","Alli Campbell|Gabby Elliott|Gracie Merkle|Jayla Oden|Moriah Murray",5,1987,2061,74,2,2,0
"2024-25","18360","Maryland","Christina Dalce|Emily Fisher|Kaylene Smikle|Sarah Te-Biasu|Saylor Poffenbarger",5,1987,2062,75,2,3,-1
"2024-25","18360","Penn St.","Gabby Elliott|Gracie Merkle|Jayla Oden|Moriah Murray|Tamera Johnson",5,2061,2069,8,0,0,0
"2024-25","18360","Penn St.","Gabby Elliott|Grace Hall|Jayla Oden|Talayah Walker|Tamera Johnson",5,2069,2131,62,4,2,2
"2024-25","18360","Maryland","Allie Kubek|Emily Fisher|Kaylene Smikle|Sarah Te-Biasu|Saylor Poffenbarger",5,2062,2131,69,2,4,-2
"2024-25","18360","Penn St.","Gabby Elliott|Gracie Merkle|Jayla Oden|Moriah Murray|Tamera Johnson",5,2131,2181,50,2,3,-1
"2024-25","18360","Penn St.","Gabby Elliott|Grace Hall|Jayla Oden|Talayah Walker|Tamera Johnson",5,2181,2192,11,0,2,-2
"2024-25","18360","Penn St.","Alli Campbell|Gabby Elliott|Gracie Merkle|Jayla Oden|Moriah Murray",5,2192,2219,27,0,0,0
"2024-25","18360","Penn St.","Alli Campbell|Gabby Elliott|Grace Hall|Talayah Walker|Tamera Johnson",5,2219,2261,42,2,2,0
"2024-25","18360","Maryland","Allie Kubek|Emily Fisher|Kaylene Smikle|Sarah Te-Biasu|Shyanne Sellers",5,2131,2261,130,7,4,3
"2024-25","18360","Penn St.","Gabby Elliott|Grace Hall|Jayla Oden|Talayah Walker|Tamera Johnson",5,2261,2362,101,3,4,-1
"2024-25","18360","Maryland","Emily Fisher|Kaylene Smikle|Sarah Te-Biasu|Saylor Poffenbarger|Shyanne Sellers",5,2261,2362,101,5,3,2
"2024-25","18360","Penn St.","Alli Campbell|Gabby Elliott|Gracie Merkle|Moriah Murray|Tamera Johnson",5,2362,2365,3,2,1,1
"2024-25","18360","Maryland","Allie Kubek|Ava McKennie|Emily Fisher|Sarah Te-Biasu|Saylor Poffenbarger",5,2362,2365,3,0,2,-2
"2024-25","18360","Penn St.","Gabby Elliott|Grace Hall|Jayla Oden|Talayah Walker|Tamera Johnson",5,2365,2384,19,0,0,0
"2024-25","18360","Maryland","Emily Fisher|Kaylene Smikle|Sarah Te-Biasu|Saylor Poffenbarger|Shyanne Sellers",5,2365,2384,19,0,0,0
"2024-25","18360","Penn St.","Alli Campbell|Gabby Elliott|Gracie Merkle|Jayla Oden|Moriah Murray|Tamera Johnson",6,2384,2400,16,0,2,-2
"2024-25","18360","Maryland","Allie Kubek|Ava McKennie|Emily Fisher|Sarah Te-Biasu|Saylor Poffenbarger",5,2384,2400,16,2,0,2
"2024-25","18361","Maryland","Amari DeBerry|Christina Dalce|Kaylene Smikle|Sarah Te-Biasu|Shyanne Sellers",5,0,192,192,6,5,1
"2024-25","18361","Maryland","Amari DeBerry|Christina Dalce|Kaylene Smikle|Saylor Poffenbarger|Shyanne Sellers",5,192,279,87,2,2,0
"2024-25","18361","Illinois","Adalia McKenzie|Brynn Shoup-Hill|Genesis Bryant|Jasmine Brown-Hagger|Kendall Bostic",5,0,279,279,7,8,-1
"2024-25","18361","Maryland","Amari DeBerry|Christina Dalce|Emily Fisher|Saylor Poffenbarger|Shyanne Sellers",5,279,332,53,0,2,-2
"2024-25","18361","Illinois","Adalia McKenzie|Berry Wallace|Genesis Bryant|Jasmine Brown-Hagger|Kendall Bostic",5,279,332,53,2,0,2
"2024-25","18361","Illinois","Berry Wallace|Brynn Shoup-Hill|Genesis Bryant|Jasmine Brown-Hagger|Kendall Bostic",5,332,436,104,0,5,-5
"2024-25","18361","Maryland","Allie Kubek|Emily Fisher|Sarah Te-Biasu|Saylor Poffenbarger|Shyanne Sellers",5,332,454,122,5,0,5
"2024-25","18361","Maryland","Allie Kubek|Emily Fisher|Kaylene Smikle|Sarah Te-Biasu|Saylor Poffenbarger",5,454,595,141,5,2,3
"2024-25","18361","Illinois","Berry Wallace|Brynn Shoup-Hill|Cori Allen|Genesis Bryant|Kendall Bostic",5,436,600,164,2,5,-3
"2024-25","18361","Maryland","Allie Kubek|Christina Dalce|Kaylene Smikle|Sarah Te-Biasu|Saylor Poffenbarger",5,595,762,167,4,9,-5
"2024-25","18361","Maryland","Allie Kubek|Emily Fisher|Kaylene Smikle|Sarah Te-Biasu|Shyanne Sellers",5,762,941,179,4,3,1
"2024-25","18361","Illinois","Adalia McKenzie|Berry Wallace|Brynn Shoup-Hill|Genesis Bryant|Kendall Bostic",5,600,1007,407,12,10,2
"2024-25","18361","Maryland","Emily Fisher|Mir McLean|Sarah Te-Biasu|Saylor Poffenbarger|Shyanne Sellers",5,941,1074,133,2,2,0
"2024-25","18361","Maryland","Kaylene Smikle|Mir McLean|Sarah Te-Biasu|Saylor Poffenbarger|Shyanne Sellers",5,1074,1097,23,0,0,0
"2024-25","18361","Maryland","Allie Kubek|Kaylene Smikle|Mir McLean|Sarah Te-Biasu|Saylor Poffenbarger",5,1097,1197,100,4,5,-1
"2024-25","18361","Maryland","Allie Kubek|Kaylene Smikle|Sarah Te-Biasu|Saylor Poffenbarger|Shyanne Sellers",5,1197,1200,3,0,0,0
"2024-25","18361","Illinois","Berry Wallace|Brynn Shoup-Hill|Genesis Bryant|Jasmine Brown-Hagger|Kendall Bostic",5,1007,1200,193,7,4,3
"2024-25","18361","Maryland","Christina Dalce|Kaylene Smikle|Sarah Te-Biasu|Saylor Poffenbarger|Shyanne Sellers",5,1200,1231,31,0,3,-3
"2024-25","18361","Maryland","Allie Kubek|Christina Dalce|Kaylene Smikle|Sarah Te-Biasu|Saylor Poffenbarger",5,1231,1364,133,7,0,7
"2024-25","18361","Illinois","Adalia McKenzie|Brynn Shoup-Hill|Genesis Bryant|Jasmine Brown-Hagger|Kendall Bostic",5,1200,1364,164,3,7,-4
"2024-25","18361","Maryland","Allie Kubek|Emily Fisher|Kaylene Smikle|Sarah Te-Biasu|Saylor Poffenbarger",5,1364,1389,25,3,0,3
"2024-25","18361","Illinois","Adalia McKenzie|Berry Wallace|Genesis Bryant|Jasmine Brown-Hagger|Kendall Bostic",5,1364,1389,25,0,3,-3
"2024-25","18361","Maryland","Allie Kubek|Emily Fisher|Kaylene Smikle|Saylor Poffenbarger|Shyanne Sellers",5,1389,1497,108,0,8,-8
"2024-25","18361","Maryland","Christina Dalce|Emily Fisher|Sarah Te-Biasu|Saylor Poffenbarger|Shyanne Sellers",5,1497,1605,108,3,2,1
"2024-25","18361","Maryland","Christina Dalce|Emily Fisher|Kaylene Smikle|Sarah Te-Biasu|Shyanne Sellers",5,1605,1633,28,0,0,0
"2024-25","18361","Illinois","Adalia McKenzie|Berry Wallace|Brynn Shoup-Hill|Genesis Bryant|Kendall Bostic",5,1389,1719,330,14,5,9
"2024-25","18361","Maryland","Christina Dalce|Kaylene Smikle|Sarah Te-Biasu|Saylor Poffenbarger|Shyanne Sellers",5,1633,1877,244,5,9,-4
"2024-25","18361","Maryland","Allie Kubek|Kaylene Smikle|Sarah Te-Biasu|Saylor Poffenbarger|Shyanne Sellers",5,1877,2014,137,2,2,0
"2024-25","18361","Illinois","Berry Wallace|Brynn Shoup-Hill|Genesis Bryant|Jasmine Brown-Hagger|Kendall Bostic",5,1719,2111,392,7,8,-1
"2024-25","18361","Maryland","Allie Kubek|Emily Fisher|Kaylene Smikle|Sarah Te-Biasu|Saylor Poffenbarger",5,2014,2338,324,11,7,4
"2024-25","18361","Maryland","Allie Kubek|Emily Fisher|Kaylene Smikle|Sarah Te-Biasu|Shyanne Sellers",5,2338,2355,17,0,3,-3
"2024-25","18361","Maryland","Emily Fisher|Kaylene Smikle|Sarah Te-Biasu|Saylor Poffenbarger|Shyanne Sellers",5,2355,2357,2,0,0,0
"2024-25","18361","Illinois","Adalia McKenzie|Berry Wallace|Brynn Shoup-Hill|Genesis Bryant|Kendall Bostic",5,2111,2357,246,10,8,2
"2024-25","18361","Illinois","Adalia McKenzie|Brynn Shoup-Hill|Genesis Bryant|Jasmine Brown-Hagger|Kendall Bostic",5,2357,2368,11,0,0,0
"2024-25","18361","Maryland","Allie Kubek|Kaylene Smikle|Sarah Te-Biasu|Saylor Poffenbarger|Shyanne Sellers",5,2357,2368,11,0,0,0
"2024-25","18361","Maryland","Allie Kubek|Christina Dalce|Emily Fisher|Kaylene Smikle|Sarah Te-Biasu|Saylor Poffenbarger",6,2368,2378,10,0,0,0
"2024-25","18361","Illinois","Adalia McKenzie|Berry Wallace|Brynn Shoup-Hill|Genesis Bryant|Kendall Bostic",5,2368,2378,10,0,0,0
"2024-25","18361","Maryland","Allie Kubek|Emily Fisher|Kaylene Smikle|Sarah Te-Biasu|Saylor Poffenbarger|Shyanne Sellers",6,2378,2400,22,2,2,0
"2024-25","18361","Illinois","Adalia McKenzie|Brynn Shoup-Hill|Genesis Bryant|Jasmine Brown-Hagger|Kendall Bostic",5,2378,2400,22,2,2,0
"2024-25","18363","Oregon","Amina Muhammad|Deja Kelly|Elisa Mevius|Peyton Scott|Phillipina Kyei",5,0,271,271,6,8,-2
"2024-25","18363","Maryland","Allie Kubek|Kaylene Smikle|Sarah Te-Biasu|Saylor Poffenbarger|Shyanne Sellers",5,0,271,271,8,6,2
"2024-25","18363","Oregon","Amina Muhammad|Deja Kelly|Elisa Mevius|Nani Falatea|Phillipina Kyei",5,271,353,82,0,3,-3
"2024-25","18363","Maryland","Christina Dalce|Emily Fisher|Sarah Te-Biasu|Saylor Poffenbarger|Shyanne Sellers",5,271,353,82,3,0,3
"2024-25","18363","Oregon","Deja Kelly|Nani Falatea|Phillipina Kyei|Sarah Rambus|Sofia Bell",5,353,475,122,0,2,-2
"2024-25","18363","Maryland","Allie Kubek|Emily Fisher|Kaylene Smikle|Sarah Te-Biasu|Saylor Poffenbarger",5,353,475,122,2,0,2
"2024-25","18363","Oregon","Alexis Whitfield|Katie Fiso|Nani Falatea|Sarah Rambus|Sofia Bell",5,475,547,72,3,4,-1
"2024-25","18363","Maryland","Allie Kubek|Emily Fisher|Kaylene Smikle|Sarah Te-Biasu|Shyanne Sellers",5,475,596,121,6,3,3
"2024-25","18363","Oregon","Alexis Whitfield|Katie Fiso|Nani Falatea|Phillipina Kyei|Sofia Bell",5,547,600,53,0,2,-2
"2024-25","18363","Maryland","Allie Kubek|Emily Fisher|Sarah Te-Biasu|Saylor Poffenbarger|Shyanne Sellers",5,596,600,4,0,0,0
"2024-25","18363","Oregon","Alexis Whitfield|Ari Long|Katie Fiso|Phillipina Kyei|Sofia Bell",5,600,630,30,2,2,0
"2024-25","18363","Maryland","Allie Kubek|Emily Fisher|Mir McLean|Sarah Te-Biasu|Saylor Poffenbarger",5,600,630,30,2,2,0
"2024-25","18363","Maryland","Allie Kubek|Christina Dalce|Mir McLean|Sarah Te-Biasu|Saylor Poffenbarger",5,630,678,48,2,2,0
"2024-25","18363","Oregon","Alexis Whitfield|Ari Long|Ehis Etute|Katie Fiso|Sofia Bell",5,630,716,86,2,5,-3
"2024-25","18363","Maryland","Christina Dalce|Mir McLean|Sarah Te-Biasu|Saylor Poffenbarger|Shyanne Sellers",5,678,716,38,3,0,3
"2024-25","18363","Maryland","Christina Dalce|Emily Fisher|Mir McLean|Saylor Poffenbarger|Shyanne Sellers",5,716,771,55,0,2,-2
"2024-25","18363","Oregon","Alexis Whitfield|Ehis Etute|Katie Fiso|Peyton Scott|Sofia Bell",5,716,881,165,2,4,-2
"2024-25","18363","Maryland","Emily Fisher|Kaylene Smikle|Sarah Te-Biasu|Saylor Poffenbarger|Shyanne Sellers",5,771,881,110,4,0,4
"2024-25","18363","Oregon","Amina Muhammad|Deja Kelly|Elisa Mevius|Peyton Scott|Phillipina Kyei",5,881,991,110,0,3,-3
"2024-25","18363","Oregon","Amina Muhammad|Deja Kelly|Nani Falatea|Phillipina Kyei|Sofia Bell",5,991,1111,120,2,4,-2
"2024-25","18363","Maryland","Allie Kubek|Kaylene Smikle|Sarah Te-Biasu|Saylor Poffenbarger|Shyanne Sellers",5,881,1111,230,7,2,5
"2024-25","18363","Maryland","Allie Kubek|Emily Fisher|Sarah Te-Biasu|Saylor Poffenbarger|Shyanne Sellers",5,1111,1138,27,2,0,2
"2024-25","18363","Oregon","Amina Muhammad|Deja Kelly|Ehis Etute|Nani Falatea|Sofia Bell",5,1111,1138,27,2,2,0
"2024-25","18363","Oregon","Deja Kelly|Ehis Etute|Katie Fiso|Nani Falatea|Sofia Bell",5,1138,1188,50,0,0,0
"2024-25","18363","Maryland","Allie Kubek|Emily Fisher|Mir McLean|Sarah Te-Biasu|Saylor Poffenbarger",5,1138,1188,50,0,2,-2
"2024-25","18363","Oregon","Ari Long|Ehis Etute|Katie Fiso|Nani Falatea|Sofia Bell",5,1188,1200,12,3,0,3
"2024-25","18363","Maryland","Allie Kubek|Ava McKennie|Emily Fisher|Mir McLean|Saylor Poffenbarger",5,1188,1200,12,0,3,-3
"2024-25","18363","Oregon","Amina Muhammad|Deja Kelly|Elisa Mevius|Nani Falatea|Phillipina Kyei",5,1200,1249,49,0,5,-5
"2024-25","18363","Oregon","Deja Kelly|Elisa Mevius|Nani Falatea|Phillipina Kyei|Sofia Bell",5,1249,1323,74,3,0,3
"2024-25","18363","Oregon","Alexis Whitfield|Deja Kelly|Elisa Mevius|Nani Falatea|Phillipina Kyei",5,1323,1475,152,0,12,-12
"2024-25","18363","Maryland","Allie Kubek|Kaylene Smikle|Sarah Te-Biasu|Saylor Poffenbarger|Shyanne Sellers",5,1200,1475,275,17,3,14
"2024-25","18363","Oregon","Ari Long|Ehis Etute|Katie Fiso|Nani Falatea|Sarah Rambus",5,1475,1494,19,3,0,3
"2024-25","18363","Maryland","Allie Kubek|Emily Fisher|Kaylene Smikle|Sarah Te-Biasu|Saylor Poffenbarger",5,1475,1602,127,4,8,-4
"2024-25","18363","Maryland","Christina Dalce|Emily Fisher|Sarah Te-Biasu|Saylor Poffenbarger|Shyanne Sellers",5,1602,1681,79,0,7,-7
"2024-25","18363","Maryland","Allie Kubek|Emily Fisher|Kaylene Smikle|Sarah Te-Biasu|Saylor Poffenbarger",5,1681,1792,111,8,3,5
"2024-25","18363","Maryland","Allie Kubek|Ava McKennie|Emily Fisher|Sarah Te-Biasu|Saylor Poffenbarger",5,1792,1800,8,0,2,-2
"2024-25","18363","Oregon","Ari Long|Ehis Etute|Nani Falatea|Sarah Rambus|Sofia Bell",5,1494,1898,404,19,12,7
"2024-25","18363","Maryland","Allie Kubek|Emily Fisher|Kaylene Smikle|Sarah Te-Biasu|Saylor Poffenbarger",5,1800,1973,173,0,5,-5
"2024-25","18363","Maryland","Allie Kubek|Emily Fisher|Kaylene Smikle|Sarah Te-Biasu|Shyanne Sellers",5,1973,2034,61,0,0,0
"2024-25","18363","Oregon","Ari Long|Ehis Etute|Elisa Mevius|Sarah Rambus|Sofia Bell",5,1898,2049,151,5,0,5
"2024-25","18363","Oregon","Ari Long|Ehis Etute|Elisa Mevius|Nani Falatea|Sarah Rambus",5,2049,2080,31,0,0,0
"2024-25","18363","Oregon","Amina Muhammad|Ari Long|Ehis Etute|Elisa Mevius|Nani Falatea",5,2080,2134,54,0,2,-2
"2024-25","18363","Maryland","Allie Kubek|Emily Fisher|Kaylene Smikle|Sarah Te-Biasu|Saylor Poffenbarger",5,2034,2153,119,4,2,2
"2024-25","18363","Oregon","Amina Muhammad|Ari Long|Ehis Etute|Nani Falatea|Sofia Bell",5,2134,2290,156,4,6,-2
"2024-25","18363","Maryland","Christina Dalce|Emily Fisher|Kaylene Smikle|Sarah Te-Biasu|Saylor Poffenbarger",5,2153,2290,137,4,4,0
"2024-25","18363","Oregon","Amina Muhammad|Ari Long|Filippa Tilliander|Nani Falatea|Sofia Bell",5,2290,2400,110,5,3,2
"2024-25","18363","Maryland","Ava McKennie|Christina Dalce|Emily Fisher|Sarah Te-Biasu|Saylor Poffenbarger",5,2290,2400,110,3,5,-2
"2024-25","18364","Maryland","Allie Kubek|Kaylene Smikle|Sarah Te-Biasu|Saylor Poffenbarger|Shyanne Sellers",5,0,225,225,4,10,-6
"2024-25","18364","Washington","Chloe Briggs|Dalayah Daniels|Elle Ladine|Hannah Stines|Sayvia Sellers",5,0,298,298,13,4,9
"2024-25","18364","Maryland","Christina Dalce|Emily Fisher|Sarah Te-Biasu|Saylor Poffenbarger|Shyanne Sellers",5,225,331,106,0,5,-5
"2024-25","18364","Washington","Chloe Briggs|Dalayah Daniels|Devin Coppinger|Hannah Stines|Sayvia Sellers",5,298,403,105,4,2,2
"2024-25","18364","Maryland","Christina Dalce|Emily Fisher|Kaylene Smikle|Sarah Te-Biasu|Shyanne Sellers",5,331,407,76,2,2,0
"2024-25","18364","Maryland","Christina Dalce|Kaylene Smikle|Sarah Te-Biasu|Saylor Poffenbarger|Shyanne Sellers",5,407,508,101,5,6,-1
"2024-25","18364","Washington","Chloe Briggs|Dalayah Daniels|Devin Coppinger|Elle Ladine|Sayvia Sellers",5,403,508,105,8,5,3
"2024-25","18364","Washington","Devin Coppinger|Elle Ladine|Sayvia Sellers|Tayra Eke|Teagan Brown",5,508,577,69,2,6,-4
"2024-25","18364","Maryland","Allie Kubek|Kaylene Smikle|Sarah Te-Biasu|Saylor Poffenbarger|Shyanne Sellers",5,508,577,69,6,4,2
"2024-25","18364","Maryland","Allie Kubek|Emily Fisher|Kaylene Smikle|Saylor Poffenbarger|Shyanne Sellers",5,577,578,1,0,0,0
"2024-25","18364","Maryland","Allie Kubek|Kaylene Smikle|Sarah Te-Biasu|Saylor Poffenbarger|Shyanne Sellers",5,578,593,15,0,0,0
"2024-25","18364","Washington","Chloe Briggs|Elle Ladine|Hannah Stines|Sayvia Sellers|Tayra Eke",5,577,600,23,0,2,-2
"2024-25","18364","Maryland","Allie Kubek|Emily Fisher|Kaylene Smikle|Saylor Poffenbarger|Shyanne Sellers",5,593,600,7,2,0,2
"2024-25","18364","Washington","Chloe Briggs|Dalayah Daniels|Elle Ladine|Hannah Stines|Sayvia Sellers",5,600,648,48,0,0,0
"2024-25","18364","Washington","Chloe Briggs|Dalayah Daniels|Devin Coppinger|Elle Ladine|Hannah Stines",5,648,760,112,3,7,-4
"2024-25","18364","Maryland","Christina Dalce|Kaylene Smikle|Sarah Te-Biasu|Saylor Poffenbarger|Shyanne Sellers",5,600,775,175,8,4,4
"2024-25","18364","Washington","Chloe Briggs|Dalayah Daniels|Elle Ladine|Hannah Stines|Sayvia Sellers",5,760,837,77,1,4,-3
"2024-25","18364","Maryland","Christina Dalce|Emily Fisher|Kaylene Smikle|Sarah Te-Biasu|Shyanne Sellers",5,775,837,62,3,0,3
"2024-25","18364","Washington","Chloe Briggs|Elle Ladine|Hannah Stines|Sayvia Sellers|Tayra Eke",5,837,866,29,0,4,-4
"2024-25","18364","Maryland","Allie Kubek|Emily Fisher|Kaylene Smikle|Sarah Te-Biasu|Shyanne Sellers",5,837,866,29,4,0,4
"2024-25","18364","Washington","Chloe Briggs|Devin Coppinger|Elle Ladine|Hannah Stines|Tayra Eke",5,866,970,104,2,4,-2
"2024-25","18364","Maryland","Allie Kubek|Emily Fisher|Mir McLean|Sarah Te-Biasu|Shyanne Sellers",5,866,970,104,4,2,2
"2024-25","18364","Washington","Brenna McDonald|Chloe Briggs|Devin Coppinger|Elle Ladine|Hannah Stines",5,970,1019,49,0,4,-4
"2024-25","18364","Maryland","Allie Kubek|Emily Fisher|Kaylene Smikle|Sarah Te-Biasu|Saylor Poffenbarger",5,970,1058,88,4,3,1
"2024-25","18364","Washington","Chloe Briggs|Devin Coppinger|Elle Ladine|Hannah Stines|Tayra Eke",5,1019,1200,181,3,2,1
"2024-25","18364","Maryland","Allie Kubek|Kaylene Smikle|Sarah Te-Biasu|Saylor Poffenbarger|Shyanne Sellers",5,1058,1200,142,2,0,2
"2024-25","18364","Washington","Chloe Briggs|Dalayah Daniels|Elle Ladine|Hannah Stines|Sayvia Sellers",5,1200,1374,174,3,10,-7
"2024-25","18364","Maryland","Christina Dalce|Kaylene Smikle|Sarah Te-Biasu|Saylor Poffenbarger|Shyanne Sellers",5,1200,1374,174,10,3,7
"2024-25","18364","Maryland","Allie Kubek|Kaylene Smikle|Sarah Te-Biasu|Saylor Poffenbarger|Shyanne Sellers",5,1374,1430,56,1,2,-1
"2024-25","18364","Maryland","Allie Kubek|Emily Fisher|Kaylene Smikle|Sarah Te-Biasu|Shyanne Sellers",5,1430,1498,68,2,0,2
"2024-25","18364","Maryland","Allie Kubek|Christina Dalce|Emily Fisher|Sarah Te-Biasu|Shyanne Sellers",5,1498,1569,71,4,2,2
"2024-25","18364","Washington","Dalayah Daniels|Elle Ladine|Hannah Stines|Sayvia Sellers|Tayra Eke",5,1374,1673,299,7,9,-2
"2024-25","18364","Washington","Dalayah Daniels|Devin Coppinger|Elle Ladine|Hannah Stines|Tayra Eke",5,1673,1720,47,0,2,-2
"2024-25","18364","Maryland","Christina Dalce|Emily Fisher|Kaylene Smikle|Sarah Te-Biasu|Shyanne Sellers",5,1569,1766,197,4,6,-2
"2024-25","18364","Maryland","Emily Fisher|Kaylene Smikle|Mir McLean|Sarah Te-Biasu|Shyanne Sellers",5,1766,1800,34,0,2,-2
"2024-25","18364","Washington","Chloe Briggs|Dalayah Daniels|Devin Coppinger|Elle Ladine|Hannah Stines",5,1720,1847,127,5,2,3
"2024-25","18364","Maryland","Allie Kubek|Emily Fisher|Kaylene Smikle|Sarah Te-Biasu|Saylor Poffenbarger",5,1800,1893,93,2,2,0
"2024-25","18364","Maryland","Christina Dalce|Emily Fisher|Kaylene Smikle|Sarah Te-Biasu|Saylor Poffenbarger",5,1893,1944,51,0,4,-4
"2024-25","18364","Maryland","Christina Dalce|Kaylene Smikle|Sarah Te-Biasu|Saylor Poffenbarger|Shyanne Sellers",5,1944,2076,132,0,6,-6
"2024-25","18364","Maryland","Emily Fisher|Kaylene Smikle|Sarah Te-Biasu|Saylor Poffenbarger|Shyanne Sellers",5,2076,2239,163,7,4,3
"2024-25","18364","Maryland","Allie Kubek|Emily Fisher|Kaylene Smikle|Sarah Te-Biasu|Saylor Poffenbarger",5,2239,2250,11,0,1,-1
"2024-25","18364","Washington","Dalayah Daniels|Devin Coppinger|Elle Ladine|Hannah Stines|Sayvia Sellers",5,1847,2338,491,20,9,11
"2024-25","18364","Washington","Chloe Briggs|Dalayah Daniels|Elle Ladine|Hannah Stines|Sayvia Sellers",5,2338,2360,22,0,0,0
"2024-25","18364","Washington","Chloe Briggs|Dalayah Daniels|Devin Coppinger|Elle Ladine|Hannah Stines",5,2360,2362,2,0,2,-2
"2024-25","18364","Maryland","Allie Kubek|Kaylene Smikle|Sarah Te-Biasu|Saylor Poffenbarger|Shyanne Sellers",5,2250,2362,112,4,3,1
"2024-25","18364","Washington","Chloe Briggs|Dalayah Daniels|Elle Ladine|Hannah Stines|Sayvia Sellers",5,2362,2377,15,2,0,2
"2024-25","18364","Maryland","Christina Dalce|Kaylene Smikle|Sarah Te-Biasu|Saylor Poffenbarger|Shyanne Sellers",5,2362,2377,15,0,2,-2
"2024-25","18364","Maryland","Allie Kubek|Kaylene Smikle|Sarah Te-Biasu|Saylor Poffenbarger|Shyanne Sellers",5,2377,2380,3,0,0,0
"2024-25","18364","Maryland","Christina Dalce|Emily Fisher|Kaylene Smikle|Sarah Te-Biasu|Saylor Poffenbarger",5,2380,2381,1,0,0,0
"2024-25","18364","Washington","Chloe Briggs|Dalayah Daniels|Devin Coppinger|Elle Ladine|Hannah Stines",5,2377,2382,5,0,0,0
"2024-25","18364","Maryland","Allie Kubek|Kaylene Smikle|Sarah Te-Biasu|Saylor Poffenbarger|Shyanne Sellers",5,2381,2382,1,0,0,0
"2024-25","18364","Maryland","Allie Kubek|Emily Fisher|Kaylene Smikle|Sarah Te-Biasu|Saylor Poffenbarger",5,2382,2383,1,1,0,1
"2024-25","18364","Washington","Chloe Briggs|Dalayah Daniels|Elle Ladine|Hannah Stines|Sayvia Sellers",5,2382,2400,18,0,3,-3
"2024-25","18364","Maryland","Christina Dalce|Emily Fisher|Kaylene Smikle|Sarah Te-Biasu|Saylor Poffenbarger",5,2383,2400,17,2,0,2
"2024-25","18365","Maryland","Allie Kubek|Kaylene Smikle|Sarah Te-Biasu|Saylor Poffenbarger|Shyanne Sellers",5,0,217,217,10,4,6
"2024-25","18365","Maryland","Allie Kubek|Emily Fisher|Sarah Te-Biasu|Saylor Poffenbarger|Shyanne Sellers",5,217,253,36,2,2,0
"2024-25","18365","Nebraska","Alexis Markowski|Britt Prince|Callin Hake|Jessica Petrie|Logan Nissley",5,0,253,253,6,12,-6
"2024-25","18365","Nebraska","Alberte Rimdal|Britt Prince|Callin Hake|Jessica Petrie|Petra Bozan",5,253,313,60,0,3,-3
"2024-25","18365","Maryland","Christina Dalce|Emily Fisher|Sarah Te-Biasu|Saylor Poffenbarger|Shyanne Sellers",5,253,412,159,11,4,7
"2024-25","18365","Nebraska","Alberte Rimdal|Alexis Markowski|Amiah Hargrove|Britt Prince|Callin Hake",5,313,412,99,4,8,-4
"2024-25","18365","Nebraska","Alberte Rimdal|Alexis Markowski|Amiah Hargrove|Britt Prince|Kendall Moriarty",5,412,480,68,2,2,0
"2024-25","18365","Maryland","Allie Kubek|Emily Fisher|Sarah Te-Biasu|Saylor Poffenbarger|Shyanne Sellers",5,412,600,188,6,8,-2
"2024-25","18365","Nebraska","Alexis Markowski|Amiah Hargrove|Britt Prince|Kendall Moriarty|Logan Nissley",5,480,616,136,6,4,2
"2024-25","18365","Maryland","Allie Kubek|Emily Fisher|Kaylene Smikle|Sarah Te-Biasu|Saylor Poffenbarger",5,600,683,83,1,4,-3
"2024-25","18365","Nebraska","Alexis Markowski|Britt Prince|Kendall Coley|Kendall Moriarty|Logan Nissley",5,616,683,67,4,1,3
"2024-25","18365","Nebraska","Alberte Rimdal|Alexis Markowski|Kendall Coley|Kendall Moriarty|Logan Nissley",5,683,705,22,0,2,-2
"2024-25","18365","Maryland","Allie Kubek|Emily Fisher|Kaylene Smikle|Sarah Te-Biasu|Shyanne Sellers",5,683,767,84,4,2,2
"2024-25","18365","Nebraska","Alberte Rimdal|Kendall Coley|Kendall Moriarty|Logan Nissley|Petra Bozan",5,705,767,62,2,2,0
"2024-25","18365","Maryland","Christina Dalce|Emily Fisher|Kaylene Smikle|Sarah Te-Biasu|Shyanne Sellers",5,767,835,68,2,4,-2
"2024-25","18365","Nebraska","Alberte Rimdal|Callin Hake|Kendall Coley|Logan Nissley|Petra Bozan",5,767,835,68,4,2,2
"2024-25","18365","Maryland","Christina Dalce|Kaylene Smikle|Sarah Te-Biasu|Saylor Poffenbarger|Shyanne Sellers",5,835,881,46,0,0,0
"2024-25","18365","Nebraska","Alberte Rimdal|Callin Hake|Jessica Petrie|Kendall Coley|Logan Nissley",5,835,881,46,0,0,0
"2024-25","18365","Maryland","Allie Kubek|Kaylene Smikle|Mir McLean|Sarah Te-Biasu|Saylor Poffenbarger",5,881,889,8,0,0,0
"2024-25","18365","Maryland","Allie Kubek|Emily Fisher|Kaylene Smikle|Mir McLean|Sarah Te-Biasu",5,889,964,75,0,3,-3
"2024-25","18365","Maryland","Allie Kubek|Christina Dalce|Emily Fisher|Kaylene Smikle|Shyanne Sellers",5,964,1010,46,0,6,-6
"2024-25","18365","Nebraska","Alberte Rimdal|Alexis Markowski|Britt Prince|Callin Hake|Jessica Petrie",5,881,1010,129,9,0,9
"2024-25","18365","Nebraska","Alberte Rimdal|Alexis Markowski|Britt Prince|Jessica Petrie|Logan Nissley",5,1010,1074,64,2,0,2
"2024-25","18365","Maryland","Allie Kubek|Emily Fisher|Kaylene Smikle|Sarah Te-Biasu|Shyanne Sellers",5,1010,1074,64,1,2,-1
"2024-25","18365","Nebraska","Alberte Rimdal|Amiah Hargrove|Callin Hake|Jessica Petrie|Logan Nissley",5,1074,1096,22,2,1,1
"2024-25","18365","Maryland","Christina Dalce|Emily Fisher|Kaylene Smikle|Sarah Te-Biasu|Shyanne Sellers",5,1074,1163,89,4,6,-2
"2024-25","18365","Nebraska","Amiah Hargrove|Callin Hake|Jessica Petrie|Kendall Moriarty|Logan Nissley",5,1096,1163,67,4,4,0
"2024-25","18365","Nebraska","Alexis Markowski|Britt Prince|Jessica Petrie|Kendall Moriarty|Logan Nissley",5,1163,1177,14,0,1,-1
"2024-25","18365","Maryland","Allie Kubek|Emily Fisher|Kaylene Smikle|Sarah Te-Biasu|Shyanne Sellers",5,1163,1200,37,4,0,4
"2024-25","18365","Nebraska","Alexis Markowski|Callin Hake|Jessica Petrie|Kendall Moriarty|Logan Nissley",5,1177,1200,23,0,3,-3
"2024-25","18365","Nebraska","Alexis Markowski|Britt Prince|Callin Hake|Jessica Petrie|Logan Nissley",5,1200,1372,172,9,6,3
"2024-25","18365","Maryland","Allie Kubek|Kaylene Smikle|Sarah Te-Biasu|Saylor Poffenbarger|Shyanne Sellers",5,1200,1412,212,8,11,-3
"2024-25","18365","Nebraska","Alberte Rimdal|Alexis Markowski|Amiah Hargrove|Britt Prince|Logan Nissley",5,1372,1475,103,5,2,3
"2024-25","18365","Maryland","Allie Kubek|Christina Dalce|Kaylene Smikle|Sarah Te-Biasu|Saylor Poffenbarger",5,1412,1483,71,0,3,-3
"2024-25","18365","Maryland","Allie Kubek|Christina Dalce|Kaylene Smikle|Saylor Poffenbarger|Shyanne Sellers",5,1483,1521,38,0,2,-2
"2024-25","18365","Nebraska","Amiah Hargrove|Britt Prince|Jessica Petrie|Kendall Moriarty|Logan Nissley",5,1475,1521,46,2,0,2
"2024-25","18365","Maryland","Allie Kubek|Christina Dalce|Emily Fisher|Saylor Poffenbarger|Shyanne Sellers",5,1521,1567,46,2,3,-1
"2024-25","18365","Nebraska","Alexis Markowski|Britt Prince|Jessica Petrie|Kendall Moriarty|Logan Nissley",5,1521,1644,123,6,4,2
"2024-25","18365","Maryland","Allie Kubek|Christina Dalce|Emily Fisher|Sarah Te-Biasu|Saylor Poffenbarger",5,1567,1688,121,4,5,-1
"2024-25","18365","Nebraska","Amiah Hargrove|Britt Prince|Jessica Petrie|Kendall Moriarty|Logan Nissley",5,1644,1688,44,2,2,0
"2024-25","18365","Maryland","Allie Kubek|Emily Fisher|Kaylene Smikle|Sarah Te-Biasu|Saylor Poffenbarger",5,1688,1695,7,0,2,-2
"2024-25","18365","Nebraska","Amiah Hargrove|Callin Hake|Jessica Petrie|Kendall Moriarty|Logan Nissley",5,1688,1695,7,2,0,2
"2024-25","18365","Maryland","Christina Dalce|Emily Fisher|Kaylene Smikle|Sarah Te-Biasu|Saylor Poffenbarger",5,1695,1753,58,0,0,0
"2024-25","18365","Nebraska","Alberte Rimdal|Alexis Markowski|Callin Hake|Jessica Petrie|Kendall Moriarty",5,1695,1753,58,2,0,2
"2024-25","18365","Maryland","Allie Kubek|Emily Fisher|Kaylene Smikle|Sarah Te-Biasu|Saylor Poffenbarger",5,1753,1800,47,0,2,-2
"2024-25","18365","Nebraska","Alberte Rimdal|Amiah Hargrove|Callin Hake|Jessica Petrie|Kendall Moriarty",5,1753,1800,47,0,0,0
"2024-25","18365","Nebraska","Alberte Rimdal|Amiah Hargrove|Britt Prince|Jessica Petrie|Logan Nissley",5,1800,1836,36,0,0,0
"2024-25","18365","Maryland","Allie Kubek|Emily Fisher|Kaylene Smikle|Sarah Te-Biasu|Shyanne Sellers",5,1800,2010,210,2,8,-6
"2024-25","18365","Maryland","Allie Kubek|Ava McKennie|Emily Fisher|Saylor Poffenbarger|Shyanne Sellers",5,2010,2095,85,0,2,-2
"2024-25","18365","Nebraska","Alberte Rimdal|Alexis Markowski|Britt Prince|Jessica Petrie|Logan Nissley",5,1836,2095,259,10,2,8
"2024-25","18365","Maryland","Ava McKennie|Christina Dalce|Emily Fisher|Saylor Poffenbarger|Shyanne Sellers",5,2095,2176,81,2,5,-3
"2024-25","18365","Maryland","Ava McKennie|Christina Dalce|Mir McLean|Saylor Poffenbarger|Shyanne Sellers",5,2176,2230,54,0,3,-3
"2024-25","18365","Nebraska","Amiah Hargrove|Britt Prince|Callin Hake|Jessica Petrie|Logan Nissley",5,2095,2230,135,8,2,6
"2024-25","18365","Nebraska","Amiah Hargrove|Britt Prince|Callin Hake|Kendall Moriarty|Petra Bozan",5,2230,2287,57,0,3,-3
"2024-25","18365","Maryland","Amari DeBerry|Ava McKennie|Christina Dalce|Mir McLean|Shyanne Sellers",5,2230,2369,139,6,0,6
"2024-25","18365","Maryland","Amari DeBerry|Ava McKennie|Emily Fisher|Mir McLean|Shyanne Sellers",5,2369,2400,31,2,0,2
"2024-25","18365","Nebraska","Alberte Rimdal|Callin Hake|Kendall Coley|Kendall Moriarty|Petra Bozan",5,2287,2400,113,0,5,-5
"2024-25","18366","Maryland","Christina Dalce|Kaylene Smikle|Sarah Te-Biasu|Saylor Poffenbarger|Shyanne Sellers",5,0,239,239,7,6,1
"2024-25","18366","Maryland","Allie Kubek|Ava McKennie|Emily Fisher|Sarah Te-Biasu|Saylor Poffenbarger",5,239,272,33,0,2,-2
"2024-25","18366","Michigan","Greta Kampschroeder|Jordan Hobbs|Mila Holloway|Olivia Olson|Syla Swords",5,0,272,272,8,7,1
"2024-25","18366","Maryland","Allie Kubek|Ava McKennie|Emily Fisher|Mir McLean|Sarah Te-Biasu",5,272,300,28,2,0,2
"2024-25","18366","Maryland","Allie Kubek|Ava McKennie|Kaylene Smikle|Mir McLean|Sarah Te-Biasu",5,300,334,34,0,2,-2
"2024-25","18366","Maryland","Allie Kubek|Ava McKennie|Kaylene Smikle|Mir McLean|Shyanne Sellers",5,334,338,4,0,0,0
"2024-25","18366","Maryland","Ava McKennie|Kaylene Smikle|Mir McLean|Saylor Poffenbarger|Shyanne Sellers",5,338,374,36,0,2,-2
"2024-25","18366","Michigan","Greta Kampschroeder|Mila Holloway|Olivia Olson|Syla Swords|Te'Yala Delfosse",5,272,374,102,4,2,2
"2024-25","18366","Maryland","Ava McKennie|Mir McLean|Sarah Te-Biasu|Saylor Poffenbarger|Shyanne Sellers",5,374,488,114,2,3,-1
"2024-25","18366","Maryland","Allie Kubek|Mir McLean|Sarah Te-Biasu|Saylor Poffenbarger|Shyanne Sellers",5,488,600,112,4,7,-3
"2024-25","18366","Michigan","Brooke Q. Daniels|Jordan Hobbs|Olivia Olson|Syla Swords|Te'Yala Delfosse",5,374,600,226,10,6,4
"2024-25","18366","Maryland","Allie Kubek|Christina Dalce|Sarah Te-Biasu|Saylor Poffenbarger|Shyanne Sellers",5,600,613,13,2,0,2
"2024-25","18366","Michigan","Brooke Q. Daniels|Greta Kampschroeder|Mila Holloway|Olivia Olson|Syla Swords",5,600,613,13,0,2,-2
"2024-25","18366","Maryland","Allie Kubek|Ava McKennie|Sarah Te-Biasu|Saylor Poffenbarger|Shyanne Sellers",5,613,774,161,8,10,-2
"2024-25","18366","Michigan","Brooke Q. Daniels|Greta Kampschroeder|Mila Holloway|Syla Swords|Yulia Grabovskaia",5,613,774,161,10,8,2
"2024-25","18366","Maryland","Ava McKennie|Mir McLean|Sarah Te-Biasu|Saylor Poffenbarger|Shyanne Sellers",5,774,820,46,4,0,4
"2024-25","18366","Michigan","Brooke Q. Daniels|Jordan Hobbs|Mila Holloway|Olivia Olson|Yulia Grabovskaia",5,774,820,46,0,4,-4
"2024-25","18366","Maryland","Amari DeBerry|Mir McLean|Sarah Te-Biasu|Saylor Poffenbarger|Shyanne Sellers",5,820,862,42,0,3,-3
"2024-25","18366","Michigan","Brooke Q. Daniels|Jordan Hobbs|Mila Holloway|Olivia Olson|Syla Swords",5,820,862,42,3,0,3
"2024-25","18366","Maryland","Amari DeBerry|Kaylene Smikle|Mir McLean|Sarah Te-Biasu|Saylor Poffenbarger",5,862,896,34,0,0,0
"2024-25","18366","Michigan","Jordan Hobbs|Mila Holloway|Olivia Olson|Syla Swords|Te'Yala Delfosse",5,862,947,85,4,2,2
"2024-25","18366","Maryland","Ava McKennie|Kaylene Smikle|Mir McLean|Sarah Te-Biasu|Saylor Poffenbarger",5,896,967,71,2,4,-2
"2024-25","18366","Michigan","Brooke Q. Daniels|Jordan Hobbs|Mila Holloway|Olivia Olson|Syla Swords",5,947,998,51,1,0,1
"2024-25","18366","Maryland","Ava McKennie|Mir McLean|Sarah Te-Biasu|Saylor Poffenbarger|Shyanne Sellers",5,967,1062,95,1,1,0
"2024-25","18366","Michigan","Brooke Q. Daniels|Greta Kampschroeder|Mila Holloway|Olivia Olson|Syla Swords",5,998,1062,64,0,1,-1
"2024-25","18366","Michigan","Ally VanTimmeren|Alyssa Crockett|Mila Holloway|Olivia Olson|Syla Swords",5,1062,1196,134,0,6,-6
"2024-25","18366","Maryland","Allie Kubek|Ava McKennie|Sarah Te-Biasu|Saylor Poffenbarger|Shyanne Sellers",5,1062,1200,138,6,0,6
"2024-25","18366","Michigan","Alyssa Crockett|Jordan Hobbs|Mila Holloway|Olivia Olson|Syla Swords",5,1196,1200,4,0,0,0
"2024-25","18366","Maryland","Christina Dalce|Mir McLean|Sarah Te-Biasu|Saylor Poffenbarger|Shyanne Sellers",5,1200,1401,201,10,3,7
"2024-25","18366","Michigan","Greta Kampschroeder|Jordan Hobbs|Mila Holloway|Olivia Olson|Syla Swords",5,1200,1401,201,3,10,-7
"2024-25","18366","Maryland","Allie Kubek|Emily Fisher|Kaylene Smikle|Sarah Te-Biasu|Saylor Poffenbarger",5,1401,1473,72,4,7,-3
"2024-25","18366","Michigan","Jordan Hobbs|Mila Holloway|Olivia Olson|Syla Swords|Yulia Grabovskaia",5,1401,1507,106,7,7,0
"2024-25","18366","Maryland","Christina Dalce|Emily Fisher|Kaylene Smikle|Sarah Te-Biasu|Saylor Poffenbarger",5,1473,1550,77,5,2,3
"2024-25","18366","Michigan","Jordan Hobbs|Mila Holloway|Syla Swords|Te'Yala Delfosse|Yulia Grabovskaia",5,1507,1550,43,2,2,0
"2024-25","18366","Maryland","Christina Dalce|Kaylene Smikle|Sarah Te-Biasu|Saylor Poffenbarger|Shyanne Sellers",5,1550,1568,18,0,0,0
"2024-25","18366","Michigan","Brooke Q. Daniels|Jordan Hobbs|Syla Swords|Te'Yala Delfosse|Yulia Grabovskaia",5,1550,1707,157,4,3,1
"2024-25","18366","Maryland","Allie Kubek|Kaylene Smikle|Sarah Te-Biasu|Saylor Poffenbarger|Shyanne Sellers",5,1568,1800,232,3,7,-4
"2024-25","18366","Michigan","Jordan Hobbs|Mila Holloway|Olivia Olson|Syla Swords|Yulia Grabovskaia",5,1707,1800,93,3,0,3
"2024-25","18366","Michigan","Greta Kampschroeder|Jordan Hobbs|Mila Holloway|Olivia Olson|Syla Swords",5,1800,2004,204,6,8,-2
"2024-25","18366","Michigan","Brooke Q. Daniels|Greta Kampschroeder|Jordan Hobbs|Olivia Olson|Syla Swords",5,2004,2073,69,0,0,0
"2024-25","18366","Maryland","Christina Dalce|Mir McLean|Sarah Te-Biasu|Saylor Poffenbarger|Shyanne Sellers",5,1800,2123,323,11,8,3
"2024-25","18366","Michigan","Brooke Q. Daniels|Jordan Hobbs|Olivia Olson|Syla Swords|Yulia Grabovskaia",5,2073,2123,50,2,3,-1
"2024-25","18366","Michigan","Jordan Hobbs|Mila Holloway|Olivia Olson|Syla Swords|Yulia Grabovskaia",5,2123,2221,98,2,4,-2
"2024-25","18366","Maryland","Allie Kubek|Mir McLean|Sarah Te-Biasu|Saylor Poffenbarger|Shyanne Sellers",5,2123,2230,107,4,4,0
"2024-25","18366","Michigan","Greta Kampschroeder|Jordan Hobbs|Mila Holloway|Olivia Olson|Syla Swords",5,2221,2230,9,2,0,2
"2024-25","18366","Michigan","Jordan Hobbs|Mila Holloway|Olivia Olson|Syla Swords|Yulia Grabovskaia",5,2230,2302,72,2,2,0
"2024-25","18366","Maryland","Christina Dalce|Mir McLean|Sarah Te-Biasu|Saylor Poffenbarger|Shyanne Sellers",5,2230,2363,133,4,4,0
"2024-25","18366","Maryland","Christina Dalce|Kaylene Smikle|Sarah Te-Biasu|Saylor Poffenbarger|Shyanne Sellers",5,2363,2364,1,0,0,0
"2024-25","18366","Maryland","Christina Dalce|Mir McLean|Sarah Te-Biasu|Saylor Poffenbarger|Shyanne Sellers",5,2364,2373,9,2,0,2
"2024-25","18366","Michigan","Greta Kampschroeder|Jordan Hobbs|Mila Holloway|Olivia Olson|Syla Swords",5,2302,2373,71,2,4,-2
"2024-25","18366","Maryland","Kaylene Smikle|Mir McLean|Sarah Te-Biasu|Saylor Poffenbarger|Shyanne Sellers",5,2373,2375,2,0,0,0
"2024-25","18366","Michigan","Brooke Q. Daniels|Jordan Hobbs|Mila Holloway|Olivia Olson|Syla Swords",5,2373,2389,16,2,0,2
"2024-25","18366","Maryland","Christina Dalce|Kaylene Smikle|Mir McLean|Sarah Te-Biasu|Saylor Poffenbarger",5,2375,2400,25,4,2,2
"2024-25","18366","Michigan","Greta Kampschroeder|Jordan Hobbs|Mila Holloway|Syla Swords|Te'Yala Delfosse",5,2389,2400,11,0,4,-4
"2024-25","18367","Maryland","Christina Dalce|Kaylene Smikle|Sarah Te-Biasu|Saylor Poffenbarger|Shyanne Sellers",5,0,216,216,8,5,3
"2024-25","18367","Maryland","Allie Kubek|Kaylene Smikle|Sarah Te-Biasu|Saylor Poffenbarger|Shyanne Sellers",5,216,253,37,0,1,-1
"2024-25","18367","Northwestern","Caileigh Walsh|Caroline Lau|Casey Harter|Kyla Jones|Taylor Williams",5,0,264,264,6,8,-2
"2024-25","18367","Northwestern","Caileigh Walsh|Caroline Lau|Casey Harter|Melannie Daley|Taylor Williams",5,264,298,34,0,0,0
"2024-25","18367","Maryland","Allie Kubek|Emily Fisher|Kaylene Smikle|Sarah Te-Biasu|Saylor Poffenbarger",5,253,298,45,0,0,0
"2024-25","18367","Maryland","Allie Kubek|Emily Fisher|Mir McLean|Sarah Te-Biasu|Saylor Poffenbarger",5,298,342,44,2,2,0
"2024-25","18367","Maryland","Allie Kubek|Emily Fisher|Mir McLean|Saylor Poffenbarger|Shyanne Sellers",5,342,422,80,2,0,2
"2024-25","18367","Northwestern","Caroline Lau|Casey Harter|Grace Sullivan|Melannie Daley|Taylor Williams",5,298,441,143,2,4,-2
"2024-25","18367","Maryland","Emily Fisher|Kaylene Smikle|Mir McLean|Saylor Poffenbarger|Shyanne Sellers",5,422,490,68,1,4,-3
"2024-25","18367","Maryland","Emily Fisher|Kaylene Smikle|Mir McLean|Sarah Te-Biasu|Shyanne Sellers",5,490,520,30,2,0,2
"2024-25","18367","Maryland","Ava McKennie|Emily Fisher|Kaylene Smikle|Sarah Te-Biasu|Shyanne Sellers",5,520,589,69,5,2,3
"2024-25","18367","Northwestern","Caileigh Walsh|Caroline Lau|Casey Harter|Melannie Daley|Taylor Williams",5,441,600,159,7,10,-3
"2024-25","18367","Maryland","Emily Fisher|Kaylene Smikle|Sarah Te-Biasu|Saylor Poffenbarger|Shyanne Sellers",5,589,600,11,2,1,1
"2024-25","18367","Maryland","Christina Dalce|Kaylene Smikle|Sarah Te-Biasu|Saylor Poffenbarger|Shyanne Sellers",5,600,631,31,0,2,-2
"2024-25","18367","Northwestern","Caileigh Walsh|Caroline Lau|Grace Sullivan|Melannie Daley|Taylor Williams",5,600,644,44,3,2,1
"2024-25","18367","Northwestern","Caileigh Walsh|Caroline Lau|Kyla Jones|Melannie Daley|Taylor Williams",5,644,682,38,0,3,-3
"2024-25","18367","Northwestern","Caileigh Walsh|Casey Harter|Kyla Jones|Melannie Daley|Taylor Williams",5,682,852,170,4,6,-2
"2024-25","18367","Maryland","Kaylene Smikle|Mir McLean|Sarah Te-Biasu|Saylor Poffenbarger|Shyanne Sellers",5,631,852,221,11,5,6
"2024-25","18367","Northwestern","Caroline Lau|Casey Harter|Grace Sullivan|Melannie Daley|Taylor Williams",5,852,872,20,0,4,-4
"2024-25","18367","Maryland","Allie Kubek|Emily Fisher|Kaylene Smikle|Sarah Te-Biasu|Saylor Poffenbarger",5,852,896,44,4,0,4
"2024-25","18367","Maryland","Allie Kubek|Emily Fisher|Sarah Te-Biasu|Saylor Poffenbarger|Shyanne Sellers",5,896,967,71,4,4,0
"2024-25","18367","Northwestern","Caroline Lau|Casey Harter|Grace Sullivan|Melannie Daley|Tayla Thomas",5,872,997,125,6,6,0
"2024-25","18367","Maryland","Allie Kubek|Emily Fisher|Kaylene Smikle|Sarah Te-Biasu|Shyanne Sellers",5,967,1031,64,2,2,0
"2024-25","18367","Northwestern","Caileigh Walsh|Caroline Lau|Casey Harter|Melannie Daley|Tayla Thomas",5,997,1055,58,0,0,0
"2024-25","18367","Maryland","Allie Kubek|Emily Fisher|Kaylene Smikle|Sarah Te-Biasu|Saylor Poffenbarger",5,1031,1107,76,1,2,-1
"2024-25","18367","Northwestern","Caileigh Walsh|Caroline Lau|Casey Harter|Melannie Daley|Taylor Williams",5,1055,1144,89,2,1,1
"2024-25","18367","Northwestern","Caroline Lau|Casey Harter|Grace Sullivan|Melannie Daley|Taylor Williams",5,1144,1164,20,0,2,-2
"2024-25","18367","Northwestern","Caroline Lau|Casey Harter|Grace Sullivan|Melannie Daley|Tayla Thomas",5,1164,1184,20,0,0,0
"2024-25","18367","Maryland","Emily Fisher|Kaylene Smikle|Mir McLean|Sarah Te-Biasu|Saylor Poffenbarger",5,1107,1184,77,4,0,4
"2024-25","18367","Northwestern","Caroline Lau|Casey Harter|Kyla Jones|Melannie Daley|Tayla Thomas",5,1184,1200,16,0,2,-2
"2024-25","18367","Maryland","Ava McKennie|Emily Fisher|Mir McLean|Sarah Te-Biasu|Saylor Poffenbarger",5,1184,1200,16,0,0,0
"2024-25","18367","Maryland","Christina Dalce|Kaylene Smikle|Sarah Te-Biasu|Saylor Poffenbarger|Shyanne Sellers",5,1200,1382,182,5,4,1
"2024-25","18367","Maryland","Allie Kubek|Kaylene Smikle|Sarah Te-Biasu|Saylor Poffenbarger|Shyanne Sellers",5,1382,1442,60,0,4,-4
"2024-25","18367","Northwestern","Caileigh Walsh|Caroline Lau|Casey Harter|Melannie Daley|Taylor Williams",5,1200,1597,397,13,7,6
"2024-25","18367","Maryland","Kaylene Smikle|Mir McLean|Sarah Te-Biasu|Saylor Poffenbarger|Shyanne Sellers",5,1442,1597,155,2,5,-3
"2024-25","18367","Maryland","Emily Fisher|Kaylene Smikle|Mir McLean|Sarah Te-Biasu|Shyanne Sellers",5,1597,1673,76,3,2,1
"2024-25","18367","Maryland","Allie Kubek|Emily Fisher|Kaylene Smikle|Sarah Te-Biasu|Shyanne Sellers",5,1673,1764,91,5,4,1
"2024-25","18367","Maryland","Emily Fisher|Kaylene Smikle|Mir McLean|Sarah Te-Biasu|Shyanne Sellers",5,1764,1800,36,0,4,-4
"2024-25","18367","Maryland","Allie Kubek|Emily Fisher|Kaylene Smikle|Sarah Te-Biasu|Shyanne Sellers",5,1800,1875,75,2,0,2
"2024-25","18367","Northwestern","Caroline Lau|Casey Harter|Grace Sullivan|Melannie Daley|Taylor Williams",5,1597,1895,298,11,10,1
"2024-25","18367","Maryland","Allie Kubek|Emily Fisher|Mir McLean|Sarah Te-Biasu|Shyanne Sellers",5,1875,1908,33,0,1,-1
"2024-25","18367","Maryland","Allie Kubek|Ava McKennie|Emily Fisher|Sarah Te-Biasu|Shyanne Sellers",5,1908,1937,29,0,0,0
"2024-25","18367","Northwestern","Caileigh Walsh|Caroline Lau|Casey Harter|Melannie Daley|Taylor Williams",5,1895,2026,131,1,2,-1
"2024-25","18367","Northwestern","Caroline Lau|Casey Harter|Grace Sullivan|Melannie Daley|Taylor Williams",5,2026,2028,2,0,0,0
"2024-25","18367","Maryland","Allie Kubek|Christina Dalce|Emily Fisher|Sarah Te-Biasu|Shyanne Sellers",5,1937,2050,113,2,3,-1
"2024-25","18367","Northwestern","Caroline Lau|Casey Harter|Grace Sullivan|Melannie Daley|Tayla Thomas",5,2028,2112,84,6,5,1
"2024-25","18367","Maryland","Amari DeBerry|Christina Dalce|Emily Fisher|Sarah Te-Biasu|Shyanne Sellers",5,2050,2112,62,5,4,1
"2024-25","18367","Maryland","Amari DeBerry|Christina Dalce|Emily Fisher|Kaylene Smikle|Sarah Te-Biasu",5,2112,2140,28,0,5,-5
"2024-25","18367","Northwestern","Caroline Lau|Casey Harter|Grace Sullivan|Melannie Daley|Taylor Williams",5,2112,2214,102,11,4,7
"2024-25","18367","Northwestern","Caileigh Walsh|Caroline Lau|Casey Harter|Melannie Daley|Taylor Williams",5,2214,2304,90,1,3,-2
"2024-25","18367","Maryland","Amari DeBerry|Christina Dalce|Kaylene Smikle|Sarah Te-Biasu|Shyanne Sellers",5,2140,2304,164,7,7,0
"2024-25","18367","Northwestern","Caroline Lau|Casey Harter|Grace Sullivan|Melannie Daley|Taylor Williams",5,2304,2369,65,3,3,0
"2024-25","18367","Northwestern","Caroline Lau|Casey Harter|Melannie Daley|Taylor Williams|Xamiya Walton",5,2369,2373,4,0,2,-2
"2024-25","18367","Northwestern","Caileigh Walsh|Caroline Lau|Casey Harter|Melannie Daley|Xamiya Walton",5,2373,2382,9,3,0,3
"2024-25","18367","Northwestern","Caroline Lau|Casey Harter|Melannie Daley|Taylor Williams|Xamiya Walton",5,2382,2384,2,0,1,-1
"2024-25","18367","Northwestern","Caileigh Walsh|Caroline Lau|Casey Harter|Melannie Daley|Xamiya Walton",5,2384,2400,16,0,0,0
"2024-25","18367","Maryland","Christina Dalce|Emily Fisher|Kaylene Smikle|Sarah Te-Biasu|Shyanne Sellers",5,2304,2400,96,6,6,0
"2024-25","18368","Maryland","Allie Kubek|Christina Dalce|Kaylene Smikle|Sarah Te-Biasu|Shyanne Sellers",5,0,188,188,0,6,-6
"2024-25","18368","Indiana","Chloe Moore-McNeil|Karoline Striplin|Shay Ciezki|Sydney Parrish|Yarden Garzon",5,0,196,196,6,0,6
"2024-25","18368","Indiana","Lexus Bargesser|Lilly Meister|Shay Ciezki|Sydney Parrish|Yarden Garzon",5,196,239,43,0,3,-3
"2024-25","18368","Maryland","Allie Kubek|Christina Dalce|Kaylene Smikle|Mir McLean|Sarah Te-Biasu",5,188,269,81,3,0,3
"2024-25","18368","Indiana","Chloe Moore-McNeil|Julianna LaMendola|Lexus Bargesser|Lilly Meister|Yarden Garzon",5,239,365,126,0,4,-4
"2024-25","18368","Maryland","Amari DeBerry|Christina Dalce|Kaylene Smikle|Mir McLean|Shyanne Sellers",5,269,365,96,4,0,4
"2024-25","18368","Indiana","Chloe Moore-McNeil|Julianna LaMendola|Karoline Striplin|Lexus Bargesser|Shay Ciezki",5,365,494,129,5,2,3
"2024-25","18368","Maryland","Amari DeBerry|Christina Dalce|Mir McLean|Sarah Te-Biasu|Shyanne Sellers",5,365,494,129,2,5,-3
"2024-25","18368","Indiana","Chloe Moore-McNeil|Julianna LaMendola|Karoline Striplin|Shay Ciezki|Yarden Garzon",5,494,600,106,3,5,-2
"2024-25","18368","Indiana","Karoline Striplin|Lexus Bargesser|Shay Ciezki|Sydney Parrish|Yarden Garzon",5,600,694,94,0,2,-2
"2024-25","18368","Indiana","Chloe Moore-McNeil|Henna Sandvik|Karoline Striplin|Shay Ciezki|Sydney Parrish",5,694,859,165,4,2,2
"2024-25","18368","Maryland","Allie Kubek|Christina Dalce|Kaylene Smikle|Sarah Te-Biasu|Shyanne Sellers",5,494,859,365,9,7,2
"2024-25","18368","Indiana","Chloe Moore-McNeil|Henna Sandvik|Julianna LaMendola|Karoline Striplin|Shay Ciezki",5,859,938,79,0,6,-6
"2024-25","18368","Indiana","Chloe Moore-McNeil|Julianna LaMendola|Karoline Striplin|Shay Ciezki|Yarden Garzon",5,938,1080,142,0,6,-6
"2024-25","18368","Maryland","Amari DeBerry|Emily Fisher|Kaylene Smikle|Mir McLean|Sarah Te-Biasu",5,859,1080,221,12,0,12
"2024-25","18368","Maryland","Christina Dalce|Kaylene Smikle|Mir McLean|Sarah Te-Biasu|Shyanne Sellers",5,1080,1149,69,0,2,-2
"2024-25","18368","Indiana","Chloe Moore-McNeil|Lilly Meister|Shay Ciezki|Sydney Parrish|Yarden Garzon",5,1080,1200,120,2,0,2
"2024-25","18368","Indiana","Chloe Moore-McNeil|Karoline Striplin|Shay Ciezki|Sydney Parrish|Yarden Garzon",5,1200,1371,171,4,6,-2
"2024-25","18368","Maryland","Allie Kubek|Christina Dalce|Kaylene Smikle|Sarah Te-Biasu|Shyanne Sellers",5,1149,1401,252,6,6,0
"2024-25","18368","Indiana","Chloe Moore-McNeil|Julianna LaMendola|Karoline Striplin|Shay Ciezki|Yarden Garzon",5,1371,1457,86,5,0,5
"2024-25","18368","Maryland","Allie Kubek|Christina Dalce|Kaylene Smikle|Mir McLean|Sarah Te-Biasu",5,1401,1522,121,3,5,-2
"2024-25","18368","Indiana","Chloe Moore-McNeil|Julianna LaMendola|Lilly Meister|Shay Ciezki|Yarden Garzon",5,1457,1587,130,2,3,-1
"2024-25","18368","Maryland","Amari DeBerry|Christina Dalce|Kaylene Smikle|Mir McLean|Sarah Te-Biasu",5,1522,1587,65,0,0,0
"2024-25","18368","Indiana","Chloe Moore-McNeil|Julianna LaMendola|Karoline Striplin|Shay Ciezki|Yarden Garzon",5,1587,1634,47,6,0,6
"2024-25","18368","Maryland","Amari DeBerry|Christina Dalce|Emily Fisher|Kaylene Smikle|Sarah Te-Biasu",5,1587,1634,47,0,6,-6
"2024-25","18368","Maryland","Allie Kubek|Emily Fisher|Kaylene Smikle|Sarah Te-Biasu|Shyanne Sellers",5,1634,1793,159,6,2,4
"2024-25","18368","Maryland","Amari DeBerry|Emily Fisher|Kaylene Smikle|Mir McLean|Sarah Te-Biasu",5,1793,1800,7,1,0,1
"2024-25","18368","Indiana","Chloe Moore-McNeil|Karoline Striplin|Shay Ciezki|Sydney Parrish|Yarden Garzon",5,1634,1875,241,5,15,-10
"2024-25","18368","Maryland","Allie Kubek|Emily Fisher|Mir McLean|Sarah Te-Biasu|Shyanne Sellers",5,1800,1923,123,8,3,5
"2024-25","18368","Indiana","Henna Sandvik|Karoline Striplin|Shay Ciezki|Sydney Parrish|Yarden Garzon",5,1875,2003,128,2,0,2
"2024-25","18368","Maryland","Allie Kubek|Kaylene Smikle|Mir McLean|Sarah Te-Biasu|Shyanne Sellers",5,1923,2087,164,5,9,-4
"2024-25","18368","Indiana","Chloe Moore-McNeil|Karoline Striplin|Shay Ciezki|Sydney Parrish|Yarden Garzon",5,2003,2372,369,14,16,-2
"2024-25","18368","Maryland","Allie Kubek|Christina Dalce|Kaylene Smikle|Sarah Te-Biasu|Shyanne Sellers",5,2087,2372,285,11,7,4
"2024-25","18368","Maryland","Allie Kubek|Kaylene Smikle|Mir McLean|Sarah Te-Biasu|Shyanne Sellers",5,2372,2374,2,2,0,2
"2024-25","18368","Indiana","Chloe Moore-McNeil|Lilly Meister|Shay Ciezki|Sydney Parrish|Yarden Garzon",5,2372,2374,2,0,2,-2
"2024-25","18368","Indiana","Chloe Moore-McNeil|Karoline Striplin|Shay Ciezki|Sydney Parrish|Yarden Garzon",5,2374,2400,26,2,2,0
"2024-25","18368","Maryland","Allie Kubek|Christina Dalce|Kaylene Smikle|Sarah Te-Biasu|Shyanne Sellers",5,2374,2400,26,2,2,0
"2024-25","18369","Maryland","Allie Kubek|Christina Dalce|Kaylene Smikle|Sarah Te-Biasu|Shyanne Sellers",5,0,162,162,8,6,2
"2024-25","18369","Ohio St.","Ajae Petty|Chance Gray|Cotie McMahon|Jaloni Cambridge|Taylor Thierry",5,0,226,226,9,12,-3
"2024-25","18369","Ohio St.","Ajae Petty|Chance Gray|Jaloni Cambridge|Madison Greene|Taylor Thierry",5,226,245,19,0,0,0
"2024-25","18369","Maryland","Allie Kubek|Kaylene Smikle|Mir McLean|Sarah Te-Biasu|Shyanne Sellers",5,162,245,83,6,3,3
"2024-25","18369","Ohio St.","Ajae Petty|Jaloni Cambridge|Kennedy Cambridge|Madison Greene|Taylor Thierry",5,245,338,93,3,2,1
"2024-25","18369","Maryland","Allie Kubek|Christina Dalce|Mir McLean|Sarah Te-Biasu|Shyanne Sellers",5,245,338,93,2,3,-1
"2024-25","18369","Maryland","Allie Kubek|Christina Dalce|Kaylene Smikle|Mir McLean|Sarah Te-Biasu",5,338,400,62,0,0,0
"2024-25","18369","Maryland","Amari DeBerry|Kaylene Smikle|Mir McLean|Sarah Te-Biasu|Shyanne Sellers",5,400,468,68,4,2,2
"2024-25","18369","Ohio St.","Elsa LemmilÃ¤|Jaloni Cambridge|Kennedy Cambridge|Madison Greene|Taylor Thierry",5,338,468,130,2,6,-4
"2024-25","18369","Ohio St.","Ajae Petty|Jaloni Cambridge|Kennedy Cambridge|Madison Greene|Taylor Thierry",5,468,565,97,3,2,1
"2024-25","18369","Maryland","Amari DeBerry|Emily Fisher|Kaylene Smikle|Mir McLean|Shyanne Sellers",5,468,600,132,4,3,1
"2024-25","18369","Ohio St.","Ajae Petty|Eboni Walker|Kennedy Cambridge|Madison Greene|Taylor Thierry",5,565,600,35,0,2,-2
"2024-25","18369","Maryland","Allie Kubek|Emily Fisher|Kaylene Smikle|Mir McLean|Shyanne Sellers",5,600,729,129,2,6,-4
"2024-25","18369","Maryland","Allie Kubek|Emily Fisher|Kaylene Smikle|Sarah Te-Biasu|Shyanne Sellers",5,729,843,114,3,4,-1
"2024-25","18369","Ohio St.","Ajae Petty|Cotie McMahon|Jaloni Cambridge|Kennedy Cambridge|Taylor Thierry",5,600,843,243,10,5,5
"2024-25","18369","Ohio St.","Chance Gray|Elsa LemmilÃ¤|Jaloni Cambridge|Madison Greene|Taylor Thierry",5,843,895,52,1,0,1
"2024-25","18369","Maryland","Amari DeBerry|Christina Dalce|Mir McLean|Sarah Te-Biasu|Shyanne Sellers",5,843,997,154,3,6,-3
"2024-25","18369","Maryland","Allie Kubek|Christina Dalce|Emily Fisher|Kaylene Smikle|Sarah Te-Biasu",5,997,1090,93,2,5,-3
"2024-25","18369","Ohio St.","Chance Gray|Elsa LemmilÃ¤|Kennedy Cambridge|Madison Greene|Taylor Thierry",5,895,1200,305,10,8,2
"2024-25","18369","Ohio St.","Ajae Petty|Chance Gray|Cotie McMahon|Jaloni Cambridge|Taylor Thierry",5,1200,1281,81,3,3,0
"2024-25","18369","Maryland","Allie Kubek|Christina Dalce|Kaylene Smikle|Sarah Te-Biasu|Shyanne Sellers",5,1090,1361,271,10,5,5
"2024-25","18369","Ohio St.","Ajae Petty|Chance Gray|Cotie McMahon|Madison Greene|Taylor Thierry",5,1281,1403,122,4,6,-2
"2024-25","18369","Maryland","Allie Kubek|Christina Dalce|Kaylene Smikle|Mir McLean|Sarah Te-Biasu",5,1361,1425,64,2,2,0
"2024-25","18369","Maryland","Allie Kubek|Emily Fisher|Kaylene Smikle|Mir McLean|Sarah Te-Biasu",5,1425,1492,67,3,1,2
"2024-25","18369","Maryland","Allie Kubek|Emily Fisher|Mir McLean|Sarah Te-Biasu|Shyanne Sellers",5,1492,1518,26,0,0,0
"2024-25","18369","Ohio St.","Ajae Petty|Cotie McMahon|Kennedy Cambridge|Madison Greene|Taylor Thierry",5,1403,1585,182,5,5,0
"2024-25","18369","Ohio St.","Cotie McMahon|Elsa LemmilÃ¤|Kennedy Cambridge|Madison Greene|Taylor Thierry",5,1585,1656,71,0,3,-3
"2024-25","18369","Maryland","Allie Kubek|Christina Dalce|Emily Fisher|Sarah Te-Biasu|Shyanne Sellers",5,1518,1682,164,7,6,1
"2024-25","18369","Maryland","Allie Kubek|Christina Dalce|Emily Fisher|Kaylene Smikle|Sarah Te-Biasu",5,1682,1722,40,0,0,0
"2024-25","18369","Ohio St.","Chance Gray|Elsa LemmilÃ¤|Kennedy Cambridge|Madison Greene|Taylor Thierry",5,1656,1800,144,7,4,3
"2024-25","18369","Ohio St.","Ajae Petty|Chance Gray|Cotie McMahon|Jaloni Cambridge|Taylor Thierry",5,1800,1886,86,2,4,-2
"2024-25","18369","Ohio St.","Ajae Petty|Chance Gray|Cotie McMahon|Jaloni Cambridge|Kennedy Cambridge",5,1886,1954,68,2,3,-1
"2024-25","18369","Ohio St.","Ajae Petty|Chance Gray|Cotie McMahon|Kennedy Cambridge|Madison Greene",5,1954,2020,66,0,5,-5
"2024-25","18369","Maryland","Allie Kubek|Emily Fisher|Kaylene Smikle|Sarah Te-Biasu|Shyanne Sellers",5,1722,2156,434,14,15,-1
"2024-25","18369","Maryland","Allie Kubek|Christina Dalce|Emily Fisher|Kaylene Smikle|Sarah Te-Biasu",5,2156,2167,11,0,0,0
"2024-25","18369","Ohio St.","Ajae Petty|Cotie McMahon|Kennedy Cambridge|Madison Greene|Taylor Thierry",5,2020,2222,202,11,2,9
"2024-25","18369","Maryland","Allie Kubek|Christina Dalce|Kaylene Smikle|Mir McLean|Sarah Te-Biasu",5,2167,2222,55,2,5,-3
"2024-25","18369","Maryland","Allie Kubek|Christina Dalce|Kaylene Smikle|Sarah Te-Biasu|Shyanne Sellers",5,2222,2240,18,0,0,0
"2024-25","18369","Ohio St.","Ajae Petty|Chance Gray|Cotie McMahon|Madison Greene|Taylor Thierry",5,2222,2322,100,2,4,-2
"2024-25","18369","Maryland","Allie Kubek|Emily Fisher|Kaylene Smikle|Sarah Te-Biasu|Shyanne Sellers",5,2240,2624,384,15,15,0
"2024-25","18369","Maryland","Allie Kubek|Emily Fisher|Kaylene Smikle|Mir McLean|Sarah Te-Biasu",5,2624,2667,43,0,0,0
"2024-25","18369","Ohio St.","Ajae Petty|Cotie McMahon|Kennedy Cambridge|Madison Greene|Taylor Thierry",5,2322,2686,364,14,13,1
"2024-25","18369","Maryland","Allie Kubek|Kaylene Smikle|Mir McLean|Sarah Te-Biasu|Shyanne Sellers",5,2667,2700,33,6,3,3
"2024-25","18369","Ohio St.","Ajae Petty|Chance Gray|Kennedy Cambridge|Madison Greene|Taylor Thierry",5,2686,2700,14,2,4,-2
"2024-25","18370","Maryland","Allie Kubek|Christina Dalce|Kaylene Smikle|Sarah Te-Biasu|Shyanne Sellers",5,0,56,56,0,2,-2
"2024-25","18370","Maryland","Allie Kubek|Kaylene Smikle|Sarah Te-Biasu|Saylor Poffenbarger|Shyanne Sellers",5,56,174,118,4,4,0
"2024-25","18370","Maryland","Allie Kubek|Kaylene Smikle|Mir McLean|Sarah Te-Biasu|Shyanne Sellers",5,174,286,112,2,9,-7
"2024-25","18370","Michigan","Greta Kampschroeder|Jordan Hobbs|Mila Holloway|Olivia Olson|Syla Swords",5,0,286,286,15,6,9
"2024-25","18370","Maryland","Amari DeBerry|Kaylene Smikle|Mir McLean|Sarah Te-Biasu|Saylor Poffenbarger",5,286,359,73,0,3,-3
"2024-25","18370","Michigan","Jordan Hobbs|Mila Holloway|Olivia Olson|Syla Swords|Yulia Grabovskaia",5,286,388,102,5,0,5
"2024-25","18370","Maryland","Amari DeBerry|Mir McLean|Sarah Te-Biasu|Saylor Poffenbarger|Shyanne Sellers",5,359,388,29,0,2,-2
"2024-25","18370","Michigan","Brooke Q. Daniels|Jordan Hobbs|Olivia Olson|Syla Swords|Yulia Grabovskaia",5,388,472,84,0,0,0
"2024-25","18370","Michigan","Brooke Q. Daniels|Greta Kampschroeder|Mila Holloway|Syla Swords|Yulia Grabovskaia",5,472,515,43,2,0,2
"2024-25","18370","Maryland","Allie Kubek|Kaylene Smikle|Mir McLean|Sarah Te-Biasu|Shyanne Sellers",5,388,600,212,0,7,-7
"2024-25","18370","Michigan","Brooke Q. Daniels|Greta Kampschroeder|Olivia Olson|Syla Swords|Yulia Grabovskaia",5,515,600,85,5,0,5
"2024-25","18370","Michigan","Brooke Q. Daniels|Greta Kampschroeder|Jordan Hobbs|Olivia Olson|Syla Swords",5,600,703,103,2,0,2
"2024-25","18370","Maryland","Allie Kubek|Christina Dalce|Emily Fisher|Kaylene Smikle|Sarah Te-Biasu",5,600,791,191,7,6,1
"2024-25","18370","Michigan","Greta Kampschroeder|Jordan Hobbs|Mila Holloway|Olivia Olson|Syla Swords",5,703,791,88,4,7,-3
"2024-25","18370","Michigan","Brooke Q. Daniels|Jordan Hobbs|Olivia Olson|Syla Swords|Yulia Grabovskaia",5,791,856,65,0,3,-3
"2024-25","18370","Maryland","Christina Dalce|Kaylene Smikle|Mir McLean|Sarah Te-Biasu|Shyanne Sellers",5,791,875,84,5,0,5
"2024-25","18370","Michigan","Alyssa Crockett|Brooke Q. Daniels|Olivia Olson|Syla Swords|Yulia Grabovskaia",5,856,906,50,0,2,-2
"2024-25","18370","Michigan","Alyssa Crockett|Brooke Q. Daniels|Mila Holloway|Syla Swords|Yulia Grabovskaia",5,906,932,26,0,5,-5
"2024-25","18370","Maryland","Ava McKennie|Christina Dalce|Mir McLean|Sarah Te-Biasu|Shyanne Sellers",5,875,1033,158,9,2,7
"2024-25","18370","Michigan","Brooke Q. Daniels|Greta Kampschroeder|Jordan Hobbs|Mila Holloway|Syla Swords",5,932,1044,112,3,4,-1
"2024-25","18370","Michigan","Brooke Q. Daniels|Greta Kampschroeder|Jordan Hobbs|Olivia Olson|Syla Swords",5,1044,1099,55,0,5,-5
"2024-25","18370","Maryland","Ava McKennie|Christina Dalce|Mir McLean|Sarah Te-Biasu|Saylor Poffenbarger",5,1033,1200,167,10,6,4
"2024-25","18370","Michigan","Greta Kampschroeder|Jordan Hobbs|Olivia Olson|Syla Swords|Te'Yala Delfosse",5,1099,1200,101,5,5,0
"2024-25","18370","Michigan","Brooke Q. Daniels|Greta Kampschroeder|Jordan Hobbs|Olivia Olson|Syla Swords",5,1200,1313,113,6,5,1
"2024-25","18370","Maryland","Christina Dalce|Kaylene Smikle|Mir McLean|Sarah Te-Biasu|Shyanne Sellers",5,1200,1341,141,7,6,1
"2024-25","18370","Michigan","Brooke Q. Daniels|Jordan Hobbs|Olivia Olson|Syla Swords|Yulia Grabovskaia",5,1313,1341,28,0,2,-2
"2024-25","18370","Maryland","Allie Kubek|Christina Dalce|Mir McLean|Sarah Te-Biasu|Shyanne Sellers",5,1341,1405,64,0,3,-3
"2024-25","18370","Michigan","Jordan Hobbs|Mila Holloway|Olivia Olson|Syla Swords|Yulia Grabovskaia",5,1341,1405,64,3,0,3
"2024-25","18370","Maryland","Ava McKennie|Christina Dalce|Mir McLean|Sarah Te-Biasu|Saylor Poffenbarger",5,1405,1551,146,3,9,-6
"2024-25","18370","Maryland","Ava McKennie|Christina Dalce|Kaylene Smikle|Sarah Te-Biasu|Shyanne Sellers",5,1551,1634,83,0,0,0
"2024-25","18370","Michigan","Brooke Q. Daniels|Jordan Hobbs|Olivia Olson|Syla Swords|Yulia Grabovskaia",5,1405,1634,229,9,3,6
"2024-25","18370","Maryland","Christina Dalce|Kaylene Smikle|Mir McLean|Sarah Te-Biasu|Shyanne Sellers",5,1634,1676,42,0,2,-2
"2024-25","18370","Maryland","Ava McKennie|Christina Dalce|Mir McLean|Sarah Te-Biasu|Shyanne Sellers",5,1676,1716,40,0,2,-2
"2024-25","18370","Michigan","Brooke Q. Daniels|Jordan Hobbs|Syla Swords|Te'Yala Delfosse|Yulia Grabovskaia",5,1634,1746,112,6,0,6
"2024-25","18370","Michigan","Brooke Q. Daniels|Jordan Hobbs|Olivia Olson|Te'Yala Delfosse|Yulia Grabovskaia",5,1746,1764,18,2,0,2
"2024-25","18370","Michigan","Brooke Q. Daniels|Greta Kampschroeder|Olivia Olson|Te'Yala Delfosse|Yulia Grabovskaia",5,1764,1800,36,2,2,0
"2024-25","18370","Michigan","Greta Kampschroeder|Jordan Hobbs|Mila Holloway|Olivia Olson|Syla Swords",5,1800,1915,115,5,5,0
"2024-25","18370","Maryland","Ava McKennie|Christina Dalce|Emily Fisher|Mir McLean|Sarah Te-Biasu",5,1716,1915,199,7,11,-4
"2024-25","18370","Michigan","Greta Kampschroeder|Mila Holloway|Olivia Olson|Syla Swords|Yulia Grabovskaia",5,1915,1946,31,2,0,2
"2024-25","18370","Maryland","Amari DeBerry|Christina Dalce|Emily Fisher|Mir McLean|Sarah Te-Biasu",5,1915,1959,44,0,5,-5
"2024-25","18370","Michigan","Brooke Q. Daniels|Mila Holloway|Olivia Olson|Syla Swords|Yulia Grabovskaia",5,1946,2081,135,8,3,5
"2024-25","18370","Maryland","Amari DeBerry|Christina Dalce|Kaylene Smikle|Mir McLean|Sarah Te-Biasu",5,1959,2108,149,5,10,-5
"2024-25","18370","Michigan","Brooke Q. Daniels|Macy Brown|Mila Holloway|Olivia Olson|Yulia Grabovskaia",5,2081,2218,137,7,8,-1
"2024-25","18370","Michigan","Ally VanTimmeren|Brooke Q. Daniels|Macy Brown|Mila Holloway|Olivia Olson",5,2218,2240,22,3,0,3
"2024-25","18370","Michigan","Ally VanTimmeren|Brooke Q. Daniels|Macy Brown|Mila Holloway|Te'Yala Delfosse",5,2240,2249,9,0,0,0
"2024-25","18370","Maryland","Amari DeBerry|Ava McKennie|Christina Dalce|Kaylene Smikle|Sarah Te-Biasu",5,2108,2257,149,7,5,2
"2024-25","18370","Maryland","Amari DeBerry|Ava McKennie|Christina Dalce|Mir McLean|Sarah Te-Biasu",5,2257,2267,10,0,1,-1
"2024-25","18370","Michigan","Ally VanTimmeren|Alyssa Crockett|Macy Brown|Mila Holloway|Te'Yala Delfosse",5,2249,2358,109,4,3,1
"2024-25","18370","Maryland","Ava McKennie|Christina Dalce|Emily Fisher|Mir McLean|Sarah Te-Biasu",5,2267,2400,133,5,3,2
"2024-25","18370","Michigan","Aaiyanna Dunbar|Ally VanTimmeren|Alyssa Crockett|Macy Brown|Te'Yala Delfosse",5,2358,2400,42,0,3,-3
"2024-25","18371","Norfolk St.","Anjanae Richardson|Diamond Johnson|Kierra Wheeler|Makoye Diawara|Niya Fields",5,0,225,225,7,4,3
"2024-25","18371","Maryland","Allie Kubek|Christina Dalce|Kaylene Smikle|Sarah Te-Biasu|Shyanne Sellers",5,0,241,241,4,7,-3
"2024-25","18371","Maryland","Allie Kubek|Christina Dalce|Mir McLean|Sarah Te-Biasu|Shyanne Sellers",5,241,312,71,4,3,1
"2024-25","18371","Norfolk St.","Da'Brya Clark|Diamond Johnson|Kierra Wheeler|Makoye Diawara|Niya Fields",5,225,312,87,3,4,-1
"2024-25","18371","Maryland","Christina Dalce|Kaylene Smikle|Mir McLean|Sarah Te-Biasu|Saylor Poffenbarger",5,312,408,96,0,2,-2
"2024-25","18371","Norfolk St.","Anjanae Richardson|Da'Brya Clark|Diamond Johnson|Kierra Wheeler|Makoye Diawara",5,312,408,96,2,0,2
"2024-25","18371","Maryland","Christina Dalce|Mir McLean|Sarah Te-Biasu|Saylor Poffenbarger|Shyanne Sellers",5,408,446,38,3,0,3
"2024-25","18371","Norfolk St.","Anjanae Richardson|Da'Brya Clark|Danaijah Williams|Diamond Johnson|Kierra Wheeler",5,408,476,68,0,3,-3
"2024-25","18371","Maryland","Allie Kubek|Mir McLean|Sarah Te-Biasu|Saylor Poffenbarger|Shyanne Sellers",5,446,536,90,2,0,2
"2024-25","18371","Norfolk St.","Anjanae Richardson|Da'Brya Clark|Diamond Johnson|Kierra Wheeler|Skye Robinson",5,476,536,60,0,2,-2
"2024-25","18371","Norfolk St.","Anjanae Richardson|Diamond Johnson|Makoye Diawara|Niya Fields|Skye Robinson",5,536,600,64,0,5,-5
"2024-25","18371","Maryland","Allie Kubek|Kaylene Smikle|Mir McLean|Sarah Te-Biasu|Shyanne Sellers",5,536,744,208,7,5,2
"2024-25","18371","Norfolk St.","Da'Brya Clark|Diamond Johnson|Makoye Diawara|Niya Fields|Skye Robinson",5,600,744,144,5,2,3
"2024-25","18371","Maryland","Allie Kubek|Christina Dalce|Kaylene Smikle|Sarah Te-Biasu|Shyanne Sellers",5,744,819,75,0,2,-2
"2024-25","18371","Norfolk St.","Anjanae Richardson|Da'Brya Clark|Diamond Johnson|Kierra Wheeler|Makoye Diawara",5,744,874,130,4,0,4
"2024-25","18371","Norfolk St.","Da'Brya Clark|Diamond Johnson|Kierra Wheeler|Makoye Diawara|Niya Fields",5,874,1042,168,6,4,2
"2024-25","18371","Maryland","Allie Kubek|Kaylene Smikle|Sarah Te-Biasu|Saylor Poffenbarger|Shyanne Sellers",5,819,1042,223,4,8,-4
"2024-25","18371","Maryland","Allie Kubek|Kaylene Smikle|Mir McLean|Sarah Te-Biasu|Saylor Poffenbarger",5,1042,1122,80,2,2,0
"2024-25","18371","Norfolk St.","Anjanae Richardson|Da'Brya Clark|Diamond Johnson|Kierra Wheeler|Makoye Diawara",5,1042,1122,80,2,2,0
"2024-25","18371","Norfolk St.","Anjanae Richardson|Da'Brya Clark|Diamond Johnson|Makoye Diawara|Skye Robinson",5,1122,1173,51,3,4,-1
"2024-25","18371","Norfolk St.","Da'Brya Clark|Diamond Johnson|Makoye Diawara|Niya Fields|Skye Robinson",5,1173,1179,6,0,0,0
"2024-25","18371","Maryland","Allie Kubek|Kaylene Smikle|Mir McLean|Sarah Te-Biasu|Shyanne Sellers",5,1122,1200,78,4,3,1
"2024-25","18371","Norfolk St.","Da'Brya Clark|Danaijah Williams|Makoye Diawara|Niya Fields|Skye Robinson",5,1179,1200,21,0,0,0
"2024-25","18371","Norfolk St.","Anjanae Richardson|Diamond Johnson|Kierra Wheeler|Makoye Diawara|Niya Fields",5,1200,1317,117,3,8,-5
"2024-25","18371","Norfolk St.","Anjanae Richardson|Danaijah Williams|Diamond Johnson|Kierra Wheeler|Niya Fields",5,1317,1462,145,6,6,0
"2024-25","18371","Maryland","Allie Kubek|Christina Dalce|Kaylene Smikle|Sarah Te-Biasu|Shyanne Sellers",5,1200,1600,400,21,13,8
"2024-25","18371","Norfolk St.","Anjanae Richardson|Da'Brya Clark|Diamond Johnson|Kierra Wheeler|Niya Fields",5,1462,1675,213,6,12,-6
"2024-25","18371","Norfolk St.","Da'Brya Clark|Diamond Johnson|Kierra Wheeler|Makoye Diawara|Niya Fields",5,1675,1732,57,3,4,-1
"2024-25","18371","Norfolk St.","Da'Brya Clark|Diamond Johnson|Kierra Wheeler|Niya Fields|Skye Robinson",5,1732,1800,68,2,0,2
"2024-25","18371","Maryland","Allie Kubek|Kaylene Smikle|Mir McLean|Sarah Te-Biasu|Shyanne Sellers",5,1600,1800,200,9,7,2
"2024-25","18371","Norfolk St.","Anjanae Richardson|Da'Brya Clark|Kierra Wheeler|Niya Fields|Skye Robinson",5,1800,1884,84,4,0,4
"2024-25","18371","Maryland","Allie Kubek|Christina Dalce|Kaylene Smikle|Sarah Te-Biasu|Shyanne Sellers",5,1800,1953,153,3,6,-3
"2024-25","18371","Norfolk St.","Anjanae Richardson|Da'Brya Clark|Diamond Johnson|Kierra Wheeler|Skye Robinson",5,1884,1953,69,2,3,-1
"2024-25","18371","Norfolk St.","Anjanae Richardson|Diamond Johnson|Kierra Wheeler|Makoye Diawara|Niya Fields",5,1953,2010,57,0,3,-3
"2024-25","18371","Norfolk St.","Da'Brya Clark|Diamond Johnson|Kierra Wheeler|Makoye Diawara|Niya Fields",5,2010,2079,69,0,6,-6
"2024-25","18371","Maryland","Allie Kubek|Kaylene Smikle|Mir McLean|Sarah Te-Biasu|Shyanne Sellers",5,1953,2129,176,9,3,6
"2024-25","18371","Maryland","Allie Kubek|Christina Dalce|Kaylene Smikle|Mir McLean|Shyanne Sellers",5,2129,2215,86,2,4,-2
"2024-25","18371","Maryland","Allie Kubek|Kaylene Smikle|Mir McLean|Sarah Te-Biasu|Shyanne Sellers",5,2215,2332,117,6,2,4
"2024-25","18371","Maryland","Allie Kubek|Emily Fisher|Kaylene Smikle|Mir McLean|Sarah Te-Biasu",5,2332,2400,68,2,2,0
"2024-25","18371","Norfolk St.","Anjanae Richardson|Da'Brya Clark|Diamond Johnson|Kierra Wheeler|Makoye Diawara",5,2079,2400,321,11,10,1
"2024-25","18372","South Carolina","Bree Hall|Chloe Kitts|Raven Johnson|Sania Feagin|Te-Hina Paopao",5,0,244,244,4,4,0
"2024-25","18372","Maryland","Allie Kubek|Christina Dalce|Kaylene Smikle|Sarah Te-Biasu|Shyanne Sellers",5,0,244,244,4,4,0
"2024-25","18372","Maryland","Allie Kubek|Kaylene Smikle|Sarah Te-Biasu|Saylor Poffenbarger|Shyanne Sellers",5,244,303,59,0,4,-4
"2024-25","18372","South Carolina","Bree Hall|Chloe Kitts|Joyce Edwards|MiLaysia Fulwiley|Raven Johnson",5,244,378,134,6,2,4
"2024-25","18372","South Carolina","Chloe Kitts|Joyce Edwards|MiLaysia Fulwiley|Raven Johnson|Tessa Johnson",5,378,419,41,0,2,-2
"2024-25","18372","Maryland","Allie Kubek|Mir McLean|Sarah Te-Biasu|Saylor Poffenbarger|Shyanne Sellers",5,303,419,116,4,2,2
"2024-25","18372","South Carolina","Chloe Kitts|Joyce Edwards|MiLaysia Fulwiley|Te-Hina Paopao|Tessa Johnson",5,419,530,111,5,4,1
"2024-25","18372","Maryland","Allie Kubek|Kaylene Smikle|Mir McLean|Sarah Te-Biasu|Saylor Poffenbarger",5,419,530,111,4,5,-1
"2024-25","18372","South Carolina","Joyce Edwards|MiLaysia Fulwiley|Raven Johnson|Sania Feagin|Tessa Johnson",5,530,580,50,2,4,-2
"2024-25","18372","South Carolina","Bree Hall|Joyce Edwards|MiLaysia Fulwiley|Raven Johnson|Sania Feagin",5,580,600,20,0,0,0
"2024-25","18372","Maryland","Amari DeBerry|Kaylene Smikle|Mir McLean|Saylor Poffenbarger|Shyanne Sellers",5,530,600,70,4,2,2
"2024-25","18372","South Carolina","Bree Hall|Joyce Edwards|Raven Johnson|Sania Feagin|Tessa Johnson",5,600,666,66,2,0,2
"2024-25","18372","Maryland","Christina Dalce|Kaylene Smikle|Mir McLean|Sarah Te-Biasu|Shyanne Sellers",5,600,666,66,0,2,-2
"2024-25","18372","Maryland","Allie Kubek|Christina Dalce|Kaylene Smikle|Sarah Te-Biasu|Shyanne Sellers",5,666,711,45,0,0,0
"2024-25","18372","South Carolina","Bree Hall|Joyce Edwards|Maddy McDaniel|Sania Feagin|Tessa Johnson",5,666,801,135,1,0,1
"2024-25","18372","South Carolina","Bree Hall|Chloe Kitts|Maddy McDaniel|Sania Feagin|Tessa Johnson",5,801,844,43,0,5,-5
"2024-25","18372","Maryland","Allie Kubek|Kaylene Smikle|Sarah Te-Biasu|Saylor Poffenbarger|Shyanne Sellers",5,711,844,133,5,1,4
"2024-25","18372","Maryland","Amari DeBerry|Kaylene Smikle|Mir McLean|Sarah Te-Biasu|Saylor Poffenbarger",5,844,902,58,1,2,-1
"2024-25","18372","South Carolina","Chloe Kitts|Maryam Dauda|MiLaysia Fulwiley|Raven Johnson|Tessa Johnson",5,844,1018,174,4,7,-3
"2024-25","18372","Maryland","Allie Kubek|Kaylene Smikle|Mir McLean|Sarah Te-Biasu|Shyanne Sellers",5,902,1018,116,6,2,4
"2024-25","18372","Maryland","Amari DeBerry|Mir McLean|Sarah Te-Biasu|Saylor Poffenbarger|Shyanne Sellers",5,1018,1022,4,0,0,0
"2024-25","18372","Maryland","Christina Dalce|Mir McLean|Sarah Te-Biasu|Saylor Poffenbarger|Shyanne Sellers",5,1022,1075,53,2,5,-3
"2024-25","18372","South Carolina","Bree Hall|Chloe Kitts|Raven Johnson|Sania Feagin|Tessa Johnson",5,1018,1161,143,7,4,3
"2024-25","18372","South Carolina","Bree Hall|Chloe Kitts|Sania Feagin|Te-Hina Paopao|Tessa Johnson",5,1161,1171,10,0,0,0
"2024-25","18372","South Carolina","Bree Hall|Chloe Kitts|Raven Johnson|Sania Feagin|Tessa Johnson",5,1171,1194,23,0,0,0
"2024-25","18372","Maryland","Christina Dalce|Kaylene Smikle|Sarah Te-Biasu|Saylor Poffenbarger|Shyanne Sellers",5,1075,1194,119,2,2,0
"2024-25","18372","South Carolina","Chloe Kitts|Maddy McDaniel|Maryam Dauda|MiLaysia Fulwiley|Raven Johnson",5,1194,1200,6,0,1,-1
"2024-25","18372","Maryland","Christina Dalce|Mir McLean|Sarah Te-Biasu|Saylor Poffenbarger|Shyanne Sellers",5,1194,1200,6,1,0,1
"2024-25","18372","South Carolina","Bree Hall|Chloe Kitts|Raven Johnson|Sania Feagin|Te-Hina Paopao",5,1200,1399,199,6,10,-4
"2024-25","18372","South Carolina","Bree Hall|Chloe Kitts|Raven Johnson|Sania Feagin|Tessa Johnson",5,1399,1436,37,0,0,0
"2024-25","18372","South Carolina","Bree Hall|Chloe Kitts|Joyce Edwards|Raven Johnson|Tessa Johnson",5,1436,1456,20,0,0,0
"2024-25","18372","Maryland","Allie Kubek|Christina Dalce|Kaylene Smikle|Sarah Te-Biasu|Shyanne Sellers",5,1200,1456,256,10,6,4
"2024-25","18372","Maryland","Allie Kubek|Christina Dalce|Mir McLean|Sarah Te-Biasu|Shyanne Sellers",5,1456,1517,61,0,2,-2
"2024-25","18372","South Carolina","Chloe Kitts|Joyce Edwards|MiLaysia Fulwiley|Raven Johnson|Tessa Johnson",5,1456,1538,82,4,2,2
"2024-25","18372","Maryland","Allie Kubek|Christina Dalce|Kaylene Smikle|Mir McLean|Sarah Te-Biasu",5,1517,1605,88,2,7,-5
"2024-25","18372","South Carolina","Chloe Kitts|Joyce Edwards|MiLaysia Fulwiley|Te-Hina Paopao|Tessa Johnson",5,1538,1717,179,7,5,2
"2024-25","18372","South Carolina","Joyce Edwards|MiLaysia Fulwiley|Sania Feagin|Te-Hina Paopao|Tessa Johnson",5,1717,1765,48,2,0,2
"2024-25","18372","Maryland","Kaylene Smikle|Mir McLean|Sarah Te-Biasu|Saylor Poffenbarger|Shyanne Sellers",5,1605,1800,195,5,6,-1
"2024-25","18372","Maryland","Allie Kubek|Kaylene Smikle|Mir McLean|Sarah Te-Biasu|Shyanne Sellers",5,1800,1843,43,2,1,1
"2024-25","18372","South Carolina","Joyce Edwards|MiLaysia Fulwiley|Raven Johnson|Sania Feagin|Te-Hina Paopao",5,1765,1930,165,5,4,1
"2024-25","18372","South Carolina","Chloe Kitts|MiLaysia Fulwiley|Raven Johnson|Sania Feagin|Te-Hina Paopao",5,1930,2004,74,2,2,0
"2024-25","18372","Maryland","Allie Kubek|Christina Dalce|Kaylene Smikle|Sarah Te-Biasu|Shyanne Sellers",5,1843,2044,201,4,4,0
"2024-25","18372","South Carolina","Chloe Kitts|Raven Johnson|Sania Feagin|Te-Hina Paopao|Tessa Johnson",5,2004,2138,134,0,2,-2
"2024-25","18372","Maryland","Christina Dalce|Kaylene Smikle|Sarah Te-Biasu|Saylor Poffenbarger|Shyanne Sellers",5,2044,2191,147,2,2,0
"2024-25","18372","Maryland","Allie Kubek|Kaylene Smikle|Sarah Te-Biasu|Saylor Poffenbarger|Shyanne Sellers",5,2191,2213,22,2,0,2
"2024-25","18372","South Carolina","Bree Hall|Chloe Kitts|Joyce Edwards|Raven Johnson|Te-Hina Paopao",5,2138,2249,111,2,2,0
"2024-25","18372","Maryland","Christina Dalce|Kaylene Smikle|Sarah Te-Biasu|Saylor Poffenbarger|Shyanne Sellers",5,2213,2345,132,0,5,-5
"2024-25","18372","South Carolina","Bree Hall|Chloe Kitts|MiLaysia Fulwiley|Sania Feagin|Te-Hina Paopao",5,2249,2364,115,5,0,5
"2024-25","18372","Maryland","Christina Dalce|Kaylene Smikle|Mir McLean|Sarah Te-Biasu|Shyanne Sellers",5,2345,2364,19,0,0,0
"2024-25","18372","Maryland","Christina Dalce|Kaylene Smikle|Sarah Te-Biasu|Saylor Poffenbarger|Shyanne Sellers",5,2364,2366,2,0,0,0
"2024-25","18372","Maryland","Amari DeBerry|Christina Dalce|Kaylene Smikle|Mir McLean|Sarah Te-Biasu|Saylor Poffenbarger|Shyanne Sellers",7,2366,2375,9,3,2,1
"2024-25","18372","Maryland","Amari DeBerry|Christina Dalce|Kaylene Smikle|Mir McLean|Shyanne Sellers",5,2375,2379,4,0,0,0
"2024-25","18372","Maryland","Christina Dalce|Kaylene Smikle|Sarah Te-Biasu|Saylor Poffenbarger|Shyanne Sellers",5,2379,2390,11,2,3,-1
"2024-25","18372","South Carolina","Bree Hall|Chloe Kitts|MiLaysia Fulwiley|Raven Johnson|Sania Feagin",5,2364,2400,36,7,7,0
"2024-25","18372","Maryland","Amari DeBerry|Christina Dalce|Sarah Te-Biasu|Saylor Poffenbarger|Shyanne Sellers",5,2390,2400,10,2,2,0
"2024-25","18730","Maryland","Allie Kubek|Christina Dalce|Kaylene Smikle|Sarah Te-Biasu|Shyanne Sellers",5,0,246,246,10,8,2
"2024-25","18730","Maryland","Christina Dalce|Mir McLean|Sarah Te-Biasu|Saylor Poffenbarger|Shyanne Sellers",5,246,316,70,2,3,-1
"2024-25","18730","Maryland","Allie Kubek|Kaylene Smikle|Mir McLean|Sarah Te-Biasu|Saylor Poffenbarger",5,316,328,12,0,1,-1
"2024-25","18730","Maryland","Allie Kubek|Mir McLean|Sarah Te-Biasu|Saylor Poffenbarger|Shyanne Sellers",5,328,441,113,2,2,0
"2024-25","18730","Alabama","Aaliyah Nye|Essence Cody|Karly Weathers|Sarah Ashlee Barker|Zaay Green",5,0,441,441,14,14,0
"2024-25","18730","Alabama","Aaliyah Nye|Diana Collins|Essence Cody|Karly Weathers|Sarah Ashlee Barker",5,441,536,95,0,3,-3
"2024-25","18730","Maryland","Allie Kubek|Christina Dalce|Sarah Te-Biasu|Saylor Poffenbarger|Shyanne Sellers",5,441,558,117,5,1,4
"2024-25","18730","Alabama","Aaliyah Nye|Christabel Ezumah|Diana Collins|Karly Weathers|Zaay Green",5,536,592,56,1,2,-1
"2024-25","18730","Alabama","Aaliyah Nye|Christabel Ezumah|Diana Collins|Sarah Ashlee Barker|Zaay Green",5,592,599,7,0,0,0
"2024-25","18730","Maryland","Allie Kubek|Mir McLean|Sarah Te-Biasu|Saylor Poffenbarger|Shyanne Sellers",5,558,600,42,0,0,0
"2024-25","18730","Alabama","Aaliyah Nye|Christabel Ezumah|Karly Weathers|Sarah Ashlee Barker|Zaay Green",5,599,641,42,2,5,-3
"2024-25","18730","Maryland","Allie Kubek|Christina Dalce|Kaylene Smikle|Sarah Te-Biasu|Shyanne Sellers",5,600,688,88,8,5,3
"2024-25","18730","Alabama","Aaliyah Nye|Essence Cody|Karly Weathers|Sarah Ashlee Barker|Zaay Green",5,641,743,102,4,7,-3
"2024-25","18730","Maryland","Allie Kubek|Kaylene Smikle|Mir McLean|Sarah Te-Biasu|Shyanne Sellers",5,688,835,147,4,3,1
"2024-25","18730","Alabama","Aaliyah Nye|Diana Collins|Essence Cody|Karly Weathers|Sarah Ashlee Barker",5,743,835,92,2,0,2
"2024-25","18730","Maryland","Allie Kubek|Kaylene Smikle|Sarah Te-Biasu|Saylor Poffenbarger|Shyanne Sellers",5,835,989,154,2,10,-8
"2024-25","18730","Maryland","Allie Kubek|Kaylene Smikle|Mir McLean|Sarah Te-Biasu|Shyanne Sellers",5,989,1098,109,5,3,2
"2024-25","18730","Maryland","Allie Kubek|Emily Fisher|Kaylene Smikle|Mir McLean|Sarah Te-Biasu",5,1098,1168,70,1,2,-1
"2024-25","18730","Alabama","Aaliyah Nye|Christabel Ezumah|Diana Collins|Karly Weathers|Sarah Ashlee Barker",5,835,1168,333,15,8,7
"2024-25","18730","Maryland","Allie Kubek|Kaylene Smikle|Mir McLean|Sarah Te-Biasu|Saylor Poffenbarger",5,1168,1200,32,0,3,-3
"2024-25","18730","Alabama","Chloe Spreen|Diana Collins|JeAnna Cunningham|Karly Weathers|Sarah Ashlee Barker",5,1168,1200,32,3,0,3
"2024-25","18730","Maryland","Allie Kubek|Christina Dalce|Kaylene Smikle|Sarah Te-Biasu|Shyanne Sellers",5,1200,1316,116,2,7,-5
"2024-25","18730","Maryland","Allie Kubek|Kaylene Smikle|Sarah Te-Biasu|Saylor Poffenbarger|Shyanne Sellers",5,1316,1421,105,4,2,2
"2024-25","18730","Maryland","Allie Kubek|Mir McLean|Sarah Te-Biasu|Saylor Poffenbarger|Shyanne Sellers",5,1421,1561,140,0,9,-9
"2024-25","18730","Maryland","Allie Kubek|Kaylene Smikle|Mir McLean|Sarah Te-Biasu|Shyanne Sellers",5,1561,1576,15,0,0,0
"2024-25","18730","Maryland","Allie Kubek|Emily Fisher|Kaylene Smikle|Mir McLean|Sarah Te-Biasu",5,1576,1654,78,3,3,0
"2024-25","18730","Alabama","Aaliyah Nye|Essence Cody|Karly Weathers|Sarah Ashlee Barker|Zaay Green",5,1200,1690,490,21,9,12
"2024-25","18730","Alabama","Aaliyah Nye|Diana Collins|Essence Cody|Karly Weathers|Sarah Ashlee Barker",5,1690,1764,74,2,4,-2
"2024-25","18730","Maryland","Allie Kubek|Amari DeBerry|Kaylene Smikle|Mir McLean|Sarah Te-Biasu",5,1654,1800,146,7,2,5
"2024-25","18730","Alabama","Aaliyah Nye|Christabel Ezumah|Diana Collins|Karly Weathers|Sarah Ashlee Barker",5,1764,1800,36,0,3,-3
"2024-25","18730","Alabama","Aaliyah Nye|Diana Collins|Essence Cody|Karly Weathers|Sarah Ashlee Barker",5,1800,1921,121,5,5,0
"2024-25","18730","Maryland","Allie Kubek|Amari DeBerry|Kaylene Smikle|Mir McLean|Sarah Te-Biasu",5,1800,2031,231,12,9,3
"2024-25","18730","Alabama","Aaliyah Nye|Essence Cody|Karly Weathers|Sarah Ashlee Barker|Zaay Green",5,1921,2226,305,9,14,-5
"2024-25","18730","Alabama","Aaliyah Nye|Diana Collins|Essence Cody|Karly Weathers|Sarah Ashlee Barker",5,2226,2339,113,2,4,-2
"2024-25","18730","Maryland","Allie Kubek|Kaylene Smikle|Mir McLean|Sarah Te-Biasu|Shyanne Sellers",5,2031,2388,357,16,10,6
"2024-25","18730","Alabama","Christabel Ezumah|Diana Collins|Essence Cody|Karly Weathers|Sarah Ashlee Barker",5,2339,2388,49,3,5,-2
"2024-25","18730","Maryland","Allie Kubek|Christina Dalce|Kaylene Smikle|Mir McLean|Shyanne Sellers",5,2388,2400,12,0,0,0
"2024-25","18730","Alabama","Chloe Spreen|Diana Collins|Essence Cody|Karly Weathers|Sarah Ashlee Barker",5,2388,2400,12,0,0,0
"2024-25","18730","Maryland","Allie Kubek|Kaylene Smikle|Mir McLean|Sarah Te-Biasu|Shyanne Sellers",5,2400,2594,194,10,7,3
"2024-25","18730","Maryland","Allie Kubek|Mir McLean|Sarah Te-Biasu|Saylor Poffenbarger|Shyanne Sellers",5,2594,2673,79,2,3,-1
"2024-25","18730","Maryland","Allie Kubek|Christina Dalce|Mir McLean|Sarah Te-Biasu|Shyanne Sellers",5,2673,2692,19,0,0,0
"2024-25","18730","Maryland","Allie Kubek|Mir McLean|Sarah Te-Biasu|Saylor Poffenbarger|Shyanne Sellers",5,2692,2694,2,0,0,0
"2024-25","18730","Maryland","Allie Kubek|Christina Dalce|Mir McLean|Saylor Poffenbarger|Shyanne Sellers",5,2694,2702,8,1,3,-2
"2024-25","18730","Alabama","Christabel Ezumah|Diana Collins|Essence Cody|Karly Weathers|Sarah Ashlee Barker",5,2400,2972,572,23,25,-2
"2024-25","18730","Alabama","Chloe Spreen|Diana Collins|Essence Cody|Karly Weathers|Sarah Ashlee Barker",5,2972,2973,1,0,0,0
"2024-25","18730","Alabama","Chloe Spreen|Christabel Ezumah|Diana Collins|Karly Weathers|Sarah Ashlee Barker",5,2973,2985,12,2,3,-1
"2024-25","18730","Maryland","Allie Kubek|Christina Dalce|Mir McLean|Sarah Te-Biasu|Shyanne Sellers",5,2702,3000,298,15,12,3
"2024-25","18730","Alabama","Chloe Spreen|Diana Collins|Karly Weathers|Leah Brooks|Sarah Ashlee Barker",5,2985,3000,15,0,0,0
