"source_id","file_id","team","player_name","player_number","stint_index","in_seconds","out_seconds","duration","pts_for","pts_against","plus_minus","starter"
"2024-25","18281","Coppin St.","Tiffany Hammond",2,1,0,407,407,10,12,-2,1
"2024-25","18281","Coppin St.","Tyler Gray",5,1,0,512,512,12,12,0,1
"2024-25","18281","Coppin St.","Angel Jones",11,1,0,1800,1800,28,59,-31,1
"2024-25","18281","Coppin St.","Dani McTeer",21,1,0,121,121,4,5,-1,1
"2024-25","18281","Coppin St.","Laila Lawrence",31,1,0,271,271,8,8,0,1
"2024-25","18281","Maryland","Shyanne Sellers",0,1,0,407,407,12,10,2,1
"2024-25","18281","Maryland","Sarah Te-Biasu",1,1,0,271,271,8,8,0,1
"2024-25","18281","Maryland","Kaylene Smikle",2,1,0,407,407,12,10,2,1
"2024-25","18281","Maryland","Allie Kubek",14,1,0,271,271,8,8,0,1
"2024-25","18281","Maryland","Christina Dalce",15,1,0,171,171,8,4,4,1
"2024-25","18281","Coppin St.","Khya Jenkins",23,1,121,407,286,6,7,-1,0
"2024-25","18281","Maryland","Saylor Poffenbarger",6,1,171,407,236,4,6,-2,0
"2024-25","18281","Coppin St.","Arielle-Vadrelle Belinga",34,1,271,639,368,4,7,-3,0
"2024-25","18281","Maryland","Mir McLean",10,1,271,512,241,4,4,0,0
"2024-25","18281","Maryland","Bri McDaniel",24,1,271,600,329,7,4,3,0
"2024-25","18281","Coppin St.","Cire Worley",12,1,407,788,381,5,11,-6,0
"2024-25","18281","Coppin St.","Dani McTeer",21,2,407,512,105,2,0,2,0
"2024-25","18281","Maryland","Sarah Te-Biasu",1,2,407,992,585,20,5,15,0
"2024-25","18281","Maryland","Allie Kubek",14,2,407,600,193,3,2,1,0
"2024-25","18281","Maryland","Amari DeBerry",42,1,407,600,193,3,2,1,0
"2024-25","18281","Coppin St.","Tiffany Hammond",2,2,512,1033,521,4,22,-18,0
"2024-25","18281","Coppin St.","Laila Lawrence",31,2,512,975,463,3,18,-15,0
"2024-25","18281","Maryland","Kaylene Smikle",2,2,512,788,276,11,3,8,0
"2024-25","18281","Maryland","Shyanne Sellers",0,2,600,860,260,10,3,7,0
"2024-25","18281","Maryland","Saylor Poffenbarger",6,2,600,946,346,15,3,12,0
"2024-25","18281","Maryland","Christina Dalce",15,2,600,946,346,15,3,12,0
"2024-25","18281","Coppin St.","Khya Jenkins",23,2,639,946,307,3,15,-12,0
"2024-25","18281","Coppin St.","Tyler Gray",5,2,788,1701,913,13,34,-21,0
"2024-25","18281","Maryland","Bri McDaniel",24,2,788,1200,412,17,1,16,0
"2024-25","18281","Maryland","Kaylene Smikle",2,3,860,1112,252,9,1,8,0
"2024-25","18281","Coppin St.","Arielle-Vadrelle Belinga",34,2,946,1200,254,1,10,-9,0
"2024-25","18281","Maryland","Mir McLean",10,2,946,1112,166,4,1,3,0
"2024-25","18281","Maryland","Allie Kubek",14,3,946,992,46,2,0,2,0
"2024-25","18281","Coppin St.","Dani McTeer",21,3,975,1112,137,1,4,-3,0
"2024-25","18281","Maryland","Shyanne Sellers",0,3,992,1529,537,20,5,15,0
"2024-25","18281","Maryland","Amari DeBerry",42,2,992,1200,208,8,1,7,0
"2024-25","18281","Coppin St.","Niyah Gaston",20,1,1033,1170,137,0,4,-4,0
"2024-25","18281","Coppin St.","Khya Jenkins",23,3,1112,1200,88,0,6,-6,0
"2024-25","18281","Maryland","Emily Fisher",3,1,1112,1200,88,6,0,6,0
"2024-25","18281","Maryland","Ava McKennie",5,1,1112,1200,88,6,0,6,0
"2024-25","18281","Coppin St.","Tiffany Hammond",2,3,1170,1887,717,14,25,-11,0
"2024-25","18281","Coppin St.","Dani McTeer",21,4,1200,1384,184,4,7,-3,0
"2024-25","18281","Coppin St.","Laila Lawrence",31,3,1200,1331,131,4,4,0,0
"2024-25","18281","Maryland","Sarah Te-Biasu",1,3,1200,1703,503,17,12,5,0
"2024-25","18281","Maryland","Kaylene Smikle",2,4,1200,1529,329,12,4,8,0
"2024-25","18281","Maryland","Allie Kubek",14,4,1200,1703,503,17,12,5,0
"2024-25","18281","Maryland","Christina Dalce",15,3,1200,1526,326,12,4,8,0
"2024-25","18281","Coppin St.","Arielle-Vadrelle Belinga",34,3,1331,1453,122,0,5,-5,0
"2024-25","18281","Coppin St.","Khya Jenkins",23,4,1384,1409,25,0,2,-2,0
"2024-25","18281","Coppin St.","Laila Lawrence",31,4,1409,2400,991,27,21,6,0
"2024-25","18281","Coppin St.","Charia Roberts",15,1,1453,1701,248,8,8,0,0
"2024-25","18281","Maryland","Saylor Poffenbarger",6,3,1526,1800,274,7,8,-1,0
"2024-25","18281","Maryland","Mir McLean",10,3,1529,2400,871,18,27,-9,0
"2024-25","18281","Maryland","Bri McDaniel",24,3,1529,1719,190,7,8,-1,0
"2024-25","18281","Coppin St.","Mickelle Lowry",3,1,1701,2400,699,19,13,6,0
"2024-25","18281","Coppin St.","Arielle-Vadrelle Belinga",34,4,1701,1762,61,0,2,-2,0
"2024-25","18281","Maryland","Shyanne Sellers",0,4,1703,2035,332,9,8,1,0
"2024-25","18281","Maryland","Christina Dalce",15,4,1703,1955,252,7,2,5,0
"2024-25","18281","Maryland","Ava McKennie",5,2,1719,2400,681,11,19,-8,0
"2024-25","18281","Coppin St.","Dani McTeer",21,5,1762,1800,38,0,0,0,0
"2024-25","18281","Coppin St.","Tyler Gray",5,3,1800,2307,507,17,10,7,0
"2024-25","18281","Coppin St.","Khya Jenkins",23,5,1800,1887,87,2,4,-2,0
"2024-25","18281","Maryland","Amari DeBerry",42,3,1800,2243,443,10,14,-4,0
"2024-25","18281","Coppin St.","Angel Jones",11,2,1887,2400,513,17,7,10,0
"2024-25","18281","Coppin St.","Charia Roberts",15,2,1887,2035,148,6,3,3,0
"2024-25","18281","Maryland","Saylor Poffenbarger",6,4,1955,2400,445,6,17,-11,0
"2024-25","18281","Coppin St.","Arielle-Vadrelle Belinga",34,5,2035,2243,208,6,3,3,0
"2024-25","18281","Maryland","Sarah Te-Biasu",1,4,2035,2243,208,3,6,-3,0
"2024-25","18281","Coppin St.","Charia Roberts",15,3,2243,2400,157,5,1,4,0
"2024-25","18281","Maryland","Emily Fisher",3,2,2243,2400,157,1,5,-4,0
"2024-25","18281","Maryland","Bri McDaniel",24,4,2243,2400,157,1,5,-4,0
"2024-25","18281","Coppin St.","Kylah Moore",0,1,2307,2400,93,2,1,1,0
"2024-25","18282","Duke","Ashlon Jackson",3,1,0,295,295,7,11,-4,1
"2024-25","18282","Duke","Jadyn Donovan",4,1,0,373,373,9,12,-3,1
"2024-25","18282","Duke","Delaney Thomas",12,1,0,304,304,7,11,-4,1
"2024-25","18282","Duke","Taina Mair",22,1,0,157,157,0,6,-6,1
"2024-25","18282","Duke","Reigan Richardson",24,1,0,433,433,9,16,-7,1
"2024-25","18282","Maryland","Shyanne Sellers",0,1,0,330,330,12,7,5,1
"2024-25","18282","Maryland","Sarah Te-Biasu",1,1,0,95,95,2,0,2,1
"2024-25","18282","Maryland","Kaylene Smikle",2,1,0,240,240,9,2,7,1
"2024-25","18282","Maryland","Allie Kubek",14,1,0,600,600,21,13,8,1
"2024-25","18282","Maryland","Christina Dalce",15,1,0,240,240,9,2,7,1
"2024-25","18282","Maryland","Saylor Poffenbarger",6,1,95,283,188,9,4,5,0
"2024-25","18282","Duke","Oluchi Okananwa",5,1,157,600,443,13,15,-2,0
"2024-25","18282","Maryland","Mir McLean",10,1,240,304,64,2,5,-3,0
"2024-25","18282","Maryland","Bri McDaniel",24,1,240,322,82,3,5,-2,0
"2024-25","18282","Maryland","Christina Dalce",15,2,283,714,431,15,14,1,0
"2024-25","18282","Duke","Vanessa de Jesus",2,1,295,600,305,6,10,-4,0
"2024-25","18282","Duke","Toby Fournier",35,1,304,1200,896,26,29,-3,0
"2024-25","18282","Maryland","Kaylene Smikle",2,2,304,600,296,10,6,4,0
"2024-25","18282","Maryland","Mir McLean",10,2,322,672,350,14,11,3,0
"2024-25","18282","Maryland","Sarah Te-Biasu",1,2,330,773,443,17,15,2,0
"2024-25","18282","Duke","Delaney Thomas",12,2,373,437,64,0,5,-5,0
"2024-25","18282","Duke","Taina Mair",22,2,433,773,340,13,13,0,0
"2024-25","18282","Duke","Jordan Wood",13,1,437,672,235,9,9,0,0
"2024-25","18282","Duke","Ashlon Jackson",3,2,600,2400,1800,67,64,3,0
"2024-25","18282","Duke","Emma Koabel",15,1,600,1200,600,20,19,1,0
"2024-25","18282","Maryland","Shyanne Sellers",0,2,600,920,320,13,15,-2,0
"2024-25","18282","Maryland","Saylor Poffenbarger",6,2,600,826,226,8,12,-4,0
"2024-25","18282","Duke","Jadyn Donovan",4,2,672,806,134,5,3,2,0
"2024-25","18282","Maryland","Bri McDaniel",24,2,672,972,300,8,10,-2,0
"2024-25","18282","Maryland","Allie Kubek",14,2,714,1447,733,22,22,0,0
"2024-25","18282","Duke","Oluchi Okananwa",5,2,773,1200,427,11,11,0,0
"2024-25","18282","Maryland","Kaylene Smikle",2,3,773,1433,660,19,18,1,0
"2024-25","18282","Duke","Delaney Thomas",12,3,806,1402,596,15,19,-4,0
"2024-25","18282","Maryland","Christina Dalce",15,3,826,1433,607,19,15,4,0
"2024-25","18282","Maryland","Sarah Te-Biasu",1,3,920,1800,880,31,24,7,0
"2024-25","18282","Maryland","Shyanne Sellers",0,3,972,1004,32,0,0,0,0
"2024-25","18282","Maryland","Bri McDaniel",24,3,1004,1200,196,6,5,1,0
"2024-25","18282","Duke","Jadyn Donovan",4,3,1200,1653,453,14,19,-5,0
"2024-25","18282","Duke","Taina Mair",22,3,1200,1592,392,11,13,-2,0
"2024-25","18282","Duke","Reigan Richardson",24,2,1200,1272,72,3,0,3,0
"2024-25","18282","Maryland","Shyanne Sellers",0,4,1200,1402,202,8,5,3,0
"2024-25","18282","Duke","Oluchi Okananwa",5,3,1272,1800,528,16,25,-9,0
"2024-25","18282","Duke","Toby Fournier",35,2,1402,1653,251,9,11,-2,0
"2024-25","18282","Maryland","Bri McDaniel",24,4,1402,2142,740,28,27,1,0
"2024-25","18282","Maryland","Shyanne Sellers",0,5,1433,1489,56,0,0,0,0
"2024-25","18282","Maryland","Saylor Poffenbarger",6,3,1433,1942,509,21,16,5,0
"2024-25","18282","Maryland","Mir McLean",10,3,1447,1489,42,0,0,0,0
"2024-25","18282","Maryland","Kaylene Smikle",2,4,1489,2035,546,23,21,2,0
"2024-25","18282","Maryland","Christina Dalce",15,4,1489,1545,56,2,3,-1,0
"2024-25","18282","Maryland","Allie Kubek",14,3,1545,1726,181,11,6,5,0
"2024-25","18282","Duke","Vanessa de Jesus",2,2,1592,2229,637,24,27,-3,0
"2024-25","18282","Duke","Delaney Thomas",12,4,1653,2349,696,27,25,2,0
"2024-25","18282","Duke","Jordan Wood",13,2,1653,1800,147,5,6,-1,0
"2024-25","18282","Maryland","Mir McLean",10,4,1726,1800,74,4,3,1,0
"2024-25","18282","Duke","Jadyn Donovan",4,4,1800,2229,429,16,15,1,0
"2024-25","18282","Duke","Reigan Richardson",24,3,1800,2400,600,28,20,8,0
"2024-25","18282","Maryland","Shyanne Sellers",0,6,1800,2400,600,20,28,-8,0
"2024-25","18282","Maryland","Christina Dalce",15,5,1800,2086,286,9,11,-2,0
"2024-25","18282","Maryland","Allie Kubek",14,4,1942,2035,93,2,5,-3,0
"2024-25","18282","Maryland","Sarah Te-Biasu",1,4,2035,2400,365,14,19,-5,0
"2024-25","18282","Maryland","Saylor Poffenbarger",6,4,2035,2265,230,9,9,0,0
"2024-25","18282","Maryland","Kaylene Smikle",2,5,2086,2229,143,6,5,1,0
"2024-25","18282","Maryland","Mir McLean",10,5,2142,2229,87,4,3,1,0
"2024-25","18282","Duke","Taina Mair",22,4,2229,2400,171,12,5,7,0
"2024-25","18282","Duke","Toby Fournier",35,3,2229,2400,171,12,5,7,0
"2024-25","18282","Maryland","Christina Dalce",15,6,2229,2349,120,4,5,-1,0
"2024-25","18282","Maryland","Bri McDaniel",24,5,2229,2400,171,5,12,-7,0
"2024-25","18282","Maryland","Kaylene Smikle",2,6,2265,2386,121,5,6,-1,0
"2024-25","18282","Duke","Jadyn Donovan",4,5,2349,2400,51,6,1,5,0
"2024-25","18282","Maryland","Saylor Poffenbarger",6,5,2349,2400,51,1,7,-6,0
"2024-25","18282","Maryland","Mir McLean",10,6,2386,2400,14,0,4,-4,0
"2024-25","18283","Maryland","Shyanne Sellers",0,1,0,211,211,11,2,9,1
"2024-25","18283","Maryland","Sarah Te-Biasu",1,1,0,286,286,16,3,13,1
"2024-25","18283","Maryland","Kaylene Smikle",2,1,0,177,177,9,2,7,1
"2024-25","18283","Maryland","Allie Kubek",14,1,0,177,177,9,2,7,1
"2024-25","18283","Maryland","Christina Dalce",15,1,0,286,286,16,3,13,1
"2024-25","18283","Saint Francis","Yanessa Boyd",0,1,0,177,177,2,9,-7,1
"2024-25","18283","Saint Francis","Marissa Shelton",4,1,0,177,177,2,9,-7,1
"2024-25","18283","Saint Francis","Ineivi Plata",10,1,0,286,286,3,16,-13,1
"2024-25","18283","Saint Francis","Julianna Gibson",12,1,0,286,286,3,16,-13,1
"2024-25","18283","Saint Francis","Marina Artero",23,1,0,177,177,2,9,-7,1
"2024-25","18283","Maryland","Saylor Poffenbarger",6,1,177,562,385,21,1,20,0
"2024-25","18283","Maryland","Bri McDaniel",24,1,177,286,109,7,1,6,0
"2024-25","18283","Saint Francis","Natalie Johnson",5,1,177,377,200,1,9,-8,0
"2024-25","18283","Saint Francis","Harris Robinson",11,1,177,308,131,1,7,-6,0
"2024-25","18283","Saint Francis","Airah Lavy",20,1,177,562,385,1,21,-20,0
"2024-25","18283","Maryland","Kaylene Smikle",2,2,211,444,233,14,1,13,0
"2024-25","18283","Maryland","Shyanne Sellers",0,2,286,444,158,9,0,9,0
"2024-25","18283","Maryland","Ava McKennie",5,1,286,444,158,9,0,9,0
"2024-25","18283","Maryland","Allie Kubek",14,2,286,444,158,9,0,9,0
"2024-25","18283","Saint Francis","Yanessa Boyd",0,2,286,377,91,0,2,-2,0
"2024-25","18283","Saint Francis","Giselle Eke",33,1,286,377,91,0,2,-2,0
"2024-25","18283","Saint Francis","Marina Artero",23,2,308,600,292,0,16,-16,0
"2024-25","18283","Saint Francis","Ineivi Plata",10,2,377,808,431,2,23,-21,0
"2024-25","18283","Saint Francis","Harris Robinson",11,2,377,677,300,0,15,-15,0
"2024-25","18283","Saint Francis","Julianna Gibson",12,2,377,562,185,0,12,-12,0
"2024-25","18283","Maryland","Sarah Te-Biasu",1,2,444,808,364,16,2,14,0
"2024-25","18283","Maryland","Mir McLean",10,1,444,677,233,8,0,8,0
"2024-25","18283","Maryland","Christina Dalce",15,2,444,808,364,16,2,14,0
"2024-25","18283","Maryland","Bri McDaniel",24,2,444,808,364,16,2,14,0
"2024-25","18283","Maryland","Ava McKennie",5,2,562,808,246,11,2,9,0
"2024-25","18283","Saint Francis","Marissa Shelton",4,2,562,729,167,2,3,-1,0
"2024-25","18283","Saint Francis","Giselle Eke",33,2,562,729,167,2,3,-1,0
"2024-25","18283","Saint Francis","Yanessa Boyd",0,3,600,1523,923,9,47,-38,0
"2024-25","18283","Maryland","Kaylene Smikle",2,3,677,937,260,17,2,15,0
"2024-25","18283","Saint Francis","Marina Artero",23,3,677,808,131,2,8,-6,0
"2024-25","18283","Saint Francis","Jade Campbell",3,1,729,808,79,0,8,-8,0
"2024-25","18283","Saint Francis","Airah Lavy",20,2,729,894,165,0,13,-13,0
"2024-25","18283","Maryland","Shyanne Sellers",0,3,808,1728,920,46,13,33,0
"2024-25","18283","Maryland","Saylor Poffenbarger",6,2,808,1200,392,25,4,21,0
"2024-25","18283","Maryland","Allie Kubek",14,3,808,1523,715,38,7,31,0
"2024-25","18283","Maryland","Amari DeBerry",42,1,808,1200,392,25,4,21,0
"2024-25","18283","Saint Francis","Natalie Johnson",5,2,808,1060,252,2,16,-14,0
"2024-25","18283","Saint Francis","Harris Robinson",11,3,808,894,86,0,5,-5,0
"2024-25","18283","Saint Francis","Julianna Gibson",12,3,808,976,168,0,12,-12,0
"2024-25","18283","Saint Francis","Marissa Shelton",4,3,894,1277,383,4,22,-18,0
"2024-25","18283","Saint Francis","Marina Artero",23,4,894,1200,306,4,20,-16,0
"2024-25","18283","Maryland","Mir McLean",10,2,937,1200,263,16,4,12,0
"2024-25","18283","Saint Francis","Giselle Eke",33,3,976,1200,224,4,13,-9,0
"2024-25","18283","Saint Francis","Ineivi Plata",10,3,1060,1694,634,11,30,-19,0
"2024-25","18283","Maryland","Sarah Te-Biasu",1,3,1200,1523,323,13,3,10,0
"2024-25","18283","Maryland","Kaylene Smikle",2,4,1200,1523,323,13,3,10,0
"2024-25","18283","Maryland","Christina Dalce",15,3,1200,1694,494,21,9,12,0
"2024-25","18283","Saint Francis","Harris Robinson",11,4,1200,1437,237,3,8,-5,0
"2024-25","18283","Saint Francis","Julianna Gibson",12,4,1200,2019,819,15,29,-14,0
"2024-25","18283","Saint Francis","Airah Lavy",20,3,1277,1437,160,3,6,-3,0
"2024-25","18283","Saint Francis","Natalie Johnson",5,3,1437,1523,86,0,5,-5,0
"2024-25","18283","Saint Francis","Marina Artero",23,5,1437,1694,257,6,13,-7,0
"2024-25","18283","Maryland","Saylor Poffenbarger",6,3,1523,1919,396,12,8,4,0
"2024-25","18283","Maryland","Mir McLean",10,3,1523,2130,607,17,12,5,0
"2024-25","18283","Maryland","Bri McDaniel",24,3,1523,2130,607,17,12,5,0
"2024-25","18283","Saint Francis","Harris Robinson",11,5,1523,1694,171,6,8,-2,0
"2024-25","18283","Saint Francis","Airah Lavy",20,4,1523,1982,459,12,14,-2,0
"2024-25","18283","Maryland","Ava McKennie",5,3,1694,1800,106,2,2,0,0
"2024-25","18283","Saint Francis","Yanessa Boyd",0,4,1694,1901,207,2,4,-2,0
"2024-25","18283","Saint Francis","Natalie Johnson",5,4,1694,1859,165,2,4,-2,0
"2024-25","18283","Saint Francis","Giselle Eke",33,4,1694,1896,202,2,4,-2,0
"2024-25","18283","Maryland","Sarah Te-Biasu",1,4,1728,2078,350,9,6,3,0
"2024-25","18283","Maryland","Amari DeBerry",42,2,1800,2130,330,7,4,3,0
"2024-25","18283","Saint Francis","Harris Robinson",11,6,1859,2078,219,4,5,-1,0
"2024-25","18283","Saint Francis","Jade Campbell",3,2,1896,2019,123,4,4,0,0
"2024-25","18283","Saint Francis","Ineivi Plata",10,4,1901,2400,499,15,16,-1,0
"2024-25","18283","Maryland","Emily Fisher",3,1,1919,2130,211,5,4,1,0
"2024-25","18283","Saint Francis","Marissa Shelton",4,4,1982,2400,418,11,14,-3,0
"2024-25","18283","Saint Francis","Marina Artero",23,6,2019,2268,249,6,6,0,0
"2024-25","18283","Saint Francis","Giselle Eke",33,5,2019,2130,111,2,1,1,0
"2024-25","18283","Maryland","Ava McKennie",5,4,2078,2130,52,0,0,0,0
"2024-25","18283","Saint Francis","Yanessa Boyd",0,5,2078,2400,322,11,11,0,0
"2024-25","18283","Maryland","Shyanne Sellers",0,4,2130,2400,270,11,11,0,0
"2024-25","18283","Maryland","Sarah Te-Biasu",1,5,2130,2268,138,5,6,-1,0
"2024-25","18283","Maryland","Kaylene Smikle",2,5,2130,2268,138,5,6,-1,0
"2024-25","18283","Maryland","Allie Kubek",14,4,2130,2171,41,0,4,-4,0
"2024-25","18283","Maryland","Christina Dalce",15,4,2130,2268,138,5,6,-1,0
"2024-25","18283","Saint Francis","Jade Campbell",3,3,2130,2400,270,9,11,-2,0
"2024-25","18283","Maryland","Saylor Poffenbarger",6,4,2171,2400,229,11,7,4,0
"2024-25","18283","Maryland","Ava McKennie",5,5,2268,2400,132,6,5,1,0
"2024-25","18283","Maryland","Mir McLean",10,4,2268,2400,132,6,5,1,0
"2024-25","18283","Maryland","Amari DeBerry",42,3,2268,2400,132,6,5,1,0
"2024-25","18283","Saint Francis","Giselle Eke",33,6,2268,2400,132,5,6,-1,0
"2024-25","18285","Maryland","Shyanne Sellers",0,1,0,226,226,4,4,0,1
"2024-25","18285","Maryland","Sarah Te-Biasu",1,1,0,454,454,11,8,3,1
"2024-25","18285","Maryland","Kaylene Smikle",2,1,0,226,226,4,4,0,1
"2024-25","18285","Maryland","Saylor Poffenbarger",6,1,0,684,684,17,8,9,1
"2024-25","18285","Maryland","Allie Kubek",14,1,0,226,226,4,4,0,1
"2024-25","18285","Mount St. Mary's","Jo Raflo",4,1,0,289,289,4,8,-4,1
"2024-25","18285","Mount St. Mary's","Anna LeMaster",10,1,0,289,289,4,8,-4,1
"2024-25","18285","Mount St. Mary's","Giana Hoddinott",12,1,0,118,118,0,1,-1,1
"2024-25","18285","Mount St. Mary's","Gabrielle Kennerly",15,1,0,118,118,0,1,-1,1
"2024-25","18285","Mount St. Mary's","Jaedyn Jamison",20,1,0,118,118,0,1,-1,1
"2024-25","18285","Mount St. Mary's","Tessa Engelman",2,1,118,466,348,8,11,-3,0
"2024-25","18285","Mount St. Mary's","Madison Ruff",3,1,118,454,336,8,10,-2,0
"2024-25","18285","Mount St. Mary's","Rosa Revueltas Pareja",6,1,118,454,336,8,10,-2,0
"2024-25","18285","Maryland","Mir McLean",10,1,226,557,331,9,4,5,0
"2024-25","18285","Maryland","Christina Dalce",15,1,226,454,228,7,4,3,0
"2024-25","18285","Maryland","Bri McDaniel",24,1,226,325,99,4,0,4,0
"2024-25","18285","Mount St. Mary's","Gabrielle Kennerly",15,2,289,700,411,4,11,-7,0
"2024-25","18285","Mount St. Mary's","Jaedyn Jamison",20,2,289,600,311,4,7,-3,0
"2024-25","18285","Maryland","Kaylene Smikle",2,2,325,541,216,5,4,1,0
"2024-25","18285","Maryland","Shyanne Sellers",0,2,454,911,457,19,2,17,0
"2024-25","18285","Maryland","Allie Kubek",14,2,454,1066,612,23,7,16,0
"2024-25","18285","Mount St. Mary's","Anna LeMaster",10,2,454,600,146,0,4,-4,0
"2024-25","18285","Mount St. Mary's","Giana Hoddinott",12,2,454,1142,688,10,27,-17,0
"2024-25","18285","Mount St. Mary's","Jo Raflo",4,2,466,700,234,0,7,-7,0
"2024-25","18285","Maryland","Sarah Te-Biasu",1,2,541,999,458,19,7,12,0
"2024-25","18285","Maryland","Christina Dalce",15,2,557,985,428,19,4,15,0
"2024-25","18285","Mount St. Mary's","Tessa Engelman",2,2,600,799,199,0,8,-8,0
"2024-25","18285","Mount St. Mary's","Madison Ruff",3,2,600,700,100,0,4,-4,0
"2024-25","18285","Maryland","Kaylene Smikle",2,3,684,799,115,6,0,6,0
"2024-25","18285","Mount St. Mary's","Rosa Revueltas Pareja",6,2,700,857,157,2,8,-6,0
"2024-25","18285","Mount St. Mary's","Anna LeMaster",10,3,700,898,198,2,10,-8,0
"2024-25","18285","Mount St. Mary's","Jaedyn Jamison",20,3,700,799,99,0,4,-4,0
"2024-25","18285","Maryland","Bri McDaniel",24,2,799,1200,401,17,11,6,0
"2024-25","18285","Mount St. Mary's","Wesleigh Fergsuon",1,1,799,1200,401,11,17,-6,0
"2024-25","18285","Mount St. Mary's","Jo Raflo",4,3,799,857,58,2,4,-2,0
"2024-25","18285","Mount St. Mary's","Tessa Engelman",2,3,857,1454,597,13,22,-9,0
"2024-25","18285","Mount St. Mary's","Madison Ruff",3,3,857,1200,343,9,13,-4,0
"2024-25","18285","Mount St. Mary's","Gabrielle Kennerly",15,3,898,999,101,5,3,2,0
"2024-25","18285","Maryland","Saylor Poffenbarger",6,2,911,1142,231,8,8,0,0
"2024-25","18285","Maryland","Mir McLean",10,2,985,1200,215,8,7,1,0
"2024-25","18285","Maryland","Kaylene Smikle",2,4,999,1263,264,10,4,6,0
"2024-25","18285","Mount St. Mary's","Jo Raflo",4,4,999,1182,183,4,8,-4,0
"2024-25","18285","Maryland","Ava McKennie",5,1,1066,1200,134,6,4,2,0
"2024-25","18285","Maryland","Shyanne Sellers",0,3,1142,2037,895,35,27,8,0
"2024-25","18285","Mount St. Mary's","Anna LeMaster",10,4,1142,1378,236,1,6,-5,0
"2024-25","18285","Mount St. Mary's","Gabrielle Kennerly",15,4,1182,1646,464,14,15,-1,0
"2024-25","18285","Maryland","Sarah Te-Biasu",1,3,1200,1646,446,15,14,1,0
"2024-25","18285","Maryland","Saylor Poffenbarger",6,3,1200,1378,178,4,0,4,0
"2024-25","18285","Maryland","Allie Kubek",14,3,1200,1646,446,15,14,1,0
"2024-25","18285","Mount St. Mary's","Jo Raflo",4,5,1200,1263,63,0,2,-2,0
"2024-25","18285","Mount St. Mary's","Giana Hoddinott",12,3,1200,1378,178,0,4,-4,0
"2024-25","18285","Maryland","Bri McDaniel",24,3,1263,1646,383,13,14,-1,0
"2024-25","18285","Mount St. Mary's","Wesleigh Fergsuon",1,2,1263,1514,251,9,9,0,0
"2024-25","18285","Maryland","Christina Dalce",15,3,1378,1493,115,7,7,0,0
"2024-25","18285","Mount St. Mary's","Madison Ruff",3,4,1378,1646,268,14,11,3,0
"2024-25","18285","Mount St. Mary's","Rosa Revueltas Pareja",6,3,1378,1800,422,21,21,0,0
"2024-25","18285","Mount St. Mary's","Jaedyn Jamison",20,4,1454,1722,268,15,12,3,0
"2024-25","18285","Maryland","Ava McKennie",5,2,1493,2400,907,36,26,10,0
"2024-25","18285","Mount St. Mary's","Jo Raflo",4,6,1514,2037,523,17,22,-5,0
"2024-25","18285","Maryland","Kaylene Smikle",2,5,1646,2400,754,32,19,13,0
"2024-25","18285","Maryland","Saylor Poffenbarger",6,4,1646,1883,237,12,10,2,0
"2024-25","18285","Maryland","Christina Dalce",15,4,1646,1883,237,12,10,2,0
"2024-25","18285","Mount St. Mary's","Anna LeMaster",10,5,1646,1932,286,10,14,-4,0
"2024-25","18285","Mount St. Mary's","Giana Hoddinott",12,4,1646,1739,93,5,8,-3,0
"2024-25","18285","Mount St. Mary's","Tessa Engelman",2,4,1722,2400,678,14,26,-12,0
"2024-25","18285","Mount St. Mary's","Madison Ruff",3,5,1739,2355,616,14,21,-7,0
"2024-25","18285","Mount St. Mary's","Gabrielle Kennerly",15,5,1800,2001,201,3,4,-1,0
"2024-25","18285","Maryland","Mir McLean",10,3,1883,2400,517,20,9,11,0
"2024-25","18285","Maryland","Amari DeBerry",42,1,1883,2400,517,20,9,11,0
"2024-25","18285","Mount St. Mary's","Wesleigh Fergsuon",1,3,1932,2400,468,9,18,-9,0
"2024-25","18285","Mount St. Mary's","Rosa Revueltas Pareja",6,4,2001,2400,399,9,18,-9,0
"2024-25","18285","Maryland","Sarah Te-Biasu",1,4,2037,2400,363,14,7,7,0
"2024-25","18285","Mount St. Mary's","Jaedyn Jamison",20,5,2037,2138,101,2,3,-1,0
"2024-25","18285","Mount St. Mary's","Giana Hoddinott",12,5,2138,2400,262,5,11,-6,0
"2024-25","18285","Mount St. Mary's","Jaedyn Jamison",20,6,2355,2400,45,0,3,-3,0
"2024-25","18286","Maryland","Shyanne Sellers",0,1,0,40,40,3,0,3,1
"2024-25","18286","Maryland","Sarah Te-Biasu",1,1,0,359,359,18,8,10,1
"2024-25","18286","Maryland","Kaylene Smikle",2,1,0,40,40,3,0,3,1
"2024-25","18286","Maryland","Allie Kubek",14,1,0,328,328,18,8,10,1
"2024-25","18286","Maryland","Christina Dalce",15,1,0,208,208,13,6,7,1
"2024-25","18286","Towson","Semaya Turner",1,1,0,208,208,6,13,-7,1
"2024-25","18286","Towson","India Johnston",2,1,0,2400,2400,63,98,-35,1
"2024-25","18286","Towson","Shariah Baynes",4,1,0,328,328,8,18,-10,1
"2024-25","18286","Towson","Khady Leye",6,1,0,468,468,15,25,-10,1
"2024-25","18286","Towson","Deja Bristol",31,1,0,328,328,8,18,-10,1
"2024-25","18286","Maryland","Saylor Poffenbarger",6,1,40,328,288,15,8,7,0
"2024-25","18286","Maryland","Bri McDaniel",24,1,40,328,288,15,8,7,0
"2024-25","18286","Maryland","Kaylene Smikle",2,2,208,468,260,12,9,3,0
"2024-25","18286","Towson","Jordan Wakefield",11,1,208,600,392,12,20,-8,0
"2024-25","18286","Maryland","Shyanne Sellers",0,2,328,600,272,15,10,5,0
"2024-25","18286","Maryland","Mir McLean",10,1,328,600,272,15,10,5,0
"2024-25","18286","Maryland","Christina Dalce",15,2,328,600,272,15,10,5,0
"2024-25","18286","Towson","Aminata Diakite",7,1,328,730,402,14,18,-4,0
"2024-25","18286","Towson","Anaiah Jenkins",22,1,328,762,434,14,18,-4,0
"2024-25","18286","Maryland","Ava McKennie",5,1,359,406,47,3,2,1,0
"2024-25","18286","Maryland","Bri McDaniel",24,2,406,835,429,18,17,1,0
"2024-25","18286","Maryland","Saylor Poffenbarger",6,2,468,835,367,14,12,2,0
"2024-25","18286","Towson","Deja Bristol",31,2,468,685,217,7,8,-1,0
"2024-25","18286","Maryland","Sarah Te-Biasu",1,2,600,897,297,8,9,-1,0
"2024-25","18286","Maryland","Allie Kubek",14,2,600,730,130,3,4,-1,0
"2024-25","18286","Maryland","Amari DeBerry",42,1,600,835,235,6,9,-3,0
"2024-25","18286","Towson","Shariah Baynes",4,2,600,1029,429,14,17,-3,0
"2024-25","18286","Towson","Khady Leye",6,2,685,762,77,0,3,-3,0
"2024-25","18286","Maryland","Kaylene Smikle",2,3,730,1029,299,14,10,4,0
"2024-25","18286","Towson","Semaya Turner",1,2,730,945,215,8,12,-4,0
"2024-25","18286","Towson","Jordan Wakefield",11,2,762,897,135,5,5,0,0
"2024-25","18286","Towson","Deja Bristol",31,3,762,1617,855,23,33,-10,0
"2024-25","18286","Maryland","Shyanne Sellers",0,3,835,1148,313,15,11,4,0
"2024-25","18286","Maryland","Mir McLean",10,2,835,1200,365,15,13,2,0
"2024-25","18286","Maryland","Christina Dalce",15,3,835,1055,220,13,7,6,0
"2024-25","18286","Maryland","Emily Fisher",3,1,897,1200,303,13,13,0,0
"2024-25","18286","Towson","Caydence Hadley",9,1,897,1200,303,13,13,0,0
"2024-25","18286","Towson","Aminata Diakite",7,2,945,1200,255,10,6,4,0
"2024-25","18286","Maryland","Sarah Te-Biasu",1,3,1029,1418,389,10,11,-1,0
"2024-25","18286","Towson","Jordan Wakefield",11,3,1029,1200,171,8,4,4,0
"2024-25","18286","Maryland","Amari DeBerry",42,2,1055,1200,145,2,6,-4,0
"2024-25","18286","Maryland","Ava McKennie",5,2,1148,1200,52,0,2,-2,0
"2024-25","18286","Maryland","Shyanne Sellers",0,4,1200,1638,438,15,5,10,0
"2024-25","18286","Maryland","Kaylene Smikle",2,4,1200,1502,302,8,3,5,0
"2024-25","18286","Maryland","Allie Kubek",14,3,1200,1502,302,8,3,5,0
"2024-25","18286","Maryland","Christina Dalce",15,4,1200,1502,302,8,3,5,0
"2024-25","18286","Towson","Semaya Turner",1,3,1200,1449,249,3,6,-3,0
"2024-25","18286","Towson","Shariah Baynes",4,3,1200,1502,302,3,8,-5,0
"2024-25","18286","Towson","Khady Leye",6,3,1200,1392,192,0,4,-4,0
"2024-25","18286","Towson","Jordan Wakefield",11,4,1392,1627,235,5,11,-6,0
"2024-25","18286","Maryland","Bri McDaniel",24,3,1418,1715,297,12,8,4,0
"2024-25","18286","Towson","Aminata Diakite",7,3,1449,1922,473,8,23,-15,0
"2024-25","18286","Maryland","Sarah Te-Biasu",1,4,1502,1800,298,12,8,4,0
"2024-25","18286","Maryland","Saylor Poffenbarger",6,3,1502,2148,646,27,12,15,0
"2024-25","18286","Maryland","Mir McLean",10,3,1502,1922,420,21,8,13,0
"2024-25","18286","Towson","Khady Leye",6,4,1502,1759,257,8,10,-2,0
"2024-25","18286","Towson","Caydence Hadley",9,2,1617,1800,183,6,5,1,0
"2024-25","18286","Towson","Shariah Baynes",4,4,1627,2400,773,18,29,-11,0
"2024-25","18286","Maryland","Allie Kubek",14,4,1638,1989,351,16,8,8,0
"2024-25","18286","Maryland","Kaylene Smikle",2,5,1715,1922,207,11,0,11,0
"2024-25","18286","Towson","Anaiah Jenkins",22,2,1759,1922,163,0,11,-11,0
"2024-25","18286","Maryland","Shyanne Sellers",0,5,1800,2039,239,13,2,11,0
"2024-25","18286","Towson","Khady Leye",6,5,1800,2367,567,12,22,-10,0
"2024-25","18286","Maryland","Ava McKennie",5,3,1922,2400,478,15,12,3,0
"2024-25","18286","Maryland","Bri McDaniel",24,4,1922,2400,478,15,12,3,0
"2024-25","18286","Towson","Semaya Turner",1,4,1922,2148,226,4,6,-2,0
"2024-25","18286","Towson","Deja Bristol",31,4,1922,2400,478,12,15,-3,0
"2024-25","18286","Maryland","Christina Dalce",15,5,1989,2282,293,7,6,1,0
"2024-25","18286","Maryland","Amari DeBerry",42,3,2039,2400,361,11,10,1,0
"2024-25","18286","Maryland","Emily Fisher",3,2,2148,2400,252,9,8,1,0
"2024-25","18286","Towson","Aminata Diakite",7,4,2148,2400,252,8,9,-1,0
"2024-25","18286","Maryland","Mir McLean",10,4,2282,2400,118,6,4,2,0
"2024-25","18286","Towson","Caydence Hadley",9,3,2367,2400,33,0,2,-2,0
"2024-25","18289","Maryland","Shyanne Sellers",0,1,0,440,440,20,12,8,1
"2024-25","18289","Maryland","Sarah Te-Biasu",1,1,0,334,334,12,7,5,1
"2024-25","18289","Maryland","Kaylene Smikle",2,1,0,250,250,11,5,6,1
"2024-25","18289","Maryland","Saylor Poffenbarger",6,1,0,334,334,12,7,5,1
"2024-25","18289","Maryland","Christina Dalce",15,1,0,250,250,11,5,6,1
"2024-25","18289","William & Mary","Cassidy Geddes",1,1,0,440,440,12,20,-8,1
"2024-25","18289","William & Mary","Bella Nascimento",5,1,0,334,334,7,12,-5,1
"2024-25","18289","William & Mary","Rebekah Frisby-Smith",14,1,0,250,250,5,11,-6,1
"2024-25","18289","William & Mary","Kayla Rolph",23,1,0,334,334,7,12,-5,1
"2024-25","18289","William & Mary","Anahi-Lee Cauley",35,1,0,250,250,5,11,-6,1
"2024-25","18289","Maryland","Allie Kubek",14,1,250,600,350,12,9,3,0
"2024-25","18289","Maryland","Bri McDaniel",24,1,250,600,350,12,9,3,0
"2024-25","18289","William & Mary","Monet Dance",2,1,250,600,350,9,12,-3,0
"2024-25","18289","William & Mary","Jana Sallman",12,1,250,440,190,7,9,-2,0
"2024-25","18289","Maryland","Mir McLean",10,1,334,516,182,9,7,2,0
"2024-25","18289","Maryland","Christina Dalce",15,2,334,516,182,9,7,2,0
"2024-25","18289","William & Mary","Aislinn Gibson",11,1,334,600,266,7,11,-4,0
"2024-25","18289","William & Mary","Anahi-Lee Cauley",35,2,334,708,374,12,13,-1,0
"2024-25","18289","Maryland","Kaylene Smikle",2,2,440,887,447,13,9,4,0
"2024-25","18289","William & Mary","Bella Nascimento",5,2,440,600,160,2,3,-1,0
"2024-25","18289","William & Mary","Kayla Rolph",23,2,440,600,160,2,3,-1,0
"2024-25","18289","Maryland","Sarah Te-Biasu",1,2,516,887,371,12,7,5,0
"2024-25","18289","Maryland","Saylor Poffenbarger",6,2,516,705,189,4,5,-1,0
"2024-25","18289","Maryland","Shyanne Sellers",0,2,600,1084,484,21,7,14,0
"2024-25","18289","Maryland","Christina Dalce",15,3,600,734,134,2,5,-3,0
"2024-25","18289","William & Mary","Cassidy Geddes",1,2,600,887,287,7,10,-3,0
"2024-25","18289","William & Mary","Jana Sallman",12,2,600,769,169,5,2,3,0
"2024-25","18289","William & Mary","Rebekah Frisby-Smith",14,2,600,769,169,5,2,3,0
"2024-25","18289","William & Mary","Emma West",24,1,600,887,287,7,10,-3,0
"2024-25","18289","Maryland","Allie Kubek",14,2,705,887,182,8,2,6,0
"2024-25","18289","William & Mary","Marley Long",10,1,708,887,179,2,8,-6,0
"2024-25","18289","Maryland","Saylor Poffenbarger",6,3,734,1017,283,16,2,14,0
"2024-25","18289","William & Mary","Kayla Rolph",23,3,769,887,118,2,8,-6,0
"2024-25","18289","William & Mary","Anahi-Lee Cauley",35,3,769,1418,649,23,30,-7,0
"2024-25","18289","Maryland","Ava McKennie",5,1,887,1200,313,16,9,7,0
"2024-25","18289","Maryland","Mir McLean",10,2,887,1200,313,16,9,7,0
"2024-25","18289","Maryland","Bri McDaniel",24,2,887,1200,313,16,9,7,0
"2024-25","18289","William & Mary","Monet Dance",2,2,887,945,58,0,3,-3,0
"2024-25","18289","William & Mary","Aislinn Gibson",11,2,887,1084,197,0,11,-11,0
"2024-25","18289","William & Mary","Jana Sallman",12,3,887,945,58,0,3,-3,0
"2024-25","18289","William & Mary","Sophia LeGoullon",13,1,887,1084,197,0,11,-11,0
"2024-25","18289","William & Mary","Cassidy Geddes",1,3,945,2400,1455,36,71,-35,0
"2024-25","18289","William & Mary","Bella Nascimento",5,3,945,1084,139,0,8,-8,0
"2024-25","18289","Maryland","Kaylene Smikle",2,3,1017,1325,308,10,15,-5,0
"2024-25","18289","Maryland","Sarah Te-Biasu",1,3,1084,1394,310,9,20,-11,0
"2024-25","18289","William & Mary","Monet Dance",2,3,1084,1200,116,9,5,4,0
"2024-25","18289","William & Mary","Jana Sallman",12,4,1084,1200,116,9,5,4,0
"2024-25","18289","William & Mary","Kayla Rolph",23,4,1084,1369,285,16,9,7,0
"2024-25","18289","Maryland","Shyanne Sellers",0,3,1200,1252,52,0,3,-3,0
"2024-25","18289","Maryland","Saylor Poffenbarger",6,4,1200,1636,436,19,18,1,0
"2024-25","18289","Maryland","Christina Dalce",15,4,1200,1291,91,0,6,-6,0
"2024-25","18289","William & Mary","Bella Nascimento",5,4,1200,1469,269,12,10,2,0
"2024-25","18289","William & Mary","Rebekah Frisby-Smith",14,3,1200,1394,194,11,4,7,0
"2024-25","18289","Maryland","Bri McDaniel",24,3,1252,1547,295,14,11,3,0
"2024-25","18289","Maryland","Allie Kubek",14,3,1291,1736,445,25,12,13,0
"2024-25","18289","Maryland","Shyanne Sellers",0,4,1325,1663,338,17,12,5,0
"2024-25","18289","William & Mary","Jana Sallman",12,5,1369,1636,267,11,15,-4,0
"2024-25","18289","Maryland","Kaylene Smikle",2,4,1394,1663,269,15,7,8,0
"2024-25","18289","William & Mary","Emma West",24,2,1394,1547,153,3,10,-7,0
"2024-25","18289","William & Mary","Kayla Rolph",23,5,1418,1736,318,6,19,-13,0
"2024-25","18289","William & Mary","Anahi-Lee Cauley",35,4,1469,1547,78,2,4,-2,0
"2024-25","18289","Maryland","Mir McLean",10,3,1547,2400,853,44,13,31,0
"2024-25","18289","William & Mary","Bella Nascimento",5,5,1547,2123,576,12,29,-17,0
"2024-25","18289","William & Mary","Rebekah Frisby-Smith",14,4,1547,1663,116,4,6,-2,0
"2024-25","18289","Maryland","Christina Dalce",15,5,1636,2400,764,39,9,30,0
"2024-25","18289","William & Mary","Marley Long",10,2,1636,1800,164,2,11,-9,0
"2024-25","18289","Maryland","Sarah Te-Biasu",1,4,1663,2005,342,21,8,13,0
"2024-25","18289","Maryland","Bri McDaniel",24,4,1663,2400,737,39,9,30,0
"2024-25","18289","William & Mary","Sophia LeGoullon",13,2,1663,1800,137,2,10,-8,0
"2024-25","18289","Maryland","Ava McKennie",5,2,1736,2400,664,33,9,24,0
"2024-25","18289","William & Mary","Jana Sallman",12,6,1736,2123,387,8,18,-10,0
"2024-25","18289","William & Mary","Aislinn Gibson",11,3,1800,2005,205,6,10,-4,0
"2024-25","18289","William & Mary","Anahi-Lee Cauley",35,5,1800,2002,202,6,10,-4,0
"2024-25","18289","William & Mary","Emma West",24,3,2002,2400,398,1,18,-17,0
"2024-25","18289","Maryland","Allie Kubek",14,4,2005,2400,395,18,1,17,0
"2024-25","18289","William & Mary","Marley Long",10,3,2005,2195,190,0,6,-6,0
"2024-25","18289","William & Mary","Sophia LeGoullon",13,3,2123,2400,277,1,15,-14,0
"2024-25","18289","William & Mary","Kayla Rolph",23,6,2123,2124,1,0,1,-1,0
"2024-25","18289","William & Mary","Anahi-Lee Cauley",35,6,2124,2400,276,1,14,-13,0
"2024-25","18289","William & Mary","Kayla Rolph",23,7,2195,2239,44,0,4,-4,0
"2024-25","18289","William & Mary","Jana Sallman",12,7,2239,2400,161,1,8,-7,0
"2024-25","18346","Maryland","Shyanne Sellers",0,1,0,600,600,18,8,10,1
"2024-25","18346","Maryland","Sarah Te-Biasu",1,1,0,271,271,7,2,5,1
"2024-25","18346","Maryland","Kaylene Smikle",2,1,0,271,271,7,2,5,1
"2024-25","18346","Maryland","Allie Kubek",14,1,0,282,282,7,2,5,1
"2024-25","18346","Maryland","Christina Dalce",15,1,0,125,125,5,0,5,1
"2024-25","18346","Umbc","Jaliena Sanchez",3,1,0,350,350,2,9,-7,1
"2024-25","18346","Umbc","Jordon Lewis",5,1,0,271,271,2,7,-5,1
"2024-25","18346","Umbc","Alaina Williams",10,1,0,125,125,0,5,-5,1
"2024-25","18346","Umbc","Carmen Yanez",15,1,0,271,271,2,7,-5,1
"2024-25","18346","Umbc","Talia Davis",21,1,0,762,762,11,20,-9,1
"2024-25","18346","Maryland","Saylor Poffenbarger",6,1,125,317,192,2,2,0,0
"2024-25","18346","Umbc","Laura Lacambra",33,1,125,445,320,8,8,0,0
"2024-25","18346","Maryland","Mir McLean",10,1,271,317,46,0,0,0,0
"2024-25","18346","Maryland","Bri McDaniel",24,1,271,487,216,8,6,2,0
"2024-25","18346","Umbc","Yasmin Ott",0,1,271,496,225,6,8,-2,0
"2024-25","18346","Umbc","Tiara Bellamy",1,1,271,299,28,0,0,0,0
"2024-25","18346","Maryland","Amari DeBerry",42,1,282,434,152,5,4,1,0
"2024-25","18346","Umbc","Tiara Bellamy",1,2,299,434,135,4,5,-1,0
"2024-25","18346","Umbc","Alaina Williams",10,2,299,511,212,6,8,-2,0
"2024-25","18346","Maryland","Kaylene Smikle",2,2,317,762,445,13,9,4,0
"2024-25","18346","Maryland","Allie Kubek",14,2,317,1300,983,29,22,7,0
"2024-25","18346","Umbc","Carmen Yanez",15,2,350,1084,734,18,19,-1,0
"2024-25","18346","Maryland","Mir McLean",10,2,434,496,62,3,2,1,0
"2024-25","18346","Umbc","Jordon Lewis",5,2,434,833,399,10,10,0,0
"2024-25","18346","Maryland","Sarah Te-Biasu",1,2,487,1800,1313,35,21,14,0
"2024-25","18346","Maryland","Amari DeBerry",42,2,496,600,104,3,0,3,0
"2024-25","18346","Umbc","Jaliena Sanchez",3,2,496,1800,1304,21,35,-14,0
"2024-25","18346","Umbc","Laura Lacambra",33,2,511,883,372,8,7,1,0
"2024-25","18346","Maryland","Saylor Poffenbarger",6,2,600,1036,436,8,11,-3,0
"2024-25","18346","Maryland","Christina Dalce",15,2,600,695,95,2,0,2,0
"2024-25","18346","Maryland","Amari DeBerry",42,3,695,833,138,2,8,-6,0
"2024-25","18346","Maryland","Shyanne Sellers",0,2,762,1641,879,24,15,9,0
"2024-25","18346","Umbc","Yasmin Ott",0,2,762,1200,438,11,13,-2,0
"2024-25","18346","Maryland","Ava McKennie",5,1,833,986,153,2,3,-1,0
"2024-25","18346","Umbc","Talia Davis",21,2,833,1147,314,6,8,-2,0
"2024-25","18346","Umbc","Jordon Lewis",5,3,883,1147,264,6,8,-2,0
"2024-25","18346","Maryland","Kaylene Smikle",2,3,986,1463,477,14,7,7,0
"2024-25","18346","Maryland","Emily Fisher",3,1,1036,1200,164,7,3,4,0
"2024-25","18346","Umbc","Laura Lacambra",33,3,1084,1200,116,2,5,-3,0
"2024-25","18346","Umbc","Alaina Williams",10,3,1147,1211,64,0,3,-3,0
"2024-25","18346","Umbc","Carmen Yanez",15,3,1147,1665,518,4,14,-10,0
"2024-25","18346","Maryland","Christina Dalce",15,3,1200,2209,1009,33,10,23,0
"2024-25","18346","Umbc","Jordon Lewis",5,4,1200,1368,168,2,3,-1,0
"2024-25","18346","Umbc","Talia Davis",21,3,1200,2098,898,10,29,-19,0
"2024-25","18346","Umbc","Laura Lacambra",33,4,1211,1641,430,4,11,-7,0
"2024-25","18346","Maryland","Saylor Poffenbarger",6,3,1300,1463,163,2,2,0,0
"2024-25","18346","Umbc","Tiara Bellamy",1,3,1368,1641,273,2,8,-6,0
"2024-25","18346","Maryland","Allie Kubek",14,3,1463,1800,337,12,3,9,0
"2024-25","18346","Maryland","Bri McDaniel",24,2,1463,2400,937,36,6,30,0
"2024-25","18346","Maryland","Kaylene Smikle",2,4,1641,1800,159,6,3,3,0
"2024-25","18346","Umbc","Jordon Lewis",5,5,1641,2017,376,5,15,-10,0
"2024-25","18346","Umbc","Lauren Thompson",12,1,1641,1800,159,3,6,-3,0
"2024-25","18346","Umbc","Yasmin Ott",0,3,1665,1800,135,3,6,-3,0
"2024-25","18346","Maryland","Shyanne Sellers",0,3,1800,2152,352,16,3,13,0
"2024-25","18346","Maryland","Saylor Poffenbarger",6,4,1800,2017,217,9,2,7,0
"2024-25","18346","Maryland","Mir McLean",10,3,1800,2400,600,24,3,21,0
"2024-25","18346","Umbc","Jaliena Sanchez",3,3,1800,2235,435,3,16,-13,0
"2024-25","18346","Umbc","Carmen Yanez",15,4,1800,2294,494,3,18,-15,0
"2024-25","18346","Umbc","Laura Lacambra",33,5,1800,1907,107,0,2,-2,0
"2024-25","18346","Umbc","Tiara Bellamy",1,4,1907,2152,245,3,13,-10,0
"2024-25","18346","Maryland","Ava McKennie",5,2,2017,2400,383,15,1,14,0
"2024-25","18346","Umbc","Yasmin Ott",0,4,2017,2400,383,1,15,-14,0
"2024-25","18346","Umbc","Alaina Williams",10,4,2098,2400,302,0,12,-12,0
"2024-25","18346","Maryland","Amari DeBerry",42,4,2152,2400,248,8,0,8,0
"2024-25","18346","Umbc","Talia Davis",21,4,2152,2235,83,0,1,-1,0
"2024-25","18346","Maryland","Emily Fisher",3,2,2209,2400,191,8,0,8,0
"2024-25","18346","Umbc","Lauren Thompson",12,2,2235,2400,165,0,8,-8,0
"2024-25","18346","Umbc","Kenya Ramsey",13,1,2235,2400,165,0,8,-8,0
"2024-25","18346","Umbc","Riley Donahue",4,1,2294,2400,106,0,6,-6,0
"2024-25","18347","Maryland","Shyanne Sellers",0,1,0,313,313,7,8,-1,1
"2024-25","18347","Maryland","Sarah Te-Biasu",1,1,0,506,506,9,17,-8,1
"2024-25","18347","Maryland","Kaylene Smikle",2,1,0,266,266,7,8,-1,1
"2024-25","18347","Maryland","Allie Kubek",14,1,0,371,371,7,10,-3,1
"2024-25","18347","Maryland","Christina Dalce",15,1,0,103,103,2,3,-1,1
"2024-25","18347","Syracuse","Sophie Burrows",4,1,0,835,835,24,21,3,1
"2024-25","18347","Syracuse","Georgia Woolley",5,1,0,2400,2400,73,84,-11,1
"2024-25","18347","Syracuse","Angelica Velez",15,1,0,425,425,12,9,3,1
"2024-25","18347","Syracuse","Kyra Wood",22,1,0,505,505,17,9,8,1
"2024-25","18347","Syracuse","Izabel VarejÃ£o",34,1,0,371,371,10,7,3,1
"2024-25","18347","Maryland","Saylor Poffenbarger",6,1,103,266,163,5,5,0,0
"2024-25","18347","Maryland","Mir McLean",10,1,266,600,334,7,12,-5,0
"2024-25","18347","Maryland","Bri McDaniel",24,1,266,600,334,7,12,-5,0
"2024-25","18347","Maryland","Kaylene Smikle",2,2,313,371,58,0,2,-2,0
"2024-25","18347","Maryland","Shyanne Sellers",0,2,371,1430,1059,43,30,13,0
"2024-25","18347","Maryland","Amari DeBerry",42,1,371,506,135,2,7,-5,0
"2024-25","18347","Syracuse","Journey Thompson",2,1,371,697,326,12,7,5,0
"2024-25","18347","Syracuse","Olivia Schmitt",3,1,425,835,410,12,12,0,0
"2024-25","18347","Syracuse","Keira Scott",1,1,505,600,95,3,5,-2,0
"2024-25","18347","Maryland","Kaylene Smikle",2,3,506,697,191,5,5,0,0
"2024-25","18347","Maryland","Allie Kubek",14,2,506,1797,1291,52,35,17,0
"2024-25","18347","Maryland","Sarah Te-Biasu",1,2,600,697,97,0,2,-2,0
"2024-25","18347","Maryland","Christina Dalce",15,2,600,1302,702,30,15,15,0
"2024-25","18347","Syracuse","Kyra Wood",22,2,600,1897,1297,33,48,-15,0
"2024-25","18347","Maryland","Saylor Poffenbarger",6,2,697,1200,503,28,9,19,0
"2024-25","18347","Maryland","Bri McDaniel",24,2,697,1003,306,18,4,14,0
"2024-25","18347","Syracuse","Keira Scott",1,2,697,881,184,2,11,-9,0
"2024-25","18347","Syracuse","Shy Hawkins",14,1,835,1003,168,2,11,-9,0
"2024-25","18347","Syracuse","Angelica Velez",15,2,835,1132,297,5,18,-13,0
"2024-25","18347","Syracuse","Sophie Burrows",4,2,881,1800,919,28,36,-8,0
"2024-25","18347","Maryland","Kaylene Smikle",2,4,1003,1500,497,20,18,2,0
"2024-25","18347","Syracuse","Journey Thompson",2,2,1003,1200,197,5,10,-5,0
"2024-25","18347","Syracuse","Olivia Schmitt",3,2,1132,1200,68,2,3,-1,0
"2024-25","18347","Maryland","Bri McDaniel",24,3,1200,2400,1200,42,42,0,0
"2024-25","18347","Syracuse","Angelica Velez",15,3,1200,1265,65,2,2,0,0
"2024-25","18347","Syracuse","Izabel VarejÃ£o",34,2,1200,1344,144,4,2,2,0
"2024-25","18347","Syracuse","Dominique Camp",24,1,1265,2400,1135,40,40,0,0
"2024-25","18347","Maryland","Saylor Poffenbarger",6,3,1302,1897,595,18,17,1,0
"2024-25","18347","Syracuse","Saniaa Wilson",21,1,1344,1614,270,11,11,0,0
"2024-25","18347","Maryland","Sarah Te-Biasu",1,3,1430,1785,355,10,10,0,0
"2024-25","18347","Maryland","Christina Dalce",15,3,1500,1621,121,4,2,2,0
"2024-25","18347","Syracuse","Journey Thompson",2,3,1614,2085,471,14,13,1,0
"2024-25","18347","Maryland","Shyanne Sellers",0,3,1621,1873,252,5,6,-1,0
"2024-25","18347","Maryland","Kaylene Smikle",2,5,1785,2343,558,21,21,0,0
"2024-25","18347","Maryland","Mir McLean",10,2,1797,1800,3,0,0,0,0
"2024-25","18347","Maryland","Christina Dalce",15,4,1800,2011,211,5,6,-1,0
"2024-25","18347","Syracuse","Madeline Potts",17,1,1800,2011,211,6,5,1,0
"2024-25","18347","Maryland","Sarah Te-Biasu",1,4,1873,2139,266,9,10,-1,0
"2024-25","18347","Maryland","Allie Kubek",14,3,1897,2400,503,22,21,1,0
"2024-25","18347","Syracuse","Izabel VarejÃ£o",34,3,1897,2223,326,13,8,5,0
"2024-25","18347","Maryland","Saylor Poffenbarger",6,4,2011,2364,353,18,15,3,0
"2024-25","18347","Syracuse","Sophie Burrows",4,3,2011,2400,389,15,18,-3,0
"2024-25","18347","Syracuse","Kyra Wood",22,3,2085,2400,315,13,16,-3,0
"2024-25","18347","Maryland","Shyanne Sellers",0,4,2139,2400,261,14,11,3,0
"2024-25","18347","Syracuse","Journey Thompson",2,4,2223,2400,177,7,14,-7,0
"2024-25","18347","Maryland","Christina Dalce",15,5,2343,2351,8,0,2,-2,0
"2024-25","18347","Maryland","Kaylene Smikle",2,6,2351,2359,8,1,0,1,0
"2024-25","18347","Maryland","Christina Dalce",15,6,2359,2400,41,2,0,2,0
"2024-25","18347","Maryland","Mir McLean",10,3,2364,2400,36,0,0,0,0
"2024-25","18348","George Mason","Zahirah Walton",2,1,0,713,713,12,25,-13,1
"2024-25","18348","George Mason","Kennedy Harris",3,1,0,593,593,8,18,-10,1
"2024-25","18348","George Mason","Paula Suarez",14,1,0,439,439,3,16,-13,1
"2024-25","18348","George Mason","Ta'Viyanna Habib",22,1,0,324,324,3,11,-8,1
"2024-25","18348","George Mason","Nalani Kaysia",42,1,0,324,324,3,11,-8,1
"2024-25","18348","Maryland","Sarah Te-Biasu",1,1,0,194,194,9,3,6,1
"2024-25","18348","Maryland","Kaylene Smikle",2,1,0,439,439,16,3,13,1
"2024-25","18348","Maryland","Allie Kubek",14,1,0,713,713,25,12,13,1
"2024-25","18348","Maryland","Christina Dalce",15,1,0,207,207,9,3,6,1
"2024-25","18348","Maryland","Shyanne Sellers",54,1,0,600,600,18,8,10,1
"2024-25","18348","Maryland","Bri McDaniel",24,1,194,279,85,0,0,0,0
"2024-25","18348","Maryland","Saylor Poffenbarger",6,1,207,1200,993,28,24,4,0
"2024-25","18348","Maryland","Christina Dalce",15,2,279,473,194,7,3,4,0
"2024-25","18348","George Mason","Trinity Massenberg",10,1,324,593,269,5,7,-2,0
"2024-25","18348","George Mason","Louis Volker",15,1,324,873,549,14,18,-4,0
"2024-25","18348","George Mason","Jada Brown",13,1,439,1068,629,16,17,-1,0
"2024-25","18348","Maryland","Mir McLean",10,1,439,1200,761,21,24,-3,0
"2024-25","18348","Maryland","Sarah Te-Biasu",1,2,473,2400,1927,50,50,0,0
"2024-25","18348","George Mason","Paula Suarez",14,2,593,802,209,6,11,-5,0
"2024-25","18348","George Mason","Nalani Kaysia",42,2,593,802,209,6,11,-5,0
"2024-25","18348","Maryland","Kaylene Smikle",2,2,600,1056,456,15,11,4,0
"2024-25","18348","George Mason","Nekhu Mitchell",11,1,713,802,89,2,4,-2,0
"2024-25","18348","Maryland","Shyanne Sellers",54,2,713,1171,458,12,12,0,0
"2024-25","18348","George Mason","Zahirah Walton",2,2,802,1171,369,10,7,3,0
"2024-25","18348","George Mason","Kennedy Harris",3,2,802,2032,1230,35,19,16,0
"2024-25","18348","George Mason","Trinity Massenberg",10,2,802,874,72,3,1,2,0
"2024-25","18348","George Mason","Paula Suarez",14,3,873,2400,1527,39,37,2,0
"2024-25","18348","George Mason","Nalani Kaysia",42,3,874,949,75,2,0,2,0
"2024-25","18348","George Mason","Trinity Massenberg",10,3,949,1171,222,5,6,-1,0
"2024-25","18348","Maryland","Allie Kubek",14,2,1056,1374,318,8,16,-8,0
"2024-25","18348","George Mason","Khamya McNeal",23,1,1068,1200,132,8,4,4,0
"2024-25","18348","George Mason","Jada Brown",13,2,1171,1200,29,3,1,2,0
"2024-25","18348","George Mason","Nalani Kaysia",42,4,1171,2336,1165,32,27,5,0
"2024-25","18348","Maryland","Ava McKennie",5,1,1171,1200,29,0,3,-3,0
"2024-25","18348","George Mason","Louis Volker",15,2,1200,2032,832,22,11,11,0
"2024-25","18348","George Mason","Ta'Viyanna Habib",22,2,1200,1281,81,3,0,3,0
"2024-25","18348","Maryland","Kaylene Smikle",2,3,1200,1331,131,2,6,-4,0
"2024-25","18348","Maryland","Christina Dalce",15,3,1200,1281,81,0,3,-3,0
"2024-25","18348","Maryland","Shyanne Sellers",54,3,1200,1281,81,0,3,-3,0
"2024-25","18348","George Mason","Jada Brown",13,3,1281,1800,519,15,7,8,0
"2024-25","18348","Maryland","Saylor Poffenbarger",6,2,1281,1686,405,4,13,-9,0
"2024-25","18348","Maryland","Bri McDaniel",24,2,1281,1614,333,4,10,-6,0
"2024-25","18348","Maryland","Shyanne Sellers",54,4,1331,1450,119,2,5,-3,0
"2024-25","18348","Maryland","Mir McLean",10,2,1374,1522,148,0,3,-3,0
"2024-25","18348","Maryland","Allie Kubek",14,3,1450,1800,350,3,7,-4,0
"2024-25","18348","Maryland","Shyanne Sellers",54,5,1522,1547,25,0,0,0,0
"2024-25","18348","Maryland","Mir McLean",10,3,1547,1715,168,0,5,-5,0
"2024-25","18348","Maryland","Shyanne Sellers",54,6,1614,2400,786,25,16,9,0
"2024-25","18348","Maryland","Kaylene Smikle",2,4,1686,2373,687,25,13,12,0
"2024-25","18348","Maryland","Saylor Poffenbarger",6,3,1715,2400,685,25,13,12,0
"2024-25","18348","George Mason","Zahirah Walton",2,3,1800,2400,600,11,22,-11,0
"2024-25","18348","Maryland","Christina Dalce",15,4,1800,2400,600,22,11,11,0
"2024-25","18348","George Mason","Jada Brown",13,4,2032,2102,70,2,5,-3,0
"2024-25","18348","George Mason","Ta'Viyanna Habib",22,3,2032,2102,70,2,5,-3,0
"2024-25","18348","George Mason","Kennedy Harris",3,3,2102,2400,298,5,13,-8,0
"2024-25","18348","George Mason","Louis Volker",15,3,2102,2400,298,5,13,-8,0
"2024-25","18348","George Mason","Trinity Massenberg",10,4,2336,2363,27,0,2,-2,0
"2024-25","18348","George Mason","Ta'Viyanna Habib",22,4,2363,2400,37,0,1,-1,0
"2024-25","18348","Maryland","Bri McDaniel",24,3,2373,2400,27,0,0,0,0
"2024-25","18349","Maryland","Shyanne Sellers",0,1,0,298,298,10,7,3,1
"2024-25","18349","Maryland","Sarah Te-Biasu",1,1,0,383,383,14,11,3,1
"2024-25","18349","Maryland","Kaylene Smikle",2,1,0,269,269,8,7,1,1
"2024-25","18349","Maryland","Allie Kubek",14,1,0,269,269,8,7,1,1
"2024-25","18349","Maryland","Christina Dalce",15,1,0,185,185,8,3,5,1
"2024-25","18349","Toledo","Kendall Carruthers",4,1,0,185,185,3,8,-5,1
"2024-25","18349","Toledo","Cadence Dykstra",14,1,0,269,269,7,8,-1,1
"2024-25","18349","Toledo","Khera Goss",22,1,0,298,298,7,10,-3,1
"2024-25","18349","Toledo","Sammi Mikonowicz",33,1,0,269,269,7,8,-1,1
"2024-25","18349","Toledo","Jessica Cook",34,1,0,185,185,3,8,-5,1
"2024-25","18349","Maryland","Saylor Poffenbarger",6,1,185,600,415,17,18,-1,0
"2024-25","18349","Toledo","Nan Garcia",1,1,185,383,198,8,6,2,0
"2024-25","18349","Toledo","Destiny Robinson",11,1,185,507,322,16,13,3,0
"2024-25","18349","Maryland","Mir McLean",10,1,269,600,331,17,14,3,0
"2024-25","18349","Maryland","Bri McDaniel",24,1,269,291,22,2,0,2,0
"2024-25","18349","Toledo","Kendall Carruthers",4,2,269,640,371,14,20,-6,0
"2024-25","18349","Toledo","Evalyse Cole",10,1,269,383,114,4,6,-2,0
"2024-25","18349","Maryland","Kaylene Smikle",2,2,291,507,216,11,12,-1,0
"2024-25","18349","Maryland","Allie Kubek",14,2,298,383,85,4,4,0,0
"2024-25","18349","Toledo","Sammi Mikonowicz",33,2,298,743,445,17,20,-3,0
"2024-25","18349","Maryland","Shyanne Sellers",0,2,383,1066,683,29,19,10,0
"2024-25","18349","Maryland","Amari DeBerry",42,1,383,595,212,11,10,1,0
"2024-25","18349","Toledo","Cadence Dykstra",14,2,383,507,124,8,7,1,0
"2024-25","18349","Toledo","Hannah Noveroske",51,1,383,595,212,10,11,-1,0
"2024-25","18349","Maryland","Sarah Te-Biasu",1,2,507,836,329,13,7,6,0
"2024-25","18349","Toledo","Ella Weaver",12,1,507,836,329,7,13,-6,0
"2024-25","18349","Toledo","Khera Goss",22,2,507,857,350,7,13,-6,0
"2024-25","18349","Maryland","Allie Kubek",14,3,595,836,241,9,5,4,0
"2024-25","18349","Toledo","Nan Garcia",1,2,595,836,241,5,9,-4,0
"2024-25","18349","Maryland","Christina Dalce",15,2,600,836,236,9,5,4,0
"2024-25","18349","Maryland","Bri McDaniel",24,2,600,841,241,9,5,4,0
"2024-25","18349","Toledo","Cadence Dykstra",14,3,640,1345,705,14,28,-14,0
"2024-25","18349","Toledo","Evalyse Cole",10,2,743,1004,261,6,11,-5,0
"2024-25","18349","Maryland","Kaylene Smikle",2,3,836,977,141,5,4,1,0
"2024-25","18349","Maryland","Saylor Poffenbarger",6,2,836,1616,780,28,15,13,0
"2024-25","18349","Maryland","Mir McLean",10,2,836,1161,325,15,6,9,0
"2024-25","18349","Toledo","Sammi Mikonowicz",33,3,836,977,141,4,5,-1,0
"2024-25","18349","Toledo","Hannah Noveroske",51,2,836,977,141,4,5,-1,0
"2024-25","18349","Maryland","Ava McKennie",5,1,841,977,136,5,4,1,0
"2024-25","18349","Toledo","Faith Fedd-Robinson",2,1,857,1004,147,4,7,-3,0
"2024-25","18349","Maryland","Sarah Te-Biasu",1,3,977,1717,740,26,13,13,0
"2024-25","18349","Maryland","Allie Kubek",14,4,977,1345,368,15,5,10,0
"2024-25","18349","Toledo","Khera Goss",22,3,977,1416,439,9,17,-8,0
"2024-25","18349","Toledo","Jessica Cook",34,2,977,1303,326,5,15,-10,0
"2024-25","18349","Toledo","Ella Weaver",12,2,1004,1200,196,3,10,-7,0
"2024-25","18349","Toledo","Sammi Mikonowicz",33,4,1004,1529,525,11,17,-6,0
"2024-25","18349","Maryland","Kaylene Smikle",2,4,1066,1416,350,13,9,4,0
"2024-25","18349","Maryland","Christina Dalce",15,3,1161,1200,39,2,1,1,0
"2024-25","18349","Maryland","Shyanne Sellers",0,3,1200,1391,191,5,4,1,0
"2024-25","18349","Toledo","Kendall Carruthers",4,3,1200,1326,126,2,3,-1,0
"2024-25","18349","Toledo","Hannah Noveroske",51,3,1303,1416,113,4,2,2,0
"2024-25","18349","Toledo","Ella Weaver",12,3,1326,1416,90,4,2,2,0
"2024-25","18349","Maryland","Amari DeBerry",42,2,1345,1490,145,4,4,0,0
"2024-25","18349","Toledo","Destiny Robinson",11,2,1345,1616,271,6,6,0,0
"2024-25","18349","Maryland","Bri McDaniel",24,3,1391,1826,435,12,9,3,0
"2024-25","18349","Maryland","Mir McLean",10,3,1416,1796,380,12,6,6,0
"2024-25","18349","Toledo","Nan Garcia",1,3,1416,1616,200,2,6,-4,0
"2024-25","18349","Toledo","Evalyse Cole",10,3,1416,1529,113,2,2,0,0
"2024-25","18349","Toledo","Cadence Dykstra",14,4,1416,1717,301,4,9,-5,0
"2024-25","18349","Maryland","Christina Dalce",15,4,1490,1616,126,4,2,2,0
"2024-25","18349","Toledo","Faith Fedd-Robinson",2,2,1529,1616,87,0,4,-4,0
"2024-25","18349","Toledo","Kendall Carruthers",4,4,1529,1616,87,0,4,-4,0
"2024-25","18349","Maryland","Kaylene Smikle",2,5,1616,2116,500,19,12,7,0
"2024-25","18349","Maryland","Amari DeBerry",42,3,1616,1800,184,6,5,1,0
"2024-25","18349","Toledo","Ella Weaver",12,4,1616,1800,184,5,6,-1,0
"2024-25","18349","Toledo","Khera Goss",22,4,1616,1763,147,2,6,-4,0
"2024-25","18349","Toledo","Sammi Mikonowicz",33,5,1616,1696,80,2,1,1,0
"2024-25","18349","Toledo","Hannah Noveroske",51,4,1616,1800,184,5,6,-1,0
"2024-25","18349","Toledo","Evalyse Cole",10,4,1696,1800,104,3,5,-2,0
"2024-25","18349","Maryland","Shyanne Sellers",0,4,1717,2222,505,21,14,7,0
"2024-25","18349","Toledo","Destiny Robinson",11,3,1717,1800,83,3,3,0,0
"2024-25","18349","Toledo","Faith Fedd-Robinson",2,3,1763,1800,37,3,0,3,0
"2024-25","18349","Maryland","Christina Dalce",15,5,1796,1983,187,5,5,0,0
"2024-25","18349","Maryland","Allie Kubek",14,5,1800,1904,104,2,3,-1,0
"2024-25","18349","Toledo","Kendall Carruthers",4,5,1800,2009,209,5,7,-2,0
"2024-25","18349","Toledo","Cadence Dykstra",14,5,1800,2116,316,7,13,-6,0
"2024-25","18349","Toledo","Khera Goss",22,5,1800,1941,141,4,3,1,0
"2024-25","18349","Toledo","Sammi Mikonowicz",33,6,1800,2009,209,5,7,-2,0
"2024-25","18349","Toledo","Jessica Cook",34,3,1800,1888,88,2,2,0,0
"2024-25","18349","Maryland","Saylor Poffenbarger",6,3,1826,2116,290,13,7,6,0
"2024-25","18349","Toledo","Hannah Noveroske",51,5,1888,2116,228,5,11,-6,0
"2024-25","18349","Maryland","Ava McKennie",5,2,1904,2400,496,22,21,1,0
"2024-25","18349","Toledo","Ella Weaver",12,5,1941,2222,281,7,15,-8,0
"2024-25","18349","Maryland","Amari DeBerry",42,4,1983,2248,265,13,12,1,0
"2024-25","18349","Toledo","Evalyse Cole",10,5,2009,2400,391,19,17,2,0
"2024-25","18349","Toledo","Kendall Braden",23,1,2009,2400,391,19,17,2,0
"2024-25","18349","Maryland","Mir McLean",10,4,2116,2400,284,11,17,-6,0
"2024-25","18349","Maryland","Bri McDaniel",24,4,2116,2400,284,11,17,-6,0
"2024-25","18349","Toledo","Nan Garcia",1,4,2116,2308,192,13,7,6,0
"2024-25","18349","Toledo","Destiny Robinson",11,4,2116,2400,284,17,11,6,0
"2024-25","18349","Maryland","Christina Dalce",15,6,2222,2400,178,6,13,-7,0
"2024-25","18349","Toledo","Faith Fedd-Robinson",2,4,2222,2400,178,13,6,7,0
"2024-25","18349","Maryland","Saylor Poffenbarger",6,4,2248,2400,152,6,8,-2,0
"2024-25","18349","Toledo","Ella Weaver",12,6,2308,2400,92,4,4,0,0
"2024-25","18350","Maryland","Shyanne Sellers",0,1,0,48,48,0,0,0,1
"2024-25","18350","Maryland","Kaylene Smikle",2,1,0,181,181,2,4,-2,1
"2024-25","18350","Maryland","Saylor Poffenbarger",6,1,0,256,256,2,4,-2,1
"2024-25","18350","Maryland","Allie Kubek",14,1,0,256,256,2,4,-2,1
"2024-25","18350","Maryland","Christina Dalce",15,1,0,465,465,4,11,-7,1
"2024-25","18350","Purdue","Amiyah Reynolds",1,1,0,274,274,4,2,2,1
"2024-25","18350","Purdue","Destini Lombard",4,1,0,377,377,7,2,5,1
"2024-25","18350","Purdue","Ella Collier",13,1,0,823,823,28,15,13,1
"2024-25","18350","Purdue","Reagan Bass",34,1,0,1700,1700,47,50,-3,1
"2024-25","18350","Purdue","Lana McCarthy",35,1,0,465,465,11,4,7,1
"2024-25","18350","Maryland","Sarah Te-Biasu",1,1,48,600,552,6,18,-12,0
"2024-25","18350","Maryland","Bri McDaniel",24,1,181,1498,1317,38,42,-4,0
"2024-25","18350","Maryland","Kaylene Smikle",2,2,256,722,466,8,21,-13,0
"2024-25","18350","Maryland","Mir McLean",10,1,256,357,101,0,3,-3,0
"2024-25","18350","Purdue","Rashunda Jones",2,1,274,722,448,21,8,13,0
"2024-25","18350","Maryland","Saylor Poffenbarger",6,2,357,600,243,4,11,-7,0
"2024-25","18350","Purdue","Sophie Swanson",31,1,377,630,253,11,6,5,0
"2024-25","18350","Maryland","Allie Kubek",14,2,465,924,459,14,20,-6,0
"2024-25","18350","Purdue","Kendall Puryear",22,1,465,802,337,14,10,4,0
"2024-25","18350","Maryland","Shyanne Sellers",0,2,600,975,375,14,15,-1,0
"2024-25","18350","Maryland","Christina Dalce",15,2,600,1781,1181,47,32,15,0
"2024-25","18350","Purdue","Destini Lombard",4,2,630,2003,1373,41,59,-18,0
"2024-25","18350","Maryland","Saylor Poffenbarger",6,3,722,1088,366,15,8,7,0
"2024-25","18350","Purdue","Amiyah Reynolds",1,2,722,901,179,6,8,-2,0
"2024-25","18350","Purdue","Lana McCarthy",35,2,802,924,122,6,4,2,0
"2024-25","18350","Purdue","Rashunda Jones",2,2,823,1061,238,5,10,-5,0
"2024-25","18350","Purdue","Sophie Swanson",31,2,901,1061,160,2,7,-5,0
"2024-25","18350","Maryland","Kaylene Smikle",2,3,924,1112,188,9,4,5,0
"2024-25","18350","Purdue","Kendall Puryear",22,2,924,1200,276,7,11,-4,0
"2024-25","18350","Maryland","Sarah Te-Biasu",1,2,975,1200,225,9,5,4,0
"2024-25","18350","Purdue","Amiyah Reynolds",1,3,1061,1366,305,7,11,-4,0
"2024-25","18350","Purdue","Ella Collier",13,2,1061,1088,27,0,0,0,0
"2024-25","18350","Maryland","Shyanne Sellers",0,3,1088,1604,516,19,13,6,0
"2024-25","18350","Purdue","Rashunda Jones",2,3,1088,1200,112,5,4,1,0
"2024-25","18350","Maryland","Mir McLean",10,2,1112,1200,88,2,3,-1,0
"2024-25","18350","Maryland","Saylor Poffenbarger",6,4,1200,2058,858,40,21,19,0
"2024-25","18350","Maryland","Allie Kubek",14,3,1200,1376,176,9,2,7,0
"2024-25","18350","Purdue","Ella Collier",13,3,1200,1781,581,12,24,-12,0
"2024-25","18350","Purdue","Lana McCarthy",35,3,1200,1260,60,0,2,-2,0
"2024-25","18350","Purdue","Kendall Puryear",22,3,1260,1485,225,6,9,-3,0
"2024-25","18350","Purdue","Rashunda Jones",2,4,1366,1800,434,12,19,-7,0
"2024-25","18350","Maryland","Kaylene Smikle",2,4,1376,2145,769,31,21,10,0
"2024-25","18350","Purdue","Alaina Harper",32,1,1485,1700,215,3,10,-7,0
"2024-25","18350","Maryland","Sarah Te-Biasu",1,3,1498,2003,505,27,13,14,0
"2024-25","18350","Maryland","Bri McDaniel",24,2,1604,1800,196,11,6,5,0
"2024-25","18350","Purdue","Kendall Puryear",22,4,1700,1800,100,5,5,0,0
"2024-25","18350","Purdue","Sophie Swanson",31,3,1700,2078,378,12,19,-7,0
"2024-25","18350","Maryland","Allie Kubek",14,4,1781,2003,222,14,9,5,0
"2024-25","18350","Purdue","Amiyah Reynolds",1,4,1781,1831,50,5,4,1,0
"2024-25","18350","Maryland","Shyanne Sellers",0,4,1800,2171,371,14,9,5,0
"2024-25","18350","Purdue","Ella Collier",13,4,1800,2400,600,17,23,-6,0
"2024-25","18350","Purdue","Lana McCarthy",35,4,1800,2003,203,7,12,-5,0
"2024-25","18350","Purdue","Reagan Bass",34,2,1831,2400,569,14,21,-7,0
"2024-25","18350","Maryland","Christina Dalce",15,3,2003,2400,397,11,10,1,0
"2024-25","18350","Maryland","Bri McDaniel",24,3,2003,2400,397,11,10,1,0
"2024-25","18350","Purdue","Rashunda Jones",2,5,2003,2400,397,10,11,-1,0
"2024-25","18350","Purdue","Kendall Puryear",22,5,2003,2400,397,10,11,-1,0
"2024-25","18350","Maryland","Mir McLean",10,3,2058,2145,87,0,2,-2,0
"2024-25","18350","Purdue","Destini Lombard",4,3,2078,2400,322,10,9,1,0
"2024-25","18350","Maryland","Sarah Te-Biasu",1,4,2145,2400,255,9,8,1,0
"2024-25","18350","Maryland","Saylor Poffenbarger",6,5,2145,2400,255,9,8,1,0
"2024-25","18350","Maryland","Kaylene Smikle",2,5,2171,2400,229,9,8,1,0
"2024-25","18351","Maryland","Shyanne Sellers",0,1,0,139,139,0,5,-5,1
"2024-25","18351","Maryland","Sarah Te-Biasu",1,1,0,269,269,7,5,2,1
"2024-25","18351","Maryland","Kaylene Smikle",2,1,0,210,210,4,5,-1,1
"2024-25","18351","Maryland","Saylor Poffenbarger",6,1,0,347,347,11,9,2,1
"2024-25","18351","Maryland","Christina Dalce",15,1,0,139,139,0,5,-5,1
"2024-25","18351","Michigan St.","Jaddan Simmons",1,1,0,269,269,5,7,-2,1
"2024-25","18351","Michigan St.","Theryn Hallock",4,1,0,210,210,5,2,3,1
"2024-25","18351","Michigan St.","Jocelyn Tate",11,1,0,269,269,5,7,-2,1
"2024-25","18351","Michigan St.","Grace VanSlooten",14,1,0,210,210,5,2,3,1
"2024-25","18351","Michigan St.","Julia Ayrault",40,1,0,297,297,9,7,2,1
"2024-25","18351","Maryland","Allie Kubek",14,1,139,600,461,20,6,14,0
"2024-25","18351","Maryland","Bri McDaniel",24,1,139,269,130,7,0,7,0
"2024-25","18351","Maryland","Mir McLean",10,1,210,347,137,7,4,3,0
"2024-25","18351","Michigan St.","Emma Shumate",5,1,210,421,211,4,11,-7,0
"2024-25","18351","Michigan St.","Nyla Hampton",22,1,210,421,211,4,11,-7,0
"2024-25","18351","Maryland","Shyanne Sellers",0,2,269,600,331,13,6,7,0
"2024-25","18351","Maryland","Kaylene Smikle",2,2,269,421,152,6,4,2,0
"2024-25","18351","Michigan St.","Theryn Hallock",4,2,269,493,224,4,7,-3,0
"2024-25","18351","Michigan St.","Ines Sotelo",15,1,269,387,118,4,4,0,0
"2024-25","18351","Michigan St.","Grace VanSlooten",14,2,297,600,303,2,13,-11,0
"2024-25","18351","Maryland","Sarah Te-Biasu",1,2,347,713,366,13,5,8,0
"2024-25","18351","Maryland","Christina Dalce",15,2,347,421,74,2,0,2,0
"2024-25","18351","Michigan St.","Julia Ayrault",40,2,387,674,287,5,12,-7,0
"2024-25","18351","Maryland","Saylor Poffenbarger",6,2,421,2400,1979,59,57,2,0
"2024-25","18351","Maryland","Mir McLean",10,2,421,600,179,7,2,5,0
"2024-25","18351","Michigan St.","Jaddan Simmons",1,2,421,731,310,5,11,-6,0
"2024-25","18351","Michigan St.","Jocelyn Tate",11,2,421,898,477,9,18,-9,0
"2024-25","18351","Michigan St.","Emma Shumate",5,2,493,951,458,11,21,-10,0
"2024-25","18351","Maryland","Kaylene Smikle",2,3,600,885,285,11,7,4,0
"2024-25","18351","Maryland","Christina Dalce",15,3,600,713,113,4,3,1,0
"2024-25","18351","Maryland","Bri McDaniel",24,2,600,808,208,11,5,6,0
"2024-25","18351","Michigan St.","Theryn Hallock",4,3,600,941,341,9,13,-4,0
"2024-25","18351","Michigan St.","Grace VanSlooten",14,3,674,731,57,0,1,-1,0
"2024-25","18351","Maryland","Shyanne Sellers",0,3,713,1800,1087,33,34,-1,0
"2024-25","18351","Maryland","Allie Kubek",14,2,713,741,28,2,0,2,0
"2024-25","18351","Michigan St.","Nyla Hampton",22,2,731,1200,469,16,17,-1,0
"2024-25","18351","Michigan St.","Julia Ayrault",40,3,731,898,167,4,7,-3,0
"2024-25","18351","Maryland","Sarah Te-Biasu",1,3,741,1166,425,13,14,-1,0
"2024-25","18351","Maryland","Allie Kubek",14,3,808,1099,291,8,10,-2,0
"2024-25","18351","Maryland","Bri McDaniel",24,3,885,1166,281,8,10,-2,0
"2024-25","18351","Michigan St.","Grace VanSlooten",14,4,898,989,91,4,6,-2,0
"2024-25","18351","Michigan St.","Ines Sotelo",15,2,898,1002,104,4,6,-2,0
"2024-25","18351","Michigan St.","Jaddan Simmons",1,3,941,1166,225,8,6,2,0
"2024-25","18351","Michigan St.","Jocelyn Tate",11,3,951,1491,540,21,12,9,0
"2024-25","18351","Michigan St.","Julia Ayrault",40,4,989,1166,177,6,2,4,0
"2024-25","18351","Michigan St.","Juliann Woodard",33,1,1002,1166,164,6,2,4,0
"2024-25","18351","Maryland","Christina Dalce",15,4,1099,1166,67,0,2,-2,0
"2024-25","18351","Maryland","Sarah Te-Biasu",1,4,1166,1312,146,2,7,-5,0
"2024-25","18351","Maryland","Ava McKennie",5,1,1166,1200,34,2,2,0,0
"2024-25","18351","Maryland","Mir McLean",10,3,1166,1200,34,2,2,0,0
"2024-25","18351","Michigan St.","Theryn Hallock",4,4,1166,1717,551,18,18,0,0
"2024-25","18351","Michigan St.","Grace VanSlooten",14,5,1166,1361,195,7,4,3,0
"2024-25","18351","Michigan St.","Ines Sotelo",15,3,1166,1200,34,2,2,0,0
"2024-25","18351","Maryland","Kaylene Smikle",2,4,1200,1717,517,16,16,0,0
"2024-25","18351","Maryland","Christina Dalce",15,5,1200,1312,112,0,5,-5,0
"2024-25","18351","Michigan St.","Jaddan Simmons",1,4,1200,1618,418,14,9,5,0
"2024-25","18351","Michigan St.","Julia Ayrault",40,5,1200,1618,418,14,9,5,0
"2024-25","18351","Maryland","Allie Kubek",14,4,1312,2078,766,16,22,-6,0
"2024-25","18351","Maryland","Bri McDaniel",24,4,1312,1945,633,16,17,-1,0
"2024-25","18351","Michigan St.","Ines Sotelo",15,4,1361,1717,356,11,14,-3,0
"2024-25","18351","Michigan St.","Nyla Hampton",22,3,1491,1734,243,5,10,-5,0
"2024-25","18351","Michigan St.","Jocelyn Tate",11,4,1618,2400,782,22,22,0,0
"2024-25","18351","Michigan St.","Grace VanSlooten",14,6,1618,2110,492,13,10,3,0
"2024-25","18351","Maryland","Sarah Te-Biasu",1,5,1717,1841,124,0,4,-4,0
"2024-25","18351","Michigan St.","Emma Shumate",5,3,1717,1945,228,6,0,6,0
"2024-25","18351","Michigan St.","Julia Ayrault",40,6,1717,1910,193,6,0,6,0
"2024-25","18351","Michigan St.","Jaddan Simmons",1,5,1734,2400,666,20,15,5,0
"2024-25","18351","Maryland","Kaylene Smikle",2,5,1800,2110,310,3,9,-6,0
"2024-25","18351","Maryland","Shyanne Sellers",0,4,1841,2400,559,15,16,-1,0
"2024-25","18351","Michigan St.","Ines Sotelo",15,5,1910,2389,479,14,15,-1,0
"2024-25","18351","Maryland","Christina Dalce",15,6,1945,2374,429,13,14,-1,0
"2024-25","18351","Michigan St.","Theryn Hallock",4,5,1945,2374,429,14,13,1,0
"2024-25","18351","Maryland","Sarah Te-Biasu",1,6,2078,2329,251,10,6,4,0
"2024-25","18351","Maryland","Bri McDaniel",24,5,2110,2309,199,5,6,-1,0
"2024-25","18351","Michigan St.","Julia Ayrault",40,7,2110,2374,264,9,10,-1,0
"2024-25","18351","Maryland","Kaylene Smikle",2,6,2309,2400,91,7,3,4,0
"2024-25","18351","Maryland","Bri McDaniel",24,6,2329,2374,45,3,3,0,0
"2024-25","18351","Maryland","Sarah Te-Biasu",1,7,2374,2379,5,0,0,0,0
"2024-25","18351","Maryland","Allie Kubek",14,5,2374,2379,5,0,0,0,0
"2024-25","18351","Michigan St.","Grace VanSlooten",14,7,2374,2379,5,0,0,0,0
"2024-25","18351","Michigan St.","Nyla Hampton",22,4,2374,2379,5,0,0,0,0
"2024-25","18351","Maryland","Christina Dalce",15,7,2379,2400,21,2,0,2,0
"2024-25","18351","Maryland","Bri McDaniel",24,7,2379,2400,21,2,0,2,0
"2024-25","18351","Michigan St.","Theryn Hallock",4,6,2379,2400,21,0,2,-2,0
"2024-25","18351","Michigan St.","Julia Ayrault",40,8,2379,2400,21,0,2,-2,0
"2024-25","18351","Michigan St.","Emma Shumate",5,4,2389,2400,11,0,0,0,0
"2024-25","18352","Maryland","Shyanne Sellers",0,1,0,711,711,21,16,5,1
"2024-25","18352","Maryland","Sarah Te-Biasu",1,1,0,258,258,8,5,3,1
"2024-25","18352","Maryland","Kaylene Smikle",2,1,0,284,284,8,7,1,1
"2024-25","18352","Maryland","Saylor Poffenbarger",6,1,0,600,600,19,13,6,1
"2024-25","18352","Maryland","Christina Dalce",15,1,0,139,139,3,2,1,1
"2024-25","18352","Rutgers","Destiny Adams",1,1,0,500,500,10,17,-7,1
"2024-25","18352","Rutgers","Lisa Thompson",2,1,0,139,139,2,3,-1,1
"2024-25","18352","Rutgers","JoJo Lacey",14,1,0,392,392,7,13,-6,1
"2024-25","18352","Rutgers","Zachara Perkins",22,1,0,284,284,7,8,-1,1
"2024-25","18352","Rutgers","Kiyomi McMiller",32,1,0,1200,1200,22,40,-18,1
"2024-25","18352","Maryland","Allie Kubek",14,1,139,880,741,23,16,7,0
"2024-25","18352","Rutgers","Awa Sidibe",11,1,139,368,229,5,10,-5,0
"2024-25","18352","Maryland","Bri McDaniel",24,1,258,500,242,9,5,4,0
"2024-25","18352","Maryland","Mir McLean",10,1,284,595,311,11,3,8,0
"2024-25","18352","Rutgers","Mya Petticord",3,1,284,500,216,3,9,-6,0
"2024-25","18352","Rutgers","Chyna Cornwell",54,1,368,600,232,6,6,0,0
"2024-25","18352","Rutgers","Awa Sidibe",11,2,392,600,208,6,6,0,0
"2024-25","18352","Maryland","Kaylene Smikle",2,2,500,999,499,15,10,5,0
"2024-25","18352","Rutgers","Lisa Thompson",2,2,500,772,272,8,7,1,0
"2024-25","18352","Rutgers","Zachara Perkins",22,2,500,880,380,8,9,-1,0
"2024-25","18352","Maryland","Christina Dalce",15,2,595,711,116,2,6,-4,0
"2024-25","18352","Maryland","Sarah Te-Biasu",1,2,600,1045,445,15,7,8,0
"2024-25","18352","Rutgers","Destiny Adams",1,2,600,1010,410,7,13,-6,0
"2024-25","18352","Rutgers","JoJo Lacey",14,2,600,739,139,5,2,3,0
"2024-25","18352","Maryland","Saylor Poffenbarger",6,2,711,838,127,5,2,3,0
"2024-25","18352","Maryland","Bri McDaniel",24,2,711,916,205,7,2,5,0
"2024-25","18352","Rutgers","Mya Petticord",3,2,739,966,227,2,11,-9,0
"2024-25","18352","Rutgers","Awa Sidibe",11,3,772,1581,809,18,32,-14,0
"2024-25","18352","Maryland","Shyanne Sellers",0,2,838,1980,1142,45,25,20,0
"2024-25","18352","Maryland","Mir McLean",10,2,880,1200,320,14,4,10,0
"2024-25","18352","Rutgers","Lisa Thompson",2,3,880,966,86,2,6,-4,0
"2024-25","18352","Maryland","Saylor Poffenbarger",6,3,916,1708,792,33,23,10,0
"2024-25","18352","Rutgers","Zachara Perkins",22,3,966,1418,452,11,16,-5,0
"2024-25","18352","Rutgers","Chyna Cornwell",54,2,966,1200,234,2,8,-6,0
"2024-25","18352","Maryland","Allie Kubek",14,2,999,1200,201,8,2,6,0
"2024-25","18352","Rutgers","Mya Petticord",3,3,1010,1200,190,2,8,-6,0
"2024-25","18352","Maryland","Bri McDaniel",24,3,1045,1200,155,6,2,4,0
"2024-25","18352","Maryland","Sarah Te-Biasu",1,3,1200,1487,287,10,11,-1,0
"2024-25","18352","Maryland","Kaylene Smikle",2,3,1200,1418,218,8,9,-1,0
"2024-25","18352","Maryland","Christina Dalce",15,3,1200,1369,169,6,7,-1,0
"2024-25","18352","Rutgers","Destiny Adams",1,3,1200,1658,458,19,18,1,0
"2024-25","18352","Rutgers","Lisa Thompson",2,4,1200,1220,20,0,0,0,0
"2024-25","18352","Rutgers","JoJo Lacey",14,3,1200,1494,294,11,10,1,0
"2024-25","18352","Rutgers","Kiyomi McMiller",32,2,1220,1487,267,11,10,1,0
"2024-25","18352","Maryland","Allie Kubek",14,3,1369,1800,431,18,14,4,0
"2024-25","18352","Maryland","Bri McDaniel",24,4,1418,1658,240,12,10,2,0
"2024-25","18352","Rutgers","Chyna Cornwell",54,3,1418,1849,431,12,16,-4,0
"2024-25","18352","Maryland","Mir McLean",10,3,1487,2400,913,28,28,0,0
"2024-25","18352","Rutgers","Lisa Thompson",2,5,1487,2400,913,28,28,0,0
"2024-25","18352","Rutgers","Zachara Perkins",22,4,1494,1887,393,10,15,-5,0
"2024-25","18352","Rutgers","Mya Petticord",3,4,1581,1800,219,7,8,-1,0
"2024-25","18352","Maryland","Kaylene Smikle",2,4,1658,1980,322,11,2,9,0
"2024-25","18352","Rutgers","Awa Sidibe",11,4,1658,1785,127,2,5,-3,0
"2024-25","18352","Maryland","Ava McKennie",5,1,1708,2400,692,17,20,-3,0
"2024-25","18352","Rutgers","Destiny Adams",1,4,1785,1933,148,0,5,-5,0
"2024-25","18352","Maryland","Amari DeBerry",42,1,1800,2400,600,14,18,-4,0
"2024-25","18352","Rutgers","JoJo Lacey",14,4,1800,1832,32,0,0,0,0
"2024-25","18352","Rutgers","Awa Sidibe",11,5,1832,2400,568,18,14,4,0
"2024-25","18352","Rutgers","Janae Walker",44,1,1849,2160,311,7,10,-3,0
"2024-25","18352","Rutgers","Mya Petticord",3,5,1887,2304,417,15,11,4,0
"2024-25","18352","Rutgers","Zachara Perkins",22,5,1933,2400,467,18,10,8,0
"2024-25","18352","Maryland","Sarah Te-Biasu",1,4,1980,2400,420,7,18,-11,0
"2024-25","18352","Maryland","Saylor Poffenbarger",6,4,1980,2257,277,5,12,-7,0
"2024-25","18352","Rutgers","Chyna Cornwell",54,4,2160,2257,97,5,2,3,0
"2024-25","18352","Maryland","Allie Kubek",14,4,2257,2400,143,2,6,-4,0
"2024-25","18352","Rutgers","Janae Walker",44,2,2257,2400,143,6,2,4,0
"2024-25","18352","Rutgers","Kennedy Brandt",33,1,2304,2400,96,3,2,1,0
"2024-25","18353","Iowa","Sydney Affolter",3,1,0,242,242,2,10,-8,1
"2024-25","18353","Iowa","Kylie Feuerbach",4,1,0,340,340,6,16,-10,1
"2024-25","18353","Iowa","Lucy Olsen",33,1,0,426,426,6,19,-13,1
"2024-25","18353","Iowa","Addison O'Grady",44,1,0,387,387,6,19,-13,1
"2024-25","18353","Iowa","Hannah Stuelke",45,1,0,340,340,6,16,-10,1
"2024-25","18353","Maryland","Shyanne Sellers",0,1,0,600,600,22,15,7,1
"2024-25","18353","Maryland","Sarah Te-Biasu",1,1,0,340,340,16,6,10,1
"2024-25","18353","Maryland","Kaylene Smikle",2,1,0,465,465,19,8,11,1
"2024-25","18353","Maryland","Saylor Poffenbarger",6,1,0,387,387,19,6,13,1
"2024-25","18353","Maryland","Christina Dalce",15,1,0,188,188,8,2,6,1
"2024-25","18353","Maryland","Allie Kubek",14,1,188,340,152,8,4,4,0
"2024-25","18353","Iowa","Taylor Stremlow",1,1,242,600,358,13,12,1,0
"2024-25","18353","Iowa","Taylor McCabe",2,1,340,600,260,9,6,3,0
"2024-25","18353","Iowa","Teagan Mallegni",55,1,340,800,460,11,14,-3,0
"2024-25","18353","Maryland","Christina Dalce",15,2,340,672,332,8,11,-3,0
"2024-25","18353","Maryland","Bri McDaniel",24,1,340,569,229,6,9,-3,0
"2024-25","18353","Iowa","Ava Heiden",5,1,387,504,117,4,3,1,0
"2024-25","18353","Maryland","Mir McLean",10,1,387,504,117,3,4,-1,0
"2024-25","18353","Iowa","Aaliyah Guyton",11,1,426,600,174,9,3,6,0
"2024-25","18353","Maryland","Saylor Poffenbarger",6,2,465,1002,537,20,10,10,0
"2024-25","18353","Iowa","AJ Ediger",34,1,504,600,96,5,0,5,0
"2024-25","18353","Maryland","Allie Kubek",14,2,504,982,478,16,8,8,0
"2024-25","18353","Maryland","Kaylene Smikle",2,2,569,1062,493,17,3,14,0
"2024-25","18353","Iowa","Sydney Affolter",3,2,600,862,262,2,8,-6,0
"2024-25","18353","Iowa","Kylie Feuerbach",4,2,600,672,72,2,2,0,0
"2024-25","18353","Iowa","Lucy Olsen",33,2,600,800,200,2,8,-6,0
"2024-25","18353","Iowa","Addison O'Grady",44,2,600,800,200,2,8,-6,0
"2024-25","18353","Maryland","Sarah Te-Biasu",1,2,600,720,120,2,2,0,0
"2024-25","18353","Iowa","Taylor McCabe",2,2,672,929,257,1,11,-10,0
"2024-25","18353","Maryland","Bri McDaniel",24,2,672,992,320,14,1,13,0
"2024-25","18353","Maryland","Shyanne Sellers",0,2,720,1147,427,22,4,18,0
"2024-25","18353","Iowa","Taylor Stremlow",1,2,800,1200,400,10,18,-8,0
"2024-25","18353","Iowa","Ava Heiden",5,2,800,929,129,1,5,-4,0
"2024-25","18353","Iowa","Aaliyah Guyton",11,2,800,1062,262,1,9,-8,0
"2024-25","18353","Iowa","Hannah Stuelke",45,2,862,912,50,1,5,-4,0
"2024-25","18353","Iowa","Lucy Olsen",33,3,912,1567,655,21,19,2,0
"2024-25","18353","Iowa","Sydney Affolter",3,3,929,1567,638,21,19,2,0
"2024-25","18353","Iowa","Addison O'Grady",44,3,929,992,63,0,3,-3,0
"2024-25","18353","Maryland","Mir McLean",10,2,982,1200,218,10,9,1,0
"2024-25","18353","Iowa","AJ Ediger",34,2,992,1200,208,9,10,-1,0
"2024-25","18353","Maryland","Sarah Te-Biasu",1,3,992,1382,390,13,19,-6,0
"2024-25","18353","Maryland","Christina Dalce",15,3,1002,1342,340,12,16,-4,0
"2024-25","18353","Iowa","Kylie Feuerbach",4,3,1062,1147,85,3,7,-4,0
"2024-25","18353","Maryland","Bri McDaniel",24,3,1062,1200,138,9,9,0,0
"2024-25","18353","Iowa","Taylor McCabe",2,3,1147,1200,53,6,2,4,0
"2024-25","18353","Maryland","Kaylene Smikle",2,3,1147,1630,483,10,18,-8,0
"2024-25","18353","Iowa","Kylie Feuerbach",4,4,1200,1479,279,12,3,9,0
"2024-25","18353","Iowa","Addison O'Grady",44,4,1200,1630,430,12,8,4,0
"2024-25","18353","Iowa","Hannah Stuelke",45,3,1200,1514,314,12,4,8,0
"2024-25","18353","Maryland","Shyanne Sellers",0,3,1200,1800,600,11,16,-5,0
"2024-25","18353","Maryland","Saylor Poffenbarger",6,3,1200,2094,894,15,30,-15,0
"2024-25","18353","Maryland","Allie Kubek",14,3,1342,1773,431,7,9,-2,0
"2024-25","18353","Maryland","Bri McDaniel",24,4,1382,1800,418,8,6,2,0
"2024-25","18353","Iowa","Taylor McCabe",2,4,1479,1722,243,2,7,-5,0
"2024-25","18353","Iowa","Teagan Mallegni",55,2,1514,1661,147,2,4,-2,0
"2024-25","18353","Iowa","Taylor Stremlow",1,3,1567,1911,344,9,7,2,0
"2024-25","18353","Iowa","Aaliyah Guyton",11,3,1567,1800,233,4,5,-1,0
"2024-25","18353","Iowa","Ava Heiden",5,3,1630,1800,170,4,3,1,0
"2024-25","18353","Maryland","Mir McLean",10,3,1630,1911,281,5,9,-4,0
"2024-25","18353","Iowa","Hannah Stuelke",45,4,1661,1699,38,0,2,-2,0
"2024-25","18353","Iowa","Sydney Affolter",3,4,1699,2400,701,25,16,9,0
"2024-25","18353","Iowa","Lucy Olsen",33,4,1722,2386,664,25,15,10,0
"2024-25","18353","Maryland","Christina Dalce",15,4,1773,1911,138,3,5,-2,0
"2024-25","18353","Iowa","Kylie Feuerbach",4,5,1800,2208,408,17,7,10,0
"2024-25","18353","Iowa","Addison O'Grady",44,5,1800,1911,111,5,2,3,0
"2024-25","18353","Maryland","Sarah Te-Biasu",1,4,1800,1911,111,2,5,-3,0
"2024-25","18353","Maryland","Kaylene Smikle",2,4,1800,2400,600,15,23,-8,0
"2024-25","18353","Iowa","Aaliyah Guyton",11,4,1911,1996,85,5,2,3,0
"2024-25","18353","Iowa","Hannah Stuelke",45,5,1911,2400,489,18,13,5,0
"2024-25","18353","Maryland","Shyanne Sellers",0,4,1911,1996,85,2,5,-3,0
"2024-25","18353","Maryland","Allie Kubek",14,4,1911,2152,241,2,10,-8,0
"2024-25","18353","Maryland","Bri McDaniel",24,5,1911,2400,489,13,18,-5,0
"2024-25","18353","Iowa","Taylor McCabe",2,5,1996,2189,193,5,0,5,0
"2024-25","18353","Maryland","Sarah Te-Biasu",1,5,1996,2364,368,8,13,-5,0
"2024-25","18353","Maryland","Shyanne Sellers",0,5,2094,2400,306,11,9,2,0
"2024-25","18353","Maryland","Saylor Poffenbarger",6,4,2152,2400,248,11,8,3,0
"2024-25","18353","Iowa","Aaliyah Guyton",11,5,2189,2400,211,8,11,-3,0
"2024-25","18353","Iowa","Addison O'Grady",44,6,2208,2312,104,0,5,-5,0
"2024-25","18353","Iowa","Taylor McCabe",2,6,2312,2356,44,6,0,6,0
"2024-25","18353","Iowa","Kylie Feuerbach",4,6,2356,2364,8,0,0,0,0
"2024-25","18353","Iowa","Taylor McCabe",2,7,2364,2400,36,0,3,-3,0
"2024-25","18353","Maryland","Christina Dalce",15,5,2364,2400,36,3,0,3,0
"2024-25","18353","Iowa","Kylie Feuerbach",4,7,2386,2400,14,0,1,-1,0
"2024-25","18354","Maryland","Shyanne Sellers",0,1,0,600,600,20,18,2,1
"2024-25","18354","Maryland","Sarah Te-Biasu",1,1,0,180,180,9,3,6,1
"2024-25","18354","Maryland","Kaylene Smikle",2,1,0,222,222,9,3,6,1
"2024-25","18354","Maryland","Saylor Poffenbarger",6,1,0,222,222,9,3,6,1
"2024-25","18354","Maryland","Christina Dalce",15,1,0,289,289,11,5,6,1
"2024-25","18354","Southern California","Malia Samuels",10,1,0,222,222,3,9,-6,1
"2024-25","18354","Southern California","Kennedy Smith",11,1,0,508,508,13,18,-5,1
"2024-25","18354","Southern California","JuJu Watkins",12,1,0,1157,1157,35,33,2,1
"2024-25","18354","Southern California","Rayah Marshall",13,1,0,336,336,7,13,-6,1
"2024-25","18354","Southern California","Kiki Iriafen",44,1,0,263,263,5,9,-4,1
"2024-25","18354","Maryland","Bri McDaniel",24,1,180,827,647,15,19,-4,0
"2024-25","18354","Maryland","Sarah Te-Biasu",1,2,222,336,114,4,4,0,0
"2024-25","18354","Maryland","Allie Kubek",14,1,222,431,209,7,6,1,0
"2024-25","18354","Southern California","Avery Howell",23,1,222,787,565,19,15,4,0
"2024-25","18354","Southern California","Clarice Akunwafo",34,1,263,431,168,4,7,-3,0
"2024-25","18354","Maryland","Saylor Poffenbarger",6,2,289,508,219,7,8,-1,0
"2024-25","18354","Maryland","Kaylene Smikle",2,2,336,699,363,7,13,-6,0
"2024-25","18354","Southern California","Kayleigh Heckel",9,1,336,787,451,15,11,4,0
"2024-25","18354","Maryland","Christina Dalce",15,2,431,1157,726,17,26,-9,0
"2024-25","18354","Southern California","Rayah Marshall",13,2,431,1064,633,24,12,12,0
"2024-25","18354","Maryland","Mir McLean",10,1,508,600,92,2,5,-3,0
"2024-25","18354","Southern California","Kiki Iriafen",44,2,508,1064,556,20,10,10,0
"2024-25","18354","Maryland","Sarah Te-Biasu",1,3,600,699,99,0,2,-2,0
"2024-25","18354","Maryland","Saylor Poffenbarger",6,3,600,1464,864,22,25,-3,0
"2024-25","18354","Maryland","Shyanne Sellers",0,2,699,2400,1701,54,59,-5,0
"2024-25","18354","Maryland","Allie Kubek",14,2,699,954,255,6,7,-1,0
"2024-25","18354","Southern California","Malia Samuels",10,2,787,962,175,7,2,5,0
"2024-25","18354","Southern California","Kennedy Smith",11,2,787,1492,705,23,18,5,0
"2024-25","18354","Maryland","Kaylene Smikle",2,3,827,947,120,2,5,-3,0
"2024-25","18354","Maryland","Bri McDaniel",24,2,947,1169,222,8,8,0,0
"2024-25","18354","Maryland","Kaylene Smikle",2,4,954,1064,110,2,6,-4,0
"2024-25","18354","Southern California","Kayleigh Heckel",9,2,962,1200,238,6,8,-2,0
"2024-25","18354","Maryland","Sarah Te-Biasu",1,4,1064,2141,1077,40,32,8,0
"2024-25","18354","Southern California","Avery Howell",23,2,1064,1200,136,2,6,-4,0
"2024-25","18354","Southern California","Clarice Akunwafo",34,2,1064,1169,105,2,5,-3,0
"2024-25","18354","Maryland","Mir McLean",10,2,1157,1200,43,1,0,1,0
"2024-25","18354","Southern California","Malia Samuels",10,3,1157,1169,12,0,0,0,0
"2024-25","18354","Maryland","Ava McKennie",5,1,1169,1200,31,0,0,0,0
"2024-25","18354","Southern California","JuJu Watkins",12,2,1169,2062,893,26,33,-7,0
"2024-25","18354","Southern California","Rayah Marshall",13,3,1169,1457,288,8,9,-1,0
"2024-25","18354","Maryland","Christina Dalce",15,3,1200,1799,599,24,22,2,0
"2024-25","18354","Maryland","Bri McDaniel",24,3,1200,1228,28,0,0,0,0
"2024-25","18354","Southern California","Malia Samuels",10,4,1200,1457,257,8,8,0,0
"2024-25","18354","Southern California","Kiki Iriafen",44,3,1200,1316,116,5,2,3,0
"2024-25","18354","Maryland","Kaylene Smikle",2,5,1228,2400,1172,40,44,-4,0
"2024-25","18354","Southern California","Avery Howell",23,3,1316,1799,483,17,22,-5,0
"2024-25","18354","Southern California","Kayleigh Heckel",9,3,1457,1799,342,14,16,-2,0
"2024-25","18354","Southern California","Clarice Akunwafo",34,3,1457,1540,83,2,4,-2,0
"2024-25","18354","Maryland","Mir McLean",10,3,1464,1661,197,11,8,3,0
"2024-25","18354","Southern California","Rayah Marshall",13,4,1492,1628,136,4,8,-4,0
"2024-25","18354","Southern California","Kennedy Smith",11,3,1540,2388,848,32,26,6,0
"2024-25","18354","Southern California","Kiki Iriafen",44,4,1628,2400,772,30,24,6,0
"2024-25","18354","Maryland","Bri McDaniel",24,4,1661,1919,258,11,7,4,0
"2024-25","18354","Maryland","Saylor Poffenbarger",6,4,1799,2400,601,16,22,-6,0
"2024-25","18354","Southern California","Malia Samuels",10,5,1799,1899,100,1,6,-5,0
"2024-25","18354","Southern California","Rayah Marshall",13,5,1799,1899,100,1,6,-5,0
"2024-25","18354","Southern California","Kayleigh Heckel",9,4,1899,2400,501,21,10,11,0
"2024-25","18354","Southern California","Avery Howell",23,4,1899,2115,216,5,4,1,0
"2024-25","18354","Maryland","Christina Dalce",15,4,1919,2387,468,8,19,-11,0
"2024-25","18354","Southern California","Rayah Marshall",13,6,2062,2400,338,18,8,10,0
"2024-25","18354","Southern California","JuJu Watkins",12,3,2115,2369,254,12,4,8,0
"2024-25","18354","Maryland","Bri McDaniel",24,5,2141,2256,115,4,5,-1,0
"2024-25","18354","Maryland","Sarah Te-Biasu",1,5,2256,2400,144,2,9,-7,0
"2024-25","18354","Southern California","Avery Howell",23,5,2369,2400,31,4,2,2,0
"2024-25","18354","Maryland","Allie Kubek",14,3,2387,2389,2,0,0,0,0
"2024-25","18354","Southern California","Malia Samuels",10,6,2388,2400,12,2,2,0,0
"2024-25","18354","Maryland","Christina Dalce",15,5,2389,2392,3,0,2,-2,0
"2024-25","18354","Maryland","Allie Kubek",14,4,2392,2400,8,2,0,2,0
"2024-25","18355","Maryland","Shyanne Sellers",0,1,0,476,476,17,10,7,1
"2024-25","18355","Maryland","Kaylene Smikle",2,1,0,506,506,20,10,10,1
"2024-25","18355","Maryland","Allie Kubek",14,1,0,256,256,6,4,2,1
"2024-25","18355","Maryland","Christina Dalce",15,1,0,315,315,7,4,3,1
"2024-25","18355","Maryland","Bri McDaniel",24,1,0,1578,1578,55,53,2,1
"2024-25","18355","Wisconsin","Carter McCray",1,1,0,315,315,4,7,-3,1
"2024-25","18355","Wisconsin","Tess Myers",3,1,0,256,256,4,6,-2,1
"2024-25","18355","Wisconsin","Ronnie Porter",13,1,0,767,767,20,26,-6,1
"2024-25","18355","Wisconsin","Natalie Leuzinger",24,1,0,315,315,4,7,-3,1
"2024-25","18355","Wisconsin","Serah Williams",25,1,0,256,256,4,6,-2,1
"2024-25","18355","Maryland","Mir McLean",10,1,256,347,91,2,3,-1,0
"2024-25","18355","Wisconsin","Lily Krahn",4,1,256,544,288,6,14,-8,0
"2024-25","18355","Wisconsin","Halle Douglass",10,1,256,476,220,6,10,-4,0
"2024-25","18355","Maryland","Allie Kubek",14,2,315,519,204,13,6,7,0
"2024-25","18355","Wisconsin","Tess Myers",3,2,315,476,161,6,9,-3,0
"2024-25","18355","Wisconsin","Serah Williams",25,2,315,476,161,6,9,-3,0
"2024-25","18355","Maryland","Christina Dalce",15,2,347,767,420,18,13,5,0
"2024-25","18355","Maryland","Ava McKennie",5,1,476,600,124,3,3,0,0
"2024-25","18355","Wisconsin","Carter McCray",1,2,476,767,291,10,10,0,0
"2024-25","18355","Wisconsin","Jovana Spasovski",11,1,476,530,54,0,4,-4,0
"2024-25","18355","Wisconsin","Natalie Leuzinger",24,2,476,977,501,22,18,4,0
"2024-25","18355","Maryland","Shyanne Sellers",0,2,506,544,38,0,0,0,0
"2024-25","18355","Maryland","Mir McLean",10,2,519,600,81,0,3,-3,0
"2024-25","18355","Wisconsin","Serah Williams",25,3,530,1030,500,22,16,6,0
"2024-25","18355","Maryland","Kaylene Smikle",2,2,544,1520,976,33,43,-10,0
"2024-25","18355","Wisconsin","Halle Douglass",10,2,544,839,295,14,8,6,0
"2024-25","18355","Maryland","Shyanne Sellers",0,3,600,2400,1800,63,55,8,0
"2024-25","18355","Maryland","Allie Kubek",14,3,600,717,117,2,5,-3,0
"2024-25","18355","Maryland","Amari DeBerry",42,1,717,853,136,6,6,0,0
"2024-25","18355","Maryland","Ava McKennie",5,2,767,1200,433,19,18,1,0
"2024-25","18355","Wisconsin","Tess Myers",3,3,767,1054,287,12,12,0,0
"2024-25","18355","Wisconsin","D'Yanis Jimenez",23,1,767,977,210,12,8,4,0
"2024-25","18355","Wisconsin","Jovana Spasovski",11,2,839,977,138,8,6,2,0
"2024-25","18355","Maryland","Allie Kubek",14,4,853,884,31,2,3,-1,0
"2024-25","18355","Maryland","Mir McLean",10,3,884,1352,468,17,22,-5,0
"2024-25","18355","Wisconsin","Carter McCray",1,3,977,1188,211,6,11,-5,0
"2024-25","18355","Wisconsin","Lily Krahn",4,2,977,1478,501,21,18,3,0
"2024-25","18355","Wisconsin","Ronnie Porter",13,2,977,1720,743,26,26,0,0
"2024-25","18355","Wisconsin","Halle Douglass",10,3,1030,1162,132,4,9,-5,0
"2024-25","18355","Wisconsin","Serah Williams",25,4,1054,1994,940,32,31,1,0
"2024-25","18355","Wisconsin","Natalie Leuzinger",24,3,1162,1572,410,17,10,7,0
"2024-25","18355","Wisconsin","Halle Douglass",10,4,1188,1200,12,0,0,0,0
"2024-25","18355","Maryland","Christina Dalce",15,3,1200,1796,596,17,22,-5,0
"2024-25","18355","Wisconsin","Carter McCray",1,4,1200,1429,229,15,4,11,0
"2024-25","18355","Maryland","Allie Kubek",14,5,1352,2085,733,26,15,11,0
"2024-25","18355","Wisconsin","Halle Douglass",10,5,1429,1572,143,0,6,-6,0
"2024-25","18355","Wisconsin","Tess Myers",3,4,1478,1796,318,7,10,-3,0
"2024-25","18355","Maryland","Ava McKennie",5,3,1520,1651,131,5,2,3,0
"2024-25","18355","Wisconsin","Carter McCray",1,5,1572,1578,6,0,0,0,0
"2024-25","18355","Wisconsin","Lily Krahn",4,3,1572,2017,445,11,16,-5,0
"2024-25","18355","Maryland","Kaylene Smikle",2,3,1578,2400,822,28,15,13,0
"2024-25","18355","Wisconsin","Halle Douglass",10,6,1578,2017,439,11,16,-5,0
"2024-25","18355","Maryland","Bri McDaniel",24,2,1651,2400,749,25,13,12,0
"2024-25","18355","Wisconsin","Natalie Leuzinger",24,4,1720,1796,76,2,2,0,0
"2024-25","18355","Maryland","Mir McLean",10,4,1796,2400,604,21,8,13,0
"2024-25","18355","Wisconsin","Ronnie Porter",13,3,1796,2400,604,8,21,-13,0
"2024-25","18355","Wisconsin","D'Yanis Jimenez",23,2,1796,1800,4,0,0,0,0
"2024-25","18355","Wisconsin","Natalie Leuzinger",24,5,1800,2321,521,8,17,-9,0
"2024-25","18355","Wisconsin","Carter McCray",1,6,1994,2141,147,0,8,-8,0
"2024-25","18355","Wisconsin","Tess Myers",3,5,2017,2110,93,0,2,-2,0
"2024-25","18355","Wisconsin","Serah Williams",25,5,2017,2400,383,4,12,-8,0
"2024-25","18355","Maryland","Christina Dalce",15,4,2085,2205,120,6,2,4,0
"2024-25","18355","Wisconsin","Lily Krahn",4,4,2110,2400,290,4,10,-6,0
"2024-25","18355","Wisconsin","Halle Douglass",10,7,2141,2278,137,4,2,2,0
"2024-25","18355","Maryland","Allie Kubek",14,6,2205,2400,195,4,2,2,0
"2024-25","18355","Wisconsin","Tess Myers",3,6,2278,2304,26,0,0,0,0
"2024-25","18355","Wisconsin","Halle Douglass",10,8,2304,2400,96,0,4,-4,0
"2024-25","18355","Wisconsin","Tess Myers",3,7,2321,2400,79,0,4,-4,0
"2024-25","18356","Maryland","Shyanne Sellers",0,1,0,162,162,4,6,-2,1
"2024-25","18356","Maryland","Kaylene Smikle",2,1,0,205,205,6,6,0,1
"2024-25","18356","Maryland","Saylor Poffenbarger",6,1,0,409,409,13,15,-2,1
"2024-25","18356","Maryland","Christina Dalce",15,1,0,600,600,17,19,-2,1
"2024-25","18356","Maryland","Bri McDaniel",24,1,0,237,237,9,6,3,1
"2024-25","18356","Minnesota","Amaya Battle",3,1,0,873,873,25,26,-1,1
"2024-25","18356","Minnesota","Tori McKinney",14,1,0,205,205,6,6,0,1
"2024-25","18356","Minnesota","Mallory Heyer",24,1,0,740,740,23,20,3,1
"2024-25","18356","Minnesota","Grace Grocholski",25,1,0,881,881,27,26,1,1
"2024-25","18356","Minnesota","Sophie Hart",52,1,0,162,162,6,4,2,1
"2024-25","18356","Maryland","Sarah Te-Biasu",1,1,162,915,753,22,21,1,0
"2024-25","18356","Minnesota","Annika Stewart",21,1,162,289,127,2,7,-5,0
"2024-25","18356","Maryland","Shyanne Sellers",0,2,205,345,140,5,7,-2,0
"2024-25","18356","Minnesota","Alexsia Rose",0,1,205,345,140,7,5,2,0
"2024-25","18356","Maryland","Allie Kubek",14,1,237,684,447,11,16,-5,0
"2024-25","18356","Minnesota","Sophie Hart",52,2,289,758,469,15,9,6,0
"2024-25","18356","Maryland","Bri McDaniel",24,2,345,600,255,6,6,0,0
"2024-25","18356","Minnesota","Tori McKinney",14,2,345,409,64,2,2,0,0
"2024-25","18356","Maryland","Shyanne Sellers",0,3,409,1062,653,22,16,6,0
"2024-25","18356","Minnesota","Alexsia Rose",0,2,409,758,349,8,7,1,0
"2024-25","18356","Maryland","Kaylene Smikle",2,2,600,2400,1800,82,73,9,0
"2024-25","18356","Maryland","Saylor Poffenbarger",6,2,600,873,273,9,6,3,0
"2024-25","18356","Maryland","Christina Dalce",15,2,684,873,189,6,3,3,0
"2024-25","18356","Minnesota","Maggie Czinano",5,1,740,873,133,2,6,-4,0
"2024-25","18356","Minnesota","Tori McKinney",14,3,758,915,157,4,6,-2,0
"2024-25","18356","Minnesota","Annika Stewart",21,2,758,873,115,2,6,-4,0
"2024-25","18356","Maryland","Mir McLean",10,1,873,1200,327,16,12,4,0
"2024-25","18356","Maryland","Allie Kubek",14,2,873,1107,234,11,6,5,0
"2024-25","18356","Minnesota","Alexsia Rose",0,3,873,994,121,4,7,-3,0
"2024-25","18356","Minnesota","Mallory Heyer",24,2,873,971,98,4,5,-1,0
"2024-25","18356","Minnesota","Sophie Hart",52,3,873,1467,594,19,27,-8,0
"2024-25","18356","Minnesota","McKenna Johnson",7,1,881,915,34,0,0,0,0
"2024-25","18356","Maryland","Saylor Poffenbarger",6,3,915,1338,423,21,15,6,0
"2024-25","18356","Minnesota","Amaya Battle",3,2,915,1385,470,15,25,-10,0
"2024-25","18356","Minnesota","Grace Grocholski",25,2,915,1740,825,28,40,-12,0
"2024-25","18356","Minnesota","Maggie Czinano",5,2,971,1114,143,4,6,-2,0
"2024-25","18356","Minnesota","McKenna Johnson",7,2,994,1189,195,8,7,1,0
"2024-25","18356","Maryland","Sarah Te-Biasu",1,2,1062,2381,1319,60,61,-1,0
"2024-25","18356","Maryland","Christina Dalce",15,3,1107,1114,7,0,0,0,0
"2024-25","18356","Maryland","Shyanne Sellers",0,4,1114,1797,683,34,29,5,0
"2024-25","18356","Minnesota","Niamya Holloway",41,1,1114,1200,86,4,5,-1,0
"2024-25","18356","Minnesota","Kennedy Klick",22,1,1189,1200,11,0,2,-2,0
"2024-25","18356","Maryland","Christina Dalce",15,4,1200,1441,241,11,7,4,0
"2024-25","18356","Minnesota","McKenna Johnson",7,3,1200,1417,217,7,9,-2,0
"2024-25","18356","Minnesota","Mallory Heyer",24,3,1200,1417,217,7,9,-2,0
"2024-25","18356","Maryland","Mir McLean",10,2,1338,1656,318,13,8,5,0
"2024-25","18356","Minnesota","Tori McKinney",14,4,1385,2121,736,29,34,-5,0
"2024-25","18356","Minnesota","Alexsia Rose",0,4,1417,1503,86,0,4,-4,0
"2024-25","18356","Minnesota","Maggie Czinano",5,3,1417,1467,50,0,2,-2,0
"2024-25","18356","Maryland","Allie Kubek",14,3,1441,2371,930,42,45,-3,0
"2024-25","18356","Minnesota","Annika Stewart",21,3,1467,1503,36,0,2,-2,0
"2024-25","18356","Minnesota","Niamya Holloway",41,2,1467,1603,136,4,7,-3,0
"2024-25","18356","Minnesota","Amaya Battle",3,3,1503,2400,897,48,44,4,0
"2024-25","18356","Minnesota","Sophie Hart",52,4,1503,1686,183,6,7,-1,0
"2024-25","18356","Minnesota","Mallory Heyer",24,4,1603,2299,696,33,33,0,0
"2024-25","18356","Maryland","Saylor Poffenbarger",6,4,1656,1884,228,16,11,5,0
"2024-25","18356","Minnesota","Annika Stewart",21,4,1686,1800,114,10,9,1,0
"2024-25","18356","Minnesota","McKenna Johnson",7,4,1740,1797,57,5,5,0,0
"2024-25","18356","Maryland","Mir McLean",10,3,1797,1944,147,5,5,0,0
"2024-25","18356","Minnesota","Grace Grocholski",25,3,1797,1800,3,0,0,0,0
"2024-25","18356","Minnesota","McKenna Johnson",7,5,1800,1884,84,1,5,-4,0
"2024-25","18356","Minnesota","Sophie Hart",52,5,1800,2371,571,29,24,5,0
"2024-25","18356","Maryland","Shyanne Sellers",0,5,1884,2400,516,23,31,-8,0
"2024-25","18356","Minnesota","Grace Grocholski",25,4,1884,2380,496,31,19,12,0
"2024-25","18356","Maryland","Christina Dalce",15,5,1944,2351,407,17,22,-5,0
"2024-25","18356","Minnesota","McKenna Johnson",7,6,2121,2201,80,2,5,-3,0
"2024-25","18356","Minnesota","Alexsia Rose",0,5,2201,2400,199,19,9,10,0
"2024-25","18356","Minnesota","McKenna Johnson",7,7,2299,2400,101,11,6,5,0
"2024-25","18356","Maryland","Saylor Poffenbarger",6,5,2351,2400,49,6,5,1,0
"2024-25","18356","Maryland","Christina Dalce",15,6,2371,2380,9,0,3,-3,0
"2024-25","18356","Minnesota","Annika Stewart",21,5,2371,2400,29,3,4,-1,0
"2024-25","18356","Maryland","Allie Kubek",14,4,2380,2381,1,0,0,0,0
"2024-25","18356","Minnesota","Niamya Holloway",41,3,2380,2381,1,0,0,0,0
"2024-25","18356","Maryland","Mir McLean",10,4,2381,2400,19,4,0,4,0
"2024-25","18356","Maryland","Christina Dalce",15,7,2381,2400,19,4,0,4,0
"2024-25","18356","Minnesota","Grace Grocholski",25,5,2381,2398,17,0,2,-2,0
"2024-25","18356","Minnesota","Niamya Holloway",41,4,2398,2400,2,0,2,-2,0
"2024-25","18357","Maryland","Shyanne Sellers",0,1,0,812,812,14,33,-19,1
"2024-25","18357","Maryland","Sarah Te-Biasu",1,1,0,334,334,5,15,-10,1
"2024-25","18357","Maryland","Kaylene Smikle",2,1,0,755,755,12,32,-20,1
"2024-25","18357","Maryland","Saylor Poffenbarger",6,1,0,156,156,1,5,-4,1
"2024-25","18357","Maryland","Christina Dalce",15,1,0,156,156,1,5,-4,1
"2024-25","18357","Texas","Rori Harmon",3,1,0,1024,1024,39,16,23,1
"2024-25","18357","Texas","Shay Holle",10,1,0,721,721,32,12,20,1
"2024-25","18357","Texas","Aaliyah Moore",23,1,0,262,262,10,5,5,1
"2024-25","18357","Texas","Madison Booker",35,1,0,1107,1107,44,18,26,1
"2024-25","18357","Texas","Taylor Jones",44,1,0,357,357,17,5,12,1
"2024-25","18357","Maryland","Mir McLean",10,1,156,412,256,6,14,-8,0
"2024-25","18357","Maryland","Allie Kubek",14,1,156,334,178,4,10,-6,0
"2024-25","18357","Texas","Ndjakalenga Mwenentanda",32,1,262,1200,938,38,13,25,0
"2024-25","18357","Maryland","Saylor Poffenbarger",6,2,334,696,362,7,15,-8,0
"2024-25","18357","Maryland","Christina Dalce",15,2,334,512,178,3,11,-8,0
"2024-25","18357","Texas","Kyla Oldacre",0,1,357,607,250,11,7,4,0
"2024-25","18357","Maryland","Sarah Te-Biasu",1,2,412,1024,612,9,20,-11,0
"2024-25","18357","Maryland","Allie Kubek",14,2,512,1800,1288,31,47,-16,0
"2024-25","18357","Texas","Taylor Jones",44,2,607,1538,931,35,16,19,0
"2024-25","18357","Maryland","Christina Dalce",15,3,696,1630,934,19,35,-16,0
"2024-25","18357","Texas","Jordan Lee",7,1,721,1200,479,16,6,10,0
"2024-25","18357","Maryland","Saylor Poffenbarger",6,3,755,895,140,2,5,-3,0
"2024-25","18357","Maryland","Mir McLean",10,2,812,1200,388,4,15,-11,0
"2024-25","18357","Maryland","Kaylene Smikle",2,2,895,1710,815,23,33,-10,0
"2024-25","18357","Maryland","Shyanne Sellers",0,2,1024,1058,34,2,3,-1,0
"2024-25","18357","Texas","Bryanna Preston",1,1,1024,1200,176,9,2,7,0
"2024-25","18357","Maryland","Sarah Te-Biasu",1,3,1058,2400,1342,33,47,-14,0
"2024-25","18357","Texas","Rori Harmon",3,2,1107,1971,864,33,25,8,0
"2024-25","18357","Maryland","Saylor Poffenbarger",6,4,1200,1477,277,8,13,-5,0
"2024-25","18357","Texas","Shay Holle",10,2,1200,2082,882,34,27,7,0
"2024-25","18357","Texas","Aaliyah Moore",23,2,1200,1980,780,30,25,5,0
"2024-25","18357","Texas","Madison Booker",35,2,1200,1445,245,8,6,2,0
"2024-25","18357","Texas","Jordan Lee",7,2,1445,1800,355,17,15,2,0
"2024-25","18357","Maryland","Ava McKennie",5,1,1477,2400,923,25,28,-3,0
"2024-25","18357","Texas","Kyla Oldacre",0,2,1538,2400,862,26,23,3,0
"2024-25","18357","Maryland","Saylor Poffenbarger",6,5,1630,1800,170,8,8,0,0
"2024-25","18357","Maryland","Christina Dalce",15,4,1710,2082,372,8,12,-4,0
"2024-25","18357","Maryland","Kaylene Smikle",2,3,1800,2148,348,8,11,-3,0
"2024-25","18357","Maryland","Amari DeBerry",42,1,1800,2400,600,12,16,-4,0
"2024-25","18357","Texas","Madison Booker",35,3,1800,2082,282,9,6,3,0
"2024-25","18357","Texas","Bryanna Preston",1,2,1971,2400,429,12,8,4,0
"2024-25","18357","Texas","Justice Carlton",11,1,1980,2400,420,11,8,3,0
"2024-25","18357","Maryland","Emily Fisher",3,1,2082,2400,318,6,7,-1,0
"2024-25","18357","Texas","Jordan Lee",7,3,2082,2148,66,2,2,0,0
"2024-25","18357","Texas","Ndjakalenga Mwenentanda",32,2,2082,2400,318,7,6,1,0
"2024-25","18357","Maryland","Mir McLean",10,3,2148,2400,252,4,5,-1,0
"2024-25","18357","Texas","Jordana Codio",13,1,2148,2400,252,5,4,1,0
"2024-25","18358","Maryland","Sarah Te-Biasu",1,1,0,2400,2400,66,74,-8,1
"2024-25","18358","Maryland","Kaylene Smikle",2,1,0,505,505,22,10,12,1
"2024-25","18358","Maryland","Saylor Poffenbarger",6,1,0,1800,1800,54,57,-3,1
"2024-25","18358","Maryland","Allie Kubek",14,1,0,741,741,30,17,13,1
"2024-25","18358","Maryland","Christina Dalce",15,1,0,590,590,22,12,10,1
"2024-25","18358","Ohio St.","Ajae Petty",1,1,0,201,201,2,7,-5,1
"2024-25","18358","Ohio St.","Taylor Thierry",2,1,0,379,379,8,17,-9,1
"2024-25","18358","Ohio St.","Chance Gray",21,1,0,294,294,4,11,-7,1
"2024-25","18358","Ohio St.","Jaloni Cambridge",22,1,0,294,294,4,11,-7,1
"2024-25","18358","Ohio St.","Cotie McMahon",32,1,0,505,505,10,20,-10,1
"2024-25","18358","Ohio St.","Elsa LemmilÃ¤",12,1,201,379,178,6,10,-4,0
"2024-25","18358","Ohio St.","Madison Greene",0,1,294,600,306,8,11,-3,0
"2024-25","18358","Ohio St.","Ava Watson",5,1,294,600,306,8,11,-3,0
"2024-25","18358","Ohio St.","Kennedy Cambridge",3,1,379,600,221,4,5,-1,0
"2024-25","18358","Ohio St.","Eboni Walker",55,1,379,600,221,4,5,-1,0
"2024-25","18358","Maryland","Mir McLean",10,1,505,1200,695,12,17,-5,0
"2024-25","18358","Ohio St.","Taylor Thierry",2,2,505,741,236,7,9,-2,0
"2024-25","18358","Maryland","Ava McKennie",5,1,590,600,10,0,0,0,0
"2024-25","18358","Maryland","Kaylene Smikle",2,2,600,683,83,4,0,4,0
"2024-25","18358","Ohio St.","Ajae Petty",1,2,600,683,83,0,4,-4,0
"2024-25","18358","Ohio St.","Chance Gray",21,2,600,904,304,8,10,-2,0
"2024-25","18358","Ohio St.","Jaloni Cambridge",22,2,600,1103,503,13,10,3,0
"2024-25","18358","Ohio St.","Cotie McMahon",32,2,600,1991,1391,52,33,19,0
"2024-25","18358","Maryland","Christina Dalce",15,2,683,963,280,6,10,-4,0
"2024-25","18358","Ohio St.","Kennedy Cambridge",3,2,683,998,315,11,6,5,0
"2024-25","18358","Maryland","Amari DeBerry",42,1,741,904,163,2,3,-1,0
"2024-25","18358","Ohio St.","Elsa LemmilÃ¤",12,2,741,998,257,6,3,3,0
"2024-25","18358","Maryland","Allie Kubek",14,2,904,1450,546,18,20,-2,0
"2024-25","18358","Ohio St.","Taylor Thierry",2,3,904,2400,1496,54,34,20,0
"2024-25","18358","Maryland","Amari DeBerry",42,2,963,1103,140,0,3,-3,0
"2024-25","18358","Ohio St.","Chance Gray",21,3,998,1450,452,17,18,-1,0
"2024-25","18358","Ohio St.","Eboni Walker",55,2,998,1200,202,4,2,2,0
"2024-25","18358","Maryland","Ava McKennie",5,2,1103,1200,97,2,2,0,0
"2024-25","18358","Ohio St.","Madison Greene",0,2,1103,1200,97,2,2,0,0
"2024-25","18358","Maryland","Kaylene Smikle",2,3,1200,1638,438,16,24,-8,0
"2024-25","18358","Maryland","Christina Dalce",15,3,1200,2400,1200,32,47,-15,0
"2024-25","18358","Ohio St.","Ajae Petty",1,3,1200,1450,250,13,16,-3,0
"2024-25","18358","Ohio St.","Jaloni Cambridge",22,3,1200,2026,826,39,21,18,0
"2024-25","18358","Maryland","Mir McLean",10,2,1450,1493,43,0,6,-6,0
"2024-25","18358","Ohio St.","Kennedy Cambridge",3,3,1450,2251,801,28,12,16,0
"2024-25","18358","Ohio St.","Elsa LemmilÃ¤",12,3,1450,2400,950,34,16,18,0
"2024-25","18358","Maryland","Allie Kubek",14,3,1493,1652,159,0,7,-7,0
"2024-25","18358","Maryland","Emily Fisher",3,1,1638,1931,293,4,13,-9,0
"2024-25","18358","Maryland","Kaylene Smikle",2,4,1652,2102,450,7,13,-6,0
"2024-25","18358","Maryland","Allie Kubek",14,4,1800,2400,600,12,17,-5,0
"2024-25","18358","Maryland","Saylor Poffenbarger",6,2,1931,2400,469,12,10,2,0
"2024-25","18358","Ohio St.","Chance Gray",21,4,1991,2183,192,4,5,-1,0
"2024-25","18358","Ohio St.","Madison Greene",0,3,2026,2183,157,2,5,-3,0
"2024-25","18358","Maryland","Emily Fisher",3,2,2102,2183,81,3,2,1,0
"2024-25","18358","Maryland","Kaylene Smikle",2,5,2183,2400,217,6,6,0,0
"2024-25","18358","Ohio St.","Jaloni Cambridge",22,4,2183,2400,217,6,6,0,0
"2024-25","18358","Ohio St.","Cotie McMahon",32,3,2183,2400,217,6,6,0,0
"2024-25","18358","Ohio St.","Chance Gray",21,5,2251,2276,25,2,0,2,0
"2024-25","18358","Ohio St.","Kennedy Cambridge",3,4,2276,2400,124,4,4,0,0
"2024-25","18359","Maryland","Sarah Te-Biasu",1,1,0,2218,2218,57,82,-25,1
"2024-25","18359","Maryland","Kaylene Smikle",2,1,0,839,839,19,27,-8,1
"2024-25","18359","Maryland","Saylor Poffenbarger",6,1,0,998,998,29,35,-6,1
"2024-25","18359","Maryland","Christina Dalce",15,1,0,443,443,10,12,-2,1
"2024-25","18359","Maryland","Amari DeBerry",42,1,0,284,284,8,10,-2,1
"2024-25","18359","Ucla","Kiki Rice",1,1,0,284,284,10,8,2,1
"2024-25","18359","Ucla","Londynn Jones",3,1,0,334,334,10,10,0,1
"2024-25","18359","Ucla","Gabriela Jaquez",11,1,0,220,220,6,6,0,1
"2024-25","18359","Ucla","Angela DugaliÄ‡",32,1,0,220,220,6,6,0,1
"2024-25","18359","Ucla","Lauren Betts",51,1,0,559,559,20,15,5,1
"2024-25","18359","Ucla","Janiah Barker",0,1,220,381,161,4,4,0,0
"2024-25","18359","Ucla","Timea Gardiner",30,1,220,443,223,6,4,2,0
"2024-25","18359","Maryland","Allie Kubek",14,1,284,334,50,2,0,2,0
"2024-25","18359","Ucla","Elina Aarnisalo",7,1,284,559,275,10,7,3,0
"2024-25","18359","Maryland","Mir McLean",10,1,334,600,266,5,10,-5,0
"2024-25","18359","Ucla","Kiki Rice",1,2,334,588,254,10,5,5,0
"2024-25","18359","Ucla","Angela DugaliÄ‡",32,2,381,746,365,15,7,8,0
"2024-25","18359","Maryland","Amari DeBerry",42,2,443,660,217,5,11,-6,0
"2024-25","18359","Ucla","Gabriela Jaquez",11,2,443,600,157,8,5,3,0
"2024-25","18359","Ucla","Janiah Barker",0,2,559,660,101,3,0,3,0
"2024-25","18359","Ucla","Londynn Jones",3,2,559,892,333,13,6,7,0
"2024-25","18359","Ucla","Kendall Dudley",22,1,588,660,72,3,0,3,0
"2024-25","18359","Maryland","Allie Kubek",14,2,600,660,60,0,3,-3,0
"2024-25","18359","Ucla","Kiki Rice",1,3,600,2242,1642,62,42,20,0
"2024-25","18359","Maryland","Christina Dalce",15,2,660,1417,757,21,24,-3,0
"2024-25","18359","Maryland","Amari DeBerry",42,3,660,861,201,4,6,-2,0
"2024-25","18359","Ucla","Gabriela Jaquez",11,3,660,892,232,10,6,4,0
"2024-25","18359","Ucla","Lauren Betts",51,2,660,2191,1531,57,42,15,0
"2024-25","18359","Ucla","Timea Gardiner",30,2,746,1006,260,10,12,-2,0
"2024-25","18359","Maryland","Mir McLean",10,2,839,1172,333,15,12,3,0
"2024-25","18359","Maryland","Allie Kubek",14,3,861,1114,253,14,8,6,0
"2024-25","18359","Ucla","Janiah Barker",0,3,892,998,106,2,8,-6,0
"2024-25","18359","Ucla","Elina Aarnisalo",7,2,892,1114,222,4,12,-8,0
"2024-25","18359","Maryland","Kaylene Smikle",2,2,998,2400,1402,38,47,-9,0
"2024-25","18359","Ucla","Angela DugaliÄ‡",32,3,998,1629,631,24,17,7,0
"2024-25","18359","Ucla","Gabriela Jaquez",11,4,1006,1114,108,2,4,-2,0
"2024-25","18359","Maryland","Saylor Poffenbarger",6,2,1114,2254,1140,26,45,-19,0
"2024-25","18359","Ucla","Londynn Jones",3,3,1114,1503,389,16,8,8,0
"2024-25","18359","Ucla","Kendall Dudley",22,2,1114,1200,86,2,1,1,0
"2024-25","18359","Maryland","Allie Kubek",14,4,1172,1198,26,0,0,0,0
"2024-25","18359","Maryland","Mir McLean",10,3,1198,1200,2,0,0,0,0
"2024-25","18359","Maryland","Amari DeBerry",42,4,1200,1263,63,0,4,-4,0
"2024-25","18359","Ucla","Gabriela Jaquez",11,5,1200,1452,252,10,4,6,0
"2024-25","18359","Maryland","Allie Kubek",14,5,1263,2129,866,23,34,-11,0
"2024-25","18359","Maryland","Mir McLean",10,4,1417,1629,212,10,12,-2,0
"2024-25","18359","Ucla","Timea Gardiner",30,3,1452,1889,437,16,10,6,0
"2024-25","18359","Ucla","Elina Aarnisalo",7,3,1503,1775,272,11,7,4,0
"2024-25","18359","Maryland","Amari DeBerry",42,5,1629,1800,171,2,6,-4,0
"2024-25","18359","Ucla","Janiah Barker",0,4,1629,1951,322,8,6,2,0
"2024-25","18359","Ucla","Kendall Dudley",22,3,1775,1889,114,1,0,1,0
"2024-25","18359","Maryland","Christina Dalce",15,3,1800,2254,454,11,17,-6,0
"2024-25","18359","Ucla","Gabriela Jaquez",11,6,1889,2129,240,10,9,1,0
"2024-25","18359","Ucla","Angela DugaliÄ‡",32,4,1889,2218,329,17,9,8,0
"2024-25","18359","Ucla","Londynn Jones",3,4,1951,2038,87,5,3,2,0
"2024-25","18359","Ucla","Avary Cain",2,1,2038,2218,180,10,2,8,0
"2024-25","18359","Maryland","Mir McLean",10,5,2129,2400,271,10,5,5,0
"2024-25","18359","Ucla","Kendall Dudley",22,4,2129,2400,271,7,10,-3,0
"2024-25","18359","Ucla","Zania Socka-Nguemen",6,1,2191,2400,209,2,10,-8,0
"2024-25","18359","Maryland","Ava McKennie",5,1,2218,2400,182,10,0,10,0
"2024-25","18359","Ucla","Londynn Jones",3,5,2218,2242,24,0,0,0,0
"2024-25","18359","Ucla","Timea Gardiner",30,4,2218,2400,182,0,10,-10,0
"2024-25","18359","Ucla","Avary Cain",2,2,2242,2400,158,0,10,-10,0
"2024-25","18359","Ucla","Elina Aarnisalo",7,4,2242,2400,158,0,10,-10,0
"2024-25","18359","Maryland","Emily Fisher",3,1,2254,2400,146,8,0,8,0
"2024-25","18359","Maryland","Amari DeBerry",42,6,2254,2400,146,8,0,8,0
"2024-25","18360","Maryland","Shyanne Sellers",0,1,0,101,101,8,0,8,1
"2024-25","18360","Maryland","Sarah Te-Biasu",1,1,0,454,454,21,6,15,1
"2024-25","18360","Maryland","Kaylene Smikle",2,1,0,124,124,8,0,8,1
"2024-25","18360","Maryland","Saylor Poffenbarger",6,1,0,454,454,21,6,15,1
"2024-25","18360","Maryland","Christina Dalce",15,1,0,222,222,13,4,9,1
"2024-25","18360","Penn St.","Gabby Elliott",0,1,0,222,222,4,13,-9,1
"2024-25","18360","Penn St.","Moriah Murray",3,1,0,1755,1755,45,60,-15,1
"2024-25","18360","Penn St.","Grace Hall",7,1,0,101,101,0,8,-8,1
"2024-25","18360","Penn St.","Alli Campbell",22,1,0,222,222,4,13,-9,1
"2024-25","18360","Penn St.","Gracie Merkle",44,1,0,78,78,0,5,-5,1
"2024-25","18360","Penn St.","Tamera Johnson",5,1,78,101,23,0,3,-3,0
"2024-25","18360","Maryland","Allie Kubek",14,1,101,817,716,20,15,5,0
"2024-25","18360","Penn St.","Jayla Oden",12,1,101,321,220,6,9,-3,0
"2024-25","18360","Penn St.","Gracie Merkle",44,2,101,165,64,2,0,2,0
"2024-25","18360","Maryland","Ava McKennie",5,1,124,321,197,9,6,3,0
"2024-25","18360","Penn St.","Tamera Johnson",5,2,165,241,76,2,5,-3,0
"2024-25","18360","Maryland","Kaylene Smikle",2,2,222,944,722,19,15,4,0
"2024-25","18360","Penn St.","Grace Hall",7,2,222,321,99,2,4,-2,0
"2024-25","18360","Penn St.","Talayah Walker",20,1,222,531,309,2,8,-6,0
"2024-25","18360","Penn St.","Gracie Merkle",44,3,241,358,117,2,4,-2,0
"2024-25","18360","Maryland","Mir McLean",10,1,321,600,279,6,1,5,0
"2024-25","18360","Penn St.","Gabby Elliott",0,2,321,495,174,0,4,-4,0
"2024-25","18360","Penn St.","Tamera Johnson",5,3,321,454,133,0,4,-4,0
"2024-25","18360","Penn St.","Alli Campbell",22,2,358,454,96,0,4,-4,0
"2024-25","18360","Maryland","Shyanne Sellers",0,2,454,600,146,2,1,1,0
"2024-25","18360","Maryland","Ava McKennie",5,2,454,600,146,2,1,1,0
"2024-25","18360","Penn St.","Grace Hall",7,3,454,817,363,9,7,2,0
"2024-25","18360","Penn St.","Jayla Oden",12,2,454,581,127,0,2,-2,0
"2024-25","18360","Penn St.","Alli Campbell",22,3,495,1377,882,25,28,-3,0
"2024-25","18360","Penn St.","Gracie Merkle",44,4,531,582,51,1,2,-1,0
"2024-25","18360","Penn St.","Talayah Walker",20,2,581,1117,536,17,16,1,0
"2024-25","18360","Penn St.","Tamera Johnson",5,4,582,623,41,0,0,0,0
"2024-25","18360","Maryland","Sarah Te-Biasu",1,2,600,1755,1155,37,38,-1,0
"2024-25","18360","Maryland","Saylor Poffenbarger",6,2,600,1167,567,18,16,2,0
"2024-25","18360","Maryland","Christina Dalce",15,2,600,1495,895,30,28,2,0
"2024-25","18360","Penn St.","Gracie Merkle",44,5,623,862,239,8,7,1,0
"2024-25","18360","Maryland","Amari DeBerry",42,1,817,944,127,4,4,0,0
"2024-25","18360","Penn St.","Jayla Oden",12,3,817,1060,243,6,9,-3,0
"2024-25","18360","Penn St.","Tamera Johnson",5,5,862,867,5,0,0,0,0
"2024-25","18360","Penn St.","Gracie Merkle",44,6,867,1017,150,6,4,2,0
"2024-25","18360","Maryland","Shyanne Sellers",0,3,944,1060,116,5,2,3,0
"2024-25","18360","Maryland","Allie Kubek",14,2,944,1200,256,9,5,4,0
"2024-25","18360","Penn St.","Tamera Johnson",5,6,1017,1194,177,3,7,-4,0
"2024-25","18360","Maryland","Kaylene Smikle",2,3,1060,1495,435,16,14,2,0
"2024-25","18360","Penn St.","Grace Hall",7,4,1060,1194,134,3,4,-1,0
"2024-25","18360","Penn St.","Gracie Merkle",44,7,1117,1596,479,14,16,-2,0
"2024-25","18360","Maryland","Shyanne Sellers",0,4,1167,1194,27,0,1,-1,0
"2024-25","18360","Maryland","Ava McKennie",5,3,1194,1200,6,0,0,0,0
"2024-25","18360","Penn St.","Jayla Oden",12,4,1194,1200,6,0,0,0,0
"2024-25","18360","Penn St.","Talayah Walker",20,3,1194,1200,6,0,0,0,0
"2024-25","18360","Maryland","Shyanne Sellers",0,5,1200,1557,357,14,11,3,0
"2024-25","18360","Maryland","Saylor Poffenbarger",6,3,1200,1338,138,6,5,1,0
"2024-25","18360","Penn St.","Gabby Elliott",0,3,1200,1443,243,9,12,-3,0
"2024-25","18360","Penn St.","Grace Hall",7,5,1200,1557,357,11,14,-3,0
"2024-25","18360","Maryland","Allie Kubek",14,3,1338,1642,304,10,11,-1,0
"2024-25","18360","Penn St.","Jayla Oden",12,5,1377,1557,180,4,6,-2,0
"2024-25","18360","Penn St.","Tamera Johnson",5,7,1443,1655,212,8,4,4,0
"2024-25","18360","Maryland","Saylor Poffenbarger",6,4,1495,1760,265,7,10,-3,0
"2024-25","18360","Maryland","Mir McLean",10,2,1495,1756,261,7,10,-3,0
"2024-25","18360","Maryland","Ava McKennie",5,4,1557,1642,85,2,5,-3,0
"2024-25","18360","Penn St.","Gabby Elliott",0,4,1557,2192,635,31,18,13,0
"2024-25","18360","Penn St.","Alli Campbell",22,4,1557,1755,198,10,5,5,0
"2024-25","18360","Penn St.","Grace Hall",7,6,1596,1670,74,4,2,2,0
"2024-25","18360","Maryland","Kaylene Smikle",2,4,1642,2362,720,23,31,-8,0
"2024-25","18360","Maryland","Christina Dalce",15,3,1642,2062,420,9,20,-11,0
"2024-25","18360","Penn St.","Gracie Merkle",44,8,1655,1724,69,2,3,-1,0
"2024-25","18360","Penn St.","Tamera Johnson",5,8,1670,1760,90,4,3,1,0
"2024-25","18360","Penn St.","Jayla Oden",12,6,1724,1779,55,4,0,4,0
"2024-25","18360","Maryland","Ava McKennie",5,5,1755,1779,24,0,2,-2,0
"2024-25","18360","Penn St.","Grace Hall",7,7,1755,1760,5,0,0,0,0
"2024-25","18360","Penn St.","Talayah Walker",20,4,1755,1760,5,0,0,0,0
"2024-25","18360","Maryland","Shyanne Sellers",0,6,1756,1760,4,0,0,0,0
"2024-25","18360","Maryland","Mir McLean",10,3,1760,1800,40,2,4,-2,0
"2024-25","18360","Maryland","Allie Kubek",14,4,1760,1800,40,2,4,-2,0
"2024-25","18360","Penn St.","Moriah Murray",3,2,1760,1775,15,0,0,0,0
"2024-25","18360","Penn St.","Alli Campbell",22,5,1760,1775,15,0,0,0,0
"2024-25","18360","Penn St.","Gracie Merkle",44,9,1760,1775,15,0,0,0,0
"2024-25","18360","Penn St.","Tamera Johnson",5,9,1775,1779,4,2,0,2,0
"2024-25","18360","Penn St.","Grace Hall",7,8,1775,1779,4,2,0,2,0
"2024-25","18360","Penn St.","Talayah Walker",20,5,1775,1779,4,2,0,2,0
"2024-25","18360","Maryland","Sarah Te-Biasu",1,3,1779,2400,621,22,26,-4,0
"2024-25","18360","Penn St.","Moriah Murray",3,3,1779,1848,69,2,2,0,0
"2024-25","18360","Penn St.","Jayla Oden",12,7,1779,2219,440,19,13,6,0
"2024-25","18360","Penn St.","Alli Campbell",22,6,1779,1848,69,2,2,0,0
"2024-25","18360","Penn St.","Gracie Merkle",44,10,1779,1848,69,2,2,0,0
"2024-25","18360","Maryland","Shyanne Sellers",0,7,1800,1987,187,2,8,-6,0
"2024-25","18360","Maryland","Saylor Poffenbarger",6,5,1800,1848,48,0,0,0,0
"2024-25","18360","Maryland","Allie Kubek",14,5,1848,1891,43,0,4,-4,0
"2024-25","18360","Penn St.","Tamera Johnson",5,10,1848,1987,139,9,2,7,0
"2024-25","18360","Penn St.","Grace Hall",7,9,1848,1987,139,9,2,7,0
"2024-25","18360","Penn St.","Talayah Walker",20,6,1848,1987,139,9,2,7,0
"2024-25","18360","Maryland","Saylor Poffenbarger",6,6,1891,2131,240,6,11,-5,0
"2024-25","18360","Maryland","Emily Fisher",3,1,1987,2400,413,18,16,2,0
"2024-25","18360","Penn St.","Moriah Murray",3,4,1987,2069,82,2,2,0,0
"2024-25","18360","Penn St.","Alli Campbell",22,7,1987,2061,74,2,2,0,0
"2024-25","18360","Penn St.","Gracie Merkle",44,11,1987,2069,82,2,2,0,0
"2024-25","18360","Penn St.","Tamera Johnson",5,11,2061,2192,131,6,7,-1,0
"2024-25","18360","Maryland","Allie Kubek",14,6,2062,2261,199,9,8,1,0
"2024-25","18360","Penn St.","Grace Hall",7,10,2069,2131,62,4,2,2,0
"2024-25","18360","Penn St.","Talayah Walker",20,7,2069,2131,62,4,2,2,0
"2024-25","18360","Maryland","Shyanne Sellers",0,8,2131,2362,231,12,7,5,0
"2024-25","18360","Penn St.","Moriah Murray",3,5,2131,2181,50,2,3,-1,0
"2024-25","18360","Penn St.","Gracie Merkle",44,12,2131,2181,50,2,3,-1,0
"2024-25","18360","Penn St.","Grace Hall",7,11,2181,2192,11,0,2,-2,0
"2024-25","18360","Penn St.","Talayah Walker",20,8,2181,2192,11,0,2,-2,0
"2024-25","18360","Penn St.","Gabby Elliott",0,5,2192,2400,208,7,9,-2,0
"2024-25","18360","Penn St.","Moriah Murray",3,6,2192,2219,27,0,0,0,0
"2024-25","18360","Penn St.","Alli Campbell",22,8,2192,2261,69,2,2,0,0
"2024-25","18360","Penn St.","Gracie Merkle",44,13,2192,2219,27,0,0,0,0
"2024-25","18360","Penn St.","Tamera Johnson",5,12,2219,2362,143,5,6,-1,0
"2024-25","18360","Penn St.","Grace Hall",7,12,2219,2362,143,5,6,-1,0
"2024-25","18360","Penn St.","Talayah Walker",20,9,2219,2362,143,5,6,-1,0
"2024-25","18360","Maryland","Saylor Poffenbarger",6,7,2261,2400,139,7,5,2,0
"2024-25","18360","Penn St.","Jayla Oden",12,8,2261,2362,101,3,4,-1,0
"2024-25","18360","Maryland","Ava McKennie",5,6,2362,2365,3,0,2,-2,0
"2024-25","18360","Maryland","Allie Kubek",14,7,2362,2365,3,0,2,-2,0
"2024-25","18360","Penn St.","Moriah Murray",3,7,2362,2365,3,2,1,1,0
"2024-25","18360","Penn St.","Tamera Johnson",5,13,2362,2384,22,2,1,1,0
"2024-25","18360","Penn St.","Alli Campbell",22,9,2362,2365,3,2,1,1,0
"2024-25","18360","Penn St.","Gracie Merkle",44,14,2362,2365,3,2,1,1,0
"2024-25","18360","Maryland","Shyanne Sellers",0,9,2365,2384,19,0,0,0,0
"2024-25","18360","Maryland","Kaylene Smikle",2,5,2365,2384,19,0,0,0,0
"2024-25","18360","Penn St.","Grace Hall",7,13,2365,2384,19,0,0,0,0
"2024-25","18360","Penn St.","Jayla Oden",12,9,2365,2400,35,0,2,-2,0
"2024-25","18360","Penn St.","Talayah Walker",20,10,2365,2384,19,0,0,0,0
"2024-25","18360","Maryland","Ava McKennie",5,7,2384,2400,16,2,0,2,0
"2024-25","18360","Maryland","Allie Kubek",14,8,2384,2400,16,2,0,2,0
"2024-25","18360","Penn St.","Moriah Murray",3,8,2384,2400,16,0,2,-2,0
"2024-25","18360","Penn St.","Tamera Johnson",5,14,2384,2400,16,0,2,-2,0
"2024-25","18360","Penn St.","Alli Campbell",22,10,2384,2400,16,0,2,-2,0
"2024-25","18360","Penn St.","Gracie Merkle",44,15,2384,2400,16,0,2,-2,0
"2024-25","18361","Illinois","Genesis Bryant",1,1,0,2400,2400,66,65,1,1
"2024-25","18361","Illinois","Jasmine Brown-Hagger",8,1,0,436,436,9,13,-4,1
"2024-25","18361","Illinois","Brynn Shoup-Hill",23,1,0,279,279,7,8,-1,1
"2024-25","18361","Illinois","Adalia McKenzie",24,1,0,332,332,9,8,1,1
"2024-25","18361","Illinois","Kendall Bostic",44,1,0,332,332,9,8,1,1
"2024-25","18361","Maryland","Shyanne Sellers",0,1,0,454,454,13,9,4,1
"2024-25","18361","Maryland","Sarah Te-Biasu",1,1,0,192,192,6,5,1,1
"2024-25","18361","Maryland","Kaylene Smikle",2,1,0,279,279,8,7,1,1
"2024-25","18361","Maryland","Christina Dalce",15,1,0,332,332,8,9,-1,1
"2024-25","18361","Maryland","Amari DeBerry",42,1,0,332,332,8,9,-1,1
"2024-25","18361","Maryland","Saylor Poffenbarger",6,1,192,762,570,16,15,1,0
"2024-25","18361","Illinois","Berry Wallace",20,1,279,1200,921,23,24,-1,0
"2024-25","18361","Maryland","Emily Fisher",3,1,279,595,316,10,4,6,0
"2024-25","18361","Illinois","Brynn Shoup-Hill",23,2,332,1364,1032,24,31,-7,0
"2024-25","18361","Illinois","Kendall Bostic",44,2,332,2400,2068,57,57,0,0
"2024-25","18361","Maryland","Sarah Te-Biasu",1,2,332,1389,1057,34,24,10,0
"2024-25","18361","Maryland","Allie Kubek",14,1,332,941,609,18,14,4,0
"2024-25","18361","Illinois","Cori Allen",2,1,436,600,164,2,5,-3,0
"2024-25","18361","Maryland","Kaylene Smikle",2,2,454,941,487,13,14,-1,0
"2024-25","18361","Maryland","Christina Dalce",15,2,595,762,167,4,9,-5,0
"2024-25","18361","Illinois","Adalia McKenzie",24,2,600,1007,407,12,10,2,0
"2024-25","18361","Maryland","Shyanne Sellers",0,2,762,1097,335,6,5,1,0
"2024-25","18361","Maryland","Emily Fisher",3,2,762,1074,312,6,5,1,0
"2024-25","18361","Maryland","Saylor Poffenbarger",6,2,941,1605,664,19,20,-1,0
"2024-25","18361","Maryland","Mir McLean",10,1,941,1197,256,6,7,-1,0
"2024-25","18361","Illinois","Jasmine Brown-Hagger",8,2,1007,1389,382,10,14,-4,0
"2024-25","18361","Maryland","Kaylene Smikle",2,3,1074,1497,423,14,16,-2,0
"2024-25","18361","Maryland","Allie Kubek",14,2,1097,1200,103,4,5,-1,0
"2024-25","18361","Maryland","Shyanne Sellers",0,3,1197,1231,34,0,3,-3,0
"2024-25","18361","Illinois","Adalia McKenzie",24,3,1200,1719,519,17,15,2,0
"2024-25","18361","Maryland","Christina Dalce",15,3,1200,1364,164,7,3,4,0
"2024-25","18361","Maryland","Allie Kubek",14,3,1231,1497,266,10,8,2,0
"2024-25","18361","Illinois","Berry Wallace",20,2,1364,2357,993,31,24,7,0
"2024-25","18361","Maryland","Emily Fisher",3,3,1364,1633,269,6,10,-4,0
"2024-25","18361","Illinois","Brynn Shoup-Hill",23,3,1389,2400,1011,33,23,10,0
"2024-25","18361","Maryland","Shyanne Sellers",0,4,1389,2014,625,10,21,-11,0
"2024-25","18361","Maryland","Sarah Te-Biasu",1,3,1497,2400,903,23,25,-2,0
"2024-25","18361","Maryland","Christina Dalce",15,4,1497,1877,380,8,11,-3,0
"2024-25","18361","Maryland","Kaylene Smikle",2,4,1605,2400,795,20,23,-3,0
"2024-25","18361","Maryland","Saylor Poffenbarger",6,3,1633,2338,705,18,18,0,0
"2024-25","18361","Illinois","Jasmine Brown-Hagger",8,3,1719,2111,392,7,8,-1,0
"2024-25","18361","Maryland","Allie Kubek",14,4,1877,2355,478,13,12,1,0
"2024-25","18361","Maryland","Emily Fisher",3,4,2014,2357,343,11,10,1,0
"2024-25","18361","Illinois","Adalia McKenzie",24,4,2111,2400,289,12,10,2,0
"2024-25","18361","Maryland","Shyanne Sellers",0,5,2338,2368,30,0,3,-3,0
"2024-25","18361","Maryland","Saylor Poffenbarger",6,4,2355,2368,13,0,0,0,0
"2024-25","18361","Illinois","Jasmine Brown-Hagger",8,4,2357,2368,11,0,0,0,0
"2024-25","18361","Maryland","Allie Kubek",14,5,2357,2368,11,0,0,0,0
"2024-25","18361","Illinois","Berry Wallace",20,3,2368,2378,10,0,0,0,0
"2024-25","18361","Maryland","Emily Fisher",3,5,2368,2400,32,2,2,0,0
"2024-25","18361","Maryland","Saylor Poffenbarger",6,5,2368,2400,32,2,2,0,0
"2024-25","18361","Maryland","Allie Kubek",14,6,2368,2400,32,2,2,0,0
"2024-25","18361","Maryland","Christina Dalce",15,5,2368,2378,10,0,0,0,0
"2024-25","18361","Illinois","Jasmine Brown-Hagger",8,5,2378,2400,22,2,2,0,0
"2024-25","18361","Maryland","Shyanne Sellers",0,6,2378,2400,22,2,2,0,0
"2024-25","18363","Maryland","Shyanne Sellers",0,1,0,353,353,11,6,5,1
"2024-25","18363","Maryland","Sarah Te-Biasu",1,1,0,716,716,26,13,13,1
"2024-25","18363","Maryland","Kaylene Smikle",2,1,0,271,271,8,6,2,1
"2024-25","18363","Maryland","Saylor Poffenbarger",6,1,0,475,475,13,6,7,1
"2024-25","18363","Maryland","Allie Kubek",14,1,0,271,271,8,6,2,1
"2024-25","18363","Oregon","Amina Muhammad",5,1,0,353,353,6,11,-5,1
"2024-25","18363","Oregon","Elisa Mevius",8,1,0,353,353,6,11,-5,1
"2024-25","18363","Oregon","Peyton Scott",10,1,0,271,271,6,8,-2,1
"2024-25","18363","Oregon","Phillipina Kyei",15,1,0,475,475,6,13,-7,1
"2024-25","18363","Oregon","Deja Kelly",25,1,0,475,475,6,13,-7,1
"2024-25","18363","Maryland","Emily Fisher",3,1,271,630,359,13,5,8,0
"2024-25","18363","Maryland","Christina Dalce",15,1,271,353,82,3,0,3,0
"2024-25","18363","Oregon","Nani Falatea",4,1,271,600,329,3,11,-8,0
"2024-25","18363","Maryland","Kaylene Smikle",2,2,353,596,243,8,3,5,0
"2024-25","18363","Maryland","Allie Kubek",14,2,353,678,325,12,7,5,0
"2024-25","18363","Oregon","Sofia Bell",3,1,353,881,528,9,19,-10,0
"2024-25","18363","Oregon","Sarah Rambus",23,1,353,547,194,3,6,-3,0
"2024-25","18363","Maryland","Shyanne Sellers",0,2,475,600,125,6,3,3,0
"2024-25","18363","Oregon","Alexis Whitfield",1,1,475,881,406,9,17,-8,0
"2024-25","18363","Oregon","Katie Fiso",2,1,475,881,406,9,17,-8,0
"2024-25","18363","Oregon","Phillipina Kyei",15,2,547,630,83,2,4,-2,0
"2024-25","18363","Maryland","Saylor Poffenbarger",6,2,596,1973,1377,49,41,8,0
"2024-25","18363","Maryland","Mir McLean",10,1,600,771,171,7,6,1,0
"2024-25","18363","Oregon","Ari Long",14,1,600,716,116,4,7,-3,0
"2024-25","18363","Maryland","Christina Dalce",15,2,630,771,141,5,4,1,0
"2024-25","18363","Oregon","Ehis Etute",35,1,630,881,251,4,9,-5,0
"2024-25","18363","Maryland","Shyanne Sellers",0,3,678,1138,460,16,4,12,0
"2024-25","18363","Maryland","Emily Fisher",3,2,716,881,165,4,2,2,0
"2024-25","18363","Oregon","Peyton Scott",10,2,716,991,275,2,7,-5,0
"2024-25","18363","Maryland","Sarah Te-Biasu",1,2,771,1188,417,13,4,9,0
"2024-25","18363","Maryland","Kaylene Smikle",2,3,771,1111,340,11,2,9,0
"2024-25","18363","Maryland","Allie Kubek",14,3,881,1602,721,30,18,12,0
"2024-25","18363","Oregon","Amina Muhammad",5,2,881,1138,257,4,9,-5,0
"2024-25","18363","Oregon","Elisa Mevius",8,2,881,991,110,0,3,-3,0
"2024-25","18363","Oregon","Phillipina Kyei",15,3,881,1111,230,2,7,-5,0
"2024-25","18363","Oregon","Deja Kelly",25,2,881,1188,307,4,9,-5,0
"2024-25","18363","Oregon","Sofia Bell",3,2,991,1200,209,7,6,1,0
"2024-25","18363","Oregon","Nani Falatea",4,2,991,1898,907,32,35,-3,0
"2024-25","18363","Maryland","Emily Fisher",3,3,1111,1200,89,2,5,-3,0
"2024-25","18363","Oregon","Ehis Etute",35,2,1111,1200,89,5,2,3,0
"2024-25","18363","Maryland","Mir McLean",10,2,1138,1200,62,0,5,-5,0
"2024-25","18363","Oregon","Katie Fiso",2,2,1138,1200,62,3,0,3,0
"2024-25","18363","Maryland","Ava McKennie",5,1,1188,1200,12,0,3,-3,0
"2024-25","18363","Oregon","Ari Long",14,2,1188,1200,12,3,0,3,0
"2024-25","18363","Maryland","Shyanne Sellers",0,4,1200,1475,275,17,3,14,0
"2024-25","18363","Maryland","Sarah Te-Biasu",1,3,1200,2400,1200,40,39,1,0
"2024-25","18363","Maryland","Kaylene Smikle",2,4,1200,1602,402,21,11,10,0
"2024-25","18363","Oregon","Amina Muhammad",5,3,1200,1249,49,0,5,-5,0
"2024-25","18363","Oregon","Elisa Mevius",8,3,1200,1475,275,3,17,-14,0
"2024-25","18363","Oregon","Phillipina Kyei",15,4,1200,1475,275,3,17,-14,0
"2024-25","18363","Oregon","Deja Kelly",25,3,1200,1475,275,3,17,-14,0
"2024-25","18363","Oregon","Sofia Bell",3,3,1249,1323,74,3,0,3,0
"2024-25","18363","Oregon","Alexis Whitfield",1,2,1323,1475,152,0,12,-12,0
"2024-25","18363","Maryland","Emily Fisher",3,4,1475,2400,925,23,36,-13,0
"2024-25","18363","Oregon","Katie Fiso",2,3,1475,1494,19,3,0,3,0
"2024-25","18363","Oregon","Ari Long",14,3,1475,2400,925,36,23,13,0
"2024-25","18363","Oregon","Sarah Rambus",23,2,1475,2080,605,27,12,15,0
"2024-25","18363","Oregon","Ehis Etute",35,3,1475,2290,815,31,20,11,0
"2024-25","18363","Oregon","Sofia Bell",3,4,1494,2049,555,24,12,12,0
"2024-25","18363","Maryland","Shyanne Sellers",0,5,1602,1681,79,0,7,-7,0
"2024-25","18363","Maryland","Christina Dalce",15,3,1602,1681,79,0,7,-7,0
"2024-25","18363","Maryland","Kaylene Smikle",2,5,1681,1792,111,8,3,5,0
"2024-25","18363","Maryland","Allie Kubek",14,4,1681,2153,472,12,12,0,0
"2024-25","18363","Maryland","Ava McKennie",5,2,1792,1800,8,0,2,-2,0
"2024-25","18363","Maryland","Kaylene Smikle",2,6,1800,2290,490,8,11,-3,0
"2024-25","18363","Oregon","Elisa Mevius",8,4,1898,2134,236,5,2,3,0
"2024-25","18363","Maryland","Shyanne Sellers",0,6,1973,2034,61,0,0,0,0
"2024-25","18363","Maryland","Saylor Poffenbarger",6,3,2034,2400,366,11,11,0,0
"2024-25","18363","Oregon","Nani Falatea",4,3,2049,2400,351,9,11,-2,0
"2024-25","18363","Oregon","Amina Muhammad",5,4,2080,2400,320,9,11,-2,0
"2024-25","18363","Oregon","Sofia Bell",3,5,2134,2400,266,9,9,0,0
"2024-25","18363","Maryland","Christina Dalce",15,4,2153,2400,247,7,9,-2,0
"2024-25","18363","Maryland","Ava McKennie",5,3,2290,2400,110,3,5,-2,0
"2024-25","18363","Oregon","Filippa Tilliander",13,1,2290,2400,110,5,3,2,0
"2024-25","18364","Maryland","Shyanne Sellers",0,1,0,970,970,38,33,5,1
"2024-25","18364","Maryland","Sarah Te-Biasu",1,1,0,577,577,17,27,-10,1
"2024-25","18364","Maryland","Kaylene Smikle",2,1,0,225,225,4,10,-6,1
"2024-25","18364","Maryland","Saylor Poffenbarger",6,1,0,331,331,4,15,-11,1
"2024-25","18364","Maryland","Allie Kubek",14,1,0,225,225,4,10,-6,1
"2024-25","18364","Washington","Sayvia Sellers",0,1,0,648,648,27,19,8,1
"2024-25","18364","Washington","Hannah Stines",1,1,0,403,403,17,6,11,1
"2024-25","18364","Washington","Chloe Briggs",11,1,0,508,508,25,11,14,1
"2024-25","18364","Washington","Dalayah Daniels",14,1,0,508,508,25,11,14,1
"2024-25","18364","Washington","Elle Ladine",24,1,0,298,298,13,4,9,1
"2024-25","18364","Maryland","Emily Fisher",3,1,225,407,182,2,7,-5,0
"2024-25","18364","Maryland","Christina Dalce",15,1,225,508,283,7,13,-6,0
"2024-25","18364","Washington","Devin Coppinger",3,1,298,577,279,14,13,1,0
"2024-25","18364","Maryland","Kaylene Smikle",2,2,331,866,535,30,16,14,0
"2024-25","18364","Washington","Elle Ladine",24,2,403,2400,1997,56,75,-19,0
"2024-25","18364","Maryland","Saylor Poffenbarger",6,2,407,775,368,21,14,7,0
"2024-25","18364","Maryland","Allie Kubek",14,2,508,600,92,8,4,4,0
"2024-25","18364","Washington","Teagan Brown",5,1,508,577,69,2,6,-4,0
"2024-25","18364","Washington","Tayra Eke",32,1,508,600,92,2,8,-6,0
"2024-25","18364","Maryland","Emily Fisher",3,2,577,578,1,0,0,0,0
"2024-25","18364","Washington","Hannah Stines",1,2,577,2400,1823,46,64,-18,0
"2024-25","18364","Washington","Chloe Briggs",11,2,577,1374,797,12,37,-25,0
"2024-25","18364","Maryland","Sarah Te-Biasu",1,2,578,593,15,0,0,0,0
"2024-25","18364","Maryland","Emily Fisher",3,3,593,600,7,2,0,2,0
"2024-25","18364","Maryland","Sarah Te-Biasu",1,3,600,2400,1800,62,46,16,0
"2024-25","18364","Maryland","Christina Dalce",15,2,600,837,237,11,4,7,0
"2024-25","18364","Washington","Dalayah Daniels",14,2,600,837,237,4,11,-7,0
"2024-25","18364","Washington","Devin Coppinger",3,2,648,760,112,3,7,-4,0
"2024-25","18364","Washington","Sayvia Sellers",0,2,760,866,106,1,8,-7,0
"2024-25","18364","Maryland","Emily Fisher",3,4,775,1058,283,15,5,10,0
"2024-25","18364","Maryland","Allie Kubek",14,3,837,1200,363,14,5,9,0
"2024-25","18364","Washington","Tayra Eke",32,2,837,970,133,2,8,-6,0
"2024-25","18364","Maryland","Mir McLean",10,1,866,970,104,4,2,2,0
"2024-25","18364","Washington","Devin Coppinger",3,3,866,1200,334,5,10,-5,0
"2024-25","18364","Maryland","Kaylene Smikle",2,3,970,1498,528,19,8,11,0
"2024-25","18364","Maryland","Saylor Poffenbarger",6,3,970,1430,460,17,8,9,0
"2024-25","18364","Washington","Brenna McDonald",20,1,970,1019,49,0,4,-4,0
"2024-25","18364","Washington","Tayra Eke",32,3,1019,1200,181,3,2,1,0
"2024-25","18364","Maryland","Shyanne Sellers",0,2,1058,1800,742,23,15,8,0
"2024-25","18364","Maryland","Christina Dalce",15,3,1200,1374,174,10,3,7,0
"2024-25","18364","Washington","Sayvia Sellers",0,3,1200,1673,473,10,19,-9,0
"2024-25","18364","Washington","Dalayah Daniels",14,3,1200,2400,1200,37,37,0,0
"2024-25","18364","Maryland","Allie Kubek",14,4,1374,1569,195,7,4,3,0
"2024-25","18364","Washington","Tayra Eke",32,4,1374,1720,346,7,11,-4,0
"2024-25","18364","Maryland","Emily Fisher",3,5,1430,1944,514,12,16,-4,0
"2024-25","18364","Maryland","Christina Dalce",15,4,1498,1766,268,8,8,0,0
"2024-25","18364","Maryland","Kaylene Smikle",2,4,1569,2400,831,20,30,-10,0
"2024-25","18364","Washington","Devin Coppinger",3,4,1673,2338,665,25,13,12,0
"2024-25","18364","Washington","Chloe Briggs",11,3,1720,1847,127,5,2,3,0
"2024-25","18364","Maryland","Mir McLean",10,2,1766,1800,34,0,2,-2,0
"2024-25","18364","Maryland","Saylor Poffenbarger",6,4,1800,2400,600,16,22,-6,0
"2024-25","18364","Maryland","Allie Kubek",14,5,1800,1893,93,2,2,0,0
"2024-25","18364","Washington","Sayvia Sellers",0,4,1847,2360,513,20,9,11,0
"2024-25","18364","Maryland","Christina Dalce",15,5,1893,2076,183,0,10,-10,0
"2024-25","18364","Maryland","Shyanne Sellers",0,3,1944,2239,295,7,10,-3,0
"2024-25","18364","Maryland","Emily Fisher",3,6,2076,2250,174,7,5,2,0
"2024-25","18364","Maryland","Allie Kubek",14,6,2239,2362,123,4,4,0,0
"2024-25","18364","Maryland","Shyanne Sellers",0,4,2250,2380,130,4,5,-1,0
"2024-25","18364","Washington","Chloe Briggs",11,4,2338,2400,62,2,5,-3,0
"2024-25","18364","Washington","Devin Coppinger",3,5,2360,2362,2,0,2,-2,0
"2024-25","18364","Maryland","Christina Dalce",15,6,2362,2377,15,0,2,-2,0
"2024-25","18364","Washington","Sayvia Sellers",0,5,2362,2377,15,2,0,2,0
"2024-25","18364","Maryland","Allie Kubek",14,7,2377,2380,3,0,0,0,0
"2024-25","18364","Washington","Devin Coppinger",3,6,2377,2382,5,0,0,0,0
"2024-25","18364","Maryland","Emily Fisher",3,7,2380,2381,1,0,0,0,0
"2024-25","18364","Maryland","Christina Dalce",15,7,2380,2381,1,0,0,0,0
"2024-25","18364","Maryland","Shyanne Sellers",0,5,2381,2382,1,0,0,0,0
"2024-25","18364","Maryland","Allie Kubek",14,8,2381,2383,2,1,0,1,0
"2024-25","18364","Maryland","Emily Fisher",3,8,2382,2400,18,3,0,3,0
"2024-25","18364","Washington","Sayvia Sellers",0,6,2382,2400,18,0,3,-3,0
"2024-25","18364","Maryland","Christina Dalce",15,8,2383,2400,17,2,0,2,0
"2024-25","18365","Maryland","Shyanne Sellers",0,1,0,600,600,29,18,11,1
"2024-25","18365","Maryland","Sarah Te-Biasu",1,1,0,964,964,36,31,5,1
"2024-25","18365","Maryland","Kaylene Smikle",2,1,0,217,217,10,4,6,1
"2024-25","18365","Maryland","Saylor Poffenbarger",6,1,0,683,683,30,22,8,1
"2024-25","18365","Maryland","Allie Kubek",14,1,0,253,253,12,6,6,1
"2024-25","18365","Nebraska","Logan Nissley",2,1,0,253,253,6,12,-6,1
"2024-25","18365","Nebraska","Jessica Petrie",12,1,0,313,313,6,15,-9,1
"2024-25","18365","Nebraska","Callin Hake",14,1,0,412,412,10,23,-13,1
"2024-25","18365","Nebraska","Britt Prince",23,1,0,683,683,22,30,-8,1
"2024-25","18365","Nebraska","Alexis Markowski",40,1,0,253,253,6,12,-6,1
"2024-25","18365","Maryland","Emily Fisher",3,1,217,835,618,26,24,2,0
"2024-25","18365","Maryland","Christina Dalce",15,1,253,412,159,11,4,7,0
"2024-25","18365","Nebraska","Alberte Rimdal",5,1,253,480,227,6,13,-7,0
"2024-25","18365","Nebraska","Petra Bozan",44,1,253,313,60,0,3,-3,0
"2024-25","18365","Nebraska","Amiah Hargrove",33,1,313,616,303,12,14,-2,0
"2024-25","18365","Nebraska","Alexis Markowski",40,2,313,705,392,16,17,-1,0
"2024-25","18365","Maryland","Allie Kubek",14,2,412,767,355,11,14,-3,0
"2024-25","18365","Nebraska","Kendall Moriarty",15,1,412,767,355,14,11,3,0
"2024-25","18365","Nebraska","Logan Nissley",2,2,480,881,401,16,11,5,0
"2024-25","18365","Maryland","Kaylene Smikle",2,2,600,1521,921,24,43,-19,0
"2024-25","18365","Nebraska","Kendall Coley",32,1,616,881,265,10,7,3,0
"2024-25","18365","Maryland","Shyanne Sellers",0,2,683,881,198,6,6,0,0
"2024-25","18365","Nebraska","Alberte Rimdal",5,2,683,1096,413,19,7,12,0
"2024-25","18365","Nebraska","Petra Bozan",44,2,705,835,130,6,4,2,0
"2024-25","18365","Maryland","Christina Dalce",15,2,767,881,114,2,4,-2,0
"2024-25","18365","Nebraska","Callin Hake",14,2,767,1010,243,13,2,11,0
"2024-25","18365","Maryland","Saylor Poffenbarger",6,2,835,889,54,0,0,0,0
"2024-25","18365","Nebraska","Jessica Petrie",12,2,835,1372,537,26,15,11,0
"2024-25","18365","Maryland","Mir McLean",10,1,881,964,83,0,3,-3,0
"2024-25","18365","Maryland","Allie Kubek",14,3,881,1074,193,1,11,-10,0
"2024-25","18365","Nebraska","Britt Prince",23,2,881,1074,193,11,0,11,0
"2024-25","18365","Nebraska","Alexis Markowski",40,3,881,1074,193,11,0,11,0
"2024-25","18365","Maryland","Emily Fisher",3,2,889,1200,311,9,17,-8,0
"2024-25","18365","Maryland","Shyanne Sellers",0,3,964,1412,448,17,25,-8,0
"2024-25","18365","Maryland","Christina Dalce",15,3,964,1010,46,0,6,-6,0
"2024-25","18365","Maryland","Sarah Te-Biasu",1,2,1010,1483,473,17,22,-5,0
"2024-25","18365","Nebraska","Logan Nissley",2,3,1010,1695,685,34,23,11,0
"2024-25","18365","Maryland","Christina Dalce",15,4,1074,1163,89,4,6,-2,0
"2024-25","18365","Nebraska","Callin Hake",14,3,1074,1163,89,6,5,1,0
"2024-25","18365","Nebraska","Amiah Hargrove",33,2,1074,1163,89,6,5,1,0
"2024-25","18365","Nebraska","Kendall Moriarty",15,2,1096,1200,104,4,8,-4,0
"2024-25","18365","Maryland","Allie Kubek",14,4,1163,1695,532,18,26,-8,0
"2024-25","18365","Nebraska","Britt Prince",23,3,1163,1177,14,0,1,-1,0
"2024-25","18365","Nebraska","Alexis Markowski",40,4,1163,1475,312,14,12,2,0
"2024-25","18365","Nebraska","Callin Hake",14,4,1177,1372,195,9,9,0,0
"2024-25","18365","Maryland","Saylor Poffenbarger",6,3,1200,1800,600,14,28,-14,0
"2024-25","18365","Nebraska","Britt Prince",23,4,1200,1688,488,24,14,10,0
"2024-25","18365","Nebraska","Alberte Rimdal",5,3,1372,1475,103,5,2,3,0
"2024-25","18365","Nebraska","Amiah Hargrove",33,3,1372,1521,149,7,2,5,0
"2024-25","18365","Maryland","Christina Dalce",15,5,1412,1688,276,6,13,-7,0
"2024-25","18365","Nebraska","Jessica Petrie",12,3,1475,2230,755,32,10,22,0
"2024-25","18365","Nebraska","Kendall Moriarty",15,3,1475,1800,325,14,6,8,0
"2024-25","18365","Maryland","Shyanne Sellers",0,4,1483,1567,84,2,5,-3,0
"2024-25","18365","Maryland","Emily Fisher",3,3,1521,2176,655,10,27,-17,0
"2024-25","18365","Nebraska","Alexis Markowski",40,5,1521,1644,123,6,4,2,0
"2024-25","18365","Maryland","Sarah Te-Biasu",1,3,1567,2010,443,6,17,-11,0
"2024-25","18365","Nebraska","Amiah Hargrove",33,4,1644,1695,51,4,2,2,0
"2024-25","18365","Maryland","Kaylene Smikle",2,3,1688,2010,322,2,12,-10,0
"2024-25","18365","Nebraska","Callin Hake",14,5,1688,1800,112,4,0,4,0
"2024-25","18365","Maryland","Christina Dalce",15,6,1695,1753,58,0,0,0,0
"2024-25","18365","Nebraska","Alberte Rimdal",5,4,1695,2095,400,12,2,10,0
"2024-25","18365","Nebraska","Alexis Markowski",40,6,1695,1753,58,2,0,2,0
"2024-25","18365","Maryland","Allie Kubek",14,5,1753,2095,342,2,12,-10,0
"2024-25","18365","Nebraska","Amiah Hargrove",33,5,1753,1836,83,0,0,0,0
"2024-25","18365","Maryland","Shyanne Sellers",0,5,1800,2400,600,12,18,-6,0
"2024-25","18365","Nebraska","Logan Nissley",2,4,1800,2230,430,18,4,14,0
"2024-25","18365","Nebraska","Britt Prince",23,5,1800,2287,487,18,7,11,0
"2024-25","18365","Nebraska","Alexis Markowski",40,7,1836,2095,259,10,2,8,0
"2024-25","18365","Maryland","Ava McKennie",5,1,2010,2400,390,10,10,0,0
"2024-25","18365","Maryland","Saylor Poffenbarger",6,4,2010,2230,220,2,10,-8,0
"2024-25","18365","Maryland","Christina Dalce",15,7,2095,2369,274,8,8,0,0
"2024-25","18365","Nebraska","Callin Hake",14,6,2095,2400,305,8,10,-2,0
"2024-25","18365","Nebraska","Amiah Hargrove",33,6,2095,2287,192,8,5,3,0
"2024-25","18365","Maryland","Mir McLean",10,2,2176,2400,224,8,3,5,0
"2024-25","18365","Maryland","Amari DeBerry",42,1,2230,2400,170,8,0,8,0
"2024-25","18365","Nebraska","Kendall Moriarty",15,4,2230,2400,170,0,8,-8,0
"2024-25","18365","Nebraska","Petra Bozan",44,3,2230,2400,170,0,8,-8,0
"2024-25","18365","Nebraska","Alberte Rimdal",5,5,2287,2400,113,0,5,-5,0
"2024-25","18365","Nebraska","Kendall Coley",32,2,2287,2400,113,0,5,-5,0
"2024-25","18365","Maryland","Emily Fisher",3,4,2369,2400,31,2,0,2,0
"2024-25","18366","Maryland","Shyanne Sellers",0,1,0,239,239,7,6,1,1
"2024-25","18366","Maryland","Sarah Te-Biasu",1,1,0,334,334,9,10,-1,1
"2024-25","18366","Maryland","Kaylene Smikle",2,1,0,239,239,7,6,1,1
"2024-25","18366","Maryland","Saylor Poffenbarger",6,1,0,272,272,7,8,-1,1
"2024-25","18366","Maryland","Christina Dalce",15,1,0,239,239,7,6,1,1
"2024-25","18366","Michigan","Olivia Olson",1,1,0,613,613,22,17,5,1
"2024-25","18366","Michigan","Mila Holloway",3,1,0,374,374,12,9,3,1
"2024-25","18366","Michigan","Jordan Hobbs",10,1,0,272,272,8,7,1,1
"2024-25","18366","Michigan","Greta Kampschroeder",11,1,0,374,374,12,9,3,1
"2024-25","18366","Michigan","Syla Swords",12,1,0,774,774,32,25,7,1
"2024-25","18366","Maryland","Emily Fisher",3,1,239,300,61,2,2,0,0
"2024-25","18366","Maryland","Ava McKennie",5,1,239,488,249,4,9,-5,0
"2024-25","18366","Maryland","Allie Kubek",14,1,239,338,99,2,4,-2,0
"2024-25","18366","Maryland","Mir McLean",10,1,272,600,328,8,14,-6,0
"2024-25","18366","Michigan","Te'Yala Delfosse",33,1,272,600,328,14,8,6,0
"2024-25","18366","Maryland","Kaylene Smikle",2,2,300,374,74,0,4,-4,0
"2024-25","18366","Maryland","Shyanne Sellers",0,2,334,862,528,20,25,-5,0
"2024-25","18366","Maryland","Saylor Poffenbarger",6,2,338,2400,2062,76,67,9,0
"2024-25","18366","Maryland","Sarah Te-Biasu",1,2,374,2400,2026,76,65,11,0
"2024-25","18366","Michigan","Brooke Q. Daniels",5,1,374,862,488,23,20,3,0
"2024-25","18366","Michigan","Jordan Hobbs",10,2,374,600,226,10,6,4,0
"2024-25","18366","Maryland","Allie Kubek",14,2,488,774,286,14,17,-3,0
"2024-25","18366","Maryland","Christina Dalce",15,2,600,613,13,2,0,2,0
"2024-25","18366","Michigan","Mila Holloway",3,2,600,1550,950,30,42,-12,0
"2024-25","18366","Michigan","Greta Kampschroeder",11,2,600,774,174,10,10,0,0
"2024-25","18366","Maryland","Ava McKennie",5,2,613,820,207,12,10,2,0
"2024-25","18366","Michigan","Yulia Grabovskaia",55,1,613,820,207,10,12,-2,0
"2024-25","18366","Maryland","Mir McLean",10,2,774,1062,288,7,8,-1,0
"2024-25","18366","Michigan","Olivia Olson",1,2,774,1507,733,18,30,-12,0
"2024-25","18366","Michigan","Jordan Hobbs",10,3,774,998,224,8,6,2,0
"2024-25","18366","Maryland","Amari DeBerry",42,1,820,896,76,0,3,-3,0
"2024-25","18366","Michigan","Syla Swords",12,2,820,2400,1580,45,56,-11,0
"2024-25","18366","Maryland","Kaylene Smikle",2,3,862,967,105,2,4,-2,0
"2024-25","18366","Michigan","Te'Yala Delfosse",33,2,862,947,85,4,2,2,0
"2024-25","18366","Maryland","Ava McKennie",5,3,896,1062,166,3,5,-2,0
"2024-25","18366","Michigan","Brooke Q. Daniels",5,2,947,1062,115,1,1,0,0
"2024-25","18366","Maryland","Shyanne Sellers",0,3,967,1401,434,17,4,13,0
"2024-25","18366","Michigan","Greta Kampschroeder",11,3,998,1062,64,0,1,-1,0
"2024-25","18366","Maryland","Ava McKennie",5,4,1062,1200,138,6,0,6,0
"2024-25","18366","Maryland","Allie Kubek",14,3,1062,1200,138,6,0,6,0
"2024-25","18366","Michigan","Alyssa Crockett",20,1,1062,1200,138,0,6,-6,0
"2024-25","18366","Michigan","Ally VanTimmeren",21,1,1062,1196,134,0,6,-6,0
"2024-25","18366","Michigan","Jordan Hobbs",10,4,1196,2400,1204,37,47,-10,0
"2024-25","18366","Maryland","Mir McLean",10,3,1200,1401,201,10,3,7,0
"2024-25","18366","Maryland","Christina Dalce",15,3,1200,1401,201,10,3,7,0
"2024-25","18366","Michigan","Greta Kampschroeder",11,4,1200,1401,201,3,10,-7,0
"2024-25","18366","Maryland","Kaylene Smikle",2,4,1401,1800,399,12,16,-4,0
"2024-25","18366","Maryland","Emily Fisher",3,2,1401,1550,149,9,9,0,0
"2024-25","18366","Maryland","Allie Kubek",14,4,1401,1473,72,4,7,-3,0
"2024-25","18366","Michigan","Yulia Grabovskaia",55,2,1401,1800,399,16,12,4,0
"2024-25","18366","Maryland","Christina Dalce",15,4,1473,1568,95,5,2,3,0
"2024-25","18366","Michigan","Te'Yala Delfosse",33,3,1507,1707,200,6,5,1,0
"2024-25","18366","Maryland","Shyanne Sellers",0,4,1550,2375,825,24,23,1,0
"2024-25","18366","Michigan","Brooke Q. Daniels",5,3,1550,1707,157,4,3,1,0
"2024-25","18366","Maryland","Allie Kubek",14,5,1568,1800,232,3,7,-4,0
"2024-25","18366","Michigan","Olivia Olson",1,3,1707,2389,682,21,21,0,0
"2024-25","18366","Michigan","Mila Holloway",3,3,1707,2004,297,9,8,1,0
"2024-25","18366","Maryland","Mir McLean",10,4,1800,2363,563,19,16,3,0
"2024-25","18366","Maryland","Christina Dalce",15,5,1800,2123,323,11,8,3,0
"2024-25","18366","Michigan","Greta Kampschroeder",11,5,1800,2073,273,6,8,-2,0
"2024-25","18366","Michigan","Brooke Q. Daniels",5,4,2004,2123,119,2,3,-1,0
"2024-25","18366","Michigan","Yulia Grabovskaia",55,3,2073,2221,148,4,7,-3,0
"2024-25","18366","Maryland","Allie Kubek",14,6,2123,2230,107,4,4,0,0
"2024-25","18366","Michigan","Mila Holloway",3,4,2123,2400,277,10,14,-4,0
"2024-25","18366","Michigan","Greta Kampschroeder",11,6,2221,2230,9,2,0,2,0
"2024-25","18366","Maryland","Christina Dalce",15,6,2230,2373,143,6,4,2,0
"2024-25","18366","Michigan","Yulia Grabovskaia",55,4,2230,2302,72,2,2,0,0
"2024-25","18366","Michigan","Greta Kampschroeder",11,7,2302,2373,71,2,4,-2,0
"2024-25","18366","Maryland","Kaylene Smikle",2,5,2363,2364,1,0,0,0,0
"2024-25","18366","Maryland","Mir McLean",10,5,2364,2400,36,6,2,4,0
"2024-25","18366","Maryland","Kaylene Smikle",2,6,2373,2400,27,4,2,2,0
"2024-25","18366","Michigan","Brooke Q. Daniels",5,5,2373,2389,16,2,0,2,0
"2024-25","18366","Maryland","Christina Dalce",15,7,2375,2400,25,4,2,2,0
"2024-25","18366","Michigan","Greta Kampschroeder",11,8,2389,2400,11,0,4,-4,0
"2024-25","18366","Michigan","Te'Yala Delfosse",33,4,2389,2400,11,0,4,-4,0
"2024-25","18367","Maryland","Shyanne Sellers",0,1,0,253,253,8,6,2,1
"2024-25","18367","Maryland","Sarah Te-Biasu",1,1,0,342,342,10,8,2,1
"2024-25","18367","Maryland","Kaylene Smikle",2,1,0,298,298,8,6,2,1
"2024-25","18367","Maryland","Saylor Poffenbarger",6,1,0,490,490,13,12,1,1
"2024-25","18367","Maryland","Christina Dalce",15,1,0,216,216,8,5,3,1
"2024-25","18367","Northwestern","Kyla Jones",2,1,0,264,264,6,8,-2,1
"2024-25","18367","Northwestern","Caroline Lau",7,1,0,682,682,18,27,-9,1
"2024-25","18367","Northwestern","Caileigh Walsh",10,1,0,298,298,6,8,-2,1
"2024-25","18367","Northwestern","Casey Harter",12,1,0,600,600,15,22,-7,1
"2024-25","18367","Northwestern","Taylor Williams",33,1,0,872,872,22,37,-15,1
"2024-25","18367","Maryland","Allie Kubek",14,1,216,422,206,4,3,1,0
"2024-25","18367","Maryland","Emily Fisher",3,1,253,600,347,14,9,5,0
"2024-25","18367","Northwestern","Melannie Daley",21,1,264,2400,2136,73,77,-4,0
"2024-25","18367","Maryland","Mir McLean",10,1,298,520,222,7,6,1,0
"2024-25","18367","Northwestern","Grace Sullivan",22,1,298,441,143,2,4,-2,0
"2024-25","18367","Maryland","Shyanne Sellers",0,2,342,852,510,23,14,9,0
"2024-25","18367","Maryland","Kaylene Smikle",2,2,422,896,474,25,14,11,0
"2024-25","18367","Northwestern","Caileigh Walsh",10,2,441,852,411,14,21,-7,0
"2024-25","18367","Maryland","Sarah Te-Biasu",1,2,490,2400,1910,72,67,5,0
"2024-25","18367","Maryland","Ava McKennie",5,1,520,589,69,5,2,3,0
"2024-25","18367","Maryland","Saylor Poffenbarger",6,2,589,967,378,21,12,9,0
"2024-25","18367","Maryland","Christina Dalce",15,2,600,631,31,0,2,-2,0
"2024-25","18367","Northwestern","Grace Sullivan",22,2,600,644,44,3,2,1,0
"2024-25","18367","Maryland","Mir McLean",10,2,631,852,221,11,5,6,0
"2024-25","18367","Northwestern","Kyla Jones",2,2,644,852,208,4,9,-5,0
"2024-25","18367","Northwestern","Casey Harter",12,2,682,2400,1718,61,58,3,0
"2024-25","18367","Maryland","Emily Fisher",3,2,852,1200,348,15,8,7,0
"2024-25","18367","Maryland","Allie Kubek",14,2,852,1107,255,11,8,3,0
"2024-25","18367","Northwestern","Caroline Lau",7,2,852,2400,1548,57,52,5,0
"2024-25","18367","Northwestern","Grace Sullivan",22,3,852,997,145,6,10,-4,0
"2024-25","18367","Northwestern","Tayla Thomas",23,1,872,1055,183,6,6,0,0
"2024-25","18367","Maryland","Shyanne Sellers",0,3,896,1031,135,6,6,0,0
"2024-25","18367","Maryland","Kaylene Smikle",2,3,967,1184,217,7,4,3,0
"2024-25","18367","Northwestern","Caileigh Walsh",10,3,997,1144,147,2,1,1,0
"2024-25","18367","Maryland","Saylor Poffenbarger",6,3,1031,1597,566,12,15,-3,0
"2024-25","18367","Northwestern","Taylor Williams",33,2,1055,1164,109,2,3,-1,0
"2024-25","18367","Maryland","Mir McLean",10,3,1107,1200,93,4,0,4,0
"2024-25","18367","Northwestern","Grace Sullivan",22,4,1144,1184,40,0,2,-2,0
"2024-25","18367","Northwestern","Tayla Thomas",23,2,1164,1200,36,0,2,-2,0
"2024-25","18367","Maryland","Ava McKennie",5,2,1184,1200,16,0,0,0,0
"2024-25","18367","Northwestern","Kyla Jones",2,3,1184,1200,16,0,2,-2,0
"2024-25","18367","Maryland","Shyanne Sellers",0,4,1200,2112,912,24,31,-7,0
"2024-25","18367","Maryland","Kaylene Smikle",2,4,1200,1875,675,17,23,-6,0
"2024-25","18367","Maryland","Christina Dalce",15,3,1200,1382,182,5,4,1,0
"2024-25","18367","Northwestern","Caileigh Walsh",10,4,1200,1597,397,13,7,6,0
"2024-25","18367","Northwestern","Taylor Williams",33,3,1200,2028,828,25,19,6,0
"2024-25","18367","Maryland","Allie Kubek",14,3,1382,1442,60,0,4,-4,0
"2024-25","18367","Maryland","Mir McLean",10,4,1442,1673,231,5,7,-2,0
"2024-25","18367","Maryland","Emily Fisher",3,3,1597,2140,543,17,23,-6,0
"2024-25","18367","Northwestern","Grace Sullivan",22,5,1597,1895,298,11,10,1,0
"2024-25","18367","Maryland","Allie Kubek",14,4,1673,1764,91,5,4,1,0
"2024-25","18367","Maryland","Mir McLean",10,5,1764,1800,36,0,4,-4,0
"2024-25","18367","Maryland","Allie Kubek",14,5,1800,2050,250,4,4,0,0
"2024-25","18367","Maryland","Mir McLean",10,6,1875,1908,33,0,1,-1,0
"2024-25","18367","Northwestern","Caileigh Walsh",10,5,1895,2026,131,1,2,-1,0
"2024-25","18367","Maryland","Ava McKennie",5,3,1908,1937,29,0,0,0,0
"2024-25","18367","Maryland","Christina Dalce",15,4,1937,2400,463,20,25,-5,0
"2024-25","18367","Northwestern","Grace Sullivan",22,6,2026,2214,188,17,9,8,0
"2024-25","18367","Northwestern","Tayla Thomas",23,3,2028,2112,84,6,5,1,0
"2024-25","18367","Maryland","Amari DeBerry",42,1,2050,2304,254,12,16,-4,0
"2024-25","18367","Maryland","Kaylene Smikle",2,5,2112,2400,288,13,18,-5,0
"2024-25","18367","Northwestern","Taylor Williams",33,4,2112,2373,261,15,12,3,0
"2024-25","18367","Maryland","Shyanne Sellers",0,5,2140,2400,260,13,13,0,0
"2024-25","18367","Northwestern","Caileigh Walsh",10,6,2214,2304,90,1,3,-2,0
"2024-25","18367","Maryland","Emily Fisher",3,4,2304,2400,96,6,6,0,0
"2024-25","18367","Northwestern","Grace Sullivan",22,7,2304,2369,65,3,3,0,0
"2024-25","18367","Northwestern","Xamiya Walton",1,1,2369,2400,31,3,3,0,0
"2024-25","18367","Northwestern","Caileigh Walsh",10,7,2373,2382,9,3,0,3,0
"2024-25","18367","Northwestern","Taylor Williams",33,5,2382,2384,2,0,1,-1,0
"2024-25","18367","Northwestern","Caileigh Walsh",10,8,2384,2400,16,0,0,0,0
"2024-25","18368","Indiana","Shay Ciezki",10,1,0,239,239,6,3,3,1
"2024-25","18368","Indiana","Karoline Striplin",11,1,0,196,196,6,0,6,1
"2024-25","18368","Indiana","Yarden Garzon",12,1,0,365,365,6,7,-1,1
"2024-25","18368","Indiana","Chloe Moore-McNeil",22,1,0,196,196,6,0,6,1
"2024-25","18368","Indiana","Sydney Parrish",33,1,0,239,239,6,3,3,1
"2024-25","18368","Maryland","Shyanne Sellers",0,1,0,188,188,0,6,-6,1
"2024-25","18368","Maryland","Sarah Te-Biasu",1,1,0,269,269,3,6,-3,1
"2024-25","18368","Maryland","Kaylene Smikle",2,1,0,365,365,7,6,1,1
"2024-25","18368","Maryland","Allie Kubek",14,1,0,269,269,3,6,-3,1
"2024-25","18368","Maryland","Christina Dalce",15,1,0,859,859,18,18,0,1
"2024-25","18368","Maryland","Mir McLean",10,1,188,494,306,9,5,4,0
"2024-25","18368","Indiana","Lexus Bargesser",1,1,196,494,298,5,9,-4,0
"2024-25","18368","Indiana","Lilly Meister",52,1,196,365,169,0,7,-7,0
"2024-25","18368","Indiana","Julianna LaMendola",20,1,239,600,361,8,11,-3,0
"2024-25","18368","Indiana","Chloe Moore-McNeil",22,2,239,600,361,8,11,-3,0
"2024-25","18368","Maryland","Shyanne Sellers",0,2,269,859,590,15,12,3,0
"2024-25","18368","Maryland","Amari DeBerry",42,1,269,494,225,6,5,1,0
"2024-25","18368","Indiana","Shay Ciezki",10,2,365,2400,2035,54,67,-13,0
"2024-25","18368","Indiana","Karoline Striplin",11,2,365,1080,715,12,23,-11,0
"2024-25","18368","Maryland","Sarah Te-Biasu",1,2,365,2400,2035,67,54,13,0
"2024-25","18368","Indiana","Yarden Garzon",12,2,494,694,200,3,7,-4,0
"2024-25","18368","Maryland","Kaylene Smikle",2,2,494,1800,1306,37,28,9,0
"2024-25","18368","Maryland","Allie Kubek",14,2,494,859,365,9,7,2,0
"2024-25","18368","Indiana","Lexus Bargesser",1,2,600,694,94,0,2,-2,0
"2024-25","18368","Indiana","Sydney Parrish",33,2,600,859,259,4,4,0,0
"2024-25","18368","Indiana","Henna Sandvik",21,1,694,938,244,4,8,-4,0
"2024-25","18368","Indiana","Chloe Moore-McNeil",22,3,694,1875,1181,28,38,-10,0
"2024-25","18368","Indiana","Julianna LaMendola",20,2,859,1080,221,0,12,-12,0
"2024-25","18368","Maryland","Emily Fisher",3,1,859,1080,221,12,0,12,0
"2024-25","18368","Maryland","Mir McLean",10,2,859,1149,290,12,2,10,0
"2024-25","18368","Maryland","Amari DeBerry",42,2,859,1080,221,12,0,12,0
"2024-25","18368","Indiana","Yarden Garzon",12,3,938,2400,1462,42,50,-8,0
"2024-25","18368","Indiana","Sydney Parrish",33,3,1080,1371,291,6,6,0,0
"2024-25","18368","Indiana","Lilly Meister",52,2,1080,1200,120,2,0,2,0
"2024-25","18368","Maryland","Shyanne Sellers",0,3,1080,1401,321,6,8,-2,0
"2024-25","18368","Maryland","Christina Dalce",15,2,1080,1634,554,9,19,-10,0
"2024-25","18368","Maryland","Allie Kubek",14,3,1149,1522,373,9,11,-2,0
"2024-25","18368","Indiana","Karoline Striplin",11,3,1200,1457,257,9,6,3,0
"2024-25","18368","Indiana","Julianna LaMendola",20,3,1371,1634,263,13,3,10,0
"2024-25","18368","Maryland","Mir McLean",10,3,1401,1587,186,3,5,-2,0
"2024-25","18368","Indiana","Lilly Meister",52,3,1457,1587,130,2,3,-1,0
"2024-25","18368","Maryland","Amari DeBerry",42,3,1522,1634,112,0,6,-6,0
"2024-25","18368","Indiana","Karoline Striplin",11,4,1587,2372,785,27,31,-4,0
"2024-25","18368","Maryland","Emily Fisher",3,2,1587,1923,336,15,11,4,0
"2024-25","18368","Indiana","Sydney Parrish",33,4,1634,2400,766,23,35,-12,0
"2024-25","18368","Maryland","Shyanne Sellers",0,4,1634,1793,159,6,2,4,0
"2024-25","18368","Maryland","Allie Kubek",14,4,1634,1793,159,6,2,4,0
"2024-25","18368","Maryland","Mir McLean",10,4,1793,2087,294,14,12,2,0
"2024-25","18368","Maryland","Amari DeBerry",42,4,1793,1800,7,1,0,1,0
"2024-25","18368","Maryland","Shyanne Sellers",0,5,1800,2400,600,28,21,7,0
"2024-25","18368","Maryland","Allie Kubek",14,5,1800,2400,600,28,21,7,0
"2024-25","18368","Indiana","Henna Sandvik",21,2,1875,2003,128,2,0,2,0
"2024-25","18368","Maryland","Kaylene Smikle",2,3,1923,2400,477,20,18,2,0
"2024-25","18368","Indiana","Chloe Moore-McNeil",22,4,2003,2400,397,16,20,-4,0
"2024-25","18368","Maryland","Christina Dalce",15,3,2087,2372,285,11,7,4,0
"2024-25","18368","Indiana","Lilly Meister",52,4,2372,2374,2,0,2,-2,0
"2024-25","18368","Maryland","Mir McLean",10,5,2372,2374,2,2,0,2,0
"2024-25","18368","Indiana","Karoline Striplin",11,5,2374,2400,26,2,2,0,0
"2024-25","18368","Maryland","Christina Dalce",15,4,2374,2400,26,2,2,0,0
"2024-25","18369","Maryland","Shyanne Sellers",0,1,0,338,338,16,12,4,1
"2024-25","18369","Maryland","Sarah Te-Biasu",1,1,0,468,468,20,14,6,1
"2024-25","18369","Maryland","Kaylene Smikle",2,1,0,245,245,14,9,5,1
"2024-25","18369","Maryland","Allie Kubek",14,1,0,400,400,16,12,4,1
"2024-25","18369","Maryland","Christina Dalce",15,1,0,162,162,8,6,2,1
"2024-25","18369","Ohio St.","Ajae Petty",1,1,0,338,338,12,14,-2,1
"2024-25","18369","Ohio St.","Taylor Thierry",2,1,0,1886,1886,59,62,-3,1
"2024-25","18369","Ohio St.","Chance Gray",21,1,0,245,245,9,12,-3,1
"2024-25","18369","Ohio St.","Jaloni Cambridge",22,1,0,565,565,17,22,-5,1
"2024-25","18369","Ohio St.","Cotie McMahon",32,1,0,226,226,9,12,-3,1
"2024-25","18369","Maryland","Mir McLean",10,1,162,729,567,18,17,1,0
"2024-25","18369","Ohio St.","Madison Greene",0,1,226,600,374,8,12,-4,0
"2024-25","18369","Maryland","Christina Dalce",15,2,245,400,155,2,3,-1,0
"2024-25","18369","Ohio St.","Kennedy Cambridge",3,1,245,843,598,18,17,1,0
"2024-25","18369","Maryland","Kaylene Smikle",2,2,338,843,505,13,15,-2,0
"2024-25","18369","Ohio St.","Elsa LemmilÃ¤",12,1,338,468,130,2,6,-4,0
"2024-25","18369","Maryland","Shyanne Sellers",0,2,400,997,597,16,21,-5,0
"2024-25","18369","Maryland","Amari DeBerry",42,1,400,600,200,8,5,3,0
"2024-25","18369","Maryland","Emily Fisher",3,1,468,843,375,9,13,-4,0
"2024-25","18369","Ohio St.","Ajae Petty",1,2,468,843,375,13,9,4,0
"2024-25","18369","Ohio St.","Eboni Walker",55,1,565,600,35,0,2,-2,0
"2024-25","18369","Maryland","Allie Kubek",14,2,600,843,243,5,10,-5,0
"2024-25","18369","Ohio St.","Jaloni Cambridge",22,2,600,895,295,11,5,6,0
"2024-25","18369","Ohio St.","Cotie McMahon",32,2,600,843,243,10,5,5,0
"2024-25","18369","Maryland","Sarah Te-Biasu",1,2,729,2700,1971,67,67,0,0
"2024-25","18369","Maryland","Mir McLean",10,2,843,997,154,3,6,-3,0
"2024-25","18369","Maryland","Christina Dalce",15,3,843,1425,582,17,18,-1,0
"2024-25","18369","Maryland","Amari DeBerry",42,2,843,997,154,3,6,-3,0
"2024-25","18369","Ohio St.","Madison Greene",0,2,843,1200,357,11,8,3,0
"2024-25","18369","Ohio St.","Elsa LemmilÃ¤",12,2,843,1200,357,11,8,3,0
"2024-25","18369","Ohio St.","Chance Gray",21,2,843,1403,560,18,17,1,0
"2024-25","18369","Ohio St.","Kennedy Cambridge",3,2,895,1200,305,10,8,2,0
"2024-25","18369","Maryland","Kaylene Smikle",2,3,997,1492,495,17,13,4,0
"2024-25","18369","Maryland","Emily Fisher",3,2,997,1090,93,2,5,-3,0
"2024-25","18369","Maryland","Allie Kubek",14,3,997,2700,1703,61,57,4,0
"2024-25","18369","Maryland","Shyanne Sellers",0,3,1090,1361,271,10,5,5,0
"2024-25","18369","Ohio St.","Ajae Petty",1,3,1200,1585,385,12,14,-2,0
"2024-25","18369","Ohio St.","Jaloni Cambridge",22,3,1200,1281,81,3,3,0,0
"2024-25","18369","Ohio St.","Cotie McMahon",32,3,1200,1656,456,12,17,-5,0
"2024-25","18369","Ohio St.","Madison Greene",0,3,1281,1800,519,16,18,-2,0
"2024-25","18369","Maryland","Mir McLean",10,3,1361,1518,157,5,3,2,0
"2024-25","18369","Ohio St.","Kennedy Cambridge",3,3,1403,1800,397,12,12,0,0
"2024-25","18369","Maryland","Emily Fisher",3,3,1425,2167,742,24,22,2,0
"2024-25","18369","Maryland","Shyanne Sellers",0,4,1492,1682,190,7,6,1,0
"2024-25","18369","Maryland","Christina Dalce",15,4,1518,1722,204,7,6,1,0
"2024-25","18369","Ohio St.","Elsa LemmilÃ¤",12,3,1585,1800,215,7,7,0,0
"2024-25","18369","Ohio St.","Chance Gray",21,3,1656,2020,364,11,16,-5,0
"2024-25","18369","Maryland","Kaylene Smikle",2,4,1682,2700,1018,37,38,-1,0
"2024-25","18369","Maryland","Shyanne Sellers",0,5,1722,2156,434,14,15,-1,0
"2024-25","18369","Ohio St.","Ajae Petty",1,4,1800,2700,900,33,35,-2,0
"2024-25","18369","Ohio St.","Jaloni Cambridge",22,4,1800,1954,154,4,7,-3,0
"2024-25","18369","Ohio St.","Cotie McMahon",32,4,1800,2686,886,31,31,0,0
"2024-25","18369","Ohio St.","Kennedy Cambridge",3,4,1886,2222,336,13,10,3,0
"2024-25","18369","Ohio St.","Madison Greene",0,4,1954,2700,746,29,28,1,0
"2024-25","18369","Ohio St.","Taylor Thierry",2,2,2020,2700,680,29,23,6,0
"2024-25","18369","Maryland","Christina Dalce",15,5,2156,2240,84,2,5,-3,0
"2024-25","18369","Maryland","Mir McLean",10,4,2167,2222,55,2,5,-3,0
"2024-25","18369","Maryland","Shyanne Sellers",0,6,2222,2624,402,15,15,0,0
"2024-25","18369","Ohio St.","Chance Gray",21,4,2222,2322,100,2,4,-2,0
"2024-25","18369","Maryland","Emily Fisher",3,4,2240,2667,427,15,15,0,0
"2024-25","18369","Ohio St.","Kennedy Cambridge",3,5,2322,2700,378,16,17,-1,0
"2024-25","18369","Maryland","Mir McLean",10,5,2624,2700,76,6,3,3,0
"2024-25","18369","Maryland","Shyanne Sellers",0,7,2667,2700,33,6,3,3,0
"2024-25","18369","Ohio St.","Chance Gray",21,5,2686,2700,14,2,4,-2,0
"2024-25","18370","Maryland","Shyanne Sellers",0,1,0,286,286,6,15,-9,1
"2024-25","18370","Maryland","Sarah Te-Biasu",1,1,0,2400,2400,71,98,-27,1
"2024-25","18370","Maryland","Kaylene Smikle",2,1,0,359,359,6,18,-12,1
"2024-25","18370","Maryland","Allie Kubek",14,1,0,286,286,6,15,-9,1
"2024-25","18370","Maryland","Christina Dalce",15,1,0,56,56,0,2,-2,1
"2024-25","18370","Michigan","Olivia Olson",1,1,0,472,472,20,6,14,1
"2024-25","18370","Michigan","Mila Holloway",3,1,0,388,388,20,6,14,1
"2024-25","18370","Michigan","Jordan Hobbs",10,1,0,472,472,20,6,14,1
"2024-25","18370","Michigan","Greta Kampschroeder",11,1,0,286,286,15,6,9,1
"2024-25","18370","Michigan","Syla Swords",12,1,0,1746,1746,65,47,18,1
"2024-25","18370","Maryland","Saylor Poffenbarger",6,1,56,174,118,4,4,0,0
"2024-25","18370","Maryland","Mir McLean",10,1,174,600,426,2,21,-19,0
"2024-25","18370","Maryland","Saylor Poffenbarger",6,2,286,388,102,0,5,-5,0
"2024-25","18370","Maryland","Amari DeBerry",42,1,286,388,102,0,5,-5,0
"2024-25","18370","Michigan","Yulia Grabovskaia",55,1,286,600,314,12,0,12,0
"2024-25","18370","Maryland","Shyanne Sellers",0,2,359,600,241,0,9,-9,0
"2024-25","18370","Maryland","Kaylene Smikle",2,2,388,875,487,12,13,-1,0
"2024-25","18370","Maryland","Allie Kubek",14,2,388,791,403,7,13,-6,0
"2024-25","18370","Michigan","Brooke Q. Daniels",5,1,388,703,315,9,0,9,0
"2024-25","18370","Michigan","Mila Holloway",3,2,472,515,43,2,0,2,0
"2024-25","18370","Michigan","Greta Kampschroeder",11,2,472,791,319,13,7,6,0
"2024-25","18370","Michigan","Olivia Olson",1,2,515,906,391,11,12,-1,0
"2024-25","18370","Maryland","Emily Fisher",3,1,600,791,191,7,6,1,0
"2024-25","18370","Maryland","Christina Dalce",15,2,600,2400,1800,65,71,-6,0
"2024-25","18370","Michigan","Jordan Hobbs",10,2,600,856,256,6,10,-4,0
"2024-25","18370","Michigan","Mila Holloway",3,3,703,791,88,4,7,-3,0
"2024-25","18370","Maryland","Shyanne Sellers",0,3,791,1033,242,14,2,12,0
"2024-25","18370","Maryland","Mir McLean",10,2,791,1551,760,34,26,8,0
"2024-25","18370","Michigan","Brooke Q. Daniels",5,2,791,1099,308,3,19,-16,0
"2024-25","18370","Michigan","Yulia Grabovskaia",55,2,791,932,141,0,10,-10,0
"2024-25","18370","Michigan","Alyssa Crockett",20,1,856,932,76,0,7,-7,0
"2024-25","18370","Maryland","Ava McKennie",5,1,875,1200,325,19,8,11,0
"2024-25","18370","Michigan","Mila Holloway",3,4,906,1044,138,3,9,-6,0
"2024-25","18370","Michigan","Jordan Hobbs",10,3,932,1764,832,34,24,10,0
"2024-25","18370","Michigan","Greta Kampschroeder",11,3,932,1313,381,14,19,-5,0
"2024-25","18370","Maryland","Saylor Poffenbarger",6,3,1033,1200,167,10,6,4,0
"2024-25","18370","Michigan","Olivia Olson",1,3,1044,1634,590,23,20,3,0
"2024-25","18370","Michigan","Te'Yala Delfosse",33,1,1099,1200,101,5,5,0,0
"2024-25","18370","Maryland","Shyanne Sellers",0,4,1200,1405,205,7,9,-2,0
"2024-25","18370","Maryland","Kaylene Smikle",2,3,1200,1341,141,7,6,1,0
"2024-25","18370","Michigan","Brooke Q. Daniels",5,3,1200,1341,141,6,7,-1,0
"2024-25","18370","Michigan","Yulia Grabovskaia",55,3,1313,1800,487,22,7,15,0
"2024-25","18370","Maryland","Allie Kubek",14,3,1341,1405,64,0,3,-3,0
"2024-25","18370","Michigan","Mila Holloway",3,5,1341,1405,64,3,0,3,0
"2024-25","18370","Maryland","Ava McKennie",5,2,1405,1634,229,3,9,-6,0
"2024-25","18370","Maryland","Saylor Poffenbarger",6,4,1405,1551,146,3,9,-6,0
"2024-25","18370","Michigan","Brooke Q. Daniels",5,4,1405,1800,395,19,5,14,0
"2024-25","18370","Maryland","Shyanne Sellers",0,5,1551,1716,165,0,4,-4,0
"2024-25","18370","Maryland","Kaylene Smikle",2,4,1551,1676,125,0,2,-2,0
"2024-25","18370","Maryland","Mir McLean",10,3,1634,2108,474,12,30,-18,0
"2024-25","18370","Michigan","Te'Yala Delfosse",33,2,1634,1800,166,10,2,8,0
"2024-25","18370","Maryland","Ava McKennie",5,3,1676,1915,239,7,13,-6,0
"2024-25","18370","Maryland","Emily Fisher",3,2,1716,1959,243,7,16,-9,0
"2024-25","18370","Michigan","Olivia Olson",1,4,1746,2240,494,29,18,11,0
"2024-25","18370","Michigan","Greta Kampschroeder",11,4,1764,1946,182,9,7,2,0
"2024-25","18370","Michigan","Mila Holloway",3,6,1800,2358,558,29,19,10,0
"2024-25","18370","Michigan","Jordan Hobbs",10,4,1800,1915,115,5,5,0,0
"2024-25","18370","Michigan","Syla Swords",12,2,1800,2081,281,15,8,7,0
"2024-25","18370","Maryland","Amari DeBerry",42,2,1915,2267,352,12,21,-9,0
"2024-25","18370","Michigan","Yulia Grabovskaia",55,4,1915,2218,303,17,11,6,0
"2024-25","18370","Michigan","Brooke Q. Daniels",5,5,1946,2249,303,18,11,7,0
"2024-25","18370","Maryland","Kaylene Smikle",2,5,1959,2257,298,12,15,-3,0
"2024-25","18370","Michigan","Macy Brown",2,1,2081,2400,319,14,14,0,0
"2024-25","18370","Maryland","Ava McKennie",5,4,2108,2400,292,12,9,3,0
"2024-25","18370","Michigan","Ally VanTimmeren",21,1,2218,2400,182,7,6,1,0
"2024-25","18370","Michigan","Te'Yala Delfosse",33,3,2240,2400,160,4,6,-2,0
"2024-25","18370","Michigan","Alyssa Crockett",20,2,2249,2400,151,4,6,-2,0
"2024-25","18370","Maryland","Mir McLean",10,4,2257,2400,143,5,4,1,0
"2024-25","18370","Maryland","Emily Fisher",3,3,2267,2400,133,5,3,2,0
"2024-25","18370","Michigan","Aaiyanna Dunbar",34,1,2358,2400,42,0,3,-3,0
"2024-25","18371","Maryland","Shyanne Sellers",0,1,0,312,312,8,10,-2,1
"2024-25","18371","Maryland","Sarah Te-Biasu",1,1,0,2129,2129,72,61,11,1
"2024-25","18371","Maryland","Kaylene Smikle",2,1,0,241,241,4,7,-3,1
"2024-25","18371","Maryland","Allie Kubek",14,1,0,312,312,8,10,-2,1
"2024-25","18371","Maryland","Christina Dalce",15,1,0,446,446,11,12,-1,1
"2024-25","18371","Norfolk St.","Niya Fields",2,1,0,312,312,10,8,2,1
"2024-25","18371","Norfolk St.","Diamond Johnson",3,1,0,1179,1179,32,30,2,1
"2024-25","18371","Norfolk St.","Anjanae Richardson",4,1,0,225,225,7,4,3,1
"2024-25","18371","Norfolk St.","Makoye Diawara",12,1,0,408,408,12,8,4,1
"2024-25","18371","Norfolk St.","Kierra Wheeler",22,1,0,536,536,12,13,-1,1
"2024-25","18371","Norfolk St.","Da'Brya Clark",1,1,225,536,311,5,9,-4,0
"2024-25","18371","Maryland","Mir McLean",10,1,241,744,503,16,10,6,0
"2024-25","18371","Maryland","Kaylene Smikle",2,2,312,408,96,0,2,-2,0
"2024-25","18371","Maryland","Saylor Poffenbarger",6,1,312,536,224,5,2,3,0
"2024-25","18371","Norfolk St.","Anjanae Richardson",4,2,312,600,288,2,10,-8,0
"2024-25","18371","Maryland","Shyanne Sellers",0,2,408,1042,634,16,15,1,0
"2024-25","18371","Norfolk St.","Danaijah Williams",24,1,408,476,68,0,3,-3,0
"2024-25","18371","Maryland","Allie Kubek",14,2,446,2400,1954,71,57,14,0
"2024-25","18371","Norfolk St.","Skye Robinson",13,1,476,744,268,5,9,-4,0
"2024-25","18371","Maryland","Kaylene Smikle",2,3,536,2400,1864,69,57,12,0
"2024-25","18371","Norfolk St.","Niya Fields",2,2,536,744,208,5,7,-2,0
"2024-25","18371","Norfolk St.","Makoye Diawara",12,2,536,1317,781,23,25,-2,0
"2024-25","18371","Norfolk St.","Da'Brya Clark",1,2,600,1200,600,20,12,8,0
"2024-25","18371","Maryland","Christina Dalce",15,2,744,819,75,0,2,-2,0
"2024-25","18371","Norfolk St.","Anjanae Richardson",4,3,744,874,130,4,0,4,0
"2024-25","18371","Norfolk St.","Kierra Wheeler",22,2,744,1122,378,12,6,6,0
"2024-25","18371","Maryland","Saylor Poffenbarger",6,2,819,1122,303,6,10,-4,0
"2024-25","18371","Norfolk St.","Niya Fields",2,3,874,1042,168,6,4,2,0
"2024-25","18371","Maryland","Mir McLean",10,2,1042,1200,158,6,5,1,0
"2024-25","18371","Norfolk St.","Anjanae Richardson",4,4,1042,1173,131,5,6,-1,0
"2024-25","18371","Maryland","Shyanne Sellers",0,3,1122,2332,1210,54,38,16,0
"2024-25","18371","Norfolk St.","Skye Robinson",13,2,1122,1200,78,3,4,-1,0
"2024-25","18371","Norfolk St.","Niya Fields",2,4,1173,1884,711,24,30,-6,0
"2024-25","18371","Norfolk St.","Danaijah Williams",24,2,1179,1200,21,0,0,0,0
"2024-25","18371","Maryland","Christina Dalce",15,3,1200,1600,400,21,13,8,0
"2024-25","18371","Norfolk St.","Diamond Johnson",3,2,1200,1800,600,20,30,-10,0
"2024-25","18371","Norfolk St.","Anjanae Richardson",4,5,1200,1675,475,15,26,-11,0
"2024-25","18371","Norfolk St.","Kierra Wheeler",22,3,1200,2400,1200,37,52,-15,0
"2024-25","18371","Norfolk St.","Danaijah Williams",24,3,1317,1462,145,6,6,0,0
"2024-25","18371","Norfolk St.","Da'Brya Clark",1,3,1462,1953,491,17,19,-2,0
"2024-25","18371","Maryland","Mir McLean",10,3,1600,1800,200,9,7,2,0
"2024-25","18371","Norfolk St.","Makoye Diawara",12,3,1675,1732,57,3,4,-1,0
"2024-25","18371","Norfolk St.","Skye Robinson",13,3,1732,1953,221,8,3,5,0
"2024-25","18371","Maryland","Christina Dalce",15,4,1800,1953,153,3,6,-3,0
"2024-25","18371","Norfolk St.","Anjanae Richardson",4,6,1800,2010,210,6,6,0,0
"2024-25","18371","Norfolk St.","Diamond Johnson",3,3,1884,2400,516,13,22,-9,0
"2024-25","18371","Maryland","Mir McLean",10,4,1953,2400,447,19,11,8,0
"2024-25","18371","Norfolk St.","Niya Fields",2,5,1953,2079,126,0,9,-9,0
"2024-25","18371","Norfolk St.","Makoye Diawara",12,4,1953,2400,447,11,19,-8,0
"2024-25","18371","Norfolk St.","Da'Brya Clark",1,4,2010,2400,390,11,16,-5,0
"2024-25","18371","Norfolk St.","Anjanae Richardson",4,7,2079,2400,321,11,10,1,0
"2024-25","18371","Maryland","Christina Dalce",15,5,2129,2215,86,2,4,-2,0
"2024-25","18371","Maryland","Sarah Te-Biasu",1,2,2215,2400,185,8,4,4,0
"2024-25","18371","Maryland","Emily Fisher",3,1,2332,2400,68,2,2,0,0
"2024-25","18372","Maryland","Shyanne Sellers",0,1,0,419,419,8,10,-2,1
"2024-25","18372","Maryland","Sarah Te-Biasu",1,1,0,530,530,12,15,-3,1
"2024-25","18372","Maryland","Kaylene Smikle",2,1,0,303,303,4,8,-4,1
"2024-25","18372","Maryland","Allie Kubek",14,1,0,530,530,12,15,-3,1
"2024-25","18372","Maryland","Christina Dalce",15,1,0,244,244,4,4,0,1
"2024-25","18372","South Carolina","Te-Hina Paopao",0,1,0,244,244,4,4,0,1
"2024-25","18372","South Carolina","Sania Feagin",20,1,0,244,244,4,4,0,1
"2024-25","18372","South Carolina","Chloe Kitts",21,1,0,530,530,15,12,3,1
"2024-25","18372","South Carolina","Bree Hall",23,1,0,378,378,10,6,4,1
"2024-25","18372","South Carolina","Raven Johnson",25,1,0,419,419,10,8,2,1
"2024-25","18372","Maryland","Saylor Poffenbarger",6,1,244,600,356,12,13,-1,0
"2024-25","18372","South Carolina","Joyce Edwards",8,1,244,801,557,16,12,4,0
"2024-25","18372","South Carolina","MiLaysia Fulwiley",12,1,244,600,356,13,12,1,0
"2024-25","18372","Maryland","Mir McLean",10,1,303,666,363,12,11,1,0
"2024-25","18372","South Carolina","Tessa Johnson",5,1,378,580,202,7,10,-3,0
"2024-25","18372","Maryland","Kaylene Smikle",2,2,419,1018,599,20,14,6,0
"2024-25","18372","South Carolina","Te-Hina Paopao",0,2,419,530,111,5,4,1,0
"2024-25","18372","Maryland","Shyanne Sellers",0,2,530,844,314,9,5,4,0
"2024-25","18372","Maryland","Amari DeBerry",42,1,530,600,70,4,2,2,0
"2024-25","18372","South Carolina","Sania Feagin",20,2,530,844,314,5,9,-4,0
"2024-25","18372","South Carolina","Raven Johnson",25,2,530,666,136,4,4,0,0
"2024-25","18372","South Carolina","Bree Hall",23,2,580,844,264,3,5,-2,0
"2024-25","18372","Maryland","Sarah Te-Biasu",1,2,600,2366,1766,44,47,-3,0
"2024-25","18372","Maryland","Christina Dalce",15,2,600,711,111,0,2,-2,0
"2024-25","18372","South Carolina","Tessa Johnson",5,2,600,1194,594,14,16,-2,0
"2024-25","18372","Maryland","Allie Kubek",14,2,666,844,178,5,1,4,0
"2024-25","18372","South Carolina","Maddy McDaniel",1,1,666,844,178,1,5,-4,0
"2024-25","18372","Maryland","Saylor Poffenbarger",6,2,711,902,191,6,3,3,0
"2024-25","18372","South Carolina","Chloe Kitts",21,2,801,1717,916,28,34,-6,0
"2024-25","18372","Maryland","Mir McLean",10,2,844,1075,231,9,9,0,0
"2024-25","18372","Maryland","Amari DeBerry",42,2,844,902,58,1,2,-1,0
"2024-25","18372","South Carolina","MiLaysia Fulwiley",12,2,844,1018,174,4,7,-3,0
"2024-25","18372","South Carolina","Raven Johnson",25,3,844,1161,317,11,11,0,0
"2024-25","18372","South Carolina","Maryam Dauda",30,1,844,1018,174,4,7,-3,0
"2024-25","18372","Maryland","Shyanne Sellers",0,3,902,1517,615,21,17,4,0
"2024-25","18372","Maryland","Allie Kubek",14,3,902,1018,116,6,2,4,0
"2024-25","18372","Maryland","Saylor Poffenbarger",6,3,1018,1075,57,2,5,-3,0
"2024-25","18372","Maryland","Amari DeBerry",42,3,1018,1022,4,0,0,0,0
"2024-25","18372","South Carolina","Sania Feagin",20,3,1018,1194,176,7,4,3,0
"2024-25","18372","South Carolina","Bree Hall",23,3,1018,1194,176,7,4,3,0
"2024-25","18372","Maryland","Christina Dalce",15,3,1022,1605,583,17,22,-5,0
"2024-25","18372","Maryland","Kaylene Smikle",2,3,1075,1194,119,2,2,0,0
"2024-25","18372","Maryland","Saylor Poffenbarger",6,4,1075,1200,125,3,2,1,0
"2024-25","18372","South Carolina","Te-Hina Paopao",0,3,1161,1171,10,0,0,0,0
"2024-25","18372","South Carolina","Raven Johnson",25,4,1171,1538,367,10,13,-3,0
"2024-25","18372","Maryland","Mir McLean",10,3,1194,1200,6,1,0,1,0
"2024-25","18372","South Carolina","Maddy McDaniel",1,2,1194,1200,6,0,1,-1,0
"2024-25","18372","South Carolina","MiLaysia Fulwiley",12,3,1194,1200,6,0,1,-1,0
"2024-25","18372","South Carolina","Maryam Dauda",30,2,1194,1200,6,0,1,-1,0
"2024-25","18372","Maryland","Kaylene Smikle",2,4,1200,1456,256,10,6,4,0
"2024-25","18372","Maryland","Allie Kubek",14,4,1200,1605,405,12,15,-3,0
"2024-25","18372","South Carolina","Te-Hina Paopao",0,4,1200,1399,199,6,10,-4,0
"2024-25","18372","South Carolina","Sania Feagin",20,4,1200,1436,236,6,10,-4,0
"2024-25","18372","South Carolina","Bree Hall",23,4,1200,1456,256,6,10,-4,0
"2024-25","18372","South Carolina","Tessa Johnson",5,3,1399,1765,366,13,7,6,0
"2024-25","18372","South Carolina","Joyce Edwards",8,2,1436,1930,494,18,11,7,0
"2024-25","18372","Maryland","Mir McLean",10,4,1456,1843,387,9,16,-7,0
"2024-25","18372","South Carolina","MiLaysia Fulwiley",12,4,1456,2004,548,20,13,7,0
"2024-25","18372","Maryland","Kaylene Smikle",2,5,1517,2390,873,22,30,-8,0
"2024-25","18372","South Carolina","Te-Hina Paopao",0,5,1538,2364,826,23,15,8,0
"2024-25","18372","Maryland","Shyanne Sellers",0,4,1605,2400,795,22,25,-3,0
"2024-25","18372","Maryland","Saylor Poffenbarger",6,5,1605,1800,195,5,6,-1,0
"2024-25","18372","South Carolina","Sania Feagin",20,5,1717,2138,421,9,8,1,0
"2024-25","18372","South Carolina","Raven Johnson",25,5,1765,2249,484,9,10,-1,0
"2024-25","18372","Maryland","Allie Kubek",14,5,1800,2044,244,6,5,1,0
"2024-25","18372","Maryland","Christina Dalce",15,4,1843,2191,348,6,6,0,0
"2024-25","18372","South Carolina","Chloe Kitts",21,3,1930,2400,470,16,13,3,0
"2024-25","18372","South Carolina","Tessa Johnson",5,4,2004,2138,134,0,2,-2,0
"2024-25","18372","Maryland","Saylor Poffenbarger",6,6,2044,2345,301,4,7,-3,0
"2024-25","18372","South Carolina","Joyce Edwards",8,3,2138,2249,111,2,2,0,0
"2024-25","18372","South Carolina","Bree Hall",23,5,2138,2400,262,14,9,5,0
"2024-25","18372","Maryland","Allie Kubek",14,6,2191,2213,22,2,0,2,0
"2024-25","18372","Maryland","Christina Dalce",15,5,2213,2400,187,7,12,-5,0
"2024-25","18372","South Carolina","MiLaysia Fulwiley",12,5,2249,2400,151,12,7,5,0
"2024-25","18372","South Carolina","Sania Feagin",20,6,2249,2400,151,12,7,5,0
"2024-25","18372","Maryland","Mir McLean",10,5,2345,2364,19,0,0,0,0
"2024-25","18372","Maryland","Saylor Poffenbarger",6,7,2364,2366,2,0,0,0,0
"2024-25","18372","South Carolina","Raven Johnson",25,6,2364,2400,36,7,7,0,0
"2024-25","18372","Maryland","Sarah Te-Biasu",1,3,2366,2375,9,3,2,1,0
"2024-25","18372","Maryland","Saylor Poffenbarger",6,8,2366,2375,9,3,2,1,0
"2024-25","18372","Maryland","Mir McLean",10,6,2366,2379,13,3,2,1,0
"2024-25","18372","Maryland","Amari DeBerry",42,4,2366,2379,13,3,2,1,0
"2024-25","18372","Maryland","Sarah Te-Biasu",1,4,2379,2400,21,4,5,-1,0
"2024-25","18372","Maryland","Saylor Poffenbarger",6,9,2379,2400,21,4,5,-1,0
"2024-25","18372","Maryland","Amari DeBerry",42,5,2390,2400,10,2,2,0,0
"2024-25","18730","Alabama","Sarah Ashlee Barker",3,1,0,536,536,14,17,-3,1
"2024-25","18730","Alabama","Zaay Green",14,1,0,441,441,14,14,0,1
"2024-25","18730","Alabama","Essence Cody",21,1,0,536,536,14,17,-3,1
"2024-25","18730","Alabama","Karly Weathers",22,1,0,592,592,15,19,-4,1
"2024-25","18730","Alabama","Aaliyah Nye",32,1,0,1168,1168,38,39,-1,1
"2024-25","18730","Maryland","Shyanne Sellers",0,1,0,316,316,12,11,1,1
"2024-25","18730","Maryland","Sarah Te-Biasu",1,1,0,2388,2388,83,83,0,1
"2024-25","18730","Maryland","Kaylene Smikle",2,1,0,246,246,10,8,2,1
"2024-25","18730","Maryland","Allie Kubek",14,1,0,246,246,10,8,2,1
"2024-25","18730","Maryland","Christina Dalce",15,1,0,316,316,12,11,1,1
"2024-25","18730","Maryland","Saylor Poffenbarger",6,1,246,600,354,9,7,2,0
"2024-25","18730","Maryland","Mir McLean",10,1,246,441,195,4,6,-2,0
"2024-25","18730","Maryland","Kaylene Smikle",2,2,316,328,12,0,1,-1,0
"2024-25","18730","Maryland","Allie Kubek",14,2,316,3000,2684,99,97,2,0
"2024-25","18730","Maryland","Shyanne Sellers",0,2,328,1098,770,26,24,2,0
"2024-25","18730","Alabama","Diana Collins",20,1,441,599,158,1,5,-4,0
"2024-25","18730","Maryland","Christina Dalce",15,2,441,558,117,5,1,4,0
"2024-25","18730","Alabama","Christabel Ezumah",1,1,536,641,105,3,7,-4,0
"2024-25","18730","Alabama","Zaay Green",14,2,536,743,207,7,14,-7,0
"2024-25","18730","Maryland","Mir McLean",10,2,558,600,42,0,0,0,0
"2024-25","18730","Alabama","Sarah Ashlee Barker",3,2,592,3000,2408,93,92,1,0
"2024-25","18730","Alabama","Karly Weathers",22,2,599,3000,2401,93,92,1,0
"2024-25","18730","Maryland","Kaylene Smikle",2,3,600,1421,821,26,35,-9,0
"2024-25","18730","Maryland","Christina Dalce",15,3,600,688,88,8,5,3,0
"2024-25","18730","Alabama","Essence Cody",21,2,641,835,194,6,7,-1,0
"2024-25","18730","Maryland","Mir McLean",10,3,688,835,147,4,3,1,0
"2024-25","18730","Alabama","Diana Collins",20,2,743,1200,457,20,8,12,0
"2024-25","18730","Alabama","Christabel Ezumah",1,2,835,1168,333,15,8,7,0
"2024-25","18730","Maryland","Saylor Poffenbarger",6,2,835,989,154,2,10,-8,0
"2024-25","18730","Maryland","Mir McLean",10,4,989,1200,211,6,8,-2,0
"2024-25","18730","Maryland","Emily Fisher",3,1,1098,1168,70,1,2,-1,0
"2024-25","18730","Alabama","Chloe Spreen",2,1,1168,1200,32,3,0,3,0
"2024-25","18730","Alabama","JeAnna Cunningham",13,1,1168,1200,32,3,0,3,0
"2024-25","18730","Maryland","Saylor Poffenbarger",6,3,1168,1200,32,0,3,-3,0
"2024-25","18730","Alabama","Zaay Green",14,3,1200,1690,490,21,9,12,0
"2024-25","18730","Alabama","Essence Cody",21,3,1200,1764,564,23,13,10,0
"2024-25","18730","Alabama","Aaliyah Nye",32,2,1200,2339,1139,39,39,0,0
"2024-25","18730","Maryland","Shyanne Sellers",0,3,1200,1576,376,6,18,-12,0
"2024-25","18730","Maryland","Christina Dalce",15,4,1200,1316,116,2,7,-5,0
"2024-25","18730","Maryland","Saylor Poffenbarger",6,4,1316,1561,245,4,11,-7,0
"2024-25","18730","Maryland","Mir McLean",10,5,1421,3000,1579,66,58,8,0
"2024-25","18730","Maryland","Kaylene Smikle",2,4,1561,2594,1033,48,31,17,0
"2024-25","18730","Maryland","Emily Fisher",3,2,1576,1654,78,3,3,0,0
"2024-25","18730","Maryland","Amari DeBerry",42,1,1654,1800,146,7,2,5,0
"2024-25","18730","Alabama","Diana Collins",20,3,1690,1921,231,7,12,-5,0
"2024-25","18730","Alabama","Christabel Ezumah",1,3,1764,1800,36,0,3,-3,0
"2024-25","18730","Alabama","Essence Cody",21,4,1800,2973,1173,42,53,-11,0
"2024-25","18730","Maryland","Saylor Poffenbarger",6,5,1800,1800,0,0,0,0,0
"2024-25","18730","Maryland","Amari DeBerry",42,2,1800,2031,231,12,9,3,0
"2024-25","18730","Alabama","Zaay Green",14,4,1921,2226,305,9,14,-5,0
"2024-25","18730","Maryland","Shyanne Sellers",0,4,2031,3000,969,44,35,9,0
"2024-25","18730","Alabama","Diana Collins",20,4,2226,3000,774,30,37,-7,0
"2024-25","18730","Alabama","Christabel Ezumah",1,4,2339,2388,49,3,5,-2,0
"2024-25","18730","Alabama","Chloe Spreen",2,2,2388,2400,12,0,0,0,0
"2024-25","18730","Maryland","Christina Dalce",15,5,2388,2400,12,0,0,0,0
"2024-25","18730","Alabama","Christabel Ezumah",1,5,2400,2972,572,23,25,-2,0
"2024-25","18730","Maryland","Sarah Te-Biasu",1,2,2400,2694,294,12,10,2,0
"2024-25","18730","Maryland","Saylor Poffenbarger",6,6,2594,2673,79,2,3,-1,0
"2024-25","18730","Maryland","Christina Dalce",15,6,2673,2692,19,0,0,0,0
"2024-25","18730","Maryland","Saylor Poffenbarger",6,7,2692,2702,10,1,3,-2,0
"2024-25","18730","Maryland","Christina Dalce",15,7,2694,3000,306,16,15,1,0
"2024-25","18730","Maryland","Sarah Te-Biasu",1,3,2702,3000,298,15,12,3,0
"2024-25","18730","Alabama","Chloe Spreen",2,3,2972,3000,28,2,3,-1,0
"2024-25","18730","Alabama","Christabel Ezumah",1,6,2973,2985,12,2,3,-1,0
"2024-25","18730","Alabama","Leah Brooks",24,1,2985,3000,15,0,0,0,0
