"source_id","file_id","team","lineup","num_players","start_seconds","end_seconds","duration","pts_for","pts_against","plus_minus"
"2020-21","12076","Davidson","Cassidy Gould|Chloe Welch|Katie Turner|Peyton Carter|Sarah Konstans",5,0,136,136,2,6,-4
"2020-21","12076","Davidson","Adelaide Fuller|Cameron Tabor|Cassidy Gould|Chloe Welch|Katie Turner",5,136,211,75,2,4,-2
"2020-21","12076","Maryland","Angel Reese|Ashley Owusu|Chloe Bibby|Diamond Miller|Katie Benzan",5,0,211,211,10,4,6
"2020-21","12076","Davidson","Adelaide Fuller|Cameron Tabor|Chloe Welch|Katie Turner|Sarah Konstans",5,211,219,8,0,0,0
"2020-21","12076","Maryland","Angel Reese|Channise Lewis|Diamond Miller|Faith Masonius|Katie Benzan",5,211,226,15,0,0,0
"2020-21","12076","Davidson","Adelaide Fuller|Cameron Tabor|Cassidy Gould|Katie Turner|Sarah Konstans",5,219,246,27,0,0,0
"2020-21","12076","Maryland","Channise Lewis|Diamond Miller|Faith Masonius|Katie Benzan|Mimi Collins",5,226,398,172,6,6,0
"2020-21","12076","Davidson","Adelaide Fuller|Cameron Tabor|Chloe Welch|Katie Turner|Sarah Konstans",5,246,405,159,6,6,0
"2020-21","12076","Maryland","Channise Lewis|Chloe Bibby|Diamond Miller|Faith Masonius|Katie Benzan",5,398,430,32,0,0,0
"2020-21","12076","Davidson","Cameron Tabor|Chloe Welch|Katie Turner|Peyton Carter|Sarah Konstans",5,405,430,25,0,0,0
"2020-21","12076","Maryland","Channise Lewis|Diamond Miller|Faith Masonius|Katie Benzan|Mimi Collins",5,430,442,12,1,0,1
"2020-21","12076","Maryland","Angel Reese|Channise Lewis|Diamond Miller|Katie Benzan|Mimi Collins",5,442,454,12,0,2,-2
"2020-21","12076","Maryland","Angel Reese|Ashley Owusu|Channise Lewis|Katie Benzan|Mimi Collins",5,454,460,6,0,0,0
"2020-21","12076","Davidson","Cameron Tabor|Chloe Welch|Kelly Fitzgerald|Peyton Carter|Sarah Konstans",5,430,505,75,2,3,-1
"2020-21","12076","Maryland","Ashley Owusu|Channise Lewis|Chloe Bibby|Katie Benzan|Mimi Collins",5,460,505,45,2,0,2
"2020-21","12076","Davidson","Adelaide Fuller|Cameron Tabor|Chloe Welch|Kelly Fitzgerald|Sarah Konstans",5,505,549,44,0,0,0
"2020-21","12076","Davidson","Adelaide Fuller|Cameron Tabor|Chloe Welch|Kelly Fitzgerald|Saeeda Abdul-Aziz",5,549,590,41,3,0,3
"2020-21","12076","Maryland","Channise Lewis|Chloe Bibby|Katie Benzan|Mimi Collins|Taisiya Kozlova",5,505,611,106,0,3,-3
"2020-21","12076","Davidson","Adelaide Fuller|Cameron Tabor|Cassidy Gould|Chloe Welch|Saeeda Abdul-Aziz",5,590,611,21,0,0,0
"2020-21","12076","Davidson","Adelaide Fuller|Cameron Tabor|Cassidy Gould|Chloe Welch|Katie Turner",5,611,626,15,0,0,0
"2020-21","12076","Maryland","Chloe Bibby|Diamond Miller|Faith Masonius|Katie Benzan|Taisiya Kozlova",5,611,626,15,0,0,0
"2020-21","12076","Maryland","Angel Reese|Chloe Bibby|Diamond Miller|Katie Benzan|Taisiya Kozlova",5,626,646,20,0,0,0
"2020-21","12076","Davidson","Adelaide Fuller|Cassidy Gould|Chloe Welch|Katie Turner|Sarah Konstans",5,626,708,82,0,5,-5
"2020-21","12076","Davidson","Cameron Tabor|Cassidy Gould|Katie Turner|Peyton Carter|Sarah Konstans",5,708,716,8,1,0,1
"2020-21","12076","Maryland","Chloe Bibby|Diamond Miller|Faith Masonius|Katie Benzan|Taisiya Kozlova",5,646,766,120,5,3,2
"2020-21","12076","Davidson","Cameron Tabor|Chloe Welch|Katie Turner|Peyton Carter|Sarah Konstans",5,716,842,126,6,2,4
"2020-21","12076","Maryland","Channise Lewis|Chloe Bibby|Faith Masonius|Katie Benzan|Taisiya Kozlova",5,766,842,76,2,4,-2
"2020-21","12076","Davidson","Cameron Tabor|Cassidy Gould|Chloe Welch|Katie Turner|Peyton Carter",5,842,847,5,0,0,0
"2020-21","12076","Maryland","Channise Lewis|Faith Masonius|Katie Benzan|Mimi Collins|Taisiya Kozlova",5,842,948,106,4,6,-2
"2020-21","12076","Maryland","Ashley Owusu|Channise Lewis|Faith Masonius|Mimi Collins|Taisiya Kozlova",5,948,962,14,0,2,-2
"2020-21","12076","Davidson","Adelaide Fuller|Cameron Tabor|Cassidy Gould|Chloe Welch|Katie Turner",5,847,1024,177,8,8,0
"2020-21","12076","Maryland","Ashley Owusu|Channise Lewis|Faith Masonius|Katie Benzan|Mimi Collins",5,962,1024,62,4,0,4
"2020-21","12076","Davidson","Cassidy Gould|Chloe Welch|Katie Turner|Peyton Carter|Sarah Konstans",5,1024,1155,131,7,6,1
"2020-21","12076","Davidson","Adelaide Fuller|Cameron Tabor|Cassidy Gould|Chloe Welch|Sarah Konstans",5,1155,1200,45,0,0,0
"2020-21","12076","Maryland","Channise Lewis|Faith Masonius|Katie Benzan|Mimi Collins|Taisiya Kozlova",5,1024,1200,176,6,7,-1
"2020-21","12076","Davidson","Cassidy Gould|Chloe Welch|Katie Turner|Peyton Carter|Sarah Konstans",5,1200,1214,14,0,0,0
"2020-21","12076","Davidson","Adelaide Fuller|Cassidy Gould|Chloe Welch|Katie Turner|Sarah Konstans",5,1214,1253,39,0,1,-1
"2020-21","12076","Davidson","Alana Davidson|Cassidy Gould|Chloe Welch|Katie Turner|Sarah Konstans",5,1253,1295,42,0,6,-6
"2020-21","12076","Davidson","Alana Davidson|Cameron Tabor|Cassidy Gould|Chloe Welch|Sarah Konstans",5,1295,1351,56,0,3,-3
"2020-21","12076","Davidson","Alana Davidson|Cassidy Gould|Chloe Welch|Katie Turner|Sarah Konstans",5,1351,1406,55,6,4,2
"2020-21","12076","Maryland","Angel Reese|Chloe Bibby|Diamond Miller|Faith Masonius|Katie Benzan",5,1200,1406,206,14,6,8
"2020-21","12076","Davidson","Alana Davidson|Cameron Tabor|Cassidy Gould|Chloe Welch|Sarah Konstans",5,1406,1415,9,0,0,0
"2020-21","12076","Davidson","Alana Davidson|Cameron Tabor|Cassidy Gould|Kelly Fitzgerald|Sarah Konstans",5,1415,1486,71,2,0,2
"2020-21","12076","Davidson","Cameron Tabor|Cassidy Gould|Kelly Fitzgerald|Peyton Carter|Sarah Konstans",5,1486,1504,18,0,0,0
"2020-21","12076","Maryland","Chloe Bibby|Faith Masonius|Katie Benzan|Mimi Collins|Taisiya Kozlova",5,1406,1504,98,0,2,-2
"2020-21","12076","Davidson","Cameron Tabor|Chloe Welch|Kelly Fitzgerald|Peyton Carter|Sarah Konstans",5,1504,1516,12,0,0,0
"2020-21","12076","Davidson","Cameron Tabor|Cassidy Gould|Chloe Welch|Kelly Fitzgerald|Peyton Carter",5,1516,1607,91,2,4,-2
"2020-21","12076","Maryland","Ashley Owusu|Chloe Bibby|Faith Masonius|Katie Benzan|Mimi Collins",5,1504,1607,103,5,2,3
"2020-21","12076","Davidson","Adelaide Fuller|Cameron Tabor|Cassidy Gould|Chloe Welch|Kelly Fitzgerald",5,1607,1649,42,0,3,-3
"2020-21","12076","Maryland","Chloe Bibby|Diamond Miller|Faith Masonius|Katie Benzan|Mimi Collins",5,1607,1649,42,2,0,2
"2020-21","12076","Maryland","Ashley Owusu|Chloe Bibby|Diamond Miller|Faith Masonius|Katie Benzan",5,1649,1660,11,0,2,-2
"2020-21","12076","Maryland","Angel Reese|Ashley Owusu|Chloe Bibby|Diamond Miller|Katie Benzan",5,1660,1714,54,4,0,4
"2020-21","12076","Davidson","Adelaide Fuller|Alana Davidson|Cameron Tabor|Cassidy Gould|Chloe Welch",5,1649,1800,151,6,6,0
"2020-21","12076","Maryland","Angel Reese|Ashley Owusu|Channise Lewis|Chloe Bibby|Diamond Miller",5,1714,1839,125,4,4,0
"2020-21","12076","Maryland","Ashley Owusu|Channise Lewis|Chloe Bibby|Diamond Miller|Mimi Collins",5,1839,1876,37,3,4,-1
"2020-21","12076","Maryland","Ashley Owusu|Chloe Bibby|Diamond Miller|Katie Benzan|Mimi Collins",5,1876,1899,23,3,3,0
"2020-21","12076","Davidson","Adelaide Fuller|Cassidy Gould|Chloe Welch|Katie Turner|Sarah Konstans",5,1800,1914,114,7,8,-1
"2020-21","12076","Maryland","Ashley Owusu|Chloe Bibby|Diamond Miller|Faith Masonius|Katie Benzan",5,1899,1914,15,0,0,0
"2020-21","12076","Davidson","Cassidy Gould|Chloe Welch|Katie Turner|Peyton Carter|Sarah Konstans",5,1914,2041,127,2,5,-3
"2020-21","12076","Maryland","Ashley Owusu|Chloe Bibby|Diamond Miller|Katie Benzan|Mimi Collins",5,1914,2041,127,5,2,3
"2020-21","12076","Davidson","Cameron Tabor|Cassidy Gould|Chloe Welch|Peyton Carter|Saeeda Abdul-Aziz",5,2041,2050,9,0,0,0
"2020-21","12076","Davidson","Cameron Tabor|Chloe Welch|Kelly Fitzgerald|Peyton Carter|Saeeda Abdul-Aziz",5,2050,2060,10,2,0,2
"2020-21","12076","Davidson","Cameron Tabor|Cassidy Gould|Kelly Fitzgerald|Peyton Carter|Saeeda Abdul-Aziz",5,2060,2128,68,2,2,0
"2020-21","12076","Maryland","Chloe Bibby|Diamond Miller|Katie Benzan|Mimi Collins|Taisiya Kozlova",5,2041,2128,87,2,4,-2
"2020-21","12076","Maryland","Angel Reese|Diamond Miller|Katie Benzan|Mimi Collins|Taisiya Kozlova",5,2128,2158,30,2,0,2
"2020-21","12076","Davidson","Adelaide Fuller|Cameron Tabor|Cassidy Gould|Kelly Fitzgerald|Saeeda Abdul-Aziz",5,2128,2236,108,0,6,-6
"2020-21","12076","Maryland","Angel Reese|Ashley Owusu|Diamond Miller|Mimi Collins|Taisiya Kozlova",5,2158,2236,78,4,0,4
"2020-21","12076","Davidson","Alana Davidson|Cameron Tabor|Cassidy Gould|Kelly Fitzgerald|Sarah Konstans",5,2236,2356,120,3,6,-3
"2020-21","12076","Davidson","Alana Davidson|Cameron Tabor|Cassidy Gould|Kelly Fitzgerald|Saeeda Abdul-Aziz",5,2356,2400,44,3,0,3
"2020-21","12076","Maryland","Angel Reese|Ashley Owusu|Channise Lewis|Mimi Collins|Taisiya Kozlova",5,2236,2400,164,6,6,0
"2020-21","12077","Maryland","Angel Reese|Ashley Owusu|Chloe Bibby|Diamond Miller|Katie Benzan",5,0,191,191,5,5,0
"2020-21","12077","Missouri St.","Abby Hipp|Brice Calip|Jasmine Franklin|Mya Bhinhar|Sydney Wilson",5,0,191,191,5,5,0
"2020-21","12077","Missouri St.","Abby Hipp|Elle Ruffridge|Jasmine Franklin|Mya Bhinhar|Sydney Wilson",5,191,240,49,4,5,-1
"2020-21","12077","Missouri St.","Abby Hipp|Abigayle Jackson|Elle Ruffridge|Mya Bhinhar|Sydney Wilson",5,240,266,26,0,2,-2
"2020-21","12077","Maryland","Angel Reese|Ashley Owusu|Channise Lewis|Chloe Bibby|Diamond Miller",5,191,284,93,7,4,3
"2020-21","12077","Maryland","Angel Reese|Ashley Owusu|Channise Lewis|Diamond Miller|Faith Masonius",5,284,333,49,2,0,2
"2020-21","12077","Missouri St.","Abigayle Jackson|Brice Calip|Elle Ruffridge|Emily Gartner|Sydney Manning",5,266,350,84,0,4,-4
"2020-21","12077","Maryland","Ashley Owusu|Chloe Bibby|Diamond Miller|Faith Masonius|Katie Benzan",5,333,437,104,4,5,-1
"2020-21","12077","Missouri St.","Abigayle Jackson|Brice Calip|Elle Ruffridge|Jasmine Franklin|Sydney Manning",5,350,437,87,5,2,3
"2020-21","12077","Maryland","Ashley Owusu|Chloe Bibby|Faith Masonius|Katie Benzan|Mimi Collins",5,437,464,27,0,0,0
"2020-21","12077","Missouri St.","Abby Hipp|Abigayle Jackson|Brice Calip|Elle Ruffridge|Sydney Manning",5,437,492,55,0,0,0
"2020-21","12077","Missouri St.","Abby Hipp|Abigayle Jackson|Mya Bhinhar|Sydney Manning|Sydney Wilson",5,492,527,35,0,4,-4
"2020-21","12077","Missouri St.","Abby Hipp|Abigayle Jackson|Elle Ruffridge|Mya Bhinhar|Sydney Wilson",5,527,561,34,0,0,0
"2020-21","12077","Maryland","Angel Reese|Ashley Owusu|Chloe Bibby|Katie Benzan|Mimi Collins",5,464,600,136,6,0,6
"2020-21","12077","Missouri St.","Abby Hipp|Elle Ruffridge|Emily Gartner|Mya Bhinhar|Sydney Wilson",5,561,676,115,0,4,-4
"2020-21","12077","Missouri St.","Abigayle Jackson|Elle Ruffridge|Emily Gartner|Mya Bhinhar|Sydney Wilson",5,676,695,19,0,0,0
"2020-21","12077","Maryland","Angel Reese|Ashley Owusu|Chloe Bibby|Diamond Miller|Katie Benzan",5,600,723,123,4,2,2
"2020-21","12077","Maryland","Angel Reese|Ashley Owusu|Chloe Bibby|Faith Masonius|Katie Benzan",5,723,778,55,0,2,-2
"2020-21","12077","Missouri St.","Abigayle Jackson|Elle Ruffridge|Emily Gartner|Mya Bhinhar|Sydney Manning",5,695,778,83,4,2,2
"2020-21","12077","Maryland","Ashley Owusu|Chloe Bibby|Faith Masonius|Katie Benzan|Mimi Collins",5,778,878,100,4,0,4
"2020-21","12077","Maryland","Ashley Owusu|Channise Lewis|Chloe Bibby|Faith Masonius|Mimi Collins",5,878,1018,140,4,6,-2
"2020-21","12077","Missouri St.","Abby Hipp|Elle Ruffridge|Emily Gartner|Mya Bhinhar|Sydney Manning",5,778,1018,240,6,8,-2
"2020-21","12077","Missouri St.","Abby Hipp|Abigayle Jackson|Elle Ruffridge|Mya Bhinhar|Sydney Manning",5,1018,1046,28,1,2,-1
"2020-21","12077","Maryland","Angel Reese|Channise Lewis|Chloe Bibby|Faith Masonius|Katie Benzan",5,1018,1109,91,7,3,4
"2020-21","12077","Missouri St.","Abigayle Jackson|Brice Calip|Elle Ruffridge|Jasmine Franklin|Mya Bhinhar",5,1046,1153,107,4,5,-1
"2020-21","12077","Maryland","Angel Reese|Ashley Owusu|Channise Lewis|Chloe Bibby|Katie Benzan",5,1109,1198,89,0,5,-5
"2020-21","12077","Maryland","Angel Reese|Ashley Owusu|Channise Lewis|Faith Masonius|Katie Benzan",5,1198,1200,2,0,0,0
"2020-21","12077","Missouri St.","Abigayle Jackson|Brice Calip|Jasmine Franklin|Mya Bhinhar|Sydney Wilson",5,1153,1200,47,3,0,3
"2020-21","12077","Maryland","Angel Reese|Ashley Owusu|Chloe Bibby|Diamond Miller|Katie Benzan",5,1200,1342,142,2,9,-7
"2020-21","12077","Maryland","Ashley Owusu|Chloe Bibby|Diamond Miller|Katie Benzan|Mimi Collins",5,1342,1414,72,0,5,-5
"2020-21","12077","Missouri St.","Abby Hipp|Brice Calip|Jasmine Franklin|Mya Bhinhar|Sydney Wilson",5,1200,1475,275,18,2,16
"2020-21","12077","Missouri St.","Abigayle Jackson|Brice Calip|Emily Gartner|Mya Bhinhar|Sydney Wilson",5,1475,1505,30,0,2,-2
"2020-21","12077","Missouri St.","Brice Calip|Emily Gartner|Jasmine Franklin|Mya Bhinhar|Sydney Wilson",5,1505,1608,103,0,0,0
"2020-21","12077","Maryland","Angel Reese|Ashley Owusu|Channise Lewis|Katie Benzan|Mimi Collins",5,1414,1608,194,2,4,-2
"2020-21","12077","Maryland","Angel Reese|Ashley Owusu|Channise Lewis|Faith Masonius|Katie Benzan",5,1608,1745,137,5,4,1
"2020-21","12077","Maryland","Ashley Owusu|Channise Lewis|Faith Masonius|Katie Benzan|Mimi Collins",5,1745,1795,50,0,1,-1
"2020-21","12077","Maryland","Angel Reese|Ashley Owusu|Channise Lewis|Katie Benzan|Mimi Collins",5,1795,1800,5,0,0,0
"2020-21","12077","Maryland","Angel Reese|Ashley Owusu|Chloe Bibby|Diamond Miller|Katie Benzan",5,1800,1914,114,2,4,-2
"2020-21","12077","Missouri St.","Abby Hipp|Brice Calip|Jasmine Franklin|Mya Bhinhar|Sydney Wilson",5,1608,1914,306,9,7,2
"2020-21","12077","Maryland","Angel Reese|Ashley Owusu|Channise Lewis|Chloe Bibby|Katie Benzan",5,1914,2034,120,10,4,6
"2020-21","12077","Missouri St.","Brice Calip|Emily Gartner|Jasmine Franklin|Mya Bhinhar|Sydney Wilson",5,1914,2034,120,4,10,-6
"2020-21","12077","Maryland","Ashley Owusu|Channise Lewis|Chloe Bibby|Katie Benzan|Mimi Collins",5,2034,2082,48,0,3,-3
"2020-21","12077","Maryland","Angel Reese|Channise Lewis|Diamond Miller|Katie Benzan|Mimi Collins",5,2082,2187,105,2,4,-2
"2020-21","12077","Missouri St.","Brice Calip|Emily Gartner|Jasmine Franklin|Sydney Manning|Sydney Wilson",5,2034,2187,153,7,2,5
"2020-21","12077","Maryland","Ashley Owusu|Diamond Miller|Faith Masonius|Katie Benzan|Mimi Collins",5,2187,2275,88,2,4,-2
"2020-21","12077","Maryland","Angel Reese|Ashley Owusu|Diamond Miller|Katie Benzan|Mimi Collins",5,2275,2327,52,0,3,-3
"2020-21","12077","Maryland","Ashley Owusu|Channise Lewis|Chloe Bibby|Katie Benzan|Mimi Collins",5,2327,2349,22,0,1,-1
"2020-21","12077","Missouri St.","Abby Hipp|Brice Calip|Jasmine Franklin|Sydney Manning|Sydney Wilson",5,2187,2368,181,8,2,6
"2020-21","12077","Maryland","Angel Reese|Ashley Owusu|Channise Lewis|Chloe Bibby|Katie Benzan",5,2349,2376,27,2,1,1
"2020-21","12077","Missouri St.","Abby Hipp|Brice Calip|Jasmine Franklin|Mya Bhinhar|Sydney Wilson",5,2368,2376,8,1,2,-1
"2020-21","12077","Maryland","Angel Reese|Ashley Owusu|Chloe Bibby|Diamond Miller|Katie Benzan",5,2376,2400,24,2,2,0
"2020-21","12077","Missouri St.","Abby Hipp|Brice Calip|Mya Bhinhar|Sydney Manning|Sydney Wilson",5,2376,2400,24,2,2,0
"2020-21","12078","Maryland","Angel Reese|Ashley Owusu|Chloe Bibby|Diamond Miller|Katie Benzan",5,0,151,151,6,5,1
"2020-21","12078","Maryland","Ashley Owusu|Chloe Bibby|Diamond Miller|Katie Benzan|Mimi Collins",5,151,171,20,0,0,0
"2020-21","12078","Arkansas","Amber Ramirez|Chelsea Dungee|Destiny Slocum|Makayla Daniels|Taylah Thomas",5,0,302,302,9,13,-4
"2020-21","12078","Maryland","Ashley Owusu|Chloe Bibby|Diamond Miller|Faith Masonius|Katie Benzan",5,171,302,131,7,4,3
"2020-21","12078","Arkansas","Amber Ramirez|Chelsea Dungee|Destiny Slocum|Erynn Barnum|Jailyn Mason",5,302,373,71,2,6,-4
"2020-21","12078","Maryland","Ashley Owusu|Channise Lewis|Chloe Bibby|Faith Masonius|Katie Benzan",5,302,373,71,6,2,4
"2020-21","12078","Arkansas","Amber Ramirez|Erynn Barnum|Jailyn Mason|Makayla Daniels|Taylah Thomas",5,373,435,62,0,2,-2
"2020-21","12078","Arkansas","Destiny Slocum|Erynn Barnum|Jailyn Mason|Makayla Daniels|Taylah Thomas",5,435,442,7,0,1,-1
"2020-21","12078","Maryland","Channise Lewis|Chloe Bibby|Diamond Miller|Faith Masonius|Katie Benzan",5,373,459,86,3,0,3
"2020-21","12078","Arkansas","Erynn Barnum|Jailyn Mason|Makayla Daniels|Marquesha Davis|Taylah Thomas",5,442,515,73,2,3,-1
"2020-21","12078","Maryland","Ashley Owusu|Channise Lewis|Chloe Bibby|Faith Masonius|Katie Benzan",5,459,585,126,3,6,-3
"2020-21","12078","Maryland","Ashley Owusu|Channise Lewis|Chloe Bibby|Faith Masonius|Taisiya Kozlova",5,585,602,17,2,0,2
"2020-21","12078","Arkansas","Chelsea Dungee|Jailyn Mason|Makayla Daniels|Marquesha Davis|Taylah Thomas",5,515,649,134,7,5,2
"2020-21","12078","Maryland","Angel Reese|Ashley Owusu|Channise Lewis|Chloe Bibby|Taisiya Kozlova",5,602,649,47,3,3,0
"2020-21","12078","Maryland","Angel Reese|Ashley Owusu|Chloe Bibby|Diamond Miller|Faith Masonius",5,649,717,68,6,2,4
"2020-21","12078","Arkansas","Amber Ramirez|Chelsea Dungee|Erynn Barnum|Jailyn Mason|Makayla Daniels",5,649,741,92,2,8,-6
"2020-21","12078","Maryland","Ashley Owusu|Chloe Bibby|Diamond Miller|Faith Masonius|Mimi Collins",5,717,853,136,4,6,-2
"2020-21","12078","Arkansas","Amber Ramirez|Chelsea Dungee|Destiny Slocum|Erynn Barnum|Makayla Daniels",5,741,867,126,6,4,2
"2020-21","12078","Arkansas","Amber Ramirez|Chelsea Dungee|Destiny Slocum|Erynn Barnum|Marquesha Davis",5,867,885,18,0,1,-1
"2020-21","12078","Maryland","Ashley Owusu|Channise Lewis|Chloe Bibby|Diamond Miller|Mimi Collins",5,853,962,109,8,4,4
"2020-21","12078","Arkansas","Amber Ramirez|Chelsea Dungee|Destiny Slocum|Marquesha Davis|Taylah Thomas",5,885,987,102,4,5,-1
"2020-21","12078","Arkansas","Amber Ramirez|Chelsea Dungee|Destiny Slocum|Jailyn Mason|Taylah Thomas",5,987,1201,214,5,9,-4
"2020-21","12078","Maryland","Channise Lewis|Chloe Bibby|Diamond Miller|Faith Masonius|Taisiya Kozlova",5,962,1201,239,9,5,4
"2020-21","12078","Arkansas","Amber Ramirez|Chelsea Dungee|Destiny Slocum|Makayla Daniels|Taylah Thomas",5,1201,1352,151,7,10,-3
"2020-21","12078","Arkansas","Amber Ramirez|Chelsea Dungee|Destiny Slocum|Erynn Barnum|Makayla Daniels",5,1352,1419,67,2,7,-5
"2020-21","12078","Maryland","Angel Reese|Ashley Owusu|Chloe Bibby|Diamond Miller|Katie Benzan",5,1201,1458,257,17,11,6
"2020-21","12078","Arkansas","Amber Ramirez|Chelsea Dungee|Destiny Slocum|Erynn Barnum|Jailyn Mason",5,1419,1482,63,4,2,2
"2020-21","12078","Maryland","Ashley Owusu|Chloe Bibby|Diamond Miller|Katie Benzan|Mimi Collins",5,1458,1520,62,6,6,0
"2020-21","12078","Maryland","Angel Reese|Ashley Owusu|Diamond Miller|Katie Benzan|Mimi Collins",5,1520,1524,4,0,0,0
"2020-21","12078","Arkansas","Chelsea Dungee|Destiny Slocum|Jailyn Mason|Macy Weaver|Makayla Daniels",5,1482,1626,144,9,12,-3
"2020-21","12078","Maryland","Angel Reese|Chloe Bibby|Diamond Miller|Katie Benzan|Mimi Collins",5,1524,1722,198,12,10,2
"2020-21","12078","Arkansas","Destiny Slocum|Jailyn Mason|Makayla Daniels|Marquesha Davis|Taylah Thomas",5,1626,1722,96,6,4,2
"2020-21","12078","Maryland","Angel Reese|Ashley Owusu|Channise Lewis|Chloe Bibby|Mimi Collins",5,1722,1774,52,4,6,-2
"2020-21","12078","Arkansas","Amber Ramirez|Destiny Slocum|Jailyn Mason|Marquesha Davis|Taylah Thomas",5,1722,1800,78,5,6,-1
"2020-21","12078","Maryland","Ashley Owusu|Channise Lewis|Chloe Bibby|Diamond Miller|Mimi Collins",5,1774,1809,35,2,0,2
"2020-21","12078","Arkansas","Amber Ramirez|Chelsea Dungee|Destiny Slocum|Marquesha Davis|Taylah Thomas",5,1800,1895,95,3,0,3
"2020-21","12078","Maryland","Ashley Owusu|Chloe Bibby|Diamond Miller|Katie Benzan|Mimi Collins",5,1809,1938,129,0,5,-5
"2020-21","12078","Arkansas","Amber Ramirez|Chelsea Dungee|Destiny Slocum|Erynn Barnum|Marquesha Davis",5,1895,1980,85,5,0,5
"2020-21","12078","Arkansas","Amber Ramirez|Destiny Slocum|Erynn Barnum|Jailyn Mason|Marquesha Davis",5,1980,1993,13,0,0,0
"2020-21","12078","Maryland","Ashley Owusu|Chloe Bibby|Diamond Miller|Faith Masonius|Katie Benzan",5,1938,2130,192,5,6,-1
"2020-21","12078","Arkansas","Amber Ramirez|Destiny Slocum|Erynn Barnum|Jailyn Mason|Makayla Daniels",5,1993,2130,137,3,5,-2
"2020-21","12078","Maryland","Angel Reese|Ashley Owusu|Chloe Bibby|Diamond Miller|Katie Benzan",5,2130,2191,61,0,2,-2
"2020-21","12078","Maryland","Angel Reese|Channise Lewis|Chloe Bibby|Diamond Miller|Katie Benzan",5,2191,2231,40,2,4,-2
"2020-21","12078","Maryland","Angel Reese|Channise Lewis|Diamond Miller|Katie Benzan|Mimi Collins",5,2231,2269,38,2,1,1
"2020-21","12078","Arkansas","Destinee Oberg|Jailyn Mason|Makayla Daniels|Marquesha Davis|Rylee Langerman",5,2130,2285,155,9,4,5
"2020-21","12078","Maryland","Angel Reese|Channise Lewis|Katie Benzan|Mimi Collins|Taisiya Kozlova",5,2269,2367,98,5,6,-1
"2020-21","12078","Arkansas","Avery Hughes|Destinee Oberg|Jailyn Mason|Marquesha Davis|Rylee Langerman",5,2285,2400,115,6,8,-2
"2020-21","12078","Maryland","Channise Lewis|Faith Masonius|Katie Benzan|Mimi Collins|Taisiya Kozlova",5,2367,2400,33,3,2,1
"2020-21","12079","Maryland","Angel Reese|Ashley Owusu|Chloe Bibby|Diamond Miller|Katie Benzan",5,0,167,167,9,5,4
"2020-21","12079","Towson","Aleah Nelson|Allie Kubek|Kionna Jeter|Shavonne Smith|Wiebke Schwartau",5,0,222,222,6,13,-7
"2020-21","12079","Maryland","Ashley Owusu|Chloe Bibby|Diamond Miller|Katie Benzan|Mimi Collins",5,167,298,131,6,3,3
"2020-21","12079","Towson","Aleah Nelson|Kionna Jeter|LaKaitlin Wright|Shavonne Smith|Tess Borgosz",5,222,329,107,2,5,-3
"2020-21","12079","Maryland","Channise Lewis|Diamond Miller|Faith Masonius|Katie Benzan|Mimi Collins",5,298,415,117,5,0,5
"2020-21","12079","Towson","Aleah Nelson|Kionna Jeter|LaKaitlin Wright|Skye Williams|Tess Borgosz",5,329,422,93,0,5,-5
"2020-21","12079","Towson","Kionna Jeter|LaKaitlin Wright|Shavonne Smith|Skye Williams|Tess Borgosz",5,422,474,52,0,3,-3
"2020-21","12079","Maryland","Ashley Owusu|Channise Lewis|Faith Masonius|Katie Benzan|Mimi Collins",5,415,474,59,8,0,8
"2020-21","12079","Towson","Aleah Nelson|Allie Kubek|Shavonne Smith|Skye Williams|Wiebke Schwartau",5,474,574,100,6,2,4
"2020-21","12079","Maryland","Ashley Owusu|Channise Lewis|Chloe Bibby|Katie Benzan|Mimi Collins",5,474,600,126,2,6,-4
"2020-21","12079","Towson","Aleah Nelson|Allie Kubek|Skye Williams|Tarriyonna Gary|Wiebke Schwartau",5,574,600,26,0,2,-2
"2020-21","12079","Maryland","Ashley Owusu|Chloe Bibby|Diamond Miller|Katie Benzan|Mimi Collins",5,600,659,59,3,2,1
"2020-21","12079","Towson","Aleah Nelson|Allie Kubek|Shavonne Smith|Skye Williams|Wiebke Schwartau",5,600,659,59,3,3,0
"2020-21","12079","Maryland","Ashley Owusu|Channise Lewis|Chloe Bibby|Katie Benzan|Mimi Collins",5,659,693,34,3,1,2
"2020-21","12079","Maryland","Ashley Owusu|Channise Lewis|Chloe Bibby|Faith Masonius|Katie Benzan",5,693,711,18,0,0,0
"2020-21","12079","Towson","Aleah Nelson|Allie Kubek|Kionna Jeter|Shavonne Smith|Wiebke Schwartau",5,659,711,52,0,3,-3
"2020-21","12079","Towson","Aleah Nelson|Allie Kubek|Shavonne Smith|Skye Williams|Wiebke Schwartau",5,711,747,36,0,6,-6
"2020-21","12079","Maryland","Ashley Owusu|Channise Lewis|Chloe Bibby|Diamond Miller|Faith Masonius",5,711,844,133,6,2,4
"2020-21","12079","Towson","Aleah Nelson|Allie Kubek|Shavonne Smith|Skye Williams|Tess Borgosz",5,747,844,97,2,2,0
"2020-21","12079","Maryland","Ashley Owusu|Chloe Bibby|Faith Masonius|Katie Benzan|Taisiya Kozlova",5,844,880,36,2,0,2
"2020-21","12079","Towson","Aleah Nelson|Allie Kubek|Bianca Glover|Shavonne Smith|Skye Williams",5,844,882,38,1,0,1
"2020-21","12079","Towson","Aleah Nelson|Allie Kubek|Bianca Glover|Kionna Jeter|Shavonne Smith",5,882,970,88,0,0,0
"2020-21","12079","Maryland","Ashley Owusu|Faith Masonius|Katie Benzan|Mimi Collins|Taisiya Kozlova",5,880,1005,125,3,3,0
"2020-21","12079","Towson","Allie Kubek|Bianca Glover|Kionna Jeter|Shavonne Smith|Skye Williams",5,970,1005,35,2,3,-1
"2020-21","12079","Maryland","Ashley Owusu|Diamond Miller|Faith Masonius|Katie Benzan|Mimi Collins",5,1005,1040,35,0,1,-1
"2020-21","12079","Towson","Allie Kubek|Bianca Glover|Kionna Jeter|Skye Williams|Tarriyonna Gary",5,1005,1040,35,1,0,1
"2020-21","12079","Towson","Allie Kubek|Kionna Jeter|Skye Williams|Tarriyonna Gary|Wiebke Schwartau",5,1040,1073,33,2,2,0
"2020-21","12079","Towson","Kionna Jeter|Skye Williams|Tarriyonna Gary|Tess Borgosz|Wiebke Schwartau",5,1073,1105,32,2,2,0
"2020-21","12079","Maryland","Ashley Owusu|Channise Lewis|Faith Masonius|Katie Benzan|Mimi Collins",5,1040,1200,160,8,7,1
"2020-21","12079","Towson","Aleah Nelson|Kionna Jeter|Tarriyonna Gary|Tess Borgosz|Wiebke Schwartau",5,1105,1200,95,3,4,-1
"2020-21","12079","Maryland","Ashley Owusu|Chloe Bibby|Diamond Miller|Katie Benzan|Mimi Collins",5,1200,1255,55,2,3,-1
"2020-21","12079","Maryland","Ashley Owusu|Channise Lewis|Chloe Bibby|Katie Benzan|Mimi Collins",5,1255,1375,120,5,6,-1
"2020-21","12079","Towson","Aleah Nelson|Allie Kubek|Kionna Jeter|LaKaitlin Wright|Shavonne Smith",5,1200,1375,175,9,7,2
"2020-21","12079","Maryland","Ashley Owusu|Channise Lewis|Chloe Bibby|Faith Masonius|Katie Benzan",5,1375,1436,61,2,2,0
"2020-21","12079","Towson","Aleah Nelson|Allie Kubek|Bianca Glover|Kionna Jeter|LaKaitlin Wright",5,1375,1436,61,2,2,0
"2020-21","12079","Towson","Aleah Nelson|Allie Kubek|Bianca Glover|Kionna Jeter|Tarriyonna Gary",5,1436,1485,49,1,0,1
"2020-21","12079","Towson","Aleah Nelson|Bianca Glover|Kionna Jeter|Tarriyonna Gary|Tess Borgosz",5,1485,1493,8,0,0,0
"2020-21","12079","Maryland","Channise Lewis|Chloe Bibby|Diamond Miller|Faith Masonius|Katie Benzan|Taisiya Kozlova",6,1436,1546,110,3,3,0
"2020-21","12079","Towson","Aleah Nelson|Kionna Jeter|LaKaitlin Wright|Tarriyonna Gary|Tess Borgosz",5,1493,1546,53,2,3,-1
"2020-21","12079","Maryland","Ashley Owusu|Channise Lewis|Chloe Bibby|Diamond Miller|Faith Masonius|Taisiya Kozlova",6,1546,1633,87,3,4,-1
"2020-21","12079","Towson","Aleah Nelson|Kionna Jeter|Tarriyonna Gary|Tess Borgosz|Wiebke Schwartau",5,1546,1633,87,4,3,1
"2020-21","12079","Maryland","Ashley Owusu|Chloe Bibby|Diamond Miller|Faith Masonius|Taisiya Kozlova",5,1633,1751,118,6,9,-3
"2020-21","12079","Towson","Aleah Nelson|Kionna Jeter|Shavonne Smith|Tarriyonna Gary|Wiebke Schwartau",5,1633,1751,118,9,6,3
"2020-21","12079","Towson","Aleah Nelson|Allie Kubek|Shavonne Smith|Skye Williams|Tarriyonna Gary",5,1751,1769,18,2,0,2
"2020-21","12079","Towson","Aleah Nelson|Allie Kubek|Kionna Jeter|Shavonne Smith|Skye Williams",5,1769,1800,31,0,1,-1
"2020-21","12079","Maryland","Diamond Miller|Faith Masonius|Katie Benzan|Mimi Collins|Taisiya Kozlova",5,1751,1893,142,4,8,-4
"2020-21","12079","Towson","Aleah Nelson|Allie Kubek|Kionna Jeter|LaKaitlin Wright|Shavonne Smith",5,1800,1893,93,6,3,3
"2020-21","12079","Towson","Aleah Nelson|Allie Kubek|Kionna Jeter|LaKaitlin Wright|Tarriyonna Gary",5,1893,1981,88,2,5,-3
"2020-21","12079","Towson","Aleah Nelson|LaKaitlin Wright|Shavonne Smith|Skye Williams|Tess Borgosz",5,1981,2029,48,1,5,-4
"2020-21","12079","Towson","Aleah Nelson|Bianca Glover|Kionna Jeter|Shavonne Smith|Tess Borgosz",5,2029,2121,92,3,3,0
"2020-21","12079","Maryland","Ashley Owusu|Chloe Bibby|Diamond Miller|Faith Masonius|Katie Benzan",5,1893,2166,273,17,6,11
"2020-21","12079","Maryland","Channise Lewis|Diamond Miller|Faith Masonius|Mimi Collins|Taisiya Kozlova",5,2166,2305,139,9,4,5
"2020-21","12079","Towson","Aleah Nelson|Allie Kubek|Kionna Jeter|LaKaitlin Wright|Tarriyonna Gary",5,2121,2305,184,4,13,-9
"2020-21","12079","Maryland","Channise Lewis|Chloe Bibby|Faith Masonius|Mimi Collins|Taisiya Kozlova",5,2305,2400,95,6,3,3
"2020-21","12079","Towson","Maggie Sharp|Skye Williams|Tarriyonna Gary|Tess Borgosz|Wiebke Schwartau",5,2305,2400,95,3,6,-3
"2020-21","12109","Maryland","Ashley Owusu|Chloe Bibby|Diamond Miller|Faith Masonius|Katie Benzan",5,0,164,164,6,4,2
"2020-21","12109","Rutgers","Arella Guirantes|Mael Gilles|Tekia Mack|Tyia Singleton|Zipporah Broughton",5,0,239,239,7,10,-3
"2020-21","12109","Maryland","Ashley Owusu|Chloe Bibby|Diamond Miller|Katie Benzan|Mimi Collins",5,164,314,150,4,7,-3
"2020-21","12109","Rutgers","Arella Guirantes|Diamond Johnson|Mael Gilles|Tekia Mack|Zipporah Broughton",5,239,314,75,5,0,5
"2020-21","12109","Maryland","Ashley Owusu|Channise Lewis|Chloe Bibby|Diamond Miller|Mimi Collins",5,314,451,137,4,5,-1
"2020-21","12109","Maryland","Channise Lewis|Chloe Bibby|Diamond Miller|Katie Benzan|Mimi Collins",5,451,521,70,3,0,3
"2020-21","12109","Rutgers","Arella Guirantes|Diamond Johnson|Erica Lafayette|Mael Gilles|Zipporah Broughton",5,314,600,286,8,12,-4
"2020-21","12109","Maryland","Ashley Owusu|Channise Lewis|Chloe Bibby|Diamond Miller|Katie Benzan",5,521,600,79,5,4,1
"2020-21","12109","Maryland","Ashley Owusu|Channise Lewis|Chloe Bibby|Diamond Miller|Faith Masonius",5,600,767,167,5,8,-3
"2020-21","12109","Maryland","Ashley Owusu|Channise Lewis|Chloe Bibby|Diamond Miller|Faith Masonius|Mimi Collins",6,767,835,68,5,4,1
"2020-21","12109","Rutgers","Arella Guirantes|Diamond Johnson|Mael Gilles|Sakima Walker|Zipporah Broughton",5,600,863,263,14,10,4
"2020-21","12109","Rutgers","Arella Guirantes|Diamond Johnson|Mael Gilles|Sakima Walker|Zipporah Broughton",5,863,922,59,0,2,-2
"2020-21","12109","Maryland","Ashley Owusu|Channise Lewis|Chloe Bibby|Faith Masonius|Mimi Collins",5,835,922,87,2,2,0
"2020-21","12109","Maryland","Ashley Owusu|Channise Lewis|Chloe Bibby|Diamond Miller|Mimi Collins",5,922,973,51,0,2,-2
"2020-21","12109","Rutgers","Arella Guirantes|Diamond Johnson|Erica Lafayette|Mael Gilles|Sakima Walker",5,922,991,69,2,0,2
"2020-21","12109","Maryland","Ashley Owusu|Channise Lewis|Diamond Miller|Faith Masonius|Mimi Collins",5,973,1085,112,3,4,-1
"2020-21","12109","Rutgers","Arella Guirantes|Erica Lafayette|Mael Gilles|Sakima Walker|Zipporah Broughton",5,991,1117,126,4,3,1
"2020-21","12109","Rutgers","Arella Guirantes|Erica Lafayette|Liz Martino|Mael Gilles|Sakima Walker",5,1117,1200,83,2,5,-3
"2020-21","12109","Maryland","Channise Lewis|Diamond Miller|Faith Masonius|Katie Benzan|Mimi Collins",5,1085,1200,115,5,2,3
"2020-21","12109","Rutgers","Arella Guirantes|Erica Lafayette|Mael Gilles|Tyia Singleton|Zipporah Broughton",5,1200,1271,71,0,5,-5
"2020-21","12109","Rutgers","Arella Guirantes|Destiny Marshall|Mael Gilles|Tyia Singleton|Zipporah Broughton",5,1271,1298,27,0,3,-3
"2020-21","12109","Maryland","Ashley Owusu|Chloe Bibby|Diamond Miller|Katie Benzan|Mimi Collins",5,1200,1510,310,11,12,-1
"2020-21","12109","Maryland","Ashley Owusu|Channise Lewis|Chloe Bibby|Diamond Miller|Katie Benzan",5,1510,1542,32,0,0,0
"2020-21","12109","Rutgers","Arella Guirantes|Diamond Johnson|Mael Gilles|Tyia Singleton|Zipporah Broughton",5,1298,1660,362,19,8,11
"2020-21","12109","Maryland","Ashley Owusu|Channise Lewis|Chloe Bibby|Katie Benzan|Mimi Collins",5,1542,1800,258,15,14,1
"2020-21","12109","Rutgers","Arella Guirantes|Diamond Johnson|Erica Lafayette|Mael Gilles|Zipporah Broughton",5,1660,1980,320,7,17,-10
"2020-21","12109","Maryland","Channise Lewis|Chloe Bibby|Diamond Miller|Katie Benzan|Mimi Collins",5,1800,2086,286,14,2,12
"2020-21","12109","Maryland","Ashley Owusu|Channise Lewis|Chloe Bibby|Katie Benzan|Mimi Collins",5,2086,2169,83,2,7,-5
"2020-21","12109","Maryland","Channise Lewis|Chloe Bibby|Diamond Miller|Katie Benzan|Mimi Collins",5,2169,2199,30,0,0,0
"2020-21","12109","Rutgers","Arella Guirantes|Diamond Johnson|Mael Gilles|Tyia Singleton|Zipporah Broughton",5,1980,2313,333,14,11,3
"2020-21","12109","Rutgers","Arella Guirantes|Diamond Johnson|Liz Martino|Mael Gilles|Zipporah Broughton",5,2313,2395,82,5,3,2
"2020-21","12109","Rutgers","Arella Guirantes|Diamond Johnson|Erica Lafayette|Mael Gilles|Zipporah Broughton",5,2395,2396,1,0,2,-2
"2020-21","12109","Rutgers","Arella Guirantes|Diamond Johnson|Liz Martino|Mael Gilles|Zipporah Broughton",5,2396,2400,4,0,0,0
"2020-21","12109","Maryland","Ashley Owusu|Channise Lewis|Chloe Bibby|Diamond Miller|Katie Benzan",5,2199,2400,201,7,10,-3
"2020-21","12111","Penn St.","Anna Camden|Johnasia Cash|Kelly Jekot|Makenna Marisa|Tova Sabel",5,0,156,156,2,2,0
"2020-21","12111","Penn St.","Anna Camden|Kelly Jekot|Maddie Burke|Makenna Marisa|Tova Sabel",5,156,197,41,3,0,3
"2020-21","12111","Maryland","Ashley Owusu|Chloe Bibby|Diamond Miller|Katie Benzan|Mimi Collins",5,0,197,197,2,5,-3
"2020-21","12111","Penn St.","Anna Camden|Kelly Jekot|Maddie Burke|Nyam Thornton|Tova Sabel",5,197,238,41,1,0,1
"2020-21","12111","Penn St.","Johnasia Cash|Kelly Jekot|Maddie Burke|Nyam Thornton|Tova Sabel",5,238,294,56,2,4,-2
"2020-21","12111","Maryland","Ashley Owusu|Channise Lewis|Chloe Bibby|Diamond Miller|Faith Masonius",5,197,294,97,4,3,1
"2020-21","12111","Penn St.","Johnasia Cash|Maddie Burke|Makenna Marisa|Nyam Thornton|Tova Sabel",5,294,326,32,0,0,0
"2020-21","12111","Maryland","Ashley Owusu|Channise Lewis|Chloe Bibby|Faith Masonius|Mimi Collins",5,294,326,32,0,0,0
"2020-21","12111","Penn St.","Johnasia Cash|Kelly Jekot|Maddie Burke|Nyam Thornton|Shay Hagans",5,326,372,46,0,2,-2
"2020-21","12111","Penn St.","Johnasia Cash|Kelly Jekot|Maddie Burke|Nyam Thornton|Tova Sabel",5,372,398,26,0,0,0
"2020-21","12111","Penn St.","Johnasia Cash|Kelly Jekot|Maddie Burke|Niya Beverley|Tova Sabel",5,398,435,37,3,2,1
"2020-21","12111","Penn St.","Anna Camden|Kelly Jekot|Maddie Burke|Makenna Marisa|Tova Sabel",5,435,464,29,0,0,0
"2020-21","12111","Maryland","Ashley Owusu|Chloe Bibby|Diamond Miller|Katie Benzan|Mimi Collins",5,326,561,235,8,7,1
"2020-21","12111","Penn St.","Anna Camden|Johnasia Cash|Kelly Jekot|Maddie Burke|Tova Sabel",5,464,573,109,4,4,0
"2020-21","12111","Penn St.","Johnasia Cash|Kelly Jekot|Maddie Burke|Makenna Marisa|Tova Sabel",5,573,600,27,0,2,-2
"2020-21","12111","Penn St.","Johnasia Cash|Kelly Jekot|Maddie Burke|Shay Hagans|Tova Sabel",5,600,673,73,1,4,-3
"2020-21","12111","Penn St.","Johnasia Cash|Kelly Jekot|Maddie Burke|Nyam Thornton|Tova Sabel",5,673,750,77,2,4,-2
"2020-21","12111","Maryland","Ashley Owusu|Diamond Miller|Faith Masonius|Katie Benzan|Mimi Collins",5,561,797,236,12,8,4
"2020-21","12111","Penn St.","Anna Camden|Kelly Jekot|Maddie Burke|Makenna Marisa|Tova Sabel",5,750,816,66,5,2,3
"2020-21","12111","Maryland","Ashley Owusu|Channise Lewis|Chloe Bibby|Diamond Miller|Faith Masonius",5,797,816,19,0,0,0
"2020-21","12111","Maryland","Ashley Owusu|Channise Lewis|Chloe Bibby|Faith Masonius|Katie Benzan",5,816,832,16,0,0,0
"2020-21","12111","Penn St.","Johnasia Cash|Kelly Jekot|Maddie Burke|Makenna Marisa|Tova Sabel",5,816,874,58,3,5,-2
"2020-21","12111","Maryland","Ashley Owusu|Channise Lewis|Chloe Bibby|Katie Benzan|Mimi Collins",5,832,894,62,5,5,0
"2020-21","12111","Penn St.","Johnasia Cash|Kelly Jekot|Maddie Burke|Nyam Thornton|Tova Sabel",5,874,894,20,4,0,4
"2020-21","12111","Penn St.","Johnasia Cash|Kelly Jekot|Maddie Burke|Niya Beverley|Nyam Thornton",5,894,1054,160,7,8,-1
"2020-21","12111","Penn St.","Kelly Jekot|Maddie Burke|Niya Beverley|Nyam Thornton|Tova Sabel",5,1054,1090,36,0,4,-4
"2020-21","12111","Penn St.","Anna Camden|Kelly Jekot|Maddie Burke|Niya Beverley|Tova Sabel",5,1090,1196,106,2,5,-3
"2020-21","12111","Penn St.","Anna Camden|Kelly Jekot|Maddie Burke|Nyam Thornton|Tova Sabel",5,1196,1200,4,0,0,0
"2020-21","12111","Maryland","Ashley Owusu|Channise Lewis|Chloe Bibby|Faith Masonius|Katie Benzan",5,894,1200,306,17,11,6
"2020-21","12111","Penn St.","Anna Camden|Johnasia Cash|Kelly Jekot|Makenna Marisa|Tova Sabel",5,1200,1221,21,0,0,0
"2020-21","12111","Penn St.","Johnasia Cash|Kelly Jekot|Maddie Burke|Makenna Marisa|Tova Sabel",5,1221,1243,22,0,1,-1
"2020-21","12111","Penn St.","Anna Camden|Kelly Jekot|Maddie Burke|Makenna Marisa|Tova Sabel",5,1243,1355,112,2,2,0
"2020-21","12111","Maryland","Ashley Owusu|Chloe Bibby|Diamond Miller|Katie Benzan|Mimi Collins",5,1200,1355,155,3,2,1
"2020-21","12111","Penn St.","Kelly Jekot|Maddie Burke|Makenna Marisa|Nyam Thornton|Tova Sabel",5,1355,1406,51,3,2,1
"2020-21","12111","Penn St.","Maddie Burke|Makenna Marisa|Nyam Thornton|Shay Hagans|Tova Sabel",5,1406,1446,40,0,4,-4
"2020-21","12111","Maryland","Ashley Owusu|Chloe Bibby|Diamond Miller|Faith Masonius|Katie Benzan",5,1355,1446,91,6,3,3
"2020-21","12111","Penn St.","Johnasia Cash|Maddie Burke|Makenna Marisa|Nyam Thornton|Shay Hagans",5,1446,1512,66,3,2,1
"2020-21","12111","Penn St.","Johnasia Cash|Kelly Jekot|Maddie Burke|Makenna Marisa|Shay Hagans",5,1512,1521,9,0,0,0
"2020-21","12111","Penn St.","Kelly Jekot|Maddie Burke|Makenna Marisa|Shay Hagans|Tova Sabel",5,1521,1564,43,2,1,1
"2020-21","12111","Maryland","Channise Lewis|Chloe Bibby|Diamond Miller|Faith Masonius|Katie Benzan",5,1446,1564,118,3,5,-2
"2020-21","12111","Maryland","Ashley Owusu|Chloe Bibby|Diamond Miller|Faith Masonius|Katie Benzan",5,1564,1598,34,0,3,-3
"2020-21","12111","Penn St.","Kelly Jekot|Maddie Burke|Makenna Marisa|Niya Beverley|Tova Sabel",5,1564,1708,144,5,7,-2
"2020-21","12111","Maryland","Ashley Owusu|Diamond Miller|Faith Masonius|Katie Benzan|Mimi Collins",5,1598,1708,110,7,2,5
"2020-21","12111","Maryland","Ashley Owusu|Chloe Bibby|Diamond Miller|Faith Masonius|Mimi Collins",5,1708,1800,92,2,6,-4
"2020-21","12111","Maryland","Ashley Owusu|Chloe Bibby|Diamond Miller|Katie Benzan|Mimi Collins",5,1800,1812,12,0,0,0
"2020-21","12111","Penn St.","Anna Camden|Kelly Jekot|Maddie Burke|Nyam Thornton|Tova Sabel",5,1708,1867,159,8,6,2
"2020-21","12111","Penn St.","Anna Camden|Kelly Jekot|Maddie Burke|Makenna Marisa|Tova Sabel",5,1867,1933,66,3,4,-1
"2020-21","12111","Maryland","Ashley Owusu|Chloe Bibby|Diamond Miller|Faith Masonius|Katie Benzan",5,1812,1986,174,8,8,0
"2020-21","12111","Maryland","Ashley Owusu|Channise Lewis|Chloe Bibby|Faith Masonius|Katie Benzan",5,1986,1988,2,0,0,0
"2020-21","12111","Penn St.","Anna Camden|Kelly Jekot|Maddie Burke|Niya Beverley|Tova Sabel",5,1933,2007,74,3,0,3
"2020-21","12111","Penn St.","Anna Camden|Johnasia Cash|Maddie Burke|Niya Beverley|Tova Sabel",5,2007,2047,40,0,4,-4
"2020-21","12111","Penn St.","Johnasia Cash|Kelly Jekot|Maddie Burke|Makenna Marisa|Tova Sabel",5,2047,2147,100,4,2,2
"2020-21","12111","Maryland","Ashley Owusu|Chloe Bibby|Diamond Miller|Faith Masonius|Katie Benzan",5,1988,2147,159,6,4,2
"2020-21","12111","Penn St.","Johnasia Cash|Kelly Jekot|Maddie Burke|Nyam Thornton|Shay Hagans",5,2147,2218,71,3,2,1
"2020-21","12111","Maryland","Ashley Owusu|Chloe Bibby|Diamond Miller|Katie Benzan|Mimi Collins",5,2147,2218,71,2,3,-1
"2020-21","12111","Penn St.","Johnasia Cash|Kelly Jekot|Maddie Burke|Makenna Marisa|Shay Hagans",5,2218,2308,90,3,7,-4
"2020-21","12111","Penn St.","Johnasia Cash|Kelly Jekot|Maddie Burke|Makenna Marisa|Tova Sabel",5,2308,2323,15,0,0,0
"2020-21","12111","Penn St.","Johnasia Cash|Kelly Jekot|Maddie Burke|Nyam Thornton|Tova Sabel",5,2323,2327,4,0,0,0
"2020-21","12111","Penn St.","Johnasia Cash|Kelly Jekot|Maddie Burke|Makenna Marisa|Tova Sabel",5,2327,2400,73,4,4,0
"2020-21","12111","Maryland","Ashley Owusu|Diamond Miller|Faith Masonius|Katie Benzan|Mimi Collins",5,2218,2400,182,11,7,4
"2020-21","12112","Maryland","Ashley Owusu|Chloe Bibby|Diamond Miller|Katie Benzan|Mimi Collins",5,0,235,235,13,3,10
"2020-21","12112","Indiana","Aleksa Gulbe|Ali Patberg|Grace Berger|Jaelynn Penn|Mackenzie Holmes",5,0,330,330,5,17,-12
"2020-21","12112","Indiana","Aleksa Gulbe|Ali Patberg|Jaelynn Penn|Mackenzie Holmes|Nicole Cardano-Hillary",5,330,358,28,0,2,-2
"2020-21","12112","Maryland","Ashley Owusu|Channise Lewis|Chloe Bibby|Katie Benzan|Mimi Collins",5,235,438,203,6,4,2
"2020-21","12112","Indiana","Aleksa Gulbe|Ali Patberg|Jaelynn Penn|Kiandra Browne|Nicole Cardano-Hillary",5,358,438,80,2,0,2
"2020-21","12112","Maryland","Ashley Owusu|Channise Lewis|Chloe Bibby|Faith Masonius|Katie Benzan",5,438,487,49,2,0,2
"2020-21","12112","Indiana","Aleksa Gulbe|Grace Berger|Jaelynn Penn|Kiandra Browne|Nicole Cardano-Hillary",5,438,555,117,2,4,-2
"2020-21","12112","Maryland","Ashley Owusu|Channise Lewis|Faith Masonius|Katie Benzan|Mimi Collins",5,487,562,75,2,2,0
"2020-21","12112","Indiana","Aleksa Gulbe|Ali Patberg|Grace Berger|Mackenzie Holmes|Nicole Cardano-Hillary",5,555,600,45,0,0,0
"2020-21","12112","Maryland","Channise Lewis|Faith Masonius|Katie Benzan|Mimi Collins|Taisiya Kozlova",5,562,600,38,0,0,0
"2020-21","12112","Indiana","Aleksa Gulbe|Grace Berger|Grace Waggoner|Mackenzie Holmes|Nicole Cardano-Hillary",5,600,619,19,0,0,0
"2020-21","12112","Maryland","Ashley Owusu|Chloe Bibby|Diamond Miller|Katie Benzan|Mimi Collins",5,600,654,54,0,0,0
"2020-21","12112","Maryland","Chloe Bibby|Diamond Miller|Faith Masonius|Katie Benzan|Mimi Collins",5,654,667,13,0,0,0
"2020-21","12112","Indiana","Aleksa Gulbe|Grace Berger|Grace Waggoner|Jaelynn Penn|Mackenzie Holmes",5,619,694,75,0,0,0
"2020-21","12112","Indiana","Danielle Patterson|Grace Berger|Grace Waggoner|Jaelynn Penn|Mackenzie Holmes",5,694,798,104,4,2,2
"2020-21","12112","Maryland","Channise Lewis|Chloe Bibby|Faith Masonius|Katie Benzan|Mimi Collins",5,667,962,295,11,16,-5
"2020-21","12112","Indiana","Aleksa Gulbe|Grace Berger|Grace Waggoner|Mackenzie Holmes|Nicole Cardano-Hillary",5,798,962,164,12,9,3
"2020-21","12112","Indiana","Aleksa Gulbe|Grace Berger|Grace Waggoner|Jaelynn Penn|Kiandra Browne|Nicole Cardano-Hillary",6,962,1053,91,2,2,0
"2020-21","12112","Maryland","Ashley Owusu|Chloe Bibby|Faith Masonius|Katie Benzan|Mimi Collins",5,962,1053,91,2,2,0
"2020-21","12112","Indiana","Ali Patberg|Grace Waggoner|Jaelynn Penn|Mackenzie Holmes|Nicole Cardano-Hillary",5,1053,1156,103,2,3,-1
"2020-21","12112","Maryland","Ashley Owusu|Channise Lewis|Chloe Bibby|Faith Masonius|Mimi Collins",5,1053,1156,103,5,2,3
"2020-21","12112","Maryland","Channise Lewis|Chloe Bibby|Faith Masonius|Katie Benzan|Mimi Collins",5,1156,1200,44,0,0,0
"2020-21","12112","Maryland","Ashley Owusu|Chloe Bibby|Diamond Miller|Katie Benzan|Mimi Collins",5,1200,1395,195,2,10,-8
"2020-21","12112","Indiana","Aleksa Gulbe|Ali Patberg|Grace Berger|Jaelynn Penn|Mackenzie Holmes",5,1156,1497,341,12,7,5
"2020-21","12112","Indiana","Aleksa Gulbe|Ali Patberg|Grace Berger|Jaelynn Penn|Kiandra Browne",5,1497,1639,142,4,6,-2
"2020-21","12112","Indiana","Aleksa Gulbe|Ali Patberg|Jaelynn Penn|Mackenzie Holmes|Nicole Cardano-Hillary",5,1639,1652,13,0,0,0
"2020-21","12112","Maryland","Ashley Owusu|Chloe Bibby|Diamond Miller|Faith Masonius|Mimi Collins",5,1395,1715,320,13,6,7
"2020-21","12112","Indiana","Ali Patberg|Grace Waggoner|Jaelynn Penn|Mackenzie Holmes|Nicole Cardano-Hillary",5,1652,1715,63,0,4,-4
"2020-21","12112","Maryland","Ashley Owusu|Chloe Bibby|Diamond Miller|Faith Masonius|Katie Benzan",5,1715,1767,52,3,2,1
"2020-21","12112","Indiana","Aleksa Gulbe|Grace Berger|Jaelynn Penn|Kiandra Browne|Nicole Cardano-Hillary",5,1715,1767,52,2,3,-1
"2020-21","12112","Indiana","Aleksa Gulbe|Ali Patberg|Grace Berger|Jaelynn Penn|Kiandra Browne",5,1767,1800,33,0,2,-2
"2020-21","12112","Maryland","Ashley Owusu|Channise Lewis|Chloe Bibby|Diamond Miller|Faith Masonius",5,1767,1901,134,6,4,2
"2020-21","12112","Indiana","Aleksa Gulbe|Ali Patberg|Grace Berger|Mackenzie Holmes|Nicole Cardano-Hillary",5,1800,1901,101,4,4,0
"2020-21","12112","Indiana","Ali Patberg|Grace Berger|Grace Waggoner|Mackenzie Holmes|Nicole Cardano-Hillary",5,1901,1988,87,6,6,0
"2020-21","12112","Maryland","Ashley Owusu|Channise Lewis|Chloe Bibby|Diamond Miller|Mimi Collins",5,1901,2127,226,9,13,-4
"2020-21","12112","Maryland","Ashley Owusu|Channise Lewis|Chloe Bibby|Diamond Miller|Faith Masonius",5,2127,2182,55,0,2,-2
"2020-21","12112","Indiana","Aleksa Gulbe|Ali Patberg|Grace Berger|Mackenzie Holmes|Nicole Cardano-Hillary",5,1988,2213,225,11,5,6
"2020-21","12112","Indiana","Aleksa Gulbe|Ali Patberg|Grace Berger|Keyanna Warthen|Kiandra Browne",5,2213,2214,1,1,0,1
"2020-21","12112","Indiana","Aleksa Gulbe|Ali Patberg|Grace Berger|Keyanna Warthen|Mackenzie Holmes",5,2214,2330,116,4,3,1
"2020-21","12112","Maryland","Ashley Owusu|Chloe Bibby|Diamond Miller|Faith Masonius|Mimi Collins",5,2182,2374,192,5,7,-2
"2020-21","12112","Maryland","Ashley Owusu|Chloe Bibby|Diamond Miller|Faith Masonius|Katie Benzan",5,2374,2376,2,0,0,0
"2020-21","12112","Indiana","Aleksa Gulbe|Ali Patberg|Grace Berger|Grace Waggoner|Keyanna Warthen|Mackenzie Holmes",6,2330,2382,52,2,0,2
"2020-21","12112","Maryland","Ashley Owusu|Chloe Bibby|Diamond Miller|Faith Masonius|Mimi Collins",5,2376,2384,8,0,2,-2
"2020-21","12112","Indiana","Aleksa Gulbe|Ali Patberg|Grace Berger|Grace Waggoner|Keyanna Warthen",5,2382,2384,2,0,2,-2
"2020-21","12112","Maryland","Ashley Owusu|Chloe Bibby|Diamond Miller|Katie Benzan|Mimi Collins|Taisiya Kozlova",6,2384,2388,4,2,0,2
"2020-21","12112","Maryland","Ashley Owusu|Chloe Bibby|Faith Masonius|Katie Benzan|Mimi Collins",5,2388,2389,1,2,2,0
"2020-21","12112","Indiana","Aleksa Gulbe|Ali Patberg|Grace Berger|Keyanna Warthen|Mackenzie Holmes",5,2384,2396,12,5,2,3
"2020-21","12112","Maryland","Ashley Owusu|Chloe Bibby|Diamond Miller|Faith Masonius|Mimi Collins",5,2389,2400,11,1,3,-2
"2020-21","12112","Indiana","Aleksa Gulbe|Ali Patberg|Chloe Moore-McNeil|Keyanna Warthen|Mackenzie Holmes",5,2396,2400,4,0,1,-1
"2020-21","12113","Michigan St.","Alyza Winston|Julia Ayrault|Nia Clouden|Taiyier Parks|Tory Ozment",5,0,251,251,9,7,2
"2020-21","12113","Michigan St.","Alisia Smith|Alyza Winston|Julia Ayrault|Moira Joiner|Nia Clouden",5,251,314,63,2,2,0
"2020-21","12113","Maryland","Ashley Owusu|Chloe Bibby|Diamond Miller|Katie Benzan|Mimi Collins",5,0,314,314,9,11,-2
"2020-21","12113","Maryland","Ashley Owusu|Chloe Bibby|Diamond Miller|Faith Masonius|Katie Benzan",5,314,414,100,5,4,1
"2020-21","12113","Michigan St.","Alisia Smith|Janai Crooms|Mardrekia Cook|Moira Joiner|Nia Clouden",5,314,414,100,6,5,1
"2020-21","12113","Michigan St.","Alisia Smith|Alyza Winston|Janai Crooms|Mardrekia Cook|Moira Joiner",5,414,485,71,0,4,-4
"2020-21","12113","Michigan St.","Alisia Smith|Alyza Winston|Mardrekia Cook|Nia Clouden|Tory Ozment",5,485,550,65,2,2,0
"2020-21","12113","Michigan St.","Alyza Winston|Julia Ayrault|Nia Clouden|Taiyier Parks|Tory Ozment",5,550,569,19,0,0,0
"2020-21","12113","Michigan St.","Alyza Winston|Julia Ayrault|Kendall Bostic|Nia Clouden|Tory Ozment",5,569,638,69,0,2,-2
"2020-21","12113","Michigan St.","Alyza Winston|Janai Crooms|Julia Ayrault|Kendall Bostic|Nia Clouden",5,638,661,23,0,0,0
"2020-21","12113","Maryland","Ashley Owusu|Chloe Bibby|Diamond Miller|Katie Benzan|Mimi Collins",5,414,746,332,10,5,5
"2020-21","12113","Michigan St.","Alisia Smith|Alyza Winston|Janai Crooms|Mardrekia Cook|Nia Clouden",5,661,794,133,1,6,-5
"2020-21","12113","Maryland","Ashley Owusu|Channise Lewis|Chloe Bibby|Katie Benzan|Mimi Collins",5,746,794,48,4,0,4
"2020-21","12113","Michigan St.","Alisia Smith|Alyza Winston|Janai Crooms|Kendall Bostic|Nia Clouden",5,794,852,58,0,2,-2
"2020-21","12113","Michigan St.","Alisia Smith|Janai Crooms|Kendall Bostic|Moira Joiner|Nia Clouden",5,852,925,73,2,5,-3
"2020-21","12113","Maryland","Channise Lewis|Chloe Bibby|Diamond Miller|Katie Benzan|Mimi Collins",5,794,925,131,7,2,5
"2020-21","12113","Michigan St.","Alisia Smith|Mardrekia Cook|Moira Joiner|Nia Clouden|Tory Ozment",5,925,944,19,0,0,0
"2020-21","12113","Maryland","Ashley Owusu|Channise Lewis|Diamond Miller|Katie Benzan|Mimi Collins",5,925,988,63,2,2,0
"2020-21","12113","Michigan St.","Mardrekia Cook|Moira Joiner|Nia Clouden|Taiyier Parks|Tory Ozment",5,944,1060,116,4,2,2
"2020-21","12113","Michigan St.","Alisia Smith|Alyza Winston|Mardrekia Cook|Nia Clouden|Tory Ozment",5,1060,1070,10,0,2,-2
"2020-21","12113","Maryland","Ashley Owusu|Chloe Bibby|Diamond Miller|Katie Benzan|Mimi Collins",5,988,1070,82,2,2,0
"2020-21","12113","Michigan St.","Alyza Winston|Kendall Bostic|Mardrekia Cook|Nia Clouden|Tory Ozment",5,1070,1200,130,7,9,-2
"2020-21","12113","Maryland","Ashley Owusu|Chloe Bibby|Diamond Miller|Faith Masonius|Katie Benzan",5,1070,1200,130,9,7,2
"2020-21","12113","Maryland","Ashley Owusu|Chloe Bibby|Diamond Miller|Katie Benzan|Mimi Collins",5,1200,1246,46,0,2,-2
"2020-21","12113","Michigan St.","Alyza Winston|Julia Ayrault|Mardrekia Cook|Nia Clouden|Taiyier Parks",5,1200,1286,86,5,1,4
"2020-21","12113","Michigan St.","Alyza Winston|Mardrekia Cook|Nia Clouden|Taiyier Parks|Tory Ozment",5,1286,1348,62,2,5,-3
"2020-21","12113","Michigan St.","Alisia Smith|Alyza Winston|Mardrekia Cook|Nia Clouden|Tory Ozment",5,1348,1428,80,8,3,5
"2020-21","12113","Michigan St.","Alisia Smith|Janai Crooms|Kendall Bostic|Nia Clouden|Tory Ozment",5,1428,1491,63,2,0,2
"2020-21","12113","Michigan St.","Alisia Smith|Janai Crooms|Mardrekia Cook|Nia Clouden|Tory Ozment",5,1491,1559,68,0,5,-5
"2020-21","12113","Michigan St.","Alisia Smith|Alyza Winston|Julia Ayrault|Moira Joiner|Nia Clouden",5,1559,1661,102,4,2,2
"2020-21","12113","Maryland","Ashley Owusu|Chloe Bibby|Diamond Miller|Faith Masonius|Katie Benzan",5,1246,1661,415,16,19,-3
"2020-21","12113","Michigan St.","Alyza Winston|Julia Ayrault|Moira Joiner|Taiyier Parks|Tory Ozment",5,1661,1717,56,3,2,1
"2020-21","12113","Maryland","Ashley Owusu|Chloe Bibby|Diamond Miller|Katie Benzan|Mimi Collins",5,1661,1717,56,2,3,-1
"2020-21","12113","Michigan St.","Alisia Smith|Alyza Winston|Julia Ayrault|Moira Joiner|Tory Ozment",5,1717,1757,40,0,2,-2
"2020-21","12113","Maryland","Ashley Owusu|Chloe Bibby|Faith Masonius|Katie Benzan|Mimi Collins",5,1717,1769,52,4,2,2
"2020-21","12113","Maryland","Alaysia Styles|Ashley Owusu|Chloe Bibby|Faith Masonius|Katie Benzan",5,1769,1800,31,0,0,0
"2020-21","12113","Maryland","Ashley Owusu|Chloe Bibby|Faith Masonius|Katie Benzan|Mimi Collins",5,1800,1828,28,0,2,-2
"2020-21","12113","Michigan St.","Alisia Smith|Julia Ayrault|Moira Joiner|Nia Clouden|Tory Ozment",5,1757,1905,148,7,4,3
"2020-21","12113","Michigan St.","Julia Ayrault|Moira Joiner|Nia Clouden|Taiyier Parks|Tory Ozment",5,1905,1971,66,0,4,-4
"2020-21","12113","Michigan St.","Alyza Winston|Julia Ayrault|Mardrekia Cook|Nia Clouden|Taiyier Parks",5,1971,1996,25,3,1,2
"2020-21","12113","Michigan St.","Alisia Smith|Alyza Winston|Julia Ayrault|Mardrekia Cook|Nia Clouden",5,1996,2025,29,2,2,0
"2020-21","12113","Maryland","Ashley Owusu|Chloe Bibby|Diamond Miller|Katie Benzan|Mimi Collins",5,1828,2171,343,13,13,0
"2020-21","12113","Maryland","Ashley Owusu|Chloe Bibby|Faith Masonius|Katie Benzan|Mimi Collins",5,2171,2269,98,0,5,-5
"2020-21","12113","Michigan St.","Alyza Winston|Janai Crooms|Julia Ayrault|Mardrekia Cook|Nia Clouden",5,2025,2369,344,14,8,6
"2020-21","12113","Maryland","Ashley Owusu|Chloe Bibby|Diamond Miller|Katie Benzan|Mimi Collins",5,2269,2369,100,6,4,2
"2020-21","12113","Maryland","Ashley Owusu|Chloe Bibby|Diamond Miller|Faith Masonius|Mimi Collins",5,2369,2374,5,0,0,0
"2020-21","12113","Maryland","Ashley Owusu|Chloe Bibby|Diamond Miller|Katie Benzan|Mimi Collins",5,2374,2375,1,0,1,-1
"2020-21","12113","Maryland","Ashley Owusu|Chloe Bibby|Diamond Miller|Faith Masonius|Mimi Collins",5,2375,2395,20,2,3,-1
"2020-21","12113","Maryland","Ashley Owusu|Chloe Bibby|Faith Masonius|Katie Benzan|Mimi Collins",5,2395,2396,1,0,0,0
"2020-21","12113","Michigan St.","Alyza Winston|Julia Ayrault|Mardrekia Cook|Nia Clouden|Tory Ozment",5,2369,2400,31,4,6,-2
"2020-21","12113","Maryland","Ashley Owusu|Chloe Bibby|Diamond Miller|Faith Masonius|Mimi Collins",5,2396,2400,4,2,0,2
"2020-21","12114","Purdue","Brooke Moore|Fatou Diagne|Kayana Traylor|Madison Layden|Tamara Farquhar",5,0,196,196,0,6,-6
"2020-21","12114","Maryland","Ashley Owusu|Chloe Bibby|Diamond Miller|Katie Benzan|Mimi Collins",5,0,224,224,6,0,6
"2020-21","12114","Maryland","Ashley Owusu|Chloe Bibby|Faith Masonius|Katie Benzan|Mimi Collins",5,224,262,38,2,1,1
"2020-21","12114","Maryland","Alaysia Styles|Ashley Owusu|Chloe Bibby|Faith Masonius|Katie Benzan",5,262,340,78,0,2,-2
"2020-21","12114","Maryland","Alaysia Styles|Ashley Owusu|Diamond Miller|Katie Benzan|Mimi Collins",5,340,461,121,4,3,1
"2020-21","12114","Purdue","Karissa McLaughlin|Kayana Traylor|Madison Layden|Ra Shaya Kyle|Tamara Farquhar",5,196,461,265,6,6,0
"2020-21","12114","Maryland","Ashley Owusu|Chloe Bibby|Diamond Miller|Katie Benzan|Mimi Collins",5,461,570,109,2,0,2
"2020-21","12114","Purdue","Fatou Diagne|Jenelle Grant|Karissa McLaughlin|Kayana Traylor|Rokia Doumbia",5,461,570,109,0,2,-2
"2020-21","12114","Purdue","Brooke Moore|Fatou Diagne|Jenelle Grant|Kayana Traylor|Rokia Doumbia",5,570,600,30,0,2,-2
"2020-21","12114","Maryland","Alaysia Styles|Ashley Owusu|Chloe Bibby|Diamond Miller|Faith Masonius",5,570,665,95,4,2,2
"2020-21","12114","Purdue","Brooke Moore|Jenelle Grant|Kayana Traylor|Madison Layden|Ra Shaya Kyle",5,600,683,83,2,5,-3
"2020-21","12114","Purdue","Brooke Moore|Jenelle Grant|Kayana Traylor|Ra Shaya Kyle|Tamara Farquhar",5,683,706,23,0,3,-3
"2020-21","12114","Maryland","Ashley Owusu|Chloe Bibby|Diamond Miller|Faith Masonius|Mimi Collins",5,665,781,116,8,0,8
"2020-21","12114","Purdue","Cassidy Hardin|Jenelle Grant|Karissa McLaughlin|Ra Shaya Kyle|Tamara Farquhar",5,706,781,75,0,2,-2
"2020-21","12114","Maryland","Chloe Bibby|Diamond Miller|Faith Masonius|Katie Benzan|Mimi Collins",5,781,900,119,4,2,2
"2020-21","12114","Purdue","Cassidy Hardin|Karissa McLaughlin|Madison Layden|Ra Shaya Kyle|Tamara Farquhar",5,781,900,119,2,4,-2
"2020-21","12114","Purdue","Cassidy Hardin|Kayana Traylor|Ra Shaya Kyle|Rokia Doumbia|Tamara Farquhar",5,900,934,34,1,0,1
"2020-21","12114","Maryland","Alaysia Styles|Diamond Miller|Faith Masonius|Katie Benzan|Taisiya Kozlova",5,900,934,34,0,1,-1
"2020-21","12114","Purdue","Cassidy Hardin|Fatou Diagne|Ra Shaya Kyle|Rokia Doumbia|Tamara Farquhar",5,934,966,32,3,2,1
"2020-21","12114","Maryland","Ashley Owusu|Chloe Bibby|Faith Masonius|Katie Benzan|Taisiya Kozlova",5,934,1000,66,2,5,-3
"2020-21","12114","Maryland","Ashley Owusu|Chloe Bibby|Diamond Miller|Katie Benzan|Mimi Collins",5,1000,1129,129,4,2,2
"2020-21","12114","Purdue","Cassidy Hardin|Fatou Diagne|Kayana Traylor|Rokia Doumbia|Tamara Farquhar",5,966,1129,163,5,4,1
"2020-21","12114","Maryland","Ashley Owusu|Chloe Bibby|Katie Benzan|Mimi Collins|Zoe Young",5,1129,1167,38,2,3,-1
"2020-21","12114","Maryland","Ashley Owusu|Chloe Bibby|Faith Masonius|Katie Benzan|Zoe Young",5,1167,1200,33,5,1,4
"2020-21","12114","Purdue","Cassidy Hardin|Kayana Traylor|Ra Shaya Kyle|Rokia Doumbia|Tamara Farquhar",5,1129,1200,71,3,7,-4
"2020-21","12114","Purdue","Fatou Diagne|Karissa McLaughlin|Kayana Traylor|Madison Layden|Tamara Farquhar",5,1200,1388,188,7,6,1
"2020-21","12114","Purdue","Fatou Diagne|Karissa McLaughlin|Kayana Traylor|Madison Layden|Ra Shaya Kyle",5,1388,1407,19,1,1,0
"2020-21","12114","Maryland","Ashley Owusu|Chloe Bibby|Diamond Miller|Katie Benzan|Mimi Collins",5,1200,1529,329,9,11,-2
"2020-21","12114","Purdue","Karissa McLaughlin|Kayana Traylor|Madison Layden|Ra Shaya Kyle|Tamara Farquhar",5,1407,1529,122,3,2,1
"2020-21","12114","Purdue","Brooke Moore|Jenelle Grant|Kayana Traylor|Rickie Woltman|Rokia Doumbia",5,1529,1628,99,1,5,-4
"2020-21","12114","Maryland","Alaysia Styles|Ashley Owusu|Chloe Bibby|Faith Masonius|Katie Benzan",5,1529,1785,256,17,1,16
"2020-21","12114","Purdue","Brooke Moore|Jenelle Grant|Kayana Traylor|Rickie Woltman|Tamara Farquhar",5,1628,1785,157,0,12,-12
"2020-21","12114","Purdue","Fatou Diagne|Karissa McLaughlin|Kayana Traylor|Madison Layden|Rokia Doumbia",5,1785,1957,172,5,2,3
"2020-21","12114","Purdue","Cassidy Hardin|Karissa McLaughlin|Madison Layden|Ra Shaya Kyle|Rokia Doumbia",5,1957,1987,30,0,2,-2
"2020-21","12114","Maryland","Alaysia Styles|Faith Masonius|Katie Benzan|Mimi Collins|Taisiya Kozlova",5,1785,2006,221,4,5,-1
"2020-21","12114","Purdue","Cassidy Hardin|Karissa McLaughlin|Ra Shaya Kyle|Rokia Doumbia|Tamara Farquhar",5,1987,2015,28,0,0,0
"2020-21","12114","Maryland","Alaysia Styles|Ashley Owusu|Faith Masonius|Taisiya Kozlova|Zoe Young",5,2006,2149,143,2,5,-3
"2020-21","12114","Purdue","Cassidy Hardin|Karissa McLaughlin|Nyagoa Gony|Rokia Doumbia|Tamara Farquhar",5,2015,2149,134,5,2,3
"2020-21","12114","Purdue","Cassidy Hardin|Kayana Traylor|Nyagoa Gony|Rokia Doumbia|Tamara Farquhar",5,2149,2204,55,0,0,0
"2020-21","12114","Purdue","Ajah Stallings|Cassidy Hardin|Kayana Traylor|Nyagoa Gony|Tamara Farquhar",5,2204,2262,58,1,2,-1
"2020-21","12114","Maryland","Alaysia Styles|Faith Masonius|Katie Benzan|Taisiya Kozlova|Zoe Young",5,2149,2400,251,8,2,6
"2020-21","12114","Purdue","Ajah Stallings|Cassidy Hardin|Jenelle Grant|Kayana Traylor|Ra Shaya Kyle",5,2262,2400,138,1,6,-5
"2020-21","12115","Minnesota","Gadiva Hubbard|Jasmine Powell|Kadiatou Sissoko|Klarke Sconiers|Sara Scalia",5,0,220,220,2,8,-6
"2020-21","12115","Maryland","Ashley Owusu|Chloe Bibby|Diamond Miller|Katie Benzan|Mimi Collins",5,0,220,220,8,2,6
"2020-21","12115","Maryland","Alaysia Styles|Ashley Owusu|Chloe Bibby|Diamond Miller|Katie Benzan",5,220,248,28,0,2,-2
"2020-21","12115","Maryland","Ashley Owusu|Chloe Bibby|Diamond Miller|Faith Masonius|Katie Benzan",5,248,366,118,2,9,-7
"2020-21","12115","Minnesota","Gadiva Hubbard|Jasmine Powell|Klarke Sconiers|Laura Bagwell Katalinich|Sara Scalia",5,220,451,231,13,9,4
"2020-21","12115","Maryland","Ashley Owusu|Chloe Bibby|Diamond Miller|Katie Benzan|Mimi Collins",5,366,525,159,10,4,6
"2020-21","12115","Minnesota","Alexia Smith|Gadiva Hubbard|Jasmine Powell|Klarke Sconiers|Laura Bagwell Katalinich",5,451,600,149,2,8,-6
"2020-21","12115","Maryland","Ashley Owusu|Chloe Bibby|Katie Benzan|Mimi Collins|Taisiya Kozlova",5,525,600,75,5,0,5
"2020-21","12115","Maryland","Ashley Owusu|Chloe Bibby|Diamond Miller|Faith Masonius|Mimi Collins",5,600,742,142,3,8,-5
"2020-21","12115","Minnesota","Alexia Smith|Jasmine Powell|Kadiatou Sissoko|Kayla Mershon|Sara Scalia",5,600,807,207,8,7,1
"2020-21","12115","Maryland","Ashley Owusu|Chloe Bibby|Diamond Miller|Katie Benzan|Mimi Collins",5,742,807,65,4,0,4
"2020-21","12115","Maryland","Alaysia Styles|Ashley Owusu|Chloe Bibby|Katie Benzan|Mimi Collins",5,807,823,16,0,2,-2
"2020-21","12115","Minnesota","Gadiva Hubbard|Jasmine Powell|Kadiatou Sissoko|Laura Bagwell Katalinich|Sara Scalia",5,807,948,141,8,6,2
"2020-21","12115","Maryland","Alaysia Styles|Ashley Owusu|Chloe Bibby|Faith Masonius|Mimi Collins",5,823,948,125,6,6,0
"2020-21","12115","Minnesota","Gadiva Hubbard|Jasmine Powell|Kadiatou Sissoko|Klarke Sconiers|Sara Scalia",5,948,1017,69,0,4,-4
"2020-21","12115","Maryland","Ashley Owusu|Chloe Bibby|Diamond Miller|Faith Masonius|Katie Benzan",5,948,1091,143,8,2,6
"2020-21","12115","Maryland","Alaysia Styles|Ashley Owusu|Chloe Bibby|Diamond Miller|Katie Benzan",5,1091,1176,85,2,6,-4
"2020-21","12115","Minnesota","Gadiva Hubbard|Jasmine Powell|Klarke Sconiers|Laura Bagwell Katalinich|Sara Scalia",5,1017,1200,183,10,8,2
"2020-21","12115","Minnesota","Gadiva Hubbard|Jasmine Powell|Kadiatou Sissoko|Klarke Sconiers|Sara Scalia",5,1200,1363,163,2,8,-6
"2020-21","12115","Minnesota","Alexia Smith|Jasmine Powell|Kadiatou Sissoko|Klarke Sconiers|Sara Scalia",5,1363,1399,36,0,2,-2
"2020-21","12115","Maryland","Ashley Owusu|Chloe Bibby|Diamond Miller|Katie Benzan|Mimi Collins",5,1176,1493,317,14,8,6
"2020-21","12115","Minnesota","Alexia Smith|Jasmine Powell|Kadiatou Sissoko|Kayla Mershon|Sara Scalia",5,1399,1493,94,6,2,4
"2020-21","12115","Minnesota","Gadiva Hubbard|Kadiatou Sissoko|Katie Borowicz|Kayla Mershon|Sara Scalia",5,1493,1563,70,0,2,-2
"2020-21","12115","Maryland","Alaysia Styles|Ashley Owusu|Chloe Bibby|Faith Masonius|Katie Benzan",5,1493,1563,70,2,2,0
"2020-21","12115","Minnesota","Gadiva Hubbard|Jasmine Powell|Kadiatou Sissoko|Kayla Mershon|Sara Scalia",5,1563,1647,84,0,6,-6
"2020-21","12115","Maryland","Alaysia Styles|Ashley Owusu|Diamond Miller|Faith Masonius|Katie Benzan",5,1563,1647,84,6,0,6
"2020-21","12115","Minnesota","Alexia Smith|Gadiva Hubbard|Jasmine Powell|Kadiatou Sissoko|Kayla Mershon",5,1647,1709,62,2,1,1
"2020-21","12115","Maryland","Alaysia Styles|Chloe Bibby|Diamond Miller|Faith Masonius|Katie Benzan",5,1647,1715,68,3,2,1
"2020-21","12115","Maryland","Alaysia Styles|Chloe Bibby|Faith Masonius|Katie Benzan|Zoe Young",5,1715,1800,85,3,4,-1
"2020-21","12115","Minnesota","Alexia Smith|Jasmine Powell|Klarke Sconiers|Laura Bagwell Katalinich|Sara Scalia",5,1709,1880,171,4,10,-6
"2020-21","12115","Minnesota","Gadiva Hubbard|Jasmine Powell|Klarke Sconiers|Laura Bagwell Katalinich|Sara Scalia",5,1880,1899,19,0,0,0
"2020-21","12115","Maryland","Ashley Owusu|Chloe Bibby|Diamond Miller|Katie Benzan|Mimi Collins",5,1800,1899,99,5,0,5
"2020-21","12115","Maryland","Chloe Bibby|Diamond Miller|Katie Benzan|Mimi Collins|Taisiya Kozlova",5,1899,1975,76,4,4,0
"2020-21","12115","Minnesota","Gadiva Hubbard|Jasmine Powell|Kadiatou Sissoko|Klarke Sconiers|Sara Scalia",5,1899,1975,76,4,5,-1
"2020-21","12115","Maryland","Alaysia Styles|Chloe Bibby|Diamond Miller|Katie Benzan|Taisiya Kozlova",5,1975,1985,10,1,0,1
"2020-21","12115","Maryland","Alaysia Styles|Diamond Miller|Faith Masonius|Katie Benzan|Taisiya Kozlova",5,1985,2020,35,2,0,2
"2020-21","12115","Maryland","Alaysia Styles|Ashley Owusu|Diamond Miller|Faith Masonius|Taisiya Kozlova",5,2020,2086,66,0,2,-2
"2020-21","12115","Minnesota","Gadiva Hubbard|Jasmine Powell|Kayla Mershon|Klarke Sconiers|Sara Scalia",5,1975,2192,217,2,2,0
"2020-21","12115","Maryland","Alaysia Styles|Ashley Owusu|Faith Masonius|Taisiya Kozlova|Zoe Young",5,2086,2192,106,0,0,0
"2020-21","12115","Minnesota","Alexia Smith|Grace Cumming|Katie Borowicz|Kayla Mershon|Sara Scalia",5,2192,2362,170,10,2,8
"2020-21","12115","Minnesota","Alexia Smith|Caroline Strande|Grace Cumming|Katie Borowicz|Kayla Mershon",5,2362,2400,38,0,0,0
"2020-21","12115","Maryland","Alaysia Styles|Faith Masonius|Katie Benzan|Taisiya Kozlova|Zoe Young",5,2192,2400,208,2,10,-8
"2020-21","12116","Wisconsin","",0,0,2400,2400,0,0,0
"2020-21","12116","Maryland","",0,0,2400,2400,0,0,0
"2020-21","12117","Maryland","Ashley Owusu|Chloe Bibby|Diamond Miller|Katie Benzan|Mimi Collins",5,0,172,172,14,9,5
"2020-21","12117","Maryland","Ashley Owusu|Chloe Bibby|Diamond Miller|Faith Masonius|Katie Benzan",5,172,199,27,2,0,2
"2020-21","12117","Iowa","Caitlin Clark|Gabbie Marshall|Kate Martin|McKenna Warnock|Monika Czinano",5,0,199,199,9,16,-7
"2020-21","12117","Iowa","Caitlin Clark|Kate Martin|McKenna Warnock|Monika Czinano|Tomi Taiwo",5,199,278,79,0,8,-8
"2020-21","12117","Iowa","Caitlin Clark|Kate Martin|Logan Cook|Monika Czinano|Tomi Taiwo",5,278,321,43,0,0,0
"2020-21","12117","Maryland","Alaysia Styles|Ashley Owusu|Chloe Bibby|Diamond Miller|Katie Benzan",5,199,394,195,14,3,11
"2020-21","12117","Iowa","Caitlin Clark|Gabbie Marshall|Kate Martin|Monika Czinano|Tomi Taiwo",5,321,432,111,3,6,-3
"2020-21","12117","Maryland","Alaysia Styles|Angel Reese|Ashley Owusu|Chloe Bibby|Katie Benzan",5,394,509,115,4,3,1
"2020-21","12117","Iowa","Caitlin Clark|Gabbie Marshall|McKenna Warnock|Monika Czinano|Tomi Taiwo",5,432,509,77,3,4,-1
"2020-21","12117","Maryland","Alaysia Styles|Angel Reese|Chloe Bibby|Diamond Miller|Katie Benzan",5,509,600,91,7,6,1
"2020-21","12117","Iowa","Caitlin Clark|Gabbie Marshall|Kate Martin|McKenna Warnock|Sharon Goodman",5,509,600,91,6,7,-1
"2020-21","12117","Maryland","Alaysia Styles|Ashley Owusu|Diamond Miller|Katie Benzan|Mimi Collins",5,600,730,130,3,2,1
"2020-21","12117","Iowa","Caitlin Clark|Gabbie Marshall|Kate Martin|McKenna Warnock|Monika Czinano",5,600,730,130,2,3,-1
"2020-21","12117","Maryland","Ashley Owusu|Chloe Bibby|Diamond Miller|Katie Benzan|Mimi Collins",5,730,953,223,12,12,0
"2020-21","12117","Iowa","Caitlin Clark|Gabbie Marshall|Kate Martin|McKenna Warnock|Sharon Goodman",5,730,954,224,15,12,3
"2020-21","12117","Iowa","Gabbie Marshall|Kate Martin|McKenna Warnock|Sharon Goodman|Tomi Taiwo",5,954,964,10,0,0,0
"2020-21","12117","Iowa","Caitlin Clark|Kate Martin|McKenna Warnock|Sharon Goodman|Tomi Taiwo",5,964,1010,46,2,3,-1
"2020-21","12117","Maryland","Angel Reese|Ashley Owusu|Chloe Bibby|Diamond Miller|Faith Masonius",5,953,1050,97,6,5,1
"2020-21","12117","Maryland","Angel Reese|Ashley Owusu|Chloe Bibby|Faith Masonius|Katie Benzan",5,1050,1200,150,6,11,-5
"2020-21","12117","Iowa","Caitlin Clark|Kate Martin|Logan Cook|McKenna Warnock|Tomi Taiwo",5,1010,1200,190,11,9,2
"2020-21","12117","Iowa","Caitlin Clark|Gabbie Marshall|Kate Martin|McKenna Warnock|Monika Czinano",5,1200,1244,44,0,4,-4
"2020-21","12117","Maryland","Ashley Owusu|Chloe Bibby|Diamond Miller|Katie Benzan|Mimi Collins",5,1200,1351,151,10,4,6
"2020-21","12117","Iowa","Caitlin Clark|Kate Martin|McKenna Warnock|Monika Czinano|Tomi Taiwo",5,1244,1404,160,4,6,-2
"2020-21","12117","Maryland","Alaysia Styles|Ashley Owusu|Chloe Bibby|Diamond Miller|Katie Benzan",5,1351,1422,71,0,0,0
"2020-21","12117","Maryland","Alaysia Styles|Ashley Owusu|Chloe Bibby|Faith Masonius|Katie Benzan",5,1422,1480,58,5,2,3
"2020-21","12117","Iowa","Kate Martin|McKenna Warnock|Megan Meyer|Monika Czinano|Tomi Taiwo",5,1404,1480,76,2,5,-3
"2020-21","12117","Maryland","Alaysia Styles|Chloe Bibby|Faith Masonius|Katie Benzan|Taisiya Kozlova",5,1480,1553,73,2,3,-1
"2020-21","12117","Iowa","Kate Martin|Logan Cook|Megan Meyer|Monika Czinano|Tomi Taiwo",5,1480,1553,73,3,2,1
"2020-21","12117","Iowa","Caitlin Clark|Kate Martin|Logan Cook|Monika Czinano|Tomi Taiwo",5,1553,1586,33,2,1,1
"2020-21","12117","Maryland","Alaysia Styles|Ashley Owusu|Chloe Bibby|Diamond Miller|Faith Masonius",5,1553,1613,60,3,2,1
"2020-21","12117","Maryland","Alaysia Styles|Angel Reese|Ashley Owusu|Chloe Bibby|Diamond Miller",5,1613,1656,43,0,3,-3
"2020-21","12117","Maryland","Angel Reese|Ashley Owusu|Chloe Bibby|Diamond Miller|Katie Benzan",5,1656,1705,49,0,4,-4
"2020-21","12117","Maryland","Alaysia Styles|Angel Reese|Ashley Owusu|Diamond Miller|Katie Benzan",5,1705,1770,65,2,0,2
"2020-21","12117","Iowa","Caitlin Clark|Gabbie Marshall|McKenna Warnock|Monika Czinano|Tomi Taiwo",5,1586,1770,184,7,4,3
"2020-21","12117","Iowa","Gabbie Marshall|Kate Martin|McKenna Warnock|Monika Czinano|Tomi Taiwo",5,1770,1801,31,1,0,1
"2020-21","12117","Maryland","Alaysia Styles|Ashley Owusu|Chloe Bibby|Diamond Miller|Mimi Collins",5,1770,1886,116,3,3,0
"2020-21","12117","Maryland","Ashley Owusu|Chloe Bibby|Diamond Miller|Katie Benzan|Mimi Collins",5,1886,2091,205,10,10,0
"2020-21","12117","Iowa","Caitlin Clark|Gabbie Marshall|Kate Martin|McKenna Warnock|Monika Czinano",5,1801,2091,290,12,13,-1
"2020-21","12117","Iowa","Caitlin Clark|Gabbie Marshall|Kate Martin|Logan Cook|Monika Czinano",5,2091,2107,16,0,0,0
"2020-21","12117","Iowa","Gabbie Marshall|Kate Martin|Logan Cook|Monika Czinano|Tomi Taiwo",5,2107,2139,32,0,2,-2
"2020-21","12117","Maryland","Alaysia Styles|Ashley Owusu|Chloe Bibby|Diamond Miller|Mimi Collins",5,2091,2254,163,4,8,-4
"2020-21","12117","Iowa","Gabbie Marshall|Kate Martin|McKenna Warnock|Monika Czinano|Tomi Taiwo",5,2139,2254,115,8,2,6
"2020-21","12117","Iowa","Kate Martin|Lauren Jensen|McKenna Warnock|Sharon Goodman|Tomi Taiwo",5,2254,2300,46,0,2,-2
"2020-21","12117","Maryland","Angel Reese|Ashley Owusu|Chloe Bibby|Diamond Miller|Katie Benzan",5,2254,2347,93,4,2,2
"2020-21","12117","Iowa","Kate Martin|Lauren Jensen|Logan Cook|Megan Meyer|Sharon Goodman",5,2300,2347,47,2,2,0
"2020-21","12117","Maryland","Angel Reese|Faith Masonius|Katie Benzan|Taisiya Kozlova|Zoe Young",5,2347,2400,53,0,1,-1
"2020-21","12117","Iowa","Alexis Sevillian|Lauren Jensen|Logan Cook|Megan Meyer|Sharon Goodman",5,2347,2400,53,1,0,1
"2020-21","12118","Maryland","Ashley Owusu|Chloe Bibby|Diamond Miller|Katie Benzan|Mimi Collins",5,0,164,164,4,9,-5
"2020-21","12118","Ohio St.","Braxtin Miller|Dorka Juhasz|Jacy Sheldon|Madison Greene|Tanaya Beacham",5,0,263,263,15,7,8
"2020-21","12118","Maryland","Ashley Owusu|Chloe Bibby|Diamond Miller|Faith Masonius|Katie Benzan",5,164,263,99,3,6,-3
"2020-21","12118","Ohio St.","Dorka Juhasz|Jacy Sheldon|Kateri Poole|Madison Greene|Tanaya Beacham",5,263,374,111,4,6,-2
"2020-21","12118","Maryland","Ashley Owusu|Chloe Bibby|Diamond Miller|Katie Benzan|Mimi Collins",5,263,468,205,10,8,2
"2020-21","12118","Ohio St.","Braxtin Miller|Dorka Juhasz|Kateri Poole|Madison Greene|Tanaya Beacham",5,374,468,94,4,4,0
"2020-21","12118","Ohio St.","Braxtin Miller|Dorka Juhasz|Madison Greene|Rikki Harris|Tanaya Beacham",5,468,517,49,3,0,3
"2020-21","12118","Ohio St.","Braxtin Miller|Dorka Juhasz|Madison Greene|Rebeka Mikulasikova|Rikki Harris",5,517,600,83,0,3,-3
"2020-21","12118","Maryland","Alaysia Styles|Ashley Owusu|Chloe Bibby|Faith Masonius|Katie Benzan",5,468,600,132,3,3,0
"2020-21","12118","Maryland","Alaysia Styles|Ashley Owusu|Chloe Bibby|Diamond Miller|Katie Benzan",5,600,656,56,0,3,-3
"2020-21","12118","Ohio St.","Braxtin Miller|Dorka Juhasz|Jacy Sheldon|Madison Greene|Rebeka Mikulasikova",5,600,719,119,3,6,-3
"2020-21","12118","Ohio St.","Braxtin Miller|Jacy Sheldon|Madison Greene|Rebeka Mikulasikova|Tanaya Beacham",5,719,806,87,0,2,-2
"2020-21","12118","Maryland","Ashley Owusu|Chloe Bibby|Diamond Miller|Katie Benzan|Mimi Collins",5,656,930,274,11,2,9
"2020-21","12118","Ohio St.","Braxtin Miller|Dorka Juhasz|Jacy Sheldon|Madison Greene|Tanaya Beacham",5,806,978,172,2,3,-1
"2020-21","12118","Maryland","Alaysia Styles|Ashley Owusu|Diamond Miller|Katie Benzan|Mimi Collins",5,930,978,48,0,0,0
"2020-21","12118","Ohio St.","Braxtin Miller|Dorka Juhasz|Kateri Poole|Madison Greene|Rebeka Mikulasikova",5,978,994,16,0,0,0
"2020-21","12118","Ohio St.","Braxtin Miller|Dorka Juhasz|Jacy Sheldon|Kateri Poole|Rebeka Mikulasikova",5,994,1088,94,0,4,-4
"2020-21","12118","Maryland","Alaysia Styles|Ashley Owusu|Chloe Bibby|Katie Benzan|Mimi Collins",5,978,1088,110,4,0,4
"2020-21","12118","Ohio St.","Braxtin Miller|Kateri Poole|Madison Greene|Rebeka Mikulasikova|Tanaya Beacham",5,1088,1200,112,5,4,1
"2020-21","12118","Maryland","Alaysia Styles|Ashley Owusu|Chloe Bibby|Diamond Miller|Katie Benzan",5,1088,1200,112,4,5,-1
"2020-21","12118","Maryland","Ashley Owusu|Chloe Bibby|Diamond Miller|Katie Benzan|Mimi Collins",5,1200,1326,126,2,4,-2
"2020-21","12118","Ohio St.","Braxtin Miller|Dorka Juhasz|Jacy Sheldon|Madison Greene|Tanaya Beacham",5,1200,1464,264,10,9,1
"2020-21","12118","Ohio St.","Braxtin Miller|Dorka Juhasz|Kateri Poole|Madison Greene|Rebeka Mikulasikova",5,1464,1574,110,5,2,3
"2020-21","12118","Maryland","Alaysia Styles|Ashley Owusu|Chloe Bibby|Diamond Miller|Katie Benzan",5,1326,1622,296,12,16,-4
"2020-21","12118","Ohio St.","Dorka Juhasz|Gabby Hutcherson|Jacy Sheldon|Kateri Poole|Madison Greene",5,1574,1727,153,9,6,3
"2020-21","12118","Ohio St.","Braxtin Miller|Dorka Juhasz|Jacy Sheldon|Madison Greene|Tanaya Beacham",5,1727,1759,32,1,2,-1
"2020-21","12118","Maryland","Alaysia Styles|Ashley Owusu|Chloe Bibby|Faith Masonius|Katie Benzan",5,1622,1759,137,5,5,0
"2020-21","12118","Ohio St.","Braxtin Miller|Dorka Juhasz|Madison Greene|Rikki Harris|Tanaya Beacham",5,1759,1800,41,1,2,-1
"2020-21","12118","Ohio St.","Braxtin Miller|Dorka Juhasz|Jacy Sheldon|Madison Greene|Tanaya Beacham",5,1800,1933,133,0,4,-4
"2020-21","12118","Maryland","Alaysia Styles|Ashley Owusu|Chloe Bibby|Diamond Miller|Katie Benzan",5,1759,2085,326,11,8,3
"2020-21","12118","Maryland","Ashley Owusu|Chloe Bibby|Diamond Miller|Katie Benzan|Mimi Collins",5,2085,2140,55,0,6,-6
"2020-21","12118","Ohio St.","Braxtin Miller|Dorka Juhasz|Jacy Sheldon|Madison Greene|Rebeka Mikulasikova",5,1933,2335,402,21,11,10
"2020-21","12118","Ohio St.","Braxtin Miller|Dorka Juhasz|Jacy Sheldon|Madison Greene|Tanaya Beacham",5,2335,2341,6,0,2,-2
"2020-21","12118","Ohio St.","Braxtin Miller|Dorka Juhasz|Jacy Sheldon|Kateri Poole|Madison Greene|Rebeka Mikulasikova",6,2341,2348,7,0,0,0
"2020-21","12118","Ohio St.","Braxtin Miller|Dorka Juhasz|Jacy Sheldon|Madison Greene|Rebeka Mikulasikova|Tanaya Beacham",6,2348,2381,33,2,3,-1
"2020-21","12118","Ohio St.","Braxtin Miller|Dorka Juhasz|Jacy Sheldon|Kateri Poole|Madison Greene|Rebeka Mikulasikova",6,2381,2383,2,0,0,0
"2020-21","12118","Maryland","Alaysia Styles|Ashley Owusu|Chloe Bibby|Diamond Miller|Katie Benzan",5,2140,2383,243,11,10,1
"2020-21","12118","Ohio St.","Braxtin Miller|Dorka Juhasz|Jacy Sheldon|Madison Greene|Rebeka Mikulasikova|Tanaya Beacham",6,2383,2400,17,3,6,-3
"2020-21","12118","Maryland","Ashley Owusu|Chloe Bibby|Diamond Miller|Faith Masonius|Katie Benzan",5,2383,2400,17,6,3,3
"2020-21","12120","Wisconsin","Estella Moschkau|Imani Lewis|Julie Pospisilova|Sara Stapleton|Sydney Hilliard",5,0,231,231,4,14,-10
"2020-21","12120","Maryland","Ashley Owusu|Chloe Bibby|Diamond Miller|Katie Benzan|Mimi Collins",5,0,368,368,16,4,12
"2020-21","12120","Wisconsin","Estella Moschkau|Imani Lewis|Julie Pospisilova|Sydney Hilliard|Tara Stauffacher",5,231,368,137,0,2,-2
"2020-21","12120","Maryland","Alaysia Styles|Ashley Owusu|Chloe Bibby|Diamond Miller|Faith Masonius",5,368,394,26,0,1,-1
"2020-21","12120","Wisconsin","Halle Douglass|Imani Lewis|Julie Pospisilova|Sydney Hilliard|Tara Stauffacher",5,368,477,109,6,2,4
"2020-21","12120","Maryland","Alaysia Styles|Ashley Owusu|Chloe Bibby|Faith Masonius|Katie Benzan",5,394,550,156,4,5,-1
"2020-21","12120","Wisconsin","Brooke Schramek|Estella Moschkau|Halle Douglass|Imani Lewis|Sydney Hilliard",5,477,550,73,0,2,-2
"2020-21","12120","Maryland","Alaysia Styles|Ashley Owusu|Chloe Bibby|Faith Masonius|Taisiya Kozlova",5,550,600,50,2,2,0
"2020-21","12120","Wisconsin","Brooke Schramek|Estella Moschkau|Halle Douglass|Sara Stapleton|Sydney Hilliard",5,550,600,50,2,2,0
"2020-21","12120","Maryland","Ashley Owusu|Chloe Bibby|Diamond Miller|Katie Benzan|Mimi Collins",5,600,819,219,8,5,3
"2020-21","12120","Wisconsin","Estella Moschkau|Halle Douglass|Julie Pospisilova|Sara Stapleton|Tara Stauffacher",5,600,819,219,5,8,-3
"2020-21","12120","Maryland","Alaysia Styles|Diamond Miller|Faith Masonius|Katie Benzan|Mimi Collins",5,819,1010,191,5,4,1
"2020-21","12120","Wisconsin","Estella Moschkau|Imani Lewis|Julie Pospisilova|Kate Thompson|Sydney Hilliard",5,819,1010,191,4,5,-1
"2020-21","12120","Maryland","Alaysia Styles|Ashley Owusu|Chloe Bibby|Faith Masonius|Katie Benzan",5,1010,1116,106,6,0,6
"2020-21","12120","Wisconsin","Brooke Schramek|Imani Lewis|Julie Pospisilova|Kate Thompson|Sydney Hilliard",5,1010,1116,106,0,6,-6
"2020-21","12120","Maryland","Alaysia Styles|Ashley Owusu|Faith Masonius|Katie Benzan|Taisiya Kozlova",5,1116,1200,84,5,2,3
"2020-21","12120","Wisconsin","Brooke Schramek|Halle Douglass|Imani Lewis|Sara Stapleton|Sydney Hilliard",5,1116,1200,84,2,5,-3
"2020-21","12120","Maryland","Ashley Owusu|Chloe Bibby|Diamond Miller|Katie Benzan|Mimi Collins",5,1200,1259,59,0,4,-4
"2020-21","12120","Wisconsin","Estella Moschkau|Imani Lewis|Julie Pospisilova|Sara Stapleton|Sydney Hilliard",5,1200,1425,225,7,6,1
"2020-21","12120","Maryland","Ashley Owusu|Chloe Bibby|Diamond Miller|Faith Masonius|Katie Benzan",5,1259,1562,303,11,3,8
"2020-21","12120","Wisconsin","Estella Moschkau|Halle Douglass|Imani Lewis|Sydney Hilliard|Tara Stauffacher",5,1425,1570,145,0,5,-5
"2020-21","12120","Maryland","Alaysia Styles|Chloe Bibby|Diamond Miller|Faith Masonius|Katie Benzan",5,1562,1574,12,0,0,0
"2020-21","12120","Maryland","Alaysia Styles|Diamond Miller|Faith Masonius|Katie Benzan|Taisiya Kozlova",5,1574,1579,5,2,0,2
"2020-21","12120","Maryland","Alaysia Styles|Chloe Bibby|Diamond Miller|Faith Masonius|Taisiya Kozlova",5,1579,1585,6,0,0,0
"2020-21","12120","Wisconsin","Alex Luehring|Brooke Schramek|Halle Douglass|Imani Lewis|Sydney Hilliard",5,1570,1602,32,0,2,-2
"2020-21","12120","Wisconsin","Alex Luehring|Brooke Schramek|Imani Lewis|Julie Pospisilova|Sydney Hilliard",5,1602,1619,17,0,3,-3
"2020-21","12120","Maryland","Alaysia Styles|Ashley Owusu|Diamond Miller|Faith Masonius|Taisiya Kozlova",5,1585,1686,101,3,4,-1
"2020-21","12120","Wisconsin","Alex Luehring|Brooke Schramek|Estella Moschkau|Imani Lewis|Sydney Hilliard",5,1619,1777,158,4,2,2
"2020-21","12120","Maryland","Ashley Owusu|Chloe Bibby|Faith Masonius|Mimi Collins|Taisiya Kozlova",5,1686,1807,121,2,1,1
"2020-21","12120","Wisconsin","Alex Luehring|Brooke Schramek|Estella Moschkau|Halle Douglass|Kate Thompson",5,1777,1807,30,1,0,1
"2020-21","12120","Maryland","Alaysia Styles|Ashley Owusu|Chloe Bibby|Katie Benzan|Mimi Collins",5,1807,1875,68,6,0,6
"2020-21","12120","Wisconsin","Estella Moschkau|Halle Douglass|Julie Pospisilova|Kate Thompson|Tara Stauffacher",5,1807,1875,68,0,6,-6
"2020-21","12120","Wisconsin","Estella Moschkau|Halle Douglass|Imani Lewis|Sara Stapleton|Sydney Hilliard",5,1875,1880,5,0,0,0
"2020-21","12120","Maryland","Alaysia Styles|Chloe Bibby|Diamond Miller|Katie Benzan|Mimi Collins",5,1875,1947,72,3,4,-1
"2020-21","12120","Maryland","Alaysia Styles|Diamond Miller|Faith Masonius|Katie Benzan|Mimi Collins",5,1947,2075,128,4,2,2
"2020-21","12120","Wisconsin","Halle Douglass|Imani Lewis|Julie Pospisilova|Sara Stapleton|Sydney Hilliard",5,1880,2123,243,8,7,1
"2020-21","12120","Wisconsin","Imani Lewis|Julie Pospisilova|Sara Stapleton|Sydney Hilliard|Tara Stauffacher",5,2123,2133,10,1,0,1
"2020-21","12120","Maryland","Alaysia Styles|Faith Masonius|Katie Benzan|Mimi Collins|Taisiya Kozlova",5,2075,2166,91,0,5,-5
"2020-21","12120","Wisconsin","Imani Lewis|Julie Pospisilova|Kate Thompson|Sydney Hilliard|Tara Stauffacher",5,2133,2166,33,2,0,2
"2020-21","12120","Wisconsin","Brooke Schramek|Imani Lewis|Julie Pospisilova|Kate Thompson|Tara Stauffacher",5,2166,2261,95,2,2,0
"2020-21","12120","Wisconsin","Alex Luehring|Brooke Schramek|Halle Douglass|Kate Thompson|Tara Stauffacher",5,2261,2324,63,0,5,-5
"2020-21","12120","Maryland","Alaysia Styles|Diamond Miller|Faith Masonius|Katie Benzan|Taisiya Kozlova",5,2166,2400,234,7,2,5
"2020-21","12120","Wisconsin","Alex Luehring|Brooke Schramek|Lovisa Djurstrom|Natalie Leuzinger|Tara Stauffacher",5,2324,2400,76,0,0,0
"2020-21","12121","Michigan","Akienreh Johnson|Amy Dilk|Hailey Brown|Leigha Brown|Naz Hillmon",5,0,270,270,4,14,-10
"2020-21","12121","Maryland","Ashley Owusu|Chloe Bibby|Diamond Miller|Katie Benzan|Mimi Collins",5,0,366,366,23,8,15
"2020-21","12121","Michigan","Amy Dilk|Hailey Brown|Leigha Brown|Maddie Nolan|Naz Hillmon",5,270,366,96,4,9,-5
"2020-21","12121","Maryland","Alaysia Styles|Ashley Owusu|Faith Masonius|Katie Benzan|Mimi Collins",5,366,464,98,4,3,1
"2020-21","12121","Michigan","Akienreh Johnson|Hailey Brown|Leigha Brown|Maddie Nolan|Naz Hillmon",5,366,464,98,3,4,-1
"2020-21","12121","Maryland","Alaysia Styles|Angel Reese|Ashley Owusu|Faith Masonius|Katie Benzan",5,464,510,46,0,2,-2
"2020-21","12121","Michigan","Akienreh Johnson|Emily Kiser|Leigha Brown|Maddie Nolan|Naz Hillmon",5,464,571,107,2,0,2
"2020-21","12121","Maryland","Alaysia Styles|Angel Reese|Diamond Miller|Faith Masonius|Katie Benzan",5,510,600,90,0,0,0
"2020-21","12121","Michigan","Akienreh Johnson|Amy Dilk|Emily Kiser|Maddie Nolan|Naz Hillmon",5,571,600,29,0,0,0
"2020-21","12121","Maryland","Ashley Owusu|Chloe Bibby|Diamond Miller|Faith Masonius|Mimi Collins",5,600,621,21,0,2,-2
"2020-21","12121","Michigan","Akienreh Johnson|Amy Dilk|Emily Kiser|Leigha Brown|Naz Hillmon",5,600,639,39,4,0,4
"2020-21","12121","Michigan","Akienreh Johnson|Amy Dilk|Emily Kiser|Hailey Brown|Leigha Brown",5,639,727,88,0,0,0
"2020-21","12121","Maryland","Ashley Owusu|Chloe Bibby|Diamond Miller|Katie Benzan|Mimi Collins",5,621,755,134,0,2,-2
"2020-21","12121","Michigan","Akienreh Johnson|Amy Dilk|Hailey Brown|Leigha Brown|Naz Hillmon",5,727,755,28,0,2,-2
"2020-21","12121","Maryland","Chloe Bibby|Diamond Miller|Faith Masonius|Katie Benzan|Mimi Collins",5,755,895,140,7,6,1
"2020-21","12121","Michigan","Akienreh Johnson|Hailey Brown|Leigha Brown|Maddie Nolan|Naz Hillmon",5,755,895,140,6,7,-1
"2020-21","12121","Michigan","Akienreh Johnson|Amy Dilk|Hailey Brown|Leigha Brown|Naz Hillmon",5,895,1038,143,0,4,-4
"2020-21","12121","Maryland","Alaysia Styles|Angel Reese|Ashley Owusu|Faith Masonius|Katie Benzan",5,895,1104,209,8,2,6
"2020-21","12121","Michigan","Akienreh Johnson|Hailey Brown|Leigha Brown|Michelle Sidor|Naz Hillmon",5,1038,1150,112,3,4,-1
"2020-21","12121","Maryland","Alaysia Styles|Ashley Owusu|Faith Masonius|Katie Benzan|Mimi Collins",5,1104,1150,46,2,1,1
"2020-21","12121","Michigan","Akienreh Johnson|Danielle Rauch|Hailey Brown|Michelle Sidor|Naz Hillmon",5,1150,1200,50,0,2,-2
"2020-21","12121","Maryland","Alaysia Styles|Chloe Bibby|Diamond Miller|Katie Benzan|Mimi Collins",5,1150,1200,50,2,0,2
"2020-21","12121","Maryland","Ashley Owusu|Chloe Bibby|Diamond Miller|Katie Benzan|Mimi Collins",5,1200,1376,176,10,10,0
"2020-21","12121","Michigan","Akienreh Johnson|Amy Dilk|Hailey Brown|Leigha Brown|Naz Hillmon",5,1200,1423,223,10,13,-3
"2020-21","12121","Michigan","Akienreh Johnson|Hailey Brown|Leigha Brown|Maddie Nolan|Naz Hillmon",5,1423,1481,58,4,2,2
"2020-21","12121","Maryland","Ashley Owusu|Diamond Miller|Faith Masonius|Katie Benzan|Mimi Collins",5,1376,1481,105,5,4,1
"2020-21","12121","Michigan","Akienreh Johnson|Amy Dilk|Hailey Brown|Maddie Nolan|Naz Hillmon",5,1481,1525,44,0,2,-2
"2020-21","12121","Michigan","Akienreh Johnson|Amy Dilk|Emily Kiser|Maddie Nolan|Naz Hillmon",5,1525,1542,17,0,0,0
"2020-21","12121","Maryland","Ashley Owusu|Chloe Bibby|Faith Masonius|Katie Benzan|Mimi Collins",5,1481,1599,118,2,2,0
"2020-21","12121","Michigan","Amy Dilk|Emily Kiser|Leigha Brown|Maddie Nolan|Naz Hillmon",5,1542,1708,166,2,2,0
"2020-21","12121","Maryland","Ashley Owusu|Chloe Bibby|Diamond Miller|Faith Masonius|Mimi Collins",5,1599,1708,109,2,0,2
"2020-21","12121","Michigan","Amy Dilk|Hailey Brown|Leigha Brown|Maddie Nolan|Whitney Sollom",5,1708,1752,44,0,3,-3
"2020-21","12121","Maryland","Alaysia Styles|Angel Reese|Chloe Bibby|Diamond Miller|Katie Benzan",5,1708,1924,216,9,5,4
"2020-21","12121","Maryland","Alaysia Styles|Chloe Bibby|Diamond Miller|Katie Benzan|Mimi Collins",5,1924,1974,50,2,2,0
"2020-21","12121","Michigan","Akienreh Johnson|Hailey Brown|Leigha Brown|Maddie Nolan|Naz Hillmon",5,1752,1974,222,8,8,0
"2020-21","12121","Maryland","Alaysia Styles|Diamond Miller|Faith Masonius|Katie Benzan|Mimi Collins",5,1974,2006,32,0,1,-1
"2020-21","12121","Michigan","Akienreh Johnson|Amy Dilk|Hailey Brown|Leigha Brown|Naz Hillmon",5,1974,2006,32,0,0,0
"2020-21","12121","Maryland","Alaysia Styles|Ashley Owusu|Faith Masonius|Mimi Collins|Taisiya Kozlova",5,2006,2052,46,0,3,-3
"2020-21","12121","Michigan","Akienreh Johnson|Amy Dilk|Danielle Rauch|Hailey Brown|Naz Hillmon",5,2006,2120,114,5,3,2
"2020-21","12121","Maryland","Alaysia Styles|Angel Reese|Ashley Owusu|Faith Masonius|Taisiya Kozlova",5,2052,2120,68,4,2,2
"2020-21","12121","Michigan","Akienreh Johnson|Amy Dilk|Danielle Rauch|Emily Kiser|Whitney Sollom",5,2120,2131,11,0,1,-1
"2020-21","12121","Michigan","Akienreh Johnson|Amy Dilk|Emily Kiser|Michelle Sidor|Whitney Sollom",5,2131,2207,76,2,2,0
"2020-21","12121","Michigan","Akienreh Johnson|Amy Dilk|Emily Kiser|Michelle Sidor|Naz Hillmon",5,2207,2316,109,4,4,0
"2020-21","12121","Michigan","Akienreh Johnson|Amy Dilk|Cameron Williams|Michelle Sidor|Naz Hillmon",5,2316,2400,84,2,2,0
"2020-21","12121","Maryland","Alaysia Styles|Angel Reese|Faith Masonius|Taisiya Kozlova|Zoe Young",5,2120,2400,280,8,8,0
"2020-21","12122","Maryland","Ashley Owusu|Chloe Bibby|Diamond Miller|Katie Benzan|Mimi Collins",5,0,151,151,3,5,-2
"2020-21","12122","Michigan St.","Alisia Smith|Alyza Winston|Janai Crooms|Julia Ayrault|Nia Clouden",5,0,204,204,7,6,1
"2020-21","12122","Maryland","Chloe Bibby|Diamond Miller|Faith Masonius|Katie Benzan|Mimi Collins",5,151,264,113,3,2,1
"2020-21","12122","Michigan St.","Alisia Smith|Janai Crooms|Julia Ayrault|Moira Joiner|Nia Clouden",5,204,264,60,0,0,0
"2020-21","12122","Michigan St.","Alyza Winston|Julia Ayrault|Moira Joiner|Nia Clouden|Taiyier Parks",5,264,358,94,0,7,-7
"2020-21","12122","Maryland","Alaysia Styles|Chloe Bibby|Diamond Miller|Faith Masonius|Katie Benzan",5,264,358,94,9,0,9
"2020-21","12122","Maryland","Alaysia Styles|Diamond Miller|Faith Masonius|Katie Benzan|Mimi Collins",5,358,457,99,7,2,5
"2020-21","12122","Michigan St.","Alyza Winston|Mardrekia Cook|Moira Joiner|Nia Clouden|Taiyier Parks",5,358,457,99,2,9,-7
"2020-21","12122","Maryland","Alaysia Styles|Chloe Bibby|Faith Masonius|Katie Benzan|Mimi Collins",5,457,520,63,2,0,2
"2020-21","12122","Michigan St.","Alyza Winston|Janai Crooms|Mardrekia Cook|Nia Clouden|Taiyier Parks",5,457,520,63,0,2,-2
"2020-21","12122","Michigan St.","Alyza Winston|Janai Crooms|Mardrekia Cook|Moira Joiner|Taiyier Parks",5,520,570,50,6,2,4
"2020-21","12122","Michigan St.","Alisia Smith|Alyza Winston|Janai Crooms|Mardrekia Cook|Moira Joiner",5,570,665,95,0,6,-6
"2020-21","12122","Michigan St.","Alisia Smith|Alyza Winston|Janai Crooms|Mardrekia Cook|Nia Clouden",5,665,676,11,0,0,0
"2020-21","12122","Maryland","Ashley Owusu|Chloe Bibby|Diamond Miller|Katie Benzan|Mimi Collins",5,520,766,246,13,7,6
"2020-21","12122","Michigan St.","Alisia Smith|Alyza Winston|Janai Crooms|Julia Ayrault|Nia Clouden",5,676,838,162,1,5,-4
"2020-21","12122","Maryland","Ashley Owusu|Chloe Bibby|Diamond Miller|Mimi Collins|Taisiya Kozlova",5,766,894,128,0,0,0
"2020-21","12122","Michigan St.","Alisia Smith|Alyza Winston|Julia Ayrault|Moira Joiner|Nia Clouden",5,838,894,56,0,0,0
"2020-21","12122","Maryland","Ashley Owusu|Chloe Bibby|Diamond Miller|Faith Masonius|Taisiya Kozlova",5,894,949,55,6,2,4
"2020-21","12122","Maryland","Ashley Owusu|Chloe Bibby|Faith Masonius|Katie Benzan|Taisiya Kozlova",5,949,1054,105,3,6,-3
"2020-21","12122","Michigan St.","Jayla James|Julia Ayrault|Moira Joiner|Nia Clouden|Taiyier Parks",5,894,1054,160,8,9,-1
"2020-21","12122","Maryland","Chloe Bibby|Faith Masonius|Katie Benzan|Mimi Collins|Taisiya Kozlova",5,1054,1148,94,2,2,0
"2020-21","12122","Michigan St.","Julia Ayrault|Mardrekia Cook|Moira Joiner|Nia Clouden|Taiyier Parks",5,1054,1148,94,2,2,0
"2020-21","12122","Maryland","Chloe Bibby|Faith Masonius|Katie Benzan|Taisiya Kozlova|Zoe Young",5,1148,1200,52,2,4,-2
"2020-21","12122","Michigan St.","Alisia Smith|Janai Crooms|Julia Ayrault|Mardrekia Cook|Nia Clouden",5,1148,1200,52,4,2,2
"2020-21","12122","Maryland","Ashley Owusu|Chloe Bibby|Diamond Miller|Katie Benzan|Mimi Collins",5,1200,1331,131,4,0,4
"2020-21","12122","Michigan St.","Alisia Smith|Janai Crooms|Julia Ayrault|Moira Joiner|Nia Clouden",5,1200,1438,238,4,12,-8
"2020-21","12122","Maryland","Ashley Owusu|Chloe Bibby|Faith Masonius|Katie Benzan|Mimi Collins",5,1331,1459,128,8,4,4
"2020-21","12122","Maryland","Alaysia Styles|Ashley Owusu|Faith Masonius|Katie Benzan|Mimi Collins",5,1459,1516,57,2,4,-2
"2020-21","12122","Michigan St.","Alyza Winston|Kendall Bostic|Mardrekia Cook|Moira Joiner|Nia Clouden",5,1438,1557,119,5,2,3
"2020-21","12122","Michigan St.","Janai Crooms|Kendall Bostic|Mardrekia Cook|Moira Joiner|Nia Clouden",5,1557,1664,107,1,3,-2
"2020-21","12122","Maryland","Alaysia Styles|Ashley Owusu|Chloe Bibby|Faith Masonius|Katie Benzan",5,1516,1718,202,6,5,1
"2020-21","12122","Maryland","Alaysia Styles|Ashley Owusu|Chloe Bibby|Diamond Miller|Faith Masonius",5,1718,1755,37,4,0,4
"2020-21","12122","Michigan St.","Janai Crooms|Jayla James|Julia Ayrault|Kendall Bostic|Nia Clouden",5,1664,1755,91,3,7,-4
"2020-21","12122","Michigan St.","Alyza Winston|Janai Crooms|Julia Ayrault|Kendall Bostic|Nia Clouden",5,1755,1848,93,0,3,-3
"2020-21","12122","Maryland","Alaysia Styles|Ashley Owusu|Diamond Miller|Faith Masonius|Taisiya Kozlova",5,1755,1945,190,12,5,7
"2020-21","12122","Michigan St.","Alisia Smith|Alyza Winston|Janai Crooms|Mardrekia Cook|Nia Clouden",5,1848,1945,97,5,9,-4
"2020-21","12122","Michigan St.","Alisia Smith|Alyza Winston|Janai Crooms|Kendall Bostic|Nia Clouden",5,1945,1974,29,0,0,0
"2020-21","12122","Maryland","Ashley Owusu|Diamond Miller|Mimi Collins|Taisiya Kozlova|Zoe Young",5,1945,2017,72,2,0,2
"2020-21","12122","Maryland","Ashley Owusu|Mimi Collins|Taisiya Kozlova|Zoe Young",4,2017,2026,9,0,0,0
"2020-21","12122","Maryland","Faith Masonius|Mimi Collins|Taisiya Kozlova|Zoe Young",4,2026,2034,8,0,0,0
"2020-21","12122","Michigan St.","Alisia Smith|Janai Crooms|Kendall Bostic|Moira Joiner|Nia Clouden",5,1974,2034,60,0,2,-2
"2020-21","12122","Maryland","Diamond Miller|Faith Masonius|Mimi Collins|Taisiya Kozlova|Zoe Young",5,2034,2146,112,2,0,2
"2020-21","12122","Michigan St.","Janai Crooms|Kendall Bostic|Laurel Jacqmain|Moira Joiner|Taiyier Parks",5,2034,2146,112,0,2,-2
"2020-21","12122","Michigan St.","Janai Crooms|Jayla James|Kendall Bostic|Laurel Jacqmain|Taiyier Parks",5,2146,2194,48,0,0,0
"2020-21","12122","Maryland","Alaysia Styles|Faith Masonius|Mimi Collins|Taisiya Kozlova|Zoe Young",5,2146,2400,254,2,4,-2
"2020-21","12122","Michigan St.","Jayla James|Kendall Bostic|Laurel Jacqmain|Moira Joiner|Taiyier Parks",5,2194,2400,206,4,2,2
"2020-21","12123","Maryland","Ashley Owusu|Chloe Bibby|Diamond Miller|Katie Benzan|Mimi Collins",5,0,296,296,16,6,10
"2020-21","12123","Nebraska","Ashley Scoggin|Isabelle Bourne|Kate Cain|Ruby Porter|Sam Haiby",5,0,347,347,9,18,-9
"2020-21","12123","Nebraska","Bella Cravens|Kate Cain|Mi'Cole Cayton|Ruby Porter|Sam Haiby",5,347,432,85,2,2,0
"2020-21","12123","Maryland","Ashley Owusu|Chloe Bibby|Diamond Miller|Faith Masonius|Katie Benzan",5,296,432,136,4,5,-1
"2020-21","12123","Nebraska","Annika Stewart|Bella Cravens|Mi'Cole Cayton|Ruby Porter|Sam Haiby",5,432,499,67,0,2,-2
"2020-21","12123","Maryland","Alaysia Styles|Ashley Owusu|Diamond Miller|Faith Masonius|Katie Benzan",5,432,499,67,2,0,2
"2020-21","12123","Nebraska","Annika Stewart|Ashley Scoggin|Bella Cravens|Isabelle Bourne|Sam Haiby",5,499,575,76,5,5,0
"2020-21","12123","Maryland","Alaysia Styles|Ashley Owusu|Chloe Bibby|Faith Masonius|Katie Benzan",5,499,600,101,5,5,0
"2020-21","12123","Nebraska","Annika Stewart|Ashley Scoggin|Bella Cravens|Sam Haiby|Whitney Brown",5,575,652,77,0,3,-3
"2020-21","12123","Nebraska","Isabelle Bourne|Kate Cain|Ruby Porter|Sam Haiby|Whitney Brown",5,652,780,128,5,7,-2
"2020-21","12123","Nebraska","Isabelle Bourne|Kate Cain|Mi'Cole Cayton|Ruby Porter|Sam Haiby",5,780,859,79,2,3,-1
"2020-21","12123","Maryland","Ashley Owusu|Chloe Bibby|Diamond Miller|Katie Benzan|Mimi Collins",5,600,859,259,13,7,6
"2020-21","12123","Nebraska","Bella Cravens|Kate Cain|Mi'Cole Cayton|Ruby Porter|Sam Haiby",5,859,1045,186,6,8,-2
"2020-21","12123","Maryland","Ashley Owusu|Chloe Bibby|Diamond Miller|Faith Masonius|Mimi Collins",5,859,1045,186,8,6,2
"2020-21","12123","Nebraska","Ashley Scoggin|Bella Cravens|Kate Cain|Kendall Coley|Sam Haiby",5,1045,1089,44,1,3,-2
"2020-21","12123","Nebraska","Bella Cravens|Kate Cain|Kendall Coley|Sam Haiby|Whitney Brown",5,1089,1200,111,3,0,3
"2020-21","12123","Maryland","Chloe Bibby|Faith Masonius|Katie Benzan|Mimi Collins|Zoe Young",5,1045,1200,155,3,4,-1
"2020-21","12123","Maryland","Ashley Owusu|Chloe Bibby|Diamond Miller|Katie Benzan|Mimi Collins",5,1200,1423,223,5,11,-6
"2020-21","12123","Nebraska","Ashley Scoggin|Isabelle Bourne|Kate Cain|Ruby Porter|Sam Haiby",5,1200,1510,310,13,7,6
"2020-21","12123","Nebraska","Ashley Scoggin|Bella Cravens|Kate Cain|Ruby Porter|Whitney Brown",5,1510,1589,79,2,4,-2
"2020-21","12123","Maryland","Ashley Owusu|Diamond Miller|Faith Masonius|Katie Benzan|Mimi Collins",5,1423,1589,166,6,4,2
"2020-21","12123","Nebraska","Annika Stewart|Isabelle Bourne|Mi'Cole Cayton|Sam Haiby|Whitney Brown",5,1589,1727,138,0,11,-11
"2020-21","12123","Maryland","Ashley Owusu|Chloe Bibby|Diamond Miller|Faith Masonius|Mimi Collins",5,1589,1727,138,11,0,11
"2020-21","12123","Nebraska","Annika Stewart|Isabelle Bourne|Mi'Cole Cayton|Ruby Porter|Whitney Brown",5,1727,1805,78,2,4,-2
"2020-21","12123","Maryland","Alaysia Styles|Ashley Owusu|Chloe Bibby|Faith Masonius|Zoe Young",5,1727,1908,181,6,6,0
"2020-21","12123","Nebraska","Isabelle Bourne|Kate Cain|Kendall Coley|Ruby Porter|Sam Haiby",5,1805,1959,154,8,2,6
"2020-21","12123","Maryland","Alaysia Styles|Ashley Owusu|Chloe Bibby|Mimi Collins|Zoe Young",5,1908,1959,51,0,4,-4
"2020-21","12123","Maryland","Alaysia Styles|Ashley Owusu|Diamond Miller|Mimi Collins|Zoe Young",5,1959,1972,13,0,0,0
"2020-21","12123","Nebraska","Bella Cravens|Isabelle Bourne|Kendall Coley|Ruby Porter|Sam Haiby",5,1959,2062,103,3,2,1
"2020-21","12123","Nebraska","Annika Stewart|Isabelle Bourne|Kendall Coley|Ruby Porter|Sam Haiby",5,2062,2091,29,0,1,-1
"2020-21","12123","Maryland","Alaysia Styles|Ashley Owusu|Diamond Miller|Katie Benzan|Mimi Collins",5,1972,2126,154,3,3,0
"2020-21","12123","Nebraska","Annika Stewart|Ashley Scoggin|Isabelle Bourne|Kendall Coley|Ruby Porter",5,2091,2221,130,4,2,2
"2020-21","12123","Maryland","Alaysia Styles|Diamond Miller|Katie Benzan|Mimi Collins|Taisiya Kozlova",5,2126,2286,160,8,6,2
"2020-21","12123","Nebraska","Annika Stewart|Ashley Scoggin|Kate Cain|Ruby Porter|Whitney Brown",5,2221,2339,118,5,9,-4
"2020-21","12123","Nebraska","Annika Stewart|Ashley Scoggin|Kate Cain|Mi'Cole Cayton|Whitney Brown",5,2339,2400,61,3,2,1
"2020-21","12123","Maryland","Alaysia Styles|Katie Benzan|Mimi Collins|Taisiya Kozlova|Zoe Young",5,2286,2400,114,5,6,-1
"2020-21","12124","Maryland","Ashley Owusu|Chloe Bibby|Diamond Miller|Katie Benzan|Mimi Collins",5,0,243,243,10,2,8
"2020-21","12124","Illinois","Aaliyah Nye|Eva Rubin|Jada Peebles|Jeanae Terry|Kennedi Myles",5,0,305,305,2,17,-15
"2020-21","12124","Maryland","Ashley Owusu|Chloe Bibby|Faith Masonius|Katie Benzan|Mimi Collins",5,243,353,110,10,0,10
"2020-21","12124","Maryland","Ashley Owusu|Diamond Miller|Faith Masonius|Katie Benzan|Mimi Collins",5,353,361,8,0,2,-2
"2020-21","12124","Maryland","Ashley Owusu|Chloe Bibby|Diamond Miller|Faith Masonius|Mimi Collins",5,361,383,22,0,1,-1
"2020-21","12124","Maryland","Alaysia Styles|Ashley Owusu|Chloe Bibby|Diamond Miller|Faith Masonius",5,383,482,99,5,2,3
"2020-21","12124","Illinois","Aaliyah Nye|Erika Porter|Jada Peebles|Jeanae Terry|Solape Amusan",5,305,482,177,5,8,-3
"2020-21","12124","Illinois","Aaliyah McQueen|Erika Porter|Jada Peebles|Jeanae Terry|Solape Amusan",5,482,488,6,2,2,0
"2020-21","12124","Maryland","Alaysia Styles|Chloe Bibby|Diamond Miller|Faith Masonius|Katie Benzan",5,482,488,6,2,2,0
"2020-21","12124","Illinois","Aaliyah McQueen|Erika Porter|Jada Peebles|Jeanae Terry|Kennedi Myles",5,488,575,87,2,0,2
"2020-21","12124","Maryland","Alaysia Styles|Chloe Bibby|Diamond Miller|Katie Benzan|Mimi Collins",5,488,595,107,0,2,-2
"2020-21","12124","Illinois","Aaliyah McQueen|Eva Rubin|Jada Peebles|Jeanae Terry|Kennedi Myles",5,575,632,57,0,4,-4
"2020-21","12124","Maryland","Ashley Owusu|Chloe Bibby|Diamond Miller|Katie Benzan|Mimi Collins",5,595,720,125,10,2,8
"2020-21","12124","Maryland","Ashley Owusu|Chloe Bibby|Katie Benzan|Mimi Collins|Taisiya Kozlova",5,720,757,37,0,1,-1
"2020-21","12124","Illinois","Aaliyah McQueen|Eva Rubin|J-Naya Ephraim|Jada Peebles|Kennedi Myles",5,632,757,125,3,6,-3
"2020-21","12124","Maryland","Alaysia Styles|Ashley Owusu|Katie Benzan|Mimi Collins|Taisiya Kozlova",5,757,901,144,6,6,0
"2020-21","12124","Illinois","Aaliyah McQueen|Eva Rubin|Geovana Lopes|J-Naya Ephraim|Jada Peebles",5,757,901,144,6,6,0
"2020-21","12124","Maryland","Alaysia Styles|Chloe Bibby|Diamond Miller|Katie Benzan|Zoe Young",5,901,976,75,2,0,2
"2020-21","12124","Illinois","Aaliyah McQueen|Aaliyah Nye|Geovana Lopes|J-Naya Ephraim|Jeanae Terry",5,901,976,75,0,2,-2
"2020-21","12124","Maryland","Alaysia Styles|Ashley Owusu|Chloe Bibby|Katie Benzan|Zoe Young",5,976,1077,101,5,10,-5
"2020-21","12124","Maryland","Alaysia Styles|Ashley Owusu|Chloe Bibby|Katie Benzan|Mimi Collins",5,1077,1139,62,4,0,4
"2020-21","12124","Maryland","Ashley Owusu|Chloe Bibby|Katie Benzan|Mimi Collins|Taisiya Kozlova",5,1139,1216,77,0,3,-3
"2020-21","12124","Illinois","Aaliyah Nye|Geovana Lopes|J-Naya Ephraim|Jada Peebles|Jeanae Terry",5,976,1216,240,13,9,4
"2020-21","12124","Illinois","Aaliyah Nye|Eva Rubin|Jada Peebles|Jeanae Terry|Kennedi Myles",5,1216,1379,163,6,10,-4
"2020-21","12124","Illinois","Aaliyah Nye|Geovana Lopes|Jada Peebles|Jeanae Terry|Kennedi Myles",5,1379,1405,26,0,0,0
"2020-21","12124","Maryland","Ashley Owusu|Chloe Bibby|Diamond Miller|Katie Benzan|Mimi Collins",5,1216,1530,314,15,8,7
"2020-21","12124","Illinois","Aaliyah Nye|Geovana Lopes|J-Naya Ephraim|Jada Peebles|Jeanae Terry",5,1405,1530,125,2,5,-3
"2020-21","12124","Maryland","Alaysia Styles|Ashley Owusu|Chloe Bibby|Faith Masonius|Katie Benzan",5,1530,1675,145,8,5,3
"2020-21","12124","Illinois","Aaliyah McQueen|Aaliyah Nye|Geovana Lopes|J-Naya Ephraim|Jada Peebles",5,1530,1757,227,7,8,-1
"2020-21","12124","Maryland","Alaysia Styles|Ashley Owusu|Diamond Miller|Faith Masonius|Taisiya Kozlova",5,1675,1800,125,0,4,-4
"2020-21","12124","Illinois","Erika Porter|J-Naya Ephraim|Jada Peebles|Jeanae Terry|Lyric Robins",5,1757,1919,162,2,4,-2
"2020-21","12124","Illinois","Aaliyah Nye|J-Naya Ephraim|Jeanae Terry|Kennedi Myles|Lyric Robins",5,1919,1940,21,0,0,0
"2020-21","12124","Maryland","Ashley Owusu|Chloe Bibby|Diamond Miller|Mimi Collins|Taisiya Kozlova",5,1800,1978,178,8,3,5
"2020-21","12124","Illinois","Aaliyah Nye|Erika Porter|J-Naya Ephraim|Kennedi Myles|Lyric Robins",5,1940,2008,68,3,6,-3
"2020-21","12124","Illinois","Aaliyah Nye|J-Naya Ephraim|Kennedi Myles|Lyric Robins|Nancy Panagiotopoulou",5,2008,2035,27,0,2,-2
"2020-21","12124","Maryland","Diamond Miller|Faith Masonius|Katie Benzan|Mimi Collins|Zoe Young",5,1978,2101,123,7,2,5
"2020-21","12124","Maryland","Alaysia Styles|Diamond Miller|Faith Masonius|Katie Benzan|Taisiya Kozlova",5,2101,2210,109,4,2,2
"2020-21","12124","Illinois","Aaliyah Nye|Jada Peebles|Kennedi Myles|Lyric Robins|Nancy Panagiotopoulou",5,2035,2210,175,4,7,-3
"2020-21","12124","Illinois","Aaliyah Nye|Jada Peebles|Lyric Robins|Nancy Panagiotopoulou|Solape Amusan",5,2210,2316,106,1,3,-2
"2020-21","12124","Maryland","Alaysia Styles|Diamond Miller|Faith Masonius|Taisiya Kozlova|Zoe Young",5,2210,2400,190,7,1,6
"2020-21","12124","Illinois","Jada Peebles|Lyric Robins|Nancy Panagiotopoulou|Solape Amusan|Tara O'Malley",5,2316,2400,84,0,4,-4
"2020-21","12125","Minnesota","Alexia Smith|Gadiva Hubbard|Jasmine Powell|Kadiatou Sissoko|Kayla Mershon",5,0,317,317,7,15,-8
"2020-21","12125","Minnesota","Alexia Smith|Caroline Strande|Jasmine Powell|Kadiatou Sissoko|Kayla Mershon",5,317,370,53,0,1,-1
"2020-21","12125","Maryland","Ashley Owusu|Chloe Bibby|Diamond Miller|Katie Benzan|Mimi Collins",5,0,452,452,20,11,9
"2020-21","12125","Minnesota","Alexia Smith|Caroline Strande|Jasmine Powell|Kadiatou Sissoko|Klarke Sconiers",5,370,452,82,4,4,0
"2020-21","12125","Maryland","Ashley Owusu|Diamond Miller|Faith Masonius|Katie Benzan|Mimi Collins",5,452,503,51,0,0,0
"2020-21","12125","Minnesota","Alexia Smith|Caroline Strande|Kadiatou Sissoko|Katie Borowicz|Klarke Sconiers",5,452,503,51,0,0,0
"2020-21","12125","Maryland","Alaysia Styles|Ashley Owusu|Chloe Bibby|Faith Masonius|Katie Benzan",5,503,600,97,4,0,4
"2020-21","12125","Minnesota","Alexia Smith|Caroline Strande|Katie Borowicz|Klarke Sconiers|Laura Bagwell Katalinich",5,503,600,97,0,4,-4
"2020-21","12125","Maryland","Alaysia Styles|Chloe Bibby|Diamond Miller|Faith Masonius|Katie Benzan",5,600,786,186,7,0,7
"2020-21","12125","Maryland","Ashley Owusu|Chloe Bibby|Diamond Miller|Katie Benzan|Mimi Collins",5,786,849,63,2,6,-4
"2020-21","12125","Minnesota","Alexia Smith|Gadiva Hubbard|Jasmine Powell|Kadiatou Sissoko|Kayla Mershon",5,600,940,340,9,13,-4
"2020-21","12125","Minnesota","Alexia Smith|Jasmine Powell|Kadiatou Sissoko|Kayla Mershon|Laura Bagwell Katalinich",5,940,943,3,0,0,0
"2020-21","12125","Minnesota","Alexia Smith|Jasmine Powell|Kadiatou Sissoko|Klarke Sconiers|Laura Bagwell Katalinich",5,943,964,21,0,3,-3
"2020-21","12125","Maryland","Ashley Owusu|Chloe Bibby|Diamond Miller|Faith Masonius|Mimi Collins",5,849,992,143,7,3,4
"2020-21","12125","Maryland","Alaysia Styles|Ashley Owusu|Diamond Miller|Faith Masonius|Katie Benzan",5,992,1135,143,3,3,0
"2020-21","12125","Minnesota","Alexia Smith|Kadiatou Sissoko|Katie Borowicz|Klarke Sconiers|Laura Bagwell Katalinich",5,964,1135,171,3,3,0
"2020-21","12125","Maryland","Ashley Owusu|Chloe Bibby|Diamond Miller|Faith Masonius|Katie Benzan",5,1135,1150,15,4,0,4
"2020-21","12125","Maryland","Chloe Bibby|Diamond Miller|Faith Masonius|Katie Benzan|Taisiya Kozlova",5,1150,1200,50,2,2,0
"2020-21","12125","Minnesota","Alexia Smith|Caroline Strande|Gadiva Hubbard|Klarke Sconiers|Laura Bagwell Katalinich",5,1135,1200,65,2,6,-4
"2020-21","12125","Maryland","Ashley Owusu|Chloe Bibby|Diamond Miller|Katie Benzan|Mimi Collins",5,1200,1305,105,4,4,0
"2020-21","12125","Maryland","Ashley Owusu|Chloe Bibby|Faith Masonius|Katie Benzan|Mimi Collins",5,1305,1434,129,6,2,4
"2020-21","12125","Minnesota","Alexia Smith|Gadiva Hubbard|Kadiatou Sissoko|Kayla Mershon|Laura Bagwell Katalinich",5,1200,1434,234,6,10,-4
"2020-21","12125","Maryland","Ashley Owusu|Diamond Miller|Faith Masonius|Katie Benzan|Mimi Collins",5,1434,1450,16,0,2,-2
"2020-21","12125","Minnesota","Alexia Smith|Gadiva Hubbard|Kadiatou Sissoko|Klarke Sconiers|Laura Bagwell Katalinich",5,1434,1494,60,2,2,0
"2020-21","12125","Maryland","Alaysia Styles|Ashley Owusu|Diamond Miller|Faith Masonius|Katie Benzan",5,1450,1545,95,4,0,4
"2020-21","12125","Maryland","Alaysia Styles|Chloe Bibby|Diamond Miller|Faith Masonius|Katie Benzan",5,1545,1617,72,3,2,1
"2020-21","12125","Minnesota","Alexia Smith|Caroline Strande|Kadiatou Sissoko|Klarke Sconiers|Laura Bagwell Katalinich",5,1494,1698,204,3,6,-3
"2020-21","12125","Maryland","Alaysia Styles|Chloe Bibby|Faith Masonius|Katie Benzan|Taisiya Kozlova",5,1617,1802,185,4,5,-1
"2020-21","12125","Minnesota","Alexia Smith|Caroline Strande|Grace Cumming|Kadiatou Sissoko|Laura Bagwell Katalinich",5,1698,1932,234,7,8,-1
"2020-21","12125","Maryland","Alaysia Styles|Ashley Owusu|Chloe Bibby|Faith Masonius|Zoe Young",5,1802,1963,161,5,5,0
"2020-21","12125","Minnesota","Alexia Smith|Caroline Strande|Gadiva Hubbard|Grace Cumming|Kadiatou Sissoko",5,1932,1963,31,2,0,2
"2020-21","12125","Maryland","Alaysia Styles|Ashley Owusu|Chloe Bibby|Katie Benzan|Zoe Young",5,1963,2005,42,0,5,-5
"2020-21","12125","Minnesota","Caroline Strande|Gadiva Hubbard|Grace Cumming|Kadiatou Sissoko|Katie Borowicz",5,1963,2060,97,8,3,5
"2020-21","12125","Maryland","Alaysia Styles|Ashley Owusu|Diamond Miller|Katie Benzan|Taisiya Kozlova",5,2005,2082,77,3,3,0
"2020-21","12125","Maryland","Ashley Owusu|Diamond Miller|Faith Masonius|Katie Benzan|Taisiya Kozlova",5,2082,2179,97,7,2,5
"2020-21","12125","Minnesota","Caroline Strande|Erin Hedman|Gadiva Hubbard|Grace Cumming|Katie Borowicz",5,2060,2179,119,2,7,-5
"2020-21","12125","Maryland","Alaysia Styles|Ashley Owusu|Faith Masonius|Katie Benzan|Taisiya Kozlova",5,2179,2239,60,3,0,3
"2020-21","12125","Maryland","Alaysia Styles|Ashley Owusu|Faith Masonius|Taisiya Kozlova|Zoe Young",5,2239,2400,161,6,7,-1
"2020-21","12125","Minnesota","Alexia Smith|Caroline Strande|Erin Hedman|Grace Cumming|Katie Borowicz",5,2179,2400,221,7,9,-2
"2020-21","12127","Northwestern","Brooke Pikiell|Jordan Hamilton|Lauryn Satterwhite|Lindsey Pulliam|Paige Mott",5,0,92,92,0,4,-4
"2020-21","12127","Maryland","Ashley Owusu|Chloe Bibby|Diamond Miller|Katie Benzan|Mimi Collins",5,0,112,112,4,0,4
"2020-21","12127","Maryland","Ashley Owusu|Chloe Bibby|Faith Masonius|Katie Benzan|Mimi Collins",5,112,253,141,4,2,2
"2020-21","12127","Northwestern","Jordan Hamilton|Lindsey Pulliam|Paige Mott|Sydney Wood|Veronica Burton",5,92,322,230,6,4,2
"2020-21","12127","Maryland","Angel Reese|Ashley Owusu|Faith Masonius|Katie Benzan|Mimi Collins",5,253,523,270,6,6,0
"2020-21","12127","Northwestern","Anna Morris|Jordan Hamilton|Lindsey Pulliam|Sydney Wood|Veronica Burton",5,322,523,201,2,6,-4
"2020-21","12127","Northwestern","Jordan Hamilton|Lindsey Pulliam|Paige Mott|Sydney Wood|Veronica Burton",5,523,600,77,4,2,2
"2020-21","12127","Maryland","Ashley Owusu|Chloe Bibby|Faith Masonius|Katie Benzan|Mimi Collins",5,523,600,77,2,4,-2
"2020-21","12127","Maryland","Ashley Owusu|Chloe Bibby|Diamond Miller|Faith Masonius|Katie Benzan",5,600,657,57,0,0,0
"2020-21","12127","Northwestern","Lauryn Satterwhite|Lindsey Pulliam|Paige Mott|Sydney Wood|Veronica Burton",5,600,731,131,0,2,-2
"2020-21","12127","Maryland","Ashley Owusu|Diamond Miller|Faith Masonius|Katie Benzan|Mimi Collins",5,657,816,159,2,0,2
"2020-21","12127","Northwestern","Jordan Hamilton|Lindsey Pulliam|Paige Mott|Sydney Wood|Veronica Burton",5,731,865,134,2,0,2
"2020-21","12127","Maryland","Ashley Owusu|Chloe Bibby|Diamond Miller|Katie Benzan|Mimi Collins",5,816,865,49,0,2,-2
"2020-21","12127","Northwestern","Jasmine McWilliams|Jordan Hamilton|Paige Mott|Sydney Wood|Veronica Burton",5,865,925,60,2,2,0
"2020-21","12127","Maryland","Angel Reese|Chloe Bibby|Diamond Miller|Katie Benzan|Mimi Collins",5,865,925,60,2,2,0
"2020-21","12127","Northwestern","Jordan Hamilton|Lindsey Pulliam|Paige Mott|Sydney Wood|Veronica Burton",5,925,1022,97,2,4,-2
"2020-21","12127","Maryland","Angel Reese|Ashley Owusu|Chloe Bibby|Diamond Miller|Mimi Collins",5,925,1022,97,4,2,2
"2020-21","12127","Maryland","Angel Reese|Ashley Owusu|Diamond Miller|Faith Masonius|Mimi Collins",5,1022,1102,80,4,3,1
"2020-21","12127","Northwestern","Anna Morris|Jordan Hamilton|Lindsey Pulliam|Sydney Wood|Veronica Burton",5,1022,1200,178,9,6,3
"2020-21","12127","Maryland","Angel Reese|Ashley Owusu|Diamond Miller|Faith Masonius|Katie Benzan",5,1102,1200,98,2,6,-4
"2020-21","12127","Northwestern","Jordan Hamilton|Lindsey Pulliam|Paige Mott|Sydney Wood|Veronica Burton",5,1200,1329,129,2,2,0
"2020-21","12127","Maryland","Ashley Owusu|Chloe Bibby|Diamond Miller|Katie Benzan|Mimi Collins",5,1200,1342,142,2,4,-2
"2020-21","12127","Northwestern","Jordan Hamilton|Lauryn Satterwhite|Lindsey Pulliam|Paige Mott|Veronica Burton",5,1329,1492,163,4,6,-2
"2020-21","12127","Maryland","Ashley Owusu|Chloe Bibby|Diamond Miller|Faith Masonius|Mimi Collins",5,1342,1492,150,6,2,4
"2020-21","12127","Northwestern","Anna Morris|Jordan Hamilton|Lauryn Satterwhite|Lindsey Pulliam|Veronica Burton",5,1492,1532,40,1,0,1
"2020-21","12127","Maryland","Alaysia Styles|Ashley Owusu|Chloe Bibby|Faith Masonius|Katie Benzan",5,1492,1532,40,0,1,-1
"2020-21","12127","Northwestern","Anna Morris|Jordan Hamilton|Lauryn Satterwhite|Lindsey Pulliam|Sydney Wood",5,1532,1624,92,3,4,-1
"2020-21","12127","Northwestern","Anna Morris|Jordan Hamilton|Lindsey Pulliam|Sydney Wood|Veronica Burton",5,1624,1657,33,0,3,-3
"2020-21","12127","Maryland","Ashley Owusu|Diamond Miller|Faith Masonius|Katie Benzan|Mimi Collins",5,1532,1657,125,7,3,4
"2020-21","12127","Maryland","Ashley Owusu|Chloe Bibby|Diamond Miller|Katie Benzan|Mimi Collins",5,1657,1721,64,0,0,0
"2020-21","12127","Maryland","Angel Reese|Ashley Owusu|Chloe Bibby|Diamond Miller|Katie Benzan",5,1721,1869,148,2,0,2
"2020-21","12127","Northwestern","Jordan Hamilton|Lindsey Pulliam|Paige Mott|Sydney Wood|Veronica Burton",5,1657,1904,247,2,2,0
"2020-21","12127","Maryland","Ashley Owusu|Chloe Bibby|Diamond Miller|Faith Masonius|Mimi Collins",5,1869,2027,158,2,4,-2
"2020-21","12127","Northwestern","Anna Morris|Jordan Hamilton|Lindsey Pulliam|Sydney Wood|Veronica Burton",5,1904,2331,427,8,11,-3
"2020-21","12127","Northwestern","Anna Morris|Jordan Hamilton|Lauryn Satterwhite|Lindsey Pulliam|Veronica Burton",5,2331,2357,26,0,0,0
"2020-21","12127","Maryland","Ashley Owusu|Chloe Bibby|Diamond Miller|Katie Benzan|Mimi Collins",5,2027,2363,336,9,6,3
"2020-21","12127","Northwestern","Jordan Hamilton|Kaylah Rainey|Lauryn Satterwhite|Lindsey Pulliam|Veronica Burton",5,2357,2365,8,0,2,-2
"2020-21","12127","Maryland","Alaysia Styles|Ashley Owusu|Diamond Miller|Katie Benzan|Mimi Collins",5,2363,2365,2,2,0,2
"2020-21","12127","Maryland","Alaysia Styles|Ashley Owusu|Diamond Miller|Faith Masonius|Mimi Collins",5,2365,2382,17,0,2,-2
"2020-21","12127","Maryland","Ashley Owusu|Chloe Bibby|Diamond Miller|Katie Benzan|Mimi Collins",5,2382,2385,3,2,1,1
"2020-21","12127","Northwestern","Anna Morris|Jordan Hamilton|Lauryn Satterwhite|Lindsey Pulliam|Veronica Burton",5,2365,2400,35,3,2,1
"2020-21","12127","Maryland","Alaysia Styles|Ashley Owusu|Diamond Miller|Faith Masonius|Mimi Collins",5,2385,2400,15,0,0,0
"2020-21","12128","Penn St.","Anna Camden|Maddie Burke|Makenna Marisa|Niya Beverley|Shay Hagans",5,0,140,140,6,6,0
"2020-21","12128","Penn St.","Anna Camden|Makenna Marisa|Nan Garcia|Niya Beverley|Shay Hagans",5,140,176,36,0,2,-2
"2020-21","12128","Maryland","Ashley Owusu|Chloe Bibby|Diamond Miller|Katie Benzan|Mimi Collins",5,0,240,240,12,9,3
"2020-21","12128","Penn St.","Anna Camden|Johnasia Cash|Makenna Marisa|Nan Garcia|Shay Hagans",5,176,240,64,3,4,-1
"2020-21","12128","Maryland","Ashley Owusu|Chloe Bibby|Faith Masonius|Katie Benzan|Mimi Collins",5,240,329,89,4,2,2
"2020-21","12128","Penn St.","Johnasia Cash|Makenna Marisa|Nan Garcia|Niya Beverley|Shay Hagans",5,240,329,89,2,4,-2
"2020-21","12128","Penn St.","Anna Camden|Johnasia Cash|Makenna Marisa|Niya Beverley|Shay Hagans",5,329,372,43,0,3,-3
"2020-21","12128","Maryland","Alaysia Styles|Ashley Owusu|Diamond Miller|Faith Masonius|Katie Benzan",5,329,463,134,3,2,1
"2020-21","12128","Maryland","Alaysia Styles|Ashley Owusu|Diamond Miller|Katie Benzan|Mimi Collins",5,463,541,78,6,2,4
"2020-21","12128","Penn St.","Anna Camden|Johnasia Cash|Maddie Burke|Makenna Marisa|Niya Beverley",5,372,541,169,4,6,-2
"2020-21","12128","Penn St.","Anna Camden|Maddie Burke|Makenna Marisa|Niya Beverley|Shay Hagans",5,541,600,59,0,2,-2
"2020-21","12128","Penn St.","Anna Camden|Johnasia Cash|Makenna Marisa|Niya Beverley|Shay Hagans",5,600,691,91,2,0,2
"2020-21","12128","Maryland","Angel Reese|Ashley Owusu|Chloe Bibby|Katie Benzan|Mimi Collins",5,541,691,150,2,2,0
"2020-21","12128","Maryland","Angel Reese|Chloe Bibby|Diamond Miller|Katie Benzan|Mimi Collins",5,691,763,72,2,0,2
"2020-21","12128","Penn St.","Johnasia Cash|Makenna Marisa|Niya Beverley|Shay Hagans|Tova Sabel",5,691,763,72,0,2,-2
"2020-21","12128","Penn St.","Johnasia Cash|Maddie Burke|Makenna Marisa|Niya Beverley|Tova Sabel",5,763,789,26,0,2,-2
"2020-21","12128","Maryland","Angel Reese|Diamond Miller|Faith Masonius|Katie Benzan|Mimi Collins",5,763,907,144,7,8,-1
"2020-21","12128","Penn St.","Maddie Burke|Makenna Marisa|Nan Garcia|Niya Beverley|Tova Sabel",5,789,930,141,8,5,3
"2020-21","12128","Penn St.","Johnasia Cash|Maddie Burke|Nan Garcia|Niya Beverley|Tova Sabel",5,930,950,20,0,0,0
"2020-21","12128","Penn St.","Anna Camden|Johnasia Cash|Nan Garcia|Niya Beverley|Tova Sabel",5,950,999,49,2,0,2
"2020-21","12128","Penn St.","Anna Camden|Johnasia Cash|Makenna Marisa|Niya Beverley|Tova Sabel",5,999,1030,31,0,2,-2
"2020-21","12128","Maryland","Ashley Owusu|Chloe Bibby|Diamond Miller|Faith Masonius|Mimi Collins",5,907,1171,264,6,7,-1
"2020-21","12128","Penn St.","Anna Camden|Makenna Marisa|Nan Garcia|Niya Beverley|Tova Sabel",5,1030,1171,141,5,4,1
"2020-21","12128","Maryland","Alaysia Styles|Ashley Owusu|Chloe Bibby|Faith Masonius|Katie Benzan",5,1171,1200,29,2,0,2
"2020-21","12128","Penn St.","Anna Camden|Nan Garcia|Niya Beverley|Shay Hagans|Tova Sabel",5,1171,1200,29,0,2,-2
"2020-21","12128","Penn St.","Anna Camden|Maddie Burke|Makenna Marisa|Niya Beverley|Shay Hagans",5,1200,1395,195,2,10,-8
"2020-21","12128","Penn St.","Anna Camden|Johnasia Cash|Maddie Burke|Nan Garcia|Niya Beverley",5,1395,1453,58,2,2,0
"2020-21","12128","Penn St.","Anna Camden|Johnasia Cash|Makenna Marisa|Nan Garcia|Niya Beverley",5,1453,1525,72,0,7,-7
"2020-21","12128","Maryland","Ashley Owusu|Chloe Bibby|Diamond Miller|Katie Benzan|Mimi Collins",5,1200,1597,397,21,7,14
"2020-21","12128","Penn St.","Anna Camden|Johnasia Cash|Makenna Marisa|Niya Beverley|Tova Sabel",5,1525,1597,72,3,2,1
"2020-21","12128","Maryland","Alaysia Styles|Ashley Owusu|Chloe Bibby|Diamond Miller|Katie Benzan",5,1597,1672,75,2,0,2
"2020-21","12128","Penn St.","Johnasia Cash|Maddie Burke|Makenna Marisa|Shay Hagans|Tova Sabel",5,1597,1723,126,0,2,-2
"2020-21","12128","Maryland","Alaysia Styles|Chloe Bibby|Diamond Miller|Faith Masonius|Katie Benzan",5,1672,1771,99,0,3,-3
"2020-21","12128","Penn St.","Johnasia Cash|Maddie Burke|Niya Beverley|Shay Hagans|Tova Sabel",5,1723,1800,77,3,0,3
"2020-21","12128","Penn St.","Johnasia Cash|Maddie Burke|Makenna Marisa|Niya Beverley|Tova Sabel",5,1800,1834,34,0,0,0
"2020-21","12128","Penn St.","Maddie Burke|Makenna Marisa|Nan Garcia|Niya Beverley|Tova Sabel",5,1834,1835,1,0,0,0
"2020-21","12128","Penn St.","Johnasia Cash|Maddie Burke|Nan Garcia|Niya Beverley|Tova Sabel",5,1835,1896,61,2,4,-2
"2020-21","12128","Penn St.","Johnasia Cash|Maddie Burke|Nan Garcia|Shay Hagans|Tova Sabel",5,1896,1911,15,0,0,0
"2020-21","12128","Penn St.","Anna Camden|Johnasia Cash|Nan Garcia|Shay Hagans|Tova Sabel",5,1911,1919,8,0,2,-2
"2020-21","12128","Maryland","Alaysia Styles|Angel Reese|Chloe Bibby|Faith Masonius|Katie Benzan",5,1771,1971,200,10,2,8
"2020-21","12128","Penn St.","Anna Camden|Johnasia Cash|Nan Garcia|Niya Beverley|Shay Hagans",5,1919,1971,52,0,4,-4
"2020-21","12128","Maryland","Alaysia Styles|Angel Reese|Faith Masonius|Katie Benzan|Taisiya Kozlova",5,1971,2093,122,3,8,-5
"2020-21","12128","Penn St.","Anna Camden|Maddie Burke|Makenna Marisa|Nan Garcia|Niya Beverley",5,1971,2093,122,8,3,5
"2020-21","12128","Penn St.","Anna Camden|Maddie Burke|Nan Garcia|Niya Beverley|Tova Sabel",5,2093,2153,60,2,2,0
"2020-21","12128","Penn St.","Anna Camden|Maddie Burke|Nan Garcia|Nia Staples|Niya Beverley",5,2153,2272,119,4,4,0
"2020-21","12128","Penn St.","Johnasia Cash|Maddie Burke|Makenna Marisa|Nan Garcia|Nia Staples",5,2272,2349,77,3,0,3
"2020-21","12128","Maryland","Alaysia Styles|Angel Reese|Faith Masonius|Taisiya Kozlova|Zoe Young",5,2093,2400,307,8,9,-1
"2020-21","12128","Penn St.","Johnasia Cash|Maddie Burke|Nan Garcia|Nia Staples|Shay Hagans",5,2349,2400,51,0,2,-2
"2020-21","12129","Maryland","Ashley Owusu|Chloe Bibby|Diamond Miller|Katie Benzan|Mimi Collins",5,0,182,182,8,5,3
"2020-21","12129","Maryland","Ashley Owusu|Chloe Bibby|Diamond Miller|Faith Masonius|Katie Benzan",5,182,254,72,0,0,0
"2020-21","12129","Maryland","Alaysia Styles|Ashley Owusu|Chloe Bibby|Faith Masonius|Katie Benzan",5,254,331,77,0,3,-3
"2020-21","12129","Nebraska","Ashley Scoggin|Bella Cravens|Isabelle Bourne|Kate Cain|Sam Haiby",5,0,331,331,8,8,0
"2020-21","12129","Maryland","Alaysia Styles|Angel Reese|Ashley Owusu|Faith Masonius|Katie Benzan",5,331,380,49,0,0,0
"2020-21","12129","Maryland","Alaysia Styles|Angel Reese|Ashley Owusu|Diamond Miller|Faith Masonius",5,380,424,44,1,0,1
"2020-21","12129","Nebraska","Ashley Scoggin|Isabelle Bourne|Kate Cain|Sam Haiby|Whitney Brown",5,331,491,160,0,7,-7
"2020-21","12129","Maryland","Angel Reese|Ashley Owusu|Chloe Bibby|Diamond Miller|Mimi Collins",5,424,522,98,6,0,6
"2020-21","12129","Maryland","Angel Reese|Chloe Bibby|Diamond Miller|Katie Benzan|Mimi Collins",5,522,600,78,3,3,0
"2020-21","12129","Nebraska","Annika Stewart|Bella Cravens|Kendall Coley|Mi'Cole Cayton|Sam Haiby",5,491,600,109,3,3,0
"2020-21","12129","Nebraska","Ashley Scoggin|Bella Cravens|Isabelle Bourne|Kate Cain|Kendall Coley",5,600,745,145,5,5,0
"2020-21","12129","Maryland","Ashley Owusu|Chloe Bibby|Diamond Miller|Katie Benzan|Mimi Collins",5,600,852,252,5,7,-2
"2020-21","12129","Nebraska","Ashley Scoggin|Isabelle Bourne|Kate Cain|Kendall Coley|Sam Haiby",5,745,852,107,2,0,2
"2020-21","12129","Maryland","Ashley Owusu|Chloe Bibby|Diamond Miller|Faith Masonius|Mimi Collins",5,852,973,121,4,4,0
"2020-21","12129","Maryland","Chloe Bibby|Diamond Miller|Faith Masonius|Katie Benzan|Mimi Collins",5,973,1057,84,6,3,3
"2020-21","12129","Nebraska","Annika Stewart|Ashley Scoggin|Kate Cain|Mi'Cole Cayton|Sam Haiby",5,852,1057,205,7,10,-3
"2020-21","12129","Nebraska","Ashley Scoggin|Isabelle Bourne|Kate Cain|Mi'Cole Cayton|Sam Haiby",5,1057,1095,38,3,3,0
"2020-21","12129","Nebraska","Ashley Scoggin|Bella Cravens|Kate Cain|Mi'Cole Cayton|Sam Haiby",5,1095,1135,40,3,0,3
"2020-21","12129","Maryland","Angel Reese|Chloe Bibby|Diamond Miller|Faith Masonius|Katie Benzan",5,1057,1200,143,5,9,-4
"2020-21","12129","Nebraska","Ashley Scoggin|Bella Cravens|Kate Cain|Sam Haiby|Whitney Brown",5,1135,1200,65,3,2,1
"2020-21","12129","Nebraska","Ashley Scoggin|Bella Cravens|Isabelle Bourne|Kate Cain|Sam Haiby",5,1200,1536,336,11,10,1
"2020-21","12129","Maryland","Ashley Owusu|Chloe Bibby|Diamond Miller|Katie Benzan|Mimi Collins",5,1200,1669,469,15,18,-3
"2020-21","12129","Maryland","Ashley Owusu|Chloe Bibby|Diamond Miller|Faith Masonius|Mimi Collins",5,1669,1729,60,0,0,0
"2020-21","12129","Nebraska","Ashley Scoggin|Isabelle Bourne|Kate Cain|Kendall Coley|Sam Haiby",5,1536,1729,193,7,7,0
"2020-21","12129","Maryland","Alaysia Styles|Angel Reese|Ashley Owusu|Chloe Bibby|Faith Masonius",5,1729,1800,71,4,2,2
"2020-21","12129","Nebraska","Ashley Scoggin|Isabelle Bourne|Kate Cain|Kendall Coley|Whitney Brown",5,1729,1800,71,2,2,0
"2020-21","12129","Maryland","Alaysia Styles|Angel Reese|Ashley Owusu|Diamond Miller|Mimi Collins",5,1800,1865,65,0,6,-6
"2020-21","12129","Nebraska","Bella Cravens|Kate Cain|Kendall Coley|Sam Haiby|Whitney Brown",5,1800,1983,183,10,8,2
"2020-21","12129","Nebraska","Ashley Scoggin|Isabelle Bourne|Kate Cain|Kendall Coley|Sam Haiby",5,1983,2129,146,4,5,-1
"2020-21","12129","Maryland","Ashley Owusu|Chloe Bibby|Diamond Miller|Katie Benzan|Mimi Collins",5,1865,2136,271,13,8,5
"2020-21","12129","Maryland","Ashley Owusu|Chloe Bibby|Diamond Miller|Faith Masonius|Mimi Collins",5,2136,2274,138,7,3,4
"2020-21","12129","Maryland","Angel Reese|Ashley Owusu|Chloe Bibby|Diamond Miller|Mimi Collins",5,2274,2366,92,0,2,-2
"2020-21","12129","Maryland","Angel Reese|Ashley Owusu|Chloe Bibby|Diamond Miller|Faith Masonius|Mimi Collins",6,2366,2376,10,2,0,2
"2020-21","12129","Nebraska","Ashley Scoggin|Bella Cravens|Isabelle Bourne|Kate Cain|Sam Haiby",5,2129,2376,247,5,9,-4
"2020-21","12129","Nebraska","Ashley Scoggin|Bella Cravens|Isabelle Bourne|Mi'Cole Cayton|Sam Haiby",5,2376,2377,1,0,0,0
"2020-21","12129","Maryland","Ashley Owusu|Chloe Bibby|Diamond Miller|Faith Masonius|Katie Benzan|Mimi Collins",6,2376,2377,1,0,0,0
"2020-21","12129","Maryland","Angel Reese|Ashley Owusu|Chloe Bibby|Diamond Miller|Faith Masonius|Mimi Collins",6,2377,2400,23,4,0,4
"2020-21","12129","Nebraska","Ashley Scoggin|Bella Cravens|Isabelle Bourne|Kate Cain|Sam Haiby",5,2377,2400,23,0,4,-4
"2020-21","12130","Maryland","Ashley Owusu|Chloe Bibby|Diamond Miller|Katie Benzan|Mimi Collins",5,0,191,191,9,4,5
"2020-21","12130","Mount St. Mary's","Aryna Taylor|Kayla Agentowicz|Kendall Bresee|Michaela Harrison|Rebecca Lee",5,0,191,191,4,9,-5
"2020-21","12130","Maryland","Ashley Owusu|Chloe Bibby|Diamond Miller|Faith Masonius|Katie Benzan",5,191,226,35,1,3,-2
"2020-21","12130","Mount St. Mary's","Bridget Birkhead|Kayla Agentowicz|Kendall Bresee|Michaela Harrison|Rebecca Lee",5,191,250,59,5,1,4
"2020-21","12130","Maryland","Alaysia Styles|Ashley Owusu|Chloe Bibby|Faith Masonius|Katie Benzan",5,226,337,111,5,5,0
"2020-21","12130","Mount St. Mary's","Aryna Taylor|Bridget Birkhead|Isabella Hunt|Kendall Bresee|Michaela Harrison",5,250,337,87,3,5,-2
"2020-21","12130","Mount St. Mary's","Aryna Taylor|Bridget Birkhead|Kendall Bresee|Michaela Harrison|Rebecca Lee",5,337,417,80,3,3,0
"2020-21","12130","Maryland","Alaysia Styles|Diamond Miller|Faith Masonius|Katie Benzan|Mimi Collins",5,337,467,130,7,3,4
"2020-21","12130","Mount St. Mary's","Bridget Birkhead|Jessica Tomasetti|Kayla Agentowicz|Kendall Bresee|Rebecca Lee",5,417,467,50,0,4,-4
"2020-21","12130","Mount St. Mary's","Bridget Birkhead|Isabella Hunt|Jessica Tomasetti|Kayla Agentowicz|Kendall Bresee",5,467,492,25,0,2,-2
"2020-21","12130","Maryland","Alaysia Styles|Ashley Owusu|Diamond Miller|Faith Masonius|Mimi Collins",5,467,513,46,2,0,2
"2020-21","12130","Mount St. Mary's","Bridget Birkhead|Isabella Hunt|Jessica Tomasetti|Kayla Agentowicz|Michaela Harrison",5,492,513,21,0,0,0
"2020-21","12130","Maryland","Alaysia Styles|Ashley Owusu|Chloe Bibby|Faith Masonius|Mimi Collins",5,513,600,87,4,3,1
"2020-21","12130","Mount St. Mary's","Aryna Taylor|Bridget Birkhead|Isabella Hunt|Kendall Bresee|Michaela Harrison",5,513,715,202,5,6,-1
"2020-21","12130","Mount St. Mary's","Isabella Hunt|Jada Lee|Jessica Tomasetti|Kendall Bresee|Michaela Harrison",5,715,772,57,0,6,-6
"2020-21","12130","Mount St. Mary's","Bridget Birkhead|Isabella Hunt|Jada Lee|Kendall Bresee|Michaela Harrison",5,772,823,51,0,2,-2
"2020-21","12130","Mount St. Mary's","Bridget Birkhead|Isabella Hunt|Jessica Tomasetti|Kendall Bresee|Michaela Harrison",5,823,841,18,0,0,0
"2020-21","12130","Maryland","Ashley Owusu|Chloe Bibby|Diamond Miller|Katie Benzan|Mimi Collins",5,600,924,324,14,2,12
"2020-21","12130","Mount St. Mary's","Bridget Birkhead|Jessica Tomasetti|Kendall Bresee|Michaela Harrison|Rebecca Lee",5,841,968,127,0,6,-6
"2020-21","12130","Maryland","Alaysia Styles|Ashley Owusu|Chloe Bibby|Faith Masonius|Katie Benzan",5,924,968,44,2,0,2
"2020-21","12130","Mount St. Mary's","Bridget Birkhead|Kayla Agentowicz|Kendall Bresee|Michaela Harrison|Rebecca Lee",5,968,1122,154,2,5,-3
"2020-21","12130","Mount St. Mary's","Bridget Birkhead|Isabella Hunt|Kayla Agentowicz|Kendall Bresee|Rebecca Lee",5,1122,1141,19,0,0,0
"2020-21","12130","Maryland","Alaysia Styles|Chloe Bibby|Faith Masonius|Katie Benzan|Mimi Collins",5,968,1200,232,9,2,7
"2020-21","12130","Mount St. Mary's","Bridget Birkhead|Isabella Hunt|Jessica Tomasetti|Kayla Agentowicz|Kendall Bresee",5,1141,1200,59,0,4,-4
"2020-21","12130","Mount St. Mary's","Aryna Taylor|Kayla Agentowicz|Kendall Bresee|Michaela Harrison|Rebecca Lee",5,1200,1263,63,0,2,-2
"2020-21","12130","Mount St. Mary's","Aryna Taylor|Bridget Birkhead|Kayla Agentowicz|Michaela Harrison|Rebecca Lee",5,1263,1324,61,0,4,-4
"2020-21","12130","Maryland","Ashley Owusu|Chloe Bibby|Diamond Miller|Katie Benzan|Mimi Collins",5,1200,1401,201,8,3,5
"2020-21","12130","Mount St. Mary's","Aryna Taylor|Kayla Agentowicz|Kendall Bresee|Michaela Harrison|Rebecca Lee",5,1324,1401,77,3,2,1
"2020-21","12130","Maryland","Alaysia Styles|Ashley Owusu|Chloe Bibby|Diamond Miller|Katie Benzan",5,1401,1453,52,1,2,-1
"2020-21","12130","Mount St. Mary's","Bridget Birkhead|Kayla Agentowicz|Kendall Bresee|Michaela Harrison|Rebecca Lee",5,1401,1453,52,2,1,1
"2020-21","12130","Maryland","Alaysia Styles|Angel Reese|Ashley Owusu|Faith Masonius|Katie Benzan",5,1453,1486,33,2,0,2
"2020-21","12130","Mount St. Mary's","Bridget Birkhead|Isabella Hunt|Kayla Agentowicz|Kendall Bresee|Rebecca Lee",5,1453,1543,90,0,3,-3
"2020-21","12130","Mount St. Mary's","Bridget Birkhead|Jessica Tomasetti|Kendall Bresee|Michaela Harrison|Rebecca Lee",5,1543,1612,69,3,4,-1
"2020-21","12130","Mount St. Mary's","Bridget Birkhead|Jessica Tomasetti|Kayla Agentowicz|Kendall Bresee|Rebecca Lee",5,1612,1696,84,2,2,0
"2020-21","12130","Maryland","Alaysia Styles|Angel Reese|Ashley Owusu|Faith Masonius|Taisiya Kozlova",5,1486,1718,232,7,6,1
"2020-21","12130","Mount St. Mary's","Aryna Taylor|Bridget Birkhead|Kayla Agentowicz|Kendall Bresee|Rebecca Lee",5,1696,1742,46,1,0,1
"2020-21","12130","Maryland","Alaysia Styles|Angel Reese|Ashley Owusu|Faith Masonius|Zoe Young",5,1718,1800,82,4,0,4
"2020-21","12130","Mount St. Mary's","Aryna Taylor|Bridget Birkhead|Isabella Hunt|Jada Lee|Kendall Bresee",5,1742,1800,58,0,4,-4
"2020-21","12130","Mount St. Mary's","Aryna Taylor|Bridget Birkhead|Isabella Hunt|Kendall Bresee|Michaela Harrison",5,1800,1884,84,2,2,0
"2020-21","12130","Maryland","Chloe Bibby|Diamond Miller|Katie Benzan|Mimi Collins|Zoe Young",5,1800,2003,203,4,5,-1
"2020-21","12130","Mount St. Mary's","Aryna Taylor|Bridget Birkhead|Kendall Bresee|Michaela Harrison|Rebecca Lee",5,1884,2003,119,3,2,1
"2020-21","12130","Maryland","Alaysia Styles|Ashley Owusu|Faith Masonius|Taisiya Kozlova|Zoe Young",5,2003,2144,141,5,5,0
"2020-21","12130","Mount St. Mary's","Aryna Taylor|Kayla Agentowicz|Kendall Bresee|Michaela Harrison|Rebecca Lee",5,2003,2171,168,5,7,-2
"2020-21","12130","Mount St. Mary's","Bridget Birkhead|Jessica Tomasetti|Kendall Bresee|Michaela Harrison|Rebecca Lee",5,2171,2192,21,1,2,-1
"2020-21","12130","Mount St. Mary's","Bridget Birkhead|Isabella Hunt|Jessica Tomasetti|Kendall Bresee|Michaela Harrison",5,2192,2219,27,0,0,0
"2020-21","12130","Maryland","Alaysia Styles|Angel Reese|Faith Masonius|Taisiya Kozlova|Zoe Young",5,2144,2400,256,14,2,12
"2020-21","12130","Mount St. Mary's","Bridget Birkhead|Isabella Hunt|Isabella Pelaia|Jada Lee|Jessica Tomasetti",5,2219,2400,181,1,10,-9
"2020-21","12131","Maryland","Ashley Owusu|Chloe Bibby|Diamond Miller|Katie Benzan|Mimi Collins",5,0,333,333,13,5,8
"2020-21","12131","Maryland","Alaysia Styles|Chloe Bibby|Diamond Miller|Faith Masonius|Katie Benzan",5,333,374,41,0,2,-2
"2020-21","12131","Maryland","Angel Reese|Ashley Owusu|Chloe Bibby|Faith Masonius|Katie Benzan",5,374,505,131,2,5,-3
"2020-21","12131","Texas","Audrey Warren|Celeste Taylor|Charli Collier|Joanne Allen-Taylor|Kyra Lambert",5,0,505,505,12,15,-3
"2020-21","12131","Maryland","Angel Reese|Ashley Owusu|Faith Masonius|Katie Benzan|Mimi Collins",5,505,600,95,3,0,3
"2020-21","12131","Maryland","Angel Reese|Ashley Owusu|Diamond Miller|Katie Benzan|Mimi Collins",5,600,771,171,2,3,-1
"2020-21","12131","Texas","Celeste Taylor|Charli Collier|Joanne Allen-Taylor|Kyra Lambert|Lauren Ebo",5,505,794,289,3,5,-2
"2020-21","12131","Texas","Audrey Warren|Celeste Taylor|Charli Collier|Joanne Allen-Taylor|Kyra Lambert",5,794,802,8,0,0,0
"2020-21","12131","Maryland","Ashley Owusu|Chloe Bibby|Diamond Miller|Katie Benzan|Mimi Collins",5,771,869,98,2,0,2
"2020-21","12131","Texas","Celeste Taylor|Charli Collier|Joanne Allen-Taylor|Kyra Lambert|Lauren Ebo",5,802,869,67,0,2,-2
"2020-21","12131","Texas","Ashley Chevalier|Celeste Taylor|Charli Collier|Joanne Allen-Taylor|Lauren Ebo",5,869,940,71,0,3,-3
"2020-21","12131","Maryland","Ashley Owusu|Chloe Bibby|Diamond Miller|Faith Masonius|Mimi Collins",5,869,1054,185,6,5,1
"2020-21","12131","Maryland","Ashley Owusu|Chloe Bibby|Faith Masonius|Katie Benzan|Mimi Collins",5,1054,1200,146,4,5,-1
"2020-21","12131","Texas","Audrey Warren|Celeste Taylor|Joanne Allen-Taylor|Kyra Lambert|Lauren Ebo",5,940,1200,260,10,7,3
"2020-21","12131","Maryland","Ashley Owusu|Chloe Bibby|Diamond Miller|Katie Benzan|Mimi Collins",5,1200,1381,181,8,10,-2
"2020-21","12131","Maryland","Alaysia Styles|Ashley Owusu|Diamond Miller|Katie Benzan|Mimi Collins",5,1381,1516,135,1,5,-4
"2020-21","12131","Maryland","Alaysia Styles|Angel Reese|Ashley Owusu|Diamond Miller|Katie Benzan",5,1516,1647,131,2,4,-2
"2020-21","12131","Maryland","Alaysia Styles|Angel Reese|Chloe Bibby|Diamond Miller|Katie Benzan",5,1647,1675,28,0,0,0
"2020-21","12131","Maryland","Alaysia Styles|Chloe Bibby|Diamond Miller|Katie Benzan|Mimi Collins",5,1675,1800,125,4,5,-1
"2020-21","12131","Texas","Audrey Warren|Celeste Taylor|Charli Collier|Joanne Allen-Taylor|Kyra Lambert",5,1200,1827,627,24,15,9
"2020-21","12131","Texas","Audrey Warren|Celeste Taylor|Charli Collier|Joanne Allen-Taylor|Karisma Ortiz",5,1827,1925,98,1,5,-4
"2020-21","12131","Maryland","Ashley Owusu|Chloe Bibby|Diamond Miller|Katie Benzan|Mimi Collins",5,1800,1982,182,5,3,2
"2020-21","12131","Texas","Audrey Warren|Celeste Taylor|Charli Collier|Joanne Allen-Taylor|Kyra Lambert",5,1925,2110,185,2,4,-2
"2020-21","12131","Texas","Celeste Taylor|Charli Collier|Joanne Allen-Taylor|Kyra Lambert|Lauren Ebo",5,2110,2208,98,5,0,5
"2020-21","12131","Texas","Celeste Taylor|Charli Collier|Karisma Ortiz|Kyra Lambert|Lauren Ebo",5,2208,2239,31,0,1,-1
"2020-21","12131","Maryland","Ashley Owusu|Chloe Bibby|Diamond Miller|Faith Masonius|Mimi Collins",5,1982,2319,337,7,5,2
"2020-21","12131","Maryland","Alaysia Styles|Ashley Owusu|Diamond Miller|Faith Masonius|Mimi Collins",5,2319,2356,37,0,4,-4
"2020-21","12131","Maryland","Ashley Owusu|Chloe Bibby|Diamond Miller|Katie Benzan|Mimi Collins",5,2356,2400,44,2,3,-1
"2020-21","12131","Texas","Celeste Taylor|Charli Collier|Joanne Allen-Taylor|Kyra Lambert|Lauren Ebo",5,2239,2400,161,7,4,3
"2020-21","12137","Maryland","Ashley Owusu|Chloe Bibby|Diamond Miller|Katie Benzan|Mimi Collins",5,0,165,165,5,5,0
"2020-21","12137","James Madison","Anne Francoise Diouf|Brianna Tinsley|Kiki Jefferson|Peyton McDaniel|Rayne Tucker",5,0,224,224,5,7,-2
"2020-21","12137","Maryland","Ashley Owusu|Channise Lewis|Chloe Bibby|Katie Benzan|Mimi Collins",5,165,299,134,5,2,3
"2020-21","12137","James Madison","Anne Francoise Diouf|Brianna Tinsley|Jamia Hazell|Peyton McDaniel|Rayne Tucker",5,224,299,75,2,3,-1
"2020-21","12137","Maryland","Ashley Owusu|Channise Lewis|Chloe Bibby|Faith Masonius|Katie Benzan",5,299,378,79,2,2,0
"2020-21","12137","James Madison","Brianna Tinsley|Jamia Hazell|Peyton McDaniel|Rayne Tucker|Steph Ouderkirk",5,299,378,79,2,2,0
"2020-21","12137","Maryland","Ashley Owusu|Channise Lewis|Faith Masonius|Katie Benzan|Mimi Collins",5,378,412,34,0,2,-2
"2020-21","12137","James Madison","Anne Francoise Diouf|Jamia Hazell|Kiki Jefferson|Peyton McDaniel|Steph Ouderkirk",5,378,412,34,2,0,2
"2020-21","12137","James Madison","Anne Francoise Diouf|Jamia Hazell|Jaylin Carodine|Kiki Jefferson|Peyton McDaniel",5,412,516,104,4,2,2
"2020-21","12137","Maryland","Ashley Owusu|Channise Lewis|Chloe Bibby|Faith Masonius|Mimi Collins",5,412,516,104,2,4,-2
"2020-21","12137","Maryland","Ashley Owusu|Channise Lewis|Chloe Bibby|Diamond Miller|Mimi Collins",5,516,530,14,0,0,0
"2020-21","12137","Maryland","Ashley Owusu|Chloe Bibby|Diamond Miller|Katie Benzan|Mimi Collins",5,530,600,70,2,4,-2
"2020-21","12137","James Madison","Jamia Hazell|Jaylin Carodine|Kiki Jefferson|Nikki Oppenheimer|Rayne Tucker",5,516,600,84,4,2,2
"2020-21","12137","James Madison","Anne Francoise Diouf|Jamia Hazell|Kiki Jefferson|Nikki Oppenheimer|Rayne Tucker",5,600,674,74,2,3,-1
"2020-21","12137","Maryland","Ashley Owusu|Chloe Bibby|Diamond Miller|Faith Masonius|Katie Benzan",5,600,723,123,5,2,3
"2020-21","12137","James Madison","Anne Francoise Diouf|Jamia Hazell|Nikki Oppenheimer|Peyton McDaniel|Rayne Tucker",5,674,723,49,0,2,-2
"2020-21","12137","James Madison","Anne Francoise Diouf|Brianna Tinsley|Nikki Oppenheimer|Peyton McDaniel|Rayne Tucker",5,723,770,47,1,2,-1
"2020-21","12137","James Madison","Anne Francoise Diouf|Brianna Tinsley|Peyton McDaniel|Rayne Tucker|Steph Ouderkirk",5,770,784,14,0,0,0
"2020-21","12137","James Madison","Anne Francoise Diouf|Brianna Tinsley|Nikki Oppenheimer|Peyton McDaniel|Rayne Tucker",5,784,823,39,0,2,-2
"2020-21","12137","James Madison","Anne Francoise Diouf|Brianna Tinsley|Kiki Jefferson|Nikki Oppenheimer|Peyton McDaniel",5,823,909,86,0,7,-7
"2020-21","12137","James Madison","Anne Francoise Diouf|Jamia Hazell|Kiki Jefferson|Nikki Oppenheimer|Peyton McDaniel",5,909,940,31,2,0,2
"2020-21","12137","James Madison","Jamia Hazell|Madison Green|Nikki Oppenheimer|Peyton McDaniel|Rayne Tucker",5,940,971,31,0,4,-4
"2020-21","12137","Maryland","Ashley Owusu|Chloe Bibby|Faith Masonius|Katie Benzan|Mimi Collins",5,723,1038,315,15,3,12
"2020-21","12137","James Madison","Madison Green|Nikki Oppenheimer|Peyton McDaniel|Rayne Tucker",4,971,1038,67,0,0,0
"2020-21","12137","Maryland","Ashley Owusu|Chloe Bibby|Katie Benzan|Mimi Collins|Taisiya Kozlova",5,1038,1057,19,0,0,0
"2020-21","12137","James Madison","Jamia Hazell|Jaylin Carodine|Madison Green|Peyton McDaniel|Rayne Tucker",5,1038,1128,90,3,5,-2
"2020-21","12137","Maryland","Chloe Bibby|Faith Masonius|Katie Benzan|Mimi Collins|Taisiya Kozlova",5,1057,1136,79,9,3,6
"2020-21","12137","Maryland","Faith Masonius|Katie Benzan|Mimi Collins|Taisiya Kozlova|Zoe Young",5,1136,1200,64,0,0,0
"2020-21","12137","James Madison","Anne Francoise Diouf|Brianna Tinsley|Eleanore Marciszewski|Jamia Hazell|Rayne Tucker",5,1128,1200,72,0,4,-4
"2020-21","12137","Maryland","Ashley Owusu|Chloe Bibby|Diamond Miller|Katie Benzan|Mimi Collins",5,1200,1470,270,15,8,7
"2020-21","12137","James Madison","Anne Francoise Diouf|Brianna Tinsley|Kiki Jefferson|Peyton McDaniel|Rayne Tucker",5,1200,1470,270,8,15,-7
"2020-21","12137","Maryland","Ashley Owusu|Channise Lewis|Chloe Bibby|Diamond Miller|Katie Benzan",5,1470,1583,113,5,0,5
"2020-21","12137","James Madison","Annalicia Goodman|Jamia Hazell|Nikki Oppenheimer|Peyton McDaniel|Steph Ouderkirk",5,1470,1631,161,0,7,-7
"2020-21","12137","Maryland","Channise Lewis|Diamond Miller|Faith Masonius|Katie Benzan|Taisiya Kozlova",5,1583,1691,108,2,2,0
"2020-21","12137","Maryland","Channise Lewis|Diamond Miller|Faith Masonius|Katie Benzan|Mimi Collins",5,1691,1698,7,0,0,0
"2020-21","12137","James Madison","Anne Francoise Diouf|Brianna Tinsley|Kiki Jefferson|Madison Green|Rayne Tucker",5,1631,1698,67,2,0,2
"2020-21","12137","Maryland","Ashley Owusu|Channise Lewis|Diamond Miller|Faith Masonius|Mimi Collins",5,1698,1708,10,2,0,2
"2020-21","12137","James Madison","Anne Francoise Diouf|Brianna Tinsley|Eleanore Marciszewski|Kiki Jefferson|Rayne Tucker",5,1698,1802,104,4,6,-2
"2020-21","12137","Maryland","Ashley Owusu|Diamond Miller|Faith Masonius|Mimi Collins|Zoe Young",5,1708,1837,129,4,5,-1
"2020-21","12137","James Madison","Anne Francoise Diouf|Brianna Tinsley|Kiki Jefferson|Peyton McDaniel|Rayne Tucker",5,1802,1865,63,1,0,1
"2020-21","12137","James Madison","Anne Francoise Diouf|Eleanore Marciszewski|Jamia Hazell|Peyton McDaniel|Rayne Tucker",5,1865,1915,50,0,4,-4
"2020-21","12137","Maryland","Ashley Owusu|Channise Lewis|Faith Masonius|Mimi Collins|Zoe Young",5,1837,1957,120,4,3,1
"2020-21","12137","James Madison","Eleanore Marciszewski|Jamia Hazell|Peyton McDaniel|Rayne Tucker|Steph Ouderkirk",5,1915,1968,53,3,1,2
"2020-21","12137","Maryland","Ashley Owusu|Channise Lewis|Faith Masonius|Mimi Collins|Taisiya Kozlova",5,1957,2004,47,3,0,3
"2020-21","12137","James Madison","Brianna Tinsley|Eleanore Marciszewski|Peyton McDaniel|Rayne Tucker|Steph Ouderkirk",5,1968,2004,36,0,2,-2
"2020-21","12137","James Madison","Anne Francoise Diouf|Brianna Tinsley|Eleanore Marciszewski|Jaylin Carodine|Peyton McDaniel",5,2004,2087,83,3,4,-1
"2020-21","12137","Maryland","Channise Lewis|Diamond Miller|Faith Masonius|Mimi Collins|Taisiya Kozlova",5,2004,2130,126,6,3,3
"2020-21","12137","James Madison","Annalicia Goodman|Brianna Tinsley|Eleanore Marciszewski|Peyton McDaniel|Steph Ouderkirk",5,2087,2130,43,0,2,-2
"2020-21","12137","James Madison","Annalicia Goodman|Jamia Hazell|Nikki Oppenheimer|Peyton McDaniel|Steph Ouderkirk",5,2130,2239,109,4,5,-1
"2020-21","12137","James Madison","Annalicia Goodman|Eleanore Marciszewski|Jamia Hazell|Nikki Oppenheimer|Peyton McDaniel",5,2239,2266,27,2,0,2
"2020-21","12137","Maryland","Channise Lewis|Diamond Miller|Faith Masonius|Taisiya Kozlova|Zoe Young",5,2130,2400,270,15,11,4
"2020-21","12137","James Madison","Annalicia Goodman|Eleanore Marciszewski|Jamia Hazell|Nikki Oppenheimer|Steph Ouderkirk",5,2266,2400,134,5,10,-5
"2020-21","12382","Purdue","Brooke Moore|Fatou Diagne|Kayana Traylor|Madison Layden|Tamara Farquhar",5,0,336,336,4,11,-7
"2020-21","12382","Maryland","Ashley Owusu|Chloe Bibby|Diamond Miller|Katie Benzan|Mimi Collins",5,0,336,336,11,4,7
"2020-21","12382","Purdue","Brooke Moore|Fatou Diagne|Kayana Traylor|Madison Layden|Rokia Doumbia",5,336,419,83,4,0,4
"2020-21","12382","Maryland","Ashley Owusu|Chloe Bibby|Diamond Miller|Faith Masonius|Katie Benzan",5,336,419,83,0,4,-4
"2020-21","12382","Maryland","Alaysia Styles|Ashley Owusu|Chloe Bibby|Faith Masonius|Katie Benzan",5,419,447,28,0,0,0
"2020-21","12382","Purdue","Brooke Moore|Kayana Traylor|Madison Layden|Rickie Woltman|Rokia Doumbia",5,419,502,83,1,2,-1
"2020-21","12382","Purdue","Brooke Moore|Kayana Traylor|Madison Layden|Ra Shaya Kyle|Rokia Doumbia",5,502,600,98,0,3,-3
"2020-21","12382","Maryland","Angel Reese|Ashley Owusu|Chloe Bibby|Faith Masonius|Katie Benzan",5,447,600,153,5,1,4
"2020-21","12382","Purdue","Brooke Moore|Fatou Diagne|Kayana Traylor|Madison Layden|Rokia Doumbia",5,600,653,53,2,0,2
"2020-21","12382","Purdue","Cassidy Hardin|Fatou Diagne|Kayana Traylor|Madison Layden|Rokia Doumbia",5,653,689,36,2,2,0
"2020-21","12382","Maryland","Angel Reese|Ashley Owusu|Diamond Miller|Katie Benzan|Mimi Collins",5,600,689,89,2,4,-2
"2020-21","12382","Purdue","Cassidy Hardin|Fatou Diagne|Kayana Traylor|Madison Layden|Tamara Farquhar",5,689,762,73,0,6,-6
"2020-21","12382","Maryland","Angel Reese|Chloe Bibby|Diamond Miller|Katie Benzan|Mimi Collins",5,689,797,108,6,2,4
"2020-21","12382","Purdue","Brooke Moore|Fatou Diagne|Kayana Traylor|Madison Layden|Rokia Doumbia",5,762,866,104,3,6,-3
"2020-21","12382","Purdue","Brooke Moore|Jenelle Grant|Kayana Traylor|Ra Shaya Kyle|Rokia Doumbia",5,866,945,79,0,2,-2
"2020-21","12382","Maryland","Alaysia Styles|Ashley Owusu|Chloe Bibby|Diamond Miller|Faith Masonius",5,797,945,148,8,1,7
"2020-21","12382","Purdue","Brooke Moore|Fatou Diagne|Kayana Traylor|Madison Layden|Tamara Farquhar",5,945,1020,75,5,4,1
"2020-21","12382","Maryland","Alaysia Styles|Chloe Bibby|Diamond Miller|Faith Masonius|Katie Benzan",5,945,1020,75,4,5,-1
"2020-21","12382","Purdue","Brooke Moore|Jenelle Grant|Madison Layden|Nyagoa Gony|Tamara Farquhar",5,1020,1151,131,2,5,-3
"2020-21","12382","Maryland","Alaysia Styles|Angel Reese|Chloe Bibby|Faith Masonius|Katie Benzan",5,1020,1151,131,5,2,3
"2020-21","12382","Purdue","Brooke Moore|Fatou Diagne|Jenelle Grant|Kayana Traylor|Tamara Farquhar",5,1151,1200,49,3,3,0
"2020-21","12382","Maryland","Angel Reese|Ashley Owusu|Chloe Bibby|Katie Benzan|Mimi Collins",5,1151,1200,49,3,3,0
"2020-21","12382","Purdue","Brooke Moore|Fatou Diagne|Kayana Traylor|Madison Layden|Tamara Farquhar",5,1200,1487,287,7,9,-2
"2020-21","12382","Maryland","Ashley Owusu|Chloe Bibby|Diamond Miller|Katie Benzan|Mimi Collins",5,1200,1487,287,9,7,2
"2020-21","12382","Purdue","Brooke Moore|Fatou Diagne|Jenelle Grant|Kayana Traylor|Madison Layden",5,1487,1517,30,0,2,-2
"2020-21","12382","Purdue","Brooke Moore|Fatou Diagne|Jenelle Grant|Kayana Traylor|Rokia Doumbia",5,1517,1592,75,0,3,-3
"2020-21","12382","Maryland","Angel Reese|Ashley Owusu|Chloe Bibby|Faith Masonius|Katie Benzan",5,1487,1592,105,5,0,5
"2020-21","12382","Purdue","Brooke Moore|Fatou Diagne|Jenelle Grant|Madison Layden|Rokia Doumbia",5,1592,1649,57,2,0,2
"2020-21","12382","Maryland","Angel Reese|Chloe Bibby|Faith Masonius|Katie Benzan|Taisiya Kozlova",5,1592,1672,80,0,4,-4
"2020-21","12382","Maryland","Angel Reese|Ashley Owusu|Chloe Bibby|Faith Masonius|Taisiya Kozlova",5,1672,1741,69,4,3,1
"2020-21","12382","Purdue","Brooke Moore|Jenelle Grant|Madison Layden|Rickie Woltman|Rokia Doumbia",5,1649,1800,151,6,6,0
"2020-21","12382","Maryland","Alaysia Styles|Angel Reese|Ashley Owusu|Faith Masonius|Taisiya Kozlova",5,1741,1800,59,2,1,1
"2020-21","12382","Purdue","Brooke Moore|Fatou Diagne|Kayana Traylor|Madison Layden|Tamara Farquhar",5,1800,1902,102,4,4,0
"2020-21","12382","Maryland","Alaysia Styles|Ashley Owusu|Diamond Miller|Faith Masonius|Mimi Collins",5,1800,2009,209,7,8,-1
"2020-21","12382","Purdue","Brooke Moore|Cassidy Hardin|Fatou Diagne|Madison Layden|Tamara Farquhar",5,1902,2037,135,4,3,1
"2020-21","12382","Maryland","Alaysia Styles|Ashley Owusu|Diamond Miller|Faith Masonius|Zoe Young",5,2009,2073,64,0,0,0
"2020-21","12382","Purdue","Brooke Moore|Cassidy Hardin|Madison Layden|Ra Shaya Kyle|Tamara Farquhar",5,2037,2130,93,3,2,1
"2020-21","12382","Purdue","Cassidy Hardin|Kayana Traylor|Madison Layden|Ra Shaya Kyle|Tamara Farquhar",5,2130,2160,30,2,2,0
"2020-21","12382","Maryland","Alaysia Styles|Angel Reese|Ashley Owusu|Faith Masonius|Zoe Young",5,2073,2161,88,5,5,0
"2020-21","12382","Purdue","Jenelle Grant|Kayana Traylor|Madison Layden|Ra Shaya Kyle|Tamara Farquhar",5,2160,2188,28,2,1,1
"2020-21","12382","Purdue","Jenelle Grant|Kayana Traylor|Madison Layden|Ra Shaya Kyle|Rokia Doumbia",5,2188,2240,52,1,3,-2
"2020-21","12382","Purdue","Jenelle Grant|Kayana Traylor|Madison Layden|Rickie Woltman|Rokia Doumbia",5,2240,2280,40,0,4,-4
"2020-21","12382","Purdue","Brooke Moore|Kayana Traylor|Madison Layden|Rickie Woltman|Rokia Doumbia",5,2280,2315,35,2,3,-1
"2020-21","12382","Purdue","Brooke Moore|Cassidy Hardin|Madison Layden|Rickie Woltman|Rokia Doumbia",5,2315,2400,85,0,2,-2
"2020-21","12382","Maryland","Alaysia Styles|Angel Reese|Faith Masonius|Taisiya Kozlova|Zoe Young",5,2161,2400,239,12,5,7
"2020-21","12384","Northwestern","Jordan Hamilton|Lindsey Pulliam|Paige Mott|Sydney Wood|Veronica Burton",5,0,140,140,2,9,-7
"2020-21","12384","Maryland","Ashley Owusu|Chloe Bibby|Diamond Miller|Katie Benzan|Mimi Collins",5,0,384,384,16,9,7
"2020-21","12384","Maryland","Ashley Owusu|Chloe Bibby|Diamond Miller|Faith Masonius|Katie Benzan",5,384,423,39,0,0,0
"2020-21","12384","Northwestern","Courtney Shaw|Jordan Hamilton|Lindsey Pulliam|Sydney Wood|Veronica Burton",5,140,423,283,7,7,0
"2020-21","12384","Maryland","Alaysia Styles|Ashley Owusu|Chloe Bibby|Faith Masonius|Katie Benzan",5,423,440,17,0,1,-1
"2020-21","12384","Northwestern","Courtney Shaw|Lauryn Satterwhite|Lindsey Pulliam|Sydney Wood|Veronica Burton",5,423,517,94,3,4,-1
"2020-21","12384","Northwestern","Lauryn Satterwhite|Lindsey Pulliam|Paige Mott|Sydney Wood|Veronica Burton",5,517,600,83,3,2,1
"2020-21","12384","Maryland","Alaysia Styles|Chloe Bibby|Faith Masonius|Katie Benzan|Mimi Collins",5,440,720,280,8,9,-1
"2020-21","12384","Maryland","Chloe Bibby|Diamond Miller|Faith Masonius|Katie Benzan|Mimi Collins",5,720,782,62,3,3,0
"2020-21","12384","Northwestern","Courtney Shaw|Jordan Hamilton|Lindsey Pulliam|Sydney Wood|Veronica Burton",5,600,807,207,7,7,0
"2020-21","12384","Northwestern","Courtney Shaw|Jordan Hamilton|Lauryn Satterwhite|Lindsey Pulliam|Veronica Burton",5,807,957,150,0,9,-9
"2020-21","12384","Maryland","Angel Reese|Diamond Miller|Faith Masonius|Katie Benzan|Mimi Collins",5,782,1012,230,14,0,14
"2020-21","12384","Maryland","Angel Reese|Chloe Bibby|Diamond Miller|Faith Masonius|Katie Benzan",5,1012,1029,17,0,0,0
"2020-21","12384","Northwestern","Anna Morris|Jordan Hamilton|Lindsey Pulliam|Sydney Wood|Veronica Burton",5,957,1084,127,0,7,-7
"2020-21","12384","Maryland","Alaysia Styles|Angel Reese|Chloe Bibby|Diamond Miller|Katie Benzan",5,1029,1200,171,8,2,6
"2020-21","12384","Northwestern","Courtney Shaw|Lauryn Satterwhite|Lindsey Pulliam|Sydney Wood|Veronica Burton",5,1084,1200,116,2,4,-2
"2020-21","12384","Northwestern","Courtney Shaw|Jordan Hamilton|Lindsey Pulliam|Sydney Wood|Veronica Burton",5,1200,1414,214,5,8,-3
"2020-21","12384","Maryland","Ashley Owusu|Chloe Bibby|Diamond Miller|Katie Benzan|Mimi Collins",5,1200,1487,287,10,5,5
"2020-21","12384","Northwestern","Courtney Shaw|Jasmine McWilliams|Lindsey Pulliam|Sydney Wood|Veronica Burton",5,1414,1487,73,0,3,-3
"2020-21","12384","Northwestern","Courtney Shaw|Jasmine McWilliams|Lauryn Satterwhite|Lindsey Pulliam|Veronica Burton",5,1487,1558,71,4,4,0
"2020-21","12384","Maryland","Alaysia Styles|Angel Reese|Ashley Owusu|Diamond Miller|Faith Masonius",5,1487,1667,180,9,6,3
"2020-21","12384","Northwestern","Jasmine McWilliams|Lauryn Satterwhite|Lindsey Pulliam|Paige Mott|Veronica Burton",5,1558,1667,109,2,4,-2
"2020-21","12384","Northwestern","Jasmine McWilliams|Lauryn Satterwhite|Paige Mott|Sydney Wood|Veronica Burton",5,1667,1764,97,1,0,1
"2020-21","12384","Northwestern","Jasmine McWilliams|Jordan Hamilton|Lauryn Satterwhite|Paige Mott|Sydney Wood",5,1764,1800,36,2,2,0
"2020-21","12384","Northwestern","Courtney Shaw|Jordan Hamilton|Lauryn Satterwhite|Lindsey Pulliam|Sydney Wood",5,1800,1882,82,0,0,0
"2020-21","12384","Maryland","Alaysia Styles|Angel Reese|Ashley Owusu|Faith Masonius|Taisiya Kozlova",5,1667,1989,322,2,7,-5
"2020-21","12384","Northwestern","Courtney Shaw|Jordan Hamilton|Lindsey Pulliam|Sydney Wood|Veronica Burton",5,1882,2009,127,4,0,4
"2020-21","12384","Northwestern","Courtney Shaw|Jasmine McWilliams|Jordan Hamilton|Lindsey Pulliam|Veronica Burton",5,2009,2085,76,2,2,0
"2020-21","12384","Northwestern","Anna Morris|Jasmine McWilliams|Jordan Hamilton|Kaylah Rainey|Lindsey Pulliam",5,2085,2133,48,0,2,-2
"2020-21","12384","Northwestern","Anna Morris|Jasmine McWilliams|Jordan Hamilton|Kaylah Rainey|Lauryn Satterwhite",5,2133,2147,14,1,0,1
"2020-21","12384","Maryland","Alaysia Styles|Angel Reese|Faith Masonius|Taisiya Kozlova|Zoe Young",5,1989,2400,411,15,10,5
"2020-21","12384","Northwestern","Anna Morris|Jasmine McWilliams|Kaylah Rainey|Lauryn Satterwhite|Paige Mott",5,2147,2400,253,7,11,-4
"2020-21","12385","Iowa","Caitlin Clark|Gabbie Marshall|Kate Martin|McKenna Warnock|Monika Czinano",5,0,214,214,7,15,-8
"2020-21","12385","Maryland","Ashley Owusu|Chloe Bibby|Diamond Miller|Katie Benzan|Mimi Collins",5,0,342,342,19,12,7
"2020-21","12385","Iowa","Caitlin Clark|Gabbie Marshall|Kate Martin|Monika Czinano|Tomi Taiwo",5,214,342,128,6,4,2
"2020-21","12385","Iowa","Caitlin Clark|Gabbie Marshall|McKenna Warnock|Monika Czinano|Tomi Taiwo",5,342,532,190,5,10,-5
"2020-21","12385","Maryland","Angel Reese|Ashley Owusu|Chloe Bibby|Faith Masonius|Katie Benzan",5,342,600,258,10,6,4
"2020-21","12385","Iowa","Caitlin Clark|Kate Martin|McKenna Warnock|Megan Meyer|Monika Czinano",5,532,666,134,3,2,1
"2020-21","12385","Maryland","Ashley Owusu|Diamond Miller|Faith Masonius|Katie Benzan|Mimi Collins",5,600,726,126,9,5,4
"2020-21","12385","Maryland","Ashley Owusu|Chloe Bibby|Diamond Miller|Faith Masonius|Mimi Collins",5,726,792,66,0,7,-7
"2020-21","12385","Iowa","Caitlin Clark|Gabbie Marshall|Kate Martin|McKenna Warnock|Monika Czinano",5,666,819,153,9,7,2
"2020-21","12385","Maryland","Chloe Bibby|Diamond Miller|Faith Masonius|Katie Benzan|Mimi Collins",5,792,819,27,0,0,0
"2020-21","12385","Maryland","Alaysia Styles|Diamond Miller|Faith Masonius|Katie Benzan|Mimi Collins",5,819,844,25,0,0,0
"2020-21","12385","Iowa","Caitlin Clark|Kate Martin|McKenna Warnock|Megan Meyer|Sharon Goodman",5,819,871,52,0,2,-2
"2020-21","12385","Iowa","Gabbie Marshall|Kate Martin|McKenna Warnock|Monika Czinano|Tomi Taiwo",5,871,935,64,0,4,-4
"2020-21","12385","Maryland","Alaysia Styles|Angel Reese|Diamond Miller|Faith Masonius|Katie Benzan",5,844,935,91,6,0,6
"2020-21","12385","Maryland","Alaysia Styles|Angel Reese|Ashley Owusu|Faith Masonius|Katie Benzan",5,935,1024,89,2,2,0
"2020-21","12385","Iowa","Caitlin Clark|Gabbie Marshall|Kate Martin|McKenna Warnock|Monika Czinano",5,935,1074,139,3,6,-3
"2020-21","12385","Maryland","Angel Reese|Ashley Owusu|Faith Masonius|Katie Benzan|Mimi Collins",5,1024,1106,82,4,1,3
"2020-21","12385","Maryland","Ashley Owusu|Chloe Bibby|Diamond Miller|Katie Benzan|Mimi Collins",5,1106,1129,23,3,1,2
"2020-21","12385","Iowa","Alexis Sevillian|Caitlin Clark|Kate Martin|McKenna Warnock|Monika Czinano",5,1074,1129,55,1,3,-2
"2020-21","12385","Maryland","Ashley Owusu|Chloe Bibby|Faith Masonius|Katie Benzan|Mimi Collins",5,1129,1200,71,2,3,-1
"2020-21","12385","Maryland","Ashley Owusu|Chloe Bibby|Diamond Miller|Katie Benzan|Mimi Collins",5,1200,1469,269,8,11,-3
"2020-21","12385","Maryland","Chloe Bibby|Diamond Miller|Faith Masonius|Katie Benzan|Mimi Collins",5,1469,1559,90,7,3,4
"2020-21","12385","Iowa","Caitlin Clark|Gabbie Marshall|Kate Martin|McKenna Warnock|Monika Czinano",5,1129,1559,430,17,17,0
"2020-21","12385","Iowa","Caitlin Clark|Gabbie Marshall|Kate Martin|Sharon Goodman|Tomi Taiwo",5,1559,1630,71,2,0,2
"2020-21","12385","Iowa","Caitlin Clark|Gabbie Marshall|Kate Martin|Monika Czinano|Tomi Taiwo",5,1630,1653,23,2,0,2
"2020-21","12385","Maryland","Angel Reese|Chloe Bibby|Diamond Miller|Faith Masonius|Katie Benzan",5,1559,1654,95,0,4,-4
"2020-21","12385","Iowa","Caitlin Clark|Gabbie Marshall|McKenna Warnock|Monika Czinano|Tomi Taiwo",5,1653,1706,53,0,5,-5
"2020-21","12385","Iowa","Gabbie Marshall|Kate Martin|McKenna Warnock|Megan Meyer|Monika Czinano",5,1706,1771,65,0,4,-4
"2020-21","12385","Maryland","Chloe Bibby|Diamond Miller|Faith Masonius|Katie Benzan|Mimi Collins",5,1654,1794,140,9,0,9
"2020-21","12385","Iowa","Caitlin Clark|Kate Martin|McKenna Warnock|Megan Meyer|Monika Czinano",5,1771,1844,73,2,0,2
"2020-21","12385","Maryland","Ashley Owusu|Chloe Bibby|Faith Masonius|Katie Benzan|Mimi Collins",5,1794,2027,233,9,9,0
"2020-21","12385","Maryland","Angel Reese|Ashley Owusu|Chloe Bibby|Faith Masonius|Katie Benzan",5,2027,2050,23,3,0,3
"2020-21","12385","Iowa","Caitlin Clark|Gabbie Marshall|Kate Martin|McKenna Warnock|Monika Czinano",5,1844,2050,206,7,12,-5
"2020-21","12385","Maryland","Angel Reese|Ashley Owusu|Chloe Bibby|Diamond Miller|Faith Masonius",5,2050,2097,47,2,0,2
"2020-21","12385","Iowa","Caitlin Clark|Kate Martin|McKenna Warnock|Sharon Goodman|Tomi Taiwo",5,2050,2147,97,5,3,2
"2020-21","12385","Maryland","Alaysia Styles|Angel Reese|Ashley Owusu|Diamond Miller|Faith Masonius",5,2097,2241,144,3,9,-6
"2020-21","12385","Iowa","Caitlin Clark|Kate Martin|McKenna Warnock|Monika Czinano|Tomi Taiwo",5,2147,2241,94,4,2,2
"2020-21","12385","Iowa","Caitlin Clark|Gabbie Marshall|Kate Martin|McKenna Warnock|Monika Czinano",5,2241,2294,53,2,3,-1
"2020-21","12385","Iowa","Gabbie Marshall|Kate Martin|Lauren Jensen|Logan Cook|Sharon Goodman",5,2294,2308,14,2,1,1
"2020-21","12385","Maryland","Alaysia Styles|Angel Reese|Faith Masonius|Taisiya Kozlova|Zoe Young",5,2241,2329,88,4,7,-3
"2020-21","12385","Maryland","Angel Reese|Chloe Bibby|Faith Masonius|Taisiya Kozlova|Zoe Young",5,2329,2338,9,0,1,-1
"2020-21","12385","Maryland","Alaysia Styles|Angel Reese|Faith Masonius|Taisiya Kozlova|Zoe Young",5,2338,2400,62,4,3,1
"2020-21","12385","Iowa","Alexis Sevillian|Lauren Jensen|Logan Cook|Shateah Wetering|Zion Sanders",5,2308,2400,92,7,4,3
"2020-21","12394","Maryland","Ashley Owusu|Chloe Bibby|Diamond Miller|Katie Benzan|Mimi Collins",5,0,317,317,15,6,9
"2020-21","12394","Maryland","Alaysia Styles|Ashley Owusu|Chloe Bibby|Faith Masonius|Katie Benzan",5,317,376,59,5,0,5
"2020-21","12394","Alabama","Ariyah Copeland|Hannah Barber|Jasmine Walker|Jordan Lewis|Megan Abrams",5,0,376,376,6,20,-14
"2020-21","12394","Alabama","Ariyah Copeland|Destiny Rice|Jasmine Walker|Jordan Lewis|Megan Abrams",5,376,396,20,0,0,0
"2020-21","12394","Maryland","Alaysia Styles|Ashley Owusu|Chloe Bibby|Diamond Miller|Faith Masonius",5,376,525,149,2,3,-1
"2020-21","12394","Maryland","Chloe Bibby|Diamond Miller|Faith Masonius|Katie Benzan|Mimi Collins",5,525,556,31,4,0,4
"2020-21","12394","Maryland","Angel Reese|Chloe Bibby|Diamond Miller|Faith Masonius|Katie Benzan",5,556,600,44,4,0,4
"2020-21","12394","Alabama","Allie Craig Cruce|Destiny Rice|Jasmine Walker|Jordan Lewis|Megan Abrams",5,396,600,204,3,10,-7
"2020-21","12394","Maryland","Angel Reese|Ashley Owusu|Chloe Bibby|Diamond Miller|Faith Masonius",5,600,718,118,5,5,0
"2020-21","12394","Alabama","Ariyah Copeland|Destiny Rice|Hannah Barber|Jasmine Walker|Jordan Lewis",5,600,718,118,5,6,-1
"2020-21","12394","Maryland","Ashley Owusu|Chloe Bibby|Diamond Miller|Katie Benzan|Mimi Collins",5,718,740,22,1,0,1
"2020-21","12394","Maryland","Alaysia Styles|Ashley Owusu|Chloe Bibby|Katie Benzan|Mimi Collins",5,740,856,116,2,5,-3
"2020-21","12394","Alabama","Ariyah Copeland|Destiny Rice|Hannah Barber|Jasmine Walker|Taylor Sutton",5,718,856,138,5,2,3
"2020-21","12394","Alabama","Ariyah Copeland|Hannah Barber|Megan Abrams|Myra Gordon|Taylor Sutton",5,856,901,45,0,2,-2
"2020-21","12394","Maryland","Angel Reese|Ashley Owusu|Diamond Miller|Katie Benzan|Mimi Collins",5,856,950,94,4,0,4
"2020-21","12394","Alabama","Allie Craig Cruce|Hannah Barber|Megan Abrams|Myra Gordon|Taylor Sutton",5,901,950,49,0,2,-2
"2020-21","12394","Maryland","Angel Reese|Ashley Owusu|Chloe Bibby|Katie Benzan|Mimi Collins",5,950,966,16,0,0,0
"2020-21","12394","Alabama","Allie Craig Cruce|Hannah Barber|Jasmine Walker|Jordan Lewis|Myra Gordon",5,950,1057,107,4,4,0
"2020-21","12394","Alabama","Ariyah Copeland|Hannah Barber|Jasmine Walker|Jordan Lewis|Myra Gordon",5,1057,1107,50,0,4,-4
"2020-21","12394","Alabama","Ariyah Copeland|Destiny Rice|Jasmine Walker|Jordan Lewis|Myra Gordon",5,1107,1141,34,2,0,2
"2020-21","12394","Maryland","Angel Reese|Ashley Owusu|Chloe Bibby|Faith Masonius|Katie Benzan",5,966,1200,234,12,6,6
"2020-21","12394","Alabama","Ariyah Copeland|Destiny Rice|Hannah Barber|Jasmine Walker|Myra Gordon",5,1141,1200,59,0,4,-4
"2020-21","12394","Alabama","Ariyah Copeland|Hannah Barber|Jasmine Walker|Jordan Lewis|Megan Abrams",5,1200,1495,295,14,11,3
"2020-21","12394","Maryland","Ashley Owusu|Chloe Bibby|Diamond Miller|Katie Benzan|Mimi Collins",5,1200,1547,347,15,14,1
"2020-21","12394","Alabama","Allie Craig Cruce|Destiny Rice|Jasmine Walker|Jordan Lewis|Megan Abrams",5,1495,1577,82,0,6,-6
"2020-21","12394","Maryland","Angel Reese|Ashley Owusu|Diamond Miller|Faith Masonius|Katie Benzan",5,1547,1628,81,4,2,2
"2020-21","12394","Maryland","Alaysia Styles|Angel Reese|Ashley Owusu|Diamond Miller|Faith Masonius",5,1628,1683,55,2,1,1
"2020-21","12394","Alabama","Allie Craig Cruce|Destiny Rice|Jasmine Walker|Jordan Lewis|Myra Gordon",5,1577,1683,106,3,4,-1
"2020-21","12394","Alabama","Allie Craig Cruce|Jasmine Walker|Jordan Lewis|Megan Abrams|Myra Gordon",5,1683,1800,117,4,4,0
"2020-21","12394","Maryland","Alaysia Styles|Angel Reese|Ashley Owusu|Faith Masonius|Taisiya Kozlova",5,1683,1800,117,4,4,0
"2020-21","12394","Maryland","Alaysia Styles|Angel Reese|Faith Masonius|Katie Benzan|Taisiya Kozlova",5,1800,1832,32,0,0,0
"2020-21","12394","Maryland","Alaysia Styles|Angel Reese|Katie Benzan|Mimi Collins|Taisiya Kozlova",5,1832,1883,51,1,2,-1
"2020-21","12394","Alabama","Ariyah Copeland|Hannah Barber|Jasmine Walker|Jordan Lewis|Myra Gordon",5,1800,1909,109,2,4,-2
"2020-21","12394","Maryland","Alaysia Styles|Diamond Miller|Katie Benzan|Mimi Collins|Taisiya Kozlova",5,1883,1941,58,3,2,1
"2020-21","12394","Maryland","Alaysia Styles|Diamond Miller|Faith Masonius|Katie Benzan|Taisiya Kozlova",5,1941,2103,162,8,1,7
"2020-21","12394","Alabama","Ariyah Copeland|Jasmine Walker|Jordan Lewis|Myra Gordon|Taylor Sutton",5,1909,2103,194,3,8,-5
"2020-21","12394","Alabama","Allie Craig Cruce|Ariyah Copeland|Destiny Rice|Jordan Lewis|Taylor Sutton",5,2103,2231,128,5,6,-1
"2020-21","12394","Alabama","Allie Craig Cruce|Hannah Barber|Jasmine Walker|Megan Abrams|Taylor Sutton",5,2231,2342,111,4,3,1
"2020-21","12394","Maryland","Alaysia Styles|Angel Reese|Faith Masonius|Taisiya Kozlova|Zoe Young",5,2103,2400,297,9,13,-4
"2020-21","12394","Alabama","Allie Craig Cruce|Destiny Rice|Hannah Barber|Myra Gordon|Taylor Sutton",5,2342,2400,58,4,0,4
