"source_id","file_id","team","player_name","player_number","stint_index","in_seconds","out_seconds","duration","pts_for","pts_against","plus_minus","starter"
"2020-21","12076","Davidson","Katie Turner",1,1,0,430,430,10,16,-6,1
"2020-21","12076","Davidson","Chloe Welch",2,1,0,219,219,4,10,-6,1
"2020-21","12076","Davidson","Sarah Konstans",10,1,0,136,136,2,6,-4,1
"2020-21","12076","Davidson","Cassidy Gould",14,1,0,211,211,4,10,-6,1
"2020-21","12076","Davidson","Peyton Carter",21,1,0,136,136,2,6,-4,1
"2020-21","12076","Maryland","Diamond Miller",1,1,0,454,454,17,12,5,1
"2020-21","12076","Maryland","Angel Reese",10,1,0,226,226,10,4,6,1
"2020-21","12076","Maryland","Katie Benzan",11,1,0,948,948,30,28,2,1
"2020-21","12076","Maryland","Ashley Owusu",15,1,0,211,211,10,4,6,1
"2020-21","12076","Maryland","Chloe Bibby",55,1,0,211,211,10,4,6,1
"2020-21","12076","Davidson","Cameron Tabor",20,1,136,626,490,13,13,0,0
"2020-21","12076","Davidson","Adelaide Fuller",24,1,136,405,269,8,10,-2,0
"2020-21","12076","Davidson","Sarah Konstans",10,2,211,549,338,8,9,-1,0
"2020-21","12076","Maryland","Channise Lewis",3,1,211,611,400,9,11,-2,0
"2020-21","12076","Maryland","Faith Masonius",13,1,211,442,231,7,6,1,0
"2020-21","12076","Davidson","Cassidy Gould",14,2,219,246,27,0,0,0,0
"2020-21","12076","Maryland","Mimi Collins",2,1,226,398,172,6,6,0,0
"2020-21","12076","Davidson","Chloe Welch",2,2,246,708,462,11,14,-3,0
"2020-21","12076","Maryland","Chloe Bibby",55,2,398,430,32,0,0,0,0
"2020-21","12076","Davidson","Peyton Carter",21,2,405,505,100,2,3,-1,0
"2020-21","12076","Davidson","Kelly Fitzgerald",4,1,430,590,160,5,3,2,0
"2020-21","12076","Maryland","Mimi Collins",2,2,430,611,181,3,5,-2,0
"2020-21","12076","Maryland","Angel Reese",10,2,442,460,18,0,2,-2,0
"2020-21","12076","Maryland","Ashley Owusu",15,2,454,505,51,2,0,2,0
"2020-21","12076","Maryland","Chloe Bibby",55,3,460,842,382,9,10,-1,0
"2020-21","12076","Davidson","Adelaide Fuller",24,2,505,708,203,3,5,-2,0
"2020-21","12076","Maryland","Taisiya Kozlova",14,1,505,962,457,11,18,-7,0
"2020-21","12076","Davidson","Saeeda Abdul-Aziz",32,1,549,611,62,3,0,3,0
"2020-21","12076","Davidson","Cassidy Gould",14,3,590,716,126,1,5,-4,0
"2020-21","12076","Davidson","Katie Turner",1,2,611,1155,544,22,21,1,0
"2020-21","12076","Maryland","Diamond Miller",1,2,611,766,155,5,3,2,0
"2020-21","12076","Maryland","Faith Masonius",13,2,611,626,15,0,0,0,0
"2020-21","12076","Davidson","Sarah Konstans",10,3,626,842,216,7,7,0,0
"2020-21","12076","Maryland","Angel Reese",10,3,626,646,20,0,0,0,0
"2020-21","12076","Maryland","Faith Masonius",13,3,646,1660,1014,42,34,8,0
"2020-21","12076","Davidson","Cameron Tabor",20,2,708,1024,316,15,10,5,0
"2020-21","12076","Davidson","Peyton Carter",21,3,708,847,139,7,2,5,0
"2020-21","12076","Davidson","Chloe Welch",2,3,716,1415,699,27,30,-3,0
"2020-21","12076","Maryland","Channise Lewis",3,2,766,1200,434,16,19,-3,0
"2020-21","12076","Davidson","Cassidy Gould",14,4,842,1504,662,23,28,-5,0
"2020-21","12076","Maryland","Mimi Collins",2,3,842,1200,358,14,15,-1,0
"2020-21","12076","Davidson","Adelaide Fuller",24,3,847,1024,177,8,8,0,0
"2020-21","12076","Maryland","Ashley Owusu",15,3,948,1024,76,4,2,2,0
"2020-21","12076","Maryland","Katie Benzan",11,2,962,1714,752,35,19,16,0
"2020-21","12076","Davidson","Sarah Konstans",10,4,1024,1516,492,15,20,-5,0
"2020-21","12076","Davidson","Peyton Carter",21,4,1024,1155,131,7,6,1,0
"2020-21","12076","Maryland","Taisiya Kozlova",14,2,1024,1200,176,6,7,-1,0
"2020-21","12076","Davidson","Cameron Tabor",20,3,1155,1200,45,0,0,0,0
"2020-21","12076","Davidson","Adelaide Fuller",24,4,1155,1200,45,0,0,0,0
"2020-21","12076","Davidson","Katie Turner",1,3,1200,1295,95,0,7,-7,0
"2020-21","12076","Davidson","Peyton Carter",21,5,1200,1214,14,0,0,0,0
"2020-21","12076","Maryland","Diamond Miller",1,3,1200,1406,206,14,6,8,0
"2020-21","12076","Maryland","Angel Reese",10,4,1200,1406,206,14,6,8,0
"2020-21","12076","Maryland","Chloe Bibby",55,4,1200,2128,928,42,29,13,0
"2020-21","12076","Davidson","Adelaide Fuller",24,5,1214,1253,39,0,1,-1,0
"2020-21","12076","Davidson","Alana Davidson",34,1,1253,1486,233,8,13,-5,0
"2020-21","12076","Davidson","Cameron Tabor",20,4,1295,1351,56,0,3,-3,0
"2020-21","12076","Davidson","Katie Turner",1,4,1351,1406,55,6,4,2,0
"2020-21","12076","Davidson","Cameron Tabor",20,5,1406,1800,394,10,13,-3,0
"2020-21","12076","Maryland","Mimi Collins",2,4,1406,1649,243,7,4,3,0
"2020-21","12076","Maryland","Taisiya Kozlova",14,3,1406,1504,98,0,2,-2,0
"2020-21","12076","Davidson","Kelly Fitzgerald",4,2,1415,1649,234,4,7,-3,0
"2020-21","12076","Davidson","Peyton Carter",21,6,1486,1607,121,2,4,-2,0
"2020-21","12076","Davidson","Chloe Welch",2,4,1504,2060,556,19,26,-7,0
"2020-21","12076","Maryland","Ashley Owusu",15,4,1504,1607,103,5,2,3,0
"2020-21","12076","Davidson","Cassidy Gould",14,5,1516,2050,534,17,26,-9,0
"2020-21","12076","Davidson","Adelaide Fuller",24,6,1607,1914,307,13,17,-4,0
"2020-21","12076","Maryland","Diamond Miller",1,4,1607,2236,629,29,19,10,0
"2020-21","12076","Davidson","Alana Davidson",34,2,1649,1800,151,6,6,0,0
"2020-21","12076","Maryland","Ashley Owusu",15,5,1649,2041,392,19,15,4,0
"2020-21","12076","Maryland","Angel Reese",10,5,1660,1839,179,8,4,4,0
"2020-21","12076","Maryland","Channise Lewis",3,3,1714,1876,162,7,8,-1,0
"2020-21","12076","Davidson","Katie Turner",1,5,1800,2041,241,9,13,-4,0
"2020-21","12076","Davidson","Sarah Konstans",10,5,1800,2041,241,9,13,-4,0
"2020-21","12076","Maryland","Mimi Collins",2,5,1839,1899,60,6,7,-1,0
"2020-21","12076","Maryland","Katie Benzan",11,3,1876,2158,282,12,9,3,0
"2020-21","12076","Maryland","Faith Masonius",13,4,1899,1914,15,0,0,0,0
"2020-21","12076","Davidson","Peyton Carter",21,7,1914,2128,214,6,7,-1,0
"2020-21","12076","Maryland","Mimi Collins",2,6,1914,2400,486,19,12,7,0
"2020-21","12076","Davidson","Cameron Tabor",20,6,2041,2400,359,10,14,-4,0
"2020-21","12076","Davidson","Saeeda Abdul-Aziz",32,2,2041,2236,195,4,8,-4,0
"2020-21","12076","Maryland","Taisiya Kozlova",14,4,2041,2400,359,14,10,4,0
"2020-21","12076","Davidson","Kelly Fitzgerald",4,3,2050,2400,350,10,14,-4,0
"2020-21","12076","Davidson","Cassidy Gould",14,6,2060,2400,340,8,14,-6,0
"2020-21","12076","Davidson","Adelaide Fuller",24,7,2128,2236,108,0,6,-6,0
"2020-21","12076","Maryland","Angel Reese",10,6,2128,2400,272,12,6,6,0
"2020-21","12076","Maryland","Ashley Owusu",15,6,2158,2400,242,10,6,4,0
"2020-21","12076","Davidson","Sarah Konstans",10,6,2236,2356,120,3,6,-3,0
"2020-21","12076","Davidson","Alana Davidson",34,3,2236,2400,164,6,6,0,0
"2020-21","12076","Maryland","Channise Lewis",3,4,2236,2400,164,6,6,0,0
"2020-21","12076","Davidson","Saeeda Abdul-Aziz",32,3,2356,2400,44,3,0,3,0
"2020-21","12077","Maryland","Diamond Miller",1,1,0,437,437,18,14,4,1
"2020-21","12077","Maryland","Angel Reese",10,1,0,333,333,14,9,5,1
"2020-21","12077","Maryland","Katie Benzan",11,1,0,191,191,5,5,0,1
"2020-21","12077","Maryland","Ashley Owusu",15,1,0,1018,1018,36,24,12,1
"2020-21","12077","Maryland","Chloe Bibby",55,1,0,284,284,12,9,3,1
"2020-21","12077","Missouri St.","Abby Hipp",4,1,0,266,266,9,12,-3,1
"2020-21","12077","Missouri St.","Brice Calip",11,1,0,191,191,5,5,0,1
"2020-21","12077","Missouri St.","Sydney Wilson",21,1,0,266,266,9,12,-3,1
"2020-21","12077","Missouri St.","Mya Bhinhar",23,1,0,266,266,9,12,-3,1
"2020-21","12077","Missouri St.","Jasmine Franklin",32,1,0,240,240,9,10,-1,1
"2020-21","12077","Maryland","Channise Lewis",3,1,191,333,142,9,4,5,0
"2020-21","12077","Missouri St.","Elle Ruffridge",2,1,191,492,301,9,13,-4,0
"2020-21","12077","Missouri St.","Abigayle Jackson",0,1,240,561,321,5,12,-7,0
"2020-21","12077","Missouri St.","Brice Calip",11,2,266,492,226,5,6,-1,0
"2020-21","12077","Missouri St.","Sydney Manning",34,1,266,527,261,5,10,-5,0
"2020-21","12077","Missouri St.","Emily Gartner",50,1,266,350,84,0,4,-4,0
"2020-21","12077","Maryland","Faith Masonius",13,1,284,464,180,6,5,1,0
"2020-21","12077","Maryland","Katie Benzan",11,2,333,878,545,18,9,9,0
"2020-21","12077","Maryland","Chloe Bibby",55,2,333,1198,865,29,23,6,0
"2020-21","12077","Missouri St.","Jasmine Franklin",32,2,350,437,87,5,2,3,0
"2020-21","12077","Maryland","Mimi Collins",2,1,437,600,163,6,0,6,0
"2020-21","12077","Missouri St.","Abby Hipp",4,2,437,676,239,0,8,-8,0
"2020-21","12077","Maryland","Angel Reese",10,2,464,778,314,10,4,6,0
"2020-21","12077","Missouri St.","Sydney Wilson",21,2,492,695,203,0,8,-8,0
"2020-21","12077","Missouri St.","Mya Bhinhar",23,2,492,2034,1542,49,46,3,0
"2020-21","12077","Missouri St.","Elle Ruffridge",2,2,527,1153,626,15,21,-6,0
"2020-21","12077","Missouri St.","Emily Gartner",50,2,561,1018,457,10,14,-4,0
"2020-21","12077","Maryland","Diamond Miller",1,2,600,723,123,4,2,2,0
"2020-21","12077","Missouri St.","Abigayle Jackson",0,2,676,778,102,4,2,2,0
"2020-21","12077","Missouri St.","Sydney Manning",34,2,695,1046,351,11,12,-1,0
"2020-21","12077","Maryland","Faith Masonius",13,2,723,1109,386,15,11,4,0
"2020-21","12077","Maryland","Mimi Collins",2,2,778,1018,240,8,6,2,0
"2020-21","12077","Missouri St.","Abby Hipp",4,3,778,1046,268,7,10,-3,0
"2020-21","12077","Maryland","Channise Lewis",3,2,878,1200,322,11,14,-3,0
"2020-21","12077","Maryland","Angel Reese",10,3,1018,1342,324,9,17,-8,0
"2020-21","12077","Maryland","Katie Benzan",11,3,1018,2400,1382,36,57,-21,0
"2020-21","12077","Missouri St.","Abigayle Jackson",0,3,1018,1200,182,8,7,1,0
"2020-21","12077","Missouri St.","Brice Calip",11,3,1046,2400,1354,56,34,22,0
"2020-21","12077","Missouri St.","Jasmine Franklin",32,3,1046,1475,429,25,7,18,0
"2020-21","12077","Maryland","Ashley Owusu",15,2,1109,2082,973,21,39,-18,0
"2020-21","12077","Missouri St.","Sydney Wilson",21,3,1153,2400,1247,52,29,23,0
"2020-21","12077","Maryland","Faith Masonius",13,3,1198,1200,2,0,0,0,0
"2020-21","12077","Maryland","Diamond Miller",1,3,1200,1414,214,2,14,-12,0
"2020-21","12077","Maryland","Chloe Bibby",55,3,1200,1414,214,2,14,-12,0
"2020-21","12077","Missouri St.","Abby Hipp",4,4,1200,1475,275,18,2,16,0
"2020-21","12077","Maryland","Mimi Collins",2,3,1342,1608,266,2,9,-7,0
"2020-21","12077","Maryland","Channise Lewis",3,3,1414,1800,386,7,9,-2,0
"2020-21","12077","Maryland","Angel Reese",10,4,1414,1745,331,7,8,-1,0
"2020-21","12077","Missouri St.","Abigayle Jackson",0,4,1475,1505,30,0,2,-2,0
"2020-21","12077","Missouri St.","Emily Gartner",50,3,1475,1608,133,0,2,-2,0
"2020-21","12077","Missouri St.","Jasmine Franklin",32,4,1505,2376,871,29,23,6,0
"2020-21","12077","Maryland","Faith Masonius",13,4,1608,1795,187,5,5,0,0
"2020-21","12077","Missouri St.","Abby Hipp",4,5,1608,1914,306,9,7,2,0
"2020-21","12077","Maryland","Mimi Collins",2,4,1745,1800,55,0,1,-1,0
"2020-21","12077","Maryland","Angel Reese",10,5,1795,2034,239,12,8,4,0
"2020-21","12077","Maryland","Diamond Miller",1,4,1800,1914,114,2,4,-2,0
"2020-21","12077","Maryland","Chloe Bibby",55,4,1800,2082,282,12,11,1,0
"2020-21","12077","Maryland","Channise Lewis",3,4,1914,2187,273,12,11,1,0
"2020-21","12077","Missouri St.","Emily Gartner",50,4,1914,2187,273,11,12,-1,0
"2020-21","12077","Maryland","Mimi Collins",2,5,2034,2349,315,4,15,-11,0
"2020-21","12077","Missouri St.","Sydney Manning",34,3,2034,2368,334,15,4,11,0
"2020-21","12077","Maryland","Diamond Miller",1,5,2082,2327,245,4,11,-7,0
"2020-21","12077","Maryland","Angel Reese",10,6,2082,2187,105,2,4,-2,0
"2020-21","12077","Maryland","Faith Masonius",13,5,2187,2275,88,2,4,-2,0
"2020-21","12077","Maryland","Ashley Owusu",15,3,2187,2400,213,6,11,-5,0
"2020-21","12077","Missouri St.","Abby Hipp",4,6,2187,2400,213,11,6,5,0
"2020-21","12077","Maryland","Angel Reese",10,7,2275,2327,52,0,3,-3,0
"2020-21","12077","Maryland","Channise Lewis",3,5,2327,2376,49,2,2,0,0
"2020-21","12077","Maryland","Chloe Bibby",55,5,2327,2400,73,4,4,0,0
"2020-21","12077","Maryland","Angel Reese",10,8,2349,2400,51,4,3,1,0
"2020-21","12077","Missouri St.","Mya Bhinhar",23,3,2368,2400,32,3,4,-1,0
"2020-21","12077","Maryland","Diamond Miller",1,6,2376,2400,24,2,2,0,0
"2020-21","12077","Missouri St.","Sydney Manning",34,4,2376,2400,24,2,2,0,0
"2020-21","12078","Arkansas","Destiny Slocum",12,1,0,373,373,11,19,-8,1
"2020-21","12078","Arkansas","Amber Ramirez",23,1,0,435,435,11,21,-10,1
"2020-21","12078","Arkansas","Taylah Thomas",24,1,0,302,302,9,13,-4,1
"2020-21","12078","Arkansas","Chelsea Dungee",33,1,0,373,373,11,19,-8,1
"2020-21","12078","Arkansas","Makayla Daniels",43,1,0,302,302,9,13,-4,1
"2020-21","12078","Maryland","Diamond Miller",1,1,0,302,302,13,9,4,1
"2020-21","12078","Maryland","Angel Reese",10,1,0,151,151,6,5,1,1
"2020-21","12078","Maryland","Katie Benzan",11,1,0,585,585,25,17,8,1
"2020-21","12078","Maryland","Ashley Owusu",15,1,0,373,373,19,11,8,1
"2020-21","12078","Maryland","Chloe Bibby",55,1,0,1520,1520,80,54,26,1
"2020-21","12078","Maryland","Mimi Collins",2,1,151,171,20,0,0,0,0
"2020-21","12078","Maryland","Faith Masonius",13,1,171,602,431,21,12,9,0
"2020-21","12078","Arkansas","Erynn Barnum",4,1,302,515,213,4,12,-8,0
"2020-21","12078","Arkansas","Jailyn Mason",14,1,302,741,439,13,25,-12,0
"2020-21","12078","Maryland","Channise Lewis",3,1,302,649,347,17,11,6,0
"2020-21","12078","Arkansas","Taylah Thomas",24,2,373,649,276,9,11,-2,0
"2020-21","12078","Arkansas","Makayla Daniels",43,2,373,867,494,17,23,-6,0
"2020-21","12078","Maryland","Diamond Miller",1,2,373,459,86,3,0,3,0
"2020-21","12078","Arkansas","Destiny Slocum",12,2,435,442,7,0,1,-1,0
"2020-21","12078","Arkansas","Marquesha Davis",1,1,442,649,207,9,8,1,0
"2020-21","12078","Maryland","Ashley Owusu",15,2,459,962,503,26,21,5,0
"2020-21","12078","Arkansas","Chelsea Dungee",33,2,515,1626,1111,46,63,-17,0
"2020-21","12078","Maryland","Taisiya Kozlova",14,1,585,649,64,5,3,2,0
"2020-21","12078","Maryland","Angel Reese",10,2,602,717,115,9,5,4,0
"2020-21","12078","Arkansas","Erynn Barnum",4,2,649,885,236,8,13,-5,0
"2020-21","12078","Arkansas","Amber Ramirez",23,2,649,1482,833,30,46,-16,0
"2020-21","12078","Maryland","Diamond Miller",1,3,649,1722,1073,62,44,18,0
"2020-21","12078","Maryland","Faith Masonius",13,2,649,853,204,10,8,2,0
"2020-21","12078","Maryland","Mimi Collins",2,2,717,962,245,12,10,2,0
"2020-21","12078","Arkansas","Destiny Slocum",12,3,741,2130,1389,59,65,-6,0
"2020-21","12078","Maryland","Channise Lewis",3,2,853,1201,348,17,9,8,0
"2020-21","12078","Arkansas","Marquesha Davis",1,2,867,987,120,4,6,-2,0
"2020-21","12078","Arkansas","Taylah Thomas",24,3,885,1352,467,16,24,-8,0
"2020-21","12078","Maryland","Faith Masonius",13,3,962,1201,239,9,5,4,0
"2020-21","12078","Maryland","Taisiya Kozlova",14,2,962,1201,239,9,5,4,0
"2020-21","12078","Arkansas","Jailyn Mason",14,2,987,1201,214,5,9,-4,0
"2020-21","12078","Arkansas","Makayla Daniels",43,3,1201,1419,218,9,17,-8,0
"2020-21","12078","Maryland","Angel Reese",10,3,1201,1458,257,17,11,6,0
"2020-21","12078","Maryland","Katie Benzan",11,2,1201,1722,521,35,27,8,0
"2020-21","12078","Maryland","Ashley Owusu",15,3,1201,1524,323,23,17,6,0
"2020-21","12078","Arkansas","Erynn Barnum",4,3,1352,1482,130,6,9,-3,0
"2020-21","12078","Arkansas","Jailyn Mason",14,3,1419,1800,381,24,24,0,0
"2020-21","12078","Maryland","Mimi Collins",2,3,1458,1938,480,24,27,-3,0
"2020-21","12078","Arkansas","Macy Weaver",30,1,1482,1626,144,9,12,-3,0
"2020-21","12078","Arkansas","Makayla Daniels",43,4,1482,1722,240,15,16,-1,0
"2020-21","12078","Maryland","Angel Reese",10,4,1520,1774,254,16,16,0,0
"2020-21","12078","Maryland","Chloe Bibby",55,2,1524,2231,707,25,33,-8,0
"2020-21","12078","Arkansas","Marquesha Davis",1,3,1626,1993,367,19,10,9,0
"2020-21","12078","Arkansas","Taylah Thomas",24,4,1626,1895,269,14,10,4,0
"2020-21","12078","Arkansas","Amber Ramirez",23,3,1722,2130,408,16,11,5,0
"2020-21","12078","Maryland","Channise Lewis",3,3,1722,1809,87,6,6,0,0
"2020-21","12078","Maryland","Ashley Owusu",15,4,1722,2191,469,11,19,-8,0
"2020-21","12078","Maryland","Diamond Miller",1,4,1774,2269,495,11,18,-7,0
"2020-21","12078","Arkansas","Chelsea Dungee",33,3,1800,1980,180,8,0,8,0
"2020-21","12078","Maryland","Katie Benzan",11,3,1809,2400,591,17,26,-9,0
"2020-21","12078","Arkansas","Erynn Barnum",4,4,1895,2130,235,8,5,3,0
"2020-21","12078","Maryland","Faith Masonius",13,4,1938,2130,192,5,6,-1,0
"2020-21","12078","Arkansas","Jailyn Mason",14,4,1980,2400,420,18,17,1,0
"2020-21","12078","Arkansas","Makayla Daniels",43,5,1993,2285,292,12,9,3,0
"2020-21","12078","Arkansas","Marquesha Davis",1,4,2130,2400,270,15,12,3,0
"2020-21","12078","Arkansas","Rylee Langerman",11,1,2130,2400,270,15,12,3,0
"2020-21","12078","Arkansas","Destinee Oberg",25,1,2130,2400,270,15,12,3,0
"2020-21","12078","Maryland","Angel Reese",10,5,2130,2367,237,9,13,-4,0
"2020-21","12078","Maryland","Channise Lewis",3,4,2191,2400,209,12,13,-1,0
"2020-21","12078","Maryland","Mimi Collins",2,4,2231,2400,169,10,9,1,0
"2020-21","12078","Maryland","Taisiya Kozlova",14,3,2269,2400,131,8,8,0,0
"2020-21","12078","Arkansas","Avery Hughes",22,1,2285,2400,115,6,8,-2,0
"2020-21","12078","Maryland","Faith Masonius",13,5,2367,2400,33,3,2,1,0
"2020-21","12079","Maryland","Diamond Miller",1,1,0,415,415,20,8,12,1
"2020-21","12079","Maryland","Angel Reese",10,1,0,167,167,9,5,4,1
"2020-21","12079","Maryland","Katie Benzan",11,1,0,659,659,33,16,17,1
"2020-21","12079","Maryland","Ashley Owusu",15,1,0,298,298,15,8,7,1
"2020-21","12079","Maryland","Chloe Bibby",55,1,0,298,298,15,8,7,1
"2020-21","12079","Towson","Allie Kubek",0,1,0,222,222,6,13,-7,1
"2020-21","12079","Towson","Aleah Nelson",4,1,0,422,422,8,23,-15,1
"2020-21","12079","Towson","Wiebke Schwartau",13,1,0,222,222,6,13,-7,1
"2020-21","12079","Towson","Kionna Jeter",21,1,0,474,474,8,26,-18,1
"2020-21","12079","Towson","Shavonne Smith",23,1,0,329,329,8,18,-10,1
"2020-21","12079","Maryland","Mimi Collins",2,1,167,693,526,27,12,15,0
"2020-21","12079","Towson","LaKaitlin Wright",22,1,222,474,252,2,13,-11,0
"2020-21","12079","Towson","Tess Borgosz",24,1,222,474,252,2,13,-11,0
"2020-21","12079","Maryland","Channise Lewis",3,1,298,600,302,15,6,9,0
"2020-21","12079","Maryland","Faith Masonius",13,1,298,474,176,13,0,13,0
"2020-21","12079","Towson","Skye Williams",1,1,329,659,330,9,15,-6,0
"2020-21","12079","Maryland","Ashley Owusu",15,2,415,1436,1021,44,33,11,0
"2020-21","12079","Towson","Shavonne Smith",23,2,422,574,152,6,5,1,0
"2020-21","12079","Maryland","Chloe Bibby",55,2,474,880,406,16,11,5,0
"2020-21","12079","Towson","Allie Kubek",0,2,474,1073,599,17,23,-6,0
"2020-21","12079","Towson","Aleah Nelson",4,2,474,970,496,12,18,-6,0
"2020-21","12079","Towson","Wiebke Schwartau",13,2,474,747,273,9,16,-7,0
"2020-21","12079","Towson","Tarriyonna Gary",33,1,574,600,26,0,2,-2,0
"2020-21","12079","Maryland","Diamond Miller",1,2,600,659,59,3,2,1,0
"2020-21","12079","Towson","Shavonne Smith",23,3,600,1005,405,8,17,-9,0
"2020-21","12079","Maryland","Channise Lewis",3,2,659,844,185,9,3,6,0
"2020-21","12079","Maryland","Katie Benzan",11,2,659,711,52,3,1,2,0
"2020-21","12079","Towson","Kionna Jeter",21,2,659,711,52,0,3,-3,0
"2020-21","12079","Maryland","Faith Masonius",13,2,693,1200,507,19,13,6,0
"2020-21","12079","Maryland","Diamond Miller",1,3,711,844,133,6,2,4,0
"2020-21","12079","Towson","Skye Williams",1,2,711,882,171,3,8,-5,0
"2020-21","12079","Towson","Tess Borgosz",24,2,747,844,97,2,2,0,0
"2020-21","12079","Maryland","Katie Benzan",11,3,844,1436,592,22,22,0,0
"2020-21","12079","Maryland","Taisiya Kozlova",14,1,844,1005,161,5,3,2,0
"2020-21","12079","Towson","Bianca Glover",35,1,844,1040,196,4,3,1,0
"2020-21","12079","Maryland","Mimi Collins",2,2,880,1375,495,18,20,-2,0
"2020-21","12079","Towson","Kionna Jeter",21,3,882,1751,869,37,32,5,0
"2020-21","12079","Towson","Skye Williams",1,3,970,1105,135,7,7,0,0
"2020-21","12079","Maryland","Diamond Miller",1,4,1005,1040,35,0,1,-1,0
"2020-21","12079","Towson","Tarriyonna Gary",33,2,1005,1200,195,8,8,0,0
"2020-21","12079","Maryland","Channise Lewis",3,3,1040,1200,160,8,7,1,0
"2020-21","12079","Towson","Wiebke Schwartau",13,3,1040,1200,160,7,8,-1,0
"2020-21","12079","Towson","Tess Borgosz",24,3,1073,1200,127,5,6,-1,0
"2020-21","12079","Towson","Aleah Nelson",4,3,1105,2305,1200,48,55,-7,0
"2020-21","12079","Maryland","Diamond Miller",1,5,1200,1255,55,2,3,-1,0
"2020-21","12079","Maryland","Chloe Bibby",55,3,1200,1751,551,21,27,-6,0
"2020-21","12079","Towson","Allie Kubek",0,3,1200,1485,285,12,9,3,0
"2020-21","12079","Towson","LaKaitlin Wright",22,2,1200,1436,236,11,9,2,0
"2020-21","12079","Towson","Shavonne Smith",23,4,1200,1375,175,9,7,2,0
"2020-21","12079","Maryland","Channise Lewis",3,4,1255,1633,378,13,15,-2,0
"2020-21","12079","Maryland","Faith Masonius",13,3,1375,2400,1025,50,39,11,0
"2020-21","12079","Towson","Bianca Glover",35,2,1375,1493,118,3,2,1,0
"2020-21","12079","Maryland","Diamond Miller",1,6,1436,2305,869,42,34,8,0
"2020-21","12079","Maryland","Katie Benzan",11,4,1436,1546,110,3,3,0,0
"2020-21","12079","Maryland","Taisiya Kozlova",14,2,1436,1893,457,16,24,-8,0
"2020-21","12079","Towson","Tarriyonna Gary",33,3,1436,1769,333,18,12,6,0
"2020-21","12079","Towson","Tess Borgosz",24,4,1485,1633,148,6,6,0,0
"2020-21","12079","Towson","LaKaitlin Wright",22,3,1493,1546,53,2,3,-1,0
"2020-21","12079","Maryland","Ashley Owusu",15,3,1546,1751,205,9,13,-4,0
"2020-21","12079","Towson","Wiebke Schwartau",13,4,1546,1751,205,13,9,4,0
"2020-21","12079","Towson","Shavonne Smith",23,5,1633,1893,260,17,10,7,0
"2020-21","12079","Maryland","Mimi Collins",2,3,1751,1893,142,4,8,-4,0
"2020-21","12079","Maryland","Katie Benzan",11,5,1751,2166,415,21,14,7,0
"2020-21","12079","Towson","Allie Kubek",0,4,1751,1981,230,10,9,1,0
"2020-21","12079","Towson","Skye Williams",1,4,1751,1800,49,2,1,1,0
"2020-21","12079","Towson","Kionna Jeter",21,4,1769,1981,212,8,9,-1,0
"2020-21","12079","Towson","LaKaitlin Wright",22,4,1800,2029,229,9,13,-4,0
"2020-21","12079","Maryland","Ashley Owusu",15,4,1893,2166,273,17,6,11,0
"2020-21","12079","Maryland","Chloe Bibby",55,4,1893,2166,273,17,6,11,0
"2020-21","12079","Towson","Tarriyonna Gary",33,4,1893,1981,88,2,5,-3,0
"2020-21","12079","Towson","Skye Williams",1,5,1981,2029,48,1,5,-4,0
"2020-21","12079","Towson","Shavonne Smith",23,6,1981,2121,140,4,8,-4,0
"2020-21","12079","Towson","Tess Borgosz",24,5,1981,2121,140,4,8,-4,0
"2020-21","12079","Towson","Kionna Jeter",21,5,2029,2305,276,7,16,-9,0
"2020-21","12079","Towson","Bianca Glover",35,3,2029,2121,92,3,3,0,0
"2020-21","12079","Towson","Allie Kubek",0,5,2121,2305,184,4,13,-9,0
"2020-21","12079","Towson","LaKaitlin Wright",22,5,2121,2305,184,4,13,-9,0
"2020-21","12079","Towson","Tarriyonna Gary",33,5,2121,2400,279,7,19,-12,0
"2020-21","12079","Maryland","Mimi Collins",2,4,2166,2400,234,15,7,8,0
"2020-21","12079","Maryland","Channise Lewis",3,5,2166,2400,234,15,7,8,0
"2020-21","12079","Maryland","Taisiya Kozlova",14,3,2166,2400,234,15,7,8,0
"2020-21","12079","Maryland","Chloe Bibby",55,5,2305,2400,95,6,3,3,0
"2020-21","12079","Towson","Skye Williams",1,6,2305,2400,95,3,6,-3,0
"2020-21","12079","Towson","Maggie Sharp",3,1,2305,2400,95,3,6,-3,0
"2020-21","12079","Towson","Wiebke Schwartau",13,5,2305,2400,95,3,6,-3,0
"2020-21","12079","Towson","Tess Borgosz",24,6,2305,2400,95,3,6,-3,0
"2020-21","12109","Maryland","Diamond Miller",1,1,0,835,835,32,32,0,1
"2020-21","12109","Maryland","Katie Benzan",11,1,0,314,314,10,11,-1,1
"2020-21","12109","Maryland","Faith Masonius",13,1,0,164,164,6,4,2,1
"2020-21","12109","Maryland","Ashley Owusu",15,1,0,451,451,14,16,-2,1
"2020-21","12109","Maryland","Chloe Bibby",55,1,0,973,973,34,36,-2,1
"2020-21","12109","Rutgers","Zipporah Broughton",1,1,0,600,600,20,22,-2,1
"2020-21","12109","Rutgers","Mael Gilles",13,1,0,2400,2400,87,91,-4,1
"2020-21","12109","Rutgers","Tyia Singleton",22,1,0,239,239,7,10,-3,1
"2020-21","12109","Rutgers","Arella Guirantes",24,1,0,2400,2400,87,91,-4,1
"2020-21","12109","Rutgers","Tekia Mack",31,1,0,314,314,12,10,2,1
"2020-21","12109","Maryland","Mimi Collins",2,1,164,521,357,11,12,-1,0
"2020-21","12109","Rutgers","Diamond Johnson",3,1,239,991,752,29,24,5,0
"2020-21","12109","Maryland","Channise Lewis",3,1,314,600,286,12,9,3,0
"2020-21","12109","Rutgers","Erica Lafayette",10,1,314,600,286,8,12,-4,0
"2020-21","12109","Maryland","Katie Benzan",11,2,451,600,149,8,4,4,0
"2020-21","12109","Maryland","Ashley Owusu",15,2,521,1085,564,20,24,-4,0
"2020-21","12109","Maryland","Channise Lewis",3,2,600,1200,600,20,22,-2,0
"2020-21","12109","Maryland","Faith Masonius",13,2,600,600,0,0,0,0,0
"2020-21","12109","Maryland","Faith Masonius",13,3,600,922,322,12,14,-2,0
"2020-21","12109","Rutgers","Zipporah Broughton",1,2,600,922,322,14,12,2,0
"2020-21","12109","Rutgers","Sakima Walker",12,1,600,600,0,0,0,0,0
"2020-21","12109","Rutgers","Sakima Walker",12,2,600,1200,600,22,20,2,0
"2020-21","12109","Maryland","Mimi Collins",2,2,767,1510,743,26,26,0,0
"2020-21","12109","Maryland","Diamond Miller",1,2,922,1542,620,19,20,-1,0
"2020-21","12109","Rutgers","Erica Lafayette",10,2,922,1271,349,8,13,-5,0
"2020-21","12109","Maryland","Faith Masonius",13,4,973,1200,227,8,6,2,0
"2020-21","12109","Rutgers","Zipporah Broughton",1,3,991,1117,126,4,3,1,0
"2020-21","12109","Maryland","Katie Benzan",11,3,1085,2400,1315,54,47,7,0
"2020-21","12109","Rutgers","Liz Martino",2,1,1117,1200,83,2,5,-3,0
"2020-21","12109","Maryland","Ashley Owusu",15,3,1200,1800,600,26,26,0,0
"2020-21","12109","Maryland","Chloe Bibby",55,2,1200,2400,1200,49,45,4,0
"2020-21","12109","Rutgers","Zipporah Broughton",1,4,1200,2400,1200,45,49,-4,0
"2020-21","12109","Rutgers","Tyia Singleton",22,2,1200,1660,460,19,16,3,0
"2020-21","12109","Rutgers","Destiny Marshall",4,1,1271,1298,27,0,3,-3,0
"2020-21","12109","Rutgers","Diamond Johnson",3,2,1298,2400,1102,45,41,4,0
"2020-21","12109","Maryland","Channise Lewis",3,3,1510,2400,890,38,33,5,0
"2020-21","12109","Maryland","Mimi Collins",2,3,1542,2199,657,31,23,8,0
"2020-21","12109","Rutgers","Erica Lafayette",10,3,1660,1980,320,7,17,-10,0
"2020-21","12109","Maryland","Diamond Miller",1,3,1800,2086,286,14,2,12,0
"2020-21","12109","Rutgers","Tyia Singleton",22,3,1980,2313,333,14,11,3,0
"2020-21","12109","Maryland","Ashley Owusu",15,4,2086,2169,83,2,7,-5,0
"2020-21","12109","Maryland","Diamond Miller",1,4,2169,2400,231,7,10,-3,0
"2020-21","12109","Maryland","Ashley Owusu",15,5,2199,2400,201,7,10,-3,0
"2020-21","12109","Rutgers","Liz Martino",2,2,2313,2395,82,5,3,2,0
"2020-21","12109","Rutgers","Erica Lafayette",10,4,2395,2396,1,0,2,-2,0
"2020-21","12109","Rutgers","Liz Martino",2,3,2396,2400,4,0,0,0,0
"2020-21","12111","Maryland","Diamond Miller",1,1,0,294,294,6,8,-2,1
"2020-21","12111","Maryland","Mimi Collins",2,1,0,197,197,2,5,-3,1
"2020-21","12111","Maryland","Katie Benzan",11,1,0,197,197,2,5,-3,1
"2020-21","12111","Maryland","Ashley Owusu",15,1,0,1446,1446,57,44,13,1
"2020-21","12111","Maryland","Chloe Bibby",55,1,0,561,561,14,15,-1,1
"2020-21","12111","Penn St.","Tova Sabel",10,1,0,326,326,8,6,2,1
"2020-21","12111","Penn St.","Anna Camden",11,1,0,238,238,6,2,4,1
"2020-21","12111","Penn St.","Makenna Marisa",20,1,0,197,197,5,2,3,1
"2020-21","12111","Penn St.","Kelly Jekot",25,1,0,294,294,8,6,2,1
"2020-21","12111","Penn St.","Johnasia Cash",33,1,0,156,156,2,2,0,1
"2020-21","12111","Penn St.","Maddie Burke",15,1,156,1200,1044,37,46,-9,0
"2020-21","12111","Maryland","Channise Lewis",3,1,197,326,129,4,3,1,0
"2020-21","12111","Maryland","Faith Masonius",13,1,197,326,129,4,3,1,0
"2020-21","12111","Penn St.","Nyam Thornton",0,1,197,398,201,3,6,-3,0
"2020-21","12111","Penn St.","Johnasia Cash",33,2,238,435,197,5,8,-3,0
"2020-21","12111","Maryland","Mimi Collins",2,2,294,797,503,20,15,5,0
"2020-21","12111","Penn St.","Makenna Marisa",20,2,294,326,32,0,0,0,0
"2020-21","12111","Maryland","Diamond Miller",1,2,326,816,490,20,15,5,0
"2020-21","12111","Maryland","Katie Benzan",11,2,326,797,471,20,15,5,0
"2020-21","12111","Penn St.","Shay Hagans",23,1,326,372,46,0,2,-2,0
"2020-21","12111","Penn St.","Kelly Jekot",25,2,326,1406,1080,36,47,-11,0
"2020-21","12111","Penn St.","Tova Sabel",10,2,372,894,522,22,23,-1,0
"2020-21","12111","Penn St.","Niya Beverley",1,1,398,435,37,3,2,1,0
"2020-21","12111","Penn St.","Anna Camden",11,2,435,573,138,4,4,0,0
"2020-21","12111","Penn St.","Makenna Marisa",20,3,435,464,29,0,0,0,0
"2020-21","12111","Penn St.","Johnasia Cash",33,3,464,750,286,7,14,-7,0
"2020-21","12111","Maryland","Faith Masonius",13,2,561,832,271,12,8,4,0
"2020-21","12111","Penn St.","Makenna Marisa",20,4,573,600,27,0,2,-2,0
"2020-21","12111","Penn St.","Shay Hagans",23,2,600,673,73,1,4,-3,0
"2020-21","12111","Penn St.","Nyam Thornton",0,2,673,750,77,2,4,-2,0
"2020-21","12111","Penn St.","Anna Camden",11,3,750,816,66,5,2,3,0
"2020-21","12111","Penn St.","Makenna Marisa",20,5,750,874,124,8,7,1,0
"2020-21","12111","Maryland","Channise Lewis",3,2,797,1200,403,22,16,6,0
"2020-21","12111","Maryland","Chloe Bibby",55,2,797,1598,801,34,29,5,0
"2020-21","12111","Maryland","Katie Benzan",11,3,816,1708,892,41,31,10,0
"2020-21","12111","Penn St.","Johnasia Cash",33,4,816,1054,238,14,13,1,0
"2020-21","12111","Maryland","Mimi Collins",2,3,832,894,62,5,5,0,0
"2020-21","12111","Penn St.","Nyam Thornton",0,3,874,1090,216,11,12,-1,0
"2020-21","12111","Maryland","Faith Masonius",13,3,894,1200,306,17,11,6,0
"2020-21","12111","Penn St.","Niya Beverley",1,2,894,1196,302,9,17,-8,0
"2020-21","12111","Penn St.","Tova Sabel",10,3,1054,1446,392,7,18,-11,0
"2020-21","12111","Penn St.","Anna Camden",11,4,1090,1221,131,2,5,-3,0
"2020-21","12111","Penn St.","Nyam Thornton",0,4,1196,1200,4,0,0,0,0
"2020-21","12111","Maryland","Diamond Miller",1,3,1200,1986,786,29,29,0,0
"2020-21","12111","Maryland","Mimi Collins",2,4,1200,1355,155,3,2,1,0
"2020-21","12111","Penn St.","Makenna Marisa",20,6,1200,1708,508,15,19,-4,0
"2020-21","12111","Penn St.","Johnasia Cash",33,5,1200,1243,43,0,1,-1,0
"2020-21","12111","Penn St.","Maddie Burke",15,2,1221,2400,1179,43,48,-5,0
"2020-21","12111","Penn St.","Anna Camden",11,5,1243,1355,112,2,2,0,0
"2020-21","12111","Maryland","Faith Masonius",13,4,1355,1800,445,18,19,-1,0
"2020-21","12111","Penn St.","Nyam Thornton",0,5,1355,1512,157,6,8,-2,0
"2020-21","12111","Penn St.","Shay Hagans",23,3,1406,1564,158,5,7,-2,0
"2020-21","12111","Maryland","Channise Lewis",3,3,1446,1564,118,3,5,-2,0
"2020-21","12111","Penn St.","Johnasia Cash",33,6,1446,1521,75,3,2,1,0
"2020-21","12111","Penn St.","Kelly Jekot",25,3,1512,2007,495,21,18,3,0
"2020-21","12111","Penn St.","Tova Sabel",10,4,1521,2147,626,25,24,1,0
"2020-21","12111","Maryland","Ashley Owusu",15,2,1564,2400,836,36,33,3,0
"2020-21","12111","Penn St.","Niya Beverley",1,3,1564,1708,144,5,7,-2,0
"2020-21","12111","Maryland","Mimi Collins",2,5,1598,1812,214,9,8,1,0
"2020-21","12111","Maryland","Chloe Bibby",55,3,1708,2218,510,18,21,-3,0
"2020-21","12111","Penn St.","Nyam Thornton",0,6,1708,1867,159,8,6,2,0
"2020-21","12111","Penn St.","Anna Camden",11,6,1708,2047,339,14,14,0,0
"2020-21","12111","Maryland","Katie Benzan",11,4,1800,2400,600,27,22,5,0
"2020-21","12111","Maryland","Faith Masonius",13,5,1812,2147,335,14,12,2,0
"2020-21","12111","Penn St.","Makenna Marisa",20,7,1867,1933,66,3,4,-1,0
"2020-21","12111","Penn St.","Niya Beverley",1,4,1933,2047,114,3,4,-1,0
"2020-21","12111","Maryland","Channise Lewis",3,4,1986,1988,2,0,0,0,0
"2020-21","12111","Maryland","Diamond Miller",1,4,1988,2400,412,19,14,5,0
"2020-21","12111","Penn St.","Johnasia Cash",33,7,2007,2400,393,14,19,-5,0
"2020-21","12111","Penn St.","Makenna Marisa",20,8,2047,2147,100,4,2,2,0
"2020-21","12111","Penn St.","Kelly Jekot",25,4,2047,2400,353,14,15,-1,0
"2020-21","12111","Maryland","Mimi Collins",2,6,2147,2400,253,13,10,3,0
"2020-21","12111","Penn St.","Nyam Thornton",0,7,2147,2218,71,3,2,1,0
"2020-21","12111","Penn St.","Shay Hagans",23,4,2147,2308,161,6,9,-3,0
"2020-21","12111","Maryland","Faith Masonius",13,6,2218,2400,182,11,7,4,0
"2020-21","12111","Penn St.","Makenna Marisa",20,9,2218,2323,105,3,7,-4,0
"2020-21","12111","Penn St.","Tova Sabel",10,5,2308,2400,92,4,4,0,0
"2020-21","12111","Penn St.","Nyam Thornton",0,8,2323,2327,4,0,0,0,0
"2020-21","12111","Penn St.","Makenna Marisa",20,10,2327,2400,73,4,4,0,0
"2020-21","12112","Indiana","Aleksa Gulbe",10,1,0,694,694,9,23,-14,1
"2020-21","12112","Indiana","Jaelynn Penn",13,1,0,555,555,9,23,-14,1
"2020-21","12112","Indiana","Ali Patberg",14,1,0,438,438,7,19,-12,1
"2020-21","12112","Indiana","Grace Berger",34,1,0,330,330,5,17,-12,1
"2020-21","12112","Indiana","Mackenzie Holmes",54,1,0,358,358,5,19,-14,1
"2020-21","12112","Maryland","Diamond Miller",1,1,0,235,235,13,3,10,1
"2020-21","12112","Maryland","Mimi Collins",2,1,0,438,438,19,7,12,1
"2020-21","12112","Maryland","Katie Benzan",11,1,0,1053,1053,36,27,9,1
"2020-21","12112","Maryland","Ashley Owusu",15,1,0,562,562,23,9,14,1
"2020-21","12112","Maryland","Chloe Bibby",55,1,0,487,487,21,7,14,1
"2020-21","12112","Maryland","Channise Lewis",3,1,235,600,365,10,6,4,0
"2020-21","12112","Indiana","Nicole Cardano-Hillary",4,1,330,619,289,4,6,-2,0
"2020-21","12112","Indiana","Kiandra Browne",23,1,358,555,197,4,4,0,0
"2020-21","12112","Indiana","Grace Berger",34,2,438,1053,615,20,17,3,0
"2020-21","12112","Maryland","Faith Masonius",13,1,438,600,162,4,2,2,0
"2020-21","12112","Maryland","Mimi Collins",2,2,487,1715,1228,35,38,-3,0
"2020-21","12112","Indiana","Ali Patberg",14,2,555,600,45,0,0,0,0
"2020-21","12112","Indiana","Mackenzie Holmes",54,2,555,962,407,16,11,5,0
"2020-21","12112","Maryland","Taisiya Kozlova",14,1,562,600,38,0,0,0,0
"2020-21","12112","Indiana","Grace Waggoner",3,1,600,798,198,4,2,2,0
"2020-21","12112","Maryland","Diamond Miller",1,2,600,667,67,0,0,0,0
"2020-21","12112","Maryland","Ashley Owusu",15,2,600,654,54,0,0,0,0
"2020-21","12112","Maryland","Chloe Bibby",55,2,600,2400,1800,61,71,-10,0
"2020-21","12112","Indiana","Jaelynn Penn",13,2,619,798,179,4,2,2,0
"2020-21","12112","Maryland","Faith Masonius",13,2,654,1200,546,18,20,-2,0
"2020-21","12112","Maryland","Channise Lewis",3,2,667,962,295,11,16,-5,0
"2020-21","12112","Indiana","Danielle Patterson",33,1,694,798,104,4,2,2,0
"2020-21","12112","Indiana","Grace Waggoner",3,2,798,1156,358,16,14,2,0
"2020-21","12112","Indiana","Nicole Cardano-Hillary",4,2,798,1156,358,16,14,2,0
"2020-21","12112","Indiana","Aleksa Gulbe",10,2,798,1053,255,14,11,3,0
"2020-21","12112","Indiana","Jaelynn Penn",13,3,962,1800,838,22,27,-5,0
"2020-21","12112","Indiana","Kiandra Browne",23,2,962,1053,91,2,2,0,0
"2020-21","12112","Maryland","Ashley Owusu",15,3,962,1156,194,7,4,3,0
"2020-21","12112","Indiana","Ali Patberg",14,3,1053,1715,662,18,20,-2,0
"2020-21","12112","Indiana","Mackenzie Holmes",54,3,1053,1497,444,14,10,4,0
"2020-21","12112","Maryland","Channise Lewis",3,3,1053,1200,147,5,2,3,0
"2020-21","12112","Indiana","Aleksa Gulbe",10,3,1156,1652,496,16,13,3,0
"2020-21","12112","Indiana","Grace Berger",34,3,1156,1639,483,16,13,3,0
"2020-21","12112","Maryland","Katie Benzan",11,2,1156,1395,239,2,10,-8,0
"2020-21","12112","Maryland","Diamond Miller",1,3,1200,2384,1184,38,46,-8,0
"2020-21","12112","Maryland","Ashley Owusu",15,4,1200,2400,1200,43,51,-8,0
"2020-21","12112","Maryland","Faith Masonius",13,3,1395,1901,506,22,12,10,0
"2020-21","12112","Indiana","Kiandra Browne",23,3,1497,1639,142,4,6,-2,0
"2020-21","12112","Indiana","Nicole Cardano-Hillary",4,3,1639,1767,128,2,7,-5,0
"2020-21","12112","Indiana","Mackenzie Holmes",54,4,1639,1715,76,0,4,-4,0
"2020-21","12112","Indiana","Grace Waggoner",3,3,1652,1715,63,0,4,-4,0
"2020-21","12112","Indiana","Aleksa Gulbe",10,4,1715,1901,186,6,9,-3,0
"2020-21","12112","Indiana","Kiandra Browne",23,4,1715,1800,85,2,5,-3,0
"2020-21","12112","Indiana","Grace Berger",34,4,1715,2396,681,35,27,8,0
"2020-21","12112","Maryland","Katie Benzan",11,3,1715,1767,52,3,2,1,0
"2020-21","12112","Indiana","Ali Patberg",14,4,1767,2400,633,33,25,8,0
"2020-21","12112","Maryland","Channise Lewis",3,4,1767,2182,415,15,19,-4,0
"2020-21","12112","Indiana","Nicole Cardano-Hillary",4,4,1800,2213,413,21,15,6,0
"2020-21","12112","Indiana","Mackenzie Holmes",54,5,1800,2213,413,21,15,6,0
"2020-21","12112","Indiana","Grace Waggoner",3,4,1901,1988,87,6,6,0,0
"2020-21","12112","Maryland","Mimi Collins",2,3,1901,2127,226,9,13,-4,0
"2020-21","12112","Indiana","Aleksa Gulbe",10,5,1988,2400,412,23,13,10,0
"2020-21","12112","Maryland","Faith Masonius",13,4,2127,2384,257,5,11,-6,0
"2020-21","12112","Maryland","Mimi Collins",2,4,2182,2374,192,5,7,-2,0
"2020-21","12112","Indiana","Keyanna Warthen",2,1,2213,2400,187,12,8,4,0
"2020-21","12112","Indiana","Kiandra Browne",23,5,2213,2214,1,1,0,1,0
"2020-21","12112","Indiana","Mackenzie Holmes",54,6,2214,2330,116,4,3,1,0
"2020-21","12112","Indiana","Grace Waggoner",3,5,2330,2384,54,2,2,0,0
"2020-21","12112","Indiana","Mackenzie Holmes",54,7,2330,2382,52,2,0,2,0
"2020-21","12112","Maryland","Katie Benzan",11,4,2374,2376,2,0,0,0,0
"2020-21","12112","Maryland","Mimi Collins",2,5,2376,2400,24,5,7,-2,0
"2020-21","12112","Indiana","Mackenzie Holmes",54,8,2384,2400,16,5,3,2,0
"2020-21","12112","Maryland","Diamond Miller",1,4,2384,2388,4,2,0,2,0
"2020-21","12112","Maryland","Katie Benzan",11,5,2384,2389,5,4,2,2,0
"2020-21","12112","Maryland","Taisiya Kozlova",14,2,2384,2388,4,2,0,2,0
"2020-21","12112","Maryland","Faith Masonius",13,5,2388,2400,12,3,5,-2,0
"2020-21","12112","Maryland","Diamond Miller",1,5,2389,2400,11,1,3,-2,0
"2020-21","12112","Indiana","Chloe Moore-McNeil",22,1,2396,2400,4,0,1,-1,0
"2020-21","12113","Maryland","Diamond Miller",1,1,0,746,746,24,20,4,1
"2020-21","12113","Maryland","Mimi Collins",2,1,0,314,314,9,11,-2,1
"2020-21","12113","Maryland","Katie Benzan",11,1,0,2369,2369,89,83,6,1
"2020-21","12113","Maryland","Ashley Owusu",15,1,0,794,794,28,20,8,1
"2020-21","12113","Maryland","Chloe Bibby",55,1,0,925,925,35,22,13,1
"2020-21","12113","Michigan St.","Tory Ozment",1,1,0,251,251,9,7,2,1
"2020-21","12113","Michigan St.","Alyza Winston",3,1,0,314,314,11,9,2,1
"2020-21","12113","Michigan St.","Taiyier Parks",14,1,0,251,251,9,7,2,1
"2020-21","12113","Michigan St.","Nia Clouden",24,1,0,414,414,17,14,3,1
"2020-21","12113","Michigan St.","Julia Ayrault",40,1,0,314,314,11,9,2,1
"2020-21","12113","Michigan St.","Alisia Smith",4,1,251,550,299,10,13,-3,0
"2020-21","12113","Michigan St.","Moira Joiner",22,1,251,485,234,8,11,-3,0
"2020-21","12113","Maryland","Faith Masonius",13,1,314,414,100,5,4,1,0
"2020-21","12113","Michigan St.","Mardrekia Cook",2,1,314,550,236,8,11,-3,0
"2020-21","12113","Michigan St.","Janai Crooms",23,1,314,485,171,6,9,-3,0
"2020-21","12113","Maryland","Mimi Collins",2,2,414,1070,656,25,11,14,0
"2020-21","12113","Michigan St.","Alyza Winston",3,2,414,852,438,3,16,-13,0
"2020-21","12113","Michigan St.","Tory Ozment",1,2,485,638,153,2,4,-2,0
"2020-21","12113","Michigan St.","Nia Clouden",24,2,485,1661,1176,37,46,-9,0
"2020-21","12113","Michigan St.","Taiyier Parks",14,2,550,569,19,0,0,0,0
"2020-21","12113","Michigan St.","Julia Ayrault",40,2,550,661,111,0,2,-2,0
"2020-21","12113","Michigan St.","Kendall Bostic",44,1,569,661,92,0,2,-2,0
"2020-21","12113","Michigan St.","Janai Crooms",23,2,638,925,287,3,13,-10,0
"2020-21","12113","Michigan St.","Mardrekia Cook",2,2,661,794,133,1,6,-5,0
"2020-21","12113","Michigan St.","Alisia Smith",4,2,661,944,283,3,13,-10,0
"2020-21","12113","Maryland","Channise Lewis",3,1,746,988,242,13,4,9,0
"2020-21","12113","Maryland","Diamond Miller",1,2,794,1717,923,38,37,1,0
"2020-21","12113","Michigan St.","Kendall Bostic",44,2,794,925,131,2,7,-5,0
"2020-21","12113","Michigan St.","Moira Joiner",22,2,852,1060,208,6,7,-1,0
"2020-21","12113","Maryland","Ashley Owusu",15,2,925,2400,1475,58,65,-7,0
"2020-21","12113","Michigan St.","Tory Ozment",1,3,925,1200,275,11,13,-2,0
"2020-21","12113","Michigan St.","Mardrekia Cook",2,3,925,1428,503,26,22,4,0
"2020-21","12113","Michigan St.","Taiyier Parks",14,3,944,1060,116,4,2,2,0
"2020-21","12113","Maryland","Chloe Bibby",55,2,988,2400,1412,56,63,-7,0
"2020-21","12113","Michigan St.","Alyza Winston",3,3,1060,1428,368,22,20,2,0
"2020-21","12113","Michigan St.","Alisia Smith",4,3,1060,1070,10,0,2,-2,0
"2020-21","12113","Maryland","Faith Masonius",13,2,1070,1200,130,9,7,2,0
"2020-21","12113","Michigan St.","Kendall Bostic",44,3,1070,1200,130,7,9,-2,0
"2020-21","12113","Maryland","Mimi Collins",2,3,1200,1246,46,0,2,-2,0
"2020-21","12113","Michigan St.","Taiyier Parks",14,4,1200,1348,148,7,6,1,0
"2020-21","12113","Michigan St.","Julia Ayrault",40,3,1200,1286,86,5,1,4,0
"2020-21","12113","Maryland","Faith Masonius",13,3,1246,1661,415,16,19,-3,0
"2020-21","12113","Michigan St.","Tory Ozment",1,4,1286,1559,273,12,13,-1,0
"2020-21","12113","Michigan St.","Alisia Smith",4,4,1348,1661,313,14,10,4,0
"2020-21","12113","Michigan St.","Janai Crooms",23,3,1428,1559,131,2,5,-3,0
"2020-21","12113","Michigan St.","Kendall Bostic",44,4,1428,1491,63,2,0,2,0
"2020-21","12113","Michigan St.","Mardrekia Cook",2,4,1491,1559,68,0,5,-5,0
"2020-21","12113","Michigan St.","Alyza Winston",3,4,1559,1757,198,7,6,1,0
"2020-21","12113","Michigan St.","Moira Joiner",22,3,1559,1971,412,14,14,0,0
"2020-21","12113","Michigan St.","Julia Ayrault",40,4,1559,2400,841,37,31,6,0
"2020-21","12113","Maryland","Mimi Collins",2,4,1661,1769,108,6,5,1,0
"2020-21","12113","Michigan St.","Tory Ozment",1,5,1661,1971,310,10,12,-2,0
"2020-21","12113","Michigan St.","Taiyier Parks",14,5,1661,1717,56,3,2,1,0
"2020-21","12113","Maryland","Faith Masonius",13,4,1717,1828,111,4,4,0,0
"2020-21","12113","Michigan St.","Alisia Smith",4,5,1717,1905,188,7,6,1,0
"2020-21","12113","Michigan St.","Nia Clouden",24,3,1757,2400,643,30,25,5,0
"2020-21","12113","Maryland","Alaysia Styles",5,1,1769,1800,31,0,0,0,0
"2020-21","12113","Maryland","Mimi Collins",2,5,1800,2400,600,23,28,-5,0
"2020-21","12113","Maryland","Diamond Miller",1,3,1828,2171,343,13,13,0,0
"2020-21","12113","Michigan St.","Taiyier Parks",14,6,1905,1996,91,3,5,-2,0
"2020-21","12113","Michigan St.","Mardrekia Cook",2,5,1971,2400,429,23,17,6,0
"2020-21","12113","Michigan St.","Alyza Winston",3,5,1971,2400,429,23,17,6,0
"2020-21","12113","Michigan St.","Alisia Smith",4,6,1996,2025,29,2,2,0,0
"2020-21","12113","Michigan St.","Janai Crooms",23,4,2025,2369,344,14,8,6,0
"2020-21","12113","Maryland","Faith Masonius",13,5,2171,2269,98,0,5,-5,0
"2020-21","12113","Maryland","Diamond Miller",1,4,2269,2395,126,8,8,0,0
"2020-21","12113","Maryland","Faith Masonius",13,6,2369,2374,5,0,0,0,0
"2020-21","12113","Michigan St.","Tory Ozment",1,6,2369,2400,31,4,6,-2,0
"2020-21","12113","Maryland","Katie Benzan",11,2,2374,2375,1,0,1,-1,0
"2020-21","12113","Maryland","Faith Masonius",13,7,2375,2400,25,4,3,1,0
"2020-21","12113","Maryland","Katie Benzan",11,3,2395,2396,1,0,0,0,0
"2020-21","12113","Maryland","Diamond Miller",1,5,2396,2400,4,2,0,2,0
"2020-21","12114","Maryland","Diamond Miller",1,1,0,224,224,6,0,6,1
"2020-21","12114","Maryland","Mimi Collins",2,1,0,262,262,8,1,7,1
"2020-21","12114","Maryland","Katie Benzan",11,1,0,570,570,14,6,8,1
"2020-21","12114","Maryland","Ashley Owusu",15,1,0,781,781,26,8,18,1
"2020-21","12114","Maryland","Chloe Bibby",55,1,0,340,340,8,3,5,1
"2020-21","12114","Purdue","Brooke Moore",0,1,0,196,196,0,6,-6,1
"2020-21","12114","Purdue","Kayana Traylor",23,1,0,706,706,8,24,-16,1
"2020-21","12114","Purdue","Tamara Farquhar",25,1,0,461,461,6,12,-6,1
"2020-21","12114","Purdue","Madison Layden",33,1,0,461,461,6,12,-6,1
"2020-21","12114","Purdue","Fatou Diagne",45,1,0,196,196,0,6,-6,1
"2020-21","12114","Purdue","Karissa McLaughlin",1,1,196,570,374,6,8,-2,0
"2020-21","12114","Purdue","Ra Shaya Kyle",24,1,196,461,265,6,6,0,0
"2020-21","12114","Maryland","Faith Masonius",13,1,224,340,116,2,3,-1,0
"2020-21","12114","Maryland","Alaysia Styles",5,1,262,461,199,4,5,-1,0
"2020-21","12114","Maryland","Diamond Miller",1,2,340,934,594,22,8,14,0
"2020-21","12114","Maryland","Mimi Collins",2,2,340,570,230,6,3,3,0
"2020-21","12114","Maryland","Chloe Bibby",55,2,461,900,439,18,4,14,0
"2020-21","12114","Purdue","Rokia Doumbia",4,1,461,600,139,0,4,-4,0
"2020-21","12114","Purdue","Jenelle Grant",22,1,461,781,320,2,14,-12,0
"2020-21","12114","Purdue","Fatou Diagne",45,2,461,600,139,0,4,-4,0
"2020-21","12114","Maryland","Alaysia Styles",5,2,570,665,95,4,2,2,0
"2020-21","12114","Maryland","Faith Masonius",13,2,570,1000,430,18,10,8,0
"2020-21","12114","Purdue","Brooke Moore",0,2,570,706,136,2,10,-8,0
"2020-21","12114","Purdue","Ra Shaya Kyle",24,2,600,966,366,8,16,-8,0
"2020-21","12114","Purdue","Madison Layden",33,2,600,683,83,2,5,-3,0
"2020-21","12114","Maryland","Mimi Collins",2,3,665,900,235,12,2,10,0
"2020-21","12114","Purdue","Tamara Farquhar",25,2,683,1388,705,21,28,-7,0
"2020-21","12114","Purdue","Karissa McLaughlin",1,2,706,900,194,2,6,-4,0
"2020-21","12114","Purdue","Cassidy Hardin",5,1,706,1200,494,14,19,-5,0
"2020-21","12114","Maryland","Katie Benzan",11,2,781,2006,1225,47,31,16,0
"2020-21","12114","Purdue","Madison Layden",33,3,781,900,119,2,4,-2,0
"2020-21","12114","Maryland","Alaysia Styles",5,3,900,934,34,0,1,-1,0
"2020-21","12114","Maryland","Taisiya Kozlova",14,1,900,1000,100,2,6,-4,0
"2020-21","12114","Purdue","Rokia Doumbia",4,2,900,1200,300,12,13,-1,0
"2020-21","12114","Purdue","Kayana Traylor",23,2,900,934,34,1,0,1,0
"2020-21","12114","Maryland","Ashley Owusu",15,2,934,1785,851,39,23,16,0
"2020-21","12114","Maryland","Chloe Bibby",55,3,934,1785,851,39,23,16,0
"2020-21","12114","Purdue","Fatou Diagne",45,3,934,1129,195,8,6,2,0
"2020-21","12114","Purdue","Kayana Traylor",23,3,966,1957,991,25,39,-14,0
"2020-21","12114","Maryland","Diamond Miller",1,3,1000,1129,129,4,2,2,0
"2020-21","12114","Maryland","Mimi Collins",2,4,1000,1167,167,6,5,1,0
"2020-21","12114","Maryland","Zoe Young",12,1,1129,1200,71,7,4,3,0
"2020-21","12114","Purdue","Ra Shaya Kyle",24,3,1129,1200,71,3,7,-4,0
"2020-21","12114","Maryland","Faith Masonius",13,3,1167,1200,33,5,1,4,0
"2020-21","12114","Maryland","Diamond Miller",1,4,1200,1529,329,9,11,-2,0
"2020-21","12114","Maryland","Mimi Collins",2,5,1200,1529,329,9,11,-2,0
"2020-21","12114","Purdue","Karissa McLaughlin",1,3,1200,1529,329,11,9,2,0
"2020-21","12114","Purdue","Madison Layden",33,4,1200,1529,329,11,9,2,0
"2020-21","12114","Purdue","Fatou Diagne",45,4,1200,1407,207,8,7,1,0
"2020-21","12114","Purdue","Ra Shaya Kyle",24,4,1388,1529,141,4,3,1,0
"2020-21","12114","Purdue","Tamara Farquhar",25,3,1407,1529,122,3,2,1,0
"2020-21","12114","Maryland","Alaysia Styles",5,4,1529,2400,871,31,13,18,0
"2020-21","12114","Maryland","Faith Masonius",13,4,1529,2400,871,31,13,18,0
"2020-21","12114","Purdue","Brooke Moore",0,3,1529,1785,256,1,17,-16,0
"2020-21","12114","Purdue","Rokia Doumbia",4,3,1529,1628,99,1,5,-4,0
"2020-21","12114","Purdue","Jenelle Grant",22,2,1529,1785,256,1,17,-16,0
"2020-21","12114","Purdue","Rickie Woltman",35,1,1529,1785,256,1,17,-16,0
"2020-21","12114","Purdue","Tamara Farquhar",25,4,1628,1785,157,0,12,-12,0
"2020-21","12114","Maryland","Mimi Collins",2,6,1785,2006,221,4,5,-1,0
"2020-21","12114","Maryland","Taisiya Kozlova",14,2,1785,2400,615,14,12,2,0
"2020-21","12114","Purdue","Karissa McLaughlin",1,4,1785,2149,364,10,6,4,0
"2020-21","12114","Purdue","Rokia Doumbia",4,4,1785,2204,419,10,6,4,0
"2020-21","12114","Purdue","Madison Layden",33,5,1785,1987,202,5,4,1,0
"2020-21","12114","Purdue","Fatou Diagne",45,5,1785,1957,172,5,2,3,0
"2020-21","12114","Purdue","Cassidy Hardin",5,2,1957,2400,443,7,12,-5,0
"2020-21","12114","Purdue","Ra Shaya Kyle",24,5,1957,2015,58,0,2,-2,0
"2020-21","12114","Purdue","Tamara Farquhar",25,5,1987,2262,275,6,4,2,0
"2020-21","12114","Maryland","Zoe Young",12,2,2006,2400,394,10,7,3,0
"2020-21","12114","Maryland","Ashley Owusu",15,3,2006,2149,143,2,5,-3,0
"2020-21","12114","Purdue","Nyagoa Gony",30,1,2015,2262,247,6,4,2,0
"2020-21","12114","Maryland","Katie Benzan",11,3,2149,2400,251,8,2,6,0
"2020-21","12114","Purdue","Kayana Traylor",23,4,2149,2400,251,2,8,-6,0
"2020-21","12114","Purdue","Ajah Stallings",13,1,2204,2400,196,2,8,-6,0
"2020-21","12114","Purdue","Jenelle Grant",22,3,2262,2400,138,1,6,-5,0
"2020-21","12114","Purdue","Ra Shaya Kyle",24,6,2262,2400,138,1,6,-5,0
"2020-21","12115","Maryland","Diamond Miller",1,1,0,525,525,20,17,3,1
"2020-21","12115","Maryland","Mimi Collins",2,1,0,220,220,8,2,6,1
"2020-21","12115","Maryland","Katie Benzan",11,1,0,600,600,25,17,8,1
"2020-21","12115","Maryland","Ashley Owusu",15,1,0,1647,1647,70,51,19,1
"2020-21","12115","Maryland","Chloe Bibby",55,1,0,1563,1563,64,51,13,1
"2020-21","12115","Minnesota","Jasmine Powell",4,1,0,1493,1493,51,62,-11,1
"2020-21","12115","Minnesota","Sara Scalia",14,1,0,451,451,15,17,-2,1
"2020-21","12115","Minnesota","Klarke Sconiers",25,1,0,600,600,17,25,-8,1
"2020-21","12115","Minnesota","Kadiatou Sissoko",30,1,0,220,220,2,8,-6,1
"2020-21","12115","Minnesota","Gadiva Hubbard",34,1,0,600,600,17,25,-8,1
"2020-21","12115","Maryland","Alaysia Styles",5,1,220,248,28,0,2,-2,0
"2020-21","12115","Minnesota","Laura Bagwell Katalinich",12,1,220,600,380,15,17,-2,0
"2020-21","12115","Maryland","Faith Masonius",13,1,248,366,118,2,9,-7,0
"2020-21","12115","Maryland","Mimi Collins",2,2,366,948,582,28,20,8,0
"2020-21","12115","Minnesota","Alexia Smith",1,1,451,807,356,10,15,-5,0
"2020-21","12115","Maryland","Taisiya Kozlova",14,1,525,600,75,5,0,5,0
"2020-21","12115","Maryland","Diamond Miller",1,2,600,807,207,7,8,-1,0
"2020-21","12115","Maryland","Faith Masonius",13,2,600,742,142,3,8,-5,0
"2020-21","12115","Minnesota","Sara Scalia",14,2,600,1647,1047,34,45,-11,0
"2020-21","12115","Minnesota","Kayla Mershon",15,1,600,807,207,8,7,1,0
"2020-21","12115","Minnesota","Kadiatou Sissoko",30,2,600,1017,417,16,17,-1,0
"2020-21","12115","Maryland","Katie Benzan",11,2,742,823,81,4,2,2,0
"2020-21","12115","Maryland","Alaysia Styles",5,2,807,948,141,6,8,-2,0
"2020-21","12115","Minnesota","Laura Bagwell Katalinich",12,2,807,948,141,8,6,2,0
"2020-21","12115","Minnesota","Gadiva Hubbard",34,2,807,1363,556,20,26,-6,0
"2020-21","12115","Maryland","Faith Masonius",13,3,823,1091,268,14,8,6,0
"2020-21","12115","Maryland","Diamond Miller",1,3,948,1493,545,24,16,8,0
"2020-21","12115","Maryland","Katie Benzan",11,3,948,2020,1072,50,28,22,0
"2020-21","12115","Minnesota","Klarke Sconiers",25,2,948,1399,451,12,22,-10,0
"2020-21","12115","Minnesota","Laura Bagwell Katalinich",12,3,1017,1200,183,10,8,2,0
"2020-21","12115","Maryland","Alaysia Styles",5,3,1091,1176,85,2,6,-4,0
"2020-21","12115","Maryland","Mimi Collins",2,3,1176,1493,317,14,8,6,0
"2020-21","12115","Minnesota","Kadiatou Sissoko",30,3,1200,1709,509,10,21,-11,0
"2020-21","12115","Minnesota","Alexia Smith",1,2,1363,1493,130,6,4,2,0
"2020-21","12115","Minnesota","Kayla Mershon",15,2,1399,1709,310,8,11,-3,0
"2020-21","12115","Maryland","Alaysia Styles",5,4,1493,1800,307,14,8,6,0
"2020-21","12115","Maryland","Faith Masonius",13,4,1493,1800,307,14,8,6,0
"2020-21","12115","Minnesota","Katie Borowicz",23,1,1493,1563,70,0,2,-2,0
"2020-21","12115","Minnesota","Gadiva Hubbard",34,3,1493,1709,216,2,9,-7,0
"2020-21","12115","Maryland","Diamond Miller",1,4,1563,1715,152,9,2,7,0
"2020-21","12115","Minnesota","Jasmine Powell",4,2,1563,2192,629,12,24,-12,0
"2020-21","12115","Maryland","Chloe Bibby",55,2,1647,1985,338,16,10,6,0
"2020-21","12115","Minnesota","Alexia Smith",1,3,1647,1880,233,6,11,-5,0
"2020-21","12115","Minnesota","Laura Bagwell Katalinich",12,4,1709,1899,190,4,10,-6,0
"2020-21","12115","Minnesota","Sara Scalia",14,3,1709,2362,653,20,19,1,0
"2020-21","12115","Minnesota","Klarke Sconiers",25,3,1709,2192,483,10,17,-7,0
"2020-21","12115","Maryland","Zoe Young",12,1,1715,1800,85,3,4,-1,0
"2020-21","12115","Maryland","Diamond Miller",1,5,1800,2086,286,12,6,6,0
"2020-21","12115","Maryland","Mimi Collins",2,4,1800,1975,175,9,4,5,0
"2020-21","12115","Maryland","Ashley Owusu",15,2,1800,1899,99,5,0,5,0
"2020-21","12115","Minnesota","Gadiva Hubbard",34,4,1880,2192,312,6,7,-1,0
"2020-21","12115","Maryland","Taisiya Kozlova",14,2,1899,2400,501,9,16,-7,0
"2020-21","12115","Minnesota","Kadiatou Sissoko",30,4,1899,1975,76,4,5,-1,0
"2020-21","12115","Maryland","Alaysia Styles",5,5,1975,2400,425,5,12,-7,0
"2020-21","12115","Minnesota","Kayla Mershon",15,3,1975,2400,425,12,4,8,0
"2020-21","12115","Maryland","Faith Masonius",13,5,1985,2400,415,4,12,-8,0
"2020-21","12115","Maryland","Ashley Owusu",15,3,2020,2192,172,0,2,-2,0
"2020-21","12115","Maryland","Zoe Young",12,2,2086,2400,314,2,10,-8,0
"2020-21","12115","Maryland","Katie Benzan",11,4,2192,2400,208,2,10,-8,0
"2020-21","12115","Minnesota","Alexia Smith",1,4,2192,2400,208,10,2,8,0
"2020-21","12115","Minnesota","Katie Borowicz",23,2,2192,2400,208,10,2,8,0
"2020-21","12115","Minnesota","Grace Cumming",43,1,2192,2400,208,10,2,8,0
"2020-21","12115","Minnesota","Caroline Strande",21,1,2362,2400,38,0,0,0,0
"2020-21","12117","Iowa","McKenna Warnock",14,1,0,278,278,9,24,-15,1
"2020-21","12117","Iowa","Kate Martin",20,1,0,432,432,12,30,-18,1
"2020-21","12117","Iowa","Caitlin Clark",22,1,0,954,954,38,56,-18,1
"2020-21","12117","Iowa","Gabbie Marshall",24,1,0,199,199,9,16,-7,1
"2020-21","12117","Iowa","Monika Czinano",25,1,0,509,509,15,34,-19,1
"2020-21","12117","Maryland","Diamond Miller",1,1,0,394,394,30,12,18,1
"2020-21","12117","Maryland","Mimi Collins",2,1,0,172,172,14,9,5,1
"2020-21","12117","Maryland","Katie Benzan",11,1,0,953,953,56,35,21,1
"2020-21","12117","Maryland","Ashley Owusu",15,1,0,509,509,34,15,19,1
"2020-21","12117","Maryland","Chloe Bibby",55,1,0,600,600,41,21,20,1
"2020-21","12117","Maryland","Faith Masonius",13,1,172,199,27,2,0,2,0
"2020-21","12117","Iowa","Tomi Taiwo",1,1,199,509,310,6,18,-12,0
"2020-21","12117","Maryland","Alaysia Styles",5,1,199,730,531,28,14,14,0
"2020-21","12117","Iowa","Logan Cook",23,1,278,321,43,0,0,0,0
"2020-21","12117","Iowa","Gabbie Marshall",24,2,321,964,643,29,32,-3,0
"2020-21","12117","Maryland","Angel Reese",10,1,394,600,206,11,9,2,0
"2020-21","12117","Iowa","McKenna Warnock",14,2,432,1480,1048,45,53,-8,0
"2020-21","12117","Iowa","Kate Martin",20,2,509,1586,1077,47,52,-5,0
"2020-21","12117","Iowa","Sharon Goodman",40,1,509,600,91,6,7,-1,0
"2020-21","12117","Maryland","Diamond Miller",1,2,509,1050,541,28,25,3,0
"2020-21","12117","Iowa","Monika Czinano",25,2,600,730,130,2,3,-1,0
"2020-21","12117","Maryland","Mimi Collins",2,2,600,953,353,15,14,1,0
"2020-21","12117","Maryland","Ashley Owusu",15,2,600,1480,880,42,36,6,0
"2020-21","12117","Iowa","Sharon Goodman",40,2,730,1010,280,17,15,2,0
"2020-21","12117","Maryland","Chloe Bibby",55,2,730,1705,975,44,46,-2,0
"2020-21","12117","Maryland","Angel Reese",10,2,953,1200,247,12,16,-4,0
"2020-21","12117","Maryland","Faith Masonius",13,2,953,1200,247,12,16,-4,0
"2020-21","12117","Iowa","Tomi Taiwo",1,2,954,1200,246,13,12,1,0
"2020-21","12117","Iowa","Caitlin Clark",22,2,964,1404,440,17,22,-5,0
"2020-21","12117","Iowa","Logan Cook",23,2,1010,1200,190,11,9,2,0
"2020-21","12117","Maryland","Katie Benzan",11,2,1050,1553,503,23,20,3,0
"2020-21","12117","Iowa","Gabbie Marshall",24,3,1200,1244,44,0,4,-4,0
"2020-21","12117","Iowa","Monika Czinano",25,3,1200,2254,1054,39,39,0,0
"2020-21","12117","Maryland","Diamond Miller",1,3,1200,1422,222,10,4,6,0
"2020-21","12117","Maryland","Mimi Collins",2,3,1200,1351,151,10,4,6,0
"2020-21","12117","Iowa","Tomi Taiwo",1,3,1244,1801,557,19,18,1,0
"2020-21","12117","Maryland","Alaysia Styles",5,2,1351,1656,305,10,10,0,0
"2020-21","12117","Iowa","Megan Meyer",11,1,1404,1553,149,5,7,-2,0
"2020-21","12117","Maryland","Faith Masonius",13,3,1422,1613,191,10,7,3,0
"2020-21","12117","Iowa","Logan Cook",23,3,1480,1586,106,5,3,2,0
"2020-21","12117","Maryland","Taisiya Kozlova",14,1,1480,1553,73,2,3,-1,0
"2020-21","12117","Iowa","Caitlin Clark",22,3,1553,1770,217,9,5,4,0
"2020-21","12117","Maryland","Diamond Miller",1,4,1553,2347,794,26,32,-6,0
"2020-21","12117","Maryland","Ashley Owusu",15,3,1553,2347,794,26,32,-6,0
"2020-21","12117","Iowa","McKenna Warnock",14,3,1586,2091,505,20,17,3,0
"2020-21","12117","Iowa","Gabbie Marshall",24,4,1586,2254,668,28,21,7,0
"2020-21","12117","Maryland","Angel Reese",10,3,1613,1770,157,2,7,-5,0
"2020-21","12117","Maryland","Katie Benzan",11,3,1656,1770,114,2,4,-2,0
"2020-21","12117","Maryland","Alaysia Styles",5,3,1705,1886,181,5,3,2,0
"2020-21","12117","Iowa","Kate Martin",20,3,1770,2347,577,23,21,2,0
"2020-21","12117","Maryland","Mimi Collins",2,4,1770,2254,484,17,21,-4,0
"2020-21","12117","Maryland","Chloe Bibby",55,3,1770,2347,577,21,23,-2,0
"2020-21","12117","Iowa","Caitlin Clark",22,4,1801,2107,306,12,13,-1,0
"2020-21","12117","Maryland","Katie Benzan",11,4,1886,2091,205,10,10,0,0
"2020-21","12117","Iowa","Logan Cook",23,4,2091,2139,48,0,2,-2,0
"2020-21","12117","Maryland","Alaysia Styles",5,4,2091,2254,163,4,8,-4,0
"2020-21","12117","Iowa","Tomi Taiwo",1,4,2107,2300,193,8,6,2,0
"2020-21","12117","Iowa","McKenna Warnock",14,4,2139,2300,161,8,4,4,0
"2020-21","12117","Iowa","Lauren Jensen",15,1,2254,2400,146,3,4,-1,0
"2020-21","12117","Iowa","Sharon Goodman",40,3,2254,2400,146,3,4,-1,0
"2020-21","12117","Maryland","Angel Reese",10,4,2254,2400,146,4,3,1,0
"2020-21","12117","Maryland","Katie Benzan",11,5,2254,2400,146,4,3,1,0
"2020-21","12117","Iowa","Megan Meyer",11,2,2300,2400,100,3,2,1,0
"2020-21","12117","Iowa","Logan Cook",23,5,2300,2400,100,3,2,1,0
"2020-21","12117","Iowa","Alexis Sevillian",5,1,2347,2400,53,1,0,1,0
"2020-21","12117","Maryland","Zoe Young",12,1,2347,2400,53,0,1,-1,0
"2020-21","12117","Maryland","Faith Masonius",13,4,2347,2400,53,0,1,-1,0
"2020-21","12117","Maryland","Taisiya Kozlova",14,2,2347,2400,53,0,1,-1,0
"2020-21","12118","Maryland","Diamond Miller",1,1,0,468,468,17,23,-6,1
"2020-21","12118","Maryland","Mimi Collins",2,1,0,164,164,4,9,-5,1
"2020-21","12118","Maryland","Katie Benzan",11,1,0,2400,2400,86,88,-2,1
"2020-21","12118","Maryland","Ashley Owusu",15,1,0,2400,2400,86,88,-2,1
"2020-21","12118","Maryland","Chloe Bibby",55,1,0,930,930,31,31,0,1
"2020-21","12118","Ohio St.","Madison Greene",0,1,0,994,994,31,31,0,1
"2020-21","12118","Ohio St.","Jacy Sheldon",4,1,0,374,374,19,13,6,1
"2020-21","12118","Ohio St.","Braxtin Miller",10,1,0,263,263,15,7,8,1
"2020-21","12118","Ohio St.","Dorka Juhasz",14,1,0,719,719,29,26,3,1
"2020-21","12118","Ohio St.","Tanaya Beacham",35,1,0,517,517,26,17,9,1
"2020-21","12118","Maryland","Faith Masonius",13,1,164,263,99,3,6,-3,0
"2020-21","12118","Maryland","Mimi Collins",2,2,263,468,205,10,8,2,0
"2020-21","12118","Ohio St.","Kateri Poole",5,1,263,468,205,8,10,-2,0
"2020-21","12118","Ohio St.","Braxtin Miller",10,2,374,1574,1200,32,37,-5,0
"2020-21","12118","Maryland","Alaysia Styles",5,1,468,656,188,3,6,-3,0
"2020-21","12118","Maryland","Faith Masonius",13,2,468,600,132,3,3,0,0
"2020-21","12118","Ohio St.","Rikki Harris",1,1,468,600,132,3,3,0,0
"2020-21","12118","Ohio St.","Rebeka Mikulasikova",23,1,517,806,289,3,11,-8,0
"2020-21","12118","Maryland","Diamond Miller",1,2,600,978,378,11,5,6,0
"2020-21","12118","Ohio St.","Jacy Sheldon",4,2,600,978,378,5,11,-6,0
"2020-21","12118","Maryland","Mimi Collins",2,3,656,1088,432,15,2,13,0
"2020-21","12118","Ohio St.","Tanaya Beacham",35,2,719,978,259,2,5,-3,0
"2020-21","12118","Ohio St.","Dorka Juhasz",14,2,806,1088,282,2,7,-5,0
"2020-21","12118","Maryland","Alaysia Styles",5,2,930,1200,270,8,5,3,0
"2020-21","12118","Maryland","Chloe Bibby",55,2,978,2400,1422,55,57,-2,0
"2020-21","12118","Ohio St.","Kateri Poole",5,2,978,1200,222,5,8,-3,0
"2020-21","12118","Ohio St.","Rebeka Mikulasikova",23,2,978,1200,222,5,8,-3,0
"2020-21","12118","Ohio St.","Jacy Sheldon",4,3,994,1088,94,0,4,-4,0
"2020-21","12118","Maryland","Diamond Miller",1,3,1088,1622,534,18,25,-7,0
"2020-21","12118","Ohio St.","Madison Greene",0,2,1088,2400,1312,57,51,6,0
"2020-21","12118","Ohio St.","Tanaya Beacham",35,3,1088,1464,376,15,13,2,0
"2020-21","12118","Maryland","Mimi Collins",2,4,1200,1326,126,2,4,-2,0
"2020-21","12118","Ohio St.","Jacy Sheldon",4,4,1200,1464,264,10,9,1,0
"2020-21","12118","Ohio St.","Dorka Juhasz",14,3,1200,2400,1200,52,47,5,0
"2020-21","12118","Maryland","Alaysia Styles",5,3,1326,2085,759,28,29,-1,0
"2020-21","12118","Ohio St.","Kateri Poole",5,3,1464,1727,263,14,8,6,0
"2020-21","12118","Ohio St.","Rebeka Mikulasikova",23,3,1464,1574,110,5,2,3,0
"2020-21","12118","Ohio St.","Gabby Hutcherson",2,1,1574,1727,153,9,6,3,0
"2020-21","12118","Ohio St.","Jacy Sheldon",4,5,1574,1759,185,10,8,2,0
"2020-21","12118","Maryland","Faith Masonius",13,3,1622,1759,137,5,5,0,0
"2020-21","12118","Ohio St.","Braxtin Miller",10,3,1727,2400,673,28,30,-2,0
"2020-21","12118","Ohio St.","Tanaya Beacham",35,4,1727,1933,206,2,8,-6,0
"2020-21","12118","Maryland","Diamond Miller",1,4,1759,2400,641,28,27,1,0
"2020-21","12118","Ohio St.","Rikki Harris",1,2,1759,1800,41,1,2,-1,0
"2020-21","12118","Ohio St.","Jacy Sheldon",4,6,1800,2400,600,26,26,0,0
"2020-21","12118","Ohio St.","Rebeka Mikulasikova",23,4,1933,2335,402,21,11,10,0
"2020-21","12118","Maryland","Mimi Collins",2,5,2085,2140,55,0,6,-6,0
"2020-21","12118","Maryland","Alaysia Styles",5,4,2140,2383,243,11,10,1,0
"2020-21","12118","Ohio St.","Tanaya Beacham",35,5,2335,2341,6,0,2,-2,0
"2020-21","12118","Ohio St.","Kateri Poole",5,4,2341,2348,7,0,0,0,0
"2020-21","12118","Ohio St.","Rebeka Mikulasikova",23,5,2341,2400,59,5,9,-4,0
"2020-21","12118","Ohio St.","Tanaya Beacham",35,6,2348,2381,33,2,3,-1,0
"2020-21","12118","Ohio St.","Kateri Poole",5,5,2381,2383,2,0,0,0,0
"2020-21","12118","Maryland","Faith Masonius",13,4,2383,2400,17,6,3,3,0
"2020-21","12118","Ohio St.","Tanaya Beacham",35,7,2383,2400,17,3,6,-3,0
"2020-21","12120","Maryland","Diamond Miller",1,1,0,394,394,16,5,11,1
"2020-21","12120","Maryland","Mimi Collins",2,1,0,368,368,16,4,12,1
"2020-21","12120","Maryland","Katie Benzan",11,1,0,368,368,16,4,12,1
"2020-21","12120","Maryland","Ashley Owusu",15,1,0,819,819,30,17,13,1
"2020-21","12120","Maryland","Chloe Bibby",55,1,0,819,819,30,17,13,1
"2020-21","12120","Wisconsin","Estella Moschkau",1,1,0,368,368,4,16,-12,1
"2020-21","12120","Wisconsin","Julie Pospisilova",5,1,0,477,477,10,18,-8,1
"2020-21","12120","Wisconsin","Sydney Hilliard",30,1,0,600,600,12,22,-10,1
"2020-21","12120","Wisconsin","Imani Lewis",34,1,0,550,550,10,20,-10,1
"2020-21","12120","Wisconsin","Sara Stapleton",41,1,0,231,231,4,14,-10,1
"2020-21","12120","Wisconsin","Tara Stauffacher",40,1,231,477,246,6,4,2,0
"2020-21","12120","Maryland","Alaysia Styles",5,1,368,600,232,6,8,-2,0
"2020-21","12120","Maryland","Faith Masonius",13,1,368,600,232,6,8,-2,0
"2020-21","12120","Wisconsin","Halle Douglass",10,1,368,819,451,13,14,-1,0
"2020-21","12120","Maryland","Katie Benzan",11,2,394,550,156,4,5,-1,0
"2020-21","12120","Wisconsin","Estella Moschkau",1,2,477,1010,533,11,17,-6,0
"2020-21","12120","Wisconsin","Brooke Schramek",3,1,477,600,123,2,4,-2,0
"2020-21","12120","Maryland","Taisiya Kozlova",14,1,550,600,50,2,2,0,0
"2020-21","12120","Wisconsin","Sara Stapleton",41,2,550,819,269,7,10,-3,0
"2020-21","12120","Maryland","Diamond Miller",1,2,600,1010,410,13,9,4,0
"2020-21","12120","Maryland","Mimi Collins",2,2,600,1010,410,13,9,4,0
"2020-21","12120","Maryland","Katie Benzan",11,3,600,1579,979,37,18,19,0
"2020-21","12120","Wisconsin","Julie Pospisilova",5,2,600,1116,516,9,19,-10,0
"2020-21","12120","Wisconsin","Tara Stauffacher",40,2,600,819,219,5,8,-3,0
"2020-21","12120","Maryland","Alaysia Styles",5,2,819,1200,381,16,6,10,0
"2020-21","12120","Maryland","Faith Masonius",13,2,819,1200,381,16,6,10,0
"2020-21","12120","Wisconsin","Sydney Hilliard",30,2,819,1777,958,17,34,-17,0
"2020-21","12120","Wisconsin","Kate Thompson",32,1,819,1116,297,4,11,-7,0
"2020-21","12120","Wisconsin","Imani Lewis",34,2,819,1777,958,17,34,-17,0
"2020-21","12120","Maryland","Ashley Owusu",15,2,1010,1562,552,22,9,13,0
"2020-21","12120","Maryland","Chloe Bibby",55,2,1010,1116,106,6,0,6,0
"2020-21","12120","Wisconsin","Brooke Schramek",3,2,1010,1200,190,2,11,-9,0
"2020-21","12120","Maryland","Taisiya Kozlova",14,2,1116,1200,84,5,2,3,0
"2020-21","12120","Wisconsin","Halle Douglass",10,2,1116,1200,84,2,5,-3,0
"2020-21","12120","Wisconsin","Sara Stapleton",41,3,1116,1425,309,9,11,-2,0
"2020-21","12120","Maryland","Diamond Miller",1,3,1200,1686,486,16,11,5,0
"2020-21","12120","Maryland","Mimi Collins",2,3,1200,1259,59,0,4,-4,0
"2020-21","12120","Maryland","Chloe Bibby",55,3,1200,1574,374,11,7,4,0
"2020-21","12120","Wisconsin","Estella Moschkau",1,3,1200,1570,370,7,11,-4,0
"2020-21","12120","Wisconsin","Julie Pospisilova",5,3,1200,1425,225,7,6,1,0
"2020-21","12120","Maryland","Faith Masonius",13,3,1259,1807,548,18,8,10,0
"2020-21","12120","Wisconsin","Halle Douglass",10,3,1425,1602,177,0,7,-7,0
"2020-21","12120","Wisconsin","Tara Stauffacher",40,3,1425,1570,145,0,5,-5,0
"2020-21","12120","Maryland","Alaysia Styles",5,3,1562,1686,124,5,4,1,0
"2020-21","12120","Wisconsin","Brooke Schramek",3,3,1570,1807,237,5,7,-2,0
"2020-21","12120","Wisconsin","Alex Luehring",44,1,1570,1807,237,5,7,-2,0
"2020-21","12120","Maryland","Taisiya Kozlova",14,3,1574,1807,233,7,5,2,0
"2020-21","12120","Maryland","Chloe Bibby",55,4,1579,1585,6,0,0,0,0
"2020-21","12120","Maryland","Ashley Owusu",15,3,1585,1875,290,11,5,6,0
"2020-21","12120","Wisconsin","Julie Pospisilova",5,4,1602,1619,17,0,3,-3,0
"2020-21","12120","Wisconsin","Estella Moschkau",1,4,1619,1880,261,5,8,-3,0
"2020-21","12120","Maryland","Mimi Collins",2,4,1686,2166,480,15,12,3,0
"2020-21","12120","Maryland","Chloe Bibby",55,5,1686,1947,261,11,5,6,0
"2020-21","12120","Wisconsin","Halle Douglass",10,4,1777,2123,346,9,13,-4,0
"2020-21","12120","Wisconsin","Kate Thompson",32,2,1777,1875,98,1,6,-5,0
"2020-21","12120","Maryland","Alaysia Styles",5,4,1807,2400,593,20,13,7,0
"2020-21","12120","Maryland","Katie Benzan",11,4,1807,2400,593,20,13,7,0
"2020-21","12120","Wisconsin","Julie Pospisilova",5,5,1807,1875,68,0,6,-6,0
"2020-21","12120","Wisconsin","Tara Stauffacher",40,4,1807,1875,68,0,6,-6,0
"2020-21","12120","Maryland","Diamond Miller",1,4,1875,2075,200,7,6,1,0
"2020-21","12120","Wisconsin","Sydney Hilliard",30,3,1875,2166,291,11,7,4,0
"2020-21","12120","Wisconsin","Imani Lewis",34,3,1875,2261,386,13,9,4,0
"2020-21","12120","Wisconsin","Sara Stapleton",41,4,1875,2133,258,9,7,2,0
"2020-21","12120","Wisconsin","Julie Pospisilova",5,6,1880,2261,381,13,9,4,0
"2020-21","12120","Maryland","Faith Masonius",13,4,1947,2400,453,11,9,2,0
"2020-21","12120","Maryland","Taisiya Kozlova",14,4,2075,2400,325,7,7,0,0
"2020-21","12120","Wisconsin","Tara Stauffacher",40,5,2123,2400,277,5,7,-2,0
"2020-21","12120","Wisconsin","Kate Thompson",32,3,2133,2324,191,4,7,-3,0
"2020-21","12120","Maryland","Diamond Miller",1,5,2166,2400,234,7,2,5,0
"2020-21","12120","Wisconsin","Brooke Schramek",3,4,2166,2400,234,2,7,-5,0
"2020-21","12120","Wisconsin","Halle Douglass",10,5,2261,2324,63,0,5,-5,0
"2020-21","12120","Wisconsin","Alex Luehring",44,2,2261,2400,139,0,5,-5,0
"2020-21","12120","Wisconsin","Lovisa Djurstrom",22,1,2324,2400,76,0,0,0,0
"2020-21","12120","Wisconsin","Natalie Leuzinger",24,1,2324,2400,76,0,0,0,0
"2020-21","12121","Maryland","Diamond Miller",1,1,0,366,366,23,8,15,1
"2020-21","12121","Maryland","Mimi Collins",2,1,0,464,464,27,11,16,1
"2020-21","12121","Maryland","Katie Benzan",11,1,0,600,600,27,13,14,1
"2020-21","12121","Maryland","Ashley Owusu",15,1,0,510,510,27,13,14,1
"2020-21","12121","Maryland","Chloe Bibby",55,1,0,366,366,23,8,15,1
"2020-21","12121","Michigan","Naz Hillmon",0,1,0,639,639,17,27,-10,1
"2020-21","12121","Michigan","Amy Dilk",1,1,0,366,366,8,23,-15,1
"2020-21","12121","Michigan","Akienreh Johnson",14,1,0,270,270,4,14,-10,1
"2020-21","12121","Michigan","Hailey Brown",15,1,0,464,464,11,27,-16,1
"2020-21","12121","Michigan","Leigha Brown",32,1,0,571,571,13,27,-14,1
"2020-21","12121","Michigan","Maddie Nolan",3,1,270,600,330,9,13,-4,0
"2020-21","12121","Maryland","Alaysia Styles",5,1,366,600,234,4,5,-1,0
"2020-21","12121","Maryland","Faith Masonius",13,1,366,600,234,4,5,-1,0
"2020-21","12121","Michigan","Akienreh Johnson",14,2,366,1542,1176,32,40,-8,0
"2020-21","12121","Maryland","Angel Reese",10,1,464,600,136,0,2,-2,0
"2020-21","12121","Michigan","Emily Kiser",33,1,464,727,263,6,0,6,0
"2020-21","12121","Maryland","Diamond Miller",1,2,510,895,385,7,10,-3,0
"2020-21","12121","Michigan","Amy Dilk",1,2,571,755,184,4,2,2,0
"2020-21","12121","Maryland","Mimi Collins",2,2,600,895,295,7,10,-3,0
"2020-21","12121","Maryland","Faith Masonius",13,2,600,621,21,0,2,-2,0
"2020-21","12121","Maryland","Ashley Owusu",15,2,600,755,155,0,4,-4,0
"2020-21","12121","Maryland","Chloe Bibby",55,2,600,895,295,7,10,-3,0
"2020-21","12121","Michigan","Leigha Brown",32,2,600,1150,550,13,17,-4,0
"2020-21","12121","Maryland","Katie Benzan",11,2,621,1599,978,36,27,9,0
"2020-21","12121","Michigan","Hailey Brown",15,2,639,1525,886,23,36,-13,0
"2020-21","12121","Michigan","Naz Hillmon",0,2,727,1708,981,25,38,-13,0
"2020-21","12121","Maryland","Faith Masonius",13,3,755,1150,395,17,9,8,0
"2020-21","12121","Michigan","Maddie Nolan",3,2,755,895,140,6,7,-1,0
"2020-21","12121","Maryland","Alaysia Styles",5,2,895,1200,305,12,3,9,0
"2020-21","12121","Maryland","Angel Reese",10,2,895,1104,209,8,2,6,0
"2020-21","12121","Maryland","Ashley Owusu",15,3,895,1150,255,10,3,7,0
"2020-21","12121","Michigan","Amy Dilk",1,3,895,1038,143,0,4,-4,0
"2020-21","12121","Michigan","Michelle Sidor",24,1,1038,1200,162,3,6,-3,0
"2020-21","12121","Maryland","Mimi Collins",2,3,1104,1708,604,23,17,6,0
"2020-21","12121","Maryland","Diamond Miller",1,3,1150,1481,331,17,14,3,0
"2020-21","12121","Maryland","Chloe Bibby",55,3,1150,1376,226,12,10,2,0
"2020-21","12121","Michigan","Danielle Rauch",23,1,1150,1200,50,0,2,-2,0
"2020-21","12121","Maryland","Ashley Owusu",15,4,1200,1708,508,19,16,3,0
"2020-21","12121","Michigan","Amy Dilk",1,4,1200,1423,223,10,13,-3,0
"2020-21","12121","Michigan","Leigha Brown",32,3,1200,1481,281,14,15,-1,0
"2020-21","12121","Maryland","Faith Masonius",13,4,1376,1708,332,9,6,3,0
"2020-21","12121","Michigan","Maddie Nolan",3,3,1423,1974,551,14,17,-3,0
"2020-21","12121","Maryland","Chloe Bibby",55,4,1481,1974,493,15,9,6,0
"2020-21","12121","Michigan","Amy Dilk",1,5,1481,1752,271,2,7,-5,0
"2020-21","12121","Michigan","Emily Kiser",33,2,1525,1708,183,2,2,0,0
"2020-21","12121","Michigan","Leigha Brown",32,4,1542,2006,464,10,13,-3,0
"2020-21","12121","Maryland","Diamond Miller",1,4,1599,2006,407,13,8,5,0
"2020-21","12121","Maryland","Alaysia Styles",5,3,1708,2400,692,23,21,2,0
"2020-21","12121","Maryland","Angel Reese",10,3,1708,1924,216,9,5,4,0
"2020-21","12121","Maryland","Katie Benzan",11,3,1708,2006,298,11,8,3,0
"2020-21","12121","Michigan","Hailey Brown",15,3,1708,2120,412,13,14,-1,0
"2020-21","12121","Michigan","Whitney Sollom",25,1,1708,1752,44,0,3,-3,0
"2020-21","12121","Michigan","Naz Hillmon",0,3,1752,2120,368,13,11,2,0
"2020-21","12121","Michigan","Akienreh Johnson",14,3,1752,2400,648,21,20,1,0
"2020-21","12121","Maryland","Mimi Collins",2,4,1924,2052,128,2,6,-4,0
"2020-21","12121","Maryland","Faith Masonius",13,5,1974,2400,426,12,14,-2,0
"2020-21","12121","Michigan","Amy Dilk",1,6,1974,2400,426,13,12,1,0
"2020-21","12121","Maryland","Taisiya Kozlova",14,1,2006,2400,394,12,13,-1,0
"2020-21","12121","Maryland","Ashley Owusu",15,5,2006,2120,114,4,5,-1,0
"2020-21","12121","Michigan","Danielle Rauch",23,2,2006,2131,125,5,4,1,0
"2020-21","12121","Maryland","Angel Reese",10,4,2052,2400,348,12,10,2,0
"2020-21","12121","Maryland","Zoe Young",12,1,2120,2400,280,8,8,0,0
"2020-21","12121","Michigan","Whitney Sollom",25,2,2120,2207,87,2,3,-1,0
"2020-21","12121","Michigan","Emily Kiser",33,3,2120,2316,196,6,7,-1,0
"2020-21","12121","Michigan","Michelle Sidor",24,2,2131,2400,269,8,8,0,0
"2020-21","12121","Michigan","Naz Hillmon",0,4,2207,2400,193,6,6,0,0
"2020-21","12121","Michigan","Cameron Williams",44,1,2316,2400,84,2,2,0,0
"2020-21","12122","Maryland","Diamond Miller",1,1,0,457,457,22,9,13,1
"2020-21","12122","Maryland","Mimi Collins",2,1,0,264,264,6,7,-1,1
"2020-21","12122","Maryland","Katie Benzan",11,1,0,766,766,37,16,21,1
"2020-21","12122","Maryland","Ashley Owusu",15,1,0,151,151,3,5,-2,1
"2020-21","12122","Maryland","Chloe Bibby",55,1,0,358,358,15,7,8,1
"2020-21","12122","Michigan St.","Alyza Winston",3,1,0,204,204,7,6,1,1
"2020-21","12122","Michigan St.","Alisia Smith",4,1,0,264,264,7,6,1,1
"2020-21","12122","Michigan St.","Janai Crooms",23,1,0,264,264,7,6,1,1
"2020-21","12122","Michigan St.","Nia Clouden",24,1,0,520,520,9,24,-15,1
"2020-21","12122","Michigan St.","Julia Ayrault",40,1,0,358,358,7,13,-6,1
"2020-21","12122","Maryland","Faith Masonius",13,1,151,520,369,21,4,17,0
"2020-21","12122","Michigan St.","Moira Joiner",22,1,204,457,253,2,16,-14,0
"2020-21","12122","Maryland","Alaysia Styles",5,1,264,520,256,18,2,16,0
"2020-21","12122","Michigan St.","Alyza Winston",3,2,264,894,630,9,31,-22,0
"2020-21","12122","Michigan St.","Taiyier Parks",14,1,264,570,306,8,20,-12,0
"2020-21","12122","Maryland","Mimi Collins",2,2,358,894,536,22,9,13,0
"2020-21","12122","Michigan St.","Mardrekia Cook",2,1,358,676,318,8,19,-11,0
"2020-21","12122","Maryland","Chloe Bibby",55,2,457,1459,1002,40,25,15,0
"2020-21","12122","Michigan St.","Janai Crooms",23,2,457,838,381,7,15,-8,0
"2020-21","12122","Maryland","Diamond Miller",1,2,520,949,429,19,9,10,0
"2020-21","12122","Maryland","Ashley Owusu",15,2,520,1054,534,22,15,7,0
"2020-21","12122","Michigan St.","Moira Joiner",22,2,520,665,145,6,8,-2,0
"2020-21","12122","Michigan St.","Alisia Smith",4,2,570,894,324,1,11,-10,0
"2020-21","12122","Michigan St.","Nia Clouden",24,2,665,2034,1369,33,56,-23,0
"2020-21","12122","Michigan St.","Julia Ayrault",40,2,676,1438,762,19,30,-11,0
"2020-21","12122","Maryland","Taisiya Kozlova",14,1,766,1200,434,13,14,-1,0
"2020-21","12122","Michigan St.","Moira Joiner",22,3,838,1148,310,10,11,-1,0
"2020-21","12122","Maryland","Faith Masonius",13,2,894,1200,306,13,14,-1,0
"2020-21","12122","Michigan St.","Taiyier Parks",14,2,894,1148,254,10,11,-1,0
"2020-21","12122","Michigan St.","Jayla James",20,1,894,1054,160,8,9,-1,0
"2020-21","12122","Maryland","Katie Benzan",11,2,949,1718,769,27,25,2,0
"2020-21","12122","Maryland","Mimi Collins",2,3,1054,1148,94,2,2,0,0
"2020-21","12122","Michigan St.","Mardrekia Cook",2,2,1054,1200,146,6,4,2,0
"2020-21","12122","Maryland","Zoe Young",12,1,1148,1200,52,2,4,-2,0
"2020-21","12122","Michigan St.","Alisia Smith",4,3,1148,1438,290,8,14,-6,0
"2020-21","12122","Michigan St.","Janai Crooms",23,3,1148,1438,290,8,14,-6,0
"2020-21","12122","Maryland","Diamond Miller",1,3,1200,1331,131,4,0,4,0
"2020-21","12122","Maryland","Mimi Collins",2,4,1200,1516,316,14,8,6,0
"2020-21","12122","Maryland","Ashley Owusu",15,3,1200,2026,826,38,18,20,0
"2020-21","12122","Michigan St.","Moira Joiner",22,4,1200,1664,464,10,17,-7,0
"2020-21","12122","Maryland","Faith Masonius",13,3,1331,1945,614,32,18,14,0
"2020-21","12122","Michigan St.","Mardrekia Cook",2,3,1438,1664,226,6,5,1,0
"2020-21","12122","Michigan St.","Alyza Winston",3,3,1438,1557,119,5,2,3,0
"2020-21","12122","Michigan St.","Kendall Bostic",44,1,1438,1848,410,9,15,-6,0
"2020-21","12122","Maryland","Alaysia Styles",5,2,1459,1945,486,24,14,10,0
"2020-21","12122","Maryland","Chloe Bibby",55,3,1516,1755,239,10,5,5,0
"2020-21","12122","Michigan St.","Janai Crooms",23,4,1557,2194,637,9,26,-17,0
"2020-21","12122","Michigan St.","Jayla James",20,2,1664,1755,91,3,7,-4,0
"2020-21","12122","Michigan St.","Julia Ayrault",40,3,1664,1848,184,3,10,-7,0
"2020-21","12122","Maryland","Diamond Miller",1,4,1718,2017,299,18,5,13,0
"2020-21","12122","Maryland","Taisiya Kozlova",14,2,1755,2400,645,18,9,9,0
"2020-21","12122","Michigan St.","Alyza Winston",3,4,1755,1974,219,5,12,-7,0
"2020-21","12122","Michigan St.","Mardrekia Cook",2,4,1848,1945,97,5,9,-4,0
"2020-21","12122","Michigan St.","Alisia Smith",4,4,1848,2034,186,5,11,-6,0
"2020-21","12122","Maryland","Mimi Collins",2,5,1945,2400,455,6,4,2,0
"2020-21","12122","Maryland","Zoe Young",12,2,1945,2400,455,6,4,2,0
"2020-21","12122","Michigan St.","Kendall Bostic",44,2,1945,2400,455,4,6,-2,0
"2020-21","12122","Michigan St.","Moira Joiner",22,5,1974,2146,172,0,4,-4,0
"2020-21","12122","Maryland","Faith Masonius",13,4,2026,2400,374,4,4,0,0
"2020-21","12122","Maryland","Diamond Miller",1,5,2034,2146,112,2,0,2,0
"2020-21","12122","Michigan St.","Taiyier Parks",14,3,2034,2400,366,4,4,0,0
"2020-21","12122","Michigan St.","Laurel Jacqmain",21,1,2034,2400,366,4,4,0,0
"2020-21","12122","Maryland","Alaysia Styles",5,3,2146,2400,254,2,4,-2,0
"2020-21","12122","Michigan St.","Jayla James",20,3,2146,2400,254,4,2,2,0
"2020-21","12122","Michigan St.","Moira Joiner",22,6,2194,2400,206,4,2,2,0
"2020-21","12123","Maryland","Diamond Miller",1,1,0,499,499,22,11,11,1
"2020-21","12123","Maryland","Mimi Collins",2,1,0,296,296,16,6,10,1
"2020-21","12123","Maryland","Katie Benzan",11,1,0,859,859,40,23,17,1
"2020-21","12123","Maryland","Ashley Owusu",15,1,0,1045,1045,48,29,19,1
"2020-21","12123","Maryland","Chloe Bibby",55,1,0,432,432,20,11,9,1
"2020-21","12123","Nebraska","Ashley Scoggin",0,1,0,347,347,9,18,-9,1
"2020-21","12123","Nebraska","Sam Haiby",4,1,0,1510,1510,46,58,-12,1
"2020-21","12123","Nebraska","Ruby Porter",11,1,0,499,499,11,22,-11,1
"2020-21","12123","Nebraska","Kate Cain",31,1,0,432,432,11,20,-9,1
"2020-21","12123","Nebraska","Isabelle Bourne",34,1,0,347,347,9,18,-9,1
"2020-21","12123","Maryland","Faith Masonius",13,1,296,600,304,11,10,1,0
"2020-21","12123","Nebraska","Mi'Cole Cayton",5,1,347,499,152,2,4,-2,0
"2020-21","12123","Nebraska","Bella Cravens",14,1,347,652,305,7,12,-5,0
"2020-21","12123","Maryland","Alaysia Styles",5,1,432,600,168,7,5,2,0
"2020-21","12123","Nebraska","Annika Stewart",21,1,432,652,220,5,10,-5,0
"2020-21","12123","Maryland","Chloe Bibby",55,2,499,1423,924,34,33,1,0
"2020-21","12123","Nebraska","Ashley Scoggin",0,2,499,652,153,5,8,-3,0
"2020-21","12123","Nebraska","Isabelle Bourne",34,2,499,575,76,5,5,0,0
"2020-21","12123","Nebraska","Whitney Brown",10,1,575,780,205,5,10,-5,0
"2020-21","12123","Maryland","Diamond Miller",1,2,600,1045,445,21,13,8,0
"2020-21","12123","Maryland","Mimi Collins",2,2,600,1727,1127,46,32,14,0
"2020-21","12123","Nebraska","Ruby Porter",11,2,652,1045,393,13,18,-5,0
"2020-21","12123","Nebraska","Kate Cain",31,2,652,1589,937,32,32,0,0
"2020-21","12123","Nebraska","Isabelle Bourne",34,3,652,859,207,7,10,-3,0
"2020-21","12123","Nebraska","Mi'Cole Cayton",5,2,780,1045,265,8,11,-3,0
"2020-21","12123","Maryland","Faith Masonius",13,2,859,1200,341,11,10,1,0
"2020-21","12123","Nebraska","Bella Cravens",14,2,859,1200,341,10,11,-1,0
"2020-21","12123","Maryland","Katie Benzan",11,2,1045,1589,544,14,19,-5,0
"2020-21","12123","Maryland","Zoe Young",12,1,1045,1200,155,3,4,-1,0
"2020-21","12123","Nebraska","Ashley Scoggin",0,3,1045,1089,44,1,3,-2,0
"2020-21","12123","Nebraska","Kendall Coley",32,1,1045,1200,155,4,3,1,0
"2020-21","12123","Nebraska","Whitney Brown",10,2,1089,1200,111,3,0,3,0
"2020-21","12123","Maryland","Diamond Miller",1,3,1200,1727,527,22,15,7,0
"2020-21","12123","Maryland","Ashley Owusu",15,2,1200,2126,926,31,28,3,0
"2020-21","12123","Nebraska","Ashley Scoggin",0,4,1200,1589,389,15,11,4,0
"2020-21","12123","Nebraska","Ruby Porter",11,3,1200,1589,389,15,11,4,0
"2020-21","12123","Nebraska","Isabelle Bourne",34,4,1200,1510,310,13,7,6,0
"2020-21","12123","Maryland","Faith Masonius",13,3,1423,1908,485,23,10,13,0
"2020-21","12123","Nebraska","Whitney Brown",10,3,1510,1805,295,4,19,-15,0
"2020-21","12123","Nebraska","Bella Cravens",14,3,1510,1589,79,2,4,-2,0
"2020-21","12123","Maryland","Chloe Bibby",55,3,1589,1959,370,17,10,7,0
"2020-21","12123","Nebraska","Sam Haiby",4,2,1589,1727,138,0,11,-11,0
"2020-21","12123","Nebraska","Mi'Cole Cayton",5,3,1589,1805,216,2,15,-13,0
"2020-21","12123","Nebraska","Annika Stewart",21,2,1589,1805,216,2,15,-13,0
"2020-21","12123","Nebraska","Isabelle Bourne",34,5,1589,2221,632,17,22,-5,0
"2020-21","12123","Maryland","Alaysia Styles",5,2,1727,2400,673,22,25,-3,0
"2020-21","12123","Maryland","Zoe Young",12,2,1727,1972,245,6,10,-4,0
"2020-21","12123","Nebraska","Ruby Porter",11,4,1727,2339,612,22,20,2,0
"2020-21","12123","Nebraska","Sam Haiby",4,3,1805,2091,286,11,5,6,0
"2020-21","12123","Nebraska","Kate Cain",31,3,1805,1959,154,8,2,6,0
"2020-21","12123","Nebraska","Kendall Coley",32,2,1805,2221,416,15,7,8,0
"2020-21","12123","Maryland","Mimi Collins",2,3,1908,2400,492,16,19,-3,0
"2020-21","12123","Maryland","Diamond Miller",1,4,1959,2286,327,11,9,2,0
"2020-21","12123","Nebraska","Bella Cravens",14,4,1959,2062,103,3,2,1,0
"2020-21","12123","Maryland","Katie Benzan",11,3,1972,2400,428,16,15,1,0
"2020-21","12123","Nebraska","Annika Stewart",21,3,2062,2400,338,12,14,-2,0
"2020-21","12123","Nebraska","Ashley Scoggin",0,5,2091,2400,309,12,13,-1,0
"2020-21","12123","Maryland","Taisiya Kozlova",14,1,2126,2400,274,13,12,1,0
"2020-21","12123","Nebraska","Whitney Brown",10,4,2221,2400,179,8,11,-3,0
"2020-21","12123","Nebraska","Kate Cain",31,4,2221,2400,179,8,11,-3,0
"2020-21","12123","Maryland","Zoe Young",12,3,2286,2400,114,5,6,-1,0
"2020-21","12123","Nebraska","Mi'Cole Cayton",5,4,2339,2400,61,3,2,1,0
"2020-21","12124","Illinois","Jeanae Terry",10,1,0,632,632,11,31,-20,1
"2020-21","12124","Illinois","Jada Peebles",11,1,0,901,901,20,43,-23,1
"2020-21","12124","Illinois","Eva Rubin",22,1,0,305,305,2,17,-15,1
"2020-21","12124","Illinois","Aaliyah Nye",32,1,0,482,482,7,25,-18,1
"2020-21","12124","Illinois","Kennedi Myles",44,1,0,305,305,2,17,-15,1
"2020-21","12124","Maryland","Diamond Miller",1,1,0,243,243,10,2,8,1
"2020-21","12124","Maryland","Mimi Collins",2,1,0,383,383,20,5,15,1
"2020-21","12124","Maryland","Katie Benzan",11,1,0,361,361,20,4,16,1
"2020-21","12124","Maryland","Ashley Owusu",15,1,0,482,482,25,7,18,1
"2020-21","12124","Maryland","Chloe Bibby",55,1,0,353,353,20,2,18,1
"2020-21","12124","Maryland","Faith Masonius",13,1,243,488,245,17,7,10,0
"2020-21","12124","Illinois","Solape Amusan",3,1,305,488,183,7,10,-3,0
"2020-21","12124","Illinois","Erika Porter",20,1,305,575,270,9,10,-1,0
"2020-21","12124","Maryland","Diamond Miller",1,2,353,720,367,17,11,6,0
"2020-21","12124","Maryland","Chloe Bibby",55,2,361,757,396,17,10,7,0
"2020-21","12124","Maryland","Alaysia Styles",5,1,383,595,212,7,6,1,0
"2020-21","12124","Illinois","Aaliyah McQueen",21,1,482,976,494,13,20,-7,0
"2020-21","12124","Maryland","Katie Benzan",11,2,482,1675,1193,52,39,13,0
"2020-21","12124","Illinois","Kennedi Myles",44,2,488,757,269,5,10,-5,0
"2020-21","12124","Maryland","Mimi Collins",2,2,488,901,413,16,11,5,0
"2020-21","12124","Illinois","Eva Rubin",22,2,575,901,326,9,16,-7,0
"2020-21","12124","Maryland","Ashley Owusu",15,2,595,901,306,16,9,7,0
"2020-21","12124","Illinois","J-Naya Ephraim",0,1,632,1216,584,22,23,-1,0
"2020-21","12124","Maryland","Taisiya Kozlova",14,1,720,901,181,6,7,-1,0
"2020-21","12124","Illinois","Geovana Lopes",14,1,757,1216,459,19,17,2,0
"2020-21","12124","Maryland","Alaysia Styles",5,2,757,1139,382,17,16,1,0
"2020-21","12124","Illinois","Jeanae Terry",10,2,901,1530,629,21,26,-5,0
"2020-21","12124","Illinois","Aaliyah Nye",32,2,901,1757,856,28,34,-6,0
"2020-21","12124","Maryland","Diamond Miller",1,3,901,976,75,2,0,2,0
"2020-21","12124","Maryland","Zoe Young",12,1,901,1077,176,7,10,-3,0
"2020-21","12124","Maryland","Chloe Bibby",55,3,901,1675,774,34,26,8,0
"2020-21","12124","Illinois","Jada Peebles",11,2,976,1919,943,30,36,-6,0
"2020-21","12124","Maryland","Ashley Owusu",15,3,976,1978,1002,40,33,7,0
"2020-21","12124","Maryland","Mimi Collins",2,3,1077,1530,453,19,11,8,0
"2020-21","12124","Maryland","Taisiya Kozlova",14,2,1139,1216,77,0,3,-3,0
"2020-21","12124","Illinois","Eva Rubin",22,3,1216,1379,163,6,10,-4,0
"2020-21","12124","Illinois","Kennedi Myles",44,3,1216,1405,189,6,10,-4,0
"2020-21","12124","Maryland","Diamond Miller",1,4,1216,1530,314,15,8,7,0
"2020-21","12124","Illinois","Geovana Lopes",14,2,1379,1757,378,9,13,-4,0
"2020-21","12124","Illinois","J-Naya Ephraim",0,2,1405,2035,630,14,25,-11,0
"2020-21","12124","Illinois","Aaliyah McQueen",21,2,1530,1757,227,7,8,-1,0
"2020-21","12124","Maryland","Alaysia Styles",5,3,1530,1800,270,8,9,-1,0
"2020-21","12124","Maryland","Faith Masonius",13,2,1530,1800,270,8,9,-1,0
"2020-21","12124","Maryland","Diamond Miller",1,5,1675,2400,725,26,12,14,0
"2020-21","12124","Maryland","Taisiya Kozlova",14,3,1675,1978,303,8,7,1,0
"2020-21","12124","Illinois","Lyric Robins",2,1,1757,2400,643,10,26,-16,0
"2020-21","12124","Illinois","Jeanae Terry",10,3,1757,1940,183,2,4,-2,0
"2020-21","12124","Illinois","Erika Porter",20,2,1757,1919,162,2,4,-2,0
"2020-21","12124","Maryland","Mimi Collins",2,4,1800,2101,301,15,5,10,0
"2020-21","12124","Maryland","Chloe Bibby",55,4,1800,1978,178,8,3,5,0
"2020-21","12124","Illinois","Aaliyah Nye",32,3,1919,2316,397,8,18,-10,0
"2020-21","12124","Illinois","Kennedi Myles",44,4,1919,2210,291,7,15,-8,0
"2020-21","12124","Illinois","Erika Porter",20,3,1940,2008,68,3,6,-3,0
"2020-21","12124","Maryland","Katie Benzan",11,3,1978,2210,232,11,4,7,0
"2020-21","12124","Maryland","Zoe Young",12,2,1978,2101,123,7,2,5,0
"2020-21","12124","Maryland","Faith Masonius",13,3,1978,2400,422,18,5,13,0
"2020-21","12124","Illinois","Nancy Panagiotopoulou",1,1,2008,2400,392,5,16,-11,0
"2020-21","12124","Illinois","Jada Peebles",11,3,2035,2400,365,5,14,-9,0
"2020-21","12124","Maryland","Alaysia Styles",5,4,2101,2400,299,11,3,8,0
"2020-21","12124","Maryland","Taisiya Kozlova",14,4,2101,2400,299,11,3,8,0
"2020-21","12124","Illinois","Solape Amusan",3,2,2210,2400,190,1,7,-6,0
"2020-21","12124","Maryland","Zoe Young",12,3,2210,2400,190,7,1,6,0
"2020-21","12124","Illinois","Tara O'Malley",13,1,2316,2400,84,0,4,-4,0
"2020-21","12125","Maryland","Diamond Miller",1,1,0,503,503,20,11,9,1
"2020-21","12125","Maryland","Mimi Collins",2,1,0,503,503,20,11,9,1
"2020-21","12125","Maryland","Katie Benzan",11,1,0,849,849,33,17,16,1
"2020-21","12125","Maryland","Ashley Owusu",15,1,0,600,600,24,11,13,1
"2020-21","12125","Maryland","Chloe Bibby",55,1,0,452,452,20,11,9,1
"2020-21","12125","Minnesota","Alexia Smith",1,1,0,1963,1963,45,75,-30,1
"2020-21","12125","Minnesota","Jasmine Powell",4,1,0,452,452,11,20,-9,1
"2020-21","12125","Minnesota","Kayla Mershon",15,1,0,370,370,7,16,-9,1
"2020-21","12125","Minnesota","Kadiatou Sissoko",30,1,0,503,503,11,20,-9,1
"2020-21","12125","Minnesota","Gadiva Hubbard",34,1,0,317,317,7,15,-8,1
"2020-21","12125","Minnesota","Caroline Strande",21,1,317,600,283,4,9,-5,0
"2020-21","12125","Minnesota","Klarke Sconiers",25,1,370,600,230,4,8,-4,0
"2020-21","12125","Maryland","Faith Masonius",13,1,452,786,334,11,0,11,0
"2020-21","12125","Minnesota","Katie Borowicz",23,1,452,600,148,0,4,-4,0
"2020-21","12125","Maryland","Alaysia Styles",5,1,503,786,283,11,0,11,0
"2020-21","12125","Maryland","Chloe Bibby",55,2,503,992,489,20,9,11,0
"2020-21","12125","Minnesota","Laura Bagwell Katalinich",12,1,503,600,97,0,4,-4,0
"2020-21","12125","Maryland","Diamond Miller",1,2,600,1305,705,29,18,11,0
"2020-21","12125","Minnesota","Jasmine Powell",4,2,600,964,364,9,16,-7,0
"2020-21","12125","Minnesota","Kayla Mershon",15,2,600,943,343,9,13,-4,0
"2020-21","12125","Minnesota","Kadiatou Sissoko",30,2,600,1135,535,12,19,-7,0
"2020-21","12125","Minnesota","Gadiva Hubbard",34,2,600,940,340,9,13,-4,0
"2020-21","12125","Maryland","Mimi Collins",2,2,786,992,206,9,9,0,0
"2020-21","12125","Maryland","Ashley Owusu",15,2,786,1150,364,16,12,4,0
"2020-21","12125","Maryland","Faith Masonius",13,2,849,1200,351,16,8,8,0
"2020-21","12125","Minnesota","Laura Bagwell Katalinich",12,2,940,1932,992,23,38,-15,0
"2020-21","12125","Minnesota","Klarke Sconiers",25,2,943,1200,257,5,12,-7,0
"2020-21","12125","Minnesota","Katie Borowicz",23,2,964,1135,171,3,3,0,0
"2020-21","12125","Maryland","Alaysia Styles",5,2,992,1135,143,3,3,0,0
"2020-21","12125","Maryland","Katie Benzan",11,2,992,1802,810,30,20,10,0
"2020-21","12125","Maryland","Chloe Bibby",55,3,1135,1434,299,16,8,8,0
"2020-21","12125","Minnesota","Caroline Strande",21,2,1135,1200,65,2,6,-4,0
"2020-21","12125","Minnesota","Gadiva Hubbard",34,3,1135,1494,359,10,18,-8,0
"2020-21","12125","Maryland","Taisiya Kozlova",14,1,1150,1200,50,2,2,0,0
"2020-21","12125","Maryland","Mimi Collins",2,3,1200,1450,250,10,8,2,0
"2020-21","12125","Maryland","Ashley Owusu",15,3,1200,1545,345,14,8,6,0
"2020-21","12125","Minnesota","Kayla Mershon",15,3,1200,1434,234,6,10,-4,0
"2020-21","12125","Minnesota","Kadiatou Sissoko",30,3,1200,2060,860,28,29,-1,0
"2020-21","12125","Maryland","Faith Masonius",13,3,1305,1963,658,22,16,6,0
"2020-21","12125","Maryland","Diamond Miller",1,3,1434,1617,183,7,4,3,0
"2020-21","12125","Minnesota","Klarke Sconiers",25,3,1434,1698,264,5,8,-3,0
"2020-21","12125","Maryland","Alaysia Styles",5,3,1450,2082,632,19,20,-1,0
"2020-21","12125","Minnesota","Caroline Strande",21,3,1494,2400,906,29,33,-4,0
"2020-21","12125","Maryland","Chloe Bibby",55,4,1545,2005,460,12,17,-5,0
"2020-21","12125","Maryland","Taisiya Kozlova",14,2,1617,1802,185,4,5,-1,0
"2020-21","12125","Minnesota","Grace Cumming",43,1,1698,2400,702,26,27,-1,0
"2020-21","12125","Maryland","Zoe Young",12,1,1802,2005,203,5,10,-5,0
"2020-21","12125","Maryland","Ashley Owusu",15,4,1802,2400,598,24,22,2,0
"2020-21","12125","Minnesota","Gadiva Hubbard",34,4,1932,2179,247,12,10,2,0
"2020-21","12125","Maryland","Katie Benzan",11,3,1963,2239,276,13,10,3,0
"2020-21","12125","Minnesota","Katie Borowicz",23,3,1963,2400,437,17,19,-2,0
"2020-21","12125","Maryland","Diamond Miller",1,4,2005,2179,174,10,5,5,0
"2020-21","12125","Maryland","Taisiya Kozlova",14,3,2005,2400,395,19,12,7,0
"2020-21","12125","Minnesota","Erin Hedman",10,1,2060,2400,340,9,16,-7,0
"2020-21","12125","Maryland","Faith Masonius",13,4,2082,2400,318,16,9,7,0
"2020-21","12125","Maryland","Alaysia Styles",5,4,2179,2400,221,9,7,2,0
"2020-21","12125","Minnesota","Alexia Smith",1,2,2179,2400,221,7,9,-2,0
"2020-21","12125","Maryland","Zoe Young",12,2,2239,2400,161,6,7,-1,0
"2020-21","12127","Maryland","Diamond Miller",1,1,0,112,112,4,0,4,1
"2020-21","12127","Maryland","Mimi Collins",2,1,0,600,600,16,12,4,1
"2020-21","12127","Maryland","Katie Benzan",11,1,0,925,925,20,16,4,1
"2020-21","12127","Maryland","Ashley Owusu",15,1,0,865,865,18,14,4,1
"2020-21","12127","Maryland","Chloe Bibby",55,1,0,253,253,8,2,6,1
"2020-21","12127","Northwestern","Lauryn Satterwhite",2,1,0,92,92,0,4,-4,1
"2020-21","12127","Northwestern","Lindsey Pulliam",10,1,0,865,865,14,18,-4,1
"2020-21","12127","Northwestern","Brooke Pikiell",11,1,0,92,92,0,4,-4,1
"2020-21","12127","Northwestern","Paige Mott",20,1,0,322,322,6,8,-2,1
"2020-21","12127","Northwestern","Jordan Hamilton",24,1,0,600,600,12,16,-4,1
"2020-21","12127","Northwestern","Sydney Wood",3,1,92,1329,1237,29,28,1,0
"2020-21","12127","Northwestern","Veronica Burton",12,1,92,1532,1440,34,34,0,0
"2020-21","12127","Maryland","Faith Masonius",13,1,112,816,704,14,12,2,0
"2020-21","12127","Maryland","Angel Reese",10,1,253,523,270,6,6,0,0
"2020-21","12127","Northwestern","Anna Morris",42,1,322,523,201,2,6,-4,0
"2020-21","12127","Maryland","Chloe Bibby",55,2,523,657,134,2,4,-2,0
"2020-21","12127","Northwestern","Paige Mott",20,2,523,1022,499,10,10,0,0
"2020-21","12127","Maryland","Diamond Miller",1,2,600,1492,892,22,21,1,0
"2020-21","12127","Northwestern","Lauryn Satterwhite",2,2,600,731,131,0,2,-2,0
"2020-21","12127","Maryland","Mimi Collins",2,2,657,1102,445,12,9,3,0
"2020-21","12127","Northwestern","Jordan Hamilton",24,2,731,2400,1669,38,44,-6,0
"2020-21","12127","Maryland","Chloe Bibby",55,3,816,1022,206,6,6,0,0
"2020-21","12127","Maryland","Angel Reese",10,2,865,1200,335,12,13,-1,0
"2020-21","12127","Northwestern","Jasmine McWilliams",23,1,865,925,60,2,2,0,0
"2020-21","12127","Maryland","Ashley Owusu",15,2,925,2400,1475,42,34,8,0
"2020-21","12127","Northwestern","Lindsey Pulliam",10,2,925,2400,1475,34,42,-8,0
"2020-21","12127","Maryland","Faith Masonius",13,2,1022,1200,178,6,9,-3,0
"2020-21","12127","Northwestern","Anna Morris",42,2,1022,1200,178,9,6,3,0
"2020-21","12127","Maryland","Katie Benzan",11,2,1102,1342,240,4,10,-6,0
"2020-21","12127","Maryland","Mimi Collins",2,3,1200,1492,292,8,6,2,0
"2020-21","12127","Maryland","Chloe Bibby",55,4,1200,1532,332,8,7,1,0
"2020-21","12127","Northwestern","Paige Mott",20,3,1200,1492,292,6,8,-2,0
"2020-21","12127","Northwestern","Lauryn Satterwhite",2,3,1329,1624,295,8,10,-2,0
"2020-21","12127","Maryland","Faith Masonius",13,3,1342,1657,315,13,6,7,0
"2020-21","12127","Maryland","Alaysia Styles",5,1,1492,1532,40,0,1,-1,0
"2020-21","12127","Maryland","Katie Benzan",11,3,1492,1869,377,9,4,5,0
"2020-21","12127","Northwestern","Anna Morris",42,3,1492,1657,165,4,7,-3,0
"2020-21","12127","Maryland","Diamond Miller",1,3,1532,2400,868,24,16,8,0
"2020-21","12127","Maryland","Mimi Collins",2,4,1532,1721,189,7,3,4,0
"2020-21","12127","Northwestern","Sydney Wood",3,2,1532,2331,799,13,20,-7,0
"2020-21","12127","Northwestern","Veronica Burton",12,2,1624,2400,776,13,20,-7,0
"2020-21","12127","Maryland","Chloe Bibby",55,5,1657,2363,706,13,10,3,0
"2020-21","12127","Northwestern","Paige Mott",20,4,1657,1904,247,2,2,0,0
"2020-21","12127","Maryland","Angel Reese",10,3,1721,1869,148,2,0,2,0
"2020-21","12127","Maryland","Mimi Collins",2,5,1869,2400,531,15,13,2,0
"2020-21","12127","Maryland","Faith Masonius",13,4,1869,2027,158,2,4,-2,0
"2020-21","12127","Northwestern","Anna Morris",42,4,1904,2357,453,8,11,-3,0
"2020-21","12127","Maryland","Katie Benzan",11,4,2027,2365,338,11,6,5,0
"2020-21","12127","Northwestern","Lauryn Satterwhite",2,4,2331,2400,69,3,4,-1,0
"2020-21","12127","Northwestern","Kaylah Rainey",1,1,2357,2365,8,0,2,-2,0
"2020-21","12127","Maryland","Alaysia Styles",5,2,2363,2382,19,2,2,0,0
"2020-21","12127","Maryland","Faith Masonius",13,5,2365,2382,17,0,2,-2,0
"2020-21","12127","Northwestern","Anna Morris",42,5,2365,2400,35,3,2,1,0
"2020-21","12127","Maryland","Katie Benzan",11,5,2382,2385,3,2,1,1,0
"2020-21","12127","Maryland","Chloe Bibby",55,6,2382,2385,3,2,1,1,0
"2020-21","12127","Maryland","Alaysia Styles",5,3,2385,2400,15,0,0,0,0
"2020-21","12127","Maryland","Faith Masonius",13,6,2385,2400,15,0,0,0,0
"2020-21","12128","Maryland","Diamond Miller",1,1,0,240,240,12,9,3,1
"2020-21","12128","Maryland","Mimi Collins",2,1,0,329,329,16,11,5,1
"2020-21","12128","Maryland","Katie Benzan",11,1,0,907,907,36,25,11,1
"2020-21","12128","Maryland","Ashley Owusu",15,1,0,691,691,27,17,10,1
"2020-21","12128","Maryland","Chloe Bibby",55,1,0,329,329,16,11,5,1
"2020-21","12128","Penn St.","Niya Beverley",1,1,0,176,176,6,8,-2,1
"2020-21","12128","Penn St.","Anna Camden",11,1,0,240,240,9,12,-3,1
"2020-21","12128","Penn St.","Maddie Burke",15,1,0,140,140,6,6,0,1
"2020-21","12128","Penn St.","Makenna Marisa",20,1,0,930,930,25,36,-11,1
"2020-21","12128","Penn St.","Shay Hagans",23,1,0,372,372,11,19,-8,1
"2020-21","12128","Penn St.","Nan Garcia",24,1,140,329,189,5,10,-5,0
"2020-21","12128","Penn St.","Johnasia Cash",33,1,176,541,365,9,17,-8,0
"2020-21","12128","Maryland","Faith Masonius",13,1,240,463,223,7,4,3,0
"2020-21","12128","Penn St.","Niya Beverley",1,2,240,1597,1357,30,53,-23,0
"2020-21","12128","Maryland","Diamond Miller",1,2,329,541,212,9,4,5,0
"2020-21","12128","Maryland","Alaysia Styles",5,1,329,541,212,9,4,5,0
"2020-21","12128","Penn St.","Anna Camden",11,2,329,691,362,6,11,-5,0
"2020-21","12128","Penn St.","Maddie Burke",15,2,372,600,228,4,8,-4,0
"2020-21","12128","Maryland","Mimi Collins",2,2,463,1171,708,23,19,4,0
"2020-21","12128","Maryland","Angel Reese",10,1,541,907,366,11,10,1,0
"2020-21","12128","Maryland","Chloe Bibby",55,2,541,763,222,4,2,2,0
"2020-21","12128","Penn St.","Shay Hagans",23,2,541,763,222,2,4,-2,0
"2020-21","12128","Penn St.","Johnasia Cash",33,2,600,789,189,2,4,-2,0
"2020-21","12128","Maryland","Diamond Miller",1,3,691,1171,480,15,15,0,0
"2020-21","12128","Penn St.","Tova Sabel",10,1,691,1200,509,15,17,-2,0
"2020-21","12128","Maryland","Faith Masonius",13,2,763,1200,437,15,15,0,0
"2020-21","12128","Penn St.","Maddie Burke",15,3,763,930,167,8,7,1,0
"2020-21","12128","Penn St.","Nan Garcia",24,2,789,999,210,10,5,5,0
"2020-21","12128","Maryland","Ashley Owusu",15,2,907,1672,765,31,14,17,0
"2020-21","12128","Maryland","Chloe Bibby",55,3,907,1971,1064,41,19,22,0
"2020-21","12128","Penn St.","Maddie Burke",15,4,930,950,20,0,0,0,0
"2020-21","12128","Penn St.","Johnasia Cash",33,3,930,1030,100,2,2,0,0
"2020-21","12128","Penn St.","Anna Camden",11,3,950,1597,647,14,29,-15,0
"2020-21","12128","Penn St.","Makenna Marisa",20,2,999,1171,172,5,6,-1,0
"2020-21","12128","Penn St.","Nan Garcia",24,3,1030,1200,170,5,6,-1,0
"2020-21","12128","Maryland","Alaysia Styles",5,2,1171,1200,29,2,0,2,0
"2020-21","12128","Maryland","Katie Benzan",11,2,1171,2093,922,38,20,18,0
"2020-21","12128","Penn St.","Shay Hagans",23,3,1171,1395,224,2,12,-10,0
"2020-21","12128","Maryland","Diamond Miller",1,4,1200,1771,571,23,10,13,0
"2020-21","12128","Maryland","Mimi Collins",2,3,1200,1597,397,21,7,14,0
"2020-21","12128","Penn St.","Maddie Burke",15,5,1200,1453,253,4,12,-8,0
"2020-21","12128","Penn St.","Makenna Marisa",20,3,1200,1395,195,2,10,-8,0
"2020-21","12128","Penn St.","Nan Garcia",24,4,1395,1525,130,2,9,-7,0
"2020-21","12128","Penn St.","Johnasia Cash",33,4,1395,1834,439,8,13,-5,0
"2020-21","12128","Penn St.","Makenna Marisa",20,4,1453,1723,270,3,11,-8,0
"2020-21","12128","Penn St.","Tova Sabel",10,2,1525,1919,394,8,10,-2,0
"2020-21","12128","Maryland","Alaysia Styles",5,3,1597,2400,803,23,22,1,0
"2020-21","12128","Penn St.","Maddie Burke",15,6,1597,1911,314,5,6,-1,0
"2020-21","12128","Penn St.","Shay Hagans",23,4,1597,1800,203,3,2,1,0
"2020-21","12128","Maryland","Faith Masonius",13,3,1672,2400,728,21,22,-1,0
"2020-21","12128","Penn St.","Niya Beverley",1,3,1723,1896,173,5,4,1,0
"2020-21","12128","Maryland","Angel Reese",10,2,1771,2400,629,21,19,2,0
"2020-21","12128","Penn St.","Makenna Marisa",20,5,1800,1835,35,0,0,0,0
"2020-21","12128","Penn St.","Nan Garcia",24,5,1834,2400,566,19,21,-2,0
"2020-21","12128","Penn St.","Johnasia Cash",33,5,1835,1971,136,2,10,-8,0
"2020-21","12128","Penn St.","Shay Hagans",23,5,1896,1971,75,0,6,-6,0
"2020-21","12128","Penn St.","Anna Camden",11,4,1911,2272,361,14,15,-1,0
"2020-21","12128","Penn St.","Niya Beverley",1,4,1919,2272,353,14,13,1,0
"2020-21","12128","Maryland","Taisiya Kozlova",14,1,1971,2400,429,11,17,-6,0
"2020-21","12128","Penn St.","Maddie Burke",15,7,1971,2400,429,17,11,6,0
"2020-21","12128","Penn St.","Makenna Marisa",20,6,1971,2093,122,8,3,5,0
"2020-21","12128","Maryland","Zoe Young",12,1,2093,2400,307,8,9,-1,0
"2020-21","12128","Penn St.","Tova Sabel",10,3,2093,2153,60,2,2,0,0
"2020-21","12128","Penn St.","Nia Staples",3,1,2153,2400,247,7,6,1,0
"2020-21","12128","Penn St.","Makenna Marisa",20,7,2272,2349,77,3,0,3,0
"2020-21","12128","Penn St.","Johnasia Cash",33,6,2272,2400,128,3,2,1,0
"2020-21","12128","Penn St.","Shay Hagans",23,6,2349,2400,51,0,2,-2,0
"2020-21","12129","Maryland","Diamond Miller",1,1,0,254,254,8,5,3,1
"2020-21","12129","Maryland","Mimi Collins",2,1,0,182,182,8,5,3,1
"2020-21","12129","Maryland","Katie Benzan",11,1,0,380,380,8,8,0,1
"2020-21","12129","Maryland","Ashley Owusu",15,1,0,522,522,15,8,7,1
"2020-21","12129","Maryland","Chloe Bibby",55,1,0,331,331,8,8,0,1
"2020-21","12129","Nebraska","Ashley Scoggin",0,1,0,491,491,8,15,-7,1
"2020-21","12129","Nebraska","Sam Haiby",4,1,0,600,600,11,18,-7,1
"2020-21","12129","Nebraska","Bella Cravens",14,1,0,331,331,8,8,0,1
"2020-21","12129","Nebraska","Kate Cain",31,1,0,491,491,8,15,-7,1
"2020-21","12129","Nebraska","Isabelle Bourne",34,1,0,491,491,8,15,-7,1
"2020-21","12129","Maryland","Faith Masonius",13,1,182,424,242,1,3,-2,0
"2020-21","12129","Maryland","Alaysia Styles",5,1,254,424,170,1,3,-2,0
"2020-21","12129","Maryland","Angel Reese",10,1,331,600,269,10,3,7,0
"2020-21","12129","Nebraska","Whitney Brown",10,1,331,491,160,0,7,-7,0
"2020-21","12129","Maryland","Diamond Miller",1,2,380,1729,1349,45,44,1,0
"2020-21","12129","Maryland","Mimi Collins",2,2,424,1057,633,24,17,7,0
"2020-21","12129","Maryland","Chloe Bibby",55,2,424,1800,1376,48,46,2,0
"2020-21","12129","Nebraska","Mi'Cole Cayton",5,1,491,600,109,3,3,0,0
"2020-21","12129","Nebraska","Bella Cravens",14,2,491,745,254,8,8,0,0
"2020-21","12129","Nebraska","Annika Stewart",21,1,491,600,109,3,3,0,0
"2020-21","12129","Nebraska","Kendall Coley",32,1,491,852,361,10,8,2,0
"2020-21","12129","Maryland","Katie Benzan",11,2,522,852,330,8,10,-2,0
"2020-21","12129","Maryland","Ashley Owusu",15,2,600,973,373,9,11,-2,0
"2020-21","12129","Nebraska","Ashley Scoggin",0,2,600,1800,1200,43,39,4,0
"2020-21","12129","Nebraska","Kate Cain",31,2,600,2376,1776,62,61,1,0
"2020-21","12129","Nebraska","Isabelle Bourne",34,2,600,852,252,7,5,2,0
"2020-21","12129","Nebraska","Sam Haiby",4,2,745,1729,984,36,32,4,0
"2020-21","12129","Maryland","Faith Masonius",13,2,852,1200,348,15,16,-1,0
"2020-21","12129","Nebraska","Mi'Cole Cayton",5,2,852,1135,283,13,13,0,0
"2020-21","12129","Nebraska","Annika Stewart",21,2,852,1057,205,7,10,-3,0
"2020-21","12129","Maryland","Katie Benzan",11,3,973,1669,696,26,30,-4,0
"2020-21","12129","Maryland","Angel Reese",10,2,1057,1200,143,5,9,-4,0
"2020-21","12129","Nebraska","Isabelle Bourne",34,3,1057,1095,38,3,3,0,0
"2020-21","12129","Nebraska","Bella Cravens",14,3,1095,1536,441,17,12,5,0
"2020-21","12129","Nebraska","Whitney Brown",10,2,1135,1200,65,3,2,1,0
"2020-21","12129","Maryland","Mimi Collins",2,3,1200,1729,529,15,18,-3,0
"2020-21","12129","Maryland","Ashley Owusu",15,3,1200,2400,1200,45,39,6,0
"2020-21","12129","Nebraska","Isabelle Bourne",34,4,1200,1800,600,20,19,1,0
"2020-21","12129","Nebraska","Kendall Coley",32,2,1536,2129,593,23,22,1,0
"2020-21","12129","Maryland","Faith Masonius",13,3,1669,1800,131,4,2,2,0
"2020-21","12129","Maryland","Alaysia Styles",5,2,1729,1865,136,4,8,-4,0
"2020-21","12129","Maryland","Angel Reese",10,3,1729,1865,136,4,8,-4,0
"2020-21","12129","Nebraska","Whitney Brown",10,3,1729,1983,254,12,10,2,0
"2020-21","12129","Maryland","Diamond Miller",1,3,1800,2400,600,26,19,7,0
"2020-21","12129","Maryland","Mimi Collins",2,4,1800,2400,600,26,19,7,0
"2020-21","12129","Nebraska","Sam Haiby",4,3,1800,2400,600,19,26,-7,0
"2020-21","12129","Nebraska","Bella Cravens",14,4,1800,1983,183,10,8,2,0
"2020-21","12129","Maryland","Katie Benzan",11,4,1865,2136,271,13,8,5,0
"2020-21","12129","Maryland","Chloe Bibby",55,3,1865,2400,535,26,13,13,0
"2020-21","12129","Nebraska","Ashley Scoggin",0,3,1983,2400,417,9,18,-9,0
"2020-21","12129","Nebraska","Isabelle Bourne",34,5,1983,2400,417,9,18,-9,0
"2020-21","12129","Nebraska","Bella Cravens",14,5,2129,2400,271,5,13,-8,0
"2020-21","12129","Maryland","Faith Masonius",13,4,2136,2274,138,7,3,4,0
"2020-21","12129","Maryland","Angel Reese",10,4,2274,2366,92,0,2,-2,0
"2020-21","12129","Maryland","Angel Reese",10,5,2366,2376,10,2,0,2,0
"2020-21","12129","Maryland","Faith Masonius",13,5,2366,2400,34,6,0,6,0
"2020-21","12129","Maryland","Katie Benzan",11,5,2376,2377,1,0,0,0,0
"2020-21","12129","Nebraska","Mi'Cole Cayton",5,3,2376,2377,1,0,0,0,0
"2020-21","12129","Maryland","Angel Reese",10,6,2377,2400,23,4,0,4,0
"2020-21","12129","Nebraska","Kate Cain",31,3,2377,2400,23,0,4,-4,0
"2020-21","12130","Maryland","Diamond Miller",1,1,0,226,226,10,7,3,1
"2020-21","12130","Maryland","Mimi Collins",2,1,0,191,191,9,4,5,1
"2020-21","12130","Maryland","Katie Benzan",11,1,0,467,467,22,15,7,1
"2020-21","12130","Maryland","Ashley Owusu",15,1,0,337,337,15,12,3,1
"2020-21","12130","Maryland","Chloe Bibby",55,1,0,337,337,15,12,3,1
"2020-21","12130","Mount St. Mary's","Kendall Bresee",3,1,0,492,492,15,24,-9,1
"2020-21","12130","Mount St. Mary's","Michaela Harrison",10,1,0,417,417,15,18,-3,1
"2020-21","12130","Mount St. Mary's","Aryna Taylor",13,1,0,191,191,4,9,-5,1
"2020-21","12130","Mount St. Mary's","Kayla Agentowicz",21,1,0,250,250,9,10,-1,1
"2020-21","12130","Mount St. Mary's","Rebecca Lee",34,1,0,250,250,9,10,-1,1
"2020-21","12130","Maryland","Faith Masonius",13,1,191,600,409,19,14,5,0
"2020-21","12130","Mount St. Mary's","Bridget Birkhead",11,1,191,715,524,16,21,-5,0
"2020-21","12130","Maryland","Alaysia Styles",5,1,226,600,374,18,11,7,0
"2020-21","12130","Mount St. Mary's","Isabella Hunt",0,1,250,337,87,3,5,-2,0
"2020-21","12130","Mount St. Mary's","Aryna Taylor",13,2,250,417,167,6,8,-2,0
"2020-21","12130","Maryland","Diamond Miller",1,2,337,513,176,9,3,6,0
"2020-21","12130","Maryland","Mimi Collins",2,2,337,924,587,27,8,19,0
"2020-21","12130","Mount St. Mary's","Rebecca Lee",34,2,337,467,130,3,7,-4,0
"2020-21","12130","Mount St. Mary's","Jessica Tomasetti",14,1,417,513,96,0,6,-6,0
"2020-21","12130","Mount St. Mary's","Kayla Agentowicz",21,2,417,513,96,0,6,-6,0
"2020-21","12130","Maryland","Ashley Owusu",15,2,467,968,501,22,5,17,0
"2020-21","12130","Mount St. Mary's","Isabella Hunt",0,2,467,841,374,5,16,-11,0
"2020-21","12130","Mount St. Mary's","Michaela Harrison",10,2,492,1122,630,7,25,-18,0
"2020-21","12130","Maryland","Chloe Bibby",55,2,513,1453,940,38,12,26,0
"2020-21","12130","Mount St. Mary's","Kendall Bresee",3,2,513,1263,750,7,31,-24,0
"2020-21","12130","Mount St. Mary's","Aryna Taylor",13,3,513,715,202,5,6,-1,0
"2020-21","12130","Maryland","Diamond Miller",1,3,600,924,324,14,2,12,0
"2020-21","12130","Maryland","Katie Benzan",11,2,600,1486,886,36,9,27,0
"2020-21","12130","Mount St. Mary's","Jessica Tomasetti",14,2,715,772,57,0,6,-6,0
"2020-21","12130","Mount St. Mary's","Jada Lee",15,1,715,823,108,0,8,-8,0
"2020-21","12130","Mount St. Mary's","Bridget Birkhead",11,2,772,1200,428,2,17,-15,0
"2020-21","12130","Mount St. Mary's","Jessica Tomasetti",14,3,823,968,145,0,6,-6,0
"2020-21","12130","Mount St. Mary's","Rebecca Lee",34,3,841,1141,300,2,11,-9,0
"2020-21","12130","Maryland","Alaysia Styles",5,2,924,1200,276,11,2,9,0
"2020-21","12130","Maryland","Faith Masonius",13,2,924,1200,276,11,2,9,0
"2020-21","12130","Maryland","Mimi Collins",2,3,968,1401,433,17,5,12,0
"2020-21","12130","Mount St. Mary's","Kayla Agentowicz",21,3,968,1543,575,7,21,-14,0
"2020-21","12130","Mount St. Mary's","Isabella Hunt",0,3,1122,1200,78,0,4,-4,0
"2020-21","12130","Mount St. Mary's","Jessica Tomasetti",14,4,1141,1200,59,0,4,-4,0
"2020-21","12130","Maryland","Diamond Miller",1,4,1200,1453,253,9,5,4,0
"2020-21","12130","Maryland","Ashley Owusu",15,3,1200,1800,600,22,11,11,0
"2020-21","12130","Mount St. Mary's","Michaela Harrison",10,3,1200,1453,253,5,9,-4,0
"2020-21","12130","Mount St. Mary's","Aryna Taylor",13,4,1200,1401,201,3,8,-5,0
"2020-21","12130","Mount St. Mary's","Rebecca Lee",34,4,1200,1742,542,11,18,-7,0
"2020-21","12130","Mount St. Mary's","Bridget Birkhead",11,3,1263,1324,61,0,4,-4,0
"2020-21","12130","Mount St. Mary's","Kendall Bresee",3,3,1324,2219,895,22,29,-7,0
"2020-21","12130","Maryland","Alaysia Styles",5,3,1401,1800,399,14,8,6,0
"2020-21","12130","Mount St. Mary's","Bridget Birkhead",11,4,1401,2003,602,13,18,-5,0
"2020-21","12130","Maryland","Angel Reese",10,1,1453,1800,347,13,6,7,0
"2020-21","12130","Maryland","Faith Masonius",13,3,1453,1800,347,13,6,7,0
"2020-21","12130","Mount St. Mary's","Isabella Hunt",0,4,1453,1543,90,0,3,-3,0
"2020-21","12130","Maryland","Taisiya Kozlova",14,1,1486,1718,232,7,6,1,0
"2020-21","12130","Mount St. Mary's","Michaela Harrison",10,4,1543,1612,69,3,4,-1,0
"2020-21","12130","Mount St. Mary's","Jessica Tomasetti",14,5,1543,1696,153,5,6,-1,0
"2020-21","12130","Mount St. Mary's","Kayla Agentowicz",21,4,1612,1742,130,3,2,1,0
"2020-21","12130","Mount St. Mary's","Aryna Taylor",13,5,1696,2171,475,11,15,-4,0
"2020-21","12130","Maryland","Zoe Young",12,1,1718,2400,682,27,12,15,0
"2020-21","12130","Mount St. Mary's","Isabella Hunt",0,5,1742,1884,142,2,6,-4,0
"2020-21","12130","Mount St. Mary's","Jada Lee",15,2,1742,1800,58,0,4,-4,0
"2020-21","12130","Maryland","Diamond Miller",1,5,1800,2003,203,4,5,-1,0
"2020-21","12130","Maryland","Mimi Collins",2,4,1800,2003,203,4,5,-1,0
"2020-21","12130","Maryland","Katie Benzan",11,3,1800,2003,203,4,5,-1,0
"2020-21","12130","Maryland","Chloe Bibby",55,3,1800,2003,203,4,5,-1,0
"2020-21","12130","Mount St. Mary's","Michaela Harrison",10,5,1800,2219,419,11,13,-2,0
"2020-21","12130","Mount St. Mary's","Rebecca Lee",34,5,1884,2192,308,9,11,-2,0
"2020-21","12130","Maryland","Alaysia Styles",5,4,2003,2400,397,19,7,12,0
"2020-21","12130","Maryland","Faith Masonius",13,4,2003,2400,397,19,7,12,0
"2020-21","12130","Maryland","Taisiya Kozlova",14,2,2003,2400,397,19,7,12,0
"2020-21","12130","Maryland","Ashley Owusu",15,4,2003,2144,141,5,5,0,0
"2020-21","12130","Mount St. Mary's","Kayla Agentowicz",21,5,2003,2171,168,5,7,-2,0
"2020-21","12130","Maryland","Angel Reese",10,2,2144,2400,256,14,2,12,0
"2020-21","12130","Mount St. Mary's","Bridget Birkhead",11,5,2171,2400,229,2,12,-10,0
"2020-21","12130","Mount St. Mary's","Jessica Tomasetti",14,6,2171,2400,229,2,12,-10,0
"2020-21","12130","Mount St. Mary's","Isabella Hunt",0,6,2192,2400,208,1,10,-9,0
"2020-21","12130","Mount St. Mary's","Jada Lee",15,3,2219,2400,181,1,10,-9,0
"2020-21","12130","Mount St. Mary's","Isabella Pelaia",33,1,2219,2400,181,1,10,-9,0
"2020-21","12131","Maryland","Diamond Miller",1,1,0,374,374,13,7,6,1
"2020-21","12131","Maryland","Mimi Collins",2,1,0,333,333,13,5,8,1
"2020-21","12131","Maryland","Katie Benzan",11,1,0,869,869,22,15,7,1
"2020-21","12131","Maryland","Ashley Owusu",15,1,0,333,333,13,5,8,1
"2020-21","12131","Maryland","Chloe Bibby",55,1,0,505,505,15,12,3,1
"2020-21","12131","Texas","Celeste Taylor",0,1,0,2400,2400,64,61,3,1
"2020-21","12131","Texas","Joanne Allen-Taylor",11,1,0,2208,2208,57,56,1,1
"2020-21","12131","Texas","Kyra Lambert",15,1,0,869,869,15,22,-7,1
"2020-21","12131","Texas","Audrey Warren",31,1,0,505,505,12,15,-3,1
"2020-21","12131","Texas","Charli Collier",35,1,0,940,940,15,25,-10,1
"2020-21","12131","Maryland","Alaysia Styles",5,1,333,374,41,0,2,-2,0
"2020-21","12131","Maryland","Faith Masonius",13,1,333,600,267,5,7,-2,0
"2020-21","12131","Maryland","Angel Reese",10,1,374,771,397,7,8,-1,0
"2020-21","12131","Maryland","Ashley Owusu",15,2,374,1647,1273,30,37,-7,0
"2020-21","12131","Maryland","Mimi Collins",2,2,505,1516,1011,26,28,-2,0
"2020-21","12131","Texas","Lauren Ebo",1,1,505,794,289,3,5,-2,0
"2020-21","12131","Maryland","Diamond Miller",1,2,600,1054,454,10,8,2,0
"2020-21","12131","Maryland","Chloe Bibby",55,2,771,1381,610,20,20,0,0
"2020-21","12131","Texas","Audrey Warren",31,2,794,802,8,0,0,0,0
"2020-21","12131","Texas","Lauren Ebo",1,2,802,1200,398,10,12,-2,0
"2020-21","12131","Maryland","Faith Masonius",13,2,869,1200,331,10,10,0,0
"2020-21","12131","Texas","Ashley Chevalier",25,1,869,940,71,0,3,-3,0
"2020-21","12131","Texas","Kyra Lambert",15,2,940,1827,887,34,22,12,0
"2020-21","12131","Texas","Audrey Warren",31,3,940,2110,1170,37,31,6,0
"2020-21","12131","Maryland","Katie Benzan",11,2,1054,1982,928,24,32,-8,0
"2020-21","12131","Maryland","Diamond Miller",1,3,1200,2400,1200,29,39,-10,0
"2020-21","12131","Texas","Charli Collier",35,2,1200,2400,1200,39,29,10,0
"2020-21","12131","Maryland","Alaysia Styles",5,2,1381,1800,419,7,14,-7,0
"2020-21","12131","Maryland","Angel Reese",10,2,1516,1675,159,2,4,-2,0
"2020-21","12131","Maryland","Chloe Bibby",55,3,1647,2319,672,16,13,3,0
"2020-21","12131","Maryland","Mimi Collins",2,3,1675,2400,725,18,20,-2,0
"2020-21","12131","Maryland","Ashley Owusu",15,3,1800,2400,600,14,15,-1,0
"2020-21","12131","Texas","Karisma Ortiz",3,1,1827,1925,98,1,5,-4,0
"2020-21","12131","Texas","Kyra Lambert",15,3,1925,2400,475,14,9,5,0
"2020-21","12131","Maryland","Faith Masonius",13,3,1982,2356,374,7,9,-2,0
"2020-21","12131","Texas","Lauren Ebo",1,3,2110,2400,290,12,5,7,0
"2020-21","12131","Texas","Karisma Ortiz",3,2,2208,2239,31,0,1,-1,0
"2020-21","12131","Texas","Joanne Allen-Taylor",11,2,2239,2400,161,7,4,3,0
"2020-21","12131","Maryland","Alaysia Styles",5,3,2319,2356,37,0,4,-4,0
"2020-21","12131","Maryland","Katie Benzan",11,3,2356,2400,44,2,3,-1,0
"2020-21","12131","Maryland","Chloe Bibby",55,4,2356,2400,44,2,3,-1,0
"2020-21","12137","James Madison","Brianna Tinsley",3,1,0,378,378,9,12,-3,1
"2020-21","12137","James Madison","Rayne Tucker",21,1,0,378,378,9,12,-3,1
"2020-21","12137","James Madison","Peyton McDaniel",22,1,0,516,516,15,14,1,1
"2020-21","12137","James Madison","Anne Francoise Diouf",24,1,0,299,299,7,10,-3,1
"2020-21","12137","James Madison","Kiki Jefferson",30,1,0,224,224,5,7,-2,1
"2020-21","12137","Maryland","Diamond Miller",1,1,0,165,165,5,5,0,1
"2020-21","12137","Maryland","Mimi Collins",2,1,0,299,299,10,7,3,1
"2020-21","12137","Maryland","Katie Benzan",11,1,0,412,412,12,11,1,1
"2020-21","12137","Maryland","Ashley Owusu",15,1,0,1057,1057,36,24,12,1
"2020-21","12137","Maryland","Chloe Bibby",55,1,0,378,378,12,9,3,1
"2020-21","12137","Maryland","Channise Lewis",3,1,165,530,365,9,10,-1,0
"2020-21","12137","James Madison","Jamia Hazell",25,1,224,723,499,16,14,2,0
"2020-21","12137","James Madison","Steph Ouderkirk",33,1,299,412,113,4,2,2,0
"2020-21","12137","Maryland","Faith Masonius",13,1,299,516,217,4,8,-4,0
"2020-21","12137","James Madison","Anne Francoise Diouf",24,2,378,516,138,6,2,4,0
"2020-21","12137","James Madison","Kiki Jefferson",30,2,378,674,296,12,7,5,0
"2020-21","12137","Maryland","Mimi Collins",2,2,378,600,222,4,10,-6,0
"2020-21","12137","James Madison","Jaylin Carodine",2,1,412,600,188,8,4,4,0
"2020-21","12137","Maryland","Chloe Bibby",55,2,412,1136,724,33,16,17,0
"2020-21","12137","James Madison","Nikki Oppenheimer",0,1,516,770,254,7,9,-2,0
"2020-21","12137","James Madison","Rayne Tucker",21,2,516,823,307,7,11,-4,0
"2020-21","12137","Maryland","Diamond Miller",1,2,516,723,207,7,6,1,0
"2020-21","12137","Maryland","Katie Benzan",11,2,530,1698,1168,53,22,31,0
"2020-21","12137","James Madison","Anne Francoise Diouf",24,3,600,940,340,5,16,-11,0
"2020-21","12137","Maryland","Faith Masonius",13,2,600,1038,438,20,5,15,0
"2020-21","12137","James Madison","Peyton McDaniel",22,2,674,1128,454,6,22,-16,0
"2020-21","12137","James Madison","Brianna Tinsley",3,2,723,909,186,1,11,-10,0
"2020-21","12137","Maryland","Mimi Collins",2,3,723,1470,747,39,14,25,0
"2020-21","12137","James Madison","Steph Ouderkirk",33,2,770,784,14,0,0,0,0
"2020-21","12137","James Madison","Nikki Oppenheimer",0,2,784,1038,254,2,13,-11,0
"2020-21","12137","James Madison","Kiki Jefferson",30,3,823,940,117,2,7,-5,0
"2020-21","12137","James Madison","Jamia Hazell",25,2,909,971,62,2,4,-2,0
"2020-21","12137","James Madison","Madison Green",4,1,940,1128,188,3,9,-6,0
"2020-21","12137","James Madison","Rayne Tucker",21,3,940,1470,530,11,28,-17,0
"2020-21","12137","James Madison","Jaylin Carodine",2,2,1038,1128,90,3,5,-2,0
"2020-21","12137","James Madison","Jamia Hazell",25,3,1038,1200,162,3,9,-6,0
"2020-21","12137","Maryland","Taisiya Kozlova",14,1,1038,1200,162,9,3,6,0
"2020-21","12137","Maryland","Faith Masonius",13,3,1057,1200,143,9,3,6,0
"2020-21","12137","James Madison","Brianna Tinsley",3,3,1128,1470,342,8,19,-11,0
"2020-21","12137","James Madison","Eleanore Marciszewski",13,1,1128,1200,72,0,4,-4,0
"2020-21","12137","James Madison","Anne Francoise Diouf",24,4,1128,1470,342,8,19,-11,0
"2020-21","12137","Maryland","Zoe Young",12,1,1136,1200,64,0,0,0,0
"2020-21","12137","James Madison","Peyton McDaniel",22,3,1200,1631,431,8,22,-14,0
"2020-21","12137","James Madison","Kiki Jefferson",30,4,1200,1470,270,8,15,-7,0
"2020-21","12137","Maryland","Diamond Miller",1,3,1200,1837,637,28,15,13,0
"2020-21","12137","Maryland","Ashley Owusu",15,2,1200,1583,383,20,8,12,0
"2020-21","12137","Maryland","Chloe Bibby",55,3,1200,1583,383,20,8,12,0
"2020-21","12137","James Madison","Nikki Oppenheimer",0,3,1470,1631,161,0,7,-7,0
"2020-21","12137","James Madison","Annalicia Goodman",14,1,1470,1631,161,0,7,-7,0
"2020-21","12137","James Madison","Jamia Hazell",25,4,1470,1631,161,0,7,-7,0
"2020-21","12137","James Madison","Steph Ouderkirk",33,3,1470,1631,161,0,7,-7,0
"2020-21","12137","Maryland","Channise Lewis",3,2,1470,1708,238,9,2,7,0
"2020-21","12137","Maryland","Faith Masonius",13,4,1583,2400,817,36,24,12,0
"2020-21","12137","Maryland","Taisiya Kozlova",14,2,1583,1691,108,2,2,0,0
"2020-21","12137","James Madison","Brianna Tinsley",3,4,1631,1865,234,7,6,1,0
"2020-21","12137","James Madison","Madison Green",4,2,1631,1698,67,2,0,2,0
"2020-21","12137","James Madison","Rayne Tucker",21,4,1631,2004,373,10,13,-3,0
"2020-21","12137","James Madison","Anne Francoise Diouf",24,5,1631,1915,284,7,10,-3,0
"2020-21","12137","James Madison","Kiki Jefferson",30,5,1631,1865,234,7,6,1,0
"2020-21","12137","Maryland","Mimi Collins",2,4,1691,2130,439,19,11,8,0
"2020-21","12137","James Madison","Eleanore Marciszewski",13,2,1698,1802,104,4,6,-2,0
"2020-21","12137","Maryland","Ashley Owusu",15,3,1698,2004,306,13,8,5,0
"2020-21","12137","Maryland","Zoe Young",12,2,1708,1957,249,8,8,0,0
"2020-21","12137","James Madison","Peyton McDaniel",22,4,1802,2266,464,13,18,-5,0
"2020-21","12137","Maryland","Channise Lewis",3,3,1837,2400,563,28,17,11,0
"2020-21","12137","James Madison","Eleanore Marciszewski",13,3,1865,2130,265,6,13,-7,0
"2020-21","12137","James Madison","Jamia Hazell",25,5,1865,1968,103,3,5,-2,0
"2020-21","12137","James Madison","Steph Ouderkirk",33,4,1915,2004,89,3,3,0,0
"2020-21","12137","Maryland","Taisiya Kozlova",14,3,1957,2400,443,24,14,10,0
"2020-21","12137","James Madison","Brianna Tinsley",3,5,1968,2130,162,3,8,-5,0
"2020-21","12137","James Madison","Jaylin Carodine",2,3,2004,2087,83,3,4,-1,0
"2020-21","12137","James Madison","Anne Francoise Diouf",24,6,2004,2087,83,3,4,-1,0
"2020-21","12137","Maryland","Diamond Miller",1,4,2004,2400,396,21,14,7,0
"2020-21","12137","James Madison","Annalicia Goodman",14,2,2087,2400,313,11,17,-6,0
"2020-21","12137","James Madison","Steph Ouderkirk",33,5,2087,2239,152,4,7,-3,0
"2020-21","12137","James Madison","Nikki Oppenheimer",0,4,2130,2400,270,11,15,-4,0
"2020-21","12137","James Madison","Jamia Hazell",25,6,2130,2400,270,11,15,-4,0
"2020-21","12137","Maryland","Zoe Young",12,3,2130,2400,270,15,11,4,0
"2020-21","12137","James Madison","Eleanore Marciszewski",13,4,2239,2400,161,7,10,-3,0
"2020-21","12137","James Madison","Steph Ouderkirk",33,6,2266,2400,134,5,10,-5,0
"2020-21","12382","Maryland","Diamond Miller",1,1,0,419,419,11,8,3,1
"2020-21","12382","Maryland","Mimi Collins",2,1,0,336,336,11,4,7,1
"2020-21","12382","Maryland","Katie Benzan",11,1,0,797,797,24,15,9,1
"2020-21","12382","Maryland","Ashley Owusu",15,1,0,689,689,18,13,5,1
"2020-21","12382","Maryland","Chloe Bibby",55,1,0,600,600,16,9,7,1
"2020-21","12382","Purdue","Brooke Moore",0,1,0,653,653,11,16,-5,1
"2020-21","12382","Purdue","Kayana Traylor",23,1,0,762,762,13,24,-11,1
"2020-21","12382","Purdue","Tamara Farquhar",25,1,0,336,336,4,11,-7,1
"2020-21","12382","Purdue","Madison Layden",33,1,0,866,866,16,30,-14,1
"2020-21","12382","Purdue","Fatou Diagne",45,1,0,419,419,8,11,-3,1
"2020-21","12382","Maryland","Faith Masonius",13,1,336,600,264,5,5,0,0
"2020-21","12382","Purdue","Rokia Doumbia",4,1,336,689,353,9,7,2,0
"2020-21","12382","Maryland","Alaysia Styles",5,1,419,447,28,0,0,0,0
"2020-21","12382","Purdue","Rickie Woltman",35,1,419,502,83,1,2,-1,0
"2020-21","12382","Maryland","Angel Reese",10,1,447,797,350,13,7,6,0
"2020-21","12382","Purdue","Ra Shaya Kyle",24,1,502,600,98,0,3,-3,0
"2020-21","12382","Maryland","Diamond Miller",1,2,600,1020,420,20,12,8,0
"2020-21","12382","Maryland","Mimi Collins",2,2,600,797,197,8,6,2,0
"2020-21","12382","Purdue","Fatou Diagne",45,2,600,866,266,7,14,-7,0
"2020-21","12382","Purdue","Cassidy Hardin",5,1,653,762,109,2,8,-6,0
"2020-21","12382","Maryland","Chloe Bibby",55,2,689,1741,1052,44,27,17,0
"2020-21","12382","Purdue","Tamara Farquhar",25,2,689,762,73,0,6,-6,0
"2020-21","12382","Purdue","Brooke Moore",0,2,762,2130,1368,39,49,-10,0
"2020-21","12382","Purdue","Rokia Doumbia",4,2,762,945,183,3,8,-5,0
"2020-21","12382","Purdue","Kayana Traylor",23,2,762,1020,258,8,12,-4,0
"2020-21","12382","Maryland","Alaysia Styles",5,2,797,1151,354,17,8,9,0
"2020-21","12382","Maryland","Faith Masonius",13,2,797,1151,354,17,8,9,0
"2020-21","12382","Maryland","Ashley Owusu",15,2,797,945,148,8,1,7,0
"2020-21","12382","Purdue","Jenelle Grant",22,1,866,945,79,0,2,-2,0
"2020-21","12382","Purdue","Ra Shaya Kyle",24,2,866,945,79,0,2,-2,0
"2020-21","12382","Maryland","Katie Benzan",11,2,945,1672,727,26,21,5,0
"2020-21","12382","Purdue","Tamara Farquhar",25,3,945,1487,542,17,21,-4,0
"2020-21","12382","Purdue","Madison Layden",33,2,945,1151,206,7,9,-2,0
"2020-21","12382","Purdue","Fatou Diagne",45,3,945,1020,75,5,4,1,0
"2020-21","12382","Maryland","Angel Reese",10,2,1020,1200,180,8,5,3,0
"2020-21","12382","Purdue","Jenelle Grant",22,2,1020,1200,180,5,8,-3,0
"2020-21","12382","Purdue","Nyagoa Gony",30,1,1020,1151,131,2,5,-3,0
"2020-21","12382","Maryland","Mimi Collins",2,3,1151,1487,336,12,10,2,0
"2020-21","12382","Maryland","Ashley Owusu",15,3,1151,1592,441,17,10,7,0
"2020-21","12382","Purdue","Kayana Traylor",23,3,1151,1592,441,10,17,-7,0
"2020-21","12382","Purdue","Fatou Diagne",45,4,1151,1649,498,12,17,-5,0
"2020-21","12382","Maryland","Diamond Miller",1,3,1200,1487,287,9,7,2,0
"2020-21","12382","Purdue","Madison Layden",33,3,1200,1517,317,7,11,-4,0
"2020-21","12382","Maryland","Angel Reese",10,3,1487,1800,313,11,8,3,0
"2020-21","12382","Maryland","Faith Masonius",13,3,1487,2400,913,35,26,9,0
"2020-21","12382","Purdue","Jenelle Grant",22,3,1487,1800,313,8,11,-3,0
"2020-21","12382","Purdue","Rokia Doumbia",4,3,1517,1800,283,8,9,-1,0
"2020-21","12382","Maryland","Taisiya Kozlova",14,1,1592,1800,208,6,8,-2,0
"2020-21","12382","Purdue","Madison Layden",33,4,1592,2400,808,26,30,-4,0
"2020-21","12382","Purdue","Rickie Woltman",35,2,1649,1800,151,6,6,0,0
"2020-21","12382","Maryland","Ashley Owusu",15,4,1672,2161,489,18,17,1,0
"2020-21","12382","Maryland","Alaysia Styles",5,3,1741,2400,659,26,19,7,0
"2020-21","12382","Maryland","Diamond Miller",1,4,1800,2073,273,7,8,-1,0
"2020-21","12382","Maryland","Mimi Collins",2,4,1800,2009,209,7,8,-1,0
"2020-21","12382","Purdue","Kayana Traylor",23,4,1800,1902,102,4,4,0,0
"2020-21","12382","Purdue","Tamara Farquhar",25,4,1800,2188,388,15,12,3,0
"2020-21","12382","Purdue","Fatou Diagne",45,5,1800,2037,237,8,7,1,0
"2020-21","12382","Purdue","Cassidy Hardin",5,2,1902,2160,258,9,7,2,0
"2020-21","12382","Maryland","Zoe Young",12,1,2009,2400,391,17,10,7,0
"2020-21","12382","Purdue","Ra Shaya Kyle",24,3,2037,2240,203,8,8,0,0
"2020-21","12382","Maryland","Angel Reese",10,4,2073,2400,327,17,10,7,0
"2020-21","12382","Purdue","Kayana Traylor",23,5,2130,2315,185,7,13,-6,0
"2020-21","12382","Purdue","Jenelle Grant",22,4,2160,2280,120,3,8,-5,0
"2020-21","12382","Maryland","Taisiya Kozlova",14,2,2161,2400,239,12,5,7,0
"2020-21","12382","Purdue","Rokia Doumbia",4,4,2188,2400,212,3,12,-9,0
"2020-21","12382","Purdue","Rickie Woltman",35,3,2240,2400,160,2,9,-7,0
"2020-21","12382","Purdue","Brooke Moore",0,3,2280,2400,120,2,5,-3,0
"2020-21","12382","Purdue","Cassidy Hardin",5,3,2315,2400,85,0,2,-2,0
"2020-21","12384","Maryland","Diamond Miller",1,1,0,423,423,16,9,7,1
"2020-21","12384","Maryland","Mimi Collins",2,1,0,384,384,16,9,7,1
"2020-21","12384","Maryland","Katie Benzan",11,1,0,1487,1487,59,29,30,1
"2020-21","12384","Maryland","Ashley Owusu",15,1,0,440,440,16,10,6,1
"2020-21","12384","Maryland","Chloe Bibby",55,1,0,782,782,27,22,5,1
"2020-21","12384","Northwestern","Sydney Wood",3,1,0,807,807,22,29,-7,1
"2020-21","12384","Northwestern","Lindsey Pulliam",10,1,0,1667,1667,35,68,-33,1
"2020-21","12384","Northwestern","Veronica Burton",12,1,0,1764,1764,36,68,-32,1
"2020-21","12384","Northwestern","Paige Mott",20,1,0,140,140,2,9,-7,1
"2020-21","12384","Northwestern","Jordan Hamilton",24,1,0,423,423,9,16,-7,1
"2020-21","12384","Northwestern","Courtney Shaw",15,1,140,517,377,10,11,-1,0
"2020-21","12384","Maryland","Faith Masonius",13,1,384,1029,645,25,13,12,0
"2020-21","12384","Maryland","Alaysia Styles",5,1,423,720,297,8,10,-2,0
"2020-21","12384","Northwestern","Lauryn Satterwhite",2,1,423,600,177,6,6,0,0
"2020-21","12384","Maryland","Mimi Collins",2,2,440,1012,572,25,12,13,0
"2020-21","12384","Northwestern","Paige Mott",20,2,517,600,83,3,2,1,0
"2020-21","12384","Northwestern","Courtney Shaw",15,2,600,957,357,7,16,-9,0
"2020-21","12384","Northwestern","Jordan Hamilton",24,2,600,1084,484,7,23,-16,0
"2020-21","12384","Maryland","Diamond Miller",1,2,720,1667,947,44,16,28,0
"2020-21","12384","Maryland","Angel Reese",10,1,782,1200,418,22,2,20,0
"2020-21","12384","Northwestern","Lauryn Satterwhite",2,2,807,957,150,0,9,-9,0
"2020-21","12384","Northwestern","Sydney Wood",3,2,957,1487,530,7,22,-15,0
"2020-21","12384","Northwestern","Anna Morris",42,1,957,1084,127,0,7,-7,0
"2020-21","12384","Maryland","Chloe Bibby",55,2,1012,1487,475,18,7,11,0
"2020-21","12384","Maryland","Alaysia Styles",5,2,1029,1200,171,8,2,6,0
"2020-21","12384","Northwestern","Lauryn Satterwhite",2,3,1084,1200,116,2,4,-2,0
"2020-21","12384","Northwestern","Courtney Shaw",15,3,1084,1558,474,11,19,-8,0
"2020-21","12384","Maryland","Mimi Collins",2,3,1200,1487,287,10,5,5,0
"2020-21","12384","Maryland","Ashley Owusu",15,2,1200,1989,789,21,18,3,0
"2020-21","12384","Northwestern","Jordan Hamilton",24,3,1200,1414,214,5,8,-3,0
"2020-21","12384","Northwestern","Jasmine McWilliams",23,1,1414,1800,386,9,13,-4,0
"2020-21","12384","Maryland","Alaysia Styles",5,3,1487,2400,913,26,23,3,0
"2020-21","12384","Maryland","Angel Reese",10,2,1487,2400,913,26,23,3,0
"2020-21","12384","Maryland","Faith Masonius",13,2,1487,2400,913,26,23,3,0
"2020-21","12384","Northwestern","Lauryn Satterwhite",2,4,1487,1882,395,9,10,-1,0
"2020-21","12384","Northwestern","Paige Mott",20,3,1558,1800,242,5,6,-1,0
"2020-21","12384","Maryland","Taisiya Kozlova",14,1,1667,2400,733,17,17,0,0
"2020-21","12384","Northwestern","Sydney Wood",3,3,1667,2009,342,7,2,5,0
"2020-21","12384","Northwestern","Jordan Hamilton",24,4,1764,2147,383,9,6,3,0
"2020-21","12384","Northwestern","Lindsey Pulliam",10,2,1800,2133,333,6,4,2,0
"2020-21","12384","Northwestern","Courtney Shaw",15,4,1800,2085,285,6,2,4,0
"2020-21","12384","Northwestern","Veronica Burton",12,2,1882,2085,203,6,2,4,0
"2020-21","12384","Maryland","Zoe Young",12,1,1989,2400,411,15,10,5,0
"2020-21","12384","Northwestern","Jasmine McWilliams",23,2,2009,2400,391,10,15,-5,0
"2020-21","12384","Northwestern","Kaylah Rainey",1,1,2085,2400,315,8,13,-5,0
"2020-21","12384","Northwestern","Anna Morris",42,2,2085,2400,315,8,13,-5,0
"2020-21","12384","Northwestern","Lauryn Satterwhite",2,5,2133,2400,267,8,11,-3,0
"2020-21","12384","Northwestern","Paige Mott",20,4,2147,2400,253,7,11,-4,0
"2020-21","12385","Iowa","McKenna Warnock",14,1,0,214,214,7,15,-8,1
"2020-21","12385","Iowa","Kate Martin",20,1,0,342,342,13,19,-6,1
"2020-21","12385","Iowa","Caitlin Clark",22,1,0,871,871,30,40,-10,1
"2020-21","12385","Iowa","Gabbie Marshall",24,1,0,532,532,18,29,-11,1
"2020-21","12385","Iowa","Monika Czinano",25,1,0,819,819,30,38,-8,1
"2020-21","12385","Maryland","Diamond Miller",1,1,0,342,342,19,12,7,1
"2020-21","12385","Maryland","Mimi Collins",2,1,0,342,342,19,12,7,1
"2020-21","12385","Maryland","Katie Benzan",11,1,0,726,726,38,23,15,1
"2020-21","12385","Maryland","Ashley Owusu",15,1,0,792,792,38,30,8,1
"2020-21","12385","Maryland","Chloe Bibby",55,1,0,600,600,29,18,11,1
"2020-21","12385","Iowa","Tomi Taiwo",1,1,214,532,318,11,14,-3,0
"2020-21","12385","Iowa","McKenna Warnock",14,2,342,1559,1217,38,51,-13,0
"2020-21","12385","Maryland","Angel Reese",10,1,342,600,258,10,6,4,0
"2020-21","12385","Maryland","Faith Masonius",13,1,342,1106,764,31,21,10,0
"2020-21","12385","Iowa","Megan Meyer",11,1,532,666,134,3,2,1,0
"2020-21","12385","Iowa","Kate Martin",20,2,532,1653,1121,37,41,-4,0
"2020-21","12385","Maryland","Diamond Miller",1,2,600,935,335,15,12,3,0
"2020-21","12385","Maryland","Mimi Collins",2,2,600,844,244,9,12,-3,0
"2020-21","12385","Iowa","Gabbie Marshall",24,2,666,819,153,9,7,2,0
"2020-21","12385","Maryland","Chloe Bibby",55,2,726,819,93,0,7,-7,0
"2020-21","12385","Maryland","Katie Benzan",11,2,792,2050,1258,53,34,19,0
"2020-21","12385","Iowa","Megan Meyer",11,2,819,871,52,0,2,-2,0
"2020-21","12385","Iowa","Sharon Goodman",40,1,819,871,52,0,2,-2,0
"2020-21","12385","Maryland","Alaysia Styles",5,1,819,1024,205,8,2,6,0
"2020-21","12385","Maryland","Angel Reese",10,2,844,1106,262,12,3,9,0
"2020-21","12385","Iowa","Tomi Taiwo",1,2,871,935,64,0,4,-4,0
"2020-21","12385","Iowa","Gabbie Marshall",24,3,871,1074,203,3,10,-7,0
"2020-21","12385","Iowa","Monika Czinano",25,2,871,1559,688,21,30,-9,0
"2020-21","12385","Iowa","Caitlin Clark",22,2,935,1706,771,25,31,-6,0
"2020-21","12385","Maryland","Ashley Owusu",15,2,935,1469,534,19,18,1,0
"2020-21","12385","Maryland","Mimi Collins",2,3,1024,1559,535,24,19,5,0
"2020-21","12385","Iowa","Alexis Sevillian",5,1,1074,1129,55,1,3,-2,0
"2020-21","12385","Maryland","Diamond Miller",1,3,1106,1129,23,3,1,2,0
"2020-21","12385","Maryland","Chloe Bibby",55,3,1106,2097,991,43,31,12,0
"2020-21","12385","Iowa","Gabbie Marshall",24,4,1129,1771,642,21,26,-5,0
"2020-21","12385","Maryland","Faith Masonius",13,2,1129,1200,71,2,3,-1,0
"2020-21","12385","Maryland","Diamond Miller",1,4,1200,1794,594,24,18,6,0
"2020-21","12385","Maryland","Faith Masonius",13,3,1469,2400,931,41,36,5,0
"2020-21","12385","Iowa","Tomi Taiwo",1,3,1559,1706,147,4,5,-1,0
"2020-21","12385","Iowa","Sharon Goodman",40,2,1559,1630,71,2,0,2,0
"2020-21","12385","Maryland","Angel Reese",10,3,1559,1654,95,0,4,-4,0
"2020-21","12385","Iowa","Monika Czinano",25,3,1630,2050,420,11,21,-10,0
"2020-21","12385","Iowa","McKenna Warnock",14,3,1653,2294,641,20,29,-9,0
"2020-21","12385","Maryland","Mimi Collins",2,4,1654,2027,373,18,9,9,0
"2020-21","12385","Iowa","Megan Meyer",11,3,1706,1844,138,2,4,-2,0
"2020-21","12385","Iowa","Kate Martin",20,3,1706,2308,602,22,25,-3,0
"2020-21","12385","Iowa","Caitlin Clark",22,3,1771,2294,523,20,20,0,0
"2020-21","12385","Maryland","Ashley Owusu",15,3,1794,2241,447,17,18,-1,0
"2020-21","12385","Iowa","Gabbie Marshall",24,5,1844,2050,206,7,12,-5,0
"2020-21","12385","Maryland","Angel Reese",10,4,2027,2400,373,16,20,-4,0
"2020-21","12385","Iowa","Tomi Taiwo",1,4,2050,2241,191,9,5,4,0
"2020-21","12385","Iowa","Sharon Goodman",40,3,2050,2147,97,5,3,2,0
"2020-21","12385","Maryland","Diamond Miller",1,5,2050,2241,191,5,9,-4,0
"2020-21","12385","Maryland","Alaysia Styles",5,2,2097,2329,232,7,16,-9,0
"2020-21","12385","Iowa","Monika Czinano",25,4,2147,2294,147,6,5,1,0
"2020-21","12385","Iowa","Gabbie Marshall",24,6,2241,2308,67,4,4,0,0
"2020-21","12385","Maryland","Zoe Young",12,1,2241,2400,159,8,11,-3,0
"2020-21","12385","Maryland","Taisiya Kozlova",14,1,2241,2400,159,8,11,-3,0
"2020-21","12385","Iowa","Lauren Jensen",15,1,2294,2400,106,9,5,4,0
"2020-21","12385","Iowa","Logan Cook",23,1,2294,2400,106,9,5,4,0
"2020-21","12385","Iowa","Sharon Goodman",40,4,2294,2308,14,2,1,1,0
"2020-21","12385","Iowa","Alexis Sevillian",5,2,2308,2400,92,7,4,3,0
"2020-21","12385","Iowa","Shateah Wetering",13,1,2308,2400,92,7,4,3,0
"2020-21","12385","Iowa","Zion Sanders",21,1,2308,2400,92,7,4,3,0
"2020-21","12385","Maryland","Chloe Bibby",55,4,2329,2338,9,0,1,-1,0
"2020-21","12385","Maryland","Alaysia Styles",5,3,2338,2400,62,4,3,1,0
"2020-21","12394","Alabama","Megan Abrams",1,1,0,600,600,9,30,-21,1
"2020-21","12394","Alabama","Jordan Lewis",3,1,0,718,718,14,36,-22,1
"2020-21","12394","Alabama","Hannah Barber",5,1,0,376,376,6,20,-14,1
"2020-21","12394","Alabama","Ariyah Copeland",22,1,0,396,396,6,20,-14,1
"2020-21","12394","Alabama","Jasmine Walker",40,1,0,856,856,19,38,-19,1
"2020-21","12394","Maryland","Diamond Miller",1,1,0,317,317,15,6,9,1
"2020-21","12394","Maryland","Mimi Collins",2,1,0,317,317,15,6,9,1
"2020-21","12394","Maryland","Katie Benzan",11,1,0,376,376,20,6,14,1
"2020-21","12394","Maryland","Ashley Owusu",15,1,0,525,525,22,9,13,1
"2020-21","12394","Maryland","Chloe Bibby",55,1,0,856,856,38,19,19,1
"2020-21","12394","Maryland","Alaysia Styles",5,1,317,525,208,7,3,4,0
"2020-21","12394","Maryland","Faith Masonius",13,1,317,718,401,20,8,12,0
"2020-21","12394","Alabama","Destiny Rice",11,1,376,856,480,13,18,-5,0
"2020-21","12394","Maryland","Diamond Miller",1,2,376,740,364,16,8,8,0
"2020-21","12394","Alabama","Allie Craig Cruce",12,1,396,600,204,3,10,-7,0
"2020-21","12394","Maryland","Mimi Collins",2,2,525,556,31,4,0,4,0
"2020-21","12394","Maryland","Katie Benzan",11,2,525,600,75,8,0,8,0
"2020-21","12394","Maryland","Angel Reese",10,1,556,718,162,9,5,4,0
"2020-21","12394","Alabama","Hannah Barber",5,2,600,1107,507,14,20,-6,0
"2020-21","12394","Alabama","Ariyah Copeland",22,2,600,901,301,10,10,0,0
"2020-21","12394","Maryland","Ashley Owusu",15,2,600,1800,1200,49,37,12,0
"2020-21","12394","Alabama","Taylor Sutton",4,1,718,950,232,5,6,-1,0
"2020-21","12394","Maryland","Mimi Collins",2,3,718,966,248,7,5,2,0
"2020-21","12394","Maryland","Katie Benzan",11,3,718,1628,910,38,27,11,0
"2020-21","12394","Maryland","Alaysia Styles",5,2,740,856,116,2,5,-3,0
"2020-21","12394","Alabama","Megan Abrams",1,2,856,950,94,0,4,-4,0
"2020-21","12394","Alabama","Myra Gordon",15,1,856,1200,344,6,16,-10,0
"2020-21","12394","Maryland","Diamond Miller",1,3,856,950,94,4,0,4,0
"2020-21","12394","Maryland","Angel Reese",10,2,856,1200,344,16,6,10,0
"2020-21","12394","Alabama","Allie Craig Cruce",12,2,901,1057,156,4,6,-2,0
"2020-21","12394","Alabama","Jordan Lewis",3,2,950,1141,191,6,8,-2,0
"2020-21","12394","Alabama","Jasmine Walker",40,2,950,2103,1153,32,49,-17,0
"2020-21","12394","Maryland","Chloe Bibby",55,2,950,1547,597,27,20,7,0
"2020-21","12394","Maryland","Faith Masonius",13,2,966,1200,234,12,6,6,0
"2020-21","12394","Alabama","Ariyah Copeland",22,3,1057,1495,438,16,19,-3,0
"2020-21","12394","Alabama","Destiny Rice",11,2,1107,1200,93,2,4,-2,0
"2020-21","12394","Alabama","Hannah Barber",5,3,1141,1495,354,14,15,-1,0
"2020-21","12394","Alabama","Megan Abrams",1,3,1200,1577,377,14,17,-3,0
"2020-21","12394","Alabama","Jordan Lewis",3,3,1200,2231,1031,31,43,-12,0
"2020-21","12394","Maryland","Diamond Miller",1,4,1200,1683,483,21,17,4,0
"2020-21","12394","Maryland","Mimi Collins",2,4,1200,1547,347,15,14,1,0
"2020-21","12394","Alabama","Destiny Rice",11,3,1495,1683,188,3,10,-7,0
"2020-21","12394","Alabama","Allie Craig Cruce",12,3,1495,1800,305,7,14,-7,0
"2020-21","12394","Maryland","Angel Reese",10,3,1547,1883,336,11,9,2,0
"2020-21","12394","Maryland","Faith Masonius",13,3,1547,1832,285,10,7,3,0
"2020-21","12394","Alabama","Myra Gordon",15,2,1577,2103,526,12,20,-8,0
"2020-21","12394","Maryland","Alaysia Styles",5,3,1628,2400,772,27,23,4,0
"2020-21","12394","Alabama","Megan Abrams",1,4,1683,1800,117,4,4,0,0
"2020-21","12394","Maryland","Taisiya Kozlova",14,1,1683,2400,717,25,22,3,0
"2020-21","12394","Alabama","Hannah Barber",5,4,1800,1909,109,2,4,-2,0
"2020-21","12394","Alabama","Ariyah Copeland",22,4,1800,2231,431,10,18,-8,0
"2020-21","12394","Maryland","Katie Benzan",11,4,1800,2103,303,12,5,7,0
"2020-21","12394","Maryland","Mimi Collins",2,5,1832,1941,109,4,4,0,0
"2020-21","12394","Maryland","Diamond Miller",1,5,1883,2103,220,11,3,8,0
"2020-21","12394","Alabama","Taylor Sutton",4,2,1909,2400,491,16,17,-1,0
"2020-21","12394","Maryland","Faith Masonius",13,4,1941,2400,459,17,14,3,0
"2020-21","12394","Alabama","Destiny Rice",11,4,2103,2231,128,5,6,-1,0
"2020-21","12394","Alabama","Allie Craig Cruce",12,4,2103,2400,297,13,9,4,0
"2020-21","12394","Maryland","Angel Reese",10,4,2103,2400,297,9,13,-4,0
"2020-21","12394","Maryland","Zoe Young",12,1,2103,2400,297,9,13,-4,0
"2020-21","12394","Alabama","Megan Abrams",1,5,2231,2342,111,4,3,1,0
"2020-21","12394","Alabama","Hannah Barber",5,5,2231,2400,169,8,3,5,0
"2020-21","12394","Alabama","Jasmine Walker",40,3,2231,2342,111,4,3,1,0
"2020-21","12394","Alabama","Destiny Rice",11,5,2342,2400,58,4,0,4,0
"2020-21","12394","Alabama","Myra Gordon",15,3,2342,2400,58,4,0,4,0
