"source_id","file_id","team","lineup","num_players","start_seconds","end_seconds","duration","pts_for","pts_against","plus_minus"
"2022-23","13134","George Mason","",0,0,2400,2400,0,0,0
"2022-23","13134","Maryland","",0,0,2400,2400,0,0,0
"2022-23","13135","South Carolina","Aliyah Boston|Brea Beal|Raven Johnson|Victaria Saxton|Zia Cooke",5,0,179,179,3,2,1
"2022-23","13135","Maryland","Abby Meyers|Elisa Pinzan|Faith Masonius|Lavender Briggs|Shyanne Sellers",5,0,238,238,4,7,-3
"2022-23","13135","Maryland","Abby Meyers|Bri McDaniel|Brinae Alexander|Elisa Pinzan|Lavender Briggs",5,238,379,141,6,6,0
"2022-23","13135","South Carolina","Aliyah Boston|Brea Beal|Kierra Fletcher|Victaria Saxton|Zia Cooke",5,179,379,200,10,8,2
"2022-23","13135","South Carolina","Aliyah Boston|Kamilla Cardoso|Laeticia Amihere|Victaria Saxton|Zia Cooke",5,379,432,53,2,2,0
"2022-23","13135","Maryland","Abby Meyers|Elisa Pinzan|Faith Masonius|Lavender Briggs|Shyanne Sellers",5,379,461,82,2,2,0
"2022-23","13135","Maryland","Abby Meyers|Brinae Alexander|Elisa Pinzan|Faith Masonius|Lavender Briggs",5,461,491,30,0,2,-2
"2022-23","13135","South Carolina","Aliyah Boston|Kamilla Cardoso|Laeticia Amihere|Raven Johnson|Zia Cooke",5,432,491,59,2,0,2
"2022-23","13135","Maryland","Abby Meyers|Brinae Alexander|Faith Masonius|Gia Cooke|Lavender Briggs",5,491,600,109,0,2,-2
"2022-23","13135","South Carolina","Ashlyn Watkins|Kamilla Cardoso|Laeticia Amihere|Raven Johnson|Zia Cooke",5,491,600,109,2,0,2
"2022-23","13135","Maryland","Abby Meyers|Brinae Alexander|Elisa Pinzan|Faith Masonius|Lavender Briggs",5,600,670,70,0,2,-2
"2022-23","13135","Maryland","Abby Meyers|Brinae Alexander|Elisa Pinzan|Lavender Briggs|Shyanne Sellers",5,670,753,83,2,6,-4
"2022-23","13135","South Carolina","Brea Beal|Kierra Fletcher|Laeticia Amihere|Sania Feagin|Zia Cooke",5,600,753,153,8,2,6
"2022-23","13135","South Carolina","Aliyah Boston|Brea Beal|Laeticia Amihere|Sania Feagin|Talaysia Cooper",5,753,890,137,0,6,-6
"2022-23","13135","South Carolina","Aliyah Boston|Brea Beal|Sania Feagin|Talaysia Cooper|Zia Cooke",5,890,947,57,3,2,1
"2022-23","13135","South Carolina","Aliyah Boston|Brea Beal|Talaysia Cooper|Victaria Saxton|Zia Cooke",5,947,962,15,0,0,0
"2022-23","13135","Maryland","Abby Meyers|Brinae Alexander|Gia Cooke|Lavender Briggs|Shyanne Sellers",5,753,1009,256,8,5,3
"2022-23","13135","Maryland","Abby Meyers|Bri McDaniel|Brinae Alexander|Gia Cooke|Lavender Briggs",5,1009,1054,45,0,0,0
"2022-23","13135","South Carolina","Aliyah Boston|Brea Beal|Bree Hall|Victaria Saxton|Zia Cooke",5,962,1068,106,2,0,2
"2022-23","13135","Maryland","Abby Meyers|Bri McDaniel|Brinae Alexander|Faith Masonius|Gia Cooke",5,1054,1166,112,4,0,4
"2022-23","13135","South Carolina","Aliyah Boston|Brea Beal|Bree Hall|Raven Johnson|Victaria Saxton",5,1068,1185,117,0,4,-4
"2022-23","13135","South Carolina","Brea Beal|Bree Hall|Kierra Fletcher|Laeticia Amihere|Victaria Saxton",5,1185,1200,15,0,0,0
"2022-23","13135","Maryland","Bri McDaniel|Brinae Alexander|Faith Masonius|Gia Cooke|Shyanne Sellers",5,1166,1200,34,0,0,0
"2022-23","13135","South Carolina","Aliyah Boston|Brea Beal|Kierra Fletcher|Raven Johnson|Zia Cooke",5,1200,1373,173,7,4,3
"2022-23","13135","Maryland","Abby Meyers|Elisa Pinzan|Faith Masonius|Lavender Briggs|Shyanne Sellers",5,1200,1440,240,6,9,-3
"2022-23","13135","Maryland","Abby Meyers|Brinae Alexander|Elisa Pinzan|Faith Masonius|Lavender Briggs",5,1440,1490,50,3,3,0
"2022-23","13135","Maryland","Abby Meyers|Brinae Alexander|Faith Masonius|Gia Cooke|Lavender Briggs",5,1490,1515,25,0,0,0
"2022-23","13135","South Carolina","Aliyah Boston|Brea Beal|Kamilla Cardoso|Raven Johnson|Zia Cooke",5,1373,1515,142,5,5,0
"2022-23","13135","South Carolina","Aliyah Boston|Brea Beal|Kamilla Cardoso|Kierra Fletcher|Zia Cooke",5,1515,1572,57,1,3,-2
"2022-23","13135","Maryland","Abby Meyers|Bri McDaniel|Brinae Alexander|Faith Masonius|Gia Cooke",5,1515,1609,94,4,4,0
"2022-23","13135","Maryland","Abby Meyers|Brinae Alexander|Faith Masonius|Gia Cooke|Shyanne Sellers",5,1609,1618,9,0,0,0
"2022-23","13135","Maryland","Abby Meyers|Bri McDaniel|Brinae Alexander|Gia Cooke|Lavender Briggs",5,1618,1679,61,0,7,-7
"2022-23","13135","Maryland","Abby Meyers|Brinae Alexander|Gia Cooke|Lavender Briggs|Shyanne Sellers",5,1679,1704,25,0,0,0
"2022-23","13135","Maryland","Brinae Alexander|Gia Cooke|Lavender Briggs|Mila Reynolds|Shyanne Sellers",5,1704,1722,18,0,1,-1
"2022-23","13135","Maryland","Brinae Alexander|Elisa Pinzan|Lavender Briggs|Mila Reynolds|Shyanne Sellers",5,1722,1777,55,4,2,2
"2022-23","13135","South Carolina","Aliyah Boston|Kamilla Cardoso|Kierra Fletcher|Laeticia Amihere|Zia Cooke",5,1572,1799,227,17,5,12
"2022-23","13135","Maryland","Abby Meyers|Elisa Pinzan|Lavender Briggs|Mila Reynolds|Shyanne Sellers",5,1777,1800,23,0,4,-4
"2022-23","13135","Maryland","Abby Meyers|Brinae Alexander|Elisa Pinzan|Faith Masonius|Lavender Briggs",5,1800,1856,56,0,4,-4
"2022-23","13135","Maryland","Abby Meyers|Elisa Pinzan|Faith Masonius|Lavender Briggs|Shyanne Sellers",5,1856,1960,104,4,3,1
"2022-23","13135","South Carolina","Aliyah Boston|Kamilla Cardoso|Laeticia Amihere|Raven Johnson|Zia Cooke",5,1799,1960,161,7,4,3
"2022-23","13135","South Carolina","Aliyah Boston|Brea Beal|Kierra Fletcher|Laeticia Amihere|Victaria Saxton",5,1960,2056,96,2,0,2
"2022-23","13135","Maryland","Abby Meyers|Bri McDaniel|Elisa Pinzan|Faith Masonius|Shyanne Sellers",5,1960,2154,194,4,5,-1
"2022-23","13135","South Carolina","Brea Beal|Kierra Fletcher|Laeticia Amihere|Sania Feagin|Victaria Saxton",5,2056,2156,100,3,4,-1
"2022-23","13135","South Carolina","Ashlyn Watkins|Brea Beal|Kierra Fletcher|Sania Feagin|Victaria Saxton",5,2156,2212,56,0,0,0
"2022-23","13135","Maryland","Abby Meyers|Bri McDaniel|Brinae Alexander|Elisa Pinzan|Faith Masonius",5,2154,2228,74,0,0,0
"2022-23","13135","South Carolina","Ashlyn Watkins|Bree Hall|Kierra Fletcher|Raven Johnson|Talaysia Cooper",5,2212,2228,16,0,0,0
"2022-23","13135","Maryland","Abby Meyers|Brinae Alexander|Faith Masonius|Gia Cooke|Lavender Briggs",5,2228,2306,78,3,2,1
"2022-23","13135","Maryland","Abby Meyers|Faith Masonius|Gia Cooke|Lavender Briggs|Mila Reynolds",5,2306,2363,57,0,5,-5
"2022-23","13135","Maryland","Bri McDaniel|Faith Masonius|Gia Cooke|Lavender Briggs|Mila Reynolds",5,2363,2400,37,2,0,2
"2022-23","13135","South Carolina","Ashlyn Watkins|Bree Hall|Raven Johnson|Sania Feagin|Talaysia Cooper",5,2228,2400,172,7,5,2
"2022-23","13136","Maryland","Abby Meyers|Diamond Miller|Elisa Pinzan|Faith Masonius|Lavender Briggs",5,0,200,200,8,4,4
"2022-23","13136","Fordham","Anna DeWolfe|Asiah Dingle|Kaitlyn Downey|Megan Jonassen|Sarah Karpell",5,0,244,244,4,10,-6
"2022-23","13136","Maryland","Abby Meyers|Brinae Alexander|Diamond Miller|Elisa Pinzan|Lavender Briggs",5,200,280,80,2,0,2
"2022-23","13136","Fordham","Anna DeWolfe|Asiah Dingle|Jada Dapaa|Megan Jonassen|Sarah Karpell",5,244,292,48,0,0,0
"2022-23","13136","Maryland","Abby Meyers|Brinae Alexander|Elisa Pinzan|Lavender Briggs|Shyanne Sellers",5,280,333,53,2,2,0
"2022-23","13136","Fordham","Anna DeWolfe|Asiah Dingle|Jada Dapaa|Matilda Flood|Megan Jonassen",5,292,368,76,2,4,-2
"2022-23","13136","Fordham","Anna DeWolfe|Jada Dapaa|Matilda Flood|Megan Jonassen|Sarah Karpell",5,368,412,44,3,2,1
"2022-23","13136","Maryland","Brinae Alexander|Diamond Miller|Elisa Pinzan|Lavender Briggs|Shyanne Sellers",5,333,459,126,4,3,1
"2022-23","13136","Maryland","Abby Meyers|Brinae Alexander|Diamond Miller|Lavender Briggs|Shyanne Sellers",5,459,469,10,0,0,0
"2022-23","13136","Fordham","Anna DeWolfe|Jada Dapaa|Kaitlyn Downey|Matilda Flood|Sarah Karpell",5,412,500,88,0,3,-3
"2022-23","13136","Maryland","Abby Meyers|Bri McDaniel|Diamond Miller|Lavender Briggs|Shyanne Sellers",5,469,505,36,3,0,3
"2022-23","13136","Maryland","Abby Meyers|Bri McDaniel|Diamond Miller|Gia Cooke|Lavender Briggs",5,505,547,42,0,2,-2
"2022-23","13136","Maryland","Abby Meyers|Bri McDaniel|Diamond Miller|Elisa Pinzan|Lavender Briggs",5,547,600,53,2,0,2
"2022-23","13136","Maryland","Abby Meyers|Diamond Miller|Elisa Pinzan|Faith Masonius|Lavender Briggs",5,600,688,88,2,2,0
"2022-23","13136","Fordham","Anna DeWolfe|Colleen McQuillen|Jada Dapaa|Kaitlyn Downey|Sarah Karpell",5,500,688,188,4,4,0
"2022-23","13136","Fordham","Anna DeWolfe|Colleen McQuillen|Kaitlyn Downey|Megan Jonassen|Sarah Karpell",5,688,783,95,0,4,-4
"2022-23","13136","Maryland","Abby Meyers|Diamond Miller|Elisa Pinzan|Faith Masonius|Shyanne Sellers",5,688,822,134,4,3,1
"2022-23","13136","Maryland","Abby Meyers|Elisa Pinzan|Faith Masonius|Lavender Briggs|Shyanne Sellers",5,822,954,132,2,11,-9
"2022-23","13136","Fordham","Anna DeWolfe|Kaitlyn Downey|Matilda Flood|Megan Jonassen|Sarah Karpell",5,783,1032,249,16,4,12
"2022-23","13136","Maryland","Abby Meyers|Bri McDaniel|Brinae Alexander|Gia Cooke|Lavender Briggs",5,954,1043,89,2,2,0
"2022-23","13136","Fordham","Anna DeWolfe|Jada Dapaa|Matilda Flood|Megan Jonassen|Sarah Karpell",5,1032,1043,11,0,0,0
"2022-23","13136","Maryland","Abby Meyers|Bri McDaniel|Diamond Miller|Gia Cooke|Lavender Briggs",5,1043,1086,43,0,0,0
"2022-23","13136","Fordham","Asiah Dingle|Jada Dapaa|Matilda Flood|Megan Jonassen|Sarah Karpell",5,1043,1119,76,0,3,-3
"2022-23","13136","Maryland","Abby Meyers|Brinae Alexander|Diamond Miller|Gia Cooke|Lavender Briggs",5,1086,1200,114,3,4,-1
"2022-23","13136","Fordham","Anna DeWolfe|Asiah Dingle|Jada Dapaa|Megan Jonassen|Sarah Karpell",5,1119,1200,81,4,0,4
"2022-23","13136","Fordham","Anna DeWolfe|Asiah Dingle|Kaitlyn Downey|Megan Jonassen|Sarah Karpell",5,1200,1307,107,6,6,0
"2022-23","13136","Maryland","Abby Meyers|Diamond Miller|Elisa Pinzan|Faith Masonius|Lavender Briggs",5,1200,1322,122,8,6,2
"2022-23","13136","Maryland","Abby Meyers|Brinae Alexander|Diamond Miller|Elisa Pinzan|Faith Masonius",5,1322,1387,65,5,0,5
"2022-23","13136","Fordham","Anna DeWolfe|Asiah Dingle|Jada Dapaa|Megan Jonassen|Sarah Karpell",5,1307,1455,148,0,11,-11
"2022-23","13136","Fordham","Anna DeWolfe|Asiah Dingle|Jada Dapaa|Kaitlyn Downey|Sarah Karpell",5,1455,1512,57,2,3,-1
"2022-23","13136","Maryland","Brinae Alexander|Diamond Miller|Elisa Pinzan|Faith Masonius|Shyanne Sellers",5,1387,1512,125,7,2,5
"2022-23","13136","Fordham","Anna DeWolfe|Jada Dapaa|Kaitlyn Downey|Matilda Flood|Sarah Karpell",5,1512,1567,55,3,0,3
"2022-23","13136","Maryland","Brinae Alexander|Diamond Miller|Elisa Pinzan|Mila Reynolds|Shyanne Sellers",5,1512,1623,111,2,6,-4
"2022-23","13136","Maryland","Diamond Miller|Elisa Pinzan|Faith Masonius|Mila Reynolds|Shyanne Sellers",5,1623,1733,110,2,9,-7
"2022-23","13136","Maryland","Brinae Alexander|Elisa Pinzan|Faith Masonius|Mila Reynolds|Shyanne Sellers",5,1733,1747,14,0,2,-2
"2022-23","13136","Fordham","Anna DeWolfe|Asiah Dingle|Kaitlyn Downey|Matilda Flood|Megan Jonassen",5,1567,1747,180,15,4,11
"2022-23","13136","Fordham","Anna DeWolfe|Kaitlyn Downey|Matilda Flood|Megan Jonassen|Sarah Karpell",5,1747,1757,10,0,0,0
"2022-23","13136","Maryland","Abby Meyers|Elisa Pinzan|Faith Masonius|Mila Reynolds|Shyanne Sellers",5,1747,1774,27,1,1,0
"2022-23","13136","Maryland","Abby Meyers|Diamond Miller|Elisa Pinzan|Faith Masonius|Shyanne Sellers",5,1774,1800,26,3,0,3
"2022-23","13136","Maryland","Abby Meyers|Diamond Miller|Elisa Pinzan|Faith Masonius|Lavender Briggs",5,1800,2029,229,4,2,2
"2022-23","13136","Fordham","Anna DeWolfe|Jada Dapaa|Kaitlyn Downey|Megan Jonassen|Sarah Karpell",5,1757,2029,272,2,8,-6
"2022-23","13136","Fordham","Anna DeWolfe|Asiah Dingle|Jada Dapaa|Matilda Flood|Megan Jonassen",5,2029,2074,45,0,2,-2
"2022-23","13136","Maryland","Abby Meyers|Brinae Alexander|Diamond Miller|Lavender Briggs|Shyanne Sellers",5,2029,2121,92,2,2,0
"2022-23","13136","Fordham","Anna DeWolfe|Asiah Dingle|Jada Dapaa|Kaitlyn Downey|Megan Jonassen",5,2074,2233,159,2,4,-2
"2022-23","13136","Fordham","Anna DeWolfe|Asiah Dingle|Jada Dapaa|Kaitlyn Downey|Sarah Karpell",5,2233,2346,113,5,6,-1
"2022-23","13136","Maryland","Brinae Alexander|Diamond Miller|Faith Masonius|Lavender Briggs|Shyanne Sellers",5,2121,2400,279,15,13,2
"2022-23","13136","Fordham","Anna DeWolfe|Asiah Dingle|Kaitlyn Downey|Megan Jonassen|Sarah Karpell",5,2346,2400,54,8,5,3
"2022-23","13137","Davidson","Chloe Welch|Elle Sutphin|Issy Morgan|Sallie Schutz|Suzi-Rose Deegan",5,0,54,54,0,3,-3
"2022-23","13137","Davidson","Chloe Welch|Issy Morgan|Maddie Plank|Sallie Schutz|Suzi-Rose Deegan",5,54,61,7,0,0,0
"2022-23","13137","Davidson","Chloe Welch|Elle Sutphin|Issy Morgan|Sallie Schutz|Suzi-Rose Deegan",5,61,209,148,7,5,2
"2022-23","13137","Maryland","Abby Meyers|Diamond Miller|Elisa Pinzan|Faith Masonius|Lavender Briggs",5,0,210,210,8,7,1
"2022-23","13137","Maryland","Abby Meyers|Diamond Miller|Faith Masonius|Lavender Briggs|Shyanne Sellers",5,210,279,69,2,0,2
"2022-23","13137","Davidson","Elle Sutphin|Issy Morgan|Mallorie Haines|Sallie Schutz|Suzi-Rose Deegan",5,209,279,70,0,2,-2
"2022-23","13137","Maryland","Bri McDaniel|Brinae Alexander|Diamond Miller|Lavender Briggs|Shyanne Sellers",5,279,333,54,0,0,0
"2022-23","13137","Davidson","Chloe Welch|Elle Sutphin|Maddie Plank|Mallorie Haines|Suzi-Rose Deegan",5,279,337,58,0,0,0
"2022-23","13137","Maryland","Abby Meyers|Brinae Alexander|Diamond Miller|Lavender Briggs|Shyanne Sellers",5,333,346,13,0,0,0
"2022-23","13137","Maryland","Abby Meyers|Brinae Alexander|Diamond Miller|Gia Cooke|Lavender Briggs",5,346,400,54,0,0,0
"2022-23","13137","Davidson","Chloe Welch|Elle Sutphin|Issy Morgan|Maddie Plank|Mallorie Haines",5,337,400,63,0,0,0
"2022-23","13137","Davidson","Chloe Welch|Issy Morgan|Maddie Plank|Mallorie Haines|Sallie Schutz",5,400,446,46,3,0,3
"2022-23","13137","Maryland","Abby Meyers|Diamond Miller|Faith Masonius|Gia Cooke|Lavender Briggs",5,400,466,66,0,3,-3
"2022-23","13137","Davidson","Chloe Welch|Issy Morgan|Maddie Plank|Sallie Schutz|Suzi-Rose Deegan",5,446,500,54,0,2,-2
"2022-23","13137","Maryland","Abby Meyers|Faith Masonius|Gia Cooke|Lavender Briggs|Shyanne Sellers",5,466,532,66,2,0,2
"2022-23","13137","Davidson","Chloe Welch|Elle Sutphin|Mallorie Haines|Sallie Schutz|Suzi-Rose Deegan",5,500,550,50,0,0,0
"2022-23","13137","Maryland","Abby Meyers|Elisa Pinzan|Faith Masonius|Lavender Briggs|Shyanne Sellers",5,532,550,18,2,0,2
"2022-23","13137","Maryland","Abby Meyers|Diamond Miller|Elisa Pinzan|Faith Masonius|Lavender Briggs",5,550,600,50,0,0,0
"2022-23","13137","Maryland","Brinae Alexander|Diamond Miller|Elisa Pinzan|Mila Reynolds|Shyanne Sellers",5,600,684,84,2,2,0
"2022-23","13137","Davidson","Chloe Welch|Elle Sutphin|Kelby Bannerman|Mallorie Haines|Suzi-Rose Deegan",5,550,684,134,2,4,-2
"2022-23","13137","Maryland","Brinae Alexander|Elisa Pinzan|Lavender Briggs|Mila Reynolds|Shyanne Sellers",5,684,735,51,0,0,0
"2022-23","13137","Maryland","Abby Meyers|Brinae Alexander|Diamond Miller|Elisa Pinzan|Lavender Briggs",5,735,780,45,3,0,3
"2022-23","13137","Davidson","Chloe Welch|Elle Sutphin|Kelby Bannerman|Mallorie Haines|Sallie Schutz",5,684,780,96,0,3,-3
"2022-23","13137","Maryland","Abby Meyers|Brinae Alexander|Diamond Miller|Elisa Pinzan|Shyanne Sellers",5,780,902,122,7,3,4
"2022-23","13137","Davidson","Elle Sutphin|Issy Morgan|Kelby Bannerman|Mallorie Haines|Sallie Schutz",5,780,902,122,3,7,-4
"2022-23","13137","Davidson","Elle Sutphin|Issy Morgan|Maddie Plank|Mallorie Haines|Sallie Schutz",5,902,969,67,0,0,0
"2022-23","13137","Maryland","Abby Meyers|Brinae Alexander|Elisa Pinzan|Faith Masonius|Shyanne Sellers",5,902,1059,157,1,2,-1
"2022-23","13137","Maryland","Brinae Alexander|Diamond Miller|Elisa Pinzan|Lavender Briggs|Shyanne Sellers",5,1059,1082,23,0,0,0
"2022-23","13137","Davidson","Elle Sutphin|Issy Morgan|Maddie Plank|Sallie Schutz|Suzi-Rose Deegan",5,969,1082,113,2,1,1
"2022-23","13137","Maryland","Abby Meyers|Diamond Miller|Elisa Pinzan|Lavender Briggs|Shyanne Sellers",5,1082,1121,39,0,2,-2
"2022-23","13137","Maryland","Abby Meyers|Brinae Alexander|Diamond Miller|Elisa Pinzan|Lavender Briggs",5,1121,1200,79,2,0,2
"2022-23","13137","Davidson","Elle Sutphin|Issy Morgan|Kelby Bannerman|Maddie Plank|Suzi-Rose Deegan",5,1082,1200,118,2,2,0
"2022-23","13137","Maryland","Abby Meyers|Diamond Miller|Elisa Pinzan|Faith Masonius|Lavender Briggs",5,1200,1333,133,7,7,0
"2022-23","13137","Maryland","Abby Meyers|Elisa Pinzan|Faith Masonius|Lavender Briggs|Shyanne Sellers",5,1333,1400,67,5,5,0
"2022-23","13137","Davidson","Elle Sutphin|Issy Morgan|Mallorie Haines|Sallie Schutz|Suzi-Rose Deegan",5,1200,1400,200,12,12,0
"2022-23","13137","Maryland","Abby Meyers|Faith Masonius|Gia Cooke|Lavender Briggs|Shyanne Sellers",5,1400,1444,44,0,0,0
"2022-23","13137","Maryland","Abby Meyers|Elisa Pinzan|Faith Masonius|Lavender Briggs|Shyanne Sellers",5,1444,1501,57,0,0,0
"2022-23","13137","Davidson","Elle Sutphin|Kelby Bannerman|Maddie Plank|Mallorie Haines|Suzi-Rose Deegan",5,1400,1617,217,1,6,-5
"2022-23","13137","Davidson","Elle Sutphin|Maddie Plank|Mallorie Haines|Sallie Schutz|Suzi-Rose Deegan",5,1617,1731,114,1,2,-1
"2022-23","13137","Maryland","Brinae Alexander|Diamond Miller|Faith Masonius|Lavender Briggs|Shyanne Sellers",5,1501,1800,299,13,4,9
"2022-23","13137","Davidson","Kelby Bannerman|Maddie Plank|Mallorie Haines|Sallie Schutz|Suzi-Rose Deegan",5,1731,1800,69,2,5,-3
"2022-23","13137","Maryland","Abby Meyers|Brinae Alexander|Diamond Miller|Faith Masonius|Shyanne Sellers",5,1800,1922,122,2,5,-3
"2022-23","13137","Davidson","Issy Morgan|Kelby Bannerman|Maddie Plank|Sallie Schutz|Suzi-Rose Deegan",5,1800,1922,122,5,2,3
"2022-23","13137","Davidson","Elle Sutphin|Issy Morgan|Maddie Plank|Sallie Schutz|Suzi-Rose Deegan",5,1922,2035,113,5,4,1
"2022-23","13137","Maryland","Abby Meyers|Diamond Miller|Faith Masonius|Lavender Briggs|Shyanne Sellers",5,1922,2053,131,4,5,-1
"2022-23","13137","Davidson","Elle Sutphin|Issy Morgan|Maddie Plank|Mallorie Haines|Suzi-Rose Deegan",5,2035,2149,114,0,6,-6
"2022-23","13137","Maryland","Abby Meyers|Brinae Alexander|Diamond Miller|Elisa Pinzan|Lavender Briggs",5,2053,2160,107,6,0,6
"2022-23","13137","Maryland","Abby Meyers|Bri McDaniel|Brinae Alexander|Diamond Miller|Elisa Pinzan",5,2160,2249,89,2,2,0
"2022-23","13137","Maryland","Ava Sciolla|Bri McDaniel|Brinae Alexander|Gia Cooke|Mila Reynolds",5,2249,2316,67,0,3,-3
"2022-23","13137","Davidson","Elle Sutphin|Maddie Plank|Mallorie Haines|Sallie Schutz|Suzi-Rose Deegan",5,2149,2316,167,5,2,3
"2022-23","13137","Maryland","Ava Sciolla|Bri McDaniel|Gia Cooke|Mila Reynolds|Shyanne Sellers",5,2316,2400,84,2,2,0
"2022-23","13137","Davidson","Kelby Bannerman|Maddie Plank|Mallorie Haines|Sallie Schutz|Suzi-Rose Deegan",5,2316,2400,84,2,2,0
"2022-23","13138","Maryland","Abby Meyers|Diamond Miller|Elisa Pinzan|Faith Masonius|Lavender Briggs",5,0,114,114,0,2,-2
"2022-23","13138","Maryland","Abby Meyers|Elisa Pinzan|Faith Masonius|Lavender Briggs|Shyanne Sellers",5,114,140,26,0,0,0
"2022-23","13138","Maryland","Abby Meyers|Brinae Alexander|Elisa Pinzan|Faith Masonius|Shyanne Sellers",5,140,289,149,7,5,2
"2022-23","13138","Baylor","Caitlin Bickle|Darianna Littlepage-Buggs|Ja'Mee Asberry|Jaden Owens|Sarah Andrews",5,0,307,307,7,7,0
"2022-23","13138","Maryland","Bri McDaniel|Brinae Alexander|Diamond Miller|Faith Masonius|Shyanne Sellers",5,289,410,121,0,5,-5
"2022-23","13138","Baylor","Bella Fontleroy|Caitlin Bickle|Ja'Mee Asberry|Jaden Owens|Sarah Andrews",5,307,549,242,5,4,1
"2022-23","13138","Maryland","Bri McDaniel|Brinae Alexander|Elisa Pinzan|Faith Masonius|Lavender Briggs",5,410,549,139,4,0,4
"2022-23","13138","Baylor","Caitlin Bickle|Catarina Ferreira|Darianna Littlepage-Buggs|Ja'Mee Asberry|Jaden Owens",5,549,580,31,0,0,0
"2022-23","13138","Baylor","Bella Fontleroy|Catarina Ferreira|Darianna Littlepage-Buggs|Ja'Mee Asberry|Jaden Owens",5,580,600,20,1,1,0
"2022-23","13138","Maryland","Brinae Alexander|Diamond Miller|Elisa Pinzan|Lavender Briggs|Shyanne Sellers",5,549,600,51,1,1,0
"2022-23","13138","Baylor","Bella Fontleroy|Catarina Ferreira|Darianna Littlepage-Buggs|Jaden Owens|Sarah Andrews",5,600,657,57,0,3,-3
"2022-23","13138","Maryland","Abby Meyers|Diamond Miller|Faith Masonius|Lavender Briggs|Shyanne Sellers",5,600,657,57,3,0,3
"2022-23","13138","Baylor","Bella Fontleroy|Catarina Ferreira|Darianna Littlepage-Buggs|Jana Van Gytenbeek|Sarah Andrews",5,657,754,97,3,5,-2
"2022-23","13138","Maryland","Abby Meyers|Brinae Alexander|Diamond Miller|Faith Masonius|Shyanne Sellers",5,657,754,97,5,3,2
"2022-23","13138","Maryland","Abby Meyers|Brinae Alexander|Diamond Miller|Elisa Pinzan|Faith Masonius",5,754,861,107,4,2,2
"2022-23","13138","Baylor","Catarina Ferreira|Darianna Littlepage-Buggs|Ja'Mee Asberry|Jana Van Gytenbeek|Sarah Andrews",5,754,890,136,2,4,-2
"2022-23","13138","Baylor","Caitlin Bickle|Catarina Ferreira|Ja'Mee Asberry|Jana Van Gytenbeek|Sarah Andrews",5,890,927,37,0,0,0
"2022-23","13138","Baylor","Bella Fontleroy|Caitlin Bickle|Ja'Mee Asberry|Jana Van Gytenbeek|Sarah Andrews",5,927,960,33,2,0,2
"2022-23","13138","Maryland","Abby Meyers|Brinae Alexander|Diamond Miller|Faith Masonius|Shyanne Sellers",5,861,960,99,0,2,-2
"2022-23","13138","Maryland","Abby Meyers|Brinae Alexander|Diamond Miller|Elisa Pinzan|Faith Masonius",5,960,1040,80,6,1,5
"2022-23","13138","Maryland","Brinae Alexander|Diamond Miller|Elisa Pinzan|Faith Masonius|Shyanne Sellers",5,1040,1078,38,0,4,-4
"2022-23","13138","Baylor","Bella Fontleroy|Darianna Littlepage-Buggs|Ja'Mee Asberry|Jana Van Gytenbeek|Sarah Andrews",5,960,1126,166,6,8,-2
"2022-23","13138","Baylor","Catarina Ferreira|Darianna Littlepage-Buggs|Ja'Mee Asberry|Jana Van Gytenbeek|Sarah Andrews",5,1126,1173,47,0,2,-2
"2022-23","13138","Baylor","Darianna Littlepage-Buggs|Ja'Mee Asberry|Jaden Owens|Jana Van Gytenbeek|Sarah Andrews",5,1173,1200,27,0,2,-2
"2022-23","13138","Maryland","Bri McDaniel|Diamond Miller|Elisa Pinzan|Faith Masonius|Shyanne Sellers",5,1078,1200,122,6,1,5
"2022-23","13138","Baylor","Caitlin Bickle|Darianna Littlepage-Buggs|Ja'Mee Asberry|Jaden Owens|Sarah Andrews",5,1200,1329,129,9,0,9
"2022-23","13138","Maryland","Abby Meyers|Diamond Miller|Elisa Pinzan|Faith Masonius|Lavender Briggs",5,1200,1365,165,2,9,-7
"2022-23","13138","Maryland","Abby Meyers|Diamond Miller|Faith Masonius|Lavender Briggs|Shyanne Sellers",5,1365,1661,296,8,9,-1
"2022-23","13138","Baylor","Bella Fontleroy|Darianna Littlepage-Buggs|Ja'Mee Asberry|Jaden Owens|Sarah Andrews",5,1329,1661,332,9,10,-1
"2022-23","13138","Baylor","Bella Fontleroy|Catarina Ferreira|Darianna Littlepage-Buggs|Jaden Owens|Sarah Andrews",5,1661,1784,123,2,4,-2
"2022-23","13138","Maryland","Abby Meyers|Brinae Alexander|Diamond Miller|Faith Masonius|Shyanne Sellers",5,1661,1784,123,4,2,2
"2022-23","13138","Baylor","Bella Fontleroy|Catarina Ferreira|Darianna Littlepage-Buggs|Ja'Mee Asberry|Jaden Owens",5,1784,1800,16,1,3,-2
"2022-23","13138","Baylor","Caitlin Bickle|Catarina Ferreira|Darianna Littlepage-Buggs|Jaden Owens|Jana Van Gytenbeek",5,1800,1901,101,0,6,-6
"2022-23","13138","Baylor","Bella Fontleroy|Caitlin Bickle|Catarina Ferreira|Ja'Mee Asberry|Sarah Andrews",5,1901,2106,205,10,7,3
"2022-23","13138","Baylor","Caitlin Bickle|Darianna Littlepage-Buggs|Ja'Mee Asberry|Jaden Owens|Sarah Andrews",5,2106,2225,119,7,2,5
"2022-23","13138","Baylor","Catarina Ferreira|Darianna Littlepage-Buggs|Ja'Mee Asberry|Jaden Owens|Sarah Andrews",5,2225,2388,163,2,2,0
"2022-23","13138","Maryland","Abby Meyers|Brinae Alexander|Diamond Miller|Elisa Pinzan|Faith Masonius",5,1784,2388,604,20,20,0
"2022-23","13138","Baylor","Bella Fontleroy|Darianna Littlepage-Buggs|Ja'Mee Asberry|Jaden Owens|Sarah Andrews",5,2388,2393,5,2,1,1
"2022-23","13138","Maryland","Abby Meyers|Brinae Alexander|Diamond Miller|Faith Masonius|Shyanne Sellers",5,2388,2393,5,1,2,-1
"2022-23","13138","Baylor","Catarina Ferreira|Darianna Littlepage-Buggs|Ja'Mee Asberry|Jaden Owens|Sarah Andrews",5,2393,2394,1,0,0,0
"2022-23","13138","Maryland","Abby Meyers|Brinae Alexander|Diamond Miller|Elisa Pinzan|Faith Masonius",5,2393,2394,1,0,0,0
"2022-23","13138","Baylor","Bella Fontleroy|Darianna Littlepage-Buggs|Ja'Mee Asberry|Jaden Owens|Sarah Andrews",5,2394,2400,6,0,2,-2
"2022-23","13138","Maryland","Abby Meyers|Brinae Alexander|Diamond Miller|Faith Masonius|Shyanne Sellers",5,2394,2400,6,2,0,2
"2022-23","13139","Maryland","Abby Meyers|Diamond Miller|Elisa Pinzan|Faith Masonius|Lavender Briggs",5,0,163,163,2,5,-3
"2022-23","13139","Maryland","Abby Meyers|Brinae Alexander|Elisa Pinzan|Faith Masonius|Lavender Briggs",5,163,213,50,0,3,-3
"2022-23","13139","Maryland","Abby Meyers|Brinae Alexander|Elisa Pinzan|Lavender Briggs|Shyanne Sellers",5,213,272,59,0,0,0
"2022-23","13139","DePaul","Anaya Peoples|Aneesah Morrow|Darrione Rogers|Jorie Allen|Kendall Holmes",5,0,272,272,8,2,6
"2022-23","13139","Maryland","Abby Meyers|Bri McDaniel|Brinae Alexander|Elisa Pinzan|Shyanne Sellers",5,272,321,49,0,0,0
"2022-23","13139","Maryland","Bri McDaniel|Brinae Alexander|Elisa Pinzan|Lavender Briggs|Shyanne Sellers",5,321,356,35,0,0,0
"2022-23","13139","DePaul","Aneesah Morrow|Darrione Rogers|Keke Rimmer|Kendall Holmes|Zaria Hurston",5,272,356,84,0,0,0
"2022-23","13139","Maryland","Bri McDaniel|Brinae Alexander|Diamond Miller|Elisa Pinzan|Lavender Briggs",5,356,379,23,0,2,-2
"2022-23","13139","DePaul","Anaya Peoples|Aneesah Morrow|Darrione Rogers|Keke Rimmer|Kendall Holmes",5,356,379,23,2,0,2
"2022-23","13139","Maryland","Bri McDaniel|Diamond Miller|Elisa Pinzan|Faith Masonius|Lavender Briggs",5,379,421,42,2,3,-1
"2022-23","13139","Maryland","Bri McDaniel|Diamond Miller|Gia Cooke|Lavender Briggs",4,421,435,14,0,0,0
"2022-23","13139","DePaul","Aneesah Morrow|Darrione Rogers|Jorie Allen|Keke Rimmer|Kendall Holmes",5,379,489,110,3,5,-2
"2022-23","13139","Maryland","Bri McDaniel|Diamond Miller|Faith Masonius|Gia Cooke|Lavender Briggs",5,435,598,163,5,2,3
"2022-23","13139","DePaul","Anaya Peoples|Aneesah Morrow|Darrione Rogers|Jorie Allen|Kendall Holmes",5,489,598,109,2,2,0
"2022-23","13139","Maryland","Diamond Miller|Faith Masonius|Gia Cooke|Lavender Briggs|Shyanne Sellers",5,598,600,2,1,0,1
"2022-23","13139","Maryland","Abby Meyers|Diamond Miller|Faith Masonius|Gia Cooke|Shyanne Sellers",5,600,643,43,0,3,-3
"2022-23","13139","Maryland","Abby Meyers|Diamond Miller|Elisa Pinzan|Faith Masonius|Lavender Briggs",5,643,727,84,3,5,-2
"2022-23","13139","DePaul","Aneesah Morrow|Darrione Rogers|Jorie Allen|Keke Rimmer|Kendall Holmes",5,598,727,129,8,4,4
"2022-23","13139","DePaul","Anaya Peoples|Aneesah Morrow|Darrione Rogers|Jorie Allen|Keke Rimmer",5,727,813,86,0,4,-4
"2022-23","13139","DePaul","Anaya Peoples|Aneesah Morrow|Jorie Allen|Keke Rimmer|Kendall Holmes",5,813,831,18,0,3,-3
"2022-23","13139","Maryland","Abby Meyers|Brinae Alexander|Elisa Pinzan|Lavender Briggs|Mila Reynolds",5,727,915,188,7,2,5
"2022-23","13139","Maryland","Bri McDaniel|Brinae Alexander|Elisa Pinzan|Lavender Briggs|Mila Reynolds",5,915,942,27,0,2,-2
"2022-23","13139","Maryland","Bri McDaniel|Brinae Alexander|Elisa Pinzan|Faith Masonius|Lavender Briggs",5,942,1020,78,2,5,-3
"2022-23","13139","DePaul","Aneesah Morrow|Darrione Rogers|Jorie Allen|Keke Rimmer|Kendall Holmes",5,831,1123,292,12,7,5
"2022-23","13139","Maryland","Bri McDaniel|Brinae Alexander|Faith Masonius|Gia Cooke|Shyanne Sellers",5,1020,1200,180,5,3,2
"2022-23","13139","DePaul","Anaya Peoples|Darrione Rogers|Jorie Allen|Keke Rimmer|Kendall Holmes",5,1123,1200,77,0,0,0
"2022-23","13139","Maryland","Abby Meyers|Diamond Miller|Elisa Pinzan|Faith Masonius|Lavender Briggs",5,1200,1276,76,2,2,0
"2022-23","13139","Maryland","Abby Meyers|Bri McDaniel|Diamond Miller|Elisa Pinzan|Faith Masonius",5,1276,1294,18,2,0,2
"2022-23","13139","DePaul","Anaya Peoples|Aneesah Morrow|Darrione Rogers|Jorie Allen|Kendall Holmes",5,1200,1314,114,2,4,-2
"2022-23","13139","Maryland","Bri McDaniel|Diamond Miller|Elisa Pinzan|Faith Masonius|Mila Reynolds",5,1294,1489,195,4,5,-1
"2022-23","13139","Maryland","Brinae Alexander|Faith Masonius|Gia Cooke|Lavender Briggs|Shyanne Sellers",5,1489,1571,82,2,2,0
"2022-23","13139","DePaul","Anaya Peoples|Darrione Rogers|Jorie Allen|Keke Rimmer|Kendall Holmes",5,1314,1571,257,7,6,1
"2022-23","13139","Maryland","Abby Meyers|Brinae Alexander|Diamond Miller|Faith Masonius|Lavender Briggs|Shyanne Sellers",6,1571,1590,19,1,0,1
"2022-23","13139","Maryland","Abby Meyers|Brinae Alexander|Diamond Miller|Faith Masonius|Gia Cooke|Shyanne Sellers",6,1590,1730,140,3,0,3
"2022-23","13139","DePaul","Aneesah Morrow|Darrione Rogers|Jorie Allen|Keke Rimmer|Kendall Holmes",5,1571,1730,159,0,4,-4
"2022-23","13139","Maryland","Abby Meyers|Diamond Miller|Faith Masonius|Gia Cooke|Shyanne Sellers",5,1730,1778,48,4,3,1
"2022-23","13139","DePaul","Anaya Peoples|Aneesah Morrow|Darrione Rogers|Jorie Allen|Kendall Holmes",5,1730,1778,48,3,4,-1
"2022-23","13139","Maryland","Abby Meyers|Bri McDaniel|Faith Masonius|Gia Cooke|Shyanne Sellers",5,1778,1800,22,0,0,0
"2022-23","13139","DePaul","Anaya Peoples|Darrione Rogers|Jorie Allen|Keke Rimmer|Kendall Holmes",5,1778,1800,22,0,0,0
"2022-23","13139","DePaul","Anaya Peoples|Aneesah Morrow|Darrione Rogers|Jorie Allen|Kendall Holmes",5,1800,1889,89,5,5,0
"2022-23","13139","DePaul","Anaya Peoples|Darrione Rogers|Jorie Allen|Keke Rimmer|Kendall Holmes",5,1889,1964,75,0,4,-4
"2022-23","13139","Maryland","Abby Meyers|Diamond Miller|Faith Masonius|Gia Cooke|Shyanne Sellers",5,1800,2078,278,11,12,-1
"2022-23","13139","Maryland","Abby Meyers|Diamond Miller|Elisa Pinzan|Faith Masonius|Shyanne Sellers",5,2078,2175,97,4,6,-2
"2022-23","13139","Maryland","Abby Meyers|Diamond Miller|Faith Masonius|Gia Cooke|Shyanne Sellers",5,2175,2369,194,4,6,-2
"2022-23","13139","Maryland","Abby Meyers|Brinae Alexander|Faith Masonius|Gia Cooke|Shyanne Sellers",5,2369,2379,10,3,5,-2
"2022-23","13139","Maryland","Abby Meyers|Brinae Alexander|Faith Masonius|Lavender Briggs|Shyanne Sellers",5,2379,2400,21,0,0,0
"2022-23","13139","DePaul","Aneesah Morrow|Darrione Rogers|Jorie Allen|Keke Rimmer|Kendall Holmes",5,1964,2400,436,24,13,11
"2022-23","13140","Maryland","Abby Meyers|Diamond Miller|Elisa Pinzan|Faith Masonius|Shyanne Sellers",5,0,156,156,2,7,-5
"2022-23","13140","Notre Dame","Dara Mabrey|Kylee Watson|Maddy Westbeld|Olivia Miles|Sonia Citron",5,0,196,196,7,2,5
"2022-23","13140","Notre Dame","Dara Mabrey|Kylee Watson|Lauren Ebo|Olivia Miles|Sonia Citron",5,196,270,74,1,4,-3
"2022-23","13140","Maryland","Brinae Alexander|Diamond Miller|Faith Masonius|Lavender Briggs|Shyanne Sellers",5,156,304,148,4,1,3
"2022-23","13140","Notre Dame","KK Bransford|Lauren Ebo|Maddy Westbeld|Olivia Miles|Sonia Citron",5,270,326,56,0,0,0
"2022-23","13140","Notre Dame","KK Bransford|Kylee Watson|Maddy Westbeld|Olivia Miles|Sonia Citron",5,326,355,29,0,0,0
"2022-23","13140","Notre Dame","Dara Mabrey|KK Bransford|Kylee Watson|Maddy Westbeld|Olivia Miles",5,355,455,100,2,6,-4
"2022-23","13140","Maryland","Abby Meyers|Diamond Miller|Faith Masonius|Lavender Briggs|Shyanne Sellers",5,304,455,151,6,2,4
"2022-23","13140","Maryland","Abby Meyers|Diamond Miller|Faith Masonius|Gia Cooke|Lavender Briggs",5,455,490,35,0,0,0
"2022-23","13140","Maryland","Abby Meyers|Brinae Alexander|Faith Masonius|Gia Cooke|Lavender Briggs",5,490,554,64,2,2,0
"2022-23","13140","Notre Dame","Dara Mabrey|KK Bransford|Kylee Watson|Maddy Westbeld|Sonia Citron",5,455,569,114,3,2,1
"2022-23","13140","Notre Dame","Dara Mabrey|KK Bransford|Kylee Watson|Natalija Marshall|Sonia Citron",5,569,600,31,0,2,-2
"2022-23","13140","Maryland","Abby Meyers|Brinae Alexander|Diamond Miller|Lavender Briggs|Shyanne Sellers",5,554,637,83,2,3,-1
"2022-23","13140","Notre Dame","Dara Mabrey|Kylee Watson|Lauren Ebo|Olivia Miles|Sonia Citron",5,600,738,138,2,5,-3
"2022-23","13140","Maryland","Abby Meyers|Diamond Miller|Faith Masonius|Lavender Briggs|Shyanne Sellers",5,637,803,166,7,2,5
"2022-23","13140","Notre Dame","Dara Mabrey|KK Bransford|Kylee Watson|Lauren Ebo|Sonia Citron",5,738,822,84,3,4,-1
"2022-23","13140","Notre Dame","KK Bransford|Kylee Watson|Lauren Ebo|Olivia Miles|Sonia Citron",5,822,926,104,5,0,5
"2022-23","13140","Maryland","Abby Meyers|Diamond Miller|Elisa Pinzan|Faith Masonius|Lavender Briggs",5,803,926,123,2,6,-4
"2022-23","13140","Maryland","Abby Meyers|Brinae Alexander|Diamond Miller|Elisa Pinzan|Faith Masonius",5,926,1048,122,4,5,-1
"2022-23","13140","Notre Dame","Dara Mabrey|KK Bransford|Kylee Watson|Lauren Ebo|Sonia Citron",5,926,1158,232,9,6,3
"2022-23","13140","Maryland","Abby Meyers|Brinae Alexander|Diamond Miller|Elisa Pinzan|Mila Reynolds",5,1048,1200,152,4,4,0
"2022-23","13140","Notre Dame","Dara Mabrey|KK Bransford|Kylee Watson|Natalija Marshall|Sonia Citron",5,1158,1200,42,0,2,-2
"2022-23","13140","Notre Dame","Dara Mabrey|Kylee Watson|Maddy Westbeld|Olivia Miles|Sonia Citron",5,1200,1420,220,10,7,3
"2022-23","13140","Maryland","Abby Meyers|Diamond Miller|Faith Masonius|Lavender Briggs|Shyanne Sellers",5,1200,1494,294,9,10,-1
"2022-23","13140","Notre Dame","Dara Mabrey|Kylee Watson|Lauren Ebo|Olivia Miles|Sonia Citron",5,1420,1494,74,0,2,-2
"2022-23","13140","Notre Dame","Dara Mabrey|KK Bransford|Lauren Ebo|Olivia Miles|Sonia Citron",5,1494,1633,139,6,4,2
"2022-23","13140","Maryland","Abby Meyers|Bri McDaniel|Brinae Alexander|Faith Masonius|Shyanne Sellers",5,1494,1633,139,4,6,-2
"2022-23","13140","Maryland","Abby Meyers|Brinae Alexander|Diamond Miller|Faith Masonius|Shyanne Sellers",5,1633,1690,57,4,2,2
"2022-23","13140","Notre Dame","KK Bransford|Lauren Ebo|Maddy Westbeld|Olivia Miles|Sonia Citron",5,1633,1745,112,5,4,1
"2022-23","13140","Notre Dame","Dara Mabrey|KK Bransford|Lauren Ebo|Maddy Westbeld|Sonia Citron",5,1745,1771,26,0,1,-1
"2022-23","13140","Maryland","Abby Meyers|Diamond Miller|Faith Masonius|Lavender Briggs|Shyanne Sellers",5,1690,1771,81,1,3,-2
"2022-23","13140","Maryland","Abby Meyers|Brinae Alexander|Diamond Miller|Lavender Briggs|Shyanne Sellers",5,1771,1800,29,0,2,-2
"2022-23","13140","Notre Dame","Dara Mabrey|KK Bransford|Kylee Watson|Maddy Westbeld|Sonia Citron",5,1771,1884,113,2,0,2
"2022-23","13140","Maryland","Abby Meyers|Diamond Miller|Faith Masonius|Lavender Briggs|Shyanne Sellers",5,1800,1956,156,2,2,0
"2022-23","13140","Maryland","Abby Meyers|Diamond Miller|Elisa Pinzan|Faith Masonius|Shyanne Sellers",5,1956,1981,25,1,0,1
"2022-23","13140","Notre Dame","Dara Mabrey|KK Bransford|Kylee Watson|Lauren Ebo|Sonia Citron",5,1884,2016,132,4,5,-1
"2022-23","13140","Notre Dame","Dara Mabrey|KK Bransford|Kylee Watson|Maddy Westbeld|Sonia Citron",5,2016,2118,102,4,6,-2
"2022-23","13140","Maryland","Abby Meyers|Brinae Alexander|Diamond Miller|Elisa Pinzan|Shyanne Sellers",5,1981,2118,137,8,6,2
"2022-23","13140","Maryland","Brinae Alexander|Diamond Miller|Elisa Pinzan|Lavender Briggs|Shyanne Sellers",5,2118,2202,84,3,0,3
"2022-23","13140","Notre Dame","Dara Mabrey|Kylee Watson|Maddy Westbeld|Olivia Miles|Sonia Citron",5,2118,2255,137,0,5,-5
"2022-23","13140","Notre Dame","Dara Mabrey|KK Bransford|Lauren Ebo|Olivia Miles|Sonia Citron",5,2255,2352,97,6,2,4
"2022-23","13140","Notre Dame","Dara Mabrey|KK Bransford|Kylee Watson|Olivia Miles|Sonia Citron",5,2352,2366,14,1,2,-1
"2022-23","13140","Maryland","Abby Meyers|Brinae Alexander|Diamond Miller|Faith Masonius|Shyanne Sellers",5,2202,2366,164,6,7,-1
"2022-23","13140","Notre Dame","Dara Mabrey|KK Bransford|Lauren Ebo|Olivia Miles|Sonia Citron",5,2366,2379,13,0,0,0
"2022-23","13140","Maryland","Brinae Alexander|Diamond Miller|Faith Masonius|Lavender Briggs|Shyanne Sellers",5,2366,2379,13,0,0,0
"2022-23","13140","Maryland","Abby Meyers|Brinae Alexander|Diamond Miller|Faith Masonius|Shyanne Sellers",5,2379,2383,4,0,0,0
"2022-23","13140","Notre Dame","Dara Mabrey|KK Bransford|Kylee Watson|Maddy Westbeld|Sonia Citron",5,2379,2383,4,0,1,-1
"2022-23","13140","Notre Dame","Dara Mabrey|KK Bransford|Maddy Westbeld|Olivia Miles|Sonia Citron",5,2383,2385,2,2,0,2
"2022-23","13140","Notre Dame","Dara Mabrey|KK Bransford|Kylee Watson|Maddy Westbeld|Sonia Citron",5,2385,2400,15,0,2,-2
"2022-23","13140","Maryland","Brinae Alexander|Diamond Miller|Faith Masonius|Lavender Briggs|Shyanne Sellers",5,2383,2400,17,3,2,1
"2022-23","13141","Maryland","Abby Meyers|Diamond Miller|Elisa Pinzan|Faith Masonius|Shyanne Sellers",5,0,160,160,4,4,0
"2022-23","13141","Maryland","Abby Meyers|Brinae Alexander|Elisa Pinzan|Lavender Briggs|Shyanne Sellers",5,160,234,74,3,3,0
"2022-23","13141","Maryland","Abby Meyers|Diamond Miller|Elisa Pinzan|Lavender Briggs|Shyanne Sellers",5,234,323,89,0,8,-8
"2022-23","13141","Maryland","Abby Meyers|Diamond Miller|Elisa Pinzan|Faith Masonius|Shyanne Sellers",5,323,600,277,8,4,4
"2022-23","13141","Maryland","Abby Meyers|Diamond Miller|Elisa Pinzan|Faith Masonius|Lavender Briggs",5,600,640,40,2,0,2
"2022-23","13141","UConn","Aaliyah Edwards|Aubrey Griffin|Caroline Ducharme|Ines Bettencourt|Lou Lopez Senechal",5,0,680,680,21,17,4
"2022-23","13141","Maryland","Abby Meyers|Diamond Miller|Faith Masonius|Lavender Briggs|Shyanne Sellers",5,640,762,122,4,4,0
"2022-23","13141","Maryland","Abby Meyers|Brinae Alexander|Faith Masonius|Lavender Briggs|Shyanne Sellers",5,762,817,55,0,0,0
"2022-23","13141","Maryland","Abby Meyers|Brinae Alexander|Diamond Miller|Faith Masonius|Shyanne Sellers",5,817,1014,197,14,7,7
"2022-23","13141","Maryland","Abby Meyers|Brinae Alexander|Elisa Pinzan|Faith Masonius|Shyanne Sellers",5,1014,1152,138,5,4,1
"2022-23","13141","Maryland","Abby Meyers|Brinae Alexander|Elisa Pinzan|Lavender Briggs|Shyanne Sellers",5,1152,1200,48,3,2,1
"2022-23","13141","UConn","Aaliyah Edwards|Aubrey Griffin|Ayanna Patterson|Caroline Ducharme|Ines Bettencourt",5,680,1200,520,15,26,-11
"2022-23","13141","UConn","Aaliyah Edwards|Aubrey Griffin|Caroline Ducharme|Ines Bettencourt|Lou Lopez Senechal",5,1200,1254,54,0,2,-2
"2022-23","13141","Maryland","Abby Meyers|Diamond Miller|Elisa Pinzan|Faith Masonius|Shyanne Sellers",5,1200,1301,101,2,0,2
"2022-23","13141","Maryland","Abby Meyers|Brinae Alexander|Elisa Pinzan|Faith Masonius|Shyanne Sellers",5,1301,1383,82,5,6,-1
"2022-23","13141","UConn","Aaliyah Edwards|Ayanna Patterson|Caroline Ducharme|Ines Bettencourt|Lou Lopez Senechal",5,1254,1448,194,7,9,-2
"2022-23","13141","Maryland","Abby Meyers|Brinae Alexander|Faith Masonius|Lavender Briggs|Shyanne Sellers",5,1383,1540,157,6,6,0
"2022-23","13141","UConn","Aaliyah Edwards|Aubrey Griffin|Ayanna Patterson|Caroline Ducharme|Lou Lopez Senechal",5,1448,1540,92,5,2,3
"2022-23","13141","UConn","Aaliyah Edwards|Amari DeBerry|Aubrey Griffin|Caroline Ducharme|Lou Lopez Senechal",5,1540,1609,69,2,0,2
"2022-23","13141","UConn","Aaliyah Edwards|Amari DeBerry|Ayanna Patterson|Caroline Ducharme|Lou Lopez Senechal",5,1609,1745,136,8,5,3
"2022-23","13141","Maryland","Abby Meyers|Brinae Alexander|Diamond Miller|Lavender Briggs|Shyanne Sellers",5,1540,1867,327,8,14,-6
"2022-23","13141","UConn","Aaliyah Edwards|Amari DeBerry|Aubrey Griffin|Caroline Ducharme|Ines Bettencourt",5,1745,1945,200,4,6,-2
"2022-23","13141","Maryland","Abby Meyers|Brinae Alexander|Diamond Miller|Elisa Pinzan|Shyanne Sellers",5,1867,2078,211,8,7,1
"2022-23","13141","Maryland","Abby Meyers|Brinae Alexander|Diamond Miller|Faith Masonius|Shyanne Sellers",5,2078,2210,132,6,2,4
"2022-23","13141","UConn","Aaliyah Edwards|Amari DeBerry|Aubrey Griffin|Caroline Ducharme|Lou Lopez Senechal",5,1945,2323,378,11,11,0
"2022-23","13141","Maryland","Abby Meyers|Brinae Alexander|Diamond Miller|Lavender Briggs|Shyanne Sellers",5,2210,2400,190,7,7,0
"2022-23","13141","UConn","Aaliyah Edwards|Aubrey Griffin|Ayanna Patterson|Ines Bettencourt|Lou Lopez Senechal",5,2323,2400,77,5,7,-2
"2022-23","13142","Maryland","Abby Meyers|Diamond Miller|Elisa Pinzan|Faith Masonius|Shyanne Sellers",5,0,164,164,3,2,1
"2022-23","13142","Purdue Fort Wayne","Amellia Bromenschenkel|Destinee Marshall|Jazzlyn Linbo|Ryin Ott|Shayla Sellers",5,0,200,200,2,7,-5
"2022-23","13142","Purdue Fort Wayne","Amellia Bromenschenkel|Aubrey Stupp|Destinee Marshall|Shayla Sellers|Sylare Starks",5,200,240,40,0,2,-2
"2022-23","13142","Maryland","Brinae Alexander|Diamond Miller|Elisa Pinzan|Faith Masonius|Shyanne Sellers",5,164,240,76,6,2,4
"2022-23","13142","Maryland","Abby Meyers|Brinae Alexander|Diamond Miller|Elisa Pinzan|Lavender Briggs",5,240,326,86,0,2,-2
"2022-23","13142","Purdue Fort Wayne","Amellia Bromenschenkel|Aubrey Stupp|Audra Emmerson|Shayla Sellers|Sylare Starks",5,240,435,195,7,3,4
"2022-23","13142","Maryland","Abby Meyers|Bri McDaniel|Faith Masonius|Lavender Briggs|Shyanne Sellers",5,326,435,109,3,3,0
"2022-23","13142","Purdue Fort Wayne","Aubrey Stupp|Destinee Marshall|Ryin Ott|Shayla Sellers|Sylare Starks",5,435,449,14,0,2,-2
"2022-23","13142","Purdue Fort Wayne","Amellia Bromenschenkel|Aubrey Stupp|Destinee Marshall|Ryin Ott|Sylare Starks",5,449,523,74,0,2,-2
"2022-23","13142","Maryland","Abby Meyers|Bri McDaniel|Elisa Pinzan|Faith Masonius|Lavender Briggs",5,435,523,88,4,0,4
"2022-23","13142","Maryland","Abby Meyers|Bri McDaniel|Brinae Alexander|Diamond Miller|Elisa Pinzan",5,523,550,27,2,4,-2
"2022-23","13142","Purdue Fort Wayne","Amellia Bromenschenkel|Destinee Marshall|Jazzlyn Linbo|Klea Kaci|Ryin Ott",5,523,600,77,4,4,0
"2022-23","13142","Maryland","Abby Meyers|Bri McDaniel|Diamond Miller|Elisa Pinzan|Shyanne Sellers",5,550,600,50,2,0,2
"2022-23","13142","Maryland","Abby Meyers|Diamond Miller|Elisa Pinzan|Faith Masonius|Shyanne Sellers",5,600,652,52,2,3,-1
"2022-23","13142","Purdue Fort Wayne","Amellia Bromenschenkel|Destinee Marshall|Riley Ott|Ryin Ott|Shayla Sellers",5,600,741,141,3,7,-4
"2022-23","13142","Purdue Fort Wayne","Destinee Marshall|Riley Ott|Ryin Ott|Shayla Sellers|Sylare Starks",5,741,838,97,0,3,-3
"2022-23","13142","Maryland","Abby Meyers|Brinae Alexander|Diamond Miller|Elisa Pinzan|Shyanne Sellers",5,652,838,186,8,0,8
"2022-23","13142","Purdue Fort Wayne","Amellia Bromenschenkel|Destinee Marshall|Ryin Ott|Sydney Graber|Sylare Starks",5,838,925,87,3,2,1
"2022-23","13142","Maryland","Abby Meyers|Elisa Pinzan|Faith Masonius|Lavender Briggs|Shyanne Sellers",5,838,925,87,2,3,-1
"2022-23","13142","Maryland","Diamond Miller|Elisa Pinzan|Faith Masonius|Lavender Briggs|Shyanne Sellers",5,925,979,54,0,0,0
"2022-23","13142","Purdue Fort Wayne","Amellia Bromenschenkel|Destinee Marshall|Klea Kaci|Shayla Sellers|Sydney Graber",5,925,1066,141,0,2,-2
"2022-23","13142","Purdue Fort Wayne","Amellia Bromenschenkel|Jazzlyn Linbo|Klea Kaci|Riley Ott|Shayla Sellers",5,1066,1200,134,4,5,-1
"2022-23","13142","Maryland","Abby Meyers|Brinae Alexander|Elisa Pinzan|Lavender Briggs|Shyanne Sellers",5,979,1200,221,7,4,3
"2022-23","13142","Maryland","Abby Meyers|Diamond Miller|Elisa Pinzan|Faith Masonius|Shyanne Sellers",5,1200,1265,65,2,5,-3
"2022-23","13142","Purdue Fort Wayne","Amellia Bromenschenkel|Destinee Marshall|Jazzlyn Linbo|Ryin Ott|Shayla Sellers",5,1200,1347,147,7,8,-1
"2022-23","13142","Maryland","Abby Meyers|Brinae Alexander|Diamond Miller|Faith Masonius|Shyanne Sellers",5,1265,1347,82,6,2,4
"2022-23","13142","Purdue Fort Wayne","Amellia Bromenschenkel|Aubrey Stupp|Destinee Marshall|Shayla Sellers|Sylare Starks",5,1347,1394,47,1,2,-1
"2022-23","13142","Purdue Fort Wayne","Amellia Bromenschenkel|Aubrey Stupp|Riley Ott|Shayla Sellers|Sylare Starks",5,1394,1440,46,0,5,-5
"2022-23","13142","Maryland","Brinae Alexander|Diamond Miller|Faith Masonius|Lavender Briggs|Shyanne Sellers",5,1347,1440,93,7,1,6
"2022-23","13142","Purdue Fort Wayne","Amellia Bromenschenkel|Aubrey Stupp|Ryin Ott|Shayla Sellers|Sylare Starks",5,1440,1485,45,0,3,-3
"2022-23","13142","Purdue Fort Wayne","Amellia Bromenschenkel|Aubrey Stupp|Destinee Marshall|Ryin Ott|Shayla Sellers",5,1485,1540,55,0,2,-2
"2022-23","13142","Maryland","Bri McDaniel|Brinae Alexander|Diamond Miller|Lavender Briggs|Shyanne Sellers",5,1440,1540,100,5,0,5
"2022-23","13142","Purdue Fort Wayne","Amellia Bromenschenkel|Destinee Marshall|Ryin Ott|Shayla Sellers|Sydney Graber",5,1540,1637,97,0,2,-2
"2022-23","13142","Purdue Fort Wayne","Amellia Bromenschenkel|Audra Emmerson|Ryin Ott|Shayla Sellers|Sydney Graber",5,1637,1686,49,0,3,-3
"2022-23","13142","Maryland","Ava Sciolla|Bri McDaniel|Brinae Alexander|Lavender Briggs|Shyanne Sellers",5,1540,1686,146,5,0,5
"2022-23","13142","Purdue Fort Wayne","Amellia Bromenschenkel|Audra Emmerson|Jaidyn Koerdt|Shayla Sellers|Sydney Graber",5,1686,1800,114,4,7,-3
"2022-23","13142","Maryland","Ava Sciolla|Bri McDaniel|Brinae Alexander|Elisa Pinzan|Lavender Briggs",5,1686,1800,114,7,4,3
"2022-23","13142","Purdue Fort Wayne","Amellia Bromenschenkel|Destinee Marshall|Jaidyn Koerdt|Shayla Sellers|Sydney Graber",5,1800,1854,54,0,0,0
"2022-23","13142","Maryland","Abby Meyers|Brinae Alexander|Diamond Miller|Elisa Pinzan|Lavender Briggs",5,1800,1875,75,0,2,-2
"2022-23","13142","Purdue Fort Wayne","Abbigail Stephens|Amellia Bromenschenkel|Destinee Marshall|Jaidyn Koerdt|Shayla Sellers",5,1854,1931,77,5,0,5
"2022-23","13142","Maryland","Ava Sciolla|Brinae Alexander|Diamond Miller|Lavender Briggs|Shyanne Sellers",5,1875,1931,56,0,3,-3
"2022-23","13142","Purdue Fort Wayne","Abbigail Stephens|Destinee Marshall|Jaidyn Koerdt|Lauryn Stover|Shayla Sellers",5,1931,1993,62,0,0,0
"2022-23","13142","Purdue Fort Wayne","Abbigail Stephens|Amellia Bromenschenkel|Destinee Marshall|Jaidyn Koerdt|Lauryn Stover",5,1993,2029,36,3,2,1
"2022-23","13142","Purdue Fort Wayne","Abbigail Stephens|Amellia Bromenschenkel|Destinee Marshall|Klea Kaci|Lauryn Stover",5,2029,2037,8,0,0,0
"2022-23","13142","Purdue Fort Wayne","Abbigail Stephens|Amellia Bromenschenkel|Audra Emmerson|Klea Kaci|Lauryn Stover",5,2037,2175,138,2,6,-4
"2022-23","13142","Purdue Fort Wayne","Amellia Bromenschenkel|Audra Emmerson|Klea Kaci|Lauryn Stover|Shayla Sellers",5,2175,2254,79,2,4,-2
"2022-23","13142","Purdue Fort Wayne","Abbigail Stephens|Amellia Bromenschenkel|Audra Emmerson|Jaidyn Koerdt|Lauryn Stover",5,2254,2400,146,4,5,-1
"2022-23","13142","Maryland","Ava Sciolla|Bri McDaniel|Brinae Alexander|Lavender Briggs|Shyanne Sellers",5,1931,2400,469,17,11,6
"2022-23","13150","Maryland","Abby Meyers|Diamond Miller|Elisa Pinzan|Faith Masonius|Shyanne Sellers",5,0,202,202,6,6,0
"2022-23","13150","Towson","Alexia Nelson|Gabby Scott|Kylie Kornegay-Lucas|Quinzia Fulmore|Skye Williams",5,0,247,247,7,6,1
"2022-23","13150","Towson","Gabby Scott|Kylie Kornegay-Lucas|Quinzia Fulmore|Ryann Evans|Skye Williams",5,247,291,44,0,0,0
"2022-23","13150","Maryland","Abby Meyers|Elisa Pinzan|Faith Masonius|Lavender Briggs|Shyanne Sellers",5,202,349,147,3,3,0
"2022-23","13150","Towson","Gabby Scott|Kylie Kornegay-Lucas|Ryann Evans|Skye Williams|Taiye Johnson",5,291,416,125,4,7,-3
"2022-23","13150","Maryland","Brinae Alexander|Diamond Miller|Elisa Pinzan|Faith Masonius|Lavender Briggs",5,349,416,67,4,2,2
"2022-23","13150","Towson","India Johnston|Kylie Kornegay-Lucas|Ryann Evans|Skye Williams|Taiye Johnson",5,416,511,95,5,2,3
"2022-23","13150","Maryland","Brinae Alexander|Diamond Miller|Faith Masonius|Lavender Briggs|Shyanne Sellers",5,416,511,95,2,5,-3
"2022-23","13150","Towson","Alexia Nelson|India Johnston|Ryann Evans|Skye Williams|Taiye Johnson",5,511,600,89,2,5,-3
"2022-23","13150","Maryland","Abby Meyers|Brinae Alexander|Faith Masonius|Lavender Briggs|Shyanne Sellers",5,511,600,89,5,2,3
"2022-23","13150","Towson","Alexia Nelson|India Johnston|Kylie Kornegay-Lucas|Quinzia Fulmore|Ryann Evans",5,600,709,109,0,4,-4
"2022-23","13150","Maryland","Abby Meyers|Diamond Miller|Elisa Pinzan|Faith Masonius|Lavender Briggs",5,600,748,148,4,0,4
"2022-23","13150","Towson","India Johnston|Kylie Kornegay-Lucas|Quinzia Fulmore|Ryann Evans|Skye Williams",5,709,955,246,11,4,7
"2022-23","13150","Maryland","Diamond Miller|Elisa Pinzan|Lavender Briggs|Mila Reynolds|Shyanne Sellers",5,748,955,207,4,11,-7
"2022-23","13150","Maryland","Abby Meyers|Bri McDaniel|Brinae Alexander|Faith Masonius|Gia Cooke",5,955,1034,79,4,4,0
"2022-23","13150","Maryland","Abby Meyers|Diamond Miller|Elisa Pinzan|Faith Masonius|Lavender Briggs",5,1034,1091,57,3,1,2
"2022-23","13150","Maryland","Abby Meyers|Diamond Miller|Elisa Pinzan|Faith Masonius|Shyanne Sellers",5,1091,1166,75,4,0,4
"2022-23","13150","Maryland","Abby Meyers|Elisa Pinzan|Faith Masonius|Lavender Briggs|Shyanne Sellers",5,1166,1196,30,0,0,0
"2022-23","13150","Towson","India Johnston|Kylie Kornegay-Lucas|Ryann Evans|Skye Williams|Taiye Johnson",5,955,1200,245,5,11,-6
"2022-23","13150","Maryland","Abby Meyers|Faith Masonius|Gia Cooke|Lavender Briggs|Shyanne Sellers",5,1196,1200,4,0,0,0
"2022-23","13150","Towson","Alexia Nelson|Kylie Kornegay-Lucas|Quinzia Fulmore|Ryann Evans|Skye Williams",5,1200,1387,187,6,6,0
"2022-23","13150","Maryland","Abby Meyers|Diamond Miller|Elisa Pinzan|Faith Masonius|Shyanne Sellers",5,1200,1417,217,6,8,-2
"2022-23","13150","Towson","Alexia Nelson|India Johnston|Kylie Kornegay-Lucas|Skye Williams|Taiye Johnson",5,1387,1478,91,2,4,-2
"2022-23","13150","Maryland","Abby Meyers|Diamond Miller|Faith Masonius|Lavender Briggs|Shyanne Sellers",5,1417,1545,128,6,4,2
"2022-23","13150","Maryland","Abby Meyers|Brinae Alexander|Faith Masonius|Gia Cooke|Lavender Briggs",5,1545,1590,45,0,1,-1
"2022-23","13150","Maryland","Abby Meyers|Brinae Alexander|Faith Masonius|Gia Cooke|Shyanne Sellers",5,1590,1626,36,0,2,-2
"2022-23","13150","Towson","Gabby Scott|India Johnston|Kylie Kornegay-Lucas|Skye Williams|Taiye Johnson",5,1478,1644,166,7,2,5
"2022-23","13150","Towson","Alexia Nelson|Gabby Scott|Quinzia Fulmore|Ryann Evans|Skye Williams",5,1644,1742,98,0,4,-4
"2022-23","13150","Maryland","Abby Meyers|Brinae Alexander|Diamond Miller|Faith Masonius|Gia Cooke",5,1626,1759,133,4,0,4
"2022-23","13150","Towson","Alexia Nelson|Kylie Kornegay-Lucas|Quinzia Fulmore|Ryann Evans|Skye Williams",5,1742,1800,58,0,2,-2
"2022-23","13150","Maryland","Abby Meyers|Bri McDaniel|Diamond Miller|Faith Masonius|Gia Cooke",5,1759,1834,75,2,0,2
"2022-23","13150","Towson","Alexia Nelson|India Johnston|Kylie Kornegay-Lucas|Quinzia Fulmore|Ryann Evans",5,1800,1922,122,0,3,-3
"2022-23","13150","Maryland","Abby Meyers|Diamond Miller|Faith Masonius|Gia Cooke|Shyanne Sellers",5,1834,1922,88,3,0,3
"2022-23","13150","Towson","Alexia Nelson|Kylie Kornegay-Lucas|Quinzia Fulmore|Ryann Evans|Skye Williams",5,1922,2124,202,7,8,-1
"2022-23","13150","Maryland","Abby Meyers|Brinae Alexander|Faith Masonius|Gia Cooke|Shyanne Sellers",5,1922,2124,202,8,7,1
"2022-23","13150","Towson","India Johnston|Kylie Kornegay-Lucas|Ryann Evans|Skye Williams|Taiye Johnson",5,2124,2236,112,6,4,2
"2022-23","13150","Maryland","Abby Meyers|Brinae Alexander|Gia Cooke|Lavender Briggs|Shyanne Sellers",5,2124,2236,112,4,6,-2
"2022-23","13150","Towson","India Johnston|Kylie Kornegay-Lucas|Quinzia Fulmore|Ryann Evans|Skye Williams",5,2236,2310,74,0,2,-2
"2022-23","13150","Maryland","Abby Meyers|Diamond Miller|Gia Cooke|Lavender Briggs|Shyanne Sellers",5,2236,2345,109,6,6,0
"2022-23","13150","Towson","Gabby Scott|India Johnston|Kylie Kornegay-Lucas|Mariah Wilson|Skye Williams",5,2310,2400,90,8,7,1
"2022-23","13150","Maryland","Abby Meyers|Bri McDaniel|Gia Cooke|Lavender Briggs|Shyanne Sellers",5,2345,2400,55,3,2,1
"2022-23","13151","Maryland","Abby Meyers|Diamond Miller|Elisa Pinzan|Faith Masonius|Shyanne Sellers",5,0,113,113,2,3,-1
"2022-23","13151","Pittsburgh","Amber Brown|Dayshanette Harris|Emy Hayford|Liatu King|Maliyah Johnson",5,0,113,113,3,2,1
"2022-23","13151","Pittsburgh","Amber Brown|Channise Lewis|Dayshanette Harris|Liatu King|Maliyah Johnson",5,113,218,105,2,5,-3
"2022-23","13151","Maryland","Abby Meyers|Brinae Alexander|Elisa Pinzan|Faith Masonius|Shyanne Sellers",5,113,236,123,5,2,3
"2022-23","13151","Maryland","Abby Meyers|Brinae Alexander|Diamond Miller|Faith Masonius|Shyanne Sellers",5,236,325,89,4,0,4
"2022-23","13151","Pittsburgh","Amber Brown|Avery Strickland|Channise Lewis|Gabby Hutcherson|Maliyah Johnson",5,218,325,107,0,4,-4
"2022-23","13151","Pittsburgh","Avery Strickland|Channise Lewis|Dayshanette Harris|Emy Hayford|Gabby Hutcherson",5,325,360,35,2,0,2
"2022-23","13151","Maryland","Abby Meyers|Brinae Alexander|Diamond Miller|Lavender Briggs|Shyanne Sellers",5,325,368,43,0,2,-2
"2022-23","13151","Maryland","Abby Meyers|Brinae Alexander|Diamond Miller|Gia Cooke|Lavender Briggs",5,368,405,37,0,2,-2
"2022-23","13151","Pittsburgh","Avery Strickland|Channise Lewis|Dayshanette Harris|Emy Hayford|Liatu King",5,360,405,45,2,0,2
"2022-23","13151","Maryland","Abby Meyers|Brinae Alexander|Faith Masonius|Gia Cooke|Lavender Briggs",5,405,457,52,3,0,3
"2022-23","13151","Pittsburgh","Avery Strickland|Channise Lewis|Dayshanette Harris|Liatu King|Maliyah Johnson",5,405,457,52,0,3,-3
"2022-23","13151","Pittsburgh","Amber Brown|Channise Lewis|Dayshanette Harris|Liatu King|Maliyah Johnson",5,457,514,57,0,2,-2
"2022-23","13151","Pittsburgh","Aislin Malcolm|Amber Brown|Channise Lewis|Gabby Hutcherson|Maliyah Johnson",5,514,536,22,0,0,0
"2022-23","13151","Maryland","Abby Meyers|Brinae Alexander|Elisa Pinzan|Faith Masonius|Lavender Briggs",5,457,600,143,3,2,1
"2022-23","13151","Pittsburgh","Aislin Malcolm|Amber Brown|Gabby Hutcherson|Maliyah Johnson|Marley Washenitz",5,536,600,64,2,1,1
"2022-23","13151","Pittsburgh","Aislin Malcolm|Amber Brown|Channise Lewis|Gabby Hutcherson|Maliyah Johnson",5,600,651,51,0,2,-2
"2022-23","13151","Maryland","Abby Meyers|Diamond Miller|Faith Masonius|Lavender Briggs|Shyanne Sellers",5,600,766,166,4,4,0
"2022-23","13151","Pittsburgh","Amber Brown|Channise Lewis|Dayshanette Harris|Gabby Hutcherson|Maliyah Johnson",5,651,766,115,4,2,2
"2022-23","13151","Maryland","Abby Meyers|Brinae Alexander|Diamond Miller|Faith Masonius|Shyanne Sellers",5,766,796,30,0,3,-3
"2022-23","13151","Pittsburgh","Avery Strickland|Dayshanette Harris|Emy Hayford|Liatu King|Maliyah Johnson",5,766,828,62,3,0,3
"2022-23","13151","Maryland","Brinae Alexander|Diamond Miller|Elisa Pinzan|Faith Masonius|Shyanne Sellers",5,796,874,78,2,0,2
"2022-23","13151","Pittsburgh","Amber Brown|Avery Strickland|Dayshanette Harris|Emy Hayford|Liatu King",5,828,892,64,0,2,-2
"2022-23","13151","Maryland","Brinae Alexander|Diamond Miller|Elisa Pinzan|Mila Reynolds|Shyanne Sellers",5,874,936,62,2,0,2
"2022-23","13151","Pittsburgh","Amber Brown|Avery Strickland|Channise Lewis|Dayshanette Harris|Liatu King",5,892,936,44,0,2,-2
"2022-23","13151","Pittsburgh","Avery Strickland|Channise Lewis|Gabby Hutcherson|Liatu King|Marley Washenitz",5,936,963,27,0,0,0
"2022-23","13151","Maryland","Abby Meyers|Diamond Miller|Faith Masonius|Lavender Briggs|Shyanne Sellers",5,936,963,27,0,0,0
"2022-23","13151","Pittsburgh","Channise Lewis|Gabby Hutcherson|Liatu King|Maliyah Johnson|Marley Washenitz",5,963,1020,57,2,0,2
"2022-23","13151","Pittsburgh","Avery Strickland|Channise Lewis|Dayshanette Harris|Gabby Hutcherson|Maliyah Johnson",5,1020,1184,164,6,8,-2
"2022-23","13151","Maryland","Brinae Alexander|Diamond Miller|Faith Masonius|Lavender Briggs|Shyanne Sellers",5,963,1184,221,8,8,0
"2022-23","13151","Maryland","Abby Meyers|Brinae Alexander|Diamond Miller|Lavender Briggs|Shyanne Sellers",5,1184,1200,16,0,0,0
"2022-23","13151","Pittsburgh","Amber Brown|Avery Strickland|Dayshanette Harris|Emy Hayford|Maliyah Johnson",5,1184,1200,16,0,0,0
"2022-23","13151","Pittsburgh","Amber Brown|Avery Strickland|Channise Lewis|Liatu King|Maliyah Johnson",5,1200,1338,138,3,4,-1
"2022-23","13151","Maryland","Abby Meyers|Diamond Miller|Elisa Pinzan|Faith Masonius|Shyanne Sellers",5,1200,1338,138,4,3,1
"2022-23","13151","Pittsburgh","Avery Strickland|Channise Lewis|Dayshanette Harris|Gabby Hutcherson|Liatu King",5,1338,1384,46,2,3,-1
"2022-23","13151","Maryland","Abby Meyers|Elisa Pinzan|Faith Masonius|Lavender Briggs|Shyanne Sellers",5,1338,1392,54,3,2,1
"2022-23","13151","Pittsburgh","Channise Lewis|Dayshanette Harris|Gabby Hutcherson|Liatu King|Maliyah Johnson",5,1384,1467,83,4,8,-4
"2022-23","13151","Maryland","Abby Meyers|Brinae Alexander|Elisa Pinzan|Lavender Briggs|Shyanne Sellers",5,1392,1477,85,8,4,4
"2022-23","13151","Maryland","Abby Meyers|Brinae Alexander|Elisa Pinzan|Gia Cooke|Lavender Briggs",5,1477,1502,25,0,2,-2
"2022-23","13151","Maryland","Abby Meyers|Brinae Alexander|Faith Masonius|Gia Cooke|Lavender Briggs",5,1502,1618,116,3,2,1
"2022-23","13151","Pittsburgh","Amber Brown|Channise Lewis|Gabby Hutcherson|Maliyah Johnson|Marley Washenitz",5,1467,1618,151,4,3,1
"2022-23","13151","Pittsburgh","Channise Lewis|Gabby Hutcherson|Liatu King|Maliyah Johnson|Marley Washenitz",5,1618,1648,30,0,5,-5
"2022-23","13151","Maryland","Abby Meyers|Brinae Alexander|Faith Masonius|Lavender Briggs|Shyanne Sellers",5,1618,1680,62,8,0,8
"2022-23","13151","Pittsburgh","Amber Brown|Avery Strickland|Channise Lewis|Maliyah Johnson|Marley Washenitz",5,1648,1680,32,0,3,-3
"2022-23","13151","Maryland","Abby Meyers|Bri McDaniel|Brinae Alexander|Lavender Briggs|Shyanne Sellers",5,1680,1749,69,4,4,0
"2022-23","13151","Maryland","Abby Meyers|Bri McDaniel|Lavender Briggs|Mila Reynolds|Shyanne Sellers",5,1749,1800,51,6,4,2
"2022-23","13151","Pittsburgh","Amber Brown|Avery Strickland|Emy Hayford|Marley Washenitz|Taisha Exanor",5,1680,1800,120,8,10,-2
"2022-23","13151","Pittsburgh","Amber Brown|Emy Hayford|Maliyah Johnson|Marley Washenitz|Taisha Exanor",5,1800,1853,53,0,2,-2
"2022-23","13151","Maryland","Abby Meyers|Bri McDaniel|Elisa Pinzan|Lavender Briggs|Mila Reynolds",5,1800,1862,62,2,0,2
"2022-23","13151","Pittsburgh","Emy Hayford|Gabby Hutcherson|Maliyah Johnson|Marley Washenitz|Taisha Exanor",5,1853,1862,9,0,0,0
"2022-23","13151","Maryland","Abby Meyers|Brinae Alexander|Elisa Pinzan|Lavender Briggs|Mila Reynolds",5,1862,2090,228,9,7,2
"2022-23","13151","Pittsburgh","Aislin Malcolm|Emy Hayford|Gabby Hutcherson|Marley Washenitz|Taisha Exanor",5,1862,2090,228,7,9,-2
"2022-23","13151","Maryland","Ava Sciolla|Brinae Alexander|Elisa Pinzan|Lavender Briggs|Mila Reynolds",5,2090,2134,44,3,2,1
"2022-23","13151","Maryland","Ava Sciolla|Brinae Alexander|Gia Cooke|Lavender Briggs|Mila Reynolds",5,2134,2146,12,0,0,0
"2022-23","13151","Pittsburgh","Aislin Malcolm|Amber Brown|Avery Strickland|Liatu King|Marley Washenitz",5,2090,2172,82,2,5,-3
"2022-23","13151","Pittsburgh","Channise Lewis|Cynthia Ezeja|Destiny Strother|Maliyah Johnson|Taisha Exanor",5,2172,2286,114,3,0,3
"2022-23","13151","Pittsburgh","Cynthia Ezeja|Destiny Strother|Maliyah Johnson|Marley Washenitz|Taisha Exanor",5,2286,2330,44,2,0,2
"2022-23","13151","Maryland","Ava Sciolla|Bri McDaniel|Gia Cooke|Lavender Briggs|Mila Reynolds",5,2146,2400,254,4,7,-3
"2022-23","13151","Pittsburgh","Aislin Malcolm|Cynthia Ezeja|Destiny Strother|Maliyah Johnson|Taisha Exanor",5,2330,2400,70,2,2,0
"2022-23","13175","Maryland","Abby Meyers|Diamond Miller|Elisa Pinzan|Faith Masonius|Shyanne Sellers",5,0,276,276,4,8,-4
"2022-23","13175","Nebraska","Alexis Markowski|Allison Weidner|Isabelle Bourne|Jaz Shelley|Maddie Krull",5,0,276,276,8,4,4
"2022-23","13175","Maryland","Abby Meyers|Brinae Alexander|Elisa Pinzan|Faith Masonius|Lavender Briggs",5,276,407,131,6,3,3
"2022-23","13175","Nebraska","Allison Weidner|Annika Stewart|Isabelle Bourne|Jaz Shelley|Maddie Krull",5,276,407,131,3,6,-3
"2022-23","13175","Maryland","Brinae Alexander|Diamond Miller|Elisa Pinzan|Lavender Briggs|Shyanne Sellers",5,407,480,73,2,0,2
"2022-23","13175","Nebraska","Annika Stewart|Callin Hake|Jaz Shelley|Kendall Coley|Kendall Moriarty",5,407,480,73,0,2,-2
"2022-23","13175","Maryland","Abby Meyers|Brinae Alexander|Diamond Miller|Lavender Briggs|Shyanne Sellers",5,480,505,25,0,2,-2
"2022-23","13175","Nebraska","Alexis Markowski|Callin Hake|Isabelle Bourne|Jaz Shelley|Kendall Moriarty",5,480,558,78,3,2,1
"2022-23","13175","Nebraska","Alexis Markowski|Allison Weidner|Isabelle Bourne|Jaz Shelley|Kendall Moriarty",5,558,566,8,0,0,0
"2022-23","13175","Nebraska","Alexis Markowski|Isabelle Bourne|Jaz Shelley|Kendall Moriarty|Maddie Krull",5,566,577,11,0,0,0
"2022-23","13175","Maryland","Abby Meyers|Brinae Alexander|Faith Masonius|Lavender Briggs|Shyanne Sellers",5,505,577,72,2,1,1
"2022-23","13175","Maryland","Abby Meyers|Faith Masonius|Lavender Briggs|Mila Reynolds|Shyanne Sellers",5,577,600,23,2,2,0
"2022-23","13175","Nebraska","Alexis Markowski|Jaz Shelley|Kendall Coley|Kendall Moriarty|Maddie Krull",5,577,600,23,2,2,0
"2022-23","13175","Maryland","Abby Meyers|Brinae Alexander|Faith Masonius|Lavender Briggs|Shyanne Sellers",5,600,653,53,0,2,-2
"2022-23","13175","Nebraska","Alexis Markowski|Allison Weidner|Isabelle Bourne|Jaz Shelley|Maddie Krull",5,600,709,109,4,2,2
"2022-23","13175","Maryland","Abby Meyers|Bri McDaniel|Brinae Alexander|Faith Masonius|Shyanne Sellers",5,653,860,207,7,7,0
"2022-23","13175","Nebraska","Allison Weidner|Annika Stewart|Isabelle Bourne|Jaz Shelley|Maddie Krull",5,709,860,151,5,5,0
"2022-23","13175","Nebraska","Allison Weidner|Annika Stewart|Jaz Shelley|Kendall Coley|Kendall Moriarty",5,860,919,59,0,4,-4
"2022-23","13175","Maryland","Abby Meyers|Brinae Alexander|Elisa Pinzan|Lavender Briggs|Shyanne Sellers",5,860,975,115,4,0,4
"2022-23","13175","Nebraska","Callin Hake|Isabelle Bourne|Jaz Shelley|Kendall Coley|Kendall Moriarty",5,919,993,74,0,0,0
"2022-23","13175","Maryland","Abby Meyers|Brinae Alexander|Faith Masonius|Lavender Briggs|Shyanne Sellers",5,975,1198,223,9,6,3
"2022-23","13175","Maryland","Bri McDaniel|Brinae Alexander|Faith Masonius|Lavender Briggs|Shyanne Sellers",5,1198,1200,2,0,0,0
"2022-23","13175","Nebraska","Callin Hake|Isabelle Bourne|Jaz Shelley|Kendall Coley|Maddie Krull",5,993,1200,207,6,9,-3
"2022-23","13175","Maryland","Abby Meyers|Diamond Miller|Elisa Pinzan|Faith Masonius|Shyanne Sellers",5,1200,1347,147,3,5,-2
"2022-23","13175","Nebraska","Alexis Markowski|Allison Weidner|Isabelle Bourne|Jaz Shelley|Maddie Krull",5,1200,1446,246,12,11,1
"2022-23","13175","Nebraska","Alexis Markowski|Allison Weidner|Jaz Shelley|Kendall Coley|Maddie Krull",5,1446,1474,28,0,0,0
"2022-23","13175","Maryland","Brinae Alexander|Diamond Miller|Faith Masonius|Lavender Briggs|Shyanne Sellers",5,1347,1485,138,9,7,2
"2022-23","13175","Nebraska","Alexis Markowski|Allison Weidner|Jaz Shelley|Kendall Coley|Kendall Moriarty",5,1474,1485,11,0,1,-1
"2022-23","13175","Maryland","Brinae Alexander|Diamond Miller|Lavender Briggs|Mila Reynolds|Shyanne Sellers",5,1485,1551,66,0,0,0
"2022-23","13175","Nebraska","Alexis Markowski|Jaz Shelley|Kendall Coley|Kendall Moriarty|Maddie Krull",5,1485,1551,66,0,0,0
"2022-23","13175","Nebraska","Alexis Markowski|Allison Weidner|Jaz Shelley|Kendall Coley|Maddie Krull",5,1551,1583,32,2,2,0
"2022-23","13175","Maryland","Brinae Alexander|Diamond Miller|Faith Masonius|Lavender Briggs|Shyanne Sellers",5,1551,1607,56,2,2,0
"2022-23","13175","Maryland","Abby Meyers|Diamond Miller|Faith Masonius|Lavender Briggs|Shyanne Sellers",5,1607,1697,90,2,10,-8
"2022-23","13175","Nebraska","Allison Weidner|Annika Stewart|Isabelle Bourne|Jaz Shelley|Maddie Krull",5,1583,1697,114,10,2,8
"2022-23","13175","Maryland","Brinae Alexander|Diamond Miller|Faith Masonius|Gia Cooke|Shyanne Sellers",5,1697,1897,200,7,12,-5
"2022-23","13175","Maryland","Abby Meyers|Diamond Miller|Faith Masonius|Gia Cooke|Shyanne Sellers",5,1897,1902,5,0,0,0
"2022-23","13175","Maryland","Abby Meyers|Diamond Miller|Faith Masonius|Gia Cooke|Lavender Briggs",5,1902,2058,156,2,3,-1
"2022-23","13175","Nebraska","Alexis Markowski|Allison Weidner|Isabelle Bourne|Jaz Shelley|Maddie Krull",5,1697,2058,361,17,9,8
"2022-23","13175","Nebraska","Allison Weidner|Annika Stewart|Isabelle Bourne|Jaz Shelley|Maddie Krull",5,2058,2073,15,0,0,0
"2022-23","13175","Maryland","Abby Meyers|Diamond Miller|Faith Masonius|Lavender Briggs|Shyanne Sellers",5,2058,2091,33,2,5,-3
"2022-23","13175","Nebraska","Annika Stewart|Isabelle Bourne|Jaz Shelley|Kendall Moriarty|Maddie Krull",5,2073,2119,46,3,4,-1
"2022-23","13175","Nebraska","Alexis Markowski|Isabelle Bourne|Jaz Shelley|Kendall Moriarty|Maddie Krull",5,2119,2200,81,7,2,5
"2022-23","13175","Maryland","Brinae Alexander|Diamond Miller|Faith Masonius|Lavender Briggs|Shyanne Sellers",5,2091,2262,171,4,12,-8
"2022-23","13175","Nebraska","Alexis Markowski|Allison Weidner|Isabelle Bourne|Jaz Shelley|Maddie Krull",5,2200,2294,94,5,0,5
"2022-23","13175","Maryland","Bri McDaniel|Brinae Alexander|Gia Cooke|Lavender Briggs|Mila Reynolds",5,2262,2376,114,0,1,-1
"2022-23","13175","Nebraska","Allison Weidner|Annika Stewart|Isabelle Bourne|Jaz Shelley|Maddie Krull",5,2294,2376,82,1,0,1
"2022-23","13175","Maryland","Bri McDaniel|Brinae Alexander|Lavender Briggs|Mila Reynolds|Shyanne Sellers",5,2376,2400,24,0,2,-2
"2022-23","13175","Nebraska","Allison Weidner|Annika Stewart|Callin Hake|Kendall Coley|Maddie Krull",5,2376,2400,24,2,0,2
"2022-23","13176","Maryland","Brinae Alexander|Diamond Miller|Elisa Pinzan|Faith Masonius|Shyanne Sellers",5,0,50,50,0,0,0
"2022-23","13176","Purdue","Caitlyn Harper|Cassidy Hardin|Jeanae Terry|Lasha Petree|Madison Layden",5,0,260,260,6,5,1
"2022-23","13176","Maryland","Brinae Alexander|Elisa Pinzan|Faith Masonius|Lavender Briggs|Shyanne Sellers",5,50,260,210,5,6,-1
"2022-23","13176","Purdue","Abbey Ellis|Caitlyn Harper|Cassidy Hardin|Lasha Petree|Madison Layden",5,260,410,150,7,4,3
"2022-23","13176","Maryland","Abby Meyers|Brinae Alexander|Elisa Pinzan|Faith Masonius|Lavender Briggs",5,260,410,150,4,7,-3
"2022-23","13176","Purdue","Abbey Ellis|Cassidy Hardin|Jayla Smith|Madison Layden|Rickie Woltman",5,410,515,105,6,5,1
"2022-23","13176","Purdue","Abbey Ellis|Jayla Smith|Lasha Petree|Madison Layden|Rickie Woltman",5,515,597,82,2,6,-4
"2022-23","13176","Maryland","Abby Meyers|Elisa Pinzan|Faith Masonius|Lavender Briggs|Shyanne Sellers",5,410,597,187,11,8,3
"2022-23","13176","Purdue","Abbey Ellis|Cassidy Hardin|Jayla Smith|Jeanae Terry|Lasha Petree",5,597,600,3,2,0,2
"2022-23","13176","Maryland","Abby Meyers|Bri McDaniel|Faith Masonius|Gia Cooke|Lavender Briggs",5,597,600,3,0,2,-2
"2022-23","13176","Purdue","Abbey Ellis|Jayla Smith|Jeanae Terry|Lasha Petree|Rickie Woltman",5,600,693,93,2,2,0
"2022-23","13176","Maryland","Diamond Miller|Elisa Pinzan|Faith Masonius|Lavender Briggs|Shyanne Sellers",5,600,693,93,2,2,0
"2022-23","13176","Purdue","Abbey Ellis|Caitlyn Harper|Jayla Smith|Jeanae Terry|Lasha Petree",5,693,752,59,0,2,-2
"2022-23","13176","Purdue","Abbey Ellis|Caitlyn Harper|Jeanae Terry|Lasha Petree|Madison Layden",5,752,772,20,0,0,0
"2022-23","13176","Purdue","Abbey Ellis|Jeanae Terry|Lasha Petree|Madison Layden|Rickie Woltman",5,772,864,92,4,2,2
"2022-23","13176","Maryland","Abby Meyers|Brinae Alexander|Diamond Miller|Elisa Pinzan|Faith Masonius",5,693,864,171,4,4,0
"2022-23","13176","Purdue","Abbey Ellis|Cassidy Hardin|Jeanae Terry|Madison Layden|Rickie Woltman",5,864,881,17,2,0,2
"2022-23","13176","Maryland","Abby Meyers|Brinae Alexander|Elisa Pinzan|Faith Masonius|Lavender Briggs",5,864,919,55,2,2,0
"2022-23","13176","Purdue","Ava Learn|Cassidy Hardin|Jeanae Terry|Madison Layden|Rickie Woltman",5,881,1005,124,3,4,-1
"2022-23","13176","Maryland","Abby Meyers|Brinae Alexander|Diamond Miller|Elisa Pinzan|Lavender Briggs",5,919,1005,86,2,3,-1
"2022-23","13176","Maryland","Abby Meyers|Brinae Alexander|Diamond Miller|Elisa Pinzan|Shyanne Sellers",5,1005,1033,28,0,0,0
"2022-23","13176","Purdue","Abbey Ellis|Ava Learn|Caitlyn Harper|Cassidy Hardin|Lasha Petree",5,1005,1077,72,2,0,2
"2022-23","13176","Maryland","Abby Meyers|Diamond Miller|Elisa Pinzan|Faith Masonius|Shyanne Sellers",5,1033,1111,78,2,4,-2
"2022-23","13176","Purdue","Abbey Ellis|Caitlyn Harper|Cassidy Hardin|Lasha Petree|Madison Layden",5,1077,1200,123,2,5,-3
"2022-23","13176","Maryland","Diamond Miller|Elisa Pinzan|Faith Masonius|Lavender Briggs|Shyanne Sellers",5,1111,1200,89,3,0,3
"2022-23","13176","Maryland","Brinae Alexander|Diamond Miller|Elisa Pinzan|Faith Masonius|Shyanne Sellers",5,1200,1390,190,9,10,-1
"2022-23","13176","Purdue","Caitlyn Harper|Cassidy Hardin|Jeanae Terry|Lasha Petree|Madison Layden",5,1200,1461,261,12,10,2
"2022-23","13176","Maryland","Abby Meyers|Diamond Miller|Elisa Pinzan|Lavender Briggs|Shyanne Sellers",5,1390,1535,145,2,2,0
"2022-23","13176","Maryland","Abby Meyers|Diamond Miller|Elisa Pinzan|Faith Masonius|Shyanne Sellers",5,1535,1575,40,0,3,-3
"2022-23","13176","Maryland","Abby Meyers|Brinae Alexander|Diamond Miller|Faith Masonius|Shyanne Sellers",5,1575,1585,10,0,0,0
"2022-23","13176","Purdue","Abbey Ellis|Caitlyn Harper|Cassidy Hardin|Jeanae Terry|Madison Layden",5,1461,1686,225,7,6,1
"2022-23","13176","Maryland","Abby Meyers|Diamond Miller|Faith Masonius|Lavender Briggs|Shyanne Sellers",5,1585,1698,113,5,4,1
"2022-23","13176","Purdue","Abbey Ellis|Cassidy Hardin|Jeanae Terry|Madison Layden|Rickie Woltman",5,1686,1731,45,2,2,0
"2022-23","13176","Purdue","Abbey Ellis|Cassidy Hardin|Jayla Smith|Madison Layden|Rickie Woltman",5,1731,1765,34,0,4,-4
"2022-23","13176","Maryland","Abby Meyers|Brinae Alexander|Diamond Miller|Lavender Briggs|Shyanne Sellers",5,1698,1765,67,6,2,4
"2022-23","13176","Maryland","Abby Meyers|Brinae Alexander|Elisa Pinzan|Lavender Briggs|Shyanne Sellers",5,1765,1800,35,0,2,-2
"2022-23","13176","Maryland","Abby Meyers|Diamond Miller|Elisa Pinzan|Lavender Briggs|Shyanne Sellers",5,1800,1824,24,2,0,2
"2022-23","13176","Purdue","Abbey Ellis|Ava Learn|Cassidy Hardin|Jayla Smith|Madison Layden",5,1765,1908,143,4,2,2
"2022-23","13176","Purdue","Ava Learn|Cassidy Hardin|Jayla Smith|Lasha Petree|Madison Layden",5,1908,1982,74,0,5,-5
"2022-23","13176","Maryland","Abby Meyers|Diamond Miller|Faith Masonius|Lavender Briggs|Shyanne Sellers",5,1824,2026,202,5,2,3
"2022-23","13176","Purdue","Caitlyn Harper|Cassidy Hardin|Jeanae Terry|Lasha Petree|Madison Layden",5,1982,2110,128,2,3,-1
"2022-23","13176","Purdue","Abbey Ellis|Caitlyn Harper|Jeanae Terry|Lasha Petree|Madison Layden",5,2110,2317,207,8,7,1
"2022-23","13176","Purdue","Abbey Ellis|Caitlyn Harper|Cassidy Hardin|Lasha Petree|Madison Layden",5,2317,2335,18,0,0,0
"2022-23","13176","Maryland","Abby Meyers|Brinae Alexander|Diamond Miller|Faith Masonius|Shyanne Sellers",5,2026,2367,341,10,11,-1
"2022-23","13176","Purdue","Abbey Ellis|Cassidy Hardin|Lasha Petree|Madison Layden|Rickie Woltman",5,2335,2367,32,1,0,1
"2022-23","13176","Purdue","Abbey Ellis|Caitlyn Harper|Jeanae Terry|Lasha Petree|Madison Layden",5,2367,2394,27,0,0,0
"2022-23","13176","Maryland","Brinae Alexander|Diamond Miller|Faith Masonius|Lavender Briggs|Shyanne Sellers",5,2367,2394,27,0,0,0
"2022-23","13176","Purdue","Abbey Ellis|Jeanae Terry|Lasha Petree|Madison Layden|Rickie Woltman",5,2394,2400,6,0,3,-3
"2022-23","13176","Maryland","Abby Meyers|Brinae Alexander|Diamond Miller|Faith Masonius|Shyanne Sellers",5,2394,2400,6,3,0,3
"2022-23","13177","Maryland","Abby Meyers|Diamond Miller|Elisa Pinzan|Faith Masonius|Shyanne Sellers",5,0,93,93,3,2,1
"2022-23","13177","Minnesota","Alanna Micheaux|Amaya Battle|Katie Borowicz|Mallory Heyer|Mara Braun",5,0,166,166,5,5,0
"2022-23","13177","Minnesota","Alanna Micheaux|Amaya Battle|Isabelle Gradwell|Katie Borowicz|Maggie Czinano",5,166,204,38,0,2,-2
"2022-23","13177","Maryland","Abby Meyers|Brinae Alexander|Diamond Miller|Elisa Pinzan|Shyanne Sellers",5,93,214,121,4,3,1
"2022-23","13177","Minnesota","Alanna Micheaux|Amaya Battle|Isabelle Gradwell|Maggie Czinano|Mara Braun",5,204,258,54,2,2,0
"2022-23","13177","Maryland","Abby Meyers|Brinae Alexander|Elisa Pinzan|Lavender Briggs|Shyanne Sellers",5,214,258,44,2,2,0
"2022-23","13177","Maryland","Abby Meyers|Bri McDaniel|Brinae Alexander|Elisa Pinzan|Lavender Briggs",5,258,324,66,2,2,0
"2022-23","13177","Minnesota","Amaya Battle|Isabelle Gradwell|Maggie Czinano|Mallory Heyer|Mara Braun",5,258,324,66,2,2,0
"2022-23","13177","Maryland","Abby Meyers|Brinae Alexander|Diamond Miller|Lavender Briggs|Shyanne Sellers",5,324,439,115,4,2,2
"2022-23","13177","Minnesota","Alanna Micheaux|Katie Borowicz|Mallory Heyer|Mara Braun|Mi'Cole Cayton",5,324,439,115,2,4,-2
"2022-23","13177","Minnesota","Alanna Micheaux|Amaya Battle|Maggie Czinano|Mara Braun|Mi'Cole Cayton",5,439,499,60,0,4,-4
"2022-23","13177","Maryland","Abby Meyers|Diamond Miller|Faith Masonius|Lavender Briggs|Shyanne Sellers",5,439,520,81,4,0,4
"2022-23","13177","Maryland","Abby Meyers|Brinae Alexander|Faith Masonius|Lavender Briggs|Shyanne Sellers",5,520,600,80,5,4,1
"2022-23","13177","Minnesota","Alanna Micheaux|Amaya Battle|Katie Borowicz|Maggie Czinano|Mara Braun",5,499,600,101,4,5,-1
"2022-23","13177","Maryland","Abby Meyers|Brinae Alexander|Diamond Miller|Lavender Briggs|Shyanne Sellers",5,600,783,183,12,3,9
"2022-23","13177","Minnesota","Alanna Micheaux|Amaya Battle|Katie Borowicz|Mallory Heyer|Mara Braun",5,600,783,183,3,12,-9
"2022-23","13177","Maryland","Bri McDaniel|Diamond Miller|Elisa Pinzan|Faith Masonius|Shyanne Sellers",5,783,895,112,1,7,-6
"2022-23","13177","Minnesota","Alanna Micheaux|Amaya Battle|Maggie Czinano|Mara Braun|Mi'Cole Cayton",5,783,895,112,7,1,6
"2022-23","13177","Maryland","Abby Meyers|Diamond Miller|Elisa Pinzan|Faith Masonius|Lavender Briggs",5,895,914,19,0,2,-2
"2022-23","13177","Minnesota","Amaya Battle|Destinee Oberg|Maggie Czinano|Mara Braun|Mi'Cole Cayton",5,895,994,99,5,0,5
"2022-23","13177","Maryland","Abby Meyers|Diamond Miller|Faith Masonius|Lavender Briggs|Shyanne Sellers",5,914,1067,153,2,6,-4
"2022-23","13177","Minnesota","Alanna Micheaux|Amaya Battle|Isabelle Gradwell|Katie Borowicz|Mara Braun",5,994,1085,91,3,4,-1
"2022-23","13177","Minnesota","Alanna Micheaux|Amaya Battle|Isabelle Gradwell|Katie Borowicz|Mi'Cole Cayton",5,1085,1124,39,2,0,2
"2022-23","13177","Maryland","Abby Meyers|Brinae Alexander|Diamond Miller|Lavender Briggs|Shyanne Sellers",5,1067,1200,133,9,6,3
"2022-23","13177","Minnesota","Alanna Micheaux|Amaya Battle|Isabelle Gradwell|Maggie Czinano|Mi'Cole Cayton",5,1124,1200,76,4,7,-3
"2022-23","13177","Minnesota","Alanna Micheaux|Amaya Battle|Mallory Heyer|Mara Braun|Mi'Cole Cayton",5,1200,1366,166,5,10,-5
"2022-23","13177","Maryland","Abby Meyers|Diamond Miller|Elisa Pinzan|Faith Masonius|Shyanne Sellers",5,1200,1426,226,17,5,12
"2022-23","13177","Minnesota","Alanna Micheaux|Amaya Battle|Katie Borowicz|Mallory Heyer|Mara Braun",5,1366,1475,109,5,9,-4
"2022-23","13177","Maryland","Abby Meyers|Brinae Alexander|Elisa Pinzan|Faith Masonius|Shyanne Sellers",5,1426,1523,97,4,7,-3
"2022-23","13177","Minnesota","Alanna Micheaux|Isabelle Gradwell|Katie Borowicz|Mallory Heyer|Mara Braun",5,1475,1523,48,2,2,0
"2022-23","13177","Minnesota","Alanna Micheaux|Amaya Battle|Isabelle Gradwell|Mallory Heyer|Mara Braun",5,1523,1559,36,0,3,-3
"2022-23","13177","Maryland","Abby Meyers|Brinae Alexander|Elisa Pinzan|Faith Masonius|Lavender Briggs",5,1523,1617,94,4,2,2
"2022-23","13177","Minnesota","Amaya Battle|Destinee Oberg|Isabelle Gradwell|Maggie Czinano|Mara Braun",5,1559,1673,114,4,6,-2
"2022-23","13177","Minnesota","Amaya Battle|Destinee Oberg|Isabelle Gradwell|Katie Borowicz|Maggie Czinano",5,1673,1682,9,0,0,0
"2022-23","13177","Maryland","Abby Meyers|Bri McDaniel|Brinae Alexander|Elisa Pinzan|Lavender Briggs",5,1617,1757,140,10,6,4
"2022-23","13177","Maryland","Bri McDaniel|Brinae Alexander|Elisa Pinzan|Lavender Briggs|Mila Reynolds",5,1757,1800,43,0,2,-2
"2022-23","13177","Minnesota","Destinee Oberg|Isabelle Gradwell|Katie Borowicz|Maggie Czinano|Mi'Cole Cayton",5,1682,1800,118,6,5,1
"2022-23","13177","Maryland","Brinae Alexander|Diamond Miller|Gia Cooke|Lavender Briggs|Mila Reynolds",5,1800,1968,168,8,9,-1
"2022-23","13177","Maryland","Diamond Miller|Gia Cooke|Lavender Briggs|Mila Reynolds|Shyanne Sellers",5,1968,2003,35,3,0,3
"2022-23","13177","Maryland","Bri McDaniel|Diamond Miller|Gia Cooke|Mila Reynolds|Shyanne Sellers",5,2003,2057,54,2,2,0
"2022-23","13177","Minnesota","Alanna Micheaux|Amaya Battle|Katie Borowicz|Mallory Heyer|Mara Braun",5,1800,2057,257,11,13,-2
"2022-23","13177","Minnesota","Alanna Micheaux|Amaya Battle|Katie Borowicz|Maggie Czinano|Mara Braun",5,2057,2070,13,0,0,0
"2022-23","13177","Maryland","Bri McDaniel|Diamond Miller|Elisa Pinzan|Gia Cooke|Shyanne Sellers",5,2057,2115,58,0,2,-2
"2022-23","13177","Maryland","Bri McDaniel|Elisa Pinzan|Gia Cooke|Mila Reynolds|Shyanne Sellers",5,2115,2153,38,2,0,2
"2022-23","13177","Minnesota","Alanna Micheaux|Amaya Battle|Katie Borowicz|Maggie Czinano|Mi'Cole Cayton",5,2070,2153,83,2,2,0
"2022-23","13177","Minnesota","Alanna Micheaux|Amaya Battle|Isabelle Gradwell|Maggie Czinano|Mi'Cole Cayton",5,2153,2172,19,3,1,2
"2022-23","13177","Maryland","Bri McDaniel|Elisa Pinzan|Gia Cooke|Lavender Briggs|Mila Reynolds",5,2153,2400,247,9,11,-2
"2022-23","13177","Minnesota","Amaya Battle|Destinee Oberg|Isabelle Gradwell|Maggie Czinano|Mi'Cole Cayton",5,2172,2400,228,8,8,0
"2022-23","13178","Rutgers","Awa Sidibe|Chyna Cornwell|Erica Lafayette|Kassondra Brown|Kaylene Smikle",5,0,92,92,0,6,-6
"2022-23","13178","Rutgers","Awa Sidibe|Chyna Cornwell|Kai Carter|Kassondra Brown|Kaylene Smikle",5,92,207,115,3,4,-1
"2022-23","13178","Maryland","Abby Meyers|Diamond Miller|Elisa Pinzan|Faith Masonius|Shyanne Sellers",5,0,268,268,12,3,9
"2022-23","13178","Rutgers","Antonia Bates|Awa Sidibe|Chyna Cornwell|Kai Carter|Kaylene Smikle",5,207,363,156,4,6,-2
"2022-23","13178","Maryland","Abby Meyers|Brinae Alexander|Diamond Miller|Faith Masonius|Shyanne Sellers",5,268,363,95,4,4,0
"2022-23","13178","Rutgers","Antonia Bates|Awa Sidibe|Kai Carter|Kassondra Brown|Kaylene Smikle",5,363,384,21,0,0,0
"2022-23","13178","Maryland","Abby Meyers|Brinae Alexander|Diamond Miller|Faith Masonius|Lavender Briggs",5,363,384,21,0,0,0
"2022-23","13178","Maryland","Abby Meyers|Brinae Alexander|Diamond Miller|Elisa Pinzan|Lavender Briggs",5,384,412,28,2,0,2
"2022-23","13178","Rutgers","Antonia Bates|Awa Sidibe|Erica Lafayette|Kai Carter|Kassondra Brown",5,384,434,50,0,2,-2
"2022-23","13178","Maryland","Abby Meyers|Brinae Alexander|Diamond Miller|Gia Cooke|Lavender Briggs",5,412,434,22,0,0,0
"2022-23","13178","Maryland","Abby Meyers|Brinae Alexander|Gia Cooke|Lavender Briggs|Shyanne Sellers",5,434,467,33,3,0,3
"2022-23","13178","Rutgers","Antonia Bates|Erica Lafayette|Kai Carter|Kassondra Brown|Kaylene Smikle",5,434,467,33,0,3,-3
"2022-23","13178","Rutgers","Antonia Bates|Awa Sidibe|Erica Lafayette|Kassondra Brown|Kaylene Smikle",5,467,568,101,2,3,-1
"2022-23","13178","Maryland","Abby Meyers|Faith Masonius|Gia Cooke|Lavender Briggs|Shyanne Sellers",5,467,568,101,3,2,1
"2022-23","13178","Maryland","Brinae Alexander|Elisa Pinzan|Faith Masonius|Lavender Briggs|Shyanne Sellers",5,568,600,32,0,0,0
"2022-23","13178","Rutgers","Abby Streeter|Awa Sidibe|Erica Lafayette|Kai Carter|Kassondra Brown",5,568,696,128,2,3,-1
"2022-23","13178","Maryland","Diamond Miller|Elisa Pinzan|Faith Masonius|Lavender Briggs|Shyanne Sellers",5,600,696,96,3,2,1
"2022-23","13178","Maryland","Abby Meyers|Elisa Pinzan|Faith Masonius|Lavender Briggs|Shyanne Sellers",5,696,817,121,2,4,-2
"2022-23","13178","Rutgers","Abby Streeter|Awa Sidibe|Kai Carter|Kassondra Brown|Kaylene Smikle",5,696,817,121,5,2,3
"2022-23","13178","Maryland","Abby Meyers|Bri McDaniel|Diamond Miller|Faith Masonius|Shyanne Sellers",5,817,868,51,2,1,1
"2022-23","13178","Maryland","Abby Meyers|Bri McDaniel|Faith Masonius|Lavender Briggs|Shyanne Sellers",5,868,1006,138,7,10,-3
"2022-23","13178","Rutgers","Abby Streeter|Awa Sidibe|Chyna Cornwell|Kai Carter|Kaylene Smikle",5,817,1200,383,17,11,6
"2022-23","13178","Maryland","Abby Meyers|Brinae Alexander|Faith Masonius|Lavender Briggs|Shyanne Sellers",5,1006,1200,194,2,7,-5
"2022-23","13178","Rutgers","Awa Sidibe|Chyna Cornwell|Kai Carter|Kassondra Brown|Kaylene Smikle",5,1200,1335,135,2,3,-1
"2022-23","13178","Rutgers","Abby Streeter|Awa Sidibe|Chyna Cornwell|Kai Carter|Kaylene Smikle",5,1335,1395,60,0,7,-7
"2022-23","13178","Rutgers","Abby Streeter|Antonia Bates|Chyna Cornwell|Kai Carter|Kaylene Smikle",5,1395,1417,22,0,0,0
"2022-23","13178","Maryland","Abby Meyers|Diamond Miller|Elisa Pinzan|Faith Masonius|Shyanne Sellers",5,1200,1419,219,10,2,8
"2022-23","13178","Rutgers","Abby Streeter|Awa Sidibe|Chyna Cornwell|Kai Carter|Kaylene Smikle",5,1417,1495,78,2,2,0
"2022-23","13178","Maryland","Abby Meyers|Diamond Miller|Elisa Pinzan|Faith Masonius|Lavender Briggs",5,1419,1495,76,2,2,0
"2022-23","13178","Rutgers","Awa Sidibe|Erica Lafayette|Kai Carter|Kassondra Brown|Kaylene Smikle",5,1495,1616,121,3,6,-3
"2022-23","13178","Maryland","Abby Meyers|Brinae Alexander|Diamond Miller|Elisa Pinzan|Lavender Briggs",5,1495,1616,121,6,3,3
"2022-23","13178","Maryland","Abby Meyers|Brinae Alexander|Elisa Pinzan|Faith Masonius|Lavender Briggs",5,1616,1619,3,0,0,0
"2022-23","13178","Maryland","Abby Meyers|Bri McDaniel|Elisa Pinzan|Faith Masonius|Lavender Briggs",5,1619,1708,89,7,2,5
"2022-23","13178","Rutgers","Abby Streeter|Awa Sidibe|Chyna Cornwell|Kai Carter|Kaylene Smikle",5,1616,1776,160,4,9,-5
"2022-23","13178","Maryland","Abby Meyers|Bri McDaniel|Diamond Miller|Faith Masonius|Lavender Briggs",5,1708,1800,92,2,2,0
"2022-23","13178","Rutgers","Awa Sidibe|Chyna Cornwell|Kai Carter|Kassondra Brown|Kaylene Smikle",5,1776,1988,212,7,8,-1
"2022-23","13178","Maryland","Bri McDaniel|Diamond Miller|Elisa Pinzan|Faith Masonius|Lavender Briggs",5,1800,1988,188,8,7,1
"2022-23","13178","Maryland","Bri McDaniel|Diamond Miller|Elisa Pinzan|Mila Reynolds|Shyanne Sellers",5,1988,2049,61,0,2,-2
"2022-23","13178","Rutgers","Abby Streeter|Chyna Cornwell|Kai Carter|Kassondra Brown|Kaylene Smikle",5,1988,2080,92,4,0,4
"2022-23","13178","Maryland","Abby Meyers|Bri McDaniel|Elisa Pinzan|Mila Reynolds|Shyanne Sellers",5,2049,2163,114,3,5,-2
"2022-23","13178","Maryland","Bri McDaniel|Gia Cooke|Lavender Briggs|Mila Reynolds|Shyanne Sellers",5,2163,2297,134,0,4,-4
"2022-23","13178","Rutgers","Abby Streeter|Awa Sidibe|Chyna Cornwell|Kai Carter|Kaylene Smikle",5,2080,2400,320,12,3,9
"2022-23","13178","Maryland","Ava Sciolla|Bri McDaniel|Gia Cooke|Lavender Briggs|Mila Reynolds",5,2297,2400,103,0,5,-5
"2022-23","13179","Maryland","Abby Meyers|Diamond Miller|Elisa Pinzan|Faith Masonius|Shyanne Sellers",5,0,145,145,4,7,-3
"2022-23","13179","Maryland","Abby Meyers|Diamond Miller|Elisa Pinzan|Faith Masonius|Lavender Briggs",5,145,283,138,4,0,4
"2022-23","13179","Michigan St.","DeeDee Hagemann|Isaline Alexander|Kamaria McDaniel|Matilda Ekh|Tory Ozment",5,0,283,283,7,8,-1
"2022-23","13179","Maryland","Brinae Alexander|Diamond Miller|Elisa Pinzan|Lavender Briggs|Shyanne Sellers",5,283,456,173,4,5,-1
"2022-23","13179","Michigan St.","DeeDee Hagemann|Julia Ayrault|Matilda Ekh|Moira Joiner|Taiyier Parks",5,283,456,173,5,4,1
"2022-23","13179","Maryland","Abby Meyers|Brinae Alexander|Diamond Miller|Lavender Briggs|Shyanne Sellers",5,456,488,32,0,1,-1
"2022-23","13179","Michigan St.","Julia Ayrault|Kamaria McDaniel|Moira Joiner|Taiyier Parks|Theryn Hallock",5,456,498,42,1,0,1
"2022-23","13179","Michigan St.","Kamaria McDaniel|Moira Joiner|Taiyier Parks|Theryn Hallock|Tory Ozment",5,498,572,74,3,5,-2
"2022-23","13179","Maryland","Abby Meyers|Brinae Alexander|Faith Masonius|Lavender Briggs|Shyanne Sellers",5,488,600,112,5,3,2
"2022-23","13179","Michigan St.","DeeDee Hagemann|Kamaria McDaniel|Moira Joiner|Taiyier Parks|Tory Ozment",5,572,672,100,3,3,0
"2022-23","13179","Michigan St.","DeeDee Hagemann|Matilda Ekh|Moira Joiner|Taiyier Parks|Tory Ozment",5,672,759,87,3,5,-2
"2022-23","13179","Maryland","Abby Meyers|Diamond Miller|Faith Masonius|Lavender Briggs|Shyanne Sellers",5,600,761,161,8,6,2
"2022-23","13179","Maryland","Abby Meyers|Diamond Miller|Elisa Pinzan|Faith Masonius|Lavender Briggs",5,761,874,113,2,2,0
"2022-23","13179","Michigan St.","DeeDee Hagemann|Matilda Ekh|Stephanie Visscher|Taiyier Parks|Tory Ozment",5,759,874,115,2,2,0
"2022-23","13179","Michigan St.","DeeDee Hagemann|Isaline Alexander|Kamaria McDaniel|Matilda Ekh|Moira Joiner",5,874,888,14,1,2,-1
"2022-23","13179","Michigan St.","Isaline Alexander|Kamaria McDaniel|Matilda Ekh|Moira Joiner|Theryn Hallock",5,888,991,103,5,4,1
"2022-23","13179","Maryland","Abby Meyers|Bri McDaniel|Brinae Alexander|Diamond Miller|Shyanne Sellers",5,874,1006,132,8,6,2
"2022-23","13179","Maryland","Abby Meyers|Bri McDaniel|Brinae Alexander|Diamond Miller|Elisa Pinzan",5,1006,1070,64,3,2,1
"2022-23","13179","Michigan St.","DeeDee Hagemann|Isaline Alexander|Kamaria McDaniel|Moira Joiner|Tory Ozment",5,991,1070,79,2,5,-3
"2022-23","13179","Maryland","Abby Meyers|Brinae Alexander|Diamond Miller|Elisa Pinzan|Lavender Briggs",5,1070,1200,130,2,8,-6
"2022-23","13179","Michigan St.","DeeDee Hagemann|Kamaria McDaniel|Moira Joiner|Taiyier Parks|Tory Ozment",5,1070,1200,130,8,2,6
"2022-23","13179","Michigan St.","DeeDee Hagemann|Kamaria McDaniel|Matilda Ekh|Taiyier Parks|Tory Ozment",5,1200,1373,173,3,6,-3
"2022-23","13179","Michigan St.","DeeDee Hagemann|Julia Ayrault|Kamaria McDaniel|Matilda Ekh|Tory Ozment",5,1373,1398,25,0,1,-1
"2022-23","13179","Maryland","Abby Meyers|Diamond Miller|Faith Masonius|Lavender Briggs|Shyanne Sellers",5,1200,1434,234,11,3,8
"2022-23","13179","Michigan St.","DeeDee Hagemann|Julia Ayrault|Matilda Ekh|Moira Joiner|Tory Ozment",5,1398,1434,36,0,4,-4
"2022-23","13179","Maryland","Abby Meyers|Brinae Alexander|Diamond Miller|Lavender Briggs|Shyanne Sellers",5,1434,1575,141,8,3,5
"2022-23","13179","Michigan St.","DeeDee Hagemann|Isaline Alexander|Julia Ayrault|Matilda Ekh|Moira Joiner",5,1434,1575,141,3,8,-5
"2022-23","13179","Michigan St.","DeeDee Hagemann|Isaline Alexander|Kamaria McDaniel|Matilda Ekh|Tory Ozment",5,1575,1620,45,0,2,-2
"2022-23","13179","Michigan St.","DeeDee Hagemann|Kamaria McDaniel|Matilda Ekh|Taiyier Parks|Tory Ozment",5,1620,1650,30,0,0,0
"2022-23","13179","Maryland","Abby Meyers|Brinae Alexander|Faith Masonius|Lavender Briggs|Shyanne Sellers",5,1575,1706,131,6,2,4
"2022-23","13179","Michigan St.","DeeDee Hagemann|Kamaria McDaniel|Moira Joiner|Taiyier Parks|Tory Ozment",5,1650,1706,56,2,4,-2
"2022-23","13179","Maryland","Bri McDaniel|Brinae Alexander|Faith Masonius|Lavender Briggs|Shyanne Sellers",5,1706,1716,10,0,0,0
"2022-23","13179","Maryland","Bri McDaniel|Brinae Alexander|Diamond Miller|Faith Masonius|Shyanne Sellers",5,1716,1754,38,0,0,0
"2022-23","13179","Maryland","Bri McDaniel|Brinae Alexander|Diamond Miller|Elisa Pinzan|Faith Masonius",5,1754,1800,46,5,3,2
"2022-23","13179","Michigan St.","Kamaria McDaniel|Moira Joiner|Taiyier Parks|Theryn Hallock|Tory Ozment",5,1706,1800,94,3,5,-2
"2022-23","13179","Maryland","Abby Meyers|Bri McDaniel|Diamond Miller|Elisa Pinzan|Faith Masonius",5,1800,1903,103,2,6,-4
"2022-23","13179","Michigan St.","Kamaria McDaniel|Matilda Ekh|Moira Joiner|Taiyier Parks|Tory Ozment",5,1800,1903,103,6,2,4
"2022-23","13179","Maryland","Bri McDaniel|Diamond Miller|Faith Masonius|Lavender Briggs|Shyanne Sellers",5,1903,1940,37,0,0,0
"2022-23","13179","Michigan St.","DeeDee Hagemann|Kamaria McDaniel|Matilda Ekh|Moira Joiner|Taiyier Parks",5,1903,2187,284,10,9,1
"2022-23","13179","Maryland","Abby Meyers|Diamond Miller|Faith Masonius|Lavender Briggs|Shyanne Sellers",5,1940,2296,356,13,16,-3
"2022-23","13179","Maryland","Abby Meyers|Brinae Alexander|Diamond Miller|Faith Masonius|Shyanne Sellers",5,2296,2374,78,3,6,-3
"2022-23","13179","Michigan St.","Abbey Kimball|DeeDee Hagemann|Matilda Ekh|Moira Joiner|Taiyier Parks",5,2187,2374,187,12,7,5
"2022-23","13179","Maryland","Brinae Alexander|Diamond Miller|Faith Masonius|Lavender Briggs|Shyanne Sellers",5,2374,2377,3,0,2,-2
"2022-23","13179","Michigan St.","DeeDee Hagemann|Kamaria McDaniel|Matilda Ekh|Moira Joiner|Taiyier Parks",5,2374,2377,3,2,0,2
"2022-23","13179","Michigan St.","Kamaria McDaniel|Matilda Ekh|Moira Joiner|Theryn Hallock|Tory Ozment",5,2377,2378,1,1,0,1
"2022-23","13179","Michigan St.","DeeDee Hagemann|Kamaria McDaniel|Matilda Ekh|Moira Joiner|Taiyier Parks",5,2378,2392,14,2,4,-2
"2022-23","13179","Michigan St.","Kamaria McDaniel|Matilda Ekh|Moira Joiner|Theryn Hallock|Tory Ozment",5,2392,2393,1,1,0,1
"2022-23","13179","Maryland","Abby Meyers|Diamond Miller|Faith Masonius|Lavender Briggs|Shyanne Sellers",5,2377,2400,23,6,4,2
"2022-23","13179","Michigan St.","DeeDee Hagemann|Kamaria McDaniel|Matilda Ekh|Moira Joiner|Taiyier Parks",5,2393,2400,7,0,2,-2
"2022-23","13180","Indiana","Chloe Moore-McNeil|Grace Berger|Mackenzie Holmes|Sydney Parrish|Yarden Garzon",5,0,252,252,7,7,0
"2022-23","13180","Maryland","Abby Meyers|Diamond Miller|Elisa Pinzan|Faith Masonius|Shyanne Sellers",5,0,252,252,7,7,0
"2022-23","13180","Maryland","Abby Meyers|Brinae Alexander|Elisa Pinzan|Faith Masonius|Shyanne Sellers",5,252,307,55,3,2,1
"2022-23","13180","Indiana","Chloe Moore-McNeil|Grace Berger|Mackenzie Holmes|Sara Scalia|Yarden Garzon",5,252,412,160,7,5,2
"2022-23","13180","Maryland","Abby Meyers|Brinae Alexander|Elisa Pinzan|Faith Masonius|Lavender Briggs",5,307,412,105,2,5,-3
"2022-23","13180","Indiana","Grace Berger|Lexus Bargesser|Mackenzie Holmes|Sara Scalia|Sydney Parrish",5,412,522,110,3,3,0
"2022-23","13180","Maryland","Brinae Alexander|Diamond Miller|Elisa Pinzan|Lavender Briggs|Shyanne Sellers",5,412,534,122,5,3,2
"2022-23","13180","Indiana","Chloe Moore-McNeil|Lexus Bargesser|Lilly Meister|Sara Scalia|Sydney Parrish",5,522,561,39,2,3,-1
"2022-23","13180","Maryland","Brinae Alexander|Diamond Miller|Elisa Pinzan|Faith Masonius|Shyanne Sellers",5,534,561,27,1,2,-1
"2022-23","13180","Indiana","Chloe Moore-McNeil|Grace Berger|Mackenzie Holmes|Sara Scalia|Sydney Parrish",5,561,600,39,0,2,-2
"2022-23","13180","Maryland","Abby Meyers|Brinae Alexander|Diamond Miller|Elisa Pinzan|Shyanne Sellers",5,561,713,152,2,2,0
"2022-23","13180","Indiana","Chloe Moore-McNeil|Grace Berger|Mackenzie Holmes|Sydney Parrish|Yarden Garzon",5,600,778,178,8,3,5
"2022-23","13180","Maryland","Abby Meyers|Diamond Miller|Faith Masonius|Lavender Briggs|Shyanne Sellers",5,713,778,65,3,6,-3
"2022-23","13180","Indiana","Grace Berger|Lilly Meister|Sara Scalia|Sydney Parrish|Yarden Garzon",5,778,872,94,4,0,4
"2022-23","13180","Maryland","Abby Meyers|Bri McDaniel|Diamond Miller|Faith Masonius|Shyanne Sellers",5,778,872,94,0,4,-4
"2022-23","13180","Maryland","Abby Meyers|Diamond Miller|Elisa Pinzan|Faith Masonius|Lavender Briggs",5,872,936,64,0,0,0
"2022-23","13180","Indiana","Chloe Moore-McNeil|Lexus Bargesser|Mackenzie Holmes|Sara Scalia|Yarden Garzon",5,872,1149,277,2,4,-2
"2022-23","13180","Maryland","Abby Meyers|Brinae Alexander|Elisa Pinzan|Faith Masonius|Lavender Briggs",5,936,1149,213,4,2,2
"2022-23","13180","Indiana","Chloe Moore-McNeil|Grace Berger|Lexus Bargesser|Mackenzie Holmes|Sydney Parrish",5,1149,1200,51,2,0,2
"2022-23","13180","Maryland","Abby Meyers|Brinae Alexander|Diamond Miller|Elisa Pinzan|Lavender Briggs",5,1149,1200,51,0,2,-2
"2022-23","13180","Maryland","Abby Meyers|Diamond Miller|Elisa Pinzan|Faith Masonius|Shyanne Sellers",5,1200,1357,157,2,4,-2
"2022-23","13180","Indiana","Chloe Moore-McNeil|Grace Berger|Mackenzie Holmes|Sydney Parrish|Yarden Garzon",5,1200,1472,272,6,5,1
"2022-23","13180","Indiana","Chloe Moore-McNeil|Grace Berger|Lilly Meister|Sara Scalia|Sydney Parrish",5,1472,1506,34,2,2,0
"2022-23","13180","Maryland","Abby Meyers|Brinae Alexander|Diamond Miller|Elisa Pinzan|Faith Masonius",5,1357,1506,149,5,4,1
"2022-23","13180","Indiana","Chloe Moore-McNeil|Grace Berger|Mackenzie Holmes|Sara Scalia|Sydney Parrish",5,1506,1605,99,2,4,-2
"2022-23","13180","Indiana","Chloe Moore-McNeil|Grace Berger|Lilly Meister|Sara Scalia|Yarden Garzon",5,1605,1628,23,0,0,0
"2022-23","13180","Indiana","Grace Berger|Mackenzie Holmes|Sara Scalia|Sydney Parrish|Yarden Garzon",5,1628,1787,159,3,4,-1
"2022-23","13180","Indiana","Chloe Moore-McNeil|Grace Berger|Mackenzie Holmes|Sara Scalia|Yarden Garzon",5,1787,1799,12,0,0,0
"2022-23","13180","Indiana","Chloe Moore-McNeil|Grace Berger|Lilly Meister|Sara Scalia|Yarden Garzon",5,1799,1800,1,0,0,0
"2022-23","13180","Maryland","Abby Meyers|Brinae Alexander|Diamond Miller|Lavender Briggs|Shyanne Sellers",5,1506,1800,294,8,5,3
"2022-23","13180","Indiana","Chloe Moore-McNeil|Grace Berger|Mackenzie Holmes|Sara Scalia|Yarden Garzon",5,1800,1845,45,0,0,0
"2022-23","13180","Maryland","Brinae Alexander|Diamond Miller|Elisa Pinzan|Faith Masonius|Shyanne Sellers",5,1800,1845,45,0,0,0
"2022-23","13180","Maryland","Brinae Alexander|Diamond Miller|Elisa Pinzan|Lavender Briggs|Shyanne Sellers",5,1845,1899,54,2,0,2
"2022-23","13180","Indiana","Chloe Moore-McNeil|Grace Berger|Mackenzie Holmes|Sydney Parrish|Yarden Garzon",5,1845,1927,82,0,3,-3
"2022-23","13180","Indiana","Chloe Moore-McNeil|Grace Berger|Mackenzie Holmes|Sara Scalia|Yarden Garzon",5,1927,2073,146,5,5,0
"2022-23","13180","Maryland","Abby Meyers|Brinae Alexander|Diamond Miller|Lavender Briggs|Shyanne Sellers",5,1899,2125,226,6,9,-3
"2022-23","13180","Maryland","Abby Meyers|Diamond Miller|Elisa Pinzan|Faith Masonius|Lavender Briggs",5,2125,2187,62,0,0,0
"2022-23","13180","Maryland","Abby Meyers|Brinae Alexander|Diamond Miller|Elisa Pinzan|Faith Masonius",5,2187,2335,148,7,5,2
"2022-23","13180","Maryland","Abby Meyers|Brinae Alexander|Diamond Miller|Faith Masonius|Shyanne Sellers",5,2335,2359,24,0,0,0
"2022-23","13180","Indiana","Chloe Moore-McNeil|Grace Berger|Mackenzie Holmes|Sydney Parrish|Yarden Garzon",5,2073,2359,286,9,7,2
"2022-23","13180","Indiana","Chloe Moore-McNeil|Grace Berger|Sara Scalia|Sydney Parrish|Yarden Garzon",5,2359,2367,8,3,2,1
"2022-23","13180","Maryland","Abby Meyers|Brinae Alexander|Diamond Miller|Lavender Briggs|Shyanne Sellers",5,2359,2367,8,2,3,-1
"2022-23","13180","Indiana","Chloe Moore-McNeil|Grace Berger|Mackenzie Holmes|Sydney Parrish|Yarden Garzon",5,2367,2381,14,0,0,0
"2022-23","13180","Indiana","Chloe Moore-McNeil|Grace Berger|Sara Scalia|Sydney Parrish|Yarden Garzon",5,2381,2387,6,1,0,1
"2022-23","13180","Indiana","Chloe Moore-McNeil|Grace Berger|Mackenzie Holmes|Sydney Parrish|Yarden Garzon",5,2387,2390,3,0,0,0
"2022-23","13180","Indiana","Chloe Moore-McNeil|Grace Berger|Mackenzie Holmes|Sara Scalia|Yarden Garzon",5,2390,2400,10,2,2,0
"2022-23","13180","Maryland","Abby Meyers|Brinae Alexander|Diamond Miller|Faith Masonius|Shyanne Sellers",5,2367,2400,33,2,3,-1
"2022-23","13181","Rutgers","Awa Sidibe|Chyna Cornwell|Erica Lafayette|Kassondra Brown|Kaylene Smikle",5,0,81,81,4,2,2
"2022-23","13181","Rutgers","Awa Sidibe|Chyna Cornwell|Erica Lafayette|Kai Carter|Kassondra Brown",5,81,213,132,1,8,-7
"2022-23","13181","Maryland","Abby Meyers|Diamond Miller|Elisa Pinzan|Faith Masonius|Shyanne Sellers",5,0,271,271,12,5,7
"2022-23","13181","Rutgers","Awa Sidibe|Erica Lafayette|Kai Carter|Kassondra Brown|Kaylene Smikle",5,213,271,58,0,2,-2
"2022-23","13181","Rutgers","Antonia Bates|Erica Lafayette|Kai Carter|Kassondra Brown|Kaylene Smikle",5,271,334,63,0,3,-3
"2022-23","13181","Maryland","Abby Meyers|Brinae Alexander|Diamond Miller|Elisa Pinzan|Lavender Briggs",5,271,334,63,3,0,3
"2022-23","13181","Rutgers","Antonia Bates|Chyna Cornwell|Erica Lafayette|Kai Carter|Kaylene Smikle",5,334,362,28,0,0,0
"2022-23","13181","Rutgers","Antonia Bates|Erica Lafayette|Kai Carter|Kassondra Brown|Kaylene Smikle",5,362,431,69,4,3,1
"2022-23","13181","Maryland","Abby Meyers|Brinae Alexander|Faith Masonius|Lavender Briggs|Shyanne Sellers",5,334,468,134,3,4,-1
"2022-23","13181","Rutgers","Antonia Bates|Chyna Cornwell|Erica Lafayette|Kai Carter|Kaylene Smikle",5,431,468,37,0,0,0
"2022-23","13181","Maryland","Brinae Alexander|Elisa Pinzan|Faith Masonius|Lavender Briggs|Shyanne Sellers",5,468,494,26,3,2,1
"2022-23","13181","Maryland","Diamond Miller|Elisa Pinzan|Faith Masonius|Lavender Briggs|Shyanne Sellers",5,494,515,21,0,0,0
"2022-23","13181","Maryland","Brinae Alexander|Diamond Miller|Elisa Pinzan|Faith Masonius|Shyanne Sellers",5,515,590,75,2,5,-3
"2022-23","13181","Maryland","Abby Meyers|Brinae Alexander|Diamond Miller|Elisa Pinzan|Shyanne Sellers",5,590,600,10,0,0,0
"2022-23","13181","Rutgers","Antonia Bates|Awa Sidibe|Chyna Cornwell|Erica Lafayette|Kaylene Smikle",5,468,682,214,7,7,0
"2022-23","13181","Maryland","Abby Meyers|Diamond Miller|Elisa Pinzan|Faith Masonius|Shyanne Sellers",5,600,732,132,4,2,2
"2022-23","13181","Rutgers","Abby Streeter|Antonia Bates|Chyna Cornwell|Kai Carter|Kaylene Smikle",5,682,774,92,2,4,-2
"2022-23","13181","Rutgers","Abby Streeter|Antonia Bates|Kai Carter|Kassondra Brown|Kaylene Smikle",5,774,787,13,0,0,0
"2022-23","13181","Maryland","Abby Meyers|Brinae Alexander|Diamond Miller|Faith Masonius|Shyanne Sellers",5,732,821,89,5,0,5
"2022-23","13181","Rutgers","Abby Streeter|Antonia Bates|Chyna Cornwell|Kai Carter|Kaylene Smikle",5,787,821,34,0,3,-3
"2022-23","13181","Maryland","Abby Meyers|Brinae Alexander|Diamond Miller|Mila Reynolds|Shyanne Sellers",5,821,886,65,3,0,3
"2022-23","13181","Rutgers","Abby Streeter|Chyna Cornwell|Erica Lafayette|Kai Carter|Kaylene Smikle",5,821,886,65,0,3,-3
"2022-23","13181","Maryland","Abby Meyers|Diamond Miller|Faith Masonius|Gia Cooke|Mila Reynolds",5,886,944,58,2,0,2
"2022-23","13181","Maryland","Abby Meyers|Brinae Alexander|Diamond Miller|Faith Masonius|Gia Cooke",5,944,1052,108,2,3,-1
"2022-23","13181","Maryland","Abby Meyers|Brinae Alexander|Gia Cooke|Lavender Briggs|Shyanne Sellers",5,1052,1119,67,3,2,1
"2022-23","13181","Rutgers","Awa Sidibe|Chyna Cornwell|Erica Lafayette|Kai Carter|Kaylene Smikle",5,886,1119,233,5,7,-2
"2022-23","13181","Maryland","Brinae Alexander|Diamond Miller|Gia Cooke|Lavender Briggs|Shyanne Sellers",5,1119,1200,81,2,5,-3
"2022-23","13181","Rutgers","Antonia Bates|Awa Sidibe|Erica Lafayette|Kai Carter|Kaylene Smikle",5,1119,1200,81,5,2,3
"2022-23","13181","Maryland","Abby Meyers|Diamond Miller|Elisa Pinzan|Faith Masonius|Shyanne Sellers",5,1200,1372,172,6,2,4
"2022-23","13181","Rutgers","Awa Sidibe|Chyna Cornwell|Erica Lafayette|Kassondra Brown|Kaylene Smikle",5,1200,1372,172,2,6,-4
"2022-23","13181","Maryland","Abby Meyers|Diamond Miller|Elisa Pinzan|Faith Masonius|Lavender Briggs",5,1372,1407,35,0,0,0
"2022-23","13181","Rutgers","Abby Streeter|Awa Sidibe|Kai Carter|Kassondra Brown|Kaylene Smikle",5,1372,1407,35,0,0,0
"2022-23","13181","Maryland","Abby Meyers|Diamond Miller|Faith Masonius|Lavender Briggs|Shyanne Sellers",5,1407,1470,63,2,2,0
"2022-23","13181","Rutgers","Abby Streeter|Antonia Bates|Awa Sidibe|Kai Carter|Kaylene Smikle",5,1407,1528,121,3,4,-1
"2022-23","13181","Maryland","Abby Meyers|Brinae Alexander|Diamond Miller|Mila Reynolds|Shyanne Sellers",5,1470,1554,84,2,5,-3
"2022-23","13181","Rutgers","Abby Streeter|Awa Sidibe|Kai Carter|Kassondra Brown|Kaylene Smikle",5,1528,1664,136,6,2,4
"2022-23","13181","Rutgers","Abby Streeter|Erica Lafayette|Kai Carter|Kassondra Brown|Kaylene Smikle",5,1664,1697,33,2,0,2
"2022-23","13181","Maryland","Abby Meyers|Brinae Alexander|Diamond Miller|Faith Masonius|Shyanne Sellers",5,1554,1780,226,7,4,3
"2022-23","13181","Rutgers","Abby Streeter|Chyna Cornwell|Erica Lafayette|Kai Carter|Kaylene Smikle",5,1697,1780,83,0,5,-5
"2022-23","13181","Maryland","Abby Meyers|Brinae Alexander|Diamond Miller|Faith Masonius|Gia Cooke",5,1780,1800,20,0,0,0
"2022-23","13181","Maryland","Abby Meyers|Brinae Alexander|Diamond Miller|Elisa Pinzan|Faith Masonius",5,1800,1832,32,2,3,-1
"2022-23","13181","Maryland","Brinae Alexander|Diamond Miller|Elisa Pinzan|Faith Masonius|Lavender Briggs",5,1832,1949,117,2,5,-3
"2022-23","13181","Rutgers","Antonia Bates|Awa Sidibe|Chyna Cornwell|Erica Lafayette|Kaylene Smikle",5,1780,1969,189,10,4,6
"2022-23","13181","Rutgers","Antonia Bates|Awa Sidibe|Erica Lafayette|Kassondra Brown|Kaylene Smikle",5,1969,2023,54,0,0,0
"2022-23","13181","Rutgers","Antonia Bates|Awa Sidibe|Chyna Cornwell|Kai Carter|Kaylene Smikle",5,2023,2085,62,0,2,-2
"2022-23","13181","Rutgers","Abby Streeter|Antonia Bates|Awa Sidibe|Chyna Cornwell|Kaylene Smikle",5,2085,2114,29,0,0,0
"2022-23","13181","Maryland","Abby Meyers|Brinae Alexander|Faith Masonius|Lavender Briggs|Shyanne Sellers",5,1949,2197,248,9,4,5
"2022-23","13181","Maryland","Abby Meyers|Bri McDaniel|Brinae Alexander|Lavender Briggs|Shyanne Sellers",5,2197,2297,100,6,3,3
"2022-23","13181","Rutgers","Antonia Bates|Awa Sidibe|Chyna Cornwell|Erica Lafayette|Kaylene Smikle",5,2114,2297,183,5,13,-8
"2022-23","13181","Maryland","Bri McDaniel|Brinae Alexander|Gia Cooke|Lavender Briggs|Mila Reynolds",5,2297,2330,33,0,0,0
"2022-23","13181","Rutgers","Abby Streeter|Antonia Bates|Awa Sidibe|Erica Lafayette|Kaylene Smikle",5,2297,2330,33,0,0,0
"2022-23","13181","Rutgers","Abby Streeter|Antonia Bates|Awa Sidibe|Erica Lafayette|Kassondra Brown",5,2330,2386,56,0,0,0
"2022-23","13181","Maryland","Ava Sciolla|Bri McDaniel|Gia Cooke|Lavender Briggs|Mila Reynolds",5,2330,2400,70,0,0,0
"2022-23","13181","Rutgers","Abby Streeter|Antonia Bates|Erica Lafayette|Kai Carter|Kassondra Brown",5,2386,2400,14,0,0,0
"2022-23","13182","Wisconsin","Avery LaBarbera|Brooke Schramek|Julie Pospisilova|Maty Wilke|Serah Williams",5,0,216,216,4,10,-6
"2022-23","13182","Maryland","Abby Meyers|Diamond Miller|Elisa Pinzan|Faith Masonius|Shyanne Sellers",5,0,216,216,10,4,6
"2022-23","13182","Wisconsin","Avery LaBarbera|Brooke Schramek|Julie Pospisilova|Maty Wilke|Natalie Leuzinger",5,216,278,62,2,6,-4
"2022-23","13182","Maryland","Brinae Alexander|Diamond Miller|Faith Masonius|Lavender Briggs|Shyanne Sellers",5,216,278,62,6,2,4
"2022-23","13182","Maryland","Abby Meyers|Diamond Miller|Faith Masonius|Lavender Briggs|Shyanne Sellers",5,278,315,37,0,0,0
"2022-23","13182","Wisconsin","Avery LaBarbera|Brooke Schramek|Julie Pospisilova|Maty Wilke|Serah Williams",5,278,426,148,3,8,-5
"2022-23","13182","Maryland","Abby Meyers|Brinae Alexander|Faith Masonius|Lavender Briggs|Shyanne Sellers",5,315,426,111,8,3,5
"2022-23","13182","Wisconsin","Avery LaBarbera|Krystyna Ellew|Maty Wilke|Natalie Leuzinger|Serah Williams",5,426,466,40,2,0,2
"2022-23","13182","Wisconsin","Brooke Schramek|Julie Pospisilova|Krystyna Ellew|Natalie Leuzinger|Ronnie Porter",5,466,600,134,4,4,0
"2022-23","13182","Maryland","Abby Meyers|Brinae Alexander|Elisa Pinzan|Lavender Briggs|Mila Reynolds",5,426,600,174,4,6,-2
"2022-23","13182","Wisconsin","Avery LaBarbera|Brooke Schramek|Julie Pospisilova|Maty Wilke|Serah Williams",5,600,665,65,3,3,0
"2022-23","13182","Wisconsin","Avery LaBarbera|Brooke Schramek|Julie Pospisilova|Maty Wilke|Sara Stapleton",5,665,785,120,0,2,-2
"2022-23","13182","Maryland","Abby Meyers|Diamond Miller|Faith Masonius|Lavender Briggs|Shyanne Sellers",5,600,785,185,5,3,2
"2022-23","13182","Wisconsin","Avery LaBarbera|Brooke Schramek|Maty Wilke|Sania Copeland|Sara Stapleton",5,785,847,62,3,0,3
"2022-23","13182","Wisconsin","Avery LaBarbera|Brooke Schramek|Maty Wilke|Natalie Leuzinger|Sania Copeland",5,847,885,38,0,2,-2
"2022-23","13182","Maryland","Abby Meyers|Bri McDaniel|Brinae Alexander|Faith Masonius|Shyanne Sellers",5,785,885,100,2,3,-1
"2022-23","13182","Maryland","Abby Meyers|Brinae Alexander|Elisa Pinzan|Lavender Briggs|Shyanne Sellers",5,885,981,96,2,3,-1
"2022-23","13182","Wisconsin","Brooke Schramek|Maty Wilke|Natalie Leuzinger|Ronnie Porter|Sania Copeland",5,885,1062,177,5,2,3
"2022-23","13182","Maryland","Brinae Alexander|Diamond Miller|Elisa Pinzan|Lavender Briggs|Shyanne Sellers",5,981,1062,81,0,2,-2
"2022-23","13182","Wisconsin","Avery LaBarbera|Brooke Schramek|Julie Pospisilova|Natalie Leuzinger|Ronnie Porter",5,1062,1160,98,1,2,-1
"2022-23","13182","Wisconsin","Avery LaBarbera|Brooke Schramek|Julie Pospisilova|Maty Wilke|Ronnie Porter",5,1160,1200,40,0,3,-3
"2022-23","13182","Maryland","Abby Meyers|Brinae Alexander|Faith Masonius|Lavender Briggs|Shyanne Sellers",5,1062,1200,138,5,1,4
"2022-23","13182","Maryland","Abby Meyers|Diamond Miller|Elisa Pinzan|Faith Masonius|Shyanne Sellers",5,1200,1386,186,8,4,4
"2022-23","13182","Wisconsin","Avery LaBarbera|Brooke Schramek|Julie Pospisilova|Maty Wilke|Serah Williams",5,1200,1416,216,7,8,-1
"2022-23","13182","Maryland","Abby Meyers|Diamond Miller|Faith Masonius|Lavender Briggs|Shyanne Sellers",5,1386,1416,30,0,3,-3
"2022-23","13182","Maryland","Abby Meyers|Brinae Alexander|Faith Masonius|Lavender Briggs|Shyanne Sellers",5,1416,1462,46,4,0,4
"2022-23","13182","Wisconsin","Avery LaBarbera|Brooke Schramek|Julie Pospisilova|Maty Wilke|Sara Stapleton",5,1416,1544,128,5,6,-1
"2022-23","13182","Maryland","Abby Meyers|Brinae Alexander|Gia Cooke|Lavender Briggs|Mila Reynolds",5,1462,1590,128,2,7,-5
"2022-23","13182","Wisconsin","Avery LaBarbera|Brooke Schramek|Julie Pospisilova|Maty Wilke|Serah Williams",5,1544,1635,91,2,0,2
"2022-23","13182","Wisconsin","Avery LaBarbera|Brooke Schramek|Julie Pospisilova|Sania Copeland|Serah Williams",5,1635,1690,55,0,1,-1
"2022-23","13182","Wisconsin","Avery LaBarbera|Julie Pospisilova|Maty Wilke|Sania Copeland|Sara Stapleton",5,1690,1772,82,2,4,-2
"2022-23","13182","Maryland","Abby Meyers|Diamond Miller|Faith Masonius|Lavender Briggs|Shyanne Sellers",5,1590,1852,262,5,7,-2
"2022-23","13182","Wisconsin","Avery LaBarbera|Brooke Schramek|Julie Pospisilova|Maty Wilke|Sania Copeland",5,1772,1875,103,5,0,5
"2022-23","13182","Wisconsin","Avery LaBarbera|Julie Pospisilova|Maty Wilke|Sania Copeland|Serah Williams",5,1875,1931,56,0,2,-2
"2022-23","13182","Wisconsin","Brooke Schramek|Maty Wilke|Ronnie Porter|Sania Copeland|Serah Williams",5,1931,2010,79,3,5,-2
"2022-23","13182","Wisconsin","Avery LaBarbera|Brooke Schramek|Maty Wilke|Sania Copeland|Serah Williams",5,2010,2025,15,0,0,0
"2022-23","13182","Maryland","Abby Meyers|Brinae Alexander|Diamond Miller|Faith Masonius|Shyanne Sellers",5,1852,2116,264,7,3,4
"2022-23","13182","Wisconsin","Avery LaBarbera|Brooke Schramek|Julie Pospisilova|Sania Copeland|Serah Williams",5,2025,2116,91,1,0,1
"2022-23","13182","Wisconsin","Avery LaBarbera|Brooke Schramek|Julie Pospisilova|Sania Copeland|Sara Stapleton",5,2116,2251,135,6,7,-1
"2022-23","13182","Wisconsin","Avery LaBarbera|Brooke Schramek|Maty Wilke|Sania Copeland|Sara Stapleton",5,2251,2252,1,0,0,0
"2022-23","13182","Maryland","Brinae Alexander|Diamond Miller|Elisa Pinzan|Faith Masonius|Lavender Briggs",5,2116,2275,159,7,7,0
"2022-23","13182","Maryland","Brinae Alexander|Diamond Miller|Elisa Pinzan|Lavender Briggs|Mila Reynolds",5,2275,2303,28,2,0,2
"2022-23","13182","Wisconsin","Avery LaBarbera|Brooke Schramek|Maty Wilke|Sania Copeland|Serah Williams",5,2252,2330,78,2,2,0
"2022-23","13182","Wisconsin","Avery LaBarbera|Brooke Schramek|Lily Krahn|Sania Copeland|Serah Williams",5,2330,2400,70,4,0,4
"2022-23","13182","Maryland","Brinae Alexander|Elisa Pinzan|Gia Cooke|Lavender Briggs|Mila Reynolds",5,2303,2400,97,0,6,-6
"2022-23","13183","Maryland","Abby Meyers|Diamond Miller|Elisa Pinzan|Faith Masonius|Shyanne Sellers",5,0,115,115,4,2,2
"2022-23","13183","Nebraska","Alexis Markowski|Isabelle Bourne|Jaz Shelley|Maddie Krull|Sam Haiby",5,0,255,255,2,4,-2
"2022-23","13183","Maryland","Brinae Alexander|Diamond Miller|Elisa Pinzan|Faith Masonius|Shyanne Sellers",5,115,255,140,0,0,0
"2022-23","13183","Maryland","Abby Meyers|Brinae Alexander|Faith Masonius|Lavender Briggs|Shyanne Sellers",5,255,314,59,2,2,0
"2022-23","13183","Nebraska","Annika Stewart|Callin Hake|Isabelle Bourne|Jaz Shelley|Kendall Moriarty",5,255,380,125,2,4,-2
"2022-23","13183","Maryland","Abby Meyers|Brinae Alexander|Diamond Miller|Lavender Briggs|Shyanne Sellers",5,314,383,69,2,0,2
"2022-23","13183","Maryland","Brinae Alexander|Diamond Miller|Faith Masonius|Lavender Briggs|Shyanne Sellers",5,383,422,39,0,2,-2
"2022-23","13183","Nebraska","Alexis Markowski|Jaz Shelley|Kendall Moriarty|Maddie Krull|Sam Haiby",5,380,422,42,2,0,2
"2022-23","13183","Maryland","Brinae Alexander|Diamond Miller|Lavender Briggs|Mila Reynolds|Shyanne Sellers",5,422,429,7,2,0,2
"2022-23","13183","Maryland","Abby Meyers|Brinae Alexander|Diamond Miller|Lavender Briggs|Shyanne Sellers",5,429,477,48,2,0,2
"2022-23","13183","Nebraska","Alexis Markowski|Isabelle Bourne|Kendall Moriarty|Maddie Krull|Sam Haiby",5,422,477,55,0,6,-6
"2022-23","13183","Nebraska","Alexis Markowski|Isabelle Bourne|Jaz Shelley|Maddie Krull|Sam Haiby",5,477,600,123,0,2,-2
"2022-23","13183","Nebraska","Isabelle Bourne|Jaz Shelley|Maddie Krull|Maggie Mendelson|Sam Haiby",5,600,747,147,3,6,-3
"2022-23","13183","Maryland","Abby Meyers|Diamond Miller|Faith Masonius|Lavender Briggs|Shyanne Sellers",5,477,747,270,10,3,7
"2022-23","13183","Maryland","Bri McDaniel|Brinae Alexander|Elisa Pinzan|Faith Masonius|Lavender Briggs",5,747,830,83,5,0,5
"2022-23","13183","Nebraska","Alexis Markowski|Callin Hake|Jaz Shelley|Kendall Moriarty|Sam Haiby",5,747,908,161,2,5,-3
"2022-23","13183","Maryland","Abby Meyers|Brinae Alexander|Diamond Miller|Faith Masonius|Shyanne Sellers",5,830,908,78,0,2,-2
"2022-23","13183","Nebraska","Alexis Markowski|Callin Hake|Isabelle Bourne|Jaz Shelley|Sam Haiby",5,908,954,46,0,1,-1
"2022-23","13183","Maryland","Brinae Alexander|Diamond Miller|Faith Masonius|Lavender Briggs|Shyanne Sellers",5,908,954,46,1,0,1
"2022-23","13183","Nebraska","Annika Stewart|Callin Hake|Isabelle Bourne|Jaz Shelley|Sam Haiby",5,954,957,3,0,0,0
"2022-23","13183","Nebraska","Annika Stewart|Callin Hake|Jaz Shelley|Maggie Mendelson|Sam Haiby",5,957,968,11,0,2,-2
"2022-23","13183","Maryland","Abby Meyers|Brinae Alexander|Diamond Miller|Lavender Briggs|Shyanne Sellers",5,954,1035,81,7,0,7
"2022-23","13183","Maryland","Brinae Alexander|Diamond Miller|Faith Masonius|Lavender Briggs|Shyanne Sellers",5,1035,1144,109,0,3,-3
"2022-23","13183","Nebraska","Annika Stewart|Jaz Shelley|Maddie Krull|Maggie Mendelson|Sam Haiby",5,968,1200,232,3,7,-4
"2022-23","13183","Maryland","Bri McDaniel|Brinae Alexander|Diamond Miller|Elisa Pinzan|Lavender Briggs",5,1144,1200,56,2,0,2
"2022-23","13183","Nebraska","Alexis Markowski|Isabelle Bourne|Jaz Shelley|Maddie Krull|Sam Haiby",5,1200,1381,181,4,5,-1
"2022-23","13183","Maryland","Abby Meyers|Diamond Miller|Elisa Pinzan|Faith Masonius|Shyanne Sellers",5,1200,1381,181,5,4,1
"2022-23","13183","Nebraska","Alexis Markowski|Jaz Shelley|Kendall Coley|Maddie Krull|Sam Haiby",5,1381,1452,71,3,3,0
"2022-23","13183","Maryland","Abby Meyers|Brinae Alexander|Elisa Pinzan|Faith Masonius|Shyanne Sellers",5,1381,1452,71,3,3,0
"2022-23","13183","Maryland","Abby Meyers|Brinae Alexander|Diamond Miller|Lavender Briggs|Shyanne Sellers",5,1452,1520,68,4,6,-2
"2022-23","13183","Nebraska","Annika Stewart|Callin Hake|Jaz Shelley|Kendall Coley|Sam Haiby",5,1452,1558,106,6,4,2
"2022-23","13183","Maryland","Abby Meyers|Bri McDaniel|Brinae Alexander|Faith Masonius|Shyanne Sellers",5,1520,1579,59,2,0,2
"2022-23","13183","Nebraska","Annika Stewart|Jaz Shelley|Kendall Coley|Kendall Moriarty|Sam Haiby",5,1558,1687,129,2,3,-1
"2022-23","13183","Maryland","Bri McDaniel|Brinae Alexander|Diamond Miller|Faith Masonius|Shyanne Sellers",5,1579,1697,118,3,2,1
"2022-23","13183","Maryland","Bri McDaniel|Brinae Alexander|Diamond Miller|Mila Reynolds|Shyanne Sellers",5,1697,1741,44,0,3,-3
"2022-23","13183","Nebraska","Annika Stewart|Isabelle Bourne|Jaz Shelley|Kendall Moriarty|Maddie Krull",5,1687,1791,104,5,2,3
"2022-23","13183","Maryland","Brinae Alexander|Diamond Miller|Lavender Briggs|Mila Reynolds|Shyanne Sellers",5,1741,1800,59,1,2,-1
"2022-23","13183","Nebraska","Annika Stewart|Isabelle Bourne|Jaz Shelley|Maddie Krull|Sam Haiby",5,1791,1843,52,0,6,-6
"2022-23","13183","Nebraska","Annika Stewart|Callin Hake|Isabelle Bourne|Jaz Shelley|Sam Haiby",5,1843,1906,63,3,0,3
"2022-23","13183","Maryland","Abby Meyers|Diamond Miller|Elisa Pinzan|Faith Masonius|Shyanne Sellers",5,1800,1928,128,5,3,2
"2022-23","13183","Nebraska","Callin Hake|Isabelle Bourne|Jaz Shelley|Maggie Mendelson|Sam Haiby",5,1906,1956,50,3,0,3
"2022-23","13183","Nebraska","Callin Hake|Jaz Shelley|Kendall Coley|Maggie Mendelson|Sam Haiby",5,1956,2037,81,0,2,-2
"2022-23","13183","Maryland","Abby Meyers|Brinae Alexander|Faith Masonius|Lavender Briggs|Shyanne Sellers",5,1928,2037,109,2,3,-1
"2022-23","13183","Nebraska","Callin Hake|Jaz Shelley|Kendall Coley|Kendall Moriarty|Maggie Mendelson",5,2037,2084,47,0,2,-2
"2022-23","13183","Maryland","Abby Meyers|Bri McDaniel|Brinae Alexander|Lavender Briggs|Shyanne Sellers",5,2037,2084,47,2,0,2
"2022-23","13183","Nebraska","Callin Hake|Isabelle Bourne|Jaz Shelley|Kendall Moriarty|Maggie Mendelson",5,2084,2097,13,0,1,-1
"2022-23","13183","Maryland","Abby Meyers|Bri McDaniel|Lavender Briggs|Mila Reynolds|Shyanne Sellers",5,2084,2097,13,1,0,1
"2022-23","13183","Nebraska","Callin Hake|Isabelle Bourne|Kendall Moriarty|Maggie Mendelson|Sam Haiby",5,2097,2105,8,0,0,0
"2022-23","13183","Maryland","Abby Meyers|Bri McDaniel|Gia Cooke|Lavender Briggs|Mila Reynolds",5,2097,2108,11,0,2,-2
"2022-23","13183","Maryland","Abby Meyers|Diamond Miller|Gia Cooke|Lavender Briggs|Mila Reynolds",5,2108,2188,80,0,3,-3
"2022-23","13183","Nebraska","Annika Stewart|Callin Hake|Isabelle Bourne|Kendall Moriarty|Sam Haiby",5,2105,2234,129,5,0,5
"2022-23","13183","Nebraska","Annika Stewart|Callin Hake|Kendall Coley|Kendall Moriarty|Sam Haiby",5,2234,2284,50,2,0,2
"2022-23","13183","Maryland","Brinae Alexander|Diamond Miller|Gia Cooke|Mila Reynolds|Shyanne Sellers",5,2188,2284,96,0,2,-2
"2022-23","13183","Maryland","Bri McDaniel|Brinae Alexander|Diamond Miller|Gia Cooke|Mila Reynolds",5,2284,2329,45,1,2,-1
"2022-23","13183","Maryland","Bri McDaniel|Brinae Alexander|Gia Cooke|Mila Reynolds|Shyanne Sellers",5,2329,2339,10,2,0,2
"2022-23","13183","Nebraska","Annika Stewart|Callin Hake|Kendall Coley|Kendall Moriarty|Maddie Krull",5,2284,2400,116,7,4,3
"2022-23","13183","Maryland","Ava Sciolla|Bri McDaniel|Brinae Alexander|Gia Cooke|Mila Reynolds",5,2339,2400,61,1,5,-4
"2022-23","13184","Maryland","Abby Meyers|Diamond Miller|Elisa Pinzan|Faith Masonius|Shyanne Sellers",5,0,257,257,8,7,1
"2022-23","13184","Maryland","Abby Meyers|Brinae Alexander|Faith Masonius|Lavender Briggs|Shyanne Sellers",5,257,361,104,1,6,-5
"2022-23","13184","Michigan","Cameron Williams|Emily Kiser|Laila Phelia|Leigha Brown|Maddie Nolan",5,0,361,361,13,9,4
"2022-23","13184","Michigan","Elise Stuck|Emily Kiser|Laila Phelia|Leigha Brown|Maddie Nolan",5,361,420,59,0,3,-3
"2022-23","13184","Maryland","Abby Meyers|Brinae Alexander|Diamond Miller|Lavender Briggs|Shyanne Sellers",5,361,482,121,8,2,6
"2022-23","13184","Maryland","Abby Meyers|Diamond Miller|Faith Masonius|Lavender Briggs|Shyanne Sellers",5,482,528,46,2,0,2
"2022-23","13184","Michigan","Elise Stuck|Emily Kiser|Jordan Hobbs|Laila Phelia|Leigha Brown",5,420,528,108,2,7,-5
"2022-23","13184","Michigan","Cameron Williams|Emily Kiser|Jordan Hobbs|Laila Phelia|Leigha Brown",5,528,567,39,0,3,-3
"2022-23","13184","Maryland","Bri McDaniel|Elisa Pinzan|Faith Masonius|Lavender Briggs|Shyanne Sellers",5,528,600,72,3,0,3
"2022-23","13184","Maryland","Bri McDaniel|Diamond Miller|Elisa Pinzan|Faith Masonius|Lavender Briggs",5,600,661,61,0,2,-2
"2022-23","13184","Michigan","Cameron Williams|Emily Kiser|Greta Kampschroeder|Laila Phelia|Leigha Brown",5,567,731,164,4,2,2
"2022-23","13184","Maryland","Abby Meyers|Diamond Miller|Faith Masonius|Lavender Briggs|Shyanne Sellers",5,661,833,172,7,5,2
"2022-23","13184","Michigan","Cameron Williams|Emily Kiser|Jordan Hobbs|Leigha Brown|Maddie Nolan",5,731,833,102,3,5,-2
"2022-23","13184","Michigan","Cameron Williams|Emily Kiser|Laila Phelia|Leigha Brown|Maddie Nolan",5,833,858,25,0,0,0
"2022-23","13184","Maryland","Abby Meyers|Brinae Alexander|Diamond Miller|Lavender Briggs|Shyanne Sellers",5,833,858,25,0,0,0
"2022-23","13184","Michigan","Cameron Williams|Emily Kiser|Greta Kampschroeder|Laila Phelia|Leigha Brown",5,858,950,92,3,8,-5
"2022-23","13184","Michigan","Elise Stuck|Emily Kiser|Jordan Hobbs|Laila Phelia|Leigha Brown",5,950,960,10,0,0,0
"2022-23","13184","Maryland","Abby Meyers|Brinae Alexander|Diamond Miller|Faith Masonius|Shyanne Sellers",5,858,1018,160,8,3,5
"2022-23","13184","Maryland","Abby Meyers|Brinae Alexander|Faith Masonius|Lavender Briggs|Shyanne Sellers",5,1018,1115,97,2,2,0
"2022-23","13184","Michigan","Ari Wiggins|Emily Kiser|Jordan Hobbs|Laila Phelia|Leigha Brown",5,960,1115,155,2,2,0
"2022-23","13184","Maryland","Abby Meyers|Diamond Miller|Faith Masonius|Lavender Briggs|Shyanne Sellers",5,1115,1171,56,0,2,-2
"2022-23","13184","Maryland","Abby Meyers|Bri McDaniel|Faith Masonius|Lavender Briggs|Shyanne Sellers",5,1171,1200,29,0,0,0
"2022-23","13184","Michigan","Elise Stuck|Emily Kiser|Jordan Hobbs|Laila Phelia|Leigha Brown",5,1115,1200,85,2,0,2
"2022-23","13184","Maryland","Abby Meyers|Diamond Miller|Elisa Pinzan|Faith Masonius|Shyanne Sellers",5,1200,1322,122,4,3,1
"2022-23","13184","Michigan","Elise Stuck|Emily Kiser|Laila Phelia|Leigha Brown|Maddie Nolan",5,1200,1346,146,5,4,1
"2022-23","13184","Maryland","Abby Meyers|Diamond Miller|Faith Masonius|Lavender Briggs|Shyanne Sellers",5,1322,1385,63,0,2,-2
"2022-23","13184","Michigan","Emily Kiser|Jordan Hobbs|Laila Phelia|Leigha Brown|Maddie Nolan",5,1346,1477,131,0,3,-3
"2022-23","13184","Michigan","Ari Wiggins|Emily Kiser|Jordan Hobbs|Laila Phelia|Maddie Nolan",5,1477,1502,25,0,2,-2
"2022-23","13184","Maryland","Abby Meyers|Diamond Miller|Elisa Pinzan|Faith Masonius|Lavender Briggs",5,1385,1619,234,7,2,5
"2022-23","13184","Michigan","Emily Kiser|Jordan Hobbs|Laila Phelia|Leigha Brown|Maddie Nolan",5,1502,1619,117,2,2,0
"2022-23","13184","Maryland","Diamond Miller|Elisa Pinzan|Faith Masonius|Lavender Briggs|Shyanne Sellers",5,1619,1783,164,4,6,-2
"2022-23","13184","Michigan","Emily Kiser|Greta Kampschroeder|Jordan Hobbs|Laila Phelia|Maddie Nolan",5,1619,1783,164,6,4,2
"2022-23","13184","Michigan","Cameron Williams|Greta Kampschroeder|Laila Phelia|Leigha Brown|Maddie Nolan",5,1783,1800,17,2,2,0
"2022-23","13184","Maryland","Abby Meyers|Brinae Alexander|Faith Masonius|Lavender Briggs|Shyanne Sellers",5,1783,1846,63,2,4,-2
"2022-23","13184","Maryland","Abby Meyers|Brinae Alexander|Elisa Pinzan|Faith Masonius|Lavender Briggs",5,1846,1873,27,0,1,-1
"2022-23","13184","Maryland","Abby Meyers|Elisa Pinzan|Faith Masonius|Lavender Briggs|Shyanne Sellers",5,1873,1924,51,0,2,-2
"2022-23","13184","Michigan","Elise Stuck|Emily Kiser|Laila Phelia|Leigha Brown|Maddie Nolan",5,1800,2009,209,5,2,3
"2022-23","13184","Maryland","Abby Meyers|Brinae Alexander|Faith Masonius|Lavender Briggs|Shyanne Sellers",5,1924,2009,85,2,1,1
"2022-23","13184","Maryland","Brinae Alexander|Diamond Miller|Faith Masonius|Lavender Briggs|Shyanne Sellers",5,2009,2100,91,2,3,-1
"2022-23","13184","Maryland","Abby Meyers|Diamond Miller|Faith Masonius|Lavender Briggs|Shyanne Sellers",5,2100,2263,163,5,2,3
"2022-23","13184","Michigan","Emily Kiser|Jordan Hobbs|Laila Phelia|Leigha Brown|Maddie Nolan",5,2009,2263,254,8,7,1
"2022-23","13184","Michigan","Elise Stuck|Emily Kiser|Laila Phelia|Leigha Brown|Maddie Nolan",5,2263,2279,16,0,0,0
"2022-23","13184","Michigan","Emily Kiser|Jordan Hobbs|Laila Phelia|Leigha Brown|Maddie Nolan",5,2279,2295,16,0,0,0
"2022-23","13184","Michigan","Emily Kiser|Greta Kampschroeder|Jordan Hobbs|Laila Phelia|Leigha Brown",5,2295,2302,7,0,2,-2
"2022-23","13184","Michigan","Ari Wiggins|Emily Kiser|Jordan Hobbs|Laila Phelia|Leigha Brown",5,2302,2352,50,4,2,2
"2022-23","13184","Michigan","Emily Kiser|Greta Kampschroeder|Jordan Hobbs|Laila Phelia|Leigha Brown",5,2352,2376,24,0,3,-3
"2022-23","13184","Michigan","Ari Wiggins|Emily Kiser|Jordan Hobbs|Laila Phelia|Leigha Brown",5,2376,2390,14,3,0,3
"2022-23","13184","Maryland","Abby Meyers|Brinae Alexander|Faith Masonius|Lavender Briggs|Shyanne Sellers",5,2263,2400,137,7,9,-2
"2022-23","13184","Michigan","Emily Kiser|Greta Kampschroeder|Jordan Hobbs|Laila Phelia|Leigha Brown",5,2390,2400,10,0,0,0
"2022-23","13185","Penn St.","Alexa Williamson|Leilani Kapinus|Makenna Marisa|Shay Ciezki|Taniyah Thompson",5,0,130,130,2,6,-4
"2022-23","13185","Maryland","Abby Meyers|Diamond Miller|Elisa Pinzan|Faith Masonius|Shyanne Sellers",5,0,302,302,9,7,2
"2022-23","13185","Penn St.","Alexa Williamson|Chanaya Pinto|Leilani Kapinus|Makenna Marisa|Taniyah Thompson",5,130,302,172,5,3,2
"2022-23","13185","Penn St.","Ali Brigham|Chanaya Pinto|Makenna Marisa|Shay Ciezki|Taniyah Thompson",5,302,360,58,0,5,-5
"2022-23","13185","Maryland","Abby Meyers|Bri McDaniel|Brinae Alexander|Lavender Briggs|Shyanne Sellers",5,302,397,95,9,0,9
"2022-23","13185","Penn St.","Ali Brigham|Chanaya Pinto|Leilani Kapinus|Makenna Marisa|Shay Ciezki",5,360,397,37,0,4,-4
"2022-23","13185","Maryland","Bri McDaniel|Brinae Alexander|Diamond Miller|Elisa Pinzan|Lavender Briggs",5,397,513,116,5,2,3
"2022-23","13185","Penn St.","Aicha Dia|Ali Brigham|Leilani Kapinus|Makenna Marisa|Shay Ciezki",5,397,513,116,2,5,-3
"2022-23","13185","Maryland","Abby Meyers|Brinae Alexander|Diamond Miller|Elisa Pinzan|Faith Masonius",5,513,600,87,6,0,6
"2022-23","13185","Penn St.","Aicha Dia|Alexa Williamson|Leilani Kapinus|Shay Ciezki|Taniyah Thompson",5,513,600,87,0,6,-6
"2022-23","13185","Maryland","Abby Meyers|Diamond Miller|Faith Masonius|Lavender Briggs|Shyanne Sellers",5,600,689,89,2,3,-1
"2022-23","13185","Penn St.","Chanaya Pinto|Leilani Kapinus|Makenna Marisa|Shay Ciezki|Taniyah Thompson",5,600,730,130,3,2,1
"2022-23","13185","Penn St.","Chanaya Pinto|Johnasia Cash|Makenna Marisa|Shay Ciezki|Taniyah Thompson",5,730,792,62,0,0,0
"2022-23","13185","Maryland","Abby Meyers|Brinae Alexander|Faith Masonius|Lavender Briggs|Shyanne Sellers",5,689,839,150,0,0,0
"2022-23","13185","Penn St.","Johnasia Cash|Leilani Kapinus|Makenna Marisa|Shay Ciezki|Taniyah Thompson",5,792,839,47,0,0,0
"2022-23","13185","Maryland","Bri McDaniel|Brinae Alexander|Diamond Miller|Lavender Briggs|Shyanne Sellers",5,839,897,58,0,2,-2
"2022-23","13185","Maryland","Bri McDaniel|Brinae Alexander|Diamond Miller|Elisa Pinzan|Lavender Briggs",5,897,935,38,0,0,0
"2022-23","13185","Penn St.","Alexa Williamson|Johnasia Cash|Leilani Kapinus|Makenna Marisa|Shay Ciezki",5,839,1008,169,2,5,-3
"2022-23","13185","Maryland","Abby Meyers|Bri McDaniel|Brinae Alexander|Diamond Miller|Elisa Pinzan",5,935,1040,105,5,2,3
"2022-23","13185","Penn St.","Ali Brigham|Chanaya Pinto|Leilani Kapinus|Makenna Marisa|Shay Ciezki",5,1008,1040,32,2,0,2
"2022-23","13185","Penn St.","Ali Brigham|Leilani Kapinus|Makenna Marisa|Shay Ciezki|Taniyah Thompson",5,1040,1069,29,0,0,0
"2022-23","13185","Maryland","Abby Meyers|Brinae Alexander|Diamond Miller|Faith Masonius|Shyanne Sellers",5,1040,1107,67,2,0,2
"2022-23","13185","Maryland","Abby Meyers|Diamond Miller|Faith Masonius|Mila Reynolds|Shyanne Sellers",5,1107,1148,41,0,0,0
"2022-23","13185","Maryland","Abby Meyers|Faith Masonius|Lavender Briggs|Mila Reynolds|Shyanne Sellers",5,1148,1200,52,3,2,1
"2022-23","13185","Penn St.","Ali Brigham|Johnasia Cash|Makenna Marisa|Shay Ciezki|Taniyah Thompson",5,1069,1200,131,2,5,-3
"2022-23","13185","Penn St.","Alexa Williamson|Leilani Kapinus|Makenna Marisa|Shay Ciezki|Taniyah Thompson",5,1200,1239,39,0,0,0
"2022-23","13185","Maryland","Abby Meyers|Diamond Miller|Elisa Pinzan|Faith Masonius|Shyanne Sellers",5,1200,1239,39,2,0,2
"2022-23","13185","Penn St.","Chanaya Pinto|Leilani Kapinus|Makenna Marisa|Shay Ciezki|Taniyah Thompson",5,1239,1285,46,2,2,0
"2022-23","13185","Maryland","Abby Meyers|Brinae Alexander|Elisa Pinzan|Faith Masonius|Shyanne Sellers",5,1239,1286,47,0,2,-2
"2022-23","13185","Penn St.","Chanaya Pinto|Johnasia Cash|Leilani Kapinus|Makenna Marisa|Shay Ciezki",5,1285,1286,1,0,0,0
"2022-23","13185","Maryland","Abby Meyers|Brinae Alexander|Faith Masonius|Lavender Briggs|Shyanne Sellers",5,1286,1350,64,0,2,-2
"2022-23","13185","Penn St.","Johnasia Cash|Kayla Thomas|Leilani Kapinus|Makenna Marisa|Shay Ciezki",5,1286,1388,102,2,2,0
"2022-23","13185","Penn St.","Alexa Williamson|Kayla Thomas|Leilani Kapinus|Makenna Marisa|Shay Ciezki",5,1388,1467,79,5,3,2
"2022-23","13185","Maryland","Abby Meyers|Brinae Alexander|Elisa Pinzan|Faith Masonius|Lavender Briggs",5,1350,1467,117,5,5,0
"2022-23","13185","Penn St.","Alexa Williamson|Johnasia Cash|Leilani Kapinus|Shay Ciezki|Taniyah Thompson",5,1467,1483,16,0,2,-2
"2022-23","13185","Maryland","Bri McDaniel|Brinae Alexander|Elisa Pinzan|Lavender Briggs|Shyanne Sellers",5,1467,1616,149,8,7,1
"2022-23","13185","Penn St.","Alexa Williamson|Johnasia Cash|Leilani Kapinus|Makenna Marisa|Taniyah Thompson",5,1483,1616,133,7,6,1
"2022-23","13185","Maryland","Brinae Alexander|Diamond Miller|Elisa Pinzan|Mila Reynolds|Shyanne Sellers",5,1616,1657,41,2,5,-3
"2022-23","13185","Penn St.","Ali Brigham|Chanaya Pinto|Kayla Thomas|Makenna Marisa|Taniyah Thompson",5,1616,1657,41,5,2,3
"2022-23","13185","Maryland","Abby Meyers|Bri McDaniel|Brinae Alexander|Elisa Pinzan|Mila Reynolds",5,1657,1703,46,2,4,-2
"2022-23","13185","Penn St.","Chanaya Pinto|Kayla Thomas|Leilani Kapinus|Makenna Marisa|Taniyah Thompson",5,1657,1703,46,4,2,2
"2022-23","13185","Penn St.","Ali Brigham|Chanaya Pinto|Kayla Thomas|Leilani Kapinus|Taniyah Thompson",5,1703,1725,22,0,0,0
"2022-23","13185","Maryland","Abby Meyers|Bri McDaniel|Diamond Miller|Mila Reynolds|Shyanne Sellers",5,1703,1760,57,2,1,1
"2022-23","13185","Penn St.","Ali Brigham|Kayla Thomas|Leilani Kapinus|Makenna Marisa|Taniyah Thompson",5,1725,1760,35,1,2,-1
"2022-23","13185","Penn St.","Chanaya Pinto|Kayla Thomas|Leilani Kapinus|Makenna Marisa|Taniyah Thompson",5,1760,1796,36,5,2,3
"2022-23","13185","Penn St.","Chanaya Pinto|Kayla Thomas|Makenna Marisa|Shay Ciezki|Taniyah Thompson",5,1796,1823,27,0,2,-2
"2022-23","13185","Maryland","Abby Meyers|Brinae Alexander|Diamond Miller|Faith Masonius|Shyanne Sellers",5,1760,1911,151,12,10,2
"2022-23","13185","Penn St.","Chanaya Pinto|Kayla Thomas|Leilani Kapinus|Makenna Marisa|Taniyah Thompson",5,1823,1911,88,5,8,-3
"2022-23","13185","Penn St.","Ali Brigham|Chanaya Pinto|Leilani Kapinus|Makenna Marisa|Taniyah Thompson",5,1911,1945,34,0,2,-2
"2022-23","13185","Penn St.","Ali Brigham|Chanaya Pinto|Makenna Marisa|Shay Ciezki|Taniyah Thompson",5,1945,2008,63,2,0,2
"2022-23","13185","Penn St.","Ali Brigham|Chanaya Pinto|Leilani Kapinus|Makenna Marisa|Taniyah Thompson",5,2008,2015,7,0,0,0
"2022-23","13185","Maryland","Abby Meyers|Bri McDaniel|Brinae Alexander|Elisa Pinzan|Lavender Briggs",5,1911,2079,168,5,2,3
"2022-23","13185","Penn St.","Aicha Dia|Ali Brigham|Chanaya Pinto|Leilani Kapinus|Taniyah Thompson",5,2015,2079,64,0,3,-3
"2022-23","13185","Maryland","Bri McDaniel|Brinae Alexander|Elisa Pinzan|Lavender Briggs|Mila Reynolds",5,2079,2217,138,3,6,-3
"2022-23","13185","Penn St.","Ali Brigham|Chanaya Pinto|Leilani Kapinus|Makenna Marisa|Taniyah Thompson",5,2079,2217,138,6,3,3
"2022-23","13185","Penn St.","Aicha Dia|Kayla Thomas|Leilani Kapinus|Makenna Marisa|Taniyah Thompson",5,2217,2266,49,0,2,-2
"2022-23","13185","Maryland","Bri McDaniel|Elisa Pinzan|Gia Cooke|Lavender Briggs|Mila Reynolds",5,2217,2400,183,5,4,1
"2022-23","13185","Penn St.","Aicha Dia|Kayla Thomas|Leilani Kapinus|Shay Ciezki|Taniyah Thompson",5,2266,2400,134,4,3,1
"2022-23","13186","Iowa","Caitlin Clark|Gabbie Marshall|Kate Martin|McKenna Warnock|Monika Czinano",5,0,256,256,9,6,3
"2022-23","13186","Maryland","Abby Meyers|Diamond Miller|Elisa Pinzan|Faith Masonius|Shyanne Sellers",5,0,256,256,6,9,-3
"2022-23","13186","Maryland","Abby Meyers|Bri McDaniel|Brinae Alexander|Lavender Briggs|Shyanne Sellers",5,256,349,93,2,4,-2
"2022-23","13186","Maryland","Brinae Alexander|Diamond Miller|Faith Masonius|Lavender Briggs|Shyanne Sellers",5,349,401,52,0,6,-6
"2022-23","13186","Iowa","Caitlin Clark|Hannah Stuelke|Kate Martin|Molly Davis|Monika Czinano",5,256,420,164,10,2,8
"2022-23","13186","Iowa","Caitlin Clark|Hannah Stuelke|Molly Davis|Monika Czinano|Sydney Affolter",5,420,436,16,1,0,1
"2022-23","13186","Iowa","Caitlin Clark|Hannah Stuelke|McKenna Warnock|Molly Davis|Sydney Affolter",5,436,487,51,4,4,0
"2022-23","13186","Iowa","Caitlin Clark|Gabbie Marshall|Hannah Stuelke|McKenna Warnock|Sydney Affolter",5,487,500,13,0,2,-2
"2022-23","13186","Maryland","Abby Meyers|Brinae Alexander|Diamond Miller|Faith Masonius|Shyanne Sellers",5,401,500,99,6,5,1
"2022-23","13186","Maryland","Brinae Alexander|Diamond Miller|Faith Masonius|Lavender Briggs|Shyanne Sellers",5,500,505,5,0,0,0
"2022-23","13186","Iowa","Gabbie Marshall|Hannah Stuelke|McKenna Warnock|Molly Davis|Sydney Affolter",5,500,538,38,0,0,0
"2022-23","13186","Iowa","Caitlin Clark|Gabbie Marshall|McKenna Warnock|Monika Czinano|Sydney Affolter",5,538,589,51,4,4,0
"2022-23","13186","Maryland","Bri McDaniel|Brinae Alexander|Faith Masonius|Lavender Briggs|Shyanne Sellers",5,505,589,84,4,4,0
"2022-23","13186","Iowa","Gabbie Marshall|McKenna Warnock|Molly Davis|Monika Czinano|Sydney Affolter",5,589,600,11,1,0,1
"2022-23","13186","Maryland","Bri McDaniel|Brinae Alexander|Faith Masonius|Gia Cooke|Lavender Briggs",5,589,600,11,0,1,-1
"2022-23","13186","Maryland","Brinae Alexander|Diamond Miller|Faith Masonius|Lavender Briggs|Shyanne Sellers",5,600,674,74,4,5,-1
"2022-23","13186","Maryland","Abby Meyers|Brinae Alexander|Diamond Miller|Faith Masonius|Shyanne Sellers",5,674,783,109,2,6,-4
"2022-23","13186","Maryland","Abby Meyers|Brinae Alexander|Elisa Pinzan|Faith Masonius|Shyanne Sellers",5,783,823,40,3,2,1
"2022-23","13186","Iowa","Caitlin Clark|Gabbie Marshall|Kate Martin|McKenna Warnock|Monika Czinano",5,600,841,241,13,9,4
"2022-23","13186","Iowa","Caitlin Clark|Hannah Stuelke|Kate Martin|McKenna Warnock|Molly Davis",5,841,913,72,3,4,-1
"2022-23","13186","Maryland","Abby Meyers|Brinae Alexander|Diamond Miller|Elisa Pinzan|Shyanne Sellers",5,823,913,90,4,3,1
"2022-23","13186","Iowa","Caitlin Clark|Hannah Stuelke|Kate Martin|Molly Davis|Monika Czinano",5,913,981,68,4,2,2
"2022-23","13186","Iowa","Caitlin Clark|Hannah Stuelke|Molly Davis|Monika Czinano|Sydney Affolter",5,981,1001,20,0,0,0
"2022-23","13186","Maryland","Abby Meyers|Diamond Miller|Elisa Pinzan|Faith Masonius|Lavender Briggs",5,913,1001,88,2,4,-2
"2022-23","13186","Iowa","Caitlin Clark|McKenna Warnock|Molly Davis|Monika Czinano|Sydney Affolter",5,1001,1011,10,0,0,0
"2022-23","13186","Maryland","Diamond Miller|Elisa Pinzan|Faith Masonius|Lavender Briggs|Shyanne Sellers",5,1001,1045,44,2,0,2
"2022-23","13186","Iowa","Caitlin Clark|Kate Martin|Molly Davis|Monika Czinano|Sydney Affolter",5,1011,1095,84,5,2,3
"2022-23","13186","Maryland","Brinae Alexander|Diamond Miller|Elisa Pinzan|Lavender Briggs|Shyanne Sellers",5,1045,1095,50,0,5,-5
"2022-23","13186","Iowa","Caitlin Clark|Gabbie Marshall|Kate Martin|Molly Davis|Monika Czinano",5,1095,1200,105,2,3,-1
"2022-23","13186","Maryland","Abby Meyers|Diamond Miller|Faith Masonius|Lavender Briggs|Shyanne Sellers",5,1095,1200,105,3,2,1
"2022-23","13186","Iowa","Caitlin Clark|Gabbie Marshall|Kate Martin|McKenna Warnock|Monika Czinano",5,1200,1353,153,4,5,-1
"2022-23","13186","Iowa","Caitlin Clark|Gabbie Marshall|Hannah Stuelke|Kate Martin|Monika Czinano",5,1353,1479,126,2,6,-4
"2022-23","13186","Iowa","Caitlin Clark|Hannah Stuelke|Kate Martin|Molly Davis|Monika Czinano",5,1479,1493,14,0,2,-2
"2022-23","13186","Iowa","Gabbie Marshall|Hannah Stuelke|Kate Martin|Molly Davis|Monika Czinano",5,1493,1501,8,0,1,-1
"2022-23","13186","Iowa","Caitlin Clark|Gabbie Marshall|Hannah Stuelke|Kate Martin|Monika Czinano",5,1501,1532,31,2,0,2
"2022-23","13186","Iowa","Caitlin Clark|Gabbie Marshall|Hannah Stuelke|Kate Martin|McKenna Warnock",5,1532,1562,30,2,0,2
"2022-23","13186","Maryland","Abby Meyers|Diamond Miller|Elisa Pinzan|Faith Masonius|Shyanne Sellers",5,1200,1562,362,14,10,4
"2022-23","13186","Iowa","Caitlin Clark|Hannah Stuelke|Kate Martin|McKenna Warnock|Molly Davis",5,1562,1591,29,0,0,0
"2022-23","13186","Maryland","Abby Meyers|Brinae Alexander|Elisa Pinzan|Faith Masonius|Shyanne Sellers",5,1562,1591,29,0,0,0
"2022-23","13186","Maryland","Abby Meyers|Brinae Alexander|Faith Masonius|Lavender Briggs|Shyanne Sellers",5,1591,1697,106,5,7,-2
"2022-23","13186","Iowa","Caitlin Clark|Hannah Stuelke|McKenna Warnock|Molly Davis|Sydney Affolter",5,1591,1796,205,8,8,0
"2022-23","13186","Iowa","Caitlin Clark|McKenna Warnock|Molly Davis|Monika Czinano|Sydney Affolter",5,1796,1800,4,0,0,0
"2022-23","13186","Maryland","Abby Meyers|Bri McDaniel|Brinae Alexander|Faith Masonius|Shyanne Sellers",5,1697,1800,103,3,1,2
"2022-23","13186","Iowa","Caitlin Clark|Kate Martin|McKenna Warnock|Molly Davis|Monika Czinano",5,1800,1873,73,4,2,2
"2022-23","13186","Maryland","Abby Meyers|Brinae Alexander|Diamond Miller|Faith Masonius|Shyanne Sellers",5,1800,1931,131,4,6,-2
"2022-23","13186","Iowa","Caitlin Clark|Gabbie Marshall|Kate Martin|McKenna Warnock|Monika Czinano",5,1873,2009,136,3,6,-3
"2022-23","13186","Maryland","Abby Meyers|Bri McDaniel|Diamond Miller|Faith Masonius|Shyanne Sellers",5,1931,2009,78,4,1,3
"2022-23","13186","Maryland","Abby Meyers|Brinae Alexander|Diamond Miller|Faith Masonius|Shyanne Sellers",5,2009,2020,11,0,0,0
"2022-23","13186","Maryland","Abby Meyers|Brinae Alexander|Diamond Miller|Elisa Pinzan|Faith Masonius",5,2020,2084,64,0,1,-1
"2022-23","13186","Iowa","Caitlin Clark|Gabbie Marshall|Hannah Stuelke|Kate Martin|Monika Czinano",5,2009,2096,87,3,2,1
"2022-23","13186","Iowa","Caitlin Clark|Gabbie Marshall|Kate Martin|McKenna Warnock|Monika Czinano",5,2096,2143,47,1,4,-3
"2022-23","13186","Maryland","Abby Meyers|Bri McDaniel|Diamond Miller|Faith Masonius|Shyanne Sellers",5,2084,2227,143,7,5,2
"2022-23","13186","Iowa","Caitlin Clark|Kate Martin|McKenna Warnock|Molly Davis|Monika Czinano",5,2143,2353,210,5,4,1
"2022-23","13186","Maryland","Abby Meyers|Brinae Alexander|Diamond Miller|Faith Masonius|Shyanne Sellers",5,2227,2360,133,5,5,0
"2022-23","13186","Maryland","Abby Meyers|Bri McDaniel|Brinae Alexander|Faith Masonius|Lavender Briggs",5,2360,2361,1,0,0,0
"2022-23","13186","Maryland","Abby Meyers|Brinae Alexander|Diamond Miller|Faith Masonius|Shyanne Sellers",5,2361,2369,8,0,2,-2
"2022-23","13186","Iowa","Caitlin Clark|Gabbie Marshall|Kate Martin|McKenna Warnock|Monika Czinano",5,2353,2369,16,4,2,2
"2022-23","13186","Maryland","Abby Meyers|Bri McDaniel|Brinae Alexander|Diamond Miller|Faith Masonius|Gia Cooke|Shyanne Sellers",7,2369,2378,9,2,2,0
"2022-23","13186","Iowa","Gabbie Marshall|Hannah Stuelke|Kate Martin|Molly Davis|Sydney Affolter",5,2369,2400,31,2,2,0
"2022-23","13186","Maryland","Abby Meyers|Bri McDaniel|Brinae Alexander|Faith Masonius|Gia Cooke",5,2378,2400,22,0,0,0
"2022-23","13187","Maryland","Abby Meyers|Diamond Miller|Elisa Pinzan|Faith Masonius|Shyanne Sellers",5,0,277,277,7,2,5
"2022-23","13187","Ohio St.","Cotie McMahon|Jacy Sheldon|Rebeka Mikulasikova|Taylor Mikesell|Taylor Thierry",5,0,343,343,7,7,0
"2022-23","13187","Maryland","Abby Meyers|Brinae Alexander|Diamond Miller|Lavender Briggs|Shyanne Sellers",5,277,429,152,5,5,0
"2022-23","13187","Ohio St.","Hevynne Bristow|Jacy Sheldon|Rikki Harris|Taylor Mikesell|Taylor Thierry",5,343,429,86,0,5,-5
"2022-23","13187","Maryland","Abby Meyers|Brinae Alexander|Faith Masonius|Lavender Briggs|Shyanne Sellers",5,429,530,101,7,0,7
"2022-23","13187","Ohio St.","Jacy Sheldon|Rebeka Mikulasikova|Rikki Harris|Taylor Mikesell|Taylor Thierry",5,429,530,101,0,7,-7
"2022-23","13187","Maryland","Abby Meyers|Bri McDaniel|Brinae Alexander|Elisa Pinzan|Lavender Briggs",5,530,600,70,0,0,0
"2022-23","13187","Ohio St.","Hevynne Bristow|Rebeka Mikulasikova|Rikki Harris|Taylor Mikesell|Taylor Thierry",5,530,600,70,0,0,0
"2022-23","13187","Maryland","Abby Meyers|Diamond Miller|Faith Masonius|Lavender Briggs|Shyanne Sellers",5,600,658,58,4,4,0
"2022-23","13187","Ohio St.","Cotie McMahon|Jacy Sheldon|Rebeka Mikulasikova|Taylor Mikesell|Taylor Thierry",5,600,762,162,9,8,1
"2022-23","13187","Maryland","Abby Meyers|Brinae Alexander|Diamond Miller|Lavender Briggs|Shyanne Sellers",5,658,864,206,9,8,1
"2022-23","13187","Ohio St.","Jacy Sheldon|Rebeka Mikulasikova|Rikki Harris|Taylor Mikesell|Taylor Thierry",5,762,864,102,3,5,-2
"2022-23","13187","Maryland","Abby Meyers|Brinae Alexander|Diamond Miller|Elisa Pinzan|Lavender Briggs",5,864,923,59,2,5,-3
"2022-23","13187","Ohio St.","Hevynne Bristow|Jacy Sheldon|Rikki Harris|Taylor Mikesell|Taylor Thierry",5,864,923,59,5,2,3
"2022-23","13187","Maryland","Abby Meyers|Brinae Alexander|Diamond Miller|Lavender Briggs|Shyanne Sellers",5,923,1104,181,6,3,3
"2022-23","13187","Ohio St.","Emma Shumate|Hevynne Bristow|Jacy Sheldon|Taylor Mikesell|Taylor Thierry",5,923,1104,181,3,6,-3
"2022-23","13187","Maryland","Abby Meyers|Bri McDaniel|Diamond Miller|Lavender Briggs|Shyanne Sellers",5,1104,1152,48,2,3,-1
"2022-23","13187","Maryland","Abby Meyers|Brinae Alexander|Diamond Miller|Lavender Briggs|Shyanne Sellers",5,1152,1200,48,0,0,0
"2022-23","13187","Ohio St.","Eboni Walker|Hevynne Bristow|Jacy Sheldon|Taylor Mikesell|Taylor Thierry",5,1104,1200,96,3,2,1
"2022-23","13187","Ohio St.","Cotie McMahon|Jacy Sheldon|Rebeka Mikulasikova|Taylor Mikesell|Taylor Thierry",5,1200,1349,149,4,5,-1
"2022-23","13187","Maryland","Abby Meyers|Diamond Miller|Elisa Pinzan|Faith Masonius|Shyanne Sellers",5,1200,1410,210,9,7,2
"2022-23","13187","Maryland","Brinae Alexander|Diamond Miller|Elisa Pinzan|Lavender Briggs|Shyanne Sellers",5,1410,1468,58,3,0,3
"2022-23","13187","Ohio St.","Cotie McMahon|Eboni Walker|Jacy Sheldon|Taylor Mikesell|Taylor Thierry",5,1349,1468,119,3,7,-4
"2022-23","13187","Ohio St.","Cotie McMahon|Jacy Sheldon|Rebeka Mikulasikova|Taylor Mikesell|Taylor Thierry",5,1468,1552,84,5,5,0
"2022-23","13187","Ohio St.","Cotie McMahon|Rebeka Mikulasikova|Rikki Harris|Taylor Mikesell|Taylor Thierry",5,1552,1597,45,2,4,-2
"2022-23","13187","Ohio St.","Cotie McMahon|Eboni Walker|Jacy Sheldon|Rikki Harris|Taylor Mikesell",5,1597,1611,14,0,1,-1
"2022-23","13187","Ohio St.","Eboni Walker|Emma Shumate|Jacy Sheldon|Rikki Harris|Taylor Mikesell",5,1611,1631,20,0,0,0
"2022-23","13187","Maryland","Brinae Alexander|Diamond Miller|Faith Masonius|Lavender Briggs|Shyanne Sellers",5,1468,1631,163,11,7,4
"2022-23","13187","Maryland","Abby Meyers|Diamond Miller|Faith Masonius|Lavender Briggs|Shyanne Sellers",5,1631,1760,129,2,0,2
"2022-23","13187","Ohio St.","Eboni Walker|Emma Shumate|Hevynne Bristow|Kaitlyn Costner|Taylor Mikesell",5,1631,1800,169,0,5,-5
"2022-23","13187","Maryland","Abby Meyers|Brinae Alexander|Elisa Pinzan|Faith Masonius|Lavender Briggs",5,1760,1859,99,4,2,2
"2022-23","13187","Ohio St.","Cotie McMahon|Eboni Walker|Emma Shumate|Hevynne Bristow|Taylor Mikesell",5,1800,1912,112,2,4,-2
"2022-23","13187","Maryland","Abby Meyers|Brinae Alexander|Diamond Miller|Elisa Pinzan|Faith Masonius",5,1859,1912,53,2,0,2
"2022-23","13187","Ohio St.","Cotie McMahon|Eboni Walker|Emma Shumate|Taylor Mikesell|Taylor Thierry",5,1912,2094,182,2,9,-7
"2022-23","13187","Maryland","Abby Meyers|Brinae Alexander|Diamond Miller|Faith Masonius|Shyanne Sellers",5,1912,2094,182,9,2,7
"2022-23","13187","Ohio St.","Eboni Walker|Hevynne Bristow|Rikki Harris|Taylor Mikesell|Taylor Thierry",5,2094,2125,31,0,0,0
"2022-23","13187","Maryland","Abby Meyers|Bri McDaniel|Brinae Alexander|Lavender Briggs|Shyanne Sellers",5,2094,2210,116,5,0,5
"2022-23","13187","Maryland","Abby Meyers|Bri McDaniel|Brinae Alexander|Elisa Pinzan|Lavender Briggs",5,2210,2274,64,0,2,-2
"2022-23","13187","Ohio St.","Eboni Walker|Emma Shumate|Hevynne Bristow|Rikki Harris|Taylor Mikesell",5,2125,2274,149,2,5,-3
"2022-23","13187","Maryland","Bri McDaniel|Brinae Alexander|Elisa Pinzan|Lavender Briggs|Mila Reynolds",5,2274,2355,81,3,4,-1
"2022-23","13187","Maryland","Ava Sciolla|Bri McDaniel|Elisa Pinzan|Gia Cooke|Mila Reynolds",5,2355,2400,45,0,0,0
"2022-23","13187","Ohio St.","Eboni Walker|Emma Shumate|Hevynne Bristow|Kaitlyn Costner|Rikki Harris",5,2274,2400,126,4,3,1
"2022-23","13188","Northwestern","Caileigh Walsh|Jasmine McWilliams|Kaylah Rainey|Paige Mott|Sydney Wood",5,0,227,227,4,7,-3
"2022-23","13188","Maryland","Abby Meyers|Diamond Miller|Elisa Pinzan|Faith Masonius|Shyanne Sellers",5,0,227,227,7,4,3
"2022-23","13188","Maryland","Abby Meyers|Brinae Alexander|Elisa Pinzan|Lavender Briggs|Shyanne Sellers",5,227,283,56,2,0,2
"2022-23","13188","Northwestern","Caileigh Walsh|Jillian Brown|Kaylah Rainey|Paige Mott|Sydney Wood",5,227,283,56,0,2,-2
"2022-23","13188","Maryland","Abby Meyers|Bri McDaniel|Brinae Alexander|Elisa Pinzan|Lavender Briggs",5,283,339,56,0,2,-2
"2022-23","13188","Maryland","Bri McDaniel|Diamond Miller|Faith Masonius|Lavender Briggs|Shyanne Sellers",5,339,400,61,0,4,-4
"2022-23","13188","Northwestern","Caileigh Walsh|Caroline Lau|Jillian Brown|Paige Mott|Sydney Wood",5,283,400,117,6,0,6
"2022-23","13188","Northwestern","Caileigh Walsh|Caroline Lau|Hailey Weaver|Paige Mott|Sydney Wood",5,400,529,129,5,5,0
"2022-23","13188","Maryland","Abby Meyers|Bri McDaniel|Diamond Miller|Faith Masonius|Shyanne Sellers",5,400,600,200,7,10,-3
"2022-23","13188","Northwestern","Caroline Lau|Courtney Shaw|Hailey Weaver|Jillian Brown|Sydney Wood",5,529,759,230,5,5,0
"2022-23","13188","Northwestern","Caroline Lau|Courtney Shaw|Jillian Brown|Paige Mott|Sydney Wood",5,759,819,60,0,4,-4
"2022-23","13188","Northwestern","Caileigh Walsh|Courtney Shaw|Kaylah Rainey|Paige Mott|Sydney Wood",5,819,841,22,0,2,-2
"2022-23","13188","Maryland","Abby Meyers|Brinae Alexander|Diamond Miller|Faith Masonius|Shyanne Sellers",5,600,914,314,9,0,9
"2022-23","13188","Northwestern","Caileigh Walsh|Caroline Lau|Kaylah Rainey|Paige Mott|Sydney Wood",5,841,970,129,0,2,-2
"2022-23","13188","Maryland","Abby Meyers|Brinae Alexander|Diamond Miller|Elisa Pinzan|Faith Masonius",5,914,1065,151,4,0,4
"2022-23","13188","Maryland","Abby Meyers|Bri McDaniel|Diamond Miller|Elisa Pinzan|Faith Masonius",5,1065,1085,20,0,0,0
"2022-23","13188","Northwestern","Caileigh Walsh|Jillian Brown|Kaylah Rainey|Paige Mott|Sydney Wood",5,970,1085,115,0,2,-2
"2022-23","13188","Northwestern","Caileigh Walsh|Caroline Lau|Jillian Brown|Kaylah Rainey|Paige Mott",5,1085,1141,56,0,3,-3
"2022-23","13188","Northwestern","Caroline Lau|Courtney Shaw|Jillian Brown|Kaylah Rainey|Paige Mott",5,1141,1152,11,0,2,-2
"2022-23","13188","Maryland","Bri McDaniel|Diamond Miller|Elisa Pinzan|Faith Masonius|Shyanne Sellers",5,1085,1173,88,5,0,5
"2022-23","13188","Northwestern","Caroline Lau|Courtney Shaw|Hailey Weaver|Kaylah Rainey|Paige Mott",5,1152,1200,48,2,0,2
"2022-23","13188","Maryland","Abby Meyers|Bri McDaniel|Elisa Pinzan|Faith Masonius|Shyanne Sellers",5,1173,1200,27,0,2,-2
"2022-23","13188","Maryland","Abby Meyers|Diamond Miller|Elisa Pinzan|Faith Masonius|Shyanne Sellers",5,1200,1262,62,5,0,5
"2022-23","13188","Northwestern","Caileigh Walsh|Caroline Lau|Kaylah Rainey|Paige Mott|Sydney Wood",5,1200,1334,134,2,7,-5
"2022-23","13188","Maryland","Abby Meyers|Elisa Pinzan|Faith Masonius|Lavender Briggs|Shyanne Sellers",5,1262,1386,124,2,2,0
"2022-23","13188","Northwestern","Caroline Lau|Courtney Shaw|Hailey Weaver|Kaylah Rainey|Sydney Wood",5,1334,1411,77,0,0,0
"2022-23","13188","Maryland","Abby Meyers|Diamond Miller|Elisa Pinzan|Faith Masonius|Lavender Briggs",5,1386,1485,99,2,4,-2
"2022-23","13188","Northwestern","Caroline Lau|Courtney Shaw|Hailey Weaver|Jillian Brown|Sydney Wood",5,1411,1628,217,7,9,-2
"2022-23","13188","Maryland","Bri McDaniel|Brinae Alexander|Diamond Miller|Lavender Briggs|Shyanne Sellers",5,1485,1628,143,7,3,4
"2022-23","13188","Northwestern","Caileigh Walsh|Caroline Lau|Jillian Brown|Paige Mott|Sydney Wood",5,1628,1717,89,0,2,-2
"2022-23","13188","Maryland","Abby Meyers|Brinae Alexander|Diamond Miller|Lavender Briggs|Shyanne Sellers",5,1628,1717,89,2,0,2
"2022-23","13188","Maryland","Abby Meyers|Diamond Miller|Elisa Pinzan|Faith Masonius|Lavender Briggs",5,1717,1728,11,0,2,-2
"2022-23","13188","Northwestern","Caileigh Walsh|Jillian Brown|Kaylah Rainey|Paige Mott|Sydney Wood",5,1717,1728,11,4,0,4
"2022-23","13188","Maryland","Bri McDaniel|Diamond Miller|Elisa Pinzan|Faith Masonius|Lavender Briggs",5,1728,1794,66,3,6,-3
"2022-23","13188","Maryland","Bri McDaniel|Brinae Alexander|Elisa Pinzan|Faith Masonius|Lavender Briggs",5,1794,1800,6,0,1,-1
"2022-23","13188","Northwestern","Hailey Weaver|Jillian Brown|Kaylah Rainey|Paige Mott|Sydney Wood",5,1728,1865,137,5,7,-2
"2022-23","13188","Maryland","Bri McDaniel|Brinae Alexander|Faith Masonius|Lavender Briggs|Shyanne Sellers",5,1800,1874,74,4,0,4
"2022-23","13188","Maryland","Bri McDaniel|Brinae Alexander|Diamond Miller|Faith Masonius|Shyanne Sellers",5,1874,1906,32,2,0,2
"2022-23","13188","Northwestern","Caileigh Walsh|Caroline Lau|Jillian Brown|Paige Mott|Sydney Wood",5,1865,1919,54,0,3,-3
"2022-23","13188","Maryland","Bri McDaniel|Brinae Alexander|Diamond Miller|Elisa Pinzan|Faith Masonius",5,1906,2012,106,6,2,4
"2022-23","13188","Maryland","Bri McDaniel|Diamond Miller|Elisa Pinzan|Lavender Briggs|Mila Reynolds",5,2012,2118,106,4,2,2
"2022-23","13188","Northwestern","Caileigh Walsh|Caroline Lau|Jillian Brown|Kaylah Rainey|Paige Mott",5,1919,2162,243,8,9,-1
"2022-23","13188","Maryland","Bri McDaniel|Brinae Alexander|Elisa Pinzan|Lavender Briggs|Mila Reynolds",5,2118,2259,141,4,8,-4
"2022-23","13188","Northwestern","Courtney Shaw|Hailey Weaver|Jasmine McWilliams|Mercy Ademusayo|Sydney Wood",5,2162,2339,177,4,7,-3
"2022-23","13188","Northwestern","Caroline Lau|Courtney Shaw|Hailey Weaver|Jasmine McWilliams|Mercy Ademusayo",5,2339,2370,31,2,0,2
"2022-23","13188","Northwestern","Caroline Lau|Courtney Shaw|Jasmine McWilliams|Jillian Brown|Mercy Ademusayo",5,2370,2400,30,0,1,-1
"2022-23","13188","Maryland","Ava Sciolla|Bri McDaniel|Gia Cooke|Lavender Briggs|Mila Reynolds",5,2259,2400,141,4,2,2
"2022-23","13189","Maryland","Abby Meyers|Diamond Miller|Elisa Pinzan|Faith Masonius|Shyanne Sellers",5,0,274,274,6,4,2
"2022-23","13189","Illinois","Adalia McKenzie|Brynn Shoup-Hill|Jayla Oden|Kendall Bostic|Makira Cook",5,0,274,274,4,6,-2
"2022-23","13189","Maryland","Brinae Alexander|Elisa Pinzan|Faith Masonius|Lavender Briggs|Shyanne Sellers",5,274,307,33,0,3,-3
"2022-23","13189","Maryland","Abby Meyers|Brinae Alexander|Diamond Miller|Elisa Pinzan|Lavender Briggs",5,307,441,134,4,6,-2
"2022-23","13189","Illinois","Adalia McKenzie|Brynn Shoup-Hill|Jada Peebles|Kendall Bostic|Makira Cook",5,274,441,167,9,4,5
"2022-23","13189","Maryland","Brinae Alexander|Diamond Miller|Faith Masonius|Lavender Briggs|Shyanne Sellers",5,441,686,245,8,7,1
"2022-23","13189","Illinois","Brynn Shoup-Hill|Jada Peebles|Jayla Oden|Kendall Bostic|Makira Cook",5,441,755,314,7,10,-3
"2022-23","13189","Maryland","Abby Meyers|Diamond Miller|Faith Masonius|Lavender Briggs|Shyanne Sellers",5,686,831,145,4,2,2
"2022-23","13189","Illinois","Adalia McKenzie|Brynn Shoup-Hill|Jada Peebles|Kendall Bostic|Makira Cook",5,755,831,76,2,2,0
"2022-23","13189","Maryland","Abby Meyers|Brinae Alexander|Diamond Miller|Lavender Briggs|Shyanne Sellers",5,831,937,106,0,3,-3
"2022-23","13189","Illinois","Adalia McKenzie|Brynn Shoup-Hill|Jada Peebles|Jayla Oden|Makira Cook",5,831,937,106,3,0,3
"2022-23","13189","Maryland","Bri McDaniel|Brinae Alexander|Diamond Miller|Faith Masonius|Shyanne Sellers",5,937,1025,88,0,7,-7
"2022-23","13189","Illinois","Adalia McKenzie|Brynn Shoup-Hill|Jada Peebles|Kendall Bostic|Makira Cook",5,937,1079,142,7,4,3
"2022-23","13189","Maryland","Abby Meyers|Bri McDaniel|Brinae Alexander|Diamond Miller|Elisa Pinzan",5,1025,1200,175,6,5,1
"2022-23","13189","Illinois","Brynn Shoup-Hill|Jada Peebles|Jayla Oden|Kendall Bostic|Makira Cook",5,1079,1200,121,5,2,3
"2022-23","13189","Illinois","Adalia McKenzie|Brynn Shoup-Hill|Jayla Oden|Kendall Bostic|Makira Cook",5,1200,1400,200,2,11,-9
"2022-23","13189","Maryland","Abby Meyers|Diamond Miller|Elisa Pinzan|Faith Masonius|Shyanne Sellers",5,1200,1488,288,13,4,9
"2022-23","13189","Maryland","Abby Meyers|Diamond Miller|Faith Masonius|Lavender Briggs|Shyanne Sellers",5,1488,1643,155,7,4,3
"2022-23","13189","Illinois","Adalia McKenzie|Brynn Shoup-Hill|Jada Peebles|Kendall Bostic|Makira Cook",5,1400,1760,360,6,15,-9
"2022-23","13189","Illinois","Adalia McKenzie|Brynn Shoup-Hill|Jada Peebles|Jayla Oden|Kendall Bostic|Makira Cook",6,1760,1800,40,0,5,-5
"2022-23","13189","Maryland","Abby Meyers|Bri McDaniel|Diamond Miller|Faith Masonius|Shyanne Sellers",5,1643,2047,404,24,9,15
"2022-23","13189","Illinois","Adalia McKenzie|Jada Peebles|Jayla Oden|Kendall Bostic|Makira Cook",5,1800,2047,247,9,13,-4
"2022-23","13189","Maryland","Abby Meyers|Bri McDaniel|Diamond Miller|Elisa Pinzan|Lavender Briggs",5,2047,2082,35,0,5,-5
"2022-23","13189","Maryland","Abby Meyers|Bri McDaniel|Diamond Miller|Elisa Pinzan|Shyanne Sellers",5,2082,2137,55,2,2,0
"2022-23","13189","Illinois","Adalia McKenzie|Geovana Lopes|Jada Peebles|Jayla Oden|Makira Cook",5,2047,2240,193,12,4,8
"2022-23","13189","Maryland","Abby Meyers|Bri McDaniel|Diamond Miller|Faith Masonius|Shyanne Sellers",5,2137,2359,222,8,5,3
"2022-23","13189","Maryland","Bri McDaniel|Brinae Alexander|Elisa Pinzan|Mila Reynolds|Shyanne Sellers",5,2359,2362,3,0,2,-2
"2022-23","13189","Maryland","Bri McDaniel|Brinae Alexander|Gia Cooke|Mila Reynolds|Shyanne Sellers",5,2362,2368,6,0,1,-1
"2022-23","13189","Maryland","Ava Sciolla|Bri McDaniel|Brinae Alexander|Gia Cooke|Mila Reynolds",5,2368,2400,32,0,2,-2
"2022-23","13189","Illinois","Adalia McKenzie|Jada Peebles|Jayla Oden|Kendall Bostic|Makira Cook",5,2240,2400,160,5,6,-1
"2022-23","13190","Michigan St.","DeeDee Hagemann|Isaline Alexander|Kamaria McDaniel|Matilda Ekh|Moira Joiner",5,0,160,160,0,3,-3
"2022-23","13190","Maryland","Abby Meyers|Diamond Miller|Elisa Pinzan|Faith Masonius|Shyanne Sellers",5,0,160,160,3,0,3
"2022-23","13190","Maryland","Abby Meyers|Brinae Alexander|Diamond Miller|Faith Masonius|Shyanne Sellers",5,160,184,24,0,0,0
"2022-23","13190","Michigan St.","DeeDee Hagemann|Isaline Alexander|Matilda Ekh|Moira Joiner|Tory Ozment",5,160,232,72,0,0,0
"2022-23","13190","Maryland","Brinae Alexander|Diamond Miller|Faith Masonius|Lavender Briggs|Shyanne Sellers",5,184,232,48,0,0,0
"2022-23","13190","Michigan St.","Abbey Kimball|DeeDee Hagemann|Isaline Alexander|Moira Joiner|Tory Ozment",5,232,258,26,2,0,2
"2022-23","13190","Maryland","Brinae Alexander|Diamond Miller|Elisa Pinzan|Faith Masonius|Lavender Briggs",5,232,326,94,2,5,-3
"2022-23","13190","Michigan St.","Abbey Kimball|DeeDee Hagemann|Julia Ayrault|Moira Joiner|Tory Ozment",5,258,367,109,3,2,1
"2022-23","13190","Maryland","Bri McDaniel|Brinae Alexander|Diamond Miller|Elisa Pinzan|Lavender Briggs",5,326,367,41,0,0,0
"2022-23","13190","Michigan St.","DeeDee Hagemann|Julia Ayrault|Matilda Ekh|Moira Joiner|Tory Ozment",5,367,443,76,0,2,-2
"2022-23","13190","Maryland","Abby Meyers|Brinae Alexander|Diamond Miller|Elisa Pinzan|Lavender Briggs",5,367,443,76,2,0,2
"2022-23","13190","Michigan St.","DeeDee Hagemann|Isaline Alexander|Matilda Ekh|Moira Joiner|Stephanie Visscher",5,443,493,50,5,0,5
"2022-23","13190","Maryland","Abby Meyers|Brinae Alexander|Diamond Miller|Elisa Pinzan|Faith Masonius",5,443,493,50,0,5,-5
"2022-23","13190","Maryland","Abby Meyers|Brinae Alexander|Diamond Miller|Elisa Pinzan|Lavender Briggs",5,493,515,22,0,0,0
"2022-23","13190","Michigan St.","Isaline Alexander|Matilda Ekh|Moira Joiner|Stephanie Visscher|Theryn Hallock",5,493,587,94,4,2,2
"2022-23","13190","Maryland","Abby Meyers|Bri McDaniel|Brinae Alexander|Diamond Miller|Elisa Pinzan",5,515,600,85,2,4,-2
"2022-23","13190","Michigan St.","Isaline Alexander|Matilda Ekh|Stephanie Visscher|Theryn Hallock|Tory Ozment",5,587,637,50,0,4,-4
"2022-23","13190","Michigan St.","DeeDee Hagemann|Isaline Alexander|Matilda Ekh|Stephanie Visscher|Tory Ozment",5,637,661,24,0,1,-1
"2022-23","13190","Maryland","Abby Meyers|Brinae Alexander|Diamond Miller|Faith Masonius|Shyanne Sellers",5,600,661,61,5,0,5
"2022-23","13190","Michigan St.","DeeDee Hagemann|Isaline Alexander|Matilda Ekh|Moira Joiner|Tory Ozment",5,661,775,114,2,2,0
"2022-23","13190","Maryland","Abby Meyers|Brinae Alexander|Diamond Miller|Elisa Pinzan|Faith Masonius",5,661,775,114,2,2,0
"2022-23","13190","Maryland","Abby Meyers|Bri McDaniel|Brinae Alexander|Elisa Pinzan|Faith Masonius",5,775,851,76,0,4,-4
"2022-23","13190","Michigan St.","Abbey Kimball|DeeDee Hagemann|Julia Ayrault|Moira Joiner|Taiyier Parks",5,775,877,102,4,0,4
"2022-23","13190","Maryland","Abby Meyers|Brinae Alexander|Faith Masonius|Lavender Briggs|Shyanne Sellers",5,851,877,26,0,0,0
"2022-23","13190","Maryland","Abby Meyers|Brinae Alexander|Elisa Pinzan|Faith Masonius|Lavender Briggs",5,877,901,24,0,0,0
"2022-23","13190","Maryland","Abby Meyers|Diamond Miller|Elisa Pinzan|Faith Masonius|Lavender Briggs",5,901,925,24,0,1,-1
"2022-23","13190","Michigan St.","Abbey Kimball|DeeDee Hagemann|Julia Ayrault|Kamaria McDaniel|Taiyier Parks",5,877,954,77,3,3,0
"2022-23","13190","Michigan St.","DeeDee Hagemann|Julia Ayrault|Matilda Ekh|Stephanie Visscher|Taiyier Parks",5,954,1003,49,0,2,-2
"2022-23","13190","Maryland","Brinae Alexander|Diamond Miller|Elisa Pinzan|Faith Masonius|Lavender Briggs",5,925,1003,78,5,2,3
"2022-23","13190","Michigan St.","DeeDee Hagemann|Julia Ayrault|Matilda Ekh|Stephanie Visscher|Tory Ozment",5,1003,1027,24,0,1,-1
"2022-23","13190","Maryland","Abby Meyers|Diamond Miller|Elisa Pinzan|Faith Masonius|Lavender Briggs",5,1003,1027,24,1,0,1
"2022-23","13190","Michigan St.","DeeDee Hagemann|Isaline Alexander|Matilda Ekh|Stephanie Visscher|Tory Ozment",5,1027,1110,83,2,5,-3
"2022-23","13190","Michigan St.","DeeDee Hagemann|Isaline Alexander|Matilda Ekh|Moira Joiner|Tory Ozment",5,1110,1200,90,1,0,1
"2022-23","13190","Maryland","Abby Meyers|Bri McDaniel|Elisa Pinzan|Faith Masonius|Lavender Briggs",5,1027,1200,173,5,3,2
"2022-23","13190","Maryland","Abby Meyers|Diamond Miller|Elisa Pinzan|Faith Masonius|Shyanne Sellers",5,1200,1278,78,1,0,1
"2022-23","13190","Maryland","Abby Meyers|Brinae Alexander|Diamond Miller|Faith Masonius|Shyanne Sellers",5,1278,1297,19,1,1,0
"2022-23","13190","Michigan St.","DeeDee Hagemann|Isaline Alexander|Kamaria McDaniel|Matilda Ekh|Moira Joiner",5,1200,1355,155,1,6,-5
"2022-23","13190","Maryland","Abby Meyers|Brinae Alexander|Diamond Miller|Lavender Briggs|Shyanne Sellers",5,1297,1382,85,5,2,3
"2022-23","13190","Michigan St.","DeeDee Hagemann|Kamaria McDaniel|Matilda Ekh|Taiyier Parks|Tory Ozment",5,1355,1609,254,11,17,-6
"2022-23","13190","Michigan St.","DeeDee Hagemann|Julia Ayrault|Matilda Ekh|Stephanie Visscher|Tory Ozment",5,1609,1652,43,0,1,-1
"2022-23","13190","Maryland","Abby Meyers|Brinae Alexander|Diamond Miller|Elisa Pinzan|Lavender Briggs",5,1382,1652,270,17,9,8
"2022-23","13190","Michigan St.","DeeDee Hagemann|Julia Ayrault|Matilda Ekh|Moira Joiner|Stephanie Visscher",5,1652,1800,148,3,3,0
"2022-23","13190","Maryland","Abby Meyers|Diamond Miller|Elisa Pinzan|Faith Masonius|Lavender Briggs",5,1652,1800,148,3,3,0
"2022-23","13190","Maryland","Abby Meyers|Brinae Alexander|Diamond Miller|Faith Masonius|Shyanne Sellers",5,1800,1858,58,2,3,-1
"2022-23","13190","Maryland","Abby Meyers|Brinae Alexander|Diamond Miller|Lavender Briggs|Shyanne Sellers",5,1858,1910,52,0,2,-2
"2022-23","13190","Michigan St.","DeeDee Hagemann|Isaline Alexander|Julia Ayrault|Matilda Ekh|Stephanie Visscher",5,1800,1926,126,7,4,3
"2022-23","13190","Michigan St.","DeeDee Hagemann|Julia Ayrault|Matilda Ekh|Stephanie Visscher|Tory Ozment",5,1926,1937,11,0,0,0
"2022-23","13190","Maryland","Abby Meyers|Brinae Alexander|Diamond Miller|Elisa Pinzan|Lavender Briggs",5,1910,2028,118,2,6,-4
"2022-23","13190","Michigan St.","Abbey Kimball|DeeDee Hagemann|Julia Ayrault|Matilda Ekh|Tory Ozment",5,1937,2028,91,4,2,2
"2022-23","13190","Michigan St.","Abbey Kimball|DeeDee Hagemann|Julia Ayrault|Matilda Ekh|Moira Joiner",5,2028,2100,72,0,0,0
"2022-23","13190","Maryland","Abby Meyers|Brinae Alexander|Elisa Pinzan|Lavender Briggs|Shyanne Sellers",5,2028,2100,72,2,0,2
"2022-23","13190","Michigan St.","Abbey Kimball|DeeDee Hagemann|Julia Ayrault|Moira Joiner|Stephanie Visscher",5,2100,2159,59,0,0,0
"2022-23","13190","Maryland","Brinae Alexander|Diamond Miller|Elisa Pinzan|Lavender Briggs|Shyanne Sellers",5,2100,2159,59,0,0,0
"2022-23","13190","Maryland","Brinae Alexander|Diamond Miller|Faith Masonius|Lavender Briggs|Shyanne Sellers",5,2159,2176,17,0,2,-2
"2022-23","13190","Michigan St.","DeeDee Hagemann|Isaline Alexander|Matilda Ekh|Moira Joiner|Stephanie Visscher",5,2159,2276,117,2,2,0
"2022-23","13190","Maryland","Brinae Alexander|Diamond Miller|Elisa Pinzan|Faith Masonius|Lavender Briggs",5,2176,2294,118,2,0,2
"2022-23","13190","Maryland","Abby Meyers|Diamond Miller|Elisa Pinzan|Faith Masonius|Lavender Briggs",5,2294,2337,43,1,0,1
"2022-23","13190","Michigan St.","DeeDee Hagemann|Julia Ayrault|Matilda Ekh|Moira Joiner|Tory Ozment",5,2276,2366,90,6,1,5
"2022-23","13190","Maryland","Abby Meyers|Brinae Alexander|Diamond Miller|Elisa Pinzan|Faith Masonius",5,2337,2381,44,0,7,-7
"2022-23","13190","Michigan St.","DeeDee Hagemann|Julia Ayrault|Matilda Ekh|Moira Joiner|Stephanie Visscher",5,2366,2383,17,1,0,1
"2022-23","13190","Michigan St.","DeeDee Hagemann|Julia Ayrault|Matilda Ekh|Moira Joiner|Tory Ozment",5,2383,2400,17,0,3,-3
"2022-23","13190","Maryland","Abby Meyers|Brinae Alexander|Diamond Miller|Faith Masonius|Lavender Briggs",5,2381,2400,19,3,0,3
"2022-23","13192","Maryland","Abby Meyers|Diamond Miller|Elisa Pinzan|Faith Masonius|Shyanne Sellers",5,0,241,241,8,6,2
"2022-23","13192","Ohio St.","Cotie McMahon|Eboni Walker|Rikki Harris|Taylor Mikesell|Taylor Thierry",5,0,303,303,6,12,-6
"2022-23","13192","Ohio St.","Cotie McMahon|Rebeka Mikulasikova|Rikki Harris|Taylor Mikesell|Taylor Thierry",5,303,447,144,4,0,4
"2022-23","13192","Maryland","Abby Meyers|Diamond Miller|Elisa Pinzan|Faith Masonius|Lavender Briggs",5,241,447,206,4,4,0
"2022-23","13192","Ohio St.","Cotie McMahon|Emma Shumate|Rebeka Mikulasikova|Rikki Harris|Taylor Mikesell",5,447,600,153,6,3,3
"2022-23","13192","Maryland","Abby Meyers|Brinae Alexander|Elisa Pinzan|Faith Masonius|Lavender Briggs",5,447,600,153,3,6,-3
"2022-23","13192","Maryland","Abby Meyers|Brinae Alexander|Diamond Miller|Lavender Briggs|Shyanne Sellers",5,600,684,84,2,3,-1
"2022-23","13192","Ohio St.","Cotie McMahon|Eboni Walker|Rikki Harris|Taylor Mikesell|Taylor Thierry",5,600,785,185,3,7,-4
"2022-23","13192","Maryland","Abby Meyers|Bri McDaniel|Brinae Alexander|Lavender Briggs|Shyanne Sellers",5,684,785,101,5,0,5
"2022-23","13192","Maryland","Bri McDaniel|Brinae Alexander|Diamond Miller|Lavender Briggs|Shyanne Sellers",5,785,910,125,8,6,2
"2022-23","13192","Ohio St.","Cotie McMahon|Emma Shumate|Rebeka Mikulasikova|Taylor Mikesell|Taylor Thierry",5,785,1108,323,12,14,-2
"2022-23","13192","Maryland","Abby Meyers|Brinae Alexander|Diamond Miller|Elisa Pinzan|Lavender Briggs",5,910,1108,198,6,6,0
"2022-23","13192","Maryland","Brinae Alexander|Diamond Miller|Elisa Pinzan|Faith Masonius|Lavender Briggs",5,1108,1116,8,0,0,0
"2022-23","13192","Ohio St.","Cotie McMahon|Eboni Walker|Rikki Harris|Taylor Mikesell|Taylor Thierry",5,1108,1153,45,2,0,2
"2022-23","13192","Maryland","Abby Meyers|Diamond Miller|Elisa Pinzan|Faith Masonius|Lavender Briggs",5,1116,1153,37,0,2,-2
"2022-23","13192","Ohio St.","Eboni Walker|Emma Shumate|Rikki Harris|Taylor Mikesell|Taylor Thierry",5,1153,1200,47,0,2,-2
"2022-23","13192","Maryland","Abby Meyers|Brinae Alexander|Diamond Miller|Elisa Pinzan|Lavender Briggs",5,1153,1200,47,2,0,2
"2022-23","13192","Ohio St.","Cotie McMahon|Rebeka Mikulasikova|Rikki Harris|Taylor Mikesell|Taylor Thierry",5,1200,1375,175,9,8,1
"2022-23","13192","Maryland","Abby Meyers|Diamond Miller|Elisa Pinzan|Faith Masonius|Shyanne Sellers",5,1200,1375,175,8,9,-1
"2022-23","13192","Ohio St.","Cotie McMahon|Eboni Walker|Rikki Harris|Taylor Mikesell|Taylor Thierry",5,1375,1731,356,19,10,9
"2022-23","13192","Maryland","Abby Meyers|Brinae Alexander|Diamond Miller|Lavender Briggs|Shyanne Sellers",5,1375,1731,356,10,19,-9
"2022-23","13192","Ohio St.","Cotie McMahon|Rebeka Mikulasikova|Rikki Harris|Taylor Mikesell|Taylor Thierry",5,1731,1800,69,2,2,0
"2022-23","13192","Maryland","Abby Meyers|Brinae Alexander|Diamond Miller|Faith Masonius|Shyanne Sellers",5,1731,1800,69,2,2,0
"2022-23","13192","Maryland","Abby Meyers|Brinae Alexander|Diamond Miller|Lavender Briggs|Shyanne Sellers",5,1800,2110,310,12,6,6
"2022-23","13192","Ohio St.","Cotie McMahon|Eboni Walker|Rikki Harris|Taylor Mikesell|Taylor Thierry",5,1800,2118,318,6,12,-6
"2022-23","13192","Maryland","Abby Meyers|Brinae Alexander|Faith Masonius|Lavender Briggs|Shyanne Sellers",5,2110,2306,196,5,5,0
"2022-23","13192","Ohio St.","Cotie McMahon|Rebeka Mikulasikova|Rikki Harris|Taylor Mikesell|Taylor Thierry",5,2118,2375,257,5,5,0
"2022-23","13192","Maryland","Abby Meyers|Brinae Alexander|Diamond Miller|Faith Masonius|Shyanne Sellers",5,2306,2389,83,0,0,0
"2022-23","13192","Ohio St.","Cotie McMahon|Eboni Walker|Rikki Harris|Taylor Mikesell|Taylor Thierry",5,2375,2389,14,0,1,-1
"2022-23","13192","Ohio St.","Cotie McMahon|Rebeka Mikulasikova|Rikki Harris|Taylor Mikesell|Taylor Thierry",5,2389,2390,1,0,0,0
"2022-23","13192","Maryland","Abby Meyers|Brinae Alexander|Diamond Miller|Lavender Briggs|Shyanne Sellers",5,2389,2390,1,1,0,1
"2022-23","13192","Ohio St.","Cotie McMahon|Eboni Walker|Rikki Harris|Taylor Mikesell|Taylor Thierry",5,2390,2395,5,0,0,0
"2022-23","13192","Ohio St.","Cotie McMahon|Rebeka Mikulasikova|Rikki Harris|Taylor Mikesell|Taylor Thierry",5,2395,2400,5,0,0,0
"2022-23","13192","Maryland","Abby Meyers|Brinae Alexander|Diamond Miller|Faith Masonius|Lavender Briggs",5,2390,2400,10,0,0,0
"2022-23","13193","Maryland","Abby Meyers|Diamond Miller|Elisa Pinzan|Faith Masonius|Shyanne Sellers",5,0,109,109,2,2,0
"2022-23","13193","Maryland","Abby Meyers|Diamond Miller|Elisa Pinzan|Faith Masonius|Lavender Briggs",5,109,221,112,2,2,0
"2022-23","13193","Maryland","Abby Meyers|Brinae Alexander|Diamond Miller|Lavender Briggs|Shyanne Sellers",5,221,253,32,0,0,0
"2022-23","13193","Maryland","Abby Meyers|Bri McDaniel|Brinae Alexander|Lavender Briggs|Shyanne Sellers",5,253,352,99,4,3,1
"2022-23","13193","Maryland","Abby Meyers|Bri McDaniel|Brinae Alexander|Elisa Pinzan|Lavender Briggs",5,352,410,58,3,4,-1
"2022-23","13193","Maryland","Abby Meyers|Brinae Alexander|Diamond Miller|Faith Masonius|Shyanne Sellers",5,410,461,51,0,5,-5
"2022-23","13193","Illinois","Adalia McKenzie|Genesis Bryant|Jada Peebles|Kendall Bostic|Makira Cook",5,0,509,509,16,13,3
"2022-23","13193","Maryland","Abby Meyers|Bri McDaniel|Diamond Miller|Faith Masonius|Shyanne Sellers",5,461,536,75,7,0,7
"2022-23","13193","Illinois","Adalia McKenzie|Genesis Bryant|Geovana Lopes|Jada Peebles|Makira Cook",5,509,600,91,2,7,-5
"2022-23","13193","Maryland","Bri McDaniel|Diamond Miller|Faith Masonius|Lavender Briggs|Shyanne Sellers",5,536,792,256,10,4,6
"2022-23","13193","Maryland","Abby Meyers|Diamond Miller|Faith Masonius|Lavender Briggs|Shyanne Sellers",5,792,898,106,5,0,5
"2022-23","13193","Illinois","Adalia McKenzie|Genesis Bryant|Jada Peebles|Kendall Bostic|Makira Cook",5,600,898,298,2,13,-11
"2022-23","13193","Illinois","Genesis Bryant|Jada Peebles|Kendall Bostic|Makira Cook|Samantha Dewey",5,898,1017,119,3,2,1
"2022-23","13193","Maryland","Abby Meyers|Brinae Alexander|Diamond Miller|Lavender Briggs|Shyanne Sellers",5,898,1104,206,4,3,1
"2022-23","13193","Maryland","Abby Meyers|Bri McDaniel|Diamond Miller|Lavender Briggs|Shyanne Sellers",5,1104,1200,96,4,2,2
"2022-23","13193","Illinois","Adalia McKenzie|Genesis Bryant|Kendall Bostic|Makira Cook|Samantha Dewey",5,1017,1200,183,2,6,-4
"2022-23","13193","Maryland","Abby Meyers|Diamond Miller|Elisa Pinzan|Faith Masonius|Shyanne Sellers",5,1200,1331,131,2,7,-5
"2022-23","13193","Maryland","Bri McDaniel|Diamond Miller|Faith Masonius|Lavender Briggs|Shyanne Sellers",5,1331,1404,73,5,2,3
"2022-23","13193","Illinois","Adalia McKenzie|Genesis Bryant|Jada Peebles|Kendall Bostic|Makira Cook",5,1200,1404,204,9,7,2
"2022-23","13193","Illinois","Adalia McKenzie|Aicha Ndour|Genesis Bryant|Jada Peebles|Makira Cook",5,1404,1443,39,1,2,-1
"2022-23","13193","Illinois","Adalia McKenzie|Genesis Bryant|Jada Peebles|Kendall Bostic|Makira Cook",5,1443,1574,131,2,4,-2
"2022-23","13193","Maryland","Abby Meyers|Bri McDaniel|Brinae Alexander|Diamond Miller|Shyanne Sellers",5,1404,1614,210,6,3,3
"2022-23","13193","Maryland","Abby Meyers|Brinae Alexander|Diamond Miller|Elisa Pinzan|Lavender Briggs",5,1614,1707,93,2,6,-4
"2022-23","13193","Illinois","Genesis Bryant|Jada Peebles|Kendall Bostic|Makira Cook|Samantha Dewey",5,1574,1716,142,7,4,3
"2022-23","13193","Maryland","Abby Meyers|Bri McDaniel|Diamond Miller|Elisa Pinzan|Faith Masonius",5,1707,1922,215,8,3,5
"2022-23","13193","Illinois","Adalia McKenzie|Jada Peebles|Kendall Bostic|Makira Cook|Samantha Dewey",5,1716,1922,206,2,6,-4
"2022-23","13193","Maryland","Abby Meyers|Bri McDaniel|Elisa Pinzan|Faith Masonius|Lavender Briggs",5,1922,1964,42,4,2,2
"2022-23","13193","Maryland","Abby Meyers|Bri McDaniel|Brinae Alexander|Elisa Pinzan|Lavender Briggs",5,1964,2059,95,2,2,0
"2022-23","13193","Maryland","Bri McDaniel|Brinae Alexander|Elisa Pinzan|Gia Cooke|Lavender Briggs",5,2059,2332,273,3,6,-3
"2022-23","13193","Maryland","Ava Sciolla|Bri McDaniel|Elisa Pinzan|Gia Cooke|Mila Reynolds",5,2332,2400,68,0,2,-2
"2022-23","13193","Illinois","Adalia McKenzie|Genesis Bryant|Jada Peebles|Kendall Bostic|Makira Cook",5,1922,2400,478,12,9,3
"2022-23","13194","Holy Cross","Addisyn Cross|Bronagh Power-Cassidy|Janelle Allen|Kaitlyn Flanagan|Lindsay Berger",5,0,145,145,0,7,-7
"2022-23","13194","Holy Cross","Addisyn Cross|Bronagh Power-Cassidy|Janelle Allen|Kaitlyn Flanagan|Simone Foreman",5,145,171,26,0,2,-2
"2022-23","13194","Maryland","Abby Meyers|Diamond Miller|Elisa Pinzan|Faith Masonius|Shyanne Sellers",5,0,193,193,9,0,9
"2022-23","13194","Holy Cross","Addisyn Cross|Bronagh Power-Cassidy|Cara McCormack|Janelle Allen|Simone Foreman",5,171,235,64,0,0,0
"2022-23","13194","Maryland","Abby Meyers|Diamond Miller|Elisa Pinzan|Faith Masonius|Lavender Briggs",5,193,252,59,0,0,0
"2022-23","13194","Maryland","Abby Meyers|Brinae Alexander|Diamond Miller|Elisa Pinzan|Lavender Briggs",5,252,276,24,0,0,0
"2022-23","13194","Holy Cross","Addisyn Cross|Bronagh Power-Cassidy|Cara McCormack|Lindsay Berger|Simone Foreman",5,235,343,108,0,3,-3
"2022-23","13194","Holy Cross","Bronagh Power-Cassidy|Cara McCormack|Kaitlyn Flanagan|Lindsay Berger|Simone Foreman",5,343,376,33,0,0,0
"2022-23","13194","Maryland","Bri McDaniel|Brinae Alexander|Diamond Miller|Elisa Pinzan|Lavender Briggs",5,276,410,134,5,0,5
"2022-23","13194","Holy Cross","Addisyn Cross|Bronagh Power-Cassidy|Kaitlyn Flanagan|Lindsay Berger|Simone Foreman",5,376,410,34,0,2,-2
"2022-23","13194","Maryland","Abby Meyers|Brinae Alexander|Elisa Pinzan|Faith Masonius|Lavender Briggs",5,410,600,190,9,4,5
"2022-23","13194","Holy Cross","Addisyn Cross|Bronagh Power-Cassidy|Janelle Allen|Kaitlyn Flanagan|Mary-Elizabeth Donnelly",5,410,600,190,4,9,-5
"2022-23","13194","Maryland","Abby Meyers|Bri McDaniel|Diamond Miller|Faith Masonius|Shyanne Sellers",5,600,684,84,7,2,5
"2022-23","13194","Holy Cross","Addisyn Cross|Cara McCormack|Lindsay Berger|Mary-Elizabeth Donnelly|Simone Foreman",5,600,684,84,2,7,-5
"2022-23","13194","Holy Cross","Bronagh Power-Cassidy|Cara McCormack|Janelle Allen|Kaitlyn Flanagan|Simone Foreman",5,684,779,95,2,4,-2
"2022-23","13194","Maryland","Abby Meyers|Diamond Miller|Faith Masonius|Lavender Briggs|Shyanne Sellers",5,684,848,164,8,4,4
"2022-23","13194","Holy Cross","Bronagh Power-Cassidy|Cara McCormack|Grace Munt|Janelle Allen|Simone Foreman",5,779,848,69,2,4,-2
"2022-23","13194","Holy Cross","Bronagh Power-Cassidy|Grace Munt|Janelle Allen|Kaitlyn Flanagan|Simone Foreman",5,848,894,46,1,3,-2
"2022-23","13194","Maryland","Abby Meyers|Brinae Alexander|Elisa Pinzan|Lavender Briggs|Shyanne Sellers",5,848,974,126,8,5,3
"2022-23","13194","Holy Cross","Addisyn Cross|Bronagh Power-Cassidy|Grace Munt|Kaitlyn Flanagan|Lindsay Berger",5,894,974,80,4,5,-1
"2022-23","13194","Holy Cross","Addisyn Cross|Bronagh Power-Cassidy|Janelle Allen|Kaitlyn Flanagan|Lindsay Berger",5,974,1036,62,2,0,2
"2022-23","13194","Maryland","Bri McDaniel|Brinae Alexander|Elisa Pinzan|Lavender Briggs|Shyanne Sellers",5,974,1036,62,2,2,0
"2022-23","13194","Maryland","Bri McDaniel|Brinae Alexander|Diamond Miller|Elisa Pinzan|Lavender Briggs",5,1036,1085,49,0,2,-2
"2022-23","13194","Holy Cross","Addisyn Cross|Janelle Allen|Kaitlyn Flanagan|Lindsay Berger|Simone Foreman",5,1036,1124,88,2,5,-3
"2022-23","13194","Maryland","Bri McDaniel|Brinae Alexander|Diamond Miller|Lavender Briggs|Shyanne Sellers",5,1085,1132,47,4,0,4
"2022-23","13194","Maryland","Abby Meyers|Bri McDaniel|Brinae Alexander|Lavender Briggs|Shyanne Sellers",5,1132,1200,68,0,2,-2
"2022-23","13194","Holy Cross","Addisyn Cross|Cara McCormack|Janelle Allen|Lindsay Berger|Simone Foreman",5,1124,1200,76,2,1,1
"2022-23","13194","Maryland","Abby Meyers|Diamond Miller|Elisa Pinzan|Faith Masonius|Shyanne Sellers",5,1200,1433,233,10,8,2
"2022-23","13194","Holy Cross","Addisyn Cross|Bronagh Power-Cassidy|Janelle Allen|Kaitlyn Flanagan|Lindsay Berger",5,1200,1433,233,8,10,-2
"2022-23","13194","Maryland","Bri McDaniel|Brinae Alexander|Diamond Miller|Elisa Pinzan|Lavender Briggs",5,1433,1517,84,2,5,-3
"2022-23","13194","Holy Cross","Addisyn Cross|Bronagh Power-Cassidy|Callie Wright|Cara McCormack|Kaitlyn Flanagan",5,1433,1517,84,5,2,3
"2022-23","13194","Maryland","Bri McDaniel|Brinae Alexander|Diamond Miller|Lavender Briggs|Shyanne Sellers",5,1517,1641,124,5,2,3
"2022-23","13194","Holy Cross","Addisyn Cross|Callie Wright|Cara McCormack|Mary-Elizabeth Donnelly|Simone Foreman",5,1517,1641,124,2,5,-3
"2022-23","13194","Maryland","Bri McDaniel|Brinae Alexander|Elisa Pinzan|Lavender Briggs|Shyanne Sellers",5,1641,1691,50,3,2,1
"2022-23","13194","Maryland","Bri McDaniel|Brinae Alexander|Elisa Pinzan|Gia Cooke|Lavender Briggs",5,1691,1761,70,0,0,0
"2022-23","13194","Maryland","Brinae Alexander|Elisa Pinzan|Faith Masonius|Gia Cooke|Lavender Briggs",5,1761,1800,39,0,3,-3
"2022-23","13194","Holy Cross","Bronagh Power-Cassidy|Janelle Allen|Kaitlyn Flanagan|Mary-Elizabeth Donnelly|Simone Foreman",5,1641,1800,159,5,3,2
"2022-23","13194","Maryland","Abby Meyers|Diamond Miller|Elisa Pinzan|Faith Masonius|Shyanne Sellers",5,1800,1978,178,5,7,-2
"2022-23","13194","Holy Cross","Addisyn Cross|Cara McCormack|Grace Munt|Lindsay Berger|Mary-Elizabeth Donnelly",5,1800,1978,178,7,5,2
"2022-23","13194","Holy Cross","Addisyn Cross|Bronagh Power-Cassidy|Cara McCormack|Lindsay Berger|Simone Foreman",5,1978,2034,56,2,2,0
"2022-23","13194","Holy Cross","Addisyn Cross|Bronagh Power-Cassidy|Cara McCormack|Janelle Allen|Simone Foreman",5,2034,2077,43,1,3,-2
"2022-23","13194","Maryland","Ava Sciolla|Bri McDaniel|Brinae Alexander|Elisa Pinzan|Lavender Briggs",5,1978,2117,139,5,3,2
"2022-23","13194","Holy Cross","Bronagh Power-Cassidy|Cara McCormack|Janelle Allen|Kaitlyn Flanagan|Simone Foreman",5,2077,2247,170,4,3,1
"2022-23","13194","Maryland","Ava Sciolla|Bri McDaniel|Brinae Alexander|Elisa Pinzan|Gia Cooke",5,2117,2400,283,11,10,1
"2022-23","13194","Holy Cross","Callie Wright|Grace Munt|Lauren Huber|Mary-Elizabeth Donnelly|Meg Cahalan",5,2247,2400,153,6,8,-2
"2022-23","13195","Maryland","Abby Meyers|Diamond Miller|Elisa Pinzan|Faith Masonius|Shyanne Sellers",5,0,31,31,2,0,2
"2022-23","13195","Maryland","Abby Meyers|Brinae Alexander|Diamond Miller|Elisa Pinzan|Shyanne Sellers",5,31,191,160,5,6,-1
"2022-23","13195","Notre Dame","KK Bransford|Kylee Watson|Lauren Ebo|Maddy Westbeld|Sonia Citron",5,0,191,191,6,7,-1
"2022-23","13195","Maryland","Abby Meyers|Brinae Alexander|Diamond Miller|Faith Masonius|Shyanne Sellers",5,191,316,125,2,0,2
"2022-23","13195","Notre Dame","Cassandre Prosper|KK Bransford|Lauren Ebo|Maddy Westbeld|Sonia Citron",5,191,316,125,0,2,-2
"2022-23","13195","Maryland","Abby Meyers|Brinae Alexander|Diamond Miller|Lavender Briggs|Shyanne Sellers",5,316,373,57,2,0,2
"2022-23","13195","Notre Dame","Cassandre Prosper|KK Bransford|Kylee Watson|Maddy Westbeld|Sonia Citron",5,316,429,113,4,4,0
"2022-23","13195","Notre Dame","Cassandre Prosper|KK Bransford|Kylee Watson|Lauren Ebo|Sonia Citron",5,429,544,115,2,3,-1
"2022-23","13195","Maryland","Abby Meyers|Bri McDaniel|Diamond Miller|Lavender Briggs|Shyanne Sellers",5,373,600,227,5,8,-3
"2022-23","13195","Notre Dame","Cassandre Prosper|KK Bransford|Kylee Watson|Maddy Westbeld|Sonia Citron",5,544,600,56,2,0,2
"2022-23","13195","Notre Dame","Cassandre Prosper|KK Bransford|Kylee Watson|Lauren Ebo|Sonia Citron",5,600,687,87,0,3,-3
"2022-23","13195","Maryland","Abby Meyers|Diamond Miller|Faith Masonius|Lavender Briggs|Shyanne Sellers",5,600,740,140,3,0,3
"2022-23","13195","Notre Dame","Cassandre Prosper|KK Bransford|Lauren Ebo|Maddy Westbeld|Sonia Citron",5,687,762,75,0,0,0
"2022-23","13195","Maryland","Brinae Alexander|Diamond Miller|Elisa Pinzan|Faith Masonius|Lavender Briggs",5,740,867,127,0,7,-7
"2022-23","13195","Maryland","Abby Meyers|Diamond Miller|Faith Masonius|Lavender Briggs|Shyanne Sellers",5,867,954,87,0,6,-6
"2022-23","13195","Notre Dame","Cassandre Prosper|KK Bransford|Kylee Watson|Maddy Westbeld|Sonia Citron",5,762,1008,246,13,3,10
"2022-23","13195","Notre Dame","Cassandre Prosper|KK Bransford|Lauren Ebo|Maddy Westbeld|Sonia Citron",5,1008,1052,44,2,1,1
"2022-23","13195","Maryland","Abby Meyers|Bri McDaniel|Diamond Miller|Faith Masonius|Shyanne Sellers",5,954,1135,181,9,4,5
"2022-23","13195","Maryland","Bri McDaniel|Brinae Alexander|Diamond Miller|Lavender Briggs|Shyanne Sellers",5,1135,1186,51,3,1,2
"2022-23","13195","Maryland","Abby Meyers|Brinae Alexander|Diamond Miller|Lavender Briggs|Shyanne Sellers",5,1186,1200,14,0,0,0
"2022-23","13195","Notre Dame","Cassandre Prosper|KK Bransford|Lauren Ebo|Natalija Marshall|Sonia Citron",5,1052,1200,148,3,8,-5
"2022-23","13195","Notre Dame","KK Bransford|Kylee Watson|Lauren Ebo|Maddy Westbeld|Sonia Citron",5,1200,1248,48,0,2,-2
"2022-23","13195","Maryland","Abby Meyers|Brinae Alexander|Diamond Miller|Faith Masonius|Shyanne Sellers",5,1200,1344,144,3,2,1
"2022-23","13195","Notre Dame","Cassandre Prosper|KK Bransford|Kylee Watson|Maddy Westbeld|Sonia Citron",5,1248,1452,204,6,7,-1
"2022-23","13195","Maryland","Bri McDaniel|Brinae Alexander|Diamond Miller|Faith Masonius|Shyanne Sellers",5,1344,1522,178,10,8,2
"2022-23","13195","Maryland","Abby Meyers|Brinae Alexander|Diamond Miller|Faith Masonius|Shyanne Sellers",5,1522,1529,7,0,0,0
"2022-23","13195","Notre Dame","Cassandre Prosper|KK Bransford|Lauren Ebo|Maddy Westbeld|Sonia Citron",5,1452,1597,145,6,10,-4
"2022-23","13195","Notre Dame","Cassandre Prosper|KK Bransford|Maddy Westbeld|Natalija Marshall|Sonia Citron",5,1597,1800,203,1,7,-6
"2022-23","13195","Notre Dame","Cassandre Prosper|KK Bransford|Kylee Watson|Maddy Westbeld|Sonia Citron",5,1800,1823,23,0,0,0
"2022-23","13195","Maryland","Abby Meyers|Diamond Miller|Faith Masonius|Lavender Briggs|Shyanne Sellers",5,1529,1868,339,15,3,12
"2022-23","13195","Maryland","Abby Meyers|Diamond Miller|Elisa Pinzan|Faith Masonius|Lavender Briggs",5,1868,1898,30,2,2,0
"2022-23","13195","Notre Dame","Cassandre Prosper|KK Bransford|Kylee Watson|Natalija Marshall|Sonia Citron",5,1823,1947,124,2,6,-4
"2022-23","13195","Maryland","Abby Meyers|Diamond Miller|Faith Masonius|Lavender Briggs|Shyanne Sellers",5,1898,2025,127,4,0,4
"2022-23","13195","Notre Dame","Cassandre Prosper|KK Bransford|Kylee Watson|Lauren Ebo|Sonia Citron",5,1947,2093,146,2,4,-2
"2022-23","13195","Notre Dame","Cassandre Prosper|KK Bransford|Lauren Ebo|Maddy Westbeld|Sonia Citron",5,2093,2116,23,0,0,0
"2022-23","13195","Notre Dame","Cassandre Prosper|KK Bransford|Kylee Watson|Maddy Westbeld|Sonia Citron",5,2116,2156,40,0,2,-2
"2022-23","13195","Maryland","Bri McDaniel|Brinae Alexander|Diamond Miller|Lavender Briggs|Shyanne Sellers",5,2025,2243,218,8,4,4
"2022-23","13195","Maryland","Bri McDaniel|Brinae Alexander|Elisa Pinzan|Lavender Briggs|Shyanne Sellers",5,2243,2275,32,1,1,0
"2022-23","13195","Maryland","Bri McDaniel|Brinae Alexander|Elisa Pinzan|Gia Cooke|Lavender Briggs",5,2275,2312,37,2,2,0
"2022-23","13195","Notre Dame","Cassandre Prosper|KK Bransford|Kylee Watson|Natalija Marshall|Sonia Citron",5,2156,2312,156,5,7,-2
"2022-23","13195","Maryland","Ava Sciolla|Bri McDaniel|Elisa Pinzan|Gia Cooke|Mila Reynolds",5,2312,2400,88,0,5,-5
"2022-23","13195","Notre Dame","Cassandre Prosper|Jenna Brown|KK Bransford|Kylee Watson|Natalija Marshall",5,2312,2400,88,5,0,5
"2022-23","13530","Maryland","Abby Meyers|Diamond Miller|Elisa Pinzan|Faith Masonius|Shyanne Sellers",5,0,155,155,5,8,-3
"2022-23","13530","Maryland","Abby Meyers|Brinae Alexander|Faith Masonius|Lavender Briggs|Shyanne Sellers",5,155,314,159,7,6,1
"2022-23","13530","Iowa","Caitlin Clark|Gabbie Marshall|Kate Martin|McKenna Warnock|Monika Czinano",5,0,314,314,14,12,2
"2022-23","13530","Maryland","Abby Meyers|Brinae Alexander|Diamond Miller|Lavender Briggs|Shyanne Sellers",5,314,331,17,0,0,0
"2022-23","13530","Iowa","Caitlin Clark|Hannah Stuelke|Kate Martin|Molly Davis|Monika Czinano",5,314,397,83,3,3,0
"2022-23","13530","Iowa","Caitlin Clark|Hannah Stuelke|McKenna Warnock|Molly Davis|Sydney Affolter",5,397,445,48,3,0,3
"2022-23","13530","Iowa","Caitlin Clark|Gabbie Marshall|Hannah Stuelke|McKenna Warnock|Sydney Affolter",5,445,502,57,0,4,-4
"2022-23","13530","Iowa","Gabbie Marshall|Kate Martin|McKenna Warnock|Molly Davis|Monika Czinano",5,502,529,27,0,0,0
"2022-23","13530","Maryland","Brinae Alexander|Diamond Miller|Faith Masonius|Lavender Briggs|Shyanne Sellers",5,331,600,269,7,6,1
"2022-23","13530","Maryland","Abby Meyers|Brinae Alexander|Diamond Miller|Lavender Briggs|Shyanne Sellers",5,600,633,33,3,0,3
"2022-23","13530","Maryland","Abby Meyers|Brinae Alexander|Faith Masonius|Lavender Briggs|Shyanne Sellers",5,633,869,236,14,2,12
"2022-23","13530","Iowa","Caitlin Clark|Gabbie Marshall|Kate Martin|McKenna Warnock|Monika Czinano",5,529,869,340,2,17,-15
"2022-23","13530","Maryland","Abby Meyers|Brinae Alexander|Elisa Pinzan|Faith Masonius|Lavender Briggs",5,869,922,53,3,2,1
"2022-23","13530","Iowa","Caitlin Clark|McKenna Warnock|Molly Davis|Monika Czinano|Sydney Affolter",5,869,987,118,2,8,-6
"2022-23","13530","Maryland","Abby Meyers|Brinae Alexander|Faith Masonius|Lavender Briggs|Shyanne Sellers",5,922,1020,98,5,2,3
"2022-23","13530","Maryland","Abby Meyers|Bri McDaniel|Faith Masonius|Lavender Briggs|Shyanne Sellers",5,1020,1055,35,0,2,-2
"2022-23","13530","Iowa","Caitlin Clark|McKenna Warnock|Monika Czinano|Sydney Affolter|Taylor McCabe",5,987,1055,68,4,0,4
"2022-23","13530","Maryland","Abby Meyers|Bri McDaniel|Brinae Alexander|Lavender Briggs|Shyanne Sellers",5,1055,1084,29,0,0,0
"2022-23","13530","Maryland","Abby Meyers|Bri McDaniel|Brinae Alexander|Elisa Pinzan|Lavender Briggs",5,1084,1091,7,0,0,0
"2022-23","13530","Iowa","Caitlin Clark|Hannah Stuelke|McKenna Warnock|Sydney Affolter|Taylor McCabe",5,1055,1117,62,0,0,0
"2022-23","13530","Maryland","Abby Meyers|Brinae Alexander|Elisa Pinzan|Faith Masonius|Lavender Briggs",5,1091,1200,109,2,0,2
"2022-23","13530","Iowa","Caitlin Clark|Hannah Stuelke|Monika Czinano|Sydney Affolter|Taylor McCabe",5,1117,1200,83,0,2,-2
"2022-23","13530","Maryland","Abby Meyers|Diamond Miller|Elisa Pinzan|Faith Masonius|Shyanne Sellers",5,1200,1348,148,8,8,0
"2022-23","13530","Iowa","Caitlin Clark|Gabbie Marshall|Kate Martin|McKenna Warnock|Monika Czinano",5,1200,1348,148,8,8,0
"2022-23","13530","Maryland","Abby Meyers|Diamond Miller|Faith Masonius|Lavender Briggs|Shyanne Sellers",5,1348,1372,24,2,2,0
"2022-23","13530","Iowa","Caitlin Clark|Gabbie Marshall|Kate Martin|Monika Czinano|Sydney Affolter",5,1348,1436,88,2,8,-6
"2022-23","13530","Iowa","Caitlin Clark|Gabbie Marshall|McKenna Warnock|Monika Czinano|Sydney Affolter",5,1436,1651,215,7,4,3
"2022-23","13530","Maryland","Brinae Alexander|Diamond Miller|Faith Masonius|Lavender Briggs|Shyanne Sellers",5,1372,1800,428,17,11,6
"2022-23","13530","Iowa","Caitlin Clark|Gabbie Marshall|Hannah Stuelke|Kate Martin|Sydney Affolter",5,1651,1800,149,4,7,-3
"2022-23","13530","Iowa","Caitlin Clark|Gabbie Marshall|Kate Martin|Monika Czinano|Sydney Affolter",5,1800,1933,133,2,4,-2
"2022-23","13530","Maryland","Abby Meyers|Diamond Miller|Elisa Pinzan|Faith Masonius|Lavender Briggs",5,1800,1933,133,4,2,2
"2022-23","13530","Maryland","Abby Meyers|Diamond Miller|Faith Masonius|Lavender Briggs|Shyanne Sellers",5,1933,1989,56,0,0,0
"2022-23","13530","Iowa","Gabbie Marshall|Kate Martin|McKenna Warnock|Molly Davis|Monika Czinano",5,1933,2062,129,3,5,-2
"2022-23","13530","Iowa","Caitlin Clark|Gabbie Marshall|Hannah Stuelke|McKenna Warnock|Sydney Affolter",5,2062,2194,132,6,7,-1
"2022-23","13530","Iowa","Gabbie Marshall|Hannah Stuelke|Molly Davis|Monika Czinano|Sydney Affolter",5,2194,2204,10,2,0,2
"2022-23","13530","Maryland","Abby Meyers|Brinae Alexander|Diamond Miller|Faith Masonius|Shyanne Sellers",5,1989,2216,227,12,11,1
"2022-23","13530","Maryland","Abby Meyers|Brinae Alexander|Diamond Miller|Lavender Briggs|Shyanne Sellers",5,2216,2297,81,5,5,0
"2022-23","13530","Iowa","Caitlin Clark|Hannah Stuelke|Molly Davis|Monika Czinano|Sydney Affolter",5,2204,2297,93,5,5,0
"2022-23","13530","Maryland","Abby Meyers|Brinae Alexander|Diamond Miller|Elisa Pinzan|Lavender Briggs",5,2297,2310,13,2,0,2
"2022-23","13530","Iowa","Hannah Stuelke|Molly Davis|Monika Czinano|Sydney Affolter|Taylor McCabe",5,2297,2310,13,0,2,-2
"2022-23","13530","Maryland","Abby Meyers|Bri McDaniel|Brinae Alexander|Elisa Pinzan|Lavender Briggs",5,2310,2336,26,0,0,0
"2022-23","13530","Maryland","Ava Sciolla|Bri McDaniel|Elisa Pinzan|Lavender Briggs|Mila Reynolds",5,2336,2400,64,0,1,-1
"2022-23","13530","Iowa","Addison O'Grady|Hannah Stuelke|Molly Davis|Sydney Affolter|Taylor McCabe",5,2310,2400,90,1,0,1
"2022-23","13547","Maryland","Abby Meyers|Diamond Miller|Elisa Pinzan|Faith Masonius|Shyanne Sellers",5,0,127,127,4,5,-1
"2022-23","13547","Maryland","Abby Meyers|Diamond Miller|Faith Masonius|Lavender Briggs|Shyanne Sellers",5,127,133,6,0,2,-2
"2022-23","13547","Maryland","Brinae Alexander|Diamond Miller|Faith Masonius|Lavender Briggs|Shyanne Sellers",5,133,195,62,3,4,-1
"2022-23","13547","Iowa","Caitlin Clark|Gabbie Marshall|Kate Martin|McKenna Warnock|Monika Czinano",5,0,247,247,14,9,5
"2022-23","13547","Maryland","Bri McDaniel|Brinae Alexander|Diamond Miller|Lavender Briggs|Shyanne Sellers",5,195,269,74,2,6,-4
"2022-23","13547","Iowa","Caitlin Clark|Hannah Stuelke|Kate Martin|McKenna Warnock|Molly Davis",5,247,286,39,5,0,5
"2022-23","13547","Maryland","Bri McDaniel|Brinae Alexander|Faith Masonius|Lavender Briggs|Shyanne Sellers",5,269,286,17,0,2,-2
"2022-23","13547","Iowa","Caitlin Clark|Gabbie Marshall|Hannah Stuelke|Kate Martin|McKenna Warnock",5,286,305,19,0,0,0
"2022-23","13547","Maryland","Brinae Alexander|Diamond Miller|Faith Masonius|Lavender Briggs|Shyanne Sellers",5,286,330,44,0,2,-2
"2022-23","13547","Iowa","Caitlin Clark|Gabbie Marshall|Hannah Stuelke|Monika Czinano|Sydney Affolter",5,305,360,55,2,2,0
"2022-23","13547","Iowa","Caitlin Clark|Gabbie Marshall|Hannah Stuelke|Kate Martin|Monika Czinano",5,360,374,14,0,1,-1
"2022-23","13547","Iowa","Caitlin Clark|Gabbie Marshall|Kate Martin|McKenna Warnock|Monika Czinano",5,374,393,19,0,0,0
"2022-23","13547","Iowa","Gabbie Marshall|Kate Martin|McKenna Warnock|Molly Davis|Monika Czinano",5,393,565,172,5,6,-1
"2022-23","13547","Maryland","Abby Meyers|Brinae Alexander|Diamond Miller|Faith Masonius|Lavender Briggs",5,330,565,235,9,5,4
"2022-23","13547","Maryland","Abby Meyers|Bri McDaniel|Brinae Alexander|Diamond Miller|Faith Masonius",5,565,600,35,0,0,0
"2022-23","13547","Iowa","Caitlin Clark|Gabbie Marshall|Kate Martin|McKenna Warnock|Monika Czinano",5,565,671,106,3,3,0
"2022-23","13547","Iowa","Caitlin Clark|Gabbie Marshall|McKenna Warnock|Monika Czinano|Sydney Affolter",5,671,686,15,0,2,-2
"2022-23","13547","Maryland","Abby Meyers|Bri McDaniel|Brinae Alexander|Diamond Miller|Shyanne Sellers",5,600,729,129,7,3,4
"2022-23","13547","Maryland","Abby Meyers|Brinae Alexander|Diamond Miller|Lavender Briggs|Shyanne Sellers",5,729,879,150,8,11,-3
"2022-23","13547","Iowa","Caitlin Clark|Gabbie Marshall|Kate Martin|Molly Davis|Monika Czinano",5,686,947,261,11,13,-2
"2022-23","13547","Iowa","Caitlin Clark|Gabbie Marshall|Kate Martin|Monika Czinano|Sydney Affolter",5,947,984,37,0,0,0
"2022-23","13547","Maryland","Abby Meyers|Brinae Alexander|Faith Masonius|Lavender Briggs|Shyanne Sellers",5,879,984,105,3,0,3
"2022-23","13547","Iowa","Caitlin Clark|Gabbie Marshall|Hannah Stuelke|Monika Czinano|Sydney Affolter",5,984,1131,147,7,6,1
"2022-23","13547","Maryland","Abby Meyers|Diamond Miller|Faith Masonius|Lavender Briggs|Shyanne Sellers",5,984,1131,147,6,7,-1
"2022-23","13547","Iowa","Gabbie Marshall|Hannah Stuelke|Kate Martin|Molly Davis|Sydney Affolter",5,1131,1162,31,0,0,0
"2022-23","13547","Maryland","Abby Meyers|Brinae Alexander|Elisa Pinzan|Faith Masonius|Lavender Briggs",5,1131,1195,64,0,0,0
"2022-23","13547","Iowa","Caitlin Clark|Gabbie Marshall|Kate Martin|Monika Czinano|Sydney Affolter",5,1162,1200,38,0,0,0
"2022-23","13547","Maryland","Abby Meyers|Bri McDaniel|Brinae Alexander|Faith Masonius|Lavender Briggs",5,1195,1200,5,0,0,0
"2022-23","13547","Maryland","Abby Meyers|Diamond Miller|Elisa Pinzan|Faith Masonius|Shyanne Sellers",5,1200,1339,139,5,5,0
"2022-23","13547","Maryland","Abby Meyers|Brinae Alexander|Faith Masonius|Lavender Briggs|Shyanne Sellers",5,1339,1477,138,4,5,-1
"2022-23","13547","Iowa","Caitlin Clark|Gabbie Marshall|Kate Martin|McKenna Warnock|Monika Czinano",5,1200,1477,277,10,9,1
"2022-23","13547","Iowa","Caitlin Clark|Gabbie Marshall|Hannah Stuelke|Kate Martin|McKenna Warnock",5,1477,1489,12,0,2,-2
"2022-23","13547","Iowa","Addison O'Grady|Caitlin Clark|Gabbie Marshall|Kate Martin|McKenna Warnock",5,1489,1527,38,0,2,-2
"2022-23","13547","Maryland","Abby Meyers|Bri McDaniel|Faith Masonius|Lavender Briggs|Shyanne Sellers",5,1477,1599,122,4,4,0
"2022-23","13547","Maryland","Abby Meyers|Diamond Miller|Faith Masonius|Lavender Briggs|Shyanne Sellers",5,1599,1671,72,2,0,2
"2022-23","13547","Iowa","Caitlin Clark|Gabbie Marshall|Kate Martin|McKenna Warnock|Monika Czinano",5,1527,1721,194,4,2,2
"2022-23","13547","Maryland","Abby Meyers|Brinae Alexander|Diamond Miller|Faith Masonius|Lavender Briggs",5,1671,1740,69,2,1,1
"2022-23","13547","Iowa","Caitlin Clark|Gabbie Marshall|McKenna Warnock|Monika Czinano|Sydney Affolter",5,1721,1800,79,3,4,-1
"2022-23","13547","Maryland","Abby Meyers|Brinae Alexander|Diamond Miller|Lavender Briggs|Shyanne Sellers",5,1740,1800,60,2,2,0
"2022-23","13547","Iowa","Caitlin Clark|Gabbie Marshall|Kate Martin|McKenna Warnock|Monika Czinano",5,1800,1959,159,4,4,0
"2022-23","13547","Maryland","Abby Meyers|Diamond Miller|Faith Masonius|Lavender Briggs|Shyanne Sellers",5,1800,2052,252,7,12,-5
"2022-23","13547","Iowa","Caitlin Clark|Gabbie Marshall|McKenna Warnock|Monika Czinano|Sydney Affolter",5,1959,2149,190,8,5,3
"2022-23","13547","Maryland","Abby Meyers|Brinae Alexander|Diamond Miller|Faith Masonius|Shyanne Sellers",5,2052,2219,167,7,3,4
"2022-23","13547","Maryland","Abby Meyers|Diamond Miller|Faith Masonius|Lavender Briggs|Shyanne Sellers",5,2219,2355,136,4,6,-2
"2022-23","13547","Maryland","Abby Meyers|Brinae Alexander|Diamond Miller|Faith Masonius|Shyanne Sellers",5,2355,2365,10,0,0,0
"2022-23","13547","Maryland","Abby Meyers|Bri McDaniel|Brinae Alexander|Diamond Miller|Lavender Briggs|Shyanne Sellers",6,2365,2375,10,5,0,5
"2022-23","13547","Maryland","Abby Meyers|Bri McDaniel|Diamond Miller|Lavender Briggs|Shyanne Sellers",5,2375,2378,3,0,0,0
"2022-23","13547","Iowa","Caitlin Clark|Gabbie Marshall|Kate Martin|McKenna Warnock|Monika Czinano",5,2149,2400,251,13,14,-1
"2022-23","13547","Maryland","Abby Meyers|Diamond Miller|Faith Masonius|Lavender Briggs|Shyanne Sellers",5,2378,2400,22,0,4,-4
"2022-23","13554","Arizona","Cate Reese|Esmery Martinez|Jade Loville|Lauren Fields|Shaina Pellington",5,0,149,149,0,6,-6
"2022-23","13554","Maryland","Abby Meyers|Diamond Miller|Elisa Pinzan|Faith Masonius|Shyanne Sellers",5,0,304,304,12,2,10
"2022-23","13554","Arizona","Cate Reese|Helena Pueyo|Jade Loville|Lauren Fields|Shaina Pellington",5,149,304,155,2,6,-4
"2022-23","13554","Maryland","Brinae Alexander|Diamond Miller|Faith Masonius|Lavender Briggs|Shyanne Sellers",5,304,433,129,0,4,-4
"2022-23","13554","Arizona","Cate Reese|Esmery Martinez|Helena Pueyo|Lauren Fields|Shaina Pellington",5,304,433,129,4,0,4
"2022-23","13554","Maryland","Abby Meyers|Bri McDaniel|Brinae Alexander|Faith Masonius|Shyanne Sellers",5,433,521,88,2,2,0
"2022-23","13554","Arizona","Cate Reese|Esmery Martinez|Helena Pueyo|Lauren Fields|Paris Clark",5,433,521,88,2,2,0
"2022-23","13554","Maryland","Abby Meyers|Bri McDaniel|Brinae Alexander|Diamond Miller|Elisa Pinzan",5,521,600,79,3,0,3
"2022-23","13554","Arizona","Esmery Martinez|Helena Pueyo|Madison Conner|Paris Clark|Shaina Pellington",5,521,600,79,0,3,-3
"2022-23","13554","Maryland","Abby Meyers|Brinae Alexander|Diamond Miller|Faith Masonius|Shyanne Sellers",5,600,731,131,5,4,1
"2022-23","13554","Maryland","Abby Meyers|Brinae Alexander|Diamond Miller|Elisa Pinzan|Faith Masonius",5,731,941,210,3,8,-5
"2022-23","13554","Maryland","Bri McDaniel|Diamond Miller|Elisa Pinzan|Faith Masonius|Lavender Briggs",5,941,988,47,0,4,-4
"2022-23","13554","Arizona","Cate Reese|Esmery Martinez|Helena Pueyo|Paris Clark|Shaina Pellington",5,600,1011,411,16,10,6
"2022-23","13554","Maryland","Abby Meyers|Brinae Alexander|Diamond Miller|Elisa Pinzan|Faith Masonius",5,988,1135,147,4,9,-5
"2022-23","13554","Maryland","Abby Meyers|Brinae Alexander|Diamond Miller|Faith Masonius|Shyanne Sellers",5,1135,1178,43,3,0,3
"2022-23","13554","Arizona","Cate Reese|Helena Pueyo|Lauren Fields|Paris Clark|Shaina Pellington",5,1011,1178,167,9,5,4
"2022-23","13554","Maryland","Abby Meyers|Brinae Alexander|Diamond Miller|Faith Masonius|Lavender Briggs",5,1178,1200,22,0,0,0
"2022-23","13554","Arizona","Cate Reese|Helena Pueyo|Jade Loville|Lauren Fields|Paris Clark",5,1178,1200,22,0,0,0
"2022-23","13554","Arizona","Cate Reese|Esmery Martinez|Jade Loville|Lauren Fields|Shaina Pellington",5,1200,1305,105,0,2,-2
"2022-23","13554","Arizona","Cate Reese|Esmery Martinez|Helena Pueyo|Paris Clark|Shaina Pellington",5,1305,1383,78,0,5,-5
"2022-23","13554","Arizona","Cate Reese|Esmery Martinez|Helena Pueyo|Lauren Fields|Paris Clark",5,1383,1431,48,0,0,0
"2022-23","13554","Maryland","Abby Meyers|Brinae Alexander|Diamond Miller|Faith Masonius|Shyanne Sellers",5,1200,1496,296,11,2,9
"2022-23","13554","Arizona","Cate Reese|Helena Pueyo|Kailyn Gilbert|Lauren Fields|Paris Clark",5,1431,1513,82,2,4,-2
"2022-23","13554","Maryland","Abby Meyers|Diamond Miller|Faith Masonius|Lavender Briggs|Shyanne Sellers",5,1496,1611,115,6,2,4
"2022-23","13554","Arizona","Cate Reese|Helena Pueyo|Kailyn Gilbert|Madison Conner|Paris Clark",5,1513,1611,98,2,6,-4
"2022-23","13554","Arizona","Cate Reese|Helena Pueyo|Jade Loville|Madison Conner|Paris Clark",5,1611,1658,47,1,4,-3
"2022-23","13554","Maryland","Abby Meyers|Brinae Alexander|Diamond Miller|Lavender Briggs|Shyanne Sellers",5,1611,1658,47,4,1,3
"2022-23","13554","Maryland","Brinae Alexander|Diamond Miller|Faith Masonius|Lavender Briggs|Shyanne Sellers",5,1658,1689,31,2,1,1
"2022-23","13554","Arizona","Cate Reese|Jade Loville|Madison Conner|Paris Clark|Shaina Pellington",5,1658,1702,44,2,4,-2
"2022-23","13554","Maryland","Brinae Alexander|Diamond Miller|Elisa Pinzan|Faith Masonius|Lavender Briggs",5,1689,1800,111,6,3,3
"2022-23","13554","Arizona","Cate Reese|Esmery Martinez|Jade Loville|Paris Clark|Shaina Pellington",5,1702,1800,98,2,4,-2
"2022-23","13554","Maryland","Brinae Alexander|Diamond Miller|Faith Masonius|Lavender Briggs|Shyanne Sellers",5,1800,1854,54,2,0,2
"2022-23","13554","Arizona","Cate Reese|Esmery Martinez|Lauren Fields|Paris Clark|Shaina Pellington",5,1800,1917,117,3,5,-2
"2022-23","13554","Maryland","Abby Meyers|Brinae Alexander|Faith Masonius|Lavender Briggs|Shyanne Sellers",5,1854,1952,98,3,3,0
"2022-23","13554","Arizona","Cate Reese|Esmery Martinez|Jade Loville|Lauren Fields|Shaina Pellington",5,1917,1952,35,0,0,0
"2022-23","13554","Maryland","Abby Meyers|Brinae Alexander|Diamond Miller|Faith Masonius|Lavender Briggs",5,1952,1963,11,0,0,0
"2022-23","13554","Arizona","Cate Reese|Esmery Martinez|Jade Loville|Kailyn Gilbert|Lauren Fields",5,1952,2037,85,2,1,1
"2022-23","13554","Maryland","Brinae Alexander|Diamond Miller|Faith Masonius|Lavender Briggs|Shyanne Sellers",5,1963,2053,90,1,4,-3
"2022-23","13554","Arizona","Cate Reese|Esmery Martinez|Helena Pueyo|Kailyn Gilbert|Lauren Fields",5,2037,2053,16,2,0,2
"2022-23","13554","Arizona","Cate Reese|Esmery Martinez|Helena Pueyo|Lauren Fields|Shaina Pellington",5,2053,2192,139,6,6,0
"2022-23","13554","Maryland","Brinae Alexander|Diamond Miller|Elisa Pinzan|Faith Masonius|Lavender Briggs",5,2053,2292,239,8,12,-4
"2022-23","13554","Maryland","Brinae Alexander|Diamond Miller|Elisa Pinzan|Lavender Briggs|Shyanne Sellers",5,2292,2349,57,0,1,-1
"2022-23","13554","Arizona","Esmery Martinez|Helena Pueyo|Lauren Fields|Paris Clark|Shaina Pellington",5,2192,2349,157,7,2,5
"2022-23","13554","Maryland","Ava Sciolla|Brinae Alexander|Gia Cooke|Lavender Briggs|Shyanne Sellers",5,2349,2353,4,0,0,0
"2022-23","13554","Maryland","Ava Sciolla|Gia Cooke|Lavender Briggs|Mila Reynolds|Shyanne Sellers",5,2353,2400,47,2,2,0
"2022-23","13554","Arizona","Esmery Martinez|Helena Pueyo|Kailyn Gilbert|Lauren Fields|Paris Clark",5,2349,2400,51,2,2,0
"2022-23","13558","Maryland","Abby Meyers|Diamond Miller|Elisa Pinzan|Faith Masonius|Shyanne Sellers",5,0,82,82,4,2,2
"2022-23","13558","Maryland","Abby Meyers|Brinae Alexander|Diamond Miller|Faith Masonius|Shyanne Sellers",5,82,90,8,0,0,0
"2022-23","13558","Maryland","Abby Meyers|Diamond Miller|Faith Masonius|Lavender Briggs|Shyanne Sellers",5,90,179,89,1,4,-3
"2022-23","13558","Maryland","Abby Meyers|Bri McDaniel|Faith Masonius|Lavender Briggs|Shyanne Sellers",5,179,226,47,0,2,-2
"2022-23","13558","South Carolina","Aliyah Boston|Brea Beal|Kierra Fletcher|Victaria Saxton|Zia Cooke",5,0,414,414,13,14,-1
"2022-23","13558","Maryland","Abby Meyers|Bri McDaniel|Elisa Pinzan|Faith Masonius|Lavender Briggs",5,226,414,188,9,5,4
"2022-23","13558","Maryland","Bri McDaniel|Diamond Miller|Elisa Pinzan|Faith Masonius|Lavender Briggs",5,414,490,76,5,2,3
"2022-23","13558","Maryland","Abby Meyers|Diamond Miller|Elisa Pinzan|Faith Masonius|Lavender Briggs",5,490,588,98,0,0,0
"2022-23","13558","South Carolina","Bree Hall|Kamilla Cardoso|Laeticia Amihere|Raven Johnson|Zia Cooke",5,414,600,186,2,7,-5
"2022-23","13558","Maryland","Abby Meyers|Bri McDaniel|Elisa Pinzan|Faith Masonius|Lavender Briggs",5,588,600,12,2,0,2
"2022-23","13558","Maryland","Abby Meyers|Bri McDaniel|Brinae Alexander|Lavender Briggs|Shyanne Sellers",5,600,614,14,0,0,0
"2022-23","13558","Maryland","Abby Meyers|Bri McDaniel|Brinae Alexander|Faith Masonius|Shyanne Sellers",5,614,615,1,0,0,0
"2022-23","13558","South Carolina","Aliyah Boston|Brea Beal|Kierra Fletcher|Laeticia Amihere|Raven Johnson",5,600,635,35,2,0,2
"2022-23","13558","Maryland","Abby Meyers|Brinae Alexander|Diamond Miller|Faith Masonius|Shyanne Sellers",5,615,659,44,0,4,-4
"2022-23","13558","Maryland","Abby Meyers|Brinae Alexander|Diamond Miller|Elisa Pinzan|Faith Masonius",5,659,685,26,0,0,0
"2022-23","13558","Maryland","Abby Meyers|Brinae Alexander|Elisa Pinzan|Faith Masonius|Lavender Briggs",5,685,747,62,2,1,1
"2022-23","13558","South Carolina","Aliyah Boston|Brea Beal|Kierra Fletcher|Raven Johnson|Victaria Saxton",5,635,857,222,4,2,2
"2022-23","13558","Maryland","Abby Meyers|Bri McDaniel|Elisa Pinzan|Faith Masonius|Lavender Briggs",5,747,857,110,0,1,-1
"2022-23","13558","Maryland","Abby Meyers|Bri McDaniel|Brinae Alexander|Elisa Pinzan|Lavender Briggs",5,857,909,52,0,3,-3
"2022-23","13558","Maryland","Abby Meyers|Brinae Alexander|Elisa Pinzan|Gia Cooke|Lavender Briggs",5,909,1071,162,5,8,-3
"2022-23","13558","South Carolina","Aliyah Boston|Brea Beal|Raven Johnson|Victaria Saxton|Zia Cooke",5,857,1200,343,17,7,10
"2022-23","13558","Maryland","Abby Meyers|Bri McDaniel|Elisa Pinzan|Gia Cooke|Lavender Briggs",5,1071,1200,129,2,6,-4
"2022-23","13558","Maryland","Abby Meyers|Diamond Miller|Elisa Pinzan|Faith Masonius|Shyanne Sellers",5,1200,1324,124,2,4,-2
"2022-23","13558","Maryland","Abby Meyers|Brinae Alexander|Diamond Miller|Faith Masonius|Shyanne Sellers",5,1324,1422,98,4,4,0
"2022-23","13558","Maryland","Abby Meyers|Brinae Alexander|Diamond Miller|Lavender Briggs|Shyanne Sellers",5,1422,1435,13,0,0,0
"2022-23","13558","South Carolina","Aliyah Boston|Brea Beal|Kierra Fletcher|Victaria Saxton|Zia Cooke",5,1200,1506,306,10,8,2
"2022-23","13558","South Carolina","Aliyah Boston|Brea Beal|Kamilla Cardoso|Raven Johnson|Zia Cooke",5,1506,1654,148,8,7,1
"2022-23","13558","Maryland","Brinae Alexander|Diamond Miller|Elisa Pinzan|Lavender Briggs|Shyanne Sellers",5,1435,1654,219,9,10,-1
"2022-23","13558","South Carolina","Aliyah Boston|Bree Hall|Kamilla Cardoso|Raven Johnson|Zia Cooke",5,1654,1800,146,6,5,1
"2022-23","13558","Maryland","Brinae Alexander|Diamond Miller|Faith Masonius|Lavender Briggs|Shyanne Sellers",5,1654,1800,146,5,6,-1
"2022-23","13558","Maryland","Abby Meyers|Diamond Miller|Faith Masonius|Lavender Briggs|Shyanne Sellers",5,1800,1963,163,7,9,-2
"2022-23","13558","South Carolina","Aliyah Boston|Brea Beal|Bree Hall|Kamilla Cardoso|Raven Johnson",5,1800,2109,309,15,13,2
"2022-23","13558","South Carolina","Aliyah Boston|Brea Beal|Bree Hall|Kamilla Cardoso|Zia Cooke",5,2109,2140,31,2,0,2
"2022-23","13558","Maryland","Brinae Alexander|Diamond Miller|Faith Masonius|Lavender Briggs|Shyanne Sellers",5,1963,2140,177,6,8,-2
"2022-23","13558","South Carolina","Brea Beal|Bree Hall|Kamilla Cardoso|Laeticia Amihere|Zia Cooke",5,2140,2224,84,5,4,1
"2022-23","13558","South Carolina","Brea Beal|Kamilla Cardoso|Laeticia Amihere|Raven Johnson|Zia Cooke",5,2224,2237,13,2,0,2
"2022-23","13558","South Carolina","Kamilla Cardoso|Laeticia Amihere|Raven Johnson|Victaria Saxton|Zia Cooke",5,2237,2331,94,0,5,-5
"2022-23","13558","Maryland","Brinae Alexander|Diamond Miller|Gia Cooke|Lavender Briggs|Shyanne Sellers",5,2140,2331,191,9,7,2
"2022-23","13558","Maryland","Brinae Alexander|Elisa Pinzan|Gia Cooke|Lavender Briggs|Shyanne Sellers",5,2331,2374,43,3,0,3
"2022-23","13558","South Carolina","Ashlyn Watkins|Chloe Kitts|Olivia Thompson|Sania Feagin|Talaysia Cooper",5,2331,2400,69,0,3,-3
"2022-23","13558","Maryland","Ava Sciolla|Brinae Alexander|Gia Cooke|Lavender Briggs|Shyanne Sellers",5,2374,2400,26,0,0,0
