"source_id","file_id","team","player_name","player_number","stint_index","in_seconds","out_seconds","duration","pts_for","pts_against","plus_minus","starter"
"2022-23","13135","Maryland","Shyanne Sellers",0,1,0,238,238,4,7,-3,1
"2022-23","13135","Maryland","Lavender Briggs",3,1,0,1054,1054,22,32,-10,1
"2022-23","13135","Maryland","Abby Meyers",10,1,0,1166,1166,26,32,-6,1
"2022-23","13135","Maryland","Elisa Pinzan",12,1,0,491,491,12,17,-5,1
"2022-23","13135","Maryland","Faith Masonius",13,1,0,238,238,4,7,-3,1
"2022-23","13135","South Carolina","Zia Cooke",1,1,0,753,753,27,14,13,1
"2022-23","13135","South Carolina","Aliyah Boston",4,1,0,491,491,17,12,5,1
"2022-23","13135","South Carolina","Victaria Saxton",5,1,0,432,432,15,12,3,1
"2022-23","13135","South Carolina","Brea Beal",12,1,0,379,379,13,10,3,1
"2022-23","13135","South Carolina","Raven Johnson",25,1,0,179,179,3,2,1,1
"2022-23","13135","South Carolina","Kierra Fletcher",41,1,179,379,200,10,8,2,0
"2022-23","13135","Maryland","Brinae Alexander",5,1,238,379,141,6,6,0,0
"2022-23","13135","Maryland","Bri McDaniel",24,1,238,379,141,6,6,0,0
"2022-23","13135","Maryland","Shyanne Sellers",0,2,379,461,82,2,2,0,0
"2022-23","13135","Maryland","Faith Masonius",13,2,379,670,291,2,8,-6,0
"2022-23","13135","South Carolina","Kamilla Cardoso",10,1,379,600,221,6,2,4,0
"2022-23","13135","South Carolina","Laeticia Amihere",15,1,379,890,511,14,10,4,0
"2022-23","13135","South Carolina","Raven Johnson",25,2,432,600,168,4,0,4,0
"2022-23","13135","Maryland","Brinae Alexander",5,2,461,1200,739,14,17,-3,0
"2022-23","13135","Maryland","Gia Cooke",11,1,491,600,109,0,2,-2,0
"2022-23","13135","South Carolina","Ashlyn Watkins",2,1,491,600,109,2,0,2,0
"2022-23","13135","Maryland","Elisa Pinzan",12,2,600,753,153,2,8,-6,0
"2022-23","13135","South Carolina","Brea Beal",12,2,600,1572,972,26,26,0,0
"2022-23","13135","South Carolina","Sania Feagin",20,1,600,947,347,11,10,1,0
"2022-23","13135","South Carolina","Kierra Fletcher",41,2,600,753,153,8,2,6,0
"2022-23","13135","Maryland","Shyanne Sellers",0,3,670,1009,339,10,11,-1,0
"2022-23","13135","Maryland","Gia Cooke",11,2,753,1200,447,12,5,7,0
"2022-23","13135","South Carolina","Aliyah Boston",4,2,753,1185,432,5,12,-7,0
"2022-23","13135","South Carolina","Talaysia Cooper",11,1,753,962,209,3,8,-5,0
"2022-23","13135","South Carolina","Zia Cooke",1,2,890,1068,178,5,2,3,0
"2022-23","13135","South Carolina","Victaria Saxton",5,2,947,1200,253,2,4,-2,0
"2022-23","13135","South Carolina","Bree Hall",23,1,962,1200,238,2,4,-2,0
"2022-23","13135","Maryland","Bri McDaniel",24,2,1009,1200,191,4,0,4,0
"2022-23","13135","Maryland","Faith Masonius",13,3,1054,1618,564,17,16,1,0
"2022-23","13135","South Carolina","Raven Johnson",25,3,1068,1185,117,0,4,-4,0
"2022-23","13135","Maryland","Shyanne Sellers",0,4,1166,1440,274,6,9,-3,0
"2022-23","13135","South Carolina","Laeticia Amihere",15,2,1185,1200,15,0,0,0,0
"2022-23","13135","South Carolina","Kierra Fletcher",41,3,1185,1200,15,0,0,0,0
"2022-23","13135","Maryland","Lavender Briggs",3,2,1200,1515,315,9,12,-3,0
"2022-23","13135","Maryland","Abby Meyers",10,2,1200,1704,504,13,23,-10,0
"2022-23","13135","Maryland","Elisa Pinzan",12,3,1200,1490,290,9,12,-3,0
"2022-23","13135","South Carolina","Zia Cooke",1,3,1200,1960,760,37,21,16,0
"2022-23","13135","South Carolina","Aliyah Boston",4,3,1200,2056,856,39,21,18,0
"2022-23","13135","South Carolina","Raven Johnson",25,4,1200,1200,0,0,0,0,0
"2022-23","13135","South Carolina","Raven Johnson",25,5,1200,1515,315,12,9,3,0
"2022-23","13135","South Carolina","Kierra Fletcher",41,4,1200,1373,173,7,4,3,0
"2022-23","13135","South Carolina","Kamilla Cardoso",10,2,1373,1960,587,30,17,13,0
"2022-23","13135","Maryland","Brinae Alexander",5,3,1440,1777,337,11,17,-6,0
"2022-23","13135","Maryland","Gia Cooke",11,3,1490,1722,232,4,12,-8,0
"2022-23","13135","Maryland","Bri McDaniel",24,3,1515,1609,94,4,4,0,0
"2022-23","13135","South Carolina","Kierra Fletcher",41,5,1515,1799,284,18,8,10,0
"2022-23","13135","South Carolina","Laeticia Amihere",15,3,1572,2156,584,29,13,16,0
"2022-23","13135","Maryland","Shyanne Sellers",0,5,1609,1618,9,0,0,0,0
"2022-23","13135","Maryland","Lavender Briggs",3,3,1618,1960,342,8,21,-13,0
"2022-23","13135","Maryland","Bri McDaniel",24,4,1618,1679,61,0,7,-7,0
"2022-23","13135","Maryland","Shyanne Sellers",0,6,1679,1800,121,4,7,-3,0
"2022-23","13135","Maryland","Mila Reynolds",15,1,1704,1800,96,4,7,-3,0
"2022-23","13135","Maryland","Elisa Pinzan",12,4,1722,2228,506,12,18,-6,0
"2022-23","13135","Maryland","Abby Meyers",10,3,1777,2363,586,11,23,-12,0
"2022-23","13135","South Carolina","Raven Johnson",25,6,1799,1960,161,7,4,3,0
"2022-23","13135","Maryland","Brinae Alexander",5,4,1800,1856,56,0,4,-4,0
"2022-23","13135","Maryland","Faith Masonius",13,4,1800,2400,600,13,19,-6,0
"2022-23","13135","Maryland","Shyanne Sellers",0,7,1856,2154,298,8,8,0,0
"2022-23","13135","Maryland","Bri McDaniel",24,5,1960,2228,268,4,5,-1,0
"2022-23","13135","South Carolina","Victaria Saxton",5,3,1960,2212,252,5,4,1,0
"2022-23","13135","South Carolina","Brea Beal",12,3,1960,2212,252,5,4,1,0
"2022-23","13135","South Carolina","Kierra Fletcher",41,6,1960,2228,268,5,4,1,0
"2022-23","13135","South Carolina","Sania Feagin",20,2,2056,2212,156,3,4,-1,0
"2022-23","13135","Maryland","Brinae Alexander",5,5,2154,2306,152,3,2,1,0
"2022-23","13135","South Carolina","Ashlyn Watkins",2,2,2156,2400,244,7,5,2,0
"2022-23","13135","South Carolina","Talaysia Cooper",11,2,2212,2400,188,7,5,2,0
"2022-23","13135","South Carolina","Bree Hall",23,2,2212,2400,188,7,5,2,0
"2022-23","13135","South Carolina","Raven Johnson",25,7,2212,2400,188,7,5,2,0
"2022-23","13135","Maryland","Lavender Briggs",3,4,2228,2400,172,5,7,-2,0
"2022-23","13135","Maryland","Gia Cooke",11,4,2228,2400,172,5,7,-2,0
"2022-23","13135","South Carolina","Sania Feagin",20,3,2228,2400,172,7,5,2,0
"2022-23","13135","Maryland","Mila Reynolds",15,2,2306,2400,94,2,5,-3,0
"2022-23","13135","Maryland","Bri McDaniel",24,6,2363,2400,37,2,0,2,0
"2022-23","13136","Fordham","Anna DeWolfe",2,1,0,1043,1043,29,31,-2,1
"2022-23","13136","Fordham","Asiah Dingle",3,1,0,368,368,6,14,-8,1
"2022-23","13136","Fordham","Sarah Karpell",13,1,0,292,292,4,10,-6,1
"2022-23","13136","Fordham","Kaitlyn Downey",24,1,0,244,244,4,10,-6,1
"2022-23","13136","Fordham","Megan Jonassen",43,1,0,412,412,9,16,-7,1
"2022-23","13136","Maryland","Diamond Miller",1,1,0,280,280,10,4,6,1
"2022-23","13136","Maryland","Lavender Briggs",3,1,0,688,688,23,13,10,1
"2022-23","13136","Maryland","Abby Meyers",10,1,0,333,333,12,6,6,1
"2022-23","13136","Maryland","Elisa Pinzan",12,1,0,459,459,16,9,7,1
"2022-23","13136","Maryland","Faith Masonius",13,1,0,200,200,8,4,4,1
"2022-23","13136","Maryland","Brinae Alexander",5,1,200,469,269,8,5,3,0
"2022-23","13136","Fordham","Jada Dapaa",21,1,244,688,444,9,13,-4,0
"2022-23","13136","Maryland","Shyanne Sellers",0,1,280,505,225,9,5,4,0
"2022-23","13136","Fordham","Matilda Flood",1,1,292,500,208,5,9,-4,0
"2022-23","13136","Maryland","Diamond Miller",1,2,333,822,489,15,10,5,0
"2022-23","13136","Fordham","Sarah Karpell",13,2,368,1567,1199,38,40,-2,0
"2022-23","13136","Fordham","Kaitlyn Downey",24,2,412,1032,620,20,15,5,0
"2022-23","13136","Maryland","Abby Meyers",10,2,459,1387,928,31,30,1,0
"2022-23","13136","Maryland","Bri McDaniel",24,1,469,600,131,5,2,3,0
"2022-23","13136","Fordham","Colleen McQuillen",33,1,500,783,283,4,8,-4,0
"2022-23","13136","Maryland","Gia Cooke",11,1,505,547,42,0,2,-2,0
"2022-23","13136","Maryland","Elisa Pinzan",12,2,547,954,407,10,16,-6,0
"2022-23","13136","Maryland","Faith Masonius",13,2,600,954,354,8,16,-8,0
"2022-23","13136","Fordham","Megan Jonassen",43,2,688,1455,767,26,28,-2,0
"2022-23","13136","Maryland","Shyanne Sellers",0,2,688,954,266,6,14,-8,0
"2022-23","13136","Fordham","Matilda Flood",1,2,783,1119,336,16,7,9,0
"2022-23","13136","Maryland","Lavender Briggs",3,2,822,1322,500,15,23,-8,0
"2022-23","13136","Maryland","Brinae Alexander",5,2,954,1043,89,2,2,0,0
"2022-23","13136","Maryland","Gia Cooke",11,2,954,1200,246,5,6,-1,0
"2022-23","13136","Maryland","Bri McDaniel",24,2,954,1086,132,2,2,0,0
"2022-23","13136","Fordham","Jada Dapaa",21,2,1032,1200,168,4,3,1,0
"2022-23","13136","Fordham","Asiah Dingle",3,2,1043,1512,469,12,23,-11,0
"2022-23","13136","Maryland","Diamond Miller",1,3,1043,1733,690,27,27,0,0
"2022-23","13136","Maryland","Brinae Alexander",5,3,1086,1200,114,3,4,-1,0
"2022-23","13136","Fordham","Anna DeWolfe",2,2,1119,2400,1281,47,49,-2,0
"2022-23","13136","Fordham","Kaitlyn Downey",24,3,1200,1307,107,6,6,0,0
"2022-23","13136","Maryland","Elisa Pinzan",12,3,1200,2029,829,32,28,4,0
"2022-23","13136","Maryland","Faith Masonius",13,3,1200,1512,312,20,8,12,0
"2022-23","13136","Fordham","Jada Dapaa",21,3,1307,1567,260,5,14,-9,0
"2022-23","13136","Maryland","Brinae Alexander",5,4,1322,1623,301,14,8,6,0
"2022-23","13136","Maryland","Shyanne Sellers",0,3,1387,1800,413,15,20,-5,0
"2022-23","13136","Fordham","Kaitlyn Downey",24,4,1455,2029,574,22,15,7,0
"2022-23","13136","Fordham","Matilda Flood",1,3,1512,1757,245,18,4,14,0
"2022-23","13136","Maryland","Mila Reynolds",15,1,1512,1774,262,5,18,-13,0
"2022-23","13136","Fordham","Asiah Dingle",3,3,1567,1747,180,15,4,11,0
"2022-23","13136","Fordham","Megan Jonassen",43,3,1567,2233,666,19,18,1,0
"2022-23","13136","Maryland","Faith Masonius",13,4,1623,2029,406,10,14,-4,0
"2022-23","13136","Maryland","Brinae Alexander",5,5,1733,1747,14,0,2,-2,0
"2022-23","13136","Fordham","Sarah Karpell",13,3,1747,2029,282,2,8,-6,0
"2022-23","13136","Maryland","Abby Meyers",10,3,1747,2121,374,10,5,5,0
"2022-23","13136","Fordham","Jada Dapaa",21,4,1757,2346,589,9,20,-11,0
"2022-23","13136","Maryland","Diamond Miller",1,4,1774,2400,626,24,17,7,0
"2022-23","13136","Maryland","Lavender Briggs",3,3,1800,2400,600,21,17,4,0
"2022-23","13136","Fordham","Matilda Flood",1,4,2029,2074,45,0,2,-2,0
"2022-23","13136","Fordham","Asiah Dingle",3,4,2029,2400,371,15,17,-2,0
"2022-23","13136","Maryland","Shyanne Sellers",0,4,2029,2400,371,17,15,2,0
"2022-23","13136","Maryland","Brinae Alexander",5,6,2029,2400,371,17,15,2,0
"2022-23","13136","Fordham","Kaitlyn Downey",24,5,2074,2400,326,15,15,0,0
"2022-23","13136","Maryland","Faith Masonius",13,5,2121,2400,279,15,13,2,0
"2022-23","13136","Fordham","Sarah Karpell",13,4,2233,2400,167,13,11,2,0
"2022-23","13136","Fordham","Megan Jonassen",43,4,2346,2400,54,8,5,3,0
"2022-23","13137","Davidson","Suzi-Rose Deegan",0,1,0,337,337,7,10,-3,1
"2022-23","13137","Davidson","Chloe Welch",2,1,0,209,209,7,8,-1,1
"2022-23","13137","Davidson","Sallie Schutz",30,1,0,279,279,7,10,-3,1
"2022-23","13137","Davidson","Elle Sutphin",33,1,0,54,54,0,3,-3,1
"2022-23","13137","Davidson","Issy Morgan",44,1,0,279,279,7,10,-3,1
"2022-23","13137","Maryland","Diamond Miller",1,1,0,466,466,10,10,0,1
"2022-23","13137","Maryland","Lavender Briggs",3,1,0,600,600,14,10,4,1
"2022-23","13137","Maryland","Abby Meyers",10,1,0,279,279,10,7,3,1
"2022-23","13137","Maryland","Elisa Pinzan",12,1,0,210,210,8,7,1,1
"2022-23","13137","Maryland","Faith Masonius",13,1,0,279,279,10,7,3,1
"2022-23","13137","Davidson","Maddie Plank",14,1,54,61,7,0,0,0,0
"2022-23","13137","Davidson","Elle Sutphin",33,2,61,400,339,7,7,0,0
"2022-23","13137","Davidson","Mallorie Haines",1,1,209,446,237,3,2,1,0
"2022-23","13137","Maryland","Shyanne Sellers",0,1,210,346,136,2,0,2,0
"2022-23","13137","Davidson","Chloe Welch",2,2,279,780,501,5,9,-4,0
"2022-23","13137","Davidson","Maddie Plank",14,2,279,500,221,3,2,1,0
"2022-23","13137","Maryland","Brinae Alexander",5,1,279,400,121,0,0,0,0
"2022-23","13137","Maryland","Bri McDaniel",24,1,279,333,54,0,0,0,0
"2022-23","13137","Maryland","Abby Meyers",10,2,333,600,267,4,3,1,0
"2022-23","13137","Davidson","Issy Morgan",44,2,337,500,163,3,2,1,0
"2022-23","13137","Maryland","Gia Cooke",11,1,346,532,186,2,3,-1,0
"2022-23","13137","Davidson","Sallie Schutz",30,2,400,550,150,3,2,1,0
"2022-23","13137","Maryland","Faith Masonius",13,2,400,600,200,4,3,1,0
"2022-23","13137","Davidson","Suzi-Rose Deegan",0,2,446,684,238,2,6,-4,0
"2022-23","13137","Maryland","Shyanne Sellers",0,2,466,550,84,4,0,4,0
"2022-23","13137","Davidson","Mallorie Haines",1,2,500,969,469,5,14,-9,0
"2022-23","13137","Davidson","Elle Sutphin",33,3,500,1731,1231,23,37,-14,0
"2022-23","13137","Maryland","Elisa Pinzan",12,2,532,1400,868,29,21,8,0
"2022-23","13137","Davidson","Kelby Bannerman",41,1,550,902,352,5,14,-9,0
"2022-23","13137","Maryland","Diamond Miller",1,2,550,684,134,2,2,0,0
"2022-23","13137","Maryland","Shyanne Sellers",0,3,600,735,135,2,2,0,0
"2022-23","13137","Maryland","Brinae Alexander",5,2,600,1082,482,13,7,6,0
"2022-23","13137","Maryland","Mila Reynolds",15,1,600,735,135,2,2,0,0
"2022-23","13137","Davidson","Sallie Schutz",30,3,684,1082,398,5,11,-6,0
"2022-23","13137","Maryland","Lavender Briggs",3,2,684,780,96,3,0,3,0
"2022-23","13137","Maryland","Diamond Miller",1,3,735,902,167,10,3,7,0
"2022-23","13137","Maryland","Abby Meyers",10,3,735,1059,324,11,5,6,0
"2022-23","13137","Davidson","Issy Morgan",44,3,780,1400,620,19,22,-3,0
"2022-23","13137","Maryland","Shyanne Sellers",0,4,780,1121,341,8,7,1,0
"2022-23","13137","Davidson","Maddie Plank",14,3,902,1200,298,4,3,1,0
"2022-23","13137","Maryland","Faith Masonius",13,3,902,1059,157,1,2,-1,0
"2022-23","13137","Davidson","Suzi-Rose Deegan",0,3,969,2400,1431,37,44,-7,0
"2022-23","13137","Maryland","Diamond Miller",1,4,1059,1333,274,9,9,0,0
"2022-23","13137","Maryland","Lavender Briggs",3,3,1059,1800,741,27,18,9,0
"2022-23","13137","Davidson","Kelby Bannerman",41,2,1082,1200,118,2,2,0,0
"2022-23","13137","Maryland","Abby Meyers",10,4,1082,1501,419,14,14,0,0
"2022-23","13137","Maryland","Brinae Alexander",5,3,1121,1200,79,2,0,2,0
"2022-23","13137","Davidson","Mallorie Haines",1,3,1200,1800,600,16,25,-9,0
"2022-23","13137","Davidson","Sallie Schutz",30,4,1200,1400,200,12,12,0,0
"2022-23","13137","Maryland","Faith Masonius",13,4,1200,2053,853,31,26,5,0
"2022-23","13137","Maryland","Shyanne Sellers",0,5,1333,2053,720,24,19,5,0
"2022-23","13137","Davidson","Maddie Plank",14,4,1400,2400,1000,21,29,-8,0
"2022-23","13137","Davidson","Kelby Bannerman",41,3,1400,1617,217,1,6,-5,0
"2022-23","13137","Maryland","Gia Cooke",11,2,1400,1444,44,0,0,0,0
"2022-23","13137","Maryland","Elisa Pinzan",12,3,1444,1501,57,0,0,0,0
"2022-23","13137","Maryland","Diamond Miller",1,5,1501,2249,748,27,16,11,0
"2022-23","13137","Maryland","Brinae Alexander",5,4,1501,1922,421,15,9,6,0
"2022-23","13137","Davidson","Sallie Schutz",30,5,1617,2035,418,13,13,0,0
"2022-23","13137","Davidson","Kelby Bannerman",41,4,1731,1922,191,7,7,0,0
"2022-23","13137","Davidson","Issy Morgan",44,4,1800,2149,349,10,12,-2,0
"2022-23","13137","Maryland","Abby Meyers",10,5,1800,2249,449,14,12,2,0
"2022-23","13137","Davidson","Elle Sutphin",33,4,1922,2316,394,10,12,-2,0
"2022-23","13137","Maryland","Lavender Briggs",3,4,1922,2160,238,10,5,5,0
"2022-23","13137","Davidson","Mallorie Haines",1,4,2035,2400,365,7,10,-3,0
"2022-23","13137","Maryland","Brinae Alexander",5,5,2053,2316,263,8,5,3,0
"2022-23","13137","Maryland","Elisa Pinzan",12,4,2053,2249,196,8,2,6,0
"2022-23","13137","Davidson","Sallie Schutz",30,6,2149,2400,251,7,4,3,0
"2022-23","13137","Maryland","Bri McDaniel",24,2,2160,2400,240,4,7,-3,0
"2022-23","13137","Maryland","Ava Sciolla",2,1,2249,2400,151,2,5,-3,0
"2022-23","13137","Maryland","Gia Cooke",11,3,2249,2400,151,2,5,-3,0
"2022-23","13137","Maryland","Mila Reynolds",15,2,2249,2400,151,2,5,-3,0
"2022-23","13137","Davidson","Kelby Bannerman",41,5,2316,2400,84,2,2,0,0
"2022-23","13137","Maryland","Shyanne Sellers",0,6,2316,2400,84,2,2,0,0
"2022-23","13138","Baylor","Darianna Littlepage-Buggs",5,1,0,307,307,7,7,0,1
"2022-23","13138","Baylor","Jaden Owens",10,1,0,657,657,13,15,-2,1
"2022-23","13138","Baylor","Ja'Mee Asberry",21,1,0,600,600,13,12,1,1
"2022-23","13138","Baylor","Sarah Andrews",24,1,0,549,549,12,11,1,1
"2022-23","13138","Baylor","Caitlin Bickle",51,1,0,580,580,12,11,1,1
"2022-23","13138","Maryland","Diamond Miller",1,1,0,114,114,0,2,-2,1
"2022-23","13138","Maryland","Lavender Briggs",3,1,0,140,140,0,2,-2,1
"2022-23","13138","Maryland","Abby Meyers",10,1,0,289,289,7,7,0,1
"2022-23","13138","Maryland","Elisa Pinzan",12,1,0,289,289,7,7,0,1
"2022-23","13138","Maryland","Faith Masonius",13,1,0,549,549,11,12,-1,1
"2022-23","13138","Maryland","Shyanne Sellers",0,1,114,410,296,7,10,-3,0
"2022-23","13138","Maryland","Brinae Alexander",5,1,140,600,460,12,11,1,0
"2022-23","13138","Maryland","Diamond Miller",1,2,289,410,121,0,5,-5,0
"2022-23","13138","Maryland","Bri McDaniel",24,1,289,549,260,4,5,-1,0
"2022-23","13138","Baylor","Bella Fontleroy",22,1,307,549,242,5,4,1,0
"2022-23","13138","Maryland","Lavender Briggs",3,2,410,657,247,8,1,7,0
"2022-23","13138","Maryland","Elisa Pinzan",12,2,410,600,190,5,1,4,0
"2022-23","13138","Baylor","Darianna Littlepage-Buggs",5,2,549,890,341,6,13,-7,0
"2022-23","13138","Baylor","Catarina Ferreira",30,1,549,927,378,6,13,-7,0
"2022-23","13138","Maryland","Shyanne Sellers",0,2,549,754,205,9,4,5,0
"2022-23","13138","Maryland","Diamond Miller",1,3,549,2400,1851,62,56,6,0
"2022-23","13138","Baylor","Bella Fontleroy",22,2,580,754,174,4,9,-5,0
"2022-23","13138","Baylor","Sarah Andrews",24,2,600,1784,1184,33,38,-5,0
"2022-23","13138","Maryland","Abby Meyers",10,2,600,1040,440,18,8,10,0
"2022-23","13138","Maryland","Faith Masonius",13,2,600,2400,1800,61,55,6,0
"2022-23","13138","Baylor","Jana Van Gytenbeek",4,1,657,1200,543,13,21,-8,0
"2022-23","13138","Maryland","Brinae Alexander",5,2,657,1078,421,15,12,3,0
"2022-23","13138","Baylor","Ja'Mee Asberry",21,2,754,1661,907,28,26,2,0
"2022-23","13138","Maryland","Elisa Pinzan",12,3,754,861,107,4,2,2,0
"2022-23","13138","Maryland","Shyanne Sellers",0,3,861,960,99,0,2,-2,0
"2022-23","13138","Baylor","Caitlin Bickle",51,2,890,960,70,2,0,2,0
"2022-23","13138","Baylor","Bella Fontleroy",22,3,927,1126,199,8,8,0,0
"2022-23","13138","Baylor","Darianna Littlepage-Buggs",5,3,960,1901,941,27,35,-8,0
"2022-23","13138","Maryland","Elisa Pinzan",12,4,960,1365,405,14,15,-1,0
"2022-23","13138","Maryland","Shyanne Sellers",0,4,1040,1200,160,6,5,1,0
"2022-23","13138","Maryland","Bri McDaniel",24,2,1078,1200,122,6,1,5,0
"2022-23","13138","Baylor","Catarina Ferreira",30,2,1126,1173,47,0,2,-2,0
"2022-23","13138","Baylor","Jaden Owens",10,2,1173,1901,728,21,25,-4,0
"2022-23","13138","Baylor","Caitlin Bickle",51,3,1200,1329,129,9,0,9,0
"2022-23","13138","Maryland","Lavender Briggs",3,3,1200,1661,461,10,18,-8,0
"2022-23","13138","Maryland","Abby Meyers",10,3,1200,2400,1200,37,42,-5,0
"2022-23","13138","Baylor","Bella Fontleroy",22,4,1329,1800,471,12,17,-5,0
"2022-23","13138","Maryland","Shyanne Sellers",0,5,1365,1784,419,12,11,1,0
"2022-23","13138","Baylor","Catarina Ferreira",30,3,1661,2106,445,13,20,-7,0
"2022-23","13138","Maryland","Brinae Alexander",5,3,1661,2400,739,27,24,3,0
"2022-23","13138","Baylor","Ja'Mee Asberry",21,3,1784,1800,16,1,3,-2,0
"2022-23","13138","Maryland","Elisa Pinzan",12,5,1784,2388,604,20,20,0,0
"2022-23","13138","Baylor","Jana Van Gytenbeek",4,2,1800,1901,101,0,6,-6,0
"2022-23","13138","Baylor","Caitlin Bickle",51,4,1800,2225,425,17,15,2,0
"2022-23","13138","Baylor","Ja'Mee Asberry",21,4,1901,2400,499,21,14,7,0
"2022-23","13138","Baylor","Bella Fontleroy",22,5,1901,2106,205,10,7,3,0
"2022-23","13138","Baylor","Sarah Andrews",24,3,1901,2400,499,21,14,7,0
"2022-23","13138","Baylor","Darianna Littlepage-Buggs",5,4,2106,2400,294,11,7,4,0
"2022-23","13138","Baylor","Jaden Owens",10,3,2106,2400,294,11,7,4,0
"2022-23","13138","Baylor","Catarina Ferreira",30,4,2225,2388,163,2,2,0,0
"2022-23","13138","Baylor","Bella Fontleroy",22,6,2388,2393,5,2,1,1,0
"2022-23","13138","Maryland","Shyanne Sellers",0,6,2388,2393,5,1,2,-1,0
"2022-23","13138","Baylor","Catarina Ferreira",30,5,2393,2394,1,0,0,0,0
"2022-23","13138","Maryland","Elisa Pinzan",12,6,2393,2394,1,0,0,0,0
"2022-23","13138","Baylor","Bella Fontleroy",22,7,2394,2400,6,0,2,-2,0
"2022-23","13138","Maryland","Shyanne Sellers",0,7,2394,2400,6,2,0,2,0
"2022-23","13139","DePaul","Darrione Rogers",21,1,0,813,813,23,17,6,1
"2022-23","13139","DePaul","Anaya Peoples",22,1,0,272,272,8,2,6,1
"2022-23","13139","DePaul","Aneesah Morrow",24,1,0,1123,1123,35,27,8,1
"2022-23","13139","DePaul","Jorie Allen",33,1,0,272,272,8,2,6,1
"2022-23","13139","DePaul","Kendall Holmes",35,1,0,727,727,23,13,10,1
"2022-23","13139","Maryland","Diamond Miller",1,1,0,163,163,2,5,-3,1
"2022-23","13139","Maryland","Abby Meyers",10,1,0,321,321,2,8,-6,1
"2022-23","13139","Maryland","Elisa Pinzan",12,1,0,421,421,4,13,-9,1
"2022-23","13139","Maryland","Faith Masonius",13,1,0,213,213,2,8,-6,1
"2022-23","13139","Maryland","Lavender Briggs",30,1,0,272,272,2,8,-6,1
"2022-23","13139","Maryland","Brinae Alexander",5,1,163,379,216,0,5,-5,0
"2022-23","13139","Maryland","Shyanne Sellers",0,1,213,356,143,0,0,0,0
"2022-23","13139","DePaul","Keke Rimmer",1,1,272,489,217,5,5,0,0
"2022-23","13139","DePaul","Zaria Hurston",20,1,272,356,84,0,0,0,0
"2022-23","13139","Maryland","Bri McDaniel",24,1,272,598,326,7,7,0,0
"2022-23","13139","Maryland","Lavender Briggs",30,2,321,600,279,8,7,1,0
"2022-23","13139","DePaul","Anaya Peoples",22,2,356,379,23,2,0,2,0
"2022-23","13139","Maryland","Diamond Miller",1,2,356,727,371,11,15,-4,0
"2022-23","13139","DePaul","Jorie Allen",33,2,379,2400,2021,66,65,1,0
"2022-23","13139","Maryland","Faith Masonius",13,2,379,421,42,2,3,-1,0
"2022-23","13139","Maryland","Gia Cooke",11,1,421,643,222,6,5,1,0
"2022-23","13139","Maryland","Faith Masonius",13,3,435,727,292,9,10,-1,0
"2022-23","13139","DePaul","Anaya Peoples",22,3,489,598,109,2,2,0,0
"2022-23","13139","DePaul","Keke Rimmer",1,2,598,1200,602,20,18,2,0
"2022-23","13139","Maryland","Shyanne Sellers",0,2,598,643,45,1,3,-2,0
"2022-23","13139","Maryland","Abby Meyers",10,2,600,915,315,10,10,0,0
"2022-23","13139","Maryland","Elisa Pinzan",12,2,643,1020,377,12,14,-2,0
"2022-23","13139","Maryland","Lavender Briggs",30,3,643,1020,377,12,14,-2,0
"2022-23","13139","DePaul","Anaya Peoples",22,4,727,831,104,0,7,-7,0
"2022-23","13139","Maryland","Brinae Alexander",5,2,727,1200,473,14,12,2,0
"2022-23","13139","Maryland","Mila Reynolds",15,1,727,942,215,7,4,3,0
"2022-23","13139","DePaul","Kendall Holmes",35,2,813,2400,1587,53,50,3,0
"2022-23","13139","DePaul","Darrione Rogers",21,2,831,2400,1569,53,47,6,0
"2022-23","13139","Maryland","Bri McDaniel",24,2,915,1200,285,7,10,-3,0
"2022-23","13139","Maryland","Faith Masonius",13,4,942,1571,629,17,17,0,0
"2022-23","13139","Maryland","Shyanne Sellers",0,3,1020,1200,180,5,3,2,0
"2022-23","13139","Maryland","Gia Cooke",11,2,1020,1200,180,5,3,2,0
"2022-23","13139","DePaul","Anaya Peoples",22,5,1123,1571,448,9,10,-1,0
"2022-23","13139","DePaul","Aneesah Morrow",24,2,1200,1314,114,2,4,-2,0
"2022-23","13139","Maryland","Diamond Miller",1,3,1200,1489,289,8,7,1,0
"2022-23","13139","Maryland","Abby Meyers",10,3,1200,1294,94,4,2,2,0
"2022-23","13139","Maryland","Elisa Pinzan",12,3,1200,1489,289,8,7,1,0
"2022-23","13139","Maryland","Lavender Briggs",30,4,1200,1276,76,2,2,0,0
"2022-23","13139","Maryland","Bri McDaniel",24,3,1276,1489,213,6,5,1,0
"2022-23","13139","Maryland","Mila Reynolds",15,2,1294,1489,195,4,5,-1,0
"2022-23","13139","DePaul","Keke Rimmer",1,3,1314,1730,416,7,10,-3,0
"2022-23","13139","Maryland","Shyanne Sellers",0,4,1489,2400,911,32,34,-2,0
"2022-23","13139","Maryland","Brinae Alexander",5,3,1489,1730,241,6,2,4,0
"2022-23","13139","Maryland","Gia Cooke",11,3,1489,1571,82,2,2,0,0
"2022-23","13139","Maryland","Lavender Briggs",30,5,1489,1571,82,2,2,0,0
"2022-23","13139","DePaul","Aneesah Morrow",24,3,1571,1778,207,3,8,-5,0
"2022-23","13139","Maryland","Diamond Miller",1,4,1571,1778,207,8,3,5,0
"2022-23","13139","Maryland","Abby Meyers",10,4,1571,2400,829,30,32,-2,0
"2022-23","13139","Maryland","Faith Masonius",13,5,1571,2400,829,30,32,-2,0
"2022-23","13139","Maryland","Lavender Briggs",30,6,1571,1590,19,1,0,1,0
"2022-23","13139","Maryland","Gia Cooke",11,4,1590,2078,488,18,15,3,0
"2022-23","13139","DePaul","Anaya Peoples",22,6,1730,1964,234,8,13,-5,0
"2022-23","13139","DePaul","Keke Rimmer",1,4,1778,1800,22,0,0,0,0
"2022-23","13139","Maryland","Bri McDaniel",24,4,1778,1800,22,0,0,0,0
"2022-23","13139","DePaul","Aneesah Morrow",24,4,1800,1889,89,5,5,0,0
"2022-23","13139","Maryland","Diamond Miller",1,5,1800,2369,569,19,24,-5,0
"2022-23","13139","DePaul","Keke Rimmer",1,5,1889,2400,511,24,17,7,0
"2022-23","13139","DePaul","Aneesah Morrow",24,5,1964,2400,436,24,13,11,0
"2022-23","13139","Maryland","Elisa Pinzan",12,4,2078,2175,97,4,6,-2,0
"2022-23","13139","Maryland","Gia Cooke",11,5,2175,2379,204,7,11,-4,0
"2022-23","13139","Maryland","Brinae Alexander",5,4,2369,2400,31,3,5,-2,0
"2022-23","13139","Maryland","Lavender Briggs",30,7,2379,2400,21,0,0,0,0
"2022-23","13140","Maryland","Shyanne Sellers",0,1,0,455,455,12,10,2,1
"2022-23","13140","Maryland","Diamond Miller",1,1,0,490,490,12,10,2,1
"2022-23","13140","Maryland","Abby Meyers",10,1,0,156,156,2,7,-5,1
"2022-23","13140","Maryland","Elisa Pinzan",12,1,0,156,156,2,7,-5,1
"2022-23","13140","Maryland","Faith Masonius",13,1,0,554,554,14,12,2,1
"2022-23","13140","Notre Dame","Dara Mabrey",1,1,0,270,270,8,6,2,1
"2022-23","13140","Notre Dame","Olivia Miles",5,1,0,455,455,10,12,-2,1
"2022-23","13140","Notre Dame","Sonia Citron",11,1,0,355,355,8,6,2,1
"2022-23","13140","Notre Dame","Maddy Westbeld",21,1,0,196,196,7,2,5,1
"2022-23","13140","Notre Dame","Kylee Watson",22,1,0,270,270,8,6,2,1
"2022-23","13140","Maryland","Lavender Briggs",3,1,156,926,770,23,16,7,0
"2022-23","13140","Maryland","Brinae Alexander",5,1,156,304,148,4,1,3,0
"2022-23","13140","Notre Dame","Lauren Ebo",33,1,196,326,130,1,4,-3,0
"2022-23","13140","Notre Dame","KK Bransford",14,1,270,600,330,5,10,-5,0
"2022-23","13140","Notre Dame","Maddy Westbeld",21,2,270,569,299,5,8,-3,0
"2022-23","13140","Maryland","Abby Meyers",10,2,304,2118,1814,56,55,1,0
"2022-23","13140","Notre Dame","Kylee Watson",22,2,326,1494,1168,34,36,-2,0
"2022-23","13140","Notre Dame","Dara Mabrey",1,2,355,822,467,10,19,-9,0
"2022-23","13140","Maryland","Gia Cooke",11,1,455,554,99,2,2,0,0
"2022-23","13140","Notre Dame","Sonia Citron",11,2,455,2400,1945,62,62,0,0
"2022-23","13140","Maryland","Brinae Alexander",5,2,490,637,147,4,5,-1,0
"2022-23","13140","Maryland","Shyanne Sellers",0,2,554,803,249,9,5,4,0
"2022-23","13140","Maryland","Diamond Miller",1,2,554,1494,940,28,30,-2,0
"2022-23","13140","Notre Dame","Natalija Marshall",15,1,569,600,31,0,2,-2,0
"2022-23","13140","Notre Dame","Olivia Miles",5,2,600,738,138,2,5,-3,0
"2022-23","13140","Notre Dame","Lauren Ebo",33,2,600,1158,558,19,15,4,0
"2022-23","13140","Maryland","Faith Masonius",13,2,637,1048,411,13,13,0,0
"2022-23","13140","Notre Dame","KK Bransford",14,2,738,1200,462,17,12,5,0
"2022-23","13140","Maryland","Elisa Pinzan",12,2,803,1200,397,10,15,-5,0
"2022-23","13140","Notre Dame","Olivia Miles",5,3,822,926,104,5,0,5,0
"2022-23","13140","Maryland","Brinae Alexander",5,3,926,1200,274,8,9,-1,0
"2022-23","13140","Notre Dame","Dara Mabrey",1,3,926,1633,707,25,21,4,0
"2022-23","13140","Maryland","Mila Reynolds",15,1,1048,1200,152,4,4,0,0
"2022-23","13140","Notre Dame","Natalija Marshall",15,2,1158,1200,42,0,2,-2,0
"2022-23","13140","Maryland","Shyanne Sellers",0,3,1200,2400,1200,41,40,1,0
"2022-23","13140","Maryland","Lavender Briggs",3,2,1200,1494,294,9,10,-1,0
"2022-23","13140","Maryland","Faith Masonius",13,3,1200,1771,571,18,21,-3,0
"2022-23","13140","Notre Dame","Olivia Miles",5,4,1200,1745,545,21,17,4,0
"2022-23","13140","Notre Dame","Maddy Westbeld",21,3,1200,1420,220,10,7,3,0
"2022-23","13140","Notre Dame","Lauren Ebo",33,3,1420,1771,351,11,11,0,0
"2022-23","13140","Maryland","Brinae Alexander",5,4,1494,1690,196,8,8,0,0
"2022-23","13140","Maryland","Bri McDaniel",24,1,1494,1633,139,4,6,-2,0
"2022-23","13140","Notre Dame","KK Bransford",14,3,1494,2118,624,21,20,1,0
"2022-23","13140","Maryland","Diamond Miller",1,3,1633,2400,767,28,24,4,0
"2022-23","13140","Notre Dame","Maddy Westbeld",21,4,1633,1884,251,7,5,2,0
"2022-23","13140","Maryland","Lavender Briggs",3,3,1690,1956,266,3,7,-4,0
"2022-23","13140","Notre Dame","Dara Mabrey",1,4,1745,2400,655,19,24,-5,0
"2022-23","13140","Maryland","Brinae Alexander",5,5,1771,1800,29,0,2,-2,0
"2022-23","13140","Notre Dame","Kylee Watson",22,3,1771,2255,484,10,16,-6,0
"2022-23","13140","Maryland","Faith Masonius",13,4,1800,1981,181,3,2,1,0
"2022-23","13140","Notre Dame","Lauren Ebo",33,4,1884,2016,132,4,5,-1,0
"2022-23","13140","Maryland","Elisa Pinzan",12,3,1956,2202,246,12,6,6,0
"2022-23","13140","Maryland","Brinae Alexander",5,6,1981,2400,419,20,15,5,0
"2022-23","13140","Notre Dame","Maddy Westbeld",21,5,2016,2255,239,4,11,-7,0
"2022-23","13140","Maryland","Lavender Briggs",3,4,2118,2202,84,3,0,3,0
"2022-23","13140","Notre Dame","Olivia Miles",5,5,2118,2379,261,7,9,-2,0
"2022-23","13140","Maryland","Abby Meyers",10,3,2202,2366,164,6,7,-1,0
"2022-23","13140","Maryland","Faith Masonius",13,5,2202,2400,198,9,9,0,0
"2022-23","13140","Notre Dame","KK Bransford",14,4,2255,2400,145,9,7,2,0
"2022-23","13140","Notre Dame","Lauren Ebo",33,5,2255,2352,97,6,2,4,0
"2022-23","13140","Notre Dame","Kylee Watson",22,4,2352,2366,14,1,2,-1,0
"2022-23","13140","Maryland","Lavender Briggs",3,5,2366,2379,13,0,0,0,0
"2022-23","13140","Notre Dame","Lauren Ebo",33,6,2366,2379,13,0,0,0,0
"2022-23","13140","Maryland","Abby Meyers",10,4,2379,2383,4,0,0,0,0
"2022-23","13140","Notre Dame","Maddy Westbeld",21,6,2379,2400,21,2,3,-1,0
"2022-23","13140","Notre Dame","Kylee Watson",22,5,2379,2383,4,0,1,-1,0
"2022-23","13140","Maryland","Lavender Briggs",3,6,2383,2400,17,3,2,1,0
"2022-23","13140","Notre Dame","Olivia Miles",5,6,2383,2385,2,2,0,2,0
"2022-23","13140","Notre Dame","Kylee Watson",22,6,2385,2400,15,0,2,-2,0
"2022-23","13141","Maryland","Shyanne Sellers",0,1,0,600,600,15,19,-4,1
"2022-23","13141","Maryland","Diamond Miller",1,1,0,160,160,4,4,0,1
"2022-23","13141","Maryland","Abby Meyers",10,1,0,2400,2400,85,78,7,1
"2022-23","13141","Maryland","Elisa Pinzan",12,1,0,640,640,17,19,-2,1
"2022-23","13141","Maryland","Faith Masonius",13,1,0,160,160,4,4,0,1
"2022-23","13141","UConn","Aaliyah Edwards",3,1,0,2400,2400,78,85,-7,1
"2022-23","13141","UConn","Lou Lopez Senechal",11,1,0,680,680,21,17,4,1
"2022-23","13141","UConn","Ines Bettencourt",21,1,0,1448,1448,43,54,-11,1
"2022-23","13141","UConn","Caroline Ducharme",33,1,0,2323,2323,73,78,-5,1
"2022-23","13141","UConn","Aubrey Griffin",44,1,0,1254,1254,36,45,-9,1
"2022-23","13141","Maryland","Lavender Briggs",3,1,160,323,163,3,11,-8,0
"2022-23","13141","Maryland","Brinae Alexander",5,1,160,234,74,3,3,0,0
"2022-23","13141","Maryland","Diamond Miller",1,2,234,762,528,14,16,-2,0
"2022-23","13141","Maryland","Faith Masonius",13,2,323,1152,829,33,19,14,0
"2022-23","13141","Maryland","Lavender Briggs",3,2,600,817,217,6,4,2,0
"2022-23","13141","Maryland","Shyanne Sellers",0,2,640,2400,1760,68,59,9,0
"2022-23","13141","UConn","Ayanna Patterson",34,1,680,1200,520,15,26,-11,0
"2022-23","13141","Maryland","Brinae Alexander",5,2,762,1200,438,22,13,9,0
"2022-23","13141","Maryland","Diamond Miller",1,3,817,1014,197,14,7,7,0
"2022-23","13141","Maryland","Elisa Pinzan",12,2,1014,1383,369,15,12,3,0
"2022-23","13141","Maryland","Lavender Briggs",3,3,1152,1200,48,3,2,1,0
"2022-23","13141","Maryland","Diamond Miller",1,4,1200,1301,101,2,0,2,0
"2022-23","13141","Maryland","Faith Masonius",13,3,1200,1540,340,13,12,1,0
"2022-23","13141","UConn","Lou Lopez Senechal",11,2,1200,1745,545,22,18,4,0
"2022-23","13141","UConn","Ayanna Patterson",34,2,1254,1540,286,12,11,1,0
"2022-23","13141","Maryland","Brinae Alexander",5,3,1301,2400,1099,40,42,-2,0
"2022-23","13141","Maryland","Lavender Briggs",3,4,1383,1867,484,14,20,-6,0
"2022-23","13141","UConn","Aubrey Griffin",44,2,1448,1609,161,7,2,5,0
"2022-23","13141","Maryland","Diamond Miller",1,5,1540,2400,860,29,30,-1,0
"2022-23","13141","UConn","Amari DeBerry",42,1,1540,2323,783,25,22,3,0
"2022-23","13141","UConn","Ayanna Patterson",34,3,1609,1745,136,8,5,3,0
"2022-23","13141","UConn","Ines Bettencourt",21,2,1745,1945,200,4,6,-2,0
"2022-23","13141","UConn","Aubrey Griffin",44,3,1745,2400,655,20,24,-4,0
"2022-23","13141","Maryland","Elisa Pinzan",12,3,1867,2078,211,8,7,1,0
"2022-23","13141","UConn","Lou Lopez Senechal",11,3,1945,2400,455,16,18,-2,0
"2022-23","13141","Maryland","Faith Masonius",13,4,2078,2210,132,6,2,4,0
"2022-23","13141","Maryland","Lavender Briggs",3,5,2210,2400,190,7,7,0,0
"2022-23","13141","UConn","Ines Bettencourt",21,3,2323,2400,77,5,7,-2,0
"2022-23","13141","UConn","Ayanna Patterson",34,4,2323,2400,77,5,7,-2,0
"2022-23","13142","Maryland","Shyanne Sellers",0,1,0,240,240,9,4,5,1
"2022-23","13142","Maryland","Diamond Miller",1,1,0,326,326,9,6,3,1
"2022-23","13142","Maryland","Abby Meyers",10,1,0,164,164,3,2,1,1
"2022-23","13142","Maryland","Elisa Pinzan",12,1,0,326,326,9,6,3,1
"2022-23","13142","Maryland","Faith Masonius",13,1,0,240,240,9,4,5,1
"2022-23","13142","Purdue Fort Wayne","Shayla Sellers",1,1,0,449,449,9,14,-5,1
"2022-23","13142","Purdue Fort Wayne","Ryin Ott",4,1,0,200,200,2,7,-5,1
"2022-23","13142","Purdue Fort Wayne","Destinee Marshall",12,1,0,240,240,2,9,-7,1
"2022-23","13142","Purdue Fort Wayne","Amellia Bromenschenkel",13,1,0,435,435,9,12,-3,1
"2022-23","13142","Purdue Fort Wayne","Jazzlyn Linbo",21,1,0,200,200,2,7,-5,1
"2022-23","13142","Maryland","Brinae Alexander",5,1,164,326,162,6,4,2,0
"2022-23","13142","Purdue Fort Wayne","Sylare Starks",20,1,200,523,323,7,9,-2,0
"2022-23","13142","Purdue Fort Wayne","Aubrey Stupp",22,1,200,523,323,7,9,-2,0
"2022-23","13142","Maryland","Lavender Briggs",3,1,240,523,283,7,5,2,0
"2022-23","13142","Maryland","Abby Meyers",10,2,240,925,685,23,15,8,0
"2022-23","13142","Purdue Fort Wayne","Audra Emmerson",5,1,240,435,195,7,3,4,0
"2022-23","13142","Maryland","Shyanne Sellers",0,2,326,435,109,3,3,0,0
"2022-23","13142","Maryland","Faith Masonius",13,2,326,523,197,7,3,4,0
"2022-23","13142","Maryland","Bri McDaniel",24,1,326,600,274,11,7,4,0
"2022-23","13142","Maryland","Elisa Pinzan",12,2,435,1265,830,29,19,10,0
"2022-23","13142","Purdue Fort Wayne","Ryin Ott",4,2,435,925,490,10,20,-10,0
"2022-23","13142","Purdue Fort Wayne","Destinee Marshall",12,2,435,1066,631,10,22,-12,0
"2022-23","13142","Purdue Fort Wayne","Amellia Bromenschenkel",13,2,449,741,292,7,13,-6,0
"2022-23","13142","Maryland","Diamond Miller",1,2,523,838,315,14,7,7,0
"2022-23","13142","Maryland","Brinae Alexander",5,2,523,550,27,2,4,-2,0
"2022-23","13142","Purdue Fort Wayne","Klea Kaci",0,1,523,600,77,4,4,0,0
"2022-23","13142","Purdue Fort Wayne","Jazzlyn Linbo",21,2,523,600,77,4,4,0,0
"2022-23","13142","Maryland","Shyanne Sellers",0,3,550,1686,1136,46,18,28,0
"2022-23","13142","Maryland","Faith Masonius",13,3,600,652,52,2,3,-1,0
"2022-23","13142","Purdue Fort Wayne","Shayla Sellers",1,2,600,838,238,3,10,-7,0
"2022-23","13142","Purdue Fort Wayne","Riley Ott",10,1,600,838,238,3,10,-7,0
"2022-23","13142","Maryland","Brinae Alexander",5,3,652,838,186,8,0,8,0
"2022-23","13142","Purdue Fort Wayne","Sylare Starks",20,2,741,925,184,3,5,-2,0
"2022-23","13142","Maryland","Lavender Briggs",3,2,838,1200,362,9,7,2,0
"2022-23","13142","Maryland","Faith Masonius",13,4,838,979,141,2,3,-1,0
"2022-23","13142","Purdue Fort Wayne","Amellia Bromenschenkel",13,3,838,1931,1093,24,41,-17,0
"2022-23","13142","Purdue Fort Wayne","Sydney Graber",32,1,838,1066,228,3,4,-1,0
"2022-23","13142","Maryland","Diamond Miller",1,3,925,979,54,0,0,0,0
"2022-23","13142","Purdue Fort Wayne","Klea Kaci",0,2,925,1200,275,4,7,-3,0
"2022-23","13142","Purdue Fort Wayne","Shayla Sellers",1,3,925,1993,1068,21,39,-18,0
"2022-23","13142","Maryland","Brinae Alexander",5,4,979,1200,221,7,4,3,0
"2022-23","13142","Maryland","Abby Meyers",10,3,979,1347,368,15,11,4,0
"2022-23","13142","Purdue Fort Wayne","Riley Ott",10,2,1066,1200,134,4,5,-1,0
"2022-23","13142","Purdue Fort Wayne","Jazzlyn Linbo",21,3,1066,1347,281,11,13,-2,0
"2022-23","13142","Maryland","Diamond Miller",1,4,1200,1540,340,20,8,12,0
"2022-23","13142","Maryland","Faith Masonius",13,5,1200,1440,240,15,8,7,0
"2022-23","13142","Purdue Fort Wayne","Ryin Ott",4,3,1200,1347,147,7,8,-1,0
"2022-23","13142","Purdue Fort Wayne","Destinee Marshall",12,3,1200,1394,194,8,10,-2,0
"2022-23","13142","Maryland","Brinae Alexander",5,5,1265,2400,1135,47,23,24,0
"2022-23","13142","Maryland","Lavender Briggs",3,3,1347,2400,1053,41,21,20,0
"2022-23","13142","Purdue Fort Wayne","Sylare Starks",20,3,1347,1485,138,1,10,-9,0
"2022-23","13142","Purdue Fort Wayne","Aubrey Stupp",22,2,1347,1540,193,1,12,-11,0
"2022-23","13142","Purdue Fort Wayne","Riley Ott",10,3,1394,1440,46,0,5,-5,0
"2022-23","13142","Maryland","Bri McDaniel",24,2,1440,1800,360,17,4,13,0
"2022-23","13142","Purdue Fort Wayne","Ryin Ott",4,4,1440,1686,246,0,10,-10,0
"2022-23","13142","Purdue Fort Wayne","Destinee Marshall",12,4,1485,1637,152,0,4,-4,0
"2022-23","13142","Maryland","Ava Sciolla",2,1,1540,1800,260,12,4,8,0
"2022-23","13142","Purdue Fort Wayne","Sydney Graber",32,2,1540,1854,314,4,12,-8,0
"2022-23","13142","Purdue Fort Wayne","Audra Emmerson",5,2,1637,1800,163,4,10,-6,0
"2022-23","13142","Maryland","Elisa Pinzan",12,3,1686,1875,189,7,6,1,0
"2022-23","13142","Purdue Fort Wayne","Jaidyn Koerdt",2,1,1686,2029,343,12,9,3,0
"2022-23","13142","Maryland","Diamond Miller",1,5,1800,1931,131,0,5,-5,0
"2022-23","13142","Maryland","Abby Meyers",10,4,1800,1875,75,0,2,-2,0
"2022-23","13142","Purdue Fort Wayne","Destinee Marshall",12,5,1800,2037,237,8,2,6,0
"2022-23","13142","Purdue Fort Wayne","Abbigail Stephens",11,1,1854,2175,321,10,8,2,0
"2022-23","13142","Maryland","Shyanne Sellers",0,4,1875,2400,525,17,14,3,0
"2022-23","13142","Maryland","Ava Sciolla",2,2,1875,2400,525,17,14,3,0
"2022-23","13142","Maryland","Bri McDaniel",24,3,1931,2400,469,17,11,6,0
"2022-23","13142","Purdue Fort Wayne","Lauryn Stover",3,1,1931,2400,469,11,17,-6,0
"2022-23","13142","Purdue Fort Wayne","Amellia Bromenschenkel",13,4,1993,2400,407,11,17,-6,0
"2022-23","13142","Purdue Fort Wayne","Klea Kaci",0,3,2029,2254,225,4,10,-6,0
"2022-23","13142","Purdue Fort Wayne","Audra Emmerson",5,3,2037,2400,363,8,15,-7,0
"2022-23","13142","Purdue Fort Wayne","Shayla Sellers",1,4,2175,2254,79,2,4,-2,0
"2022-23","13142","Purdue Fort Wayne","Jaidyn Koerdt",2,2,2254,2400,146,4,5,-1,0
"2022-23","13142","Purdue Fort Wayne","Abbigail Stephens",11,2,2254,2400,146,4,5,-1,0
"2022-23","13150","Maryland","Shyanne Sellers",0,1,0,349,349,9,9,0,1
"2022-23","13150","Maryland","Diamond Miller",1,1,0,202,202,6,6,0,1
"2022-23","13150","Maryland","Abby Meyers",10,1,0,349,349,9,9,0,1
"2022-23","13150","Maryland","Elisa Pinzan",12,1,0,416,416,13,11,2,1
"2022-23","13150","Maryland","Faith Masonius",13,1,0,748,748,24,18,6,1
"2022-23","13150","Towson","Skye Williams",1,1,0,600,600,18,20,-2,1
"2022-23","13150","Towson","Alexia Nelson",13,1,0,247,247,7,6,1,1
"2022-23","13150","Towson","Kylie Kornegay-Lucas",15,1,0,511,511,16,15,1,1
"2022-23","13150","Towson","Gabby Scott",21,1,0,416,416,11,13,-2,1
"2022-23","13150","Towson","Quinzia Fulmore",34,1,0,291,291,7,6,1,1
"2022-23","13150","Maryland","Lavender Briggs",3,1,202,955,753,22,23,-1,0
"2022-23","13150","Towson","Ryann Evans",25,1,247,1387,1140,33,39,-6,0
"2022-23","13150","Towson","Taiye Johnson",30,1,291,600,309,11,14,-3,0
"2022-23","13150","Maryland","Diamond Miller",1,2,349,511,162,6,7,-1,0
"2022-23","13150","Maryland","Brinae Alexander",5,1,349,600,251,11,9,2,0
"2022-23","13150","Maryland","Shyanne Sellers",0,2,416,600,184,7,7,0,0
"2022-23","13150","Towson","India Johnston",2,1,416,1200,784,23,26,-3,0
"2022-23","13150","Maryland","Abby Meyers",10,2,511,748,237,9,2,7,0
"2022-23","13150","Towson","Alexia Nelson",13,2,511,709,198,2,9,-7,0
"2022-23","13150","Maryland","Diamond Miller",1,3,600,955,355,8,11,-3,0
"2022-23","13150","Maryland","Elisa Pinzan",12,2,600,955,355,8,11,-3,0
"2022-23","13150","Towson","Kylie Kornegay-Lucas",15,2,600,1644,1044,31,31,0,0
"2022-23","13150","Towson","Quinzia Fulmore",34,2,600,955,355,11,8,3,0
"2022-23","13150","Towson","Skye Williams",1,2,709,1800,1091,31,33,-2,0
"2022-23","13150","Maryland","Shyanne Sellers",0,3,748,955,207,4,11,-7,0
"2022-23","13150","Maryland","Mila Reynolds",15,1,748,955,207,4,11,-7,0
"2022-23","13150","Maryland","Brinae Alexander",5,2,955,1034,79,4,4,0,0
"2022-23","13150","Maryland","Abby Meyers",10,3,955,2400,1445,53,41,12,0
"2022-23","13150","Maryland","Gia Cooke",11,1,955,1034,79,4,4,0,0
"2022-23","13150","Maryland","Faith Masonius",13,2,955,2124,1169,40,27,13,0
"2022-23","13150","Maryland","Bri McDaniel",24,1,955,1034,79,4,4,0,0
"2022-23","13150","Towson","Taiye Johnson",30,2,955,1200,245,5,11,-6,0
"2022-23","13150","Maryland","Diamond Miller",1,4,1034,1166,132,7,1,6,0
"2022-23","13150","Maryland","Lavender Briggs",3,2,1034,1091,57,3,1,2,0
"2022-23","13150","Maryland","Elisa Pinzan",12,3,1034,1196,162,7,1,6,0
"2022-23","13150","Maryland","Shyanne Sellers",0,4,1091,1545,454,16,12,4,0
"2022-23","13150","Maryland","Lavender Briggs",3,3,1166,1200,34,0,0,0,0
"2022-23","13150","Maryland","Gia Cooke",11,2,1196,1200,4,0,0,0,0
"2022-23","13150","Maryland","Diamond Miller",1,5,1200,1545,345,12,12,0,0
"2022-23","13150","Maryland","Elisa Pinzan",12,4,1200,1417,217,6,8,-2,0
"2022-23","13150","Towson","Alexia Nelson",13,3,1200,1478,278,8,10,-2,0
"2022-23","13150","Towson","Quinzia Fulmore",34,3,1200,1387,187,6,6,0,0
"2022-23","13150","Towson","India Johnston",2,2,1387,1644,257,9,6,3,0
"2022-23","13150","Towson","Taiye Johnson",30,3,1387,1644,257,9,6,3,0
"2022-23","13150","Maryland","Lavender Briggs",3,4,1417,1590,173,6,5,1,0
"2022-23","13150","Towson","Gabby Scott",21,2,1478,1742,264,7,6,1,0
"2022-23","13150","Maryland","Brinae Alexander",5,3,1545,1759,214,4,3,1,0
"2022-23","13150","Maryland","Gia Cooke",11,3,1545,2400,855,30,24,6,0
"2022-23","13150","Maryland","Shyanne Sellers",0,5,1590,1626,36,0,2,-2,0
"2022-23","13150","Maryland","Diamond Miller",1,6,1626,1922,296,9,0,9,0
"2022-23","13150","Towson","Alexia Nelson",13,4,1644,2124,480,7,17,-10,0
"2022-23","13150","Towson","Ryann Evans",25,2,1644,2310,666,13,23,-10,0
"2022-23","13150","Towson","Quinzia Fulmore",34,4,1644,2124,480,7,17,-10,0
"2022-23","13150","Towson","Kylie Kornegay-Lucas",15,3,1742,2400,658,21,26,-5,0
"2022-23","13150","Maryland","Bri McDaniel",24,2,1759,1834,75,2,0,2,0
"2022-23","13150","Towson","India Johnston",2,3,1800,1922,122,0,3,-3,0
"2022-23","13150","Maryland","Shyanne Sellers",0,6,1834,2400,566,24,21,3,0
"2022-23","13150","Maryland","Brinae Alexander",5,4,1922,2236,314,12,13,-1,0
"2022-23","13150","Towson","Skye Williams",1,3,1922,2400,478,21,21,0,0
"2022-23","13150","Maryland","Lavender Briggs",3,5,2124,2400,276,13,14,-1,0
"2022-23","13150","Towson","India Johnston",2,4,2124,2400,276,14,13,1,0
"2022-23","13150","Towson","Taiye Johnson",30,4,2124,2236,112,6,4,2,0
"2022-23","13150","Maryland","Diamond Miller",1,7,2236,2345,109,6,6,0,0
"2022-23","13150","Towson","Quinzia Fulmore",34,5,2236,2310,74,0,2,-2,0
"2022-23","13150","Towson","Mariah Wilson",20,1,2310,2400,90,8,7,1,0
"2022-23","13150","Towson","Gabby Scott",21,3,2310,2400,90,8,7,1,0
"2022-23","13150","Maryland","Bri McDaniel",24,3,2345,2400,55,3,2,1,0
"2022-23","13151","Maryland","Shyanne Sellers",0,1,0,368,368,11,7,4,1
"2022-23","13151","Maryland","Diamond Miller",1,1,0,113,113,2,3,-1,1
"2022-23","13151","Maryland","Abby Meyers",10,1,0,796,796,21,18,3,1
"2022-23","13151","Maryland","Elisa Pinzan",12,1,0,236,236,7,5,2,1
"2022-23","13151","Maryland","Faith Masonius",13,1,0,325,325,11,5,6,1
"2022-23","13151","Pittsburgh","Dayshanette Harris",1,1,0,218,218,5,7,-2,1
"2022-23","13151","Pittsburgh","Liatu King",2,1,0,218,218,5,7,-2,1
"2022-23","13151","Pittsburgh","Emy Hayford",4,1,0,113,113,3,2,1,1
"2022-23","13151","Pittsburgh","Amber Brown",5,1,0,325,325,5,11,-6,1
"2022-23","13151","Pittsburgh","Maliyah Johnson",21,1,0,325,325,5,11,-6,1
"2022-23","13151","Maryland","Brinae Alexander",5,1,113,600,487,15,8,7,0
"2022-23","13151","Pittsburgh","Channise Lewis",10,1,113,536,423,6,14,-8,0
"2022-23","13151","Pittsburgh","Gabby Hutcherson",22,1,218,360,142,2,4,-2,0
"2022-23","13151","Pittsburgh","Avery Strickland",23,1,218,457,239,4,7,-3,0
"2022-23","13151","Maryland","Diamond Miller",1,2,236,405,169,4,4,0,0
"2022-23","13151","Maryland","Lavender Briggs",3,1,325,766,441,10,10,0,0
"2022-23","13151","Pittsburgh","Dayshanette Harris",1,2,325,514,189,4,5,-1,0
"2022-23","13151","Pittsburgh","Emy Hayford",4,2,325,405,80,4,0,4,0
"2022-23","13151","Pittsburgh","Liatu King",2,2,360,514,154,2,5,-3,0
"2022-23","13151","Maryland","Gia Cooke",11,1,368,457,89,3,2,1,0
"2022-23","13151","Maryland","Faith Masonius",13,2,405,874,469,12,9,3,0
"2022-23","13151","Pittsburgh","Maliyah Johnson",21,2,405,828,423,9,10,-1,0
"2022-23","13151","Maryland","Elisa Pinzan",12,2,457,600,143,3,2,1,0
"2022-23","13151","Pittsburgh","Amber Brown",5,2,457,766,309,6,7,-1,0
"2022-23","13151","Pittsburgh","Aislin Malcolm",12,1,514,651,137,2,3,-1,0
"2022-23","13151","Pittsburgh","Gabby Hutcherson",22,2,514,766,252,6,5,1,0
"2022-23","13151","Pittsburgh","Marley Washenitz",11,1,536,600,64,2,1,1,0
"2022-23","13151","Maryland","Shyanne Sellers",0,2,600,1477,877,31,24,7,0
"2022-23","13151","Maryland","Diamond Miller",1,3,600,1338,738,20,18,2,0
"2022-23","13151","Pittsburgh","Channise Lewis",10,2,600,766,166,4,4,0,0
"2022-23","13151","Pittsburgh","Dayshanette Harris",1,3,651,936,285,7,6,1,0
"2022-23","13151","Maryland","Brinae Alexander",5,2,766,936,170,4,3,1,0
"2022-23","13151","Pittsburgh","Liatu King",2,3,766,1020,254,5,4,1,0
"2022-23","13151","Pittsburgh","Emy Hayford",4,3,766,892,126,3,2,1,0
"2022-23","13151","Pittsburgh","Avery Strickland",23,2,766,963,197,3,4,-1,0
"2022-23","13151","Maryland","Elisa Pinzan",12,3,796,936,140,4,0,4,0
"2022-23","13151","Pittsburgh","Amber Brown",5,3,828,936,108,0,4,-4,0
"2022-23","13151","Maryland","Mila Reynolds",15,1,874,936,62,2,0,2,0
"2022-23","13151","Pittsburgh","Channise Lewis",10,3,892,1184,292,8,10,-2,0
"2022-23","13151","Maryland","Lavender Briggs",3,2,936,1200,264,8,8,0,0
"2022-23","13151","Maryland","Abby Meyers",10,2,936,963,27,0,0,0,0
"2022-23","13151","Maryland","Faith Masonius",13,3,936,1184,248,8,8,0,0
"2022-23","13151","Pittsburgh","Marley Washenitz",11,2,936,1020,84,2,0,2,0
"2022-23","13151","Pittsburgh","Gabby Hutcherson",22,3,936,1184,248,8,8,0,0
"2022-23","13151","Maryland","Brinae Alexander",5,3,963,1200,237,8,8,0,0
"2022-23","13151","Pittsburgh","Maliyah Johnson",21,3,963,1338,375,11,12,-1,0
"2022-23","13151","Pittsburgh","Dayshanette Harris",1,4,1020,1200,180,6,8,-2,0
"2022-23","13151","Pittsburgh","Avery Strickland",23,3,1020,1384,364,11,15,-4,0
"2022-23","13151","Maryland","Abby Meyers",10,3,1184,2090,906,47,28,19,0
"2022-23","13151","Pittsburgh","Emy Hayford",4,4,1184,1200,16,0,0,0,0
"2022-23","13151","Pittsburgh","Amber Brown",5,4,1184,1338,154,3,4,-1,0
"2022-23","13151","Maryland","Elisa Pinzan",12,4,1200,1502,302,15,11,4,0
"2022-23","13151","Maryland","Faith Masonius",13,4,1200,1392,192,7,5,2,0
"2022-23","13151","Pittsburgh","Liatu King",2,4,1200,1467,267,9,15,-6,0
"2022-23","13151","Pittsburgh","Channise Lewis",10,4,1200,1680,480,13,26,-13,0
"2022-23","13151","Maryland","Lavender Briggs",3,3,1338,2400,1062,50,34,16,0
"2022-23","13151","Pittsburgh","Dayshanette Harris",1,5,1338,1467,129,6,11,-5,0
"2022-23","13151","Pittsburgh","Gabby Hutcherson",22,4,1338,1648,310,10,19,-9,0
"2022-23","13151","Pittsburgh","Maliyah Johnson",21,4,1384,1680,296,8,19,-11,0
"2022-23","13151","Maryland","Brinae Alexander",5,4,1392,1749,357,23,12,11,0
"2022-23","13151","Pittsburgh","Amber Brown",5,5,1467,1618,151,4,3,1,0
"2022-23","13151","Pittsburgh","Marley Washenitz",11,3,1467,2172,705,21,37,-16,0
"2022-23","13151","Maryland","Gia Cooke",11,2,1477,1618,141,3,4,-1,0
"2022-23","13151","Maryland","Faith Masonius",13,5,1502,1680,178,11,2,9,0
"2022-23","13151","Maryland","Shyanne Sellers",0,3,1618,1800,182,18,8,10,0
"2022-23","13151","Pittsburgh","Liatu King",2,5,1618,1648,30,0,5,-5,0
"2022-23","13151","Pittsburgh","Amber Brown",5,6,1648,1853,205,8,15,-7,0
"2022-23","13151","Pittsburgh","Avery Strickland",23,4,1648,1800,152,8,13,-5,0
"2022-23","13151","Maryland","Bri McDaniel",24,1,1680,1862,182,12,8,4,0
"2022-23","13151","Pittsburgh","Taisha Exanor",3,1,1680,2090,410,15,21,-6,0
"2022-23","13151","Pittsburgh","Emy Hayford",4,5,1680,2090,410,15,21,-6,0
"2022-23","13151","Maryland","Mila Reynolds",15,2,1749,2400,651,24,20,4,0
"2022-23","13151","Maryland","Elisa Pinzan",12,5,1800,2134,334,14,9,5,0
"2022-23","13151","Pittsburgh","Maliyah Johnson",21,5,1800,1862,62,0,2,-2,0
"2022-23","13151","Pittsburgh","Gabby Hutcherson",22,5,1853,2090,237,7,9,-2,0
"2022-23","13151","Maryland","Brinae Alexander",5,5,1862,2146,284,12,9,3,0
"2022-23","13151","Pittsburgh","Aislin Malcolm",12,2,1862,2172,310,9,14,-5,0
"2022-23","13151","Maryland","Ava Sciolla",2,1,2090,2400,310,7,9,-2,0
"2022-23","13151","Pittsburgh","Liatu King",2,6,2090,2172,82,2,5,-3,0
"2022-23","13151","Pittsburgh","Amber Brown",5,7,2090,2172,82,2,5,-3,0
"2022-23","13151","Pittsburgh","Avery Strickland",23,5,2090,2172,82,2,5,-3,0
"2022-23","13151","Maryland","Gia Cooke",11,3,2134,2400,266,4,7,-3,0
"2022-23","13151","Maryland","Bri McDaniel",24,2,2146,2400,254,4,7,-3,0
"2022-23","13151","Pittsburgh","Taisha Exanor",3,2,2172,2400,228,7,2,5,0
"2022-23","13151","Pittsburgh","Channise Lewis",10,5,2172,2286,114,3,0,3,0
"2022-23","13151","Pittsburgh","Destiny Strother",13,1,2172,2400,228,7,2,5,0
"2022-23","13151","Pittsburgh","Cynthia Ezeja",14,1,2172,2400,228,7,2,5,0
"2022-23","13151","Pittsburgh","Maliyah Johnson",21,6,2172,2400,228,7,2,5,0
"2022-23","13151","Pittsburgh","Marley Washenitz",11,4,2286,2330,44,2,0,2,0
"2022-23","13151","Pittsburgh","Aislin Malcolm",12,3,2330,2400,70,2,2,0,0
"2022-23","13175","Maryland","Shyanne Sellers",0,1,0,276,276,4,8,-4,1
"2022-23","13175","Maryland","Diamond Miller",1,1,0,276,276,4,8,-4,1
"2022-23","13175","Maryland","Abby Meyers",10,1,0,407,407,10,11,-1,1
"2022-23","13175","Maryland","Elisa Pinzan",12,1,0,480,480,12,11,1,1
"2022-23","13175","Maryland","Faith Masonius",13,1,0,407,407,10,11,-1,1
"2022-23","13175","Nebraska","Jaz Shelley",1,1,0,2376,2376,88,67,21,1
"2022-23","13175","Nebraska","Allison Weidner",3,1,0,407,407,11,10,1,1
"2022-23","13175","Nebraska","Isabelle Bourne",34,1,0,407,407,11,10,1,1
"2022-23","13175","Nebraska","Alexis Markowski",40,1,0,276,276,8,4,4,1
"2022-23","13175","Nebraska","Maddie Krull",42,1,0,407,407,11,10,1,1
"2022-23","13175","Maryland","Lavender Briggs",3,1,276,653,377,12,10,2,0
"2022-23","13175","Maryland","Brinae Alexander",5,1,276,577,301,10,6,4,0
"2022-23","13175","Nebraska","Annika Stewart",21,1,276,480,204,3,8,-5,0
"2022-23","13175","Maryland","Shyanne Sellers",0,2,407,1902,1495,49,56,-7,0
"2022-23","13175","Maryland","Diamond Miller",1,2,407,505,98,2,2,0,0
"2022-23","13175","Nebraska","Callin Hake",14,1,407,558,151,3,4,-1,0
"2022-23","13175","Nebraska","Kendall Moriarty",15,1,407,600,193,5,6,-1,0
"2022-23","13175","Nebraska","Kendall Coley",32,1,407,480,73,0,2,-2,0
"2022-23","13175","Maryland","Abby Meyers",10,2,480,1198,718,24,20,4,0
"2022-23","13175","Nebraska","Isabelle Bourne",34,2,480,577,97,3,2,1,0
"2022-23","13175","Nebraska","Alexis Markowski",40,2,480,577,97,3,2,1,0
"2022-23","13175","Maryland","Faith Masonius",13,2,505,860,355,11,12,-1,0
"2022-23","13175","Nebraska","Allison Weidner",3,2,558,566,8,0,0,0,0
"2022-23","13175","Nebraska","Maddie Krull",42,2,566,860,294,11,9,2,0
"2022-23","13175","Maryland","Mila Reynolds",15,1,577,600,23,2,2,0,0
"2022-23","13175","Nebraska","Kendall Coley",32,2,577,600,23,2,2,0,0
"2022-23","13175","Nebraska","Alexis Markowski",40,3,577,709,132,6,4,2,0
"2022-23","13175","Maryland","Brinae Alexander",5,2,600,1200,600,20,15,5,0
"2022-23","13175","Nebraska","Allison Weidner",3,3,600,919,319,9,11,-2,0
"2022-23","13175","Nebraska","Isabelle Bourne",34,3,600,860,260,9,7,2,0
"2022-23","13175","Maryland","Bri McDaniel",24,1,653,860,207,7,7,0,0
"2022-23","13175","Nebraska","Annika Stewart",21,2,709,919,210,5,9,-4,0
"2022-23","13175","Maryland","Lavender Briggs",3,2,860,1200,340,13,6,7,0
"2022-23","13175","Maryland","Elisa Pinzan",12,2,860,975,115,4,0,4,0
"2022-23","13175","Nebraska","Kendall Moriarty",15,2,860,993,133,0,4,-4,0
"2022-23","13175","Nebraska","Kendall Coley",32,3,860,1200,340,6,13,-7,0
"2022-23","13175","Nebraska","Callin Hake",14,2,919,1200,281,6,9,-3,0
"2022-23","13175","Nebraska","Isabelle Bourne",34,4,919,1446,527,18,20,-2,0
"2022-23","13175","Maryland","Faith Masonius",13,3,975,1485,510,21,18,3,0
"2022-23","13175","Nebraska","Maddie Krull",42,3,993,1474,481,18,20,-2,0
"2022-23","13175","Maryland","Bri McDaniel",24,2,1198,1200,2,0,0,0,0
"2022-23","13175","Maryland","Diamond Miller",1,3,1200,2262,1062,31,56,-25,0
"2022-23","13175","Maryland","Abby Meyers",10,3,1200,1347,147,3,5,-2,0
"2022-23","13175","Maryland","Elisa Pinzan",12,3,1200,1347,147,3,5,-2,0
"2022-23","13175","Nebraska","Allison Weidner",3,4,1200,1485,285,12,12,0,0
"2022-23","13175","Nebraska","Alexis Markowski",40,4,1200,1583,383,14,14,0,0
"2022-23","13175","Maryland","Lavender Briggs",3,3,1347,1697,350,13,19,-6,0
"2022-23","13175","Maryland","Brinae Alexander",5,3,1347,1607,260,11,9,2,0
"2022-23","13175","Nebraska","Kendall Coley",32,4,1446,1583,137,2,3,-1,0
"2022-23","13175","Nebraska","Kendall Moriarty",15,3,1474,1551,77,0,1,-1,0
"2022-23","13175","Maryland","Mila Reynolds",15,2,1485,1551,66,0,0,0,0
"2022-23","13175","Nebraska","Maddie Krull",42,4,1485,2400,915,47,19,28,0
"2022-23","13175","Maryland","Faith Masonius",13,4,1551,2262,711,19,44,-25,0
"2022-23","13175","Nebraska","Allison Weidner",3,5,1551,2073,522,29,13,16,0
"2022-23","13175","Nebraska","Annika Stewart",21,3,1583,1697,114,10,2,8,0
"2022-23","13175","Nebraska","Isabelle Bourne",34,5,1583,2376,793,43,17,26,0
"2022-23","13175","Maryland","Abby Meyers",10,4,1607,1697,90,2,10,-8,0
"2022-23","13175","Maryland","Brinae Alexander",5,4,1697,1897,200,7,12,-5,0
"2022-23","13175","Maryland","Gia Cooke",11,1,1697,2058,361,9,15,-6,0
"2022-23","13175","Nebraska","Alexis Markowski",40,5,1697,2058,361,17,9,8,0
"2022-23","13175","Maryland","Abby Meyers",10,5,1897,2091,194,4,8,-4,0
"2022-23","13175","Maryland","Lavender Briggs",3,4,1902,2400,498,8,23,-15,0
"2022-23","13175","Maryland","Shyanne Sellers",0,3,2058,2262,204,6,17,-11,0
"2022-23","13175","Nebraska","Annika Stewart",21,4,2058,2119,61,3,4,-1,0
"2022-23","13175","Nebraska","Kendall Moriarty",15,4,2073,2200,127,10,6,4,0
"2022-23","13175","Maryland","Brinae Alexander",5,5,2091,2400,309,4,15,-11,0
"2022-23","13175","Nebraska","Alexis Markowski",40,6,2119,2294,175,12,2,10,0
"2022-23","13175","Nebraska","Allison Weidner",3,6,2200,2400,200,8,0,8,0
"2022-23","13175","Maryland","Gia Cooke",11,2,2262,2376,114,0,1,-1,0
"2022-23","13175","Maryland","Mila Reynolds",15,3,2262,2400,138,0,3,-3,0
"2022-23","13175","Maryland","Bri McDaniel",24,3,2262,2400,138,0,3,-3,0
"2022-23","13175","Nebraska","Annika Stewart",21,5,2294,2400,106,3,0,3,0
"2022-23","13175","Maryland","Shyanne Sellers",0,4,2376,2400,24,0,2,-2,0
"2022-23","13175","Nebraska","Callin Hake",14,3,2376,2400,24,2,0,2,0
"2022-23","13175","Nebraska","Kendall Coley",32,5,2376,2400,24,2,0,2,0
"2022-23","13176","Maryland","Shyanne Sellers",0,1,0,260,260,5,6,-1,1
"2022-23","13176","Maryland","Diamond Miller",1,1,0,50,50,0,0,0,1
"2022-23","13176","Maryland","Brinae Alexander",5,1,0,410,410,9,13,-4,1
"2022-23","13176","Maryland","Elisa Pinzan",12,1,0,597,597,20,21,-1,1
"2022-23","13176","Maryland","Faith Masonius",13,1,0,919,919,28,31,-3,1
"2022-23","13176","Purdue","Cassidy Hardin",5,1,0,515,515,19,14,5,1
"2022-23","13176","Purdue","Jeanae Terry",10,1,0,260,260,6,5,1,1
"2022-23","13176","Purdue","Lasha Petree",11,1,0,410,410,13,9,4,1
"2022-23","13176","Purdue","Madison Layden",33,1,0,597,597,21,20,1,1
"2022-23","13176","Purdue","Caitlyn Harper",34,1,0,410,410,13,9,4,1
"2022-23","13176","Maryland","Lavender Briggs",3,1,50,693,643,22,25,-3,0
"2022-23","13176","Maryland","Abby Meyers",10,1,260,600,340,15,17,-2,0
"2022-23","13176","Purdue","Abbey Ellis",23,1,260,881,621,25,21,4,0
"2022-23","13176","Maryland","Shyanne Sellers",0,2,410,597,187,11,8,3,0
"2022-23","13176","Purdue","Jayla Smith",3,1,410,752,342,12,15,-3,0
"2022-23","13176","Purdue","Rickie Woltman",35,1,410,597,187,8,11,-3,0
"2022-23","13176","Purdue","Lasha Petree",11,2,515,864,349,10,12,-2,0
"2022-23","13176","Maryland","Gia Cooke",11,1,597,600,3,0,2,-2,0
"2022-23","13176","Maryland","Bri McDaniel",24,1,597,600,3,0,2,-2,0
"2022-23","13176","Purdue","Cassidy Hardin",5,2,597,600,3,2,0,2,0
"2022-23","13176","Purdue","Jeanae Terry",10,2,597,1005,408,13,10,3,0
"2022-23","13176","Maryland","Shyanne Sellers",0,3,600,693,93,2,2,0,0
"2022-23","13176","Maryland","Diamond Miller",1,2,600,864,264,6,6,0,0
"2022-23","13176","Maryland","Elisa Pinzan",12,2,600,1575,975,26,30,-4,0
"2022-23","13176","Purdue","Rickie Woltman",35,2,600,693,93,2,2,0,0
"2022-23","13176","Maryland","Brinae Alexander",5,2,693,1033,340,8,9,-1,0
"2022-23","13176","Maryland","Abby Meyers",10,2,693,1111,418,10,13,-3,0
"2022-23","13176","Purdue","Caitlyn Harper",34,2,693,772,79,0,2,-2,0
"2022-23","13176","Purdue","Madison Layden",33,2,752,1005,253,9,6,3,0
"2022-23","13176","Purdue","Rickie Woltman",35,3,772,1005,233,9,6,3,0
"2022-23","13176","Maryland","Lavender Briggs",3,2,864,1005,141,4,5,-1,0
"2022-23","13176","Purdue","Cassidy Hardin",5,3,864,2110,1246,36,41,-5,0
"2022-23","13176","Purdue","Ava Learn",14,1,881,1077,196,5,4,1,0
"2022-23","13176","Maryland","Diamond Miller",1,3,919,1765,846,29,28,1,0
"2022-23","13176","Maryland","Shyanne Sellers",0,4,1005,2400,1395,47,40,7,0
"2022-23","13176","Purdue","Lasha Petree",11,3,1005,1461,456,16,15,1,0
"2022-23","13176","Purdue","Abbey Ellis",23,2,1005,1200,195,4,5,-1,0
"2022-23","13176","Purdue","Caitlyn Harper",34,3,1005,1686,681,23,21,2,0
"2022-23","13176","Maryland","Faith Masonius",13,2,1033,1390,357,14,14,0,0
"2022-23","13176","Purdue","Madison Layden",33,3,1077,2400,1323,38,47,-9,0
"2022-23","13176","Maryland","Lavender Briggs",3,3,1111,1200,89,3,0,3,0
"2022-23","13176","Maryland","Brinae Alexander",5,3,1200,1390,190,9,10,-1,0
"2022-23","13176","Purdue","Jeanae Terry",10,3,1200,1731,531,21,18,3,0
"2022-23","13176","Maryland","Lavender Briggs",3,4,1390,1535,145,2,2,0,0
"2022-23","13176","Maryland","Abby Meyers",10,3,1390,2367,977,30,26,4,0
"2022-23","13176","Purdue","Abbey Ellis",23,3,1461,1908,447,13,14,-1,0
"2022-23","13176","Maryland","Faith Masonius",13,3,1535,1698,163,5,7,-2,0
"2022-23","13176","Maryland","Brinae Alexander",5,4,1575,1585,10,0,0,0,0
"2022-23","13176","Maryland","Lavender Briggs",3,5,1585,2026,441,18,10,8,0
"2022-23","13176","Purdue","Rickie Woltman",35,4,1686,1765,79,2,6,-4,0
"2022-23","13176","Maryland","Brinae Alexander",5,5,1698,1800,102,6,4,2,0
"2022-23","13176","Purdue","Jayla Smith",3,2,1731,1982,251,4,11,-7,0
"2022-23","13176","Maryland","Elisa Pinzan",12,3,1765,1824,59,2,2,0,0
"2022-23","13176","Purdue","Ava Learn",14,2,1765,1982,217,4,7,-3,0
"2022-23","13176","Maryland","Diamond Miller",1,4,1800,2400,600,20,13,7,0
"2022-23","13176","Maryland","Faith Masonius",13,4,1824,2400,576,18,13,5,0
"2022-23","13176","Purdue","Lasha Petree",11,4,1908,2400,492,11,18,-7,0
"2022-23","13176","Purdue","Jeanae Terry",10,4,1982,2317,335,10,10,0,0
"2022-23","13176","Purdue","Caitlyn Harper",34,4,1982,2335,353,10,10,0,0
"2022-23","13176","Maryland","Brinae Alexander",5,6,2026,2400,374,13,11,2,0
"2022-23","13176","Purdue","Abbey Ellis",23,4,2110,2400,290,9,10,-1,0
"2022-23","13176","Purdue","Cassidy Hardin",5,4,2317,2367,50,1,0,1,0
"2022-23","13176","Purdue","Rickie Woltman",35,5,2335,2367,32,1,0,1,0
"2022-23","13176","Maryland","Lavender Briggs",3,6,2367,2394,27,0,0,0,0
"2022-23","13176","Purdue","Jeanae Terry",10,5,2367,2400,33,0,3,-3,0
"2022-23","13176","Purdue","Caitlyn Harper",34,5,2367,2394,27,0,0,0,0
"2022-23","13176","Maryland","Abby Meyers",10,4,2394,2400,6,3,0,3,0
"2022-23","13176","Purdue","Rickie Woltman",35,6,2394,2400,6,0,3,-3,0
"2022-23","13177","Maryland","Shyanne Sellers",0,1,0,258,258,9,7,2,1
"2022-23","13177","Maryland","Diamond Miller",1,1,0,214,214,7,5,2,1
"2022-23","13177","Maryland","Abby Meyers",10,1,0,783,783,36,18,18,1
"2022-23","13177","Maryland","Elisa Pinzan",12,1,0,324,324,11,9,2,1
"2022-23","13177","Maryland","Faith Masonius",13,1,0,93,93,3,2,1,1
"2022-23","13177","Minnesota","Amaya Battle",3,1,0,324,324,9,11,-2,1
"2022-23","13177","Minnesota","Alanna Micheaux",4,1,0,258,258,7,9,-2,1
"2022-23","13177","Minnesota","Mara Braun",10,1,0,166,166,5,5,0,1
"2022-23","13177","Minnesota","Katie Borowicz",23,1,0,204,204,5,7,-2,1
"2022-23","13177","Minnesota","Mallory Heyer",24,1,0,166,166,5,5,0,1
"2022-23","13177","Maryland","Brinae Alexander",5,1,93,439,346,12,9,3,0
"2022-23","13177","Minnesota","Maggie Czinano",5,1,166,324,158,4,6,-2,0
"2022-23","13177","Minnesota","Isabelle Gradwell",14,1,166,324,158,4,6,-2,0
"2022-23","13177","Minnesota","Mara Braun",10,2,204,1085,881,28,34,-6,0
"2022-23","13177","Maryland","Lavender Briggs",3,1,214,783,569,29,13,16,0
"2022-23","13177","Maryland","Bri McDaniel",24,1,258,324,66,2,2,0,0
"2022-23","13177","Minnesota","Mallory Heyer",24,2,258,439,181,4,6,-2,0
"2022-23","13177","Maryland","Shyanne Sellers",0,2,324,895,571,26,16,10,0
"2022-23","13177","Maryland","Diamond Miller",1,2,324,520,196,8,2,6,0
"2022-23","13177","Minnesota","Alanna Micheaux",4,2,324,895,571,16,26,-10,0
"2022-23","13177","Minnesota","Mi'Cole Cayton",21,1,324,499,175,2,8,-6,0
"2022-23","13177","Minnesota","Katie Borowicz",23,2,324,439,115,2,4,-2,0
"2022-23","13177","Maryland","Faith Masonius",13,2,439,600,161,9,4,5,0
"2022-23","13177","Minnesota","Amaya Battle",3,2,439,1475,1036,38,52,-14,0
"2022-23","13177","Minnesota","Maggie Czinano",5,2,439,600,161,4,9,-5,0
"2022-23","13177","Minnesota","Katie Borowicz",23,3,499,783,284,7,17,-10,0
"2022-23","13177","Maryland","Brinae Alexander",5,2,520,783,263,17,7,10,0
"2022-23","13177","Maryland","Diamond Miller",1,3,600,1426,826,41,29,12,0
"2022-23","13177","Minnesota","Mallory Heyer",24,3,600,783,183,3,12,-9,0
"2022-23","13177","Maryland","Elisa Pinzan",12,2,783,914,131,1,9,-8,0
"2022-23","13177","Maryland","Faith Masonius",13,3,783,1067,284,3,15,-12,0
"2022-23","13177","Maryland","Bri McDaniel",24,2,783,895,112,1,7,-6,0
"2022-23","13177","Minnesota","Maggie Czinano",5,3,783,994,211,12,1,11,0
"2022-23","13177","Minnesota","Mi'Cole Cayton",21,2,783,994,211,12,1,11,0
"2022-23","13177","Maryland","Lavender Briggs",3,2,895,1200,305,11,14,-3,0
"2022-23","13177","Maryland","Abby Meyers",10,2,895,1757,862,46,34,12,0
"2022-23","13177","Minnesota","Destinee Oberg",13,1,895,994,99,5,0,5,0
"2022-23","13177","Maryland","Shyanne Sellers",0,3,914,1523,609,32,24,8,0
"2022-23","13177","Minnesota","Alanna Micheaux",4,3,994,1559,565,21,35,-14,0
"2022-23","13177","Minnesota","Isabelle Gradwell",14,2,994,1200,206,9,11,-2,0
"2022-23","13177","Minnesota","Katie Borowicz",23,4,994,1124,130,5,4,1,0
"2022-23","13177","Maryland","Brinae Alexander",5,3,1067,1200,133,9,6,3,0
"2022-23","13177","Minnesota","Mi'Cole Cayton",21,3,1085,1366,281,11,17,-6,0
"2022-23","13177","Minnesota","Maggie Czinano",5,4,1124,1200,76,4,7,-3,0
"2022-23","13177","Maryland","Elisa Pinzan",12,3,1200,1800,600,35,22,13,0
"2022-23","13177","Maryland","Faith Masonius",13,4,1200,1617,417,25,14,11,0
"2022-23","13177","Minnesota","Mara Braun",10,3,1200,1673,473,16,30,-14,0
"2022-23","13177","Minnesota","Mallory Heyer",24,4,1200,1559,359,12,24,-12,0
"2022-23","13177","Minnesota","Katie Borowicz",23,5,1366,1523,157,7,11,-4,0
"2022-23","13177","Maryland","Brinae Alexander",5,4,1426,1968,542,26,26,0,0
"2022-23","13177","Minnesota","Isabelle Gradwell",14,3,1475,1800,325,12,16,-4,0
"2022-23","13177","Maryland","Lavender Briggs",3,3,1523,2003,480,25,19,6,0
"2022-23","13177","Minnesota","Amaya Battle",3,3,1523,1682,159,4,9,-5,0
"2022-23","13177","Minnesota","Maggie Czinano",5,5,1559,1800,241,10,11,-1,0
"2022-23","13177","Minnesota","Destinee Oberg",13,2,1559,1800,241,10,11,-1,0
"2022-23","13177","Maryland","Bri McDaniel",24,3,1617,1800,183,10,8,2,0
"2022-23","13177","Minnesota","Katie Borowicz",23,6,1673,2153,480,19,20,-1,0
"2022-23","13177","Minnesota","Mi'Cole Cayton",21,4,1682,1800,118,6,5,1,0
"2022-23","13177","Maryland","Mila Reynolds",15,1,1757,2057,300,13,13,0,0
"2022-23","13177","Maryland","Diamond Miller",1,4,1800,2115,315,13,13,0,0
"2022-23","13177","Maryland","Gia Cooke",11,1,1800,2400,600,24,24,0,0
"2022-23","13177","Minnesota","Amaya Battle",3,4,1800,2400,600,24,24,0,0
"2022-23","13177","Minnesota","Alanna Micheaux",4,4,1800,2172,372,16,16,0,0
"2022-23","13177","Minnesota","Mara Braun",10,4,1800,2070,270,11,13,-2,0
"2022-23","13177","Minnesota","Mallory Heyer",24,5,1800,2057,257,11,13,-2,0
"2022-23","13177","Maryland","Shyanne Sellers",0,4,1968,2153,185,7,4,3,0
"2022-23","13177","Maryland","Bri McDaniel",24,4,2003,2400,397,13,15,-2,0
"2022-23","13177","Maryland","Elisa Pinzan",12,4,2057,2400,343,11,13,-2,0
"2022-23","13177","Minnesota","Maggie Czinano",5,6,2057,2400,343,13,11,2,0
"2022-23","13177","Minnesota","Mi'Cole Cayton",21,5,2070,2400,330,13,11,2,0
"2022-23","13177","Maryland","Mila Reynolds",15,2,2115,2400,285,11,11,0,0
"2022-23","13177","Maryland","Lavender Briggs",3,4,2153,2400,247,9,11,-2,0
"2022-23","13177","Minnesota","Isabelle Gradwell",14,4,2153,2400,247,11,9,2,0
"2022-23","13177","Minnesota","Destinee Oberg",13,3,2172,2400,228,8,8,0,0
"2022-23","13178","Maryland","Shyanne Sellers",0,1,0,363,363,16,7,9,1
"2022-23","13178","Maryland","Diamond Miller",1,1,0,434,434,18,7,11,1
"2022-23","13178","Maryland","Abby Meyers",10,1,0,568,568,24,9,15,1
"2022-23","13178","Maryland","Elisa Pinzan",12,1,0,268,268,12,3,9,1
"2022-23","13178","Maryland","Faith Masonius",13,1,0,384,384,16,7,9,1
"2022-23","13178","Rutgers","Kaylene Smikle",2,1,0,384,384,7,16,-9,1
"2022-23","13178","Rutgers","Awa Sidibe",11,1,0,434,434,7,18,-11,1
"2022-23","13178","Rutgers","Erica Lafayette",20,1,0,92,92,0,6,-6,1
"2022-23","13178","Rutgers","Kassondra Brown",22,1,0,207,207,3,10,-7,1
"2022-23","13178","Rutgers","Chyna Cornwell",54,1,0,363,363,7,16,-9,1
"2022-23","13178","Rutgers","Kai Carter",24,1,92,467,375,7,15,-8,0
"2022-23","13178","Rutgers","Antonia Bates",4,1,207,568,361,6,14,-8,0
"2022-23","13178","Maryland","Brinae Alexander",5,1,268,467,199,9,4,5,0
"2022-23","13178","Maryland","Lavender Briggs",3,1,363,817,454,13,8,5,0
"2022-23","13178","Rutgers","Kassondra Brown",22,2,363,817,454,9,13,-4,0
"2022-23","13178","Maryland","Elisa Pinzan",12,2,384,412,28,2,0,2,0
"2022-23","13178","Rutgers","Erica Lafayette",20,2,384,696,312,4,11,-7,0
"2022-23","13178","Maryland","Gia Cooke",11,1,412,568,156,6,2,4,0
"2022-23","13178","Maryland","Shyanne Sellers",0,2,434,1419,985,32,28,4,0
"2022-23","13178","Rutgers","Kaylene Smikle",2,2,434,568,134,2,6,-4,0
"2022-23","13178","Maryland","Faith Masonius",13,2,467,1495,1028,31,30,1,0
"2022-23","13178","Rutgers","Awa Sidibe",11,2,467,1395,928,28,29,-1,0
"2022-23","13178","Maryland","Brinae Alexander",5,2,568,600,32,0,0,0,0
"2022-23","13178","Maryland","Elisa Pinzan",12,3,568,817,249,5,6,-1,0
"2022-23","13178","Rutgers","Kai Carter",24,2,568,2400,1832,58,54,4,0
"2022-23","13178","Rutgers","Abby Streeter",31,1,568,1200,632,24,16,8,0
"2022-23","13178","Maryland","Diamond Miller",1,2,600,696,96,3,2,1,0
"2022-23","13178","Maryland","Abby Meyers",10,2,696,1800,1104,40,33,7,0
"2022-23","13178","Rutgers","Kaylene Smikle",2,3,696,2400,1704,56,51,5,0
"2022-23","13178","Maryland","Diamond Miller",1,3,817,868,51,2,1,1,0
"2022-23","13178","Maryland","Bri McDaniel",24,1,817,1006,189,9,11,-2,0
"2022-23","13178","Rutgers","Chyna Cornwell",54,2,817,1495,678,21,23,-2,0
"2022-23","13178","Maryland","Lavender Briggs",3,2,868,1200,332,9,17,-8,0
"2022-23","13178","Maryland","Brinae Alexander",5,3,1006,1200,194,2,7,-5,0
"2022-23","13178","Maryland","Diamond Miller",1,4,1200,1616,416,18,7,11,0
"2022-23","13178","Maryland","Elisa Pinzan",12,4,1200,1708,508,25,9,16,0
"2022-23","13178","Rutgers","Kassondra Brown",22,3,1200,1335,135,2,3,-1,0
"2022-23","13178","Rutgers","Abby Streeter",31,2,1335,1495,160,2,9,-7,0
"2022-23","13178","Rutgers","Antonia Bates",4,2,1395,1417,22,0,0,0,0
"2022-23","13178","Rutgers","Awa Sidibe",11,3,1417,1988,571,16,25,-9,0
"2022-23","13178","Maryland","Lavender Briggs",3,3,1419,1988,569,25,16,9,0
"2022-23","13178","Maryland","Brinae Alexander",5,4,1495,1619,124,6,3,3,0
"2022-23","13178","Rutgers","Erica Lafayette",20,3,1495,1616,121,3,6,-3,0
"2022-23","13178","Rutgers","Kassondra Brown",22,4,1495,1616,121,3,6,-3,0
"2022-23","13178","Maryland","Faith Masonius",13,3,1616,1988,372,17,11,6,0
"2022-23","13178","Rutgers","Abby Streeter",31,3,1616,1776,160,4,9,-5,0
"2022-23","13178","Rutgers","Chyna Cornwell",54,3,1616,2400,784,27,20,7,0
"2022-23","13178","Maryland","Bri McDaniel",24,2,1619,2400,781,20,27,-7,0
"2022-23","13178","Maryland","Diamond Miller",1,5,1708,2049,341,10,11,-1,0
"2022-23","13178","Rutgers","Kassondra Brown",22,5,1776,2080,304,11,8,3,0
"2022-23","13178","Maryland","Elisa Pinzan",12,5,1800,2163,363,11,14,-3,0
"2022-23","13178","Maryland","Shyanne Sellers",0,3,1988,2297,309,3,11,-8,0
"2022-23","13178","Maryland","Mila Reynolds",15,1,1988,2400,412,3,16,-13,0
"2022-23","13178","Rutgers","Abby Streeter",31,4,1988,2400,412,16,3,13,0
"2022-23","13178","Maryland","Abby Meyers",10,3,2049,2163,114,3,5,-2,0
"2022-23","13178","Rutgers","Awa Sidibe",11,4,2080,2400,320,12,3,9,0
"2022-23","13178","Maryland","Lavender Briggs",3,4,2163,2400,237,0,9,-9,0
"2022-23","13178","Maryland","Gia Cooke",11,2,2163,2400,237,0,9,-9,0
"2022-23","13178","Maryland","Ava Sciolla",2,1,2297,2400,103,0,5,-5,0
"2022-23","13179","Maryland","Shyanne Sellers",0,1,0,145,145,4,7,-3,1
"2022-23","13179","Maryland","Diamond Miller",1,1,0,488,488,12,13,-1,1
"2022-23","13179","Maryland","Abby Meyers",10,1,0,283,283,8,7,1,1
"2022-23","13179","Maryland","Elisa Pinzan",12,1,0,456,456,12,12,0,1
"2022-23","13179","Maryland","Faith Masonius",13,1,0,283,283,8,7,1,1
"2022-23","13179","Michigan St.","DeeDee Hagemann",0,1,0,456,456,12,12,0,1
"2022-23","13179","Michigan St.","Tory Ozment",1,1,0,283,283,7,8,-1,1
"2022-23","13179","Michigan St.","Kamaria McDaniel",5,1,0,283,283,7,8,-1,1
"2022-23","13179","Michigan St.","Matilda Ekh",11,1,0,456,456,12,12,0,1
"2022-23","13179","Michigan St.","Isaline Alexander",12,1,0,283,283,7,8,-1,1
"2022-23","13179","Maryland","Lavender Briggs",3,1,145,874,729,23,17,6,0
"2022-23","13179","Maryland","Shyanne Sellers",0,2,283,761,478,17,15,2,0
"2022-23","13179","Maryland","Brinae Alexander",5,1,283,600,317,9,9,0,0
"2022-23","13179","Michigan St.","Taiyier Parks",14,1,283,874,591,17,19,-2,0
"2022-23","13179","Michigan St.","Moira Joiner",22,1,283,759,476,15,17,-2,0
"2022-23","13179","Michigan St.","Julia Ayrault",40,1,283,498,215,6,4,2,0
"2022-23","13179","Maryland","Abby Meyers",10,2,456,1706,1250,53,36,17,0
"2022-23","13179","Michigan St.","Theryn Hallock",4,1,456,572,116,4,5,-1,0
"2022-23","13179","Michigan St.","Kamaria McDaniel",5,2,456,672,216,7,8,-1,0
"2022-23","13179","Maryland","Faith Masonius",13,2,488,874,386,15,11,4,0
"2022-23","13179","Michigan St.","Tory Ozment",1,2,498,874,376,11,15,-4,0
"2022-23","13179","Michigan St.","DeeDee Hagemann",0,2,572,888,316,9,12,-3,0
"2022-23","13179","Maryland","Diamond Miller",1,2,600,1575,975,42,30,12,0
"2022-23","13179","Michigan St.","Matilda Ekh",11,2,672,991,319,11,13,-2,0
"2022-23","13179","Michigan St.","Stephanie Visscher",13,1,759,874,115,2,2,0,0
"2022-23","13179","Maryland","Elisa Pinzan",12,2,761,874,113,2,2,0,0
"2022-23","13179","Maryland","Shyanne Sellers",0,3,874,1006,132,8,6,2,0
"2022-23","13179","Maryland","Brinae Alexander",5,2,874,1200,326,13,16,-3,0
"2022-23","13179","Maryland","Bri McDaniel",24,1,874,1070,196,11,8,3,0
"2022-23","13179","Michigan St.","Kamaria McDaniel",5,3,874,1398,524,19,20,-1,0
"2022-23","13179","Michigan St.","Isaline Alexander",12,2,874,1070,196,8,11,-3,0
"2022-23","13179","Michigan St.","Moira Joiner",22,2,874,1200,326,16,13,3,0
"2022-23","13179","Michigan St.","Theryn Hallock",4,2,888,991,103,5,4,1,0
"2022-23","13179","Michigan St.","DeeDee Hagemann",0,3,991,1706,715,18,32,-14,0
"2022-23","13179","Michigan St.","Tory Ozment",1,3,991,1434,443,13,18,-5,0
"2022-23","13179","Maryland","Elisa Pinzan",12,3,1006,1200,194,5,10,-5,0
"2022-23","13179","Maryland","Lavender Briggs",3,2,1070,1716,646,27,16,11,0
"2022-23","13179","Michigan St.","Taiyier Parks",14,2,1070,1373,303,11,8,3,0
"2022-23","13179","Maryland","Shyanne Sellers",0,4,1200,1754,554,25,8,17,0
"2022-23","13179","Maryland","Faith Masonius",13,3,1200,1434,234,11,3,8,0
"2022-23","13179","Michigan St.","Matilda Ekh",11,3,1200,1650,450,6,21,-15,0
"2022-23","13179","Michigan St.","Julia Ayrault",40,2,1373,1575,202,3,13,-10,0
"2022-23","13179","Michigan St.","Moira Joiner",22,3,1398,1575,177,3,12,-9,0
"2022-23","13179","Maryland","Brinae Alexander",5,3,1434,1800,366,19,8,11,0
"2022-23","13179","Michigan St.","Isaline Alexander",12,3,1434,1620,186,3,10,-7,0
"2022-23","13179","Maryland","Faith Masonius",13,4,1575,2400,825,35,39,-4,0
"2022-23","13179","Michigan St.","Tory Ozment",1,4,1575,1903,328,11,13,-2,0
"2022-23","13179","Michigan St.","Kamaria McDaniel",5,4,1575,2187,612,21,22,-1,0
"2022-23","13179","Michigan St.","Taiyier Parks",14,3,1620,2377,757,35,27,8,0
"2022-23","13179","Michigan St.","Moira Joiner",22,4,1650,2400,750,39,33,6,0
"2022-23","13179","Maryland","Bri McDaniel",24,2,1706,1940,234,7,9,-2,0
"2022-23","13179","Michigan St.","Theryn Hallock",4,3,1706,1800,94,3,5,-2,0
"2022-23","13179","Maryland","Diamond Miller",1,3,1716,2400,684,29,37,-8,0
"2022-23","13179","Maryland","Elisa Pinzan",12,4,1754,1903,149,7,9,-2,0
"2022-23","13179","Maryland","Abby Meyers",10,3,1800,1903,103,2,6,-4,0
"2022-23","13179","Michigan St.","Matilda Ekh",11,4,1800,2400,600,34,24,10,0
"2022-23","13179","Maryland","Shyanne Sellers",0,5,1903,2400,497,22,28,-6,0
"2022-23","13179","Maryland","Lavender Briggs",3,3,1903,2296,393,13,16,-3,0
"2022-23","13179","Michigan St.","DeeDee Hagemann",0,4,1903,2377,474,24,16,8,0
"2022-23","13179","Maryland","Abby Meyers",10,4,1940,2374,434,16,22,-6,0
"2022-23","13179","Michigan St.","Abbey Kimball",2,1,2187,2374,187,12,7,5,0
"2022-23","13179","Maryland","Brinae Alexander",5,4,2296,2377,81,3,8,-5,0
"2022-23","13179","Maryland","Lavender Briggs",3,4,2374,2400,26,6,6,0,0
"2022-23","13179","Michigan St.","Kamaria McDaniel",5,5,2374,2400,26,6,6,0,0
"2022-23","13179","Maryland","Abby Meyers",10,5,2377,2400,23,6,4,2,0
"2022-23","13179","Michigan St.","Tory Ozment",1,5,2377,2378,1,1,0,1,0
"2022-23","13179","Michigan St.","Theryn Hallock",4,4,2377,2378,1,1,0,1,0
"2022-23","13179","Michigan St.","DeeDee Hagemann",0,5,2378,2392,14,2,4,-2,0
"2022-23","13179","Michigan St.","Taiyier Parks",14,4,2378,2392,14,2,4,-2,0
"2022-23","13179","Michigan St.","Tory Ozment",1,6,2392,2393,1,1,0,1,0
"2022-23","13179","Michigan St.","Theryn Hallock",4,5,2392,2393,1,1,0,1,0
"2022-23","13179","Michigan St.","DeeDee Hagemann",0,6,2393,2400,7,0,2,-2,0
"2022-23","13179","Michigan St.","Taiyier Parks",14,5,2393,2400,7,0,2,-2,0
"2022-23","13180","Indiana","Yarden Garzon",12,1,0,412,412,14,12,2,1
"2022-23","13180","Indiana","Chloe Moore-McNeil",22,1,0,412,412,14,12,2,1
"2022-23","13180","Indiana","Sydney Parrish",33,1,0,252,252,7,7,0,1
"2022-23","13180","Indiana","Grace Berger",34,1,0,522,522,17,15,2,1
"2022-23","13180","Indiana","Mackenzie Holmes",54,1,0,522,522,17,15,2,1
"2022-23","13180","Maryland","Shyanne Sellers",0,1,0,307,307,10,9,1,1
"2022-23","13180","Maryland","Diamond Miller",1,1,0,252,252,7,7,0,1
"2022-23","13180","Maryland","Abby Meyers",10,1,0,412,412,12,14,-2,1
"2022-23","13180","Maryland","Elisa Pinzan",12,1,0,713,713,20,21,-1,1
"2022-23","13180","Maryland","Faith Masonius",13,1,0,412,412,12,14,-2,1
"2022-23","13180","Indiana","Sara Scalia",14,1,252,600,348,12,13,-1,0
"2022-23","13180","Maryland","Brinae Alexander",5,1,252,713,461,13,14,-1,0
"2022-23","13180","Maryland","Lavender Briggs",3,1,307,534,227,7,8,-1,0
"2022-23","13180","Indiana","Lexus Bargesser",1,1,412,561,149,5,6,-1,0
"2022-23","13180","Indiana","Sydney Parrish",33,2,412,872,460,17,11,6,0
"2022-23","13180","Maryland","Shyanne Sellers",0,2,412,872,460,11,17,-6,0
"2022-23","13180","Maryland","Diamond Miller",1,2,412,936,524,11,17,-6,0
"2022-23","13180","Indiana","Chloe Moore-McNeil",22,2,522,778,256,10,8,2,0
"2022-23","13180","Indiana","Lilly Meister",52,1,522,561,39,2,3,-1,0
"2022-23","13180","Maryland","Faith Masonius",13,2,534,561,27,1,2,-1,0
"2022-23","13180","Indiana","Grace Berger",34,2,561,872,311,12,5,7,0
"2022-23","13180","Indiana","Mackenzie Holmes",54,2,561,778,217,8,5,3,0
"2022-23","13180","Maryland","Abby Meyers",10,2,561,1800,1239,24,29,-5,0
"2022-23","13180","Indiana","Yarden Garzon",12,2,600,1149,549,14,7,7,0
"2022-23","13180","Maryland","Lavender Briggs",3,2,713,778,65,3,6,-3,0
"2022-23","13180","Maryland","Faith Masonius",13,3,713,1149,436,7,12,-5,0
"2022-23","13180","Indiana","Sara Scalia",14,2,778,1149,371,6,4,2,0
"2022-23","13180","Indiana","Lilly Meister",52,2,778,872,94,4,0,4,0
"2022-23","13180","Maryland","Bri McDaniel",24,1,778,872,94,0,4,-4,0
"2022-23","13180","Indiana","Lexus Bargesser",1,2,872,1200,328,4,4,0,0
"2022-23","13180","Indiana","Chloe Moore-McNeil",22,3,872,1628,756,14,15,-1,0
"2022-23","13180","Indiana","Mackenzie Holmes",54,3,872,1472,600,10,9,1,0
"2022-23","13180","Maryland","Lavender Briggs",3,3,872,1200,328,4,4,0,0
"2022-23","13180","Maryland","Elisa Pinzan",12,2,872,1506,634,11,12,-1,0
"2022-23","13180","Maryland","Brinae Alexander",5,2,936,1200,264,4,4,0,0
"2022-23","13180","Indiana","Sydney Parrish",33,3,1149,1605,456,12,11,1,0
"2022-23","13180","Indiana","Grace Berger",34,3,1149,2400,1251,35,34,1,0
"2022-23","13180","Maryland","Diamond Miller",1,3,1149,2400,1251,34,35,-1,0
"2022-23","13180","Indiana","Yarden Garzon",12,3,1200,1472,272,6,5,1,0
"2022-23","13180","Maryland","Shyanne Sellers",0,3,1200,1357,157,2,4,-2,0
"2022-23","13180","Maryland","Faith Masonius",13,4,1200,1506,306,7,8,-1,0
"2022-23","13180","Maryland","Brinae Alexander",5,3,1357,2125,768,21,18,3,0
"2022-23","13180","Indiana","Sara Scalia",14,3,1472,1845,373,7,10,-3,0
"2022-23","13180","Indiana","Lilly Meister",52,3,1472,1506,34,2,2,0,0
"2022-23","13180","Indiana","Mackenzie Holmes",54,4,1506,1605,99,2,4,-2,0
"2022-23","13180","Maryland","Shyanne Sellers",0,4,1506,2125,619,16,14,2,0
"2022-23","13180","Maryland","Lavender Briggs",3,4,1506,1800,294,8,5,3,0
"2022-23","13180","Indiana","Yarden Garzon",12,4,1605,2400,795,23,23,0,0
"2022-23","13180","Indiana","Lilly Meister",52,4,1605,1628,23,0,0,0,0
"2022-23","13180","Indiana","Sydney Parrish",33,4,1628,1787,159,3,4,-1,0
"2022-23","13180","Indiana","Mackenzie Holmes",54,5,1628,1799,171,3,4,-1,0
"2022-23","13180","Indiana","Chloe Moore-McNeil",22,4,1787,2400,613,20,19,1,0
"2022-23","13180","Indiana","Lilly Meister",52,5,1799,1800,1,0,0,0,0
"2022-23","13180","Indiana","Mackenzie Holmes",54,6,1800,2359,559,14,15,-1,0
"2022-23","13180","Maryland","Elisa Pinzan",12,3,1800,1899,99,2,0,2,0
"2022-23","13180","Maryland","Faith Masonius",13,5,1800,1845,45,0,0,0,0
"2022-23","13180","Indiana","Sydney Parrish",33,5,1845,1927,82,0,3,-3,0
"2022-23","13180","Maryland","Lavender Briggs",3,5,1845,2187,342,8,9,-1,0
"2022-23","13180","Maryland","Abby Meyers",10,3,1899,2400,501,17,20,-3,0
"2022-23","13180","Indiana","Sara Scalia",14,4,1927,2073,146,5,5,0,0
"2022-23","13180","Indiana","Sydney Parrish",33,6,2073,2390,317,13,9,4,0
"2022-23","13180","Maryland","Elisa Pinzan",12,4,2125,2335,210,7,5,2,0
"2022-23","13180","Maryland","Faith Masonius",13,6,2125,2359,234,7,5,2,0
"2022-23","13180","Maryland","Brinae Alexander",5,4,2187,2400,213,11,11,0,0
"2022-23","13180","Maryland","Shyanne Sellers",0,5,2335,2400,65,4,6,-2,0
"2022-23","13180","Indiana","Sara Scalia",14,5,2359,2367,8,3,2,1,0
"2022-23","13180","Maryland","Lavender Briggs",3,6,2359,2367,8,2,3,-1,0
"2022-23","13180","Indiana","Mackenzie Holmes",54,7,2367,2381,14,0,0,0,0
"2022-23","13180","Maryland","Faith Masonius",13,7,2367,2400,33,2,3,-1,0
"2022-23","13180","Indiana","Sara Scalia",14,6,2381,2387,6,1,0,1,0
"2022-23","13180","Indiana","Mackenzie Holmes",54,8,2387,2400,13,2,2,0,0
"2022-23","13180","Indiana","Sara Scalia",14,7,2390,2400,10,2,2,0,0
"2022-23","13181","Maryland","Shyanne Sellers",0,1,0,271,271,12,5,7,1
"2022-23","13181","Maryland","Diamond Miller",1,1,0,334,334,15,5,10,1
"2022-23","13181","Maryland","Abby Meyers",10,1,0,468,468,18,9,9,1
"2022-23","13181","Maryland","Elisa Pinzan",12,1,0,334,334,15,5,10,1
"2022-23","13181","Maryland","Faith Masonius",13,1,0,271,271,12,5,7,1
"2022-23","13181","Rutgers","Kaylene Smikle",2,1,0,81,81,4,2,2,1
"2022-23","13181","Rutgers","Awa Sidibe",11,1,0,271,271,5,12,-7,1
"2022-23","13181","Rutgers","Erica Lafayette",20,1,0,682,682,16,25,-9,1
"2022-23","13181","Rutgers","Kassondra Brown",22,1,0,334,334,5,15,-10,1
"2022-23","13181","Rutgers","Chyna Cornwell",54,1,0,213,213,5,10,-5,1
"2022-23","13181","Rutgers","Kai Carter",24,1,81,468,387,5,16,-11,0
"2022-23","13181","Rutgers","Kaylene Smikle",2,2,213,2330,2117,51,70,-19,0
"2022-23","13181","Maryland","Lavender Briggs",3,1,271,515,244,9,6,3,0
"2022-23","13181","Maryland","Brinae Alexander",5,1,271,494,223,9,6,3,0
"2022-23","13181","Rutgers","Antonia Bates",4,1,271,821,550,13,20,-7,0
"2022-23","13181","Maryland","Shyanne Sellers",0,2,334,886,552,20,13,7,0
"2022-23","13181","Maryland","Faith Masonius",13,2,334,590,256,8,11,-3,0
"2022-23","13181","Rutgers","Chyna Cornwell",54,2,334,362,28,0,0,0,0
"2022-23","13181","Rutgers","Kassondra Brown",22,2,362,431,69,4,3,1,0
"2022-23","13181","Rutgers","Chyna Cornwell",54,3,431,774,343,9,11,-2,0
"2022-23","13181","Maryland","Elisa Pinzan",12,2,468,732,264,9,9,0,0
"2022-23","13181","Rutgers","Awa Sidibe",11,2,468,682,214,7,7,0,0
"2022-23","13181","Maryland","Diamond Miller",1,2,494,1052,558,18,10,8,0
"2022-23","13181","Maryland","Brinae Alexander",5,2,515,600,85,2,5,-3,0
"2022-23","13181","Maryland","Abby Meyers",10,2,590,1119,529,19,7,12,0
"2022-23","13181","Maryland","Faith Masonius",13,3,600,821,221,9,2,7,0
"2022-23","13181","Rutgers","Kai Carter",24,2,682,1200,518,12,19,-7,0
"2022-23","13181","Rutgers","Abby Streeter",31,1,682,886,204,2,10,-8,0
"2022-23","13181","Maryland","Brinae Alexander",5,3,732,886,154,8,0,8,0
"2022-23","13181","Rutgers","Kassondra Brown",22,3,774,787,13,0,0,0,0
"2022-23","13181","Rutgers","Chyna Cornwell",54,4,787,1119,332,5,13,-8,0
"2022-23","13181","Maryland","Mila Reynolds",15,1,821,944,123,5,0,5,0
"2022-23","13181","Rutgers","Erica Lafayette",20,2,821,1372,551,12,18,-6,0
"2022-23","13181","Maryland","Gia Cooke",11,1,886,1200,314,9,10,-1,0
"2022-23","13181","Maryland","Faith Masonius",13,4,886,1052,166,4,3,1,0
"2022-23","13181","Rutgers","Awa Sidibe",11,3,886,1664,778,21,21,0,0
"2022-23","13181","Maryland","Brinae Alexander",5,4,944,1200,256,7,10,-3,0
"2022-23","13181","Maryland","Shyanne Sellers",0,3,1052,1372,320,11,9,2,0
"2022-23","13181","Maryland","Lavender Briggs",3,2,1052,1200,148,5,7,-2,0
"2022-23","13181","Maryland","Diamond Miller",1,3,1119,1949,830,23,26,-3,0
"2022-23","13181","Rutgers","Antonia Bates",4,2,1119,1200,81,5,2,3,0
"2022-23","13181","Maryland","Abby Meyers",10,3,1200,1832,632,19,16,3,0
"2022-23","13181","Maryland","Elisa Pinzan",12,3,1200,1407,207,6,2,4,0
"2022-23","13181","Maryland","Faith Masonius",13,5,1200,1470,270,8,4,4,0
"2022-23","13181","Rutgers","Kassondra Brown",22,4,1200,1407,207,2,6,-4,0
"2022-23","13181","Rutgers","Chyna Cornwell",54,5,1200,1372,172,2,6,-4,0
"2022-23","13181","Maryland","Lavender Briggs",3,3,1372,1470,98,2,2,0,0
"2022-23","13181","Rutgers","Kai Carter",24,3,1372,1780,408,11,11,0,0
"2022-23","13181","Rutgers","Abby Streeter",31,2,1372,1780,408,11,11,0,0
"2022-23","13181","Maryland","Shyanne Sellers",0,4,1407,1780,373,11,11,0,0
"2022-23","13181","Rutgers","Antonia Bates",4,3,1407,1528,121,3,4,-1,0
"2022-23","13181","Maryland","Brinae Alexander",5,5,1470,2330,860,28,24,4,0
"2022-23","13181","Maryland","Mila Reynolds",15,2,1470,1554,84,2,5,-3,0
"2022-23","13181","Rutgers","Kassondra Brown",22,5,1528,1697,169,8,2,6,0
"2022-23","13181","Maryland","Faith Masonius",13,6,1554,2197,643,20,16,4,0
"2022-23","13181","Rutgers","Erica Lafayette",20,3,1664,2023,359,12,9,3,0
"2022-23","13181","Rutgers","Chyna Cornwell",54,6,1697,1969,272,10,9,1,0
"2022-23","13181","Maryland","Gia Cooke",11,2,1780,1800,20,0,0,0,0
"2022-23","13181","Rutgers","Antonia Bates",4,4,1780,2400,620,15,19,-4,0
"2022-23","13181","Rutgers","Awa Sidibe",11,4,1780,2386,606,15,19,-4,0
"2022-23","13181","Maryland","Elisa Pinzan",12,4,1800,1949,149,4,8,-4,0
"2022-23","13181","Maryland","Lavender Briggs",3,4,1832,2400,568,17,12,5,0
"2022-23","13181","Maryland","Shyanne Sellers",0,5,1949,2297,348,15,7,8,0
"2022-23","13181","Maryland","Abby Meyers",10,4,1949,2297,348,15,7,8,0
"2022-23","13181","Rutgers","Kassondra Brown",22,6,1969,2023,54,0,0,0,0
"2022-23","13181","Rutgers","Kai Carter",24,4,2023,2085,62,0,2,-2,0
"2022-23","13181","Rutgers","Chyna Cornwell",54,7,2023,2297,274,5,15,-10,0
"2022-23","13181","Rutgers","Abby Streeter",31,3,2085,2114,29,0,0,0,0
"2022-23","13181","Rutgers","Erica Lafayette",20,4,2114,2400,286,5,13,-8,0
"2022-23","13181","Maryland","Bri McDaniel",24,1,2197,2400,203,6,3,3,0
"2022-23","13181","Maryland","Gia Cooke",11,3,2297,2400,103,0,0,0,0
"2022-23","13181","Maryland","Mila Reynolds",15,3,2297,2400,103,0,0,0,0
"2022-23","13181","Rutgers","Abby Streeter",31,4,2297,2400,103,0,0,0,0
"2022-23","13181","Maryland","Ava Sciolla",2,1,2330,2400,70,0,0,0,0
"2022-23","13181","Rutgers","Kassondra Brown",22,7,2330,2400,70,0,0,0,0
"2022-23","13181","Rutgers","Kai Carter",24,5,2386,2400,14,0,0,0,0
"2022-23","13182","Maryland","Shyanne Sellers",0,1,0,426,426,24,9,15,1
"2022-23","13182","Maryland","Diamond Miller",1,1,0,315,315,16,6,10,1
"2022-23","13182","Maryland","Abby Meyers",10,1,0,216,216,10,4,6,1
"2022-23","13182","Maryland","Elisa Pinzan",12,1,0,216,216,10,4,6,1
"2022-23","13182","Maryland","Faith Masonius",13,1,0,426,426,24,9,15,1
"2022-23","13182","Wisconsin","Brooke Schramek",3,1,0,426,426,9,24,-15,1
"2022-23","13182","Wisconsin","Julie Pospisilova",5,1,0,426,426,9,24,-15,1
"2022-23","13182","Wisconsin","Maty Wilke",11,1,0,466,466,11,24,-13,1
"2022-23","13182","Wisconsin","Avery LaBarbera",12,1,0,466,466,11,24,-13,1
"2022-23","13182","Wisconsin","Serah Williams",25,1,0,216,216,4,10,-6,1
"2022-23","13182","Maryland","Lavender Briggs",3,1,216,785,569,23,14,9,0
"2022-23","13182","Maryland","Brinae Alexander",5,1,216,278,62,6,2,4,0
"2022-23","13182","Wisconsin","Natalie Leuzinger",24,1,216,278,62,2,6,-4,0
"2022-23","13182","Maryland","Abby Meyers",10,2,278,981,703,21,18,3,0
"2022-23","13182","Wisconsin","Serah Williams",25,2,278,466,188,5,8,-3,0
"2022-23","13182","Maryland","Brinae Alexander",5,2,315,600,285,12,9,3,0
"2022-23","13182","Maryland","Elisa Pinzan",12,2,426,600,174,4,6,-2,0
"2022-23","13182","Maryland","Mila Reynolds",15,1,426,600,174,4,6,-2,0
"2022-23","13182","Wisconsin","Krystyna Ellew",14,1,426,600,174,6,4,2,0
"2022-23","13182","Wisconsin","Natalie Leuzinger",24,2,426,600,174,6,4,2,0
"2022-23","13182","Wisconsin","Brooke Schramek",3,2,466,1690,1224,30,33,-3,0
"2022-23","13182","Wisconsin","Julie Pospisilova",5,2,466,785,319,7,9,-2,0
"2022-23","13182","Wisconsin","Ronnie Porter",13,1,466,600,134,4,4,0,0
"2022-23","13182","Maryland","Shyanne Sellers",0,2,600,1462,862,26,19,7,0
"2022-23","13182","Maryland","Diamond Miller",1,2,600,785,185,5,3,2,0
"2022-23","13182","Maryland","Faith Masonius",13,2,600,885,285,7,6,1,0
"2022-23","13182","Wisconsin","Maty Wilke",11,2,600,1062,462,11,9,2,0
"2022-23","13182","Wisconsin","Avery LaBarbera",12,2,600,885,285,6,7,-1,0
"2022-23","13182","Wisconsin","Serah Williams",25,3,600,665,65,3,3,0,0
"2022-23","13182","Wisconsin","Sara Stapleton",41,1,665,847,182,3,2,1,0
"2022-23","13182","Maryland","Brinae Alexander",5,3,785,1200,415,9,9,0,0
"2022-23","13182","Maryland","Bri McDaniel",24,1,785,885,100,2,3,-1,0
"2022-23","13182","Wisconsin","Sania Copeland",15,1,785,1062,277,8,4,4,0
"2022-23","13182","Wisconsin","Natalie Leuzinger",24,3,847,1160,313,6,6,0,0
"2022-23","13182","Maryland","Lavender Briggs",3,2,885,1200,315,7,6,1,0
"2022-23","13182","Maryland","Elisa Pinzan",12,3,885,1062,177,2,5,-3,0
"2022-23","13182","Wisconsin","Ronnie Porter",13,2,885,1200,315,6,7,-1,0
"2022-23","13182","Maryland","Diamond Miller",1,3,981,1062,81,0,2,-2,0
"2022-23","13182","Maryland","Abby Meyers",10,3,1062,2116,1054,31,25,6,0
"2022-23","13182","Maryland","Faith Masonius",13,3,1062,1462,400,17,8,9,0
"2022-23","13182","Wisconsin","Julie Pospisilova",5,3,1062,1931,869,22,26,-4,0
"2022-23","13182","Wisconsin","Avery LaBarbera",12,3,1062,1931,869,22,26,-4,0
"2022-23","13182","Wisconsin","Maty Wilke",11,3,1160,1635,475,14,17,-3,0
"2022-23","13182","Maryland","Diamond Miller",1,4,1200,1416,216,8,7,1,0
"2022-23","13182","Maryland","Elisa Pinzan",12,4,1200,1386,186,8,4,4,0
"2022-23","13182","Wisconsin","Serah Williams",25,4,1200,1416,216,7,8,-1,0
"2022-23","13182","Maryland","Lavender Briggs",3,3,1386,1852,466,11,17,-6,0
"2022-23","13182","Maryland","Brinae Alexander",5,4,1416,1590,174,6,7,-1,0
"2022-23","13182","Wisconsin","Sara Stapleton",41,2,1416,1544,128,5,6,-1,0
"2022-23","13182","Maryland","Gia Cooke",11,1,1462,1590,128,2,7,-5,0
"2022-23","13182","Maryland","Mila Reynolds",15,2,1462,1590,128,2,7,-5,0
"2022-23","13182","Wisconsin","Serah Williams",25,5,1544,1690,146,2,1,1,0
"2022-23","13182","Maryland","Shyanne Sellers",0,3,1590,2116,526,12,10,2,0
"2022-23","13182","Maryland","Diamond Miller",1,5,1590,2303,713,21,17,4,0
"2022-23","13182","Maryland","Faith Masonius",13,4,1590,2275,685,19,17,2,0
"2022-23","13182","Wisconsin","Sania Copeland",15,2,1635,2025,390,10,12,-2,0
"2022-23","13182","Wisconsin","Maty Wilke",11,4,1690,2025,335,10,11,-1,0
"2022-23","13182","Wisconsin","Sara Stapleton",41,3,1690,1772,82,2,4,-2,0
"2022-23","13182","Wisconsin","Brooke Schramek",3,3,1772,1875,103,5,0,5,0
"2022-23","13182","Maryland","Brinae Alexander",5,5,1852,2400,548,16,16,0,0
"2022-23","13182","Wisconsin","Serah Williams",25,6,1875,2116,241,4,7,-3,0
"2022-23","13182","Wisconsin","Brooke Schramek",3,4,1931,2400,469,16,14,2,0
"2022-23","13182","Wisconsin","Ronnie Porter",13,3,1931,2010,79,3,5,-2,0
"2022-23","13182","Wisconsin","Avery LaBarbera",12,4,2010,2400,390,13,9,4,0
"2022-23","13182","Wisconsin","Julie Pospisilova",5,4,2025,2251,226,7,7,0,0
"2022-23","13182","Wisconsin","Sania Copeland",15,3,2025,2400,375,13,9,4,0
"2022-23","13182","Maryland","Lavender Briggs",3,4,2116,2400,284,9,13,-4,0
"2022-23","13182","Maryland","Elisa Pinzan",12,5,2116,2400,284,9,13,-4,0
"2022-23","13182","Wisconsin","Sara Stapleton",41,4,2116,2252,136,6,7,-1,0
"2022-23","13182","Wisconsin","Maty Wilke",11,5,2251,2330,79,2,2,0,0
"2022-23","13182","Wisconsin","Serah Williams",25,7,2252,2400,148,6,2,4,0
"2022-23","13182","Maryland","Mila Reynolds",15,3,2275,2400,125,2,6,-4,0
"2022-23","13182","Maryland","Gia Cooke",11,2,2303,2400,97,0,6,-6,0
"2022-23","13182","Wisconsin","Lily Krahn",4,1,2330,2400,70,4,0,4,0
"2022-23","13183","Maryland","Shyanne Sellers",0,1,0,747,747,22,9,13,1
"2022-23","13183","Maryland","Diamond Miller",1,1,0,255,255,4,2,2,1
"2022-23","13183","Maryland","Abby Meyers",10,1,0,115,115,4,2,2,1
"2022-23","13183","Maryland","Elisa Pinzan",12,1,0,255,255,4,2,2,1
"2022-23","13183","Maryland","Faith Masonius",13,1,0,314,314,6,4,2,1
"2022-23","13183","Nebraska","Jaz Shelley",1,1,0,422,422,6,8,-2,1
"2022-23","13183","Nebraska","Sam Haiby",4,1,0,255,255,2,4,-2,1
"2022-23","13183","Nebraska","Isabelle Bourne",34,1,0,380,380,4,8,-4,1
"2022-23","13183","Nebraska","Alexis Markowski",40,1,0,255,255,2,4,-2,1
"2022-23","13183","Nebraska","Maddie Krull",42,1,0,255,255,2,4,-2,1
"2022-23","13183","Maryland","Brinae Alexander",5,1,115,477,362,8,4,4,0
"2022-23","13183","Maryland","Lavender Briggs",3,1,255,830,575,23,7,16,0
"2022-23","13183","Maryland","Abby Meyers",10,2,255,383,128,4,2,2,0
"2022-23","13183","Nebraska","Callin Hake",14,1,255,380,125,2,4,-2,0
"2022-23","13183","Nebraska","Kendall Moriarty",15,1,255,477,222,4,10,-6,0
"2022-23","13183","Nebraska","Annika Stewart",21,1,255,380,125,2,4,-2,0
"2022-23","13183","Maryland","Diamond Miller",1,2,314,747,433,16,5,11,0
"2022-23","13183","Nebraska","Sam Haiby",4,2,380,1687,1307,25,44,-19,0
"2022-23","13183","Nebraska","Alexis Markowski",40,2,380,600,220,2,8,-6,0
"2022-23","13183","Nebraska","Maddie Krull",42,2,380,747,367,5,14,-9,0
"2022-23","13183","Maryland","Faith Masonius",13,2,383,422,39,0,2,-2,0
"2022-23","13183","Maryland","Mila Reynolds",15,1,422,429,7,2,0,2,0
"2022-23","13183","Nebraska","Isabelle Bourne",34,2,422,747,325,3,14,-11,0
"2022-23","13183","Maryland","Abby Meyers",10,3,429,747,318,12,3,9,0
"2022-23","13183","Maryland","Faith Masonius",13,3,477,954,477,16,5,11,0
"2022-23","13183","Nebraska","Jaz Shelley",1,2,477,2097,1620,34,51,-17,0
"2022-23","13183","Nebraska","Maggie Mendelson",44,1,600,747,147,3,6,-3,0
"2022-23","13183","Maryland","Brinae Alexander",5,2,747,1200,453,15,5,10,0
"2022-23","13183","Maryland","Elisa Pinzan",12,2,747,830,83,5,0,5,0
"2022-23","13183","Maryland","Bri McDaniel",24,1,747,830,83,5,0,5,0
"2022-23","13183","Nebraska","Callin Hake",14,2,747,968,221,2,8,-6,0
"2022-23","13183","Nebraska","Kendall Moriarty",15,2,747,908,161,2,5,-3,0
"2022-23","13183","Nebraska","Alexis Markowski",40,3,747,954,207,2,6,-4,0
"2022-23","13183","Maryland","Shyanne Sellers",0,2,830,1144,314,8,5,3,0
"2022-23","13183","Maryland","Diamond Miller",1,3,830,1381,551,15,9,6,0
"2022-23","13183","Maryland","Abby Meyers",10,4,830,908,78,0,2,-2,0
"2022-23","13183","Maryland","Lavender Briggs",3,2,908,1200,292,10,3,7,0
"2022-23","13183","Nebraska","Isabelle Bourne",34,3,908,957,49,0,1,-1,0
"2022-23","13183","Maryland","Abby Meyers",10,5,954,1035,81,7,0,7,0
"2022-23","13183","Nebraska","Annika Stewart",21,2,954,1200,246,3,9,-6,0
"2022-23","13183","Nebraska","Maggie Mendelson",44,2,957,1200,243,3,9,-6,0
"2022-23","13183","Nebraska","Maddie Krull",42,3,968,1452,484,10,15,-5,0
"2022-23","13183","Maryland","Faith Masonius",13,4,1035,1144,109,0,3,-3,0
"2022-23","13183","Maryland","Elisa Pinzan",12,3,1144,1452,308,10,7,3,0
"2022-23","13183","Maryland","Bri McDaniel",24,2,1144,1200,56,2,0,2,0
"2022-23","13183","Maryland","Shyanne Sellers",0,3,1200,2097,897,28,26,2,0
"2022-23","13183","Maryland","Abby Meyers",10,6,1200,1579,379,14,13,1,0
"2022-23","13183","Maryland","Faith Masonius",13,5,1200,1452,252,8,7,1,0
"2022-23","13183","Nebraska","Isabelle Bourne",34,4,1200,1381,181,4,5,-1,0
"2022-23","13183","Nebraska","Alexis Markowski",40,4,1200,1452,252,7,8,-1,0
"2022-23","13183","Maryland","Brinae Alexander",5,3,1381,1800,419,13,16,-3,0
"2022-23","13183","Nebraska","Kendall Coley",32,1,1381,1687,306,11,10,1,0
"2022-23","13183","Maryland","Diamond Miller",1,4,1452,1520,68,4,6,-2,0
"2022-23","13183","Maryland","Lavender Briggs",3,3,1452,1520,68,4,6,-2,0
"2022-23","13183","Nebraska","Callin Hake",14,3,1452,1558,106,6,4,2,0
"2022-23","13183","Nebraska","Annika Stewart",21,3,1452,1906,454,16,15,1,0
"2022-23","13183","Maryland","Faith Masonius",13,6,1520,1697,177,5,2,3,0
"2022-23","13183","Maryland","Bri McDaniel",24,3,1520,1741,221,5,5,0,0
"2022-23","13183","Nebraska","Kendall Moriarty",15,3,1558,1791,233,7,5,2,0
"2022-23","13183","Maryland","Diamond Miller",1,5,1579,1928,349,9,10,-1,0
"2022-23","13183","Nebraska","Isabelle Bourne",34,5,1687,1956,269,11,8,3,0
"2022-23","13183","Nebraska","Maddie Krull",42,4,1687,1843,156,5,8,-3,0
"2022-23","13183","Maryland","Mila Reynolds",15,2,1697,1800,103,1,5,-4,0
"2022-23","13183","Maryland","Lavender Briggs",3,4,1741,1800,59,1,2,-1,0
"2022-23","13183","Nebraska","Sam Haiby",4,3,1791,2037,246,6,8,-2,0
"2022-23","13183","Maryland","Abby Meyers",10,7,1800,2188,388,10,11,-1,0
"2022-23","13183","Maryland","Elisa Pinzan",12,4,1800,1928,128,5,3,2,0
"2022-23","13183","Maryland","Faith Masonius",13,7,1800,2037,237,7,6,1,0
"2022-23","13183","Nebraska","Callin Hake",14,4,1843,2400,557,20,9,11,0
"2022-23","13183","Nebraska","Maggie Mendelson",44,3,1906,2105,199,3,5,-2,0
"2022-23","13183","Maryland","Lavender Briggs",3,5,1928,2188,260,5,8,-3,0
"2022-23","13183","Maryland","Brinae Alexander",5,4,1928,2084,156,4,3,1,0
"2022-23","13183","Nebraska","Kendall Coley",32,2,1956,2084,128,0,4,-4,0
"2022-23","13183","Maryland","Bri McDaniel",24,4,2037,2108,71,3,2,1,0
"2022-23","13183","Nebraska","Kendall Moriarty",15,4,2037,2400,363,14,7,7,0
"2022-23","13183","Maryland","Mila Reynolds",15,3,2084,2400,316,5,14,-9,0
"2022-23","13183","Nebraska","Isabelle Bourne",34,6,2084,2234,150,5,1,4,0
"2022-23","13183","Maryland","Gia Cooke",11,1,2097,2400,303,4,14,-10,0
"2022-23","13183","Nebraska","Sam Haiby",4,4,2097,2284,187,7,0,7,0
"2022-23","13183","Nebraska","Annika Stewart",21,4,2105,2400,295,14,4,10,0
"2022-23","13183","Maryland","Diamond Miller",1,6,2108,2329,221,1,7,-6,0
"2022-23","13183","Maryland","Shyanne Sellers",0,4,2188,2284,96,0,2,-2,0
"2022-23","13183","Maryland","Brinae Alexander",5,5,2188,2400,212,4,9,-5,0
"2022-23","13183","Nebraska","Kendall Coley",32,3,2234,2400,166,9,4,5,0
"2022-23","13183","Maryland","Bri McDaniel",24,5,2284,2400,116,4,7,-3,0
"2022-23","13183","Nebraska","Maddie Krull",42,5,2284,2400,116,7,4,3,0
"2022-23","13183","Maryland","Shyanne Sellers",0,5,2329,2339,10,2,0,2,0
"2022-23","13183","Maryland","Ava Sciolla",2,1,2339,2400,61,1,5,-4,0
"2022-23","13184","Maryland","Shyanne Sellers",0,1,0,600,600,22,15,7,1
"2022-23","13184","Maryland","Diamond Miller",1,1,0,257,257,8,7,1,1
"2022-23","13184","Maryland","Abby Meyers",10,1,0,528,528,19,15,4,1
"2022-23","13184","Maryland","Elisa Pinzan",12,1,0,257,257,8,7,1,1
"2022-23","13184","Maryland","Faith Masonius",13,1,0,361,361,9,13,-4,1
"2022-23","13184","Michigan","Maddie Nolan",3,1,0,420,420,13,12,1,1
"2022-23","13184","Michigan","Laila Phelia",5,1,0,731,731,19,24,-5,1
"2022-23","13184","Michigan","Leigha Brown",32,1,0,1477,1477,34,46,-12,1
"2022-23","13184","Michigan","Emily Kiser",33,1,0,1783,1783,42,54,-12,1
"2022-23","13184","Michigan","Cameron Williams",44,1,0,361,361,13,9,4,1
"2022-23","13184","Maryland","Lavender Briggs",3,1,257,858,601,21,15,6,0
"2022-23","13184","Maryland","Brinae Alexander",5,1,257,482,225,9,8,1,0
"2022-23","13184","Maryland","Diamond Miller",1,2,361,528,167,10,2,8,0
"2022-23","13184","Michigan","Elise Stuck",30,1,361,528,167,2,10,-8,0
"2022-23","13184","Michigan","Jordan Hobbs",10,1,420,567,147,2,10,-8,0
"2022-23","13184","Maryland","Faith Masonius",13,2,482,833,351,12,7,5,0
"2022-23","13184","Maryland","Elisa Pinzan",12,2,528,661,133,3,2,1,0
"2022-23","13184","Maryland","Bri McDaniel",24,1,528,661,133,3,2,1,0
"2022-23","13184","Michigan","Cameron Williams",44,2,528,950,422,10,18,-8,0
"2022-23","13184","Michigan","Greta Kampschroeder",11,1,567,731,164,4,2,2,0
"2022-23","13184","Maryland","Diamond Miller",1,3,600,1018,418,15,10,5,0
"2022-23","13184","Maryland","Shyanne Sellers",0,2,661,1385,724,21,17,4,0
"2022-23","13184","Maryland","Abby Meyers",10,2,661,1619,958,28,19,9,0
"2022-23","13184","Michigan","Maddie Nolan",3,2,731,858,127,3,5,-2,0
"2022-23","13184","Michigan","Jordan Hobbs",10,2,731,833,102,3,5,-2,0
"2022-23","13184","Maryland","Brinae Alexander",5,2,833,1115,282,10,5,5,0
"2022-23","13184","Michigan","Laila Phelia",5,2,833,2400,1567,42,43,-1,0
"2022-23","13184","Maryland","Faith Masonius",13,3,858,2400,1542,43,42,1,0
"2022-23","13184","Michigan","Greta Kampschroeder",11,2,858,950,92,3,8,-5,0
"2022-23","13184","Michigan","Jordan Hobbs",10,3,950,1200,250,4,2,2,0
"2022-23","13184","Michigan","Elise Stuck",30,2,950,960,10,0,0,0,0
"2022-23","13184","Michigan","Ari Wiggins",12,1,960,1115,155,2,2,0,0
"2022-23","13184","Maryland","Lavender Briggs",3,2,1018,1200,182,2,4,-2,0
"2022-23","13184","Maryland","Diamond Miller",1,4,1115,1171,56,0,2,-2,0
"2022-23","13184","Michigan","Elise Stuck",30,3,1115,1346,231,7,4,3,0
"2022-23","13184","Maryland","Bri McDaniel",24,2,1171,1200,29,0,0,0,0
"2022-23","13184","Maryland","Diamond Miller",1,5,1200,1783,583,15,13,2,0
"2022-23","13184","Maryland","Elisa Pinzan",12,3,1200,1322,122,4,3,1,0
"2022-23","13184","Michigan","Maddie Nolan",3,3,1200,2295,1095,28,26,2,0
"2022-23","13184","Maryland","Lavender Briggs",3,3,1322,2400,1078,29,32,-3,0
"2022-23","13184","Michigan","Jordan Hobbs",10,4,1346,1783,437,8,11,-3,0
"2022-23","13184","Maryland","Elisa Pinzan",12,4,1385,1783,398,11,8,3,0
"2022-23","13184","Michigan","Ari Wiggins",12,2,1477,1502,25,0,2,-2,0
"2022-23","13184","Michigan","Leigha Brown",32,2,1502,1619,117,2,2,0,0
"2022-23","13184","Maryland","Shyanne Sellers",0,3,1619,1846,227,6,10,-4,0
"2022-23","13184","Michigan","Greta Kampschroeder",11,3,1619,1800,181,8,6,2,0
"2022-23","13184","Maryland","Brinae Alexander",5,3,1783,1873,90,2,5,-3,0
"2022-23","13184","Maryland","Abby Meyers",10,3,1783,2009,226,4,8,-4,0
"2022-23","13184","Michigan","Leigha Brown",32,3,1783,2400,617,22,18,4,0
"2022-23","13184","Michigan","Cameron Williams",44,3,1783,1800,17,2,2,0,0
"2022-23","13184","Michigan","Elise Stuck",30,4,1800,2009,209,5,2,3,0
"2022-23","13184","Michigan","Emily Kiser",33,2,1800,2400,600,20,16,4,0
"2022-23","13184","Maryland","Elisa Pinzan",12,5,1846,1924,78,0,3,-3,0
"2022-23","13184","Maryland","Shyanne Sellers",0,4,1873,2400,527,16,17,-1,0
"2022-23","13184","Maryland","Brinae Alexander",5,4,1924,2100,176,4,4,0,0
"2022-23","13184","Maryland","Diamond Miller",1,6,2009,2263,254,7,5,2,0
"2022-23","13184","Michigan","Jordan Hobbs",10,5,2009,2263,254,8,7,1,0
"2022-23","13184","Maryland","Abby Meyers",10,4,2100,2400,300,12,11,1,0
"2022-23","13184","Maryland","Brinae Alexander",5,5,2263,2400,137,7,9,-2,0
"2022-23","13184","Michigan","Elise Stuck",30,5,2263,2279,16,0,0,0,0
"2022-23","13184","Michigan","Jordan Hobbs",10,6,2279,2400,121,7,7,0,0
"2022-23","13184","Michigan","Greta Kampschroeder",11,4,2295,2302,7,0,2,-2,0
"2022-23","13184","Michigan","Ari Wiggins",12,3,2302,2352,50,4,2,2,0
"2022-23","13184","Michigan","Greta Kampschroeder",11,5,2352,2376,24,0,3,-3,0
"2022-23","13184","Michigan","Ari Wiggins",12,4,2376,2390,14,3,0,3,0
"2022-23","13184","Michigan","Greta Kampschroeder",11,6,2390,2400,10,0,0,0,0
"2022-23","13185","Maryland","Shyanne Sellers",0,1,0,397,397,18,7,11,1
"2022-23","13185","Maryland","Diamond Miller",1,1,0,302,302,9,7,2,1
"2022-23","13185","Maryland","Abby Meyers",10,1,0,397,397,18,7,11,1
"2022-23","13185","Maryland","Elisa Pinzan",12,1,0,302,302,9,7,2,1
"2022-23","13185","Maryland","Faith Masonius",13,1,0,302,302,9,7,2,1
"2022-23","13185","Penn St.","Shay Ciezki",4,1,0,130,130,2,6,-4,1
"2022-23","13185","Penn St.","Leilani Kapinus",5,1,0,302,302,7,9,-2,1
"2022-23","13185","Penn St.","Makenna Marisa",20,1,0,513,513,9,23,-14,1
"2022-23","13185","Penn St.","Taniyah Thompson",23,1,0,360,360,7,14,-7,1
"2022-23","13185","Penn St.","Alexa Williamson",24,1,0,302,302,7,9,-2,1
"2022-23","13185","Penn St.","Chanaya Pinto",10,1,130,397,267,5,12,-7,0
"2022-23","13185","Maryland","Lavender Briggs",3,1,302,513,211,14,2,12,0
"2022-23","13185","Maryland","Brinae Alexander",5,1,302,600,298,20,2,18,0
"2022-23","13185","Maryland","Bri McDaniel",24,1,302,513,211,14,2,12,0
"2022-23","13185","Penn St.","Ali Brigham",1,1,302,513,211,2,14,-12,0
"2022-23","13185","Penn St.","Shay Ciezki",4,2,302,1483,1181,20,41,-21,0
"2022-23","13185","Penn St.","Leilani Kapinus",5,2,360,730,370,5,17,-12,0
"2022-23","13185","Maryland","Diamond Miller",1,2,397,689,292,13,5,8,0
"2022-23","13185","Maryland","Elisa Pinzan",12,2,397,600,203,11,2,9,0
"2022-23","13185","Penn St.","Aicha Dia",2,1,397,600,203,2,11,-9,0
"2022-23","13185","Maryland","Abby Meyers",10,2,513,839,326,8,3,5,0
"2022-23","13185","Maryland","Faith Masonius",13,2,513,839,326,8,3,5,0
"2022-23","13185","Penn St.","Taniyah Thompson",23,2,513,839,326,3,8,-5,0
"2022-23","13185","Penn St.","Alexa Williamson",24,2,513,600,87,0,6,-6,0
"2022-23","13185","Maryland","Shyanne Sellers",0,2,600,897,297,2,5,-3,0
"2022-23","13185","Maryland","Lavender Briggs",3,2,600,935,335,2,5,-3,0
"2022-23","13185","Penn St.","Chanaya Pinto",10,2,600,792,192,3,2,1,0
"2022-23","13185","Penn St.","Makenna Marisa",20,2,600,1467,867,18,19,-1,0
"2022-23","13185","Maryland","Brinae Alexander",5,2,689,1107,418,7,4,3,0
"2022-23","13185","Penn St.","Johnasia Cash",33,1,730,1008,278,2,5,-3,0
"2022-23","13185","Penn St.","Leilani Kapinus",5,3,792,1069,277,4,5,-1,0
"2022-23","13185","Maryland","Diamond Miller",1,3,839,1148,309,7,4,3,0
"2022-23","13185","Maryland","Bri McDaniel",24,2,839,1040,201,5,4,1,0
"2022-23","13185","Penn St.","Alexa Williamson",24,3,839,1008,169,2,5,-3,0
"2022-23","13185","Maryland","Elisa Pinzan",12,3,897,1040,143,5,2,3,0
"2022-23","13185","Maryland","Abby Meyers",10,3,935,1467,532,17,13,4,0
"2022-23","13185","Penn St.","Ali Brigham",1,2,1008,1200,192,4,5,-1,0
"2022-23","13185","Penn St.","Chanaya Pinto",10,3,1008,1040,32,2,0,2,0
"2022-23","13185","Maryland","Shyanne Sellers",0,3,1040,1350,310,7,6,1,0
"2022-23","13185","Maryland","Faith Masonius",13,3,1040,1467,427,12,11,1,0
"2022-23","13185","Penn St.","Taniyah Thompson",23,3,1040,1285,245,4,7,-3,0
"2022-23","13185","Penn St.","Johnasia Cash",33,2,1069,1200,131,2,5,-3,0
"2022-23","13185","Maryland","Mila Reynolds",15,1,1107,1200,93,3,2,1,0
"2022-23","13185","Maryland","Lavender Briggs",3,3,1148,1200,52,3,2,1,0
"2022-23","13185","Maryland","Diamond Miller",1,4,1200,1239,39,2,0,2,0
"2022-23","13185","Maryland","Elisa Pinzan",12,4,1200,1286,86,2,2,0,0
"2022-23","13185","Penn St.","Leilani Kapinus",5,4,1200,1616,416,16,15,1,0
"2022-23","13185","Penn St.","Alexa Williamson",24,4,1200,1239,39,0,0,0,0
"2022-23","13185","Maryland","Brinae Alexander",5,3,1239,1703,464,17,25,-8,0
"2022-23","13185","Penn St.","Chanaya Pinto",10,4,1239,1286,47,2,2,0,0
"2022-23","13185","Penn St.","Johnasia Cash",33,3,1285,1388,103,2,2,0,0
"2022-23","13185","Maryland","Lavender Briggs",3,4,1286,1616,330,13,14,-1,0
"2022-23","13185","Penn St.","Kayla Thomas",12,1,1286,1467,181,7,5,2,0
"2022-23","13185","Maryland","Elisa Pinzan",12,5,1350,1703,353,17,21,-4,0
"2022-23","13185","Penn St.","Alexa Williamson",24,5,1388,1616,228,12,11,1,0
"2022-23","13185","Maryland","Shyanne Sellers",0,4,1467,1657,190,10,12,-2,0
"2022-23","13185","Maryland","Bri McDaniel",24,3,1467,1616,149,8,7,1,0
"2022-23","13185","Penn St.","Taniyah Thompson",23,4,1467,2400,933,39,39,0,0
"2022-23","13185","Penn St.","Johnasia Cash",33,4,1467,1616,149,7,8,-1,0
"2022-23","13185","Penn St.","Makenna Marisa",20,3,1483,1703,220,16,10,6,0
"2022-23","13185","Maryland","Diamond Miller",1,5,1616,1657,41,2,5,-3,0
"2022-23","13185","Maryland","Mila Reynolds",15,2,1616,1760,144,6,10,-4,0
"2022-23","13185","Penn St.","Ali Brigham",1,3,1616,1657,41,5,2,3,0
"2022-23","13185","Penn St.","Chanaya Pinto",10,5,1616,1725,109,9,4,5,0
"2022-23","13185","Penn St.","Kayla Thomas",12,2,1616,1911,295,20,18,2,0
"2022-23","13185","Maryland","Abby Meyers",10,4,1657,2079,422,21,17,4,0
"2022-23","13185","Maryland","Bri McDaniel",24,4,1657,1760,103,4,5,-1,0
"2022-23","13185","Penn St.","Leilani Kapinus",5,5,1657,1796,139,10,6,4,0
"2022-23","13185","Maryland","Shyanne Sellers",0,5,1703,1911,208,14,11,3,0
"2022-23","13185","Maryland","Diamond Miller",1,6,1703,1911,208,14,11,3,0
"2022-23","13185","Penn St.","Ali Brigham",1,4,1703,1760,57,1,2,-1,0
"2022-23","13185","Penn St.","Makenna Marisa",20,4,1725,2015,290,13,16,-3,0
"2022-23","13185","Maryland","Brinae Alexander",5,4,1760,2217,457,20,18,2,0
"2022-23","13185","Maryland","Faith Masonius",13,4,1760,1911,151,12,10,2,0
"2022-23","13185","Penn St.","Chanaya Pinto",10,6,1760,2217,457,18,20,-2,0
"2022-23","13185","Penn St.","Shay Ciezki",4,3,1796,1823,27,0,2,-2,0
"2022-23","13185","Penn St.","Leilani Kapinus",5,6,1823,1945,122,5,10,-5,0
"2022-23","13185","Maryland","Lavender Briggs",3,5,1911,2217,306,8,8,0,0
"2022-23","13185","Maryland","Elisa Pinzan",12,6,1911,2400,489,13,12,1,0
"2022-23","13185","Maryland","Bri McDaniel",24,5,1911,2400,489,13,12,1,0
"2022-23","13185","Penn St.","Ali Brigham",1,5,1911,2217,306,8,8,0,0
"2022-23","13185","Penn St.","Shay Ciezki",4,4,1945,2008,63,2,0,2,0
"2022-23","13185","Penn St.","Leilani Kapinus",5,7,2008,2400,392,10,11,-1,0
"2022-23","13185","Penn St.","Aicha Dia",2,2,2015,2079,64,0,3,-3,0
"2022-23","13185","Maryland","Mila Reynolds",15,3,2079,2400,321,8,10,-2,0
"2022-23","13185","Penn St.","Makenna Marisa",20,5,2079,2266,187,6,5,1,0
"2022-23","13185","Maryland","Lavender Briggs",3,6,2217,2400,183,5,4,1,0
"2022-23","13185","Maryland","Gia Cooke",11,1,2217,2400,183,5,4,1,0
"2022-23","13185","Penn St.","Aicha Dia",2,3,2217,2400,183,4,5,-1,0
"2022-23","13185","Penn St.","Kayla Thomas",12,3,2217,2400,183,4,5,-1,0
"2022-23","13185","Penn St.","Shay Ciezki",4,5,2266,2400,134,4,3,1,0
"2022-23","13186","Iowa","McKenna Warnock",14,1,0,256,256,9,6,3,1
"2022-23","13186","Iowa","Kate Martin",20,1,0,420,420,19,8,11,1
"2022-23","13186","Iowa","Caitlin Clark",22,1,0,500,500,24,14,10,1
"2022-23","13186","Iowa","Gabbie Marshall",24,1,0,256,256,9,6,3,1
"2022-23","13186","Iowa","Monika Czinano",25,1,0,436,436,20,8,12,1
"2022-23","13186","Maryland","Shyanne Sellers",0,1,0,589,589,18,28,-10,1
"2022-23","13186","Maryland","Diamond Miller",1,1,0,256,256,6,9,-3,1
"2022-23","13186","Maryland","Abby Meyers",10,1,0,349,349,8,13,-5,1
"2022-23","13186","Maryland","Elisa Pinzan",12,1,0,256,256,6,9,-3,1
"2022-23","13186","Maryland","Faith Masonius",13,1,0,256,256,6,9,-3,1
"2022-23","13186","Iowa","Molly Davis",1,1,256,487,231,15,6,9,0
"2022-23","13186","Iowa","Hannah Stuelke",45,1,256,538,282,15,8,7,0
"2022-23","13186","Maryland","Lavender Briggs",3,1,256,401,145,2,10,-8,0
"2022-23","13186","Maryland","Brinae Alexander",5,1,256,913,657,25,36,-11,0
"2022-23","13186","Maryland","Bri McDaniel",24,1,256,349,93,2,4,-2,0
"2022-23","13186","Maryland","Diamond Miller",1,2,349,505,156,6,11,-5,0
"2022-23","13186","Maryland","Faith Masonius",13,2,349,823,474,19,29,-10,0
"2022-23","13186","Maryland","Abby Meyers",10,2,401,500,99,6,5,1,0
"2022-23","13186","Iowa","Sydney Affolter",3,1,420,600,180,10,10,0,0
"2022-23","13186","Iowa","McKenna Warnock",14,2,436,913,477,25,23,2,0
"2022-23","13186","Iowa","Gabbie Marshall",24,2,487,841,354,18,15,3,0
"2022-23","13186","Iowa","Molly Davis",1,2,500,538,38,0,0,0,0
"2022-23","13186","Maryland","Lavender Briggs",3,2,500,674,174,8,10,-2,0
"2022-23","13186","Maryland","Bri McDaniel",24,2,505,600,95,4,5,-1,0
"2022-23","13186","Iowa","Caitlin Clark",22,2,538,589,51,4,4,0,0
"2022-23","13186","Iowa","Monika Czinano",25,2,538,841,303,18,13,5,0
"2022-23","13186","Iowa","Molly Davis",1,3,589,600,11,1,0,1,0
"2022-23","13186","Maryland","Gia Cooke",11,1,589,600,11,0,1,-1,0
"2022-23","13186","Iowa","Kate Martin",20,2,600,981,381,20,15,5,0
"2022-23","13186","Iowa","Caitlin Clark",22,3,600,1493,893,33,33,0,0
"2022-23","13186","Maryland","Shyanne Sellers",0,2,600,913,313,13,16,-3,0
"2022-23","13186","Maryland","Diamond Miller",1,3,600,783,183,6,11,-5,0
"2022-23","13186","Maryland","Abby Meyers",10,3,674,1001,327,11,15,-4,0
"2022-23","13186","Maryland","Elisa Pinzan",12,2,783,1095,312,11,14,-3,0
"2022-23","13186","Maryland","Diamond Miller",1,4,823,1562,739,25,24,1,0
"2022-23","13186","Iowa","Molly Davis",1,4,841,1200,359,14,11,3,0
"2022-23","13186","Iowa","Hannah Stuelke",45,2,841,1001,160,7,6,1,0
"2022-23","13186","Iowa","Monika Czinano",25,3,913,1532,619,19,21,-2,0
"2022-23","13186","Maryland","Lavender Briggs",3,3,913,1200,287,7,11,-4,0
"2022-23","13186","Maryland","Faith Masonius",13,3,913,1045,132,4,4,0,0
"2022-23","13186","Iowa","Sydney Affolter",3,2,981,1095,114,5,2,3,0
"2022-23","13186","Iowa","McKenna Warnock",14,3,1001,1011,10,0,0,0,0
"2022-23","13186","Maryland","Shyanne Sellers",0,3,1001,2020,1019,35,32,3,0
"2022-23","13186","Iowa","Kate Martin",20,3,1011,1591,580,17,19,-2,0
"2022-23","13186","Maryland","Brinae Alexander",5,2,1045,1095,50,0,5,-5,0
"2022-23","13186","Iowa","Gabbie Marshall",24,3,1095,1479,384,8,14,-6,0
"2022-23","13186","Maryland","Abby Meyers",10,4,1095,2400,1305,47,42,5,0
"2022-23","13186","Maryland","Faith Masonius",13,4,1095,2400,1305,47,42,5,0
"2022-23","13186","Iowa","McKenna Warnock",14,4,1200,1353,153,4,5,-1,0
"2022-23","13186","Maryland","Elisa Pinzan",12,3,1200,1591,391,14,10,4,0
"2022-23","13186","Iowa","Hannah Stuelke",45,3,1353,1796,443,14,17,-3,0
"2022-23","13186","Iowa","Molly Davis",1,5,1479,1501,22,0,3,-3,0
"2022-23","13186","Iowa","Gabbie Marshall",24,4,1493,1562,69,4,1,3,0
"2022-23","13186","Iowa","Caitlin Clark",22,4,1501,2369,868,32,28,4,0
"2022-23","13186","Iowa","McKenna Warnock",14,5,1532,2009,477,17,16,1,0
"2022-23","13186","Iowa","Molly Davis",1,6,1562,1873,311,12,10,2,0
"2022-23","13186","Maryland","Brinae Alexander",5,3,1562,1931,369,12,14,-2,0
"2022-23","13186","Iowa","Sydney Affolter",3,3,1591,1800,209,8,8,0,0
"2022-23","13186","Maryland","Lavender Briggs",3,4,1591,1697,106,5,7,-2,0
"2022-23","13186","Maryland","Bri McDaniel",24,3,1697,1800,103,3,1,2,0
"2022-23","13186","Iowa","Monika Czinano",25,4,1796,2369,573,20,20,0,0
"2022-23","13186","Iowa","Kate Martin",20,4,1800,2400,600,22,22,0,0
"2022-23","13186","Maryland","Diamond Miller",1,5,1800,2360,560,20,18,2,0
"2022-23","13186","Iowa","Gabbie Marshall",24,5,1873,2143,270,7,12,-5,0
"2022-23","13186","Maryland","Bri McDaniel",24,4,1931,2009,78,4,1,3,0
"2022-23","13186","Iowa","Hannah Stuelke",45,4,2009,2096,87,3,2,1,0
"2022-23","13186","Maryland","Brinae Alexander",5,4,2009,2084,75,0,1,-1,0
"2022-23","13186","Maryland","Elisa Pinzan",12,4,2020,2084,64,0,1,-1,0
"2022-23","13186","Maryland","Shyanne Sellers",0,4,2084,2360,276,12,10,2,0
"2022-23","13186","Maryland","Bri McDaniel",24,5,2084,2227,143,7,5,2,0
"2022-23","13186","Iowa","McKenna Warnock",14,6,2096,2369,273,10,10,0,0
"2022-23","13186","Iowa","Molly Davis",1,7,2143,2353,210,5,4,1,0
"2022-23","13186","Maryland","Brinae Alexander",5,5,2227,2400,173,7,9,-2,0
"2022-23","13186","Iowa","Gabbie Marshall",24,6,2353,2400,47,6,4,2,0
"2022-23","13186","Maryland","Lavender Briggs",3,5,2360,2361,1,0,0,0,0
"2022-23","13186","Maryland","Bri McDaniel",24,6,2360,2361,1,0,0,0,0
"2022-23","13186","Maryland","Shyanne Sellers",0,5,2361,2369,8,0,2,-2,0
"2022-23","13186","Maryland","Diamond Miller",1,6,2361,2369,8,0,2,-2,0
"2022-23","13186","Iowa","Molly Davis",1,8,2369,2400,31,2,2,0,0
"2022-23","13186","Iowa","Sydney Affolter",3,4,2369,2400,31,2,2,0,0
"2022-23","13186","Iowa","Hannah Stuelke",45,5,2369,2400,31,2,2,0,0
"2022-23","13186","Maryland","Shyanne Sellers",0,6,2369,2378,9,2,2,0,0
"2022-23","13186","Maryland","Diamond Miller",1,7,2369,2378,9,2,2,0,0
"2022-23","13186","Maryland","Gia Cooke",11,2,2369,2400,31,2,2,0,0
"2022-23","13186","Maryland","Bri McDaniel",24,7,2369,2400,31,2,2,0,0
"2022-23","13187","Maryland","Shyanne Sellers",0,1,0,530,530,19,7,12,1
"2022-23","13187","Maryland","Diamond Miller",1,1,0,429,429,12,7,5,1
"2022-23","13187","Maryland","Abby Meyers",10,1,0,1410,1410,51,37,14,1
"2022-23","13187","Maryland","Elisa Pinzan",12,1,0,277,277,7,2,5,1
"2022-23","13187","Maryland","Faith Masonius",13,1,0,277,277,7,2,5,1
"2022-23","13187","Ohio St.","Taylor Thierry",2,1,0,1597,1597,44,63,-19,1
"2022-23","13187","Ohio St.","Jacy Sheldon",4,1,0,530,530,7,19,-12,1
"2022-23","13187","Ohio St.","Rebeka Mikulasikova",23,1,0,343,343,7,7,0,1
"2022-23","13187","Ohio St.","Taylor Mikesell",24,1,0,2274,2274,50,87,-37,1
"2022-23","13187","Ohio St.","Cotie McMahon",32,1,0,343,343,7,7,0,1
"2022-23","13187","Maryland","Lavender Briggs",3,1,277,1200,923,35,28,7,0
"2022-23","13187","Maryland","Brinae Alexander",5,1,277,600,323,12,5,7,0
"2022-23","13187","Ohio St.","Rikki Harris",1,1,343,600,257,0,12,-12,0
"2022-23","13187","Ohio St.","Hevynne Bristow",3,1,343,429,86,0,5,-5,0
"2022-23","13187","Maryland","Faith Masonius",13,2,429,530,101,7,0,7,0
"2022-23","13187","Ohio St.","Rebeka Mikulasikova",23,2,429,864,435,12,20,-8,0
"2022-23","13187","Maryland","Elisa Pinzan",12,2,530,600,70,0,0,0,0
"2022-23","13187","Maryland","Bri McDaniel",24,1,530,600,70,0,0,0,0
"2022-23","13187","Ohio St.","Hevynne Bristow",3,2,530,600,70,0,0,0,0
"2022-23","13187","Maryland","Shyanne Sellers",0,2,600,864,264,13,12,1,0
"2022-23","13187","Maryland","Diamond Miller",1,2,600,1760,1160,48,37,11,0
"2022-23","13187","Maryland","Faith Masonius",13,3,600,658,58,4,4,0,0
"2022-23","13187","Ohio St.","Jacy Sheldon",4,2,600,1552,952,35,40,-5,0
"2022-23","13187","Ohio St.","Cotie McMahon",32,2,600,762,162,9,8,1,0
"2022-23","13187","Maryland","Brinae Alexander",5,2,658,1104,446,17,16,1,0
"2022-23","13187","Ohio St.","Rikki Harris",1,2,762,923,161,8,7,1,0
"2022-23","13187","Maryland","Elisa Pinzan",12,3,864,923,59,2,5,-3,0
"2022-23","13187","Ohio St.","Hevynne Bristow",3,3,864,1200,336,11,10,1,0
"2022-23","13187","Maryland","Shyanne Sellers",0,3,923,1760,837,33,20,13,0
"2022-23","13187","Ohio St.","Emma Shumate",5,1,923,1104,181,3,6,-3,0
"2022-23","13187","Maryland","Bri McDaniel",24,2,1104,1152,48,2,3,-1,0
"2022-23","13187","Ohio St.","Eboni Walker",22,1,1104,1200,96,3,2,1,0
"2022-23","13187","Maryland","Brinae Alexander",5,3,1152,1200,48,0,0,0,0
"2022-23","13187","Maryland","Elisa Pinzan",12,4,1200,1468,268,12,7,5,0
"2022-23","13187","Maryland","Faith Masonius",13,4,1200,1410,210,9,7,2,0
"2022-23","13187","Ohio St.","Rebeka Mikulasikova",23,3,1200,1349,149,4,5,-1,0
"2022-23","13187","Ohio St.","Cotie McMahon",32,3,1200,1611,411,14,22,-8,0
"2022-23","13187","Ohio St.","Eboni Walker",22,2,1349,1468,119,3,7,-4,0
"2022-23","13187","Maryland","Lavender Briggs",3,2,1410,1859,449,20,9,11,0
"2022-23","13187","Maryland","Brinae Alexander",5,4,1410,1631,221,14,7,7,0
"2022-23","13187","Maryland","Faith Masonius",13,5,1468,2094,626,28,11,17,0
"2022-23","13187","Ohio St.","Rebeka Mikulasikova",23,4,1468,1597,129,7,9,-2,0
"2022-23","13187","Ohio St.","Rikki Harris",1,3,1552,1631,79,2,5,-3,0
"2022-23","13187","Ohio St.","Jacy Sheldon",4,3,1597,1631,34,0,1,-1,0
"2022-23","13187","Ohio St.","Eboni Walker",22,3,1597,2400,803,10,27,-17,0
"2022-23","13187","Ohio St.","Emma Shumate",5,2,1611,2094,483,4,18,-14,0
"2022-23","13187","Maryland","Abby Meyers",10,2,1631,2274,643,22,6,16,0
"2022-23","13187","Ohio St.","Hevynne Bristow",3,4,1631,1912,281,2,9,-7,0
"2022-23","13187","Ohio St.","Kaitlyn Costner",20,1,1631,1800,169,0,5,-5,0
"2022-23","13187","Maryland","Brinae Alexander",5,5,1760,2355,595,23,10,13,0
"2022-23","13187","Maryland","Elisa Pinzan",12,5,1760,1912,152,6,2,4,0
"2022-23","13187","Ohio St.","Cotie McMahon",32,4,1800,2094,294,4,13,-9,0
"2022-23","13187","Maryland","Diamond Miller",1,3,1859,2094,235,11,2,9,0
"2022-23","13187","Maryland","Shyanne Sellers",0,4,1912,2210,298,14,2,12,0
"2022-23","13187","Ohio St.","Taylor Thierry",2,2,1912,2125,213,2,9,-7,0
"2022-23","13187","Maryland","Lavender Briggs",3,3,2094,2355,261,8,6,2,0
"2022-23","13187","Maryland","Bri McDaniel",24,3,2094,2400,306,8,6,2,0
"2022-23","13187","Ohio St.","Rikki Harris",1,4,2094,2400,306,6,8,-2,0
"2022-23","13187","Ohio St.","Hevynne Bristow",3,5,2094,2400,306,6,8,-2,0
"2022-23","13187","Ohio St.","Emma Shumate",5,3,2125,2400,275,6,8,-2,0
"2022-23","13187","Maryland","Elisa Pinzan",12,6,2210,2400,190,3,6,-3,0
"2022-23","13187","Maryland","Mila Reynolds",15,1,2274,2400,126,3,4,-1,0
"2022-23","13187","Ohio St.","Kaitlyn Costner",20,2,2274,2400,126,4,3,1,0
"2022-23","13187","Maryland","Ava Sciolla",2,1,2355,2400,45,0,0,0,0
"2022-23","13187","Maryland","Gia Cooke",11,1,2355,2400,45,0,0,0,0
"2022-23","13188","Maryland","Shyanne Sellers",0,1,0,283,283,9,4,5,1
"2022-23","13188","Maryland","Diamond Miller",1,1,0,227,227,7,4,3,1
"2022-23","13188","Maryland","Abby Meyers",10,1,0,339,339,9,6,3,1
"2022-23","13188","Maryland","Elisa Pinzan",12,1,0,339,339,9,6,3,1
"2022-23","13188","Maryland","Faith Masonius",13,1,0,227,227,7,4,3,1
"2022-23","13188","Northwestern","Kaylah Rainey",0,1,0,283,283,4,9,-5,1
"2022-23","13188","Northwestern","Sydney Wood",3,1,0,1085,1085,20,29,-9,1
"2022-23","13188","Northwestern","Caileigh Walsh",10,1,0,529,529,15,14,1,1
"2022-23","13188","Northwestern","Paige Mott",20,1,0,529,529,15,14,1,1
"2022-23","13188","Northwestern","Jasmine McWilliams",23,1,0,227,227,4,7,-3,1
"2022-23","13188","Maryland","Lavender Briggs",3,1,227,400,173,2,6,-4,0
"2022-23","13188","Maryland","Brinae Alexander",5,1,227,339,112,2,2,0,0
"2022-23","13188","Northwestern","Jillian Brown",4,1,227,400,173,6,2,4,0
"2022-23","13188","Maryland","Bri McDaniel",24,1,283,600,317,7,16,-9,0
"2022-23","13188","Northwestern","Caroline Lau",2,1,283,819,536,16,14,2,0
"2022-23","13188","Maryland","Shyanne Sellers",0,2,339,914,575,16,14,2,0
"2022-23","13188","Maryland","Diamond Miller",1,2,339,1173,834,25,14,11,0
"2022-23","13188","Maryland","Faith Masonius",13,2,339,1485,1146,34,22,12,0
"2022-23","13188","Maryland","Abby Meyers",10,2,400,1085,685,20,10,10,0
"2022-23","13188","Northwestern","Hailey Weaver",11,1,400,759,359,10,10,0,0
"2022-23","13188","Northwestern","Jillian Brown",4,2,529,819,290,5,9,-4,0
"2022-23","13188","Northwestern","Courtney Shaw",15,1,529,841,312,5,11,-6,0
"2022-23","13188","Maryland","Brinae Alexander",5,2,600,1065,465,13,0,13,0
"2022-23","13188","Northwestern","Paige Mott",20,2,759,1334,575,4,22,-18,0
"2022-23","13188","Northwestern","Kaylah Rainey",0,2,819,1411,592,4,18,-14,0
"2022-23","13188","Northwestern","Caileigh Walsh",10,2,819,1141,322,0,9,-9,0
"2022-23","13188","Northwestern","Caroline Lau",2,2,841,970,129,0,2,-2,0
"2022-23","13188","Maryland","Elisa Pinzan",12,2,914,1485,571,18,8,10,0
"2022-23","13188","Northwestern","Jillian Brown",4,3,970,1152,182,0,7,-7,0
"2022-23","13188","Maryland","Bri McDaniel",24,2,1065,1200,135,5,2,3,0
"2022-23","13188","Maryland","Shyanne Sellers",0,3,1085,1386,301,12,4,8,0
"2022-23","13188","Northwestern","Caroline Lau",2,3,1085,1717,632,11,23,-12,0
"2022-23","13188","Northwestern","Courtney Shaw",15,2,1141,1200,59,2,2,0,0
"2022-23","13188","Northwestern","Hailey Weaver",11,2,1152,1200,48,2,0,2,0
"2022-23","13188","Maryland","Abby Meyers",10,3,1173,1485,312,9,8,1,0
"2022-23","13188","Maryland","Diamond Miller",1,3,1200,1262,62,5,0,5,0
"2022-23","13188","Northwestern","Sydney Wood",3,2,1200,1919,719,18,28,-10,0
"2022-23","13188","Northwestern","Caileigh Walsh",10,3,1200,1334,134,2,7,-5,0
"2022-23","13188","Maryland","Lavender Briggs",3,2,1262,1874,612,20,18,2,0
"2022-23","13188","Northwestern","Hailey Weaver",11,3,1334,1628,294,7,9,-2,0
"2022-23","13188","Northwestern","Courtney Shaw",15,3,1334,1628,294,7,9,-2,0
"2022-23","13188","Maryland","Diamond Miller",1,4,1386,1794,408,14,15,-1,0
"2022-23","13188","Northwestern","Jillian Brown",4,4,1411,2162,751,24,30,-6,0
"2022-23","13188","Maryland","Shyanne Sellers",0,4,1485,1717,232,9,3,6,0
"2022-23","13188","Maryland","Brinae Alexander",5,3,1485,1717,232,9,3,6,0
"2022-23","13188","Maryland","Bri McDaniel",24,3,1485,1628,143,7,3,4,0
"2022-23","13188","Maryland","Abby Meyers",10,4,1628,1728,100,2,2,0,0
"2022-23","13188","Northwestern","Caileigh Walsh",10,4,1628,1728,100,4,2,2,0
"2022-23","13188","Northwestern","Paige Mott",20,3,1628,2162,534,17,21,-4,0
"2022-23","13188","Maryland","Elisa Pinzan",12,3,1717,1800,83,3,9,-6,0
"2022-23","13188","Maryland","Faith Masonius",13,3,1717,2012,295,15,11,4,0
"2022-23","13188","Northwestern","Kaylah Rainey",0,3,1717,1865,148,9,7,2,0
"2022-23","13188","Maryland","Bri McDaniel",24,4,1728,2400,672,27,21,6,0
"2022-23","13188","Northwestern","Hailey Weaver",11,4,1728,1865,137,5,7,-2,0
"2022-23","13188","Maryland","Brinae Alexander",5,4,1794,2012,218,12,3,9,0
"2022-23","13188","Maryland","Shyanne Sellers",0,5,1800,1906,106,6,0,6,0
"2022-23","13188","Northwestern","Caroline Lau",2,4,1865,2162,297,8,12,-4,0
"2022-23","13188","Northwestern","Caileigh Walsh",10,5,1865,2162,297,8,12,-4,0
"2022-23","13188","Maryland","Diamond Miller",1,5,1874,2118,244,12,4,8,0
"2022-23","13188","Maryland","Elisa Pinzan",12,4,1906,2259,353,14,12,2,0
"2022-23","13188","Northwestern","Kaylah Rainey",0,4,1919,2162,243,8,9,-1,0
"2022-23","13188","Maryland","Lavender Briggs",3,3,2012,2400,388,12,12,0,0
"2022-23","13188","Maryland","Mila Reynolds",15,1,2012,2400,388,12,12,0,0
"2022-23","13188","Maryland","Brinae Alexander",5,5,2118,2259,141,4,8,-4,0
"2022-23","13188","Northwestern","Sydney Wood",3,3,2162,2339,177,4,7,-3,0
"2022-23","13188","Northwestern","Hailey Weaver",11,5,2162,2370,208,6,7,-1,0
"2022-23","13188","Northwestern","Mercy Ademusayo",13,1,2162,2400,238,6,8,-2,0
"2022-23","13188","Northwestern","Courtney Shaw",15,4,2162,2400,238,6,8,-2,0
"2022-23","13188","Northwestern","Jasmine McWilliams",23,2,2162,2400,238,6,8,-2,0
"2022-23","13188","Maryland","Ava Sciolla",2,1,2259,2400,141,4,2,2,0
"2022-23","13188","Maryland","Gia Cooke",11,1,2259,2400,141,4,2,2,0
"2022-23","13188","Northwestern","Caroline Lau",2,5,2339,2400,61,2,1,1,0
"2022-23","13188","Northwestern","Jillian Brown",4,5,2370,2400,30,0,1,-1,0
"2022-23","13189","Illinois","Makira Cook",3,1,0,1760,1760,45,54,-9,1
"2022-23","13189","Illinois","Jayla Oden",12,1,0,274,274,4,6,-2,1
"2022-23","13189","Illinois","Brynn Shoup-Hill",23,1,0,1800,1800,45,59,-14,1
"2022-23","13189","Illinois","Adalia McKenzie",24,1,0,441,441,13,10,3,1
"2022-23","13189","Illinois","Kendall Bostic",44,1,0,831,831,22,22,0,1
"2022-23","13189","Maryland","Shyanne Sellers",0,1,0,307,307,6,7,-1,1
"2022-23","13189","Maryland","Diamond Miller",1,1,0,274,274,6,4,2,1
"2022-23","13189","Maryland","Abby Meyers",10,1,0,274,274,6,4,2,1
"2022-23","13189","Maryland","Elisa Pinzan",12,1,0,441,441,10,13,-3,1
"2022-23","13189","Maryland","Faith Masonius",13,1,0,307,307,6,7,-1,1
"2022-23","13189","Illinois","Jada Peebles",11,1,274,1200,926,33,22,11,0
"2022-23","13189","Maryland","Lavender Briggs",3,1,274,937,663,16,21,-5,0
"2022-23","13189","Maryland","Brinae Alexander",5,1,274,686,412,12,16,-4,0
"2022-23","13189","Maryland","Diamond Miller",1,2,307,2359,2052,76,59,17,0
"2022-23","13189","Maryland","Abby Meyers",10,2,307,441,134,4,6,-2,0
"2022-23","13189","Illinois","Jayla Oden",12,2,441,755,314,7,10,-3,0
"2022-23","13189","Maryland","Shyanne Sellers",0,2,441,1025,584,12,19,-7,0
"2022-23","13189","Maryland","Faith Masonius",13,2,441,831,390,12,9,3,0
"2022-23","13189","Maryland","Abby Meyers",10,3,686,937,251,4,5,-1,0
"2022-23","13189","Illinois","Adalia McKenzie",24,2,755,1079,324,12,6,6,0
"2022-23","13189","Illinois","Jayla Oden",12,3,831,937,106,3,0,3,0
"2022-23","13189","Maryland","Brinae Alexander",5,2,831,1025,194,0,10,-10,0
"2022-23","13189","Illinois","Kendall Bostic",44,2,937,2047,1110,29,50,-21,0
"2022-23","13189","Maryland","Faith Masonius",13,3,937,1025,88,0,7,-7,0
"2022-23","13189","Maryland","Bri McDaniel",24,1,937,1025,88,0,7,-7,0
"2022-23","13189","Maryland","Brinae Alexander",5,3,1025,1200,175,6,5,1,0
"2022-23","13189","Maryland","Abby Meyers",10,4,1025,2359,1334,60,34,26,0
"2022-23","13189","Maryland","Elisa Pinzan",12,2,1025,1488,463,19,9,10,0
"2022-23","13189","Maryland","Bri McDaniel",24,2,1025,1200,175,6,5,1,0
"2022-23","13189","Illinois","Jayla Oden",12,4,1079,1400,321,7,13,-6,0
"2022-23","13189","Illinois","Adalia McKenzie",24,3,1200,2400,1200,34,54,-20,0
"2022-23","13189","Maryland","Shyanne Sellers",0,3,1200,2047,847,44,17,27,0
"2022-23","13189","Maryland","Faith Masonius",13,4,1200,2047,847,44,17,27,0
"2022-23","13189","Illinois","Jada Peebles",11,2,1400,2400,1000,32,43,-11,0
"2022-23","13189","Maryland","Lavender Briggs",3,2,1488,1643,155,7,4,3,0
"2022-23","13189","Maryland","Bri McDaniel",24,3,1643,2400,757,34,26,8,0
"2022-23","13189","Illinois","Makira Cook",3,2,1760,2400,640,26,28,-2,0
"2022-23","13189","Illinois","Jayla Oden",12,5,1760,1800,40,0,5,-5,0
"2022-23","13189","Illinois","Jayla Oden",12,6,1800,2400,600,26,23,3,0
"2022-23","13189","Illinois","Geovana Lopes",14,1,2047,2240,193,12,4,8,0
"2022-23","13189","Maryland","Lavender Briggs",3,3,2047,2082,35,0,5,-5,0
"2022-23","13189","Maryland","Elisa Pinzan",12,3,2047,2137,90,2,7,-5,0
"2022-23","13189","Maryland","Shyanne Sellers",0,4,2082,2368,286,10,10,0,0
"2022-23","13189","Maryland","Faith Masonius",13,5,2137,2359,222,8,5,3,0
"2022-23","13189","Illinois","Kendall Bostic",44,3,2240,2400,160,5,6,-1,0
"2022-23","13189","Maryland","Brinae Alexander",5,4,2359,2400,41,0,5,-5,0
"2022-23","13189","Maryland","Elisa Pinzan",12,4,2359,2362,3,0,2,-2,0
"2022-23","13189","Maryland","Mila Reynolds",15,1,2359,2400,41,0,5,-5,0
"2022-23","13189","Maryland","Gia Cooke",11,1,2362,2400,38,0,3,-3,0
"2022-23","13189","Maryland","Ava Sciolla",2,1,2368,2400,32,0,2,-2,0
"2022-23","13190","Maryland","Shyanne Sellers",0,1,0,232,232,3,0,3,1
"2022-23","13190","Maryland","Diamond Miller",1,1,0,775,775,16,16,0,1
"2022-23","13190","Maryland","Abby Meyers",10,1,0,184,184,3,0,3,1
"2022-23","13190","Maryland","Elisa Pinzan",12,1,0,160,160,3,0,3,1
"2022-23","13190","Maryland","Faith Masonius",13,1,0,326,326,5,5,0,1
"2022-23","13190","Michigan St.","DeeDee Hagemann",0,1,0,493,493,10,7,3,1
"2022-23","13190","Michigan St.","Kamaria McDaniel",5,1,0,160,160,0,3,-3,1
"2022-23","13190","Michigan St.","Matilda Ekh",11,1,0,232,232,0,3,-3,1
"2022-23","13190","Michigan St.","Isaline Alexander",12,1,0,258,258,2,3,-1,1
"2022-23","13190","Michigan St.","Moira Joiner",22,1,0,587,587,14,9,5,1
"2022-23","13190","Maryland","Brinae Alexander",5,1,160,901,741,13,20,-7,0
"2022-23","13190","Michigan St.","Tory Ozment",1,1,160,443,283,5,4,1,0
"2022-23","13190","Maryland","Lavender Briggs",3,1,184,443,259,4,5,-1,0
"2022-23","13190","Maryland","Elisa Pinzan",12,2,232,600,368,6,14,-8,0
"2022-23","13190","Michigan St.","Abbey Kimball",2,1,232,367,135,5,2,3,0
"2022-23","13190","Michigan St.","Julia Ayrault",40,1,258,443,185,3,4,-1,0
"2022-23","13190","Maryland","Bri McDaniel",24,1,326,367,41,0,0,0,0
"2022-23","13190","Maryland","Abby Meyers",10,2,367,925,558,11,16,-5,0
"2022-23","13190","Michigan St.","Matilda Ekh",11,2,367,775,408,11,11,0,0
"2022-23","13190","Maryland","Faith Masonius",13,2,443,493,50,0,5,-5,0
"2022-23","13190","Michigan St.","Isaline Alexander",12,2,443,775,332,11,9,2,0
"2022-23","13190","Michigan St.","Stephanie Visscher",13,1,443,661,218,9,7,2,0
"2022-23","13190","Maryland","Lavender Briggs",3,2,493,515,22,0,0,0,0
"2022-23","13190","Michigan St.","Theryn Hallock",4,1,493,637,144,4,6,-2,0
"2022-23","13190","Maryland","Bri McDaniel",24,2,515,600,85,2,4,-2,0
"2022-23","13190","Michigan St.","Tory Ozment",1,2,587,775,188,2,7,-5,0
"2022-23","13190","Maryland","Shyanne Sellers",0,2,600,661,61,5,0,5,0
"2022-23","13190","Maryland","Faith Masonius",13,3,600,1297,697,20,13,7,0
"2022-23","13190","Michigan St.","DeeDee Hagemann",0,2,637,2400,1763,47,53,-6,0
"2022-23","13190","Maryland","Elisa Pinzan",12,3,661,851,190,2,6,-4,0
"2022-23","13190","Michigan St.","Moira Joiner",22,2,661,877,216,6,2,4,0
"2022-23","13190","Maryland","Bri McDaniel",24,3,775,851,76,0,4,-4,0
"2022-23","13190","Michigan St.","Abbey Kimball",2,2,775,954,179,7,3,4,0
"2022-23","13190","Michigan St.","Taiyier Parks",14,1,775,1003,228,7,5,2,0
"2022-23","13190","Michigan St.","Julia Ayrault",40,2,775,1027,252,7,6,1,0
"2022-23","13190","Maryland","Shyanne Sellers",0,3,851,877,26,0,0,0,0
"2022-23","13190","Maryland","Lavender Briggs",3,3,851,1200,349,11,6,5,0
"2022-23","13190","Maryland","Elisa Pinzan",12,4,877,1278,401,12,6,6,0
"2022-23","13190","Michigan St.","Kamaria McDaniel",5,2,877,954,77,3,3,0,0
"2022-23","13190","Maryland","Diamond Miller",1,2,901,1027,126,6,3,3,0
"2022-23","13190","Maryland","Brinae Alexander",5,2,925,1003,78,5,2,3,0
"2022-23","13190","Michigan St.","Matilda Ekh",11,3,954,2100,1146,29,41,-12,0
"2022-23","13190","Michigan St.","Stephanie Visscher",13,2,954,1110,156,2,8,-6,0
"2022-23","13190","Maryland","Abby Meyers",10,3,1003,2100,1097,39,29,10,0
"2022-23","13190","Michigan St.","Tory Ozment",1,3,1003,1200,197,3,6,-3,0
"2022-23","13190","Maryland","Bri McDaniel",24,4,1027,1200,173,5,3,2,0
"2022-23","13190","Michigan St.","Isaline Alexander",12,3,1027,1355,328,4,11,-7,0
"2022-23","13190","Michigan St.","Moira Joiner",22,3,1110,1355,245,2,6,-4,0
"2022-23","13190","Maryland","Shyanne Sellers",0,4,1200,1382,182,7,3,4,0
"2022-23","13190","Maryland","Diamond Miller",1,3,1200,2028,828,31,26,5,0
"2022-23","13190","Michigan St.","Kamaria McDaniel",5,3,1200,1609,409,12,23,-11,0
"2022-23","13190","Maryland","Brinae Alexander",5,3,1278,1652,374,23,12,11,0
"2022-23","13190","Maryland","Lavender Briggs",3,4,1297,1800,503,25,14,11,0
"2022-23","13190","Michigan St.","Tory Ozment",1,4,1355,1652,297,11,18,-7,0
"2022-23","13190","Michigan St.","Taiyier Parks",14,2,1355,1609,254,11,17,-6,0
"2022-23","13190","Maryland","Elisa Pinzan",12,5,1382,1800,418,20,12,8,0
"2022-23","13190","Michigan St.","Stephanie Visscher",13,3,1609,1937,328,10,8,2,0
"2022-23","13190","Michigan St.","Julia Ayrault",40,3,1609,2159,550,14,10,4,0
"2022-23","13190","Maryland","Faith Masonius",13,4,1652,1858,206,5,6,-1,0
"2022-23","13190","Michigan St.","Moira Joiner",22,4,1652,1800,148,3,3,0,0
"2022-23","13190","Maryland","Shyanne Sellers",0,5,1800,1910,110,2,5,-3,0
"2022-23","13190","Maryland","Brinae Alexander",5,4,1800,2294,494,8,13,-5,0
"2022-23","13190","Michigan St.","Isaline Alexander",12,4,1800,1926,126,7,4,3,0
"2022-23","13190","Maryland","Lavender Briggs",3,5,1858,2337,479,7,10,-3,0
"2022-23","13190","Maryland","Elisa Pinzan",12,6,1910,2159,249,4,6,-2,0
"2022-23","13190","Michigan St.","Tory Ozment",1,5,1926,2028,102,4,2,2,0
"2022-23","13190","Michigan St.","Abbey Kimball",2,3,1937,2159,222,4,2,2,0
"2022-23","13190","Maryland","Shyanne Sellers",0,6,2028,2176,148,2,2,0,0
"2022-23","13190","Michigan St.","Moira Joiner",22,5,2028,2400,372,9,6,3,0
"2022-23","13190","Maryland","Diamond Miller",1,4,2100,2400,300,6,9,-3,0
"2022-23","13190","Michigan St.","Stephanie Visscher",13,4,2100,2276,176,2,2,0,0
"2022-23","13190","Maryland","Faith Masonius",13,5,2159,2400,241,6,9,-3,0
"2022-23","13190","Michigan St.","Matilda Ekh",11,4,2159,2400,241,9,6,3,0
"2022-23","13190","Michigan St.","Isaline Alexander",12,5,2159,2276,117,2,2,0,0
"2022-23","13190","Maryland","Elisa Pinzan",12,7,2176,2381,205,3,7,-4,0
"2022-23","13190","Michigan St.","Tory Ozment",1,6,2276,2366,90,6,1,5,0
"2022-23","13190","Michigan St.","Julia Ayrault",40,4,2276,2400,124,7,4,3,0
"2022-23","13190","Maryland","Abby Meyers",10,4,2294,2400,106,4,7,-3,0
"2022-23","13190","Maryland","Brinae Alexander",5,5,2337,2400,63,3,7,-4,0
"2022-23","13190","Michigan St.","Stephanie Visscher",13,5,2366,2383,17,1,0,1,0
"2022-23","13190","Maryland","Lavender Briggs",3,6,2381,2400,19,3,0,3,0
"2022-23","13190","Michigan St.","Tory Ozment",1,7,2383,2400,17,0,3,-3,0
"2022-23","13192","Maryland","Shyanne Sellers",0,1,0,241,241,8,6,2,1
"2022-23","13192","Maryland","Diamond Miller",1,1,0,447,447,12,10,2,1
"2022-23","13192","Maryland","Abby Meyers",10,1,0,785,785,22,19,3,1
"2022-23","13192","Maryland","Elisa Pinzan",12,1,0,600,600,15,16,-1,1
"2022-23","13192","Maryland","Faith Masonius",13,1,0,600,600,15,16,-1,1
"2022-23","13192","Ohio St.","Rikki Harris",1,1,0,785,785,19,22,-3,1
"2022-23","13192","Ohio St.","Taylor Thierry",2,1,0,447,447,10,12,-2,1
"2022-23","13192","Ohio St.","Eboni Walker",22,1,0,303,303,6,12,-6,1
"2022-23","13192","Ohio St.","Taylor Mikesell",24,1,0,2400,2400,74,76,-2,1
"2022-23","13192","Ohio St.","Cotie McMahon",32,1,0,1153,1153,33,36,-3,1
"2022-23","13192","Maryland","Lavender Briggs",3,1,241,1200,959,30,27,3,0
"2022-23","13192","Ohio St.","Rebeka Mikulasikova",23,1,303,600,297,10,3,7,0
"2022-23","13192","Maryland","Brinae Alexander",5,1,447,1116,669,24,21,3,0
"2022-23","13192","Ohio St.","Emma Shumate",5,1,447,600,153,6,3,3,0
"2022-23","13192","Maryland","Shyanne Sellers",0,2,600,910,310,15,9,6,0
"2022-23","13192","Maryland","Diamond Miller",1,2,600,684,84,2,3,-1,0
"2022-23","13192","Ohio St.","Taylor Thierry",2,2,600,2400,1800,58,61,-3,0
"2022-23","13192","Ohio St.","Eboni Walker",22,2,600,785,185,3,7,-4,0
"2022-23","13192","Maryland","Bri McDaniel",24,1,684,910,226,13,6,7,0
"2022-23","13192","Maryland","Diamond Miller",1,3,785,2110,1325,48,50,-2,0
"2022-23","13192","Ohio St.","Emma Shumate",5,2,785,1108,323,12,14,-2,0
"2022-23","13192","Ohio St.","Rebeka Mikulasikova",23,2,785,1108,323,12,14,-2,0
"2022-23","13192","Maryland","Abby Meyers",10,2,910,1108,198,6,6,0,0
"2022-23","13192","Maryland","Elisa Pinzan",12,2,910,1375,465,16,17,-1,0
"2022-23","13192","Maryland","Faith Masonius",13,2,1108,1153,45,0,2,-2,0
"2022-23","13192","Ohio St.","Rikki Harris",1,2,1108,2400,1292,43,40,3,0
"2022-23","13192","Ohio St.","Eboni Walker",22,3,1108,1200,92,2,2,0,0
"2022-23","13192","Maryland","Abby Meyers",10,3,1116,2400,1284,40,43,-3,0
"2022-23","13192","Maryland","Brinae Alexander",5,2,1153,1200,47,2,0,2,0
"2022-23","13192","Ohio St.","Emma Shumate",5,3,1153,1200,47,0,2,-2,0
"2022-23","13192","Maryland","Shyanne Sellers",0,3,1200,2390,1190,38,41,-3,0
"2022-23","13192","Maryland","Faith Masonius",13,3,1200,1375,175,8,9,-1,0
"2022-23","13192","Ohio St.","Rebeka Mikulasikova",23,3,1200,1375,175,9,8,1,0
"2022-23","13192","Ohio St.","Cotie McMahon",32,2,1200,2400,1200,41,38,3,0
"2022-23","13192","Maryland","Lavender Briggs",3,2,1375,1731,356,10,19,-9,0
"2022-23","13192","Maryland","Brinae Alexander",5,3,1375,2400,1025,30,32,-2,0
"2022-23","13192","Ohio St.","Eboni Walker",22,4,1375,1731,356,19,10,9,0
"2022-23","13192","Maryland","Faith Masonius",13,4,1731,1800,69,2,2,0,0
"2022-23","13192","Ohio St.","Rebeka Mikulasikova",23,4,1731,1800,69,2,2,0,0
"2022-23","13192","Maryland","Lavender Briggs",3,3,1800,2306,506,17,11,6,0
"2022-23","13192","Ohio St.","Eboni Walker",22,5,1800,2118,318,6,12,-6,0
"2022-23","13192","Maryland","Faith Masonius",13,5,2110,2389,279,5,5,0,0
"2022-23","13192","Ohio St.","Rebeka Mikulasikova",23,5,2118,2375,257,5,5,0,0
"2022-23","13192","Maryland","Diamond Miller",1,4,2306,2400,94,1,0,1,0
"2022-23","13192","Ohio St.","Eboni Walker",22,6,2375,2389,14,0,1,-1,0
"2022-23","13192","Maryland","Lavender Briggs",3,4,2389,2400,11,1,0,1,0
"2022-23","13192","Ohio St.","Rebeka Mikulasikova",23,6,2389,2390,1,0,0,0,0
"2022-23","13192","Maryland","Faith Masonius",13,6,2390,2400,10,0,0,0,0
"2022-23","13192","Ohio St.","Eboni Walker",22,7,2390,2395,5,0,0,0,0
"2022-23","13192","Ohio St.","Rebeka Mikulasikova",23,7,2395,2400,5,0,0,0,0
"2022-23","13193","Illinois","Genesis Bryant",1,1,0,1716,1716,44,58,-14,1
"2022-23","13193","Illinois","Makira Cook",3,1,0,2400,2400,58,73,-15,1
"2022-23","13193","Illinois","Jada Peebles",11,1,0,1017,1017,23,35,-12,1
"2022-23","13193","Illinois","Adalia McKenzie",24,1,0,898,898,20,33,-13,1
"2022-23","13193","Illinois","Kendall Bostic",44,1,0,509,509,16,13,3,1
"2022-23","13193","Maryland","Shyanne Sellers",0,1,0,109,109,2,2,0,1
"2022-23","13193","Maryland","Diamond Miller",1,1,0,253,253,4,4,0,1
"2022-23","13193","Maryland","Abby Meyers",10,1,0,536,536,18,16,2,1
"2022-23","13193","Maryland","Elisa Pinzan",12,1,0,221,221,4,4,0,1
"2022-23","13193","Maryland","Faith Masonius",13,1,0,221,221,4,4,0,1
"2022-23","13193","Maryland","Lavender Briggs",3,1,109,410,301,9,9,0,0
"2022-23","13193","Maryland","Shyanne Sellers",0,2,221,352,131,4,3,1,0
"2022-23","13193","Maryland","Brinae Alexander",5,1,221,461,240,7,12,-5,0
"2022-23","13193","Maryland","Bri McDaniel",24,1,253,410,157,7,7,0,0
"2022-23","13193","Maryland","Elisa Pinzan",12,2,352,410,58,3,4,-1,0
"2022-23","13193","Maryland","Shyanne Sellers",0,3,410,1614,1204,43,26,17,0
"2022-23","13193","Maryland","Diamond Miller",1,2,410,1922,1512,53,35,18,0
"2022-23","13193","Maryland","Faith Masonius",13,2,410,898,488,22,9,13,0
"2022-23","13193","Maryland","Bri McDaniel",24,2,461,792,331,17,4,13,0
"2022-23","13193","Illinois","Geovana Lopes",14,1,509,600,91,2,7,-5,0
"2022-23","13193","Maryland","Lavender Briggs",3,2,536,1200,664,23,9,14,0
"2022-23","13193","Illinois","Kendall Bostic",44,2,600,1404,804,16,28,-12,0
"2022-23","13193","Maryland","Abby Meyers",10,2,792,1331,539,15,12,3,0
"2022-23","13193","Illinois","Samantha Dewey",33,1,898,1200,302,5,8,-3,0
"2022-23","13193","Maryland","Brinae Alexander",5,2,898,1104,206,4,3,1,0
"2022-23","13193","Illinois","Adalia McKenzie",24,2,1017,1574,557,14,19,-5,0
"2022-23","13193","Maryland","Bri McDaniel",24,3,1104,1200,96,4,2,2,0
"2022-23","13193","Illinois","Jada Peebles",11,2,1200,2400,1200,33,32,1,0
"2022-23","13193","Maryland","Elisa Pinzan",12,3,1200,1331,131,2,7,-5,0
"2022-23","13193","Maryland","Faith Masonius",13,3,1200,1404,204,7,9,-2,0
"2022-23","13193","Maryland","Lavender Briggs",3,3,1331,1404,73,5,2,3,0
"2022-23","13193","Maryland","Bri McDaniel",24,4,1331,1614,283,11,5,6,0
"2022-23","13193","Illinois","Aicha Ndour",21,1,1404,1443,39,1,2,-1,0
"2022-23","13193","Maryland","Brinae Alexander",5,3,1404,1707,303,8,9,-1,0
"2022-23","13193","Maryland","Abby Meyers",10,3,1404,2059,655,22,16,6,0
"2022-23","13193","Illinois","Kendall Bostic",44,3,1443,2400,957,23,23,0,0
"2022-23","13193","Illinois","Samantha Dewey",33,2,1574,1922,348,9,10,-1,0
"2022-23","13193","Maryland","Lavender Briggs",3,4,1614,1707,93,2,6,-4,0
"2022-23","13193","Maryland","Elisa Pinzan",12,4,1614,2400,786,19,21,-2,0
"2022-23","13193","Maryland","Faith Masonius",13,4,1707,1964,257,12,5,7,0
"2022-23","13193","Maryland","Bri McDaniel",24,5,1707,2400,693,17,15,2,0
"2022-23","13193","Illinois","Adalia McKenzie",24,3,1716,2400,684,14,15,-1,0
"2022-23","13193","Illinois","Genesis Bryant",1,2,1922,2400,478,12,9,3,0
"2022-23","13193","Maryland","Lavender Briggs",3,5,1922,2332,410,9,10,-1,0
"2022-23","13193","Maryland","Brinae Alexander",5,4,1964,2332,368,5,8,-3,0
"2022-23","13193","Maryland","Gia Cooke",11,1,2059,2400,341,3,8,-5,0
"2022-23","13193","Maryland","Ava Sciolla",2,1,2332,2400,68,0,2,-2,0
"2022-23","13193","Maryland","Mila Reynolds",15,1,2332,2400,68,0,2,-2,0
"2022-23","13194","Holy Cross","Addisyn Cross",1,1,0,343,343,0,12,-12,1
"2022-23","13194","Holy Cross","Kaitlyn Flanagan",5,1,0,171,171,0,9,-9,1
"2022-23","13194","Holy Cross","Janelle Allen",10,1,0,235,235,0,9,-9,1
"2022-23","13194","Holy Cross","Bronagh Power-Cassidy",13,1,0,600,600,4,23,-19,1
"2022-23","13194","Holy Cross","Lindsay Berger",35,1,0,145,145,0,7,-7,1
"2022-23","13194","Maryland","Shyanne Sellers",0,1,0,193,193,9,0,9,1
"2022-23","13194","Maryland","Diamond Miller",1,1,0,410,410,14,0,14,1
"2022-23","13194","Maryland","Abby Meyers",10,1,0,276,276,9,0,9,1
"2022-23","13194","Maryland","Elisa Pinzan",12,1,0,600,600,23,4,19,1
"2022-23","13194","Maryland","Faith Masonius",13,1,0,252,252,9,0,9,1
"2022-23","13194","Holy Cross","Simone Foreman",24,1,145,410,265,0,7,-7,0
"2022-23","13194","Holy Cross","Cara McCormack",15,1,171,376,205,0,3,-3,0
"2022-23","13194","Maryland","Lavender Briggs",3,1,193,600,407,14,4,10,0
"2022-23","13194","Holy Cross","Lindsay Berger",35,2,235,410,175,0,5,-5,0
"2022-23","13194","Maryland","Brinae Alexander",5,1,252,600,348,14,4,10,0
"2022-23","13194","Maryland","Bri McDaniel",24,1,276,410,134,5,0,5,0
"2022-23","13194","Holy Cross","Kaitlyn Flanagan",5,2,343,600,257,4,11,-7,0
"2022-23","13194","Holy Cross","Addisyn Cross",1,2,376,684,308,6,18,-12,0
"2022-23","13194","Holy Cross","Janelle Allen",10,2,410,600,190,4,9,-5,0
"2022-23","13194","Holy Cross","Mary-Elizabeth Donnelly",33,1,410,684,274,6,16,-10,0
"2022-23","13194","Maryland","Abby Meyers",10,2,410,974,564,32,15,17,0
"2022-23","13194","Maryland","Faith Masonius",13,2,410,848,438,24,10,14,0
"2022-23","13194","Holy Cross","Cara McCormack",15,2,600,848,248,6,15,-9,0
"2022-23","13194","Holy Cross","Simone Foreman",24,2,600,894,294,7,18,-11,0
"2022-23","13194","Holy Cross","Lindsay Berger",35,3,600,684,84,2,7,-5,0
"2022-23","13194","Maryland","Shyanne Sellers",0,2,600,1036,436,25,13,12,0
"2022-23","13194","Maryland","Diamond Miller",1,2,600,848,248,15,6,9,0
"2022-23","13194","Maryland","Bri McDaniel",24,2,600,684,84,7,2,5,0
"2022-23","13194","Holy Cross","Kaitlyn Flanagan",5,3,684,779,95,2,4,-2,0
"2022-23","13194","Holy Cross","Janelle Allen",10,3,684,894,210,5,11,-6,0
"2022-23","13194","Holy Cross","Bronagh Power-Cassidy",13,2,684,1036,352,11,16,-5,0
"2022-23","13194","Maryland","Lavender Briggs",3,2,684,1200,516,22,15,7,0
"2022-23","13194","Holy Cross","Grace Munt",23,1,779,974,195,7,12,-5,0
"2022-23","13194","Holy Cross","Kaitlyn Flanagan",5,4,848,1124,276,9,13,-4,0
"2022-23","13194","Maryland","Brinae Alexander",5,2,848,1200,352,14,11,3,0
"2022-23","13194","Maryland","Elisa Pinzan",12,2,848,1085,237,10,9,1,0
"2022-23","13194","Holy Cross","Addisyn Cross",1,3,894,1641,747,25,28,-3,0
"2022-23","13194","Holy Cross","Lindsay Berger",35,4,894,1433,539,18,21,-3,0
"2022-23","13194","Holy Cross","Janelle Allen",10,4,974,1433,459,14,16,-2,0
"2022-23","13194","Maryland","Bri McDaniel",24,3,974,1200,226,6,6,0,0
"2022-23","13194","Holy Cross","Simone Foreman",24,3,1036,1200,164,4,6,-2,0
"2022-23","13194","Maryland","Diamond Miller",1,3,1036,1132,96,4,2,2,0
"2022-23","13194","Maryland","Shyanne Sellers",0,3,1085,1433,348,14,10,4,0
"2022-23","13194","Holy Cross","Cara McCormack",15,3,1124,1200,76,2,1,1,0
"2022-23","13194","Maryland","Abby Meyers",10,3,1132,1433,301,10,10,0,0
"2022-23","13194","Holy Cross","Kaitlyn Flanagan",5,5,1200,1517,317,13,12,1,0
"2022-23","13194","Holy Cross","Bronagh Power-Cassidy",13,3,1200,1517,317,13,12,1,0
"2022-23","13194","Maryland","Diamond Miller",1,4,1200,1641,441,17,15,2,0
"2022-23","13194","Maryland","Elisa Pinzan",12,3,1200,1517,317,12,13,-1,0
"2022-23","13194","Maryland","Faith Masonius",13,3,1200,1433,233,10,8,2,0
"2022-23","13194","Holy Cross","Callie Wright",0,1,1433,1641,208,7,7,0,0
"2022-23","13194","Holy Cross","Cara McCormack",15,4,1433,1641,208,7,7,0,0
"2022-23","13194","Maryland","Lavender Briggs",3,3,1433,1800,367,10,12,-2,0
"2022-23","13194","Maryland","Brinae Alexander",5,3,1433,1800,367,10,12,-2,0
"2022-23","13194","Maryland","Bri McDaniel",24,4,1433,1761,328,10,9,1,0
"2022-23","13194","Holy Cross","Simone Foreman",24,4,1517,1800,283,7,8,-1,0
"2022-23","13194","Holy Cross","Mary-Elizabeth Donnelly",33,2,1517,1978,461,14,13,1,0
"2022-23","13194","Maryland","Shyanne Sellers",0,4,1517,1691,174,8,4,4,0
"2022-23","13194","Holy Cross","Kaitlyn Flanagan",5,6,1641,1800,159,5,3,2,0
"2022-23","13194","Holy Cross","Janelle Allen",10,5,1641,1800,159,5,3,2,0
"2022-23","13194","Holy Cross","Bronagh Power-Cassidy",13,4,1641,1800,159,5,3,2,0
"2022-23","13194","Maryland","Elisa Pinzan",12,4,1641,2400,759,24,25,-1,0
"2022-23","13194","Maryland","Gia Cooke",11,1,1691,1800,109,0,3,-3,0
"2022-23","13194","Maryland","Faith Masonius",13,4,1761,1978,217,5,10,-5,0
"2022-23","13194","Holy Cross","Addisyn Cross",1,4,1800,2077,277,10,10,0,0
"2022-23","13194","Holy Cross","Cara McCormack",15,5,1800,2247,447,14,13,1,0
"2022-23","13194","Holy Cross","Grace Munt",23,2,1800,1978,178,7,5,2,0
"2022-23","13194","Holy Cross","Lindsay Berger",35,5,1800,2034,234,9,7,2,0
"2022-23","13194","Maryland","Shyanne Sellers",0,5,1800,1978,178,5,7,-2,0
"2022-23","13194","Maryland","Diamond Miller",1,5,1800,1978,178,5,7,-2,0
"2022-23","13194","Maryland","Abby Meyers",10,4,1800,1978,178,5,7,-2,0
"2022-23","13194","Holy Cross","Bronagh Power-Cassidy",13,5,1978,2247,269,7,8,-1,0
"2022-23","13194","Holy Cross","Simone Foreman",24,5,1978,2247,269,7,8,-1,0
"2022-23","13194","Maryland","Ava Sciolla",2,1,1978,2400,422,16,13,3,0
"2022-23","13194","Maryland","Lavender Briggs",3,4,1978,2117,139,5,3,2,0
"2022-23","13194","Maryland","Brinae Alexander",5,4,1978,2400,422,16,13,3,0
"2022-23","13194","Maryland","Bri McDaniel",24,5,1978,2400,422,16,13,3,0
"2022-23","13194","Holy Cross","Janelle Allen",10,6,2034,2247,213,5,6,-1,0
"2022-23","13194","Holy Cross","Kaitlyn Flanagan",5,7,2077,2247,170,4,3,1,0
"2022-23","13194","Maryland","Gia Cooke",11,2,2117,2400,283,11,10,1,0
"2022-23","13194","Holy Cross","Callie Wright",0,2,2247,2400,153,6,8,-2,0
"2022-23","13194","Holy Cross","Meg Cahalan",4,1,2247,2400,153,6,8,-2,0
"2022-23","13194","Holy Cross","Grace Munt",23,3,2247,2400,153,6,8,-2,0
"2022-23","13194","Holy Cross","Mary-Elizabeth Donnelly",33,3,2247,2400,153,6,8,-2,0
"2022-23","13194","Holy Cross","Lauren Huber",34,1,2247,2400,153,6,8,-2,0
"2022-23","13195","Maryland","Shyanne Sellers",0,1,0,740,740,19,14,5,1
"2022-23","13195","Maryland","Diamond Miller",1,1,0,2243,2243,73,51,22,1
"2022-23","13195","Maryland","Abby Meyers",10,1,0,740,740,19,14,5,1
"2022-23","13195","Maryland","Elisa Pinzan",12,1,0,191,191,7,6,1,1
"2022-23","13195","Maryland","Faith Masonius",13,1,0,31,31,2,0,2,1
"2022-23","13195","Notre Dame","Sonia Citron",11,1,0,2312,2312,54,76,-22,1
"2022-23","13195","Notre Dame","KK Bransford",14,1,0,2400,2400,59,76,-17,1
"2022-23","13195","Notre Dame","Maddy Westbeld",21,1,0,429,429,10,13,-3,1
"2022-23","13195","Notre Dame","Kylee Watson",22,1,0,191,191,6,7,-1,1
"2022-23","13195","Notre Dame","Lauren Ebo",33,1,0,316,316,6,9,-3,1
"2022-23","13195","Maryland","Brinae Alexander",5,1,31,373,342,9,6,3,0
"2022-23","13195","Maryland","Faith Masonius",13,2,191,316,125,2,0,2,0
"2022-23","13195","Notre Dame","Cassandre Prosper",4,1,191,1200,1009,26,24,2,0
"2022-23","13195","Maryland","Lavender Briggs",3,1,316,954,638,10,21,-11,0
"2022-23","13195","Notre Dame","Kylee Watson",22,2,316,687,371,8,10,-2,0
"2022-23","13195","Maryland","Bri McDaniel",24,1,373,600,227,5,8,-3,0
"2022-23","13195","Notre Dame","Lauren Ebo",33,2,429,544,115,2,3,-1,0
"2022-23","13195","Notre Dame","Maddy Westbeld",21,2,544,600,56,2,0,2,0
"2022-23","13195","Maryland","Faith Masonius",13,3,600,1135,535,12,17,-5,0
"2022-23","13195","Notre Dame","Lauren Ebo",33,3,600,762,162,0,3,-3,0
"2022-23","13195","Notre Dame","Maddy Westbeld",21,3,687,1052,365,15,4,11,0
"2022-23","13195","Maryland","Brinae Alexander",5,2,740,867,127,0,7,-7,0
"2022-23","13195","Maryland","Elisa Pinzan",12,2,740,867,127,0,7,-7,0
"2022-23","13195","Notre Dame","Kylee Watson",22,3,762,1008,246,13,3,10,0
"2022-23","13195","Maryland","Shyanne Sellers",0,2,867,1868,1001,40,24,16,0
"2022-23","13195","Maryland","Abby Meyers",10,2,867,1135,268,9,10,-1,0
"2022-23","13195","Maryland","Bri McDaniel",24,2,954,1186,232,12,5,7,0
"2022-23","13195","Notre Dame","Lauren Ebo",33,4,1008,1248,240,5,11,-6,0
"2022-23","13195","Notre Dame","Natalija Marshall",15,1,1052,1200,148,3,8,-5,0
"2022-23","13195","Maryland","Lavender Briggs",3,2,1135,1200,65,3,1,2,0
"2022-23","13195","Maryland","Brinae Alexander",5,3,1135,1529,394,16,11,5,0
"2022-23","13195","Maryland","Abby Meyers",10,3,1186,1344,158,3,2,1,0
"2022-23","13195","Maryland","Faith Masonius",13,4,1200,2025,825,34,15,19,0
"2022-23","13195","Notre Dame","Maddy Westbeld",21,4,1200,1823,623,13,26,-13,0
"2022-23","13195","Notre Dame","Kylee Watson",22,4,1200,1452,252,6,9,-3,0
"2022-23","13195","Notre Dame","Cassandre Prosper",4,2,1248,2400,1152,27,43,-16,0
"2022-23","13195","Maryland","Bri McDaniel",24,3,1344,1522,178,10,8,2,0
"2022-23","13195","Notre Dame","Lauren Ebo",33,5,1452,1597,145,6,10,-4,0
"2022-23","13195","Maryland","Abby Meyers",10,4,1522,2025,503,21,5,16,0
"2022-23","13195","Maryland","Lavender Briggs",3,3,1529,2312,783,32,12,20,0
"2022-23","13195","Notre Dame","Natalija Marshall",15,2,1597,1800,203,1,7,-6,0
"2022-23","13195","Notre Dame","Kylee Watson",22,5,1800,2093,293,4,10,-6,0
"2022-23","13195","Notre Dame","Natalija Marshall",15,3,1823,1947,124,2,6,-4,0
"2022-23","13195","Maryland","Elisa Pinzan",12,3,1868,1898,30,2,2,0,0
"2022-23","13195","Maryland","Shyanne Sellers",0,3,1898,2275,377,13,5,8,0
"2022-23","13195","Notre Dame","Lauren Ebo",33,6,1947,2116,169,2,4,-2,0
"2022-23","13195","Maryland","Brinae Alexander",5,4,2025,2312,287,11,7,4,0
"2022-23","13195","Maryland","Bri McDaniel",24,4,2025,2400,375,11,12,-1,0
"2022-23","13195","Notre Dame","Maddy Westbeld",21,5,2093,2156,63,0,2,-2,0
"2022-23","13195","Notre Dame","Kylee Watson",22,6,2116,2400,284,10,9,1,0
"2022-23","13195","Notre Dame","Natalija Marshall",15,4,2156,2400,244,10,7,3,0
"2022-23","13195","Maryland","Elisa Pinzan",12,4,2243,2400,157,3,8,-5,0
"2022-23","13195","Maryland","Gia Cooke",11,1,2275,2400,125,2,7,-5,0
"2022-23","13195","Maryland","Ava Sciolla",2,1,2312,2400,88,0,5,-5,0
"2022-23","13195","Maryland","Mila Reynolds",15,1,2312,2400,88,0,5,-5,0
"2022-23","13195","Notre Dame","Jenna Brown",0,1,2312,2400,88,5,0,5,0
"2022-23","13530","Iowa","McKenna Warnock",14,1,0,314,314,14,12,2,1
"2022-23","13530","Iowa","Kate Martin",20,1,0,397,397,17,15,2,1
"2022-23","13530","Iowa","Caitlin Clark",22,1,0,502,502,20,19,1,1
"2022-23","13530","Iowa","Gabbie Marshall",24,1,0,314,314,14,12,2,1
"2022-23","13530","Iowa","Monika Czinano",25,1,0,397,397,17,15,2,1
"2022-23","13530","Maryland","Shyanne Sellers",0,1,0,869,869,36,22,14,1
"2022-23","13530","Maryland","Diamond Miller",1,1,0,155,155,5,8,-3,1
"2022-23","13530","Maryland","Abby Meyers",10,1,0,331,331,12,14,-2,1
"2022-23","13530","Maryland","Elisa Pinzan",12,1,0,155,155,5,8,-3,1
"2022-23","13530","Maryland","Faith Masonius",13,1,0,314,314,12,14,-2,1
"2022-23","13530","Maryland","Lavender Briggs",3,1,155,1200,1045,41,20,21,0
"2022-23","13530","Maryland","Brinae Alexander",5,1,155,1020,865,39,18,21,0
"2022-23","13530","Iowa","Molly Davis",1,1,314,445,131,6,3,3,0
"2022-23","13530","Iowa","Hannah Stuelke",45,1,314,502,188,6,7,-1,0
"2022-23","13530","Maryland","Diamond Miller",1,2,314,633,319,10,6,4,0
"2022-23","13530","Maryland","Faith Masonius",13,2,331,600,269,7,6,1,0
"2022-23","13530","Iowa","Sydney Affolter",3,1,397,502,105,3,4,-1,0
"2022-23","13530","Iowa","McKenna Warnock",14,2,397,1117,720,11,29,-18,0
"2022-23","13530","Iowa","Gabbie Marshall",24,2,445,869,424,2,21,-19,0
"2022-23","13530","Iowa","Molly Davis",1,2,502,529,27,0,0,0,0
"2022-23","13530","Iowa","Kate Martin",20,2,502,869,367,2,17,-15,0
"2022-23","13530","Iowa","Monika Czinano",25,2,502,1055,553,8,25,-17,0
"2022-23","13530","Iowa","Caitlin Clark",22,2,529,1933,1404,31,58,-27,0
"2022-23","13530","Maryland","Abby Meyers",10,2,600,1372,772,37,18,19,0
"2022-23","13530","Maryland","Faith Masonius",13,3,633,1055,422,22,8,14,0
"2022-23","13530","Iowa","Molly Davis",1,3,869,987,118,2,8,-6,0
"2022-23","13530","Iowa","Sydney Affolter",3,2,869,1200,331,6,10,-4,0
"2022-23","13530","Maryland","Elisa Pinzan",12,2,869,922,53,3,2,1,0
"2022-23","13530","Maryland","Shyanne Sellers",0,2,922,1084,162,5,4,1,0
"2022-23","13530","Iowa","Taylor McCabe",2,1,987,1200,213,4,2,2,0
"2022-23","13530","Maryland","Bri McDaniel",24,1,1020,1091,71,0,2,-2,0
"2022-23","13530","Iowa","Hannah Stuelke",45,2,1055,1200,145,0,2,-2,0
"2022-23","13530","Maryland","Brinae Alexander",5,2,1055,1200,145,2,0,2,0
"2022-23","13530","Maryland","Elisa Pinzan",12,3,1084,1348,264,10,8,2,0
"2022-23","13530","Maryland","Faith Masonius",13,4,1091,2216,1125,45,34,11,0
"2022-23","13530","Iowa","Monika Czinano",25,3,1117,1651,534,17,22,-5,0
"2022-23","13530","Iowa","McKenna Warnock",14,3,1200,1348,148,8,8,0,0
"2022-23","13530","Iowa","Kate Martin",20,3,1200,1436,236,10,16,-6,0
"2022-23","13530","Iowa","Gabbie Marshall",24,3,1200,2204,1004,34,43,-9,0
"2022-23","13530","Maryland","Shyanne Sellers",0,3,1200,1800,600,27,21,6,0
"2022-23","13530","Maryland","Diamond Miller",1,3,1200,2310,1110,50,39,11,0
"2022-23","13530","Iowa","Sydney Affolter",3,3,1348,1933,585,15,23,-8,0
"2022-23","13530","Maryland","Lavender Briggs",3,2,1348,1989,641,23,15,8,0
"2022-23","13530","Maryland","Brinae Alexander",5,3,1372,1800,428,17,11,6,0
"2022-23","13530","Iowa","McKenna Warnock",14,4,1436,1651,215,7,4,3,0
"2022-23","13530","Iowa","Kate Martin",20,4,1651,2062,411,9,16,-7,0
"2022-23","13530","Iowa","Hannah Stuelke",45,3,1651,1800,149,4,7,-3,0
"2022-23","13530","Iowa","Monika Czinano",25,4,1800,2062,262,5,9,-4,0
"2022-23","13530","Maryland","Abby Meyers",10,3,1800,2336,536,23,18,5,0
"2022-23","13530","Maryland","Elisa Pinzan",12,4,1800,1933,133,4,2,2,0
"2022-23","13530","Iowa","Molly Davis",1,4,1933,2062,129,3,5,-2,0
"2022-23","13530","Iowa","McKenna Warnock",14,5,1933,2194,261,9,12,-3,0
"2022-23","13530","Maryland","Shyanne Sellers",0,4,1933,2297,364,17,16,1,0
"2022-23","13530","Maryland","Brinae Alexander",5,4,1989,2336,347,19,16,3,0
"2022-23","13530","Iowa","Sydney Affolter",3,4,2062,2400,338,14,14,0,0
"2022-23","13530","Iowa","Caitlin Clark",22,3,2062,2194,132,6,7,-1,0
"2022-23","13530","Iowa","Hannah Stuelke",45,4,2062,2400,338,14,14,0,0
"2022-23","13530","Iowa","Molly Davis",1,5,2194,2400,206,8,7,1,0
"2022-23","13530","Iowa","Monika Czinano",25,5,2194,2310,116,7,7,0,0
"2022-23","13530","Iowa","Caitlin Clark",22,4,2204,2297,93,5,5,0,0
"2022-23","13530","Maryland","Lavender Briggs",3,3,2216,2400,184,7,6,1,0
"2022-23","13530","Iowa","Taylor McCabe",2,2,2297,2400,103,1,2,-1,0
"2022-23","13530","Maryland","Elisa Pinzan",12,5,2297,2400,103,2,1,1,0
"2022-23","13530","Iowa","Addison O'Grady",44,1,2310,2400,90,1,0,1,0
"2022-23","13530","Maryland","Bri McDaniel",24,2,2310,2400,90,0,1,-1,0
"2022-23","13530","Maryland","Ava Sciolla",2,1,2336,2400,64,0,1,-1,0
"2022-23","13530","Maryland","Mila Reynolds",15,1,2336,2400,64,0,1,-1,0
"2022-23","13547","Iowa","McKenna Warnock",14,1,0,305,305,19,9,10,1
"2022-23","13547","Iowa","Kate Martin",20,1,0,305,305,19,9,10,1
"2022-23","13547","Iowa","Caitlin Clark",22,1,0,393,393,21,12,9,1
"2022-23","13547","Iowa","Gabbie Marshall",24,1,0,247,247,14,9,5,1
"2022-23","13547","Iowa","Monika Czinano",25,1,0,247,247,14,9,5,1
"2022-23","13547","Maryland","Shyanne Sellers",0,1,0,330,330,9,21,-12,1
"2022-23","13547","Maryland","Diamond Miller",1,1,0,269,269,9,17,-8,1
"2022-23","13547","Maryland","Abby Meyers",10,1,0,133,133,4,7,-3,1
"2022-23","13547","Maryland","Elisa Pinzan",12,1,0,127,127,4,5,-1,1
"2022-23","13547","Maryland","Faith Masonius",13,1,0,195,195,7,11,-4,1
"2022-23","13547","Maryland","Lavender Briggs",3,1,127,565,438,14,21,-7,0
"2022-23","13547","Maryland","Brinae Alexander",5,1,133,984,851,32,33,-1,0
"2022-23","13547","Maryland","Bri McDaniel",24,1,195,286,91,2,8,-6,0
"2022-23","13547","Iowa","Molly Davis",1,1,247,286,39,5,0,5,0
"2022-23","13547","Iowa","Hannah Stuelke",45,1,247,374,127,7,3,4,0
"2022-23","13547","Maryland","Faith Masonius",13,2,269,600,331,9,9,0,0
"2022-23","13547","Iowa","Gabbie Marshall",24,2,286,2400,2114,70,75,-5,0
"2022-23","13547","Maryland","Diamond Miller",1,2,286,879,593,24,21,3,0
"2022-23","13547","Iowa","Sydney Affolter",3,1,305,360,55,2,2,0,0
"2022-23","13547","Iowa","Monika Czinano",25,2,305,1131,826,28,33,-5,0
"2022-23","13547","Maryland","Abby Meyers",10,2,330,2400,2070,75,68,7,0
"2022-23","13547","Iowa","Kate Martin",20,2,360,671,311,8,10,-2,0
"2022-23","13547","Iowa","McKenna Warnock",14,2,374,686,312,8,11,-3,0
"2022-23","13547","Iowa","Molly Davis",1,2,393,565,172,5,6,-1,0
"2022-23","13547","Iowa","Caitlin Clark",22,2,565,1131,566,21,24,-3,0
"2022-23","13547","Maryland","Bri McDaniel",24,2,565,729,164,7,3,4,0
"2022-23","13547","Maryland","Shyanne Sellers",0,2,600,1131,531,24,21,3,0
"2022-23","13547","Iowa","Sydney Affolter",3,2,671,686,15,0,2,-2,0
"2022-23","13547","Iowa","Molly Davis",1,3,686,947,261,11,13,-2,0
"2022-23","13547","Iowa","Kate Martin",20,3,686,984,298,11,13,-2,0
"2022-23","13547","Maryland","Lavender Briggs",3,2,729,1200,471,17,18,-1,0
"2022-23","13547","Maryland","Faith Masonius",13,3,879,1740,861,26,22,4,0
"2022-23","13547","Iowa","Sydney Affolter",3,3,947,1200,253,7,6,1,0
"2022-23","13547","Iowa","Hannah Stuelke",45,2,984,1162,178,7,6,1,0
"2022-23","13547","Maryland","Diamond Miller",1,3,984,1131,147,6,7,-1,0
"2022-23","13547","Iowa","Molly Davis",1,4,1131,1162,31,0,0,0,0
"2022-23","13547","Iowa","Kate Martin",20,4,1131,1721,590,14,15,-1,0
"2022-23","13547","Maryland","Brinae Alexander",5,2,1131,1200,69,0,0,0,0
"2022-23","13547","Maryland","Elisa Pinzan",12,2,1131,1195,64,0,0,0,0
"2022-23","13547","Iowa","Caitlin Clark",22,3,1162,2400,1238,42,42,0,0
"2022-23","13547","Iowa","Monika Czinano",25,3,1162,1477,315,10,9,1,0
"2022-23","13547","Maryland","Bri McDaniel",24,3,1195,1200,5,0,0,0,0
"2022-23","13547","Iowa","McKenna Warnock",14,3,1200,2400,1200,42,42,0,0
"2022-23","13547","Maryland","Shyanne Sellers",0,3,1200,1671,471,15,14,1,0
"2022-23","13547","Maryland","Diamond Miller",1,4,1200,1339,139,5,5,0,0
"2022-23","13547","Maryland","Elisa Pinzan",12,3,1200,1339,139,5,5,0,0
"2022-23","13547","Maryland","Lavender Briggs",3,3,1339,2052,713,21,24,-3,0
"2022-23","13547","Maryland","Brinae Alexander",5,3,1339,1477,138,4,5,-1,0
"2022-23","13547","Iowa","Hannah Stuelke",45,3,1477,1489,12,0,2,-2,0
"2022-23","13547","Maryland","Bri McDaniel",24,4,1477,1599,122,4,4,0,0
"2022-23","13547","Iowa","Addison O'Grady",44,1,1489,1527,38,0,2,-2,0
"2022-23","13547","Iowa","Monika Czinano",25,4,1527,2400,873,32,29,3,0
"2022-23","13547","Maryland","Diamond Miller",1,5,1599,2400,801,29,28,1,0
"2022-23","13547","Maryland","Brinae Alexander",5,4,1671,1800,129,4,3,1,0
"2022-23","13547","Iowa","Sydney Affolter",3,4,1721,1800,79,3,4,-1,0
"2022-23","13547","Maryland","Shyanne Sellers",0,4,1740,2400,660,25,27,-2,0
"2022-23","13547","Iowa","Kate Martin",20,5,1800,1959,159,4,4,0,0
"2022-23","13547","Maryland","Faith Masonius",13,4,1800,2365,565,18,21,-3,0
"2022-23","13547","Iowa","Sydney Affolter",3,5,1959,2149,190,8,5,3,0
"2022-23","13547","Maryland","Brinae Alexander",5,5,2052,2219,167,7,3,4,0
"2022-23","13547","Iowa","Kate Martin",20,6,2149,2400,251,13,14,-1,0
"2022-23","13547","Maryland","Lavender Briggs",3,4,2219,2355,136,4,6,-2,0
"2022-23","13547","Maryland","Brinae Alexander",5,6,2355,2365,10,0,0,0,0
"2022-23","13547","Maryland","Lavender Briggs",3,5,2365,2400,35,5,4,1,0
"2022-23","13547","Maryland","Brinae Alexander",5,7,2365,2375,10,5,0,5,0
"2022-23","13547","Maryland","Bri McDaniel",24,5,2365,2378,13,5,0,5,0
"2022-23","13547","Maryland","Faith Masonius",13,5,2378,2400,22,0,4,-4,0
"2022-23","13554","Arizona","Shaina Pellington",1,1,0,433,433,6,12,-6,1
"2022-23","13554","Arizona","Esmery Martinez",12,1,0,149,149,0,6,-6,1
"2022-23","13554","Arizona","Lauren Fields",23,1,0,521,521,8,14,-6,1
"2022-23","13554","Arizona","Cate Reese",25,1,0,521,521,8,14,-6,1
"2022-23","13554","Arizona","Jade Loville",30,1,0,304,304,2,12,-10,1
"2022-23","13554","Maryland","Shyanne Sellers",0,1,0,521,521,14,8,6,1
"2022-23","13554","Maryland","Diamond Miller",1,1,0,433,433,12,6,6,1
"2022-23","13554","Maryland","Abby Meyers",10,1,0,304,304,12,2,10,1
"2022-23","13554","Maryland","Elisa Pinzan",12,1,0,304,304,12,2,10,1
"2022-23","13554","Maryland","Faith Masonius",13,1,0,521,521,14,8,6,1
"2022-23","13554","Arizona","Helena Pueyo",13,1,149,1200,1051,33,26,7,0
"2022-23","13554","Arizona","Esmery Martinez",12,2,304,1011,707,22,15,7,0
"2022-23","13554","Maryland","Lavender Briggs",3,1,304,433,129,0,4,-4,0
"2022-23","13554","Maryland","Brinae Alexander",5,1,304,941,637,13,18,-5,0
"2022-23","13554","Arizona","Paris Clark",22,1,433,1200,767,27,20,7,0
"2022-23","13554","Maryland","Abby Meyers",10,2,433,941,508,13,14,-1,0
"2022-23","13554","Maryland","Bri McDaniel",24,1,433,600,167,5,2,3,0
"2022-23","13554","Arizona","Shaina Pellington",1,2,521,1178,657,25,18,7,0
"2022-23","13554","Arizona","Madison Conner",4,1,521,600,79,0,3,-3,0
"2022-23","13554","Maryland","Diamond Miller",1,2,521,1854,1333,49,34,15,0
"2022-23","13554","Maryland","Elisa Pinzan",12,2,521,600,79,3,0,3,0
"2022-23","13554","Arizona","Cate Reese",25,2,600,2192,1592,47,56,-9,0
"2022-23","13554","Maryland","Shyanne Sellers",0,2,600,731,131,5,4,1,0
"2022-23","13554","Maryland","Faith Masonius",13,2,600,1611,1011,32,29,3,0
"2022-23","13554","Maryland","Elisa Pinzan",12,3,731,1135,404,7,21,-14,0
"2022-23","13554","Maryland","Lavender Briggs",3,2,941,988,47,0,4,-4,0
"2022-23","13554","Maryland","Bri McDaniel",24,2,941,988,47,0,4,-4,0
"2022-23","13554","Maryland","Brinae Alexander",5,2,988,1496,508,18,11,7,0
"2022-23","13554","Maryland","Abby Meyers",10,3,988,1658,670,28,14,14,0
"2022-23","13554","Arizona","Lauren Fields",23,2,1011,1305,294,9,7,2,0
"2022-23","13554","Maryland","Shyanne Sellers",0,3,1135,1178,43,3,0,3,0
"2022-23","13554","Arizona","Jade Loville",30,2,1178,1305,127,0,2,-2,0
"2022-23","13554","Maryland","Lavender Briggs",3,3,1178,1200,22,0,0,0,0
"2022-23","13554","Arizona","Shaina Pellington",1,3,1200,1383,183,0,7,-7,0
"2022-23","13554","Arizona","Esmery Martinez",12,3,1200,1431,231,0,7,-7,0
"2022-23","13554","Maryland","Shyanne Sellers",0,4,1200,1689,489,23,6,17,0
"2022-23","13554","Arizona","Helena Pueyo",13,2,1305,1658,353,5,19,-14,0
"2022-23","13554","Arizona","Paris Clark",22,2,1305,1917,612,12,32,-20,0
"2022-23","13554","Arizona","Lauren Fields",23,3,1383,1513,130,2,4,-2,0
"2022-23","13554","Arizona","Kailyn Gilbert",15,1,1431,1611,180,4,10,-6,0
"2022-23","13554","Maryland","Lavender Briggs",3,4,1496,2400,904,34,29,5,0
"2022-23","13554","Arizona","Madison Conner",4,2,1513,1702,189,5,14,-9,0
"2022-23","13554","Arizona","Jade Loville",30,3,1611,1800,189,5,12,-7,0
"2022-23","13554","Maryland","Brinae Alexander",5,3,1611,2353,742,26,25,1,0
"2022-23","13554","Arizona","Shaina Pellington",1,4,1658,1952,294,7,13,-6,0
"2022-23","13554","Maryland","Faith Masonius",13,3,1658,2292,634,22,23,-1,0
"2022-23","13554","Maryland","Elisa Pinzan",12,4,1689,1800,111,6,3,3,0
"2022-23","13554","Arizona","Esmery Martinez",12,4,1702,2400,698,24,20,4,0
"2022-23","13554","Arizona","Lauren Fields",23,4,1800,2400,600,22,16,6,0
"2022-23","13554","Maryland","Shyanne Sellers",0,5,1800,1952,152,5,3,2,0
"2022-23","13554","Maryland","Abby Meyers",10,4,1854,1963,109,3,3,0,0
"2022-23","13554","Arizona","Jade Loville",30,4,1917,2037,120,2,1,1,0
"2022-23","13554","Arizona","Kailyn Gilbert",15,2,1952,2053,101,4,1,3,0
"2022-23","13554","Maryland","Diamond Miller",1,3,1952,2349,397,9,17,-8,0
"2022-23","13554","Maryland","Shyanne Sellers",0,6,1963,2053,90,1,4,-3,0
"2022-23","13554","Arizona","Helena Pueyo",13,3,2037,2400,363,17,10,7,0
"2022-23","13554","Arizona","Shaina Pellington",1,5,2053,2349,296,13,8,5,0
"2022-23","13554","Maryland","Elisa Pinzan",12,5,2053,2349,296,8,13,-5,0
"2022-23","13554","Arizona","Paris Clark",22,3,2192,2400,208,9,4,5,0
"2022-23","13554","Maryland","Shyanne Sellers",0,7,2292,2400,108,2,3,-1,0
"2022-23","13554","Arizona","Kailyn Gilbert",15,3,2349,2400,51,2,2,0,0
"2022-23","13554","Maryland","Ava Sciolla",2,1,2349,2400,51,2,2,0,0
"2022-23","13554","Maryland","Gia Cooke",11,1,2349,2400,51,2,2,0,0
"2022-23","13554","Maryland","Mila Reynolds",15,1,2353,2400,47,2,2,0,0
"2022-23","13558","Maryland","Shyanne Sellers",0,1,0,226,226,5,8,-3,1
"2022-23","13558","Maryland","Diamond Miller",1,1,0,179,179,5,6,-1,1
"2022-23","13558","Maryland","Abby Meyers",10,1,0,414,414,14,13,1,1
"2022-23","13558","Maryland","Elisa Pinzan",12,1,0,82,82,4,2,2,1
"2022-23","13558","Maryland","Faith Masonius",13,1,0,600,600,21,15,6,1
"2022-23","13558","South Carolina","Zia Cooke",1,1,0,600,600,15,21,-6,1
"2022-23","13558","South Carolina","Aliyah Boston",4,1,0,414,414,13,14,-1,1
"2022-23","13558","South Carolina","Victaria Saxton",5,1,0,414,414,13,14,-1,1
"2022-23","13558","South Carolina","Brea Beal",12,1,0,414,414,13,14,-1,1
"2022-23","13558","South Carolina","Kierra Fletcher",41,1,0,414,414,13,14,-1,1
"2022-23","13558","Maryland","Brinae Alexander",5,1,82,90,8,0,0,0,0
"2022-23","13558","Maryland","Lavender Briggs",3,1,90,614,524,17,13,4,0
"2022-23","13558","Maryland","Bri McDaniel",24,1,179,490,311,14,9,5,0
"2022-23","13558","Maryland","Elisa Pinzan",12,2,226,600,374,16,7,9,0
"2022-23","13558","Maryland","Diamond Miller",1,2,414,588,174,5,2,3,0
"2022-23","13558","South Carolina","Kamilla Cardoso",10,1,414,600,186,2,7,-5,0
"2022-23","13558","South Carolina","Laeticia Amihere",15,1,414,635,221,4,7,-3,0
"2022-23","13558","South Carolina","Bree Hall",23,1,414,600,186,2,7,-5,0
"2022-23","13558","South Carolina","Raven Johnson",25,1,414,1200,786,25,16,9,0
"2022-23","13558","Maryland","Abby Meyers",10,2,490,1435,945,17,31,-14,0
"2022-23","13558","Maryland","Bri McDaniel",24,2,588,615,27,2,0,2,0
"2022-23","13558","Maryland","Shyanne Sellers",0,2,600,659,59,0,4,-4,0
"2022-23","13558","Maryland","Brinae Alexander",5,2,600,747,147,2,5,-3,0
"2022-23","13558","South Carolina","Aliyah Boston",4,2,600,2140,1540,64,42,22,0
"2022-23","13558","South Carolina","Brea Beal",12,2,600,1654,1054,41,24,17,0
"2022-23","13558","South Carolina","Kierra Fletcher",41,2,600,857,257,6,2,4,0
"2022-23","13558","Maryland","Faith Masonius",13,2,614,857,243,2,6,-4,0
"2022-23","13558","Maryland","Diamond Miller",1,3,615,685,70,0,4,-4,0
"2022-23","13558","South Carolina","Victaria Saxton",5,2,635,1506,871,31,17,14,0
"2022-23","13558","Maryland","Elisa Pinzan",12,3,659,1324,665,11,23,-12,0
"2022-23","13558","Maryland","Lavender Briggs",3,2,685,1200,515,9,19,-10,0
"2022-23","13558","Maryland","Bri McDaniel",24,3,747,909,162,0,4,-4,0
"2022-23","13558","Maryland","Brinae Alexander",5,3,857,1071,214,5,11,-6,0
"2022-23","13558","South Carolina","Zia Cooke",1,2,857,1800,943,41,27,14,0
"2022-23","13558","Maryland","Gia Cooke",11,1,909,1200,291,7,14,-7,0
"2022-23","13558","Maryland","Bri McDaniel",24,4,1071,1200,129,2,6,-4,0
"2022-23","13558","Maryland","Shyanne Sellers",0,3,1200,2400,1200,45,48,-3,0
"2022-23","13558","Maryland","Diamond Miller",1,4,1200,2331,1131,42,48,-6,0
"2022-23","13558","Maryland","Faith Masonius",13,3,1200,1422,222,6,8,-2,0
"2022-23","13558","South Carolina","Kierra Fletcher",41,3,1200,1506,306,10,8,2,0
"2022-23","13558","Maryland","Brinae Alexander",5,4,1324,1800,476,18,20,-2,0
"2022-23","13558","Maryland","Lavender Briggs",3,3,1422,2400,978,39,40,-1,0
"2022-23","13558","Maryland","Elisa Pinzan",12,4,1435,1654,219,9,10,-1,0
"2022-23","13558","South Carolina","Kamilla Cardoso",10,2,1506,2331,825,38,34,4,0
"2022-23","13558","South Carolina","Raven Johnson",25,2,1506,2109,603,29,25,4,0
"2022-23","13558","Maryland","Faith Masonius",13,4,1654,2140,486,18,23,-5,0
"2022-23","13558","South Carolina","Bree Hall",23,2,1654,2224,570,28,22,6,0
"2022-23","13558","Maryland","Abby Meyers",10,3,1800,1963,163,7,9,-2,0
"2022-23","13558","South Carolina","Brea Beal",12,3,1800,2237,437,24,17,7,0
"2022-23","13558","Maryland","Brinae Alexander",5,5,1963,2400,437,18,15,3,0
"2022-23","13558","South Carolina","Zia Cooke",1,3,2109,2331,222,9,9,0,0
"2022-23","13558","Maryland","Gia Cooke",11,2,2140,2400,260,12,7,5,0
"2022-23","13558","South Carolina","Laeticia Amihere",15,2,2140,2331,191,7,9,-2,0
"2022-23","13558","South Carolina","Raven Johnson",25,3,2224,2331,107,2,5,-3,0
"2022-23","13558","South Carolina","Victaria Saxton",5,3,2237,2331,94,0,5,-5,0
"2022-23","13558","Maryland","Elisa Pinzan",12,5,2331,2374,43,3,0,3,0
"2022-23","13558","South Carolina","Olivia Thompson",0,1,2331,2400,69,0,3,-3,0
"2022-23","13558","South Carolina","Ashlyn Watkins",2,1,2331,2400,69,0,3,-3,0
"2022-23","13558","South Carolina","Talaysia Cooper",11,1,2331,2400,69,0,3,-3,0
"2022-23","13558","South Carolina","Sania Feagin",20,1,2331,2400,69,0,3,-3,0
"2022-23","13558","South Carolina","Chloe Kitts",21,1,2331,2400,69,0,3,-3,0
"2022-23","13558","Maryland","Ava Sciolla",2,1,2374,2400,26,0,0,0,0
